origin_idx,h,fold,y_true,pred_HistGBM,pred_RandomForest,pred_ExtraTrees,pred_ElasticNet,pred_BayesianRidge,pred_kNN,pred_FlowConc,pred_Naive,pred_SeasonalNaive,pred_FlowAnchor,pred_Stack
730,1,0,9478.6615,9150.843332405402,9322.01070536035,9178.414268731482,8277.7841796875,8137.62255859375,8790.49082642513,7246.535745355883,9444.4905,8138.304583333333,9444.4905,8597.463144303227
730,2,0,8828.623,9114.838112903184,9356.86752545658,9110.206738078703,8278.259765625,8134.83349609375,8686.137835279003,7150.744993854289,9444.4905,8138.304583333333,9444.4905,8546.002426304181
731,1,0,8828.623,9351.13672230833,8756.841916195272,9363.15978167014,8451.5234375,7583.1318359375,9031.930942521647,7439.7443391494635,9478.6615,8213.820466666666,9478.6615,8790.53338701223
732,3,0,9166.597,7938.202379067263,6645.283085219407,7564.58813462037,8273.25,5813.04150390625,7882.066870018375,7420.84667980859,8828.623,8246.467933333333,8828.623,7743.844765434411
733,2,0,9166.597,7026.89883136084,7529.756878708333,7046.650945234954,7983.330078125,4550.359375,7805.587492074828,7505.355391399271,8828.623,8243.38765,7750.499,7318.500230996648
733,3,0,8918.863,6958.154833470867,7440.793558162037,7022.695217827546,7983.80517578125,4547.5703125,7769.479967671452,7457.674301290998,8828.623,8243.38765,7750.499,7283.253751640969
734,1,0,9166.597,8657.271363794083,9065.990383696926,8873.239815510418,8591.4892578125,5942.6728515625,7737.726071179985,7762.232461231236,8828.623,8297.844783333334,9528.481000000002,8512.878153848349
734,2,0,8918.863,8649.100148097463,9070.643425069942,8857.566729815973,8591.96484375,5939.8837890625,7786.365946610569,7555.544005779704,8828.623,8297.844783333334,9528.481000000002,8468.744017376686
734,3,0,9114.864,8510.251836017082,8968.682893694942,8718.041607964122,8592.439453125,5937.0947265625,7698.973228503212,7584.6050411775705,8828.623,8297.844783333334,9528.481000000002,8385.69098671531
735,1,0,8918.863,8310.317428466555,7937.785720058696,8456.393893873843,8334.84375,6404.171875,7678.930255949297,8660.419188277032,9166.597,8333.683716666666,9166.597,8388.013241397995
735,2,0,9114.864,8198.022454262167,7917.213762466104,8354.395686336806,8335.3193359375,6401.3828125,7707.97619152222,8382.567629673504,9166.597,8333.683716666666,9166.597,8271.983974707817
735,3,0,9073.308,8120.693703001684,7652.20084408416,8208.248412934028,8335.7939453125,6398.59375,7675.665353951614,8320.42450273658,9166.597,8333.683716666666,9166.597,8186.672573670594
736,1,0,9114.864,9059.023223227032,8257.73643464236,8295.380041131944,8357.240234375,8344.2802734375,8429.107923090985,9003.07686518351,8918.863,8334.863650000001,8918.863,8603.298906617525
736,2,0,9073.308,8887.736532723207,8197.208355321924,8280.388034523148,8357.71484375,8341.4912109375,8397.243142576232,8834.391105417606,8918.863,8334.863650000001,8918.863,8523.124206295543
736,3,0,9133.984,8795.194058211153,7993.494247366566,8154.0461109351845,8358.189453125,8338.701171875,8417.910343905025,8738.251707113553,8918.863,8334.863650000001,8918.863,8435.175094397177
737,1,0,9073.308,8689.433771770637,8460.451231249503,8656.356658479166,8438.6806640625,7392.15087890625,8219.116706345994,8653.853783183042,9114.864,8354.6468,9114.864,8586.605347845616
737,2,0,9133.984,8569.722599544528,8401.222494518848,8599.442019104166,8439.15625,7389.361328125,8194.235272010688,8485.254146243276,9114.864,8354.6468,9114.864,8504.500528190449
738,1,0,9133.984,8715.453374736102,8565.170517673943,8686.787902291668,8632.2060546875,8400.078125,8343.630127780149,8540.660069836764,9073.308,8369.2799,9073.308,8629.597880404446
739,3,0,8013.87,8566.293849209746,8468.312518375827,8648.467875414352,8629.90234375,7982.134765625,8346.027680373169,8717.460449881251,9133.984,8380.66125,9133.984,8603.80939738716
740,2,0,8013.87,8926.996993226467,9158.292727405093,9011.496098715277,8810.966796875,8480.3974609375,8364.992816210632,8772.531599351816,9133.984,8401.627316666667,9586.832,8859.851131099887
740,3,0,8370.716,8848.779886317836,8973.175527920635,8877.075371574074,8811.4423828125,8477.6083984375,8377.32468430773,8623.130586988353,9133.984,8401.627316666667,9586.832,8763.33371737996
741,1,0,8013.87,9032.076445967086,8862.808042899864,9026.478824175927,8751.580078125,7988.55908203125,8387.920782254361,9031.353758421426,9133.984,8399.231749999999,9454.032000000001,8932.270930332179
741,2,0,8370.716,8964.923170169766,8806.8358226869,8917.913748287037,8752.0556640625,7985.77001953125,8394.803375868549,8898.752763945471,9133.984,8399.231749999999,9454.032000000001,8851.194600542558
741,3,0,8675.014,8610.646367866799,8610.048565448142,8760.62630314815,8752.5302734375,7982.98095703125,8367.821624722053,8729.217803218467,9133.984,8399.231749999999,9454.032000000001,8669.960278793813
742,1,0,8370.716,8036.097180363477,7544.602621828539,7661.369314192129,7798.23193359375,7073.71728515625,8382.144875481734,8105.997165717187,8013.87,8357.716966666667,8013.87,7866.23984737679
742,2,0,8675.014,7830.255538011302,7506.080545640708,7551.728311203704,7798.70654296875,7070.927734375,8376.755465152928,8031.893371323063,8013.87,8357.716966666667,8013.87,7758.503348100731
742,3,0,8754.153,7851.268941499707,7417.4522543243565,7530.601058215278,7799.181640625,7068.138671875,8370.060676206405,8009.979082465144,8013.87,8357.716966666667,8013.87,7752.4688084107665
743,1,0,8675.014,8547.414809378377,8172.313591269345,8143.661227293982,7915.353515625,8277.9794921875,8262.11978069765,8634.512357274347,8370.716,8326.127316666667,8370.716,8278.950604709991
743,2,0,8754.153,8283.63957835756,8124.776841924438,8098.5230498171295,7915.82861328125,8275.1904296875,8274.429294511554,8525.86528291507,8370.716,8326.127316666667,8370.716,8173.786363025415
743,3,0,8472.7965,8154.043971909285,8111.537978130276,8082.163880395833,7916.3037109375,8272.4013671875,8255.378089507532,8580.849241618034,8370.716,8326.127316666667,8370.716,8143.34686601934
744,1,0,8754.153,8580.084165308403,8469.326251997189,8453.557089814814,7927.45849609375,7667.39892578125,8232.868559919563,8555.971788323366,8675.014,8304.575283333334,8675.014,8375.15379724832
744,2,0,8472.7965,8440.551181318737,8459.941021481976,8409.38176611111,7927.93359375,7664.60986328125,8205.963064543854,8420.37652204987,8675.014,8304.575283333334,8675.014,8298.34039997169
745,1,0,8472.7965,8456.084019635748,8550.399778719622,8579.641086018519,8210.876953125,8253.869140625,7910.418103338731,8461.633888658247,8754.153,8273.465383333332,8754.153,8429.772769248999
747,3,0,8299.7225,8063.857500362658,7941.633554001819,7850.666360888889,7986.29296875,7682.822265625,7987.712879120826,7942.173769255129,8472.7965,8206.9536,8124.914000000001,7946.800285643471
748,2,0,8299.7225,8028.427452372426,7768.908818908383,7598.893892474537,7839.5029296875,7721.13623046875,7841.809518545111,7686.466357878193,8472.7965,8169.392166666667,7766.899,7784.680254597514
748,3,0,8572.7025,7984.868985883832,7757.046013889633,7609.445088349537,7839.97802734375,7718.34716796875,7756.532396553415,7783.534577541244,8472.7965,8169.392166666667,7766.899,7794.25799545258
749,1,0,8299.7225,7941.482164977321,7710.882175133415,7647.025064071759,7670.87841796875,8116.82373046875,7566.63969216952,7727.493878020203,8472.7965,8150.793850000001,7669.6269999999995,7754.519195935008
749,2,0,8572.7025,7977.076187240009,7717.469689606299,7579.18874830787,7671.353515625,8114.03466796875,7627.321151652588,7843.202863925624,8472.7965,8150.793850000001,7669.6269999999995,7759.178810583175
749,3,0,8567.1,7893.340404839759,7692.674458623759,7573.034945231481,7671.828125,8111.2451171875,7567.974428171225,7939.204698991451,8472.7965,8150.793850000001,7669.6269999999995,7751.798630884333
750,1,0,8572.7025,8433.024726000254,8199.484909525363,8287.336102486111,7835.41552734375,8439.974609375,7758.144098542725,8195.756255924136,8299.7225,8239.13695,8299.7225,8209.16958698194
750,2,0,8567.1,8239.340433859095,8191.127007887632,8259.334701895834,7835.890625,8437.1845703125,7733.280364701671,8118.143764216627,8299.7225,8239.13695,8299.7225,8134.262383347891
751,1,0,8567.1,8357.580425602942,8306.327529363243,8427.9012104375,8097.70947265625,8818.162109375,7970.583516309515,9089.959630846326,8572.7025,8260.859699999999,8572.7025,8442.169747254766
754,3,0,7835.3145,8182.277065727432,8279.289129032903,8441.816915824073,7968.85302734375,8316.6044921875,7911.676475836732,8766.886213901664,8567.1,8271.821416666666,8893.8,8300.139829262334
755,2,0,7835.3145,8335.453608593478,7793.241924320326,8235.955070752314,7850.97021484375,8191.8095703125,7916.2953456929645,8562.140517155587,8567.1,8239.319433333334,8694.0,8211.993741862116
755,3,0,8088.604,8266.052359645248,7762.121932973434,8273.208848335647,7851.44482421875,8189.0205078125,7905.663772314525,8575.101568962002,8567.1,8239.319433333334,8694.0,8209.893196094246
756,1,0,7835.3145,8244.065268015165,8075.677155507607,8011.572959418982,7626.00244140625,8402.3671875,7699.5801811614765,8143.810770786032,8567.1,8181.20495,8222.85,8004.964930271334
756,2,0,8088.604,8166.466787348106,8002.948098763448,7985.444586643519,7626.47705078125,8399.578125,7649.17639845155,8240.729246911615,8567.1,8181.20495,8222.85,7991.962694985932
756,3,0,8533.4535,8061.134395952216,7964.4273787922175,7980.100908682871,7626.9521484375,8396.7890625,7641.6698407478125,8402.89808959711,8567.1,8181.20495,8222.85,7990.808582248565
757,1,0,8088.604,7804.177829015543,7545.386436284513,7624.1094234375005,7231.04248046875,8157.86669921875,7509.346062256275,7013.099469159016,7835.3145,8110.1946333333335,7835.3145,7478.984061132833
757,2,0,8533.4535,7851.200848633906,7503.360558987059,7611.317125453704,7231.517578125,8155.07763671875,7371.649956107911,7045.401631864032,7835.3145,8110.1946333333335,7835.3145,7492.404417481854
757,3,0,8599.183,7776.464696691015,7474.882193351742,7591.0271615439815,7231.9921875,8152.28857421875,7468.689035294989,7149.652360450858,7835.3145,8110.1946333333335,7835.3145,7483.60592185904
758,1,0,8533.4535,8242.850582778548,7956.317531829402,7948.874909180556,7312.0341796875,8621.6103515625,7311.534163085025,7369.636054398863,8088.604,8379.814766666666,8088.604,7788.4511953003675
758,2,0,8599.183,8179.158686996784,7898.907329112139,7933.665389090278,7312.5087890625,8618.8212890625,7229.714947814292,7277.559208386145,8088.604,8379.814766666666,8088.604,7749.982538108596
759,1,0,8599.183,8192.150918515938,8101.362696073338,7998.597761631944,7596.34228515625,9200.01953125,7459.759630359621,8257.465750956975,8533.4535,8664.263216666666,8533.4535,7995.3522547517305
760,3,0,7588.6215,7930.354086566322,8078.547242535685,8048.349385997686,7723.78076171875,9476.685546875,7166.253495073496,8325.776887464479,8599.183,8636.0863,8599.183,7980.63489174329
761,2,0,7588.6215,7987.366688571186,7693.144521845605,7400.437414733797,7358.64013671875,8720.7587890625,7019.484551791642,7364.4166250964,8599.183,8581.1101,7829.3755,7545.206397348995
761,3,0,7426.011,7903.200225868153,7635.5469482364115,7417.302702650463,7359.115234375,8717.96875,7081.581101193195,7356.909516085143,8599.183,8581.1101,7829.3755,7528.071375803091
762,1,0,7588.6215,7883.032889974539,7133.738631498053,7048.4123750347235,7210.38427734375,8728.8974609375,7100.139530873713,7229.047249515705,8599.183,8537.360016666667,7516.120500000001,7346.169801554854
762,2,0,7426.011,7853.904100547667,7156.372238121565,6890.556046307871,7210.859375,8726.1083984375,7104.323866062127,7282.332742510847,8599.183,8537.360016666667,7516.120500000001,7289.477460313639
762,3,0,7664.223,7769.737637844633,7125.005019888529,6940.5415532731495,7211.33447265625,8723.318359375,7194.730093231857,7335.928017219832,8599.183,8537.360016666667,7516.120500000001,7295.336863455528
763,1,0,7426.011,7932.534042902799,7519.344879611246,7426.708898076389,7049.75537109375,8556.837890625,6877.370911819072,7066.570320795695,7588.6215,8531.9641,7588.6215,7431.91032579909
763,2,0,7664.223,7981.4794834907725,7531.636593025433,7456.164203076389,7050.23046875,8554.0478515625,6883.7088302822785,7148.065146719571,7588.6215,8531.9641,7588.6215,7470.122144252293
763,3,0,7850.9895,7897.313020787738,7527.155959289322,7508.087188597223,7050.70556640625,8551.2587890625,6895.501096271402,7129.695005463208,7588.6215,8531.9641,7588.6215,7464.067271434532
764,1,0,7664.223,7853.791813252524,7450.0793551236475,7425.835043020834,6964.3564453125,9054.283203125,6679.293006227094,7444.382508557904,7426.011,8461.881766666665,7426.011,7465.187936924325
764,2,0,7850.9895,7858.809840060965,7490.990740490711,7457.485894340278,6964.8310546875,9051.494140625,6706.144504774384,7542.354843640308,7426.011,8461.881766666665,7426.011,7495.535148974767
764,3,0,7886.0405,7912.84438179946,7497.1954347109495,7534.736396055556,6965.30615234375,9048.705078125,6674.459104457751,7682.130744578,7426.011,8461.881766666665,7426.011,7563.022858516715
765,1,0,7850.9895,7800.507669764117,7722.117828876458,7689.029245210648,7082.46337890625,8887.982421875,6705.566093641382,7043.852428627679,7664.223,8411.802633333335,7664.223,7490.797915158182
765,2,0,7886.0405,7850.10596542561,7742.1058009617755,7731.626298085648,7082.93798828125,8885.193359375,6432.321899073561,7046.585748050544,7664.223,8411.802633333335,7664.223,7520.224955337209
766,1,0,7886.0405,8118.618679109028,7890.77260732444,7835.679159875,7226.70166015625,8998.3212890625,6889.706582367902,6915.514077254426,7850.9895,8376.20685,7850.9895,7627.50992324419
767,3,0,7854.357,8085.260037838667,7932.04026780248,7874.897085953704,7259.86962890625,9009.5947265625,7038.916633264896,7094.631093415955,7886.0405,8335.246066666667,7886.0405,7669.188429693041
768,2,0,7854.357,8215.356792602604,8089.376041110252,7918.243220962963,7394.8427734375,9211.1025390625,7128.648090497308,7483.561417146055,7886.0405,8303.481316666666,8120.365500000001,7804.540943056403
768,3,0,7712.474,8245.924179182408,8081.386946600596,7957.342973606482,7395.3173828125,9208.3134765625,7104.652051554043,7548.803375209065,7886.0405,8303.481316666666,8120.365500000001,7838.631916680159
769,1,0,7854.357,8457.671437016415,8165.998354823976,8023.395523520834,7523.2451171875,9154.3359375,7092.621285295334,8716.219129452871,7886.0405,8281.454916666667,8473.192000000001,8133.1792701962
769,2,0,7712.474,8222.905711930991,8102.407833393089,7989.342040037038,7523.72021484375,9151.546875,7126.09240704509,8588.440386065604,7886.0405,8281.454916666667,8473.192000000001,8036.403986637815
769,3,0,7570.785,8192.585196039801,8080.6167608566475,8019.88237632639,7524.1953125,9148.7578125,7037.894942671021,8650.89414857807,7886.0405,8281.454916666667,8473.192000000001,8050.79751883883
770,1,0,7712.474,7946.677872950358,7771.892709418452,7615.465668356482,7368.2177734375,8289.583984375,7350.331612325712,7384.670186138289,7854.357,8223.705750000001,7854.357,7610.173757065418
770,2,0,7570.785,7865.320215821473,7766.436622233102,7605.305567462963,7368.6923828125,8286.794921875,7223.814241788696,7519.2804116960615,7854.357,8223.705750000001,7854.357,7608.712729908264
770,3,0,7178.675,7862.24030037581,7786.955479002216,7671.086665113426,7369.16748046875,8284.0048828125,7328.042204015502,7718.349944737536,7854.357,8223.705750000001,7854.357,7667.315945582815
771,1,0,7570.785,7830.765815593209,7736.178024273314,7645.535893810185,7390.3095703125,8925.3115234375,7199.929989579927,7286.107731559987,7712.474,8165.653816666668,7712.474,7584.205618964692
771,2,0,7178.675,7777.883165615492,7760.246991561012,7690.629146240741,7390.78466796875,8922.521484375,7158.11618217152,7405.034825237833,7712.474,8165.653816666668,7712.474,7607.960219384564
771,3,0,7439.718,7808.450552195296,7757.9082213575575,7738.78962900463,7391.259765625,8919.732421875,7163.0541519357375,7533.146561787167,7712.474,8165.653816666668,7712.474,7656.443252783035
772,1,0,7178.675,7794.9092565326255,7588.834337018254,7508.120792993055,7285.14208984375,8416.7568359375,7341.79152576832,7218.254842438351,7570.785,8150.884316666667,7570.785,7495.874650662276
772,2,0,7439.718,7824.941196433851,7619.552689969147,7557.529367298611,7285.6171875,8413.9677734375,7308.5844281729815,7362.707439602919,7570.785,8150.884316666667,7570.785,7547.547292188545
773,1,0,7439.718,7775.126364032831,7352.5058817065055,7174.248564881945,6955.2802734375,8370.95703125,7049.449554587908,7352.3036594234945,7178.675,8111.149616666667,7178.675,7337.582417504785
774,3,0,7648.032,7850.873930548435,7565.783576529001,7592.277386375,7049.384765625,8436.8798828125,7047.777164551289,7576.7510672252965,7439.718,8069.973083333333,7439.718,7558.035552850664
775,2,0,7648.032,7817.064758851558,7771.067519886806,7754.582947694445,7295.00927734375,8768.5751953125,7248.50470306758,7521.616878896639,7439.718,8038.675950000001,7815.2390000000005,7633.29943071012
775,3,0,7190.31,7847.632145431362,7798.070697394081,7823.413977194445,7295.484375,8765.7861328125,7009.830635351619,7641.395284483824,7439.718,8038.675950000001,7815.2390000000005,7687.977010423408
776,1,0,7648.032,7932.601836190319,7851.015992452033,7802.2470588125,7416.724609375,8779.7919921875,7215.585303847204,7551.720774816727,7439.718,8021.4486,7955.976,7705.6599907288955
776,2,0,7190.31,7822.3714882046515,7839.060592512549,7820.521342828703,7417.19970703125,8777.001953125,7303.031077327577,7478.223306016381,7439.718,8021.4486,7955.976,7670.598710049178
776,3,0,7254.036,7788.7241861791845,7809.17609832538,7880.481744354166,7417.6748046875,8774.212890625,7241.573558229034,7541.817466344098,7439.718,8021.4486,7955.976,7695.214663058329
777,1,0,7190.31,7775.88513569815,7576.448680534227,7575.886401280092,7349.4501953125,8607.107421875,7554.267906099826,7674.909172058556,7648.032,8005.5525333333335,7648.032,7602.828404527704
777,2,0,7254.036,7699.409290329665,7586.767779095073,7616.87697405787,7349.92529296875,8604.318359375,7562.904425707735,7612.475631462098,7648.032,8005.5525333333335,7648.032,7587.014928598542
777,3,0,7103.34,7699.409290329665,7590.636417318106,7631.30275325926,7350.400390625,8601.529296875,7616.164638002942,7781.257871479324,7648.032,8005.5525333333335,7648.032,7622.088790733894
778,1,0,7254.036,7502.175855629622,7196.69996371627,7159.692650791667,7081.611328125,7949.67578125,7475.968271980251,7498.619156511098,7190.31,7986.332899999999,7190.31,7310.0648459120885
778,2,0,7103.34,7465.646675309447,7214.562744009673,7205.148823604167,7082.0859375,7946.88671875,7498.274913058689,7412.7924639442535,7190.31,7986.332899999999,7190.31,7302.320957004251
778,3,0,7119.453,7481.244984095117,7223.906369961558,7237.909871000001,7082.56103515625,7944.09765625,7499.118023551518,7561.490440831869,7190.31,7986.332899999999,7190.31,7344.770108783268
779,1,0,7103.34,7216.5228390247885,7298.004713119543,7226.290762201389,7226.07958984375,8051.04736328125,7670.429633833388,7558.110611702063,7254.036,7972.479866666666,7254.036,7297.912844977036
779,2,0,7119.453,7218.096527593016,7294.780974576885,7285.604574631944,7226.5546875,8048.25830078125,7728.318802511266,7541.784989276186,7254.036,7972.479866666666,7254.036,7317.537955940112
780,1,0,7119.453,7380.097426742196,7154.61340519137,7149.754012826389,7081.4091796875,7984.9384765625,7566.910971676624,7513.3955732202585,7103.34,7932.60045,7103.34,7279.970054340528
781,3,0,9090.4155,7241.561392349391,7118.236371602679,7172.684468680556,7115.55712890625,7998.7216796875,7601.84357098518,7644.037422438581,7119.453,7884.1588,7119.453,7280.410895112581
782,2,0,9090.4155,7680.8459884056,7724.523818823909,7782.56042125,7530.22900390625,8652.8974609375,7665.460182976401,7663.2545708235575,7119.453,7862.7054,7923.4980000000005,7674.380749760996
782,3,0,9862.52,7696.4442971912695,7703.698335655258,7817.2636185763895,7530.7041015625,8650.1083984375,7634.638602233227,7740.223057887297,7119.453,7862.7054,7923.4980000000005,7704.958767899411
783,1,0,9090.4155,8090.873203747488,7987.814359581268,8168.084989111112,7746.86572265625,8676.05859375,7694.209573023639,8450.592641295345,7119.453,7844.53835,8348.113500000001,8088.581054777334
783,2,0,9862.52,7938.441270184684,7947.472563526043,8124.2626524467605,7747.34033203125,8673.2685546875,7705.987547498849,8384.459414607154,7119.453,7844.53835,8348.113500000001,8020.693429085756
783,3,0,9218.7795,7923.719063079163,7900.888325424852,8140.536175284723,7747.8154296875,8670.4794921875,7702.081061698675,8359.810026023515,7119.453,7844.53835,8348.113500000001,8018.621250334586
784,1,0,9862.52,8605.762642507105,8785.075975047454,8894.34376822685,8229.203125,8752.681640625,8322.113826355653,8787.649774826581,9090.4155,7851.0922,9090.4155,8619.957169944922
784,2,0,9218.7795,8415.235332402239,8765.76277532093,8834.125446581018,8229.6787109375,8749.892578125,8384.572129047041,8634.736993727856,9090.4155,7851.0922,9090.4155,8520.72965042269
784,3,0,8188.413,8400.70746529509,8726.286411323908,8772.72786835185,8230.1533203125,8747.103515625,8293.429466517706,8568.416322873614,9090.4155,7851.0922,9090.4155,8482.621226143796
785,1,0,9218.7795,9071.233042743981,9016.10983786789,9585.228164099537,8847.837890625,9128.8125,8484.364379396702,9142.276849562026,9862.52,7890.042866666668,9862.52,9157.298659617694
785,2,0,8188.413,8823.078575187683,8936.224729951224,9541.00961637963,8848.3125,9126.0234375,8463.058494063856,8864.811734894838,9862.52,7890.042866666668,9862.52,9026.956928592452
785,3,0,7556.1575,8727.16844011961,8864.671737626159,9393.069845777778,8848.7880859375,9123.234375,8469.92260058021,8757.883167002672,9862.52,7890.042866666668,9862.52,8928.226407843666
786,1,0,8188.413,8723.305079287635,8704.427195330854,8842.569992347222,8402.36328125,8246.48828125,8422.275643524597,8969.738566414377,9218.7795,7923.240516666667,9218.7795,8696.642271286277
786,2,0,7556.1575,8510.770126358464,8663.910043423446,8767.286943458334,8402.837890625,8243.69921875,8483.83493688104,8783.341999756802,9218.7795,7923.240516666667,9218.7795,8580.159902455915
787,1,0,7556.1575,8256.088014700903,7931.309613501786,7946.155186381944,7750.03076171875,7846.34228515625,8262.592327758219,8785.455216260467,8188.413,7935.010466666666,8188.413,8119.629270194999
788,3,0,7235.4125,7496.849589903833,7324.815928459146,7468.445531425926,7454.755859375,7864.87255859375,8093.394535568694,7823.198183100799,7556.1575,7917.26225,7556.1575,7541.1973645972585
789,2,0,7235.4125,7699.133173248229,7503.67364052414,7597.528592,7451.79931640625,8259.3330078125,8261.40138837568,7741.230501123924,7556.1575,7887.056966666667,7627.295,7622.920286967307
789,3,0,7029.0805,7615.691990225588,7534.067419002465,7635.459531513889,7452.27392578125,8256.5439453125,8238.359349242908,7749.353743209945,7556.1575,7887.056966666667,7627.295,7616.523418483896
790,1,0,7235.4125,7949.172914447883,7787.182918400297,7839.330508377315,7568.34423828125,8446.869140625,8197.653461680216,7563.038598972251,7556.1575,7862.31645,7856.9675,7760.21203396199
790,2,0,7029.0805,7903.5254571557825,7783.409851330853,7851.096095298611,7568.8193359375,8444.080078125,8164.869841039045,7612.798745050867,7556.1575,7862.31645,7856.9675,7761.385486881957
790,3,0,6806.016,7820.084274133142,7812.361520553886,7881.8391673472215,7569.29443359375,8441.291015625,8159.528133862116,7625.4730765152435,7556.1575,7862.31645,7856.9675,7753.124867899528
791,1,0,7029.0805,7470.082579658462,7281.955881885582,7298.759596111111,7166.71826171875,8078.103515625,8209.695588865212,7316.177976291841,7235.4125,7842.517683333334,7235.4125,7334.031196783475
791,2,0,6806.016,7424.435122366362,7268.908582904927,7332.121396076389,7167.193359375,8075.314453125,8181.621672429384,7250.8223832015765,7235.4125,7842.517683333334,7235.4125,7322.998714774638
791,3,0,7011.876,7406.736474916922,7264.804713260086,7350.620871006945,7167.66796875,8072.525390625,8186.17197697107,7243.813623444,7235.4125,7842.517683333334,7235.4125,7324.063490281379
792,1,0,6806.016,7197.024531471131,7071.3445929208,7176.980918555556,7001.65283203125,7870.78662109375,7852.8965521395185,7332.517661473768,7029.0805,7826.283016666666,7029.0805,7193.9816916435575
792,2,0,7011.876,7167.2912018227635,7098.932189751654,7199.783974569445,7002.1279296875,7867.99755859375,7812.218153920992,7341.7814163868,7029.0805,7826.283016666666,7029.0805,7196.327273651467
792,3,0,6753.555,7167.2501057273075,7103.212507768519,7259.162891,7002.6025390625,7865.20849609375,7868.236477139836,7375.345989678266,7029.0805,7826.283016666666,7029.0805,7224.308241592188
793,1,0,7011.876,7013.103168979374,6932.816410284391,7028.389210166666,6891.44091796875,7817.10400390625,7663.765302488322,7184.500068756714,6806.016,7800.196166666667,6806.016,7051.234151920321
793,2,0,6753.555,6983.369839331005,6942.615932073081,7081.924873409722,6891.916015625,7814.31494140625,7599.851024556699,7236.041698445049,6806.016,7800.196166666667,6806.016,7072.385437800191
794,1,0,6753.555,7250.2598550676485,7060.570917804068,7154.6231978263895,7053.724609375,8155.2431640625,7820.354180059776,7306.710786651441,7011.876,7786.391666666667,7011.876,7206.5130427977665
795,3,0,4958.3115,6985.727736198837,6898.199755066468,6875.119209701389,6895.12158203125,8196.857421875,7513.169011774835,7256.755245915093,6753.555,7756.036066666667,6753.555,7002.383606972369
796,2,0,4958.3115,6187.904718503637,6122.142738609292,6181.840646979166,6529.029296875,7596.83740234375,7524.971769394204,5870.5705941365795,6753.555,7691.390816666666,5911.632,6253.676996647749
796,3,0,4851.1815,6220.576820483043,6119.471833130126,6203.272346493055,6529.50390625,7594.0478515625,7456.206852383957,5975.9305154116855,6753.555,7691.390816666666,5911.632,6288.81916326699
797,1,0,4958.3115,6673.914132860917,6358.5833408200315,6444.873362777778,6675.35009765625,7914.6630859375,7404.879359815108,5814.30254228633,6753.555,7636.8836,6250.8240000000005,6482.597325371087
797,2,0,4851.1815,6691.401949072876,6355.572286771916,6454.92181170139,6675.8251953125,7911.8740234375,7488.073812878931,5789.941002386601,6753.555,7636.8836,6250.8240000000005,6486.753473814471
797,3,0,4280.574,6721.173754178329,6369.436377992154,6495.303914097223,6676.30029296875,7909.08447265625,7424.8317239536,5883.85765735026,6753.555,7636.8836,6250.8240000000005,6526.143279299345
798,1,0,4851.1815,5578.70043735026,5392.475943969014,5395.386092604166,6040.380859375,6657.0927734375,5852.417696901278,5881.733720882155,4958.3115,7531.4818,4958.3115,5742.112232474845
798,2,0,4280.574,5631.065050893643,5450.793238712467,5443.854325347222,6040.85595703125,6654.30322265625,5678.181840728125,5837.884343472709,4958.3115,7531.4818,4958.3115,5766.266343470894
798,3,0,4143.917,5592.76568916246,5489.177876059292,5475.562076111111,6041.3310546875,6651.51416015625,5763.059573790294,5885.827276624227,4958.3115,7531.4818,4958.3115,5776.443709363791
799,1,0,4280.574,5373.02716575705,5234.1949642746695,5356.152205784722,5777.1318359375,6335.40380859375,5856.697681315879,5772.2684969994625,4851.1815,7410.748116666667,4851.1815,5599.352231426698
799,2,0,4143.917,5384.7683754623895,5295.031196523082,5417.532718618056,5777.60693359375,6332.61474609375,5743.019678116265,5771.460194817282,4851.1815,7410.748116666667,4851.1815,5625.144714575767
799,3,0,4518.925,5411.163751692677,5337.676133864947,5465.822454256944,5778.08203125,6329.8251953125,5782.819779470511,5937.2365413848465,4851.1815,7410.748116666667,4851.1815,5679.187981310762
800,1,0,4143.917,4935.626961789628,4793.603422257605,4712.929950868055,5426.322265625,5535.77734375,5441.270684798984,5716.4112466548195,4280.574,7291.622016666666,4280.574,5185.8286983664075
800,2,0,4518.925,4987.9915753330115,4876.914730968816,4800.2577924375,5426.796875,5532.98779296875,5332.855455232901,5760.035867504053,4280.574,7291.622016666666,4280.574,5239.732229682924
801,1,0,4518.925,4922.081654742862,4602.799946385417,4582.330286201389,5313.23681640625,5854.306640625,5452.118761977719,5193.176527535482,4143.917,7172.670116666666,4143.917,5021.548265563377
802,3,0,6494.6275,5293.287782804878,5147.505384395833,5189.607800368056,5547.5390625,6186.04296875,5519.4246944301785,5973.330606553225,4518.925,7070.94145,4518.925,5510.853635619083
803,2,0,6494.6275,5742.115487815455,5538.932183370535,5571.340663791666,5914.27734375,6747.6484375,5553.419079571814,6075.617811581013,4518.925,7002.29195,5119.19,5836.2501125552935
803,3,0,6852.976,5781.900809188282,5584.7723021056545,5634.152876333334,5914.751953125,6744.859375,5623.647315130681,6262.554977610415,4518.925,7002.29195,5119.19,5902.91417170534
804,1,0,6494.6275,6008.122260335188,5903.915087593255,5974.101138444445,6289.54150390625,7047.75830078125,5753.824009445353,5675.872303287627,4518.925,6944.543350000001,5707.26,6035.901481219509
804,2,0,6852.976,6020.037400765995,5916.949323400794,6044.5599475486115,6290.0166015625,7044.96875,5681.817860143365,5732.242509895034,4518.925,6944.543350000001,5707.26,6075.139254842651
804,3,0,6932.655,6044.224413353153,5917.212594820437,6101.2521490625,6290.4912109375,7042.1796875,5744.817439750583,5938.541659546391,4518.925,6944.543350000001,5707.26,6138.826315738475
805,1,0,6852.976,6447.966309266798,6597.940857894345,6579.832732791667,6937.5927734375,7902.892578125,6290.25408598474,5792.813540778747,6494.6275,6900.522966666667,6494.6275,6496.9364541611685
805,2,0,6932.655,6439.345382866268,6594.576372522817,6547.566136402777,6938.0673828125,7900.103515625,6276.027171612898,5769.309968073549,6494.6275,6900.522966666667,6494.6275,6478.690907652644
805,3,0,7238.036,6373.902072310688,6580.314804049603,6551.4985864166665,6938.54248046875,7897.314453125,6288.663443993123,5912.449679083204,6494.6275,6900.522966666667,6494.6275,6488.13936528715
806,1,0,6932.655,7033.322500464672,6955.811132978736,6997.273290032407,7184.294921875,7929.85546875,6495.255813716334,6238.243575075924,6852.976,6863.7563,6852.976,6918.645504333824
806,2,0,7238.036,7019.959737732622,6969.835493503373,6991.130075344907,7184.77001953125,7927.06591796875,6424.761540939708,6238.436131958445,6852.976,6863.7563,6852.976,6912.987716337353
806,3,0,6908.03,6951.964486012969,6956.042016805952,7007.903369414352,7185.2451171875,7924.27685546875,6497.643020622984,6265.225103835023,6852.976,6863.7563,6852.976,6906.097925065281
807,1,0,7238.036,7029.240918673011,7060.722191896726,6989.36265219213,7348.76611328125,7958.689453125,6701.522506487134,7666.300722091204,6932.655,6839.9104,6932.655,7196.598600333828
807,2,0,6908.03,6927.560764594572,7038.444951205754,6981.150145583333,7349.2412109375,7955.900390625,6738.9558657316165,7734.423897894677,6932.655,6839.9104,6932.655,7178.835990474856
808,1,0,6908.03,7433.622399634785,7236.277409104464,7252.964375680555,7300.107421875,7950.171875,6891.129095778989,7602.687567910001,7238.036,6841.501266666667,7238.036,7363.3913975767755
809,3,0,5738.401,7145.41855842157,6795.793699876818,6948.547460287036,7127.8564453125,7587.11767578125,7118.7335287531605,7375.940589313495,6908.03,6829.967733333334,6908.03,7113.88905473535
810,2,0,5738.401,6679.62796982357,6370.602107747024,6553.631701805555,6870.15576171875,7485.341796875,6979.395994125314,7005.51996657579,6908.03,6804.85015,6349.8125,6751.553689832676
810,3,0,5424.2045,6688.0955434998195,6401.199797315476,6543.612845708333,6870.630859375,7482.55224609375,6938.847592498779,7078.568654881541,6908.03,6804.85015,6349.8125,6762.9984664783315
811,1,0,5738.401,6278.983118115757,6051.574160491534,6011.472655513889,6593.85302734375,7058.240234375,6848.843599746953,5694.40150738408,6908.03,6765.5643,5940.8775,6174.687238105361
811,2,0,5424.2045,6318.323017901194,6070.991011252778,6066.971989687499,6594.328125,7055.451171875,6885.61175278647,5721.366835981222,6908.03,6765.5643,5940.8775,6210.445403387159
811,3,0,5603.0175,6326.790591577444,6126.34140657242,6115.00038125,6594.802734375,7052.662109375,6848.962498574644,5761.272295954798,6908.03,6765.5643,5940.8775,6237.575753323965
812,1,0,5424.2045,6191.193140053667,6140.599310855853,6033.578906902778,6287.7626953125,6600.49658203125,6951.1385613375705,5630.370995551294,5738.401,6692.727733333334,5738.401,6090.309613220227
812,2,0,5603.0175,6203.572209343865,6171.2096305566465,6118.1809808680555,6288.23779296875,6597.70751953125,6999.257240856639,5675.093691326003,5738.401,6692.727733333334,5738.401,6132.864399710284
812,3,0,5391.4,6243.357530716693,6228.157981501885,6189.802592618055,6288.712890625,6594.91796875,7025.5688386779875,5730.343585125922,5738.401,6692.727733333334,5738.401,6179.677046946475
813,1,0,5603.0175,5827.787234206416,5808.909234768948,5929.918179541666,6025.1923828125,6271.248046875,6812.61707822927,5733.5010162896515,5424.2045,6595.2641,5424.2045,5930.730706785425
813,2,0,5391.4,5840.166303496614,5840.876056045139,6073.824452916666,6025.66748046875,6268.458984375,6919.629716303736,5764.07580630025,5424.2045,6595.2641,5424.2045,5992.7710301777115
813,3,0,5426.0215,5879.951624869442,5889.451393337599,6126.262858291667,6026.142578125,6265.66943359375,6915.340825684204,5816.389358976753,5424.2045,6595.2641,5424.2045,6031.961955710977
814,1,0,5391.4,5970.879000447244,5932.390292637798,5980.174571979167,6383.69384765625,6850.8994140625,6934.824355136245,5539.462089188049,5603.0175,6479.0175,5603.0175,6019.426119120082
814,2,0,5426.0215,5983.258069737442,5966.806774301389,6130.672154916667,6384.1689453125,6848.1103515625,7017.729962175948,5599.01721122914,5603.0175,6479.0175,5603.0175,6088.995038689062
815,1,0,5426.0215,5769.758627944177,5805.058507545436,5816.271322460648,6190.1435546875,7104.2119140625,6824.766262008964,5583.239278966368,5391.4,6329.980166666666,5391.4,5878.484799615542
816,3,0,5688.9,5817.78734989217,5865.376776108532,5930.280599363426,6393.9990234375,7537.8583984375,6789.766713438727,5633.426600092661,5426.0215,6203.5549,5426.0215,5981.983350765229
817,2,0,5688.9,5791.464836577792,5695.513759727778,5767.113653620371,6398.9130859375,7487.3876953125,6670.548077868813,5891.455419808163,5426.0215,6108.677183333333,5342.0815,5963.047377971663
818,1,0,5688.9,5922.324881473549,5752.966937384955,5760.819590530094,6487.4873046875,7770.4404296875,6654.164054501202,5737.341570639726,5426.0215,6040.050950000001,5497.370500000001,5977.937816831894
818,3,0,6198.576,6014.337164299516,5856.944691812732,5848.95253469676,6488.4375,7764.86181640625,6667.134270780637,5856.794105305927,5426.0215,6040.050950000001,5497.370500000001,6055.996309657347
819,2,0,6198.576,5991.484361234474,5921.194390203704,5910.303530967592,6565.53173828125,7592.935546875,6801.98159552979,5943.2535321113955,5688.9,5975.437783333333,5688.9,6093.420019988981
819,3,0,5942.25,5984.430179556667,5968.572789358267,5976.783506731481,6566.0068359375,7590.14599609375,6838.644417534149,5966.430571417782,5688.9,5975.437783333333,5688.9,6120.361143237724
820,1,0,6198.576,6525.853878934629,6447.487051734326,6387.001320513889,6818.2880859375,7895.1630859375,7007.233703557249,5786.554667857365,5688.9,5922.908866666667,6281.1,6406.960228408823
820,2,0,5942.25,6578.080840387769,6459.213267725298,6416.737518083333,6818.76318359375,7892.3740234375,7058.502725644076,5786.139999166201,5688.9,5922.908866666667,6281.1,6431.762950310743
820,3,0,5978.64,6483.850006202134,6483.808527673016,6462.477554229167,6819.23828125,7889.5849609375,7035.130508585119,5808.965034835676,5688.9,5922.908866666667,6281.1,6427.99771026075
821,1,0,5942.25,6221.602387374965,6434.102547967659,6323.604755166667,6864.72412109375,7213.0,7326.0827054646315,5902.231351612596,6198.576,5888.34765,6198.576,6337.197013399957
821,2,0,5978.64,6273.829348828104,6455.238852004861,6379.6520884305555,6865.19921875,7210.21044921875,7365.514177551744,5901.815822572209,6198.576,5888.34765,6198.576,6371.746394231964
822,1,0,5978.64,5962.531280265958,6217.655893233532,6098.385326875,6722.96337890625,7066.4228515625,7202.941518202868,5909.742400304827,5942.25,5852.119966666667,5942.25,6168.141998903963
823,3,0,6501.534,6076.6627928351045,6217.821758939584,6218.682965131945,6767.29345703125,7028.29296875,7351.134821897651,5699.919352238315,5978.64,5824.540766666667,5978.64,6213.115326628164
824,2,0,6501.534,6203.240100566562,6262.230550279166,6248.534645208332,6833.6328125,7207.35888671875,7344.156158196766,5542.720099314174,5978.64,5794.368366666666,6106.703999999999,6237.158895026745
824,3,0,6569.64,6196.185918888756,6290.156072581944,6315.985649666665,6834.10791015625,7204.56982421875,7377.8604593811215,5581.629705334441,5978.64,5794.368366666666,6106.703999999999,6267.221249022871
825,1,0,6501.534,6266.745045730314,6298.389564672023,6259.260462701388,6908.51611328125,7247.2421875,7425.928407769513,5576.189381179835,5978.64,5775.822666666666,6197.183999999999,6275.031263860448
825,2,0,6569.64,6302.26097451291,6329.905108545436,6306.593139458332,6908.9912109375,7244.453125,7395.701729180285,5595.049104722829,5978.64,5775.822666666666,6197.183999999999,6305.334169093173
825,3,0,6686.796,6295.206792835103,6354.533631667658,6363.832811861111,6909.46630859375,7241.6640625,7456.7886089044605,5618.402156942898,5978.64,5775.822666666666,6197.183999999999,6328.883170073588
826,1,0,6569.64,6533.794902692718,6642.286975090872,6573.648573076389,7166.15234375,7668.3896484375,7503.865896373198,6092.501679627217,6501.534,5795.486066666666,6501.534,6593.6334200800875
826,2,0,6686.796,6560.769957528968,6687.666527707737,6624.985205493055,7166.62744140625,7665.6005859375,7540.593658241928,6112.495128070029,6501.534,5795.486066666666,6501.534,6623.368976084336
826,3,0,6184.118,6553.715775851161,6706.659508461905,6688.883859104166,7167.10205078125,7662.81103515625,7526.686430919207,6108.1937341423045,6501.534,5795.486066666666,6501.534,6644.530499949981
827,1,0,6686.796,6616.917394118913,6763.019688785318,6674.924511013889,7123.01318359375,7722.42919921875,7601.559976324324,6108.861413729769,6569.64,5806.113266666666,6569.64,6643.260074285968
827,2,0,6184.118,6737.7618604927275,6788.757130871429,6710.103106034722,7123.48828125,7719.6396484375,7593.667549057442,6111.968550345805,6569.64,5806.113266666666,6569.64,6688.770343203063
827,3,0,5988.0475,6753.360169278397,6791.409450782143,6785.765645104167,7123.962890625,7716.8505859375,7609.867949840372,6134.746387650513,6569.64,5806.113266666666,6569.64,6725.009388644192
828,1,0,6184.118,6677.2660732923205,6767.42107671508,6746.665006291667,7159.79541015625,7492.0048828125,7627.515410523578,6146.386016193624,6686.796,5863.729416666667,6686.796,6695.707477253018
828,2,0,5988.0475,6662.1287291900035,6767.863577194147,6778.666873034723,7160.2705078125,7489.2158203125,7624.395067198289,6166.06489788789,6686.796,5863.729416666667,6686.796,6707.133318669618
829,1,0,5988.0475,6371.080308001748,6329.703044651191,6242.4969744375,6949.51220703125,7266.72802734375,7478.928106211744,5993.079974285522,6184.118,5908.160633333333,6184.118,6382.18942455123
830,3,0,6610.2165,6063.080646384813,6145.47993795377,6109.615803187499,6756.2119140625,7279.1796875,7246.227000187761,5866.629046219949,5988.0475,5965.076416666667,5988.0475,6198.775634276211
831,2,0,6610.2165,6486.11493507989,6462.015537476934,6392.770392652777,6888.61181640625,7561.02685546875,7169.402447827987,5863.002667302591,5988.0475,6036.9118499999995,6298.98,6429.155806311428
831,3,0,6862.189,6479.060753402083,6446.998454831844,6415.219596513888,6889.0869140625,7558.2373046875,7191.329019323623,5908.320935456301,5988.0475,6036.9118499999995,6298.98,6443.672405134825
832,1,0,6610.2165,6643.6725542245595,6573.484495239782,6551.283835763888,6972.97998046875,7759.171875,7040.42400297977,5811.208189005401,5988.0475,6104.603183333334,6549.665,6527.476414279697
832,2,0,6862.189,6628.535210122242,6596.027468108135,6580.775855729166,6973.455078125,7756.38232421875,7111.194102477728,5862.968624099402,5988.0475,6104.603183333334,6549.665,6543.603734182998
832,3,0,6890.32,6626.126072674897,6614.721547419643,6587.812401041667,6973.9296875,7753.59326171875,7049.512570854429,5906.345234547908,5988.0475,6104.603183333334,6549.665,6553.293343064027
833,1,0,6862.189,6705.162021987216,6624.84046026374,6580.518030694445,6838.18408203125,7152.5146484375,6864.677938809527,6222.581945889168,6610.2165,6154.304066666667,6610.2165,6595.3328418403125
833,2,0,6890.32,6690.024677884898,6634.851896839038,6587.674178006945,6838.6591796875,7149.72509765625,7051.178972674388,6277.109303277713,6610.2165,6154.304066666667,6610.2165,6603.671639864859
833,3,0,6751.431,6705.622986670567,6622.50919533011,6605.544813208334,6839.1337890625,7146.93603515625,6918.090116579507,6321.81063501328,6610.2165,6154.304066666667,6610.2165,6622.350209475594
834,1,0,6890.32,6778.942465830309,6811.524061923611,6797.640560625,7028.17578125,7032.19921875,7255.078873104765,6592.458558948741,6862.189,6192.801699999999,6862.189,6789.636773893356
834,2,0,6751.431,6763.805121727992,6795.403848974107,6824.602779743056,7028.65087890625,7029.40966796875,7331.7369163281755,6699.138283954606,6862.189,6192.801699999999,6862.189,6814.466861125176
834,3,0,6809.824,6756.750940050185,6798.889369494941,6839.733873180556,7029.1259765625,7026.62060546875,7331.373140255171,6634.916859150113,6862.189,6192.801699999999,6862.189,6807.045135786553
835,1,0,6751.431,6800.029979634841,6779.697207870436,6829.1498044166665,7078.96923828125,6654.38525390625,7220.309217946153,7507.836241596142,6890.32,6205.9914499999995,6890.32,6977.5025112051235
835,2,0,6809.824,6784.892635532523,6757.392275735019,6826.110760541666,7079.4443359375,6651.59619140625,7193.268900970854,7558.792779428207,6890.32,6205.9914499999995,6890.32,6981.4377771750205
836,1,0,6809.824,6955.7967960926835,6709.433802819742,6708.194020145833,7028.9462890625,6444.9677734375,7013.288168946488,7008.90425558007,6751.431,6202.606616666667,6751.431,6882.240974850609
837,3,0,7194.814,6961.369027030871,6781.366539520337,6769.399986854166,6967.03564453125,6493.818359375,7003.707100417788,7364.642098810455,6809.824,6198.51225,6809.824,6952.221443035557
838,2,0,7194.814,7062.999524974333,6837.548573399802,6809.001809444445,7003.3984375,6500.97216796875,6809.174390265675,7545.943090824464,6809.824,6189.100383333333,6955.68,7025.750320278252
838,3,0,6985.42,7055.9453432965265,6856.3334236934525,6824.679984319445,7003.873046875,6498.18310546875,6905.897025248121,7536.055389254607,6809.824,6189.100383333333,6955.68,7028.068285266987
839,1,0,7194.814,7033.067424749369,6956.0616324777775,6989.629194236111,7071.3720703125,6441.3564453125,6794.961643995615,7410.195337003068,6809.824,6197.408183333333,7157.264,7065.686741546179
839,2,0,6985.42,7050.146776219133,6921.723954278274,6947.351453118055,7071.84716796875,6438.5673828125,6749.572614953692,7534.3353958087755,6809.824,6197.408183333333,7157.264,7076.417674525876
839,3,0,7137.312,7047.737638771789,6933.7966552564485,6939.940235770833,7072.322265625,6435.7783203125,6783.607232254611,7509.340406860675,6809.824,6197.408183333333,7157.264,7068.75411341477
840,1,0,6985.42,7187.564972927732,6999.722974210317,7005.466537125,7061.2578125,6356.4990234375,6651.241955651405,7387.995334363788,7194.814,6225.5749000000005,7194.814,7104.878919280994
840,2,0,7137.312,7150.04493958704,6960.191399553076,6936.776140277778,7061.73291015625,6353.7099609375,6703.24461492253,7407.870135374187,7194.814,6225.5749000000005,7194.814,7073.142867395606
840,3,0,7223.986,7142.990757909233,6988.782311571429,6921.399390736111,7062.2080078125,6350.9208984375,6678.8155506322855,7454.248752477694,7194.814,6225.5749000000005,7194.814,7073.8331796071625
841,1,0,7137.312,7410.834476505191,6956.65469820243,6919.652864361111,7076.650390625,6562.65966796875,6641.732412976738,7485.440697878771,6985.42,6260.392983333334,6985.42,7163.880209341077
841,2,0,7223.986,7383.855108711584,6952.884362224752,6865.440279361111,7077.12548828125,6559.87060546875,6678.312499142846,7625.9648374434255,6985.42,6260.392983333334,6985.42,7161.46113610304
841,3,0,7070.538,7348.624482395207,6975.2039439469745,6880.193757284722,7077.60009765625,6557.08154296875,6681.435456503353,7666.744550028263,6985.42,6260.392983333334,6985.42,7164.90870887423
842,1,0,7223.986,7131.516182988554,6976.434564851078,7025.586057618056,7140.54931640625,6543.6865234375,6872.402837865879,7471.15591218648,7137.312,6307.0233499999995,7137.312,7134.325319557707
842,2,0,7070.538,7181.333779620079,6965.712230094629,7001.891433979166,7141.02392578125,6540.89697265625,6837.225600159271,7636.253582441427,7137.312,6307.0233499999995,7137.312,7167.752370072158
843,1,0,7070.538,7061.3229264081065,7097.839921951885,7111.527256493056,7191.2080078125,6499.18359375,6758.069601069969,7521.119994853037,7223.986,6367.016066666666,7223.986,7164.477683390383
844,3,0,6773.088,7009.114375461132,6987.045479620535,6963.710123034722,7116.173828125,6674.94384765625,6781.929472410804,7697.147031015688,7070.538,6415.933416666667,7070.538,7119.463419504521
845,2,0,6773.088,6904.898870172127,6960.367707011048,6955.066951611111,7046.75537109375,6919.5341796875,6826.583565220047,7677.153815181951,7070.538,6469.369716666667,6994.4890000000005,7075.275397268144
845,3,0,6588.0,6881.743024976581,6994.158330337437,6976.285925256945,7047.22998046875,6916.7451171875,6846.081665180014,7733.2106193655745,7070.538,6469.369716666667,6994.4890000000005,7086.980039740407
846,1,0,6773.088,6814.339822415656,6826.13048765192,6860.508758680555,6940.58837890625,7018.2880859375,6959.715032207407,7198.992114419962,7070.538,6516.066066666667,6826.911999999999,6918.9309709602885
846,2,0,6588.0,6812.810663628821,6835.950545150432,6877.942487333333,6941.0634765625,7015.49853515625,7001.2878631453,7272.407627319917,7070.538,6516.066066666667,6826.911999999999,6937.9767353266325
846,3,0,6837.74,6766.229682659992,6868.80260775311,6883.093080972221,6941.5380859375,7012.70947265625,6898.041777139769,7329.797967757024,7070.538,6516.066066666667,6826.911999999999,6937.793031904247
847,1,0,6588.0,6800.627719838914,6790.135945340314,6755.5238864375,6926.3916015625,7199.90625,6914.062748332806,7283.798691270095,6773.088,6563.766283333333,6773.088,6892.078207046327
847,2,0,6837.74,6802.201408407142,6811.034259698945,6761.818765020833,6926.8662109375,7197.11669921875,6942.673311305784,7371.202164183453,6773.088,6563.766283333333,6773.088,6910.270094792887
847,3,0,6738.076,6755.620427438313,6818.110601461345,6755.446632277777,6927.34130859375,7194.32763671875,6878.064228092006,7378.117137989745,6773.088,6563.766283333333,6773.088,6896.9580888023065
848,1,0,6837.74,6580.182299615954,6566.652140764385,6593.610655659722,6747.03857421875,7030.55126953125,6509.12062624248,6747.186724877837,6588.0,6600.120599999999,6588.0,6650.980613621818
848,2,0,6738.076,6581.755988184182,6564.313498260913,6615.290386319444,6747.513671875,7027.76171875,6607.752888271332,6892.750872614953,6588.0,6600.120599999999,6588.0,6685.080712640471
848,3,0,6375.264,6532.148061625612,6575.144740961806,6626.506151527778,6747.98876953125,7024.97265625,6478.326674965217,6884.815587976795,6588.0,6600.120599999999,6588.0,6674.880123234517
849,1,0,6738.076,7120.3089582428875,6844.50165047123,6899.469149701388,6918.25927734375,7419.19677734375,6437.897302166381,6959.341436789796,6837.74,6638.415266666666,6837.74,6969.312645096869
849,2,0,6375.264,7120.3089582428875,6880.339847272817,6925.125670159722,6918.734375,7416.40771484375,6490.773419167721,7020.333066979752,6837.74,6638.415266666666,6837.74,6989.626513717012
850,1,1,6375.264,6567.320558814211,6643.5159455257935,6625.138412197916,6711.57177734375,6993.61962890625,6326.908857273325,6209.98340084767,6738.076,6653.6478,6738.076,6478.5440482931435
851,3,1,5334.45,6270.398507939266,6314.515922508928,6378.500783802084,6195.1015625,5886.01904296875,6262.688856672242,6253.820403307094,6375.264,6659.5374,6375.264,6288.645104460496
852,2,1,5334.45,6267.537899034567,6286.458576306548,6343.700944027778,6387.5390625,6229.76611328125,6226.915177255056,6333.302832628862,6375.264,6672.3135999999995,6325.536,6257.820106423111
853,1,1,5334.45,5642.750584652327,5331.354994343651,5346.5559414027775,6076.830078125,5904.048828125,5290.6437621085515,6335.243671782676,6375.264,6652.7408000000005,5391.456,5322.256405530245
853,3,1,4941.903,5471.680705315749,5290.724583172123,5314.117022583333,6076.830078125,5904.421875,5232.832464086628,6071.622247137462,6375.264,6652.7408000000005,5391.456,5267.509093702128
854,2,1,4941.903,5144.499822986685,5184.935287479662,5263.043427951388,5767.2509765625,5658.8759765625,5409.835337590349,5040.305962075383,5334.45,6626.999,5334.45,5296.947684045951
854,3,1,4488.288,5054.933833634169,5184.413980591766,5294.691287868055,5767.2509765625,5659.0625,5478.145337671621,4926.100070234042,5334.45,6626.999,5334.45,5329.188941470924
855,1,1,4941.903,5173.088416644132,5128.006456909721,5176.38918798611,5552.4423828125,5332.12109375,5080.612201298988,5243.133798047498,5334.45,6592.023266666667,5147.911999999999,5107.903829439239
855,2,1,4488.288,5185.6246011226685,5155.3108452083325,5175.524917083333,5552.4423828125,5332.3076171875,4920.931847897102,5165.452401378166,5334.45,6592.023266666667,5147.911999999999,5039.913880566538
855,3,1,4451.625,5128.903710078486,5154.088131386904,5182.64360986111,5552.4423828125,5332.494140625,4960.217903552821,5138.70530518475,5334.45,6592.023266666667,5147.911999999999,5057.304257143257
856,1,1,4488.288,5191.714979397729,4934.697726743552,4955.202458569444,5351.32421875,5230.51171875,4783.738053551016,4946.3103727079615,4941.903,6540.035566666667,4941.903,4869.575636234289
856,2,1,4451.625,5218.929244383032,4976.426248854663,4959.073626,5351.32421875,5230.6982421875,4684.325757491543,5026.709163157445,4941.903,6540.035566666667,4941.903,4838.883220882002
857,1,1,4451.625,4606.374019790405,4758.034903672618,4704.892546534722,5110.123046875,4881.4287109375,4335.615277823022,5049.472277016012,4488.288,6470.657166666667,4488.288,4543.3644308595485
858,3,1,4829.727,4704.136170507914,4721.993696975199,4902.0412121875,4912.70263671875,4761.90673828125,4641.0048350192055,5540.324331310869,4451.625,6396.151466666666,4451.625,4695.629272859185
859,2,1,4829.727,4949.080653587181,5168.220738710813,5250.0418828125,5261.6630859375,5230.53515625,5133.543945478827,5561.819773210425,4451.625,6351.9917000000005,4859.325,5153.354314844878
859,3,1,4643.186,5098.900669860167,5207.724586264385,5369.0507397569445,5261.6630859375,5230.7216796875,5079.847716579741,5722.664664303397,4451.625,6351.9917000000005,4859.325,5155.118757936298
860,1,1,4829.727,4738.715233994957,5097.573934379464,5129.246040875,5259.82421875,5219.4638671875,5064.917562939377,5333.229419091341,4451.625,6314.052616666667,4849.875,5074.506661967835
860,2,1,4643.186,4805.53585402029,5178.558001214782,5300.116937090277,5259.82421875,5219.650390625,5031.959504543567,5559.8696505952685,4451.625,6314.052616666667,4849.875,5104.004795713206
860,3,1,4740.778,4937.1098593314055,5236.007219113591,5410.800614652777,5259.82421875,5219.8369140625,5170.964581801654,5694.329268271361,4451.625,6314.052616666667,4849.875,5209.196087047862
861,1,1,4643.186,4802.934240970681,5093.207248130952,5063.775691930556,5316.8447265625,5279.19677734375,5047.994246811271,5378.778156137835,4829.727,6265.077516666667,4829.727,5063.753272474784
861,2,1,4740.778,4879.583707877714,5186.310704396825,5194.292502590278,5316.8447265625,5279.38330078125,5314.702842248816,5587.333899483696,4829.727,6265.077516666667,4829.727,5247.367952100926
861,3,1,4830.3,5010.458633739825,5243.518775407738,5283.037616715277,5316.8447265625,5279.56982421875,5302.20875678724,5741.787493809463,4829.727,6265.077516666667,4829.727,5275.230511412647
862,1,1,4740.778,4784.254166602398,5020.6585628715275,4901.544704166667,5310.7607421875,5315.7255859375,4935.641556701912,5513.957815464826,4643.186,6201.5282166666675,4643.186,4971.316874431623
862,2,1,4830.3,4951.898315388299,5108.657133793155,5100.278818444444,5310.7607421875,5315.912109375,5437.811946203896,5659.18282503076,4643.186,6201.5282166666675,4643.186,5277.901179048406
863,1,1,4830.3,4997.161685640306,5084.264207927084,4982.42728513889,5233.96435546875,5200.7783203125,5114.152643405033,5434.58893218087,4740.778,6139.2136,4740.778,5098.46897624339
865,3,1,4578.551,4952.082590505222,5109.459822937501,5260.999411180555,5083.47705078125,5002.04296875,5217.396207112879,5690.30313718546,4830.3,5996.4266333333335,4638.6,5175.675071263818
866,2,1,4578.551,4892.700766351713,5059.65125712996,5117.450446847221,5084.1103515625,4877.970703125,5087.593834776207,5627.000666230148,4830.3,5926.133933333333,4642.65,5079.434966409049
866,3,1,4438.56,5081.4399327740975,5143.860758382936,5266.433402604166,5084.1103515625,4878.1572265625,5218.140973161431,5757.775030008462,4830.3,5926.133933333333,4642.65,5196.030775944698
867,1,1,4578.551,4882.000731653572,4981.948268098297,4920.602216631944,5008.2705078125,4650.54638671875,4952.438843727501,5355.947729010795,4830.3,5854.1648,4650.75,4967.576871118604
867,2,1,4438.56,5081.021732926923,5096.190779760913,5121.325194659722,5008.2705078125,4650.73291015625,5183.750951193452,5600.667572792099,4830.3,5854.1648,4650.75,5150.731055666728
867,3,1,4615.031,5326.179397055227,5163.888984076389,5277.8827740625,5008.2705078125,4650.91943359375,5322.1774656478365,5793.24375024677,4830.3,5854.1648,4650.75,5266.698428113012
868,1,1,4438.56,4690.5066551510945,4973.257638694627,4919.144260520834,5084.6279296875,4772.83984375,4733.507378341234,5371.069552362367,4578.551,5774.927166666666,4578.551,4848.048790825558
868,2,1,4615.031,4826.7809091452,5096.0880266831355,5144.103792541667,5084.6279296875,4773.0263671875,5113.760940309999,5576.203325034958,4578.551,5774.927166666666,4578.551,5108.534415693457
868,3,1,4771.71,5011.788014086777,5193.528136540526,5315.804872500001,5084.6279296875,4773.212890625,5099.768590662437,5844.25271832439,4578.551,5774.927166666666,4578.551,5159.228462531461
869,1,1,4615.031,4884.396355262851,4916.943495937434,4818.806717256945,5031.63330078125,4831.94140625,4879.825553451609,5326.9607086225515,4438.56,5684.3037,4438.56,4902.7563149097095
869,2,1,4771.71,5052.439872998805,5047.199876259524,5015.909672750001,5031.63330078125,4832.1279296875,4973.530920399744,5639.240366544329,4438.56,5684.3037,4438.56,5022.3318604970655
869,3,1,5009.972,5301.487399223557,5141.815615451241,5198.850637291667,5031.63330078125,4832.314453125,5380.926796563068,5906.685033215766,4438.56,5684.3037,4438.56,5286.492353839916
870,1,1,4771.71,4832.710364205459,5015.47390190162,4953.7438163472225,5112.3330078125,4861.7607421875,4932.129332245442,5556.9608592419945,4615.031,5598.310933333333,4615.031,4972.405664680884
870,2,1,5009.972,5001.953129293426,5105.26298312748,5135.782751,5112.3330078125,4861.947265625,4994.1922334234705,5938.19857433801,4615.031,5598.310933333333,4615.031,5057.915057497059
871,1,1,5009.972,5170.130447869937,5223.651918293089,5164.584099236112,5210.7314453125,5302.1357421875,4955.961648490964,5598.750961694007,4771.71,5524.5206,4771.71,5094.208171525456
872,3,1,5342.76,5673.180922823173,5470.703268760913,5692.959183263889,5311.23974609375,5433.24755859375,5006.216835683905,6151.926550396533,5009.972,5453.609266666667,5009.972,5266.472087231332
873,2,1,5342.76,5581.012232005486,5618.13745083415,5636.641087930556,5368.390625,5482.56884765625,5144.6634901261305,5910.420195145473,5009.972,5389.084000000001,5288.228,5387.124965657945
873,3,1,5331.876,5558.041120450675,5688.748432242956,5707.0764311875,5368.390625,5482.75537109375,4940.024433398457,6065.878189940737,5009.972,5389.084000000001,5288.228,5317.446870558807
874,1,1,5342.76,5539.157130720148,5579.099011109448,5546.901529201389,5388.791015625,5488.0888671875,5143.96664093349,5776.439062951363,5009.972,5331.8788,5354.3820000000005,5362.369351403285
874,2,1,5331.876,5673.587575574664,5637.396518015202,5653.078528590278,5388.791015625,5488.275390625,5201.648087190366,5922.811047468388,5009.972,5331.8788,5354.3820000000005,5426.960412751513
874,3,1,5571.942,5673.049289535051,5698.0464893758935,5701.351086048612,5388.791015625,5488.4619140625,4969.166234388856,6081.287942854568,5009.972,5331.8788,5354.3820000000005,5338.748272858557
875,1,1,5331.876,5478.176096849615,5614.496783292483,5583.055176618056,5349.8583984375,5449.8076171875,5360.706343778992,5541.01888799691,5342.76,5276.821166666667,5342.76,5486.24860046961
875,2,1,5571.942,5608.02086532982,5677.274327257761,5695.322826958333,5349.8583984375,5449.994140625,5264.918921949562,5752.146650030939,5342.76,5276.821166666667,5342.76,5475.811881157079
875,3,1,6005.755,5603.419162481803,5745.0508276834325,5738.753817125001,5349.8583984375,5450.1806640625,5096.218185358098,5897.570346660138,5342.76,5276.821166666667,5342.76,5422.315962335027
876,1,1,5571.942,5656.678351229159,5720.722604748512,5547.828870513889,5386.60302734375,5525.5322265625,5357.937805436189,5709.462460231607,5331.876,5226.986633333333,5331.876,5536.016235900397
876,2,1,6005.755,5789.675554930662,5777.038283067956,5671.1318236805555,5386.60302734375,5525.71875,5193.069452246275,5868.309577356796,5331.876,5226.986633333333,5331.876,5488.76280502962
876,3,1,6370.624,5853.611660243352,5833.834462030754,5716.244912840278,5386.60302734375,5525.9052734375,5206.16177562988,5979.029599495686,5331.876,5226.986633333333,5331.876,5524.5548013673315
877,1,1,6005.755,5844.842958208408,5940.2099302762135,5770.295341736111,5553.775390625,5716.3662109375,5614.849698402288,5833.0552234221495,5571.942,5186.948433333334,5571.942,5772.7956316651735
877,2,1,6370.624,6312.791010204663,5994.64155843296,5892.837568743055,5553.775390625,5716.552734375,5563.161875410641,6109.523118843309,5571.942,5186.948433333334,5571.942,5794.370131746301
878,1,1,6370.624,6125.777822283048,6178.726645777183,6109.990649791666,5845.50244140625,6096.8232421875,5954.265487605026,6135.309119453661,6005.755,5167.540266666667,6005.755,6064.347736987039
879,3,1,7638.4,6711.286728228587,6571.083994936656,6500.738394371528,6085.11474609375,6315.279296875,6327.339294798157,6827.65868102937,6370.624,5151.969733333333,6370.624,6454.944336901208
880,2,1,7638.4,7046.744255480515,6755.143384654167,6687.3680217500005,6218.94482421875,6366.98095703125,6664.758620710044,6730.136545728888,6370.624,5148.667066666667,6638.996,6720.094993988329
880,3,1,7678.08,6982.589494029522,6764.9294089061505,6731.867077861111,6218.94482421875,6367.16748046875,6602.589466735788,6696.182635426659,6370.624,5148.667066666667,6638.996,6692.858233846935
881,1,1,7638.4,7237.878763654813,7304.499941687748,7263.990544527778,6437.51318359375,6539.34765625,7248.899118572757,7260.661103438123,6370.624,5177.287466666666,7233.876,7273.560288085604
881,2,1,7678.08,7549.596448031397,7312.699538895089,7259.878172368056,6437.51318359375,6539.5341796875,7234.238501817942,7581.983979248904,6370.624,5177.287466666666,7233.876,7281.465733001344
881,3,1,8125.149,7518.952091598313,7325.190241331101,7292.466056923611,6437.51318359375,6539.720703125,7191.19362993937,7654.688834365193,6370.624,5177.287466666666,7233.876,7265.690244566587
882,1,1,7678.08,7556.190721472238,7684.269393171221,7601.2360784513885,6825.7021484375,6939.9384765625,7658.592683514568,7753.666595271752,7638.4,5221.049599999999,7638.4,7663.332029055934
882,2,1,8125.149,7869.824872793083,7687.673882470824,7614.341728604166,6825.7021484375,6940.125,7649.87346784001,8115.193747848404,7638.4,5221.049599999999,7638.4,7673.087006359026
882,3,1,8347.698,7841.133668123945,7681.829569323502,7644.9875230486105,6825.7021484375,6940.31103515625,7610.133097518796,8220.993980078625,7638.4,5221.049599999999,7638.4,7651.036400103037
883,1,1,8125.149,7599.128901569669,7767.195347059028,7698.633453881945,6966.19140625,7149.76611328125,7704.779966008181,7681.163133872823,7678.08,5297.270399999999,7678.08,7727.9552359051695
883,2,1,8347.698,7892.606191925983,7784.955160221726,7734.182423791666,6966.19140625,7149.95263671875,7713.661100243284,8181.208111923512,7678.08,5297.270399999999,7678.08,7753.096896002149
883,3,1,8487.549,7918.69872487192,7799.016051112599,7781.53019175,6966.19140625,7150.13916015625,7637.269353663641,8382.48003329503,7678.08,5297.270399999999,7678.08,7724.159087015124
884,1,1,8347.698,8083.065395061124,8151.544206099206,8210.219840152778,7218.51171875,7289.21484375,8077.398181945498,7721.705383894275,8125.149,5390.2937,8125.149,8115.196866404241
884,2,1,8487.549,8394.351672763623,8158.6716156180555,8217.954006069445,7218.51171875,7289.4013671875,8052.301445696444,8237.072165035583,8125.149,5390.2937,8125.149,8117.973259591785
885,1,1,8487.549,8125.209714713363,8293.223543866072,8423.718331375,7390.78369140625,7414.669921875,8295.92321535622,8039.014619128411,8347.698,5496.953233333334,8347.698,8293.463334908698
886,3,1,8558.48,8632.492804876752,8318.168864634921,8483.573549513889,7564.7021484375,7677.81005859375,8294.431501073594,8568.852234270846,8487.549,5615.141433333334,8487.549,8322.796129587443
887,2,1,8558.48,8702.614094844073,8510.735832749802,8567.372476349537,7666.47412109375,7706.14453125,8463.587315332778,8572.324568265843,8487.549,5752.3767333333335,8605.347000000002,8495.133573659024
887,3,1,8250.14,8765.97752279272,8499.154610998017,8567.949930472223,7666.47412109375,7706.3310546875,8411.559722303398,8713.953574774045,8487.549,5752.3767333333335,8605.347000000002,8466.456442129693
888,1,1,8558.48,8278.518333112097,8375.794528472057,8411.180161324075,7616.71533203125,7638.8671875,8311.420299345878,8134.830149753758,8487.549,5884.380066666667,8411.725,8340.70571130683
888,2,1,8250.14,8538.390399455277,8359.336929896626,8368.773561997685,7616.71533203125,7639.0537109375,8215.461976441622,8382.850111657077,8487.549,5884.380066666667,8411.725,8293.23232734639
888,3,1,8385.834,8603.333469610829,8362.244941720239,8393.515372328704,7616.71533203125,7639.240234375,8217.215754963214,8621.551562629658,8487.549,5884.380066666667,8411.725,8299.092483128525
889,1,1,8250.14,8443.980132167933,8534.390486592592,8530.700449349537,7724.9619140625,7740.97216796875,8440.557698305609,8411.381549609338,8558.48,6007.685233333334,8558.48,8483.075546249178
889,2,1,8385.834,8693.4361190805,8472.751941097718,8465.668455759258,7724.9619140625,7741.15869140625,8363.598952799382,8598.301718130651,8558.48,6007.685233333334,8558.48,8424.117260394829
889,3,1,8534.188,8728.138458158603,8481.800054437996,8480.939810729165,7724.9619140625,7741.34521484375,8346.883841916168,8653.06182069801,8558.48,6007.685233333334,8558.48,8421.718362982949
890,1,1,8385.834,8256.338300144267,8272.456062131778,8262.130047349536,7629.2705078125,7655.091796875,8112.1751940017575,8075.7410291403685,8250.14,6121.0274,8250.14,8191.305523198835
890,2,1,8534.188,8483.869298197444,8258.878919200693,8259.778133266203,7629.2705078125,7655.2783203125,8056.82155024715,8323.897272329023,8250.14,6121.0274,8250.14,8166.236345964134
891,1,1,8534.188,8401.715109013838,8321.815220815477,8325.337205979167,7566.45703125,7620.95751953125,8198.189841149748,8114.588497985355,8385.834,6239.5643,8385.834,8261.531619431706
893,3,1,8519.31,8400.073587204372,8408.565349361112,8441.729274280093,7704.2177734375,7753.50244140625,8363.313934204603,8230.965053488839,8534.188,6497.5761,8590.130000000001,8383.140445176552
894,2,1,8519.31,8168.22795723276,8149.658201632441,8257.424051752314,7630.3876953125,7639.60400390625,8086.9259856058015,7968.330761512807,8534.188,6614.321500000001,8332.662,8120.18750911284
895,1,1,8519.31,8171.162616453498,7724.560343748017,7864.624846817131,7340.05712890625,7320.2841796875,7691.410664456538,7846.597609977487,8534.188,6720.719233333334,7830.532000000001,7729.664371695763
896,3,1,5786.144,8271.893332309004,8356.853754494483,8258.090873011573,7905.8251953125,8134.96728515625,8417.6422621648,7946.2240228157425,8519.31,6849.941233333334,8519.31,8375.592698596816
897,2,1,5786.144,5699.451247814848,4503.148622236888,4834.5182829467585,5997.251953125,5872.3466796875,4143.588746856174,6532.50855556655,8519.31,6833.136533333334,4146.6089999999995,4392.82638505102
897,3,1,6300.286,5674.720229850994,4504.702141412483,4834.770018761574,5997.251953125,5872.533203125,4063.043457198688,6266.134469861909,8519.31,6833.136533333334,4146.6089999999995,4352.103024842213
898,1,1,5786.144,4499.079178980937,4846.481718708432,4846.63105036574,6155.779296875,6747.27587890625,4603.341414372403,5748.181452462396,8519.31,6834.197166666667,4610.369999999999,4716.2898005802535
898,2,1,6300.286,4627.528879413294,4878.541931094096,4872.059381407406,6155.779296875,6747.46240234375,4606.637950022421,6164.976967478798,8519.31,6834.197166666667,4610.369999999999,4737.972121077149
899,1,1,6300.286,5520.900639286867,5939.086124295668,6049.51764756713,5810.9384765625,5719.3916015625,5932.965400321978,5227.614448989711,5786.144,6879.116633333334,5786.144,5928.913071079084
900,3,1,6428.555,6056.958717081514,6227.797546641369,6330.552072099537,5999.6845703125,6087.8916015625,6310.857453400863,5485.45302900967,6300.286,6935.2918,6300.286,6266.508686489306
901,2,1,6428.555,6355.02589422008,6485.451774836805,6541.482800932869,6423.9873046875,6752.73828125,6653.359530905971,5632.67350368542,6300.286,6997.8204,6647.567999999999,6564.0062717981955
901,3,1,6845.877,6317.572392058091,6463.313603960317,6523.761096905092,6423.9873046875,6752.9248046875,6610.28327370606,5595.219202972969,6300.286,6997.8204,6647.567999999999,6530.493820786416
902,1,1,6428.555,6312.094843939496,6508.981205374901,6563.983448305556,6573.90185546875,7034.7177734375,6647.373872737069,5673.893371825101,6300.286,7051.5399,6621.557,6571.212236534307
902,2,1,6845.877,6441.55777786194,6518.396257579761,6607.242553152778,6573.90185546875,7034.904296875,6658.948277356542,5798.8973298532255,6300.286,7051.5399,6621.557,6588.210387111911
902,3,1,7509.176,6511.453572677214,6486.650765700793,6586.6981288125,6573.90185546875,7035.0908203125,6587.605723978835,5755.194372781973,6300.286,7051.5399,6621.557,6540.322726238281
903,1,1,6845.877,6184.838761744263,6310.844851227679,6295.142518875,6822.7177734375,7066.8134765625,6450.890353616788,5854.931780097953,6428.555,7089.550799999999,6428.555,6372.970614682664
903,2,1,7509.176,6206.864330993346,6310.894779836806,6273.630105527778,6822.7177734375,7067.0,6453.791198003353,5639.6858626019475,6428.555,7089.550799999999,6428.555,6374.216927111546
903,3,1,7723.975,6182.9997460610875,6294.084484975198,6260.509921800926,6822.7177734375,7067.1865234375,6384.556956628956,5613.830699562788,6428.555,7089.550799999999,6428.555,6330.614643505907
904,1,1,7509.176,6888.072122059983,6697.798732226191,6765.834382861111,7038.29931640625,7527.138671875,6856.78995050321,6457.823707833481,6845.877,7139.2673,6845.877,6785.066727849361
904,2,1,7723.975,7068.923795383589,6680.232451121776,6735.888148333333,7038.29931640625,7527.3251953125,6858.804962909752,6381.361492841981,6845.877,7139.2673,6845.877,6783.925818376051
904,3,1,7725.894,7037.000104658774,6662.129368294395,6724.06908707176,7038.29931640625,7527.51171875,6782.88399939987,6408.208488509324,6845.877,7139.2673,6845.877,6736.163211921357
905,1,1,7723.975,7433.776907443152,7287.155746167659,7381.1973973587965,7478.03662109375,7876.71240234375,7407.046303452026,8131.227218260565,7509.176,7211.4811666666665,7509.176,7352.771471574953
905,2,1,7725.894,7571.963496076105,7265.197459157491,7354.362158435186,7478.03662109375,7876.89892578125,7329.505772018713,8120.689268540018,7509.176,7211.4811666666665,7509.176,7308.294736447531
906,1,1,7725.894,7625.944195658521,7486.080609339286,7668.797001222222,7662.62890625,8018.73388671875,7613.492934845196,7959.158684264087,7723.975,7291.2178,7723.975,7559.2982971591755
907,3,1,7737.525,7706.226081975171,7449.881906039931,7629.4715154861115,7458.24609375,7820.7890625,7550.634415518221,8079.666546092897,7725.894,7363.0162,7725.894,7513.1664081579365
908,2,1,7737.525,7794.451828151983,7436.90282854861,7644.798559104165,7459.10400390625,7676.26513671875,7608.581095497364,8014.171650157447,7725.894,7420.465999999999,7729.248999999999,7540.743332498322
908,3,1,7886.892,7838.113877212874,7419.266848528769,7647.516498541665,7459.10400390625,7676.45166015625,7575.209389320949,8038.020967096341,7725.894,7420.465999999999,7729.248999999999,7518.1769942120345
909,1,1,7737.525,8000.611483709315,7640.39709315625,7861.591181541667,7480.0,7633.4658203125,7820.559097322922,8055.033174885735,7725.894,7471.7254,7908.406,7749.806107865172
909,2,1,7886.892,8128.389868174515,7605.277995605902,7850.248706354167,7480.0,7633.65234375,7787.697256650635,8018.561613966895,7725.894,7471.7254,7908.406,7722.468790553171
909,3,1,7925.522,8186.190782155023,7606.057710303323,7857.7576741249995,7480.0,7633.8388671875,7753.583984913763,8087.817474119128,7725.894,7471.7254,7908.406,7708.258489540962
910,1,1,7886.892,8058.070914148408,7637.202182563988,7709.197759506944,7176.09716796875,7052.83251953125,7605.227935141659,8178.990994568566,7737.525,7508.343033333334,7737.525,7638.632463215016
910,2,1,7925.522,8120.566974162134,7641.560367324157,7696.4600020416665,7176.09716796875,7053.01904296875,7604.17881668613,8148.084145120812,7737.525,7508.343033333334,7737.525,7641.742487671229
910,3,1,8053.936,8291.110501906513,7646.524098289434,7717.211269340277,7176.09716796875,7053.20556640625,7605.051951717372,8232.760257606422,7737.525,7508.343033333334,7737.525,7651.891697212689
911,1,1,7925.522,8186.853457287797,7820.569729299107,7932.57382243287,7352.37451171875,7260.2177734375,7774.399727779114,8129.857520176859,7886.892,7530.110233333334,7886.892,7815.533996788232
911,2,1,8053.936,8222.104138166811,7816.451264534226,7945.442119516203,7352.37451171875,7260.404296875,7766.212147570112,8152.236232876615,7886.892,7530.110233333334,7886.892,7811.637257814011
911,3,1,8334.01,8285.044303010438,7826.988345554563,7933.2480413981475,7352.37451171875,7260.5908203125,7737.730427340238,8236.221784079267,7886.892,7530.110233333334,7886.892,7803.678164569302
912,1,1,8053.936,8121.647222904474,7819.971077224703,7972.139564791666,7388.92626953125,7167.78759765625,7829.747492238019,8174.262519278918,7925.522,7539.680966666667,7925.522,7841.702572956639
912,2,1,8334.01,8152.504732203157,7825.8972570977185,7974.339889118055,7388.92626953125,7167.97412109375,7829.307794507424,8221.828544659305,7925.522,7539.680966666667,7925.522,7845.330897949001
913,1,1,8334.01,8020.34057257903,7866.541564761905,8070.949629854166,7456.63525390625,7316.7890625,8006.5817415439315,8079.4991083215255,8053.936,7552.2095,8053.936,7948.841100959197
914,3,1,7698.5715,8172.5454118893285,8022.390850165427,8267.11291126852,7829.4931640625,7767.7373046875,8104.314462185214,8073.604065582414,8334.01,7559.171533333332,8334.01,8074.618238227884
915,2,1,7698.5715,8229.840189806888,8092.382172786708,8279.380226851854,7875.083984375,7807.3017578125,7973.071099512033,7843.132981859837,8334.01,7560.130666666666,8376.472000000002,8040.763503163142
915,3,1,6719.002,8194.538275313858,8074.059193839783,8230.593215622686,7875.083984375,7807.48828125,7954.595167735404,7780.4905032446295,8334.01,7560.130666666666,8376.472000000002,8019.783574688553
916,1,1,7698.5715,8058.056090259948,7970.359685449157,8087.325270277778,7729.56494140625,7550.3212890625,7713.218792703281,7862.472485906144,8334.01,7547.4414333333325,8106.872,7847.372491406597
916,2,1,6719.002,8096.752891027351,7945.328216745288,8037.706111736111,7729.56494140625,7550.5078125,7700.552845677361,8007.1205906889345,8334.01,7547.4414333333325,8106.872,7829.207946583983
916,3,1,6731.01,8173.688454553323,7937.734281401538,7996.598203541666,7729.56494140625,7550.6943359375,7628.879230400425,7944.784381243811,8334.01,7547.4414333333325,8106.872,7790.818100995432
917,1,1,6719.002,7713.309353782943,7627.454675573908,7701.578434631944,7475.1982421875,7475.0732421875,7429.34803185716,7830.409348854964,7698.5715,7517.215583333334,7698.5715,7533.359099762763
917,2,1,6731.01,7779.703643131114,7628.486872876984,7701.880429388889,7475.1982421875,7475.259765625,7411.625307363503,7744.882840185713,7698.5715,7517.215583333334,7698.5715,7527.459684168827
917,3,1,7143.668,7839.940459873197,7627.92068140129,7701.074206611111,7475.1982421875,7475.4462890625,7503.451192921765,7691.796722030997,7698.5715,7517.215583333334,7698.5715,7575.6074960240085
918,1,1,6731.01,6990.285585984243,6750.654648646826,6780.518598250001,6784.90478515625,6757.48779296875,6604.03463035328,6673.5572046398975,6719.002,7460.791483333333,6719.002,6688.376688394997
918,2,1,7143.668,7011.101170005713,6788.480667350199,6814.875257243056,6784.90478515625,6757.67431640625,6538.826511708109,6463.447601631691,6719.002,7460.791483333333,6719.002,6674.461001017836
918,3,1,7437.05,7181.415032549132,6787.529860274306,6831.252220430556,6784.90478515625,6757.86083984375,6692.633111507662,6522.600692777623,6719.002,7460.791483333333,6719.002,6758.651408897779
919,1,1,7143.668,6761.867687225274,6812.894103871032,6906.582722694445,6804.7294921875,7288.20703125,6672.26232346736,6239.479700522052,6731.01,7399.875816666667,6731.01,6746.799953261994
919,2,1,7437.05,7022.486362600229,6842.143762704862,6959.424209638889,6804.7294921875,7288.3935546875,6667.093210381493,6471.640801647999,6731.01,7399.875816666667,6731.01,6769.449016325268
920,1,1,7437.05,7223.787684807996,7221.982283923476,7333.108984756944,6938.67529296875,7539.43017578125,7328.3364840955755,7247.407242499679,7143.668,7362.993416666667,7143.668,7282.769637587197
921,3,1,7262.153,7730.790042808303,7505.773669263889,7645.212038347222,7174.14501953125,7823.36376953125,7866.571309660477,7882.161669132816,7437.05,7331.367283333334,7437.05,7704.123176145118
922,2,1,7262.153,7710.752333201735,7496.947729923363,7656.422399555555,7254.04541015625,7910.1689453125,7985.238397218257,7780.542229150672,7437.05,7294.409350000001,7425.45,7759.973481793933
922,3,1,7018.645,7689.15583964181,7494.519462389137,7663.933393618056,7254.04541015625,7910.35546875,8139.602149467981,7925.244498742988,7437.05,7294.409350000001,7425.45,7836.013844970238
923,1,1,7262.153,7610.806727374176,7593.209602772321,7713.136038611111,7299.22607421875,7869.08642578125,7982.230055031208,7903.027976113312,7437.05,7259.163350000001,7532.75,7796.634035331034
923,2,1,7018.645,7722.043257365835,7582.717190822917,7744.651872451389,7299.22607421875,7869.27294921875,8102.9278843311695,7999.938357244908,7437.05,7259.163350000001,7532.75,7858.570319235488
923,3,1,7306.407,7618.435684909533,7578.850272293154,7750.395495756944,7299.22607421875,7869.45947265625,8234.721432609804,8125.377619296847,7437.05,7259.163350000001,7532.75,7919.423519352514
924,1,1,7018.645,7347.861534716337,7407.365190758681,7468.3686461875,7218.68408203125,7871.12744140625,7572.6447236412605,7312.557205077868,7262.153,7223.479716666667,7262.153,7494.38143090031
924,2,1,7306.407,7687.410329899432,7438.056141914931,7505.480794645833,7218.68408203125,7871.31396484375,7673.7115806077145,7576.109461047931,7262.153,7223.479716666667,7262.153,7573.252645026388
924,3,1,7617.406,7738.355284401126,7451.432607116816,7512.965207951389,7218.68408203125,7871.50048828125,7766.674881261292,7850.725079923307,7262.153,7223.479716666667,7262.153,7628.047714085454
925,1,1,7306.407,7202.677474544154,7181.522772244792,7229.434348923612,6910.3046875,7541.28564453125,7354.167930259706,7094.44993033999,7018.645,7196.416816666666,7018.645,7275.064748110098
925,2,1,7617.406,7536.783403865372,7203.282466587054,7322.46876013889,6910.3046875,7541.47216796875,7419.724262959426,7488.190643411116,7018.645,7196.416816666666,7018.645,7334.832190186411
925,3,1,7952.04,7671.733468835076,7242.813759760666,7349.008876326389,6910.3046875,7541.65869140625,7469.247647008226,7931.561390392858,7018.645,7196.416816666666,7018.645,7383.263847798906
926,1,1,7617.406,7375.0551616198745,7458.781621847087,7491.546289208333,7020.2685546875,7743.3076171875,7640.620637313628,7479.09919349291,7306.407,7155.986716666666,7306.407,7551.935098988965
926,2,1,7952.04,7789.1555724104155,7478.604210857504,7567.222993791666,7020.2685546875,7743.494140625,7739.475399021979,7897.9527635221675,7306.407,7155.986716666666,7306.407,7629.788185229762
927,1,1,7952.04,7739.7950340856305,7746.596714909587,7797.539395208333,7228.98583984375,7983.76123046875,7914.428435985467,7916.559874163781,7617.406,7271.679950000001,7617.406,7836.054574976479
928,3,1,8208.783,7758.360215695401,7857.597189464121,7931.271889361111,7619.685546875,7883.5205078125,8466.844252803086,8025.054873385549,7952.04,7383.06895,7952.04,8161.4222510054515
929,2,1,8208.783,7906.750014744514,8074.433041763144,8162.470298874999,7759.54638671875,7876.27978515625,8477.558054662712,8292.333580423008,7952.04,7464.293483333333,8222.88,8271.618532706632
929,3,1,7880.994,7847.768786100978,8068.640008477926,8142.742010090276,7759.54638671875,7876.46630859375,8624.813916047648,8212.113125155827,7952.04,7464.293483333333,8222.88,8339.842563458273
930,1,1,8208.783,8135.2344771504295,8246.62479042485,8309.759232027776,7820.4287109375,7824.2890625,8644.504912207403,8329.833204582876,7952.04,7532.696616666667,8352.38,8443.032978714196
930,2,1,7880.994,8050.2909136369635,8230.925143595485,8288.671044375,7820.4287109375,7824.4755859375,8698.316205344814,8244.349609467297,7952.04,7532.696616666667,8352.38,8458.980601086609
930,3,1,8144.934,7968.303924790282,8227.598646272072,8253.572168930554,7820.4287109375,7824.662109375,8868.665265683176,8219.881780885162,7952.04,7532.696616666667,8352.38,8538.219585471159
931,1,1,7880.994,8149.646712073113,8185.753171504824,8257.431837898148,7876.60400390625,7817.33349609375,8195.56564142209,8515.872671557909,8208.783,7584.737116666667,8208.783,8192.373230904033
931,2,1,8144.934,8165.9944110585,8169.658084858991,8252.195770224536,7876.60400390625,7817.52001953125,8053.798096833067,8533.078664397512,8208.783,7584.737116666667,8208.783,8114.5789634513385
931,3,1,8276.32,8099.403828777086,8155.350296216134,8258.726343224536,7876.60400390625,7817.70654296875,8276.211309016515,8465.166170862149,8208.783,7584.737116666667,8208.783,8217.903035693793
932,1,1,8144.934,7929.489696660731,7960.694666273065,7974.210514842593,7497.88671875,7507.4189453125,8028.85109701488,8271.76800298918,7880.994,7626.71835,7880.994,7996.179828263648
932,2,1,8276.32,8028.010013677562,7969.718007498759,8019.379324564815,7497.88671875,7507.60546875,8063.867759065082,8306.03654668231,7880.994,7626.71835,7880.994,8023.6950020989825
933,1,1,8276.32,8331.775142669905,8240.80005361607,8158.511317229167,7757.43408203125,7698.09716796875,8018.770360004486,7995.413197785001,8144.934,7683.930983333335,8144.934,8130.7656791504
936,3,1,8892.592,8425.32098722408,8528.271562398344,8503.827229069444,8032.755859375,7911.98486328125,8476.520138316408,8568.585600698816,8276.32,7791.885516666666,8576.608,8496.038871514822
937,2,1,8892.592,8503.585198362092,8505.088992102212,8534.672883125,7972.6181640625,7833.861328125,8145.68740604178,8519.349079046047,8276.32,7817.838383333333,8504.48,8325.99047832492
937,3,1,8803.272,8473.48880713867,8503.047012497549,8505.878304638889,7972.6181640625,7834.0478515625,8378.127644137157,8451.672475251666,8276.32,7817.838383333333,8504.48,8439.275675465895
938,1,1,8892.592,8887.570803808256,8876.408805741237,8818.743379259258,8203.5849609375,8003.248046875,8967.02562122035,8770.90890291296,8276.32,7855.725283333333,8865.856,8919.704992356228
938,2,1,8803.272,8694.396842646765,8851.124761044477,8784.93055005787,8203.5849609375,8003.4345703125,9321.045786401224,8672.246040390242,8276.32,7855.725283333333,8865.856,9077.535817190479
938,3,1,8383.368,8590.268516076745,8846.542918522486,8739.709241238426,8203.5849609375,8003.62109375,9103.493893863093,8466.164734041911,8276.32,7855.725283333333,8865.856,8960.02931030701
939,1,1,8803.272,8955.614343641064,8897.378339431107,8735.40109725463,8500.84375,8550.1005859375,8805.309651660138,8975.808964125947,8892.592,7888.531483333333,8892.592,8845.366468431777
939,2,1,8383.368,8874.970767358125,8842.67577072823,8657.991055761575,8500.84375,8550.287109375,8635.322354004593,8886.976185390366,8892.592,7888.531483333333,8892.592,8729.411888209816
939,3,1,8269.206,8797.073718553575,8807.395166091821,8619.076214604167,8500.84375,8550.4736328125,8874.037144344182,8801.523611751245,8892.592,7888.531483333333,8892.592,8829.167813125296
940,1,1,8383.368,8849.637122873655,8564.001130854058,8663.322273037038,8436.767578125,8410.208984375,8896.656236053788,8876.649375248044,8803.272,7924.056383333333,8803.272,8741.697045834047
940,2,1,8269.206,8616.865472352803,8528.978393845096,8580.890250481483,8436.767578125,8410.39453125,9003.984498829055,8856.106699923012,8803.272,7924.056383333333,8803.272,8767.459487537819
941,1,1,8269.206,8596.281680850165,8423.086465072947,8329.720142180557,7960.4443359375,7927.6533203125,8433.795608115182,8730.763162498908,8383.368,7940.605583333334,8383.368,8431.31000940673
942,3,1,8268.26,8541.573592953646,8267.252043189514,8176.549280236111,7973.6533203125,7908.31298828125,8767.33686080315,8584.120963106318,8269.206,7952.061716666667,8269.206,8524.379089161972
943,2,1,8268.26,8348.742520464682,8089.762837147186,7993.809354993055,7890.12744140625,7809.2802734375,8131.057147193465,8268.411001977103,8269.206,7951.02825,8022.932,8117.106897414662
943,3,1,8154.097,8306.376280098099,8102.283941858495,8002.810931701389,7890.12744140625,7809.466796875,8207.874935788624,8243.505974088564,8269.206,7951.02825,8022.932,8159.925304086358
944,1,1,8268.26,8462.170782268502,8148.9833162126615,8037.647268104166,7968.3447265625,8004.95361328125,8166.127053984934,8338.785539737042,8269.206,7944.009650000001,8123.451999999999,8164.586503269614
944,2,1,8154.097,8495.542392069365,8157.450319734652,8018.737948881943,7968.3447265625,8005.14013671875,8116.539579484981,8375.446247732069,8269.206,7944.009650000001,8123.451999999999,8143.664135108303
944,3,1,8244.288,8472.494216745888,8166.330505198277,8003.047325972221,7968.3447265625,8005.32666015625,8194.156707672126,8323.634175467756,8269.206,7944.009650000001,8123.451999999999,8184.817701927084
945,1,1,8154.097,8342.569578056602,8244.206240054924,8182.1003403125005,8021.7431640625,7819.89453125,7891.88574132009,8557.431620959527,8268.26,7940.4025833333335,8268.26,8067.356527544689
945,2,1,8244.288,8333.432946771676,8217.733871289216,8173.684631520833,8021.7431640625,7820.0810546875,7913.105394372128,8483.253439783843,8268.26,7940.4025833333335,8268.26,8065.820333159434
945,3,1,7651.3885,8331.047725098217,8221.187400439348,8162.475053854167,8021.7431640625,7820.267578125,7805.680983765207,8362.847665344387,8268.26,7940.4025833333335,8268.26,8012.697605983069
946,1,1,8244.288,8110.728737517313,8173.584620968253,8162.515757256944,7968.330078125,8313.9716796875,7980.221636621756,8198.864675199524,8154.097,7941.97675,8154.097,8073.9266802540305
946,2,1,7651.3885,8352.557934092925,8150.815712277281,8116.048902986111,7968.330078125,8314.158203125,7972.855484627421,8457.911280337154,8154.097,7941.97675,8154.097,8067.3370454185415
946,3,1,7546.104,8357.380270340944,8136.306179136408,8079.19087575,7968.330078125,8314.34375,7953.595285283261,8523.808614686379,8154.097,7941.97675,8154.097,8049.741959890815
947,1,1,7651.3885,8178.44366849101,8257.046142605952,8100.084368592593,8218.2880859375,8218.8544921875,7976.153490466903,8674.22986212385,8244.288,7960.1673,8244.288,8105.372220800489
947,2,1,7546.104,8027.027948074413,8208.96943297348,8015.390213738427,8218.2880859375,8219.041015625,7960.421171186887,8460.338201247716,8244.288,7960.1673,8244.288,8066.6877855708535
948,1,1,7546.104,7638.126377906386,7633.652832750992,7554.446082611111,7818.3681640625,7822.9619140625,7817.788045362745,8382.965001865117,7651.3885,7991.2468499999995,7651.3885,7721.9640916309345
949,3,1,7375.836,7381.236996304594,7453.150446866237,7410.243021201389,7809.8759765625,7900.501953125,7819.499296587027,8194.182220120741,7546.104,8018.41665,7546.104,7630.212529959652
950,2,1,7375.836,7086.094655391887,6977.05690506498,7010.783763354167,7581.82958984375,7791.990234375,7342.214294468059,7534.7518212580835,7546.104,8012.397516666666,6963.094,7166.653875173415
951,1,1,7375.836,7254.505645658171,7252.912778440973,7222.692889923612,7770.04296875,8158.60302734375,7433.946625546037,7848.579330284868,7546.104,8005.226183333333,7221.910000000001,7343.086802667476
951,3,1,6797.4075,7046.8973700516335,7208.433695152447,7184.575769236112,7770.04296875,8158.97607421875,7451.51319526582,7745.552854082274,7546.104,8005.226183333333,7221.910000000001,7322.859068099423
952,2,1,6797.4075,7245.418838755435,7404.591311577878,7333.682867291667,7803.3251953125,8110.4755859375,6979.411399987577,7731.507615385489,7375.836,8003.572383333333,7375.836,7182.012304904206
952,3,1,6583.227,7145.016029953105,7395.276268444941,7329.180998965278,7803.3251953125,8110.662109375,6914.2618064707785,7476.1548793937745,7375.836,8003.572383333333,7375.836,7141.19655977733
953,1,1,6797.4075,7244.847225897451,7307.06384726875,7112.919825409722,7677.8623046875,8062.85498046875,6778.533174905149,7408.714723102565,7375.836,7985.835916666666,7000.656,7036.278886481511
953,2,1,6583.227,7216.97101997362,7317.247748578274,7145.320143472222,7677.8623046875,8063.04150390625,6657.025512472375,7528.196193226709,7375.836,7985.835916666666,7000.656,6980.191216413067
953,3,1,6727.602,7187.7573147251505,7334.571442058829,7169.815333229167,7677.8623046875,8063.2275390625,6574.16555893793,7563.812020617514,7375.836,7985.835916666666,7000.656,6946.151706075682
954,1,1,6583.227,7177.558563681804,7164.350350168453,7074.538576604167,7401.3642578125,7644.35009765625,6529.311828153738,6911.834415627921,6797.4075,7970.3444,6797.4075,6849.513259224726
954,2,1,6727.602,7283.958518584008,7199.91595282123,7145.3323237916675,7401.3642578125,7644.53662109375,6347.964943185956,6985.752537719694,6797.4075,7970.3444,6797.4075,6781.382975051327
955,1,1,6727.602,6966.895710553421,6932.227289701438,6883.899945993056,7190.228515625,7645.07763671875,6621.79553614273,6913.120681658874,6583.227,7955.830466666667,6583.227,6782.944405843388
956,3,1,6324.234,7257.390143267762,6941.4607629133925,7086.322685270834,7235.611328125,7742.14208984375,7299.307508011005,6846.576244857122,6727.602,7936.536966666667,6727.602,7145.300095533259
957,2,1,6324.234,7097.93605191563,6836.477179574404,6819.649529270832,7099.35888671875,7656.77099609375,6933.801336472833,6693.6241524522475,6727.602,7900.291233333333,6530.033999999999,6901.333279568302
957,3,1,6126.9595,7152.138155285708,6856.10644307361,6882.083946451388,7099.35888671875,7656.95751953125,7103.739741674749,6703.783767643253,6727.602,7900.291233333333,6530.033999999999,7000.365533840395
958,1,1,6324.234,6871.143739310355,6695.326459842261,6658.655435354166,7041.8037109375,7660.65087890625,6831.271006889146,6650.972147679753,6727.602,7849.529633333334,6429.191999999999,6774.416251038449
958,2,1,6126.9595,6908.794508992843,6739.580246206348,6722.7859861874995,7041.8037109375,7660.83740234375,6995.895258436986,6652.629724451851,6727.602,7849.529633333334,6429.191999999999,6880.85713672914
958,3,1,6135.937,6991.934157192315,6767.280481808729,6765.264941166666,7041.8037109375,7661.02392578125,6995.872562248582,6640.136508409441,6727.602,7849.529633333334,6429.191999999999,6898.108153130031
959,1,1,6126.9595,6698.604498748001,6576.709983581598,6571.510407354167,6999.6845703125,7474.552734375,6648.314286542641,6813.791190062461,6324.234,7786.241433333333,6324.234,6622.686494390491
959,2,1,6135.937,6834.382672787514,6618.986358465278,6621.251817284723,6999.6845703125,7474.7392578125,6678.349793378831,6839.58838746869,6324.234,7786.241433333333,6324.234,6663.705700920037
959,3,1,6522.763,6895.759338980268,6632.827067627182,6669.373302270834,6999.6845703125,7474.92578125,6674.801061703164,6656.0313095591355,6324.234,7786.241433333333,6324.234,6672.6530761628665
960,1,1,6135.937,6456.336556492848,6383.855674265625,6368.390725708333,6818.50146484375,7265.57373046875,6472.519550215105,6142.256123488557,6126.9595,7712.06075,6126.9595,6436.093986106301
960,2,1,6522.763,6531.321551952269,6431.337948264385,6424.881699041666,6818.50146484375,7265.76025390625,6481.435066324199,6219.973243397094,6126.9595,7712.06075,6126.9595,6466.760466338671
960,3,1,7045.4205,6637.129322662332,6466.908975245734,6469.260656159722,6818.50146484375,7265.94677734375,6545.707239338647,6127.053589877016,6126.9595,7712.06075,6126.9595,6520.667750625524
961,1,1,6522.763,6381.358608631692,6334.775367978753,6318.071823875,6824.23291015625,7342.91357421875,6424.160242067843,6182.995105393554,6135.937,7642.965883333333,6135.937,6385.034310333138
961,2,1,7045.4205,6447.1227294644705,6378.428852258763,6385.194886131944,6824.23291015625,7343.10009765625,6489.49081574981,6258.809870033496,6135.937,7642.965883333333,6135.937,6442.565333324388
962,1,1,7045.4205,6762.7327306688,6699.2993740235615,6701.930281791667,7183.58544921875,7622.87158203125,6715.096723417156,6654.267059767672,6522.763,7597.691516666667,6522.763,6713.711401916149
963,3,1,7186.4175,6876.202633963172,7051.751253256647,7140.789455555556,7386.53955078125,7845.0947265625,7211.166876611229,7693.647575236823,7045.4205,7561.041066666668,7045.4205,7129.699386498439
964,2,1,7186.4175,7192.72970308194,7178.530685004795,7278.782347708333,7540.7431640625,7795.61865234375,7079.729825707988,8012.336187571587,7045.4205,7524.440433333334,7178.3009999999995,7134.463554577872
964,3,1,7247.834,7115.013499959228,7193.677451096428,7290.518338124999,7540.7431640625,7795.80517578125,7059.58507674378,7987.58589578674,7045.4205,7524.440433333334,7178.3009999999995,7128.492137333191
965,1,1,7186.4175,7092.3974624701,7129.996948682373,7127.538529166666,7404.13818359375,7600.9814453125,7171.766194437816,7737.198860757419,7045.4205,7477.015166666666,7041.977999999999,7151.368147006798
965,2,1,7247.834,7090.066303904476,7156.619934725363,7122.194665416666,7404.13818359375,7601.16796875,7126.160041130638,7737.943013380772,7045.4205,7477.015166666666,7041.977999999999,7139.592316945137
965,3,1,7214.931,6973.05868131321,7178.252723393385,7142.451817472222,7404.13818359375,7601.3544921875,7160.157322641115,7698.3655239804775,7045.4205,7477.015166666666,7041.977999999999,7162.538071130288
966,1,1,7247.834,7239.238174313597,7287.732677081679,7297.022025055555,7343.51611328125,7928.4375,7436.996336080613,7751.719197667525,7186.4175,7430.675483333333,7186.4175,7363.5654947817675
966,2,1,7214.931,7545.4714890377745,7325.207557065641,7295.444224062499,7343.51611328125,7928.6240234375,7538.7339936416065,8100.444669211998,7186.4175,7430.675483333333,7186.4175,7442.490734348541
966,3,1,7350.264,7423.8639430308685,7340.893869629497,7325.8086844097215,7343.51611328125,7928.810546875,7485.542079714599,8256.256137241398,7186.4175,7430.675483333333,7186.4175,7419.402818731651
967,1,1,7214.931,7300.809532492135,7407.591727871858,7364.5755110625,7378.74365234375,7850.60009765625,7670.093856171088,7824.896120405661,7247.834,7388.787283333334,7247.834,7536.75489942901
967,2,1,7350.264,7629.451908070246,7444.817814881118,7366.636977263888,7378.74365234375,7850.78662109375,7651.326403263763,8110.601227477929,7247.834,7388.787283333334,7247.834,7556.080995490628
967,3,1,7581.672,7512.71797129991,7459.580770565806,7397.261393715277,7378.74365234375,7850.97314453125,7944.453299573064,8251.523997929075,7247.834,7388.787283333334,7247.834,7706.756409566182
968,1,1,7350.264,7493.110636094937,7377.0181116538515,7357.691476256944,7281.65283203125,7747.53173828125,7620.769197328739,7866.423944735945,7214.931,7333.756450000001,7214.931,7506.533314422944
968,2,1,7581.672,7816.336308528604,7421.1575544971065,7392.416331159721,7281.65283203125,7747.71826171875,7787.432017310339,8187.319464039756,7214.931,7333.756450000001,7214.931,7623.413969112106
969,1,1,7581.672,7652.8074036413955,7553.416280269428,7533.578463451389,7302.392578125,7669.10986328125,7932.99860715143,8020.144662919683,7350.264,7282.345516666667,7350.264,7751.4077905862305
970,3,2,7629.11,7737.604538233393,7588.676420999206,7608.123424486111,7415.7626953125,7449.1318359375,7770.289245809166,8025.726353856096,7581.672,7241.625516666667,7581.672,7638.173216112814
971,2,2,7629.11,7744.428220418634,7606.92421537619,7624.095136291666,7446.908203125,7493.9970703125,7852.898446562106,7857.297562972742,7581.672,7215.83985,7609.797999999999,7675.85533361091
972,1,2,7629.11,7576.220795769038,7513.743757562499,7538.217569638889,7367.91796875,7445.09130859375,7781.7309325898195,7502.215665313902,7581.672,7189.880783333332,7490.433999999999,7580.06247922121
972,3,2,7799.493,7637.219844678515,7550.50270469623,7579.834100895832,7367.91796875,7446.86181640625,7816.144920203278,7587.575486779115,7581.672,7189.880783333332,7490.433999999999,7602.943851593196
973,2,2,7799.493,7704.889210048077,7648.015500988095,7730.897368895833,7463.36474609375,7496.37548828125,7947.727633309238,7835.755270407963,7629.11,7176.753383333333,7629.11,7744.068106182639
973,3,2,7849.82,7717.900665297501,7655.274107594246,7732.583192479166,7463.36474609375,7497.2607421875,7957.653573628821,7845.142683436599,7629.11,7176.753383333333,7629.11,7747.141879255725
974,1,2,7799.493,7847.234507885158,7609.107654971725,7723.472350291666,7519.04296875,7558.72412109375,7829.19381875342,7770.867803161543,7629.11,7159.615083333333,7609.302999999999,7703.649749489933
974,2,2,7849.82,7870.665779335441,7623.07231497609,7739.988108229166,7519.04296875,7559.60986328125,7883.047482133721,7799.7696786586885,7629.11,7159.615083333333,7609.302999999999,7722.844967996291
974,3,2,7565.724,7953.015912799,7634.412156304463,7725.2901585694435,7519.04296875,7560.4951171875,7932.23886660257,7804.739989081783,7629.11,7159.615083333333,7609.302999999999,7730.200248249025
975,1,2,7849.82,7939.064492836421,7715.813810512401,7812.895942777778,7632.89111328125,7733.35302734375,8063.942005950697,7708.258622497539,7799.493,7143.9895166666665,7799.493,7870.61670983729
975,2,2,7565.724,7940.988185524259,7688.5341606522825,7784.059206159723,7632.89111328125,7734.23876953125,8125.990001521774,7771.99605026833,7799.493,7143.9895166666665,7799.493,7876.3754120491985
976,1,2,7565.724,7929.140594529728,7826.540982960317,7926.376426229166,7573.771484375,7577.8466796875,8137.523444691193,7787.0940396885935,7849.82,7133.84695,7849.82,7948.37689318033
977,3,2,8361.834,7893.595114835837,7640.63875597123,7699.672177666667,7396.1650390625,7345.92919921875,7965.541195649077,7894.988118135583,7565.724,7111.22815,7565.724,7712.104827360281
978,2,2,8361.834,7749.240616301544,7624.547356664494,7648.1880629861125,7355.646484375,7276.89306640625,7879.645858101363,7908.149117063829,7565.724,7107.4150666666665,7536.996000000001,7661.215248616686
978,3,2,7216.242,7875.166340375949,7647.168827848621,7699.4588082291675,7355.646484375,7277.7783203125,7938.701082824415,7923.50837144825,7565.724,7107.4150666666665,7536.996000000001,7693.596278870254
979,1,2,8361.834,7839.438200663777,7710.569423473215,7805.865046673612,7549.30126953125,7474.13671875,8053.426668330622,7884.137120111397,7565.724,7116.847066666666,7829.064,7877.592668557195
979,2,2,7216.242,7884.332740188734,7704.57646758135,7818.114598784722,7549.30126953125,7475.02197265625,8098.267900118628,7960.4728744800195,7565.724,7116.847066666666,7829.064,7893.062178032445
979,3,2,6991.53,8014.331477622228,7725.456517095834,7844.089618388889,7549.30126953125,7475.90771484375,8213.366234889612,7976.673602687907,7565.724,7116.847066666666,7829.064,7930.900978882723
980,1,2,7216.242,8026.270580327983,8153.896799217759,8276.030983944445,7837.77783203125,7830.630859375,8614.339849215623,8075.912067349862,8361.834,7163.471733333334,8361.834,8396.050457358193
980,2,2,6991.53,8049.807346405903,8079.172791755457,8237.857181354168,7837.77783203125,7831.51611328125,8666.749093256272,8078.102981147963,8361.834,7163.471733333334,8361.834,8396.192967040068
980,3,2,6937.017,8110.4674056252625,8055.698528375497,8212.626459222223,7837.77783203125,7832.40185546875,8683.946565398539,8095.044903019647,8361.834,7163.471733333334,8361.834,8391.898198158042
981,1,2,6991.53,7194.877233268148,7230.3507774632035,7275.694903944444,7165.6025390625,7007.11669921875,7462.475096477593,7485.641639813573,7216.242,7163.2828,7216.242,7298.518837692361
981,2,2,6937.017,7260.379632423421,7222.944824004771,7308.110447361111,7165.6025390625,7008.001953125,7501.8200342125,7546.360584765271,7216.242,7163.2828,7216.242,7319.496703558685
981,3,2,6908.4765,7253.581780221712,7243.730227821239,7340.726553,7165.6025390625,7008.88720703125,7549.02163377613,7558.352670634453,7216.242,7163.2828,7216.242,7342.520085201674
982,1,2,6937.017,7214.1796200534245,7116.718035045866,7123.286571506944,7006.92529296875,6888.4375,7266.638991971352,7506.982935913397,6991.53,7150.472599999999,6991.53,7105.781475274517
982,2,2,6908.4765,7275.505193653467,7165.4798531986435,7184.4616714583335,7006.92529296875,6889.3232421875,7308.559739564853,7583.588296862784,6991.53,7150.472599999999,6991.53,7137.235594468389
983,1,2,6908.4765,7111.260539264931,7098.220883175231,7069.267997361111,7028.37890625,6898.7783203125,7190.3850669293915,7522.4856973594,6937.017,7148.351299999999,6937.017,7045.966753865871
984,3,2,7703.3055,7083.811683795909,7114.949229209457,7156.593519097222,7055.189453125,7042.81494140625,7305.776091419141,7237.673273402387,6908.4765,7152.0536,6908.4765,7093.239125590149
985,2,2,7703.3055,6690.801231233204,6640.961767695139,6667.519338111111,6790.76513671875,6749.21240234375,6760.16606423568,6829.257237842405,6908.4765,7146.17955,6407.0055,6584.897800150529
985,3,2,7577.0575,6836.7479705131045,6663.432361206151,6724.438029583333,6790.76513671875,6750.09814453125,6779.560474773155,6863.026254618404,6908.4765,7146.17955,6407.0055,6609.229045497569
986,1,2,7703.3055,7300.075750814171,7459.490203880159,7647.9952849375,7298.677734375,7390.658203125,7915.627272885854,7582.131895094632,6908.4765,7176.4442,7635.5415,7710.275540836625
986,2,2,7577.0575,7284.540383741735,7419.848418554564,7661.350544986111,7298.677734375,7391.5439453125,7951.3610009706545,7656.327481213658,6908.4765,7176.4442,7635.5415,7723.831180497131
986,3,2,7153.77,7417.803736661341,7403.6156707182545,7668.814311486111,7298.677734375,7392.42919921875,8017.80040741002,7687.546365029501,6908.4765,7176.4442,7635.5415,7743.099990110981
987,1,2,7577.0575,7290.159362966034,7631.320492431151,7738.3447982013895,7554.3544921875,7492.9140625,7996.0288904614,7788.680996650016,7703.3055,7215.553249999999,7703.3055,7788.9377767345395
987,2,2,7153.77,7279.3788591777875,7588.2071953994055,7731.516155020834,7554.3544921875,7493.79931640625,8005.473774967753,7920.716992878327,7703.3055,7215.553249999999,7703.3055,7788.980823869838
987,3,2,6252.408,7460.079033396531,7563.83935957004,7748.5969385625,7554.3544921875,7494.68505859375,8045.187860122329,7915.1961291540765,7703.3055,7215.553249999999,7703.3055,7804.811179144603
988,1,2,7153.77,7251.980046346684,7549.654165362302,7601.016906861111,7468.638671875,7447.88232421875,7812.544264485998,7810.004508444558,7577.0575,7253.815433333334,7577.0575,7644.50091822351
988,2,2,6252.408,7294.393881619224,7517.343404751984,7620.593235625,7468.638671875,7448.767578125,7792.216685769023,7901.233290941314,7577.0575,7253.815433333334,7577.0575,7646.075761349636
988,3,2,6725.46,7470.129652632274,7506.921723679563,7627.403007729166,7468.638671875,7449.6533203125,7853.041756456924,7906.956152878601,7577.0575,7253.815433333334,7577.0575,7663.7083402569915
989,1,2,6252.408,6791.773568969071,7072.0558425338295,7180.090391381945,7176.6416015625,7009.5302734375,6985.078682275864,7288.022955522569,7153.77,7281.466633333333,7153.77,7120.316649506342
989,2,2,6725.46,6845.268870214699,7023.916624860219,7157.917776104167,7176.6416015625,7010.41552734375,6900.838906955355,7297.236871158915,7153.77,7281.466633333333,7153.77,7091.542216713681
990,1,2,6725.46,6325.891761687005,6258.173716407044,6439.322360194445,6543.8896484375,6382.98583984375,5583.897469693109,6320.137761389286,6252.408,7285.64825,6252.408,6148.065133744137
993,3,2,4212.772,5933.314481082906,5707.890971740178,5557.742547118055,6132.6767578125,6027.99609375,4965.437144371729,5822.6374467879805,6725.46,7261.123233333333,5467.2,5371.882494609684
994,2,2,4212.772,5463.049524261122,5161.471584502579,5230.199395208333,5876.76904296875,5925.73681640625,4743.025087906403,5649.249471945987,6725.46,7186.242199999999,4931.87,4986.299944939763
994,3,2,4326.406,5452.9544512400535,5188.218108637996,5268.391615930555,5876.76904296875,5926.62255859375,4816.291142261629,5639.701424800421,6725.46,7186.242199999999,4931.87,5017.787487121166
995,1,2,4212.772,4974.189743206977,4756.6141530818895,4836.877666905093,5673.3896484375,6003.60302734375,4161.257120029968,5810.360428463882,6725.46,7091.561933333333,4201.57,4408.531883042491
995,2,2,4326.406,5037.921589529408,4820.747999071969,4971.58975193287,5673.3896484375,6004.48828125,4196.174487344731,5846.076931714123,6725.46,7091.561933333333,4201.57,4463.353779889388
995,3,2,4558.9495,5047.8354599268005,4899.098019355699,5092.389448446759,5673.3896484375,6005.3740234375,4184.8428565490285,5835.325917481815,6725.46,7091.561933333333,4201.57,4501.7836833854035
996,1,2,4326.406,4986.833910501636,4943.793837695812,4815.270009763889,5428.20751953125,5790.29931640625,4151.718923232561,5144.51761196563,4212.772,6992.440416666666,4212.772,4403.302858525018
996,2,2,4558.9495,5071.497939473016,5043.825239296259,4987.812390590278,5428.20751953125,5791.1845703125,4198.057930621286,5257.646186183898,4212.772,6992.440416666666,4212.772,4473.926665191335
997,1,2,4558.9495,5097.967728998202,5148.428868645051,4994.904933368056,5424.693359375,5638.77734375,4424.635479356009,5815.483779025696,4326.406,6895.059483333333,4326.406,4579.571951635211
998,3,2,5147.784,5028.0712552954965,5657.120146422101,5636.326925798611,5640.7607421875,5777.64306640625,4850.256165075425,6127.991382054967,4558.9495,6806.526766666666,4558.9495,5000.42702176425
999,2,2,5147.784,5887.733863055064,5886.238113897696,5845.571867986111,5996.86279296875,6173.537109375,5195.7407156702175,6099.502673608601,4558.9495,6725.732016666666,4926.4214999999995,5308.2948373965155
999,3,2,4836.2025,5930.764101191284,5962.31542361347,5972.810193819444,5996.86279296875,6174.4228515625,5212.172165300698,6219.687163705945,4558.9495,6725.732016666666,4926.4214999999995,5355.91107762304
1000,1,2,5147.784,5616.238098840822,5664.254653956626,5584.890722506944,6013.5087890625,6279.140625,5227.681952496907,6062.914820323013,4558.9495,6640.848849999999,5035.177,5271.472678596934
1000,2,2,4836.2025,5651.140370510198,5805.39006195474,5736.361679775463,6013.5087890625,6280.0263671875,5220.61654074705,6174.867432142018,4558.9495,6640.848849999999,5035.177,5321.457487347139
1000,3,2,4763.5,5711.470756708769,5884.968015641414,5862.797093229166,6013.5087890625,6280.91162109375,5261.357474042969,6276.1286628814905,4558.9495,6640.848849999999,5035.177,5374.916356929049
1001,1,2,4836.2025,5716.448836378791,5611.4530397648805,5556.623915451389,6163.5283203125,6495.11669921875,5260.731232178984,5915.032942340825,5147.784,6558.781716666666,5147.784,5315.9192343163395
1001,2,2,4763.5,5790.423241198524,5716.206719823413,5656.7702546875,6163.5283203125,6496.001953125,5257.936646668089,5966.06916527461,5147.784,6558.781716666666,5147.784,5349.439378424933
1002,1,2,4763.5,5430.290929198232,5291.56867639881,5265.3261834791665,5988.6552734375,6214.13427734375,5024.6437003056,5917.423893817188,4836.2025,6470.307333333333,4836.2025,5030.265971743618
1005,3,2,5206.74,5743.996478767911,5697.418271740079,5695.817089624999,5947.59375,6225.93359375,5425.700430739342,5977.47714862942,4763.5,6191.588583333333,5162.9535,5411.165960711675
1006,2,2,5206.74,5972.710717818599,5810.257167638392,5826.338876965277,6110.27880859375,6333.8720703125,5558.4443927868615,5838.428987984466,4763.5,6110.691400000001,5422.9045,5594.877487360733
1006,3,2,5117.75,5996.765269131368,5898.051039848214,5911.212932881944,6110.27880859375,6334.7578125,5641.348750150316,5969.455653082433,4763.5,6110.691400000001,5422.9045,5644.743063605348
1007,1,2,5206.74,5657.233360701662,5620.277426143352,5603.743020013888,6041.43212890625,6220.8994140625,5433.68465643704,5845.3610473396,4763.5,6034.727416666667,5286.804499999999,5432.072523364764
1007,2,2,5117.75,5745.329971431825,5676.457811313491,5686.596629777777,6041.43212890625,6221.78466796875,5453.646541881012,5849.331040593589,4763.5,6034.727416666667,5286.804499999999,5465.409390210022
1007,3,2,5420.1975,5795.242522114926,5758.389175887401,5781.1738228125,6041.43212890625,6222.669921875,5508.475303439547,5980.3361285590645,4763.5,6034.727416666667,5286.804499999999,5511.526171757546
1008,1,2,5117.75,5643.525634885077,5595.837526572421,5532.440717784722,5982.3720703125,6136.4814453125,5354.384572864682,5908.822887848303,5206.74,5957.052216666667,5206.74,5355.1947094753805
1008,2,2,5420.1975,5731.62224561524,5670.091187853671,5627.656172951389,5982.3720703125,6137.36669921875,5373.3445438411745,5988.085075726662,5206.74,5957.052216666667,5206.74,5392.503919199241
1008,3,2,5380.582,5762.2689380061565,5733.488435679067,5706.397071333333,5982.3720703125,6138.251953125,5444.407876508868,6085.1231242599615,5206.74,5957.052216666667,5206.74,5437.294025947935
1009,1,2,5420.1975,5530.351330515532,5567.304299941965,5443.070231041666,5869.18359375,5955.4619140625,5301.525209932753,5875.771665793354,5117.75,5866.6750833333335,5117.75,5275.1662603582745
1009,2,2,5380.582,5635.701988627729,5632.758233788195,5575.790120104167,5869.18359375,5956.34716796875,5340.020592338653,5970.297177361155,5117.75,5866.6750833333335,5117.75,5330.207695618947
1009,3,2,5731.746,5662.318352602343,5700.883928605655,5659.432574951389,5869.18359375,5957.23291015625,5442.415249661421,6071.829697332069,5117.75,5866.6750833333335,5117.75,5384.55674962476
1010,1,2,5380.582,5861.98069544337,5804.773777054068,5732.473197020833,6045.29833984375,6206.97412109375,5651.461083568994,6183.568199113153,5420.1975,5768.620533333334,5420.1975,5585.105538201047
1010,2,2,5731.746,5949.555628889663,5845.904405182539,5866.299856055556,6045.29833984375,6207.859375,5713.9374105602365,6247.249978827308,5420.1975,5768.620533333334,5420.1975,5646.5595345270785
1011,1,2,5731.746,5758.7454498459165,5777.773785078869,5672.387123138889,6068.95849609375,6186.25244140625,5625.275624302544,6271.608287525422,5380.582,5707.431866666667,5380.582,5541.873969656542
1012,3,2,6011.902,6243.580327317988,6201.720997765212,6214.373118326389,6416.15966796875,6629.5439453125,6150.489095416271,6534.060757333212,5731.746,5665.439066666667,5731.746,6002.044398572838
1013,2,2,6011.902,6277.002945401152,6228.893961103076,6264.657102819445,6511.83984375,6668.8193359375,6200.160548414655,6411.872706723175,5731.746,5629.404233333334,5855.972000000001,6082.241733759895
1013,3,2,5794.0575,6352.556597599992,6305.65294985506,6357.008694625001,6511.83984375,6669.70458984375,6255.780831861197,6526.031973424743,5731.746,5629.404233333334,5855.972000000001,6127.797124237792
1014,1,2,6011.902,6194.512171304644,6265.045982967658,6229.414697951389,6582.42578125,6803.87109375,6197.936953881292,6365.758148275262,5731.746,5596.356483333333,5917.044,6094.472774196936
1014,2,2,5794.0575,6344.421193786262,6309.638627715179,6337.491043131944,6582.42578125,6804.7568359375,6285.9465191181835,6466.063034897263,5731.746,5596.356483333333,5917.044,6153.551974095416
1014,3,2,5858.2615,6398.722472059302,6384.819099188393,6413.316835638889,6582.42578125,6805.64208984375,6303.996107284901,6563.112315576877,5731.746,5596.356483333333,5917.044,6184.00600854265
1015,1,2,5794.0575,6395.559317390265,6350.9403931829365,6294.1011891944445,6696.56396484375,6948.4091796875,6300.902806489755,6488.435477327593,6011.902,5583.186366666666,6011.902,6181.060346651742
1015,2,2,5858.2615,6545.4683398718835,6396.170127371428,6417.879854798612,6696.56396484375,6949.29443359375,6328.912374834916,6591.782428840937,6011.902,5583.186366666666,6011.902,6230.407715084405
1015,3,2,5924.352,6592.600676041391,6477.659302145238,6486.758932972222,6696.56396484375,6950.18017578125,6406.03139938714,6656.0778123137125,6011.902,5583.186366666666,6011.902,6273.351506353067
1016,1,2,5858.2615,6129.164540798287,6183.273860212797,6134.936668680555,6581.03955078125,6913.01123046875,6065.165682149852,6047.069967273581,5794.0575,5521.8035666666665,5794.0575,5978.7664218687605
1016,2,2,5924.352,6296.3276106619405,6256.223658130456,6270.4709345625,6581.03955078125,6913.89697265625,6045.624033047457,6145.322037707504,5794.0575,5521.8035666666665,5794.0575,6020.165727338244
1016,3,2,6088.908,6407.990850526385,6310.47085193998,6375.906080472222,6581.03955078125,6914.7822265625,6175.2516941864415,6236.557621187819,5794.0575,5521.8035666666665,5794.0575,6088.8147300411165
1017,1,2,5924.352,6147.769088359346,6262.244378634425,6190.864642312499,6672.32373046875,7046.2548828125,6074.426568300797,6501.249759742293,5858.2615,5460.302100000001,5858.2615,6026.316855586322
1017,2,2,6088.908,6314.932158222999,6344.464835787202,6320.963569215278,6672.32373046875,7047.14013671875,6228.331462608114,6614.079743032538,5858.2615,5460.302100000001,5858.2615,6109.503191759631
1018,1,2,6088.908,6353.92098690207,6318.9863565620035,6229.911283965277,6720.44482421875,7203.91748046875,6113.143853083594,6317.657339464135,5924.352,5405.211916666666,5924.352,6076.277626231508
1019,3,2,6221.405,6786.206301457232,6737.262512054762,6587.761483763889,6831.44775390625,7286.3193359375,6379.753560933689,6656.585720262112,6088.908,5369.716516666666,6088.908,6332.568548861745
1020,2,2,6221.405,6815.940176563154,6724.6397061432535,6587.465095361112,6853.7060546875,7236.32763671875,6462.766178181643,6547.901875802126,6088.908,5368.995183333333,6230.768,6411.04115954269
1020,3,2,6388.863,6900.701276054482,6819.957099541567,6660.076243458334,6853.7060546875,7237.21337890625,6431.090862512937,6610.895587244537,6088.908,5368.995183333333,6230.768,6427.8843325050875
1021,1,2,6221.405,6669.033290049336,6633.0044319548615,6537.854014131945,6890.4365234375,7287.97119140625,6400.25115182023,6390.061325412876,6088.908,5353.61265,6263.984,6391.863519753191
1021,2,2,6388.863,6772.918984364971,6720.767153634921,6657.850925916668,6890.4365234375,7288.8564453125,6488.657259905394,6485.2715845609,6088.908,5353.61265,6263.984,6455.116157564421
1021,3,2,6166.602,6871.262265800058,6810.943276193949,6726.240638027778,6890.4365234375,7289.7421875,6483.254961214293,6566.924460211622,6088.908,5353.61265,6263.984,6477.127821414084
1022,1,2,6388.863,6604.267030413043,6583.04419746379,6513.568120472222,6903.0078125,7375.76123046875,6392.2818285798985,6421.371329519716,6221.405,5335.135816666666,6221.405,6364.24474056886
1022,2,2,6166.602,6778.801031812508,6650.806479678571,6602.953284805555,6903.0078125,7376.646484375,6453.922799834793,6539.0468168196085,6221.405,5335.135816666666,6221.405,6410.3013933680895
1022,3,2,6120.4,6877.144313247595,6745.4113875629955,6678.467344840277,6903.0078125,7377.53173828125,6453.205917307592,6605.104017080212,6221.405,5335.135816666666,6221.405,6435.926679091732
1023,1,2,6166.602,6748.7148479842945,6782.760046561012,6661.3373480694445,6973.22900390625,7471.36279296875,6561.189841131191,6405.858345340747,6388.863,5365.857916666667,6388.863,6525.339297340298
1023,2,2,6120.4,6951.592308012143,6858.630318375992,6774.531819375001,6973.22900390625,7472.248046875,6621.650142197186,6542.395503009903,6388.863,5365.857916666667,6388.863,6579.235292389484
1023,3,2,6564.8245,7060.713138685809,6959.5437668497025,6868.513907451389,6973.22900390625,7473.1337890625,6635.507794133223,6633.2238654504,6388.863,5365.857916666667,6388.863,6614.839119515701
1024,1,2,6120.4,6581.274734749485,6512.425015242559,6453.662111298611,6825.220703125,7098.58154296875,6298.768265129623,6304.332792152462,6166.602,5407.01565,6166.602,6297.9571074973355
1024,2,2,6564.8245,6660.298526375142,6591.727036033234,6550.049379451389,6825.220703125,7099.466796875,6347.2011934277925,6449.406313868689,6166.602,5407.01565,6166.602,6343.083064423215
1025,1,2,6564.8245,6409.355940182719,6446.591542968254,6404.343035243055,6761.22509765625,7123.68359375,6352.33544282568,6241.48240441955,6120.4,5470.97665,6120.4,6275.794882173595
1026,3,2,6513.1025,6695.602247288607,6962.309888997685,6824.525566840278,7297.51416015625,8106.16796875,6788.386996808032,6825.96049485659,6564.8245,5549.3784000000005,6564.8245,6709.828202355658
1027,2,2,6513.1025,6762.475737307672,6741.072628903274,6846.963412881944,7040.24462890625,7392.86328125,6708.589379531925,6683.715345907951,6564.8245,5625.1747,6600.295,6711.840017443181
1027,3,2,6383.2275,6826.201702187477,6779.033767507275,6889.298804916667,7040.24462890625,7393.7490234375,6769.06922061888,6748.908953854768,6564.8245,5625.1747,6600.295,6741.526016349603
1028,1,2,6513.1025,6783.420671123131,6652.260772476356,6783.572731256944,7005.44140625,7279.8115234375,6679.876779436846,6621.206550314472,6564.8245,5692.755883333333,6586.385,6677.296028651892
1028,2,2,6383.2275,6839.044394612576,6646.52762706217,6818.053226284723,7005.44140625,7280.697265625,6660.732713131464,6667.881533291295,6564.8245,5692.755883333333,6586.385,6684.261930969147
1028,3,2,6580.08,6902.7703594923805,6689.696088378142,6848.403878777778,7005.44140625,7281.58251953125,6758.76285617955,6751.399134140245,6564.8245,5692.755883333333,6586.385,6719.301151378483
1029,1,2,6383.2275,6702.828463787932,6697.297971996528,6773.196854361111,6784.1826171875,7011.40625,6635.399209204027,6537.9075416257865,6513.1025,5745.6452500000005,6513.1025,6632.759025270793
1029,2,2,6580.08,6768.802955351966,6700.409039626984,6809.955039326389,6784.1826171875,7012.29150390625,6694.0057965046735,6592.213859228312,6513.1025,5745.6452500000005,6513.1025,6660.0677382479935
1029,3,2,6423.5775,6832.528920231771,6732.078835957342,6859.034971909722,6784.1826171875,7013.17724609375,6683.850722612206,6691.216532196637,6513.1025,5745.6452500000005,6513.1025,6674.284661836175
1030,1,2,6580.08,6513.851957594285,6598.515603093254,6680.353268729167,6754.19580078125,6989.15625,6460.469779848027,6254.389992870493,6383.2275,5790.580266666667,6383.2275,6504.2018202383815
1030,2,2,6423.5775,6508.971051774382,6601.957730433036,6731.947719645834,6754.19580078125,6990.04150390625,6442.865849316078,6315.11869071941,6383.2275,5790.580266666667,6383.2275,6517.40367800573
1031,1,2,6423.5775,6814.915032530671,6728.058243074901,6812.4355090625,6836.630859375,7157.44091796875,6572.8908862546,6524.7959241951585,6580.08,5838.323466666667,6580.08,6657.674633207669
1033,3,2,6069.724,6577.423066279382,6550.300044332278,6621.594633243056,6855.35888671875,7178.1640625,6312.722432002283,6456.192016007758,6423.5775,5942.57405,6303.6425,6414.582147979286
1034,2,2,6069.724,6390.086465184919,6389.612858222222,6413.864761194444,6761.40966796875,7114.51904296875,6164.282348774053,6326.6354488445295,6423.5775,5989.521366666667,6158.309499999999,6247.144216295291
1034,3,2,6042.114,6440.996593945713,6405.687892502119,6466.022848027777,6761.40966796875,7115.404296875,6179.919251877868,6367.405992215298,6423.5775,5989.521366666667,6158.309499999999,6268.903100044562
1035,1,2,6069.724,6328.538991428548,6381.659104729911,6384.809258034722,6758.2353515625,7048.37060546875,6120.942970284182,6290.954645219457,6423.5775,6022.06495,6139.2609999999995,6218.563659544551
1035,2,2,6042.114,6389.509063734214,6398.204902170387,6458.349360326389,6758.2353515625,7049.255859375,6150.819088104673,6328.627549088826,6423.5775,6022.06495,6139.2609999999995,6251.2125147521065
1036,1,2,6042.114,6274.899051930723,6292.304690636657,6313.1773724722225,6648.19677734375,6912.3896484375,6070.027486095072,6224.804122935411,6069.724,6043.625599999999,6069.724,6152.996511448644
1036,3,2,6005.868,6394.0182005452125,6312.438118900929,6388.500341069444,6648.19677734375,6914.16064453125,6132.460065556367,6289.970236950347,6069.724,6043.625599999999,6069.724,6194.446835391897
1037,2,2,6005.868,6326.490407894147,6331.394440075149,6323.554329041666,6581.57373046875,6796.93310546875,6070.480448796064,6318.038330138095,6042.114,6068.802583333333,6042.114,6145.429424412165
1037,3,2,6096.264,6361.554171265663,6333.497252583829,6389.721427465277,6581.57373046875,6797.818359375,6073.775208857975,6342.22614873364,6042.114,6068.802583333333,6042.114,6168.869993561943
1038,1,2,6005.868,6007.106595195713,6108.063743413773,6271.3138931875,6581.548828125,6753.6083984375,5977.414879440386,6355.74554287651,6042.114,6094.940183333333,5990.868,6083.320506812914
1038,2,2,6096.264,6063.321804217188,6122.02431435921,6315.788315180556,6581.548828125,6754.49365234375,5996.351975486872,6337.296307413235,6042.114,6094.940183333333,5990.868,6103.284055482721
1039,1,2,6096.264,6043.902580952445,6087.283531399298,6274.014011645833,6693.533203125,6849.078125,5904.866896472152,6395.558522634931,6005.868,6124.544116666667,6005.868,6072.087470277808
1040,3,2,6089.8725,6271.067267198049,6103.468651874308,6338.158855194444,6672.5185546875,6808.45703125,6009.970668379864,6345.158900175648,6096.264,6147.0796666666665,6096.264,6157.2135000185635
1041,2,2,6089.8725,6246.8407719459265,6124.541104135996,6246.210220944445,6724.392578125,6947.2587890625,5999.696246146882,6447.732966111427,6096.264,6171.857733333333,6123.924,6134.4537730217035
1041,3,2,5942.028,6289.919701008672,6127.578640129765,6293.776067104167,6724.392578125,6948.14404296875,5987.517703976613,6456.900001024474,6096.264,6171.857733333333,6123.924,6147.644116081246
1042,1,2,6089.8725,5929.953451355413,5942.439528306631,6119.030988506945,6516.47802734375,6710.7333984375,5859.233920957469,6413.0420051929905,6096.264,6178.453283333334,5929.6125,5976.633713232964
1042,2,2,5942.028,6018.147705096885,5956.450762787285,6098.803332756945,6516.47802734375,6711.619140625,5864.829411938834,6413.644246878675,6096.264,6178.453283333334,5929.6125,5971.129245030688
1042,3,2,5859.935,6037.423710042303,5957.0734955468915,6135.253810534722,6516.47802734375,6712.50439453125,5856.12210247915,6408.618851510401,6096.264,6178.453283333334,5929.6125,5981.394564192447
1043,1,2,5942.028,6027.956262000244,6091.435711352662,6251.760908583334,6475.79541015625,6638.1884765625,6067.566120651433,6322.160695685705,6089.8725,6186.249966666667,6089.8725,6139.582204975933
1043,2,2,5859.935,6116.150515741717,6102.290089547107,6270.501987569445,6475.79541015625,6639.07373046875,5993.182986110466,6312.943786983109,6089.8725,6186.249966666667,6089.8725,6127.269580398244
1043,3,2,5879.493,6139.456849103438,6106.537527380126,6300.1148719444445,6475.79541015625,6639.958984375,5981.6756981412045,6309.258663165362,6089.8725,6186.249966666667,6089.8725,6134.493705192786
1044,1,2,5859.935,5907.743559572749,5982.790102567543,6133.582491055556,6367.4091796875,6428.67822265625,5982.19412976077,6354.687515479589,5942.028,6187.082766666667,5942.028,6017.595594202621
1044,2,2,5879.493,5995.937813314222,5992.378927245619,6159.4139238611115,6367.4091796875,6429.5634765625,5929.153256978342,6342.566387839102,5942.028,6187.082766666667,5942.028,6013.07634756175
1044,3,2,5831.349,6015.213818259639,6003.161340217526,6191.369402645833,6367.4091796875,6430.44921875,5889.814677090352,6340.546157770157,5942.028,6187.082766666667,5942.028,6014.097808831819
1045,1,2,5879.493,5817.8888732949345,5928.329951542064,6007.263952013889,6304.9853515625,6421.33203125,5875.3471367872,6283.351736861635,5859.935,6182.0172,5859.935,5914.160387556854
1045,2,2,5831.349,5906.083127036407,5936.285224361607,6036.161119131945,6304.9853515625,6422.21728515625,5842.425361286859,6270.6120161161825,5859.935,6182.0172,5859.935,5915.751386326154
1046,1,2,5831.349,5779.167569056043,5961.685764393685,5999.530878888889,6467.4150390625,6549.7802734375,5866.072186314139,6287.285269601853,5879.493,6184.865049999999,5879.493,5917.136862519277
1047,3,2,5901.7035,5938.934047522939,5932.859063207341,6056.614588236112,6374.95458984375,6478.56640625,5961.92422390184,6391.141277831454,5831.349,6183.967966666667,5831.349,5941.186501214292
1048,2,2,5901.7035,5751.86351237216,5770.09716971402,5968.39664836111,6295.86328125,6370.3466796875,5764.515564817269,6454.976187489998,5831.349,6175.662333333333,5675.182999999999,5797.862704440311
1048,3,2,5826.0025,5813.742278323545,5794.912234375726,6023.197852666665,6295.86328125,6371.232421875,5790.161414016847,6468.056739862524,5831.349,6175.662333333333,5675.182999999999,5823.043387341583
1049,1,2,5901.7035,5886.918264058823,5884.466832755125,5988.700844972222,6316.3115234375,6421.44677734375,5845.0590375237425,6505.2773532753345,5831.349,6165.4646999999995,5782.978999999999,5868.902262996762
1049,2,2,5826.0025,5966.850304809107,5900.689311453041,6059.371950798611,6316.3115234375,6422.33251953125,5865.757348935194,6492.2837560357575,5831.349,6165.4646999999995,5782.978999999999,5898.261268883999
1049,3,2,5950.9235,6016.781689375955,5923.014576204034,6111.048661888888,6316.3115234375,6423.2177734375,5933.920589153717,6502.33153118046,5831.349,6165.4646999999995,5782.978999999999,5933.072887134272
1050,1,2,5826.0025,5993.645996658978,6023.747107502645,6118.172254333333,6576.4814453125,6613.47119140625,5948.836396188709,6496.679051434973,5901.7035,6154.495883333333,5901.7035,5987.538181731302
1050,2,2,5950.9235,6081.840250400451,6055.994175991534,6165.853587902777,6576.4814453125,6614.3564453125,5995.311307274239,6485.312345741887,5901.7035,6154.495883333333,5901.7035,6015.526997611069
1050,3,2,6190.9995,6131.771634967298,6076.477952098317,6199.247364597221,6576.4814453125,6615.2421875,6020.994141882738,6494.524857101338,5901.7035,6154.495883333333,5901.7035,6033.401354475221
1051,1,2,5950.9235,5761.687845171206,5900.2745328711635,6007.369156437499,6466.6806640625,6540.173828125,5947.627841686091,6470.830053708571,5826.0025,6139.8965,5826.0025,5918.586205924008
1051,2,2,6190.9995,5849.882098912678,5932.990352991501,6063.128726319444,6466.6806640625,6541.05908203125,5929.1984581919305,6465.236619851257,5826.0025,6139.8965,5826.0025,5933.003714623586
1051,3,2,6338.178,5899.813483479526,5946.629475287136,6108.654224923611,6466.6806640625,6541.9443359375,6010.675172051332,6473.812075705484,5826.0025,6139.8965,5826.0025,5969.0633363149545
1052,1,2,6190.9995,6044.213904203957,6061.3251932919975,6161.204474798611,6595.16064453125,6648.42626953125,6077.922646650667,6385.0825778426415,5950.9235,6130.88045,5950.9235,6054.74040787822
1052,2,2,6338.178,6078.846142121213,6093.292554111739,6214.9830486041665,6595.16064453125,6649.3115234375,6070.174773652692,6382.77047008397,5950.9235,6130.88045,5950.9235,6071.16873957586
1053,1,2,6338.178,6295.222243093197,6268.035502565509,6366.196166423611,6701.54345703125,6906.18408203125,6275.119981050858,6529.609390259888,6190.9995,6124.285,6190.9995,6272.037341668534
1054,3,2,6777.3915,6591.3019716407925,6644.16035499127,6643.912123020833,6956.8203125,7204.50244140625,6397.926610732757,6557.6446581279215,6338.178,6130.004199999999,6338.178,6457.692138854468
1055,2,2,6777.3915,6914.331565517454,6966.491365606018,6916.401904590277,7156.8056640625,7431.67529296875,6731.076400980731,6963.887867736529,6338.178,6148.490066666667,6674.976,6771.595872279492
1055,3,2,6794.679,6964.262950084302,6999.471719199903,6960.161706277778,7156.8056640625,7432.56103515625,6670.564677390455,6964.872312301247,6338.178,6148.490066666667,6674.976,6771.323452733299
1056,1,2,6777.3915,6895.21459090308,6895.205749239483,6911.94347242361,7242.189453125,7446.619140625,6731.665380907064,7055.241553206601,6338.178,6153.593983333333,6717.941999999999,6787.692003189031
1056,2,2,6794.679,6934.364768332395,6943.32872216984,6989.944783298611,7242.189453125,7447.5048828125,6732.110810617654,7094.021176397943,6338.178,6153.593983333333,6717.941999999999,6814.4597389522705
1056,3,2,7110.73,6954.364448797592,6974.161526725035,7021.817405777777,7242.189453125,7448.39013671875,6716.5836250396715,7108.945431137533,6338.178,6153.593983333333,6717.941999999999,6821.444562226013
1057,1,2,6794.679,6839.490670950375,6895.705086033234,6924.153488659722,7372.28662109375,7605.80615234375,6689.65014856404,7318.84307938421,6777.3915,6159.4972,6777.3915,6805.466557345065
1057,2,2,7110.73,6890.15374325639,6909.178646778075,6993.723445826388,7372.28662109375,7606.69189453125,6675.449267962608,7316.686148895773,6777.3915,6159.4972,6777.3915,6825.667557395019
1057,3,2,7212.8475,6931.370487066276,6927.023890845039,7045.365776055555,7372.28662109375,7607.5771484375,6606.387573680564,7325.043620653325,6777.3915,6159.4972,6777.3915,6825.937426275478
1058,1,2,7110.73,6954.170908585457,7056.900210968055,6976.806674902778,7470.12548828125,7731.255859375,6716.785633949175,7340.075307189791,6794.679,6166.440333333333,6794.679,6837.31774803698
1058,2,2,7212.8475,6979.469823649325,7088.605932154117,7039.743307243056,7470.12548828125,7732.1416015625,6700.944532098935,7349.940692950174,6794.679,6166.440333333333,6794.679,6854.839189592035
1058,3,2,7319.568,7014.250353975074,7129.375706185056,7073.920282715278,7470.12548828125,7733.02685546875,6660.7094263511235,7371.551971016415,6794.679,6166.440333333333,6794.679,6856.394217054509
1059,1,2,7212.8475,7216.486847580059,7380.276683405852,7276.312699694444,7670.791015625,8029.67333984375,7335.957966888371,7579.62074800944,7110.73,6186.36125,7110.73,7223.989397497197
1059,2,2,7319.568,7216.561708831396,7411.328735135813,7346.318274916666,7670.791015625,8030.55859375,7438.978882470351,7601.035580621283,7110.73,6186.36125,7110.73,7273.835860245669
1060,1,2,7319.568,7419.963295362856,7474.225680318154,7352.24811875,7898.1240234375,8289.4765625,7545.300315124424,7640.6772495231635,7212.8475,6214.01525,7212.8475,7344.140665248303
1061,3,2,7612.4145,6592.284800314387,7182.355843125595,7383.026737340278,7980.75048828125,8357.236328125,7667.18216984246,7287.044405565211,7319.568,6238.66485,7319.568,7428.724350690348
1062,2,2,7612.4145,7495.168408384889,7396.803940665575,7524.16090525,8120.826171875,8412.2265625,7792.842942549258,7670.623191191826,7319.568,6273.008000000001,7453.872,7563.187546136305
1062,3,2,7559.34,7534.474911711212,7364.433398114683,7454.5640760625,8120.826171875,8413.111328125,7877.962717074133,7696.072136548596,7319.568,6273.008000000001,7453.872,7560.822730817277
1063,1,2,7612.4145,7636.751176326933,7680.305343814881,7801.069082791667,8207.388671875,8444.26953125,8018.534236532931,7927.389294195153,7319.568,6319.6730333333335,7703.5935,7816.1529049745395
1063,2,2,7559.34,7666.713977754313,7680.605527590675,7765.472710527778,8207.388671875,8445.154296875,8045.0893205814355,7972.657794580408,7319.568,6319.6730333333335,7703.5935,7810.670509408237
1063,3,2,7481.1065,7664.810016348954,7647.925101983829,7715.384922298611,8207.388671875,8446.0400390625,8130.199271226253,7991.149780772149,7319.568,6319.6730333333335,7703.5935,7814.9701127029275
1064,1,2,7559.34,7547.226880146122,7543.069832239748,7628.7339583055555,8155.05224609375,8333.3740234375,7957.258108165528,7742.550563261097,7612.4145,6368.1431999999995,7612.4145,7704.764627051313
1064,2,2,7481.1065,7572.434818289312,7544.187646014881,7594.526668479167,8155.05224609375,8334.259765625,7999.105867175401,7745.984725001497,7612.4145,6368.1431999999995,7612.4145,7703.605033160139
1064,3,2,7636.2395,7535.946144367474,7508.0480778625,7536.000256458333,8155.05224609375,8335.14453125,8069.290957175264,7760.588517115076,7612.4145,6368.1431999999995,7612.4145,7701.265324508366
1065,1,2,7481.1065,7377.257052843815,7596.988795994646,7641.243886180556,8048.35302734375,8117.6689453125,7852.563723358871,7965.484067390482,7559.34,6415.479166666667,7559.34,7661.113370112409
1065,2,2,7636.2395,7411.964315766852,7578.705859968191,7641.905156527778,8048.35302734375,8118.5546875,7923.381981606165,7973.309670067866,7559.34,6415.479166666667,7559.34,7679.159393042871
1065,3,2,7566.328,7379.505970261317,7564.830461860056,7591.6383651666665,8048.35302734375,8119.43994140625,8000.1125758679555,7986.273412944333,7559.34,6415.479166666667,7559.34,7681.289322048229
1066,1,2,7636.2395,7355.822757656522,7441.139416414454,7579.467334638889,8024.1953125,8078.6142578125,7718.612836603657,7697.530267271492,7481.1065,6462.525250000001,7481.1065,7574.483556237101
1066,2,2,7566.328,7365.201337909303,7422.8190882729195,7576.035511423611,8024.1953125,8079.5,7827.370981982764,7703.427592702176,7481.1065,6462.525250000001,7481.1065,7600.677671135521
1067,1,2,7566.328,7474.086228886409,7650.500458433531,7730.405290826388,8024.2568359375,8164.4853515625,8065.916462068723,7819.75074827686,7636.2395,6515.662766666666,7636.2395,7776.5389902562665
1068,3,2,7275.7985,7480.83215533839,7667.164363225797,7764.413527722223,7996.62841796875,7990.4501953125,8032.287283438655,7961.85121620617,7566.328,6568.178100000001,7566.328,7751.27007803086
1069,2,2,7275.7985,7306.278515788621,7454.332883379897,7446.665050743056,7911.8837890625,7882.7685546875,7718.5540597179515,7706.422451354451,7566.328,6612.7890333333335,7344.196,7473.413059688164
1069,3,2,7248.303,7276.2260553509195,7452.556434500731,7425.439192069444,7911.8837890625,7883.65380859375,7816.90554795912,7715.473351738092,7566.328,6612.7890333333335,7344.196,7490.907724656225
1070,1,2,7275.7985,7197.054205879898,7410.73546633684,7371.917513006945,7918.4365234375,7971.23486328125,7652.088676913062,7621.682027833486,7566.328,6655.378633333333,7373.952000000001,7443.2444623301
1070,2,2,7248.303,7215.719976266476,7410.093001435054,7369.623901284724,7918.4365234375,7972.1201171875,7698.437365080646,7605.6466404714765,7566.328,6655.378633333333,7373.952000000001,7454.123409438855
1070,3,2,7398.017,7188.26466385381,7405.86647894428,7330.556788125001,7918.4365234375,7973.00537109375,7773.224065418934,7614.572597705484,7566.328,6655.378633333333,7373.952000000001,7459.591499082835
1071,1,2,7248.303,7255.170972849772,7352.996112940079,7326.7821668125,7929.35009765625,7999.63427734375,7646.967263286647,7403.523759521264,7275.7985,6693.77445,7275.7985,7386.6187604109755
1071,2,2,7398.017,7273.83674323635,7342.884679857143,7347.092652090278,7929.35009765625,8000.51953125,7651.699968659535,7442.172199950159,7275.7985,6693.77445,7275.7985,7394.750425051602
1071,3,2,7597.1025,7239.9452173395475,7349.768594482936,7330.7837005,7929.35009765625,8001.40478515625,7611.941572035466,7451.548214534488,7275.7985,6693.77445,7275.7985,7379.172680398035
1072,1,2,7398.017,7284.542968951398,7424.8995211706015,7393.057762958333,7747.76025390625,7767.11669921875,7578.111182398275,7647.4209162833795,7248.303,6737.7308,7248.303,7380.760384404289
1072,2,2,7597.1025,7303.208739337975,7424.398717793519,7423.115335729167,7747.76025390625,7768.001953125,7557.717790208707,7684.370222538702,7248.303,6737.7308,7248.303,7385.900457835731
1073,1,2,7597.1025,7471.409759838666,7430.341825121031,7527.562583020833,7647.34765625,7617.73046875,7676.258065237456,7554.462894313454,7398.017,6781.335616666666,7398.017,7512.301032345604
1075,3,2,7991.9905,7784.780877876376,7663.656197377182,7745.318698555555,7661.35205078125,7648.01708984375,7952.989094478343,7779.669537393304,7597.1025,6895.4811666666665,7629.227,7750.367877314688
1076,2,2,7991.9905,7562.96409882789,7515.801205838095,7736.997420479165,7585.29248046875,7577.87548828125,7857.401349512542,7875.840124011996,7597.1025,6952.051316666667,7576.597499999999,7702.070364612705
1076,3,2,7893.8575,7611.397852614253,7522.663450944245,7756.826581374999,7585.29248046875,7578.7607421875,7848.90577056783,7905.498158100805,7597.1025,6952.051316666667,7576.597499999999,7706.708902783051
1077,1,2,7991.9905,7687.244021230637,7794.981428640972,7923.716464069444,7731.92724609375,7673.90234375,8058.750631935576,8101.068940767735,7597.1025,7021.9369,7927.916499999999,7959.403085944955
1077,2,2,7893.8575,7716.511073497883,7728.477426182638,7934.3813460625,7731.92724609375,7674.78759765625,8065.992045559914,8108.105829683915,7597.1025,7021.9369,7927.916499999999,7964.869793828477
1077,3,2,8028.9225,7787.237460398237,7723.393084451818,7923.491246888888,7731.92724609375,7675.67333984375,8009.890183988505,8143.601118289342,7597.1025,7021.9369,7927.916499999999,7947.031335148323
1078,1,2,7893.8575,7798.247559738774,7829.422367054167,8018.1548577916665,7714.9365234375,7589.72021484375,7974.0192178036195,8008.576251187888,7991.9905,7099.163816666667,7991.9905,7996.409609024798
1078,2,2,8028.9225,7806.128935774446,7760.352442567262,8013.402328034722,7714.9365234375,7590.60546875,7980.227641220236,8056.12615533213,7991.9905,7099.163816666667,7991.9905,7996.347740600826
1078,3,2,8112.166,7849.675133790983,7739.0636259058865,7998.579568791666,7714.9365234375,7591.49072265625,7946.606706460479,8094.245801417517,7991.9905,7099.163816666667,7991.9905,7982.822251043523
1079,1,2,8028.9225,7642.902792717274,7735.065131404762,7928.355767861111,7613.306640625,7467.779296875,7747.926140218538,7918.351857298816,7893.8575,7169.526433333333,7893.8575,7868.925906063595
1079,2,2,8112.166,7650.784168752947,7660.032562358333,7920.716262305556,7613.306640625,7468.66455078125,7841.914959744978,7935.085746344754,7893.8575,7169.526433333333,7893.8575,7889.965700280913
1080,1,2,8112.166,7748.75215090024,7887.429090370535,8018.344205138888,7656.96484375,7536.154296875,7908.457533574723,8053.656271666932,8028.9225,7240.433733333334,8028.9225,7994.994864969304
1082,3,2,7284.6935,7886.783988336628,8022.916272032077,8068.180944812501,7879.78515625,7720.4873046875,8024.822960701881,7946.020878290857,8112.166,7389.490266666667,8136.456000000001,8085.033839380796
1083,2,2,7284.6935,7690.427291091589,7894.977715928176,7907.466496479168,7828.92578125,7697.1884765625,7819.430350097721,7805.13951044353,8112.166,7449.01815,7976.836000000001,7913.522037816133
1083,3,2,7495.631,7699.898840153279,7852.825838282739,7896.018355694446,7828.92578125,7698.07373046875,7816.466183908861,7810.854034000749,8112.166,7449.01815,7976.836000000001,7908.863950832344
1084,1,2,7284.6935,7447.005692353453,7577.907517098215,7688.78192863889,7745.9169921875,7654.77783203125,7567.353577658664,7635.8107547036325,8112.166,7494.710616666667,7708.952000000001,7666.428709343873
1084,2,2,7495.631,7472.925903602789,7539.926948006053,7694.89573551389,7745.9169921875,7655.6630859375,7534.90827925953,7659.228009951293,8112.166,7494.710616666667,7708.952000000001,7660.3537695431405
1084,3,2,8004.924,7482.397452664479,7499.604918571926,7667.34550457639,7745.9169921875,7656.548828125,7553.1746633128405,7668.9574804340455,8112.166,7494.710616666667,7708.952000000001,7655.53531807099
1085,1,2,7495.631,7278.632275575084,7285.886728424802,7314.815513215278,7414.00390625,7304.232421875,7301.566514557922,7268.808330373083,7284.6935,7515.0345333333335,7284.6935,7299.232965257607
1085,2,2,8004.924,7308.5412680126465,7257.929864013294,7333.464458125,7414.00341796875,7305.1181640625,7291.5699656579345,7287.280110797731,7284.6935,7515.0345333333335,7284.6935,7303.090494169675
1086,1,2,8004.924,6944.285100417656,7270.592871515873,7290.969975474537,7824.74072265625,8370.9658203125,7492.769129185679,7568.737713976671,7495.631,7540.9575,7495.631,7424.971360898843
1091,3,3,6526.807,6316.319693169477,6913.7893035638235,6621.344844072421,6861.05322265625,6590.35302734375,6368.032663336453,6108.117772644986,8004.924,7606.098566666667,6545.049,6664.534704754993
1092,2,3,6526.807,6016.785485438618,6099.020107683633,6050.441691436513,6633.47314453125,6354.33154296875,5927.216846425225,5559.156500068879,8004.924,7561.033966666667,6101.934,6267.008693608384
1092,3,3,6318.555,5951.192533414576,6090.114724175995,6034.795202318455,6633.47314453125,6355.46728515625,5910.894674288888,5496.2633978717495,8004.924,7561.033966666667,6101.934,6262.591357842816
1093,1,3,6526.807,6015.183566691465,5934.079343898113,5987.532058543653,6526.7939453125,6224.095703125,5970.989493963852,5572.959805323622,8004.924,7507.8285166666665,6107.43,6269.158420637317
1093,2,3,6318.555,5921.171496917987,5947.707966180357,5968.869348217264,6526.7939453125,6225.2314453125,5967.431092710215,5588.393275958415,8004.924,7507.8285166666665,6107.43,6269.913576270182
1094,1,3,6318.555,6272.697633268603,6092.514391139876,6016.56276025694,6494.923828125,6224.54052734375,6450.054955495422,5918.405157742879,6526.807,7471.6416,6526.807,6486.188451430432
1096,3,3,5175.619,5670.881808855727,5615.712965259922,5774.718626784719,6311.04833984375,6360.5830078125,5958.328562082736,5449.10283904483,6318.555,7380.271883333334,5980.8,5995.270643349698
1097,2,3,5175.619,5007.093916538102,4918.8349884936515,5169.968327950392,5976.21826171875,5650.53466796875,5143.272528322416,5050.3540638704835,6318.555,7296.098816666667,5111.0475,5262.161028910206
1097,3,3,5066.992,5016.820830604281,4917.652115993652,5177.745837096226,5976.21826171875,5651.67041015625,5130.54152037215,5202.340922155593,6318.555,7296.098816666667,5111.0475,5270.567677349308
1098,1,3,5175.619,5120.542490667552,4906.237593060516,5133.144765006942,5907.83203125,5812.93115234375,5226.17457633753,4988.110689566305,6318.555,7215.791383333333,5157.105,5293.975159450965
1098,2,3,5066.992,5145.146148442208,4896.024615216865,5136.448211312495,5907.83203125,5814.06689453125,5236.307226736167,5068.329305454806,6318.555,7215.791383333333,5157.105,5299.144808242568
1098,3,3,5268.1125,5180.898462962167,4897.431131816071,5148.849575854164,5907.83203125,5815.20263671875,5240.265150662872,5193.350698678205,6318.555,7215.791383333333,5157.105,5306.687286092578
1099,1,3,5066.992,5169.880884382646,5119.217860858265,5070.997118194443,5749.48486328125,5778.87109375,5288.150017242883,5036.326023180915,5175.619,7143.505483333332,5175.619,5197.7609880345735
1099,2,3,5268.1125,5177.07076212761,5150.144820115278,5114.710628944443,5749.48486328125,5780.0068359375,5318.632904292956,5130.844202019131,5175.619,7143.505483333332,5175.619,5204.658342563387
1099,3,3,5424.783,5182.617387142245,5145.1820745527775,5143.282580375,5749.48486328125,5781.142578125,5302.333059771903,5285.508534806089,5175.619,7143.505483333332,5175.619,5213.067686085438
1100,1,3,5268.1125,5092.323211472,4942.5658792947415,5076.084082847222,5754.60791015625,5512.162109375,5178.868302804579,5160.879238263959,5066.992,7066.606816666667,5066.992,5107.89917475669
1100,2,3,5424.783,5143.750552566217,4960.724644259427,5102.77366153472,5754.60791015625,5513.2978515625,5185.684442481104,5247.890629742203,5066.992,7066.606816666667,5066.992,5113.325098375572
1101,1,3,5424.783,5392.887588036719,5230.244903077181,5286.42648197222,5964.15576171875,5885.015625,5439.861088910451,5314.5769692952235,5268.1125,6999.683950000001,5268.1125,5309.200731457091
1103,3,3,4593.996,4955.509223084779,4939.296605888,5079.964746937498,5677.83837890625,5285.1123046875,4471.161527095321,5129.154478102302,5424.783,6835.07145,4283.161999999999,4511.723439905427
1104,2,3,4593.996,5155.744651769336,4920.047253967857,5027.187249479163,5720.42431640625,5758.3984375,4753.094541619515,5293.208828085189,5424.783,6735.0978000000005,4597.892999999999,4774.121786490482
1104,3,3,4043.6205,5176.528433799673,4957.622162861212,5064.609319229164,5720.42431640625,5759.5341796875,4803.758439939166,5344.279229493219,5424.783,6735.0978000000005,4597.892999999999,4779.33509895442
1105,1,3,4593.996,4903.6207001486355,4956.288715710506,5028.858471666666,5752.6376953125,5840.314453125,5080.979537298021,5265.922636213173,5424.783,6644.223866666667,4903.009,5019.488867728027
1105,2,3,4043.6205,5056.953197374729,4972.287646478273,5047.751243124996,5752.6376953125,5841.4501953125,5071.65631959234,5349.730417491662,5424.783,6644.223866666667,4903.009,5024.024290231527
1105,3,3,3865.098,5045.080711596469,5038.448643760516,5087.914461277776,5752.6376953125,5842.5859375,5057.607544718177,5378.598800637253,5424.783,6644.223866666667,4903.009,5025.115421410431
1106,1,3,4043.6205,4740.959122722966,4867.699418424494,4893.918657388887,5461.8388671875,5404.89501953125,4720.497545282423,4945.941022551133,4593.996,6544.8038166666665,4593.996,4658.748736718441
1106,2,3,3865.098,4870.84606960864,4917.083323935318,4983.065485090275,5461.8388671875,5406.03076171875,4809.402407902455,5037.355843903656,4593.996,6544.8038166666665,4593.996,4668.002959391449
1106,3,3,4147.4715,4860.5886605064925,4999.207432393651,5045.762318291662,5461.8388671875,5407.16650390625,4775.774973948255,5141.76862730277,4593.996,6544.8038166666665,4593.996,4672.696517997524
1107,1,3,3865.098,4207.127938077964,4867.328199703174,4878.1396679097215,5135.3603515625,4769.7294921875,4249.738693234809,4623.2103067042,4043.6205,6415.327283333333,4043.6205,4135.18885046783
1107,2,3,4147.4715,4479.982999262833,4910.1933586047635,5003.218854395829,5135.3603515625,4770.865234375,4294.375638286808,4848.92411069596,4043.6205,6415.327283333333,4043.6205,4150.435937573413
1107,3,3,4698.738,4584.384324740288,4990.758104308335,5108.7924554722185,5135.3603515625,4772.0009765625,4322.719854840826,5063.375626617133,4043.6205,6415.327283333333,4043.6205,4164.310771040326
1108,1,3,4147.4715,4059.1824858919003,4897.024260148213,4816.064453111114,4969.833984375,4468.1083984375,4205.642803496127,4595.9736475925965,3865.098,6277.7642000000005,3865.098,3972.005781766348
1108,2,3,4698.738,4451.1863027395575,4964.417408742462,4967.866541173612,4969.833984375,4469.244140625,4198.512280629542,4844.432124590296,3865.098,6277.7642000000005,3865.098,3986.343215528126
1109,1,3,4698.738,4460.3307172639115,4958.252844983726,4888.209848361112,5071.013671875,4970.9326171875,4405.3981824220555,4663.40393268424,4147.4715,6152.884666666667,4147.4715,4230.07666011049
1110,3,3,4137.391,5141.143886460702,5323.893967478806,5335.355536520831,5370.8515625,5510.134765625,5106.613164659329,5107.6672794497335,4698.738,6041.878516666667,4698.738,4770.3982702025705
1111,2,3,4137.391,4864.972528832881,5228.837521154204,5233.377452069446,5384.2724609375,5338.62939453125,4817.176232515333,5023.665537890289,4698.738,5918.8341666666665,4420.8355,4542.795709114047
1111,3,3,3687.809,4877.96584050141,5288.509338533966,5339.7950170972235,5384.2724609375,5339.76513671875,4830.246367100837,5113.559710020027,4698.738,5918.8341666666665,4420.8355,4548.663466366975
1112,1,3,4137.391,4508.862674097875,5131.933056063924,5021.6369927916685,5335.2451171875,5270.76171875,4560.897754069847,4785.5688717279745,4698.738,5788.776783333333,4234.7345000000005,4374.369324197322
1112,2,3,3687.809,4711.727841725683,5217.217365339421,5153.466991951389,5335.2451171875,5271.8974609375,4608.5769867921745,4946.520219877303,4698.738,5788.776783333333,4234.7345000000005,4385.930716384819
1112,3,3,3715.267,4866.27380931563,5269.648104608469,5266.977366527778,5335.2451171875,5273.033203125,4626.886472601562,5101.766184029719,4698.738,5788.776783333333,4234.7345000000005,4395.878945523173
1113,1,3,3687.809,4462.843360502955,5162.774161061807,4938.9828082986105,5235.8251953125,5196.97314453125,4443.382327269702,4769.292282461709,4137.391,5660.795283333334,4137.391,4236.68215565118
1113,2,3,3715.267,4634.1705664835545,5275.808721575693,5050.540344756944,5235.8251953125,5198.10888671875,4486.539221110607,4926.872248184452,4137.391,5660.795283333334,4137.391,4247.848191104329
1113,3,3,3823.098,4703.038368917805,5360.754456896925,5145.958844666668,5235.8251953125,5199.24462890625,4530.808127368073,5126.454875159738,4137.391,5660.795283333334,4137.391,4261.538761489104
1114,1,3,3715.267,4006.491991541033,5085.684147850497,4914.556109173613,4940.4560546875,4914.8154296875,3950.959800938971,4720.753795210451,3687.809,5526.757183333333,3687.809,3815.722725236599
1114,2,3,3823.098,4219.725448850507,5199.152978429661,5021.387358187501,4940.4560546875,4915.951171875,3945.0953198930792,4908.092584474346,3687.809,5526.757183333333,3687.809,3826.511996917409
1114,3,3,3985.13,4321.572097544497,5274.699384100495,5133.907092291669,4940.4560546875,4917.0869140625,4021.138323562776,5127.679746967844,3687.809,5526.757183333333,3687.809,3842.763237276478
1115,1,3,3823.098,4067.329023579661,4997.701875925496,4893.005668569446,4878.609375,4995.166015625,3971.7028249102455,4820.399141785359,3715.267,5407.7762999999995,3715.267,3843.182154063035
1115,2,3,3985.13,4382.543489564491,5091.349336426885,5032.34311140278,4878.609375,4996.3017578125,4017.726598170519,5000.642426800944,3715.267,5407.7762999999995,3715.267,3855.808898816163
1116,1,3,3985.13,4202.587233833474,5095.527689470931,4899.547060847223,4960.0224609375,5031.63671875,4038.8714950431167,4904.9923225485,3823.098,5285.358533333333,3823.098,3946.7033417347748
1117,3,3,4279.353,4806.3987097657155,5346.253210400993,5215.104577083334,5075.34033203125,5227.6044921875,4285.982236800699,5248.526081213627,3985.13,5151.3654,3985.13,4121.061503054329
1118,2,3,4279.353,4753.17226677136,5422.1784198643845,5260.947475875001,5174.85400390625,5281.4443359375,4447.518375298234,5026.683256907239,3985.13,5022.622,4179.72,4266.929238511683
1118,3,3,4407.285,4888.896505281466,5475.603788956647,5356.693753104167,5174.85400390625,5282.580078125,4515.828807098926,5207.311837992449,3985.13,5022.622,4179.72,4280.547581815199
1119,1,3,4279.353,4381.593182600107,5292.83434030883,5088.928818034724,5164.7099609375,5140.93115234375,4274.3939668224775,4903.87071655472,3985.13,4907.708666666666,4082.12,4177.727289513278
1119,2,3,4407.285,4588.0335202329,5376.045452324902,5186.629030361111,5164.7099609375,5142.06689453125,4328.1216230524915,5098.475180875287,3985.13,4907.708666666666,4082.12,4191.535588356708
1119,3,3,4239.81,4718.691620007872,5430.034588829861,5265.621787111112,5164.7099609375,5143.20263671875,4351.742300860628,5278.618911995132,3985.13,4907.708666666666,4082.12,4203.182518030613
1120,1,3,4407.285,4546.237210015803,5319.292457447224,5117.61429050695,5271.94384765625,5348.26171875,4477.75833663986,5014.344228100282,4279.353,4815.422666666666,4279.353,4375.348355652519
1120,2,3,4239.81,4778.558677107299,5401.461706344047,5185.102238805558,5271.94384765625,5349.3974609375,4502.930000316332,5165.176516580185,4279.353,4815.422666666666,4279.353,4385.334708900668
1120,3,3,4686.115,4929.045846342609,5445.359019384227,5242.9704363680585,5271.94384765625,5350.533203125,4532.005968936089,5283.385518065461,4279.353,4815.422666666666,4279.353,4393.56754942661
1121,1,3,4239.81,4703.221358199393,5396.5182665324855,5190.109320722228,5302.75439453125,5503.1865234375,4596.217109169818,5098.906274687867,4407.285,4744.163866666667,4407.285,4496.002580383858
1121,2,3,4686.115,5061.325176493042,5461.333628951534,5248.851497972223,5302.75439453125,5504.322265625,4646.316004727691,5260.390129327358,4407.285,4744.163866666667,4407.285,4507.700557298773
1121,3,3,4711.4565,5227.37983417678,5507.255762472269,5303.2000647083305,5302.75439453125,5505.4580078125,4685.032194787664,5387.9033597000935,4407.285,4744.163866666667,4407.285,4516.901008317609
1122,1,3,4686.115,4540.110091403838,5350.824147101732,5145.655354743058,5265.99755859375,5442.0546875,4453.671434681976,4968.114457586846,4239.81,4682.093066666666,4239.81,4337.573721604971
1122,2,3,4711.4565,4743.114455002109,5400.638632824946,5208.199745326389,5265.99755859375,5443.1904296875,4481.7647139417895,5141.285135442739,4239.81,4682.093066666666,4239.81,4349.004008077321
1123,1,3,4711.4565,4777.6853698415825,5441.37212577824,5287.803273048615,5458.544921875,5663.64501953125,4877.483708351974,5150.977550324509,4686.115,4634.715899999999,4686.115,4756.111267683456
1124,3,3,5167.424,5279.252961484476,5488.638600688855,5352.193683979168,5560.837890625,5641.3583984375,4893.809599150775,5291.2090238685605,4711.4565,4574.204216666666,4711.4565,4791.248185352883
1125,2,3,5167.424,5365.324492313217,5565.650389845004,5455.338499513887,5718.4580078125,5910.349609375,5157.487892947432,5302.256036472236,4711.4565,4530.293383333334,5001.23,5030.017621264698
1125,3,3,5085.618,5473.201489333986,5590.988047820201,5495.598267388885,5718.4580078125,5911.4853515625,5200.336215781022,5327.265816730783,4711.4565,4530.293383333334,5001.23,5033.354804324851
1126,1,3,5167.424,5199.4436472861025,5478.4959121774455,5364.650659409722,5764.1318359375,5847.8056640625,5138.80307817306,5199.096134259349,4711.4565,4497.496266666667,4996.8865,5021.857624499737
1126,2,3,5085.618,5367.463054487777,5530.860862768118,5412.421203111108,5764.1318359375,5848.94140625,5147.907613765102,5201.516062148565,4711.4565,4497.496266666667,4996.8865,5022.396095106538
1126,3,3,5183.9745,5412.8518124682505,5557.087416774567,5452.478519305553,5764.1318359375,5850.0771484375,5177.483105707977,5213.60091464734,4711.4565,4497.496266666667,4996.8865,5024.394292789739
1127,1,3,5085.618,5468.652531298748,5721.930652637745,5511.383340652777,5886.111328125,6018.080078125,5248.192579899186,5471.997331306165,5167.424,4499.375483333333,5167.424,5220.778021748654
1127,2,3,5183.9745,5568.204361738849,5769.596066438738,5567.443325298609,5886.111328125,6019.2158203125,5241.094010814679,5496.788208077116,5167.424,4499.375483333333,5167.424,5221.930922197633
1127,3,3,5705.37,5599.798575519212,5786.126099238737,5593.122924840276,5886.111328125,6020.3515625,5267.471691229285,5498.891692422458,5167.424,4499.375483333333,5167.424,5223.201665426575
1128,1,3,5183.9745,5380.9156465564065,5706.777087473855,5585.80759886111,5843.6533203125,5954.30615234375,5166.368615310397,5611.143417817212,5085.618,4496.992583333334,5085.618,5153.742889492729
1128,2,3,5705.37,5490.456001136635,5751.195706995087,5649.584783902775,5843.6533203125,5955.44189453125,5162.25022831275,5662.6332391770065,5085.618,4496.992583333334,5085.618,5156.599337986681
1128,3,3,6147.2715,5519.7835350283995,5786.659286107586,5676.370710972222,5843.6533203125,5956.57763671875,5191.675458673902,5752.610840137146,5085.618,4496.992583333334,5085.618,5163.183030607109
1129,1,3,5705.37,5438.818512733526,5720.212404068301,5609.132638708335,5883.05126953125,6136.42724609375,5267.1588939669755,5534.749698464333,5183.9745,4497.2711,5183.9745,5239.287201830263
1129,2,3,6147.2715,5572.003275799525,5777.913790181792,5682.137214770834,5883.05126953125,6137.56298828125,5237.102070828432,5604.846324224345,5183.9745,4497.2711,5183.9745,5242.112940632202
1130,1,3,6147.2715,6028.536234130589,6108.5817794072445,6098.545378666666,6217.447265625,6526.91455078125,5798.588368080459,5970.385245298484,5705.37,4518.550366666666,5705.37,5747.766189439613
1131,3,3,5746.796,6483.512229502176,6274.653365995316,6457.787374472222,6510.69140625,6896.3173828125,6238.151241027219,5658.801254123182,6147.2715,4547.855666666666,6147.2715,6138.549918201605
1132,2,3,5746.796,6815.57646451147,6654.206701456824,6634.078168048619,6801.51708984375,7138.099609375,6627.794760514129,5886.876271236105,6147.2715,4586.57645,6586.4065,6514.723098347343
1132,3,3,5037.188,6903.95036013151,6675.174105933309,6709.724999881948,6801.51708984375,7139.2353515625,6615.225253178397,5873.082609494798,6147.2715,4586.57645,6586.4065,6513.363474411943
1133,1,3,5746.796,6951.162865501619,6848.967919110118,6750.813710541665,6983.70166015625,7174.2900390625,6839.358137965433,5767.539956204942,6147.2715,4672.752466666667,6868.4425,6738.764896119499
1133,2,3,5037.188,7039.2594099935595,6872.462658909224,6799.094548862105,6983.70166015625,7175.42578125,6824.414908334576,5812.168973021201,6147.2715,4672.752466666667,6868.4425,6740.74628192463
1133,3,3,5157.78,7090.205357887412,6890.30150744841,6864.582775264879,6983.70166015625,7176.5615234375,6840.054577954709,5788.115219878923,6147.2715,4672.752466666667,6868.4425,6740.008150751705
1134,1,3,5037.188,5648.334520529469,5976.249923177251,6184.57248127778,6545.76220703125,6156.4306640625,5742.451268564977,5658.0159972569645,5746.796,4711.049233333334,5746.796,5776.82224793605
1134,2,3,5157.78,5755.349498109188,5976.828712382608,6203.488857784724,6545.76220703125,6157.56640625,5731.038266372486,5671.616612919181,5746.796,4711.049233333334,5746.796,5777.127882111625
1135,1,3,5157.78,5085.497909801504,5648.735196436219,5581.4054209791675,6090.15283203125,5551.6416015625,5071.668226955362,5348.5152610168225,5037.188,4715.521866666666,5037.188,5103.75927829386
1138,3,3,5184.9765,5305.02219206309,5542.928651316612,5536.996644986111,5730.9150390625,5395.8876953125,5007.119615225056,5224.551439507425,5157.78,4811.36005,4939.54,5015.1597920075765
1139,2,3,5184.9765,5240.4555533545545,5510.310107956491,5400.078962416667,5627.95263671875,5278.63525390625,4827.752663377679,5128.198056833244,5157.78,4830.797666666666,4730.6,4838.7272183822315
1139,3,3,5160.571,5244.719002716507,5558.75316063308,5438.830520222222,5627.95263671875,5279.77099609375,4831.146525489858,5169.037776194373,5157.78,4830.797666666666,4730.6,4841.282394670078
1140,1,3,5184.9765,5238.844869623384,5558.0383213682,5365.523629159725,5724.6572265625,5600.41259765625,5072.2598812949345,5061.266208316331,5157.78,4840.291733333333,4983.56,5041.457040495074
1140,2,3,5160.571,5374.351973574158,5596.876221202526,5455.346759333334,5724.6572265625,5601.54833984375,5080.7340347531,5151.554152869849,5157.78,4840.291733333333,4983.56,5047.148207466177
1140,3,3,5382.938,5476.658437541287,5640.619825018003,5496.805060486111,5724.6572265625,5602.68408203125,5083.725809865478,5179.074366472431,5157.78,4840.291733333333,4983.56,5048.900675945816
1141,1,3,5160.571,5303.9098199709,5832.9613562044115,5548.816190534723,5837.583984375,5740.76220703125,5288.429454059652,5495.752795810678,5184.9765,4865.7631,5184.9765,5236.75051190499
1141,2,3,5382.938,5468.532406571322,5909.58418664687,5636.3986964722235,5837.583984375,5741.89794921875,5278.088107021442,5561.401013698941,5184.9765,4865.7631,5184.9765,5240.171108021821
1141,3,3,5681.892,5564.58344587107,5939.061001997565,5675.8988863194445,5837.583984375,5743.03369140625,5344.56593861441,5576.287390896315,5184.9765,4865.7631,5184.9765,5243.938746815162
1142,1,3,5382.938,5355.625832508722,5754.873948639825,5573.759791333332,5794.830078125,5699.72265625,5301.051315693911,5551.3540172446865,5160.571,4896.624316666667,5160.571,5217.857289457172
1142,2,3,5681.892,5422.412031409996,5832.48969190927,5634.508698888889,5794.830078125,5700.8583984375,5340.188709972762,5584.148966907652,5160.571,4896.624316666667,5160.571,5221.492105329935
1143,1,3,5681.892,5453.297756735018,5821.858017252626,5709.768460472225,5915.02880859375,5914.41943359375,5501.111805337436,5432.020499205897,5382.938,4938.1425500000005,5382.938,5414.577139775701
1146,3,3,6232.302,6011.935855284302,6163.9496899846245,6212.79994765278,6179.9384765625,5986.6220703125,5948.66377326765,5827.720991248208,5681.892,5139.72735,5752.344,5777.590140330844
1147,2,3,6232.302,6028.796198171049,6193.725686051089,6233.81084175,6237.94580078125,5982.79736328125,6014.751883155382,5733.955273521631,5681.892,5202.424883333334,5866.056,5863.708106751828
1147,3,3,6454.2775,6129.4294199629885,6211.953557305056,6287.540507131944,6237.94580078125,5983.93310546875,6039.340516760446,5774.38612263546,5681.892,5202.424883333334,5866.056,5867.160594538815
1148,1,3,6232.302,6068.983421191102,6193.621622747686,6164.702392027777,6309.779296875,6210.03955078125,6130.87450067174,5709.617620963599,5681.892,5262.859083333333,5992.746,5966.545638908889
1148,2,3,6454.2775,6207.684675362868,6224.75068606812,6206.720001090278,6309.779296875,6211.17529296875,6151.5328558552765,5756.169853264643,5681.892,5262.859083333333,5992.746,5970.188138018026
1148,3,3,6014.736,6327.962737162639,6242.375507481811,6261.37106845139,6309.779296875,6212.31103515625,6192.9383619876335,5818.508737830014,5681.892,5262.859083333333,5992.746,5975.663266893256
1149,1,3,6454.2775,6311.157439204944,6240.061248002581,6308.045399291665,6491.27587890625,6758.0009765625,6331.8405830907905,6092.264926219437,6232.302,5334.5318166666675,6232.302,6239.86398160785
1149,2,3,6014.736,6449.173909077257,6241.9571452888895,6309.7244676249975,6491.27587890625,6759.13671875,6333.607980068059,6120.813443350726,6232.302,5334.5318166666675,6232.302,6241.623843597957
1149,3,3,5230.305,6550.057097783878,6238.478770594446,6351.422462312497,6491.27587890625,6760.2724609375,6344.383849720754,6118.534257809502,6232.302,5334.5318166666675,6232.302,6241.957945516135
1150,1,3,6014.736,6492.067758316936,6397.889884584721,6491.404783250002,6675.01416015625,6962.30322265625,6513.320599901994,6377.530299235822,6454.2775,5407.0293,6454.2775,6462.113601970898
1150,2,3,5230.305,6626.101202432888,6418.323928680787,6494.122070444446,6675.01416015625,6963.43896484375,6510.738588831108,6378.842412377791,6454.2775,5407.0293,6454.2775,6462.078705604663
1150,3,3,4712.745,6658.769674503183,6416.864230587531,6532.149359319444,6675.01416015625,6964.57470703125,6525.393241045464,6376.161252635042,6454.2775,5407.0293,6454.2775,6462.557734988843
1151,1,3,5230.305,5948.152318048438,5972.98579561677,6160.9282050833335,6564.56591796875,6548.19482421875,6029.348476106706,5799.68026645158,6014.736,5460.611000000001,6014.736,6027.088205830027
1151,2,3,4712.745,5982.774203934535,5978.049509896531,6162.367008131946,6564.56591796875,6549.33056640625,6025.901665471087,5800.924930859112,6014.736,5460.611000000001,6014.736,6027.011737084282
1151,3,3,4676.243,6008.6439635971565,5987.088944590974,6191.672821618058,6564.56591796875,6550.46630859375,6022.339677643829,5737.106867451068,6014.736,5460.611000000001,6014.736,6023.094604658772
1152,1,3,4712.745,5011.522209033438,5529.634209567437,5377.981052256943,6053.33642578125,5883.05810546875,5294.922042144943,5189.985889708884,5230.305,5493.6275000000005,5230.305,5267.253937879385
1152,2,3,4676.243,4989.663435766836,5554.82800881218,5395.250897312502,6053.33642578125,5884.19384765625,5307.155772009375,5205.312448588198,5230.305,5493.6275000000005,5230.305,5268.689333519794
1153,1,3,4676.243,4794.726104889908,5396.640826006578,5147.156759222222,5724.45361328125,5508.0869140625,4798.187460960948,4876.416488204132,4712.745,5494.515166666667,4712.745,4770.996535309356
1153,3,3,4659.7395,4797.707663260901,5459.845442999138,5218.535652819445,5724.45361328125,5510.3583984375,4788.512443315767,5085.787228980201,4712.745,5494.515166666667,4712.745,4782.9190029726315
1154,2,3,4659.7395,4823.83650074441,5295.128097988059,5078.1606211805565,5650.29248046875,5405.66748046875,4776.147367269065,5179.912448228812,4676.243,5493.341383333333,4676.243,4753.496336366594
1154,3,3,4789.18,4854.005937999034,5331.045680642821,5107.125000319446,5650.29248046875,5406.80322265625,4796.818418077121,5238.232390006671,4676.243,5493.341383333333,4676.243,4757.833131621253
1155,1,3,4659.7395,4826.033428366845,5211.874308947387,4982.715244041669,5601.06884765625,5435.55810546875,4868.657740162995,4852.044357804688,4676.243,5484.482883333333,4735.475,4780.905845367226
1155,2,3,4789.18,4813.737785141541,5257.0267732658385,5019.4170511249995,5601.06884765625,5436.69384765625,4860.978965992734,4906.590974752926,4676.243,5484.482883333333,4735.475,4783.787718465712
1155,3,3,4809.5775,4778.281332855052,5287.213152836275,5050.084900368056,5601.06884765625,5437.82958984375,4860.13113196597,4902.000368120384,4676.243,5484.482883333333,4735.475,4783.480228974931
1156,1,3,4789.18,4680.099393581087,5248.110047729562,4970.963599986111,5519.57861328125,5440.51708984375,4823.407458330532,4855.326403822969,4659.7395,5473.24465,4659.7395,4716.535071397664
1156,2,3,4809.5775,4696.092271837013,5273.4287428719235,5011.315771013886,5519.57861328125,5441.65283203125,4823.207978265331,4872.707616574189,4659.7395,5473.24465,4659.7395,4717.551077498886
1156,3,3,4913.55,4774.166655626759,5305.545363158034,5058.408711701388,5519.57861328125,5442.78857421875,4833.632827030377,4877.328702224898,4659.7395,5473.24465,4659.7395,4718.2767123506555
1157,1,3,4809.5775,4843.942786335636,5291.369245549704,5039.905174291668,5621.1591796875,5581.0322265625,4966.752410813982,5064.956961007171,4789.18,5460.636516666667,4789.18,4850.071405182894
1157,2,3,4913.55,4865.503257345383,5332.960102960816,5097.271234916665,5621.1591796875,5582.16796875,4958.446190241913,5089.149558057749,4789.18,5460.636516666667,4789.18,4851.1365340121365
1158,1,3,4913.55,4938.721316586893,5272.8595809816825,5153.870856972223,5706.00732421875,5696.75146484375,4950.580402887146,4963.446963363306,4809.5775,5451.435166666666,4809.5775,4864.551837896835
1159,3,3,5315.425,5243.046351720517,5460.084179395831,5350.129144215275,5708.98095703125,5748.2431640625,5069.9839321250765,5246.06457321256,4913.55,5442.421016666666,4913.55,4975.245708242446
1160,2,3,5315.425,5391.4969581074865,5707.383610089288,5421.824627902775,5794.47216796875,5912.732421875,5270.880871320159,5720.278876964227,4913.55,5422.33035,5102.65,5159.075574076847
1160,3,3,5327.793,5485.390674544541,5729.061632545633,5442.982001006944,5794.47216796875,5913.8681640625,5300.405764819142,5734.619601315213,4913.55,5422.33035,5102.65,5161.204562938661
1161,1,3,5315.425,5379.304990920868,5702.056681975202,5542.21339454861,5841.10107421875,6006.95947265625,5446.8304887911545,5553.618096205181,4913.55,5393.1623,5272.23,5287.517916572692
1161,2,3,5327.793,5455.230660313457,5777.542373902779,5590.9915881597235,5841.10107421875,6008.09521484375,5477.843088287303,5599.778450216208,4913.55,5393.1623,5272.23,5291.587450791165
1161,3,3,5357.352,5570.537843563208,5798.415619501984,5616.498346104167,5841.10107421875,6009.23095703125,5521.218400965345,5591.064547509947,4913.55,5393.1623,5272.23,5292.959424782154
1162,1,3,5327.793,5410.473821790337,5792.138586349479,5662.340106291666,5899.26025390625,6088.783203125,5494.603094984136,5533.195049991095,5315.425,5350.79625,5315.425,5361.956723337697
1162,2,3,5357.352,5503.096189498129,5872.458762679835,5749.527367548612,5899.26025390625,6089.9189453125,5526.268410824421,5565.378181429807,5315.425,5350.79625,5315.425,5365.23063146483
1162,3,3,5534.808,5616.062967942286,5903.03674061039,5792.087167673611,5899.26025390625,6091.0546875,5558.711098257705,5556.674735053343,5315.425,5350.79625,5315.425,5366.127939923691
1163,1,3,5357.352,5495.134717126567,5819.609940006717,5697.184861652775,6003.75048828125,6083.408203125,5550.52622263415,5590.508814104393,5327.793,5299.441266666667,5327.793,5382.95525669529
1163,2,3,5534.808,5595.373315125188,5896.57817185791,5780.856083555552,6003.75048828125,6084.5439453125,5561.984121766094,5660.723752864295,5327.793,5299.441266666667,5327.793,5387.592770134433
1163,3,3,5549.544,5662.172474591231,5933.705174784046,5848.045035374996,6003.75048828125,6085.6796875,5566.635271291638,5671.849260672957,5327.793,5299.441266666667,5327.793,5388.450857310742
1164,1,3,5534.808,5621.8164605767715,5850.038565405859,5740.22037786111,6051.595703125,5928.435546875,5506.3310832422385,5570.624595341826,5357.352,5286.4598,5357.352,5407.2043864025445
1164,2,3,5549.544,5688.902965901073,5910.630219735884,5809.611114569445,6051.595703125,5929.5712890625,5553.154283293057,5626.354552458046,5357.352,5286.4598,5357.352,5412.52542515294
1165,1,3,5549.544,5814.165098713176,5910.661666153274,5900.592436624999,6167.15625,6132.76123046875,5710.939957741932,5699.482886949965,5534.808,5303.047133333333,5534.808,5580.229618946294
1166,3,3,5800.6425,5663.972056372444,6018.5303443287485,6020.874905590275,6223.703125,6280.30810546875,5805.522026286499,5764.964903010747,5549.544,5316.105933333334,5549.544,5603.283554681963
1167,2,3,5800.6425,5664.664457449066,6073.097871737929,6033.119543472225,6292.24072265625,6445.083984375,5763.695052587854,5820.745288231136,5549.544,5327.926866666666,5635.168000000001,5672.701482356114
1167,3,3,5658.7245,5828.710068067445,6080.681816796012,6053.015659861112,6292.24072265625,6446.2197265625,5813.715712118366,5809.21273655011,5549.544,5327.926866666666,5635.168000000001,5674.1961859445355
1168,1,3,5800.6425,5768.53202959704,5994.530973292655,5994.944205625004,6347.30712890625,6488.197265625,5860.4162233100415,5776.742859886756,5549.544,5354.4819333333335,5736.192000000001,5753.336312232179
1168,2,3,5658.7245,5777.792547584204,6021.906402157075,6035.077979583334,6347.30712890625,6489.3330078125,5856.976073733072,5817.113877156765,5549.544,5354.4819333333335,5736.192000000001,5755.566757069229
1168,3,3,5642.3105,5876.968474684152,6040.952595590159,6061.2186990625,6347.30712890625,6490.46875,5895.610704907131,5805.590554484163,5549.544,5354.4819333333335,5736.192000000001,5756.5670116478495
1169,1,3,5658.7245,5766.84017230841,5977.131915375494,6114.541887569446,6392.56640625,6487.28857421875,5853.6391978859365,5767.416968867077,5800.6425,5390.150016666667,5800.6425,5827.250535135976
1169,2,3,5642.3105,5794.823651570928,6014.416917401616,6129.642857916666,6392.56640625,6488.42431640625,5867.39851705982,5801.996844540189,5800.6425,5390.150016666667,5800.6425,5829.887298611032
1170,1,3,5642.3105,5769.695978265753,5982.797201511902,6036.934802256944,6354.6123046875,6336.8701171875,5710.209679959667,5817.569387844323,5658.7245,5412.6555,5658.7245,5701.202721570873
1170,3,3,5486.4355,5906.51546048114,6038.007833363468,6082.292907361111,6354.6123046875,6339.1416015625,5729.569583110521,5877.388986271782,5658.7245,5412.6555,5658.7245,5705.570925919851
1171,2,3,5486.4355,5620.966992392706,5900.314897078205,6037.101146145832,6271.0546875,6369.68115234375,5688.860400119488,5695.384372947691,5642.3105,5427.899966666666,5642.3105,5675.359559060563
1172,1,3,5486.4355,5661.102081250891,5915.909833785715,5999.269661354167,6286.6259765625,6415.16357421875,5717.474882166948,5670.553407747849,5642.3105,5445.18095,5679.000499999999,5703.643265743644
1176,3,3,5390.394,5234.302704404209,5859.857802371362,5932.445251319446,6186.7080078125,6376.8818359375,5494.096376660651,5827.452477271988,5486.4355,5421.221433333334,5487.041,5538.401684834288
1177,2,3,5390.394,5108.325326245567,5843.193026722225,5907.610061944445,6169.5458984375,6249.1845703125,5432.854512533277,5808.450647949005,5486.4355,5406.831649999999,5434.3625,5493.924855220595
1177,3,3,5285.844,5202.948398826265,5863.574671546628,5935.465512750001,6169.5458984375,6250.3203125,5445.685571726524,5835.471188942531,5486.4355,5406.831649999999,5434.3625,5496.075616748127
1178,1,3,5390.394,5134.444186377851,5728.953107636904,5700.4565892222245,6133.3046875,6139.439453125,5301.902287073716,5724.798097184815,5486.4355,5383.657433333333,5297.519499999999,5377.958991231712
1178,2,3,5285.844,5149.657965594221,5810.570710554564,5770.22983304167,6133.3046875,6140.5751953125,5295.666762018328,5761.943294216259,5486.4355,5383.657433333333,5297.519499999999,5379.877738227982
1179,1,3,5285.844,5553.944161422229,5696.884913987604,5731.186218847222,6125.8046875,6041.88232421875,5403.353084510933,5663.2370518144235,5390.394,5355.593833333332,5390.394,5439.671480195659
1180,3,3,5660.275,5624.178687591522,5727.187307501491,5767.635241722218,6089.30859375,5896.2421875,5307.986587942987,5533.800393489905,5285.844,5316.646049999999,5285.844,5337.073028121522
1181,2,3,5660.275,5660.3024660635865,5675.512531881451,5786.809768874995,6074.947265625,5909.8505859375,5424.599944409985,5484.095168487446,5285.844,5295.85845,5391.108,5418.370153533012
1182,1,3,5660.275,5688.687403823378,5593.154974624998,5758.226507805553,6124.78564453125,5939.462890625,5504.7544710166185,5413.209025654286,5285.844,5303.01375,5444.964,5460.712401930648
1182,3,3,5822.649,5841.038979645647,5711.766856845236,5818.595933152778,6124.78564453125,5941.734375,5500.194398323247,5468.89992519367,5285.844,5303.01375,5444.964,5463.797315735143
1183,2,3,5822.649,5803.556198102567,6080.494531443949,6036.411470333332,6257.32470703125,6207.77783203125,5663.690654161017,5814.142179195724,5660.275,5334.598083333333,5660.275,5695.984702257415
1184,1,3,5822.649,5642.405098032865,5879.794332420636,5926.618764687497,6251.125,6189.84375,5595.721374093335,5770.494858089959,5660.275,5364.809283333334,5582.579000000001,5631.2844397157905
1184,3,3,5501.5615,5709.989077720552,5970.911120730699,5994.835809409719,6251.125,6192.115234375,5589.357589238733,5784.714890934711,5660.275,5364.809283333334,5582.579000000001,5631.846098817683
1185,2,3,5501.5615,5932.267271616721,6046.173024392359,6148.98930005555,6392.0458984375,6592.05126953125,5817.595157997131,5839.3962843693,5822.649,5401.048416666667,5822.649,5848.67992823927
1186,1,3,5501.5615,5428.61380944835,5663.180358191965,5874.819048722222,6308.98681640625,6250.435546875,5395.484816939114,5540.286390201567,5822.649,5426.190766666667,5414.01,5499.243248431248
1187,3,3,5592.7375,5550.183385008636,5689.049887810519,5865.599723687499,6377.53662109375,6271.107421875,5403.72589695881,5480.394767571236,5501.5615,5449.936816666666,5501.5615,5534.926146569688
1188,2,3,5592.7375,5625.416559648926,5835.201934276788,5902.276216020834,6452.07373046875,6415.2724609375,5494.0053764600325,5732.441789445898,5501.5615,5477.5517,5638.024,5660.461906912285
1188,3,3,6034.8935,5667.347051358226,5834.461150139882,5922.862022798611,6452.07373046875,6416.408203125,5469.546362836145,5704.120534250707,5501.5615,5477.5517,5638.024,5657.728953592857
1189,1,3,5592.7375,5525.588150131021,5721.762286390877,5803.255362430557,6464.18017578125,6433.99609375,5466.765111707464,5640.737986928369,5501.5615,5499.6993833333345,5577.9805,5608.892832460986
1189,2,3,6034.8935,5462.451318022788,5760.084318543652,5846.8881098541715,6464.18017578125,6435.1318359375,5426.485994084484,5665.437787123506,5501.5615,5499.6993833333345,5577.9805,5608.597881541701
1189,3,3,6280.64,5477.5066241693075,5762.391981484128,5854.974961145836,6464.18017578125,6436.267578125,5423.037012414081,5637.2303039471,5501.5615,5499.6993833333345,5577.9805,5606.785019843091
1190,1,3,6034.8935,5663.974455354257,5696.4277821436535,5917.5783599583365,6392.5244140625,6457.27099609375,5487.163685010201,5777.147043275036,5592.7375,5516.035633333333,5592.7375,5634.504756000948
1190,2,3,6280.64,5599.594245211679,5726.229120603966,5969.804142493055,6392.5244140625,6458.40673828125,5497.739427395691,5783.546157996225,5592.7375,5516.035633333333,5592.7375,5635.341771277651
1190,3,3,6304.96,5658.830646610783,5729.529794236407,6000.509865340277,6392.5244140625,6459.54248046875,5465.29445180788,5779.021111657318,5592.7375,5516.035633333333,5592.7375,5633.6645012673
1191,1,3,6280.64,5897.230740157452,6111.075984781743,6209.7103993888895,6653.92822265625,6921.65966796875,5945.924841198642,5965.8716766759635,6034.8935,5541.4577500000005,6034.8935,6054.422334127085
1191,2,3,6304.96,5880.5101039277815,6130.787522083827,6239.653862340281,6653.92822265625,6922.79541015625,5953.212859265194,5974.126328783718,6034.8935,5541.4577500000005,6034.8935,6055.22580965469
1191,3,3,6441.581,5940.554018797372,6138.508545615572,6265.692895638893,6653.92822265625,6923.931640625,5926.244444871415,5961.511506029695,6034.8935,5541.4577500000005,6034.8935,6053.309707902908
1192,1,3,6304.96,6149.250000124686,6181.946901525331,6387.152195444443,6782.5419921875,7174.81103515625,6163.435841635444,5984.839779991945,6280.64,5573.631583333333,6280.64,6280.375004989328
1192,2,3,6441.581,6120.256805739148,6194.643270247552,6414.9138618680545,6782.5419921875,7175.94677734375,6165.6038688755325,5994.014254446488,6280.64,5573.631583333333,6280.64,6281.010121910758
1193,1,3,6441.581,6250.572790169125,6245.552011177613,6375.215578368055,6756.3662109375,7198.93701171875,6207.5862336439,6091.559208445671,6304.96,5606.203816666667,6304.96,6308.174390572972
1194,3,3,6628.0485,6272.8498377284195,6469.367356501815,6464.357520659722,6873.46435546875,7109.46337890625,6326.402110032757,6062.810498961157,6441.581,5642.344783333334,6441.581,6433.406059317723
1195,2,3,6628.0485,6319.177184244976,6516.216029965804,6492.714505305552,6941.81298828125,7096.92626953125,6432.859105907771,6311.035648341772,6441.581,5675.7956,6538.3325,6529.042455689764
1195,3,3,6573.017,6387.59758033257,6512.02968172751,6517.196766076382,6941.81298828125,7098.06201171875,6416.261945750023,6277.641531615414,6441.581,5675.7956,6538.3325,6526.352224983555
1196,1,3,6628.0485,6591.001823817552,6576.45755233237,6566.819879267852,7009.7119140625,7224.6328125,6621.575251824571,6281.163617033425,6441.581,5715.002483333333,6725.7505,6680.569692175357
1196,2,3,6573.017,6577.426832052579,6560.560395077908,6569.116259917653,7009.7119140625,7225.7685546875,6619.421597685438,6295.708501124897,6441.581,5715.002483333333,6725.7505,6681.33353237398
1196,3,3,6563.543,6549.919321257734,6560.341236008265,6587.03777918154,7009.7119140625,7226.904296875,6602.7478322420875,6233.358058636512,6441.581,5715.002483333333,6725.7505,6676.932903067384
1197,1,3,6573.017,6479.439354994261,6531.483078191462,6596.628042932204,6995.32421875,7211.671875,6528.110010785477,5992.468521497577,6628.0485,5748.098500000001,6628.0485,6602.529824855305
1197,2,3,6563.543,6440.722307727246,6505.347745507934,6591.497422207005,6995.32421875,7212.8076171875,6518.192923054821,5997.410489412553,6628.0485,5748.098500000001,6628.0485,6602.390036950032
1197,3,3,6695.36,6486.2640185992495,6489.355262499798,6584.021821234779,6995.32421875,7213.943359375,6514.739981210329,5947.879732703299,6628.0485,5748.098500000001,6628.0485,6599.319927717244
1198,1,3,6563.543,6403.126893332078,6521.042437851188,6579.3830613627615,6985.55859375,7138.375,6443.88246754501,5903.707844252406,6573.017,5775.992666666667,6573.017,6546.249003417602
1198,2,3,6695.36,6342.137462525059,6494.235632445436,6561.436169679229,6985.55859375,7139.5107421875,6449.286583604602,5941.834327513833,6573.017,5775.992666666667,6573.017,6548.731618965976
1198,3,3,6842.0735,6323.382521548874,6474.575390146824,6537.791406859781,6985.55859375,7140.646484375,6423.496423852895,5908.755496739835,6573.017,5775.992666666667,6573.017,6545.660321422439
1199,1,3,6695.36,6448.660630805269,6459.694907380454,6510.325372849201,6953.90185546875,7178.033203125,6453.64096462986,5933.701673979991,6563.543,5801.422683333333,6563.543,6538.953650322387
1199,2,3,6842.0735,6364.04639345517,6428.692126571925,6502.307806005947,6953.90185546875,7179.1689453125,6455.644016259514,5961.447622622268,6563.543,5801.422683333333,6563.543,6540.676443111818
1200,1,3,6842.0735,6590.061061877246,6517.512876764052,6539.865426571423,6973.2373046875,7268.19384765625,6619.908421551041,5978.456419600836,6695.36,5835.977199999999,6695.36,6662.145094322513
1201,3,3,6933.0625,6682.521544849486,6666.754657249997,6620.85631679166,7019.435546875,7373.484375,6752.736804275592,6369.186799529402,6842.0735,5875.969300000001,6842.0735,6818.180815106766
1202,2,3,6933.0625,6813.791574431159,6835.696087363982,6697.59246172222,7084.439453125,7373.76513671875,6879.469262452845,6296.7780824877955,6842.0735,5919.589633333333,6987.610499999999,6932.629531952022
1202,3,3,6678.87,6811.444256677882,6808.584117230053,6654.629377749997,7084.439453125,7374.90087890625,6886.035159983975,6253.445828396602,6842.0735,5919.589633333333,6987.610499999999,6930.360400619512
1203,1,3,6933.0625,6966.453524344502,6892.575738613781,6786.462466264548,7122.98046875,7401.1357421875,6993.606418137955,6500.504257425224,6842.0735,5972.523233333332,7074.443499999999,7017.135252682321
1203,2,3,6678.87,6845.688808202781,6867.649847755154,6775.210630891865,7122.98046875,7402.271484375,6967.35173289674,6495.148545600294,6842.0735,5972.523233333332,7074.443499999999,7015.678127270311
1203,3,3,6437.502,6858.43804545908,6839.360938056742,6722.918889266864,7122.98046875,7403.4072265625,6969.44914334791,6451.69755108959,6842.0735,5972.523233333332,7074.443499999999,7013.207734021366
1204,1,3,6678.87,6956.173241658997,6987.576115762365,6845.275497388231,7197.576171875,7319.337890625,6815.363865106515,6354.859140762986,6933.0625,6022.076233333332,6933.0625,6905.594854845764
1204,2,3,6437.502,6920.547220515128,6969.629654681015,6850.874585269513,7197.576171875,7320.4736328125,6803.619886813314,6331.109513862193,6933.0625,6022.076233333332,6933.0625,6903.6841836540625
1204,3,3,6427.026,6879.663086158834,6952.457160664154,6806.546189679232,7197.576171875,7321.609375,6791.319322578715,6289.020294952183,6933.0625,6022.076233333332,6933.0625,6900.668137822576
1205,1,3,6437.502,6665.937187154302,6520.947684351188,6632.935964733794,7107.94873046875,7203.177734375,6575.486681840683,5881.604611882304,6678.87,6060.774516666666,6678.87,6646.411803615775
1205,2,3,6427.026,6584.678885459108,6489.146300058035,6614.9201734143535,7107.94873046875,7204.3134765625,6568.26081486205,5906.814742185013,6678.87,6060.774516666666,6678.87,6647.583886291327
1205,3,3,6418.755,6542.084103496248,6443.212808227386,6575.716403379626,7107.94873046875,7205.44921875,6562.18252433906,5883.738837053032,6678.87,6060.774516666666,6678.87,6645.959241722828
1206,1,3,6427.026,6223.297098231592,6430.63080590893,6228.338793286376,6944.83251953125,6854.095703125,6295.140748616931,5944.958900737291,6437.502,6092.45655,6437.502,6424.78556464046
1206,2,3,6418.755,6164.568412414453,6388.8341706896845,6223.83723249868,6944.83251953125,6855.2314453125,6308.103011056224,5937.873586439229,6437.502,6092.45655,6437.502,6424.931380495753
1207,1,3,6418.755,6197.216678714223,6289.694168629366,6151.816418416662,6928.1494140625,6825.85302734375,6286.759279711045,5966.604821853811,6427.026,6125.5453333333335,6427.026,6416.018911545389
1208,3,3,6156.801,6190.580011995055,6081.780776891075,6089.191019999994,6913.80615234375,6808.0576171875,6294.253870874719,5665.025817277588,6418.755,6162.919850000001,6418.755,6390.872435251702
1209,2,3,6156.801,6155.199587194324,6257.207769360123,6118.999161715273,6918.11474609375,6819.6240234375,6304.623897469699,5685.286673933936,6418.755,6197.83405,6437.82,6407.161019727975
1209,3,3,5976.8905,6162.118838389405,6200.122397181749,6088.279035833328,6918.11474609375,6820.759765625,6305.23110119782,5641.46852602443,6418.755,6197.83405,6437.82,6404.604196768109
1210,1,4,6156.801,6051.466077359606,6288.484988569445,6217.3889845,6448.73095703125,6389.7119140625,6266.234713368996,6060.504109151956,6418.755,6233.01475,6341.265,6341.265
1210,2,4,5976.8905,6028.042500675311,6268.9964224131945,6172.185222520833,6448.73095703125,6389.87939453125,6295.397516447898,6018.793235999444,6418.755,6233.01475,6341.265,6341.265
1210,3,4,5983.3805,6085.288524920872,6264.3007795,6156.5434420833335,6448.73095703125,6390.046875,6258.354109273267,6033.922869929131,6418.755,6233.01475,6341.265,6341.265
1211,1,4,5976.8905,5760.570620833887,6092.364171007192,6036.579429340278,6327.64599609375,6331.40185546875,6121.2103937757975,5745.88892075503,6156.801,6258.53785,6156.801,6156.801
1211,2,4,5983.3805,5751.800382559457,6068.108797403026,6004.0110313015875,6327.64599609375,6331.56884765625,6106.991590520747,5695.779465725973,6156.801,6258.53785,6156.801,6156.801
1211,3,4,6006.1695,5802.516222764682,6080.728218976439,5989.173837242064,6327.64599609375,6331.736328125,6112.422681054585,5706.1302300217285,6156.801,6258.53785,6156.801,6156.801
1212,1,4,5983.3805,5911.202057681436,5961.597419193949,5887.155722958334,6247.6767578125,6284.80029296875,5950.201844383242,5590.508803676747,5976.8905,6276.268733333332,5976.8905,5976.8905
1212,2,4,6006.1695,5944.545002605674,5958.037355904266,5834.423517118056,6247.6767578125,6284.9677734375,5957.979490090197,5533.232689801549,5976.8905,6276.268733333332,5976.8905,5976.8905
1212,3,4,5990.166,5935.786279267151,5960.398653787699,5817.777604229167,6247.6767578125,6285.13525390625,5935.766033832079,5536.752558005142,5976.8905,6276.268733333332,5976.8905,5976.8905
1213,1,4,6006.1695,6043.864303316969,6029.81009090377,5972.337784076389,6250.9296875,6292.9169921875,5919.429266402892,5781.180725667389,5983.3805,6287.038916666666,5983.3805,5983.3805
1213,2,4,5990.166,6116.763576336171,6050.447292662203,5953.885386472222,6250.9296875,6293.08447265625,5917.957122271634,5862.5804751855585,5983.3805,6287.038916666666,5983.3805,5983.3805
1214,1,4,5990.166,6072.848762363538,6018.551187446428,5918.720057440476,6292.966796875,6349.28076171875,5953.260474576081,5840.386564267286,6006.1695,6301.1586,6006.1695,6006.1695
1216,3,4,5683.832,5272.026558329129,4304.347056076389,4212.93043777381,5307.373046875,4929.240234375,4101.874501049383,5341.172597261106,5990.166,6264.144400000001,4136.067,4136.067
1217,2,4,5683.832,5505.212560102843,5150.808951488194,5063.783556107143,5366.8642578125,5191.68310546875,4953.064004870942,5410.281882349401,5990.166,6249.793683333333,5071.04,5071.04
1217,3,4,5971.65,5634.261042556945,5171.302950236706,5062.971320544643,5366.8642578125,5191.8505859375,4941.584501327678,5448.839560372858,5990.166,6249.793683333333,5071.04,5071.04
1218,1,4,5683.832,5550.426621354412,5540.207225102679,5417.288279875001,5685.025390625,5561.7763671875,5462.709699111235,5589.821077129345,5990.166,6244.120366666667,5467.824500000001,5467.824500000001
1218,2,4,5971.65,5523.128850376748,5545.175503367163,5434.259364618056,5685.025390625,5561.94384765625,5467.822719262923,5617.488420643945,5990.166,6244.120366666667,5467.824500000001,5467.824500000001
1218,3,4,6055.287,5557.570807606637,5560.712602274405,5440.98651626389,5685.025390625,5562.111328125,5458.039397533665,5616.593262554761,5990.166,6244.120366666667,5467.824500000001,5467.824500000001
1219,1,4,5971.65,5797.890494481068,5831.997790829266,5727.399606208333,5685.57958984375,5974.5634765625,5739.058876659129,5550.287037653541,5683.832,6247.648749999999,5683.832,5683.832
1219,2,4,6055.287,5843.7066835246,5846.8465087862105,5719.593997715278,5685.57958984375,5974.73095703125,5766.145536125348,5563.829024811784,5683.832,6247.648749999999,5683.832,5683.832
1219,3,4,6234.432,5847.585010293599,5818.108737639385,5673.554501090278,5685.57958984375,5974.8984375,5720.830324259087,5552.194021988025,5683.832,6247.648749999999,5683.832,5683.832
1220,1,4,6055.287,6174.5394674402705,5926.612870229166,6001.834918861111,6285.78955078125,6485.07861328125,6027.945463171938,5788.413528665086,5971.65,6260.279166666666,5971.65,5971.65
1220,2,4,6234.432,6196.974497548201,5941.858752265972,6021.745119208333,6285.78955078125,6485.24560546875,6045.496987149243,5845.813756938957,5971.65,6260.279166666666,5971.65,5971.65
1221,1,4,6234.432,6275.148199566016,6038.103612041667,6002.979844611112,6305.59912109375,6280.53125,6024.74768423381,6049.1703470616985,6055.287,6260.95895,6055.287,6055.287
1222,3,4,6122.277,6352.577249930277,6196.4017875624995,6143.2069383749995,6393.787109375,6452.59521484375,6215.43707281147,6212.688266944437,6234.432,6259.418683333334,6234.432,6234.432
1223,2,4,6122.277,6511.721070127761,6376.893336926487,6189.908800444444,6404.8857421875,6208.14404296875,6235.91609608609,6423.350111655865,6234.432,6258.993083333333,6292.191999999999,6292.191999999999
1223,3,4,6181.923,6549.793906912594,6376.588844259523,6182.295393749999,6404.8857421875,6208.3115234375,6235.151291650654,6448.452285683692,6234.432,6258.993083333333,6292.191999999999,6292.191999999999
1224,1,4,6122.277,6441.233992974739,6253.796668011012,5978.357046041667,6268.6259765625,6094.88623046875,5987.039214290456,6268.695791914531,6234.432,6246.798516666666,6075.744000000001,6075.744000000001
1224,2,4,6181.923,6402.575047649288,6278.830130797222,5996.255474965278,6268.6259765625,6095.0537109375,6001.286499831545,6306.602789328952,6234.432,6246.798516666666,6075.744000000001,6075.744000000001
1225,1,4,6181.923,6240.634079376172,6435.875889012997,6109.798522145833,6353.47900390625,6250.505859375,6026.174870404218,6073.0650129971855,6122.277,6232.929999999999,6122.277,6122.277
1225,3,4,6193.5455,6295.232592114837,6478.8986437699405,6168.573809229167,6353.47900390625,6250.84033203125,6051.834180998756,6145.126973070789,6122.277,6232.929999999999,6122.277,6122.277
1226,2,4,6193.5455,6373.924305978181,6547.4029076393845,6212.301501743055,6366.3515625,6480.76025390625,6096.192258695285,6137.3312164497875,6181.923,6214.802416666667,6181.923,6181.923
1226,3,4,6093.186,6451.23039609334,6574.697924117063,6213.829354104167,6366.3515625,6480.927734375,6089.111884817554,6175.127152584981,6181.923,6214.802416666667,6181.923,6181.923
1227,1,4,6193.5455,6503.29845485323,6655.900302670635,6244.598698083334,6474.50390625,6608.93212890625,6165.271000641198,6155.206580147662,6181.923,6201.437466666667,6227.1,6227.1
1227,2,4,6093.186,6550.053896468395,6699.070223984623,6252.609314513889,6474.50390625,6609.099609375,6159.19888120971,6188.12915374192,6181.923,6201.437466666667,6227.1,6227.1
1228,1,4,6093.186,6482.012912109369,6526.823218229663,6137.329126047619,6318.0361328125,6379.7314453125,6112.940319914429,6121.437534116774,6193.5455,6188.788416666666,6193.5455,6193.5455
1229,3,4,5308.6875,6395.360734618994,6484.863056736678,6022.354416829365,6274.59423828125,6327.537109375,5994.873882929611,6052.669008477634,6093.186,6173.10985,6093.186,6093.186
1230,2,4,5308.6875,6115.907083369766,6227.605633357709,5700.774407850197,6084.93212890625,6213.6767578125,5700.152916042174,5773.692900522476,6093.186,6143.466283333333,5806.052999999999,5806.052999999999
1230,3,4,5506.776,6177.535013594674,6240.505134363165,5695.202971406745,6084.93212890625,6213.84423828125,5694.936235614146,5797.659199269015,6093.186,6143.466283333333,5806.052999999999,5806.052999999999
1231,1,4,5308.6875,5700.977635462038,5903.33903050496,5453.919841992063,5791.36669921875,5868.2001953125,5340.825182290834,5627.907393224076,6093.186,6097.558816666667,5464.849499999999,5464.849499999999
1231,2,4,5506.776,5676.733275482735,5922.866483780754,5486.18284470734,5791.36669921875,5868.36767578125,5349.2417084526305,5665.8969166158,6093.186,6097.558816666667,5464.849499999999,5464.849499999999
1232,1,4,5506.776,5632.008023859304,5741.992116959325,5277.131930729167,5567.818359375,5686.6328125,5244.037275561621,5488.805142882546,5308.6875,6041.594716666667,5308.6875,5308.6875
1232,3,4,5335.7035,5781.710235267203,5776.927660756448,5302.313784597222,5567.818359375,5686.9677734375,5232.329152074594,5563.618220612185,5308.6875,6041.594716666667,5308.6875,5308.6875
1233,2,4,5335.7035,5560.560002933249,5884.127160070734,5526.369559211309,5723.4345703125,5980.525390625,5422.661710922142,5444.396356243478,5506.776,5989.339133333333,5506.776,5506.776
1233,3,4,5411.56,5613.457822197517,5911.407950592064,5521.913001600198,5723.4345703125,5980.69287109375,5368.924598597953,5466.201358282158,5506.776,5989.339133333333,5506.776,5506.776
1234,1,4,5335.7035,5613.921585924373,5785.702342120338,5476.592729651786,5713.46142578125,5988.72216796875,5378.129091231578,5471.093191522286,5506.776,5939.79215,5446.653,5446.653
1234,2,4,5411.56,5688.283978271952,5821.023208397123,5475.984165693452,5713.46142578125,5988.8896484375,5378.000234406837,5500.119410407429,5506.776,5939.79215,5446.653,5446.653
1235,1,4,5411.56,5502.5409127342655,5687.722822574801,5361.513927113095,5625.85400390625,5880.6484375,5223.02330725852,5474.038557906711,5335.7035,5895.019933333334,5335.7035,5335.7035
1236,3,4,5375.4015,5722.707887779654,5813.182237613195,5480.358967259921,5728.3271484375,5975.5087890625,5312.898316755336,5650.954994332861,5411.56,5860.821866666667,5411.56,5411.56
1237,2,4,5375.4015,5711.79950496184,5751.988266610417,5490.643122637897,5675.494140625,5836.5927734375,5347.854005733918,5641.219186174757,5411.56,5825.720466666667,5373.984,5373.984
1237,3,4,5304.912,5748.514630289294,5786.140354364881,5496.2711632430555,5675.494140625,5836.76025390625,5317.470998878582,5668.61124421005,5411.56,5825.720466666667,5373.984,5373.984
1238,1,4,5375.4015,5462.341283999439,5434.683154569048,5151.4424907460325,5392.283203125,5445.34619140625,5006.952499685382,5422.15348121086,5411.56,5780.361166666667,5057.976000000001,5057.976000000001
1238,2,4,5304.912,5508.379983565961,5482.2167794123025,5199.471267662699,5392.283203125,5445.513671875,5024.186294531779,5517.0086888995675,5411.56,5780.361166666667,5057.976000000001,5057.976000000001
1238,3,4,5332.73,5565.582646908503,5522.85296194504,5210.512284406746,5392.283203125,5445.68115234375,4966.011799527261,5534.239498142972,5411.56,5780.361166666667,5057.976000000001,5057.976000000001
1239,1,4,5304.912,5568.177259435241,5740.140450718948,5446.531455301587,5591.091796875,5702.1162109375,5370.77225386161,5549.354817241048,5375.4015,5744.947216666667,5375.4015,5375.4015
1239,2,4,5332.73,5660.718422002391,5777.897128840972,5511.309594030754,5591.091796875,5702.28369140625,5378.9224327071215,5610.7351782751375,5375.4015,5744.947216666667,5375.4015,5375.4015
1239,3,4,5364.645,5690.138276810494,5814.1430402115075,5522.724417780754,5591.091796875,5702.451171875,5350.932721440424,5633.014827351237,5375.4015,5744.947216666667,5375.4015,5375.4015
1240,1,4,5332.73,5618.385034389484,5626.872739494544,5398.991387690477,5569.515625,5661.265625,5323.144501508674,5550.2745674286225,5304.912,5710.402116666666,5304.912,5304.912
1240,2,4,5364.645,5697.791451670313,5665.181729249504,5443.465055989088,5569.515625,5661.43310546875,5323.992139638343,5588.4532463756195,5304.912,5710.402116666666,5304.912,5304.912
1240,3,4,5227.044,5773.082575417089,5687.19199049504,5453.961933732143,5569.515625,5661.6005859375,5304.862479523531,5613.838763936158,5304.912,5710.402116666666,5304.912,5304.912
1241,1,4,5364.645,5717.857695852787,5676.300235148313,5429.492613718254,5592.8544921875,5813.3779296875,5346.727343098999,5621.1028931196115,5332.73,5682.933083333333,5332.73,5332.73
1241,2,4,5227.044,5806.960311721868,5733.984562454861,5479.912481891864,5592.8544921875,5813.544921875,5311.19747387893,5673.592409979102,5332.73,5682.933083333333,5332.73,5332.73
1241,3,4,5066.0945,5864.860158839786,5748.627311140873,5485.8504211974205,5592.8544921875,5813.71240234375,5294.895178047473,5693.516268356729,5332.73,5682.933083333333,5332.73,5332.73
1242,1,4,5227.044,5653.900538374868,5690.295615532738,5472.680773509921,5615.6611328125,5887.95703125,5381.86535476155,5565.888800788121,5364.645,5662.5249,5364.645,5364.645
1242,2,4,5066.0945,5770.040187350203,5734.151988528771,5503.367504121032,5615.6611328125,5888.1240234375,5355.756936925657,5602.612758964597,5364.645,5662.5249,5364.645,5364.645
1243,1,4,5066.0945,5618.743478698461,5566.612046304564,5337.964265881944,5500.12890625,5644.47802734375,5264.897310296555,5519.751557351898,5227.044,5637.313683333333,5227.044,5227.044
1244,3,4,4845.69,5538.7974947704115,5400.021638339286,5204.883493430556,5396.14501953125,5474.51513671875,5092.153417162472,5474.4695967990065,5066.0945,5605.977849999999,5066.0945,5066.0945
1245,2,4,4845.69,5229.972844062616,5202.097513315972,5011.582588055555,5142.41748046875,5164.7744140625,4815.18182048692,5256.139906960185,5066.0945,5566.138616666666,4794.989,4794.989
1245,3,4,4745.7835,5270.674112260273,5227.492444195436,5053.345480243055,5142.41748046875,5164.94140625,4835.298554506612,5243.374164615975,5066.0945,5566.138616666666,4794.989,4794.989
1246,1,4,4845.69,5149.57437484136,5073.971660986442,4889.485783166667,5082.5947265625,5114.3330078125,4751.440313805839,5205.078377570893,5066.0945,5585.899066666666,4728.8805,4728.8805
1246,2,4,4745.7835,5274.274634774551,5121.6383258511905,4963.900958791667,5082.5947265625,5114.5,4744.689382381234,5272.815459198891,5066.0945,5585.899066666666,4728.8805,4728.8805
1246,3,4,4394.379,5322.157006915812,5164.318687855159,5004.195155875,5082.5947265625,5114.66748046875,4767.625837508805,5257.408681903347,5066.0945,5585.899066666666,4728.8805,4728.8805
1247,1,4,4745.7835,5142.247479156311,5068.772172807341,4985.122728944444,5139.94482421875,5266.24169921875,4907.965261092082,5259.560522176771,4845.69,5578.3874000000005,4845.69,4845.69
1247,2,4,4394.379,5165.034298673829,5105.42532289365,5084.002933881944,5139.94482421875,5266.4091796875,4940.752083131781,5291.781075633697,4845.69,5578.3874000000005,4845.69,4845.69
1247,3,4,4410.666,5207.506445096066,5131.70859678502,5123.473203784722,5139.94482421875,5266.57666015625,4918.022436254517,5306.006906088927,4845.69,5578.3874000000005,4845.69,4845.69
1248,1,4,4394.379,5074.729620725026,4991.264712341402,4897.821178243055,5084.02685546875,5209.783203125,4854.786306596062,4891.120411247756,4745.7835,5554.319366666666,4745.7835,4745.7835
1248,2,4,4410.666,5164.081090845891,5025.51753651369,5015.199655006943,5084.02685546875,5209.95068359375,4861.5956354257205,4937.295325654586,4745.7835,5554.319366666666,4745.7835,4745.7835
1249,1,4,4410.666,5005.086053333717,4731.022689848942,4588.385900777777,4818.60205078125,4807.974609375,4480.430138982887,4548.796074920093,4394.379,5511.3376,4394.379,4394.379
1250,3,4,4542.56,5214.042047347845,4883.813612820734,4854.930192756945,4832.6806640625,4908.4140625,4534.018671986402,4767.159070625408,4410.666,5459.3048,4410.666,4410.666
1251,2,4,4542.56,5156.224671507041,4970.621028060822,4980.063386666667,4900.35009765625,5057.548828125,4697.852550573655,4909.456492656503,4410.666,5410.1491,4580.616,4580.616
1251,3,4,5046.552,5268.888584691169,5006.905500154076,5075.737050569444,4900.35009765625,5057.7158203125,4688.823386711857,4969.426373560423,4410.666,5410.1491,4580.616,4580.616
1252,1,4,4542.56,4787.282191819941,4573.012931241213,4468.758892597222,4643.283203125,4742.7333984375,4312.515184464772,4848.385090480158,4410.666,5343.3417,4230.21,4230.21
1252,2,4,5046.552,4909.181629950822,4653.347035556359,4605.428047208334,4643.283203125,4742.900390625,4294.130220628385,4880.447997167656,4410.666,5343.3417,4230.21,4230.21
1252,3,4,5281.7105,4938.656105685891,4687.744921853977,4712.502604465278,4643.283203125,4743.06787109375,4319.762466074146,4941.380482021413,4410.666,5343.3417,4230.21,4230.21
1253,1,4,5046.552,4865.116309785639,4889.092533206085,4799.342048868056,4811.7451171875,5041.96435546875,4671.814648353804,5019.377869200584,4542.56,5285.0206333333335,4542.56,4542.56
1253,2,4,5281.7105,5019.245577695845,4973.963822644247,4934.773875875,4811.7451171875,5042.1318359375,4687.898439787912,5072.291651421612,4542.56,5285.0206333333335,4542.56,4542.56
1254,1,4,5281.7105,5447.93404787344,5373.541307180952,5277.652426583333,5286.53955078125,5648.34326171875,5175.274664195232,6076.150585297292,5046.552,5250.714233333333,5046.552,5046.552
1257,3,4,6118.95,6043.353158833142,6074.254302330655,6111.766732208334,5722.5576171875,5970.7626953125,5834.694842215423,6314.920862339378,5281.7105,5184.1080833333335,5725.3820000000005,5725.3820000000005
1258,2,4,6118.95,6054.954542714035,6178.1458866724215,6088.922395583334,5747.74853515625,5918.451171875,5999.925043102832,6475.920866222966,5281.7105,5173.888366666667,5886.954000000001,5886.954000000001
1258,3,4,6199.676,6034.253207379078,6212.482262798248,6142.183065583334,5747.74853515625,5918.61865234375,5999.79300975451,6525.414061503715,5281.7105,5173.888366666667,5886.954000000001,5886.954000000001
1259,1,4,6118.95,5969.255484858434,6130.192950862897,5932.0669115555565,5658.873046875,5698.77978515625,5902.579561077292,6297.9240153850915,5281.7105,5164.2125166666665,5802.910500000001,5802.910500000001
1259,2,4,6199.676,6020.159686380221,6175.852603206152,6046.918581736112,5658.873046875,5698.947265625,5903.515203159095,6411.163993388564,5281.7105,5164.2125166666665,5802.910500000001,5802.910500000001
1260,1,4,6199.676,6541.708743816369,6455.979835722718,6246.306590902777,6026.25,6179.216796875,6228.159688051354,6650.181300844896,6118.95,5174.6424166666675,6118.95,6118.95
1265,3,4,6608.444,7684.765180699148,7567.545564129464,7414.96133266865,7117.0625,7337.50537109375,7583.645416265437,7878.757656756107,6199.676,5441.217933333333,7441.361,7441.361
1266,2,4,6608.444,7510.77479970304,7354.736582209287,7190.224849112103,6964.6044921875,7190.77783203125,7408.641524772255,7606.402120828282,6199.676,5503.493966666666,7279.840999999999,7279.840999999999
1266,3,4,6612.543,7453.479792175389,7346.506466298572,7183.70290069742,6964.6044921875,7190.9453125,7421.271712370204,7592.890538134933,6199.676,5503.493966666666,7279.840999999999,7279.840999999999
1267,1,4,6608.444,7589.2386965873,7564.834544020762,7414.084504799603,7073.81591796875,7333.85595703125,7527.851050067241,7889.511643093807,6199.676,5572.070033333333,7431.266,7431.266
1267,2,4,6612.543,7579.526990427527,7486.378352469869,7341.403758579365,7073.81591796875,7334.0234375,7560.351672127472,7894.787119099279,6199.676,5572.070033333333,7431.266,7431.266
1267,3,4,6359.5045,7535.489752928429,7480.846078564611,7335.054476386905,7073.81591796875,7334.19091796875,7551.450361641556,7879.3016497139815,6199.676,5572.070033333333,7431.266,7431.266
1268,1,4,6612.543,7308.596124755773,6698.3268602773815,6438.251246928572,6776.3671875,6990.81591796875,6526.475521062011,7595.551315071826,6608.444,5623.752299999999,6608.444,6608.444
1268,2,4,6359.5045,7355.9334099644275,6609.405445768155,6375.718405512897,6776.3671875,6990.98291015625,6513.820153118268,7625.23771361311,6608.444,5623.752299999999,6608.444,6608.444
1268,3,4,5992.92,7287.328028135409,6596.330943987203,6387.132810908731,6776.3671875,6991.150390625,6553.948731539939,7566.191104366091,6608.444,5623.752299999999,6608.444,6608.444
1269,1,4,6359.5045,7002.728649796025,6657.334910308333,6557.056379808531,6886.8837890625,7212.525390625,6646.713171427991,7165.931147788665,6612.543,5664.990349999999,6612.543,6612.543
1269,2,4,5992.92,7085.097704825277,6590.138262212301,6513.712886049603,6886.8837890625,7212.69287109375,6667.923244092719,7143.683563043267,6612.543,5664.990349999999,6612.543,6612.543
1270,1,4,5992.92,6559.300663860035,6500.240331775694,6233.0537403199405,6666.9970703125,6795.07666015625,6367.353480840562,6889.060835213863,6359.5045,5700.143433333334,6359.5045,6359.5045
1271,3,4,5260.7205,5815.377856645002,6128.993751699405,5811.731227514881,6482.61279296875,6564.69580078125,5970.911944771641,6123.061698663406,5992.92,5722.149766666666,5992.92,5992.92
1272,2,4,5260.7205,5295.909583764652,5672.9130432405755,5325.346892068453,6083.126953125,6074.14501953125,5305.4862910078145,5503.056366472539,5992.92,5723.2316,5397.1,5397.1
1272,3,4,5062.68,5244.153136785679,5674.740983706845,5327.441892675595,6083.126953125,6074.3125,5321.207688751045,5527.10905488622,5992.92,5723.2316,5397.1,5397.1
1273,1,4,5260.7205,5134.752818637402,5656.889350383731,5266.859766022818,5990.4970703125,5964.06396484375,5237.34143047926,5259.370156977854,5992.92,5727.246799999999,5347.5,5347.5
1273,2,4,5062.68,5094.31382108285,5687.528387530358,5280.5551009057535,5990.4970703125,5964.2314453125,5214.576546289707,5353.261482583102,5992.92,5727.246799999999,5347.5,5347.5
1273,3,4,4969.926,5113.280664675533,5689.650717116667,5293.445005169643,5990.4970703125,5964.3984375,5230.047754385015,5379.883090951904,5992.92,5727.246799999999,5347.5,5347.5
1274,1,4,5062.68,5574.207158053483,5502.138540755854,5315.964078380953,5763.9794921875,5698.6884765625,5266.2132526682535,5371.647191918986,5260.7205,5733.734333333333,5260.7205,5260.7205
1274,2,4,4969.926,5630.0969192806515,5546.451636362996,5367.102085375001,5763.9794921875,5698.85595703125,5202.574112403149,5466.51295579795,5260.7205,5733.734333333333,5260.7205,5260.7205
1274,3,4,5038.1275,5680.003125850216,5577.636081836541,5424.848166550595,5763.9794921875,5699.0234375,5242.855534862835,5524.433967150821,5260.7205,5733.734333333333,5260.7205,5260.7205
1275,1,4,4969.926,5638.800824943871,5319.1324375932545,5186.670665416667,5525.3564453125,5482.5947265625,5070.583134598862,5330.77588115559,5062.68,5742.657366666667,5062.68,5062.68
1275,2,4,5038.1275,5699.858864598963,5340.8194748030755,5236.652027493056,5525.3564453125,5482.76171875,5031.587475855112,5403.269499770628,5062.68,5742.657366666667,5062.68,5062.68
1275,3,4,5335.976,5617.26115008488,5370.530746601522,5295.219012354167,5525.3564453125,5482.92919921875,5044.331987240909,5410.293157282659,5062.68,5742.657366666667,5062.68,5062.68
1276,1,4,5038.1275,5240.651930247714,5289.107446124009,5162.588600368056,5540.21044921875,5570.65625,5076.506611982331,5183.860963913035,4969.926,5750.692216666666,4969.926,4969.926
1276,2,4,5335.976,5349.2674739190425,5327.189294474703,5250.424383944444,5540.21044921875,5570.82373046875,5078.628781843534,5289.018127761802,4969.926,5750.692216666666,4969.926,4969.926
1277,1,4,5335.976,5472.943271727218,5384.844963797123,5285.178218791666,5542.884765625,5535.04150390625,5139.9152918820655,5498.801007968161,5038.1275,5757.1068,5038.1275,5038.1275
1278,3,4,5330.6595,5863.91661006894,5738.802624491865,5772.902668673611,5789.7470703125,5899.263671875,5476.432932266983,6014.856203381214,5335.976,5776.779883333334,5335.976,5335.976
1279,2,4,5330.6595,5931.501141307813,5930.436495770635,5847.085679444444,6007.54541015625,6072.98388671875,5861.885540694602,6056.102515458993,5335.976,5819.373916666666,5672.2,5672.2
1279,3,4,5381.278,5950.731380793287,5957.3992014799605,5875.299467180555,6007.54541015625,6073.1513671875,5861.226893275058,6059.224683744638,5335.976,5819.373916666666,5672.2,5672.2
1280,1,4,5330.6595,5527.228693157962,5570.191530301588,5540.20486178869,5814.87841796875,5682.3701171875,5560.698368844072,5848.731743006551,5335.976,5854.4730500000005,5463.64,5463.64
1280,2,4,5381.278,5671.893575391861,5574.405367100695,5602.822571198413,5814.87841796875,5682.53759765625,5609.193667805219,5890.013048196718,5335.976,5854.4730500000005,5463.64,5463.64
1280,3,4,5539.349,5695.511545846673,5592.063495162202,5618.1833839414685,5814.87841796875,5682.705078125,5589.301783463107,5893.916133415903,5335.976,5854.4730500000005,5463.64,5463.64
1281,1,4,5381.278,5602.074519447572,5535.6040781415495,5483.373163215278,5836.6025390625,5783.1396484375,5412.832017775344,6105.245372675164,5330.6595,5879.474499999999,5330.6595,5330.6595
1281,2,4,5539.349,5738.43276924289,5569.441193903454,5574.492781124999,5836.6025390625,5783.306640625,5390.189408781112,6141.2194079089795,5330.6595,5879.474499999999,5330.6595,5330.6595
1281,3,4,6066.6655,5764.255040640874,5596.9039384014695,5652.018303507935,5836.6025390625,5783.47412109375,5400.55236904008,6133.6845139158595,5330.6595,5879.474499999999,5330.6595,5330.6595
1282,1,4,5539.349,5767.829013214268,5577.621785989583,5561.903152159723,5940.69482421875,5980.46875,5371.258190722553,6109.313046810599,5381.278,5917.843433333333,5381.278,5381.278
1282,2,4,6066.6655,5899.05553499996,5653.590752024306,5656.665647645834,5940.69482421875,5980.63623046875,5414.356189624537,6285.111229087342,5381.278,5917.843433333333,5381.278,5381.278
1282,3,4,6821.457,5937.9545414857375,5686.318059917163,5711.799530020833,5940.69482421875,5980.8037109375,5376.915234211666,6314.977784069592,5381.278,5917.843433333333,5381.278,5381.278
1283,1,4,6066.6655,5865.0527081429655,5844.500417174603,5740.545171854167,6049.64404296875,6195.037109375,5540.0812133145055,6443.751019718162,5539.349,5951.069733333334,5539.349,5539.349
1283,2,4,6821.457,5979.386380653235,5890.794577664683,5816.435386701389,6049.64404296875,6195.20458984375,5551.419648863188,6506.813711949644,5539.349,5951.069733333334,5539.349,5539.349
1284,1,4,6821.457,6484.947933796343,6289.062697259177,6171.753306840278,6445.86279296875,6631.34423828125,6048.44138260252,6537.20965914772,6066.6655,5985.073516666667,6066.6655,6066.6655
1285,3,4,7700.1695,6933.072886422409,7131.665911982707,6969.154442125992,6990.90771484375,7272.27001953125,6785.218192335569,7205.239517899008,6821.457,6036.3984,6821.457,6821.457
1286,2,4,7700.1695,7406.523634757746,7052.890606826488,7140.19946366369,7166.29052734375,7339.1865234375,6907.056466773112,7534.441125488175,6821.457,6083.519633333333,6939.66,6939.66
1286,3,4,7909.412,7292.957272428911,7042.854533514781,7097.549864206349,7166.29052734375,7339.353515625,6888.793543499487,7571.189049165151,6821.457,6083.519633333333,6939.66,6939.66
1287,1,4,7700.1695,7801.899222299396,7603.241178392856,7406.457083044642,7283.4365234375,7379.93798828125,7405.062559070016,7657.043461401698,6821.457,6143.102933333333,7512.880999999999,7512.880999999999
1287,2,4,7909.412,7610.055244524122,7636.701982045634,7400.0906804890865,7283.4365234375,7380.10546875,7417.6294594681185,7635.005458859391,6821.457,6143.102933333333,7512.880999999999,7512.880999999999
1287,3,4,7830.627,7488.354790300527,7632.4042564623005,7380.038752748015,7283.4365234375,7380.27294921875,7417.2602784731735,7614.60082252594,6821.457,6143.102933333333,7512.880999999999,7512.880999999999
1288,1,4,7909.412,8001.451475975181,7878.9639227619045,7694.494964499007,7492.5498046875,7605.28466796875,7593.982663453811,7765.586924075551,7700.1695,6203.54345,7700.1695,7700.1695
1288,2,4,7830.627,7901.551351266969,7912.15136203621,7686.028566284722,7492.5498046875,7605.4521484375,7601.778524574644,7729.02517066172,7700.1695,6203.54345,7700.1695,7700.1695
1288,3,4,7764.598,7847.55852380018,7911.052625318948,7651.8935907876985,7492.5498046875,7605.61962890625,7615.6090719409,7661.121022860188,7700.1695,6203.54345,7700.1695,7700.1695
1289,1,4,7830.627,7844.065763879727,7976.587769069445,7709.8104183511905,7717.599609375,7878.12109375,7631.532380795402,7738.324309779727,7909.412,6273.760166666666,7909.412,7909.412
1289,2,4,7764.598,7842.292973510347,7923.125209849207,7673.319716939484,7717.599609375,7878.28857421875,7501.601259302246,7700.94625867984,7909.412,6273.760166666666,7909.412,7909.412
1289,3,4,7898.304,7761.414872514457,7905.094861160715,7674.629628106151,7717.599609375,7878.4560546875,7414.20931851128,7584.228853030779,7909.412,6273.760166666666,7909.412,7909.412
1290,1,4,7764.598,8150.277536656517,7980.037387948017,7720.356497743056,7915.6005859375,8109.6787109375,7542.202100946137,7938.668488370163,7830.627,6330.816066666666,7830.627,7830.627
1290,2,4,7898.304,8131.357379466174,7980.046561224306,7710.9154916736115,7915.6005859375,8109.84619140625,7544.7729854649115,7828.629839740073,7830.627,6330.816066666666,7830.627,7830.627
1291,1,4,7898.304,7879.807102891703,7994.211237470337,7661.914170611111,7900.31298828125,8267.0390625,7447.1522585111115,7847.213363642559,7764.598,6382.9801333333335,7764.598,7764.598
1292,3,4,7422.192,7772.1256067851145,7915.279127971681,7665.842731604167,7928.58642578125,8295.279296875,7534.095348962671,7550.463640354299,7898.304,6424.256666666667,7898.304,7898.304
1293,2,4,7422.192,7794.136894816616,7819.123455513523,8006.6582819890855,8066.73583984375,8337.2421875,7747.979164558015,7636.933048619864,7898.304,6454.719500000001,8088.064999999999,8088.064999999999
1293,3,4,7336.095,7679.35451980858,7820.333843047254,7978.772227662697,8066.73583984375,8337.41015625,7787.4838635770575,7672.919108305596,7898.304,6454.719500000001,8088.064999999999,8088.064999999999
1294,1,4,7422.192,7788.569414441403,7819.551208970858,7785.736511220237,7741.76025390625,7828.5537109375,7553.184155303111,7536.634633242598,7898.304,6463.33695,7843.233499999999,7843.233499999999
1294,2,4,7336.095,7541.783939802012,7770.3633153527035,7756.932127991071,7741.76025390625,7828.72119140625,7526.272303553918,7486.170400723138,7898.304,6463.33695,7843.233499999999,7843.233499999999
1294,3,4,7558.446,7468.033520830565,7744.222717558061,7792.269106713293,7741.76025390625,7828.888671875,7521.80173284582,7561.180512533622,7898.304,6463.33695,7843.233499999999,7843.233499999999
1295,1,4,7336.095,7594.410769273854,7763.203066125794,7531.843553489087,7461.298828125,7442.77099609375,7292.746222678783,7754.854317050271,7422.192,6462.697983333333,7422.192,7422.192
1295,2,4,7558.446,7525.218058826534,7792.148304473016,7552.328668621032,7461.298828125,7442.9384765625,7255.340392911097,7716.315516901285,7422.192,6462.697983333333,7422.192,7422.192
1295,3,4,7767.3405,7518.620133035835,7779.407774146031,7571.683555878968,7461.298828125,7443.10595703125,7228.463341072231,7722.123945208155,7422.192,6462.697983333333,7422.192,7422.192
1296,1,4,7558.446,7523.898681535895,7792.252390143516,7463.072086234458,7479.5361328125,7571.39013671875,7270.702098337189,7470.817620241366,7336.095,6464.5731166666665,7336.095,7336.095
1296,2,4,7767.3405,7538.0925378526545,7817.677180331016,7489.674404408069,7479.5361328125,7571.5576171875,7302.224761599449,7434.994650553782,7336.095,6464.5731166666665,7336.095,7336.095
1296,3,4,7845.7515,7521.126895169295,7804.916971766234,7496.0622355677915,7479.5361328125,7571.72509765625,7247.977413674422,7455.952489205616,7336.095,6464.5731166666665,7336.095,7336.095
1297,1,4,7767.3405,7756.229639552684,8051.791585966072,7681.329847770833,7703.36474609375,8030.0185546875,7512.828944266619,7795.302096973689,7558.446,6468.812449999999,7558.446,7558.446
1297,2,4,7845.7515,7840.557225006231,8053.760337844742,7697.392202340277,7703.36474609375,8030.185546875,7434.585775271937,7828.4283512477305,7558.446,6468.812449999999,7558.446,7558.446
1298,1,4,7845.7515,7835.125068133137,8192.434608797024,7835.025488652778,7879.466796875,8223.14453125,7740.28514326031,7664.12592692147,7767.3405,6507.442333333334,7767.3405,7767.3405
1299,3,4,8050.582,8025.381317708353,8421.817324223677,7876.100888368056,7970.80908203125,8266.9345703125,7743.387486512385,7676.900231357726,7845.7515,6548.549283333333,7845.7515,7845.7515
1300,2,4,8050.582,7911.647018532804,7937.981545806614,7897.559850333334,8016.74853515625,8256.4248046875,7852.174590450844,7587.788018659707,7845.7515,6601.67915,7953.400500000001,7953.400500000001
1300,3,4,8233.5,7918.826279016304,7912.940667415742,7866.826258784723,8016.74853515625,8256.5927734375,7841.887835534765,7608.258370401216,7845.7515,6601.67915,7953.400500000001,7953.400500000001
1301,1,4,8050.582,8001.556389058889,8497.849851806315,8089.02015073611,7938.1787109375,8024.3798828125,7856.486244664899,7550.842052592753,7845.7515,6668.11385,7985.960999999999,7985.960999999999
1301,2,4,8233.5,7978.972883738125,8492.436282953042,8086.392364611111,7938.1787109375,8024.546875,7848.344702883807,7556.532042831593,7845.7515,6668.11385,7985.960999999999,7985.960999999999
1301,3,4,8520.9685,7931.180729447138,8525.0618794957,8104.374990395832,7938.1787109375,8024.71435546875,7835.928526441008,7573.558449223921,7845.7515,6668.11385,7985.960999999999,7985.960999999999
1302,1,4,8233.5,8137.360560607763,8709.847127870105,8050.713854736111,7849.2626953125,8023.68896484375,7836.436032493492,7846.835334708682,8050.582,6756.56325,8050.582,8050.582
1302,2,4,8520.9685,8136.220602406364,8721.216619383895,8064.757631333334,7849.2626953125,8023.85595703125,7857.804667454124,7791.271750685904,8050.582,6756.56325,8050.582,8050.582
1303,1,4,8520.9685,8232.556122419202,8822.026131741137,8213.269315156414,8111.041015625,8395.572265625,7989.148591763457,7968.425126428544,8233.5,6852.763250000001,8233.5,8233.5
1306,3,4,8272.372,8648.60784861172,10435.140725919648,9105.17824836442,8661.677734375,8749.8662109375,8939.82634703884,8630.405226177341,8520.9685,7208.785766666667,8856.491000000002,8856.491000000002
1307,2,4,8272.372,8796.232861437094,9175.017987810683,8897.453623911708,8565.8359375,8549.2255859375,8894.773050407206,8629.12135212482,8520.9685,7336.3034333333335,8863.657500000001,8863.657500000001
1307,3,4,7981.512,8731.477383019206,9206.554297841338,8974.639013859129,8565.8359375,8549.392578125,8913.054968301089,8555.471559961697,8520.9685,7336.3034333333335,8863.657500000001,8863.657500000001
1308,1,4,8272.372,8847.064521052293,9846.798235683733,9010.963540934854,8518.689453125,8393.97265625,9029.733572084995,8665.815377582274,8520.9685,7459.0396666666675,9018.063,9018.063
1308,2,4,7981.512,8730.775675523888,9947.282647155987,8991.304526816137,8518.689453125,8394.140625,9046.227148708209,8561.553051182877,8520.9685,7459.0396666666675,9018.063,9018.063
1308,3,4,7934.4105,8666.020197106,10025.807360376126,9043.70415566336,8518.689453125,8394.3076171875,9025.819377508018,8515.57795550569,8520.9685,7459.0396666666675,9018.063,9018.063
1309,1,4,7981.512,8298.191636200787,9299.527323005326,8391.280169487103,8239.611328125,8076.55322265625,8101.861342246667,7869.181334592838,8272.372,7545.712066666666,8272.372,8272.372
1309,2,4,7934.4105,8193.900329561122,9432.801794310386,8425.096532867394,8239.611328125,8076.720703125,7974.514206927171,7901.833828247452,8272.372,7545.712066666666,8272.372,8272.372
1309,3,4,7898.134,8144.734554583115,9537.963130027052,8518.209843964616,8239.611328125,8076.8876953125,7957.487653547609,7806.9585660746225,8272.372,7545.712066666666,8272.372,8272.372
1310,1,4,7934.4105,8220.350781313995,9122.079755897523,8226.16088997586,8112.48193359375,8039.07177734375,7816.29732664939,7769.330052184156,7981.512,7629.6411333333335,7981.512,7981.512
1310,2,4,7898.134,8281.75914499664,9294.855276717264,8292.36065699074,8112.48193359375,8039.2392578125,7755.806792995877,7819.48269296463,7981.512,7629.6411333333335,7981.512,7981.512
1310,3,4,7969.664,8281.57472287402,9423.273797906897,8372.862843180556,8112.48193359375,8039.40673828125,7791.593685833709,7817.75061553217,7981.512,7629.6411333333335,7981.512,7981.512
1311,1,4,7898.134,8254.507054597689,9097.445420232329,8204.837720222553,8124.7744140625,8147.671875,7928.554026399618,7941.417727697921,7934.4105,7716.432833333334,7934.4105,7934.4105
1311,2,4,7969.664,8074.830179680394,9285.964461048203,8321.785397080688,8124.7744140625,8147.83935546875,7892.886000087582,7888.857971492926,7934.4105,7716.432833333334,7934.4105,7934.4105
1312,1,4,7969.664,8684.095327204348,9114.848863074756,8214.38262942791,8121.40478515625,8096.91259765625,7764.955751095803,7980.222723765828,7898.134,7800.328033333333,7898.134,7898.134
1313,3,4,7950.661,8434.158806263365,9822.585602991885,8689.306818872356,8228.884765625,8201.125,7781.943792724432,8043.146382803331,7969.664,7881.3385333333335,7969.664,7969.664
1314,2,4,7950.661,8543.003586045052,9683.427329046892,8643.856903715277,8109.8603515625,7974.53759765625,7853.984550469074,8634.362328462676,7969.664,7948.3184833333335,8076.063999999999,8076.063999999999
1314,3,4,7960.5,8432.209586650857,9880.68931949481,8850.377896431877,8109.8603515625,7974.705078125,7812.313728897325,8598.10302343628,7969.664,7948.3184833333335,8076.063999999999,8076.063999999999
1315,1,4,7950.661,8394.571435896338,9318.694326302846,8305.022798975198,7984.4365234375,7711.92041015625,7666.421048337372,7991.308415527877,7969.664,7985.923250000001,7949.6,7949.6
1315,2,4,7960.5,8194.392271803981,9494.756745587767,8449.046106888889,7984.4365234375,7712.087890625,7654.561671934051,7976.874492557706,7969.664,7985.923250000001,7949.6,7949.6
1315,3,4,7967.2335,8155.470073551245,9717.894729910684,8656.288364987104,7984.4365234375,7712.2548828125,7612.129995244802,7970.635718977096,7969.664,7985.923250000001,7949.6,7949.6
1316,1,4,7960.5,8228.26400438094,9438.074144839653,8491.718545903439,7976.1279296875,7673.6494140625,7935.523809804006,7904.741426072806,7950.661,8019.623283333333,7950.661,7950.661
1316,2,4,7967.2335,8243.39811942153,9581.289978269811,8684.330545764551,7976.1279296875,7673.81689453125,7843.671780941506,7856.100837060505,7950.661,8019.623283333333,7950.661,7950.661
1316,3,4,7997.586,8122.0966328678005,9800.520666248878,8863.79367560582,7976.1279296875,7673.984375,7860.003426559759,7830.783022711724,7950.661,8019.623283333333,7950.661,7950.661
1317,1,4,7967.2335,8568.059370362924,9611.151703829235,8432.213400782077,8143.4873046875,8010.63671875,8004.069310395733,7935.539582580354,7960.5,8034.5439166666665,7960.5,7960.5
1317,2,4,7997.586,8481.734167146195,9750.179411940346,8628.612985669974,8143.4873046875,8010.8037109375,7975.209644216695,7958.761712851172,7960.5,8034.5439166666665,7960.5,7960.5
1317,3,4,8034.336,8358.017761649386,9970.669904682709,8810.020079145172,8143.4873046875,8010.97119140625,7952.310173979119,7896.561620250853,7960.5,8034.5439166666665,7960.5,7960.5
1318,1,4,7997.586,8326.83552658038,9669.675226767045,8453.204035400793,8160.43359375,8120.08740234375,7893.671187679503,8026.712868801816,7967.2335,8043.44605,7967.2335,7967.2335
1318,2,4,8034.336,8272.542469742957,9861.35652440617,8636.011220289683,8160.43359375,8120.2548828125,7866.49438708597,8033.547255975922,7967.2335,8043.44605,7967.2335,7967.2335
1319,1,4,8034.336,8159.483830784551,9704.888805550974,8498.480473828042,8098.8515625,8102.7255859375,7875.188116662489,8047.646586100176,7997.586,8046.385183333334,7997.586,7997.586
1321,3,4,7753.222,7879.548934342962,9934.812168421748,8698.252629576391,8044.98388671875,7942.96533203125,7764.869140041763,7670.6818884706845,8034.336,8058.45395,7922.952000000001,7922.952000000001
1322,2,4,7753.222,7897.844250637834,9417.904006356815,8267.602437267196,7751.8515625,7500.9140625,7453.712405543926,7386.843322750202,8034.336,8049.585550000001,7632.252,7632.252
1322,3,4,7773.624,7732.048169605416,9656.660863525864,8432.340095498677,7751.8515625,7501.08154296875,7440.864825985017,7335.948199427829,8034.336,8049.585550000001,7632.252,7632.252
1323,1,4,7753.222,8219.275780464033,9268.73791358034,8208.005684376652,7836.203125,7691.7626953125,7500.619351400791,7611.88232357537,8034.336,8035.268983333333,7658.568,7658.568
1323,2,4,7773.624,8036.56418163001,9438.82593376619,8364.287770368717,7836.203125,7691.93017578125,7518.409706251168,7315.449736520994,8034.336,8035.268983333333,7658.568,7658.568
1323,3,4,7749.497,7885.667587393606,9666.360008414405,8563.43703446594,7836.203125,7692.09716796875,7483.648262837099,7299.0515617778765,8034.336,8035.268983333333,7658.568,7658.568
1324,1,4,7773.624,8099.899991643671,9293.514760706084,8279.481407183532,7961.4228515625,7864.60546875,7621.673099397235,7472.7984961481525,7753.222,8032.268599999999,7753.222,7753.222
1324,2,4,7749.497,8089.4170097461165,9492.832392313958,8462.19608237103,7961.4228515625,7864.7724609375,7630.277436360654,7502.4230844649555,7753.222,8032.268599999999,7753.222,7753.222
1324,3,4,7765.4675,7910.878382928058,9680.301172737172,8704.60628975992,7961.4228515625,7864.93994140625,7556.29279776304,7567.323581621661,7753.222,8032.268599999999,7753.222,7753.222
1325,1,4,7749.497,8183.108072699336,9401.291739494874,8343.402618824404,7925.67626953125,7918.52783203125,7663.248099535417,7622.935939399637,7773.624,8043.983000000001,7773.624,7773.624
1325,2,4,7765.4675,8125.085494648252,9618.196257314057,8489.382463368056,7925.67626953125,7918.6953125,7610.424379794191,7706.967665110162,7773.624,8043.983000000001,7773.624,7773.624
1326,1,4,7765.4675,8229.945015477366,9457.439427922589,8335.536334416998,7861.12255859375,7861.685546875,7639.202033696053,7514.433217037562,7749.497,8057.763066666667,7749.497,7749.497
1327,3,4,7509.898,8163.234538959841,9848.700910233898,8813.410700106482,7818.3173828125,7755.1875,7608.694263316699,7789.034501226146,7765.4675,8064.663783333334,7765.4675,7765.4675
1328,2,4,7509.898,7959.3575989701785,9490.324408445804,8312.701652689815,7684.94287109375,7594.33447265625,7355.742508782932,7752.642256280199,7765.4675,8056.811866666667,7531.782999999999,7531.782999999999
1328,3,4,7230.48,8057.060092565413,9701.918036561477,8547.912072106481,7684.94287109375,7594.501953125,7355.551102763338,7810.724447646327,7765.4675,8056.811866666667,7531.782999999999,7531.782999999999
1329,1,4,7509.898,7772.646776668973,9302.985570015742,8115.306604419643,7597.951171875,7528.994140625,7321.8896579357715,7651.647913455589,7765.4675,8046.053883333333,7523.012,7523.012
1329,2,4,7230.48,7880.635037064608,9542.204663848184,8291.66573782242,7597.951171875,7529.16162109375,7280.30482457976,7725.811476792507,7765.4675,8046.053883333333,7523.012,7523.012
1329,3,4,6790.8555,7984.92080603886,9736.610842970802,8524.277345322422,7597.951171875,7529.3291015625,7248.9470835795755,7784.398609838611,7765.4675,8046.053883333333,7523.012,7523.012
1330,1,5,7230.48,7893.894363989137,7733.21922275878,7739.35103654067,7283.33203125,7348.7919921875,7489.737201635689,7672.612510197574,7509.898,8031.270466666667,7509.898,7509.898
1330,2,5,6790.8555,7860.335902235608,7747.909565121184,7756.849314985114,7283.33203125,7349.60205078125,7477.493881549838,7691.759840740703,7509.898,8031.270466666667,7509.898,7509.898
1331,1,5,6790.8555,7754.822584225804,7672.749813310649,7557.369238755952,7046.2109375,7101.4306640625,7213.784078848264,7432.35902790997,7230.48,8006.0877666666665,7230.48,7230.48
1334,3,5,5717.097,6422.7400353394105,6275.816488283399,6614.571973972221,6313.77783203125,6354.505859375,6034.168041245462,6956.43245791381,6790.8555,7822.1307,6101.6669999999995,6101.6669999999995
1335,2,5,5717.097,5996.1007665673715,5918.628887615245,6282.810516186507,6070.0615234375,6093.37841796875,5711.60388650713,6351.215590808661,6790.8555,7728.436233333333,5785.7085,5785.7085
1335,3,5,5661.117,5994.915972259512,5910.1011930539835,6299.721209582338,6070.0615234375,6094.1884765625,5685.061986506388,6362.635260091171,6790.8555,7728.436233333333,5785.7085,5785.7085
1336,1,5,5717.097,5657.695983767834,5540.508475969742,5978.941254000002,5935.39208984375,6065.375,5493.688372163515,5886.796092119874,6790.8555,7615.2660166666665,5461.384499999999,5461.384499999999
1336,2,5,5661.117,5604.64635986334,5524.2364300623,5982.386637777778,5935.39208984375,6066.18505859375,5469.252844590313,5814.510038586079,6790.8555,7615.2660166666665,5461.384499999999,5461.384499999999
1336,3,5,5672.319,5632.6263757528595,5491.51802145863,5981.500409756946,5935.39208984375,6066.9951171875,5514.001026587935,5818.285545547119,6790.8555,7615.2660166666665,5461.384499999999,5461.384499999999
1337,1,5,5661.117,5610.047754408686,5599.211054271328,5784.422936138888,6040.59033203125,6192.54150390625,5887.776529505568,5848.766364993943,5717.097,7510.380666666667,5717.097,5717.097
1337,2,5,5672.319,5708.380499064716,5582.54986385764,5792.77745202083,6040.59033203125,6193.3515625,5936.776552934913,5902.086338535663,5717.097,7510.380666666667,5717.097,5717.097
1337,3,5,5525.226,5812.755286383309,5573.6109122805055,5813.026152043651,6040.59033203125,6194.162109375,5891.764315984007,5928.12937195863,5717.097,7510.380666666667,5717.097,5717.097
1338,1,5,5672.319,5679.349267094103,5661.031316860117,5797.539185832342,6090.5126953125,6174.462890625,5959.031727394001,5952.836961852437,5661.117,7398.482466666666,5661.117,5661.117
1338,2,5,5525.226,5843.968032549207,5656.530329832738,5817.335208863094,6090.5126953125,6175.27294921875,5995.367686140008,6015.443764909435,5661.117,7398.482466666666,5661.117,5661.117
1338,3,5,5687.649,5934.902076093354,5667.6881377585805,5859.940366314482,6090.5126953125,6176.0830078125,5951.096688092958,6059.7577245576995,5661.117,7398.482466666666,5661.117,5661.117
1339,1,5,5525.226,5816.249643786187,5779.597283133433,6000.282471270835,6152.11181640625,6291.13916015625,5994.8032486721,5994.7423851726,5672.319,7311.814033333333,5672.319,5672.319
1339,2,5,5687.649,5994.856949989834,5765.7347476606155,6039.17903761508,6152.11181640625,6291.94921875,6031.605865354199,6042.801535611615,5672.319,7311.814033333333,5672.319,5672.319
1340,1,5,5687.649,6013.709411174216,5735.409912079863,5920.9685294374995,6057.71923828125,6147.24462890625,5806.971371611367,6088.892976527805,5525.226,7229.9378333333325,5525.226,5525.226
1340,3,5,5231.3825,6260.412747230489,5784.408808651441,5993.616753708333,6057.71923828125,6148.86474609375,5768.954228123773,6184.174872453066,5525.226,7229.9378333333325,5525.226,5525.226
1341,2,5,5231.3825,6149.824359107251,6042.095848041666,6068.353971180555,6187.2783203125,6352.73583984375,6014.172623427075,6440.260613047433,5687.649,7155.045783333333,5687.649,5687.649
1341,3,5,5982.115,6299.009140220302,6069.782967327628,6104.260681729168,6187.2783203125,6353.5458984375,5963.729140999206,6472.495252430065,5687.649,7155.045783333333,5687.649,5687.649
1342,1,5,5231.3825,6265.685385362969,6088.334548307252,6089.5258414960335,6203.26904296875,6334.27734375,6130.128297115182,6402.662567510645,5687.649,7084.122350000001,5770.431,5770.431
1342,2,5,5982.115,6494.033386537616,6129.464086941126,6156.934979533729,6203.26904296875,6335.08740234375,6081.600325090487,6520.180973131597,5687.649,7084.122350000001,5770.431,5770.431
1342,3,5,6380.463,6567.407101046353,6160.802426966175,6202.96576224008,6203.26904296875,6335.8974609375,6106.457769649371,6548.75471554011,5687.649,7084.122350000001,5770.431,5770.431
1343,1,5,5982.115,5956.401540899743,5665.243704039683,5841.975205675595,5750.16796875,5741.6376953125,5593.106819033118,5410.709153785645,5231.3825,6992.8463,5231.3825,5231.3825
1343,2,5,6380.463,6160.512344221568,5736.455618400299,5915.505118863095,5750.16796875,5742.44775390625,5594.054531617661,5504.921470063348,5231.3825,6992.8463,5231.3825,5231.3825
1343,3,5,6693.817,6234.16564182881,5790.237807386362,5957.754606012899,5750.16796875,5743.2578125,5560.852606810603,5585.549185708096,5231.3825,6992.8463,5231.3825,5231.3825
1344,1,5,6380.463,6524.9979109601545,6248.921023084488,6213.784433734127,6255.53125,6271.62060546875,6222.938967195885,6647.150726812189,5982.115,6923.048,5982.115,5982.115
1344,2,5,6693.817,6624.002482208938,6282.438916025958,6288.58936500893,6255.53125,6272.4306640625,6197.949494869264,6740.097489742969,5982.115,6923.048,5982.115,5982.115
1344,3,5,7075.3255,6664.049388376242,6324.705354209241,6340.615887221232,6255.53125,6273.24072265625,6205.561873142852,6757.599310332307,5982.115,6923.048,5982.115,5982.115
1345,1,5,6693.817,6681.6148062238235,6464.5564517296625,6515.083363923614,6572.48583984375,6560.37890625,6639.551676004615,6570.922721423737,6380.463,6870.743433333333,6380.463,6380.463
1345,2,5,7075.3255,6755.7272166382145,6499.408557386408,6549.023864552583,6572.48583984375,6561.18896484375,6685.882832623262,6648.820222112583,6380.463,6870.743433333333,6380.463,6380.463
1345,3,5,7974.4875,6773.574850261925,6531.835600335813,6583.847728116073,6572.48583984375,6561.9990234375,6593.238416580301,6637.612759771833,6380.463,6870.743433333333,6380.463,6380.463
1346,1,5,7075.3255,6703.904114906215,6576.143682201729,6590.1335162847245,6883.52001953125,6832.65234375,6862.2814816889395,6853.965714083119,6693.817,6828.848633333333,6693.817,6693.817
1346,2,5,7974.4875,6830.422936517587,6569.1188886818845,6595.156978740083,6883.52001953125,6833.46240234375,6873.747325781455,6939.338845548852,6693.817,6828.848633333333,6693.817,6693.817
1347,1,5,7974.4875,7347.813885711684,7335.911954970524,7117.06912647421,7173.6708984375,7118.77734375,7012.519242812581,7071.157599107204,7075.3255,6799.342816666667,7075.3255,7075.3255
1349,3,5,7706.46,8101.500863250339,7713.010465246138,7794.75818037401,7854.2177734375,7699.9033203125,7589.370893360371,7889.689378058854,7974.4875,6801.300916666666,8049.075,8049.075
1350,2,5,7706.46,7924.099281280366,7709.855640031756,7911.269251854168,7609.16552734375,7403.97314453125,7431.225095366893,7718.745589205264,7974.4875,6797.414716666667,7917.75,7917.75
1350,3,5,7649.627,7860.733134701974,7668.3096275836715,7887.632771721232,7609.16552734375,7404.783203125,7529.99017049382,7685.003099322141,7974.4875,6797.414716666667,7917.75,7917.75
1351,1,5,7706.46,7900.229303757414,7767.709622245115,7839.231479210314,7648.0859375,7456.86474609375,7677.810650595384,7815.651031487997,7974.4875,6796.242566666667,7887.7875,7887.7875
1351,2,5,7649.627,7914.22326531386,7768.369991471305,7803.05866186111,7648.0859375,7457.6748046875,7565.496849253474,7816.213682389925,7974.4875,6796.242566666667,7887.7875,7887.7875
1351,3,5,7586.778,7909.15898432977,7784.269002833409,7816.782624375,7648.0859375,7458.48486328125,7583.43299351193,7757.293936441435,7974.4875,6796.242566666667,7887.7875,7887.7875
1352,1,5,7649.627,7690.78017632442,7621.715899315963,7865.329629104494,7609.376953125,7433.677734375,7726.676335718552,7488.005347869449,7706.46,6798.716166666666,7706.46,7706.46
1352,2,5,7586.778,7692.676250496077,7617.465086369896,7825.76216335053,7609.376953125,7434.48779296875,7745.071235109312,7430.793300444157,7706.46,6798.716166666666,7706.46,7706.46
1352,3,5,7670.4055,7652.196159795687,7585.033732083028,7868.323039170969,7609.376953125,7435.2978515625,7733.633428501419,7401.864165458792,7706.46,6798.716166666666,7706.46,7706.46
1353,1,5,7586.778,7594.0997495815745,7606.177491301036,7664.235852379298,7665.78125,7618.69873046875,7625.208771060474,7503.545393550748,7649.627,6798.418133333334,7649.627,7649.627
1353,2,5,7670.4055,7632.818211979434,7616.376395683837,7637.140308764223,7665.78125,7619.5087890625,7617.748367650827,7471.556887181409,7649.627,6798.418133333334,7649.627,7649.627
1354,1,5,7670.4055,7652.244876836301,7497.255280930399,7730.044932863429,7648.88818359375,7568.6435546875,7580.754049683575,7390.862733783624,7586.778,6792.87,7586.778,7586.778
1358,3,5,7012.3725,7634.216612075844,7663.534389950683,7670.231917243389,7624.8671875,7618.99951171875,7635.098072060066,7122.187545940379,7670.4055,6781.148966666666,7565.481,7565.481
1359,2,5,7012.3725,7696.2502119897335,7606.943249390664,7585.0066823908755,7331.06005859375,7281.158203125,7583.237293301855,6854.763170509891,7670.4055,6780.077950000001,7490.8815,7490.8815
1359,3,5,6951.987,7687.81857447119,7617.25724930336,7582.877045405754,7331.06005859375,7281.96875,7597.444810045619,6777.62932938145,7670.4055,6780.077950000001,7490.8815,7490.8815
1360,1,5,7012.3725,7753.581305757721,7596.717756248301,7532.121260778771,7333.8544921875,7332.1591796875,7472.975260741545,7108.367802717187,7670.4055,6776.2296166666665,7394.447999999999,7394.447999999999
1360,2,5,6951.987,7630.82602442976,7686.857983675978,7553.924777264882,7333.8544921875,7332.96923828125,7470.55171614211,6955.558991295588,7670.4055,6776.2296166666665,7394.447999999999,7394.447999999999
1361,1,5,6951.987,7545.3772665315655,7417.217561901671,7432.2522377252035,7059.11962890625,6992.5908203125,7092.68638871494,7168.619733234668,7012.3725,6768.959366666667,7012.3725,7012.3725
1362,3,5,7419.1915,7667.117086168464,7632.00928060754,7642.251753724208,7187.861328125,7223.751953125,7033.22879795701,7223.773499776191,6951.987,6774.330416666667,6951.987,6951.987
1363,2,5,7419.1915,7790.917219988216,7653.143474485121,7662.2241425694465,7387.16943359375,7485.4794921875,7032.514076088999,7466.090304743353,6951.987,6796.453616666666,7057.512,7057.512
1363,3,5,7520.2425,7867.4605310931065,7703.70581485119,7729.183909181552,7387.16943359375,7486.2900390625,7028.2969399572585,7475.32531215729,6951.987,6796.453616666666,7057.512,7057.512
1364,1,5,7419.1915,7774.487389222861,7672.547402910111,7651.36754561012,7283.2880859375,7357.244140625,7088.476486021836,7306.116854074319,6951.987,6828.918116666667,7075.602,7075.602
1364,2,5,7520.2425,7782.147614387134,7704.877891509418,7705.117241535717,7283.2880859375,7358.05419921875,7109.1870259062825,7313.657060461934,6951.987,6828.918116666667,7075.602,7075.602
1364,3,5,7590.954,7751.2754414647825,7758.914038689969,7812.280010529768,7283.2880859375,7358.8642578125,7109.9731149345735,7310.026037945157,6951.987,6828.918116666667,7075.602,7075.602
1365,1,5,7520.2425,7918.954830694391,7885.710084742841,7774.291679478171,7607.95947265625,7759.60400390625,7397.983595018547,7438.787062668313,7419.1915,6883.367549999999,7419.1915,7419.1915
1365,2,5,7590.954,7932.0324519335,7930.572784255346,7795.3840941121,7607.95947265625,7760.4140625,7397.136255958852,7468.559325952787,7419.1915,6883.367549999999,7419.1915,7419.1915
1365,3,5,7537.296,7977.535513008705,7965.969084222011,7843.105226903768,7607.95947265625,7761.224609375,7400.245944553982,7450.565308644989,7419.1915,6883.367549999999,7419.1915,7419.1915
1366,1,5,7590.954,7944.741337708322,7709.306952945425,7773.995957092262,7754.5234375,7868.90869140625,7500.807154326506,7641.6340294857455,7520.2425,6951.996150000001,7520.2425,7520.2425
1366,2,5,7537.296,7961.190596632954,7738.003011520428,7746.388347554563,7754.5234375,7869.71875,7500.081220333653,7631.613314678892,7520.2425,6951.996150000001,7520.2425,7520.2425
1367,1,5,7537.296,7696.555849163031,7725.911536939967,7797.109579137899,7836.314453125,7979.43603515625,7582.479933980471,7783.048754405498,7590.954,7014.45805,7590.954,7590.954
1369,3,5,7314.81,7923.09924705215,7940.624141814569,7762.212263210315,7687.74609375,7869.70947265625,7520.186255628673,7589.28936599224,7537.296,7139.28545,7540.962,7540.962
1370,2,5,7314.81,7793.174772727066,7791.768285804249,7755.173488763889,7548.8896484375,7731.0068359375,7412.948743403886,7282.743617984135,7537.296,7202.1996500000005,7412.652000000001,7412.652000000001
1370,3,5,7220.026,7844.597583358526,7831.331817287383,7793.8348780168635,7548.8896484375,7731.81689453125,7405.880935215588,7261.112403207385,7537.296,7202.1996500000005,7412.652000000001,7412.652000000001
1371,1,5,7314.81,7873.844750270535,7734.190285356333,7675.712314144841,7348.63525390625,7535.42822265625,7235.696638183105,7142.4902923239915,7537.296,7254.119283333333,7245.238,7245.238
1371,2,5,7220.026,7862.784300401958,7781.681940824683,7702.478782527778,7348.63525390625,7536.23828125,7233.16628963719,7148.638637994947,7537.296,7254.119283333333,7245.238,7245.238
1371,3,5,7366.293,8015.542213496207,7834.777232942738,7748.11763766468,7348.63525390625,7537.04833984375,7262.897904103168,7182.576790936665,7537.296,7254.119283333333,7245.238,7245.238
1372,1,5,7220.026,7915.557610389359,7601.404968272405,7716.532936241402,7193.13134765625,7334.9716796875,7115.56349057958,6978.709514153474,7314.81,7305.598583333333,7314.81,7314.81
1372,2,5,7366.293,7892.21875005252,7629.650987211988,7760.568475707674,7193.13134765625,7335.78173828125,7112.810650424718,6977.950896319208,7314.81,7305.598583333333,7314.81,7314.81
1372,3,5,7548.252,7917.212251398812,7684.402844348295,7861.798425807872,7193.13134765625,7336.591796875,7010.194490565087,6997.767245884688,7314.81,7305.598583333333,7314.81,7314.81
1373,1,5,7366.293,7837.795341157895,7546.9015366058375,7659.8954950773805,7037.44482421875,7134.2509765625,7149.172390455002,7331.392335170746,7220.026,7371.8867,7220.026,7220.026
1373,2,5,7548.252,7818.945494765492,7581.267347772505,7678.738221513888,7037.44482421875,7135.06103515625,7141.864084376243,7366.93538278925,7220.026,7371.8867,7220.026,7220.026
1373,3,5,7546.0,7899.718060649492,7623.466425435201,7773.440700803571,7037.44482421875,7135.87109375,7121.0623679214705,7349.629389004137,7220.026,7371.8867,7220.026,7220.026
1374,1,5,7548.252,7877.128889662712,7583.670299840858,7706.951391000988,7325.27783203125,7616.4462890625,7353.087190972717,7277.028954006423,7366.293,7418.025966666667,7366.293,7366.293
1374,2,5,7546.0,7875.702548776479,7613.07561905266,7731.453022251982,7325.27783203125,7617.2568359375,7345.509986839105,7325.297808287887,7366.293,7418.025966666667,7366.293,7366.293
1375,1,5,7546.0,7680.5667833310545,7652.122835941554,7729.742995726191,7461.736328125,7635.99169921875,7557.7573806914725,7697.563266294605,7548.252,7456.952266666666,7548.252,7548.252
1377,3,5,7422.192,7728.8951452257625,7643.938212633369,7843.798124423611,7436.291015625,7491.25341796875,7549.082710855909,7661.909327562215,7546.0,7500.700433333333,7535.5875,7535.5875
1378,2,5,7422.192,7652.362650757494,7564.515435481289,7721.46030119643,7318.43701171875,7319.48486328125,7410.814861035598,7100.9571942345865,7546.0,7482.027933333334,7414.3125,7414.3125
1378,3,5,7494.24,7655.8650175565035,7591.002626647954,7773.778993004959,7318.43701171875,7320.294921875,7461.049583129673,7136.509688040014,7546.0,7482.027933333334,7414.3125,7414.3125
1379,1,5,7422.192,7890.329769050449,7651.626477228509,7753.462988772821,6740.33203125,6882.9326171875,7419.947808862607,7215.459839185796,7546.0,7461.114183333333,7421.6625,7421.6625
1379,2,5,7494.24,7803.373914149694,7692.322098247458,7792.757566467266,6740.33203125,6883.7431640625,7413.4921296170805,7167.796690507372,7546.0,7461.114183333333,7421.6625,7421.6625
1379,3,5,7618.896,7814.0517883062585,7706.197304843688,7873.9603323323445,6740.33203125,6884.55322265625,7426.450508373691,7136.315580591397,7546.0,7461.114183333333,7421.6625,7421.6625
1380,1,5,7494.24,7898.331372207481,7723.209352888132,7813.646928004967,7324.7861328125,7341.83544921875,7402.969631945341,7424.862638939874,7422.192,7444.595583333333,7422.192,7422.192
1380,2,5,7618.896,7837.031560955685,7753.993193576723,7867.131298949411,7324.7861328125,7342.6455078125,7400.368817477996,7412.669483391588,7422.192,7444.595583333333,7422.192,7422.192
1380,3,5,7617.012,7828.653950985825,7793.870018331287,7979.463046210326,7324.7861328125,7343.45556640625,7406.453401217798,7393.016008954292,7422.192,7444.595583333333,7422.192,7422.192
1381,1,5,7618.896,7864.675844273877,7707.974339938231,7770.259123875002,7417.73095703125,7545.12890625,7459.684029581442,7477.479617189802,7494.24,7431.477333333332,7494.24,7494.24
1381,2,5,7617.012,7900.827508370383,7732.165181977022,7786.543645833336,7417.73095703125,7545.939453125,7449.884507290242,7468.774735059393,7494.24,7431.477333333332,7494.24,7494.24
1382,1,5,7617.012,7756.445894548013,7713.9201410601245,7810.327355942457,7491.32470703125,7594.42822265625,7582.339173742101,7972.083938841125,7618.896,7428.558533333333,7618.896,7618.896
1383,3,5,7841.222,7851.523159220249,7770.052553600269,7797.562402455355,7569.5185546875,7640.806640625,7580.619407479523,7958.5441861630525,7617.012,7427.471366666667,7617.012,7617.012
1384,2,5,7841.222,7803.432187985365,7770.061826826097,7762.033948749004,7542.33837890625,7554.46435546875,7539.159109039004,7685.690096794348,7617.012,7427.097566666666,7575.564,7575.564
1384,3,5,8101.874,7778.197984867749,7799.365643505327,7805.982068510908,7542.33837890625,7555.2744140625,7539.75115149303,7683.519765785554,7617.012,7427.097566666666,7575.564,7575.564
1385,1,5,7841.222,7695.724016338197,7720.10452056201,7780.846194864079,7469.13916015625,7421.392578125,7591.373993600366,7600.117956329461,7617.012,7425.67365,7627.687999999999,7627.687999999999
1385,2,5,8101.874,7643.760289605785,7732.936057692566,7798.927354294637,7469.13916015625,7422.203125,7593.005759462633,7569.455537904985,7617.012,7425.67365,7627.687999999999,7627.687999999999
1385,3,5,8160.44,7658.766513908583,7762.286567121795,7817.115377084319,7469.13916015625,7423.01318359375,7591.503579119722,7563.645886926626,7617.012,7425.67365,7627.687999999999,7627.687999999999
1386,1,5,8101.874,7812.270591044672,7791.853859985408,7916.279388249994,7958.70458984375,8246.0498046875,7805.384204124294,7483.22406275197,7841.222,7434.258516666667,7841.222,7841.222
1386,2,5,8160.44,7803.784804556962,7791.113757784613,7899.738506374994,7958.70458984375,8246.8603515625,7804.2571152370065,7496.587544740335,7841.222,7434.258516666667,7841.222,7841.222
1386,3,5,8269.7055,7835.146756136757,7789.98232120095,7922.161317951386,7958.70458984375,8247.669921875,7806.332593367631,7500.521632436622,7841.222,7434.258516666667,7841.222,7841.222
1387,1,5,8160.44,8102.070701104285,8436.58016526586,8043.959590438492,7923.15283203125,8157.8779296875,8066.369017029697,7786.049208579442,8101.874,7449.348383333334,8101.874,8101.874
1387,2,5,8269.7055,8163.356369788715,8413.391214247406,8021.547358341269,7923.15283203125,8158.68798828125,8068.795246268744,7829.886957178162,8101.874,7449.348383333334,8101.874,8101.874
1387,3,5,8245.071,8174.064713418365,8409.863069066521,8013.045088591269,7923.15283203125,8159.498046875,8068.5198154165555,7861.1437712981715,8101.874,7449.348383333334,8101.874,8101.874
1388,1,5,8269.7055,8034.092153163447,7966.71883706189,8088.3740066071405,8072.921875,8297.1083984375,8125.480361725344,7786.2471863688725,8160.44,7469.18035,8160.44,8160.44
1388,2,5,8245.071,8047.604157660167,7937.360202760896,8058.196040746028,8072.921875,8297.91796875,8126.300582256053,7801.719354734412,8160.44,7469.18035,8160.44,8160.44
1389,1,5,8245.071,8339.393586238008,8501.896459508129,8152.455886912702,8147.38916015625,8386.7421875,8235.05498923249,7774.428701141686,8269.7055,7495.1411499999995,8269.7055,8269.7055
1390,3,5,8444.376,8215.038800986431,8164.416494179694,8011.304279460321,8118.15478515625,8287.2802734375,8207.408645808604,7644.836965487228,8245.071,7523.495249999999,8245.071,8245.071
1391,2,5,8444.376,8412.710712478707,8191.460787943249,8031.331002371032,8099.185546875,8257.5458984375,8172.865953244555,7694.825711366819,8245.071,7563.3111,8206.848,8206.848
1391,3,5,8551.1125,8408.49037776969,8170.018269605884,8045.906533238101,8099.185546875,8258.35546875,8170.191992339601,7677.550149454961,8245.071,7563.3111,8206.848,8206.848
1392,1,5,8444.376,8188.100506201385,8227.749357783334,8094.941265384929,8076.02294921875,8266.6015625,8296.298563396065,7639.383553686414,8245.071,7609.311449999999,8331.9975,8331.9975
1392,2,5,8551.1125,8108.248842291296,8193.390439497616,8050.209628402783,8076.02294921875,8267.4111328125,8297.693263162593,7550.96277093188,8245.071,7609.311449999999,8331.9975,8331.9975
1392,3,5,8549.016,8139.854621474645,8173.134157671165,8059.84976864485,8076.02294921875,8268.2216796875,8296.111681404309,7534.222806322393,8245.071,7609.311449999999,8331.9975,8331.9975
1393,1,5,8551.1125,8516.498427664457,8296.371873393653,8183.780852138892,8200.591796875,8405.51171875,8410.774560847714,7908.17607382092,8444.376,7655.540250000001,8444.376,8444.376
1393,2,5,8549.016,8450.683474335397,8248.74359280635,8101.964389861109,8200.591796875,8406.322265625,8411.283538506972,7843.593060285686,8444.376,7655.540250000001,8444.376,8444.376
1393,3,5,8582.528,8500.399151113752,8229.002913986045,8134.882585714287,8200.591796875,8407.1318359375,8411.157861339832,7835.11542041878,8444.376,7655.540250000001,8444.376,8444.376
1394,1,5,8549.016,8763.11173017935,8596.766089184262,8305.645747328706,8302.6650390625,8489.9228515625,8514.977600314302,8153.749432279604,8551.1125,7704.723933333333,8551.1125,8551.1125
1394,2,5,8582.528,8672.336845759583,8543.744553032808,8221.768587092592,8302.6650390625,8490.732421875,8519.623551197801,8041.258831429864,8551.1125,7704.723933333333,8551.1125,8551.1125
1394,3,5,8566.5035,8633.928456578848,8484.024478369118,8220.960676009261,8302.6650390625,8491.54296875,8514.824456864331,8037.793534045756,8551.1125,7704.723933333333,8551.1125,8551.1125
1395,1,5,8582.528,8715.086829834621,8387.455998832675,8279.668242287036,8286.0263671875,8376.8388671875,8515.768047068539,8132.5299161218045,8549.016,7742.38475,8549.016,8549.016
1395,2,5,8566.5035,8636.28652806585,8317.043611302252,8232.119614967592,8286.0263671875,8377.6484375,8513.926408850219,8044.820857678824,8549.016,7742.38475,8549.016,8549.016
1396,1,5,8566.5035,8666.671154058606,8545.088021650134,8289.258842986112,8390.4365234375,8574.80859375,8546.47561312031,7994.860170430742,8582.528,7777.794266666666,8582.528,8582.528
1398,3,5,8435.808,8376.986147759928,8203.071073729234,8097.128957208332,8179.50634765625,8315.7109375,8476.239679357186,7813.808413881687,8566.5035,7842.805383333333,8512.08,8512.08
1399,2,5,8435.808,8286.832261211362,8134.359455912766,7961.947413333335,8083.40625,8139.51806640625,8372.509652053515,7600.541107976942,8566.5035,7871.67005,8406.902,8406.902
1400,1,5,8435.808,8174.082731247105,8293.934297251519,8038.633560949076,8071.80859375,8119.4345703125,8350.155123734803,7585.135546949061,8566.5035,7904.0983,8385.4995,8385.4995
1400,3,5,8491.32,8052.983642547293,8139.051995786575,7931.820359111114,8071.80859375,8121.05517578125,8351.725503230646,7511.288913766089,8566.5035,7904.0983,8385.4995,8385.4995
1401,2,5,8491.32,8452.939651461807,8219.964100371364,8075.987247916667,8128.14501953125,8134.7216796875,8399.59787632014,7945.814394646051,8435.808,7943.783966666667,8435.808,8435.808
1401,3,5,6121.0345,8359.73086658872,8144.966058880224,8025.269162175928,8128.14501953125,8135.53173828125,8399.887839497671,7947.78539048566,8435.808,7943.783966666667,8435.808,8435.808
1402,1,5,8491.32,8338.671265848467,8391.702300829165,8070.97284019907,8160.974609375,8069.2265625,8280.997992940505,7768.795745261467,8435.808,7977.050166666667,8312.796,8312.796
1402,2,5,6121.0345,8330.410942908358,8362.30762222599,8018.090326087961,8160.974609375,8070.03662109375,8280.227855330299,7764.4919389689785,8435.808,7977.050166666667,8312.796,8312.796
1403,1,5,6121.0345,8480.427351852606,8092.796377576986,7932.37529297289,8194.8271484375,8231.16015625,8455.008310588348,7738.433713418321,8491.32,8019.4266333333335,8491.32,8491.32
1404,3,5,7306.202,6822.291557298502,6667.466057162467,6895.394349032738,6527.99609375,6002.982421875,6089.7513272966125,6329.070652035622,6121.0345,7977.9180166666665,6121.0345,6121.0345
1405,2,5,7306.202,6624.072417182583,6649.350717834991,6799.27424298512,6604.7275390625,6503.88037109375,6540.905187236803,6288.759580102069,6121.0345,7945.419833333333,6573.306500000001,6573.306500000001
1405,3,5,7438.8125,6592.710747110694,6603.34300706733,6778.682880112107,6604.7275390625,6504.6904296875,6540.261128712633,6300.769401892576,6121.0345,7945.419833333333,6573.306500000001,6573.306500000001
1406,1,5,7306.202,6400.741243073105,6204.9315097159415,6557.907636017859,6502.18994140625,6241.349609375,6531.283421588308,5678.567406796085,6121.0345,7913.0172,6573.920999999999,6573.920999999999
1406,2,5,7438.8125,6259.530599581821,6195.954621616734,6531.939045981152,6502.18994140625,6242.15966796875,6527.006526603836,5607.939014041494,6121.0345,7913.0172,6573.920999999999,6573.920999999999
1407,1,5,7438.8125,7671.852052316193,7265.341041279562,7490.181889737101,7145.091796875,7110.080078125,7273.045722288361,6971.028989365502,7306.202,7905.371016666667,7306.202,7306.202
1407,3,5,7605.837,7686.8646423975915,7290.786210518646,7589.03032206647,7145.091796875,7111.70068359375,7275.36086239528,6979.921919830813,7306.202,7905.371016666667,7306.202,7306.202
1408,2,5,7605.837,7868.172049985344,7749.053893855539,7802.10687907441,7378.17724609375,7140.0546875,7403.726421994513,7315.046507364893,7438.8125,7906.187683333334,7438.8125,7438.8125
1408,3,5,7578.4625,7853.436011887575,7774.76285727508,7851.913477964291,7378.17724609375,7140.86474609375,7406.66157293218,7184.338908743487,7438.8125,7906.187683333334,7438.8125,7438.8125
1409,1,5,7605.837,7932.738154182557,7669.799677288971,7652.347589656748,7493.6171875,7287.58154296875,7462.685725436079,7557.506821482487,7438.8125,7908.71935,7497.6125,7497.6125
1409,2,5,7578.4625,7926.508701431519,7692.383330814367,7680.698800378973,7493.6171875,7288.3916015625,7462.154877476817,7591.347266591482,7438.8125,7908.71935,7497.6125,7497.6125
1410,1,5,7578.4625,7847.546068633967,7837.816240006982,7826.290897549607,7675.4794921875,7490.8876953125,7571.980428636253,7673.573900686691,7605.837,7914.84085,7605.837,7605.837
1411,3,5,8051.0635,7863.833829970479,8100.024925888175,7893.518025442463,7656.66796875,7633.81005859375,7541.989075508793,7584.029170901457,7578.4625,7917.648266666667,7578.4625,7578.4625
1412,2,5,8051.0635,7749.703923833424,7819.578726808927,7808.974496988093,7618.84326171875,7620.037109375,7686.480021081235,7586.685783779081,7578.4625,7921.118816666667,7723.0125,7723.0125
1413,1,5,8051.0635,7976.580681079991,7964.741268228437,7892.727662605155,7705.9892578125,7746.365234375,7865.119191433076,7506.674244345994,7578.4625,7930.715916666666,7904.925,7904.925
1413,3,5,7981.298,8003.464046468546,7967.632103456113,7875.613932065474,7705.9892578125,7747.9853515625,7866.966472379537,7453.140724726723,7578.4625,7930.715916666666,7904.925,7904.925
1414,2,5,7981.298,8231.201306717325,7947.183463786505,7961.964288157739,7845.55322265625,7799.615234375,8017.061814295967,7815.580987198154,8051.0635,7946.5659000000005,8051.0635,8051.0635
1414,3,5,7891.676,8272.612400452144,7915.841589880159,7946.52904267262,7845.55322265625,7800.42529296875,8019.194251958044,7820.126451085945,8051.0635,7946.5659000000005,8051.0635,8051.0635
1415,1,5,7981.298,8027.097855901357,7882.5656596722865,7886.072934255618,7749.650390625,7610.56787109375,7853.296823150528,7786.257575136562,8051.0635,7955.2222,7887.377,7887.377
1415,2,5,7891.676,7926.8443699211275,7900.040310366662,7861.506701579032,7749.650390625,7611.3779296875,7852.465407340338,7738.455627114482,8051.0635,7955.2222,7887.377,7887.377
1415,3,5,7783.02,7904.960233060044,7885.030991393847,7848.475148363755,7749.650390625,7612.18798828125,7854.446566833763,7705.381482909648,8051.0635,7955.2222,7887.377,7887.377
1416,1,5,7891.676,8065.333777484396,7852.473301399794,7985.797824570432,7935.177734375,7806.60546875,7945.266667714801,7744.140173278741,7981.298,7959.8913999999995,7981.298,7981.298
1416,2,5,7783.02,8076.064093424819,7883.943525633126,7954.120580643845,7935.177734375,7807.416015625,7944.2237172765535,7763.376364355199,7981.298,7959.8913999999995,7981.298,7981.298
1417,1,5,7783.02,8042.086192851799,7849.023074384788,7907.603400282736,7816.85888671875,7659.62451171875,7854.652785696026,7666.045076765169,7891.676,7952.8848,7891.676,7891.676
1418,3,5,7840.6515,8009.744868134456,7772.724561745928,7741.329761719905,7788.74560546875,7798.3046875,7744.356662851484,7498.874180853363,7783.02,7940.304133333334,7783.02,7783.02
1419,2,5,7840.6515,7882.179168558479,8219.14914690373,7824.754933222555,7684.873046875,7727.359375,7676.466077678968,7455.339334857995,7783.02,7922.7820833333335,7744.044,7744.044
1420,1,5,7840.6515,8001.263395555083,8331.739845324362,7970.742887617395,7747.81396484375,7875.1357421875,7893.063989434496,7329.576907825165,7783.02,7909.938183333334,7859.754,7859.754
1420,3,5,8260.72,8101.980410496945,8320.822446368016,8001.674722147156,7747.81396484375,7876.755859375,8015.4028529132,7341.843313381782,7783.02,7909.938183333334,7859.754,7859.754
1421,2,5,8260.72,7911.287002413208,7748.751863563888,7785.749089868052,7716.046875,7787.072265625,7806.365498647699,7449.560747544642,7840.6515,7897.731633333334,7840.6515,7840.6515
1421,3,5,8292.0295,7987.869375596002,7726.469306498416,7777.966251922613,7716.046875,7787.8828125,7808.964853493364,7407.089337706645,7840.6515,7897.731633333334,7840.6515,7840.6515
1422,1,5,8260.72,7969.086923077697,7731.835789952185,7822.550731318453,7832.34423828125,7938.828125,7801.7560222717775,7483.450981848457,7840.6515,7881.231333333333,7836.9884999999995,7836.9884999999995
1422,2,5,8292.0295,7955.653654423601,7764.634421472621,7839.057942062497,7832.34423828125,7939.63818359375,7800.738866612208,7446.9982884193605,7840.6515,7881.231333333333,7836.9884999999995,7836.9884999999995
1422,3,5,8215.4985,8007.273060222824,7746.840390510321,7825.8609839828,7832.34423828125,7940.4482421875,7802.550401736913,7460.058914513815,7840.6515,7881.231333333333,7836.9884999999995,7836.9884999999995
1423,1,5,8292.0295,8202.760864733196,8044.26882625496,8104.613879573415,8173.6591796875,8237.7431640625,8233.479761721046,7738.786453487625,8260.72,7875.109466666666,8260.72,8260.72
1423,2,5,8215.4985,8216.128880801445,8029.350066651788,8059.84916374603,8173.6591796875,8238.552734375,8222.754727521462,7717.841866300998,8260.72,7875.109466666666,8260.72,8260.72
1424,1,5,8215.4985,8254.760942965817,8122.842667553567,8145.890360573412,8207.966796875,8205.966796875,8273.97656153214,8191.512256372775,8292.0295,7866.473366666667,8292.0295,8292.0295
1425,3,5,8505.988,8289.059435358506,8111.948506095203,8044.520715114088,8395.83203125,8337.03515625,8203.086608291653,7752.7717557039105,8215.4985,7855.356116666667,8215.4985,8215.4985
1426,2,5,8505.988,8643.988676550687,8383.718364288694,8219.09934735946,8541.91015625,8503.3876953125,8476.999762547439,8032.386963528074,8215.4985,7852.9305,8509.7595,8509.7595
1426,3,5,8646.872,8621.112682441384,8331.126042220174,8162.337811060848,8541.91015625,8504.1982421875,8493.515473961239,8040.989071307576,8215.4985,7852.9305,8509.7595,8509.7595
1427,1,5,8505.988,8297.634023170007,8256.307702585782,8138.5621770955695,8373.5419921875,8273.666015625,8385.324864770248,7597.973121342329,8215.4985,7846.643433333333,8377.8915,8377.8915
1427,2,5,8646.872,8170.064325606217,8221.376860773284,8105.592393682867,8373.5419921875,8274.4765625,8386.184663455231,7558.059146806954,8215.4985,7846.643433333333,8377.8915,8377.8915
1427,3,5,8491.32,8113.05783969602,8174.157013445573,8058.014574342589,8373.5419921875,8275.287109375,8381.98101681085,7583.947643794521,8215.4985,7846.643433333333,8377.8915,8377.8915
1428,1,5,8646.872,8380.39705155871,8235.398035123018,8169.803431250001,8325.537109375,8312.9306640625,8502.66700790309,8010.185942173962,8505.988,7846.440366666667,8505.988,8505.988
1428,2,5,8491.32,8287.488287861412,8174.8889888275135,8133.202997888889,8325.537109375,8313.740234375,8527.229859919282,7959.961057273179,8505.988,7846.440366666667,8505.988,8505.988
1428,3,5,8375.1085,8280.423387381661,8074.13320794762,8061.575857638893,8325.537109375,8314.55078125,8503.244558310324,7970.478788234773,8505.988,7846.440366666667,8505.988,8505.988
1429,1,5,8491.32,8522.751879559002,8354.37781460661,8349.993567092592,8429.24609375,8455.935546875,8636.307349537065,8163.007445333214,8646.872,7854.439366666667,8646.872,8646.872
1429,2,5,8375.1085,8413.062045975335,8276.339549915609,8293.464687268517,8429.24609375,8456.7451171875,8663.513905026482,8031.990197848631,8646.872,7854.439366666667,8646.872,8646.872
1429,3,5,8494.69,8300.944188499565,8178.020328526918,8218.215733069446,8429.24609375,8457.5556640625,8635.360608203477,8047.327996659145,8646.872,7854.439366666667,8646.872,8646.872
1430,1,5,8375.1085,8465.163869038368,8175.757691359194,8189.3968740972205,8452.5009765625,8371.376953125,8480.285785618216,8280.1358183178,8491.32,7857.966716666666,8491.32,8491.32
1430,2,5,8494.69,8405.630606838582,8115.937718980358,8110.122774444438,8452.5009765625,8372.1875,8505.553471596457,8244.414864584012,8491.32,7857.966716666666,8491.32,8491.32
1431,1,5,8494.69,8110.57328284129,8114.151212895999,8179.307316772477,8343.0537109375,8231.720703125,8358.866233684263,7925.374816208209,8375.1085,7855.9434,8375.1085,8375.1085
1432,3,5,8662.176,8236.845061050533,8111.226128149305,8069.741247837963,8287.423828125,8085.3505859375,8462.56071986656,8005.308730693847,8494.69,7862.006533333333,8494.69,8494.69
1433,2,5,8662.176,8424.447882025748,8244.836254124337,8230.070978133599,8370.3583984375,8132.81201171875,8624.116018766483,8092.217253934836,8494.69,7866.560133333333,8627.928,8627.928
1433,3,5,8647.122,8282.80842139347,8197.750460394178,8114.017313935187,8370.3583984375,8133.6220703125,8604.038152390298,8115.579972951947,8494.69,7866.560133333333,8627.928,8627.928
1434,1,5,8662.176,8481.711429777453,8276.787489458096,8257.570135668322,8268.443359375,7927.54296875,8623.373541873438,8013.558343357268,8494.69,7950.286983333333,8632.84,8632.84
1434,2,5,8647.122,8395.149365289853,8198.638220346722,8192.070721473878,8268.443359375,7928.353515625,8626.155792714839,7926.706481976643,8494.69,7950.286983333333,8632.84,8632.84
1435,1,5,8647.122,8618.842851316507,8291.445064404297,8287.818610675926,8358.2451171875,8017.13232421875,8651.84943860809,8242.326622344182,8662.176,8019.915966666667,8662.176,8662.176
1435,3,5,9074.754,8369.284529143284,8082.032937022683,8161.559079032408,8358.2451171875,8018.75244140625,8652.081808043968,8140.3856826610645,8662.176,8019.915966666667,8662.176,8662.176
1436,2,5,9074.754,8475.534610255256,8189.914970545705,8244.114498305555,8324.1591796875,7967.24560546875,8667.677648000721,8155.961233778125,8647.122,8089.022666666667,8647.122,8647.122
1436,3,5,9165.96,8355.067328050365,8109.981142022293,8156.052395486112,8324.1591796875,7968.0556640625,8640.810857204491,8151.504439429142,8647.122,8089.022666666667,8647.122,8647.122
1437,1,5,9074.754,8523.720142371412,8282.934552578903,8348.931925185187,8451.330078125,8136.1845703125,8731.333004927226,8241.65812612751,8647.122,8137.0574,8747.243999999999,8747.243999999999
1437,2,5,9165.96,8460.836166137293,8147.6922723369735,8298.28371266667,8451.330078125,8136.99462890625,8747.267056515195,8156.181165115527,8647.122,8137.0574,8747.243999999999,8747.243999999999
1437,3,5,9188.399,8274.689487043192,8049.634110590145,8192.641903847225,8451.330078125,8137.8046875,8722.49150953309,8102.149178644891,8647.122,8137.0574,8747.243999999999,8747.243999999999
1438,1,5,9165.96,8780.284915016133,8577.58542462989,8552.70473965972,8723.099609375,8510.0361328125,9045.188738976189,8328.816104963764,9074.754,8191.588783333334,9074.754,9074.754
1438,2,5,9188.399,8628.701814736018,8460.431673282803,8449.39447509491,8723.099609375,8510.8466796875,9076.133006587652,8155.150357454608,9074.754,8191.588783333334,9074.754,9074.754
1439,1,5,9188.399,8677.34666017114,8674.336674307142,8644.43902743519,8890.44921875,8619.103515625,9155.165725575249,8321.863827058472,9165.96,8247.200366666666,9165.96,9165.96
1439,3,5,9377.3475,8241.842526986413,8556.990798113025,8463.058853407409,8890.44921875,8620.7236328125,9159.062366624832,8000.796524588334,9165.96,8247.200366666666,9165.96,9165.96
1440,2,5,9377.3475,8691.35174087977,8571.317985590478,8592.96605571991,8834.44140625,8529.7177734375,9200.74339463579,8235.803847269874,9188.399,8299.952433333334,9188.399,9188.399
1440,3,5,9480.887,8333.343795735063,8544.566131925392,8505.233293361114,8834.44140625,8530.52734375,9177.681682971246,8133.697484114141,9188.399,8299.952433333334,9188.399,9188.399
1441,1,5,9377.3475,8550.910913496644,8669.866968319908,8764.1113738588,8758.27734375,8457.47265625,9153.628852292337,8335.452488388499,9188.399,8352.353216666666,9150.485999999999,9150.485999999999
1441,2,5,9480.887,8297.950759806019,8544.246896151393,8609.340864085649,8758.27734375,8458.283203125,9126.696445420701,8199.980944122946,9188.399,8352.353216666666,9150.485999999999,9150.485999999999
1441,3,5,9126.344,8064.245841228967,8506.225601937895,8488.02161375463,8758.27734375,8459.0927734375,9142.575280067898,8064.5873177341045,9188.399,8352.353216666666,9150.485999999999,9150.485999999999
1442,1,5,9480.887,8671.030518562487,8852.049451047886,8773.460662516203,8833.8837890625,8563.6484375,9387.70601586132,8473.528018780677,9377.3475,8407.497716666667,9377.3475,9377.3475
1442,2,5,9126.344,8461.367178132823,8725.376514877382,8626.595692525461,8833.8837890625,8564.458984375,9377.653641632836,8336.208868123886,9377.3475,8407.497716666667,9377.3475,9377.3475
1443,1,5,9126.344,8804.914651290052,8877.032648386969,8746.058636243053,8821.17578125,8547.4658203125,9473.425612041161,8484.372538157122,9480.887,8460.029783333333,9480.887,9480.887
1443,3,5,8714.55,8276.806929834767,8724.052656528234,8509.94982547685,8821.17578125,8549.0859375,9458.562211582597,8179.738424876635,9480.887,8460.029783333333,9480.887,9480.887
1444,2,5,8714.55,8553.8279183437,8350.118472935512,8467.338961590278,8665.939453125,8394.9189453125,9137.01631937879,8284.946452542663,9126.344,8495.872466666666,9126.344,9126.344
1445,1,5,8714.55,8754.431982782795,8416.016359254301,8513.484669356485,8517.5400390625,8234.84765625,8821.588983362755,8336.64505411793,9126.344,8527.628999999999,8840.072999999999,8840.072999999999
1446,3,5,8283.7145,8336.742660246719,8168.733236781216,8194.89515591204,8345.7744140625,8018.6591796875,8710.20799501562,8207.489277714956,8714.55,8552.070733333334,8714.55,8714.55
1447,2,5,8283.7145,8457.185731814725,8165.4575400464955,8170.742035935184,8264.43359375,7974.95068359375,8708.527587255794,8344.514368306056,8714.55,8579.807366666666,8723.775,8723.775
1447,3,5,8487.216,8272.825742986883,8082.16259612414,8151.382868064812,8264.43359375,7975.7607421875,8712.802818815528,8263.263535701355,8714.55,8579.807366666666,8723.775,8723.775
1448,1,5,8283.7145,8615.605731824622,8282.756909471032,8310.393031171292,8379.8828125,8168.24462890625,8728.148019113929,8414.77343024173,8714.55,8611.063366666665,8720.7,8720.7
1448,2,5,8487.216,8527.87359759905,8200.516174050132,8184.807728249996,8379.8828125,8169.0546875,8726.279070476021,8337.242007757739,8714.55,8611.063366666665,8720.7,8720.7
1448,3,5,8665.679,8356.093417370228,8112.859111276917,8145.633374986107,8379.8828125,8169.86474609375,8724.737137569915,8247.269175970003,8714.55,8611.063366666665,8720.7,8720.7
1449,1,5,8487.216,8352.827671241006,8072.154570887763,8142.562435787034,8199.1884765625,7969.93603515625,8290.009927886791,8076.939722296662,8283.7145,8629.052383333334,8283.7145,8283.7145
1449,2,5,8665.679,8267.097050491317,8067.332168664548,8101.8238255787,8199.1884765625,7970.74609375,8296.539704333656,8001.992187959608,8283.7145,8629.052383333334,8283.7145,8283.7145
1449,3,5,8658.9125,8207.049319374915,8036.7503969720865,8089.893500828703,8199.1884765625,7971.55615234375,8291.835514861192,7842.019135228608,8283.7145,8629.052383333334,8283.7145,8283.7145
1450,1,6,8665.679,8424.257735938805,8368.94455565559,8309.985607208333,8412.2431640625,8457.791015625,8449.742132490488,8298.515335162892,8487.216,8649.967783333334,8487.216,8469.417717281653
1450,2,6,8658.9125,8477.337841760365,8357.466926785053,8286.62127275,8412.91796875,8459.1142578125,8449.676426873237,8230.988482541443,8487.216,8649.967783333334,8487.216,8466.366117463665
1451,1,6,8658.9125,8597.421201134941,8464.103962994246,8487.106358027779,8434.5478515625,8587.58203125,8612.861716305199,8488.527297171253,8665.679,8677.4687,8665.679,8645.25171276321
1453,3,6,7745.595,8794.612051272365,8661.330746422685,8559.892063733798,8401.833984375,8378.005859375,8832.414660300501,8315.471031200683,8658.9125,8725.836333333333,8889.825,8825.013944893588
1454,2,6,7745.595,8344.49378542291,8078.443350787037,7994.944065226852,8094.4609375,7789.6728515625,8113.53269676858,7793.341027527477,8658.9125,8721.773266666667,8170.1375,8127.747015826112
1454,3,6,7206.57,8337.885858282472,8079.248039833334,7954.023952483796,8095.13623046875,7790.99560546875,8115.251242718413,7823.766143009046,8658.9125,8721.773266666667,8170.1375,8125.8519472358275
1455,1,6,7745.595,7688.350790840817,7584.44419042791,7637.175172337963,7733.19384765625,7443.099609375,7664.673663380782,7611.329033961108,8658.9125,8705.928733333332,7740.1625,7713.186029497787
1455,2,6,7206.57,7677.205678098289,7555.265096227514,7612.574825074074,7733.869140625,7444.42236328125,7670.569963579013,7567.064544963489,8658.9125,8705.928733333332,7740.1625,7710.601833080822
1455,3,6,6779.51,7833.202060760221,7539.704114582341,7603.141924359788,7734.5439453125,7445.7451171875,7646.856991823937,7626.366406151789,8658.9125,8705.928733333332,7740.1625,7711.457064029308
1456,1,6,7206.57,7799.773557836594,7607.16493768024,7571.9108307407405,7774.59521484375,7621.80224609375,7730.274720143476,7884.1603743070955,7745.595,8680.456583333334,7745.595,7730.294189808109
1456,2,6,6779.51,7762.776492246087,7604.5048330859945,7566.569667650463,7775.2705078125,7623.125,7694.263027338141,7955.867553746843,7745.595,8680.456583333334,7745.595,7731.710902002788
1456,3,6,7307.722,7816.078719110389,7593.479305231332,7529.438017060185,7775.9453125,7624.44775390625,7651.401122314982,8002.749321793702,7745.595,8680.456583333334,7745.595,7730.45293784341
1457,1,6,6779.51,7286.663617742912,7047.873511048791,7123.66649671627,7330.47900390625,7247.18994140625,7111.356952919598,7339.104163517821,7206.57,8641.412533333332,7206.57,7206.595579821378
1457,2,6,7307.722,7291.405702292385,7005.27931955772,7100.013993480158,7331.154296875,7248.5126953125,7076.107739633973,7390.390504285551,7206.57,8641.412533333332,7206.57,7206.327299968927
1458,1,6,7307.722,7268.071331236941,6902.698408750496,6833.235309761905,7042.3671875,6996.150390625,6710.306934090482,6792.742261920151,6779.51,8583.863266666665,6779.51,6795.874293385553
1460,3,6,7135.3185,7760.161927877397,7534.038058630952,7620.69889954365,7381.25537109375,7565.44970703125,7253.885196163033,7933.719416661126,7307.722,8511.219466666667,7651.156,7650.865183663552
1461,2,6,7135.3185,7057.906482716039,7173.6397554930545,7193.278149132935,7130.48291015625,7176.2158203125,7047.767326154196,7236.90681961405,7307.722,8479.413916666666,7420.941999999999,7387.495286050946
1461,3,6,7174.3875,7009.753448935169,7148.795365103174,7146.878696493055,7131.158203125,7177.53857421875,7084.9258212964705,7228.27220751524,7307.722,8479.413916666666,7420.941999999999,7384.318886748999
1462,1,6,7135.3185,7636.304208539818,7904.737756770802,8069.964096104827,7432.2861328125,7587.26025390625,7912.341220683242,7629.316698052755,7307.722,8474.04495,8333.621,8256.544154054885
1462,2,6,7174.3875,7503.151065814188,7804.329135206233,7959.816839052248,7432.9609375,7588.5830078125,7814.104979540643,7592.2701759863285,7307.722,8474.04495,8333.621,8248.50837205096
1462,3,6,7170.02,7244.506224560489,7712.71723514704,7900.087823605819,7433.63623046875,7589.9052734375,7842.48229628536,7464.137405112946,7307.722,8474.04495,8333.621,8241.637534121142
1463,1,6,7174.3875,6922.0186289708445,6893.194229357691,6920.864502736112,6923.1796875,6658.0966796875,6727.450334667865,7109.19731330984,7135.3185,8424.291299999999,7135.3185,7093.026402302489
1463,2,6,7170.02,6869.758669353771,6860.695508153042,6859.826455646826,6923.85498046875,6659.41943359375,6730.915944160128,7027.957700996075,7135.3185,8424.291299999999,7135.3185,7087.175573185435
1463,3,6,6652.191,6896.287165457123,6802.4637675161375,6765.778761327381,6924.5302734375,6660.7421875,6699.804978811877,7010.203921016252,7135.3185,8424.291299999999,7135.3185,7080.652826527808
1464,1,6,7170.02,7137.648445795754,7103.706884377624,6979.474778144841,7005.09912109375,7006.85400390625,6990.921529186641,7340.970160473276,7174.3875,8375.676216666667,7174.3875,7155.824267433891
1464,2,6,6652.191,7188.206046158313,7071.376881414996,6935.635503521164,7005.7744140625,7008.1767578125,7040.566262077633,7346.133326159545,7174.3875,8375.676216666667,7174.3875,7153.141543008364
1464,3,6,5711.874,7190.531076172485,7037.175550909044,6888.7813804497355,7006.44970703125,7009.49951171875,7012.083507327442,7362.027321824902,7174.3875,8375.676216666667,7174.3875,7150.513787438013
1465,1,6,6652.191,7114.617513460417,7077.876849332507,7061.694373405754,6991.87841796875,7012.75634765625,6971.8078188833415,7376.328159522172,7170.02,8325.937683333332,7170.02,7158.677487537936
1465,2,6,5711.874,7163.687520880699,7052.809020182507,7021.386430155754,6992.5537109375,7014.07861328125,7013.588297531298,7373.00756005076,7170.02,8325.937683333332,7170.02,7156.026705848407
1466,1,6,5711.874,6647.95884010286,6678.805765458035,6585.962095559524,6682.71630859375,6618.44384765625,6379.804425509776,6583.353394451413,6652.191,8259.439983333334,6652.191,6644.264554692287
1467,3,6,5261.583,6251.3816631098125,5791.276957525099,5842.619123680555,6144.8388671875,5841.68212890625,5369.030831327365,5908.123338124357,5711.874,8158.260983333333,5711.874,5732.59751748614
1468,2,6,5261.583,5409.213487902449,5320.834816904067,5376.042208326389,5712.73095703125,5343.69970703125,4631.971550195713,5903.33321706144,5711.874,8025.129933333333,5080.8225,5134.816699938581
1468,3,6,5325.88,5464.498522649826,5343.907264591568,5427.793585131944,5713.40625,5345.0224609375,4675.904342378269,5879.376748994838,5711.874,8025.129933333333,5080.8225,5137.72903369432
1469,1,6,5261.583,5185.726663055546,5487.63540402911,5378.623185416666,5691.333984375,5513.65380859375,4905.039195248347,5837.493513774484,5711.874,7892.7081333333335,5193.306,5239.193682732408
1469,2,6,5325.88,5408.870339302227,5483.750976780952,5433.6408293333325,5692.00927734375,5514.9765625,4862.980482183237,5916.365422551558,5711.874,7892.7081333333335,5193.306,5244.745936856312
1469,3,6,5691.114,5487.654376459092,5507.554785430952,5483.757360055555,5692.6845703125,5516.29931640625,4925.028588696594,5890.413988851319,5711.874,7892.7081333333335,5193.306,5247.503782036816
1470,1,6,5325.88,5242.268141465712,5346.586239811607,5455.9576006805555,5644.7646484375,5537.23974609375,5009.890920879115,5385.668185150447,5261.583,7761.814266666666,5261.583,5293.215860907825
1470,2,6,5691.114,5436.103948765826,5371.718733381547,5515.811452284722,5645.439453125,5538.5625,4984.02028074973,5407.05558262968,5261.583,7761.814266666666,5261.583,5297.730123517932
1470,3,6,5543.2015,5445.424081257458,5378.984430670238,5567.767223166667,5646.11474609375,5539.884765625,5059.1473854352325,5421.278284584058,5261.583,7761.814266666666,5261.583,5301.556341350116
1471,1,6,5691.114,5401.022976162997,5467.865195499008,5499.905745166667,5617.38916015625,5511.84423828125,5215.699925003997,5216.312009615147,5325.88,7634.327399999999,5325.88,5345.480621901089
1471,2,6,5543.2015,5478.137782931028,5496.284797763393,5564.520520548611,5618.064453125,5513.1669921875,5214.369035371611,5221.8567305698825,5325.88,7634.327399999999,5325.88,5349.934095069799
1471,3,6,6087.4875,5512.141282543936,5518.227354863096,5622.896947958334,5618.7392578125,5514.4892578125,5193.301363082563,5248.128257266201,5325.88,7634.327399999999,5325.88,5354.466433941723
1472,1,6,5543.2015,5663.658680454912,5953.4116192460315,5963.469112659722,5947.9775390625,6211.083984375,5508.3618650626595,5929.868617493949,5691.114,7511.452950000001,5691.114,5744.697037039995
1472,2,6,6087.4875,5671.254617610589,6001.781529966765,6041.6477448125,5948.65283203125,6212.40625,5508.8033536759585,5975.4718040254675,5691.114,7511.452950000001,5691.114,5750.98665307376
1473,1,6,6087.4875,5642.921837989902,5841.5861809525795,5840.606485708333,5934.0400390625,6077.82421875,5397.959415032094,5801.23963520174,5543.2015,7380.196766666666,5543.2015,5599.732447810587
1474,3,6,5931.585,6101.703880203092,6429.804127488823,6502.670163923612,6290.3076171875,6782.86279296875,6189.272013261776,6442.312499043193,6087.4875,7278.90155,6087.4875,6163.332460931387
1475,2,6,5931.585,5973.517932504939,6445.816801808499,6462.046438284722,6355.06494140625,6697.0263671875,6096.104454878036,6376.886900956643,6087.4875,7189.8262,6167.8125,6222.667591556955
1475,3,6,6317.0535,6041.938788596181,6471.588704189947,6491.565541034722,6355.740234375,6698.34912109375,6113.832471224801,6395.170276029157,6087.4875,7189.8262,6167.8125,6225.115156491381
1476,1,6,5931.585,5663.017848439966,5977.621466498611,6204.284930270833,6160.72802734375,6212.755859375,5862.538104828661,5979.502117076041,6087.4875,7094.98995,5869.4625,5913.90311921654
1476,2,6,6317.0535,5772.071415680442,5996.009500392956,6233.998458556547,6161.4033203125,6214.07861328125,5956.477194951147,6003.549394992236,6087.4875,7094.98995,5869.4625,5916.499406432071
1476,3,6,5999.796,5794.859466074435,6015.4623702912695,6265.971671063491,6162.07861328125,6215.4013671875,5919.509067490291,5995.104272413573,6087.4875,7094.98995,5869.4625,5918.477837562197
1477,1,6,6317.0535,5678.4501861314275,6096.4334339130955,6217.679096868055,6237.63525390625,6410.205078125,5927.039467729338,6040.1471918036705,5931.585,7001.91695,5931.585,5980.610261500755
1477,2,6,5999.796,5814.788417761169,6116.591694920536,6229.936260111111,6238.310546875,6411.52783203125,5902.830013266571,6070.130502911563,5931.585,7001.91695,5931.585,5982.199386237846
1477,3,6,5897.8395,5747.6598037341655,6151.85720146121,6248.181680888889,6238.98583984375,6412.8505859375,5894.974512205907,6062.4798011262,5931.585,7001.91695,5931.585,5983.294414679278
1478,1,6,5999.796,6303.411846142232,6420.402167340774,6498.429886249008,6552.1669921875,6886.658203125,6365.341945616445,6386.8968761639135,6317.0535,6921.795400000001,6317.0535,6363.542703493968
1478,2,6,5897.8395,6282.978186399249,6372.271691979663,6491.619651017857,6552.84228515625,6887.98095703125,6420.21497580026,6385.52584623032,6317.0535,6921.795400000001,6317.0535,6363.139277147149
1478,3,6,5279.1745,6234.295124690569,6361.071319592096,6505.582567691468,6553.517578125,6889.3037109375,6316.565061552702,6417.763181250363,6317.0535,6921.795400000001,6317.0535,6364.893660283732
1479,1,6,5897.8395,5869.382610224454,6247.174877744643,6154.265253243056,6442.6259765625,6643.54443359375,6073.822251492249,5902.508609120993,5999.796,6845.6647833333345,5999.796,6044.860504948257
1479,2,6,5279.1745,5952.302969690189,6286.599969842858,6180.174210560516,6443.30078125,6644.8671875,6041.6125676475285,5916.704137520194,5999.796,6845.6647833333345,5999.796,6046.974410007064
1480,1,6,5279.1745,5810.936920902239,6208.553629948015,6132.672224214286,6320.55517578125,6561.2080078125,5967.468892991276,5811.398309097099,5897.8395,6759.352233333334,5897.8395,5949.575027604012
1481,3,6,4105.5575,5707.033696302909,5664.302528974802,5702.0558444375,6001.2744140625,6032.37353515625,5289.7251496612935,5312.31065009702,5279.1745,6646.46875,5279.1745,5351.280299314885
1482,2,6,4105.5575,5240.496539675882,5104.726226055407,5184.168831875,5643.9267578125,5591.318359375,4815.878018190887,5451.946549537923,5279.1745,6514.586233333333,4702.437,4803.148650083645
1482,3,6,4140.747,5281.188207552036,5125.580696646081,5247.059192361111,5644.60205078125,5592.640625,4831.923268817516,5469.211026241067,5279.1745,6514.586233333333,4702.437,4807.7651908479
1483,1,6,4105.5575,4792.1659665384595,4692.072243477182,4678.296195541667,5319.1455078125,5206.3251953125,4475.353755504282,4994.829216863626,5279.1745,6360.0426333333335,4253.517,4353.987494485157
1483,2,6,4140.747,4909.691621456168,4761.957993941369,4816.936493597223,5319.8203125,5207.6474609375,4491.834022244447,5087.730972349778,5279.1745,6360.0426333333335,4253.517,4365.365994370239
1483,3,6,4527.435,5019.671728122645,4777.7899926655755,4931.427916756944,5320.49560546875,5208.97021484375,4515.593760773221,5110.916993024778,5279.1745,6360.0426333333335,4253.517,4373.513257447462
1484,1,6,4140.747,4919.081660761765,4660.092618880654,4547.855142493056,5038.0234375,4942.9169921875,4475.298675368371,4408.340061648854,4105.5575,6224.556633333333,4105.5575,4190.163431335053
1484,2,6,4527.435,5062.670824427086,4718.45034893115,4705.470120520834,5038.6982421875,4944.2392578125,4438.616406901351,4533.4342077803985,4105.5575,6224.556633333333,4105.5575,4203.548155126433
1485,1,6,4527.435,4561.097335814284,4607.970759637401,4583.146840256944,4990.78857421875,5016.671875,4669.451670827441,4022.575491411505,4140.747,6104.576116666666,4140.747,4217.660211180699
1491,3,6,4774.77,5374.891238092571,5183.7480561925595,5211.48053112004,5232.158203125,5397.0712890625,4837.085189555671,4695.978032978773,4527.435,5554.058783333333,4610.925,4697.835696325596
1492,2,6,4774.77,5208.997205592916,5053.785532907936,5095.939035256944,5051.15673828125,5057.85791015625,4964.772411288557,4460.649142437832,4527.435,5428.66175,4571.71,4631.6397568800585
1492,3,6,4921.008,5353.826535138054,5093.199814711507,5203.866892607142,5051.83203125,5059.1806640625,4993.676104986717,4615.882815232648,4527.435,5428.66175,4571.71,4642.470115520916
1493,1,6,4774.77,4926.719566357965,5120.732874132407,5030.3986728888885,5071.908203125,5042.57080078125,5104.8172882463205,4633.117744120679,4527.435,5348.795216666667,4739.3225,4773.4734547994085
1493,2,6,4921.008,5262.09884914359,5243.586699025,5201.605669944444,5072.58349609375,5043.8935546875,5127.47885740035,4781.165291240015,4527.435,5348.795216666667,4739.3225,4788.292794671055
1494,1,6,4921.008,4982.252357822422,5091.124413161939,5012.467613395834,5301.359375,5045.2421875,4924.282896158352,4661.319516531872,4774.77,5268.807966666666,4774.77,4803.347795581893
1495,3,6,5639.85,5507.0928364644815,5373.7948069849535,5411.099380810516,5417.59716796875,5285.21240234375,5052.356976659016,5236.691478341475,4921.008,5193.8409,4921.008,4981.711197150668
1496,2,6,5639.85,5693.043702854604,5615.640142614914,5691.145425472222,5512.2783203125,5282.90771484375,5451.450344272124,5404.042053838657,4921.008,5146.2665333333325,5224.96,5263.169057927281
1496,3,6,5717.9075,5822.465922844425,5679.922703045668,5801.525946018849,5512.95361328125,5284.23046875,5455.541760406771,5500.941035921935,4921.008,5146.2665333333325,5224.96,5272.7847353126945
1497,1,6,5639.85,5688.280839929669,5697.554614005059,5774.094628652777,5580.78466796875,5360.3583984375,5578.758249077634,4939.387891799215,4921.008,5136.085800000001,5406.451999999999,5416.931945257866
1497,2,6,5717.9075,5932.492670584035,5830.280795001587,5889.88878648611,5581.4599609375,5361.68115234375,5645.268438220993,5160.003109472298,4921.008,5136.085800000001,5406.451999999999,5429.8213138048795
1497,3,6,5981.316,6071.1925867596665,5896.072297506746,5999.351191661705,5582.13525390625,5363.00390625,5623.968327060428,5235.559716275311,4921.008,5136.085800000001,5406.451999999999,5438.873282403749
1498,1,6,5717.9075,5862.792170765196,5949.070814916766,6018.326641038691,5801.31103515625,5627.34130859375,5832.327497307232,5993.903079401443,5639.85,5154.72005,5639.85,5672.349663784161
1498,2,6,5981.316,6056.668483977854,6060.66202586012,6141.740056146826,5801.986328125,5628.6640625,5879.937631283846,6152.360753437659,5639.85,5154.72005,5639.85,5684.273716052829
1498,3,6,5742.7725,6214.505695149997,6144.769336129365,6275.861781026786,5802.66162109375,5629.986328125,5863.571427251567,6204.000338542249,5639.85,5154.72005,5639.85,5694.38207722593
1499,1,6,5981.316,5836.409236719947,5978.073637923116,6068.4924173531745,6147.67236328125,5967.94580078125,5881.340905494543,6047.100742741916,5717.9075,5172.206766666666,5717.9075,5763.162811983208
1499,2,6,5742.7725,6002.372458414333,6081.142474387798,6179.327088178571,6148.34765625,5969.2685546875,5889.183570930938,6206.127007699493,5717.9075,5172.206766666666,5717.9075,5774.273646361636
1499,3,6,5615.148,6212.9741887482,6144.157711869346,6333.569176134921,6149.02294921875,5970.59130859375,5892.6236644107075,6245.4044046044155,5717.9075,5172.206766666666,5717.9075,5785.412701318161
1500,1,6,5742.7725,6291.893654685583,6253.858553400462,6183.493651307209,6312.36474609375,6173.95849609375,6153.171815079513,6062.673683521217,5981.316,5196.197866666667,5981.316,6007.655761549954
1500,2,6,5615.148,6387.9865567639135,6338.468592762896,6269.841417343254,6313.0400390625,6175.28076171875,6156.717393998777,6123.82484727537,5981.316,5196.197866666667,5981.316,6014.848931839018
1501,1,6,5615.148,5972.831876406969,5949.39621951002,5911.112095056547,6004.5107421875,5694.5771484375,5877.839392772894,5874.284913262315,5742.7725,5210.094283333334,5742.7725,5754.151321640826
1502,3,6,5393.245,6084.315693030614,5935.358113240344,5981.5608701825395,5913.740234375,5595.51513671875,5796.4398270358115,5933.860389421625,5615.148,5207.562083333333,5615.148,5645.60957534527
1503,2,6,5393.245,6046.21394404248,5970.038270033453,5938.905139007937,5929.0625,5606.5458984375,5823.33446502153,5816.764562822711,5615.148,5213.4295,5719.224,5729.448518519461
1503,3,6,5126.7535,6121.622397462558,6023.418532305279,5991.488920138889,5929.73779296875,5607.86865234375,5937.769860913533,5871.367623227733,5615.148,5213.4295,5719.224,5734.268431802423
1504,1,6,5393.245,5614.765337379126,5684.865277760868,5625.445729987103,5748.5087890625,5394.57275390625,5543.957998652716,5532.052267275145,5615.148,5192.81145,5468.946,5476.420293436432
1504,2,6,5126.7535,5765.551214748126,5750.094155364042,5695.42802154365,5749.18408203125,5395.8955078125,5616.816945598609,5628.593276132822,5615.148,5192.81145,5468.946,5483.37270585048
1504,3,6,5297.8795,5858.421197122419,5782.453612049062,5740.237023054563,5749.859375,5397.2177734375,5631.540508210985,5683.863049462845,5615.148,5192.81145,5468.946,5487.697386051641
1505,1,6,5126.7535,5598.7977376025,5637.2496621430555,5592.111540441469,5632.18701171875,5452.8466796875,5516.232706963483,5309.260923609527,5393.245,5166.992533333334,5393.245,5407.7778646364195
1505,2,6,5297.8795,5788.61357487121,5699.57842871627,5667.466639243055,5632.8623046875,5454.16943359375,5580.991429590763,5361.913346057427,5393.245,5166.992533333334,5393.245,5414.04821750332
1505,3,6,5360.608,5896.602648597874,5724.137303339286,5715.589864969246,5633.53759765625,5455.4921875,5535.4379980161075,5401.849907229974,5393.245,5166.992533333334,5393.245,5418.2290807943755
1506,1,6,5297.8795,5294.953697660195,5343.504821583068,5328.445376392857,5516.59912109375,5278.25,5217.423044883818,5169.510069821955,5126.7535,5142.235566666666,5126.7535,5149.772713314641
1506,2,6,5360.608,5438.448780073344,5414.874914810175,5391.307339207341,5517.2744140625,5279.572265625,5280.106465313828,5248.454101733626,5126.7535,5142.235566666666,5126.7535,5155.842139863424
1506,3,6,5183.661,5594.16236429613,5452.656727712358,5444.854441111111,5517.94970703125,5280.89501953125,5253.87737330765,5309.95727126653,5126.7535,5142.235566666666,5126.7535,5160.888102529765
1507,1,6,5360.608,5492.752706529298,5517.460085887004,5507.356659467262,5624.23388671875,5658.06494140625,5309.928884954508,5370.155633121903,5297.8795,5121.11205,5297.8795,5334.168559898681
1507,2,6,5183.661,5631.137976092792,5586.97957382252,5566.722337880952,5624.9091796875,5659.3876953125,5267.334287398338,5407.621844082959,5297.8795,5121.11205,5297.8795,5339.02997073117
1508,1,6,5183.661,5445.352088344892,5533.419870742262,5554.356373480159,5552.27294921875,5668.7529296875,5327.042289738177,5294.698952239611,5360.608,5089.230533333333,5360.608,5389.596352295137
1509,3,6,5064.216,5645.237291232418,5452.615368847024,5500.444669194445,5448.42333984375,5430.9912109375,5173.921542489592,5454.006308466109,5183.661,5062.026033333333,5183.661,5225.150528225368
1510,2,6,5064.216,5447.955979364243,5347.2927346751985,5387.591118270833,5476.6279296875,5451.2490234375,5108.81364493309,5295.992397542078,5183.661,5035.985566666666,5116.6255,5158.003707724143
1510,3,6,5244.336,5587.4199524875585,5415.451460431746,5453.415931668651,5477.302734375,5452.57177734375,5106.33905949455,5379.434306563058,5183.661,5035.985566666666,5116.6255,5164.373955382767
1511,1,6,5064.216,5012.957451214238,5007.086069938038,4968.120315858135,5267.0615234375,5142.47705078125,4815.79377653805,5113.626415497159,5183.661,5019.227616666667,4776.436,4818.142401555503
1511,2,6,5244.336,5219.85768019942,5082.598600079761,5063.774151386904,5267.73681640625,5143.7998046875,4795.922909988613,5233.302212274035,5183.661,5019.227616666667,4776.436,4827.327501582483
1511,3,6,5325.382,5383.869733997464,5152.2550277999,5134.028018473214,5268.412109375,5145.1220703125,4852.023483128002,5342.525781347341,5183.661,5019.227616666667,4776.436,4834.596859050655
1512,1,6,5244.336,5374.418279215964,5257.510894671769,5264.298477069445,5369.6640625,5442.18212890625,5048.037958535657,5129.315115485098,5064.216,5031.286916666666,5064.216,5100.746105564769
1512,2,6,5325.382,5497.356318748029,5349.661467833107,5352.997276871032,5370.33935546875,5443.5048828125,5005.4422977516815,5195.554297395087,5064.216,5031.286916666666,5064.216,5108.213809485146
1512,3,6,5091.4785,5632.945745485826,5398.368492264704,5421.368751257937,5371.0146484375,5444.8271484375,5081.419924547164,5294.629359050396,5064.216,5031.286916666666,5064.216,5115.120104005241
1513,1,6,5325.382,5475.789136471591,5458.49387714657,5417.217351796628,5440.05029296875,5584.59033203125,5175.587119330064,5388.467427956551,5244.336,5064.314216666667,5244.336,5278.762876377835
1513,2,6,5091.4785,5667.595468179486,5548.219082373881,5531.833225676587,5440.7255859375,5585.9130859375,5272.070677790388,5477.399005112924,5244.336,5064.314216666667,5244.336,5288.468969124402
1513,3,6,5224.596,5873.10139154265,5609.793175418524,5653.711584993056,5441.400390625,5587.2353515625,5157.529202900939,5639.577577506649,5244.336,5064.314216666667,5244.336,5300.37987477196
1514,1,6,5091.4785,5553.069984880983,5516.892832710515,5542.167127385912,5497.3740234375,5577.65087890625,5208.813970218391,5343.306321739245,5325.382,5104.975033333333,5325.382,5354.631932748831
1514,2,6,5224.596,5782.512586603198,5593.2501544838005,5622.433193078373,5498.04931640625,5578.9736328125,5134.270281648307,5426.6227092161425,5325.382,5104.975033333333,5325.382,5361.948245500244
1515,1,6,5224.596,5281.2703510950705,5312.620108257398,5322.91339392758,5513.48876953125,5503.23291015625,5081.869979024437,5067.748872547257,5091.4785,5136.666083333333,5091.4785,5129.9268123027005
1516,3,6,5352.672,5905.8364168846165,5643.486056089668,5646.820545923611,5493.5712890625,5556.6181640625,5196.044154081371,5534.0126154017435,5224.596,5159.904783333333,5224.596,5278.831334616968
1517,2,6,5352.672,5809.102318731941,5601.97325783998,5556.866326640873,5532.8349609375,5689.01171875,5190.2261445973645,5464.140889025153,5224.596,5178.998366666667,5261.53,5310.425085302388
1517,3,6,5486.9115,5954.789305904424,5674.315457108106,5685.028756561508,5533.509765625,5690.33447265625,5260.631271732118,5502.381707870696,5224.596,5178.998366666667,5261.53,5319.825833392099
1518,1,6,5352.672,5696.22505369341,5564.901659814286,5505.068194114087,5517.8369140625,5728.71533203125,5330.2296808352985,5356.671380018486,5224.596,5196.2595,5317.244000000001,5354.299615714258
1518,2,6,5486.9115,6035.999717131397,5656.621116431449,5629.9532668134925,5518.51220703125,5730.0380859375,5352.645141700086,5449.549004365039,5224.596,5196.2595,5317.244000000001,5364.773632222698
1518,3,6,5443.097,6213.641693685455,5737.290481124277,5757.940703600199,5519.1875,5731.36083984375,5327.636647353318,5479.2217396469405,5224.596,5196.2595,5317.244000000001,5373.960796651173
1519,1,6,5486.9115,5670.198636325342,5588.132531575198,5504.521009565476,5581.7275390625,5755.9521484375,5389.790497407729,5343.001337401293,5352.672,5222.9451500000005,5352.672,5385.7320096542935
1519,2,6,5443.097,6064.5964931336875,5706.772480891368,5629.85233896627,5582.40234375,5757.27490234375,5397.085139005334,5417.291220939497,5352.672,5222.9451500000005,5352.672,5395.796948679552
1519,3,6,5578.718,6197.806509749857,5780.1900873402155,5759.226378633928,5583.07763671875,5758.59765625,5379.044511729391,5466.8964098008055,5352.672,5222.9451500000005,5352.672,5405.545355248077
1520,1,6,5443.097,5764.440366221575,5720.816935289371,5650.318391794643,5597.5947265625,5813.4814453125,5459.024318043564,5677.1066822547655,5486.9115,5258.5962,5486.9115,5521.011250900439
1520,2,6,5578.718,6041.822277108296,5830.508860103883,5731.981499618056,5598.27001953125,5814.80419921875,5491.581646265362,5769.505915420781,5486.9115,5258.5962,5486.9115,5528.6335968415115
1520,3,6,5530.824,6257.036302396781,5897.311130116619,5856.574571970238,5598.9453125,5816.126953125,5454.683768966825,5839.100245114677,5486.9115,5258.5962,5486.9115,5538.539272691594
1521,1,6,5578.718,5726.360524256244,5697.267054790542,5598.132612311508,5468.8828125,5623.3583984375,5461.74503281108,5560.241628805271,5443.097,5286.335266666666,5443.097,5466.467205840327
1521,2,6,5530.824,6002.205358610648,5787.900440680721,5700.228163480158,5469.5576171875,5624.68115234375,5460.558049199849,5631.341433507722,5443.097,5286.335266666666,5443.097,5474.929935542832
1522,1,6,5530.824,5845.748069791405,5788.464074153968,5710.8736350555555,5525.041015625,5723.14208984375,5716.7653248754405,5714.239174242485,5578.718,5319.9021999999995,5578.718,5598.946684558438
1523,3,6,5825.355,5849.540569492056,5803.281991878439,5829.967921365079,5571.0634765625,5533.7978515625,5536.215096118248,5822.086577533687,5530.824,5346.285583333332,5530.824,5557.524130758015
1524,2,6,5825.355,5606.54108138651,5592.743325467956,5525.072898631945,5437.4599609375,5160.58349609375,5230.139283755901,5382.389753955962,5530.824,5362.82085,5270.828,5283.795278798606
1524,3,6,5653.3575,5648.417894161974,5640.505820228241,5628.467205362103,5438.13525390625,5161.90625,5209.685038301055,5423.325805382309,5530.824,5362.82085,5270.828,5291.631926386373
1525,1,6,5825.355,5637.131972034266,5655.426957736905,5654.0676089375,5498.59619140625,5288.53955078125,5494.7967451454,5743.756398330851,5530.824,5382.111383333334,5499.724,5503.416324900571
1525,2,6,5653.3575,5870.060496508182,5742.259750332611,5743.643459570437,5499.271484375,5289.8623046875,5501.221356517018,5831.121729383867,5530.824,5382.111383333334,5499.724,5511.439939165583
1525,3,6,5589.633,5950.15025743281,5810.896757051823,5823.737963931548,5499.94677734375,5291.18505859375,5490.559639720097,5890.059880850372,5530.824,5382.111383333334,5499.724,5518.170001168508
1526,1,6,5653.3575,5834.910646703474,5896.165822942708,5846.349851483134,5673.8603515625,5483.37890625,5821.720962502849,5826.102742155967,5825.355,5402.1245499999995,5825.355,5806.986501915753
1526,2,6,5589.633,5897.005710932751,5920.1223232864295,5872.910051270833,5674.53515625,5484.70166015625,5840.543180085086,5821.750254005303,5825.355,5402.1245499999995,5825.355,5808.705737318861
1526,3,6,5364.594,5970.044735596971,5948.364168793969,5898.992639249999,5675.21044921875,5486.0244140625,5831.425926296688,5861.6651481956105,5825.355,5402.1245499999995,5825.355,5811.437660523209
1527,1,6,5589.633,5703.94607334044,5736.819356604166,5705.699653223214,5543.837890625,5170.49755859375,5648.881349962989,5825.856641516904,5653.3575,5410.354733333333,5653.3575,5632.956967930809
1527,2,6,5364.594,5895.255287004314,5772.14676533631,5711.00306884623,5544.513671875,5171.8203125,5691.799987353939,5896.124070764155,5653.3575,5410.354733333333,5653.3575,5635.039244968532
1527,3,6,5031.045,5972.202123620045,5801.108534488096,5731.248032953373,5545.1884765625,5173.14306640625,5677.201338265686,5909.185439582586,5653.3575,5410.354733333333,5653.3575,5636.754183494348
1528,1,6,5364.594,5571.779305428589,5592.878953149801,5629.063484436508,5582.6279296875,5291.1826171875,5577.296805068345,5801.0167891709625,5589.633,5408.680833333334,5589.633,5579.959747726659
1528,2,6,5031.045,5624.796188124024,5612.6218949365075,5631.094924742063,5583.302734375,5292.5048828125,5560.852554963768,5846.763865867957,5589.633,5408.680833333334,5589.633,5581.248646162983
1529,1,6,5031.045,5375.306739379601,5343.140297203373,5372.583501188492,5427.33154296875,4973.1240234375,5337.199058939007,5037.779660904768,5364.594,5396.903716666667,5364.594,5334.78438475583
1530,3,6,4395.052,5213.502490015418,5064.509951776191,5140.986074988095,5238.8447265625,4742.6318359375,4932.924680581388,4878.960822895569,5031.045,5365.228016666666,5031.045,5018.012956870689
1531,2,6,4395.052,5061.097552431237,4947.565589342207,4975.719468536706,5107.16650390625,4654.919921875,4785.636051889652,4852.722639234829,5031.045,5335.631516666666,4854.8775,4851.210637050818
1531,3,6,4303.788,5174.321764961853,4975.37107467068,5000.078581675595,5107.841796875,4656.24267578125,4768.75908758061,4914.703886101671,5031.045,5335.631516666666,4854.8775,4854.349748992002
1532,1,6,4395.052,4820.006724600969,4731.277264851822,4697.935573805556,4886.80615234375,4363.7587890625,4654.9650681271605,4718.92579407883,5031.045,5303.337916666667,4646.34,4635.109772845904
1532,2,6,4303.788,4937.052197248838,4759.434334003608,4745.788787265873,4887.4814453125,4365.0810546875,4670.689337066262,4754.90118595936,5031.045,5303.337916666667,4646.34,4639.17943698398
1532,3,6,4678.18,4992.571559248644,4780.574995631584,4773.423037231151,4888.15625,4366.40380859375,4642.000982452205,4792.413070195187,5031.045,5303.337916666667,4646.34,4641.956653130391
1533,1,6,4303.788,4533.916442783908,4497.501644535417,4443.725486791666,4668.5107421875,4186.46484375,4407.314527017635,4431.482157289613,4395.052,5259.19885,4395.052,4387.053764243874
1533,2,6,4678.18,4714.712862041998,4547.032646765377,4478.9453743908725,4669.185546875,4187.7880859375,4419.902401498473,4458.054401932125,4395.052,5259.19885,4395.052,4390.071490179734
1533,3,6,4510.139,4751.174271276611,4567.4537961262895,4508.846277675595,4669.861328125,4189.1103515625,4412.0962578490835,4514.252166881092,4395.052,5259.19885,4395.052,4393.438352675811
1534,1,6,4678.18,4487.411107655641,4471.940992320767,4427.42048775496,4530.81982421875,4128.50390625,4350.968619027126,4440.91437716951,4303.788,5220.36025,4303.788,4305.0156571594025
1534,2,6,4510.139,4679.274226010559,4531.227347059656,4511.841245324405,4531.4951171875,4129.8271484375,4341.774113324839,4528.711223289871,4303.788,5220.36025,4303.788,4312.710703589247
1534,3,6,4242.63,4726.709660270299,4576.652192876124,4559.238344720237,4532.169921875,4131.1494140625,4381.3496091179,4576.168290595863,4303.788,5220.36025,4303.788,4317.021196299319
1535,1,6,4510.139,4573.7092219072065,4756.431211583829,4751.844311602183,4837.7509765625,4635.8388671875,4730.26823048682,4592.933711191712,4678.18,5196.52475,4678.18,4678.563086716045
1535,2,6,4242.63,4778.100236138792,4779.039905080854,4807.0143168730165,4838.42578125,4637.162109375,4774.2611876299625,4595.738895691396,4678.18,5196.52475,4678.18,4682.331299076946
1536,1,6,4242.63,4544.737558297448,4584.640810487004,4577.382917131945,4722.115234375,4325.43212890625,4605.47689652519,4512.342771789243,4510.139,5175.970933333333,4510.139,4503.934146740033
1537,3,6,4556.028,4753.4363266522605,4448.129529255357,4443.062123011905,4613.3720703125,4301.75732421875,4395.470864405679,4454.213159191868,4242.63,5140.79595,4242.63,4264.209475027942
1538,2,6,4556.028,4846.536088970112,4608.452538087599,4546.259763185516,4659.158203125,4325.0419921875,4573.494656394527,4565.807608814741,4242.63,5108.36865,4387.789,4398.775087552309
1539,1,6,4556.028,4663.1530084965925,4564.585202613261,4529.22009585119,4665.3193359375,4329.99658203125,4545.855757332171,4566.449170677762,4242.63,5083.023283333333,4423.3,4428.244107735042
1539,3,6,4867.041,5040.024887425783,4650.445040514484,4680.720141284723,4666.669921875,4332.6416015625,4603.405735397536,4677.732905577723,4242.63,5083.023283333333,4423.3,4440.977707085563
1540,2,6,4867.041,4880.350168958419,4777.678267797851,4728.7047476091275,4744.6884765625,4606.98046875,4736.565528508875,4619.881177490473,4556.028,5064.3367,4556.028,4571.826690408679
1540,3,6,4504.164,4978.108860494931,4821.655966568386,4783.5818451527775,4745.36328125,4608.30322265625,4768.53426406513,4655.718491147631,4556.028,5064.3367,4556.028,4576.354709745178
1541,1,6,4867.041,4751.757288940127,4789.988074833929,4777.674606672619,4757.2001953125,4622.1708984375,4826.376099046172,4661.890875932618,4556.028,5060.996166666666,4676.22,4679.425281312905
1541,2,6,4504.164,4879.091317472808,4835.056209145437,4838.016317678572,4757.875,4623.4931640625,4870.891037704977,4702.358479487076,4556.028,5060.996166666666,4676.22,4684.421594943698
1541,3,6,4610.9085,4942.8184010736995,4895.7450167472225,4892.791785768849,4758.55029296875,4624.81591796875,4880.054289876806,4732.5173964162595,4556.028,5060.996166666666,4676.22,4688.809006930562
1542,1,6,4504.164,4664.531153249841,4850.578887589286,4947.107991382937,4890.638671875,4711.982421875,5028.935564884965,4787.8425971467905,4867.041,5054.423666666667,4867.041,4861.472547399328
1542,2,6,4610.9085,4745.813419641051,4842.090801794643,5007.939062255952,4891.3134765625,4713.30517578125,5070.547709466308,4773.9174227013245,4867.041,5054.423666666667,4867.041,4865.218159521851
1543,1,6,4610.9085,4604.513347985521,4595.786549242857,4600.487521512897,4652.462890625,4175.3359375,4642.228489875409,4558.368959873023,4504.164,5029.751266666667,4504.164,4492.766587475742
1544,3,6,4375.0395,5062.01047357267,4787.615918334766,4838.3290106031745,4772.93017578125,4487.9599609375,4816.892281230945,4634.269211422964,4610.9085,5005.935483333334,4610.9085,4619.298421983205
1545,2,6,4375.0395,4874.272528202238,4842.8132279041,4836.108425150793,4864.728515625,4609.6328125,4887.700030509025,4673.380777535799,4610.9085,4993.5419,4719.670999999999,4719.870966671932
1545,3,6,4528.28,4929.946457914887,4885.147971054993,4903.799879074404,4865.4033203125,4610.955078125,4934.5921873728375,4704.273117415394,4610.9085,4993.5419,4719.670999999999,4725.124439426682
1546,1,6,4375.0395,4610.052958960409,4590.5471759175925,4573.871104782738,4741.59765625,4379.1533203125,4639.0829153549,4547.590397126196,4610.9085,4969.10805,4491.5805,4491.8111971594935
1546,2,6,4528.28,4771.065282854687,4611.778645687831,4626.082289518849,4742.2724609375,4380.47607421875,4672.651893121311,4629.397188194085,4610.9085,4969.10805,4491.5805,4497.248242269554
1546,3,6,4815.2225,4889.0157682560575,4655.334501598644,4691.6713509841275,4742.94775390625,4381.798828125,4712.715039310433,4689.956304391509,4610.9085,4969.10805,4491.5805,4503.0632918004385
1547,1,6,4528.28,4464.079971901699,4478.473495137632,4512.214645220238,4612.16845703125,4307.83642578125,4501.9041963977625,4650.6942102737485,4375.0395,4939.558366666666,4375.0395,4386.671372992797
1547,2,6,4815.2225,4634.410893285915,4505.836173113029,4591.762333623015,4612.84375,4309.1591796875,4558.352287509035,4701.381550926987,4375.0395,4939.558366666666,4375.0395,4393.170899597835
1547,3,6,5113.476,4716.604265408329,4545.200693055489,4666.084845143849,4613.5185546875,4310.4814453125,4588.963994361769,4785.178137204314,4375.0395,4939.558366666666,4375.0395,4400.107921564056
1548,1,6,4815.2225,4528.442338706916,4650.141027331415,4654.153899747023,4732.5595703125,4565.06103515625,4710.7598574209505,4675.135928277201,4528.28,4913.259566666666,4528.28,4542.1415607936715
1548,2,6,5113.476,4718.124633368652,4705.458399468481,4732.340844282738,4733.234375,4566.3837890625,4738.190207267402,4753.246677125255,4528.28,4913.259566666666,4528.28,4549.198463070664
1548,3,6,5402.25,4846.484376860132,4753.052080267658,4837.366294680555,4733.91015625,4567.7060546875,4802.444990278994,4839.000739243186,4528.28,4913.259566666666,4528.28,4558.199336758722
1549,1,6,5113.476,4831.970258400875,4985.999344780357,4972.642424909722,4932.5478515625,4982.5390625,5012.46575999433,4879.7136414194565,4815.2225,4895.3445833333335,4815.2225,4836.759330548884
1549,2,6,5402.25,5028.047939449396,5047.923232097845,5077.5017342638885,4933.22265625,4983.8623046875,5050.995077237658,5014.360850704536,4815.2225,4895.3445833333335,4815.2225,4846.902518825294
1550,1,6,5402.25,5074.195690544148,5248.422442904265,5250.953804104166,5113.9736328125,5168.98876953125,5279.112729388505,5061.511765102885,5113.476,4882.896733333333,5113.476,5124.493498409073
1553,3,6,6279.936,5621.071937901919,5499.357870835318,5551.071375117063,5395.8046875,5247.85595703125,5372.532207785768,5509.2205937552835,5402.25,4869.8131,5266.8,5290.103962591583
1554,2,6,6279.936,5838.951950303413,5811.147991518282,5846.328796836309,5572.85400390625,5583.748046875,5691.417547059182,5725.211150506911,5402.25,4880.997833333333,5606.37,5623.6346243582675
1554,3,6,6438.7775,5987.271372014199,5891.416712594246,5957.5119806249995,5573.529296875,5585.07080078125,5677.1125837140025,5820.121380843709,5402.25,4880.997833333333,5606.37,5633.256143809396
1555,1,6,6279.936,6012.064479814266,6237.414633247052,6307.258462561507,5904.6064453125,6071.1474609375,6235.211467344119,5891.661651362932,5402.25,4902.528699999999,6145.65,6145.97366699211
1555,2,6,6438.7775,6105.3816021273715,6287.60781870598,6360.074720921627,5905.2822265625,6072.47021484375,6293.188673962669,5901.97182886075,5402.25,4902.528699999999,6145.65,6149.764181690193
1555,3,6,6501.193,6185.464223795275,6329.50742375744,6430.775784758928,5905.95703125,6073.79296875,6291.099137299306,5931.041987491774,5402.25,4902.528699999999,6145.65,6155.1724857640875
1556,1,6,6438.7775,6299.050847500696,6400.613853802777,6380.0379744623015,6183.01953125,6391.35693359375,6349.692282994292,6229.488997169587,6279.936,4917.6814,6279.936,6291.7645119580375
1556,2,6,6501.193,6300.622777510539,6438.435199026417,6413.565864970238,6183.69482421875,6392.6796875,6380.2209191236025,6259.649019178947,6279.936,4917.6814,6279.936,6294.755637927839
1557,1,6,6501.193,6394.656987158443,6332.368559781676,6430.629463626984,6317.361328125,6496.93701171875,6462.909843535811,6345.8427026051395,6438.7775,4943.862066666667,6438.7775,6439.41166937614
1558,3,6,6382.565,6513.590923080756,6243.290501969842,6386.8345611388895,6384.32666015625,6451.9609375,6478.741529034864,6568.102692019232,6501.193,4974.247399999999,6501.193,6492.410336721725
1559,2,6,6382.565,6442.241014584903,6313.184988427664,6435.041312498016,6473.10888671875,6613.43115234375,6590.543135763825,6519.908555158282,6501.193,5014.489766666667,6571.865,6564.050505377141
1559,3,6,6705.09,6397.850894949354,6288.65309032859,6407.763232501984,6473.7841796875,6614.75390625,6558.141825989202,6523.302664883955,6501.193,5014.489766666667,6571.865,6562.4143969844745
1560,1,6,6382.565,6207.034696315968,6238.274796806846,6402.0024007569455,6356.65380859375,6475.0068359375,6444.3206819977195,6399.525773755269,6501.193,5061.685833333333,6446.927000000001,6444.47971666075
1560,2,6,6705.09,6324.050367541254,6154.841717442263,6373.750517373016,6357.3291015625,6476.32958984375,6397.648971873113,6424.710844860329,6501.193,5061.685833333333,6446.927000000001,6443.293567354559
1560,3,6,7044.21,6285.15082951836,6115.090961874935,6372.671883854167,6358.00390625,6477.65234375,6400.596270443578,6455.5414973475945,6501.193,5061.685833333333,6446.927000000001,6444.026298026002
1561,1,6,6705.09,6325.9972209988355,6395.371711654431,6350.633303760912,6356.4892578125,6536.79931640625,6364.747852006644,6281.695286794998,6382.565,5112.608749999999,6382.565,6387.00206214117
1561,2,6,7044.21,6396.981340696659,6407.395729440145,6329.436521803571,6357.16455078125,6538.1220703125,6336.33061301033,6306.000557724772,6382.565,5112.608749999999,6382.565,6386.258797310215
1561,3,6,7500.869,6436.188238293531,6425.021453671055,6311.870475970238,6357.83984375,6539.44482421875,6350.890582127338,6333.667481092669,6382.565,5112.608749999999,6382.565,6385.833417740802
1562,1,6,7044.21,6525.109844493265,6514.877135903879,6606.811784928572,6570.8134765625,6908.8642578125,6681.92115044139,6394.283256037864,6705.09,5181.233749999999,6705.09,6703.078868368805
1562,2,6,7500.869,6537.400673715929,6394.104343759534,6527.628381295635,6571.48876953125,6910.18701171875,6705.822486604944,6435.937890260838,6705.09,5181.233749999999,6705.09,6698.934133479315
1562,3,6,7653.247,6476.156796597149,6344.869813325803,6501.61443524008,6572.1640625,6911.509765625,6691.811626858236,6434.322802774175,6705.09,5181.233749999999,6705.09,6697.262954148324
1563,1,6,7500.869,6775.961555918587,6829.804545702237,6913.516676106151,6828.578125,7128.169921875,7072.865656716481,6889.050859516675,7044.21,5269.539016666667,7044.21,7036.814580952458
1563,2,6,7653.247,6669.752460852903,6725.4099627740625,6854.614664390873,6829.25341796875,7129.4921875,7069.097509212397,6906.467813942357,7044.21,5269.539016666667,7044.21,7033.43097451485
1564,1,6,7653.247,7341.8868201226915,7245.044576349202,7274.098951673611,7214.43994140625,7452.76318359375,7504.076645067892,7073.892166595095,7500.869,5376.108383333334,7500.869,7473.115526670615
1565,3,6,7740.79,6976.235426828399,7154.356865069388,7374.996063023809,7428.341796875,7558.6962890625,7620.291832047946,7425.193704911899,7653.247,5475.277283333333,7653.247,7624.11766971378
1566,2,6,7740.79,7320.5243783230235,7188.194818293594,7360.417153891865,7474.484375,7498.607421875,7600.714739929018,7262.277685864765,7653.247,5578.723816666667,7613.535,7581.973717050915
1566,3,6,7516.704,7106.993485355922,7141.421101646769,7328.377985073413,7475.15966796875,7499.9296875,7580.129378489239,7240.782253732889,7653.247,5578.723816666667,7613.535,7579.437663466913
1567,1,6,7740.79,7296.458893154951,7234.202836793892,7387.26897440377,7426.02880859375,7316.4404296875,7542.481286723869,7325.640010931525,7653.247,5690.322033333333,7590.5765,7555.122425149177
1567,2,6,7516.704,7084.302336281068,7110.4604462155185,7318.424463919643,7426.7041015625,7317.76318359375,7531.659182613122,7236.450806543892,7653.247,5690.322033333333,7590.5765,7548.571087937789
1567,3,6,7006.192,6842.559316426705,7036.967145286948,7282.674431025794,7427.37939453125,7319.0859375,7511.721892400125,7197.022635370293,7653.247,5690.322033333333,7590.5765,7545.368243154372
1568,1,6,7516.704,7519.4234212209985,7415.380388506994,7590.32545977877,7477.9423828125,7422.9521484375,7655.226491966673,7250.620778446738,7740.79,5802.088733333333,7740.79,7700.970397181277
1568,2,6,7006.192,7389.6556174660545,7327.064257559219,7540.742961802579,7478.6171875,7424.27490234375,7649.138057835474,7164.197712236526,7740.79,5802.088733333333,7740.79,7695.750129218125
1568,3,6,6932.16,7268.975602259732,7276.96412384543,7500.041444668651,7479.29248046875,7425.59765625,7635.306531155701,7121.092831072686,7740.79,5802.088733333333,7740.79,7692.135173665088
1569,1,6,7006.192,7258.650261867022,7256.589002469305,7399.597619952711,7392.72998046875,7318.28759765625,7399.606233904644,7053.944941235574,7516.704,5905.2022,7516.704,7486.625485160888
1569,2,6,6932.16,7149.779413866028,7166.272613567024,7332.634297316798,7393.4052734375,7319.6103515625,7369.676487457111,7030.828517463662,7516.704,5905.2022,7516.704,7481.7561416662065
1569,3,6,6812.6705,7037.17309443574,7116.7502355005545,7285.875632150132,7394.080078125,7320.9326171875,7359.051823252086,6998.830809975143,7516.704,5905.2022,7516.704,7478.005074396653
1570,1,7,6932.16,7254.118584145773,7155.667380561404,7029.126026784061,7046.2060546875,6800.673828125,7007.492877698537,7079.486934077261,7006.192,5986.874333333334,7006.192,7010.209809364903
1570,2,7,6812.6705,7191.818531611166,7155.189434174848,6996.003972075728,7046.2060546875,6801.29345703125,7004.738334833661,7064.781992873195,7006.192,5986.874333333334,7006.192,7004.395821442551
1571,1,7,6812.6705,7190.773470762038,7163.968554044841,6907.251059176257,6875.5517578125,6622.5791015625,6903.191230186909,7139.133132758098,6932.16,6062.0723333333335,6932.16,6927.439422798709
1572,3,7,6363.524,6599.818570226105,6765.251579720905,6529.00986975496,6691.9326171875,6454.4365234375,6680.448629449197,6874.937073652505,6812.6705,6126.92665,6812.6705,6761.472397129593
1573,2,7,6363.524,6398.518166092845,6700.749470406254,6409.9993384742065,6570.84912109375,6363.5546875,6504.588499859943,6846.263018096451,6812.6705,6199.838433333333,6691.5175,6639.984835452299
1573,3,7,6219.892,6341.632065603246,6713.7370472422335,6349.347511761905,6570.84912109375,6364.17431640625,6442.0165361540685,6880.430513880711,6812.6705,6199.838433333333,6691.5175,6628.593635470638
1574,1,7,6363.524,6397.903570815769,6552.517439135417,6408.399931076389,6388.400390625,6196.3681640625,6403.6593553516395,6231.271280693804,6812.6705,6265.632416666666,6584.728,6551.622198653744
1574,2,7,6219.892,6374.771363378483,6541.147102995535,6344.330258354166,6388.400390625,6196.98779296875,6354.33585591825,6243.003921277114,6812.6705,6265.632416666666,6584.728,6539.806272847394
1574,3,7,6203.198,6368.603238812458,6528.965539341435,6281.081121319445,6388.400390625,6197.607421875,6283.76235068925,6273.457523811193,6812.6705,6265.632416666666,6584.728,6527.858357003702
1575,1,7,6219.892,5904.869281562605,6239.316923244047,6208.069717260582,6239.5068359375,6070.69775390625,6226.503449568497,6293.973644164786,6363.524,6320.427516666667,6363.524,6334.63006245018
1575,2,7,6203.198,5809.489201557586,6198.08176070734,6146.8079479084,6239.5068359375,6071.3173828125,6216.22260365427,6282.130987973884,6363.524,6320.427516666667,6363.524,6323.809500082924
1576,1,7,6203.198,5767.29154356623,5999.354828156955,6036.366056096891,6277.3759765625,6172.1611328125,6251.267233292487,6171.380379625707,6219.892,6378.037899999999,6219.892,6188.281132343112
1579,3,7,6523.065,5902.262243063412,5825.9949159631715,6087.22959098611,6270.6640625,6219.94482421875,6229.9475173193,6228.002710177449,6203.198,6547.887133333334,6361.076999999999,6311.605010933993
1580,2,7,6523.065,6111.5820933455225,6222.727706470235,6332.335965098875,6386.54833984375,6429.60498046875,6478.1505582782975,6156.974573732,6203.198,6596.644433333334,6576.195,6532.383018892928
1580,3,7,6579.5985,6087.226790318477,6216.693148867257,6315.791068709987,6386.54833984375,6430.224609375,6394.682194667604,6165.813291572389,6203.198,6596.644433333334,6576.195,6528.4159549361
1581,1,7,6523.065,6138.166763385433,6228.570031607803,6366.48156296594,6309.95947265625,6339.5224609375,6367.804066522154,6268.343344018771,6203.198,6632.9664,6491.909000000001,6468.4206359842
1581,2,7,6579.5985,6186.287515378172,6228.488091052742,6336.009585800265,6309.95947265625,6340.14208984375,6204.954477554669,6317.95531680176,6203.198,6632.9664,6491.909000000001,6460.996118992681
1581,3,7,6713.948,6308.022687907532,6229.829476383099,6321.390455553241,6309.95947265625,6340.76171875,6217.573312971158,6449.899807223689,6203.198,6632.9664,6491.909000000001,6458.609115826245
1582,1,7,6579.5985,6354.831269813745,6366.02554468122,6369.855838113094,6386.55859375,6556.181640625,6420.320633595676,6462.405542572021,6523.065,6667.3659,6523.065,6495.00653098083
1582,2,7,6713.948,6291.048625720561,6360.594111064649,6304.438857580357,6386.55859375,6556.80126953125,6415.7237133581975,6463.1886106902175,6523.065,6667.3659,6523.065,6483.534662653271
1582,3,7,6834.714,6285.062103922787,6359.593597763062,6265.415135396825,6386.55859375,6557.4208984375,6382.705804480917,6490.5441867845875,6523.065,6667.3659,6523.065,6476.299258128512
1583,1,7,6713.948,6372.926225074894,6449.367298697735,6420.7057277209,6507.9677734375,6664.154296875,6506.31341860962,6422.457806983735,6579.5985,6711.125849999999,6579.5985,6550.929921717919
1583,2,7,6834.714,6332.257174981463,6446.522534184839,6360.185858666336,6507.9677734375,6664.77392578125,6482.731212363263,6433.744316821353,6579.5985,6711.125849999999,6579.5985,6540.066566968305
1583,3,7,6907.1275,6313.800408559946,6438.365995533052,6329.906715760581,6507.9677734375,6665.39306640625,6428.008415668184,6444.390352776906,6579.5985,6711.125849999999,6579.5985,6534.075675404061
1584,1,7,6834.714,6441.169421723638,6649.6063638976375,6614.03918377877,6657.2431640625,6817.3525390625,6695.216312419284,6834.71159969054,6713.948,6748.045116666666,6713.948,6696.2758311816315
1584,2,7,6907.1275,6402.202060418401,6633.253964656567,6574.134337505952,6657.2431640625,6817.97216796875,6591.733834194051,6855.825832482262,6713.948,6748.045116666666,6713.948,6687.974361401884
1585,1,7,6907.1275,6693.211043707534,6812.1535939450705,6760.825661961309,6703.19384765625,6824.56884765625,6777.043459306574,7134.601381296758,6834.714,6771.013916666667,6834.714,6821.07708015559
1586,3,7,7054.74,6893.930684325423,6806.423789388941,6623.060282060184,6733.3359375,6827.9814453125,6742.151196000862,7089.400276445086,6907.1275,6791.9203,6907.1275,6855.434373784762
1587,2,7,7054.74,6933.7519933281155,6955.307280757652,6751.526410371694,6738.50732421875,6738.85302734375,6750.571936205999,7192.366272256777,6907.1275,6809.171266666667,6956.306500000001,6917.917723504941
1587,3,7,7117.584,6925.956816804031,6923.472491826767,6693.99416916336,6738.50732421875,6739.47265625,6739.9294755073215,7206.74142032412,6907.1275,6809.171266666667,6956.306500000001,6907.743115619888
1588,1,7,7054.74,7080.305849521239,6971.489520783169,6896.505545128968,6706.6005859375,6686.34375,7000.223370907729,7208.281005544566,6907.1275,6827.809466666667,7060.339,7030.979005726251
1588,2,7,7117.584,7019.829631484258,6959.971198565159,6836.421725681547,6706.6005859375,6686.962890625,6950.612408126093,7205.2084887332085,6907.1275,6827.809466666667,7060.339,7019.854711804165
1588,3,7,7156.158,7031.880408220563,6931.993010189168,6797.774501194444,6706.6005859375,6687.58251953125,6969.1141339960395,7212.398965532312,6907.1275,6827.809466666667,7060.339,7013.352045924331
1589,1,7,7117.584,7002.500884545817,7011.134435034225,6908.007391157738,6817.29833984375,6881.65478515625,6979.919209267067,7181.958725917219,7054.74,6843.9053,7054.74,7028.172944794985
1589,2,7,7156.158,6940.877175210365,6995.8085549402285,6853.490510599207,6817.29833984375,6882.27392578125,6947.616555912575,7146.900535568939,7054.74,6843.9053,7054.74,7018.243935118972
1589,3,7,7491.095,6922.420408788847,6954.304068647569,6807.982777471229,6817.29833984375,6882.8935546875,6918.594452172901,7120.040011113889,7054.74,6843.9053,7054.74,7009.92909566908
1590,1,7,7156.158,7108.994942490214,7057.2849939628,6991.0040445714285,6907.6484375,6968.44189453125,7042.696229187374,7192.732712805724,7117.584,6866.260533333334,7117.584,7094.531817900232
1590,2,7,7491.095,7077.055747881297,7043.582171549854,6921.286468733135,6907.6484375,6969.0615234375,7036.964116737818,7149.5223828058315,7117.584,6866.260533333334,7117.584,7082.294989222737
1591,1,7,7491.095,7084.39894231082,7113.797700148242,7035.22871759127,6911.234375,6922.01708984375,7140.567295650711,7171.248516179447,7156.158,6892.046966666667,7156.158,7134.859364422923
1593,3,7,6668.494,7185.966487331341,7191.314873992853,7208.247179905093,7151.1826171875,7171.3876953125,7407.226879583476,7479.7881283254,7491.095,6936.552716666667,7593.3775,7523.779207261706
1594,2,7,6668.494,6939.426378522251,6962.302295716794,6780.537415946924,6896.8076171875,6801.85498046875,6783.277753807787,7309.836391878771,7491.095,6919.7654999999995,6997.2525,6956.674907875333
1595,1,7,6668.494,6716.07450291335,6857.550268930151,6691.120588457342,6742.5087890625,6669.95166015625,6716.226907191971,7255.980322537278,7491.095,6892.439766666666,6833.475,6807.1224126862435
1595,3,7,7346.38,6619.968521204524,6833.888123843653,6612.788648035715,6742.5087890625,6671.19091796875,6622.916945443652,7234.624322358058,7491.095,6892.439766666666,6833.475,6792.248836540887
1596,2,7,7346.38,6265.494256414942,6449.555605619646,6434.637320260912,6397.458984375,6351.02490234375,6558.71397038646,6450.368942195899,6668.494,6860.9384,6668.494,6626.27503640923
1596,3,7,7239.595,6267.7399131797365,6431.4313791937175,6403.416270030753,6397.458984375,6351.64453125,6504.369221685401,6427.007501268161,6668.494,6860.9384,6668.494,6620.124718794485
1597,1,7,7346.38,6859.97471148615,6820.121940110017,6897.381508595237,6673.50146484375,6726.8603515625,6973.843340814755,7146.686556237862,6668.494,6844.291883333334,7091.181,7055.85237815669
1597,2,7,7239.595,6822.591372695501,6820.719079041567,6840.47785850992,6673.50146484375,6727.47998046875,7017.498254327205,7112.834451561433,6668.494,6844.291883333334,7091.181,7046.490453100637
1597,3,7,6732.9625,6855.506240760506,6792.060195170206,6765.689880770833,6673.50146484375,6728.099609375,6913.579429126037,7143.309158505793,6668.494,6844.291883333334,7091.181,7032.09778106556
1598,1,7,7239.595,7135.187039138855,7140.940897108135,7242.189363746032,7011.1962890625,7128.17919921875,7402.375451534502,7595.97573815566,7346.38,6831.144883333333,7346.38,7328.928382792803
1598,2,7,6732.9625,7101.163957506642,7147.359181803028,7209.768262410715,7011.1962890625,7128.798828125,7406.579665508579,7604.683854389608,7346.38,6831.144883333333,7346.38,7323.326779338331
1599,1,7,6732.9625,7111.221557651681,7063.575873591272,7089.14312180258,6885.43408203125,6877.1298828125,7169.646039625963,7313.007409622089,7239.595,6821.907916666667,7239.595,7212.442176564323
1600,3,7,6688.5,6297.999093236623,6635.625679794806,6425.9488685704355,6543.73583984375,6399.7451171875,6374.938536947015,6850.242482558235,6732.9625,6812.800266666667,6732.9625,6674.766739348759
1601,2,7,6688.5,6583.319291582834,6726.660018292666,6649.674338161706,6622.45263671875,6560.24755859375,6737.4106158276845,7148.309003977235,6732.9625,6809.048766666666,6819.615,6788.903573380483
1601,3,7,6847.812,6567.420342603594,6713.4847399109185,6626.949378099206,6622.45263671875,6560.8671875,6654.712599442135,7147.0713852466115,6732.9625,6809.048766666666,6819.615,6783.868337760188
1602,1,7,6688.5,6285.456604706406,6648.552183708691,6592.420030679564,6493.529296875,6438.74267578125,6310.823608358633,6510.333932128799,6732.9625,6805.147916666667,6695.645,6672.654320415059
1602,2,7,6847.812,6288.107111749687,6641.790219184031,6535.770127419643,6493.529296875,6439.3623046875,6460.453211949366,6527.41342686892,6732.9625,6805.147916666667,6695.645,6664.708782717823
1602,3,7,7159.636,6297.132242319017,6624.5540762313185,6514.075744103175,6493.529296875,6439.98193359375,6370.384957917092,6534.464990537748,6732.9625,6805.147916666667,6695.645,6659.757909809423
1603,1,7,6847.812,6344.720297899295,6562.846409102539,6604.498851732143,6607.685546875,6671.513671875,6673.471249606927,6600.1492835218,6688.5,6805.047333333334,6688.5,6673.650954863294
1603,2,7,7159.636,6297.640998162416,6551.222385581846,6569.921341135912,6607.685546875,6672.13330078125,6657.799013822335,6540.369995434669,6688.5,6805.047333333334,6688.5,6667.415801362814
1604,1,7,7159.636,6687.59947541531,6942.936601515037,6768.661722606151,6718.92138671875,6814.54248046875,6713.341614383917,7376.209231264578,6847.812,6813.8168,6847.812,6832.262731046211
1604,3,7,7167.8355,6753.3630522172,6938.482449190971,6722.162580516865,6718.92138671875,6815.78125,6764.213171249626,7424.404030276444,6847.812,6813.8168,6847.812,6824.809367519267
1605,2,7,7167.8355,7095.148698915005,7087.344186777283,7019.3096916458335,6900.97412109375,6985.591796875,6885.108500198714,7362.682068448984,7159.636,6840.353866666666,7159.636,7131.600832618164
1606,1,7,7167.8355,7177.711087140722,7251.5309689238375,7152.518612773809,6955.49951171875,6969.9541015625,7285.642562417465,7464.537636209804,7159.636,6876.4636666666665,7303.186,7276.6741065464275
1607,3,7,7396.9125,7052.309201425275,7163.759036791075,6916.1931330882935,6878.8486328125,6862.8466796875,6977.259636589739,7194.81133967869,7167.8355,6908.6182499999995,7167.8355,7121.46761262665
1608,2,7,7396.9125,7147.896906794076,7311.933730824009,7067.774804929563,6939.76220703125,6921.234375,7084.846406936693,7592.48264239153,7167.8355,6943.12835,7285.047,7244.550559296499
1608,3,7,7458.858,7131.997957814836,7320.761739012502,7011.7257086875,6939.76220703125,6921.853515625,7073.377258985791,7546.753917021211,7167.8355,6943.12835,7285.047,7234.623990511594
1609,1,7,7396.9125,7206.593684316477,7272.779924531672,7209.8523248452375,7042.4736328125,7099.7197265625,7112.1785062661365,7729.3933784556875,7167.8355,6977.2366,7384.3245,7350.363234691903
1609,2,7,7458.858,7141.8930883740395,7272.079400111534,7149.517281357143,7042.4736328125,7100.33935546875,7115.947607865559,7688.244813403768,7167.8355,6977.2366,7384.3245,7339.886258065798
1610,1,7,7458.858,7258.427218915862,7288.825885495957,7226.857098904762,7136.0126953125,7233.49169921875,7262.333933355594,7417.770245657603,7396.9125,7004.59385,7396.9125,7365.502935565646
1610,3,7,7379.426,7162.699747231646,7288.64204861947,7109.2950773561515,7136.0126953125,7234.73095703125,7150.235034570302,7372.422227232548,7396.9125,7004.59385,7396.9125,7343.542185748727
1611,2,7,7379.426,7297.532153756383,7370.010342642607,7277.990680762897,7192.62109375,7278.86376953125,7299.818639694101,7429.045822754628,7458.858,7036.825483333334,7458.858,7425.245528437059
1611,3,7,6900.1875,7210.50508267334,7375.87391879241,7206.428843001984,7192.62109375,7279.4833984375,7169.02585335172,7393.774068952725,7458.858,7036.825483333334,7458.858,7411.06772033038
1612,1,7,7379.426,7392.487927332301,7412.9468811086335,7705.692890228504,7474.68896484375,7575.42578125,7845.238748729788,7697.856391529635,7458.858,7077.588583333333,7745.958,7740.218981163156
1612,2,7,6900.1875,7309.161748367107,7390.011928063497,7632.855154502315,7474.68896484375,7576.04541015625,7806.253330921314,7719.744446105462,7458.858,7077.588583333333,7745.958,7727.007272463816
1613,1,7,6900.1875,7288.557859896018,7297.032035770456,7295.390125199405,7245.13720703125,7220.7470703125,7454.531333572346,7578.511007281799,7379.426,7104.249500000001,7379.426,7365.737918348712
1614,3,7,7100.304,7063.343874065501,7002.946118350398,6739.596498748016,6927.93017578125,6821.53125,6329.227881186009,7210.426253583574,6900.1875,7110.457483333334,6900.1875,6864.778956440746
1615,2,7,7100.304,6975.460371164222,7057.650551302775,6791.378437099206,6863.46337890625,6840.673828125,6207.071204505783,7300.92545326052,6900.1875,7113.147533333334,6915.4155,6884.605186059426
1615,3,7,6798.08,7025.410279912772,7055.65874527579,6754.791216523809,6863.46337890625,6841.29345703125,6193.537492612293,7357.169553990082,6900.1875,7113.147533333334,6915.4155,6878.047116479567
1616,1,7,7100.304,7068.116261346401,7026.321896974801,6922.908556467262,6950.7373046875,7097.51806640625,6539.4978750633845,7142.306321424079,6900.1875,7119.40925,7094.979,7057.7682147360065
1616,2,7,6798.08,7103.003025682822,7037.29606412262,6824.001036160715,6950.7373046875,7098.1376953125,6405.155965551568,7113.858860031502,6900.1875,7119.40925,7094.979,7038.773850423222
1616,3,7,7027.974,7083.788743057896,7037.908099568058,6793.47610758664,6950.7373046875,7098.75732421875,6276.385538364197,7160.006282416639,6900.1875,7119.40925,7094.979,7031.781339749653
1617,1,7,6798.08,7105.105799073361,7018.3272236875955,6910.7559250218255,7085.91162109375,7298.318359375,6529.779700174535,7152.7634840301,7100.304,7124.2091666666665,7100.304,7059.849373288049
1617,2,7,7027.974,7145.667586627183,7011.770814949203,6854.288549604166,7085.91162109375,7298.93798828125,6364.953577045877,7138.734521879481,7100.304,7124.2091666666665,7100.304,7047.8642258346745
1617,3,7,7062.431,7160.1118094948215,7011.158146163491,6800.266302817791,7085.91162109375,7299.5576171875,6060.588917020861,7141.870900622124,7100.304,7124.2091666666665,7100.304,7034.498952691958
1618,1,7,7027.974,6350.64802355995,6596.049193676876,6623.613821454365,6695.60205078125,6765.90087890625,6191.884801565363,6681.326544385408,6798.08,7115.467199999999,6798.08,6759.794639224183
1618,2,7,7062.431,6378.185851448712,6575.552220560947,6566.580330308531,6695.60205078125,6766.5205078125,6138.665358512154,6681.410957616647,6798.08,7115.467199999999,6798.08,6749.155770491085
1618,3,7,7115.286,6368.893939039753,6533.564761584558,6495.74222722123,6695.60205078125,6767.14013671875,5917.580596832038,6664.701474035842,6798.08,7115.467199999999,6798.08,6733.9351558110575
1619,1,7,7062.431,7164.330105568099,7068.095269415872,6959.217545445436,6967.96337890625,7174.60888671875,6583.096897649233,7112.869787353467,7027.974,7114.575,7027.974,7010.218962449472
1619,2,7,7115.286,7249.921572007132,7084.843748354365,6901.127671688492,6967.96337890625,7175.228515625,6440.62261614427,7099.288769360736,7027.974,7114.575,7027.974,6998.240164423228
1620,1,7,7115.286,7271.889700995513,7110.12266745284,6978.812766053571,6912.71044921875,7082.232421875,6674.626063057896,7240.630392556186,7062.431,7112.736566666666,7062.431,7042.822192566497
1621,3,7,7532.16,7293.936066558683,7280.786149803375,7107.167433069444,7082.5283203125,7316.85302734375,7485.838947574042,7027.757346030571,7115.286,7111.3741666666665,7115.286,7118.667449844894
1622,2,7,7532.16,7334.1368448878475,7381.830051842265,7291.320051902778,7166.93994140625,7359.5791015625,7414.92841409222,7424.324342165005,7115.286,7108.9908,7419.594,7397.155501686102
1622,3,7,7877.1745,7309.637842129396,7391.850807556949,7254.466758340278,7166.93994140625,7360.19873046875,7356.392032123741,7437.718653206676,7115.286,7108.9908,7419.594,7389.968336825625
1623,1,7,7532.16,7290.483608674004,7451.992644653697,7505.582772019841,7253.251953125,7448.98828125,7777.491455678597,7462.693740813788,7115.286,7108.2912166666665,7572.39,7563.390689957926
1623,2,7,7877.1745,7349.963441255075,7433.949173023739,7475.305145568453,7253.251953125,7449.60791015625,7816.133956414199,7419.865124577835,7115.286,7108.2912166666665,7572.39,7558.6089211846565
1624,1,7,7877.1745,7452.365896919509,7479.106405533068,7367.831374995039,7329.66943359375,7464.375,8018.083224947366,7615.441427989309,7532.16,7126.1214666666665,7532.16,7509.783523275165
1624,3,7,8593.452,7456.355254390891,7486.746538720469,7304.5270177314815,7329.66943359375,7465.6142578125,7859.266974527293,7601.156341646327,7532.16,7126.1214666666665,7532.16,7496.6834405753625
1625,2,7,8593.452,7721.780159632525,7780.881984510976,7774.2842618015875,7687.23681640625,7922.7548828125,8393.167740788751,7859.751726034117,7877.1745,7160.9114500000005,7877.1745,7865.905620140395
1625,3,7,8495.135,7711.7236619407095,7775.721040562563,7747.823506551587,7687.23681640625,7923.37451171875,8463.754431530328,7798.340949191246,7877.1745,7160.9114500000005,7877.1745,7862.203326552806
1626,1,7,8593.452,8324.005615805534,8052.4591350048595,8189.740859176587,7950.69189453125,8142.93701171875,8261.166954796108,8454.216827140224,7877.1745,7213.1833166666665,8236.65,8228.783880627925
1626,2,7,8495.135,8395.402431204275,8044.395280032456,8166.220169705357,7950.69189453125,8143.556640625,8291.191644934053,8465.419730084148,7877.1745,7213.1833166666665,8236.65,8225.069316253104
1627,1,7,8495.135,8523.439472285432,8322.349032030712,8396.778565647486,8326.0595703125,8556.12890625,8610.07356678245,8330.6485059074,8593.452,7263.259016666666,8593.452,8559.356456060483
1628,3,7,8333.6945,8373.34635685661,8045.190409285931,8217.196995362765,8174.4560546875,8180.78125,8480.060992214829,8394.38406329462,8495.135,7301.55085,8495.135,8446.452026204943
1629,2,7,8333.6945,8093.289945649663,8145.1927172711585,8259.282556861112,8207.966796875,8240.2353515625,8435.987916870612,8357.63358777713,8495.135,7342.952433333333,8481.6425,8442.25947664043
1629,3,7,8247.573,8093.271816847799,8074.6968225168575,8213.497588290013,8207.966796875,8240.8544921875,8360.622670236058,8284.396024686639,8495.135,7342.952433333333,8481.6425,8433.296238628101
1630,1,7,8333.6945,8251.865260275052,8216.833398425591,8363.973807152777,8088.84228515625,8062.06298828125,8450.58643361362,8333.349587112602,8495.135,7400.9419333333335,8472.6475,8453.403143108342
1630,2,7,8247.573,8263.819989710986,8211.656866396492,8276.089791131944,8088.84228515625,8062.6826171875,8474.947561975596,8297.045740730073,8495.135,7400.9419333333335,8472.6475,8438.386715624347
1630,3,7,9056.5105,8285.626827669754,8163.395289988093,8211.139307651123,8088.84228515625,8063.30224609375,8444.991486728635,8256.470139446714,8495.135,7400.9419333333335,8472.6475,8426.667889592169
1631,1,7,8247.573,8322.076190948384,8288.794506903267,8308.701655664352,8086.2255859375,8091.41748046875,8331.884269627453,8433.574750323989,8333.6945,7451.41125,8333.6945,8329.310923776611
1631,2,7,9056.5105,8335.71509868345,8286.357246075888,8274.034708638888,8086.2255859375,8092.037109375,8328.628101586924,8370.937281573744,8333.6945,7451.41125,8333.6945,8323.220926109521
1631,3,7,9586.122,8360.616257566768,8288.43201692113,8237.413012722222,8086.2255859375,8092.65625,8284.972971411311,8352.95722204707,8333.6945,7451.41125,8333.6945,8316.26684149054
1632,1,7,9056.5105,8313.976741662962,8263.273111343897,8231.990201067461,7996.52392578125,7995.5966796875,8216.664391610522,8376.182601658473,8247.573,7503.1421833333325,8247.573,8244.45430284408
1632,2,7,9586.122,8323.052405798022,8233.593106238739,8201.222040217594,7996.52392578125,7996.21630859375,8167.322229425052,8289.834732671421,8247.573,7503.1421833333325,8247.573,8238.447765833533
1632,3,7,9296.4115,8304.014791163225,8215.523572274456,8184.000504939815,7996.52392578125,7996.8359375,8170.7285791400545,8281.295545456718,8247.573,7503.1421833333325,8247.573,8235.48747916235
1633,1,7,9586.122,8507.649438674745,8528.807285511211,8772.341508134921,8530.724609375,8710.4638671875,9012.976332628821,8962.071918964464,9056.5105,7582.075866666666,9056.5105,9006.372005203564
1633,2,7,9296.4115,8351.79443686815,8494.250756653078,8714.39130398082,8530.724609375,8711.083984375,9041.274271972925,8923.973946612452,9056.5105,7582.075866666666,9056.5105,8996.628666840003
1634,1,7,9296.4115,8874.969030712642,9075.057937353837,8971.933011584986,8869.3154296875,9002.6015625,9554.5144801887,9063.42815243442,9586.122,7673.352866666667,9586.122,9478.564137948411
1635,3,7,9478.3455,8218.20333146185,8630.12721141699,8481.016398994709,8715.0869140625,8602.5859375,9312.382008391729,8426.041526468942,9296.4115,7744.578716666667,9296.4115,9154.36815600833
1636,2,7,9478.3455,8331.4298291386,8438.673676746628,8136.343312016205,8280.48828125,8017.416015625,8567.87919854662,8721.02160571197,9296.4115,7787.1662166666665,8580.811000000002,8503.103750855116
1636,3,7,9031.7605,8245.670012013567,8377.789720775227,8075.052086842594,8280.48828125,8018.03564453125,8568.916534710295,8589.883863092286,9296.4115,7787.1662166666665,8580.811000000002,8492.424593260941
1637,1,7,9478.3455,8480.157771219063,8560.855034512975,8542.334209854167,8346.31640625,8208.4775390625,8620.707916665891,9036.694215757825,9296.4115,7842.983916666667,8842.3665,8787.154279316064
1637,2,7,9031.7605,8449.78092130832,8476.046843843666,8390.53219743287,8346.31640625,8209.0966796875,8670.585247486573,8880.461400407037,9296.4115,7842.983916666667,8842.3665,8761.317382684272
1637,3,7,8814.3075,8292.2293426977,8409.292190798193,8316.203057858796,8346.31640625,8209.716796875,8670.360567764921,8707.90639200838,9296.4115,7842.983916666667,8842.3665,8748.347349690086
1638,1,7,9031.7605,8560.780041004218,8895.488181261075,9054.840516632605,8479.2412109375,8538.466796875,9539.768937256687,9014.005622669363,9478.3455,7916.093866666666,9478.3455,9405.258032297017
1638,2,7,8814.3075,8527.3677308764,8823.884655684358,8879.530927502314,8479.2412109375,8539.0859375,9585.77457701804,8927.989100188517,9478.3455,7916.093866666666,9478.3455,9375.269981476502
1638,3,7,7645.257,8380.241478954744,8782.353157584657,8846.540190141202,8479.2412109375,8539.7060546875,9558.917472647103,8757.197275540972,9478.3455,7916.093866666666,9478.3455,9369.16683181445
1639,1,7,8814.3075,8503.583205749057,8457.521264354004,8786.387523781746,8116.3232421875,8023.630859375,9078.506162311825,8840.497887439325,9031.7605,7971.008400000001,9031.7605,8989.559090576613
1639,2,7,7645.257,8519.041670796401,8370.134014346762,8670.739895580027,8116.3232421875,8024.25048828125,9019.497698955458,8851.83740003618,9031.7605,7971.008400000001,9031.7605,8968.619711819074
1639,3,7,7600.0675,8546.382624585422,8289.035738534727,8628.781351760252,8116.3232421875,8024.8701171875,8955.993549045368,8830.772526448667,9031.7605,7971.008400000001,9031.7605,8960.47758743446
1640,1,7,7645.257,8345.24925781699,8171.4737471646185,8453.22705105258,7955.02734375,7779.072265625,8700.089951664766,8482.839422655818,8814.3075,8018.2549,8814.3075,8749.836200458993
1640,2,7,7600.0675,8332.650977321498,8123.843839916603,8381.949429809194,7955.02734375,7779.69189453125,8704.270576142453,8431.901367755256,8814.3075,8018.2549,8814.3075,8737.455559683644
1641,1,7,7600.0675,7468.323660525613,7561.267319924769,7553.866302647817,7134.39208984375,6653.666015625,7293.106468229995,7355.217343878812,7645.257,8024.468199999999,7645.257,7624.753883550285
1642,3,7,7635.505,7626.896051149566,7618.991676918847,7580.79873502381,7221.65234375,6936.34619140625,7237.321646710653,7842.889338394265,7600.0675,8019.605183333333,7600.0675,7592.0092639600925
1643,2,7,7635.505,7775.591744602007,7691.122098380258,7831.948839922619,7344.986328125,7166.1123046875,8026.190712193926,7870.431888572873,7600.0675,8031.483333333334,7735.7705000000005,7756.309586198947
1643,3,7,7395.4375,7799.473527485766,7684.956494783036,7836.243432325397,7344.986328125,7166.73193359375,8296.51344669294,7913.094532612304,7600.0675,8031.483333333334,7735.7705000000005,7760.558836868876
1644,1,7,7635.505,7780.047882589773,7645.116503489221,7730.045370652778,7330.99853515625,7193.9736328125,7944.667314154762,7725.8308409121955,7600.0675,8056.981116666666,7665.121,7680.0668696613675
1644,2,7,7395.4375,7841.903406714827,7663.859873751124,7745.288387493056,7330.99853515625,7194.59326171875,8012.009351210396,7773.653513048749,7600.0675,8056.981116666666,7665.121,7683.598016106644
1644,3,7,7216.2,7851.456172920442,7663.726274059658,7772.920154753472,7330.99853515625,7195.212890625,7907.807752413241,7872.272769780385,7600.0675,8056.981116666666,7665.121,7687.069366128305
1645,1,7,7395.4375,7856.386496382341,7703.45926530628,7777.334552027778,7426.13623046875,7386.7314453125,8082.791401226319,7783.636322907972,7635.505,8080.9841,7635.505,7666.03923276247
1645,2,7,7216.2,7922.843137973589,7716.754880369771,7793.337632847222,7426.13623046875,7387.35107421875,8185.8102991768865,7934.838139275126,7635.505,8080.9841,7635.505,7670.164906894103
1645,3,7,7382.375,7971.059820180384,7719.4891480076685,7828.545277670635,7426.13623046875,7387.970703125,8151.395924621831,7953.193507255188,7635.505,8080.9841,7635.505,7675.861488433859
1646,1,7,7216.2,7763.101771550246,7554.384385393914,7502.380663709326,7324.1708984375,7235.2646484375,8059.414077016006,7821.23633444688,7395.4375,8090.999383333333,7395.4375,7422.691233679545
1646,2,7,7382.375,7845.018889403661,7585.590770011339,7543.748694542659,7324.1708984375,7235.88427734375,8270.713697752259,7938.4423411357675,7395.4375,8090.999383333333,7395.4375,7432.643939200411
1646,3,7,7186.9685,7857.543340530939,7613.893806361243,7552.430505351686,7324.1708984375,7236.50390625,8164.913790207599,7963.549949795963,7395.4375,8090.999383333333,7395.4375,7432.788671639468
1647,1,7,7382.375,7787.175390050315,7531.996695930042,7334.6899390843255,7284.69921875,7296.39794921875,8105.950529966641,7296.175081140747,7216.2,8094.8625833333335,7216.2,7248.391366614805
1647,2,7,7186.9685,7894.047156240087,7588.460344052665,7382.2093165565475,7284.69921875,7297.017578125,8240.259819870693,7419.972768034823,7216.2,8094.8625833333335,7216.2,7258.420366698208
1648,1,7,7186.9685,7839.609841743937,7586.054294581878,7551.157707827381,7272.361328125,7328.58984375,8286.074555680218,7760.969295556378,7382.375,8114.339083333334,7382.375,7423.520821172681
1649,3,7,7421.837,7780.86553613059,7485.603798989553,7415.916549711806,7075.55615234375,6959.16650390625,7783.668970732094,7445.629547018756,7186.9685,8119.6389,7186.9685,7234.635586334832
1650,2,7,7421.837,7719.237834577179,7353.280444457047,7307.51524885764,6993.255859375,6908.5146484375,7733.130754764636,7378.603089850067,7186.9685,8119.8313333333335,7068.204000000001,7118.562370852162
1650,3,7,6964.4725,7727.599819836623,7391.017967830661,7337.369424260914,6993.255859375,6909.13427734375,7592.080117915356,7400.75026668678,7186.9685,8119.8313333333335,7068.204000000001,7121.944324818601
1651,1,7,7421.837,7505.036046067834,7285.074730287098,7206.995799533731,6972.7509765625,6917.88330078125,7641.819740561979,7073.288123516072,7186.9685,8117.2092999999995,7036.625000000001,7074.182946016742
1651,2,7,6964.4725,7607.258966677503,7312.931936387301,7241.900840635418,6972.7509765625,6918.5029296875,7917.979069837319,7207.581359335837,7186.9685,8117.2092999999995,7036.625000000001,7083.847926469598
1651,3,7,7422.9375,7629.922951150286,7367.997243778772,7274.583694684525,6972.7509765625,6919.12255859375,7742.894885983397,7286.286272777703,7186.9685,8117.2092999999995,7036.625000000001,7087.282705481295
1652,1,7,6964.4725,7857.564294373028,7487.309284911205,7546.673848521826,7079.12841796875,7103.56591796875,7956.607295742985,7681.630855680465,7421.837,8117.284066666666,7421.837,7450.539471003322
1652,2,7,7422.9375,7915.53531277432,7521.787360870036,7560.030671848215,7079.12841796875,7104.185546875,8040.237591788037,7805.16642763808,7421.837,8117.284066666666,7421.837,7453.952454860124
1652,3,7,7782.8505,7976.141519724793,7543.900671853667,7594.726326014881,7079.12841796875,7104.80517578125,8062.3446805460835,7878.564777661274,7421.837,8117.284066666666,7421.837,7460.291535171407
1653,1,7,7422.9375,7731.309538562883,7307.483833047223,7084.87890096875,6851.890625,6792.4794921875,6918.250737322451,7417.303324012198,6964.4725,8097.020149999999,6964.4725,6984.87959182546
1653,2,7,7782.8505,7833.202848308022,7388.095157347617,7134.537498274305,6851.890625,6793.09912109375,6861.082191924084,7450.0637990378145,6964.4725,8097.020149999999,6964.4725,6992.802608548172
1653,3,7,8047.52,7844.129664314108,7458.155353212896,7159.110314694444,6851.890625,6793.71875,6912.034220077331,7494.430760514928,6964.4725,8097.020149999999,6964.4725,6997.749177852248
1654,1,7,7782.8505,7992.8280085366105,7534.86681379184,7558.488754961805,7231.47998046875,7268.5537109375,7429.554060553964,7675.925868970755,7422.9375,8093.3794,7422.9375,7446.670824675384
1654,2,7,8047.52,8000.248548595959,7561.171922423383,7589.541172291667,7231.47998046875,7269.17333984375,7264.418280196695,7707.26067727207,7422.9375,8093.3794,7422.9375,7449.949973237557
1655,1,7,8047.52,8064.874009391301,7944.911247079814,7891.635729334821,7514.6083984375,7628.9765625,7696.639412924675,8138.714941333097,7782.8505,8090.235266666667,7782.8505,7800.712448520683
1656,3,7,7853.7195,8080.51675545209,8050.111171361443,8147.096225951389,7628.4873046875,7688.29296875,8392.64107516175,8193.75975158466,8047.52,8083.930933333334,8047.52,8069.360111851522
1657,2,7,7853.7195,8093.001998983202,7967.5403905608455,8060.586381907739,7578.24951171875,7544.650390625,8501.776295060323,7949.3531639149305,8047.52,8064.814533333334,8019.960000000001,8033.28586747295
1657,3,7,7416.486,8048.32082104683,7980.53325450992,8071.745794718255,7578.24951171875,7545.2705078125,8425.94326669517,7987.438629880996,8047.52,8064.814533333334,8019.960000000001,8034.250830813002
1658,1,7,7853.7195,7924.2664310443615,7935.922590588293,8003.566592269841,7543.4365234375,7535.0009765625,8201.766726996562,7879.675045371844,8047.52,8047.046166666667,7962.084,7972.424185015627
1658,2,7,7416.486,7938.791085041666,7925.730276942194,7976.044755826389,7543.4365234375,7535.6201171875,8371.29680568571,7903.553942599953,8047.52,8047.046166666667,7962.084,7969.8178612490565
1658,3,7,7604.387,7947.108053013018,7908.469023320831,7996.447030152777,7543.4365234375,7536.23974609375,8387.476473211285,7930.683110276445,8047.52,8047.046166666667,7962.084,7973.5866374768975
1659,1,7,7416.486,7848.28979141531,7866.956495406749,7843.27699055754,7521.501953125,7555.5556640625,7971.058106797124,7560.203274014775,7853.7195,8026.1154,7853.7195,7853.417002752293
1659,2,7,7604.387,7872.951519289199,7857.187343318274,7833.91415608631,7521.501953125,7556.1748046875,7970.1948849020355,7617.633416734865,7853.7195,8026.1154,7853.7195,7851.772428528981
1659,3,7,7602.42,7861.7295188159005,7859.326230706169,7845.043059747024,7521.501953125,7556.794921875,8023.950480969173,7651.95759110692,7853.7195,8026.1154,7853.7195,7854.409933431618
1660,1,7,7604.387,7556.299195239256,7486.481408182635,7488.690723364583,7315.2705078125,7240.20849609375,7461.762618476249,7344.636941052625,7416.486,7990.910016666667,7416.486,7429.668732304382
1660,2,7,7602.42,7563.652804988416,7514.276266324497,7464.046047961805,7315.2705078125,7240.828125,7456.3783281649585,7327.629231056235,7416.486,7990.910016666667,7416.486,7425.299620486881
1660,3,7,7455.265,7599.108575055301,7506.113965705449,7455.065427079861,7315.2705078125,7241.44775390625,7341.879600903119,7351.109425321894,7416.486,7990.910016666667,7416.486,7422.250416356274
1661,1,7,7602.42,7716.40591929053,7696.0442467281755,7675.609833815972,7310.1298828125,7306.5146484375,7541.266138939515,7403.88617363321,7604.387,7966.599766666667,7604.387,7615.994947121643
1661,2,7,7455.265,7714.803549071675,7705.696259414679,7637.9490931875,7310.1298828125,7307.13427734375,7540.767053246633,7402.675830079384,7604.387,7966.599766666667,7604.387,7609.418363476803
1662,1,7,7455.265,7598.768931973967,7658.264757224791,7632.014714562501,7251.87353515625,7263.8818359375,7507.740374103996,7228.578066375794,7602.42,7945.094666666667,7602.42,7606.357083759003
1663,3,7,6988.2525,7570.316076933101,7600.300322851853,7415.591793958334,7270.90576171875,7225.6767578125,7490.0297606179865,7230.633990840231,7455.265,7891.719816666667,7455.265,7448.793913607327
1664,2,7,6988.2525,6669.222532062486,7083.1912841124,6643.832699777778,6774.07568359375,6615.87353515625,6720.524395288833,6619.53871836438,7455.265,7790.80625,6558.715,6575.659293409
1664,3,7,7284.9525,6640.909622015725,7113.871857084821,6642.712208131945,6774.07568359375,6616.4931640625,6630.99990334679,6667.7825660545295,7455.265,7790.80625,6558.715,6574.304688574502
1665,1,7,6988.2525,7988.334190006678,7773.747042994269,7851.874301210317,7349.90869140625,7546.8486328125,7867.032467020637,7259.464331887463,7455.265,7743.6822,7882.69,7877.111305459342
1665,2,7,7284.9525,7978.916148566396,7770.039484459545,7848.794334182539,7349.90869140625,7547.46826171875,7860.875077337869,7257.277527222745,7455.265,7743.6822,7882.69,7876.494264875949
1665,3,7,7302.123,7948.463965917723,7754.8130740790875,7845.165250376984,7349.90869140625,7548.087890625,7898.87612143227,7278.654537129594,7455.265,7743.6822,7882.69,7876.35317442177
1666,1,7,7284.9525,7312.906168600412,7363.243029296726,7148.145795312003,6870.27294921875,6835.8330078125,6986.672254325108,6930.24049842832,6988.2525,7690.596916666666,6988.2525,7016.126297302207
1666,2,7,7302.123,7373.615729609166,7411.658461685715,7148.35431647867,6870.27294921875,6836.45263671875,7014.724523275225,6994.52656235424,6988.2525,7690.596916666666,6988.2525,7016.5258850292985
1666,3,7,7442.6315,7399.683986738664,7462.645251603373,7173.835594496031,6870.27294921875,6837.072265625,7033.388706720321,7070.547240782421,6988.2525,7690.596916666666,6988.2525,7021.212889725165
1667,1,7,7302.123,7480.264997222696,7480.210061985882,7420.013526677084,7193.92333984375,7264.3544921875,7410.321871522324,6840.054205827196,7284.9525,7638.683116666666,7284.9525,7310.137867749603
1667,2,7,7442.6315,7496.290704471771,7532.091467445605,7460.106820940972,7193.92333984375,7264.97412109375,7364.766542056316,6868.011840767956,7284.9525,7638.683116666666,7284.9525,7316.542528657474
1667,3,7,7468.24,7449.958789174836,7560.742266415647,7484.793475319445,7193.92333984375,7265.59375,7418.289408701501,6839.89371306333,7284.9525,7638.683116666666,7284.9525,7321.542243850067
1668,1,7,7442.6315,7601.350962471858,7514.588302448661,7440.118875305555,7294.55712890625,7346.46875,7515.656606535645,7205.379148337035,7302.123,7566.142366666667,7302.123,7328.961884971015
1668,2,7,7468.24,7634.503394935976,7572.427123143308,7484.886092284722,7294.55712890625,7347.08837890625,7356.156043179424,7261.799737574263,7302.123,7566.142366666667,7302.123,7334.706617796806
1669,1,7,7468.24,7642.014293038132,7627.193090150798,7574.760099839286,7369.40185546875,7434.384765625,7588.516834543365,7298.828617389693,7442.6315,7513.1714,7442.6315,7467.570922747938
1670,3,7,7296.06,7749.112084398265,7672.456359561376,7456.521020125,7337.10595703125,7362.1845703125,7632.331191835514,7278.494479144237,7468.24,7468.302483333333,7468.24,7468.320150148549
1671,2,7,7296.06,7670.658090042345,7671.149925685221,7558.2421145198405,7368.02197265625,7432.80615234375,7827.610710076939,7337.3494534968295,7468.24,7462.952316666667,7484.7519999999995,7502.011955150866
1671,3,7,7088.464,7746.83867919088,7669.003256825102,7569.312945520833,7368.02197265625,7433.42578125,7839.7748169517745,7314.175583411025,7468.24,7462.952316666667,7484.7519999999995,7504.100818232968
1672,1,7,7296.06,7551.206090231689,7584.123564480658,7387.161506374008,7318.23046875,7245.3095703125,7672.161076420077,7046.666871442652,7468.24,7457.067400000001,7423.52,7420.396372181545
1672,2,7,7088.464,7603.646777704255,7620.332525453576,7371.007519575397,7318.23046875,7245.92919921875,7947.611421167172,7009.196221860713,7468.24,7457.067400000001,7423.52,7421.144646986013
1672,3,7,7158.74,7650.510860194423,7627.344719098911,7367.7588615823415,7318.23046875,7246.548828125,7945.236264964589,6978.64522438832,7468.24,7457.067400000001,7423.52,7420.547148258946
1673,1,7,7088.464,7516.7990532863305,7496.980657966861,7325.121718944445,7265.447265625,7236.11181640625,7643.194474628425,6982.994477184303,7296.06,7442.410383333334,7296.06,7305.624540115854
1673,2,7,7158.74,7638.772515124472,7545.21432122936,7366.195479555556,7265.447265625,7236.7314453125,7791.8027262980295,6997.009491565934,7296.06,7442.410383333334,7296.06,7314.71420467114
1674,1,7,7158.74,7469.405656163786,7478.899398569241,7203.832926972223,7171.07861328125,6986.59619140625,7328.415577056609,6897.303865695551,7088.464,7423.188483333333,7088.464,7111.697540184756
1674,3,7,7151.656,7594.20683109971,7585.658226347915,7309.391570353175,7171.07861328125,6987.83544921875,7532.420256994499,6959.337094030152,7088.464,7423.188483333333,7088.464,7132.754196169273
1675,2,7,7151.656,7647.102508436172,7519.295159032239,7359.908761333333,7214.35546875,7091.2685546875,7284.1152853616195,7286.342629072885,7158.74,7407.296316666668,7158.74,7195.45829930402
1676,1,7,7151.656,7498.448290665563,7502.1735662079345,7277.68556051389,7181.4853515625,7069.8291015625,7401.191816802233,7199.839645016305,7158.74,7399.960000000001,7175.348000000001,7196.125485313604
1677,3,7,7032.048,7592.31598006582,7571.5596319714305,7330.647626996032,7226.69140625,7045.82373046875,7645.077771790977,7236.447659737669,7151.656,7397.808533333333,7151.656,7189.2707026611715
1678,2,7,7032.048,7480.714016554387,7516.967433173805,7153.6926070624995,7063.7724609375,6879.57470703125,7288.202324514765,7139.363648760768,7151.656,7384.7559833333335,6990.7985,7023.066936914287
1678,3,7,7025.482,7488.5006792439435,7582.05512326012,7194.284266526785,7063.7724609375,6880.1943359375,7267.294221347189,7147.177764358578,7151.656,7384.7559833333335,6990.7985,7029.877663229596
1679,1,7,7032.048,7322.360629366442,7524.93230625575,7109.820563869047,7074.3642578125,6894.42138671875,7226.666243993842,7187.737042883075,7151.656,7379.3578166666675,7025.023499999999,7042.427603721577
1679,2,7,7025.482,7447.003353835023,7587.639360546327,7176.6219408308525,7074.3642578125,6895.041015625,7422.0064009469,7212.726377555503,7151.656,7379.3578166666675,7025.023499999999,7056.61065818897
1679,3,7,6916.896,7444.148026980118,7641.638875903471,7215.164361617559,7074.3642578125,6895.66064453125,7523.786000178795,7215.4760223065605,7151.656,7379.3578166666675,7025.023499999999,7064.652397182201
1680,1,7,7025.482,7332.225201919909,7430.236434067366,7122.280863669643,7066.0615234375,6976.4521484375,7187.181312160091,7089.521806392674,7032.048,7378.152616666667,7032.048,7049.798222281122
1680,2,7,6916.896,7458.546525320015,7506.0808484309555,7203.944095246032,7066.0615234375,6977.0712890625,7493.496100798003,7129.331824662841,7032.048,7378.152616666667,7032.048,7068.0108655463555
1680,3,7,7013.333,7499.811274427552,7557.270489911112,7256.896371984127,7066.0615234375,6977.69091796875,7549.22553939157,7139.197174654237,7032.048,7378.152616666667,7032.048,7077.970242623843
1681,1,7,6916.896,7274.3315072585565,7481.973722014684,7152.058855874008,7030.0888671875,6871.39208984375,7356.415753283334,7096.709500408324,7025.482,7377.781183333334,7025.482,7051.848827023819
1681,2,7,7013.333,7386.875761664022,7531.077926057243,7210.78037922123,7030.0888671875,6872.01171875,7672.815417831011,7115.683756402861,7025.482,7377.781183333334,7025.482,7066.1897392463625
1681,3,7,6986.112,7344.3872593332935,7588.904836201095,7236.717168505952,7030.0888671875,6872.63134765625,7693.419297512919,7124.506883759513,7025.482,7377.781183333334,7025.482,7070.981324814587
1682,1,7,7013.333,7268.366406505511,7373.2870621957245,6987.488374425595,7158.77734375,6986.2568359375,7208.515254970573,7166.670713575503,6916.896,7360.949816666666,6916.896,6932.986999673192
1682,2,7,6986.112,7345.4197317338185,7436.2209211222125,7053.254620111111,7158.77734375,6986.8759765625,7359.572911836961,7178.80746749206,6916.896,7360.949816666666,6916.896,6946.416116931705
1683,1,7,6986.112,7245.074119630769,7416.034879666562,7057.985944628968,7138.72021484375,7044.7783203125,7425.850067994483,7179.345320324764,7013.333,7362.5785000000005,7013.333,7026.464063364732
1685,3,7,5808.232,7013.26614476,7134.0628477708215,6872.184096665675,7032.3017578125,6862.822265625,7528.826479663655,7107.94889388229,6986.112,7316.917100000001,6849.834,6862.524431783682
1686,2,7,5808.232,6563.163892921708,6780.668744014766,6529.41243065377,6696.6357421875,6448.896484375,6795.32067129018,6448.642438435866,6986.112,7264.5642333333335,6476.934,6490.21149764577
1686,3,7,5422.9905,6644.0909289883175,6788.2541827881805,6522.256720519841,6696.6357421875,6449.51611328125,6960.7754349622455,6440.808974061619,6986.112,7264.5642333333335,6476.934,6491.105390104855
1687,1,7,5808.232,6428.472877089749,6467.740541423338,6172.3348205436505,6460.083984375,6217.26123046875,6190.250199002444,6367.9539898593575,6986.112,7203.276433333333,6181.326,6179.87298681203
1687,2,7,5422.9905,6529.8254404847985,6475.218747910583,6158.68180234127,6460.083984375,6217.880859375,6162.652274895766,6443.2313596761405,6986.112,7203.276433333333,6181.326,6177.133815909604
1687,3,7,5404.77,6552.584141500634,6468.230976842131,6149.262739636904,6460.083984375,6218.50048828125,6106.46616281492,6445.525497264565,6986.112,7203.276433333333,6181.326,6174.763132696716
1688,1,7,5422.9905,5610.911008278375,5701.245556412665,5775.373202905754,5913.47607421875,5666.40234375,5881.477593531414,5599.826023774961,5808.232,7131.481366666666,5808.232,5803.447959564487
1688,2,7,5404.77,5709.439471999343,5688.527743925464,5790.430239572421,5913.47607421875,5667.02197265625,5904.600472520936,5705.100274619427,5808.232,7131.481366666666,5808.232,5806.374127971887
1688,3,7,5623.842,5771.683354503336,5685.135378046991,5801.027663433531,5913.47607421875,5667.6416015625,5954.64264231469,5756.702087357957,5808.232,7131.481366666666,5808.232,5808.870833297695
1689,1,7,5404.77,5365.781435279179,5550.853976550696,5487.39532465873,5576.119140625,5354.87890625,4935.071855155057,5287.490585586841,5422.9905,7050.457066666667,5422.9905,5427.908888650489
1689,2,7,5623.842,5508.2247230073135,5566.953909924604,5533.612823128969,5576.119140625,5355.498046875,5015.0097400091545,5349.51145844801,5422.9905,7050.457066666667,5422.9905,5437.0067886380075
1690,1,8,5623.842,5529.164854337491,5553.438565095569,5448.061568409723,5472.521484375,5204.53955078125,5214.907726023119,5634.955082043946,5404.77,6983.399866666668,5404.77,5404.77
1691,3,8,5912.275,5888.73397331348,5820.275986466402,5739.095578143849,5736.5556640625,5571.94873046875,5498.708175500467,5763.281380032901,5623.842,6917.3817,5623.842,5623.842
1692,2,8,5912.275,6085.649676510699,5890.096024045982,5945.821393581349,5849.81640625,5714.06494140625,5727.94737808217,5875.729724036439,5623.842,6856.4104,5773.281,5773.281
1692,3,8,5929.317,6121.218321389355,5918.959717974157,5979.819989469246,5849.81640625,5713.712890625,5755.570121644045,5941.323327602271,5623.842,6856.4104,5773.281,5773.281
1693,1,8,5912.275,5803.6903485963885,5892.362138003869,5900.454823236111,5925.6064453125,5706.6748046875,5764.907427597167,5783.633989779471,5623.842,6800.938366666667,5791.104,5791.104
1693,2,8,5929.317,5953.709999021038,5923.975443286806,5945.401064455357,5925.6064453125,5706.32275390625,5784.1733011938495,5840.340122514316,5623.842,6800.938366666667,5791.104,5791.104
1693,3,8,5947.445,6026.804967668284,5944.751965069247,5996.204261391866,5925.6064453125,5705.970703125,5772.594598084344,5885.512622856215,5623.842,6800.938366666667,5791.104,5791.104
1694,1,8,5929.317,5987.565729556298,6094.783892283779,5979.399154522817,6020.25439453125,5817.802734375,5872.606055629962,5938.23216075729,5912.275,6779.390366666667,5912.275,5912.275
1694,2,8,5947.445,6158.159556966238,6149.152967390129,6002.8702197420635,6020.25439453125,5817.45068359375,5832.503262340077,5994.944690383945,5912.275,6779.390366666667,5912.275,5912.275
1694,3,8,5920.244,6220.626154170717,6206.669216625942,6050.043025021825,6020.25439453125,5817.0986328125,5847.9055645383805,6013.262978955048,5912.275,6779.390366666667,5912.275,5912.275
1695,1,8,5947.445,6123.858619342563,6165.849973211657,6057.820187584325,6280.734375,6105.98388671875,5995.35983700275,6033.079850249857,5929.317,6714.277933333333,5929.317,5929.317
1695,2,8,5920.244,6264.011623807928,6219.656993444742,6153.597850266865,6280.734375,6105.63134765625,5967.249093278057,6108.730244287635,5929.317,6714.277933333333,5929.317,5929.317
1695,3,8,6056.4935,6328.816395556989,6277.320500088641,6207.663839456349,6280.734375,6105.279296875,6006.179099476827,6159.021033057331,5929.317,6714.277933333333,5929.317,5929.317
1696,1,8,5920.244,6186.090113356169,6218.300271463732,6130.03217825992,6319.90625,6142.49169921875,6284.374831791983,6266.395239680859,5947.445,6679.58435,5947.445,5947.445
1696,2,8,6056.4935,6295.855429226581,6327.832591081901,6231.974698570436,6319.90625,6142.1396484375,6323.501776807035,6362.619479450685,5947.445,6679.58435,5947.445,5947.445
1697,1,8,6056.4935,6117.623851525404,6191.1748481773875,6062.525997996032,6214.3369140625,6040.451171875,6288.582185671946,6122.138471250377,5920.244,6634.0940666666675,5920.244,5920.244
1699,3,8,6579.1715,6286.728161603655,6395.401134364703,6381.146781459324,6293.73095703125,6200.84326171875,6507.992006149319,6398.832596141155,6056.4935,6550.65175,6184.991499999999,6184.991499999999
1700,2,8,6579.1715,6273.421028457126,6365.129374942595,6331.928439855159,6166.49755859375,5958.18017578125,6375.586574815602,6416.469476823021,6056.4935,6508.286900000001,6197.2945,6197.2945
1700,3,8,6435.2865,6308.66101243976,6382.543371279187,6399.650865906746,6166.49755859375,5957.828125,6386.493901010557,6436.424216663655,6056.4935,6508.286900000001,6197.2945,6197.2945
1701,1,8,6579.1715,6290.282736054474,6385.565045652065,6363.831142606151,6293.478515625,6126.13720703125,6378.328618572603,6455.461309311625,6056.4935,6468.424616666667,6288.8835,6288.8835
1701,2,8,6435.2865,6331.922017321204,6440.559473740887,6417.100238143849,6293.478515625,6125.78515625,6387.986845351257,6517.966805387449,6056.4935,6468.424616666667,6288.8835,6288.8835
1701,3,8,6408.16,6342.259190552299,6453.36063779871,6463.81019087996,6293.478515625,6125.4326171875,6465.965488268201,6486.87396771178,6056.4935,6468.424616666667,6288.8835,6288.8835
1702,1,8,6435.2865,6323.021816136517,6577.2353902062505,6590.227418388889,6468.1689453125,6332.93359375,6818.45985051848,6512.436705227449,6579.1715,6440.279666666666,6579.1715,6579.1715
1702,2,8,6408.16,6318.643156984277,6601.734160215392,6612.24566230258,6468.1689453125,6332.58154296875,6859.408794924227,6512.626767185931,6579.1715,6440.279666666666,6579.1715,6579.1715
1702,3,8,6074.792,6319.749284725387,6603.504323050993,6644.24377490377,6468.1689453125,6332.2294921875,6887.710284067772,6485.724192347599,6579.1715,6440.279666666666,6579.1715,6579.1715
1703,1,8,6408.16,6467.450039132672,6561.530938967476,6432.59308910119,6513.75341796875,6271.48095703125,6496.693468370568,6654.286206911804,6435.2865,6411.587216666666,6435.2865,6435.2865
1703,2,8,6074.792,6453.342238393472,6600.883144323956,6453.71894747123,6513.75341796875,6271.12890625,6568.256617670413,6595.492881067252,6435.2865,6411.587216666666,6435.2865,6435.2865
1704,1,8,6074.792,6490.834261873803,6524.861049703256,6443.28811119742,6577.12890625,6355.96875,6433.687995595692,6583.456839470671,6408.16,6388.910416666667,6408.16,6408.16
1705,3,8,5732.419,6026.236942019097,6218.249170750298,6033.661781858135,6243.36572265625,6071.15380859375,6078.592228599238,6222.977023806846,6074.792,6352.778816666667,6074.792,6074.792
1706,2,8,5732.419,5825.190337240491,6017.874066043698,5850.209249711309,6166.5087890625,6036.744140625,5920.998423114705,6135.478544437583,6074.792,6309.792149999999,5885.748,5885.748
1706,3,8,5695.065,5816.959420495961,6033.5039954616395,5850.798737829365,6166.5087890625,6036.39208984375,5969.723086481415,6149.401360175452,6074.792,6309.792149999999,5885.748,5885.748
1707,1,8,5732.419,5668.005884254444,5841.532722631647,5685.084983232143,5990.93115234375,5918.66162109375,5789.849508104826,5933.444799333633,6074.792,6261.538683333333,5704.052,5704.052
1707,2,8,5695.065,5683.630092925497,5883.352137652068,5748.169956708333,5990.93115234375,5918.3095703125,5808.388790976413,5969.7848174109895,6074.792,6261.538683333333,5704.052,5704.052
1707,3,8,5420.25,5712.916708439781,5903.402703851757,5753.176161579365,5990.93115234375,5917.95703125,5863.675270474626,5987.32518568085,6074.792,6261.538683333333,5704.052,5704.052
1708,1,8,5695.065,5879.848374554097,5897.361957692244,5745.382730823412,5940.76416015625,5984.87939453125,5888.895803281666,5898.055628211367,5732.419,6219.592699999999,5732.419,5732.419
1708,2,8,5420.25,5941.251168475144,5930.398606143268,5768.988531039682,5940.76416015625,5984.52734375,5900.491806540083,5897.9408755286895,5732.419,6219.592699999999,5732.419,5732.419
1708,3,8,5263.2,5965.745984201732,5952.626236624702,5767.969158196428,5940.76416015625,5984.17529296875,5950.44737119698,5927.897130547202,5732.419,6219.592699999999,5732.419,5732.419
1709,1,8,5420.25,5867.264414697127,5890.639515601221,5727.323229928571,5933.2861328125,5912.48779296875,5817.446406592078,6015.119617397304,5695.065,6175.2607499999995,5695.065,5695.065
1709,2,8,5263.2,5908.855131656341,5955.557903043648,5757.662403581348,5933.2861328125,5912.1357421875,5826.65260332282,6030.054101733715,5695.065,6175.2607499999995,5695.065,5695.065
1710,1,8,5263.2,5749.045847218983,5660.209847643651,5549.399708375992,5901.390625,5878.88037109375,5695.177156415498,5793.717382312726,5420.25,6121.53415,5420.25,5420.25
1712,3,8,5251.725,5788.725795711638,5599.702984886839,5456.273349642857,5687.1083984375,5813.09521484375,5431.19951673572,5812.916239414318,5263.2,6002.568216666667,5110.2,5110.2
1713,2,8,5251.725,5494.153135790312,5498.490146156165,5357.476847742063,5539.29052734375,5606.60498046875,5316.5894049337085,5514.011886796474,5263.2,5937.793116666667,5070.08,5070.08
1713,3,8,5136.488,5598.782913604398,5555.221751442064,5447.021084918651,5539.29052734375,5606.2529296875,5355.335622050045,5585.897510173683,5263.2,5937.793116666667,5070.08,5070.08
1714,1,8,5251.725,5375.908168686583,5395.403293438491,5247.603759689484,5483.521484375,5571.05078125,5259.651719373368,5494.019632639821,5263.2,5874.038716666666,5073.48,5073.48
1714,2,8,5136.488,5543.397697088617,5499.854968245748,5377.483004003968,5483.521484375,5570.6982421875,5308.324671079773,5548.921311038128,5263.2,5874.038716666666,5073.48,5073.48
1714,3,8,5559.344,5632.987771073494,5551.703304003175,5489.08723152877,5483.521484375,5570.34619140625,5330.548965517783,5610.576731481826,5263.2,5874.038716666666,5073.48,5073.48
1715,1,8,5136.488,5572.7069175257575,5602.997028724603,5463.544446054564,5623.9990234375,5686.99658203125,5412.7410584009995,5605.837353725992,5251.725,5820.768416666667,5251.725,5251.725
1715,2,8,5559.344,5781.244448262487,5701.883208108249,5583.2621477351195,5623.9990234375,5686.64453125,5460.770867497607,5685.122837360702,5251.725,5820.768416666667,5251.725,5251.725
1715,3,8,5836.347,5871.151492258599,5751.874605029564,5696.169788377977,5623.9990234375,5686.2919921875,5520.37384262915,5716.73545625636,5251.725,5820.768416666667,5251.725,5251.725
1716,1,8,5559.344,5475.429862477693,5525.537835441171,5356.327591214286,5632.64599609375,5584.70654296875,5403.574700395602,5595.9315935078375,5136.488,5776.086883333333,5136.488,5136.488
1716,2,8,5836.347,5693.176636629303,5633.802940449023,5459.345603338294,5632.64599609375,5584.3544921875,5428.851263980981,5648.888842841806,5136.488,5776.086883333333,5136.488,5136.488
1716,3,8,6112.908,5779.798942915207,5675.715988171825,5549.8323373288695,5632.64599609375,5584.00244140625,5436.589317006936,5674.772560257978,5136.488,5776.086883333333,5136.488,5136.488
1717,1,8,5836.347,6008.581096959115,5940.846438288903,5762.114595515874,5900.1611328125,5924.6591796875,5814.158867495336,5910.558850373151,5559.344,5755.354149999999,5559.344,5559.344
1717,2,8,6112.908,6168.390095457885,6046.643912860048,5896.739435388889,5900.1611328125,5924.30712890625,5831.830810409441,6001.383034842044,5559.344,5755.354149999999,5559.344,5559.344
1718,1,8,6112.908,6220.455473147351,6213.65488704871,6025.961447756448,6079.546875,6107.4580078125,6043.527080754675,6271.2018987499,5836.347,5756.291316666667,5836.347,5836.347
1719,3,8,6763.728,6393.115114297409,6531.68382080737,6449.521482047124,6259.5888671875,6387.2724609375,6361.937269301667,6673.634711426817,6112.908,5779.288566666666,6112.908,6112.908
1720,2,8,6763.728,6364.529949872739,6484.838120975965,6526.527488553572,6328.9296875,6455.193359375,6490.008066617743,6683.887927160397,6112.908,5810.0751666666665,6328.368,6328.368
1720,3,8,6740.772,6377.642687510457,6506.837109298186,6576.518691256944,6328.9296875,6454.8408203125,6581.102501218713,6653.3965378022895,6112.908,5810.0751666666665,6328.368,6328.368
1721,1,8,6763.728,6209.128897373449,6329.988792858688,6383.826309774802,6282.265625,6349.80859375,6413.079886330412,6429.780171742475,6112.908,5835.018566666667,6372.144,6372.144
1721,2,8,6740.772,6193.5165789692755,6295.346959227254,6437.407382690476,6282.265625,6349.4560546875,6423.150386101397,6485.218668474193,6112.908,5835.018566666667,6372.144,6372.144
1721,3,8,6568.302,6162.917510191277,6286.695114145905,6454.292869724207,6282.265625,6349.10400390625,6434.231616192875,6477.090454091816,6112.908,5835.018566666667,6372.144,6372.144
1722,1,8,6740.772,6488.291804317503,6632.83624839227,6736.578645774802,6539.66259765625,6657.75341796875,6719.267513027933,6447.343117839205,6763.728,5868.033466666667,6763.728,6763.728
1722,2,8,6568.302,6489.3182521592835,6576.416213841193,6740.9929735248015,6539.66259765625,6657.4013671875,6711.254296098225,6452.150244848699,6763.728,5868.033466666667,6763.728,6763.728
1722,3,8,6345.801,6455.604239344987,6570.754854315399,6729.185318359127,6539.66259765625,6657.04931640625,6751.826914353398,6468.045815089104,6763.728,5868.033466666667,6763.728,6763.728
1723,1,8,6568.302,6406.906701705342,6632.6895138964,6671.920890230159,6510.68359375,6518.40771484375,6696.500627849844,6515.68570444527,6740.772,5899.689066666667,6740.772,6740.772
1723,2,8,6345.801,6348.184741063203,6600.057349122095,6657.09891552877,6510.68359375,6518.0556640625,6702.228671986099,6468.8091109220895,6740.772,5899.689066666667,6740.772,6740.772
1723,3,8,6018.854,6293.016408498254,6580.061842693027,6638.611217195436,6510.68359375,6517.70361328125,6685.0597417625,6429.868353255664,6740.772,5899.689066666667,6740.772,6740.772
1724,1,8,6345.801,6400.25015858954,6502.421126084369,6489.518875593253,6392.0185546875,6387.5419921875,6625.57701199143,6434.542573656674,6568.302,5921.556633333333,6568.302,6568.302
1724,2,8,6018.854,6401.9731994567155,6484.616263093466,6487.641656008928,6392.0185546875,6387.18994140625,6602.172179556309,6411.523755898799,6568.302,5921.556633333333,6568.302,6568.302
1725,1,8,6018.854,6186.824606177119,6389.338206863336,6332.095194569445,6160.4384765625,6144.69970703125,6446.013441939682,6310.8018864157375,6345.801,5935.439433333334,6345.801,6345.801
1726,3,8,5924.1875,6269.721494746094,6335.469201448617,6103.781242827381,5944.36328125,5762.6318359375,6217.812498450116,6201.604924120671,6018.854,5937.819733333334,6018.854,6018.854
1727,2,8,5924.1875,6346.80512834344,6267.180239150184,6086.927845500993,5961.1083984375,5885.03515625,6303.483638245392,6152.740798397062,6018.854,5942.432933333333,6058.64,6058.64
1727,3,8,5839.1685,6440.018448405643,6330.838379860516,6107.996828769841,5961.1083984375,5884.6826171875,6300.700726727954,6203.412380063962,6018.854,5942.432933333333,6058.64,6058.64
1728,1,8,5924.1875,6187.528958426553,6189.709797083284,6079.986003060516,5841.0380859375,5810.2158203125,6272.621435168918,6187.958907259945,6018.854,5941.992616666666,6043.284000000001,6043.284000000001
1728,2,8,5839.1685,6273.962209864959,6224.773818260892,6130.056314908731,5841.0380859375,5809.86376953125,6386.153229715326,6172.635827038892,6018.854,5941.992616666666,6043.284000000001,6043.284000000001
1728,3,8,5997.927,6376.197812971516,6261.554771570501,6124.067872410715,5841.0380859375,5809.51171875,6391.151221902287,6243.462388633958,6018.854,5941.992616666666,6043.284000000001,6043.284000000001
1729,1,8,5839.1685,6002.473746768722,6126.906804515675,5897.181480534722,5944.3544921875,5962.3681640625,6165.206545957344,5965.350290713432,5924.1875,5933.299150000001,5924.1875,5924.1875
1729,2,8,5997.927,6092.821989122216,6170.0105626928425,5926.3203128085315,5944.3544921875,5962.015625,6231.4135036607795,5959.335960801504,5924.1875,5933.299150000001,5924.1875,5924.1875
1730,1,8,5997.927,6060.392264002035,6008.488378756272,5855.555881235119,5902.87255859375,5973.23583984375,6089.575095887459,5814.535443490257,5839.1685,5921.361616666666,5839.1685,5839.1685
1736,3,8,5889.9,6190.124135351822,6194.955576278182,6016.797805824404,5852.65185546875,5952.21435546875,6102.1037058714455,6077.237766504862,5997.927,5829.75825,5826.441,5826.441
1737,2,8,5889.9,6214.802865487409,6166.234913848009,6027.749116240079,5838.60546875,5918.78125,6090.033236209575,6126.42989415757,5997.927,5834.586433333333,5848.8975,5848.8975
1737,3,8,5745.1725,6227.5123125825285,6223.961756956001,6061.773761980158,5838.60546875,5918.42919921875,6144.393427401625,6123.81922259111,5997.927,5834.586433333333,5848.8975,5848.8975
1738,1,8,5889.9,6186.915863107716,6164.050688925924,5984.489524695437,5917.4462890625,6008.4638671875,6139.2948816632925,6151.546030653667,5997.927,5840.465183333334,5908.7815,5908.7815
1738,2,8,5745.1725,6248.018588990211,6230.088747027076,6057.576169142857,5917.4462890625,6008.111328125,6218.195260751504,6221.973551931254,5997.927,5840.465183333334,5908.7815,5908.7815
1739,1,8,5745.1725,6181.483143934101,6152.441889433265,6012.001620603174,5964.9140625,5988.5234375,6161.393626039023,6069.424296595953,5889.9,5846.9596833333335,5889.9,5889.9
1740,3,8,5912.9585,6334.237848471,6224.873643428324,6026.119111048611,5814.49560546875,5814.44580078125,6071.474145396667,6219.83221361398,5745.1725,5857.790433333334,5745.1725,5745.1725
1741,2,8,5912.9585,6174.389145854902,6200.517598542354,5942.698919252975,5799.265625,5853.6025390625,6042.108745508274,6146.652931094232,5745.1725,5873.742933333333,5741.775,5741.775
1741,3,8,6024.4015,6293.93836633796,6271.405889808454,5989.868966225198,5799.265625,5853.25048828125,6078.082117367637,6248.6707915302,5745.1725,5873.742933333333,5741.775,5741.775
1742,1,8,5912.9585,6187.042893286896,6169.7815841547945,5967.261411459326,5834.4765625,5901.38525390625,6077.962051036567,6043.656608133954,5745.1725,5898.510033333334,5853.213000000001,5853.213000000001
1742,2,8,6024.4015,6268.305278272163,6286.495923078367,6054.376333650795,5834.4765625,5901.033203125,6132.601280659552,6090.574046159505,5745.1725,5898.510033333334,5853.213000000001,5853.213000000001
1743,1,8,6024.4015,6322.924890314181,6216.098028179595,6016.293422556548,5866.10693359375,5926.4638671875,6147.190583012526,6206.064205421452,5912.9585,5926.605983333333,5912.9585,5912.9585
1743,3,8,6094.911,6501.086960089582,6377.153354001594,6168.714860395833,5866.10693359375,5925.75927734375,6245.024921222427,6329.069066429786,5912.9585,5926.605983333333,5912.9585,5912.9585
1744,2,8,6094.911,6450.615123620598,6384.720569621095,6187.605111147817,5949.6953125,6009.47265625,6281.90525943767,6349.742302813022,6024.4015,5958.303366666668,6024.4015,6024.4015
1744,3,8,6074.124,6539.624342773939,6436.478441540851,6236.971520774801,5949.6953125,6009.12060546875,6330.029254634652,6464.203866382754,6024.4015,5958.303366666668,6024.4015,6024.4015
1745,1,8,6094.911,6563.438342630256,6489.103837387227,6365.923551796627,6100.041015625,6189.9326171875,6439.190670572745,6477.9462731447375,6024.4015,5991.997700000001,6262.555,6262.555
1745,2,8,6074.124,6687.347776675298,6565.257242956831,6427.435853854167,6100.041015625,6189.58056640625,6428.827440910844,6541.981206909049,6024.4015,5991.997700000001,6262.555,6262.555
1746,1,8,6074.124,6220.559774778033,6279.010692067262,6148.628283581349,6119.0068359375,6130.37646484375,6203.58676528144,6446.758991033915,6094.911,6023.945133333333,6094.911,6094.911
1747,3,8,6116.47,6537.428968706725,6491.394913141964,6281.814515374008,6097.00341796875,6115.966796875,6244.781934846651,6689.509963006329,6074.124,6041.104466666668,6074.124,6074.124
1748,2,8,6116.47,6173.734244799029,6203.948791010869,6009.837917122023,5882.42236328125,5859.7138671875,5952.346887138754,6233.2586106410345,6074.124,6039.811966666666,5797.571999999999,5797.571999999999
1748,3,8,5902.2715,6234.0823412793825,6254.534338166057,6061.8383950952375,5882.42236328125,5859.36181640625,6037.824644187957,6384.323882088393,6074.124,6039.811966666666,5797.571999999999,5797.571999999999
1749,1,8,6116.47,6240.918844065701,6121.990940245814,5962.052167774801,5876.7138671875,5882.8076171875,5959.706646251125,6193.637739673503,6074.124,6032.0173,5879.067999999999,5879.067999999999
1749,2,8,5902.2715,6276.8372950527155,6227.092626222108,6035.333606545634,5876.7138671875,5882.45556640625,5953.983568913465,6195.938492329483,6074.124,6032.0173,5879.067999999999,5879.067999999999
1749,3,8,5930.96,6346.92702812601,6268.4367574983835,6089.544994766864,5876.7138671875,5882.103515625,5977.426170391805,6402.759016561573,6074.124,6032.0173,5879.067999999999,5879.067999999999
1750,1,8,5902.2715,6468.773438310181,6376.312809829893,6192.957440627976,5956.5517578125,5996.72509765625,6255.2084597775165,6376.342375804527,6116.47,6024.9540333333325,6116.47,6116.47
1750,2,8,5930.96,6568.323323626408,6479.96186850569,6277.928506074405,5956.5517578125,5996.373046875,6241.143883693559,6389.189565393303,6116.47,6024.9540333333325,6116.47,6116.47
1750,3,8,5784.042,6644.511314718326,6513.223557379944,6327.844442353175,5956.5517578125,5996.0205078125,6270.302832792564,6522.442915755719,6116.47,6024.9540333333325,6116.47,6116.47
1751,1,8,5930.96,6278.583607821597,6196.343867889119,6005.099759238095,5876.14892578125,5832.29296875,6094.973806302838,6083.94696455819,5902.2715,6009.291616666666,5902.2715,5902.2715
1751,2,8,5784.042,6415.825812605463,6286.4110653795,6109.879597795634,5876.14892578125,5831.94091796875,6161.025546527536,6120.882451071695,5902.2715,6009.291616666666,5902.2715,5902.2715
1751,3,8,5940.571,6505.4625342957515,6347.587247408968,6163.888040017857,5876.14892578125,5831.5888671875,6194.002312524729,6210.228668091537,5902.2715,6009.291616666666,5902.2715,5902.2715
1752,1,8,5784.042,6298.275167881865,6253.385569349752,6050.477641785715,5983.984375,5969.04931640625,6127.836434744583,6136.264424366867,5930.96,5981.532683333333,5930.96,5930.96
1752,2,8,5940.571,6405.283631239073,6334.705697043786,6143.864486149801,5983.984375,5968.697265625,6189.7896361861785,6140.394767549808,5930.96,5981.532683333333,5930.96,5930.96
1753,1,8,5940.571,6049.27887995749,6047.441568607491,5875.311600212302,5868.029296875,5773.85546875,5991.243059191318,6014.97393208339,5784.042,5949.641683333333,5784.042,5784.042
1755,3,8,5901.8805,6595.592272897218,6424.611309948215,6336.165934264882,6028.1943359375,6005.64453125,6250.601864754024,6502.651711556762,5940.571,5920.5963833333335,6102.173000000001,6102.173000000001
1756,2,8,5901.8805,6184.782477535386,6252.4050439765315,6121.073474734128,5933.1201171875,5875.7822265625,6160.278076395797,6244.090493918488,5940.571,5921.17825,6036.31,6036.31
1756,3,8,5908.06,6304.211119064923,6284.219409487756,6161.250287548612,5933.1201171875,5875.43017578125,6174.670970863224,6313.612520408753,5940.571,5921.17825,6036.31,6036.31
1757,1,8,5901.8805,6098.497567295268,6019.701677446559,5864.634922877976,5823.595703125,5736.54736328125,5862.328351490985,5947.6709637115,5940.571,5910.95055,5751.809,5751.809
1757,2,8,5908.06,6199.508494179291,6097.1126077688,5940.736010148809,5823.595703125,5736.1953125,5886.624010148282,5996.224256773761,5940.571,5910.95055,5751.809,5751.809
1757,3,8,5837.49,6320.581169073045,6133.693009875334,6028.264130825397,5823.595703125,5735.84326171875,5886.955474526121,6066.431605917604,5940.571,5910.95055,5751.809,5751.809
1758,1,8,5908.06,6283.311086934263,6214.724763895617,6047.944156008929,5980.44921875,6014.8076171875,6035.832397931326,6268.5970909478465,5901.8805,5906.2371,5901.8805,5901.8805
1758,2,8,5837.49,6364.664103645873,6306.505902873385,6141.730539001985,5980.44921875,6014.45556640625,6038.5391232807115,6318.549565431124,5901.8805,5906.2371,5901.8805,5901.8805
1758,3,8,5647.9865,6478.5405169321975,6348.10825880545,6227.671349801587,5980.44921875,6014.10302734375,6065.776398484859,6430.73371775933,5901.8805,5906.2371,5901.8805,5901.8805
1759,1,8,5837.49,6318.590553417741,6175.006364183464,6071.790467624504,6044.30712890625,6079.8359375,6044.7403364360125,6416.188304682913,5908.06,5905.699516666667,5908.06,5908.06
1759,2,8,5647.9865,6510.018118821945,6259.274128808653,6189.093280227183,6044.30712890625,6079.48388671875,6063.084082023472,6477.905843525875,5908.06,5905.699516666667,5908.06,5908.06
1760,1,8,5647.9865,6144.943789924255,6115.791958553106,6040.139480010912,6041.44970703125,6068.716796875,5999.2884347593335,6289.480139609569,5837.49,5905.643566666667,5837.49,5837.49
1761,3,8,6218.89,6097.552515259878,6049.980618711869,5958.225916688492,5816.943359375,5787.6806640625,5974.832894329718,6201.563747564574,5647.9865,5893.978883333333,5647.9865,5647.9865
1762,2,8,6218.89,5983.488006174276,6179.73993340569,6014.89857085615,5890.58837890625,5949.53955078125,6158.923070831719,6199.415274090242,5647.9865,5891.043516666667,5859.509,5859.509
1762,3,8,6300.162,6078.7733678005525,6222.903221515866,6053.1535011488095,5890.58837890625,5949.1875,6222.867263875432,6297.180029715362,5647.9865,5891.043516666667,5859.509,5859.509
1763,1,8,6218.89,6048.936492983837,6257.420497231994,6105.875118645833,5984.853515625,6067.162109375,6345.487277260367,6322.010427534718,5647.9865,5900.595700000001,6087.1475,6087.1475
1763,2,8,6300.162,6054.6139646046,6326.219541413804,6159.939450835318,5984.853515625,6066.81005859375,6402.569741302054,6340.526756969386,5647.9865,5900.595700000001,6087.1475,6087.1475
1763,3,8,6547.446,6105.294662116226,6370.268526596117,6201.216342125,5984.853515625,6066.45751953125,6436.265822988502,6432.999820671667,5647.9865,5900.595700000001,6087.1475,6087.1475
1764,1,8,6300.162,6312.103146807093,6452.760899893179,6266.576252990079,6124.9072265625,6268.34375,6445.801048961999,6539.333359004421,6218.89,5918.6223,6218.89,6218.89
1764,2,8,6547.446,6340.106628535105,6521.198526505563,6319.919461446429,6124.9072265625,6267.9912109375,6495.713465392697,6588.3123905808525,6218.89,5918.6223,6218.89,6218.89
1764,3,8,6798.57,6366.87857736195,6583.1756288724,6388.29348252877,6124.9072265625,6267.63916015625,6526.89003657405,6681.505636203125,6218.89,5918.6223,6218.89,6218.89
1765,1,8,6547.446,6462.529863430537,6499.648419482174,6331.422331654762,6247.7294921875,6382.2666015625,6528.689715995716,6470.659519339887,6300.162,5939.51675,6300.162,6300.162
1765,2,8,6798.57,6564.103445930403,6565.159052158497,6385.421709069445,6247.7294921875,6381.91455078125,6574.312565728203,6480.912664055205,6300.162,5939.51675,6300.162,6300.162
1766,1,8,6798.57,6749.6014432724905,6741.336207487425,6607.089528374007,6468.6005859375,6602.826171875,6677.190176113258,6714.088717959892,6547.446,5963.55025,6547.446,6547.446
1772,3,8,6107.6625,6327.668445233472,6480.161399204436,6266.926708972222,6383.6943359375,6319.619140625,6328.393368434642,6533.089497120178,6798.57,6103.78925,6199.4545,6199.4545
1773,2,8,6107.6625,6384.80356015395,6500.579505832611,6306.858469250991,6394.36865234375,6373.8095703125,6339.221645786755,6334.0446982816375,6798.57,6117.206566666666,6315.477999999999,6315.477999999999
1774,1,8,6107.6625,6208.801343869676,6261.903512112373,6199.396308947421,6311.83935546875,6246.29345703125,6136.489068911936,6262.777241487775,6798.57,6121.4132666666665,6150.6025,6150.6025
1775,3,8,6727.463,6265.777222685956,6309.783400588069,6149.76791876885,6177.1494140625,6117.06689453125,6214.393784657444,6442.053664651043,6107.6625,6116.250183333334,6107.6625,6107.6625
1776,2,8,6727.463,6556.471951700634,6757.860814966689,6547.717794391865,6425.857421875,6407.89208984375,6736.857854760353,6514.902203307354,6107.6625,6132.054483333334,6569.04,6569.04
1776,3,8,6173.024,6475.960172629605,6793.662554074229,6554.265863361111,6425.857421875,6407.53955078125,6799.430517118327,6618.418695053247,6107.6625,6132.054483333334,6569.04,6569.04
1777,1,8,6727.463,6568.902221097338,6691.3250032411215,6577.98314676885,6425.13037109375,6338.27197265625,6746.237283702181,6521.691998847,6107.6625,6150.7648500000005,6635.435,6635.435
1777,2,8,6173.024,6563.6411350706785,6735.043254234078,6584.640043978175,6425.13037109375,6337.919921875,6761.183943532303,6498.7445212338025,6107.6625,6150.7648500000005,6635.435,6635.435
1777,3,8,6458.0175,6458.135795907748,6765.906673038245,6602.445327942461,6425.13037109375,6337.5673828125,6796.290474090407,6573.150035925678,6107.6625,6150.7648500000005,6635.435,6635.435
1778,1,8,6173.024,6701.528313778355,6776.046061186192,6654.179282513889,6589.57666015625,6547.556640625,6777.338275175867,6672.307965336585,6727.463,6181.761216666667,6727.463,6727.463
1778,2,8,6458.0175,6688.891188604977,6806.875326016468,6656.948570477182,6589.57666015625,6547.2041015625,6817.563814433208,6626.520398309331,6727.463,6181.761216666667,6727.463,6727.463
1778,3,8,6154.4805,6645.432499796939,6859.118642572222,6648.078877082341,6589.57666015625,6546.85205078125,6818.439890917728,6703.255085374931,6727.463,6181.761216666667,6727.463,6727.463
1779,1,8,6458.0175,6063.274054924639,6231.8200212715565,6120.49285849504,6304.0712890625,6205.1328125,6241.510632889697,6348.062061973228,6173.024,6191.55975,6173.024,6173.024
1779,2,8,6154.4805,6034.248650313694,6253.915513113043,6113.961024853175,6304.0712890625,6204.7802734375,6204.240178088055,6366.939857783029,6173.024,6191.55975,6173.024,6173.024
1780,1,8,6154.4805,6160.918389462693,6246.51677015034,6224.379997526786,6493.73681640625,6572.40478515625,6551.068363648157,6482.76395710535,6458.0175,6202.944666666666,6458.0175,6458.0175
1782,3,8,6683.305,5215.087913991534,5397.106834894217,5443.200509521826,5988.57861328125,5711.7021484375,5799.243480557583,5713.710687068748,6154.4805,6204.526750000001,5726.2135,5726.2135
1783,2,8,6683.305,6275.447145843862,6373.984736767212,6210.908278856151,6183.93798828125,6067.8203125,6436.422895993127,6466.16630684866,6154.4805,6220.567433333333,6265.2625,6265.2625
1783,3,8,6831.841,6347.886598687361,6387.527072531002,6227.12772939881,6183.93798828125,6067.46826171875,6430.950606627884,6592.944578141992,6154.4805,6220.567433333333,6265.2625,6265.2625
1784,1,8,6683.305,6474.310285991119,6531.572588864285,6387.15784188988,6307.16259765625,6119.30126953125,6561.7525574817355,6474.792580847208,6154.4805,6238.393166666666,6475.342999999999,6475.342999999999
1784,2,8,6831.841,6456.6158035732915,6557.675228277727,6388.004036823411,6307.16259765625,6118.94921875,6594.219572196375,6465.6826956659415,6154.4805,6238.393166666666,6475.342999999999,6475.342999999999
1784,3,8,7123.032,6517.768344784061,6570.65847912356,6408.614412863094,6307.16259765625,6118.5966796875,6612.648944814787,6578.538854335048,6154.4805,6238.393166666666,6475.342999999999,6475.342999999999
1785,1,8,6831.841,6624.89493770458,6751.401675505209,6608.971716317461,6590.158203125,6596.841796875,6809.498672474106,6971.232297974136,6683.305,6257.764233333333,6683.305,6683.305
1785,2,8,7123.032,6626.991577701514,6801.207202001701,6604.308349953373,6590.158203125,6596.4892578125,6856.873088225015,6966.925013673364,6683.305,6257.764233333333,6683.305,6683.305
1785,3,8,7061.3405,6681.673149504316,6814.446546590278,6625.534065560516,6590.158203125,6596.13720703125,6819.271618296385,7077.729407217444,6683.305,6257.764233333333,6683.305,6683.305
1786,1,8,7123.032,6821.604172280958,6884.743880871525,6805.422015758929,6763.302734375,6724.38623046875,6910.683438387971,7041.407203570633,6831.841,6284.281933333333,6831.841,6831.841
1786,2,8,7061.3405,6842.3961251839855,6909.642435780007,6790.93204704762,6763.302734375,6724.0341796875,6974.884905136945,7029.943338439458,6831.841,6284.281933333333,6831.841,6831.841
1786,3,8,7008.486,6890.7516947948325,6922.429617108975,6820.009617451389,6763.302734375,6723.681640625,6955.2020163327725,7101.689290918718,6831.841,6284.281933333333,6831.841,6831.841
1787,1,8,7061.3405,7148.247137595422,7160.136518073725,7083.701083357143,7035.287109375,6963.12451171875,7101.339164174594,7238.857058326867,7123.032,6329.989366666667,7123.032,7123.032
1787,2,8,7008.486,7097.4094243081145,7146.3470553626985,7085.647280833334,7035.287109375,6962.7724609375,7169.421044423808,7200.113776713569,7123.032,6329.989366666667,7123.032,7123.032
1788,1,8,7008.486,7026.425321832445,7097.710008341469,7041.236204632937,6904.58740234375,6851.591796875,6986.394970751998,7123.647718776704,7061.3405,6368.638033333334,7061.3405,7061.3405
1789,3,8,7509.24,7099.548680563688,7109.34566126121,6998.6801971279765,6967.70263671875,6852.4287109375,6970.682889536491,7181.320817559492,7008.486,6405.318899999999,7008.486,7008.486
1790,2,8,7509.24,7110.387412969552,7189.604420217587,7072.822842914682,6910.13623046875,6813.755859375,6929.222645469573,7191.585138841638,7008.486,6447.222299999999,7094.592,7094.592
1790,3,8,7083.585,7141.126316404097,7188.70433636481,7058.158279674602,6910.13623046875,6813.4033203125,6953.425303826218,7167.550600643911,7008.486,6447.222299999999,7094.592,7094.592
1791,1,8,7509.24,7211.591807695578,7262.981198826219,7205.914609008928,7008.20263671875,6887.9541015625,7169.036692632946,7479.092400983009,7008.486,6502.471083333334,7305.45,7305.45
1791,2,8,7083.585,7197.612409626894,7246.939191696259,7182.531588384921,7008.20263671875,6887.60205078125,7135.6794781266835,7398.631734354961,7008.486,6502.471083333334,7305.45,7305.45
1792,1,8,7083.585,7367.763483221522,7308.121305734595,7357.256858450397,7169.79736328125,7100.97314453125,7296.410083735218,7494.200789616863,7509.24,6557.462116666667,7509.24,7509.24
1792,3,8,6798.644,7252.175923626393,7232.982185252338,7317.331189964286,7169.79736328125,7100.26904296875,7242.054672442345,7309.771284745436,7509.24,6557.462116666667,7509.24,7509.24
1793,2,8,6798.644,7173.010224030429,7203.969290274086,7073.690019068453,6960.7958984375,6741.23193359375,7018.2170000167225,7128.919204108019,7083.585,6590.676699999999,7083.585,7083.585
1793,3,8,6812.24,7217.344135508771,7232.169729554642,7090.637761203373,6960.7958984375,6740.8798828125,6984.843445397345,7197.042731553774,7083.585,6590.676699999999,7083.585,7083.585
1794,1,8,6798.644,6780.870104480899,6693.712038569346,6636.744917618056,6760.2685546875,6439.3876953125,6564.648513400595,6733.810581819471,7083.585,6602.443366666667,6571.89,6571.89
1794,2,8,6812.24,6820.0149370400495,6747.508250770834,6635.7182043878975,6760.2685546875,6439.03515625,6496.352326197491,6766.777517917258,7083.585,6602.443366666667,6571.89,6571.89
1795,1,8,6812.24,7041.102300949901,6966.725283456399,6903.959258453373,6983.7578125,6852.8349609375,6730.5715679344,7169.412534491721,6798.644,6619.059433333333,6798.644,6798.644
1796,3,8,6903.61,7231.0956629884795,7051.120023004982,7002.967662566468,6966.396484375,6861.06689453125,6913.150906882956,7440.5293024696475,6812.24,6627.885899999999,6812.24,6812.24
1797,2,8,6903.61,7017.4563141953595,6989.7186777957695,6894.845443845238,6880.2861328125,6804.0498046875,6750.866601821349,7308.319017673977,6812.24,6626.4829,6756.48,6756.48
1798,1,8,6903.61,6820.296018906693,6892.452155435169,6837.931253329365,6791.7705078125,6689.4521484375,6739.347519082872,6984.4891949390085,6812.24,6630.395566666667,6766.68,6766.68
1798,3,8,7110.918,6942.141534930728,6943.449222091766,6933.4139845019845,6791.7705078125,6688.748046875,6797.402430282058,7110.6074377660325,6812.24,6630.395566666667,6766.68,6766.68
1799,2,8,7110.918,6988.862199035303,7071.396731524752,7043.059160263889,6890.26904296875,6771.95849609375,6862.308253900509,7278.1130480329,6903.61,6638.691633333333,6903.61,6903.61
1799,3,8,7300.6885,7030.937799591437,7120.999247589236,7071.8356381319445,6890.26904296875,6771.60595703125,6886.68583982435,7334.703439239709,6903.61,6638.691633333333,6903.61,6903.61
1800,1,8,7110.918,7273.35186849364,7264.71373042748,7229.840694720238,6975.00537109375,6870.9990234375,7264.55656945343,7486.883239731168,6903.61,6658.013749999999,7129.9025,7129.9025
1800,2,8,7300.6885,7290.594943576435,7294.716489292361,7274.759800357143,6975.00537109375,6870.64697265625,7176.074592157208,7568.597024918871,6903.61,6658.013749999999,7129.9025,7129.9025
1800,3,8,7347.22,7361.466322034354,7343.741525401687,7292.901035114088,6975.00537109375,6870.294921875,7325.176780033626,7611.264634574698,6903.61,6658.013749999999,7129.9025,7129.9025
1801,1,8,7300.6885,7373.792827696457,7299.364132318799,7248.207222020833,7135.14697265625,7084.4296875,7280.941781660788,7443.8807814481725,7110.918,6683.62375,7110.918,7110.918
1801,2,8,7347.22,7436.225494276469,7356.082960346123,7319.530449426587,7135.14697265625,7084.0771484375,7319.7361130133195,7557.528316391431,7110.918,6683.62375,7110.918,7110.918
1802,1,8,7347.22,7534.940551660504,7503.72906886632,7401.134645660714,7380.85009765625,7443.20703125,7441.946176735683,7799.215279023921,7300.6885,6720.331550000001,7300.6885,7300.6885
1803,3,8,7318.6785,7625.646522050298,7537.724084668701,7487.750896223215,7425.83544921875,7488.34716796875,7580.682986809292,7903.688745049165,7347.22,6754.72295,7347.22,7347.22
1804,2,8,7318.6785,7589.079262477964,7543.193791730477,7546.902979832341,7481.37060546875,7615.60791015625,7638.032777205836,7744.554630531714,7347.22,6796.642533333334,7408.19,7408.19
1804,3,8,7461.6705,7651.554743474915,7569.346474261727,7571.194024309523,7481.37060546875,7615.255859375,7635.265108247913,7816.818268226909,7347.22,6796.642533333334,7408.19,7408.19
1805,1,8,7318.6785,7300.304756645026,7231.537526429464,7173.216285401786,7285.76416015625,7406.1611328125,7281.068249663604,7458.483885347447,7347.22,6831.261116666667,7146.22,7146.22
1805,2,8,7461.6705,7287.906771795157,7268.720412408801,7212.264798111111,7285.76416015625,7405.80908203125,7349.7104902170095,7521.248969006876,7347.22,6831.261116666667,7146.22,7146.22
1806,1,8,7461.6705,7446.6809739938035,7408.058563500744,7334.447102243552,7362.408203125,7524.80078125,7462.2030682547775,7534.33184650769,7318.6785,6856.249066666666,7318.6785,7318.6785
1810,3,9,6644.2215,7348.625766639953,7426.0956813410685,7344.1497748025795,7303.3076171875,7331.56640625,7516.107913671097,7584.253010322468,7461.6705,6993.733166666667,7413.162,7315.4547413238815
1811,2,9,6644.2215,7225.122488386877,7317.664167574207,7132.276932000992,7172.68212890625,7169.61083984375,7267.272452748747,7554.966191034747,7461.6705,7028.401866666667,7194.5415,7144.853003590289
1811,3,9,6649.94,7180.68368377508,7319.583872508732,7128.125465919643,7172.68212890625,7170.3974609375,7300.70679529712,7505.09308974642,7461.6705,7028.401866666667,7194.5415,7142.825694081896
1812,1,9,6644.2215,6673.986617395468,6883.741079913833,6661.040312708335,6802.4775390625,6698.49365234375,6815.563417323806,6924.718317935627,7461.6705,7061.486733333333,6718.759500000001,6741.179079171795
1812,2,9,6649.94,6656.878518228887,6870.721936108528,6673.554015592263,6802.4775390625,6699.2802734375,6807.853361024669,6926.698422874991,7461.6705,7061.486733333333,6718.759500000001,6747.2899682757115
1813,1,9,6649.94,6522.209996920083,6521.949312471922,6654.105290693452,6607.66259765625,6558.68798828125,6760.952855217366,6817.398937740836,6644.2215,7074.118700000001,6644.2215,6672.836330838798
1813,3,9,6590.352,6546.458937131269,6478.215761686805,6666.87019231746,6607.66259765625,6560.26123046875,6779.400235158831,6850.34914087258,6644.2215,7074.118700000001,6644.2215,6679.069889280312
1814,2,9,6590.352,6477.474774052464,6429.369940037997,6652.635752490079,6524.65283203125,6409.1865234375,6805.366079623396,6830.730477411378,6649.94,7079.9386,6649.94,6650.177851007996
1814,3,9,6507.4485,6495.208887469268,6393.459123069744,6649.080309503968,6524.65283203125,6409.9736328125,6773.748835946468,6829.5622983245585,6649.94,7079.9386,6649.94,6648.441600914402
1815,1,9,6590.352,6603.048493833319,6645.614338284424,6753.235561170634,6642.25390625,6582.736328125,6913.277656567343,6724.926259747098,6649.94,7084.036833333333,6806.2519999999995,6756.379399041007
1815,2,9,6507.4485,6543.161513415957,6644.59825204484,6761.974214080356,6642.25390625,6583.52294921875,6885.494962836047,6731.388852031178,6649.94,7084.036833333333,6806.2519999999995,6760.646796097198
1816,1,9,6507.4485,6421.54975287404,6340.454619268753,6560.091622905754,6485.373046875,6381.09375,6689.511593319827,6635.694629036843,6590.352,7075.9872000000005,6590.352,6584.594641876857
1817,3,9,6438.834,6460.839586299932,6357.781752769053,6547.996631737104,6475.57568359375,6342.515625,6508.060769540371,6657.797802794447,6507.4485,7055.46775,6507.4485,6561.703970793372
1818,2,9,6438.834,6489.170826645731,6407.063610007842,6657.202627956349,6565.9833984375,6483.25732421875,6725.860162703666,6770.318648320997,6507.4485,7042.187783333333,6662.9415,6662.984076642716
1818,3,9,6463.4025,6508.552060829551,6386.798915536413,6666.80637547123,6565.9833984375,6484.0439453125,6696.436399179308,6803.140486650065,6507.4485,7042.187783333333,6662.9415,6667.673930364657
1819,1,9,6438.834,6546.786628050484,6488.725483768651,6708.218358437501,6587.84521484375,6581.572265625,6813.590824335385,6713.6827078910355,6507.4485,7033.327633333333,6742.681500000001,6705.4559408343575
1819,2,9,6463.4025,6471.977418798286,6457.087257712601,6718.678123172123,6587.84521484375,6582.35888671875,6830.711751845062,6723.704649191612,6507.4485,7033.327633333333,6742.681500000001,6710.563818409781
1819,3,9,6783.532,6435.762657038161,6436.226873026391,6719.460431631945,6587.84521484375,6583.1455078125,6805.523009616632,6727.870662617282,6507.4485,7033.327633333333,6742.681500000001,6710.94584763705
1820,1,9,6463.4025,6422.0482249627485,6338.181317742063,6428.759461939484,6571.20166015625,6446.90673828125,6416.502627584152,6596.126322749875,6438.834,7011.469033333333,6438.834,6516.362146415984
1820,2,9,6783.532,6317.222594043355,6322.393806772327,6406.706616635416,6571.20166015625,6447.693359375,6376.578062208981,6597.42614002266,6438.834,7011.469033333333,6438.834,6505.592952570727
1820,3,9,6526.611,6276.0527714779155,6296.133669389887,6403.289430763889,6571.20166015625,6448.47998046875,6335.841559174828,6585.759548567647,6438.834,7011.469033333333,6438.834,6503.924218375735
1821,1,9,6783.532,6497.196476491579,6348.411230166471,6474.529427593254,6578.17041015625,6393.982421875,6434.427826179699,6562.814836818255,6463.4025,6983.400783333333,6463.4025,6542.182461778585
1821,2,9,6526.611,6417.342083758559,6339.928527783634,6487.581406627976,6578.17041015625,6394.76904296875,6350.25221740037,6587.367757664464,6463.4025,6983.400783333333,6463.4025,6548.556210397011
1821,3,9,6158.894,6356.6098339448245,6320.069906287901,6467.593752280754,6578.17041015625,6395.5556640625,6316.273291250398,6582.6381102986215,6463.4025,6983.400783333333,6463.4025,6538.795523229013
1822,1,9,6526.611,6496.580454366807,6781.279344694943,6649.524453240079,6884.39697265625,6747.26953125,6687.941551684254,7023.956541932879,6783.532,6959.210516666667,6783.532,6760.278143061634
1822,2,9,6158.894,6359.020892730641,6791.696028515374,6587.482596570437,6884.39697265625,6748.05615234375,6645.253039666361,6868.057899013731,6783.532,6959.210516666667,6783.532,6729.980883375519
1823,1,9,6158.894,6386.327214195974,6512.118292804363,6373.711706864087,6735.76025390625,6636.4169921875,6394.460456045248,6850.312758350954,6526.611,6940.644716666667,6526.611,6543.360920616917
1824,3,9,6890.6205,5802.341641404584,6108.598136579567,5895.347135546627,6412.404296875,6180.5107421875,6019.644334047648,6254.218096524416,6158.894,6926.878183333333,6158.894,6162.07161059255
1825,2,9,6890.6205,6273.07733468711,6277.216571725399,6181.857744160714,6454.12744140625,6232.6552734375,6373.356926486925,6345.278327699943,6158.894,6915.692549999999,6463.075,6359.074467808571
1825,3,9,7236.477,6182.168843684273,6262.049981791867,6140.790900334325,6454.12744140625,6233.44189453125,6352.87700508319,6274.674345491792,6158.894,6915.692549999999,6463.075,6339.020057791115
1826,1,9,6890.6205,6172.551565753854,6571.18812161647,6546.468216975199,6350.87060546875,6182.4052734375,6830.217090076872,6753.575844129328,6158.894,6914.4810166666675,6775.894,6555.675263856186
1826,2,9,7236.477,5955.852396599589,6530.5602039002,6465.556755410715,6350.87060546875,6183.19189453125,6839.527263010577,6726.578675499879,6158.894,6914.4810166666675,6775.894,6516.163300575406
1826,3,9,7460.019,6034.8278538690065,6517.953064500396,6421.596287045635,6350.87060546875,6183.978515625,6808.376129236133,6715.587261377111,6158.894,6914.4810166666675,6775.894,6494.6958301050745
1827,1,9,7236.477,6811.306520523936,6957.232372952581,6719.481253765873,6598.53173828125,6422.771484375,6924.716751314592,7355.190151526571,6890.6205,6918.952366666666,6890.6205,6727.403645433595
1827,2,9,7460.019,6694.604548478287,6956.223817208532,6638.511164150794,6598.53173828125,6423.55810546875,6965.641678265363,7328.8925283291155,6890.6205,6918.952366666666,6890.6205,6687.863051976848
1827,3,9,7534.86,6684.0738875157385,6972.994581719937,6597.255112703373,6598.53173828125,6424.3447265625,6922.5322457259135,7221.703752913072,6890.6205,6918.952366666666,6890.6205,6667.716245104482
1828,1,9,7460.019,7203.623922619373,7077.909329641867,7039.388099576389,6888.26904296875,6828.3291015625,7203.936313478676,7426.659571694651,7236.477,6934.612266666666,7236.477,7018.711491651108
1828,2,9,7534.86,7039.376129134903,7043.5498008140585,6958.237185126984,6888.26904296875,6829.11572265625,7187.45923815037,7328.0405781648415,7236.477,6934.612266666666,7236.477,6979.082594954301
1829,1,9,7534.86,7490.593209526315,7232.394986001106,7309.2957163422625,7110.58447265625,7080.1025390625,7436.867138990338,7621.10364952935,7460.019,6953.159233333334,7460.019,7248.320969846184
1831,3,9,7597.402,7343.42002150878,7250.572995067176,7301.5135135158735,7277.30078125,7141.45654296875,7527.357280486015,7397.085136238611,7534.86,6984.116550000001,7634.68,7320.2832868402365
1832,2,9,7597.402,7429.301064001986,7258.11404083861,7462.629101674604,7389.8544921875,7214.47705078125,7633.238407323177,7667.471213234614,7534.86,6997.8536,7712.8,7443.488869874991
1832,3,9,7333.806,7483.207714459566,7249.2630708559045,7391.13584922123,7389.8544921875,7215.263671875,7711.640668339671,7597.488269249534,7534.86,6997.8536,7712.8,7408.5761552713875
1833,1,9,7597.402,7506.987701055888,7293.774923893952,7523.224516308532,7332.6962890625,7096.56591796875,7673.250113482342,7594.698343363887,7534.86,7009.4402666666665,7694.82,7455.237473644831
1833,2,9,7333.806,7360.574411201227,7239.694046797444,7459.218865284722,7332.6962890625,7097.3525390625,7650.80016875739,7587.905195347556,7534.86,7009.4402666666665,7694.82,7423.981222872501
1833,3,9,7280.251,7376.210789285459,7222.666703703626,7397.424009072421,7332.6962890625,7098.13916015625,7687.056116495731,7479.515308392114,7534.86,7009.4402666666665,7694.82,7393.804582352226
1834,1,9,7333.806,7400.247605028988,7274.194213694552,7397.196419340277,7247.744140625,7034.82421875,7515.136175805431,7455.429707731786,7597.402,7015.747333333333,7597.402,7355.555436124921
1834,2,9,7280.251,7255.542700495302,7225.782364910964,7340.639794171627,7247.744140625,7035.61083984375,7526.139988833903,7503.114163534763,7597.402,7015.747333333333,7597.402,7327.936811349892
1834,3,9,7444.04,7234.1410470924475,7191.990978602432,7276.860260137897,7247.744140625,7036.39794921875,7519.881104737555,7463.225394245888,7597.402,7015.747333333333,7597.402,7296.79098159872
1835,1,9,7280.251,7298.826172272905,7083.307211097494,7126.452962687499,7114.94677734375,6803.244140625,7191.573602692917,7406.5367652950645,7333.806,7022.0002,7333.806,7146.503771661071
1835,2,9,7444.04,7174.784216766894,7047.359673989008,7071.228279409722,7114.94677734375,6804.03076171875,7251.880573040397,7430.566698989967,7333.806,7022.0002,7333.806,7119.535581794359
1835,3,9,7500.262,7116.116753972215,7020.277112340696,7017.041361590277,7114.94677734375,6804.8173828125,7173.273466710524,7427.952394172927,7333.806,7022.0002,7333.806,7093.07416995255
1836,1,9,7444.04,7443.227593196903,7115.073297595843,7152.822013946428,7236.05419921875,6960.2041015625,7318.7569061608965,7509.233998575533,7280.251,7020.719283333334,7280.251,7185.083728888455
1836,2,9,7500.262,7335.376336116654,7086.855585324654,7090.097504654762,7236.05419921875,6960.99072265625,7319.57942382788,7409.017350069796,7280.251,7020.719283333334,7280.251,7154.453105488307
1837,1,9,7500.262,7373.488081948307,7163.700432693313,7317.556338787698,7313.95751953125,7194.654296875,7433.3281067049575,7540.514957094602,7444.04,7020.1316,7444.04,7312.24179254443
1838,3,9,7283.727,7184.089483758943,7178.167698350204,7364.782119993055,7380.62158203125,7309.6025390625,7630.3282807573,7815.401433235722,7500.262,7013.997733333334,7500.262,7362.060957423957
1839,2,9,7283.727,6974.784183150318,7108.756045937545,7123.566372589947,7238.10986328125,7086.390625,7381.334090467805,7216.6501612574175,7500.262,7007.90545,7376.5835,7185.014930499568
1839,3,9,7352.9665,6892.389642806607,7094.08518641721,7127.092007534391,7238.10986328125,7087.17724609375,7343.025761697597,7182.235615331398,7500.262,7007.90545,7376.5835,7186.7366242593
1840,1,9,7283.727,7106.2067531035655,7108.514027193356,7178.866177795634,7111.431640625,6975.6513671875,7272.059382986626,6844.46796027897,7500.262,7006.271833333333,7364.153499999999,7174.485319033828
1840,2,9,7352.9665,6994.64633958553,7063.013044114628,7127.811597781745,7111.431640625,6976.43798828125,7304.564720472763,6744.569815741994,7500.262,7006.271833333333,7364.153499999999,7149.553539878946
1840,3,9,7437.9335,6890.86189328568,7046.449286274846,7110.7144300585305,7111.431640625,6977.224609375,7230.844225919527,6763.975428456145,7500.262,7006.271833333333,7364.153499999999,7141.204380807749
1841,1,9,7352.9665,6907.160466427019,7082.6545061198985,7081.628355524801,7072.95361328125,6903.68994140625,7195.398713250323,7064.116729143858,7283.727,7009.244683333333,7283.727,7104.212647932691
1841,2,9,7437.9335,6919.88701751,7028.134784719741,7052.65265965377,7072.95361328125,6904.4765625,7156.4883208290585,6823.284431803934,7283.727,7009.244683333333,7283.727,7090.062778320228
1841,3,9,7478.928,6847.266529124262,7016.8822705873035,7026.6691382182535,7072.95361328125,6905.26318359375,7174.391576013596,6882.11322778038,7283.727,7009.244683333333,7283.727,7077.374094603308
1842,1,9,7437.9335,7130.61868594865,7146.413869218609,7193.731120163691,7117.77734375,6961.91357421875,7401.942264436957,7236.778721718943,7352.9665,7030.384916666667,7352.9665,7183.730593564384
1842,2,9,7478.928,7072.8251373865905,7102.092449390873,7138.744540714286,7117.77734375,6962.7001953125,7406.841380988788,7118.071458856042,7352.9665,7030.384916666667,7352.9665,7156.87867832109
1842,3,9,7403.3925,7057.393074412743,7085.861484671132,7120.36464233631,7117.77734375,6963.48681640625,7378.33281902549,7154.081913070515,7352.9665,7030.384916666667,7352.9665,7147.903115949914
1843,1,9,7478.928,7148.322756449467,7215.738019137262,7259.1028752638895,7226.25927734375,7174.3876953125,7391.021655025016,7157.8549812130295,7437.9335,7056.841983333333,7437.9335,7261.0883385625875
1843,2,9,7403.3925,7160.607892923781,7176.638705881948,7192.904413319445,7226.25927734375,7175.17431640625,7422.114420886204,7119.615493091263,7437.9335,7056.841983333333,7437.9335,7228.761259715935
1844,1,9,7403.3925,7177.573750748834,7204.472590581207,7317.032070148809,7265.15625,7164.49072265625,7389.255623364884,7045.2452870253155,7478.928,7084.474916666667,7478.928,7308.706705090409
1847,3,9,6531.1875,7522.561769865065,7561.910098274306,7687.453750662698,7393.1435546875,7448.361328125,7841.215938112131,8071.654119394619,7403.3925,7161.3457499999995,8052.0375,7618.75707630115
1848,2,9,6531.1875,7108.744086570309,7101.747004195931,6905.425920982143,6826.06689453125,6552.28955078125,6820.6691680463755,7105.378915438993,7403.3925,7179.7817000000005,7216.02,6952.15384648552
1849,1,9,6531.1875,6423.810684867149,6902.028682601673,6477.247487904761,6628.13818359375,6388.71875,6409.245743192178,6783.310760959217,7403.3925,7179.2086500000005,6725.49,6612.895399347969
1849,3,9,7333.9665,6307.206765326757,6867.858897727876,6358.04982154861,6628.13818359375,6390.2919921875,6238.342976642882,6747.481324277341,7403.3925,7179.2086500000005,6725.49,6554.686911636183
1850,2,9,7333.9665,6034.6543115396635,6248.299489188791,6216.928734746031,6367.4541015625,6179.07080078125,6148.158596070383,5912.637580426201,6531.1875,7182.2871000000005,6531.1875,6383.372619977794
1851,1,9,7333.9665,6819.1479361954825,6830.707224599297,6892.079274300596,6660.10546875,6614.4638671875,6821.098481162081,7226.8070241629275,6531.1875,7201.185350000001,7030.35,6872.555998670905
1852,3,9,8036.353,7195.06594536596,7088.69558414125,7073.0463881706355,7019.5458984375,7001.2587890625,7129.611288085458,7519.51742500813,7333.9665,7219.533166666666,7333.9665,7109.342189353553
1853,2,9,8036.353,7342.302469773124,7214.925329842549,7368.702025625001,7224.6083984375,7284.3232421875,7609.799572469069,7450.33060356901,7333.9665,7258.072266666667,7682.784000000001,7367.330817273925
1853,3,9,8031.875,7360.999766250323,7185.384161836598,7319.798261176587,7224.6083984375,7285.1103515625,7578.737605020354,7465.013995729644,7333.9665,7258.072266666667,7682.784000000001,7343.449358358025
1854,1,9,8036.353,7433.652606833964,7333.877540850838,7671.923399281747,7245.5751953125,7195.5908203125,7725.5125182938655,7310.421006282911,7333.9665,7315.2374,7873.848000000001,7554.877240961429
1854,2,9,8031.875,7436.969505958486,7306.879088843893,7603.208101721231,7245.5751953125,7196.3779296875,7727.480534932082,7353.47669839369,7333.9665,7315.2374,7873.848000000001,7521.321101181713
1854,3,9,8040.1575,7441.980209584251,7265.851145430201,7581.052199890873,7245.5751953125,7197.16455078125,7730.230970878194,7325.663272860785,7333.9665,7315.2374,7873.848000000001,7510.501581145284
1855,1,9,8031.875,7953.249123836652,7984.181164267513,7921.335681391865,7538.43408203125,7490.13525390625,7851.6462181548095,7675.157790295124,8036.353,7367.680000000001,8036.353,7787.652410053725
1855,2,9,8040.1575,7948.1446148321675,7979.807857984772,7865.01905621627,7538.43408203125,7490.921875,7786.493559485031,7605.985455003474,8036.353,7367.680000000001,8036.353,7760.1509858672125
1855,3,9,7968.24,8002.799549056095,7958.580755143501,7820.672779948412,7538.43408203125,7491.708984375,7840.357852478361,7578.70862291095,8036.353,7367.680000000001,8036.353,7738.495111586182
1856,1,9,8040.1575,8102.622306634509,7991.301009953869,7897.907594505291,7562.51513671875,7428.47509765625,7979.254529577198,8267.261744294372,8031.875,7409.546033333333,8031.875,7785.5962167796315
1856,2,9,7968.24,8071.464246842418,7989.585805764382,7840.674195053902,7562.51513671875,7429.26171875,7979.463528587541,8162.958204046425,8031.875,7409.546033333333,8031.875,7757.647098894087
1856,3,9,7853.79,7989.125742029584,7989.528850160211,7803.478379109458,7562.51513671875,7430.048828125,7949.155450498075,8067.264438288973,8031.875,7409.546033333333,8031.875,7739.483050372676
1857,1,9,7968.24,8139.638004530715,8004.9435526899815,7897.1004018306885,7644.20849609375,7538.5322265625,7822.046081101083,8395.126707591196,8040.1575,7447.863933333333,8040.1575,7812.398591938139
1857,2,9,7853.79,8059.251622659431,8002.076386471727,7809.640169688492,7644.20849609375,7539.31884765625,7774.870253870214,8268.215154044736,8040.1575,7447.863933333333,8040.1575,7769.688629540824
1858,1,9,7853.79,7891.579027673873,7879.556880606786,7765.408328867394,7546.3203125,7355.60546875,7689.9869072959755,7974.809584364975,7968.24,7472.256033333334,7968.24,7711.6355765139015
1859,3,9,7391.95,7721.987481453395,7834.470278531255,7539.004734970238,7473.31396484375,7191.9833984375,7506.188517866896,7320.332775963151,7853.79,7485.381733333334,7853.79,7564.23420027188
1860,2,9,7391.95,8220.976177315688,8177.3021846197125,7901.526950530092,7656.4521484375,7456.11572265625,8073.736430903859,8514.367846391731,7853.79,7506.722066666667,8175.07,7843.178443946139
1861,1,9,7391.95,7365.217320378985,7755.551138892106,7523.348648378307,7446.2841796875,7176.53271484375,7574.962223657312,7555.187145046716,7853.79,7510.825483333333,7757.7825,7536.418967113832
1861,3,9,7298.5315,7383.278451017368,7751.849646238333,7437.020387979167,7446.2841796875,7178.10595703125,7560.728820739157,7663.816668909513,7853.79,7510.825483333333,7757.7825,7494.2617870427985
1862,2,9,7298.5315,7249.338432290462,7211.125611072419,7171.646149779762,7130.1396484375,6921.70654296875,7172.928639473633,7460.704589569301,7391.95,7500.130483333333,7391.95,7219.5348925416065
1862,3,9,7596.5945,7161.370432438378,7171.9870715758925,7102.863094779762,7130.1396484375,6922.4931640625,7149.626073569558,7461.284666341897,7391.95,7500.130483333333,7391.95,7185.9456643785
1863,1,9,7298.5315,7109.36439722052,7091.6933749548625,7075.465383720238,7001.07421875,6848.76708984375,7112.93904439267,7423.254635539732,7391.95,7484.470983333334,7225.035,7109.7487945042785
1863,2,9,7596.5945,7180.101929381972,7062.366842276292,6989.131989814484,7001.07421875,6849.55419921875,7054.1211183591495,7417.761305976892,7391.95,7484.470983333334,7225.035,7067.5891075581885
1864,1,9,7596.5945,7230.048867052169,7149.199292855699,7123.563597259921,7179.32275390625,7184.77880859375,7207.631321845645,7425.994664654347,7298.5315,7474.508633333334,7298.5315,7193.601551815202
1866,3,9,6932.16,6913.493559892396,7106.735640837254,7121.423127867063,7239.2607421875,7151.2255859375,7248.057187201395,7482.096133897097,7596.5945,7486.520766666667,7377.8265,7222.374813862567
1867,2,9,6932.16,7012.195714361519,7093.4364858204335,7017.018120616071,7134.3857421875,7038.408203125,7166.273696065126,7135.589982547363,7596.5945,7477.062816666667,7160.3015000000005,7108.145483660645
1867,3,9,6955.826,6887.363545043687,7070.977489131447,6920.800416784722,7134.3857421875,7039.19482421875,7075.741542855303,7126.328076003864,7596.5945,7477.062816666667,7160.3015000000005,7061.158934323437
1868,1,9,6932.16,6884.762688421401,7068.607285381777,6812.342350428571,6984.859375,6879.953125,6989.6335205961705,7053.059929905277,7596.5945,7458.956450000001,6957.071,6933.922427861282
1868,2,9,6955.826,6874.098665142879,7066.326922767356,6744.642847166667,6984.859375,6880.73974609375,6993.9134647008805,7057.343264277766,7596.5945,7458.956450000001,6957.071,6900.862336802618
1868,3,9,7149.736,6852.449023624798,7033.163205152278,6661.331577645833,6984.859375,6881.5263671875,6948.280593913556,7020.004068632179,7596.5945,7458.956450000001,6957.071,6860.178461384562
1869,1,9,6955.826,6945.189978601327,7025.9509746312815,6772.522642557539,6964.6337890625,6918.2822265625,6850.3679324442055,7164.508766519345,6932.16,7444.142333333333,6932.16,6903.843949449552
1869,2,9,7149.736,7068.786278185857,7046.498170019642,6743.616746194444,6964.6337890625,6919.0693359375,6864.486112737141,7170.8558064070285,6932.16,7444.142333333333,6932.16,6889.72816543561
1869,3,9,6894.81,7072.667286427442,6985.437399217559,6688.647256094246,6964.6337890625,6919.85595703125,6798.1600848351245,7144.3083704770115,6932.16,7444.142333333333,6932.16,6862.884595533325
1870,1,9,7149.736,6849.723472577473,7074.2926441483105,6788.5203995724205,7035.74072265625,7077.4443359375,6836.799319423384,7141.856859640967,6955.826,7430.531416666667,6955.826,6934.11383454418
1870,2,9,6894.81,6947.425465885449,7061.458949119543,6744.990838974207,7035.74072265625,7078.23095703125,6856.578323046414,7150.364512626377,6955.826,7430.531416666667,6955.826,6912.856791762739
1870,3,9,7137.768,6860.688446052947,7046.403322844246,6693.281832500992,7035.74072265625,7079.017578125,6817.897331944834,7111.732496444671,6955.826,7430.531416666667,6955.826,6887.605432739556
1871,1,9,6894.81,6948.480359411646,7139.609012958332,7027.14453547123,7252.07470703125,7362.77490234375,7020.7723509239295,7549.3333869264625,7149.736,7426.06505,7149.736,7140.439270105405
1871,2,9,7137.768,7120.197745146354,7124.894515646822,6981.631932892857,7252.07470703125,7363.5615234375,7005.944075893563,7552.397013933705,7149.736,7426.06505,7149.736,7118.213836932921
1872,1,9,7137.768,6677.9838101687765,6944.7744961463295,6754.23173136508,6972.95458984375,6820.55810546875,6787.831542133676,7005.438330620576,6894.81,7410.793166666666,6894.81,6888.921692270383
1873,3,9,7321.4775,7084.721135479587,7086.822603140874,6811.107342798611,7070.97998046875,6968.3291015625,7098.567802227906,7279.458748058591,7137.768,7400.78765,7137.768,6980.34877946547
1874,2,9,7321.4775,7205.476050489715,7158.98770573892,7303.840407949405,7250.36865234375,7132.65478515625,7491.897043984,7401.8909717857605,7137.768,7402.29005,7524.0,7330.139582615132
1874,3,9,6772.161,7120.784599968985,7128.748219720072,7251.398824963294,7250.36865234375,7133.44140625,7463.470053019315,7388.226869343804,7137.768,7402.29005,7524.0,7304.530480254747
1875,1,9,7321.4775,7243.412280384358,7234.110459608629,7443.286282319445,7266.15625,7092.9365234375,7542.341406005081,7035.178000241922,7137.768,7409.717000000001,7626.201,7418.79891359098
1875,2,9,6772.161,7290.754312274718,7211.080521974699,7386.8590073690475,7266.15625,7093.72314453125,7522.120115407934,7002.2436967460035,7137.768,7409.717000000001,7626.201,7391.243455158214
1876,1,9,6772.161,7049.462825877147,7151.497229656744,7150.946171746032,7080.3271484375,6900.51220703125,7191.134690744544,7289.3894422536705,7321.4775,7428.608000000001,7321.4775,7179.076962595004
1876,3,9,6873.635,7030.799021177892,7120.1746000138855,7016.252580177579,7080.3271484375,6902.08544921875,7202.779956569314,7282.723418145477,7321.4775,7428.608000000001,7321.4775,7113.301259853958
1877,2,9,6873.635,6304.153140054114,6708.2449338541655,6499.74847402381,6716.5556640625,6521.30029296875,6627.875571552871,6951.4292380618335,6772.161,7385.94545,6772.161,6672.140214821291
1877,3,9,6549.918,6207.298154329757,6678.216073695434,6439.041251565476,6716.5556640625,6522.0869140625,6604.058029842202,6998.606348996884,6772.161,7385.94545,6772.161,6642.494704799943
1878,1,9,6873.635,6422.363151540506,6533.516115945767,6449.018658268849,6587.6669921875,6370.4697265625,6472.622652488866,6907.450042705929,6772.161,7366.407916666667,6629.894,6588.041895861767
1878,2,9,6549.918,6429.042453909067,6501.866730048943,6384.882046378968,6587.6669921875,6371.25634765625,6483.627287946364,6922.589326024276,6772.161,7366.407916666667,6629.894,6556.721692210188
1879,1,9,6549.918,6732.723100192611,6871.833270422421,6693.148472172619,6696.7265625,6606.02685546875,6680.130201201082,6839.649226667446,6873.635,7371.346083333334,6873.635,6775.307632567656
1880,3,9,4976.064,6044.696795767572,6215.605641103473,6140.905657987103,6386.9130859375,6223.3857421875,6143.076571161731,6434.787110038742,6549.918,7371.970433333333,6549.918,6369.571112691812
1881,2,9,4976.064,5441.332425191826,5633.371797022888,5446.793767323412,5911.8662109375,5628.3203125,5417.928054722436,5585.660690967771,6549.918,7331.495933333334,5816.115,5782.587418210595
1881,3,9,5058.197,5419.196576459383,5597.494299637572,5388.757648065476,5911.8662109375,5629.10693359375,5392.388013914116,5587.883380097565,6549.918,7331.495933333334,5816.115,5754.246303506457
1882,1,9,4976.064,5452.832661422397,5407.292045119629,5121.0098013005945,5446.0927734375,5121.96337890625,4975.387644595456,5019.201985135918,6549.918,7260.608683333334,5207.348999999999,5394.686398531057
1882,2,9,5058.197,5403.450596239834,5411.417304862684,5079.521317097221,5446.0927734375,5122.75,4928.557778943688,5148.179815392816,6549.918,7260.608683333334,5207.348999999999,5374.426086422958
1883,1,9,5058.197,5111.984678837307,5227.753522263169,4998.13430003125,5135.2470703125,4847.9140625,4854.256769283274,5064.476770396252,4976.064,7170.384683333334,4976.064,5205.20553503324
1883,3,9,3828.472,5145.460731576898,5257.023408260192,5044.644571727679,5135.2470703125,4849.4873046875,4851.152616384815,5254.095126970938,4976.064,7170.384683333334,4976.064,5227.918165752237
1884,2,9,3828.472,5381.573394667373,5345.996941059524,5174.525504109127,5231.5546875,5127.5283203125,4923.627962221186,5379.577117987882,5058.197,7076.5296499999995,5058.197,5323.408029574884
1884,3,9,4498.098,5442.876034407106,5354.775723016371,5213.448815911211,5231.5546875,5128.31494140625,4977.743586003123,5498.714564864582,5058.197,7076.5296499999995,5058.197,5342.415676167259
1885,1,9,3828.472,4905.933090440102,5057.133119593608,4985.411526430556,5039.23095703125,4888.8125,4682.992906366277,5157.6742627740605,5058.197,6968.680600000001,4800.8815,5129.452241844813
1885,2,9,4498.098,5102.247395789461,5099.3318811189065,5023.205122208334,5039.23095703125,4889.5986328125,4704.706804316244,5256.739549994906,5058.197,6968.680600000001,4800.8815,5147.908207659126
1886,1,9,4498.098,4611.62148909358,4613.787408959076,4274.4627186145835,4111.94091796875,3677.822021484375,3956.1255348546574,4562.893261639789,3828.472,6828.567166666666,3828.472,4363.270233899964
1887,3,9,5256.972,5075.385296150643,4867.31530107371,5130.561046,4596.8642578125,4360.45703125,4729.55416218486,5115.178798460875,4498.098,6710.498516666666,4498.098,5009.809890106617
1888,2,9,5256.972,5143.513233459702,4956.807514900777,5164.653677701389,4686.02734375,4356.3369140625,4704.697424038031,5015.8879055043835,4498.098,6599.499849999999,4638.28,5063.994150444427
1888,3,9,5985.727,5279.042697254747,5010.064664184972,5286.531658951389,4686.02734375,4357.123046875,4744.377686717511,5054.331083183089,4498.098,6599.499849999999,4638.28,5123.51153187311
1889,1,9,5256.972,4879.535218541544,4932.022936713047,5203.639299506945,4883.62890625,4658.5703125,4972.17928611149,5065.9734218038175,4498.098,6499.9820500000005,4868.255999999999,5165.538653571299
1889,2,9,5985.727,5018.384596865573,4968.268707621528,5293.43509365625,4883.62890625,4659.357421875,5011.447729185066,5198.618650420901,4498.098,6499.9820500000005,4868.255999999999,5209.389154508896
1890,1,9,5985.727,5507.17130254943,5552.9386911923775,5469.998099069444,5173.77880859375,4987.48583984375,5210.232280870308,5726.795255373156,5256.972,6402.712116666666,5256.972,5428.392075545687
1890,3,9,6444.75,5820.4227120958185,5627.708582582624,5625.801503465277,5173.77880859375,4989.05908203125,5185.532301753156,5925.224126082154,5256.972,6402.712116666666,5256.972,5504.476455613428
1891,2,9,6444.75,5889.823559507967,6094.4420241964435,6106.839210572916,5762.4443359375,5644.7998046875,5862.0391702475035,6254.753867227602,5985.727,6343.6436,5985.727,6010.611811330344
1891,3,9,5065.3275,5982.823444952815,6129.230252902791,6131.736401552083,5762.4443359375,5645.5869140625,5862.009005621437,6439.66049708942,5985.727,6343.6436,5985.727,6022.7700009952205
1892,1,9,6444.75,5537.240020613815,5640.175051813823,5397.119785309029,5381.83349609375,4975.43603515625,5142.215897920122,5176.32673601435,5985.727,6271.9777,5241.973000000001,5438.497846555748
1892,2,9,5065.3275,5531.959405483473,5667.518061944775,5475.640353846231,5381.83349609375,4976.22265625,5111.4132455777235,5262.52116437594,5985.727,6271.9777,5241.973000000001,5476.842251178266
1893,1,9,5065.3275,6034.927833885541,6325.856980255059,6448.0105422247025,6144.50341796875,6002.17626953125,6513.327222521721,6207.595487015173,6444.75,6245.9682,6444.75,6346.429867600793
1894,3,9,5430.778,5621.777549801438,5487.464431083534,5396.655878126984,5213.322265625,4682.478515625,4962.191236194538,5763.178421656515,5065.3275,6171.528066666666,5065.3275,5356.201423940702
1895,2,9,5430.778,5501.772754181197,5445.394709422324,5489.969145047619,5273.08544921875,4971.0185546875,5158.813814011617,5652.508266263442,5065.3275,6092.5184500000005,5226.3060000000005,5436.759760479503
1896,1,9,5430.778,5487.346694734194,5626.513338631151,5910.345744739583,5514.2490234375,5306.51123046875,5694.288658039605,5892.965292450386,5065.3275,6039.894400000001,5799.105,5792.633598882584
1896,3,9,5968.616,5687.524564109705,5615.038280295438,5986.812430469741,5514.2490234375,5308.0849609375,5673.998017078242,6173.218447015622,5065.3275,6039.894400000001,5799.105,5829.975019002217
1897,2,9,5968.616,5513.397104403021,5498.257873686609,5503.323964111111,5428.650390625,5294.26513671875,5305.241896365191,5561.287711216749,5430.778,5982.243616666668,5430.778,5509.271049411989
1898,1,9,5968.616,5015.587487528348,4967.583080661722,4558.734572213789,4818.408203125,4580.0068359375,4280.795713067583,4767.067932136918,5430.778,5895.937883333333,4367.898999999999,4708.374096490636
1898,3,9,5407.612,5145.055501402278,5019.820858766434,4601.4439603725195,4818.408203125,4581.580078125,4288.638178051224,4894.519693769002,5430.778,5895.937883333333,4367.898999999999,4729.2306197080225
1899,2,9,5407.612,5913.265259465428,5915.922869387415,5868.010436734127,5796.68505859375,5936.61865234375,5877.220381763092,5836.230580591767,5968.616,5863.819750000001,5968.616,5862.988801955162
1900,1,9,5407.612,5845.542813944842,5854.718061541336,5822.063444255951,5710.47119140625,5686.5380859375,5699.309298762896,5776.273661012594,5968.616,5824.600116666667,5779.236999999999,5784.463958885017
1901,3,9,5240.147,6022.744340491172,5607.439758040014,5521.325127110119,5465.91552734375,5631.146484375,5384.596510362439,5912.056439006306,5407.612,5766.529316666667,5407.612,5507.905059258228
1902,2,9,5240.147,5727.949691440866,5556.684736350992,5451.503492548611,5307.693359375,5225.884765625,5235.5938391183545,5566.063884343073,5407.612,5713.907766666667,5316.1635,5411.371992200755
1902,3,9,5025.0,6042.243989712565,5596.287886875926,5459.920419991071,5307.693359375,5226.67138671875,5267.71074316571,5801.249239717818,5407.612,5713.907766666667,5316.1635,5415.482279193636
1903,1,9,5240.147,5587.278987372472,5465.560796443449,5393.464276591766,5305.89013671875,5282.1201171875,5313.338193496063,5718.060373263276,5407.612,5655.489816666667,5385.2295,5388.406244686254
1903,2,9,5025.0,5640.874322132937,5478.148869023314,5407.341999834822,5305.89013671875,5282.90625,5308.149534088178,5715.459425713028,5407.612,5655.489816666667,5385.2295,5395.18323376293
1903,3,9,4990.5555,5732.463098502176,5494.0986376846895,5438.020232815973,5305.89013671875,5283.693359375,5330.337712941679,5758.701125666943,5407.612,5655.489816666667,5385.2295,5410.164513196431
1904,1,9,5025.0,5358.049448628541,5379.316993600295,5360.594667207341,5091.60302734375,4951.2138671875,5215.131540158732,5457.341374525827,5240.147,5579.361383333334,5240.147,5284.179404497781
1904,2,9,4990.5555,5452.821564841769,5395.588163259027,5409.171945731151,5091.60302734375,4952.00048828125,5210.269963107701,5495.745239202556,5240.147,5579.361383333334,5240.147,5307.901428648628
1905,1,9,4990.5555,5041.49614924368,5185.9563367368055,5203.608233578373,4938.24169921875,4523.458984375,5110.753825952491,5274.566364629596,5025.0,5492.654683333333,5025.0,5124.925171806152
1908,3,9,5193.2045,5312.665459519979,5025.431927960166,5173.6594421423615,4587.5576171875,4473.478515625,4785.4988844901045,5386.388047531927,4990.5555,5288.755416666667,4651.029,4938.946548626998
1909,2,9,5193.2045,4984.33690102387,5010.378374078223,5158.319700840774,4652.560546875,4614.13720703125,4867.876283237762,5279.729724055758,4990.5555,5216.766099999999,4713.9555,4953.552897561279
1909,3,9,5509.656,5166.016818876817,5057.266655139532,5223.7103903611105,4652.560546875,4614.923828125,4878.989474097479,5427.751737032019,4990.5555,5216.766099999999,4713.9555,4985.485512215301
1910,1,9,5193.2045,4693.172154438941,5008.706758041516,5126.924458475695,4561.498046875,4472.4736328125,4829.443150263161,5159.79758600966,4990.5555,5158.9096,4814.223000000001,4923.366103952872
1910,2,9,5509.656,4986.343442119359,5061.785636223957,5248.88349414881,4561.498046875,4473.2607421875,4850.843660334603,5327.433037099378,4990.5555,5158.9096,4814.223000000001,4982.923067158079
1910,3,9,5545.3185,5161.731043677657,5114.317082408779,5318.219597118056,4561.498046875,4474.046875,4863.2262043611145,5494.352080874545,4990.5555,5158.9096,4814.223000000001,5016.782368443471
1911,1,9,5509.656,5348.557001067144,5507.63929538095,5475.030299572916,4956.076171875,5043.70361328125,5290.222848655136,5307.3513679368025,5193.2045,5138.145916666666,5193.2045,5259.992260340221
1911,2,9,5545.3185,5460.698931178062,5538.874690499832,5592.046557905754,4956.076171875,5044.490234375,5305.155364281779,5423.209157965773,5193.2045,5138.145916666666,5193.2045,5317.135488420665
1911,3,9,5623.478,5584.97350464694,5581.661855840805,5678.122122472222,4956.076171875,5045.27685546875,5374.615289711756,5536.249480035788,5193.2045,5138.145916666666,5193.2045,5359.169268070192
1912,1,9,5545.3185,5667.493224108097,5695.249245550296,5781.277256919147,5176.8271484375,5288.29638671875,5707.6260419882765,5628.868318358329,5509.656,5148.222816666666,5509.656,5520.373569989891
1912,2,9,5623.478,5705.959291054374,5735.781616650893,5905.246703007936,5176.8271484375,5289.0830078125,5741.92739093374,5793.180847078631,5509.656,5148.222816666666,5509.656,5580.912288572982
1913,1,9,5623.478,5726.419188156832,5887.623752510218,5786.797918908234,5227.07080078125,5215.08349609375,5744.149831473295,5771.995912557076,5545.3185,5167.197966666666,5545.3185,5544.083300658865
1915,3,9,5175.1865,5827.968613976963,5668.887771594609,5608.047265847223,4929.392578125,4663.279296875,5309.433193330636,5774.692591201968,5623.478,5196.233316666666,5106.661,5308.900895081619
1916,2,9,5175.1865,5284.231860581475,5134.373670765044,5123.938827430556,4726.7900390625,4458.0517578125,5013.195351024264,5505.243379968201,5623.478,5225.7365500000005,4713.569,4958.225049886005
1916,3,9,5086.456,5569.587845920354,5178.4294601582,5218.819233783731,4726.7900390625,4458.83837890625,5016.038494182247,5703.346841882678,5623.478,5225.7365500000005,4713.569,5004.55854898989
1917,1,9,5175.1865,5015.804527962421,5090.514382955354,5032.264024947421,4736.2177734375,4532.0908203125,5009.247171307884,5322.209582613265,5623.478,5235.016350000001,4776.492,4926.4078503689625
1917,2,9,5086.456,5196.945423049443,5141.5118228303545,5182.448442989584,4736.2177734375,4532.8779296875,5048.743372610018,5480.080433018786,5623.478,5235.016350000001,4776.492,4999.748278242682
1918,1,9,5086.456,5361.777480206472,5458.32020166984,5436.712111455853,4853.216796875,4732.94580078125,5338.176954904809,5461.893732639735,5175.1865,5252.913233333335,5175.1865,5218.789186986806
1918,3,9,4901.3325,5705.247814982374,5543.074408283531,5687.8985432857135,4853.216796875,4734.51904296875,5429.884624444395,5739.003139984253,5175.1865,5252.913233333335,5175.1865,5341.452514025853
1919,2,9,4901.3325,5620.219558939126,5481.01172087093,5511.512970662203,4850.275390625,4533.3046875,5293.084110455835,5707.041133205632,5086.456,5260.186566666666,5086.456,5241.568923706042
1919,3,9,4938.395,5744.419805640172,5526.249706922715,5625.937265837301,4850.275390625,4534.0908203125,5320.557592628563,5800.187121169156,5086.456,5260.186566666666,5086.456,5297.446403385289
1920,1,9,4901.3325,5238.579292441744,5435.898295572411,5419.264135762896,4882.595703125,4458.87353515625,5262.102736746769,5335.9005414429585,5086.456,5256.161733333333,5136.227,5212.834952843249
1920,2,9,4938.395,5577.450590516357,5497.994792668216,5577.473020624504,4882.595703125,4459.66015625,5330.721691423737,5635.348750633889,5086.456,5256.161733333333,5136.227,5290.0940151376935
1921,1,9,4938.395,4880.317832071575,5109.416736416828,5206.766175567461,4719.65234375,4414.3740234375,5147.89081954113,5414.872062547228,4901.3325,5220.0152499999995,4901.3325,5024.784908603875
1922,3,9,5097.208,5353.1679201378065,5244.618140796889,5550.053642168651,4805.421875,4723.638671875,5305.551402014816,5733.462343131004,4938.395,5209.895983333334,4938.395,5221.307309313437
1923,2,9,5097.208,5138.080841727759,5180.977961164646,5367.303001171626,4744.54248046875,4813.80224609375,5205.208861377781,5617.54157610458,4938.395,5157.72835,4879.721,5101.939111447209
1923,3,9,4985.7685,5470.998945910797,5233.019032154529,5483.376897940476,4744.54248046875,4814.5888671875,5217.913199629498,5840.946821121807,4938.395,5157.72835,4879.721,5158.62215063978
1924,1,9,5097.208,5026.2455284435555,5155.240908968369,5225.781516072916,4707.5869140625,4855.08447265625,5131.566758669903,5447.413089963036,4938.395,5152.0537,4895.088,5024.357307735638
1924,2,9,4985.7685,5130.426955144361,5203.0930405520485,5362.654352418651,4707.5869140625,4855.87109375,5211.666191048274,5562.909228921165,4938.395,5152.0537,4895.088,5091.197213717545
1924,3,9,4749.626,5436.56120529652,5247.641150794162,5463.9779415932535,4707.5869140625,4856.65771484375,5201.918787999041,5778.913821503762,4938.395,5152.0537,4895.088,5140.6771496565725
1925,1,9,4985.7685,5496.872479869426,5514.148556052449,5395.916627177083,5056.8056640625,5033.6806640625,5340.997366474568,5551.479307212565,5097.208,5147.750433333334,5097.208,5235.753121454346
1925,2,9,4749.626,5712.317110295272,5549.948066528834,5531.858654692956,5056.8056640625,5034.466796875,5373.838504942979,5691.170197311809,5097.208,5147.750433333334,5097.208,5302.138480162039
1926,1,9,4749.626,5248.993406991808,5343.616796267725,5268.848135659722,4793.697265625,4749.9560546875,5271.078948550859,5543.323165171859,4985.7685,5120.6392166666665,4985.7685,5080.838043653376
1929,3,9,4965.9885,5258.622466305709,4991.786184853902,5183.57180933631,4525.4140625,4481.9140625,5058.768922086577,5610.080066096043,4749.626,5059.255416666667,4634.385,4905.662200174257
1930,2,10,4965.9885,4680.316059063933,4850.312662856895,4859.287702489579,4697.6015625,4750.22314453125,4833.116003277694,4842.938766107584,4749.626,5029.10635,4874.765,4834.813866890078
1930,3,10,4971.6345,4756.464072668302,4869.731203405902,4893.1615923576355,4697.6015625,4749.173828125,4824.594566851167,4852.811507515984,4749.626,5029.10635,4874.765,4842.229377627375
1931,1,10,4965.9885,4623.677323029095,4851.162828227233,4799.458121298606,4696.833984375,4745.8955078125,4845.055569785041,4731.183423388362,4749.626,5011.50975,4879.714,4826.5881830473445
1931,2,10,4971.6345,4635.553889509167,4858.535939082093,4828.106122690967,4696.833984375,4744.845703125,4836.99884248555,4771.937842756105,4749.626,5011.50975,4879.714,4831.1367498293885
1931,3,10,4969.521,4696.794799266595,4873.729477949553,4850.543642170133,4696.833984375,4743.796875,4827.659269878784,4781.671716446156,4749.626,5011.50975,4879.714,4835.442198416228
1932,1,10,4971.6345,4759.51712394412,4857.261952939072,4827.133917791662,4611.443359375,4545.2470703125,4917.883556841223,4613.771083594026,4965.9885,4999.83725,4965.9885,4833.2925537351575
1932,2,10,4969.521,4695.521534649292,4863.30153406126,4835.4553572881905,4611.443359375,4544.19775390625,4909.561111063444,4666.104356325131,4965.9885,4999.83725,4965.9885,4833.5930349553055
1932,3,10,5250.888,4695.728151075398,4875.627254655901,4848.0418574548585,4611.443359375,4543.1484375,4898.111086837916,4675.761028915395,4965.9885,4999.83725,4965.9885,4834.97715066024
1933,1,10,4969.521,4792.9472952566775,4853.803658191949,4880.298727923609,4725.5380859375,4652.7880859375,4912.152209743685,4739.0502575479095,4971.6345,4986.050749999999,4971.6345,4862.275788331755
1933,2,10,5250.888,4793.741182888467,4859.011650651439,4888.715192392359,4725.5380859375,4651.7392578125,4920.44481517254,4819.6621276023525,4971.6345,4986.050749999999,4971.6345,4866.632356272875
1934,1,10,5250.888,4867.600993485421,4860.809117788145,4899.913872618053,4800.2314453125,4746.7197265625,4903.47609774109,4731.3009832282805,4969.521,4977.029883333334,4969.521,4881.607878901206
1936,3,10,5689.74,5041.047531505544,5366.886092708335,5271.881914764634,5149.4140625,5168.1689453125,5361.325012700299,5212.8816884581065,5250.888,4999.225333333334,5430.531000000001,5324.604259167299
1937,2,10,5689.74,5194.18913217699,5446.970171051959,5321.61056921329,5206.04931640625,5211.25146484375,5469.964813004365,5170.67984956819,5250.888,5018.891433333334,5554.953,5408.726432538064
1937,3,10,5470.75,5156.072323308762,5442.359425830235,5324.348135970236,5206.04931640625,5210.20263671875,5461.296038390623,5157.170686637585,5250.888,5018.891433333334,5554.953,5406.143468967861
1938,1,10,5689.74,5275.639503781654,5530.983232405135,5394.614980539678,5195.611328125,5179.2939453125,5616.192705132567,5420.194136937136,5250.888,5052.307533333334,5653.512000000001,5488.274098642057
1938,2,10,5470.75,5210.117365056015,5521.798689800474,5385.455742123012,5195.611328125,5178.24462890625,5611.184700042631,5393.5159720593365,5250.888,5052.307533333334,5653.512000000001,5483.550008756065
1938,3,10,5488.574,5188.6449473086695,5508.406401984501,5394.42349322718,5195.611328125,5177.1953125,5619.709018998089,5383.637071053074,5250.888,5052.307533333334,5653.512000000001,5485.055019820666
1939,1,10,5470.75,5590.7275928326435,5828.142402169568,5576.9476091066435,5378.8740234375,5391.7646484375,5619.3483480453315,5664.10213873249,5689.74,5084.833683333333,5689.74,5618.747028178051
1939,2,10,5488.574,5514.449996770744,5820.601861797547,5614.511261276782,5378.8740234375,5390.7158203125,5617.050631870322,5616.385935649001,5689.74,5084.833683333333,5689.74,5624.02159235049
1939,3,10,5535.4845,5484.114522504642,5833.230328714356,5642.614353691961,5378.8740234375,5389.66650390625,5610.810439745368,5601.304676630152,5689.74,5084.833683333333,5689.74,5629.754658053198
1940,1,10,5488.574,5423.717767676104,5413.43522777763,5348.562331879957,5231.1748046875,5134.23095703125,5361.917930353602,5385.438864928222,5470.75,5106.7179166666665,5470.75,5349.71724058218
1940,2,10,5535.4845,5374.317541233325,5437.24326378209,5374.0000099181525,5231.1748046875,5133.181640625,5379.303618937066,5373.876391507639,5470.75,5106.7179166666665,5470.75,5362.637953906829
1941,1,10,5535.4845,5406.642964691313,5421.947657432144,5400.552972797614,5295.88232421875,5218.306640625,5478.585279380692,5471.702951736316,5488.574,5116.563566666667,5488.574,5409.324040546827
1943,3,10,5823.057,5600.838816463193,5551.729049796107,5409.537150797617,5270.7197265625,5231.3740234375,5545.653557093697,5500.824061187006,5535.4845,5116.308483333333,5511.8375,5456.205443732051
1944,2,10,5823.057,5695.577077104822,5639.32496353956,5507.583265703866,5271.92138671875,5217.47607421875,5684.058587773502,5442.593289018574,5535.4845,5114.9518333333335,5582.778499999999,5536.612946506148
1944,3,10,5608.9145,5731.4773672034335,5660.82184889462,5535.085220125,5271.92138671875,5216.4267578125,5677.867595392986,5509.185577048417,5535.4845,5114.9518333333335,5582.778499999999,5543.698163873985
1945,1,10,5823.057,5644.93600469981,5668.079066626862,5514.915333186505,5229.2548828125,5208.140625,5606.964566599052,5544.637998596673,5535.4845,5129.848716666666,5553.5675,5515.489805069947
1945,2,10,5608.9145,5756.858332391346,5694.091232789361,5526.2151095163645,5229.2548828125,5207.09130859375,5578.221303724016,5554.208636619422,5535.4845,5129.848716666666,5553.5675,5514.555013566481
1945,3,10,5587.7825,5819.2983032554575,5714.910179290255,5549.933544437499,5229.2548828125,5206.04248046875,5601.7288341574185,5621.087387444077,5535.4845,5129.848716666666,5553.5675,5528.225096985272
1946,1,10,5608.9145,5703.615296462935,5905.619562660269,5829.144768836805,5564.57763671875,5587.69091796875,5895.605617546269,5809.787319423696,5823.057,5166.831649999999,5823.057,5813.1073974319415
1946,2,10,5587.7825,5701.3247732820055,5923.326604574456,5853.106214432538,5564.57763671875,5586.64208984375,5917.501930217523,5851.315386198123,5823.057,5166.831649999999,5823.057,5825.897379154694
1946,3,10,5691.12,5711.187958815034,5947.395140292211,5882.592006499999,5564.57763671875,5585.5927734375,5927.267981360859,5888.574019009458,5823.057,5166.831649999999,5823.057,5837.761078583682
1947,1,10,5587.7825,5545.91835144311,5746.390039453248,5603.49655651984,5412.974609375,5306.67041015625,5744.073197891355,5647.187805378431,5608.9145,5194.579066666667,5608.9145,5609.180799392568
1947,2,10,5691.12,5520.146634900507,5760.982829890749,5614.361151818451,5412.974609375,5305.62158203125,5797.792702854753,5694.935771618189,5608.9145,5194.579066666667,5608.9145,5626.870013585149
1948,1,10,5691.12,5731.742318796109,5754.826400339411,5647.043496567456,5451.859375,5439.9755859375,5731.658720940113,5727.56980428083,5587.7825,5208.332266666666,5587.7825,5635.551547549619
1950,3,10,5194.908,5602.424692916761,5858.231632985192,5858.382491151786,5508.404296875,5508.291015625,5907.541532259608,5738.606977464366,5691.12,5250.112166666667,5784.96,5791.570938049184
1951,2,10,5194.908,5452.981713601568,5530.855413243649,5484.142336832338,5299.06396484375,5243.9189453125,5482.713431690041,5571.4055577477,5691.12,5269.492416666667,5482.74,5447.583363713437
1951,3,10,5287.013,5465.2086910749385,5543.27863001994,5487.494130266368,5299.06396484375,5242.86962890625,5501.769072712303,5602.432326129587,5691.12,5269.492416666667,5482.74,5454.817632882165
1952,1,10,5194.908,5278.471381282006,5407.848753654711,5282.888348526783,5171.36376953125,5158.7158203125,5252.789142608467,5277.60120212581,5691.12,5280.622249999999,5272.29,5270.862022009455
1952,2,10,5287.013,5296.0323183741275,5421.337777753719,5296.061509259423,5171.36376953125,5157.66650390625,5241.908840509013,5319.518817408419,5691.12,5280.622249999999,5272.29,5272.696108065691
1952,3,10,5412.7625,5332.113407850305,5440.115455689729,5294.000925433036,5171.36376953125,5156.6171875,5247.530464375986,5337.1989289109015,5691.12,5280.622249999999,5272.29,5276.560675942357
1953,1,10,5287.013,5233.628073140812,5330.295131448809,5149.280787088293,5097.91357421875,5012.5458984375,5192.725293050231,5213.250007065839,5194.908,5291.128483333333,5194.908,5174.446169400062
1953,2,10,5412.7625,5309.27754159039,5357.10752171617,5161.263156713295,5097.91357421875,5011.4970703125,5216.960517390478,5314.039860349407,5194.908,5291.128483333333,5194.908,5186.996436728405
1953,3,10,5478.9075,5360.265734913508,5367.706651669046,5153.468225116073,5097.91357421875,5010.44775390625,5262.330251519122,5358.598649868321,5194.908,5291.128483333333,5194.908,5198.3609486028945
1954,1,10,5412.7625,5578.161232270924,5423.537059470636,5231.370499248016,5162.33203125,5138.98876953125,5371.268426638704,5297.253658906396,5287.013,5304.19265,5287.013,5292.680997815811
1954,2,10,5478.9075,5674.089239326816,5469.464212632144,5263.881298682045,5162.33203125,5137.939453125,5371.738245952506,5390.386171522633,5287.013,5304.19265,5287.013,5306.373154616298
1955,1,10,5478.9075,5461.273369194434,5452.679114405855,5284.811533986112,5317.13818359375,5324.830078125,5523.752983392119,5568.824455581588,5412.7625,5314.711133333333,5412.7625,5406.250666284299
1957,3,10,5738.1525,5997.713397414186,5730.148235081494,5617.478455214781,5466.7490234375,5406.087890625,5908.735232784792,5885.525638944544,5478.9075,5362.1231333333335,5678.847000000001,5683.448862132418
1958,2,10,5738.1525,5970.059463526276,5825.493413061449,5792.504466255453,5541.62060546875,5528.326171875,5966.681595071277,5981.684766549344,5478.9075,5402.074616666666,5740.3125,5782.496673159298
1958,3,10,5531.175,6023.989813926304,5833.035577951166,5838.782627837798,5541.62060546875,5527.27734375,6043.1277474939725,6034.05385477248,5478.9075,5402.074616666666,5740.3125,5811.615448349259
1959,1,10,5738.1525,5722.964783986073,5664.362705081594,5562.681955839282,5440.6796875,5447.412109375,5757.373581060436,5785.451341919102,5478.9075,5433.310416666666,5571.459,5608.844736001985
1959,2,10,5531.175,5788.900672530756,5686.763762684933,5612.259899035711,5440.6796875,5446.36279296875,5761.498930426864,5844.396299235203,5478.9075,5433.310416666666,5571.459,5622.943635206869
1959,3,10,5630.112,5836.69729441973,5705.570102406496,5627.239676482638,5440.6796875,5445.31396484375,5816.235513867043,5817.470870169618,5478.9075,5433.310416666666,5571.459,5642.390648539781
1960,1,10,5531.175,5568.3751176296455,5820.625196536252,5704.236738230651,5508.8779296875,5573.92578125,5918.7245723337255,5813.556331598212,5738.1525,5462.09,5738.1525,5760.268991267559
1960,2,10,5630.112,5641.766713557024,5833.0519919594135,5733.619994624996,5508.8779296875,5572.876953125,5921.273489863076,5820.630961723756,5738.1525,5462.09,5738.1525,5768.447561819503
1961,1,10,5630.112,5549.268870285993,5611.868495501136,5545.811752470234,5417.251953125,5409.8623046875,5724.883877027766,5715.838906748599,5531.175,5483.8053666666665,5531.175,5573.523020322913
1961,3,10,5491.02,5656.44470742925,5647.184615959175,5581.027536006941,5417.251953125,5407.763671875,5814.2848244347215,5716.978079590711,5531.175,5483.8053666666665,5531.175,5608.053850013275
1962,2,10,5491.02,5916.664585590596,5814.300005434367,5789.758316045136,5551.1123046875,5565.23779296875,5917.102196202684,5985.812672467645,5630.112,5505.942816666667,5630.112,5750.917820515107
1963,1,10,5491.02,5874.48584470704,5630.759165753468,5584.246210193449,5495.59375,5442.95068359375,5778.184126876472,5789.182767693037,5630.112,5524.7319333333335,5535.308000000001,5604.319817568203
1964,3,10,5659.236,5661.685155368209,5526.756649281513,5555.616424107141,5463.599609375,5419.25146484375,5791.153691403179,5717.53604376778,5491.02,5542.115233333333,5491.02,5571.380479767444
1965,2,10,5659.236,5580.139522764787,5453.755519706068,5504.262311558033,5356.91162109375,5268.283203125,5615.009176759926,5735.914540678775,5491.02,5547.934633333334,5425.47,5464.293914528063
1965,3,10,5414.208,5603.683455850239,5484.1970512126145,5511.49152466964,5356.91162109375,5267.234375,5596.37352341871,5739.513029285474,5491.02,5547.934633333334,5425.47,5465.782505498477
1966,1,10,5659.236,5648.313063876221,5642.160529027725,5560.158670004957,5341.79150390625,5293.4052734375,5672.0070435261205,5739.748867911903,5491.02,5552.848933333333,5577.96,5556.944615911842
1966,2,10,5414.208,5720.530163817182,5654.044520710827,5593.741118487597,5341.79150390625,5292.3564453125,5733.3171147907815,5783.108844427721,5491.02,5552.848933333333,5577.96,5580.528907435047
1966,3,10,5386.77,5744.074096902634,5671.368020301105,5599.233647563492,5341.79150390625,5291.30712890625,5708.845488719846,5786.708424864066,5491.02,5552.848933333333,5577.96,5578.100671515005
1967,1,10,5414.208,5722.548458008338,5770.9061582952345,5677.331908912202,5431.8271484375,5387.52099609375,5777.450115314478,5878.516440982532,5659.236,5556.325033333333,5659.236,5661.217178857622
1967,2,10,5386.77,5810.809671827681,5776.420342210459,5711.379048610118,5431.8271484375,5386.4716796875,5837.307386559854,5946.514284299162,5659.236,5556.325033333333,5659.236,5683.5033942359205
1967,3,10,5204.499,5834.353604913133,5798.8976840929,5727.885725389883,5431.8271484375,5385.4228515625,5790.901664588179,5954.551613030613,5659.236,5556.325033333333,5659.236,5678.564911188515
1968,1,10,5386.77,5525.529086208699,5422.95775893507,5484.29456202678,5305.3349609375,5214.63818359375,5627.970897122947,5595.570942701702,5414.208,5548.348233333334,5414.208,5446.555206713366
1968,2,10,5204.499,5604.941887173148,5458.93023246255,5550.710390176088,5305.3349609375,5213.5888671875,5646.394384941181,5695.20021480255,5414.208,5548.348233333334,5414.208,5469.690606440057
1968,3,10,5097.161,5636.702617461323,5494.141835991915,5573.74588231349,5305.3349609375,5212.5400390625,5675.770307627108,5699.852325160552,5414.208,5548.348233333334,5414.208,5487.012485267497
1969,1,10,5204.499,5615.553850412556,5493.119507141813,5454.824774964281,5303.89697265625,5251.00634765625,5610.410211789472,5630.649958471156,5386.77,5538.249233333334,5386.77,5448.558551380033
1969,2,10,5097.161,5720.447705142607,5535.209267685663,5512.368355405256,5303.89697265625,5249.95751953125,5694.337002936084,5740.569386947635,5386.77,5538.249233333334,5386.77,5487.335829288408
1970,1,10,5097.161,5304.506259828435,5283.918999189384,5234.492816318451,5185.58837890625,5145.28564453125,5407.396132814234,5279.181640727924,5204.499,5529.374200000001,5204.499,5263.17286808754
1971,3,10,5083.92,5303.211240330969,5252.417326087202,5144.157467757935,5133.47900390625,5158.1201171875,5349.95013270066,5316.6095942097945,5097.161,5516.3270999999995,5097.161,5205.633890847341
1972,2,10,5083.92,5216.861659541201,4989.633710861407,5063.040072309027,5048.89453125,5091.9697265625,5183.245121210153,5302.24560628593,5097.161,5499.2768166666665,5023.976000000001,5078.144835442353
1972,3,10,5135.3675,5248.348621369031,5009.627015436905,5084.6271650034705,5048.89453125,5090.92041015625,5183.746687469388,5327.701117818219,5097.161,5499.2768166666665,5023.976000000001,5085.510479235246
1973,1,10,5083.92,5275.449166795465,5098.864484474501,5069.551801520831,5060.3720703125,5144.3642578125,5142.922175526826,5275.292354405705,5097.161,5485.361333333333,5094.3730000000005,5111.517093829632
1973,2,10,5135.3675,5393.784640750114,5117.734175535613,5093.470185715277,5060.3720703125,5143.3154296875,5172.402531292269,5372.716936349543,5097.161,5485.361333333333,5094.3730000000005,5126.42114547784
1973,3,10,5025.996,5425.271602577944,5132.207717138391,5115.492980249998,5060.3720703125,5142.26611328125,5181.257821854626,5398.296610645784,5097.161,5485.361333333333,5094.3730000000005,5135.065280996592
1974,1,10,5135.3675,5279.626857605438,5100.431089393797,5117.162045461802,5021.998046875,5059.611328125,5141.820632986881,5346.082823367769,5083.92,5468.732716666667,5083.92,5103.1686786422115
1974,2,10,5025.996,5389.609853816677,5110.658008418796,5150.039608635413,5021.998046875,5058.5625,5178.883618611734,5428.598879376374,5083.92,5468.732716666667,5083.92,5120.30324964936
1974,3,10,4973.898,5409.576675112537,5125.342151858479,5183.336872072913,5021.998046875,5057.51318359375,5208.813791613547,5449.744346774952,5083.92,5468.732716666667,5083.92,5136.428599178568
1975,1,10,5025.996,5392.330681554445,5220.144659648017,5201.8677445572885,5056.28759765625,5047.5107421875,5209.022788090838,5355.537203688463,5135.3675,5454.792716666667,5135.3675,5164.569846964861
1975,2,10,4973.898,5500.123491421755,5234.188909969445,5220.078128453121,5056.28759765625,5046.46142578125,5248.312235801774,5455.810029112167,5135.3675,5454.792716666667,5135.3675,5180.033533451804
1975,3,10,4716.672,5585.233530069293,5254.579234194843,5245.188375744787,5056.28759765625,5045.412109375,5239.7938168522705,5494.4028505666765,5135.3675,5454.792716666667,5135.3675,5185.910772330773
1976,1,10,4973.898,5213.164019239707,4978.315699956147,5142.729725039928,5081.38330078125,5030.0205078125,5086.830930760402,5185.245315769543,5025.996,5428.224016666668,5025.996,5056.9036273055335
1976,2,10,4716.672,5291.888541858102,4997.5265555843225,5176.397229811256,5081.38330078125,5028.9716796875,5109.110073906868,5283.3574677163115,5025.996,5428.224016666668,5025.996,5071.941075557806
1977,1,10,4716.672,5177.309329411665,4911.395231671822,5132.874094647569,4980.19287109375,4958.376953125,4970.964771816685,5041.335372486289,4973.898,5407.0568,4973.898,4991.13773257934
1978,3,10,4623.402,5034.156201826245,4925.397739150152,5192.099367969246,4905.90869140625,4798.54541015625,4743.6717623363065,5172.244751217356,4716.672,5378.019783333333,4716.672,4864.275348200615
1979,2,10,4623.402,5036.9884796101205,4966.070724932595,5106.934293440969,4898.146484375,4820.2001953125,4759.637275542172,5190.141178828255,4716.672,5345.90725,4727.744000000001,4864.610369511666
1979,3,10,4625.691,5062.873725074029,5003.410721263347,5169.340453624999,4898.146484375,4819.15087890625,4745.092832494973,5176.8504438558275,4716.672,5345.90725,4727.744000000001,4878.935881985513
1980,1,10,4623.402,4867.07667895294,4935.383832421832,5028.206953395831,4776.43701171875,4654.1689453125,4604.307019711465,5020.752642107677,4716.672,5307.322050000001,4627.404,4754.086261644267
1980,2,10,4625.691,4957.374752804208,4962.383852703379,5111.425446447913,4776.43701171875,4653.11962890625,4627.718842115396,5077.171520660405,4716.672,5307.322050000001,4627.404,4780.277840066973
1980,3,10,4964.608,4983.199425972249,4992.534110586711,5161.237912920137,4776.43701171875,4652.0703125,4632.1364352672135,5063.942233756476,4716.672,5307.322050000001,4627.404,4795.735588149581
1981,1,10,4625.691,4725.844518330989,4887.820903718752,4990.068569347219,4698.216796875,4592.970703125,4642.7980523475835,5048.80069192898,4623.402,5278.67745,4623.402,4736.644222161585
1981,2,10,4964.608,4850.751279256824,4916.730291500695,5062.151401576385,4698.216796875,4591.921875,4652.378402640562,5121.36456980405,4623.402,5278.67745,4623.402,4757.541679107628
1981,3,10,5152.136,4884.3668458097245,4942.0285376625,5149.7115370520805,4698.216796875,4590.87255859375,4648.039174075895,5129.018659851846,4623.402,5278.67745,4623.402,4777.34833400156
1982,1,10,4964.608,4785.83092165899,4831.298798347022,5020.512487388886,4753.763671875,4632.22607421875,4651.946908981831,5084.863428863665,4625.691,5257.124150000001,4625.691,4743.2972796146605
1982,2,10,5152.136,4905.429793878777,4864.873972817458,5113.936366965274,4753.763671875,4631.1767578125,4680.224557750761,5181.785882128602,4625.691,5257.124150000001,4625.691,4773.75644350934
1982,3,10,5378.4005,4990.474066284664,4897.7056346122,5206.39604079861,4753.763671875,4630.1279296875,4677.804334881415,5207.652664121254,4625.691,5257.124150000001,4625.691,4796.2281449412385
1983,1,10,5152.136,5045.823399930314,4936.959077441668,5122.362095693449,5006.552734375,5025.5576171875,4987.634607140955,5040.561507784387,4964.608,5249.447483333334,4964.608,5007.52536433602
1983,2,10,5378.4005,5157.746639777651,4968.572698059126,5194.122386922616,5006.552734375,5024.50830078125,4977.495085945199,5127.508870423527,4964.608,5249.447483333334,4964.608,5023.866953270483
1984,1,10,5378.4005,5534.946955417378,5388.8233675447445,5393.2629395069425,5151.5029296875,5190.259765625,5217.416609358753,5299.764806262384,5152.136,5244.9515833333335,5152.136,5260.5060821901425
1986,3,10,5378.784,5978.402916418195,5800.235434341964,5858.694665013891,5297.4287109375,5269.93310546875,5564.636178377167,5694.031332422328,5378.4005,5242.724133333333,5446.446000000001,5581.38365448538
1987,2,10,5378.784,5927.346753800438,5736.022975325496,5782.502145429562,5242.494140625,5157.33251953125,5532.646770794366,5503.970649360505,5378.4005,5234.6033,5435.222000000001,5525.454415758213
1987,3,10,5430.009,5960.5757980458575,5769.721601658233,5837.188364501984,5242.494140625,5156.28369140625,5532.938794291767,5502.714610090118,5378.4005,5234.6033,5435.222000000001,5541.403015980292
1988,1,10,5378.784,5802.137995616907,5640.54638341892,5636.558817931549,5233.1962890625,5132.5087890625,5370.732269842221,5514.781648469658,5378.4005,5220.1077,5305.4445000000005,5409.047329643529
1988,2,10,5430.009,5934.799752943676,5699.43071827765,5706.375934664683,5233.1962890625,5131.4599609375,5366.0715404640305,5566.836790442099,5378.4005,5220.1077,5305.4445000000005,5430.799294098397
1988,3,10,5343.597,5968.272155689048,5717.82993694273,5754.404078424602,5233.1962890625,5130.41064453125,5402.853995844561,5577.037670013477,5378.4005,5220.1077,5305.4445000000005,5452.098067041737
1989,1,10,5430.009,5808.4023825847735,5705.84376535129,5702.494148488095,5349.05615234375,5234.24560546875,5473.787599132709,5662.0230072758095,5378.784,5213.685200000001,5378.784,5492.188065773689
1989,2,10,5343.597,5899.342811653917,5782.813977493851,5783.866815742061,5349.05615234375,5233.1962890625,5499.304850270569,5719.995225525856,5378.784,5213.685200000001,5378.784,5526.631492155273
1989,3,10,5601.7,5930.921234908184,5816.404601492262,5844.014920310514,5349.05615234375,5232.1474609375,5527.191734287331,5718.72219140974,5378.784,5213.685200000001,5378.784,5550.514839547532
1990,1,10,5343.597,5815.859228055041,5652.36168534732,5731.427939760912,5429.2802734375,5357.89697265625,5513.628856954999,5695.144173810602,5430.009,5203.413750000001,5430.009,5532.394330587631
1990,2,10,5601.7,5875.844417451375,5722.792285397122,5807.12718544345,5429.2802734375,5356.84765625,5528.2953767859,5736.855116451767,5430.009,5203.413750000001,5430.009,5561.958925140037
1991,1,10,5601.7,5873.990352933638,5715.063068734697,5776.882131850201,5438.45751953125,5332.86328125,5460.974768600143,5758.108867051746,5343.597,5197.16115,5343.597,5515.253941910062
1992,3,10,5625.8985,6196.843374760177,5981.39610435221,5889.482367048609,5494.6591796875,5403.96533203125,5778.069415797317,5799.790194154098,5601.7,5196.214083333334,5601.7,5727.412577693559
1993,2,10,5625.8985,6094.294671485862,5928.670804916046,5893.294707359126,5518.7333984375,5385.11279296875,5812.973371796845,5859.26867579176,5601.7,5199.701316666667,5639.925,5733.052931933397
1993,3,10,5871.804,6154.377014168525,5965.670498246902,5937.783436460318,5518.7333984375,5384.0634765625,5839.526405231439,5904.86137384611,5601.7,5199.701316666667,5639.925,5754.127635997995
1994,1,10,5625.8985,5696.649268263641,5591.177892547092,5621.878828657738,5277.84912109375,5034.63623046875,5451.389528872604,5558.817663591105,5601.7,5195.027483333333,5350.805,5410.304187168996
1994,2,10,5871.804,5748.039684941968,5638.990676252748,5667.896310636903,5277.84912109375,5033.5869140625,5482.903222433094,5599.848134642383,5601.7,5195.027483333333,5350.805,5434.660918949286
1994,3,10,6401.152,5825.256048503841,5668.936152689754,5705.096282450891,5277.84912109375,5032.5380859375,5492.139421825683,5654.193489571479,5601.7,5195.027483333333,5350.805,5448.86089584854
1995,1,10,5871.804,5995.313846120961,5919.107529269419,5859.49910350595,5488.3173828125,5434.48876953125,5722.3790387602285,5949.468697289424,5625.8985,5201.708433333333,5625.8985,5708.22687047526
1995,2,10,6401.152,6081.886859179925,5951.884639596204,5902.166824040673,5488.3173828125,5433.439453125,5736.913346854587,5993.131876464187,5625.8985,5201.708433333333,5625.8985,5725.271617950678
1995,3,10,6388.077,6150.9087552857545,5980.423738035688,5930.742327719741,5488.3173828125,5432.390625,5802.139638473885,6064.8381167684365,5625.8985,5201.708433333333,5625.8985,5751.55666822541
1996,1,10,6401.152,6023.0153912380865,6029.471509689013,5985.847794465772,5784.9970703125,5644.03564453125,5905.129502049999,6161.89922923468,5871.804,5211.503233333334,5871.804,5886.59997644561
1996,2,10,6388.077,6068.064633568807,6058.336116110543,6034.394890499505,5784.9970703125,5642.98681640625,5973.870800093898,6194.004605843254,5871.804,5211.503233333334,5871.804,5917.680195706209
1997,1,10,6388.077,6783.024717439607,6686.527153179918,6494.361833024807,6154.392578125,6147.1201171875,6490.472232268727,6660.854245020846,6401.152,5236.233766666667,6401.152,6441.881650978836
1999,3,10,6131.818,6254.46024758973,6445.717910662131,6514.5017902509935,6061.876953125,5906.68310546875,6207.656827302515,6437.35435330588,6388.077,5295.2732166666665,6184.084500000001,6246.211011409298
2000,2,10,6131.818,6319.505970636015,6402.606455251344,6400.843805469245,6005.21728515625,5893.779296875,6131.617783201069,6480.059782010602,6388.077,5327.557266666667,6173.0205000000005,6193.531078020448
2000,3,10,6188.148,6299.404432187509,6421.240234838716,6446.121933400795,6005.21728515625,5892.73046875,6138.32825775189,6492.9339888545765,6388.077,5327.557266666667,6173.0205000000005,6206.804461242349
2001,1,10,6131.818,6204.486640124064,6306.991350139085,6318.51518203323,5956.13232421875,5889.8037109375,6161.08447301423,6272.757517737445,6388.077,5362.08235,6132.913500000001,6160.149730162779
2001,2,10,6188.148,6172.026968014769,6321.207683687698,6349.813034364583,5956.13232421875,5888.7548828125,6163.620681147838,6320.106143691231,6388.077,5362.08235,6132.913500000001,6168.951004288788
2001,3,10,6495.2805,6139.907352587153,6330.29623907276,6395.610550426091,5956.13232421875,5887.70556640625,6153.199879449616,6333.006163893534,6388.077,5362.08235,6132.913500000001,6176.497200556325
2002,1,10,6188.148,6251.593468803683,6287.593661135188,6240.172918125492,6032.28759765625,6007.390625,6081.854883012609,6344.414742732284,6131.818,5399.010416666667,6131.818,6143.078683545924
2002,2,10,6495.2805,6254.888078034003,6300.983025107411,6285.516335825891,6032.28759765625,6006.34130859375,6061.84920598001,6370.66100598087,6131.818,5399.010416666667,6131.818,6148.8497204774285
2002,3,10,6730.8255,6228.9445997201265,6305.544783486379,6325.8342924479175,6032.28759765625,6005.2919921875,6079.513780292843,6363.752459746691,6131.818,5399.010416666667,6131.818,6161.619533297543
2003,1,10,6495.2805,6221.9928163517525,6321.402200484395,6297.550277884422,6054.94091796875,6103.6552734375,6159.623212800098,6413.486366762879,6188.148,5435.469583333334,6188.148,6208.518963808031
2003,2,10,6730.8255,6230.858505461266,6327.137721184791,6338.995500341762,6054.94091796875,6102.60595703125,6174.2167660650875,6416.481286907834,6188.148,5435.469583333334,6188.148,6220.941467953054
2003,3,10,6931.3055,6202.720421624826,6354.327730863363,6364.880270282242,6054.94091796875,6101.556640625,6143.407327146593,6389.933333762883,6188.148,5435.469583333334,6188.148,6222.462829378044
2004,1,10,6730.8255,6581.258151930771,6523.075126182288,6534.334588095235,6446.29736328125,6432.0498046875,6457.568215388675,6617.899887024508,6495.2805,5482.514933333334,6495.2805,6486.519380407948
2004,2,10,6931.3055,6528.887068307901,6539.535202929313,6550.992759206349,6446.29736328125,6431.00048828125,6483.339270365541,6600.662666376786,6495.2805,5482.514933333334,6495.2805,6498.643039011017
2005,1,10,6931.3055,6650.928835525932,6705.944015894097,6756.309339430553,6635.8876953125,6593.29345703125,6686.504555590047,7310.486108062204,6730.8255,5535.696866666667,6730.8255,6695.767523805248
2006,3,10,6764.0195,7242.932673263824,7158.969226382936,7071.01678752976,6870.14892578125,6836.865234375,6946.760007850104,7518.727206090462,6931.3055,5599.207183333333,6931.3055,6982.10455117856
2007,2,10,6764.0195,6829.062548734561,7063.488335153025,7043.024973066468,6919.42431640625,6861.705078125,6812.713321751102,7353.586671776068,6931.3055,5661.144150000001,6832.007,6910.917835083836
2007,3,10,7109.177,6832.745682999627,7090.22406353596,7071.599447959325,6919.42431640625,6860.65576171875,6819.942227259287,7317.998539543726,6931.3055,5661.144150000001,6832.007,6922.40044002409
2008,1,10,6764.0195,6863.072464886918,6979.060953308944,6987.778404840276,6833.64111328125,6760.265625,6770.0116043882135,7195.985798537025,6931.3055,5730.799683333334,6806.338,6852.068773753083
2008,2,10,7109.177,6855.994545063414,6984.5102814418815,7025.820242923611,6833.64111328125,6759.21630859375,6783.885163774041,7150.291096077822,6931.3055,5730.799683333334,6806.338,6863.599985758668
2008,3,10,7570.3875,6772.656534601213,7011.132619670057,7025.082909597224,6833.64111328125,6758.1669921875,6780.493598323947,7189.351558179336,6931.3055,5730.799683333334,6806.338,6866.699154243606
2009,1,10,7109.177,6593.481718783272,6817.796295206101,6824.4051446111125,6767.37451171875,6719.3857421875,6753.731433439799,7010.6185314520635,6764.0195,5798.675533333333,6764.0195,6773.727764510077
2009,2,10,7570.3875,6549.619444472281,6828.93134372098,6848.164996652779,6767.37451171875,6718.3369140625,6773.474459136044,7013.642680082473,6764.0195,5798.675533333333,6764.0195,6784.8639115682245
2009,3,10,7557.332,6467.165823829788,6838.415100058781,6843.304947354167,6767.37451171875,6717.28759765625,6740.4299707966975,7059.5635237563365,6764.0195,5798.675533333333,6764.0195,6776.983651970398
2010,1,10,7570.3875,7256.487001958086,7271.914479752596,7139.542609919645,6950.24560546875,6852.3310546875,7077.588010414406,7249.0195473110525,7109.177,5881.4012999999995,7109.177,7087.091299954841
2010,2,10,7557.332,7350.055164121082,7277.248021863709,7191.48107912103,6950.24560546875,6851.2822265625,7093.568622404833,7276.264816250539,7109.177,5881.4012999999995,7109.177,7101.857781443039
2010,3,10,7785.4,7279.989521158297,7293.2397687277935,7198.304630625,6950.24560546875,6850.23291015625,7060.079283105537,7316.121458146646,7109.177,5881.4012999999995,7109.177,7097.188571739062
2011,1,10,7557.332,8111.001393197502,7713.93650640865,7845.264137592263,7475.1025390625,6891.2529296875,7380.402701032525,8041.169002158401,7570.3875,5979.63415,7570.3875,7476.785318194885
2011,2,10,7785.4,8045.871262622331,7731.871194402366,7850.88344971032,7475.1025390625,6890.20361328125,7380.74296683178,7995.452643329702,7570.3875,5979.63415,7570.3875,7480.649873979333
2012,1,10,7785.4,7749.048033791518,7414.150316934272,7889.378115636575,7464.943359375,7007.2705078125,7225.621483223339,7641.35458972743,7557.332,6077.3555166666665,7557.332,7416.255409267868
2013,3,10,7405.491,7576.4716045768255,7931.197662991401,7875.120144496698,7608.5869140625,7301.8408203125,7450.160516449089,7729.208348002288,7785.4,6171.381916666666,7785.4,7655.101229042372
2014,2,10,7405.491,7451.228727219544,7814.596039649638,7775.876307519847,7677.2236328125,7499.666015625,7750.281853218241,7521.722243461871,7785.4,6259.334449999999,7790.712,7728.845652328252
2014,3,10,7385.248,7700.827636147443,7818.4982526268195,7757.173987600205,7677.2236328125,7498.6171875,7702.473813397402,7475.738444836291,7785.4,6259.334449999999,7790.712,7713.79972419372
2015,1,10,7405.491,7361.7681085074855,7660.62749682887,7620.768383555554,7471.673828125,7208.92724609375,7412.59383088462,7194.0464354766455,7785.4,6335.8051000000005,7672.520000000001,7511.6748700515045
2015,2,10,7385.248,7295.780113129453,7662.3537613199405,7582.957927280755,7471.673828125,7207.8779296875,7395.8980553920555,7169.216117046375,7785.4,6335.8051000000005,7672.520000000001,7500.240627441828
2016,1,10,7385.248,7202.165445678868,7306.237684136277,7333.841930298611,7377.4970703125,7063.3876953125,7170.388137630451,7275.433267526512,7405.491,6401.1066,7405.491,7254.866376451227
2016,3,10,7257.7975,7111.38744553556,7290.478413841433,7296.447980245038,7377.4970703125,7061.28955078125,7164.668927251238,7297.058877434252,7405.491,6401.1066,7405.491,7243.228613428475
2017,2,10,7257.7975,7532.856303888759,7379.187629878073,7348.751696931545,7381.31201171875,7069.88720703125,7161.700088346895,7533.951331383117,7385.248,6466.107466666667,7385.248,7264.353756772577
2017,3,10,7370.258,7411.986840825667,7393.682334919939,7338.087235905753,7381.31201171875,7068.837890625,7158.052783574952,7537.772180937082,7385.248,6466.107466666667,7385.248,7263.490067270482
2018,1,10,7257.7975,7289.753512890132,7332.925504923857,7300.981991454363,7137.21533203125,6690.34423828125,7289.794184344308,7783.619689069584,7385.248,6530.754783333334,7244.863999999999,7180.933318008898
2018,2,10,7370.258,7434.38201370065,7341.521916256497,7285.249349439484,7137.21533203125,6689.294921875,7315.176509736361,7882.194671709901,7385.248,6530.754783333334,7244.863999999999,7185.472366578856
2019,1,10,7370.258,7439.215553862226,7336.452412625079,7281.947561858134,7311.412109375,7120.1982421875,7295.398476350529,7726.821661139897,7257.7975,6593.3885666666665,7257.7975,7259.769319655005
2020,3,10,7318.512,7733.5983045241155,7439.81150810623,7377.347095980155,7446.85205078125,7255.93115234375,7397.228531252298,7895.317028106327,7370.258,6658.063533333333,7370.258,7369.063012908222
2021,2,10,7318.512,7596.661200472851,7471.42143657123,7531.919144777773,7481.2783203125,7306.2685546875,7601.966179871458,7749.059327910484,7370.258,6731.694433333334,7552.524,7503.235117036439
2021,3,10,7143.534,7558.320757078987,7514.502288929564,7513.799284666666,7481.2783203125,7305.2197265625,7596.376023032909,7690.0875266103885,7370.258,6731.694433333334,7552.524,7505.092088894533
2022,1,10,7318.512,7553.803100443579,7532.470175545636,7531.760864472218,7511.021484375,7408.4638671875,7716.654815051218,7567.672953519117,7370.258,6798.4327,7603.847999999999,7571.15028640111
2022,2,10,7143.534,7602.920665382121,7519.051380234624,7513.953342319444,7511.021484375,7407.41455078125,7720.433234769093,7556.67974142953,7370.258,6798.4327,7603.847999999999,7566.29717244965
2022,3,10,7139.946,7586.541262128664,7546.348529526289,7515.930505090278,7511.021484375,7406.365234375,7742.294585893137,7511.772079779368,7370.258,6798.4327,7603.847999999999,7576.362542223696
2023,1,10,7143.534,7556.7801392174315,7443.336995462895,7403.357571763886,7491.33740234375,7359.16259765625,7383.898426165876,7541.623376580209,7318.512,6854.3856,7318.512,7378.921008183594
2023,2,10,7139.946,7557.968806980708,7442.820693129563,7410.421718465277,7491.33740234375,7358.11376953125,7397.910904758067,7527.336795475957,7318.512,6854.3856,7318.512,7383.5184433171435
2023,3,10,7148.05,7469.8932766251355,7450.235877788161,7392.542896778767,7491.33740234375,7357.064453125,7399.141544030647,7457.3021872885165,7318.512,6854.3856,7318.512,7381.340131540184
2024,1,10,7139.946,7421.603977205362,7266.747570762648,7275.5682857728125,7454.916015625,7404.9560546875,7225.396351701429,7522.24657854761,7143.534,6914.143233333334,7143.534,7256.891815865733
2024,2,10,7148.05,7389.3428217674955,7269.161075754216,7273.038250090272,7454.916015625,7403.9072265625,7219.093116210657,7429.572166041243,7143.534,6914.143233333334,7143.534,7255.016700836959
2024,3,10,7276.069,7315.557359190458,7287.392867768105,7264.315406924603,7454.916015625,7402.85791015625,7218.709723747369,7367.914212208735,7143.534,6914.143233333334,7143.534,7255.964893768298
2025,1,10,7148.05,7517.287029127541,7276.106697854062,7217.995411855153,7405.486328125,7435.310546875,7252.275884694464,7770.877197820934,7139.946,6964.611483333333,7139.946,7258.714404180518
2025,2,10,7276.069,7485.6601092948285,7282.501710798212,7223.926739658724,7405.486328125,7434.26123046875,7257.607931243857,7697.277149032386,7139.946,6964.611483333333,7139.946,7262.030787212549
2026,1,10,7276.069,7621.695531403279,7389.778327554744,7287.6683246130915,7364.99853515625,7412.0302734375,7286.993161835523,7825.798914123343,7148.05,7007.153016666666,7148.05,7296.837105399697
2027,3,10,7658.895,7835.266776038404,7702.722876949497,7538.785022368048,7378.72998046875,7522.0400390625,7489.0974100895055,8061.9484067643725,7276.069,7036.316916666667,7276.069,7493.917179115015
2028,2,10,7658.895,7754.656959044425,7913.199821922305,7705.644628715277,7446.7421875,7493.87451171875,7487.610908575798,8249.119206336129,7276.069,7066.6355,7297.634499999999,7559.426022317433
2028,3,10,7534.69,7796.948677736298,7941.577150996017,7690.8190153958285,7446.7421875,7492.8251953125,7483.075885120348,8215.844549276511,7276.069,7066.6355,7297.634499999999,7559.833201595938
2029,1,10,7658.895,7464.0264003054,7906.902123927678,7786.256920170635,7439.2705078125,7428.8193359375,7623.732643099203,8017.955897237909,7276.069,7110.179916666667,7490.4169999999995,7637.306011124133
2029,2,10,7534.69,7574.863917159484,7917.693425390178,7813.561965523809,7439.2705078125,7427.7705078125,7625.367751483483,8014.487504657408,7276.069,7110.179916666667,7490.4169999999995,7644.601102376093
2030,1,10,7534.69,7642.609527231933,7983.435658718753,7805.559152371034,7416.59765625,7496.52392578125,7762.308141767746,8052.5570652972765,7658.895,7159.709066666666,7658.895,7736.292966365942
2030,3,10,7810.015,7622.001367853228,7991.748503163497,7799.507640016869,7416.59765625,7494.42529296875,7771.869455829972,7925.789176287221,7658.895,7159.709066666666,7658.895,7738.466639153595
2031,2,10,7810.015,7605.555624475354,7863.104331812202,7785.618854023807,7516.5517578125,7514.529296875,7670.9336378438775,7937.866269208484,7534.69,7206.43495,7534.69,7666.882441224441
2031,3,10,7992.306,7587.981910677863,7885.20003909623,7767.928600556546,7516.5517578125,7513.47998046875,7677.817218438714,7818.49439275591,7534.69,7206.43495,7534.69,7668.550938084539
2032,1,10,7810.015,7765.825360304399,8084.13870650317,7755.507272194446,7661.95166015625,7827.728515625,7615.4372828127025,8065.866707311104,7534.69,7250.978099999999,7468.1125,7725.434717812039
2032,2,10,7992.306,7914.268087470942,8104.240232416167,7798.739917586307,7661.95166015625,7826.67919921875,7635.002682517414,8073.36302465496,7534.69,7250.978099999999,7468.1125,7741.8157304968345
2033,1,10,7992.306,8044.134931313618,8154.803894922461,7927.231758333336,7760.0185546875,8109.9267578125,7944.085159761745,8259.219601005332,7810.015,7305.040333333333,7810.015,7976.333253279091
2034,3,10,8402.004,8183.720160599071,8139.037712441999,8117.99497609127,8052.0927734375,8376.9404296875,8066.151185567335,8274.219362363425,7992.306,7354.941183333332,7992.306,8128.492072468886
2035,2,10,8402.004,8059.696864781855,8081.455632014422,8206.264059051917,8073.81640625,8351.2578125,8226.797216474573,8276.239020888834,7992.306,7401.157533333333,8117.316,8198.405832704102
2035,3,10,8515.452,8074.927745302997,8119.475150246564,8219.531304419972,8073.81640625,8350.2080078125,8216.738112076808,8248.379366813138,7992.306,7401.157533333333,8117.316,8204.430689788942
2036,1,10,8402.004,8127.798541690398,8060.929798198879,8217.599724683867,8054.3818359375,8291.373046875,8384.066349752777,8316.154975693229,7992.306,7447.682516666667,8327.055,8270.50565750582
2036,2,10,8515.452,8073.529188206958,8038.895783661381,8208.84805129101,8054.3818359375,8290.32421875,8366.561820195446,8207.058471350116,7992.306,7447.682516666667,8327.055,8260.663869575168
2036,3,10,8503.09,8071.53646670471,7998.794795558601,8216.393584606483,8054.3818359375,8289.275390625,8391.954899075834,8135.575165668523,7992.306,7447.682516666667,8327.055,8261.793191900553
2037,1,10,8515.452,8221.517561831815,8173.178738011381,8250.462552503312,7933.53857421875,8234.81640625,8629.957395721098,8259.454383056467,8402.004,7500.01575,8402.004,8362.254048154855
2037,2,10,8503.09,8217.884266611802,8171.829840863761,8209.8638777672,7933.53857421875,8233.767578125,8622.478102297026,8129.935845545868,8402.004,7500.01575,8402.004,8352.10481029488
2037,3,10,8398.073,8235.274830247623,8129.142264367132,8187.934892975535,7933.53857421875,8232.71875,8624.709542129967,8094.309751673613,8402.004,7500.01575,8402.004,8341.321037865397
2038,1,10,8503.09,8448.528382243774,8371.216616788739,8457.227661092596,8200.1923828125,8481.546875,8620.400106677118,8440.040238469155,8515.452,7556.986216666667,8515.452,8500.894081362434
2038,2,10,8398.073,8303.594840327607,8354.423448420217,8418.848392523154,8200.1923828125,8480.498046875,8650.874696190423,8397.553720651495,8515.452,7556.986216666667,8515.452,8498.111945480166
2038,3,10,8209.136,8251.679343492882,8333.783243741978,8403.079770134265,8200.1923828125,8479.4482421875,8651.92501445388,8384.08454118811,8515.452,7556.986216666667,8515.452,8491.771096251261
2039,1,10,8398.073,8434.335990126081,8414.705574455324,8437.584370687504,8335.974609375,8599.9130859375,8542.384856910216,8821.771623669722,8503.09,7614.955233333333,8503.09,8503.397885010378
2039,2,10,8209.136,8373.549906214428,8388.663978977676,8390.448375486118,8335.974609375,8598.8642578125,8562.182170378914,8873.556914861738,8503.09,7614.955233333333,8503.09,8494.782106210325
2040,1,10,8209.136,8501.334702341943,8388.996299390426,8322.55139782408,8383.2353515625,8520.716796875,8374.633775937926,8613.973494440623,8398.073,7657.918433333334,8398.073,8398.322834250674
2041,3,10,7441.091,8151.65084268434,8357.658228447708,8152.417963462303,8241.099609375,8180.1357421875,8189.248511829956,8667.163423417507,8209.136,7679.21005,8209.136,8211.932517323512
2042,2,10,7441.091,8234.759517918796,8400.621721608217,8104.1910049206335,8192.876953125,8035.97509765625,8218.214920138827,8418.893749014367,8209.136,7702.4249500000005,8253.779,8200.244702668504
2042,3,10,7123.419,8086.6367123665605,8364.19314466756,8051.278305476187,8192.876953125,8034.92626953125,8216.089983147927,8347.383258335805,8209.136,7702.4249500000005,8253.779,8183.3232442586705
2043,1,10,7441.091,7974.981243933916,8356.920328827118,8145.209746350537,8048.90185546875,7790.34619140625,8308.567183004005,8556.883430886175,8209.136,7719.698216666668,8303.598,8189.815333398884
2043,2,10,7123.419,7937.705249945886,8329.279643592723,8066.39444155887,8048.90185546875,7789.296875,8292.799220354707,8502.236127394874,8209.136,7719.698216666668,8303.598,8165.921306828308
2043,3,10,7391.534,7811.378126423478,8280.927053693073,8016.068426419978,8048.90185546875,7788.24755859375,8319.386982599779,8445.64908742532,8209.136,7719.698216666668,8303.598,8154.752565833883
2044,1,10,7123.419,7584.679958859904,7760.076525391211,7634.310884409719,7475.4638671875,7160.07177734375,7607.883277448244,7427.160868710929,7441.091,7708.044183333333,7441.091,7521.043087803708
2044,2,10,7391.534,7553.339437520654,7748.2961454823135,7652.502006937497,7475.4638671875,7159.0224609375,7574.518586769406,7345.194717624599,7441.091,7708.044183333333,7441.091,7514.129189554887
2045,1,10,7391.534,7269.984196533851,7630.2108930637905,7572.003460194446,7318.0029296875,6943.86328125,7515.0109267807975,7498.204687617435,7123.419,7689.740816666666,7123.419,7357.776749858108
2045,3,10,8137.3545,7332.054330666522,7648.607545353401,7672.425707473219,7318.0029296875,6941.76513671875,7661.558765492946,7490.846847741119,7123.419,7689.740816666666,7123.419,7416.475112307177
2046,2,10,8137.3545,7630.423920911738,7862.2879434488395,7625.851119512897,7468.72216796875,7238.6494140625,7892.7040797886875,7619.817124261884,7391.534,7689.275583333334,7391.534,7610.747073105089
2047,1,10,8137.3545,7858.735777816543,8224.53831147005,7926.802183275796,7805.548828125,7696.16455078125,8509.587050882954,8210.645204606468,7391.534,7710.45535,8020.641,8098.837891283362
2048,3,10,7350.941,7714.062578150303,8256.674663714302,8063.167311099536,8071.86962890625,7910.4716796875,8353.103640628633,8529.5587419454,8137.3545,7740.205033333333,8137.3545,8154.995415861405
2049,2,10,7350.941,8036.4556229591735,8449.40924485243,8111.720642129634,8113.3671875,7821.21142578125,8459.200365903418,8681.417326699822,8137.3545,7774.0006,8271.664499999999,8234.705738159315
2050,1,11,7350.941,7775.713496042594,7863.045612345958,7790.315026548611,7758.2763671875,7663.68359375,7818.119914813697,8088.8688338270595,8137.3545,7790.229833333333,7857.135,7986.434138451433
2050,3,11,7295.5215,7685.332207429407,7894.557837424827,7726.6946585069445,7759.71435546875,7665.306640625,7820.2866517825305,8128.796824863667,8137.3545,7790.229833333333,7857.135,7971.69580698417
2051,2,11,7295.5215,7709.608068751596,7601.043286507215,7462.610305453703,7407.6201171875,7330.01708984375,7333.655585763626,7637.659744932974,7350.941,7783.5104,7350.941,7432.183675263756
2051,3,11,7523.158,7739.196143821695,7619.279668588399,7523.788923550926,7408.3388671875,7330.82861328125,7330.6511311117165,7690.210202257103,7350.941,7783.5104,7350.941,7437.442431574901
2052,1,11,7295.5215,7421.032753884528,7361.599471313392,7298.986625951388,7242.083984375,7189.3046875,7114.379157647665,7567.08657673491,7350.941,7766.729833333333,7100.431,7366.358700907358
2052,2,11,7523.158,7564.865612206482,7443.506506607143,7365.8842364375,7242.80322265625,7190.11572265625,7118.129775572059,7845.136114653379,7350.941,7766.729833333333,7100.431,7390.910348577061
2052,3,11,7481.65,7594.453687276581,7502.416179907076,7442.552095090277,7243.5224609375,7190.92724609375,7133.570067464248,7892.344617422717,7350.941,7766.729833333333,7100.431,7396.169282990875
2053,1,11,7523.158,7502.573154002558,7565.645720626163,7528.438072611111,7291.0078125,7302.447265625,7405.307904050982,7681.37930570833,7295.5215,7765.963483333334,7295.5215,7328.840282543119
2053,2,11,7481.65,7697.0948396592785,7623.157042010291,7570.398105820436,7291.7265625,7303.2587890625,7351.3169515174695,7878.629666674906,7295.5215,7765.963483333334,7295.5215,7361.951661658855
2054,1,11,7481.65,7614.844509939409,7632.259208964458,7614.057591966271,7519.7275390625,7490.4150390625,7546.032715331367,7898.929953535965,7523.158,7778.617616666666,7523.158,7537.389983538052
2055,3,11,7095.8545,7627.753912155984,7570.389867940747,7558.179055139881,7471.4052734375,7318.42041015625,7760.581175960266,7616.755374749326,7481.65,7790.00775,7481.65,7502.586011488314
2056,2,11,7095.8545,7517.620974134698,7358.440574909993,7373.92597109127,7251.8369140625,7052.2333984375,7495.658055423313,7561.93664477351,7481.65,7791.144083333334,7182.14,7455.653450996093
2056,3,11,7383.735,7528.348469547413,7351.2468259605885,7395.465125257937,7252.5556640625,7053.04443359375,7528.06684674167,7526.8891110069735,7481.65,7791.144083333334,7182.14,7457.727188746105
2057,1,11,7095.8545,7326.393312554644,7162.62614126443,7185.139879486111,7169.5,7065.0048828125,7358.797478500691,7576.262725420858,7481.65,7783.295783333333,7040.62,7417.781923926312
2057,2,11,7383.735,7349.213101348087,7211.459238075938,7225.058462660714,7170.21875,7065.81640625,7398.834902848808,7764.961987818647,7481.65,7783.295783333333,7040.62,7421.897708080195
2057,3,11,7196.8875,7371.936238864127,7237.900591398193,7257.374674382936,7170.93798828125,7066.6279296875,7611.7687300435655,7799.031698028188,7481.65,7783.295783333333,7040.62,7425.997348669117
2058,1,11,7383.735,7363.131025332134,7131.804518795773,7140.090437909723,7166.322265625,7141.2705078125,7557.775373650174,7561.562542023183,7095.8545,7776.569783333334,7095.8545,7166.693365183619
2058,2,11,7196.8875,7338.827873139489,7181.383539019319,7170.327333951389,7167.04150390625,7142.08203125,7446.030606098228,7786.149841055914,7095.8545,7776.569783333334,7095.8545,7162.85159525896
2058,3,11,7439.352,7366.711503982937,7190.753710205661,7202.560608847222,7167.76025390625,7142.8935546875,7577.424840139901,7829.749951218951,7095.8545,7776.569783333334,7095.8545,7167.822519138816
2059,1,11,7196.8875,7453.92396911221,7384.933528821672,7353.557218905754,7514.99658203125,7556.3935546875,7776.413972318889,7814.776191028137,7383.735,7773.013716666666,7383.735,7443.466154117629
2059,2,11,7439.352,7405.729098874976,7387.571347964628,7343.235056766865,7515.7158203125,7557.205078125,7800.811020756399,7902.344816792151,7383.735,7773.013716666666,7383.735,7435.589748629711
2059,3,11,7449.4665,7411.512298204096,7393.192052086983,7345.557928572421,7516.4345703125,7558.0166015625,7762.666894846663,7983.099386018923,7383.735,7773.013716666666,7383.735,7436.828534586933
2060,1,11,7439.352,7447.513368865144,7274.312208023385,7281.333301585317,7495.3994140625,7534.34033203125,7561.585346900129,8132.202036489035,7196.8875,7757.613466666667,7196.8875,7348.094616211326
2060,2,11,7449.4665,7409.500399448991,7293.945938926263,7285.960159997024,7496.11865234375,7535.15185546875,7596.099559720685,8209.856414083468,7196.8875,7757.613466666667,7196.8875,7341.937645846392
2061,1,11,7449.4665,7528.759701447916,7367.914356192956,7374.700134866567,7567.70068359375,7610.9384765625,7686.515594316601,8039.259052800414,7439.352,7754.435533333333,7439.352,7501.266162405753
2063,3,11,6353.235,7106.0830139649715,6888.034038183081,6915.953852676587,7184.08349609375,7133.5810546875,6948.823279058008,7392.184325364035,7449.4665,7729.625166666667,7084.35,7357.770003169748
2064,2,11,6353.235,6299.766845311974,6262.559526440768,6290.344514373015,6676.6962890625,6601.4033203125,6269.401718978807,6722.866859112305,7449.4665,7675.361983333334,6364.410499999999,7160.9373675839415
2064,3,11,6631.0695,6232.8284878471095,6237.843551273109,6260.703275136904,6677.4150390625,6602.21484375,6243.022927467737,6716.889506626982,7449.4665,7675.361983333334,6364.410499999999,7149.8955390324445
2065,1,11,6353.235,5738.065508187034,5898.175138197218,5975.062325416667,6547.73193359375,6523.5830078125,5833.498016444209,6385.583193240749,7449.4665,7604.700699999999,5997.4775,7082.4463281713215
2065,2,11,6631.0695,5722.05034297326,5880.63736073194,5975.175876444444,6548.451171875,6524.39453125,5791.690416359916,6445.430342570381,7449.4665,7604.700699999999,5997.4775,7080.004164878148
2065,3,11,6766.773,5689.955810190952,5868.915396301384,5960.604719042659,6549.169921875,6525.2060546875,5715.27196184691,6427.028379068677,7449.4665,7604.700699999999,5997.4775,7074.846472995343
2066,1,11,6631.0695,5847.241842018656,6255.875300375739,6325.170669385912,6541.19091796875,6575.56591796875,6291.2501699761515,6282.216974287223,6353.235,7538.9067000000005,6353.235,6336.344787147544
2066,2,11,6766.773,5821.450821533836,6224.565943368795,6327.084872983134,6541.90966796875,6576.37744140625,6275.506165319334,6396.174496576137,6353.235,7538.9067000000005,6353.235,6332.251580239885
2066,3,11,6679.8585,5783.112564366898,6188.386415681295,6261.324407274801,6542.62890625,6577.18896484375,6196.311672650841,6315.243572651927,6353.235,7538.9067000000005,6353.235,6326.039677972391
2067,1,11,6766.773,6273.755842641316,6566.7197703865795,6660.216019464286,6798.45849609375,6865.09130859375,6481.688932477749,7101.277601722186,6631.0695,7479.875549999999,6631.0695,6631.785177916762
2067,2,11,6679.8585,6272.48264649924,6562.3242150715005,6679.023556464285,6799.177734375,6865.90283203125,6411.947355915652,7194.663325164492,6631.0695,7479.875549999999,6631.0695,6631.8325163236395
2068,1,11,6679.8585,6587.604831502271,6705.849842352949,6693.119054242064,6913.7724609375,6951.25537109375,6621.892156130648,7130.360033031469,6766.773,7421.586249999999,6766.773,6790.135243417157
2069,3,11,5853.1125,6484.129311052134,6512.976343866072,6513.532051774801,6958.61962890625,6918.06884765625,6273.968911655281,7170.870092426348,6679.8585,7360.811866666667,6679.8585,6748.484685909372
2070,2,11,5853.1125,6300.348153783734,6265.130802222223,6344.5771975634925,6897.01806640625,6855.2626953125,6087.6157443958655,7037.975198800676,6679.8585,7299.30865,6552.976500000001,6716.9045758923885
2070,3,11,6775.236,6266.322995392777,6250.888187059326,6266.10810911508,6897.73681640625,6856.07421875,6141.483464987665,6996.609021214199,6679.8585,7299.30865,6552.976500000001,6711.420855938875
2071,1,11,5853.1125,5768.1904084694115,5594.369891183532,5706.759556975198,6365.61181640625,6331.62841796875,5419.132545552532,6336.186846803339,6679.8585,7220.3827833333335,5841.36,6556.170311792636
2071,2,11,6775.236,5767.21516583251,5549.0652359224205,5691.581018945436,6366.3310546875,6332.43994140625,5299.197999131674,6310.297410732118,6679.8585,7220.3827833333335,5841.36,6556.267966120952
2071,3,11,6409.584,5743.445186554208,5531.266837436309,5626.782930131944,6367.0498046875,6333.25146484375,5357.322026934293,6240.1831503705735,6679.8585,7220.3827833333335,5841.36,6552.516055921693
2072,1,11,6775.236,5629.128729804614,5713.8818699583335,5696.924570267857,6185.81396484375,6222.12890625,5367.354203564332,5801.642031876119,5853.1125,7140.360566666666,5853.1125,5936.642253785579
2072,2,11,6409.584,5596.155019835482,5665.873410984921,5682.295684521826,6186.53271484375,6222.9404296875,5306.6500193232405,5779.984604994363,5853.1125,7140.360566666666,5853.1125,5931.336093737456
2073,1,11,6409.584,6591.25300802455,6580.114275791667,6608.580907779762,6982.02490234375,7158.955078125,6320.621045588083,6763.402450594802,6775.236,7089.415166666667,6775.236,6819.59360972078
2073,3,11,6406.365,6547.96881008545,6486.118704685516,6534.791121167658,6983.462890625,7160.57763671875,6267.09050417051,6585.203850080263,6775.236,7089.415166666667,6775.236,6812.808645048032
2074,2,11,6406.365,6432.877741287598,6211.419387943806,6273.821085043651,6777.20947265625,6818.95751953125,5982.792779010864,6951.142790931241,6409.584,7055.0316,6409.584,6547.610613762353
2075,1,11,6406.365,6336.669762060858,6223.034102836806,6240.420988136905,6681.93017578125,6696.701171875,6065.811678485002,6986.673859879448,6409.584,7030.034100000001,6373.494000000001,6502.846501651988
2077,3,11,5409.468,6235.253242858114,6120.876772073412,6185.534283881944,6663.62255859375,6612.814453125,5901.676936822262,6844.202686804635,6406.365,6943.227266666667,6401.605,6472.127366244772
2078,2,11,5409.468,5815.959171706053,5794.247162798909,5803.601566279762,6331.34033203125,6284.86279296875,5423.622626507732,6175.658494241518,6406.365,6869.700616666667,5931.555,6361.342080929041
2078,3,11,5606.01,5766.930205235587,5773.735916882242,5804.0817596557545,6332.05908203125,6285.67431640625,5395.098624548592,6083.540689674771,6406.365,6869.700616666667,5931.555,6353.3246420713895
2079,1,11,5409.468,5571.16224264437,5277.217215631448,5337.7111866527775,5997.923828125,5946.45458984375,4953.997522689029,5737.650208910377,6406.365,6773.827133333333,5395.46,6291.023039578531
2079,2,11,5606.01,5497.428720618534,5270.266857094543,5348.749962340278,5998.64306640625,5947.265625,4891.531363445346,5663.481494440869,6406.365,6773.827133333333,5395.46,6278.83387799029
2079,3,11,5791.2975,5464.890287251093,5252.1947860399805,5353.928029354167,5999.3623046875,5948.0771484375,4841.662175883045,5653.286707119713,6406.365,6773.827133333333,5395.46,6273.601401954029
2080,1,11,5606.01,5246.750883869715,5284.626762787423,5302.151531368056,5807.5087890625,5752.10498046875,4934.59752641003,5434.712506641318,5409.468,6692.2382333333335,5409.468,5527.176756415304
2080,2,11,5791.2975,5181.025443297223,5290.781073586034,5317.207065541666,5808.2275390625,5752.91650390625,4812.723615184404,5490.876805129167,5409.468,6692.2382333333335,5409.468,5516.3397552278375
2080,3,11,5748.897,5164.836751960604,5292.973415691193,5309.978825611111,5808.94677734375,5753.72802734375,4838.0109944742835,5476.993634829584,5409.468,6692.2382333333335,5409.468,5513.868288279519
2081,1,11,5791.2975,5507.114529716716,5583.419895124008,5578.123945167659,6087.978515625,6135.91455078125,5080.982443686585,5670.9702722326565,5606.01,6634.073866666667,5606.01,5765.109423965633
2081,2,11,5748.897,5476.802051396179,5609.428429398314,5612.325186644842,6088.697265625,6136.72607421875,4865.709352881423,5739.328806133445,5606.01,6634.073866666667,5606.01,5760.252670688153
2082,1,11,5748.897,5533.267213859608,5769.8455490999995,5795.3406351210315,6325.8408203125,6360.650390625,5427.24571898224,5730.230566697889,5791.2975,6590.436083333334,5791.2975,5942.700437922787
