origin_idx,h,fold,y_true,pred_HistGBM,pred_RandomForest,pred_ExtraTrees,pred_ElasticNet,pred_BayesianRidge,pred_kNN,pred_FlowConc,pred_Naive,pred_SeasonalNaive,pred_FlowAnchor,pred_Stack
730,5,0,9166.597,4837.143387452483,4698.210613531173,6438.997858324073,8137.17919921875,8046.46337890625,7929.6622889532355,5792.76281190403,9444.4905,8138.304583333333,9444.4905,5128.232697368925
731,4,0,9166.597,6134.567400437911,5569.952116474132,6605.971201918981,8208.4072265625,6974.837890625,7786.855689156226,5930.251124923414,9478.6615,8213.820466666666,9478.6615,5890.863556602162
731,5,0,8918.863,5940.681769949093,5553.000387286633,6350.574793307868,8208.4072265625,6975.587890625,7806.751446213817,5943.9361050487505,9478.6615,8213.820466666666,9478.6615,5877.088833482405
732,3,0,9166.597,6052.55698362258,5422.767301090739,6231.919463252315,8150.0,5510.81640625,7503.169080932783,6161.319787611887,8828.623,8246.467933333333,8828.623,5728.465741551897
732,4,0,8918.863,6052.55698362258,5264.78708648029,6116.631734085647,8150.0,5511.56640625,7518.961932370273,6171.686522360609,8828.623,8246.467933333333,8828.623,5592.898810421973
732,5,0,9114.864,5858.671353133763,5261.773168645966,5739.387077023146,8150.0,5512.31689453125,7516.786337993343,6148.239386188249,8828.623,8246.467933333333,8828.623,5588.860618318406
733,3,0,8918.863,5858.204023178293,5613.610361195682,6157.5544444467605,8166.37353515625,5523.1796875,7890.785025270259,5901.767572535385,8828.623,8243.38765,7750.499,5794.651274602975
733,4,0,9114.864,5872.953932567648,5397.283097681797,6093.272798335648,8166.37353515625,5523.9296875,7924.6487054462505,5915.437742677658,8828.623,8243.38765,7750.499,5608.9829666567475
733,5,0,9073.308,5831.743986296683,5420.379428990825,6071.360177106481,8166.37353515625,5524.68017578125,7900.419456599968,5808.849170291056,8828.623,8243.38765,7750.499,5622.350722576191
734,3,0,9114.864,5290.813505531332,5743.6102816260745,6131.098034652779,8128.80322265625,6099.720703125,7343.692922209422,5540.276159192454,8828.623,8297.844783333334,9528.481000000002,6020.446475802126
734,4,0,9073.308,5305.563414920687,5570.374120451967,5989.2847770486105,8128.80322265625,6100.470703125,7333.0653472178765,5550.674941005161,8828.623,8297.844783333334,9528.481000000002,5871.728517134271
734,5,0,9133.984,5264.353468649722,5602.6905634103005,5950.800811583331,8128.80322265625,6101.22119140625,7351.308270092146,5500.52241697465,8828.623,8297.844783333334,9528.481000000002,5896.510789570246
735,3,0,9073.308,5732.933198671929,6018.631123049933,6432.805191525465,8176.28955078125,7167.63037109375,7904.77982440822,6307.699418736851,9166.597,8333.683716666666,9166.597,6277.016332604321
735,4,0,9133.984,5827.887677668335,5915.244405791666,6335.64054475463,8176.28955078125,7168.38037109375,7884.356298747215,6296.168198356042,9166.597,8333.683716666666,9166.597,6187.1728727422815
736,3,0,9133.984,6366.9462538418975,6205.243864008264,6938.327557555557,8180.70556640625,9454.4072265625,8386.931521829662,7526.43257506975,8918.863,8334.863650000001,8918.863,6493.802310438123
737,5,0,8013.87,6336.576663639584,6294.414844022818,6424.439369999999,8149.115234375,9001.947265625,8321.56071379287,6989.040995057593,9114.864,8354.6468,9114.864,6552.666663780055
738,4,0,8013.87,6751.489548360635,7140.1569716185495,7439.760758354166,8167.248046875,9801.8984375,8329.933092161691,7766.6290004538305,9073.308,8369.2799,9073.308,7326.397436415646
738,5,0,8370.716,6778.1072089408235,7100.7128478754985,7339.192706745367,8167.248046875,9802.6484375,8303.18925420076,7728.872699112037,9073.308,8369.2799,9073.308,7290.072121775789
739,3,0,8013.87,7311.340927752031,7258.259678635583,7741.579447835646,8166.66162109375,9055.4052734375,8352.01521255598,8442.78139446639,9133.984,8380.66125,9133.984,7474.376335174403
739,4,0,8370.716,7309.746791895797,7184.951276013226,7736.887209733791,8166.66162109375,9056.1552734375,8334.033867839487,8456.57785825911,9133.984,8380.66125,9133.984,7412.0202522856835
739,5,0,8675.014,7220.735167574264,7145.793257941798,7640.374408969901,8166.66162109375,9056.90625,8306.208967934514,8510.371673890575,9133.984,8380.66125,9133.984,7381.563066133923
740,3,0,8370.716,7400.408426152283,7032.920820114418,7676.81490525694,8141.48046875,8979.7890625,8309.721503777093,8359.931418355462,9133.984,8401.627316666667,9586.832,7309.62841819763
740,4,0,8675.014,7372.884110003318,6983.046615779098,7635.529340650462,8141.48046875,8980.5400390625,8328.881123189187,8384.128344631603,9133.984,8401.627316666667,9586.832,7268.1148744146185
740,5,0,8754.153,7334.267506576965,6937.753179862437,7478.777154423609,8141.48046875,8981.2900390625,8270.273425885689,8439.1649925412,9133.984,8401.627316666667,9586.832,7232.444318947662
741,3,0,8675.014,7534.1872253002175,6779.223796763227,7761.622832652776,8165.4794921875,8414.009765625,8248.708956866598,8364.139053574063,9133.984,8399.231749999999,9454.032000000001,7081.009101138142
741,4,0,8754.153,7457.353400678169,6742.912894308859,7736.390784423612,8165.4794921875,8414.7607421875,8233.377951447857,8387.867873326519,9133.984,8399.231749999999,9454.032000000001,7051.160486890749
741,5,0,8472.7965,7416.157771265165,6701.258776662694,7582.732654412037,8165.4794921875,8415.5107421875,8234.540606203474,8423.71870208593,9133.984,8399.231749999999,9454.032000000001,7017.4495202256385
742,3,0,8754.153,7638.423081936072,6635.224363220567,7665.619584777779,7672.37060546875,8935.05859375,8167.975268899192,7603.714810145679,8013.87,8357.716966666667,8013.87,6800.07854468671
742,4,0,8472.7965,7657.051585473297,6570.6441332083305,7635.782829430553,7672.37060546875,8935.80859375,8148.693078355977,7606.14269829983,8013.87,8357.716966666667,8013.87,6744.549436369665
743,3,0,8472.7965,7592.556029404246,7179.429407877591,7841.6554049398155,7558.74755859375,10112.849609375,8064.430889106111,7777.772736928749,8370.716,8326.127316666667,8370.716,7307.2333854755125
745,5,0,8299.7225,7803.396187733764,7897.77453429795,7807.553002256943,7782.048828125,9281.376953125,7849.340812250656,7798.717930335261,8754.153,8273.465383333332,8754.153,7957.155084211434
746,4,0,8299.7225,7734.141581199094,8024.174255358301,7861.551974965278,7742.27587890625,8873.494140625,7633.33719914148,8031.99740093033,8472.7965,8246.168183333333,8472.7965,8058.9480189007
746,5,0,8572.7025,7683.953450061309,7984.028979746859,7822.982833888888,7742.27587890625,8874.244140625,7618.707411616354,8001.188180229696,8472.7965,8246.168183333333,8472.7965,8022.444774740497
747,3,0,8299.7225,7896.468450057201,8022.806207990113,7918.29742049074,7780.90283203125,9007.986328125,7476.88710730266,7939.999260104873,8472.7965,8206.9536,8124.914000000001,8025.526886787816
747,4,0,8572.7025,7896.763536329559,7999.333039653936,7849.786391393519,7780.90283203125,9008.7373046875,7502.847991215644,7931.175813950533,8472.7965,8206.9536,8124.914000000001,8004.747583138299
747,5,0,8567.1,7771.685268347952,7958.747247445273,7801.819418916671,7780.90283203125,9009.4873046875,7519.192840681528,7902.348004357221,8472.7965,8206.9536,8124.914000000001,7967.986210038866
748,3,0,8572.7025,7886.407920829655,8019.615963965609,7992.466535692128,7741.2607421875,8996.6875,7436.285251447009,8057.60492418587,8472.7965,8169.392166666667,7766.899,8002.630517071983
748,4,0,8567.1,7874.672597522751,7997.842703251655,7945.751799893519,7741.2607421875,8997.4375,7450.454898169772,8074.344058278423,8472.7965,8169.392166666667,7766.899,7984.886419468822
749,3,0,8567.1,8120.0103238488455,8052.803671292989,7963.12168072917,7622.41845703125,9246.22265625,7360.179017834682,8037.761090942115,8472.7965,8150.793850000001,7669.6269999999995,8022.589375829783
752,5,0,7835.3145,7656.562846913503,8023.721487313492,7983.0947930763905,7513.30712890625,9090.4423828125,7725.096325719246,7747.926907888731,8567.1,8276.398533333333,8567.1,8048.323563288023
753,4,0,7835.3145,7407.841692088173,7892.370669696099,7809.200411513888,7490.0869140625,8893.2060546875,7696.076308449943,7230.982798161843,8567.1,8285.135916666668,8893.125,7928.258657493691
753,5,0,8088.604,7358.496662868953,7813.424822562567,7754.059296689817,7490.0869140625,8893.95703125,7714.293701784387,7221.849894323038,8567.1,8285.135916666668,8893.125,7859.634287641443
754,3,0,7835.3145,7425.881702797964,7897.0437535603505,7736.004018810186,7508.09765625,8804.2724609375,7723.666473575144,7291.963514525883,8567.1,8271.821416666666,8893.8,7936.0835846411355
754,4,0,8088.604,7443.2357170466075,7872.8778601083,7669.5937914143515,7508.09765625,8805.0224609375,7706.0952482819675,7372.586913517809,8567.1,8271.821416666666,8893.8,7920.199357909661
754,5,0,8533.4535,7420.030430606907,7812.256266922188,7639.122387342589,7508.09765625,8805.7734375,7719.721748317574,7337.56735796147,8567.1,8271.821416666666,8893.8,7865.783820228119
755,3,0,8088.604,7277.150688565586,7939.527769441632,7692.404607398147,7475.9287109375,8662.6328125,7708.858758268017,6938.041121323721,8567.1,8239.319433333334,8694.0,7935.706442588804
755,4,0,8533.4535,7326.292365808,7898.229202670136,7647.991604064813,7475.9287109375,8663.3828125,7757.788856684788,7018.028929199175,8567.1,8239.319433333334,8694.0,7905.012163329155
755,5,0,8599.183,7322.209409641469,7880.313481763392,7626.092662930552,7475.9287109375,8664.1328125,7689.271999633509,6999.8526203083275,8567.1,8239.319433333334,8694.0,7888.449947723097
756,3,0,8533.4535,7494.95436968841,7948.038966475528,7668.645982629631,7400.37939453125,8997.4619140625,7509.465627374205,7162.925680488349,8567.1,8181.20495,8222.85,7920.83756970063
756,4,0,8599.183,7506.6889566774435,7931.713774322487,7638.56630191204,7400.37939453125,8998.2119140625,7410.708822977288,7183.908699598314,8567.1,8181.20495,8222.85,7908.051141027278
757,3,0,8599.183,7302.734338845993,7811.128773270837,7604.855435546296,7239.8544921875,8686.791015625,7093.640680111315,6945.669094498838,7835.3145,8110.1946333333335,7835.3145,7759.835661720213
758,5,0,7588.6215,7071.679459918798,7661.148161214061,7332.267990254631,7084.24169921875,9120.548828125,6643.3524226796835,6959.059595059035,8088.604,8379.814766666666,8088.604,7650.71315136999
759,4,0,7588.6215,7259.509893639592,7765.575805676979,7733.8654693935205,7204.41796875,9608.84375,6783.523871907087,7302.641978201477,8533.4535,8664.263216666666,8533.4535,7795.84802636753
759,5,0,7426.011,7195.163510440741,7774.966258036938,7703.653688305556,7204.41796875,9609.59375,6766.872180169607,7191.476584083712,8533.4535,8664.263216666666,8533.4535,7797.118154942257
760,3,0,7588.6215,7445.570729997998,7941.801263577716,7670.613872715276,7182.36181640625,9751.0302734375,6591.371489618555,7064.552362228582,8599.183,8636.0863,8599.183,7938.186767635781
760,4,0,7426.011,7445.570729997998,7975.945980565211,7600.633930365737,7182.36181640625,9751.7802734375,6605.554493661578,7098.211688972897,8599.183,8636.0863,8599.183,7969.691603665763
760,5,0,7664.223,7437.134235931635,7954.139876435091,7598.697746534719,7182.36181640625,9752.5302734375,6553.990065479347,7024.446041498977,8599.183,8636.0863,8599.183,7946.361915806925
761,3,0,7426.011,7342.512399984411,7873.024855845072,7530.353788696753,7091.07275390625,9899.9130859375,6274.055921309868,7249.207307402236,8599.183,8581.1101,7829.3755,7831.383898485966
761,4,0,7664.223,7342.512399984411,7898.498770711209,7520.744073986106,7091.07275390625,9900.6630859375,6314.997812027882,7385.395340381527,8599.183,8581.1101,7829.3755,7861.708736807663
761,5,0,7850.9895,7351.910465050642,7895.974170867299,7520.461145148146,7091.07275390625,9901.4140625,6289.40299202354,7246.257529513342,8599.183,8581.1101,7829.3755,7850.988646769346
762,3,0,7664.223,7367.415493408719,7877.668873703425,7497.897469678237,7052.55517578125,10123.515625,5947.781745052426,7377.57536502595,8599.183,8537.360016666667,7516.120500000001,7819.324249185221
762,4,0,7850.9895,7363.415366245341,7886.801718936463,7475.861797456015,7052.55517578125,10124.265625,5932.839557826177,7454.211849130984,8599.183,8537.360016666667,7516.120500000001,7831.903897868866
762,5,0,7886.0405,7374.312298152921,7871.682007543276,7494.179946680554,7052.55517578125,10125.015625,5991.359862590374,7328.057564264494,8599.183,8537.360016666667,7516.120500000001,7811.122094280293
763,3,0,7850.9895,7466.609964294223,7840.708089406385,7527.630841990736,6911.3955078125,9559.5029296875,5905.204887510764,7387.218396360981,7588.6215,8531.9641,7588.6215,7793.592516577296
763,4,0,7886.0405,7481.237569078961,7845.106413066008,7541.53258994213,6911.3955078125,9560.25390625,5854.562079646163,7449.62750584256,7588.6215,8531.9641,7588.6215,7801.216667446682
764,3,0,7886.0405,7668.2116476843585,7785.710378071912,7577.7744813680565,6829.51025390625,9301.681640625,5531.136528104165,7156.728514421936,7426.011,8461.881766666665,7426.011,7719.592949205067
765,5,0,7854.357,7876.696238127604,7830.727255297774,7611.464132849545,6929.509765625,9094.49609375,5754.091340442324,7340.846564564156,7664.223,8411.802633333335,7664.223,7787.919212191591
766,4,0,7854.357,7575.238111165848,8010.857985242791,7598.443531236107,6962.51025390625,9225.2744140625,5510.2113935594125,7386.1072632714295,7850.9895,8376.20685,7850.9895,7960.275752976463
766,5,0,7712.474,7650.693745619175,8020.422269442099,7599.978531599534,6962.51025390625,9226.0244140625,5684.935823625876,7365.50998653089,7850.9895,8376.20685,7850.9895,7967.256914739558
767,3,0,7854.357,7616.331358282953,7920.44469231746,7532.032577298612,6998.2138671875,9401.48046875,5666.652642457263,7549.703464902691,7886.0405,8335.246066666667,7886.0405,7895.05012055134
767,4,0,7712.474,7644.249405676173,7945.928816980886,7539.303632090277,6998.2138671875,9402.23046875,5563.562818757378,7652.751208232528,7886.0405,8335.246066666667,7886.0405,7923.348844793006
767,5,0,7570.785,7719.705040129501,7972.008044454499,7520.433048849538,6998.2138671875,9402.98046875,5699.738984901837,7638.707729403602,7886.0405,8335.246066666667,7886.0405,7944.970876088357
768,3,0,7712.474,7529.699870938803,7928.771169153439,7645.715879212964,7070.6904296875,9444.279296875,5569.401243869021,7566.379078471564,7886.0405,8303.481316666666,8120.365500000001,7921.164946945348
768,4,0,7570.785,7585.405454162415,7958.401311271562,7642.768838622682,7070.6904296875,9445.029296875,5479.614223586294,7709.7959382158,7886.0405,8303.481316666666,8120.365500000001,7955.516971029559
768,5,0,7178.675,7628.977401549724,7982.773167391105,7616.531062777777,7070.6904296875,9445.7802734375,5621.392211110928,7690.517779015825,7886.0405,8303.481316666666,8120.365500000001,7975.345557446227
769,3,0,7570.785,7473.305076761781,8024.402381561177,7670.131381553243,7103.2529296875,9255.4853515625,5596.857716230836,7500.191999889358,7886.0405,8281.454916666667,8473.192000000001,8026.5204316811205
769,4,0,7178.675,7529.0106599853925,8058.6124895209,7666.997739296297,7103.2529296875,9256.236328125,5614.560069095157,7622.84305633836,7886.0405,8281.454916666667,8473.192000000001,8063.546012940649
769,5,0,7439.718,7589.546220171252,8055.380022779006,7650.233957805557,7103.2529296875,9256.986328125,5645.024316554306,7597.84572722074,7886.0405,8281.454916666667,8473.192000000001,8059.2242110840525
770,3,0,7178.675,8211.078977536312,8143.743233388258,7670.275636106477,7219.25390625,8697.595703125,5821.143816022013,7801.347029510039,7854.357,8223.705750000001,7854.357,8100.597901024635
770,4,0,7439.718,8238.866513366704,8181.958139915771,7646.310397113421,7219.25390625,8698.345703125,5711.130192859452,7902.527581103551,7854.357,8223.705750000001,7854.357,8139.757885080484
771,3,0,7439.718,7839.611131605017,7896.372803431881,7667.589511696762,7173.85400390625,9193.3603515625,5640.892586684577,7625.269326317618,7712.474,8165.653816666668,7712.474,7865.668692461095
772,5,0,7648.032,7629.8348316716265,7759.751244664583,7698.310683087967,7170.96337890625,8870.392578125,5702.810916342285,7628.317431660381,7570.785,8150.884316666667,7570.785,7737.235920740391
773,4,0,7648.032,7340.24053870873,7676.534001947666,7486.88762412037,6975.71630859375,8588.578125,5526.631067228296,7578.100388218238,7178.675,8111.149616666667,7178.675,7632.43273872501
773,5,0,7190.31,7421.479726693508,7675.996603104414,7520.629478122686,6975.71630859375,8589.328125,5516.692408353758,7530.911772965652,7178.675,8111.149616666667,7178.675,7629.0718902098815
774,3,0,7648.032,7450.608420938739,7675.742674367461,7560.647659282413,7007.09619140625,8940.6416015625,5652.492104521306,7415.941621721912,7439.718,8069.973083333333,7439.718,7641.747982785257
774,4,0,7190.31,7478.404163727343,7702.1230824241065,7600.4050597453725,7007.09619140625,8941.392578125,5625.800148615908,7521.402269917223,7439.718,8069.973083333333,7439.718,7670.967602351083
774,5,0,7254.036,7538.779505423324,7700.379217528768,7621.038176296299,7007.09619140625,8942.142578125,5659.630889638704,7465.548871336581,7439.718,8069.973083333333,7439.718,7666.034548168784
775,3,0,7190.31,7327.433762478106,7677.440796480556,7573.152046782413,7081.388671875,8876.056640625,5622.978481125118,7389.622924656282,7439.718,8038.675950000001,7815.2390000000005,7670.301400907037
775,4,0,7254.036,7355.351809871326,7695.63795765724,7574.593654224541,7081.388671875,8876.806640625,5658.741908827355,7524.153894166479,7439.718,8038.675950000001,7815.2390000000005,7694.250798568024
775,5,0,7103.34,7322.260470479541,7697.532816643848,7588.915967199077,7081.388671875,8877.5576171875,5622.5318692527,7403.012479266125,7439.718,8038.675950000001,7815.2390000000005,7688.446002920995
776,3,0,7254.036,7463.933132750831,7477.889443481149,7620.72636966204,7108.15478515625,8815.984375,5745.405840692729,7587.571900889883,7439.718,8021.4486,7955.976,7521.169983387029
776,4,0,7103.34,7491.851180144051,7486.430723868549,7647.915530090279,7108.15478515625,8816.734375,5727.814059851787,7725.294053552309,7439.718,8021.4486,7955.976,7536.990460697768
776,5,0,7119.453,7504.305571722279,7492.785792692954,7671.0564193032415,7108.15478515625,8817.484375,5734.10015708096,7645.939046952935,7439.718,8021.4486,7955.976,7537.596873639572
777,3,0,7103.34,7478.128643669534,7585.17622028026,7572.041467532415,7079.17822265625,8768.2958984375,6600.849642458893,7640.175674608458,7648.032,8005.5525333333335,7648.032,7593.358153067954
777,4,0,7119.453,7478.128643669534,7577.987338536706,7571.703010009261,7079.17822265625,8769.0458984375,6468.098638032779,7760.214313374081,7648.032,8005.5525333333335,7648.032,7594.530965014964
778,3,0,7119.453,7463.760122361645,7502.670524786211,7518.9682465162105,7090.5107421875,8558.76171875,6308.3123876276195,7836.784740587892,7190.31,7986.332899999999,7190.31,7499.308837814319
779,5,0,9090.4155,7501.835732205254,7675.977306575398,7530.319601942136,7179.4365234375,8538.8564453125,6605.920742654269,7693.36064288201,7254.036,7972.479866666666,7254.036,7644.790832510168
780,4,0,9090.4155,7413.734477086307,7645.703695947205,7532.024990905098,7123.0673828125,8410.0,6980.051721943683,7743.9222568218465,7103.34,7932.60045,7103.34,7610.275476199226
780,5,0,9862.52,7437.51179820699,7658.997880822207,7523.043507537042,7123.0673828125,8410.75,6974.17466336827,7774.82534314589,7103.34,7932.60045,7103.34,7623.634673562959
781,3,0,9090.4155,7561.697745947386,7586.502627093255,7500.343888932876,7163.10205078125,8339.9365234375,7077.624182669496,7648.26735982352,7119.453,7884.1588,7119.453,7554.5931565501705
781,4,0,9862.52,7604.235191167132,7590.498979887895,7492.599916208336,7163.10205078125,8340.6865234375,7256.409056994136,7748.69985298964,7119.453,7884.1588,7119.453,7564.20549972524
781,5,0,9218.7795,7446.54377160469,7616.593552662696,7493.801151314821,7163.10205078125,8341.4365234375,7059.51683564752,7746.0878408209,7119.453,7884.1588,7119.453,7586.542688541065
782,3,0,9862.52,7552.131944442881,7477.440243850199,7504.807659738432,7265.26318359375,8453.947265625,7276.607075613763,7686.12789694441,7119.453,7862.7054,7923.4980000000005,7524.351677202989
782,4,0,9218.7795,7594.6693896626275,7475.655022231643,7486.233821798615,7265.26318359375,8454.697265625,7364.710921805153,7796.317518529354,7119.453,7862.7054,7923.4980000000005,7529.578523231624
782,5,0,8188.413,7425.815665454179,7488.648200681049,7493.061515962968,7265.26318359375,8455.4482421875,7278.354145003384,7793.035695917663,7119.453,7862.7054,7923.4980000000005,7540.579146934216
783,3,0,9218.7795,7445.614508142553,7331.071032311514,7580.030293807879,7335.7578125,8062.00146484375,7502.603701054709,7682.815430579271,7119.453,7844.53835,8348.113500000001,7430.413573064789
783,4,0,8188.413,7460.364417531908,7334.662669595044,7549.112890104174,7335.7578125,8062.751953125,7508.348159861646,7844.0490848411355,7119.453,7844.53835,8348.113500000001,7443.410368372693
783,5,0,7556.1575,7398.335602418112,7345.640157935321,7544.936913136583,7335.7578125,8063.501953125,7496.784234828234,7826.553353328273,7119.453,7844.53835,8348.113500000001,7451.800376079917
784,3,0,8188.413,7583.612101524798,7648.81244098347,7905.202573527781,7668.9375,8251.31640625,7975.7761969360845,8316.913042647542,9090.4155,7851.0922,9090.4155,7800.034320341554
784,4,0,7556.1575,7626.149546744545,7651.48846487583,7881.579345777779,7668.9375,8252.06640625,7988.033943415782,8504.056246582517,9090.4155,7851.0922,9090.4155,7813.832641366033
785,3,0,7556.1575,7326.30280684752,7392.81341271247,7938.546865736111,8002.435546875,8417.74609375,8226.736254121219,8515.732115836448,9862.52,7890.042866666668,9862.52,7650.552402771644
786,5,0,7235.4125,7391.512906370961,7527.154183114749,7874.703280766207,7898.287109375,8005.34033203125,8304.4106159007,8238.95388054773,9218.7795,7923.240516666667,9218.7795,7700.171421595033
787,4,0,7235.4125,8020.822431873949,7589.764331567462,7827.4003910625,7700.9560546875,7791.064453125,8107.976764839913,8408.724223436897,8188.413,7935.010466666666,8188.413,7685.812664182764
787,5,0,7029.0805,7672.024250686179,7558.7838754732165,7836.566947266205,7700.9560546875,7791.814453125,8013.480287502176,8413.375273197153,8188.413,7935.010466666666,8188.413,7659.388288351481
788,3,0,7235.4125,7609.6558739719785,7569.710428927085,7639.611117081023,7649.87548828125,7773.56689453125,8048.301077818786,8015.040571053487,7556.1575,7917.26225,7556.1575,7596.019072613787
788,4,0,7029.0805,7652.193319191725,7555.661728458333,7641.442077671298,7649.87548828125,7774.31689453125,8062.480379253602,8048.317582972451,7556.1575,7917.26225,7556.1575,7585.950222599167
788,5,0,6806.016,7535.827229472941,7534.031752993551,7650.249717682873,7649.87548828125,7775.0673828125,8089.549307424196,8022.270227176918,7556.1575,7917.26225,7556.1575,7565.702436027914
789,3,0,7029.0805,7619.200398992568,7734.186574306431,7622.188461851857,7611.37744140625,7115.94970703125,8136.9232938369,7766.197945187152,7556.1575,7887.056966666667,7627.295,7727.981209697325
789,4,0,6806.016,7663.097889876081,7721.228490698293,7623.333021226857,7611.37744140625,7116.7001953125,8273.92890987477,7789.890864588172,7556.1575,7887.056966666667,7627.295,7718.264147810547
789,5,0,7011.876,7645.3056898442455,7700.678416005335,7617.559785300929,7611.37744140625,7117.4501953125,8129.002527603116,7750.615509625188,7556.1575,7887.056966666667,7627.295,7698.135163270825
790,3,0,6806.016,7535.764190182707,7717.513589740785,7659.401701939819,7616.50830078125,6852.78271484375,8075.960637949446,7836.178334702596,7556.1575,7862.31645,7856.9675,7735.460051688454
790,4,0,7011.876,7550.391794967446,7704.708062025507,7651.861311592595,7616.50830078125,6853.53271484375,8239.892453839542,7776.631971398667,7556.1575,7862.31645,7856.9675,7720.763366695904
790,5,0,6753.555,7556.163327032515,7697.892146282945,7641.007126833338,7616.50830078125,6854.283203125,8076.662268391657,7736.866753321469,7556.1575,7862.31645,7856.9675,7712.445281099241
791,3,0,7011.876,7517.637507615335,7564.828839789091,7457.776812131952,7434.89453125,6523.36376953125,8048.945024112682,7390.618792126381,7235.4125,7842.517683333334,7235.4125,7528.950693728924
791,4,0,6753.555,7510.865444361999,7569.163273081353,7419.852598451393,7434.89453125,6524.1142578125,8095.76495460844,7331.173979230516,7235.4125,7842.517683333334,7235.4125,7529.037552628643
792,3,0,6753.555,7303.552745250798,7647.493405466273,7298.970760763894,7268.0087890625,6756.32470703125,7668.857453022617,7100.574039724344,7029.0805,7826.283016666666,7029.0805,7566.638394687383
793,5,0,4958.3115,7429.8004521093335,7373.358071032245,7278.243705400466,7180.9482421875,6951.984375,7591.187623510608,7352.462523420438,6806.016,7800.196166666667,6806.016,7328.7064890666725
794,4,0,4958.3115,7736.354154164332,7516.2851198396165,7421.469319159726,7180.59033203125,7260.0009765625,7811.366731858017,7780.119140799459,7011.876,7786.391666666667,7011.876,7493.92751089156
794,5,0,4851.1815,7687.041402576532,7527.191028801819,7449.666001840284,7180.59033203125,7260.7509765625,7692.754814334744,7780.299361442436,7011.876,7786.391666666667,7011.876,7503.341164311284
795,3,0,4958.3115,6510.715744394535,7188.928637455359,7084.46389045602,7134.41064453125,7026.1416015625,7347.737770864516,7186.539517525173,6753.555,7756.036066666667,6753.555,7155.501284543805
795,4,0,4851.1815,6565.254734223426,7229.5151976815505,7096.0125293101855,7134.41064453125,7026.8916015625,7476.397087842139,7261.877317968954,6753.555,7756.036066666667,6753.555,7195.119177401024
795,5,0,4280.574,6592.4736175380895,7270.027912655755,7115.5229365046325,7134.41064453125,7027.6416015625,7348.562455370966,7318.382830245978,6753.555,7756.036066666667,6753.555,7233.517043313426
796,3,0,4851.1815,6318.450866247986,7020.36874191754,6757.229781780097,7071.40283203125,6642.1884765625,7220.382236951514,7028.427914131346,6753.555,7691.390816666666,5911.632,6936.10999948072
796,4,0,4280.574,6380.0420507859535,7081.998522119543,6791.017317995374,7071.40283203125,6642.9384765625,7360.167461373737,7139.142850803333,6753.555,7691.390816666666,5911.632,6996.042681987685
796,5,0,4143.917,6419.629185571626,7091.160563751983,6828.050325655095,7071.40283203125,6643.68896484375,7194.818442900895,7130.117757692965,6753.555,7691.390816666666,5911.632,7003.387616131889
797,3,0,4280.574,7120.2819363451645,6948.975992068004,6692.381295900463,7070.78125,6982.1826171875,7128.7162498627895,7181.783978069616,6753.555,7636.8836,6250.8240000000005,6909.903274995668
797,4,0,4143.917,7167.00102882369,7009.472476862601,6704.807606004629,7070.78125,6982.9326171875,7347.41221904038,7346.941187296224,6753.555,7636.8836,6250.8240000000005,6972.20180514232
797,5,0,4518.925,7230.805716429152,7005.512953393849,6736.450333268516,7070.78125,6983.6826171875,7150.323571675346,7408.1442913370465,6753.555,7636.8836,6250.8240000000005,6972.546141263973
798,3,0,4143.917,6920.127739141031,6597.133911564816,6348.017408249996,6903.78759765625,5871.5810546875,5602.848208011981,6477.825079902844,4958.3115,7531.4818,4958.3115,6464.533786908337
798,4,0,4518.925,7017.321574044219,6647.767680202878,6370.404628388884,6903.78759765625,5872.33154296875,5516.671581850147,6650.555473419243,4958.3115,7531.4818,4958.3115,6518.79414094767
799,3,0,4518.925,7069.1417265870405,6695.380758977679,6124.47832347222,6742.2080078125,6017.24609375,5630.008396458547,6544.9531435036515,4851.1815,7410.748116666667,4851.1815,6545.170511556624
800,5,0,6494.6275,7079.164427341528,6797.663832501988,6337.160262546296,6659.4208984375,5668.48828125,5847.1625834016,6656.10249429967,4280.574,7291.622016666666,4280.574,6596.5611759553685
801,4,0,6494.6275,7136.886607495642,6825.85091941191,6222.997387685184,6579.048828125,5983.80029296875,5821.0239311747255,6435.514848437037,4143.917,7172.670116666666,4143.917,6596.871778858207
801,5,0,6852.976,7176.473742281315,6828.05132981171,6271.547312685184,6579.048828125,5984.55078125,5885.231207179276,6428.7997539999515,4143.917,7172.670116666666,4143.917,6598.356546753326
802,3,0,6494.6275,6183.491385866917,6793.588180207388,6168.733447708328,6597.4267578125,6458.490234375,5815.338838816153,6412.324961029636,4518.925,7070.94145,4518.925,6596.29856416473
802,4,0,6852.976,6312.054214806891,6830.670686802086,6193.915595833329,6597.4267578125,6459.240234375,5918.691958037951,6512.881979802851,4518.925,7070.94145,4518.925,6634.443956758384
802,5,0,6932.655,6351.6413495925635,6832.141022507442,6214.588703229162,6597.4267578125,6459.99072265625,5873.649484044847,6516.518764030782,4518.925,7070.94145,4518.925,6635.934924317794
803,3,0,6852.976,6189.549386112426,6793.8358723343745,6182.857772673609,6710.11865234375,6754.7578125,5914.243054011017,6351.142826433539,4518.925,7002.29195,5119.19,6638.640552176924
803,4,0,6932.655,6323.648958754257,6823.195759866075,6223.842267291665,6710.11865234375,6755.5078125,5891.295956115006,6403.400304513189,4518.925,7002.29195,5119.19,6667.162106229435
803,5,0,7238.036,6359.5050429079,6815.1324265282765,6243.98386847222,6710.11865234375,6756.25830078125,5933.001371225367,6399.402823426946,4518.925,7002.29195,5119.19,6659.964802852388
804,3,0,6932.655,6352.805417405191,6502.345673815476,6219.104965972223,6806.544921875,6892.42138671875,6007.112130910365,6437.662999524499,4518.925,6944.543350000001,5707.26,6437.596343197814
804,4,0,7238.036,6308.8132308361355,6503.808365578371,6256.169695208331,6806.544921875,6893.171875,6008.309045693498,6534.362814111426,4518.925,6944.543350000001,5707.26,6444.795079027486
804,5,0,6908.03,6422.764444341571,6512.635599512894,6281.568154861107,6806.544921875,6893.921875,5996.035623357085,6525.665992978942,4518.925,6944.543350000001,5707.26,6451.871513854367
805,3,0,7238.036,6527.449888170758,6599.059572247026,6485.645509229169,7125.3154296875,7046.0078125,6232.173744701093,7005.647990861546,6494.6275,6900.522966666667,6494.6275,6616.042407713223
805,4,0,6908.03,6483.457701601702,6590.817295762898,6523.1179462083355,7125.3154296875,7046.7578125,6330.905450606933,7019.106646181856,6494.6275,6900.522966666667,6494.6275,6609.762688437478
806,3,0,6908.03,6185.029400828465,6582.149491362496,6657.848885104168,7314.419921875,6909.87841796875,6448.261426428776,6686.242701792711,6852.976,6863.7563,6852.976,6609.243546360419
807,5,0,5738.401,8148.084063493383,7095.032781675,6905.024071354165,7413.939453125,7113.8076171875,6734.595768666381,7761.8738393159765,6932.655,6839.9104,6932.655,7123.566473672235
808,4,0,5738.401,7753.879914016755,7481.588502773638,7182.269964474537,7364.91455078125,7051.65087890625,7218.982706231755,7738.371588062157,7238.036,6841.501266666667,7238.036,7478.7382393600155
808,5,0,5424.2045,7732.777621357271,7537.321303200558,7170.216495578706,7364.91455078125,7052.4013671875,7154.673699331498,7756.368378544655,7238.036,6841.501266666667,7238.036,7527.893627866765
809,3,0,5738.401,8234.672110950729,7620.563444632176,7217.624458405093,7384.0185546875,7112.3037109375,7250.7552635191005,7723.95683792347,6908.03,6829.967733333334,6908.03,7572.444929299589
809,4,0,5424.2045,8234.672110950729,7613.377744410745,7281.153520828706,7384.0185546875,7113.0537109375,7273.460047048294,7780.627091321256,6908.03,6829.967733333334,6908.03,7569.729468925278
809,5,0,5603.0175,8192.343762535646,7682.1829194601505,7293.0677122592615,7384.0185546875,7113.80419921875,7249.96989526483,7805.745652822349,6908.03,6829.967733333334,6908.03,7630.59257343311
810,3,0,5424.2045,8391.67407455735,7399.736653689853,7101.761089592591,7370.47119140625,7246.49658203125,7210.043168688192,7853.42132526641,6908.03,6804.85015,6349.8125,7347.336426057025
810,4,0,5603.0175,8391.67407455735,7419.998059835485,7167.909149905092,7370.47119140625,7247.2470703125,7249.364771758341,7901.016105724083,6908.03,6804.85015,6349.8125,7367.72737198955
810,5,0,5391.4,8395.14367267559,7474.2193890646495,7180.533678523148,7370.47119140625,7247.9970703125,7243.519773764602,7919.419569502293,6908.03,6804.85015,6349.8125,7415.604608579366
811,3,0,5603.0175,8697.09642609172,7253.184106363764,6675.049477613423,7291.42724609375,6818.05322265625,7066.288337974546,7999.553504120329,6908.03,6765.5643,5940.8775,7198.698696024532
811,4,0,5391.4,8710.062924333368,7278.63101644541,6714.14736549074,7291.42724609375,6818.80322265625,7118.340622366012,8050.76343373494,6908.03,6765.5643,5940.8775,7223.7823330707415
811,5,0,5426.0215,8744.723076970304,7349.316915256947,6732.123651685184,7291.42724609375,6819.5537109375,7093.046487601863,8052.062121714186,6908.03,6765.5643,5940.8775,7284.80429948546
812,3,0,5391.4,5862.962408884254,6412.849347358628,6374.7355144999965,7122.57177734375,6535.033203125,7255.789036565836,6136.772865357562,5738.401,6692.727733333334,5738.401,6344.341490853041
812,4,0,5426.0215,5818.970222315198,6432.952116598706,6421.505040356482,7122.57177734375,6535.783203125,7243.199318445553,6126.297983516419,5738.401,6692.727733333334,5738.401,6361.0300098688285
813,3,0,5426.0215,6073.337645924526,6343.8964062743025,6297.972072868054,7012.4951171875,6486.0888671875,7083.8562722656425,6227.751778128902,5424.2045,6595.2641,5424.2045,6266.462053508828
814,5,0,5688.9,6310.293347534252,6419.586981169639,6366.551987187497,7146.09375,6876.42041015625,7174.3661520972355,6233.416043006154,5603.0175,6479.0175,5603.0175,6345.73563815173
815,4,0,5688.9,6426.310952390785,6405.133247483633,6269.5442279513845,7031.24609375,6799.974609375,7082.8256285694715,6551.164316162576,5391.4,6329.980166666666,5391.4,6336.608625436165
816,3,0,5688.9,6406.68235708183,6366.647252683034,6267.529965173604,7117.35498046875,7194.5322265625,7010.503858127749,6441.476654800039,5426.0215,6203.5549,5426.0215,6299.339080820758
816,5,0,6198.576,6427.758944682844,6399.168829219739,6322.535067118051,7117.35498046875,7196.03271484375,7008.888304173728,6537.5074973433675,5426.0215,6203.5549,5426.0215,6333.274322099429
817,4,0,6198.576,6340.355245278087,6380.746417310514,6250.55158819444,7169.79052734375,7543.47265625,7085.87473496647,6440.910247234415,5426.0215,6108.677183333333,5342.0815,6305.04346412807
817,5,0,5942.25,6346.505933274731,6397.875795393846,6288.723348576384,7169.79052734375,7544.22314453125,7095.840903710558,6494.733048704208,5426.0215,6108.677183333333,5342.0815,6323.116535233495
818,3,0,6198.576,6332.939027324274,6412.511599578371,6220.000234652771,7188.720703125,7554.50537109375,7163.51073994103,6311.009480995769,5426.0215,6040.050950000001,5497.370500000001,6336.3242131924535
818,4,0,5942.25,6351.708306625711,6415.03254337599,6236.469364548604,7188.720703125,7555.255859375,7124.586658306345,6328.43661300001,5426.0215,6040.050950000001,5497.370500000001,6339.567738196561
818,5,0,5978.64,6330.620421060757,6446.363232125989,6280.122686805548,7188.720703125,7556.005859375,7182.121938579974,6364.926701168461,5426.0215,6040.050950000001,5497.370500000001,6368.820262367382
819,3,0,5942.25,6313.77116556921,6436.279439243052,6217.056126249995,7281.3642578125,7211.11328125,7083.867847573268,6444.459853322732,5688.9,5975.437783333333,5688.9,6379.650868581495
819,4,0,5978.64,6332.540444870647,6438.051916705354,6247.336586979162,7281.3642578125,7211.86328125,7072.895578836274,6444.546644049594,5688.9,5975.437783333333,5688.9,6381.184348655746
820,3,0,5978.64,6288.125449790794,6450.900177706345,6371.3426657916625,7360.36669921875,7240.4853515625,7200.324277138004,6371.290610807305,5688.9,5922.908866666667,6281.1,6433.03210778722
821,5,0,6501.534,6235.084324588343,6484.131576057042,6627.313272854164,7422.28955078125,7046.68505859375,7460.6376802297345,6512.832863169144,6198.576,5888.34765,6198.576,6464.065601489464
822,4,0,6501.534,6221.827719643205,6505.958627389383,6493.737677173613,7440.22705078125,6907.31640625,7323.237641348782,6352.608559616035,5942.25,5852.119966666667,5942.25,6453.451673523464
822,5,0,6569.64,6177.757908335167,6537.303128062993,6513.914449500002,7440.22705078125,6908.06689453125,7422.987019924409,6375.086978533531,5942.25,5852.119966666667,5942.25,6481.855745792926
823,3,0,6501.534,6161.91676436366,6490.067268883922,6433.128484361106,7461.111328125,7001.7978515625,7365.190157932031,6381.703562810694,5978.64,5824.540766666667,5978.64,6444.3190872983805
823,4,0,6569.64,6128.269009888438,6506.478707231147,6451.808503458332,7461.111328125,7002.54833984375,7334.786626789879,6399.636614464244,5978.64,5824.540766666667,5978.64,6459.56944096078
823,5,0,6686.796,6084.1991985804,6539.72457673809,6485.126910263887,7461.111328125,7003.29833984375,7359.975673570193,6422.607556928135,5978.64,5824.540766666667,5978.64,6489.643030937128
824,3,0,6569.64,6133.721882790012,6514.180826356147,6438.549143770829,7457.89208984375,7115.83984375,7406.126973924432,6235.416376755809,5978.64,5794.368366666666,6106.703999999999,6465.915648134652
824,4,0,6686.796,6100.07412831479,6536.435588807536,6461.400385645832,7457.89208984375,7116.58984375,7446.577616653042,6256.213390636414,5978.64,5794.368366666666,6106.703999999999,6486.3797108552335
824,5,0,6184.118,6079.511839936321,6577.41673203571,6500.484404430553,7457.89208984375,7117.33984375,7442.444545924351,6268.4278534973155,5978.64,5794.368366666666,6106.703999999999,6522.46182694861
825,3,0,6686.796,6146.761802090073,6546.293061323407,6456.316026652776,7494.13330078125,7072.8193359375,7484.587797250032,6304.1248683460235,5978.64,5775.822666666666,6197.183999999999,6504.736731521989
825,4,0,6184.118,6113.11404761485,6566.198458608131,6480.665757208332,7494.13330078125,7073.5693359375,7392.5189836571935,6325.900478669786,5978.64,5775.822666666666,6197.183999999999,6523.23536544585
825,5,0,5988.0475,6077.424816347232,6607.563328972216,6510.121681409719,7494.13330078125,7074.31982421875,7499.69901474893,6334.541271833827,5978.64,5775.822666666666,6197.183999999999,6559.428879529887
826,3,0,6184.118,6444.360332002393,6623.537128269345,6638.5778002083325,7454.63623046875,7443.15576171875,7739.768560090744,6372.526917505006,6501.534,5795.486066666666,6501.534,6598.798210024141
826,4,0,5988.0475,6410.712577527171,6637.711311324899,6660.972951930556,7454.63623046875,7443.90576171875,7749.636621613274,6396.174629301799,6501.534,5795.486066666666,6501.534,6612.470600005543
827,3,0,5988.0475,6291.064675226612,6429.727250964871,6561.7141171250005,7332.9365234375,7229.96435546875,7746.691113510443,6065.468591733841,6569.64,5806.113266666666,6569.64,6418.055793321055
828,5,0,6610.2165,6331.612103462292,6565.806469195773,6665.454872368056,7329.5576171875,7086.4521484375,7690.750986029241,6219.479966693495,6686.796,5863.729416666667,6686.796,6553.7895806511515
829,4,0,6610.2165,6302.855171455273,6340.6076229961145,6436.429077844908,7163.96337890625,7409.3349609375,7549.3918756313915,6000.63793568997,6184.118,5908.160633333333,6184.118,6307.770114613257
829,5,0,6862.189,6299.233313608084,6352.777081896911,6458.341961699073,7163.96337890625,7410.0849609375,7497.676968887682,5976.317120785024,6184.118,5908.160633333333,6184.118,6316.768704791361
830,3,0,6610.2165,6048.308145036397,6165.202611972385,6301.71532947917,7079.8154296875,7320.10009765625,7414.25985849911,5805.960033433443,5988.0475,5965.076416666667,5988.0475,6129.601985469877
830,4,0,6862.189,6118.5391511192365,6172.615925491235,6312.102208888891,7079.8154296875,7320.85009765625,7503.387017499469,5838.342662862847,5988.0475,5965.076416666667,5988.0475,6137.981806903954
830,5,0,6890.32,6130.9074025902455,6194.270749398972,6326.224626180557,7079.8154296875,7321.6005859375,7452.460944409356,5810.203156913697,5988.0475,5965.076416666667,5988.0475,6154.923775415571
831,3,0,6862.189,5796.703023045095,6111.550347828535,6293.007937569442,7100.67578125,7251.14794921875,7273.598864400637,5835.009182282217,5988.0475,6036.9118499999995,6298.98,6108.89728387579
831,4,0,6890.32,5898.5450918302395,6104.1640355661375,6314.314163819442,7100.67578125,7251.8984375,7247.074045245206,5856.115074597888,5988.0475,6036.9118499999995,6298.98,6103.82510275432
831,5,0,6751.431,5914.6443939332785,6128.59892387417,6302.7870220486075,7100.67578125,7252.6484375,7301.5910355715705,5828.454903116295,5988.0475,6036.9118499999995,6298.98,6123.193351170744
832,3,0,6890.32,5936.94024397119,6169.013919295259,6300.601538118055,7113.5166015625,7002.75439453125,7169.601955297939,5811.145289836176,5988.0475,6104.603183333334,6549.665,6176.137250383066
832,4,0,6751.431,5987.7673471810185,6162.331291084448,6306.6487297847225,7113.5166015625,7003.50439453125,7160.249966891088,5835.877988764826,5988.0475,6104.603183333334,6549.665,6171.894451370902
832,5,0,6809.824,5991.4983978130485,6173.685109008057,6302.4184579652765,7113.5166015625,7004.2548828125,7175.321280670703,5804.885968077525,5988.0475,6104.603183333334,6549.665,6179.780199636026
833,3,0,6751.431,6219.704365245895,6220.826241241524,6450.9120047569495,6995.17626953125,6434.453125,6876.268292460097,6115.710795366398,6610.2165,6154.304066666667,6610.2165,6244.137437946942
833,4,0,6809.824,6302.395811783238,6225.756653477138,6473.720433159727,6995.17626953125,6435.203125,6793.636325991333,6182.428135718965,6610.2165,6154.304066666667,6610.2165,6252.484870536993
834,3,0,6809.824,7556.168636421951,7111.921408667549,6651.519798136577,7058.23583984375,6413.0126953125,6994.171261072181,7808.959083606494,6862.189,6192.801699999999,6862.189,7135.631739897079
835,5,0,7194.814,6924.9181050007,7110.2338251924075,6767.979870583337,7148.6611328125,6397.72802734375,7052.789293425552,7603.557094695488,6890.32,6205.9914499999995,6890.32,7123.714840428448
836,4,0,7194.814,6228.429386727777,6407.864025882035,6726.621921775467,7110.96044921875,6372.61181640625,6946.356895970108,6376.132280773416,6751.431,6202.606616666667,6751.431,6432.178404500969
836,5,0,6985.42,6330.395351023605,6402.489991114676,6736.845060208336,7110.96044921875,6373.3623046875,7030.507891210159,6357.444292792112,6751.431,6202.606616666667,6751.431,6426.397651504294
837,3,0,7194.814,6051.019609778766,6396.969004973803,6791.195680888891,7114.01416015625,6328.8134765625,6933.885634476139,6421.768812963189,6809.824,6198.51225,6809.824,6430.0510827443895
837,4,0,6985.42,6080.6739549765,6425.352003679655,6801.512484083333,7114.01416015625,6329.5634765625,6979.419835461736,6455.322234488861,6809.824,6198.51225,6809.824,6456.581919858933
837,5,0,7137.312,6138.891830519183,6437.38928600406,6800.073813465279,7114.01416015625,6330.3134765625,6907.715025420305,6441.45612593047,6809.824,6198.51225,6809.824,6466.108504676565
838,3,0,6985.42,6052.267877265856,6682.224987075391,6812.91658113195,7133.7685546875,6139.6005859375,6905.31977766669,6412.146179794794,6809.824,6189.100383333333,6955.68,6686.544647397241
838,4,0,7137.312,6091.233952313693,6701.602302475291,6824.149269430557,7133.7685546875,6140.3505859375,6869.146234096861,6487.236156512571,6809.824,6189.100383333333,6955.68,6707.861660078009
838,5,0,7223.986,6124.103427497769,6664.806922502076,6813.31714338889,7133.7685546875,6141.10107421875,6873.727817392326,6495.550406403271,6809.824,6189.100383333333,6955.68,6676.648848594777
839,3,0,7137.312,6272.882613711581,6621.924256213288,6979.58787984028,7146.7705078125,5908.3408203125,6922.7108492993775,6523.461962584011,6809.824,6197.408183333333,7157.264,6656.8005879361135
839,4,0,7223.986,6302.536958909315,6630.821880036799,6981.711180861113,7146.7705078125,5909.0908203125,6864.822803376087,6551.72591945378,6809.824,6197.408183333333,7157.264,6666.2072161178785
839,5,0,7070.538,6383.6096108968,6599.3853305969815,6973.545761472223,7146.7705078125,5909.8408203125,6908.629856545897,6538.642609094272,6809.824,6197.408183333333,7157.264,6638.300672303839
840,3,0,7223.986,7455.631823272237,7468.138717052315,7295.452219458337,7074.890625,6086.6396484375,6674.632297618775,8049.612727325349,7194.814,6225.5749000000005,7194.814,7482.949647464157
840,4,0,7070.538,7496.3121122241655,7460.635374881285,7274.055916958335,7074.890625,6087.3896484375,6730.87629764144,8085.2274760738455,7194.814,6225.5749000000005,7194.814,7478.667457144376
841,3,0,7070.538,7327.8077428348215,7730.297844174332,7252.302739817136,7103.59716796875,6345.5732421875,6755.401230752566,8017.407939612271,6985.42,6260.392983333334,6985.42,7690.98764646664
842,5,0,6773.088,8097.330627837106,7843.168640233485,7542.043266469912,7150.9248046875,6385.173828125,6728.171463401999,8479.7615518314,7137.312,6307.0233499999995,7137.312,7828.300613659507
843,4,0,6773.088,7745.67810198599,7696.913616697656,7513.340131849544,7142.99267578125,6209.59326171875,6775.867987439903,8358.854743273758,7223.986,6367.016066666666,7223.986,7701.407514253895
843,5,0,6588.0,7692.527530880927,7740.048894616671,7515.078531115745,7142.99267578125,6210.34375,6826.552391804136,8374.980526380514,7223.986,6367.016066666666,7223.986,7739.586996194947
844,3,0,6773.088,8146.166165427616,7955.541823581344,7332.252854337966,7083.984375,6454.80517578125,6816.422874436088,8141.984968912348,7070.538,6415.933416666667,7070.538,7899.33891028373
844,4,0,6588.0,8171.942018571167,7973.501338380551,7341.895897858801,7083.984375,6455.5556640625,6894.239603698778,8336.945711751929,7070.538,6415.933416666667,7070.538,7926.793995258058
844,5,0,6837.74,8169.259239003317,8001.571037025919,7401.706815965282,7083.984375,6456.3056640625,6817.802019341405,8376.704434709745,7070.538,6415.933416666667,7070.538,7953.435743804873
845,3,0,6588.0,7879.891125511209,7925.327683417227,7239.12224130787,7057.4716796875,6658.93408203125,6912.97203593829,7977.627469653447,7070.538,6469.369716666667,6994.4890000000005,7857.38426245003
845,4,0,6837.74,7905.666978654758,7936.571023266431,7265.730930620372,7057.4716796875,6659.68408203125,6921.887566970774,8139.623713235084,7070.538,6469.369716666667,6994.4890000000005,7877.024839097553
845,5,0,6738.076,7800.566148826769,7956.077324590605,7309.661709171297,7057.4716796875,6660.4345703125,6909.82676197656,8156.146978525307,7070.538,6469.369716666667,6994.4890000000005,7894.856880054141
846,3,0,6837.74,7923.9589281126055,7269.905431076258,7188.615803145833,7007.0810546875,6753.81982421875,6896.931876887361,7848.283214391241,7070.538,6516.066066666667,6826.911999999999,7271.556497106352
846,4,0,6738.076,7949.734781256155,7277.265807384593,7209.452448458335,7007.0810546875,6754.56982421875,6926.080313440678,8031.284970075254,7070.538,6516.066066666667,6826.911999999999,7289.139159676463
846,5,0,6375.264,7844.633951428165,7293.887245253675,7206.194391381943,7007.0810546875,6755.3203125,6895.027049283381,8022.175574189907,7070.538,6516.066066666667,6826.911999999999,7302.910075437946
847,3,0,6738.076,6235.354993311295,6480.679794242158,6908.823458178243,6960.6904296875,6789.4423828125,6729.226763507969,6400.412305654474,6773.088,6563.766283333333,6773.088,6498.103270114095
847,4,0,6375.264,6261.130846454845,6486.967296794241,6938.834348865742,6960.6904296875,6790.1923828125,6767.631893605497,6560.992301390772,6773.088,6563.766283333333,6773.088,6513.384183316572
848,3,0,6375.264,6378.9631223630195,6431.034534373603,6603.320449129632,6927.8955078125,6885.0849609375,6454.229338558711,6336.069323129036,6588.0,6600.120599999999,6588.0,6437.2020659652835
849,5,0,5334.45,6271.287076169444,6303.722992013977,6736.488892754633,7067.17529296875,6789.2529296875,6464.03596915017,6229.60928154158,6837.74,6638.415266666666,6837.74,6339.993290187945
850,4,1,5334.45,6358.462306493076,6595.336918580041,6692.144141840277,6308.7548828125,6543.947265625,5893.918984948471,6685.2368428202535,6738.076,6653.6478,6738.076,6082.18823050948
851,3,1,5334.45,6080.034436381724,6363.4560546350185,6353.020794965278,6251.29296875,6557.84521484375,6152.8262223455495,6679.489541134948,6375.264,6659.5374,6375.264,6084.181672623347
851,5,1,4941.903,6260.056460872819,6393.144155352777,6354.791414340278,6251.29296875,6556.3447265625,6180.718370273986,6706.5393299596035,6375.264,6659.5374,6375.264,6207.3134082289835
852,4,1,4941.903,6295.758359120655,6301.58922833144,6273.829593715278,6309.32568359375,6585.47314453125,6188.622790729038,6265.206729994791,6375.264,6672.3135999999995,6325.536,6238.417687308927
852,5,1,4488.288,6395.433431310738,6306.387231681142,6267.334988611111,6309.32568359375,6584.72265625,6235.630878835727,6279.301417940848,6375.264,6672.3135999999995,6325.536,6322.519372621042
853,3,1,4941.903,5100.8660266765755,5233.9377250890875,5321.703904719908,6247.46728515625,6239.4765625,5341.830442331484,6237.752410072701,6375.264,6652.7408000000005,5391.456,5190.375770103432
853,4,1,4488.288,5117.528373321835,5227.857898742857,5326.957392729167,6247.46728515625,6238.72607421875,5297.165123353821,6236.16219125728,6375.264,6652.7408000000005,5391.456,5177.934340318279
853,5,1,4451.625,5258.568202728977,5225.557396009723,5329.045146340278,6247.46728515625,6237.9755859375,5386.833813116468,6263.710018092466,6375.264,6652.7408000000005,5391.456,5308.619313697288
854,3,1,4488.288,5231.330638750259,5273.704483198313,5308.7659063125,5795.01171875,5521.60693359375,5458.215292873909,5261.361518128974,5334.45,6626.999,5334.45,5334.42444312895
854,4,1,4451.625,5198.756798824149,5252.96858514127,5313.1865975625,5795.01171875,5520.8564453125,5591.00159856515,5261.313310036801,5334.45,6626.999,5334.45,5381.687478790029
855,3,1,4451.625,5329.188793164872,5236.5011733521815,5190.299754999999,5712.1796875,5552.49609375,4958.145902662479,5279.056607258852,5334.45,6592.023266666667,5147.911999999999,5161.985692990399
856,5,1,4829.727,5139.621973358571,5132.555959888393,5276.807852777778,5457.8701171875,5342.3203125,4649.05475187339,5508.081719277006,4941.903,6540.035566666667,4941.903,4913.92801420373
857,4,1,4829.727,4900.488286176603,5203.435415479067,5363.208312152777,5479.5556640625,5391.41796875,4493.860010442316,5594.947014967311,4488.288,6470.657166666667,4488.288,4740.813861110519
857,5,1,4643.186,5139.812528792412,5265.923469823313,5431.372476388888,5479.5556640625,5390.66796875,4557.618226927172,5702.682330012398,4488.288,6470.657166666667,4488.288,4917.967413501638
858,3,1,4829.727,4978.461096571233,5186.59833672371,5281.155097951389,5228.83154296875,5369.40673828125,4752.723248813618,5925.279267396288,4451.625,6396.151466666666,4451.625,4922.704269090653
858,4,1,4643.186,5007.639094719458,5260.112124739087,5395.329991111111,5228.83154296875,5368.65625,4688.164286237172,5997.633745951265,4451.625,6396.151466666666,4451.625,4907.807709043544
858,5,1,4740.778,5216.557199901137,5303.410903801587,5477.209532534722,5228.83154296875,5367.90625,4917.788785161093,6123.724189305317,4451.625,6396.151466666666,4451.625,5150.2278186713975
859,3,1,4643.186,5546.705955582673,5512.2749827222215,5598.319502916665,5472.81396484375,5659.98486328125,5020.129655338479,6042.372708371736,4451.625,6351.9917000000005,4859.325,5356.87943715614
859,4,1,4740.778,5517.995072105396,5579.437333376488,5691.034315590277,5472.81396484375,5659.234375,4905.584734667884,6089.259483511974,4451.625,6351.9917000000005,4859.325,5281.693164385569
859,5,1,4830.3,5661.992621950289,5601.977584235615,5744.829120937499,5472.81396484375,5658.484375,5070.455324242818,6199.506099967586,4451.625,6351.9917000000005,4859.325,5452.112628616776
860,3,1,4740.778,5498.591377966612,5364.287965662698,5637.526794375,5395.2353515625,5437.8896484375,5043.199539222969,5919.232932875081,4451.625,6314.052616666667,4849.875,5340.413815006305
860,4,1,4830.3,5486.966700044309,5426.478978251488,5704.182460034722,5395.2353515625,5437.13916015625,4931.433603454069,5971.3314307297605,4451.625,6314.052616666667,4849.875,5276.980635440616
861,3,1,4830.3,5300.369996518479,5250.506343320571,5545.670245138888,5393.7041015625,5410.23046875,5340.037019416545,5746.516036212772,4829.727,6265.077516666667,4829.727,5372.3205711046085
863,5,1,4578.551,5209.800454079615,5719.9712747901785,5818.539948888889,5226.2294921875,5229.7978515625,5775.857164720876,5964.132687984014,4740.778,6139.2136,4740.778,5547.1590301052165
864,4,1,4578.551,5457.604483686155,5441.246328541667,5674.0946191319445,5053.5009765625,4733.1806640625,6205.136204695897,5943.38212879158,4830.3,6071.483966666667,4830.3,5903.992090952334
864,5,1,4438.56,5562.4084472172935,5504.15747473512,5705.766507881945,5053.5009765625,4732.4306640625,5939.96972133171,5989.018095902453,4830.3,6071.483966666667,4830.3,5833.695052380487
865,3,1,4578.551,5027.212904403924,5292.235922365575,5412.685352881945,5173.9560546875,5100.64501953125,5484.797736353275,6073.999301762544,4830.3,5996.4266333333335,4638.6,5300.969204079361
865,4,1,4438.56,5128.72680088225,5363.348082985615,5483.672113125001,5173.9560546875,5099.89453125,5689.050101920483,6126.088061831816,4830.3,5996.4266333333335,4638.6,5465.521544154257
865,5,1,4615.031,5189.712218378787,5430.683263144346,5513.025540173611,5173.9560546875,5099.14453125,5660.84821362307,6182.7621143275965,4830.3,5996.4266333333335,4638.6,5488.23794555731
866,3,1,4438.56,5551.728712598185,5285.514934718749,5396.6254113194445,5244.08984375,5156.572265625,5506.186696274116,6109.5600321032225,4830.3,5926.133933333333,4642.65,5629.070210059896
866,4,1,4615.031,5672.004223912415,5352.835903503472,5479.971591701389,5244.08984375,5155.82177734375,5690.034542895142,6157.900476794878,4830.3,5926.133933333333,4642.65,5794.693519884551
866,5,1,4771.71,5732.989641408952,5396.945149979662,5512.072637708333,5244.08984375,5155.0712890625,5699.399971655072,6216.281649526849,4830.3,5926.133933333333,4642.65,5836.364291011449
867,3,1,4615.031,5655.738006746829,5346.560096281977,5388.519124444445,5229.1982421875,5067.7080078125,5242.741319600314,6094.461693141276,4830.3,5854.1648,4650.75,5558.266269792046
867,4,1,4771.71,5741.069784564856,5408.643793078604,5464.845216006945,5229.1982421875,5066.95751953125,5421.2183406645345,6140.5509164330715,4830.3,5854.1648,4650.75,5700.010541897374
867,5,1,5009.972,5780.119011258859,5446.027680061739,5486.420587986111,5229.1982421875,5066.20703125,5417.32711641036,6198.871191607784,4830.3,5854.1648,4650.75,5721.703610308734
868,3,1,4771.71,5451.961448483993,5626.535190584722,5485.110795625,5402.5830078125,5251.794921875,5465.030138102609,6218.740136711616,4578.551,5774.927166666666,4578.551,5554.938538538944
868,4,1,5009.972,5595.976347691663,5721.3784372618065,5627.610010347222,5402.5830078125,5251.0439453125,5680.058791675388,6264.866594718001,4578.551,5774.927166666666,4578.551,5750.675470492413
869,3,1,5009.972,5440.145266396692,5544.411251857144,5415.42543798611,5457.4970703125,5440.6181640625,5532.652063762271,6593.107613626307,4438.56,5684.3037,4438.56,5597.346848734131
870,5,1,5342.76,5792.890417778024,5847.538846769841,5673.323330173611,5442.97900390625,5428.7880859375,5287.799518347126,6671.668576786979,4615.031,5598.310933333333,4615.031,5668.029943819443
871,4,1,5342.76,5527.886880290543,5638.390796187996,5752.671094340277,5352.1728515625,5489.5634765625,5399.142474339761,6679.612162779864,4771.71,5524.5206,4771.71,5546.375941824637
871,5,1,5331.876,5589.868448228939,5684.800736934028,5804.427412222221,5352.1728515625,5488.8134765625,5339.302313209225,6752.964343027693,4771.71,5524.5206,4771.71,5553.732914674171
872,3,1,5342.76,5361.945734839979,5467.422488485308,5639.378973611111,5351.8935546875,5419.94921875,5236.361207697009,6553.64931264368,5009.972,5453.609266666667,5009.972,5337.424113109293
872,4,1,5331.876,5472.312955899322,5476.583484340963,5661.879683368055,5351.8935546875,5419.1982421875,5168.508226246292,6588.814567196827,5009.972,5453.609266666667,5009.972,5370.050715949806
872,5,1,5571.942,5606.098130114556,5492.341292793254,5697.300553229166,5351.8935546875,5418.4482421875,5328.474261955252,6650.7359744466285,5009.972,5453.609266666667,5009.972,5531.808869852582
873,3,1,5331.876,5655.880679632574,5625.530430829951,5681.403450451389,5327.7880859375,5460.58154296875,5043.433819876759,6445.553651503698,5009.972,5389.084000000001,5288.228,5387.445737114429
873,4,1,5571.942,5766.2479006919175,5632.474608255051,5718.856415625,5327.7880859375,5459.8310546875,4988.250305721865,6479.8318910366725,5009.972,5389.084000000001,5288.228,5426.464645451834
873,5,1,6005.755,5915.241866864653,5644.700101360119,5739.296113854167,5327.7880859375,5459.08056640625,5013.516589588117,6511.95417942127,5009.972,5389.084000000001,5288.228,5529.474447822917
874,3,1,5571.942,5614.724368515678,5671.566780030249,5652.074574375,5337.43017578125,5480.32861328125,5039.985855045108,6300.737812992289,5009.972,5331.8788,5354.3820000000005,5353.472949200737
874,4,1,6005.755,5714.661604459066,5679.356921448404,5679.9745390625,5337.43017578125,5479.578125,5120.605012217174,6334.909211408808,5009.972,5331.8788,5354.3820000000005,5454.691723584002
874,5,1,6370.624,5851.966575767788,5695.940626261806,5731.514595319445,5337.43017578125,5478.828125,5084.272683583473,6386.367582711619,5009.972,5331.8788,5354.3820000000005,5519.541011661641
875,3,1,6005.755,5731.9061617325915,5683.607801325554,5626.341148854167,5307.3134765625,5526.68701171875,5025.977535397025,6449.984007335438,5342.76,5276.821166666667,5342.76,5418.677409244906
875,4,1,6370.624,5773.682101166631,5688.9728379143435,5645.5203767708335,5307.3134765625,5525.9365234375,4958.55897869417,6489.102161913057,5342.76,5276.821166666667,5342.76,5409.970000668567
876,3,1,6370.624,5712.450523246105,5667.715431251528,5635.119655104167,5383.0830078125,5616.419921875,5052.373061662522,6634.1098172220945,5331.876,5226.986633333333,5331.876,5421.409802301859
877,5,1,7638.4,5915.462762088843,5931.16183936079,5919.264340173611,5508.41650390625,5852.5078125,5296.391831540397,6684.812180537838,5571.942,5186.948433333334,5571.942,5641.022656836354
878,4,1,7638.4,6418.346009679447,6226.055961746851,6178.0901223958335,5721.53125,6315.81787109375,5741.142034759278,6699.95123030413,6005.755,5167.540266666667,6005.755,6122.197318288138
878,5,1,7678.08,6544.706497794623,6235.506110500323,6181.684486458334,5721.53125,6315.0673828125,5724.648723310817,6697.349096703784,6005.755,5167.540266666667,6005.755,6190.426002684264
879,3,1,7638.4,6512.0253267790295,6514.0520120095825,6348.5567062499995,5880.16943359375,6307.166015625,6137.866299722036,6984.260880987566,6370.624,5151.969733333333,6370.624,6338.8496255662285
879,4,1,7678.08,6551.5022562893955,6506.09371640988,6367.086623993056,5880.16943359375,6306.416015625,6101.222560449602,6984.300291466287,6370.624,5151.969733333333,6370.624,6344.276710518014
879,5,1,8125.149,6644.522063410883,6519.198841311665,6413.074560972222,5880.16943359375,6305.66552734375,6124.174365503365,6977.182414793962,6370.624,5151.969733333333,6370.624,6412.209121411667
880,3,1,7678.08,6692.1684201308635,6721.328323302655,6623.657184979167,6021.1650390625,6366.1767578125,6435.586067063684,6991.159206772406,6370.624,5148.667066666667,6638.996,6568.5790268926075
880,4,1,8125.149,6731.768325477156,6724.7857499286465,6638.674489944445,6021.1650390625,6365.42626953125,6371.315372299376,6991.407061084415,6370.624,5148.667066666667,6638.996,6560.141593146516
880,5,1,8347.698,6788.021530256283,6731.043644222794,6678.267837784722,6021.1650390625,6364.67578125,6417.336411770915,7002.218654107194,6370.624,5148.667066666667,6638.996,6617.439922079484
881,3,1,8125.149,7279.366659459784,7370.904566775704,7175.519855250001,6169.90625,6378.0615234375,7025.563634750891,7141.359042244929,6370.624,5177.287466666666,7233.876,7156.331855640214
881,4,1,8347.698,7295.66900351996,7364.678647797529,7165.867484305556,6169.90625,6377.3115234375,6966.174129442163,7155.391386966674,6370.624,5177.287466666666,7233.876,7136.243331194647
881,5,1,8487.549,7402.795623024112,7356.407226827787,7182.2175019930555,6169.90625,6376.56103515625,7034.598015736487,7185.719421921418,6370.624,5177.287466666666,7233.876,7235.664444499977
882,3,1,8347.698,7821.4314168169885,7681.794391658309,7556.995924659722,6482.89111328125,7072.884765625,7474.034928863131,8339.070456236512,7638.4,5221.049599999999,7638.4,7666.352598285127
882,4,1,8487.549,7851.9195487363195,7691.22934438946,7548.117280527777,6482.89111328125,7072.13427734375,7492.505388069626,8354.737977898503,7638.4,5221.049599999999,7638.4,7694.14173703891
883,3,1,8487.549,8217.30907355997,7856.728872638122,7759.613670518518,6507.37890625,6922.62841796875,7527.158266802208,8477.50473932103,7678.08,5297.270399999999,7678.08,7928.603009209013
884,5,1,8558.48,8291.352948793068,8275.49612934596,8121.304912821759,6699.67333984375,7027.5947265625,7991.344447102578,7594.297161689435,8125.149,5390.2937,8125.149,8158.326501519974
885,4,1,8558.48,8324.95572323891,8360.172183473936,8331.597935888889,6684.2880859375,6872.7783203125,8191.588814991917,7744.158468833044,8347.698,5496.953233333334,8347.698,8255.156555285199
885,5,1,8250.14,8360.489796946253,8340.086030419869,8243.286924854167,6684.2880859375,6872.02783203125,8202.094569503477,7699.812049277742,8347.698,5496.953233333334,8347.698,8281.984024583719
886,3,1,8558.48,8431.965275148223,8337.382129726417,8429.540471650464,6864.07470703125,7023.18310546875,8102.366786290789,7823.2243095308695,8487.549,5615.141433333334,8487.549,8259.53446445629
886,4,1,8250.14,8445.053530398705,8314.13729126233,8404.77439626852,6864.07470703125,7022.43310546875,8114.99388398329,7800.539931015349,8487.549,5615.141433333334,8487.549,8273.834372036677
886,5,1,8385.834,8346.239377575912,8294.946730528698,8336.695283921297,6864.07470703125,7021.6826171875,8043.994647441143,7752.653726231219,8487.549,5615.141433333334,8487.549,8178.149645816455
887,3,1,8250.14,8382.186523930433,8228.81856935489,8549.912650877317,6993.4326171875,7066.91015625,8156.106212767299,7765.369149695247,8487.549,5752.3767333333335,8605.347000000002,8243.492626023992
887,4,1,8385.834,8470.937297032786,8221.703907990008,8509.026137057872,6993.4326171875,7066.15966796875,8129.168134592094,7779.975823138162,8487.549,5752.3767333333335,8605.347000000002,8283.6671705077
887,5,1,8534.188,8399.313635701657,8181.0633476978455,8454.641257307872,6993.4326171875,7065.40966796875,8099.018649784564,7721.880790809129,8487.549,5752.3767333333335,8605.347000000002,8225.06518458011
888,3,1,8385.834,8219.142642370338,8346.72473769037,8337.673012743056,7068.078125,7137.26513671875,7959.598548313383,7692.021041684372,8487.549,5884.380066666667,8411.725,8066.93917232568
888,4,1,8534.188,8261.052819418741,8333.381792860015,8312.792489340278,7068.078125,7136.5146484375,7905.762497178097,7701.51626732719,8487.549,5884.380066666667,8411.725,8065.166059676966
889,3,1,8534.188,7787.906358248623,8134.780122906294,8323.451505787036,7095.4580078125,7071.97998046875,8100.120320844281,7699.483002930518,8558.48,6007.685233333334,8558.48,7860.397062513745
891,5,1,8519.31,7755.109376739052,8202.903190341993,7967.529662291667,6898.1591796875,6817.9462890625,7868.975041982463,7333.055479508701,8385.834,6239.5643,8385.834,7742.9573517413355
892,4,1,8519.31,7721.816115673452,8109.929374543578,8085.781285016204,6985.58251953125,7041.0947265625,8011.367824813103,7345.121775576016,8534.188,6369.264366666666,8534.188,7778.260156241427
893,3,1,8519.31,7575.3009382013315,8053.552614192507,8137.91029788426,6928.1806640625,6907.6494140625,8135.363312924281,7572.526954300157,8534.188,6497.5761,8590.130000000001,7745.8878174251
894,5,1,5786.144,7536.07554675323,7942.819215531295,7708.390307652778,6871.01953125,6898.02880859375,7818.535206406266,7553.5004118729385,8534.188,6614.321500000001,8332.662,7590.683303100533
895,4,1,5786.144,7302.768499496466,7627.2040980327165,7505.563050743056,6802.00439453125,6901.4833984375,7407.286650393902,7613.274919422153,8534.188,6720.719233333334,7830.532000000001,7297.262297426117
895,5,1,6300.286,7325.004100021332,7604.904853279244,7439.7758663055565,6802.00439453125,6900.73291015625,7387.47693578694,7562.6409749382055,8534.188,6720.719233333334,7830.532000000001,7300.737943112507
896,3,1,5786.144,7696.258202111346,8100.8276881731745,7962.585204874999,6988.15478515625,7003.9765625,8174.3289610127185,7272.178561957013,8519.31,6849.941233333334,8519.31,7846.639865520748
896,4,1,6300.286,7591.601806654204,8053.583383488982,7920.020336310185,6988.15478515625,7003.2265625,8194.07382667386,7227.497001635234,8519.31,6849.941233333334,8519.31,7793.200262772839
897,3,1,6300.286,4561.5098802863195,4725.163783564252,4750.5870228587955,5946.1572265625,6059.2451171875,4105.959409021568,6383.456642769493,8519.31,6833.136533333334,4146.6089999999995,4377.4500664285315
898,5,1,6428.555,5252.368505468311,5212.7445096064475,5045.993589453702,5795.82958984375,6305.4365234375,4708.511305194386,6757.028786485571,8519.31,6834.197166666667,4610.369999999999,5048.814926059862
899,4,1,6428.555,5218.8538504390335,5951.510350922586,5976.21165306713,5528.494140625,5585.6357421875,5961.402788694796,5512.110136661475,5786.144,6879.116633333334,5786.144,5530.900464469571
899,5,1,6845.877,5301.5108819375955,5950.806846689948,5988.713656678241,5528.494140625,5584.88525390625,5925.4332916990725,5506.130632963958,5786.144,6879.116633333334,5786.144,5562.826617578932
900,3,1,6428.555,5584.086664208807,6399.2341151303735,6301.184600694444,5879.73193359375,6387.95068359375,6287.820959141102,5185.274363171485,6300.286,6935.2918,6300.286,5860.117019649817
900,4,1,6845.877,5627.554978420272,6402.511420238707,6337.514207569445,5879.73193359375,6387.2001953125,6254.59790486763,5309.5387835254205,6300.286,6935.2918,6300.286,5869.688006912467
900,5,1,7509.176,5863.874244255459,6405.448768000281,6323.8676526875,5879.73193359375,6386.4501953125,6276.2843586392455,5439.443420603523,6300.286,6935.2918,6300.286,6023.79405671807
901,3,1,6845.877,6714.977826705281,6701.938798695989,6570.279576124999,6268.931640625,6838.9658203125,6632.144796643822,5470.443385318813,6300.286,6997.8204,6647.567999999999,6680.623775269349
901,4,1,7509.176,6711.105185070276,6725.024442825155,6582.850844041666,6268.931640625,6838.21533203125,6599.309238347558,5519.941911199106,6300.286,6997.8204,6647.567999999999,6661.71070655788
901,5,1,7723.975,6849.831664977203,6734.712338427007,6606.597393305555,6268.931640625,6837.46484375,6620.659486625854,5619.8303184346305,6300.286,6997.8204,6647.567999999999,6756.524563201194
902,3,1,7509.176,6329.22484376777,6721.036515860969,6534.7794597708335,6373.40478515625,6832.5126953125,6484.21886579373,5519.057886350863,6300.286,7051.5399,6621.557,6375.16647386481
902,4,1,7723.975,6389.251728936336,6736.505994853232,6530.7887970625,6373.40478515625,6831.76220703125,6492.227155221879,5658.848514678895,6300.286,7051.5399,6621.557,6415.57182103139
902,5,1,7725.894,6546.424033127874,6742.083733232861,6574.933664194445,6373.40478515625,6831.01171875,6480.157367419385,5765.034081340694,6300.286,7051.5399,6621.557,6504.698435832931
903,3,1,7723.975,6094.702422474666,6503.889107225281,6338.371536256945,6633.380859375,7273.529296875,6395.973221379501,5920.94858924632,6428.555,7089.550799999999,6428.555,6209.865245237713
903,4,1,7725.894,6185.362888714136,6521.529690430837,6316.782886916667,6633.380859375,7272.779296875,6439.794958369381,5971.041324600813,6428.555,7089.550799999999,6428.555,6286.898148691724
904,3,1,7725.894,6728.549206680587,6955.477234769428,6839.280768715278,6787.91259765625,7436.2900390625,6812.926690023841,6264.26559716117,6845.877,7139.2673,6845.877,6758.1739115424225
905,5,1,7737.525,7033.425007014844,7421.854313326919,7483.276635898149,7050.26171875,7649.65869140625,7492.264232719176,7642.918408067298,7509.176,7211.4811666666665,7509.176,7212.429157412461
906,4,1,7737.525,7368.230537420881,7663.722157011855,7700.6088620231485,7089.443359375,7366.33056640625,7804.646282493593,7882.054487784384,7723.975,7291.2178,7723.975,7549.164118406849
906,5,1,7886.892,7280.997734931481,7672.481210760863,7696.108887231481,7089.443359375,7365.580078125,7742.056528649424,7873.824791051627,7723.975,7291.2178,7723.975,7464.738430662749
907,3,1,7737.525,7649.647138188093,7728.5254821361605,7739.899154965278,6839.2177734375,6929.9931640625,7621.845537079229,7730.696418146187,7725.894,7363.0162,7725.894,7627.205942364053
907,4,1,7886.892,7677.3382670036435,7731.67633024251,7741.068156895833,6839.2177734375,6929.2431640625,7613.347544906433,7771.4647429202005,7725.894,7363.0162,7725.894,7639.6938580504375
907,5,1,7925.522,7669.080954109575,7750.749535495652,7724.274350854167,6839.2177734375,6928.49267578125,7659.690232666133,7850.382626440775,7725.894,7363.0162,7725.894,7658.073437331522
908,3,1,7886.892,7649.681766809598,7807.867337928322,7731.020476451387,6941.38671875,6988.13720703125,7567.50452096385,7608.523528852393,7725.894,7420.465999999999,7729.248999999999,7599.439245459195
908,4,1,7925.522,7687.723939626911,7819.8254196656235,7724.330408659721,6941.38671875,6987.38671875,7606.130959438545,7603.9109909283925,7725.894,7420.465999999999,7729.248999999999,7641.974269460256
908,5,1,8053.936,7679.466626732842,7822.5426278493205,7718.390026374998,6941.38671875,6986.63623046875,7618.640003904962,7692.174700696451,7725.894,7420.465999999999,7729.248999999999,7643.2832822405
909,3,1,7925.522,7837.101818929084,7970.139620971478,7903.896274101851,7056.61181640625,7110.2666015625,7779.277127876925,7571.344077868113,7725.894,7471.7254,7908.406,7800.058088031436
909,4,1,8053.936,7889.248255760385,7966.749530200843,7901.340781414352,7056.61181640625,7109.51611328125,7785.960951300015,7566.664321826211,7725.894,7471.7254,7908.406,7835.021139159135
909,5,1,8334.01,7902.832397153243,7960.776389507887,7891.355426935185,7056.61181640625,7108.765625,7802.369250719386,7605.123228251959,7725.894,7471.7254,7908.406,7851.529242076672
910,3,1,8053.936,7709.2414431994675,7914.0671597045675,7837.902988208333,6844.6865234375,6744.3857421875,7639.788682208165,7602.274464001379,7737.525,7508.343033333334,7737.525,7671.078287570034
910,4,1,8334.01,7824.001446180793,7901.512364775004,7843.122767743055,6844.6865234375,6743.63525390625,7616.876044099465,7617.482163932369,7737.525,7508.343033333334,7737.525,7729.040463029705
911,3,1,8334.01,7857.794731338166,8106.392270368551,8032.032742064815,6984.23046875,6906.2470703125,7779.573747216081,7394.933894399039,7886.892,7530.110233333334,7886.892,7815.117824650717
912,5,1,7698.5715,7880.734997070533,8103.9645304930555,8124.048479793982,7028.8017578125,6858.66064453125,7774.500804069299,7447.6426453327,7925.522,7539.680966666667,7925.522,7822.19278258709
913,4,1,7698.5715,7730.540521284705,8104.550446327877,8003.143447229167,7020.46923828125,7201.71484375,7743.471113974675,7274.470317715467,8053.936,7552.2095,8053.936,7701.376953295063
913,5,1,6719.002,7792.305983808874,8098.635879421627,8004.618137805555,7020.46923828125,7200.96484375,7716.6506369031,7267.200176620532,8053.936,7552.2095,8053.936,7725.262895733898
914,3,1,7698.5715,7779.181606672095,8226.168977937203,8210.955715215277,7293.16748046875,7421.1650390625,8051.74693543013,7325.323662237066,8334.01,7559.171533333332,8334.01,7855.475934748501
914,4,1,6719.002,7721.450149820121,8208.67675783502,8196.889480270833,7293.16748046875,7420.41455078125,7868.536401355546,7296.36234701009,8334.01,7559.171533333332,8334.01,7728.063912046966
914,5,1,6731.01,7695.952999307954,8198.38408908502,8184.9581559745375,7293.16748046875,7419.6640625,7964.683016529152,7319.095898544999,8334.01,7559.171533333332,8334.01,7761.127726815434
915,3,1,6719.002,7704.7807736492905,8233.34111580278,8156.310961368057,7337.31884765625,7448.869140625,7989.644548394905,7579.5144369181335,8334.01,7560.130666666666,8376.472000000002,7774.384060290909
915,4,1,6731.01,7607.0044230982185,8201.069498754168,8133.872200604168,7337.31884765625,7448.11865234375,7956.37323252883,7505.1462735307605,8334.01,7560.130666666666,8376.472000000002,7698.363445095747
915,5,1,7143.668,7503.821865544616,8191.764311518057,8120.826088981483,7337.31884765625,7447.3681640625,7872.7789954926175,7524.92672448667,8334.01,7560.130666666666,8376.472000000002,7593.677567402553
916,3,1,6731.01,7569.519945328263,8039.694910215774,7977.31160975,7325.251953125,7564.701171875,7805.417218806172,7616.9439565069415,8334.01,7547.4414333333325,8106.872,7629.242185261778
916,4,1,7143.668,7511.78848847629,8018.423681320753,7967.7498019722225,7325.251953125,7563.951171875,7798.6360565626,7536.384323685567,8334.01,7547.4414333333325,8106.872,7590.8465684623725
916,5,1,7437.05,7484.018328447843,7997.20466206728,7942.517882280093,7325.251953125,7563.20068359375,7666.170200547142,7513.181089982593,8334.01,7547.4414333333325,8106.872,7507.188291244767
917,3,1,7143.668,7433.632289940668,7732.256072984871,7833.473626875,7222.37548828125,7558.0478515625,7595.252943996783,7104.416134839204,7698.5715,7517.215583333334,7698.5715,7485.9402389336465
917,4,1,7437.05,7444.987762796096,7717.668830353423,7832.879660763889,7222.37548828125,7557.29736328125,7659.026746319476,7032.774175531949,7698.5715,7517.215583333334,7698.5715,7524.996181960569
918,3,1,7437.05,6655.8431890812235,6903.1577863926095,6935.3951916875,6827.02685546875,7286.07177734375,6717.009822142488,6270.157099298957,6719.002,7460.791483333333,6719.002,6679.734698687826
919,5,1,7262.153,6793.945017269974,6977.228263213497,7011.683907381945,6969.57177734375,8177.59326171875,7211.61705959521,6079.9386795222945,6731.01,7399.875816666667,6731.01,7011.624059660665
920,4,1,7262.153,7249.289202901968,7386.759284066941,7353.505321826388,6967.9638671875,8235.7783203125,7678.866430488528,8071.247416153772,7143.668,7362.993416666667,7143.668,7477.685480329601
920,5,1,7018.645,7234.521325218601,7409.223955601167,7394.13508825,6967.9638671875,8235.0283203125,7789.823945971037,8099.898836496573,7143.668,7362.993416666667,7143.668,7524.721935326279
921,3,1,7262.153,7491.226993155285,7564.254917726889,7496.602014,7132.08251953125,8451.27734375,8067.565259131685,8128.56239956162,7437.05,7331.367283333334,7437.05,7787.993675910962
921,4,1,7018.645,7500.0435724401505,7568.1390190021875,7557.0122666875,7132.08251953125,8450.52734375,8116.203451747277,8116.222693298658,7437.05,7331.367283333334,7437.05,7817.8749518215855
921,5,1,7306.407,7487.294832269352,7552.092683027485,7577.578980555556,7132.08251953125,8449.77734375,8141.849132986761,8116.472394107121,7437.05,7331.367283333334,7437.05,7823.091031823313
922,3,1,7018.645,7458.6860455458645,7505.427968962963,7485.782381048611,7106.2958984375,8389.8603515625,8012.754221109043,8206.46935247597,7437.05,7294.409350000001,7425.45,7741.905590759106
922,4,1,7306.407,7467.5026248307295,7488.79602787748,7562.266103944445,7106.2958984375,8389.1103515625,8043.966614493292,8193.547360592529,7437.05,7294.409350000001,7425.45,7762.994781760919
922,5,1,7617.406,7548.150003567336,7488.2109683804565,7577.869811701388,7106.2958984375,8388.359375,8105.812737271624,8191.419634022408,7437.05,7294.409350000001,7425.45,7843.055767543202
923,3,1,7306.407,7598.385515954295,7606.786396009425,7608.1652918125,7234.505859375,8498.5595703125,8118.252793214826,8321.780814015463,7437.05,7259.163350000001,7532.75,7867.924573205389
923,4,1,7617.406,7616.830649083098,7587.685642602182,7647.606162104166,7234.505859375,8497.8095703125,8149.267087207476,8277.915698516343,7437.05,7259.163350000001,7532.75,7894.746876389447
923,5,1,7952.04,7761.655802668395,7598.871812167658,7650.407127986111,7234.505859375,8497.05859375,8211.383227383856,8241.412366144566,7437.05,7259.163350000001,7532.75,8013.823554768001
924,3,1,7617.406,7373.422435114826,7520.243718635192,7546.417223590278,7269.8583984375,8567.19140625,7936.612689561409,8343.889310388791,7262.153,7223.479716666667,7262.153,7669.855681136817
924,4,1,7952.04,7397.862185213074,7524.339896414457,7598.625682548612,7269.8583984375,8566.4404296875,7896.358394413497,8330.777701180417,7262.153,7223.479716666667,7262.153,7664.35142656615
925,3,1,7952.04,7082.1286247795115,7315.113505015648,7265.178781041667,7118.37744140625,8445.3642578125,7639.090373301219,8217.322965987769,7018.645,7196.416816666666,7018.645,7370.14601278757
926,5,1,8208.783,7582.242415265273,7460.46898280276,7536.7766494212965,6992.42236328125,8501.6494140625,7961.7790146905245,8217.428146239721,7306.407,7155.986716666666,7306.407,7804.174615648704
927,4,1,8208.783,7419.815361983761,7656.59128125956,7719.248748275463,7086.357421875,8553.404296875,8303.11380700568,8434.279446386963,7617.406,7271.679950000001,7617.406,7843.6737212356
927,5,1,7880.994,7528.7485803346335,7663.207486125383,7728.1991318171295,7086.357421875,8552.6533203125,8286.147174235755,8445.188237957133,7617.406,7271.679950000001,7617.406,7901.106001799125
928,3,1,8208.783,7888.15402904331,7973.373687503382,7952.550539782407,7525.42236328125,8254.5,8538.415135907544,8341.759242971364,7952.04,7383.06895,7952.04,8209.18945984608
928,4,1,7880.994,7912.593779141558,7959.190218485029,7957.171072074074,7525.42236328125,8253.75,8637.02601047957,8353.445816704963,7952.04,7383.06895,7952.04,8273.74881308159
928,5,1,8144.934,7960.47455239918,7962.419273541081,7979.808685296296,7525.42236328125,8252.9990234375,8483.354511494195,8328.179855242968,7952.04,7383.06895,7952.04,8225.221349495801
929,3,1,7880.994,8008.429724910678,8167.769921416576,8110.378730118055,7706.4541015625,8278.01953125,8791.525866304453,8007.045911278034,7952.04,7464.293483333333,8222.88,8379.871089403567
929,4,1,8144.934,8043.323845229716,8159.497160176316,8105.244859840277,7706.4541015625,8277.2685546875,8740.01869947948,7993.731854453861,7952.04,7464.293483333333,8222.88,8375.022613204153
929,5,1,8276.32,8075.057977368977,8147.166155425159,8117.2706261388885,7706.4541015625,8276.5185546875,8722.06948521099,7967.960490235819,7952.04,7464.293483333333,8222.88,8385.19125690276
930,3,1,8144.934,8142.003596614306,8329.368626691874,8252.6962833125,7673.0556640625,8060.572265625,8830.1956573748,8080.443855438565,7952.04,7532.696616666667,8352.38,8466.01122672202
930,4,1,8276.32,8160.097160543613,8329.311877830762,8251.3929364375,7673.0556640625,8059.822265625,9004.095943280023,8066.889527440071,7952.04,7532.696616666667,8352.38,8564.712836298888
931,3,1,8276.32,8066.802562785678,8225.099713870715,8135.139734527777,7768.99755859375,7978.576171875,8483.596662992515,7971.598311983312,8208.783,7584.737116666667,8208.783,8261.425633863144
934,5,1,8892.592,8038.8215108614095,8135.329556312897,8229.153257837963,7731.4345703125,7945.87939453125,8906.437920714538,8002.189593079089,8276.32,7731.612416666667,8276.32,8450.363644800587
935,4,1,8892.592,8066.840996235559,8306.208757715773,8416.229098113425,7900.3017578125,8108.46630859375,9051.714209695832,7980.207666993178,8276.32,7763.464416666667,8464.735999999999,8519.844145967496
935,5,1,8803.272,8044.1160210905355,8288.546214840111,8371.088129650461,7900.3017578125,8107.7158203125,8996.71520547332,7973.6312554554315,8276.32,7763.464416666667,8464.735999999999,8478.327732059222
936,3,1,8892.592,8048.869291892583,8386.843924032739,8435.78992137037,7990.2939453125,8211.2783203125,8844.512470861828,8065.839658860529,8276.32,7791.885516666666,8576.608,8392.06890952091
936,4,1,8803.272,8165.040697661087,8389.455209556547,8406.185945525463,7990.2939453125,8210.5283203125,8976.74329985116,8018.2896822719495,8276.32,7791.885516666666,8576.608,8529.162852502193
936,5,1,8383.368,8227.991895386895,8347.246351573247,8357.427470854167,7990.2939453125,8209.77734375,9086.414998083832,8013.09775553057,8276.32,7791.885516666666,8576.608,8622.633451065709
937,3,1,8803.272,8111.601249940017,8383.40832965625,8406.23117875463,7947.521484375,8243.5703125,8849.65941197673,8182.254360457042,8276.32,7817.838383333333,8504.48,8440.628869551403
937,4,1,8383.368,8227.77265570852,8351.598725859623,8384.955069506945,7947.521484375,8242.8193359375,8945.19534141092,8168.503890632852,8276.32,7817.838383333333,8504.48,8559.208615948302
937,5,1,8269.206,8261.248330937855,8327.863358980489,8345.81943566898,7947.521484375,8242.0693359375,8952.85709593139,8136.030756072123,8276.32,7817.838383333333,8504.48,8583.354165925763
938,3,1,8383.368,8150.739960084636,8583.966099387717,8680.817809875,8130.79833984375,8326.466796875,9313.72875861624,8269.65155693879,8276.32,7855.725283333333,8865.856,8658.604029481186
938,4,1,8269.206,8280.035080290774,8587.66288847123,8656.655335650463,8130.79833984375,8325.7158203125,9316.105391641533,8186.989928618526,8276.32,7855.725283333333,8865.856,8738.131259575908
939,3,1,8269.206,8203.622360660938,8535.411681793967,8671.68921657639,8316.8076171875,8697.591796875,9319.241526903257,8467.248358889166,8892.592,7888.531483333333,8892.592,8690.471690243688
940,5,1,8268.26,8153.729035526136,8573.639227661575,8464.568135173611,8170.2490234375,8388.998046875,9011.921689258324,8319.547744297997,8803.272,7924.056383333333,8803.272,8515.046173578032
941,4,1,8268.26,8049.4013263881125,8130.7606134231155,8226.0980243125,7873.00537109375,8175.01416015625,8868.794914845526,8445.81962666568,8383.368,7940.605583333334,8383.368,8425.967376237257
941,5,1,8154.097,8065.655343169277,8112.190790034171,8179.376214854167,7873.00537109375,8174.263671875,8883.256336790379,8438.569063551784,8383.368,7940.605583333334,8383.368,8443.110627375529
942,3,1,8268.26,7728.820484083749,8176.561238787699,8253.604752520834,7936.8251953125,8228.0078125,8710.98245229409,8088.123586062408,8269.206,7952.061716666667,8269.206,8164.731452380122
942,4,1,8154.097,7803.70429709624,8145.823203579365,8246.61586807176,7936.8251953125,8227.2578125,8703.872360047106,8026.6421469954,8269.206,7952.061716666667,8269.206,8206.509365380756
942,5,1,8244.288,7866.536107931168,8138.428201179067,8232.235590023149,7936.8251953125,8226.5078125,8841.260328256518,8080.549671151893,8269.206,7952.061716666667,8269.206,8313.891719956493
943,3,1,8154.097,7655.557170401327,8038.713355664682,8125.620038368055,7929.4404296875,8187.4541015625,8309.568597559104,8230.621757372746,8269.206,7951.02825,8022.932,7944.993933437535
943,4,1,8244.288,7685.147247141224,8029.064786775793,8113.516515784722,7929.4404296875,8186.7041015625,8333.39262244153,8226.866782685034,8269.206,7951.02825,8022.932,7974.940132711452
943,5,1,7651.3885,7686.926927513412,8015.6724064236105,8105.916253479167,7929.4404296875,8185.95361328125,8385.45935666071,8277.184905250147,8269.206,7951.02825,8022.932,8002.2882443392755
944,3,1,8244.288,7583.976732436642,8108.679789412698,8194.92409249074,7922.939453125,8244.4736328125,8478.867293861207,7928.43754067508,8269.206,7944.009650000001,8123.451999999999,7975.955872268576
944,4,1,7651.3885,7646.11755442131,8100.762053079365,8175.055883009259,7922.939453125,8243.7236328125,8480.782015249937,7947.452972172006,8269.206,7944.009650000001,8123.451999999999,8014.567386779989
944,5,1,7546.104,7648.038055417715,8086.7916834424595,8124.385871391203,7922.939453125,8242.97265625,8513.466008081781,7928.763650765438,8269.206,7944.009650000001,8123.451999999999,8032.221360164313
945,3,1,7651.3885,7854.085182656624,8080.300396373016,8135.740793592592,8000.74853515625,8202.4443359375,8346.089505157699,8170.3464934357235,8268.26,7940.4025833333335,8268.26,8056.617696719306
945,4,1,7546.104,7799.686589369159,8048.891654468254,8136.006721724537,8000.74853515625,8201.6943359375,8484.255034375696,8175.804262215036,8268.26,7940.4025833333335,8268.26,8093.373161766436
946,3,1,7546.104,7499.103013018875,7938.699666516369,8008.98352529861,7780.32080078125,9236.310546875,7845.709739582771,8114.742480048586,8154.097,7941.97675,8154.097,7601.700932732976
947,5,1,7375.836,7662.074828202746,7975.2693023794645,8014.372759168982,8118.60302734375,8226.67578125,8241.422543191133,8383.854031356332,8244.288,7960.1673,8244.288,7890.132422691748
948,4,1,7375.836,7300.727797211806,7482.81334912629,7748.377187395833,7899.95556640625,8290.7783203125,7966.036984390466,8343.343753621977,7651.3885,7991.2468499999995,7651.3885,7597.709230922535
949,3,1,7375.836,7040.587696734479,7359.076751712302,7622.972589407407,7913.0771484375,8453.40625,7674.853256843868,8197.238947376902,7546.104,8018.41665,7546.104,7304.817488634603
949,5,1,6797.4075,7210.9351494909215,7367.854135215476,7663.507669020833,7913.0771484375,8451.9052734375,7663.2271506986135,8212.724155487938,7546.104,8018.41665,7546.104,7402.149580564805
950,4,1,6797.4075,6540.627082537592,6871.78093078006,7062.239724430556,7727.96044921875,8422.3544921875,7153.485255104765,8210.093126418542,7546.104,8012.397516666666,6963.094,6803.220641461322
950,5,1,6583.227,6656.9081311414475,6861.284548197222,7086.900447805556,7727.96044921875,8421.603515625,7138.885488925581,8245.639692257268,7546.104,8012.397516666666,6963.094,6866.298490481672
951,3,1,6797.4075,6638.042597975779,7098.177858809822,7295.638803451389,7869.580078125,8740.998046875,7225.4978684969365,8287.651632985382,7546.104,8005.226183333333,7221.910000000001,6870.008263037355
951,4,1,6583.227,6704.645682004999,7090.2269012061515,7292.840012960649,7869.580078125,8740.248046875,7331.323650808638,8279.72842341695,7546.104,8005.226183333333,7221.910000000001,6963.75077189432
951,5,1,6727.602,6794.725539137809,7086.105728816965,7302.435766328705,7869.580078125,8739.4970703125,7298.65717336784,8249.201805612658,7546.104,8005.226183333333,7221.910000000001,7001.840256811313
952,3,1,6583.227,8054.299057601837,7291.704666782738,7479.654111539352,7860.12451171875,8717.7841796875,7313.994892873853,8131.722280464616,7375.836,8003.572383333333,7375.836,7755.6532815931505
952,4,1,6727.602,8117.568577151459,7291.434555870536,7510.933878701389,7860.12451171875,8717.0341796875,7253.837169795251,8123.784426480281,7375.836,8003.572383333333,7375.836,7763.630282764739
953,3,1,6727.602,6966.302021220057,7389.835801441468,7268.62892375,7815.24951171875,8919.4326171875,6932.519480641171,8622.668324653094,7375.836,7985.835916666666,7000.656,6945.466177762648
954,5,1,6324.234,6958.016578775144,7501.075097014385,7148.210397319444,7489.93408203125,8508.203125,6916.677586934843,6810.8611782112885,6797.4075,7970.3444,6797.4075,6954.882907192297
955,4,1,6324.234,7105.456354564554,7422.218002462301,7033.949290145833,7343.13720703125,8302.4697265625,7291.255525064654,6998.18209446837,6583.227,7955.830466666667,6583.227,7256.8297513018715
955,5,1,6126.9595,7229.558866700209,7392.33899819494,7056.207448395833,7343.13720703125,8301.7197265625,7319.75863666676,7006.548137152801,6583.227,7955.830466666667,6583.227,7346.393215742958
956,3,1,6324.234,7108.8851247152625,7107.37068131595,7107.137878604167,7537.00439453125,8704.455078125,7588.202847917239,6677.177207387538,6727.602,7936.536966666667,6727.602,7392.79776503904
956,4,1,6126.9595,7070.700976691457,7115.835734687974,7111.071947527777,7537.00439453125,8703.705078125,7699.596504191255,6681.767695025674,6727.602,7936.536966666667,6727.602,7425.86849109261
956,5,1,6135.937,7151.412535490951,7126.798534611585,7154.182713763889,7537.00439453125,8702.955078125,7603.106943364717,6722.8419898176835,6727.602,7936.536966666667,6727.602,7426.08101620392
957,3,1,6126.9595,6900.0353016407835,6965.995258511655,6942.530657340277,7477.22607421875,8704.24609375,7373.105784216399,6455.200861604557,6727.602,7900.291233333333,6530.033999999999,7179.550951628489
957,4,1,6135.937,6942.477836272035,6979.613990175347,6973.571957416665,7477.22607421875,8703.49609375,7394.314919450146,6470.229492742444,6727.602,7900.291233333333,6530.033999999999,7215.963954967797
957,5,1,6522.763,7010.476772569984,6985.77929995114,7009.598708499999,7477.22607421875,8702.74609375,7388.185620494511,6491.568149780617,6727.602,7900.291233333333,6530.033999999999,7254.065802991696
958,3,1,6135.937,6900.7008578452,6842.11105276116,6873.637578944444,7228.7626953125,8407.5771484375,7315.071551315239,6502.034326541902,6727.602,7849.529633333334,6429.191999999999,7161.8015244160215
958,4,1,6522.763,6933.626641084901,6850.716994406994,6908.066142729166,7228.7626953125,8406.826171875,7293.047231542265,6515.127890216623,6727.602,7849.529633333334,6429.191999999999,7170.636010158719
958,5,1,7045.4205,7030.748997909047,6869.361752507191,6944.3098188194435,7228.7626953125,8406.076171875,7319.908391079801,6605.700544767069,6727.602,7849.529633333334,6429.191999999999,7243.026223418303
959,3,1,6522.763,6799.435423108196,6634.501111226687,6657.939401493056,7147.33935546875,8027.02783203125,7107.398576906625,6808.211833621478,6324.234,7786.241433333333,6324.234,7007.256274167657
959,4,1,7045.4205,6835.660088941004,6652.174589775298,6647.489178548612,7147.33935546875,8026.27734375,7054.555943764272,6825.534060258985,6324.234,7786.241433333333,6324.234,7002.540052362824
960,3,1,7045.4205,6412.262085261462,6441.012370033144,6420.273180694445,6954.2978515625,7733.91943359375,6483.347900946234,7636.225896673253,6126.9595,7712.06075,6126.9595,6479.6119793278785
961,5,1,7186.4175,6425.433219715086,6453.842115756854,6393.4511685,6972.37939453125,7870.646484375,6363.3557098872325,7947.576544572767,6135.937,7642.965883333333,6135.937,6426.059117708221
962,4,1,7186.4175,6963.001675604619,6725.351754118461,6757.464882458334,7420.8388671875,8323.611328125,6817.906935121285,7738.107311012203,6522.763,7597.691516666667,6522.763,6938.376580541965
962,5,1,7247.834,7003.869339407825,6753.4685681507035,6777.22627025,7420.8388671875,8322.8603515625,6752.0459830507125,7777.080907371614,6522.763,7597.691516666667,6522.763,6929.904810941985
963,3,1,7186.4175,7094.721278321126,7126.64619287629,7157.926783215278,7339.81640625,8272.08984375,7159.565121415313,8775.998255821512,7045.4205,7561.041066666668,7045.4205,7132.878342373189
963,4,1,7247.834,7098.968208514967,7133.8605327582345,7181.623174555556,7339.81640625,8271.33984375,7157.457727508559,8777.748148214414,7045.4205,7561.041066666668,7045.4205,7134.387896552697
963,5,1,7214.931,7160.463492991306,7148.647710916965,7206.453358277778,7339.81640625,8270.58984375,7328.040720900473,8798.020003258587,7045.4205,7561.041066666668,7045.4205,7257.708927254063
964,3,1,7247.834,7208.559279289025,7254.050743534722,7309.719530981481,7319.84716796875,7835.5185546875,7261.966307949865,8964.309338006266,7045.4205,7524.440433333334,7178.3009999999995,7238.844570994778
964,4,1,7214.931,7209.340900013324,7263.229512541666,7324.46087249537,7319.84716796875,7834.7685546875,7134.606537721915,8966.621865706818,7045.4205,7524.440433333334,7178.3009999999995,7175.059457760987
964,5,1,7350.264,7286.6310040876015,7259.8089608670625,7336.559623884259,7319.84716796875,7834.01806640625,7395.081034004932,9028.574120982137,7045.4205,7524.440433333334,7178.3009999999995,7353.303359349368
965,3,1,7214.931,7294.710526114242,7175.268155238996,7153.953692293981,7217.8984375,7475.1181640625,7205.9778580861375,7882.010895569273,7045.4205,7477.015166666666,7041.977999999999,7277.830740698729
965,4,1,7350.264,7302.600479306622,7174.544626334235,7184.060200925925,7217.8984375,7474.3681640625,7296.336796162723,7889.084403608656,7045.4205,7477.015166666666,7041.977999999999,7328.200616115073
965,5,1,7581.672,7376.700236531092,7175.594678437409,7203.637234849536,7217.8984375,7473.61767578125,7237.295944224687,7975.287388144056,7045.4205,7477.015166666666,7041.977999999999,7343.302180713993
966,3,1,7350.264,7410.2846818043,7327.628913878449,7399.939038974537,7116.97265625,9056.646484375,7754.540326345057,7884.099140952467,7186.4175,7430.675483333333,7186.4175,7608.6812388207745
966,4,1,7581.672,7438.430914785293,7326.159874852656,7421.064881648147,7116.97265625,9055.896484375,7833.691328874552,7889.469931535844,7186.4175,7430.675483333333,7186.4175,7665.667647351752
967,3,1,7581.672,7441.78829651707,7439.077538440702,7477.915761192129,7257.83544921875,9068.5712890625,7876.356690833817,7806.191305363846,7247.834,7388.787283333334,7247.834,7682.450649243321
968,5,1,7629.11,7542.033775594391,7442.5680021445705,7491.9979496342585,7144.90625,8805.05078125,7802.793788523524,7754.093510391465,7214.931,7333.756450000001,7214.931,7709.695446056177
969,4,1,7629.11,7651.515059443673,7570.842933007071,7557.4831845023145,7159.7470703125,8734.123046875,7821.795225971753,7732.24040548953,7350.264,7282.345516666667,7350.264,7770.672842146736
970,3,2,7629.11,7498.816852882072,7616.826526571013,7673.672255239583,6831.265625,7154.10009765625,7917.971062101437,7750.347807769265,7581.672,7241.625516666667,7581.672,7574.38229489245
970,5,2,7799.493,7489.080728047346,7615.681819318235,7684.238344878472,6831.265625,7155.32421875,7943.881182505966,7770.157415712719,7581.672,7241.625516666667,7581.672,7570.809263768657
971,4,2,7799.493,7550.26889478269,7625.759661846806,7694.08720357986,6847.4736328125,7072.490234375,7986.307881783368,7766.396508184651,7581.672,7215.83985,7609.797999999999,7600.398491012416
971,5,2,7849.82,7564.003910750961,7629.7831269541475,7711.485856093749,6847.4736328125,7073.1025390625,7995.827460182671,7773.805433050996,7581.672,7215.83985,7609.797999999999,7607.758768715228
972,3,2,7799.493,7500.750164813489,7568.8982087569075,7593.030345336805,6813.154296875,7007.4228515625,7960.913054505004,7822.88591018692,7581.672,7189.880783333332,7490.433999999999,7537.692345460979
972,4,2,7849.82,7512.565835154012,7577.361143861074,7594.978091802082,6813.154296875,7008.03466796875,7956.553402440587,7829.866226970447,7581.672,7189.880783333332,7490.433999999999,7546.155118133164
972,5,2,7565.724,7512.482944364917,7580.236603884686,7617.6258636909715,6813.154296875,7008.64697265625,7960.839355357855,7837.293408662688,7581.672,7189.880783333332,7490.433999999999,7548.362235518509
973,3,2,7849.82,7394.853019618626,7579.845568083032,7654.874402840277,6876.3349609375,7195.97705078125,8078.429817088252,7953.974529104029,7629.11,7176.753383333333,7629.11,7524.328802528834
973,4,2,7565.724,7395.553953644386,7555.155244736471,7645.532430145833,6876.3349609375,7196.58935546875,8108.307161046219,7961.034985319005,7629.11,7176.753383333333,7629.11,7511.581285963942
974,3,2,7565.724,7473.4319645184505,7600.0935272802535,7646.652986770832,6929.171875,7169.67333984375,8047.015061253373,7954.880472430303,7629.11,7159.615083333333,7609.302999999999,7559.220969827907
975,5,2,8361.834,7378.514411169878,7564.846938204663,7758.784811069445,6928.33984375,7129.59326171875,8266.466368822828,7945.088668591065,7799.493,7143.9895166666665,7799.493,7533.268061999408
976,4,2,8361.834,7469.525877999559,7818.836094044507,7849.458330479167,6916.18994140625,7129.857421875,8318.746780948279,7955.549244206245,7849.82,7133.84695,7849.82,7703.452931118901
976,5,2,7216.242,7457.777838121044,7807.82962090165,7835.933893256944,6916.18994140625,7130.4697265625,8356.783988805993,7972.507378149785,7849.82,7133.84695,7849.82,7693.3194419291485
977,3,2,8361.834,7425.88851732297,7623.127558274637,7650.3707279097225,6875.5126953125,7020.5810546875,8056.352231764104,8035.1095862224465,7565.724,7111.22815,7565.724,7550.063631607628
977,4,2,7216.242,7501.8665998993965,7629.842214376488,7637.514842951389,6875.5126953125,7021.19287109375,8025.15496843184,8048.624732175482,7565.724,7111.22815,7565.724,7579.1416787830485
977,5,2,6991.53,7457.451025859716,7627.209828511409,7650.350321493056,6875.5126953125,7021.80517578125,8071.925040366688,8060.014114979426,7565.724,7111.22815,7565.724,7562.985218723756
978,3,2,7216.242,7692.7074195307105,7639.924868109062,7657.776247979167,6868.45654296875,6992.5703125,8001.201459612611,8193.090099854566,7565.724,7107.4150666666665,7536.996000000001,7647.296801444369
978,4,2,6991.53,7756.471638816684,7659.9063933037705,7657.000978680557,6868.45654296875,6993.1826171875,7997.727233753829,8206.850310886359,7565.724,7107.4150666666665,7536.996000000001,7679.400815339791
978,5,2,6937.017,7710.388262002073,7659.015949702977,7663.732272395834,6868.45654296875,6993.794921875,8040.642842952793,8204.280253376686,7565.724,7107.4150666666665,7536.996000000001,7663.361790693899
979,3,2,6991.53,7456.240341013899,7722.1382140017195,7864.3228660625,6929.71337890625,7360.35205078125,8249.093575140496,7678.315643327669,7565.724,7116.847066666666,7829.064,7647.469430012406
979,4,2,6937.017,7477.696585627403,7716.11289947262,7862.035362736112,6929.71337890625,7360.9638671875,8285.313795759492,7687.207405643236,7565.724,7116.847066666666,7829.064,7651.659625616683
979,5,2,6908.4765,7538.031505869213,7724.496124747619,7870.8229736319445,6929.71337890625,7361.576171875,8297.742852677487,7688.684812258394,7565.724,7116.847066666666,7829.064,7676.954036674378
980,3,2,6937.017,7889.177833546839,8128.203350177844,8175.408857180556,7055.53173828125,7642.2626953125,8788.823660491807,7613.384925968439,8361.834,7163.471733333334,8361.834,8073.517445434591
980,4,2,6908.4765,7867.021296654287,8150.031034094512,8154.898459569446,7055.53173828125,7642.875,8815.328502848542,7613.050822988834,8361.834,7163.471733333334,8361.834,8076.434646350738
981,3,2,6908.4765,7891.909358909095,7457.729287227387,7526.0611625763895,6941.7109375,6987.990234375,7703.202607507652,7497.117018568959,7216.242,7163.2828,7216.242,7582.366899144732
982,5,2,7703.3055,8065.741226649487,7578.723168398015,7381.320309835648,6919.453125,7033.341796875,7448.4546035529165,7730.345360686164,6991.53,7150.472599999999,6991.53,7674.512984448627
983,4,2,7703.3055,8048.270824127283,7521.765015164286,7402.144615523148,6919.54443359375,6991.57421875,7391.500435584428,7748.510504431703,6937.017,7148.351299999999,6937.017,7633.977492264474
983,5,2,7577.0575,8032.4502962744555,7559.069813109325,7447.380375634259,6919.54443359375,6992.1865234375,7386.297717780696,7735.205519052265,6937.017,7148.351299999999,6937.017,7649.2178627329395
984,3,2,7703.3055,7749.616090411217,7463.235864871329,7385.0031036828705,6977.76953125,6907.35498046875,7253.705213705209,7492.99158891176,6908.4765,7152.0536,6908.4765,7497.769389478731
984,4,2,7577.0575,7794.009524443638,7486.800201325099,7426.833802162037,6977.76953125,6907.966796875,7240.343166258819,7527.595497619706,6908.4765,7152.0536,6908.4765,7526.496708622461
984,5,2,7153.77,7785.93589107172,7510.368356644147,7459.613024696759,6977.76953125,6908.5791015625,7243.431774291882,7523.1033324303835,6908.4765,7152.0536,6908.4765,7536.92507900113
985,3,2,7577.0575,7481.049538178767,7104.372225475713,7028.092912300926,6886.982421875,6699.28369140625,6803.761605562929,7537.186727199744,6908.4765,7146.17955,6407.0055,7154.244383793697
985,4,2,7153.77,7538.049639206007,7130.433872792181,7048.170468731481,6886.982421875,6699.89599609375,6771.997821112459,7531.247325122652,6908.4765,7146.17955,6407.0055,7187.848615680396
985,5,2,6252.408,7531.443638969879,7183.23613372482,7094.844433141204,6886.982421875,6700.50830078125,6800.363335178126,7524.672720967941,6908.4765,7146.17955,6407.0055,7214.25357179481
986,3,2,7153.77,8020.70121211984,7935.6963970100205,7878.328506101852,6925.38330078125,6651.35693359375,7965.535377697242,7783.424716952452,6908.4765,7176.4442,7635.5415,7929.884755778477
986,4,2,6252.408,8096.998084144634,7954.056782930159,7897.892587074074,6925.38330078125,6651.96875,7886.72446380857,7768.253715472251,6908.4765,7176.4442,7635.5415,7966.137581863453
986,5,2,6725.46,8140.684992206199,8007.957170366865,7932.471244886574,6925.38330078125,6652.5810546875,7875.354059622254,7753.7869222651425,6908.4765,7176.4442,7635.5415,8009.952269707805
987,3,2,6252.408,8287.883962143896,7811.288116523795,7884.809152342593,7064.79296875,7019.24267578125,8017.102886207843,8082.460413378671,7703.3055,7215.553249999999,7703.3055,7965.3479221849475
987,4,2,6725.46,8305.773517239939,7825.360492127962,7915.441887787038,7064.79296875,7019.85498046875,7937.009935807872,8092.493905238204,7703.3055,7215.553249999999,7703.3055,7979.735649231587
988,3,2,6725.46,7841.072786005556,7588.499717239153,7662.444081215278,7072.3134765625,6917.6689453125,7898.058732920808,8106.3588482206105,7577.0575,7253.815433333334,7577.0575,7676.357773082453
991,5,2,4212.772,7471.546708986837,6816.696297392791,6900.425117319444,7142.146484375,7668.73779296875,6359.668615835164,7007.2892933958465,6725.46,7305.299016666667,6725.46,7034.087475060378
992,4,2,4212.772,7334.093815196814,6772.7683560138885,7013.191565013889,7118.1689453125,7628.53076171875,6413.931110712326,6976.054694932964,6725.46,7313.730583333334,6775.71,6973.701587929963
992,5,2,4326.406,7394.339272161718,6811.93045677414,7044.621330791667,7118.1689453125,7629.142578125,6364.629506927744,6975.999865122425,6725.46,7313.730583333334,6775.71,7015.524793066197
993,3,2,4212.772,6469.1972494142365,5824.3953367140875,5771.484096208333,6907.275390625,7305.5869140625,5288.849692485878,5651.38542409222,6725.46,7261.123233333333,5467.2,6004.4761243091225
993,4,2,4326.406,6542.101674759129,5868.994145618353,5791.429416534722,6907.275390625,7306.19873046875,5346.208133519622,5659.732992787358,6725.46,7261.123233333333,5467.2,6053.047450248251
993,5,2,4558.9495,6627.019161269137,5970.693279786607,5821.364731722222,6907.275390625,7306.81103515625,5316.768414152195,5718.144078978134,6725.46,7261.123233333333,5467.2,6135.38676968115
994,3,2,4326.406,5656.351452751844,5539.159584145336,5472.64176998611,6791.5341796875,7322.70068359375,4945.3791401407325,5627.312887091887,6725.46,7186.242199999999,4931.87,5510.26704012832
994,4,2,4558.9495,5846.211615854414,5648.421012345832,5546.285171453703,6791.5341796875,7323.31298828125,5135.458324324334,5670.325181380197,6725.46,7186.242199999999,4931.87,5633.951797055363
995,3,2,4558.9495,5660.404890606914,5269.113309690625,5374.562684976852,6552.0888671875,7510.796875,4768.969674357726,5692.612488310214,6725.46,7091.561933333333,4201.57,5289.336603651949
996,5,2,5147.784,6414.665090764829,5839.330681807688,5747.494072939815,6318.83203125,7039.0107421875,4988.635964370608,6276.9116702706015,4212.772,6992.440416666666,4212.772,5854.522696050653
997,4,2,5147.784,6184.07019418362,5990.834834594991,5843.889117738427,6039.79638671875,6110.330078125,4910.469992251343,6909.52044370803,4326.406,6895.059483333333,4326.406,5868.940857476774
997,5,2,4836.2025,6459.714980797628,6046.14022292882,5938.274136592593,6039.79638671875,6110.94189453125,4963.673640086573,7044.193519985169,4326.406,6895.059483333333,4326.406,5995.049058185668
998,3,2,5147.784,5722.563161987056,6115.273847237306,5887.31997680787,6083.7646484375,6605.0341796875,5113.373035675357,6830.2826960829025,4558.9495,6806.526766666666,4558.9495,5801.57283298381
998,4,2,4836.2025,5959.618959514323,6256.693469773515,6002.836426877316,6083.7646484375,6605.646484375,5192.0338105881065,6926.337001805826,4558.9495,6806.526766666666,4558.9495,5959.359173645303
998,5,2,4763.5,6159.526054485781,6312.074426982344,6087.244653717593,6083.7646484375,6606.25830078125,5172.74322375903,7041.963643381992,4558.9495,6806.526766666666,4558.9495,6059.191880689685
999,3,2,4836.2025,6117.953238756013,6338.5083365720275,6101.209686613426,6128.87255859375,7075.1064453125,5409.436721687319,6942.366005246169,4558.9495,6725.732016666666,4926.4214999999995,6099.4275008499335
999,4,2,4763.5,6363.30332384941,6493.6231070283775,6191.45857668287,6128.87255859375,7075.71826171875,5449.29404519368,7025.758317652232,4558.9495,6725.732016666666,4926.4214999999995,6266.242032516382
1000,3,2,4763.5,6478.998754180329,6446.073751428388,6052.905228668981,6154.6513671875,7154.22412109375,5492.969010224699,6781.195705950027,4558.9495,6640.848849999999,5035.177,6288.846578683551
1003,5,2,5206.74,6554.773612154439,5744.308799269097,5706.144648055556,6138.09716796875,6741.857421875,5397.506757670299,6575.699648311516,4763.5,6374.786999999999,4763.5,5913.051512107114
1004,4,2,5206.74,6081.639803408351,5673.967206734226,5714.03116845139,6083.99658203125,6711.857421875,5427.120959378911,6537.341384108855,4763.5,6279.473233333334,4749.89,5713.412356281644
1004,5,2,5117.75,6269.8380303957765,5705.00450628869,5789.888272902778,6083.99658203125,6712.4697265625,5430.757129909825,6618.567216695185,4763.5,6279.473233333334,4749.89,5796.445183771695
1005,3,2,5206.74,6220.712630912388,5846.521716181382,5923.787084027777,6055.2060546875,6545.033203125,5677.1908259608135,6435.122150584286,4763.5,6191.588583333333,5162.9535,5902.208960021003
1005,4,2,5117.75,6348.16200109109,5899.303030945271,6010.356753861111,6055.2060546875,6545.64501953125,5744.732727907627,6469.123019862946,4763.5,6191.588583333333,5162.9535,5975.924994961878
1005,5,2,5420.1975,6449.911884723313,5941.575888605489,6060.947416208333,6055.2060546875,6546.25732421875,5748.0494112187935,6550.368259154049,4763.5,6191.588583333333,5162.9535,6034.224569579621
1006,3,2,5117.75,6431.858043134699,6069.593293387896,6077.366780868055,6084.8525390625,6476.9189453125,5834.474113613267,6510.001901111994,4763.5,6110.691400000001,5422.9045,6122.919691939497
1006,4,2,5420.1975,6550.159739278172,6130.891363318452,6146.146883791666,6084.8525390625,6477.53125,5941.497793794141,6544.081475539757,4763.5,6110.691400000001,5422.9045,6197.273380172288
1006,5,2,5380.582,6651.909622910396,6180.623515261905,6233.662960368056,6084.8525390625,6478.14306640625,5904.053271415729,6647.997097817146,4763.5,6110.691400000001,5422.9045,6260.640370233515
1007,3,2,5420.1975,6371.690757806181,5912.294633498511,5923.786718680555,6081.556640625,6515.3203125,5672.554513256647,6489.440049709048,4763.5,6034.727416666667,5286.804499999999,6001.397913254579
1007,4,2,5380.582,6455.4874640470225,5966.928494549602,6001.746144625,6081.556640625,6515.9326171875,5649.824886755389,6523.507848564915,4763.5,6034.727416666667,5286.804499999999,6060.802372088909
1007,5,2,5731.746,6557.237347679246,6023.759504782737,6076.003115715277,6081.556640625,6516.544921875,5746.9165571550975,6605.067130120156,4763.5,6034.727416666667,5286.804499999999,6127.368920779115
1008,3,2,5380.582,6420.750231597696,5874.671717284325,5951.784484083333,6103.76171875,6846.31787109375,5614.762451243065,6488.889294532256,5206.74,5957.052216666667,5206.74,5991.036717968063
1008,4,2,5731.746,6491.65450216183,5917.288339204464,6029.049711590278,6103.76171875,6846.93017578125,5650.244388114797,6522.892749156299,5206.74,5957.052216666667,5206.74,6039.826494934303
1009,3,2,5731.746,6405.479399804677,5979.658649467758,5913.386658791667,6118.498046875,6775.244140625,5620.198669713,6262.940246835475,5117.75,5866.6750833333335,5117.75,6028.607925260286
1010,5,2,6011.902,6873.382916647467,6296.844093739915,6324.229823493056,6177.44921875,7093.3828125,5966.427524589619,6670.370122783992,5420.1975,5768.620533333334,5420.1975,6399.011054863646
1011,4,2,6011.902,6688.416942922573,6217.12157216627,6177.3697674583345,6257.966796875,6860.75732421875,5887.129952226283,6632.135428021933,5380.582,5707.431866666667,5380.582,6285.352053976802
1011,5,2,5794.0575,6771.95496260559,6248.234416087302,6249.979100305556,6257.966796875,6861.369140625,5897.726160880042,6698.799802859808,5380.582,5707.431866666667,5380.582,6332.413942910583
1012,3,2,6011.902,6871.767100611547,6501.06573966766,6396.751857055556,6375.2626953125,7149.52001953125,6236.180929291678,6633.148865599608,5731.746,5665.439066666667,5731.746,6540.026038818436
1012,4,2,5794.0575,6990.045198823326,6569.912409308632,6492.300814993056,6375.2626953125,7150.1318359375,6253.341911687027,6676.7484755793175,5731.746,5665.439066666667,5731.746,6619.144314463893
1012,5,2,5858.2615,7073.910722939476,6610.569371319941,6579.4999174791665,6375.2626953125,7150.744140625,6291.482871668897,6741.313026944932,5731.746,5665.439066666667,5731.746,6671.707220107889
1013,3,2,5794.0575,6979.668953293066,6533.421459842262,6461.195499777778,6467.80859375,7136.80029296875,6341.865948051515,6673.580093674839,5731.746,5629.404233333334,5855.972000000001,6609.4865342883195
1013,4,2,5858.2615,7037.928666442305,6594.933306552679,6538.723967145835,6467.80859375,7137.41259765625,6393.227931659235,6694.289308536784,5731.746,5629.404233333334,5855.972000000001,6663.647566759005
1013,5,2,5924.352,7169.64279666012,6603.2899903844245,6619.069431020834,6467.80859375,7138.02490234375,6388.021054806121,6720.821969969503,5731.746,5629.404233333334,5855.972000000001,6715.812568403694
1014,3,2,5858.2615,7079.551542235809,6589.758541006647,6487.581251625,6494.3076171875,7185.13916015625,6362.154226431539,6692.726298442305,5731.746,5596.356483333333,5917.044,6680.277660390008
1014,4,2,5924.352,7142.249962129747,6642.31427607867,6557.254711743056,6494.3076171875,7185.75146484375,6364.624025868044,6713.451516315893,5731.746,5596.356483333333,5917.044,6731.100280681792
1014,5,2,6088.908,7246.708189635184,6656.828468479861,6631.177421534721,6494.3076171875,7186.36376953125,6407.562352825166,6714.926395658702,5731.746,5596.356483333333,5917.044,6776.861455046263
1015,3,2,5924.352,7169.282020494258,6655.794615028968,6574.910040986111,6572.2861328125,7553.380859375,6484.804633769645,7002.535463256178,6011.902,5583.186366666666,6011.902,6758.328695447378
1015,4,2,6088.908,7170.33961388845,6695.333227686806,6652.109108236112,6572.2861328125,7553.9931640625,6579.121553105422,7023.593304254767,6011.902,5583.186366666666,6011.902,6781.577182822851
1016,3,2,6088.908,6994.277315958303,6543.052768819842,6465.8137373819445,6478.451171875,7664.79150390625,6331.642052877903,6735.29822824851,5794.0575,5521.8035666666665,5794.0575,6612.779920257061
1017,5,2,6221.405,7190.474614669205,6682.772018910417,6737.447872972221,6498.37353515625,7897.15087890625,6376.798231519152,6948.683921307476,5858.2615,5460.302100000001,5858.2615,6767.981802195149
1018,4,2,6221.405,7442.839525748839,6800.804999778373,6705.7239958125,6504.31396484375,8096.9013671875,6488.885936204941,7096.553176846227,5924.352,5405.211916666666,5924.352,6921.353124398195
1018,5,2,6388.863,7545.961242123831,6839.495674123016,6769.465706875,6504.31396484375,8097.513671875,6457.110196311111,7093.934067821963,5924.352,5405.211916666666,5924.352,6978.725359166259
1019,3,2,6221.405,7380.601560721338,6884.765763630754,6636.4784402060195,6583.60791015625,8125.97314453125,6520.954579127994,7357.973717630566,6088.908,5369.716516666666,6088.908,6958.90037453208
1019,4,2,6388.863,7439.7367325035875,6928.774609690874,6698.1034207708335,6583.60791015625,8126.5849609375,6558.454068689004,7400.542783289778,6088.908,5369.716516666666,6088.908,7003.843316934384
1019,5,2,6166.602,7569.869978445312,6969.6565643376,6780.146985819445,6583.60791015625,8127.197265625,6567.308958433409,7400.542783289778,6088.908,5369.716516666666,6088.908,7072.219714369487
1020,3,2,6388.863,7477.325392596541,6959.255960865675,6720.3773941226855,6626.8935546875,7958.1220703125,6585.596673833613,7390.239112351823,6088.908,5368.995183333333,6230.768,7048.750003784469
1020,4,2,6166.602,7536.460564378791,6991.856073586905,6773.453667986111,6626.8935546875,7958.73388671875,6554.087075081221,7416.093387908985,6088.908,5368.995183333333,6230.768,7087.549651100096
1020,5,2,6120.4,7610.250669430901,7024.198835242659,6849.325363173612,6626.8935546875,7959.34619140625,6614.1704195564735,7413.474278884723,6088.908,5368.995183333333,6230.768,7132.00855553133
1021,3,2,6166.602,7506.588689938651,6918.438890439848,6761.363209108797,6667.04833984375,8031.05859375,6565.969603015021,7435.19055267934,6088.908,5353.61265,6263.984,7042.866066732245
1021,4,2,6120.4,7616.036390311548,6957.828410841634,6817.10625682639,6667.04833984375,8031.67041015625,6555.149695478628,7461.0935482213545,6088.908,5353.61265,6263.984,7102.498789157406
1021,5,2,6564.8245,7719.845613424722,6994.7619729973885,6880.968885354167,6667.04833984375,8032.28271484375,6576.325503301847,7458.473776231021,6088.908,5353.61265,6263.984,7159.20890162618
1022,3,2,6120.4,7444.27349657068,6773.402990409812,6747.118166081019,6647.05029296875,8053.7119140625,6576.465150639769,7435.324130274456,6221.405,5335.135816666666,6221.405,6941.871337593402
1022,4,2,6564.8245,7500.510985943838,6817.555950908234,6810.014261041666,6647.05029296875,8054.32421875,6583.664290259712,7453.629770240895,6221.405,5335.135816666666,6221.405,6985.936914244735
1023,3,2,6564.8245,7511.189881453503,7138.035913700694,6875.85694237963,6628.65283203125,8046.1767578125,6776.248989855626,7379.835375450162,6388.863,5365.857916666667,6388.863,7174.761979891626
1024,5,2,6513.1025,7441.5908983238505,6888.130811926239,6873.524579513889,6664.3544921875,7899.779296875,6651.639051600674,7171.986834260036,6166.602,5407.01565,6166.602,6998.0513202321945
1025,4,2,6513.1025,6701.535331542813,6857.233982950396,6731.186643958333,6672.79248046875,8012.33740234375,6569.3183562082395,7308.123213384177,6120.4,5470.97665,6120.4,6718.475041390261
1025,5,2,6383.2275,6836.282979669392,6897.651712049505,6810.862776840277,6672.79248046875,8012.94970703125,6555.088266245773,7310.640114993281,6120.4,5470.97665,6120.4,6788.116587658562
1026,3,2,6513.1025,6953.4681908274615,7028.847210953869,6871.236523701389,6723.5146484375,8816.0517578125,6815.588945645224,7474.868652638173,6564.8245,5549.3784000000005,6564.8245,6946.617327338284
1026,4,2,6383.2275,7080.328354679471,7100.456243887203,6938.291710780092,6723.5146484375,8816.6640625,6750.288214484287,7532.688896307625,6564.8245,5549.3784000000005,6564.8245,7029.142018133905
1026,5,2,6580.08,7199.325313746069,7156.13079039876,7059.317696009259,6723.5146484375,8817.275390625,6786.618951001581,7526.204386421165,6564.8245,5549.3784000000005,6564.8245,7102.599332957236
1027,3,2,6383.2275,6525.888014801279,6914.396068659127,6905.486934525463,6777.2109375,8266.4951171875,6741.096754137777,7281.039144607163,6564.8245,5625.1747,6600.295,6746.2483423995345
1027,4,2,6580.08,6614.971280111963,6932.586303516072,6967.468762104167,6777.2109375,8267.107421875,6758.3089932284565,7309.978577076798,6564.8245,5625.1747,6600.295,6788.222229873125
1027,5,2,6423.5775,6687.941016360024,6957.486319193651,7071.346598041667,6777.2109375,8267.7197265625,6721.725581978148,7316.2660375658415,6564.8245,5625.1747,6600.295,6829.5181467640405
1028,3,2,6580.08,6512.009155172162,6952.310643644445,6843.554665157408,6748.34619140625,8173.267578125,6743.704799698422,7144.4570138026,6564.8245,5692.755883333333,6586.385,6757.342664447273
1028,4,2,6423.5775,6601.092420482846,6967.230754723611,6911.610145826389,6748.34619140625,8173.8798828125,6767.128379553178,7184.220411948273,6564.8245,5692.755883333333,6586.385,6797.841512147058
1029,3,2,6423.5775,6640.295733952324,6965.355588429266,6911.910952090278,6786.39697265625,7874.830078125,6772.222703032062,7242.038948778383,6513.1025,5745.6452500000005,6513.1025,6802.268341136457
1031,5,2,6069.724,6853.960197324787,6948.60099975367,7094.9215776111105,6735.29296875,7786.70361328125,6919.755564867359,7138.575006518386,6580.08,5838.323466666667,6580.08,6880.470124707084
1032,4,2,6069.724,6604.218462761772,6914.846410978869,6864.073396840277,6752.35107421875,8010.85791015625,6629.173836761879,6871.150088183195,6423.5775,5891.235966666666,6423.5775,6752.503649631612
1032,5,2,6042.114,6682.4344816398025,6948.705545624703,6931.579482027778,6752.35107421875,8011.47021484375,6693.388392014621,6887.845547757235,6423.5775,5891.235966666666,6423.5775,6798.978644591148
1033,3,2,6069.724,6417.40982860596,6739.044565299306,6703.106233006944,6752.8193359375,7825.271484375,6496.728654703858,6735.172759110819,6423.5775,5942.57405,6303.6425,6579.574513074609
1033,4,2,6042.114,6518.29924889868,6744.732074972917,6756.842818083333,6752.8193359375,7825.8837890625,6598.772100033376,6779.858870523686,6423.5775,5942.57405,6303.6425,6618.903462115298
1034,3,2,6042.114,6419.880741709973,6578.23875759494,6592.547848284721,6694.5458984375,7714.345703125,6390.807216369199,6632.877083045904,6423.5775,5989.521366666667,6158.309499999999,6478.164769187737
1034,5,2,6005.868,6547.185231333957,6621.87461008105,6704.357156638888,6694.5458984375,7715.56982421875,6440.293310987703,6677.072379362212,6423.5775,5989.521366666667,6158.309499999999,6547.9826722996795
1035,4,2,6005.868,6633.328700099971,6592.200197339979,6616.104683854166,6712.01708984375,7792.02197265625,6369.457176767031,6672.899136546803,6423.5775,6022.06495,6139.2609999999995,6557.242011748383
1035,5,2,6096.264,6685.699602255184,6619.277525241765,6661.494286541666,6712.01708984375,7792.63427734375,6404.701843677446,6676.506458492949,6423.5775,6022.06495,6139.2609999999995,6590.6285042218915
1036,3,2,6005.868,6236.219231810279,6486.640330015575,6484.243326861111,6652.5048828125,7475.240234375,6290.488140693941,6960.857567205889,6069.724,6043.625599999999,6069.724,6354.758143011214
1036,4,2,6096.264,6294.581435374099,6498.789896404464,6548.152966402778,6652.5048828125,7475.8525390625,6311.567162887313,7001.6652173191505,6069.724,6043.625599999999,6069.724,6383.157702478732
1037,3,2,6096.264,6254.271802024289,6457.81826780873,6471.4767395624995,6610.6201171875,7247.2587890625,6276.284548025242,6584.27084790099,6042.114,6068.802583333333,6042.114,6342.686968249902
1038,5,2,6089.8725,6403.469481717542,6443.986136012848,6583.146500548612,6599.8515625,7284.28466796875,6237.5880522329635,6531.569622832067,6042.114,6094.940183333333,5990.868,6384.866973123639
1039,4,2,6089.8725,6069.464370593471,6326.856477949108,6524.349018527779,6618.025390625,7485.5732421875,5882.322181485872,6416.560503232745,6005.868,6124.544116666667,6005.868,6209.847417376788
1039,5,2,5942.028,6160.388399433607,6374.931777811211,6560.856179125,6618.025390625,7486.185546875,5968.339183261025,6437.577973163494,6005.868,6124.544116666667,6005.868,6266.939883278828
1040,3,2,6089.8725,6068.728304119809,6285.959959331944,6563.067131777778,6733.88671875,7304.9697265625,6157.3712985437405,6163.803386954773,6096.264,6147.0796666666665,6096.264,6199.851608014702
1040,4,2,5942.028,5998.674443481001,6298.967298873611,6613.575894402778,6733.88671875,7305.58154296875,6182.693815603212,6205.7230622048455,6096.264,6147.0796666666665,6096.264,6184.1925262830255
1040,5,2,5859.935,6108.995462079954,6340.786797894444,6652.0409034375,6733.88671875,7306.19384765625,6189.367629407518,6233.024506286528,6096.264,6147.0796666666665,6096.264,6244.792856188571
1041,3,2,5942.028,6166.147078338193,6254.0509369390875,6533.265644090278,6784.63427734375,7157.67724609375,6160.561890248878,6226.199387955659,6096.264,6171.857733333333,6123.924,6218.9340489168035
1041,4,2,5859.935,6095.1437838567235,6264.273745891468,6569.702225638889,6784.63427734375,7158.28955078125,6143.5898319531025,6268.320456946299,6096.264,6171.857733333333,6123.924,6201.047981176924
1041,5,2,5879.493,6200.932181395148,6294.746868335913,6616.314036506944,6784.63427734375,7158.9013671875,6187.481709958916,6285.051758041043,6096.264,6171.857733333333,6123.924,6254.542082765304
1042,3,2,5859.935,5915.913741972994,6072.700383085913,6281.026995173611,6788.2880859375,6830.5703125,5996.760661628117,5618.9393798650735,6096.264,6178.453283333334,5929.6125,6010.151092934888
1042,4,2,5879.493,5911.462348326597,6088.7542005442465,6313.6818857152775,6788.2880859375,6831.1826171875,5987.123165173036,5660.372746909971,6096.264,6178.453283333334,5929.6125,6017.960345306449
1042,5,2,5831.349,5990.704891948574,6104.738419599802,6348.941939125,6788.2880859375,6831.794921875,5997.589380480202,5677.175071683139,6096.264,6178.453283333334,5929.6125,6054.530136507457
1043,3,2,5879.493,5929.484194184814,6266.673879660318,6402.375302534722,6739.31884765625,6799.29833984375,6215.01509884788,6643.810422050677,6089.8725,6186.249966666667,6089.8725,6136.095154474473
1043,4,2,5831.349,5983.36732236702,6275.356851726786,6472.343965493055,6739.31884765625,6799.91064453125,6282.009389086382,6688.816492589027,6089.8725,6186.249966666667,6089.8725,6161.381902239174
1044,3,2,5831.349,5826.863437162419,6195.377190884028,6342.4127254791665,6703.86474609375,6643.23388671875,6117.7119625278065,6404.559977891675,5942.028,6187.082766666667,5942.028,6046.005894790152
1045,5,2,5901.7035,5965.536209794501,6171.822538535417,6324.731029965278,6624.75,6796.54150390625,6083.578756221184,5953.366138098243,5859.935,6182.0172,5859.935,6071.850880895171
1046,4,2,5901.7035,5864.401204209431,6286.283851475397,6374.029233993057,6599.169921875,7035.52392578125,6044.683253817112,5910.018288590971,5879.493,6184.865049999999,5879.493,6099.724009917762
1046,5,2,5826.0025,5933.486519037569,6305.219693538889,6416.479226756945,6599.169921875,7036.13623046875,6032.336178274658,5926.625051974449,5879.493,6184.865049999999,5879.493,6134.565946650584
1047,3,2,5901.7035,5910.435075540324,6328.586898810615,6335.823019145833,6564.7451171875,7021.0234375,6035.576415276389,6000.274715134192,5831.349,6183.967966666667,5831.349,6130.64905779742
1047,4,2,5826.0025,5930.198923675505,6344.242231276389,6394.583499256944,6564.7451171875,7021.63525390625,6048.90659919145,6073.835836302405,5831.349,6183.967966666667,5831.349,6147.435517429664
1047,5,2,5950.9235,6006.83349248034,6378.661758245635,6444.848176986112,6564.7451171875,7022.24755859375,6048.625834067191,6128.276630871438,5831.349,6183.967966666667,5831.349,6193.077561808491
1048,3,2,5826.0025,5806.036283840842,6201.564161356745,6225.29730879861,6566.3486328125,6864.53125,5899.436187176679,6035.345792110808,5831.349,6175.662333333333,5675.182999999999,6008.731416137363
1048,4,2,5950.9235,5824.376571475461,6226.040901310615,6289.084526451388,6566.3486328125,6865.1435546875,5883.336269557831,6083.223921034918,5831.349,6175.662333333333,5675.182999999999,6029.726561379915
1048,5,2,6190.9995,5894.435020904112,6240.622285142956,6340.988899291666,6566.3486328125,6865.75537109375,5902.535023181646,6137.681960154956,5831.349,6175.662333333333,5675.182999999999,6062.983991502164
1049,3,2,5950.9235,5889.012823847265,6259.927074090377,6270.719218148148,6550.74951171875,6842.8388671875,6013.321704348491,6091.760367726006,5831.349,6165.4646999999995,5782.978999999999,6080.545902188485
1049,4,2,6190.9995,5986.377810922523,6287.952411924206,6332.877824249999,6550.74951171875,6843.45068359375,6017.914746989352,6138.481801045294,5831.349,6165.4646999999995,5782.978999999999,6130.415350230908
1049,5,2,6338.178,6004.478611265291,6296.070823728769,6382.909695354166,6550.74951171875,6844.06298828125,6008.16763953924,6193.0647257091005,5831.349,6165.4646999999995,5782.978999999999,6142.469600570429
1050,3,2,6190.9995,5857.971958838625,6372.926483089881,6368.610954877314,6617.9658203125,7052.451171875,6146.120510749538,6137.346884262078,5901.7035,6154.495883333333,5901.7035,6144.259967118209
1050,4,2,6338.178,5933.557100842248,6404.095537500099,6430.585017291666,6617.9658203125,7053.0634765625,6157.039283090757,6184.074444434348,5901.7035,6154.495883333333,5901.7035,6188.266064492148
1051,3,2,6338.178,5924.294295472312,6300.458550939352,6259.361761027777,6558.68359375,6886.6279296875,6114.210646112675,5992.838316634824,5826.0025,6139.8965,5826.0025,6117.810893908215
1052,5,2,6777.3915,6234.766776606886,6515.494683583036,6617.8652215,6603.1982421875,7047.73779296875,6219.069864720512,6668.059968377577,5950.9235,6130.88045,5950.9235,6360.473199731167
1053,4,2,6777.3915,6292.985801261867,6649.558604681912,6718.265778006944,6672.91259765625,7277.89892578125,6488.099351409686,6786.527215284938,6190.9995,6124.285,6190.9995,6479.063518379464
1053,5,2,6794.679,6365.959833286604,6655.175420708698,6775.247274145833,6672.91259765625,7278.51123046875,6507.586453417381,6841.741471795408,6190.9995,6124.285,6190.9995,6508.8893801933455
1054,3,2,6777.3915,6431.876797655554,6809.2376492125,6714.237969300926,6767.7578125,7498.15185546875,6690.35966918702,6959.951591550713,6338.178,6130.004199999999,6338.178,6624.7459546276405
1054,4,2,6794.679,6498.4435880278625,6817.843800972917,6807.476090659722,6767.7578125,7498.763671875,6705.760738220553,7016.248998850538,6338.178,6130.004199999999,6338.178,6655.124339683541
1054,5,2,7110.73,6523.983443876733,6824.749538721924,6863.773011430555,6767.7578125,7499.3759765625,6707.341952816434,7062.7496624570795,6338.178,6130.004199999999,6338.178,6669.31791669872
1055,3,2,6794.679,6765.020692922108,7213.545880742361,7071.205853460648,6853.3330078125,7706.07177734375,7047.942421701063,7080.175388092841,6338.178,6148.490066666667,6674.976,6995.6230056840195
1055,4,2,7110.73,6864.872851403715,7221.5406109402775,7133.711338298611,6853.3330078125,7706.68408203125,7052.098203537638,7136.640530493168,6338.178,6148.490066666667,6674.976,7036.074599917547
1055,5,2,7212.8475,6874.521886824988,7244.528520058333,7179.302456694444,6853.3330078125,7707.2958984375,7106.14565903404,7183.0260509868685,6338.178,6148.490066666667,6674.976,7052.713997100485
1056,3,2,7110.73,6693.745199911363,7138.930368144643,7060.557838002314,6872.24365234375,7874.4873046875,6963.965186595618,6968.184614148368,6338.178,6153.593983333333,6717.941999999999,6937.2437142703
1056,4,2,7212.8475,6840.517152007636,7148.314564009225,7111.80562211111,6872.24365234375,7875.099609375,6972.840941596145,6992.509665776381,6338.178,6153.593983333333,6717.941999999999,6994.125631017224
1056,5,2,7319.568,6867.636985289208,7163.445706454662,7157.280587472222,6872.24365234375,7875.7119140625,7021.969915748092,7032.144734759085,6338.178,6153.593983333333,6717.941999999999,7012.720767678153
1057,3,2,7212.8475,6816.881815541027,7149.653627062698,7150.407640798611,6951.82470703125,7983.78759765625,7098.870517378197,6915.641531859629,6777.3915,6159.4972,6777.3915,6994.545295983109
1057,4,2,7319.568,6962.446554203071,7163.836109799801,7199.791823645834,6951.82470703125,7984.39990234375,7159.855395749856,6937.565946552527,6777.3915,6159.4972,6777.3915,7053.413803072679
1058,3,2,7319.568,7127.667169264288,7229.508023405506,7097.8417118472225,6991.974609375,8012.37109375,7223.191978442772,7071.306737958886,6794.679,6166.440333333333,6794.679,7142.285293203928
1059,5,2,7612.4145,7776.650281864503,7592.809888595983,7535.031928437499,6963.8173828125,8243.8681640625,7599.319061856309,7989.199154237475,7110.73,6186.36125,7110.73,7600.857721678969
1060,4,2,7612.4145,7896.544894571813,7593.078814400198,7546.661152270834,7013.9599609375,8616.8740234375,7802.716027152157,8136.825431796355,7212.8475,6214.01525,7212.8475,7653.7552405759525
1060,5,2,7559.34,7958.909883189785,7608.472595183928,7582.0337656875,7013.9599609375,8617.486328125,7800.045937709094,8124.421629659901,7212.8475,6214.01525,7212.8475,7684.236324738827
1061,3,2,7612.4145,7611.27530658816,7372.6438308292,7503.014392006945,7133.3720703125,8731.93359375,7862.060811431742,8329.762017612551,7319.568,6238.66485,7319.568,7453.0279506016905
1061,4,2,7559.34,7668.413024174561,7371.775091116072,7519.1004983125,7133.3720703125,8732.5458984375,7841.426827318129,8324.236367690377,7319.568,6238.66485,7319.568,7472.720924651944
1061,5,2,7481.1065,7677.35437141296,7356.440833962301,7539.712553048611,7133.3720703125,8733.158203125,7885.577658290112,8313.33176766504,7319.568,6238.66485,7319.568,7468.607402066203
1062,3,2,7559.34,7526.086116315921,7445.636817969742,7666.6260788819445,7179.41748046875,8620.328125,7921.245117807699,8078.316417922917,7319.568,6273.008000000001,7453.872,7481.549812789883
1062,4,2,7481.1065,7456.999095359627,7443.437737974206,7659.4211665972225,7179.41748046875,8620.939453125,7990.681476608577,8058.290383481371,7319.568,6273.008000000001,7453.872,7456.480915185672
1062,5,2,7636.2395,7477.137719283978,7421.246700855159,7661.359793958333,7179.41748046875,8621.5517578125,7937.821284246983,8054.899710713246,7319.568,6273.008000000001,7453.872,7452.06223476314
1063,3,2,7481.1065,7950.100109319552,7747.794766766865,7951.045073002315,7278.0263671875,8837.0361328125,8044.713106971471,8128.8843216324,7319.568,6319.6730333333335,7703.5935,7819.139139706086
1063,4,2,7636.2395,7979.068377263597,7744.171739118551,7982.672380127315,7278.0263671875,8837.6484375,8044.1610590954915,8134.373084083936,7319.568,6319.6730333333335,7703.5935,7828.2765933417
1063,5,2,7566.328,7935.406864076026,7733.339365263393,7974.126862002315,7278.0263671875,8838.2607421875,8091.741662928768,8142.714228855266,7319.568,6319.6730333333335,7703.5935,7807.452393325149
1064,3,2,7636.2395,7706.327069167876,7606.287344106051,7824.831050550925,7254.55810546875,8694.439453125,7985.461795747772,7954.998112004991,7612.4145,6368.1431999999995,7612.4145,7648.606201078153
1064,4,2,7566.328,7746.69869135703,7610.668356666567,7863.925113405093,7254.55810546875,8695.0517578125,8013.006723051707,7965.979183542413,7612.4145,6368.1431999999995,7612.4145,7666.014489516844
1065,3,2,7566.328,7937.603399059147,7918.658377316568,7798.879200472223,7288.79052734375,8465.13671875,7973.498957416279,8048.828805347032,7559.34,6415.479166666667,7559.34,7881.580119957734
1066,5,2,7275.7985,7534.287191660724,7653.983092075496,7619.213009715278,7395.61328125,8490.9052734375,7883.019773875958,8044.491369921929,7481.1065,6462.525250000001,7481.1065,7592.72536372329
1067,4,2,7275.7985,7509.624156791652,7824.542704059208,7917.639188493055,7382.6171875,8530.744140625,8002.171055992187,8257.717549921872,7636.2395,6515.662766666666,7636.2395,7698.908488347062
1067,5,2,7248.303,7561.294064685435,7819.995230270517,7956.592799798611,7382.6171875,8531.35546875,8033.389419838931,8232.569743703174,7636.2395,6515.662766666666,7636.2395,7715.604227052931
1068,3,2,7275.7985,7852.822313139565,8056.786596153969,7929.6489010787045,7430.265625,8660.6171875,7948.479778946248,8421.842666546687,7566.328,6568.178100000001,7566.328,7928.560369491273
1068,4,2,7248.303,7918.2774481525275,8068.831476804862,7975.419039425926,7430.265625,8661.2294921875,7933.854746796667,8417.459285167548,7566.328,6568.178100000001,7566.328,7958.730955838697
1068,5,2,7398.017,7901.561041891976,8081.216634967561,7988.956416780093,7430.265625,8661.841796875,7958.1755730359755,8392.106874383877,7566.328,6568.178100000001,7566.328,7959.808674887279
1069,3,2,7248.303,7528.791373974962,7835.737817993584,7695.144272444444,7430.5205078125,8775.8095703125,7741.46370089978,8094.779055610974,7566.328,6612.7890333333335,7344.196,7671.615913707264
1069,4,2,7398.017,7573.931835420497,7846.1473349465605,7685.40959775,7430.5205078125,8776.421875,7788.060870914652,8087.0725875512535,7566.328,6612.7890333333335,7344.196,7692.117367899937
1069,5,2,7597.1025,7564.500700053649,7843.371099345866,7682.253682319444,7430.5205078125,8777.0341796875,7766.87154182013,8088.034123663504,7566.328,6612.7890333333335,7344.196,7687.351278268148
1070,3,2,7398.017,7612.338896373959,7641.384799796628,7559.3384422083345,7389.09716796875,8530.1533203125,7809.569704741954,8357.798476716423,7566.328,6655.378633333333,7373.952000000001,7599.22629369759
1070,4,2,7597.1025,7721.122293229975,7643.173808124604,7540.000284041667,7389.09716796875,8530.765625,7860.248373616691,8353.289478032464,7566.328,6655.378633333333,7373.952000000001,7636.811370977556
1071,3,2,7597.1025,7340.490529472134,7493.065177140807,7617.411504645833,7406.57763671875,8176.1083984375,7508.7507995960195,8077.611442650212,7275.7985,6693.77445,7275.7985,7420.977651190782
1073,5,2,7991.9905,7624.088820740873,7552.565295823743,7834.04622403125,7222.00830078125,7492.78466796875,7826.23095257691,8005.91661634164,7398.017,6781.335616666666,7398.017,7569.522842727172
1074,4,2,7991.9905,7939.24428231319,7729.066608370618,7856.107174840277,7201.537109375,7646.173828125,8226.439560698074,8600.998979642445,7597.1025,6836.504766666666,7597.1025,7790.89331353664
1074,5,2,7893.8575,7879.001060184809,7727.563386700479,7888.1384109375,7201.537109375,7646.7861328125,8161.526818331468,8618.830599059265,7597.1025,6836.504766666666,7597.1025,7770.530953389685
1075,3,2,7991.9905,7839.139402276581,7689.118468865311,7812.196371826389,7145.62353515625,7697.71533203125,8180.976133591526,8456.264809091852,7597.1025,6895.4811666666665,7629.227,7738.112241099983
1075,4,2,7893.8575,7884.715337996724,7672.68102560797,7832.108455194444,7145.62353515625,7698.3271484375,8216.74328235501,8457.8257011289,7597.1025,6895.4811666666665,7629.227,7745.975420084809
1075,5,2,8028.9225,7940.854885389767,7665.825865086505,7840.014837958333,7145.62353515625,7698.939453125,8195.076929453635,8450.968814500571,7597.1025,6895.4811666666665,7629.227,7761.978602143956
1076,3,2,7893.8575,7628.286826087948,7581.123747439913,7670.671958256943,7079.7001953125,7474.1689453125,8093.297687365548,8434.74780632957,7597.1025,6952.051316666667,7576.597499999999,7599.806219486076
1076,4,2,8028.9225,7658.894272889606,7573.04356295109,7698.178356180554,7079.7001953125,7474.78125,8109.416856202258,8439.9508730377,7597.1025,6952.051316666667,7576.597499999999,7607.079697069036
1076,5,2,8112.166,7661.60892519168,7567.390203881646,7732.1633733819435,7079.7001953125,7475.3935546875,8165.762493223749,8456.472092583283,7597.1025,6952.051316666667,7576.597499999999,7606.248365512769
1077,3,2,8028.9225,7563.438176918139,7881.045174626752,7952.034795770833,7084.24267578125,7594.11376953125,8339.211898909436,8397.536126011291,7597.1025,7021.9369,7927.916499999999,7779.639738578696
1077,4,2,8112.166,7587.621234374195,7876.896164276818,7954.318768986111,7084.24267578125,7594.72607421875,8359.330879999245,8399.015459924505,7597.1025,7021.9369,7927.916499999999,7785.8817810915225
1078,3,2,8112.166,7574.9289323239755,7858.64625094322,7983.260235277778,7153.74609375,7528.00439453125,8274.333267669439,8459.50735950456,7991.9905,7099.163816666667,7991.9905,7780.18442546595
1080,5,2,7284.6935,7718.688132077253,7888.184849139814,7959.127996909722,7113.27734375,7347.818359375,8298.574074624938,8439.132673818729,8028.9225,7240.433733333334,8028.9225,7847.917532296874
1081,4,2,7284.6935,7738.595485179792,7894.6119283678245,7969.081058701389,7214.65869140625,7420.29638671875,8473.006610609675,8420.315022624896,8112.166,7316.639183333334,8112.166,7867.544232665857
1081,5,2,7495.631,7864.793996828729,7887.211057007771,7993.282595104167,7214.65869140625,7420.90869140625,8435.672766326274,8436.735306960349,8112.166,7316.639183333334,8112.166,7907.845503539331
1082,3,2,7284.6935,7641.957252816813,7920.0934078659075,8054.357701752316,7278.5068359375,7480.7021484375,8315.274933173412,8383.945591527081,8112.166,7389.490266666667,8136.456000000001,7853.009816702244
1082,4,2,7495.631,7623.9699274449895,7915.648113324902,8038.59354358102,7278.5068359375,7481.314453125,8343.691774635743,8378.934278375847,8112.166,7389.490266666667,8136.456000000001,7844.029165500801
1082,5,2,8004.924,7756.6969142901635,7906.1057695794325,8054.720073761575,7278.5068359375,7481.92626953125,8297.342481795511,8395.409628234802,8112.166,7389.490266666667,8136.456000000001,7885.199755669841
1083,3,2,7495.631,7363.8035753829145,7757.861948719876,7861.385192296298,7292.79638671875,7366.935546875,8099.064110597399,8132.439949347286,8112.166,7449.01815,7976.836000000001,7650.27110454804
1083,4,2,8004.924,7642.733669067764,7738.870236409029,7840.882476115742,7292.79638671875,7367.5478515625,8146.088260556371,8144.951275582279,8112.166,7449.01815,7976.836000000001,7735.51357676668
1084,3,2,8004.924,7071.41866189926,7470.824814128507,7667.737221083335,7331.57666015625,7638.4697265625,7846.862103491055,8230.529795000817,8112.166,7494.710616666667,7708.952000000001,7366.639887782039
1089,5,2,6526.807,6629.989912734184,7141.262368966568,7430.941550895834,7228.59521484375,7370.4697265625,7323.777139374164,7689.877048377734,8004.924,7637.413016666667,7529.52,7018.3445945979865
1090,4,3,6526.807,6298.183422569797,6652.299890635673,6695.918028494214,7034.0654296875,6834.9892578125,6982.364683675696,7264.174261106083,8004.924,7631.915866666666,7047.933000000001,7123.034757535687
1090,5,3,6318.555,6325.526036762742,6659.8953910840855,6687.934344070934,7034.0654296875,6835.66064453125,7047.911406212535,7276.800713824153,8004.924,7631.915866666666,7047.933000000001,7128.8929850516415
1091,3,3,6526.807,5917.550250252334,6119.490737846183,6210.308241438492,6801.61279296875,6526.9912109375,6732.3503611768465,7041.411291401551,8004.924,7606.098566666667,6545.049,6693.0484282912
1091,4,3,6318.555,5873.801789197514,6114.069547094198,6185.4083038035715,6801.61279296875,6527.66259765625,6688.80717331366,7033.453392018286,8004.924,7606.098566666667,6545.049,6689.125521254785
1092,3,3,6318.555,5562.519866785033,5738.271987294617,5833.067723267857,6622.55419921875,6203.072265625,6474.8400599462875,7004.59007264668,8004.924,7561.033966666667,6101.934,6314.5268676658825
1094,5,3,5175.619,5828.32132069782,6287.778231983669,6251.324858252976,6468.71484375,5929.90087890625,6270.152812703072,5592.359612562763,6526.807,7471.6416,6526.807,6471.593273164746
1095,4,3,5175.619,5583.268939834285,5953.173198422079,6067.331625193784,6394.78564453125,5833.90625,5919.68416925689,5777.898055106697,6318.555,7430.282099999999,6318.555,6263.2135503200225
1095,5,3,5066.992,5603.310609055871,5959.527122143309,6053.493485229497,6394.78564453125,5834.57763671875,5906.5995276587155,5777.898055106697,6318.555,7430.282099999999,6318.555,6262.177609110537
1096,3,3,5175.619,5338.786351286297,5723.384540535702,5700.422428100199,6276.22705078125,6258.6591796875,5346.2061564049745,5707.590905013637,6318.555,7380.271883333334,5980.8,5950.976561839501
1096,4,3,5066.992,5329.296530433073,5726.911399938613,5709.592520296627,6276.22705078125,6259.33056640625,5311.769920132308,5699.727610142037,6318.555,7380.271883333334,5980.8,5947.890751075816
1096,5,3,5268.1125,5395.169159555107,5733.2731608840495,5705.304024741072,6276.22705078125,6260.001953125,5338.293024707867,5699.727610142037,6318.555,7380.271883333334,5980.8,5950.254603310854
1097,3,3,5066.992,5030.888556062279,5182.645694486926,5093.869746624007,6081.24072265625,6037.9482421875,5216.219807763731,5056.798810378926,6318.555,7296.098816666667,5111.0475,5230.352793556964
1097,4,3,5268.1125,5075.645483928535,5198.834888288513,5119.816843685516,6081.24072265625,6038.61962890625,5220.5259057002195,5048.970753217812,6318.555,7296.098816666667,5111.0475,5230.614419907585
1097,5,3,5424.783,5172.546445573483,5222.457871734644,5142.199911095237,6081.24072265625,6039.291015625,5217.625356577363,5048.970753217812,6318.555,7296.098816666667,5111.0475,5230.597781792682
1098,3,3,5268.1125,5128.924126166243,5288.832351117014,5187.231195795634,6041.716796875,6100.57421875,5316.379906168573,5059.741868009626,6318.555,7215.791383333333,5157.105,5276.29678310888
1098,4,3,5424.783,5169.072346155786,5307.840294649156,5216.656062127976,6041.716796875,6101.2451171875,5303.59775070721,5051.917690747344,6318.555,7215.791383333333,5157.105,5275.125528687144
1099,3,3,5424.783,5310.31308078228,5414.98751896627,5276.562605177579,5917.20654296875,6002.66796875,5307.161737023348,5142.640297501643,5175.619,7143.505483333332,5175.619,5196.7641869186855
1101,5,3,4593.996,5580.82766715636,5501.459011709673,5315.740043244048,6142.9873046875,5882.25634765625,5917.891358252565,5305.860550305963,5268.1125,6999.683950000001,5268.1125,5331.887497425326
1102,4,3,4593.996,5854.1080609445735,5623.361974173515,5387.381515635913,6198.162109375,5818.76123046875,6197.971240617924,5361.385318350957,5424.783,6938.89995,5424.783,5493.57421437267
1102,5,3,4043.6205,5928.23155635055,5637.364538250565,5400.888470906746,6198.162109375,5819.4326171875,6178.307461146082,5361.385318350957,5424.783,6938.89995,5424.783,5492.111138726303
1103,3,3,4593.996,5375.597592330518,4967.214977382191,4637.20867350992,5958.8349609375,5470.2392578125,6081.864714458397,5675.118726314516,5424.783,6835.07145,4283.161999999999,4581.955289341898
1103,4,3,4043.6205,5452.275022377344,5026.734572451636,4681.041835336308,5958.8349609375,5470.9111328125,6090.755375870531,5697.341295771431,5424.783,6835.07145,4283.161999999999,4583.458439076902
1103,5,3,3865.098,5534.724167945595,5053.284485269427,4731.5122868710305,5958.8349609375,5471.58203125,6109.19270521887,5697.341295771431,5424.783,6835.07145,4283.161999999999,4585.18606686859
1104,3,3,4043.6205,5698.481411717668,5283.019338467674,4903.748602446428,5985.9296875,5750.89697265625,6146.542555478568,5693.604170809987,5424.783,6735.0978000000005,4597.892999999999,4841.5792825273475
1104,4,3,3865.098,5751.095333759266,5313.696381357555,4936.515492050595,5985.9296875,5751.568359375,6159.125612920537,5730.144111594606,5424.783,6735.0978000000005,4597.892999999999,4843.7119092183775
1104,5,3,4147.4715,5740.813151836251,5341.040546946179,4976.748853495039,5985.9296875,5752.23974609375,6182.92775492509,5730.144111594606,5424.783,6735.0978000000005,4597.892999999999,4845.679378983201
1105,3,3,3865.098,5528.880734118051,5381.0436914072425,5118.595832894841,6010.3583984375,6100.708984375,6163.5249685991275,5674.241145122908,5424.783,6644.223866666667,4903.009,5088.421655262957
1105,4,3,4147.4715,5584.485879925533,5409.091886244544,5122.553795457341,6010.3583984375,6101.38037109375,6256.7828509983,5712.038714415254,5424.783,6644.223866666667,4903.009,5097.310611199684
1105,5,3,4698.738,5617.817404651962,5436.7801899627975,5167.265511811508,6010.3583984375,6102.0517578125,6154.533551213412,5712.038714415254,5424.783,6644.223866666667,4903.009,5088.880828115287
1106,3,3,4147.4715,5100.19653462,5241.16198358211,4903.4686517361115,5692.6064453125,5625.9423828125,5952.818130916751,5156.329257973548,4593.996,6544.8038166666665,4593.996,4736.436422077595
1106,4,3,4698.738,5184.767138589385,5279.3391057358795,4930.9247228263885,5692.6064453125,5626.61376953125,6011.166293574067,5198.663580306073,4593.996,6544.8038166666665,4593.996,4742.602599911484
1107,3,3,4698.738,5166.005910427909,4945.027514721793,4667.873742180555,5475.89990234375,5280.197265625,5766.816872598082,5282.08774929596,4043.6205,6415.327283333333,4043.6205,4238.177510837407
1108,5,3,4137.391,5224.338163019552,4784.001170209619,4786.991896291667,5368.8720703125,5236.1796875,5870.221740451882,5447.799857938271,3865.098,6277.7642000000005,3865.098,4094.4389827124555
1109,4,3,4137.391,4955.955803977572,4946.834495024305,4974.391394354166,5393.6064453125,5638.9833984375,5819.155760786771,5396.958482025435,4147.4715,6152.884666666667,4147.4715,4340.645223027524
1109,5,3,3687.809,5029.446691008698,4968.169782729663,5057.112196666666,5393.6064453125,5639.654296875,5772.126835600645,5418.321409618733,4147.4715,6152.884666666667,4147.4715,4337.463058873453
1110,3,3,4137.391,5107.8353504435045,5210.345045713344,5222.233514284722,5658.251953125,5997.26318359375,6125.014024009111,5484.142211254976,4698.738,6041.878516666667,4698.738,4855.899704116253
1110,4,3,3687.809,5228.283652025631,5277.95730106682,5252.976279291666,5658.251953125,5997.9345703125,6164.654482236734,5525.511958278544,4698.738,6041.878516666667,4698.738,4860.563058966095
1110,5,3,3715.267,5317.833540054309,5279.107644969598,5286.421059534722,5658.251953125,5998.60546875,6154.9977958324735,5528.918097797236,4698.738,6041.878516666667,4698.738,4860.056920444263
1111,3,3,3687.809,5065.531670796417,5019.341311051091,5015.866861395833,5706.802734375,6162.40234375,6281.402217463753,5408.606495470042,4698.738,5918.8341666666665,4420.8355,4648.790174003275
1111,4,3,3715.267,5160.590742224384,5106.110822740035,5054.475589159722,5706.802734375,6163.07373046875,6306.918622819052,5449.963090585014,4698.738,5918.8341666666665,4420.8355,4652.220648250944
1111,5,3,3823.098,5250.985873387514,5123.2927390073955,5109.405914715278,5706.802734375,6163.7451171875,6316.936507817948,5471.407181942442,4698.738,5918.8341666666665,4420.8355,4653.827803910947
1112,3,3,3715.267,4866.003682744264,5050.935505272074,4942.6301763125,5728.31640625,6235.37109375,6315.639473679567,5559.798615244039,4698.738,5788.776783333333,4234.7345000000005,4508.652001851753
1112,4,3,3823.098,5030.111004736387,5146.954458366523,4985.381735715278,5728.31640625,6236.04248046875,6300.184927044259,5601.060460611355,4698.738,5788.776783333333,4234.7345000000005,4508.822913680039
1112,5,3,3985.13,5116.749790655328,5184.152892633884,5053.710846729167,5728.31640625,6236.7138671875,6319.619580973329,5647.16155025111,4698.738,5788.776783333333,4234.7345000000005,4511.852778939224
1113,3,3,3823.098,5127.418078957017,4913.5384127323905,4913.177133409722,5644.904296875,6160.43212890625,6266.903717390563,5779.660665971411,4137.391,5660.795283333334,4137.391,4386.3088407535615
1113,4,3,3985.13,5294.483191720442,5048.954169772772,5000.760110784721,5644.904296875,6161.103515625,6269.811284474344,5818.059643726488,4137.391,5660.795283333334,4137.391,4387.93997151701
1114,3,3,3985.13,4568.3577094892535,4514.770862789683,4490.954160215278,5420.4248046875,5888.00146484375,6180.707687710682,5713.476397922887,3687.809,5526.757183333333,3687.809,3979.1028386410326
1115,5,3,4279.353,4652.826026933453,4692.727148106061,4712.552038777777,5358.5478515625,5743.9970703125,6215.582659729885,5602.769729914348,3715.267,5407.7762999999995,3715.267,4001.449124714797
1116,4,3,4279.353,4826.3564737816905,4806.523565435681,4675.794222625,5461.44091796875,5880.72265625,6215.48858558991,5930.111782616112,3823.098,5285.358533333333,3823.098,4106.57786527666
1116,5,3,4407.285,4912.050576183835,4851.955453486607,4729.038681652778,5461.44091796875,5881.3935546875,6193.606175674015,5930.111782616112,3823.098,5285.358533333333,3823.098,4104.955874913519
1117,3,3,4279.353,4942.875684024033,4871.855776987599,4623.477419513889,5511.11181640625,6083.177734375,6216.976368166072,6133.761120646157,3985.13,5151.3654,3985.13,4256.760131913748
1117,4,3,4407.285,5070.63217696637,4951.755352803571,4697.439275979167,5511.11181640625,6083.8486328125,6228.442245437359,6221.55652100388,3985.13,5151.3654,3985.13,4260.312451828798
1117,5,3,4239.81,5140.774342934366,5000.346569461806,4757.814384201389,5511.11181640625,6084.52001953125,6235.057091889795,6261.065902886318,3985.13,5151.3654,3985.13,4262.065211240893
1118,3,3,4407.285,5076.528414186503,5011.74468993998,4827.035846854167,5569.30517578125,6057.8193359375,6224.10602347451,6218.351941993029,3985.13,5022.622,4179.72,4413.728943924263
1118,4,3,4239.81,5206.298884721262,5114.517474511906,4903.091735500001,5569.30517578125,6058.490234375,6232.195226316692,6308.50015700778,3985.13,5022.622,4179.72,4417.066373662357
1118,5,3,4686.115,5303.362512542946,5152.527938262898,4949.600049381946,5569.30517578125,6059.16162109375,6230.571393174271,6332.187765922589,3985.13,5022.622,4179.72,4417.778038200892
1119,3,3,4239.81,5179.213984420756,4928.5876156659215,4832.915387548612,5580.798828125,6168.06591796875,6130.670795934282,6219.375723022515,3985.13,4907.708666666666,4082.12,4330.304723948188
1119,4,3,4686.115,5319.521403697939,5021.637038807539,4902.236745916667,5580.798828125,6168.7373046875,6158.722583797716,6276.985378263108,3985.13,4907.708666666666,4082.12,4334.473737228729
1119,5,3,4711.4565,5423.790807130543,5057.100408661707,4969.859730208333,5580.798828125,6169.40869140625,6156.541014125496,6276.985378263108,3985.13,4907.708666666666,4082.12,4334.533392047491
1120,3,3,4686.115,4938.116753711131,5207.987717268452,4958.958926909722,5654.62451171875,6179.2314453125,6093.122314206325,6232.939344324846,4279.353,4815.422666666666,4279.353,4507.8124316665
1120,4,3,4711.4565,5013.77220440499,5282.8753688572415,5023.468513361111,5654.62451171875,6179.90283203125,6122.902727330268,6323.061360082902,4279.353,4815.422666666666,4279.353,4512.834409464339
1121,3,3,4711.4565,5102.721513781282,5323.994074569299,5084.064950916667,5670.4921875,6144.65966796875,6107.125632961389,6258.556719540212,4407.285,4744.163866666667,4407.285,4621.541987924568
1122,5,3,5167.424,5086.783177806286,5147.457966844599,5096.2317521458335,5663.494140625,6214.951171875,6130.726697206829,6364.330228183775,4239.81,4682.093066666666,4239.81,4480.57711206769
1123,4,3,5167.424,5344.760008506713,5487.833511992514,5266.365127777777,5806.9775390625,6393.0966796875,6253.321655165556,6836.05583752673,4686.115,4634.715899999999,4686.115,4896.6901342007595
1123,5,3,5085.618,5444.6194153482165,5525.063644442911,5328.428106847223,5806.9775390625,6393.767578125,6202.7007249789285,6875.636417724732,4686.115,4634.715899999999,4686.115,4893.745818581458
1124,3,3,5167.424,5171.435340924117,5387.615774656249,5155.3098012430555,5893.44140625,6267.82958984375,6298.812962100791,6721.800371845145,4711.4565,4574.204216666666,4711.4565,4917.64345951911
1124,4,3,5085.618,5264.131694152833,5451.557213606151,5188.718284375001,5893.44140625,6268.5009765625,6288.577648908876,6800.937839759726,4711.4565,4574.204216666666,4711.4565,4919.083625835109
1124,5,3,5183.9745,5394.544024083024,5480.3850052976195,5240.241425666667,5893.44140625,6269.17236328125,6279.1676956847405,6824.53242160885,4711.4565,4574.204216666666,4711.4565,4919.218985602482
1125,3,3,5085.618,5398.484674798538,5607.657219985714,5287.8446608125,6014.34765625,6379.79443359375,6290.833654216166,6696.489488427254,4711.4565,4530.293383333334,5001.23,5147.8852479443085
1125,4,3,5183.9745,5466.522285176645,5657.083916700495,5323.823419347222,6014.34765625,6380.4658203125,6316.226052633121,6775.744450773028,4711.4565,4530.293383333334,5001.23,5152.239718316936
1125,5,3,5705.37,5601.624877765293,5660.572235273743,5385.2048117986105,6014.34765625,6381.13720703125,6286.39032800603,6815.1558020414595,4711.4565,4530.293383333334,5001.23,5151.100060510884
1126,3,3,5183.9745,5175.343782307436,5619.334321258134,5320.878740354166,6052.240234375,6161.443359375,6245.796298531643,6595.641475131298,4711.4565,4497.496266666667,4996.8865,5134.709308597125
1126,4,3,5705.37,5241.058270947458,5661.8511244491065,5375.905242506944,6052.240234375,6162.115234375,6214.030707070173,6673.778321515327,4711.4565,4497.496266666667,4996.8865,5134.270522186983
1126,5,3,6147.2715,5371.928439534601,5666.940088084854,5431.507941208333,6052.240234375,6162.7861328125,6256.472077370568,6712.636912783927,4711.4565,4497.496266666667,4996.8865,5139.124405217902
1127,3,3,5705.37,5297.811051720092,5649.825349439682,5522.281476041667,6177.99609375,6390.63916015625,6155.9344912056185,6285.8015091572925,5167.424,4499.375483333333,5167.424,5295.276273466675
1127,4,3,6147.2715,5363.525540360113,5696.044157366766,5575.925489895833,6177.99609375,6391.310546875,6141.632058889612,6364.240376906117,5167.424,4499.375483333333,5167.424,5296.299317456134
1128,3,3,6147.2715,5442.779740685675,5594.13287014256,5547.48180562037,6127.712890625,6316.8466796875,6098.901766180715,6640.071503725855,5085.618,4496.992583333334,5085.618,5227.586967561839
1129,5,3,5746.796,5660.494301639693,5876.596025023512,5812.96768963426,6096.31298828125,6198.484375,6188.29434780355,6842.880561975344,5183.9745,4497.2711,5183.9745,5325.385414264954
1130,4,3,5746.796,5859.713680866338,6262.891667653472,6070.399473622024,6361.7392578125,6351.50390625,6230.448853662614,6815.1465422429665,5705.37,4518.550366666666,5705.37,5786.959694123747
1130,5,3,5037.188,6018.15207210517,6299.959651502843,6132.247328080357,6361.7392578125,6352.17529296875,6246.701822769561,6854.080518549972,5705.37,4518.550366666666,5705.37,5789.696708308465
1131,3,3,5746.796,6266.446804975854,6550.546977652612,6424.607320662698,6537.79931640625,6498.1572265625,6256.2928354938285,6820.882643085556,6147.2715,4547.855666666666,6147.2715,6178.856323191795
1131,4,3,5037.188,6267.700281835458,6552.224036421461,6425.004603433532,6537.79931640625,6498.82861328125,6222.785454402999,6905.771812806014,6147.2715,4547.855666666666,6147.2715,6178.305954871326
1131,5,3,5157.78,6290.0288050755,6572.431635423611,6471.82384027381,6537.79931640625,6499.5,6245.328632187003,6928.640363024644,6147.2715,4547.855666666666,6147.2715,6180.841490163357
1132,3,3,5037.188,6923.1782488993895,6837.1648515448205,6809.230156575728,6739.2841796875,6568.8876953125,6226.100496309599,6830.514023338185,6147.2715,4586.57645,6586.4065,6526.937072915614
1132,4,3,5157.78,6840.53859585526,6851.692939824086,6787.875043374339,6739.2841796875,6569.55908203125,6211.282831499462,6899.188197255068,6147.2715,4586.57645,6586.4065,6527.330090168853
1133,3,3,5157.78,7073.020933889263,7097.147911845486,6919.123000978506,6872.33837890625,6687.41455078125,6236.006465028449,6751.1743266351905,6147.2715,4672.752466666667,6868.4425,6751.032225388309
1136,5,3,5184.9765,5550.350763453061,5671.892275154448,5671.482727902778,6159.732421875,5930.78759765625,6107.624481624339,6702.506070817462,5157.78,4734.314666666667,5157.78,5288.330258633176
1137,4,3,5184.9765,5287.21197581111,5713.286619693237,5695.155854652778,6115.43115234375,5956.05029296875,6102.966738677381,6393.023775184045,5157.78,4775.5453166666675,5280.54,5376.833530289058
1137,5,3,5160.571,5526.85396084093,5715.373768397437,5778.816228076389,6115.43115234375,5956.7216796875,6129.687478346635,6431.993963980188,5157.78,4775.5453166666675,5280.54,5380.624104775546
1138,3,3,5184.9765,5165.1054296144985,5446.489589851637,5379.532672162038,5976.724609375,5982.48681640625,6051.919729442961,6308.784964467881,5157.78,4811.36005,4939.54,5100.246630009081
1138,4,3,5160.571,5198.225987862513,5486.167248480109,5407.7286428148145,5976.724609375,5983.158203125,6049.541262269739,6382.833726647115,5157.78,4811.36005,4939.54,5102.074508955997
1138,5,3,5382.938,5425.7654107258695,5495.845988812979,5487.682414877315,5976.724609375,5983.82958984375,6051.560237188855,6421.940517604196,5157.78,4811.36005,4939.54,5103.785109170733
1139,3,3,5160.571,4997.679370140876,5302.350186014253,5251.613101016204,5928.41455078125,6265.724609375,6046.959098705967,6301.658760575284,5157.78,4830.797666666666,4730.6,4937.400116189754
1139,4,3,5382.938,5045.21549783562,5332.675545110979,5265.3807866273155,5928.41455078125,6266.39599609375,6042.104128111516,6363.483687996668,5157.78,4830.797666666666,4730.6,4938.733166184212
1139,5,3,5681.892,5259.035119314534,5337.801386752381,5310.531180314815,5928.41455078125,6267.0673828125,6062.54364078793,6363.483687996668,5157.78,4830.797666666666,4730.6,4940.920486440947
1140,3,3,5382.938,5258.285903087018,5578.182108160252,5522.784452037037,5992.71826171875,6395.25439453125,6070.386389278737,6330.0592226125855,5157.78,4840.291733333333,4983.56,5142.799724310967
1140,4,3,5681.892,5306.983222264632,5607.692052810549,5541.324148870371,5992.71826171875,6395.92578125,6046.747663961064,6392.343309129035,5157.78,4840.291733333333,4983.56,5142.583556027219
1141,3,3,5681.892,5422.878557921483,5723.19006800873,5647.264820409722,6063.7412109375,6426.36279296875,6136.907015436925,6351.949166203869,5184.9765,4865.7631,5184.9765,5311.5347473730835
1144,5,3,6232.302,5933.527518840107,6244.29742084924,6165.466847122685,6254.05322265625,6270.2275390625,6254.816937967285,6405.4207376456225,5681.892,5004.611983333333,5681.892,5756.793793536314
1145,4,3,6232.302,6109.5371536503435,6271.835323389881,6129.674553455026,6326.96728515625,6180.25,6248.6384186259,6513.363330450034,5681.892,5075.419150000001,5839.482,5883.203684783821
1145,5,3,6454.2775,6180.146247369015,6304.05840665162,6182.80174803836,6326.96728515625,6180.92138671875,6224.853899786745,6513.363330450034,5681.892,5075.419150000001,5839.482,5881.38969527181
1146,3,3,6232.302,5949.648602319696,6110.486763913194,6033.3507421458335,6355.626953125,6047.45263671875,6239.385253314564,6374.079164519731,5681.892,5139.72735,5752.344,5807.648491116627
1146,4,3,6454.2775,6024.128711485317,6159.812220907738,6088.773414125,6355.626953125,6048.1240234375,6231.264244224689,6409.385878211152,5681.892,5139.72735,5752.344,5808.073786027428
1146,5,3,6014.736,6111.343430296459,6177.906383239914,6137.298908180555,6355.626953125,6048.794921875,6245.191289870838,6409.385878211152,5681.892,5139.72735,5752.344,5809.436534737293
1147,3,3,6454.2775,6068.7393041139285,6250.340819462996,6134.018745236111,6414.6123046875,6184.53125,6282.424303281793,6391.432276595168,5681.892,5202.424883333334,5866.056,5903.837772252986
1147,4,3,6014.736,6111.769814901111,6305.427174467955,6187.209997763888,6414.6123046875,6185.20263671875,6258.046670494589,6426.746870830496,5681.892,5202.424883333334,5866.056,5902.8396731682615
1147,5,3,5230.305,6272.4988512280215,6339.606215129993,6226.148252186507,6414.6123046875,6185.8740234375,6277.22914439191,6426.746870830496,5681.892,5202.424883333334,5866.056,5904.803930833881
1148,3,3,6014.736,6243.70278003846,6301.116152784921,6269.378975966601,6460.94775390625,6217.052734375,6228.087877683786,6689.642566002119,5681.892,5262.859083333333,5992.746,6008.33850565507
1148,4,3,5230.305,6286.245450393331,6356.460715839484,6282.158672112434,6460.94775390625,6217.72412109375,6233.566570646895,6730.096155950549,5681.892,5262.859083333333,5992.746,6009.959898407599
1148,5,3,4712.745,6378.145738448484,6383.564149697453,6288.486134202712,6460.94775390625,6218.3955078125,6234.853391804786,6730.096155950549,5681.892,5262.859083333333,5992.746,6010.280730595027
1149,3,3,5230.305,6115.7293705144675,6357.127329730357,6312.808015646495,6593.19677734375,6532.169921875,6192.7013804726475,6245.008384189628,6232.302,5334.5318166666675,6232.302,6232.979276766993
1149,4,3,4712.745,6138.617491031313,6343.3321837730155,6346.190515188161,6593.19677734375,6532.8408203125,6234.663908953561,6278.637338037016,6232.302,5334.5318166666675,6232.302,6237.415219511142
1149,5,3,4676.243,6285.766638540195,6359.033998235648,6359.388618056217,6593.19677734375,6533.51220703125,6220.120822003492,6278.637338037016,6232.302,5334.5318166666675,6232.302,6236.541339067944
1150,3,3,4712.745,6272.36019438474,6289.202750549334,6396.928254891204,6700.71875,6650.5,6180.400956569228,6023.767696495857,6454.2775,5407.0293,6454.2775,6422.324391255163
1150,4,3,4676.243,6205.7397465983695,6260.771670350921,6416.783329425926,6700.71875,6651.17138671875,6168.2859034514995,6057.220363405507,6454.2775,5407.0293,6454.2775,6422.053808486502
1151,3,3,4676.243,5844.072963235211,5910.590442781278,5989.493732166667,6601.150390625,6431.65380859375,6085.835239370018,5873.1910953069155,6014.736,5460.611000000001,6014.736,6021.983587807567
1151,5,3,4659.7395,5958.79525329302,5878.0986322262515,5988.967078313492,6601.150390625,6432.99658203125,6105.745481887893,5906.713215222855,6014.736,5460.611000000001,6014.736,6024.794300068265
1152,4,3,4659.7395,5206.660738546358,5333.399970569445,5418.193429597222,6213.78662109375,6055.1533203125,6078.282747675259,5449.674568253529,5230.305,5493.6275000000005,5230.305,5317.338349509815
1152,5,3,4789.18,5295.62907127473,5366.7669406046625,5466.8605463412705,6213.78662109375,6055.82470703125,6114.215554488959,5449.674568253529,5230.305,5493.6275000000005,5230.305,5320.5371245918695
1153,3,3,4659.7395,4632.507578511686,5125.083528260417,5061.050192097222,5989.1455078125,5910.056640625,6038.523280756934,5871.933624203756,4712.745,5494.515166666667,4712.745,4868.941112687256
1153,4,3,4789.18,4667.489966719712,5139.423672420139,5093.814769993055,5989.1455078125,5910.728515625,6023.926917816273,5976.879822582157,4712.745,5494.515166666667,4712.745,4870.566795589923
1153,5,3,4809.5775,4811.414754869079,5176.478258570436,5160.547872791667,5989.1455078125,5911.3994140625,6074.760899654497,6000.434879392274,4712.745,5494.515166666667,4712.745,4875.746909988373
1154,3,3,4789.18,4580.760040945373,5143.192630342262,5002.336825597223,5999.373046875,5980.94287109375,6094.38238291006,5701.4137883954545,4676.243,5493.341383333333,4676.243,4837.974563550546
1154,4,3,4809.5775,4596.696379923195,5154.661638303572,5041.654547722223,5999.373046875,5981.6142578125,6120.236939580438,5722.471433550651,4676.243,5493.341383333333,4676.243,4840.724009771246
1154,5,3,4913.55,4756.2799084042035,5186.398277301092,5088.6491144375,5999.373046875,5982.28564453125,6127.9184382264575,5722.471433550651,4676.243,5493.341383333333,4676.243,4841.728188840112
1155,3,3,4809.5775,4558.489959619025,5111.823235657738,5122.0807974027775,5976.37255859375,6057.8447265625,6150.822690784922,5183.09427577526,4676.243,5484.482883333333,4735.475,4876.955323881686
1155,4,3,4913.55,4629.762932132016,5116.46216537004,5148.910958743056,5976.37255859375,6058.51611328125,6169.050465684676,5204.1296521066515,4676.243,5484.482883333333,4735.475,4879.192627309043
1156,3,3,4913.55,4677.324767777616,5149.616157313691,5120.108722277777,5884.0537109375,6099.3798828125,6125.47172028462,5337.74185378862,4659.7395,5473.24465,4659.7395,4818.330060887359
1157,5,3,5315.425,5287.239602238155,5366.511383717957,5299.603429173611,5964.45703125,6242.25390625,6226.065408782278,5456.160371465305,4789.18,5460.636516666667,4789.18,4946.325977973141
1158,4,3,5315.425,4857.2516345539325,5271.302922336147,5168.196261354167,6023.33837890625,6325.33203125,6245.186548877708,5313.18922365722,4809.5775,5451.435166666666,4809.5775,4962.140736276984
1158,5,3,5327.793,4968.286783629897,5293.014944870076,5181.555700798612,6023.33837890625,6326.0029296875,6257.673592661208,5313.18922365722,4809.5775,5451.435166666666,4809.5775,4963.436722530246
1159,3,3,5315.425,4998.489829148888,5361.481614391702,5278.8655658125,6022.2138671875,6207.091796875,6226.981479062261,5547.742869283221,4913.55,5442.421016666666,4913.55,5056.560630794321
1159,4,3,5327.793,5075.083247413227,5375.883867137734,5304.6303161597225,6022.2138671875,6207.76318359375,6227.880253444958,5568.760365934842,4913.55,5442.421016666666,4913.55,5057.366589905986
1159,5,3,5357.352,5214.747725556303,5406.089973319282,5324.6427485,6022.2138671875,6208.4345703125,6258.813519812171,5568.760365934842,4913.55,5442.421016666666,4913.55,5060.2621903156905
1160,3,3,5327.793,5324.814236122418,5507.012516819083,5440.470863048611,6052.72265625,6252.255859375,6186.410789921653,5689.215769455577,4913.55,5422.33035,5102.65,5208.047881458213
1160,4,3,5357.352,5426.381008421203,5524.053367812139,5456.343891576389,6052.72265625,6252.92724609375,6197.147014894548,5710.436780460782,4913.55,5422.33035,5102.65,5209.733904591507
1160,5,3,5534.808,5553.98459524672,5569.309398611742,5480.292246930555,6052.72265625,6253.5986328125,6205.573377467846,5710.436780460782,4913.55,5422.33035,5102.65,5210.728773825082
1161,3,3,5357.352,5289.5968456418195,5613.096074877975,5563.134925277777,6085.38623046875,6396.11865234375,6079.608075998204,5781.2568383498865,4913.55,5393.1623,5272.23,5337.734192770124
1161,4,3,5534.808,5366.918414852062,5642.558854704364,5592.749980916667,6085.38623046875,6396.7900390625,6098.063657091087,5802.304330622113,4913.55,5393.1623,5272.23,5340.004270414389
1161,5,3,5549.544,5465.651015225919,5699.465962284721,5632.437109791666,6085.38623046875,6397.46142578125,6111.3274016993455,5802.304330622113,4913.55,5393.1623,5272.23,5341.337489834494
1162,3,3,5534.808,5400.863737712474,5646.926131074405,5653.7709276203705,6070.2890625,6271.96728515625,6122.760854963493,5872.123516682588,5315.425,5350.79625,5315.425,5409.883773191409
1162,4,3,5549.544,5503.086627596409,5668.337603011905,5687.9925307384265,6070.2890625,6272.638671875,6169.041146064982,5893.267796405544,5315.425,5350.79625,5315.425,5414.5284983979045
1163,3,3,5549.544,5322.871218358463,5719.7565458695435,5646.224735243055,6119.59814453125,6104.056640625,6173.146702115096,5845.584517667246,5327.793,5299.441266666667,5327.793,5421.849267796353
1164,5,3,5800.6425,5617.009971401555,5827.240368322553,5751.426568513889,6236.9375,6128.96826171875,6192.068974620233,5697.5228126063,5357.352,5286.4598,5357.352,5446.390940237295
1165,4,3,5800.6425,5544.783758292578,5948.658397604662,5812.389746201388,6304.841796875,6368.23095703125,6357.937833368032,5823.638208525695,5534.808,5303.047133333333,5534.808,5621.782028797266
1165,5,3,5658.7245,5596.905662091777,6001.087408042989,5872.4023386875,6304.841796875,6368.90234375,6312.846376242193,5823.638208525695,5534.808,5303.047133333333,5534.808,5618.152879863974
1166,3,3,5800.6425,5498.123600329129,5784.152509993552,5765.808897178571,6364.548828125,6495.42578125,6356.280717253776,5687.205139416618,5549.544,5316.105933333334,5549.544,5632.511974749814
1166,4,3,5658.7245,5630.409880470601,5793.266628332639,5815.603968108135,6364.548828125,6496.0966796875,6394.791549518575,5708.4146332241535,5549.544,5316.105933333334,5549.544,5636.578601625313
1166,5,3,5642.3105,5710.32349005259,5847.291211079993,5861.031840573412,6364.548828125,6496.76806640625,6398.253465030747,5708.4146332241535,5549.544,5316.105933333334,5549.544,5637.053789587637
1167,3,3,5658.7245,5923.064807529202,5935.750525583665,5927.84969048016,6418.2763671875,6642.5810546875,6363.174842862642,5623.8233981076255,5549.544,5327.926866666666,5635.168000000001,5702.130369208369
1167,4,3,5642.3105,6010.678569189237,5951.015558874339,5981.325011417659,6418.2763671875,6643.25244140625,6351.002724007464,5676.160692608687,5549.544,5327.926866666666,5635.168000000001,5702.694619142164
1168,3,3,5642.3105,6034.047569684591,5979.995943855655,6013.410661047951,6435.90234375,6428.21923828125,6418.382495917437,5669.313675043822,5549.544,5354.4819333333335,5736.192000000001,5785.42785249023
1168,5,3,5486.4355,6246.370210908875,6013.131162817957,6093.173014589617,6435.90234375,6429.56201171875,6457.951218827137,5756.777521710624,5549.544,5354.4819333333335,5736.192000000001,5791.508544322936
1169,4,3,5486.4355,6233.830888420252,6032.010786765377,6133.660930777117,6489.17724609375,6488.0908203125,6492.433018832042,5757.536753820725,5800.6425,5390.150016666667,5800.6425,5867.015588347932
1170,3,3,5486.4355,5894.092533493322,5981.085347110616,5937.63304614418,6463.66796875,6299.9599609375,6473.172467310787,5521.958544647242,5658.7245,5412.6555,5658.7245,5731.809222479282
1174,5,3,5390.394,5557.231807211917,5579.1704489210315,5742.606630169643,6285.9775390625,6420.12060546875,6363.96012849173,5694.345556248224,5486.4355,5440.783550000001,5446.4725,5545.589043663885
1175,4,3,5390.394,5595.569782561892,5621.689499286112,5733.278161517857,6314.6806640625,6468.578125,6420.497665652746,5656.299755573887,5486.4355,5430.064866666667,5517.9215,5606.627490687261
1175,5,3,5285.844,5625.671807812097,5641.3623533912705,5773.993012899802,6314.6806640625,6469.24951171875,6428.302829333268,5681.915316497757,5486.4355,5430.064866666667,5517.9215,5608.025427908239
1176,3,3,5390.394,5526.686898880748,5589.87344302586,5662.01296749008,6243.1767578125,6238.78955078125,6393.310310331024,5603.384660640454,5486.4355,5421.221433333334,5487.041,5575.3637589715445
1176,4,3,5285.844,5604.465521978697,5592.926716032143,5702.7176851567465,6243.1767578125,6239.4609375,6380.761564175416,5624.743567117073,5486.4355,5421.221433333334,5487.041,5575.061736072791
1177,3,3,5285.844,5498.591711133221,5603.471082433201,5638.8871050347225,6199.556640625,6051.2734375,6433.172468194558,5626.1723485398325,5486.4355,5406.831649999999,5434.3625,5535.037806325001
1178,5,3,5660.275,5254.570577094858,5409.528874433862,5556.275071986111,6191.744140625,5990.82470703125,6421.740310787197,5582.534618313752,5486.4355,5383.657433333333,5297.519499999999,5423.180100161634
1179,4,3,5660.275,5175.369039946936,5467.706246680887,5600.807839868055,6125.955078125,5878.63623046875,6382.270786376512,5398.0623800424,5390.394,5355.593833333332,5390.394,5479.0464845287
1180,3,3,5660.275,4979.603912045792,5454.881558018849,5519.934610715278,6050.97314453125,5521.9130859375,6472.474456907027,5518.129176231393,5285.844,5316.646049999999,5285.844,5393.121808682966
1180,5,3,5822.649,5071.596748209305,5493.464913648479,5567.1558501875,6050.97314453125,5523.255859375,6472.518697863138,5539.604822735007,5285.844,5316.646049999999,5285.844,5393.911724931523
1181,4,3,5822.649,5182.667459462979,5588.908043213624,5666.654417131945,6037.220703125,5552.0654296875,6443.092310575444,5533.978036821708,5285.844,5295.85845,5391.108,5475.344537713954
1182,3,3,5822.649,5294.163165069091,5583.040171232143,5648.514112645833,6133.5771484375,5856.73193359375,6432.953585608736,5594.272931876312,5285.844,5303.01375,5444.964,5522.968473869974
1182,5,3,5501.5615,5399.794631482162,5632.069869958664,5683.675765006945,6133.5771484375,5858.07421875,6401.136757047071,5616.072539633638,5285.844,5303.01375,5444.964,5521.14468224176
1183,4,3,5501.5615,5778.8933986515385,5601.076776392841,5742.2153763617725,6253.20703125,6091.7431640625,6517.081900887231,5753.30261934129,5660.275,5334.598083333333,5660.275,5739.927827313057
1184,3,3,5501.5615,5568.556392488578,5583.695676410715,5728.97251736508,6276.5419921875,6141.8994140625,6528.922179107361,5741.058070684759,5660.275,5364.809283333334,5582.579000000001,5679.211710441131
1185,5,3,5592.7375,5902.064113704719,5841.909078243552,5977.771174119379,6427.22509765625,6569.48828125,6630.319937837161,5681.138871831033,5822.649,5401.048416666667,5822.649,5896.0709056979285
1186,4,3,5592.7375,5441.325150683937,5448.944712179068,5549.05413390377,6458.5654296875,6470.6162109375,6586.565167353891,5315.1327616878425,5822.649,5426.190766666667,5414.01,5556.716226432121
1186,5,3,6034.8935,5503.350430146901,5467.0242239920635,5566.644322263889,6458.5654296875,6471.28759765625,6567.648645139805,5315.1327616878425,5822.649,5426.190766666667,5414.01,5555.288381969526
1187,3,3,5592.7375,5470.5386328882605,5488.692839411309,5637.720751509921,6514.2509765625,6623.125,6515.652235224,5207.804883050779,5501.5615,5449.936816666666,5501.5615,5592.801827496743
1187,4,3,6034.8935,5489.903934760118,5477.599753977447,5653.110011711309,6514.2509765625,6623.79638671875,6497.767992113226,5212.608946889981,5501.5615,5449.936816666666,5501.5615,5591.490858207682
1187,5,3,6280.64,5538.099984143823,5499.561209138558,5661.58660657242,6514.2509765625,6624.4677734375,6487.202117738282,5212.608946889981,5501.5615,5449.936816666666,5501.5615,5590.727411248899
1188,3,3,6034.8935,5554.884329286886,5575.678431556151,5742.087796857143,6538.94287109375,6654.759765625,6464.252155776985,5173.012494313278,5501.5615,5477.5517,5638.024,5696.337660480814
1188,4,3,6280.64,5597.030522464455,5553.852689527382,5752.57792014881,6538.94287109375,6655.4306640625,6448.853459533829,5171.784490624423,5501.5615,5477.5517,5638.024,5695.126126369893
1188,5,3,6304.96,5628.551389950867,5565.128568674603,5759.023081225198,6538.94287109375,6656.10205078125,6432.0624543444155,5171.784490624423,5501.5615,5477.5517,5638.024,5693.807210398609
1189,3,3,6280.64,5345.123736213542,5435.511683183796,5619.091880448413,6563.9501953125,6794.39599609375,6462.93156624436,5198.756423766056,5501.5615,5499.6993833333345,5577.9805,5650.675339363359
1189,4,3,6304.96,5358.222503198859,5412.175594384193,5633.43023328869,6563.9501953125,6795.0673828125,6428.843530228468,5203.51825004984,5501.5615,5499.6993833333345,5577.9805,5648.000224491663
1189,5,3,6441.581,5401.308468212479,5415.0743120314155,5651.775379148809,6563.9501953125,6795.73876953125,6405.707904532795,5203.51825004984,5501.5615,5499.6993833333345,5577.9805,5646.178874940918
1190,3,3,6304.96,5567.745583503164,5576.738439223214,5716.74402201389,6519.88232421875,6869.85791015625,6568.474057131425,5592.668637054896,5592.7375,5516.035633333333,5592.7375,5690.52900239374
1190,4,3,6441.581,5599.319962681533,5570.054514904762,5747.918046604167,6519.88232421875,6870.529296875,6589.111897206277,5597.632110526414,5592.7375,5516.035633333333,5592.7375,5692.456636070796
1191,3,3,6441.581,5756.1850587685585,5861.296147637897,6087.428552858135,6775.44482421875,7223.857421875,6550.36779654709,5905.770923425081,6034.8935,5541.4577500000005,6034.8935,6089.266012854916
1192,5,3,6628.0485,6022.898807734007,6048.614675775,6363.9163361755955,6857.19140625,7465.6103515625,6576.1546448185145,5952.865828748456,6280.64,5573.631583333333,6280.64,6311.481078791464
1193,4,3,6628.0485,5990.847981698081,6102.6708062557045,6369.980431946759,6763.310546875,7304.7724609375,6599.703448499704,6252.247711209465,6304.96,5606.203816666667,6304.96,6340.421135131392
1193,5,3,6573.017,6065.018418878514,6103.570858067213,6391.502454876323,6763.310546875,7305.44384765625,6570.748303878236,6252.247711209465,6304.96,5606.203816666667,6304.96,6338.184603411386
1194,3,3,6628.0485,6153.872666241831,6175.213415108631,6377.6088776914685,6868.3720703125,7214.00244140625,6544.378755149025,5999.573209453969,6441.581,5642.344783333334,6441.581,6447.945954412365
1194,4,3,6573.017,6176.55031295422,6164.192472715939,6366.918004774801,6868.3720703125,7214.673828125,6553.728745685012,6004.43951201471,6441.581,5642.344783333334,6441.581,6448.911415976506
1194,5,3,6563.543,6220.768985395557,6153.4538623002645,6393.850124503969,6868.3720703125,7215.34521484375,6530.2755899745425,6004.43951201471,6441.581,5642.344783333334,6441.581,6447.0661564370575
1195,3,3,6573.017,6213.098970121703,6280.473225808532,6456.262755745702,6934.8046875,7329.79296875,6616.419047687875,6012.202551005966,6441.581,5675.7956,6538.3325,6532.576381892484
1195,4,3,6563.543,6280.463670721947,6269.649569909888,6447.148920155424,6934.8046875,7330.46435546875,6578.211447040372,6017.072390148503,6441.581,5675.7956,6538.3325,6529.6821517606095
1195,5,3,6695.36,6322.660662698538,6270.541647620205,6463.730865363757,6934.8046875,7331.1357421875,6605.938143352686,6017.072390148503,6441.581,5675.7956,6538.3325,6532.093406848361
1196,3,3,6563.543,6250.324955837524,6321.912367882559,6569.74088831217,6984.064453125,7508.71142578125,6559.871829008711,6088.661021747243,6441.581,5715.002483333333,6725.7505,6680.789677926133
1196,4,3,6695.36,6274.581699713552,6295.538802301706,6552.688876006614,6984.064453125,7509.3828125,6549.370531525063,6093.556962156855,6441.581,5715.002483333333,6725.7505,6680.106702694706
1196,5,3,6842.0735,6318.6814318434535,6313.513559757771,6536.893400069114,6984.064453125,7510.05419921875,6551.6938586050355,6093.556962156855,6441.581,5715.002483333333,6725.7505,6680.407221601453
1197,3,3,6695.36,6391.497746887679,6341.92050402877,6563.459726694445,6944.6376953125,7570.3125,6577.840557179693,6308.051322959144,6628.0485,5748.098500000001,6628.0485,6627.2002851461
1197,4,3,6842.0735,6377.5105740152985,6349.409014843419,6538.04938975,6944.6376953125,7570.98388671875,6576.816968075054,6312.939738519789,6628.0485,5748.098500000001,6628.0485,6627.220892835483
1198,3,3,6842.0735,6328.307091236859,6303.094829648214,6453.867609489087,6933.69091796875,7402.19873046875,6495.286652149241,6116.729513144089,6573.017,5775.992666666667,6573.017,6564.81143620872
1199,5,3,6933.0625,6405.309229292471,6242.775042363657,6386.782436952712,6911.75927734375,7325.365234375,6545.360159803133,6016.675790953153,6563.543,5801.422683333333,6563.543,6557.234616435667
1200,4,3,6933.0625,6443.2742786266635,6319.340756082612,6510.136791031085,6899.52099609375,7326.58984375,6580.649710203414,6165.453904305879,6695.36,5835.977199999999,6695.36,6679.5521488652485
1200,5,3,6678.87,6454.1176390134,6338.005996754238,6488.3244626630285,6899.52099609375,7327.26123046875,6608.598706698414,6165.453904305879,6695.36,5835.977199999999,6695.36,6681.911984459229
1201,3,3,6933.0625,6533.148956584509,6497.5738782374865,6628.473235698744,6939.005859375,7458.654296875,6588.552348371521,6123.60998121254,6842.0735,5875.969300000001,6842.0735,6809.443095566955
1201,4,3,6678.87,6439.965859465819,6473.831552507823,6602.19486416303,6939.005859375,7459.32568359375,6602.852272187291,6128.473485850684,6842.0735,5875.969300000001,6842.0735,6810.562193167605
1201,5,3,6437.502,6438.032481169663,6480.818047627381,6584.795389440807,6939.005859375,7459.9970703125,6588.30311201205,6134.111566476054,6842.0735,5875.969300000001,6842.0735,6809.503274695389
1202,3,3,6678.87,6472.359441442471,6654.163291910104,6733.80119784656,6958.42138671875,7267.357421875,6550.038276170749,6143.064106312497,6842.0735,5919.589633333333,6987.610499999999,6919.4420667457925
1202,4,3,6437.502,6413.198798980736,6625.978554344628,6707.251309074734,6958.42138671875,7268.02880859375,6546.999225407713,6147.941413714064,6842.0735,5919.589633333333,6987.610499999999,6919.193834526699
1202,5,3,6427.026,6438.745164316788,6634.325497880852,6683.2518129983455,6958.42138671875,7268.7001953125,6532.907863013265,6153.595495371369,6842.0735,5919.589633333333,6987.610499999999,6918.234737780537
1203,3,3,6437.502,6549.329257424212,6743.886457574588,6798.146709893518,7008.3876953125,7431.8349609375,6570.67203832971,6105.068479264214,6842.0735,5972.523233333332,7074.443499999999,6991.277822764096
1203,4,3,6427.026,6437.526596290225,6723.560480149986,6783.547783859788,7008.3876953125,7432.50634765625,6562.683053046099,6109.931983902357,6842.0735,5972.523233333332,7074.443499999999,6990.499710869986
1203,5,3,6418.755,6455.41195132788,6737.043390789913,6755.386927200066,7008.3876953125,7433.17724609375,6561.6244338441375,6115.5700645277275,6842.0735,5972.523233333332,7074.443499999999,6990.608154154243
1204,3,3,6427.026,6653.151054750026,6543.362381042678,6649.215726669643,7108.8623046875,7321.7314453125,6459.774794367465,6363.454859107541,6933.0625,6022.076233333332,6933.0625,6883.141684656789
1204,4,3,6418.755,6516.785665038533,6519.207265189503,6606.616965397818,7108.8623046875,7322.40234375,6464.564238175616,6368.310955857643,6933.0625,6022.076233333332,6933.0625,6883.372469645929
1205,3,3,6418.755,6385.262919905312,6258.162550020006,6493.174719015873,7022.96240234375,7076.6015625,6505.580208120614,5835.364089203049,6678.87,6060.774516666666,6678.87,6646.825070111393
1206,5,3,6156.801,5964.237437691219,5914.35794224008,6145.178793949405,6845.748046875,6701.92578125,6356.673280408248,5710.335021114531,6437.502,6092.45655,6437.502,6414.073336755951
1207,4,3,6156.801,6127.051779619949,6041.753673588068,6168.25548207738,6858.35498046875,6644.09423828125,6386.256264947215,5693.62776866902,6427.026,6125.5453333333335,6427.026,6406.539420297698
1207,5,3,5976.8905,6103.141031258967,6023.446083934298,6174.391107789683,6858.35498046875,6644.765625,6342.85860327438,5695.180510690065,6427.026,6125.5453333333335,6427.026,6402.922465283893
1208,3,3,6156.801,6118.221196320931,5981.319046076141,6147.239783958333,6836.181640625,6620.84228515625,6443.105652011995,5889.245308082757,6418.755,6162.919850000001,6418.755,6408.844698417573
1208,4,3,5976.8905,6045.543310661715,5952.5236069754465,6101.672593727182,6836.181640625,6621.513671875,6442.611241909846,5889.245308082757,6418.755,6162.919850000001,6418.755,6408.650177677784
1208,5,3,5983.3805,6032.666346227024,5939.2457878861605,6071.582450431548,6836.181640625,6622.18505859375,6394.33686165241,5913.811420426114,6418.755,6162.919850000001,6418.755,6405.25576694397
1209,3,3,5976.8905,5987.342429755174,6004.436464052789,6201.034511595238,6841.31787109375,6615.9072265625,6439.058872228455,5886.629728224493,6418.755,6197.83405,6437.82,6423.189557522821
1209,4,3,5983.3805,5967.6198762607955,5982.520062094456,6159.506486329365,6841.31787109375,6616.57861328125,6490.282176767722,5886.629728224493,6418.755,6197.83405,6437.82,6427.4189456146605
1209,5,3,6006.1695,5953.411808724978,5969.00261840398,6142.040701565476,6841.31787109375,6617.25,6415.470941979122,5911.215937652591,6418.755,6197.83405,6437.82,6421.81274443651
1210,3,4,5983.3805,6210.478299346387,6079.345824866072,6096.610032919643,6324.85595703125,6349.91845703125,6226.368527085945,6138.25827622912,6418.755,6233.01475,6341.265,6341.265
1210,4,4,6006.1695,6312.738394350356,6055.692970214286,6054.189956617064,6324.85595703125,6349.673828125,6174.121456252576,6140.873552511725,6418.755,6233.01475,6341.265,6341.265
1210,5,4,5990.166,6320.456022334215,6040.959489152778,6024.793592107143,6324.85595703125,6349.42919921875,6200.547841636544,6119.452896429553,6418.755,6233.01475,6341.265,6341.265
1211,3,4,6006.1695,6200.341307960078,5986.195681831349,5948.130758458334,6308.06298828125,6348.4765625,6058.951768493914,6005.455522300387,6156.801,6258.53785,6156.801,6156.801
1211,4,4,5990.166,6332.385747267044,5966.2757086755955,5902.722398876985,6308.06298828125,6348.23193359375,6012.132950621776,6010.365773777763,6156.801,6258.53785,6156.801,6156.801
1212,3,4,5990.166,6242.894072209587,5887.839367253969,5803.582193426588,6285.6708984375,6378.52587890625,5916.710210991838,6040.81777171007,5976.8905,6276.268733333332,5976.8905,5976.8905
1214,5,4,5683.832,6437.15247714564,5958.435948765231,5738.492551815476,6236.04345703125,6339.35205078125,5867.92420698443,6312.098722298656,6006.1695,6301.1586,6006.1695,6006.1695
1215,4,4,5683.832,6344.456120301307,5987.407522995734,5746.310986765873,6134.19482421875,6194.9111328125,5912.241831227766,6156.778523733831,5990.166,6306.742499999999,5990.166,5990.166
1215,5,4,5971.65,6382.674687632472,5960.005170059921,5733.013228085318,6134.19482421875,6194.666015625,5911.232357550654,6190.981776809615,5990.166,6306.742499999999,5990.166,5990.166
1216,3,4,5683.832,5511.495656277653,4492.723150250496,4334.605445927579,5500.1904296875,5709.212890625,4041.8364668976856,5348.056312646873,5990.166,6264.144400000001,4136.067,4136.067
1216,4,4,5971.65,5568.550042317718,4539.618036515377,4371.951753508929,5500.1904296875,5708.96826171875,4021.245613600839,5327.937076688058,5990.166,6264.144400000001,4136.067,4136.067
1216,5,4,6055.287,5552.147198799061,4550.921806383928,4400.768129967262,5500.1904296875,5708.7236328125,4005.314957053012,5340.212025064467,5990.166,6264.144400000001,4136.067,4136.067
1217,3,4,5971.65,5862.435347602566,5275.407194982638,5253.026347493055,5451.2431640625,5630.7333984375,4989.745784322404,5469.392852094163,5990.166,6249.793683333333,5071.04,5071.04
1217,4,4,6055.287,5942.899864923997,5286.8339385555555,5258.282214868055,5451.2431640625,5630.48828125,5051.328570870698,5466.040568644051,5990.166,6249.793683333333,5071.04,5071.04
1217,5,4,6234.432,5963.249738614201,5288.171499305556,5258.808100041667,5451.2431640625,5630.24365234375,5004.9407552259345,5482.473243786488,5990.166,6249.793683333333,5071.04,5071.04
1218,3,4,6055.287,5909.764406223792,5598.0332711347555,5429.062012355159,5710.94775390625,5952.6611328125,5378.34656972169,5569.191025319119,5990.166,6244.120366666667,5467.824500000001,5467.824500000001
1218,4,4,6234.432,5955.3819639965,5624.281196759756,5438.209713381945,5710.94775390625,5952.41650390625,5334.347685629785,5565.0425165870365,5990.166,6244.120366666667,5467.824500000001,5467.824500000001
1219,3,4,6234.432,5911.049259782342,5606.894372417163,5507.106018854167,5976.00732421875,5841.45751953125,5808.879699465181,5564.940390825973,5683.832,6247.648749999999,5683.832,5683.832
1220,5,4,6122.277,6191.519201410219,5684.710693463894,5797.828682773809,6054.2236328125,6492.9912109375,6059.247025723476,6087.859730615043,5971.65,6260.279166666666,5971.65,5971.65
1221,4,4,6122.277,6088.747087745446,5994.386233260813,5982.262108607143,6109.5908203125,6357.6923828125,6028.6586612927995,6142.806264327186,6055.287,6260.95895,6055.287,6055.287
1221,5,4,6181.923,6089.59550649905,5995.443941922255,5994.337192496032,6109.5908203125,6357.44775390625,5995.583878759993,6183.925852279794,6055.287,6260.95895,6055.287,6055.287
1222,3,4,6122.277,6356.568576147668,6518.729336414831,6184.7372630873015,6239.3486328125,6350.578125,6178.280860299746,6263.228081342095,6234.432,6259.418683333334,6234.432,6234.432
1222,4,4,6181.923,6350.32707273519,6515.858492198561,6183.14723112004,6239.3486328125,6350.3330078125,6161.684707668424,6209.064191485384,6234.432,6259.418683333334,6234.432,6234.432
1223,3,4,6181.923,6345.624063115362,6607.22776664112,6303.822947844245,6252.4287109375,6101.84521484375,6189.722024216417,6294.986261335982,6234.432,6258.993083333333,6292.191999999999,6292.191999999999
1223,5,4,6193.5455,6377.897875290445,6630.627535238078,6300.909510819443,6252.4287109375,6101.35546875,6176.643175009603,6288.112825429519,6234.432,6258.993083333333,6292.191999999999,6292.191999999999
1224,4,4,6193.5455,6223.959157497328,6397.731561839832,6019.025087683533,6229.5537109375,6224.86279296875,5929.567778985953,6189.974858266377,6234.432,6246.798516666666,6075.744000000001,6075.744000000001
1224,5,4,6093.186,6237.100989996679,6416.363396119329,6022.360135044643,6229.5537109375,6224.61767578125,5930.862672914956,6161.186168271318,6234.432,6246.798516666666,6075.744000000001,6075.744000000001
1225,3,4,6193.5455,6026.359172283909,6802.992394454365,6133.0592373710315,6242.634765625,6337.91845703125,5993.770090008998,6063.555436261398,6122.277,6232.929999999999,6122.277,6122.277
1225,4,4,6093.186,5991.732674467722,6817.251870280754,6137.6160394027775,6242.634765625,6337.673828125,5998.539765655796,6034.2942964495505,6122.277,6232.929999999999,6122.277,6122.277
1226,3,4,6093.186,6268.905569312456,6955.74188397123,6350.057080868055,6332.20361328125,6717.7783203125,6009.148352840454,5872.81432433703,6181.923,6214.802416666667,6181.923,6181.923
1227,5,4,5308.6875,6247.827061055561,6982.201760323909,6315.1555796785715,6380.50146484375,6768.48828125,6035.586366422019,5891.119460940225,6181.923,6201.437466666667,6227.1,6227.1
1228,4,4,5308.6875,6124.6346063972705,6806.354802690311,6198.509061712301,6265.8427734375,6591.8154296875,6030.6546884514155,5898.985612556916,6193.5455,6188.788416666666,6193.5455,6193.5455
1228,5,4,5506.776,6137.621122717097,6811.937629323578,6191.230574261905,6265.8427734375,6591.57080078125,6041.02746615468,5900.399379471405,6193.5455,6188.788416666666,6193.5455,6193.5455
1229,3,4,5308.6875,6130.4406167840025,6707.419291128306,6106.4887034583335,6218.2138671875,6588.9970703125,5910.748019107995,5842.881725366618,6093.186,6173.10985,6093.186,6093.186
1229,4,4,5506.776,6127.305925700343,6714.840597051918,6089.395371563492,6218.2138671875,6588.75244140625,5911.474186210498,5828.627218079788,6093.186,6173.10985,6093.186,6093.186
1230,3,4,5506.776,6126.483892073925,6496.222127524801,5793.225318765872,6145.61572265625,6639.73779296875,5641.474209223747,5808.170162688288,6093.186,6143.466283333333,5806.052999999999,5806.052999999999
1230,5,4,5335.7035,6257.849386195899,6511.6264579632925,5766.366321749999,6145.61572265625,6639.24853515625,5626.414520905112,5788.261606530872,6093.186,6143.466283333333,5806.052999999999,5806.052999999999
1231,4,4,5335.7035,5830.565659729903,6259.912623843882,5513.884570420634,5960.8916015625,6449.93994140625,5256.574741368258,5754.628540411172,6093.186,6097.558816666667,5464.849499999999,5464.849499999999
1231,5,4,5411.56,5853.4259947246355,6259.403120340245,5504.949808198412,5960.8916015625,6449.69482421875,5300.048463965601,5757.144401989378,6093.186,6097.558816666667,5464.849499999999,5464.849499999999
1232,3,4,5335.7035,5455.791524174521,5991.106736036012,5403.559115701389,5702.89208984375,6122.736328125,5247.8050414479285,5270.681879599428,5308.6875,6041.594716666667,5308.6875,5308.6875
1232,4,4,5411.56,5495.956408711845,6030.2276602624015,5389.207031145833,5702.89208984375,6122.49169921875,5231.894735910362,5282.364157417675,5308.6875,6041.594716666667,5308.6875,5308.6875
1233,3,4,5411.56,5718.227694381201,6170.187377271131,5604.265602773809,5812.181640625,6335.41796875,5330.165783959449,5408.398350708603,5506.776,5989.339133333333,5506.776,5506.776
1234,5,4,5375.4015,5773.182840182826,6073.333198841468,5507.71363859127,5763.81884765625,6223.65869140625,5210.899899042681,5443.283344994751,5506.776,5939.79215,5446.653,5446.653
1235,4,4,5375.4015,5459.240905048962,5982.847635874504,5353.487151239087,5699.41015625,6159.22705078125,5024.425431969577,5366.794187667389,5335.7035,5895.019933333334,5335.7035,5335.7035
1235,5,4,5304.912,5536.3312508974595,5984.582066190178,5362.342825544642,5699.41015625,6158.982421875,5073.9744012686715,5382.622342622594,5335.7035,5895.019933333334,5335.7035,5335.7035
1236,3,4,5375.4015,5675.638048861695,6040.708390270635,5524.0018875892865,5750.2158203125,6234.7919921875,5205.337081102784,5405.9837078137325,5411.56,5860.821866666667,5411.56,5411.56
1236,4,4,5304.912,5686.182622455412,6065.242130076389,5490.395895405754,5750.2158203125,6234.546875,5211.723993245559,5434.978984936295,5411.56,5860.821866666667,5411.56,5411.56
1236,5,4,5332.73,5726.520251095047,6064.044602630159,5506.731029294643,5750.2158203125,6234.30224609375,5189.004243161806,5448.903035231708,5411.56,5860.821866666667,5411.56,5411.56
1237,3,4,5304.912,5661.220142404605,6008.306534425865,5533.545079356151,5727.7197265625,6166.37646484375,5241.448946607054,5387.337456025166,5411.56,5825.720466666667,5373.984,5373.984
1237,4,4,5332.73,5671.764715998322,6028.104281259397,5504.898151499008,5727.7197265625,6166.1318359375,5275.804591226659,5416.318410150292,5411.56,5825.720466666667,5373.984,5373.984
1237,5,4,5364.645,5712.102344637957,6023.57548538502,5523.02125659623,5727.7197265625,6165.88720703125,5267.90515502089,5432.349671355573,5411.56,5825.720466666667,5373.984,5373.984
1238,3,4,5332.73,5296.539251597411,5807.150577357413,5254.92384095139,5546.990234375,5957.9619140625,5047.76750584431,5001.663359337138,5411.56,5780.361166666667,5057.976000000001,5057.976000000001
1238,4,4,5364.645,5344.212742969019,5825.386076232611,5241.84887970139,5546.990234375,5957.716796875,5066.71468519987,5033.502651200352,5411.56,5780.361166666667,5057.976000000001,5057.976000000001
1238,5,4,5227.044,5384.550371608654,5840.791217320536,5250.5858001875,5546.990234375,5957.47216796875,5048.0786771143585,5049.322883168889,5411.56,5780.361166666667,5057.976000000001,5057.976000000001
1239,3,4,5364.645,5561.19037974899,6059.926092536976,5509.016223419643,5692.0361328125,6156.66455078125,5453.649605307421,5379.839091043128,5375.4015,5744.947216666667,5375.4015,5375.4015
1239,4,4,5227.044,5549.400150489412,6094.60383850146,5500.2492758501985,5692.0361328125,6156.419921875,5455.267899591413,5407.993674931358,5375.4015,5744.947216666667,5375.4015,5375.4015
1239,5,4,5066.0945,5553.945459046282,6084.9980091479165,5508.562742794643,5692.0361328125,6156.17529296875,5449.92549037095,5451.886432387454,5375.4015,5744.947216666667,5375.4015,5375.4015
1240,3,4,5227.044,5497.077280264218,5941.963383054337,5451.285353375,5645.474609375,6101.4853515625,5368.906974735665,5448.16069845061,5304.912,5710.402116666666,5304.912,5304.912
1240,4,4,5066.0945,5507.621853857934,5968.6308261715985,5448.718655076389,5645.474609375,6101.24072265625,5380.5908172953405,5462.428333312421,5304.912,5710.402116666666,5304.912,5304.912
1241,3,4,5066.0945,5516.970628561732,5964.615111756817,5526.0791786974205,5627.3203125,6104.6806640625,5379.214221942061,5456.137988583459,5332.73,5682.933083333333,5332.73,5332.73
1242,5,4,4845.69,5554.254719112551,5995.293256395337,5535.554486937501,5700.79833984375,6180.59765625,5353.0794213668005,5511.74133252827,5364.645,5662.5249,5364.645,5364.645
1243,4,4,4845.69,5545.832291890341,5949.561466493126,5445.951246020833,5584.9482421875,5998.57666015625,5288.613715334502,5384.656464492162,5227.044,5637.313683333333,5227.044,5227.044
1243,5,4,4745.7835,5546.75913657423,5953.995447044147,5447.940529493056,5584.9482421875,5998.33203125,5328.56181730239,5421.637979335247,5227.044,5637.313683333333,5227.044,5227.044
1244,3,4,4845.69,5363.167659143153,5413.856528487174,5291.168046923612,5525.44189453125,5899.62353515625,5140.403290823693,5096.67138836987,5066.0945,5605.977849999999,5066.0945,5066.0945
1244,4,4,4745.7835,5373.71223273687,5439.998891381023,5301.213962652778,5525.44189453125,5899.37890625,5163.648806596527,5091.574316804623,5066.0945,5605.977849999999,5066.0945,5066.0945
1244,5,4,4394.379,5374.639077420758,5462.845500475694,5304.381140222223,5525.44189453125,5899.1337890625,5168.050682799402,5107.458519432571,5066.0945,5605.977849999999,5066.0945,5066.0945
1245,3,4,4745.7835,5248.610071503842,5174.503492156817,5081.483397131944,5390.53466796875,5786.9990234375,4890.624543274622,5013.709939497324,5066.0945,5566.138616666666,4794.989,4794.989
1245,4,4,4394.379,5296.28356287545,5191.167235035289,5105.005382097222,5390.53466796875,5786.75390625,4899.360241589914,5015.021669399871,5066.0945,5566.138616666666,4794.989,4794.989
1245,5,4,4410.666,5315.2265886291825,5222.70215581746,5149.887055368055,5390.53466796875,5786.50927734375,4922.115957797003,5030.802027741532,5066.0945,5566.138616666666,4794.989,4794.989
1246,3,4,4394.379,5334.18521743101,5089.004244651856,5011.4230608125,5307.18603515625,5715.1318359375,4807.16380369802,5006.772553486674,5066.0945,5585.899066666666,4728.8805,4728.8805
1246,4,4,4410.666,5360.050024352009,5107.82203717269,5029.332370847223,5307.18603515625,5714.88720703125,4816.804170562507,5026.481759678117,5066.0945,5585.899066666666,4728.8805,4728.8805
1247,3,4,4410.666,5480.694732742599,5066.602906961219,5239.985942048611,5246.009765625,5677.30615234375,4980.089160726931,5007.406088378801,4845.69,5578.3874000000005,4845.69,4845.69
1248,5,4,4542.56,5432.503948625708,5068.5739439026875,5314.657475145833,5269.65625,5690.5986328125,4927.204363150136,5045.034587182353,4745.7835,5554.319366666666,4745.7835,4745.7835
1249,4,4,4542.56,5358.23479296993,4814.979617642271,5026.083487583333,5090.39990234375,5424.009765625,4537.762628878708,4921.4121577025935,4394.379,5511.3376,4394.379,4394.379
1249,5,4,5046.552,5377.177818723662,4835.546811957747,5046.837022701389,5090.39990234375,5423.76513671875,4558.8326215403695,4958.288118762955,4394.379,5511.3376,4394.379,4394.379
1250,3,4,4542.56,5424.270514407835,4827.776188751398,5011.649295402778,5079.97802734375,5480.6455078125,4588.694916228855,4973.544098250132,4410.666,5459.3048,4410.666,4410.666
1250,4,4,5046.552,5441.196238071658,4850.555190772232,5091.444458534722,5079.97802734375,5480.400390625,4557.979824709604,5017.8408287443335,4410.666,5459.3048,4410.666,4410.666
1250,5,4,5281.7105,5460.13926382539,4860.9746262097315,5097.486405951389,5079.97802734375,5480.15576171875,4598.944301290586,5070.686140617329,4410.666,5459.3048,4410.666,4410.666
1251,3,4,5046.552,5381.720272375719,5000.417699739162,5125.053650861111,5173.62109375,5652.7236328125,4779.666289909665,5428.399324962988,4410.666,5410.1491,4580.616,4580.616
1251,4,4,5281.7105,5361.175503562718,5031.752396058608,5190.994059645833,5173.62109375,5652.478515625,4763.660074477475,5526.997271203699,4410.666,5410.1491,4580.616,4580.616
1252,3,4,5281.7105,5422.8376443123825,4740.028643590849,4832.372790236111,5002.6259765625,5456.56298828125,4381.522765144602,5456.246436516352,4410.666,5343.3417,4230.21,4230.21
1255,5,4,6118.95,6196.123554764114,5983.376778841931,5952.282412159722,5528.1005859375,6065.9326171875,5529.5233796922985,6143.024114090846,5281.7105,5222.69535,5281.7105,5281.7105
1256,4,4,6118.95,6189.556343596429,6198.206075434722,6131.671192784723,5674.77490234375,6173.87255859375,5756.3640810290135,6524.265567643352,5281.7105,5200.832016666666,5526.023,5526.023
1256,5,4,6199.676,6216.442571775678,6229.388019255357,6190.826928236112,5674.77490234375,6173.6279296875,5756.011027595884,6573.5925011874515,5281.7105,5200.832016666666,5526.023,5526.023
1257,3,4,6118.95,6462.781204177328,6331.364002624008,6250.759657493056,5835.92724609375,6311.82275390625,5945.567507930726,6506.521593106562,5281.7105,5184.1080833333335,5725.3820000000005,5725.3820000000005
1257,4,4,6199.676,6498.803049329592,6367.2320617093255,6336.772147250001,5835.92724609375,6311.57763671875,5964.227026773405,6585.613234016866,5281.7105,5184.1080833333335,5725.3820000000005,5725.3820000000005
1258,3,4,6199.676,6444.633503929794,6443.987902850365,6367.269642013889,5863.6796875,6292.71484375,6114.09638764316,6440.507493282468,5281.7105,5173.888366666667,5886.954000000001,5886.954000000001
1263,5,4,6608.444,6612.138541710917,7042.704433059325,7229.198929798611,6685.6337890625,7126.63671875,7424.446896837878,7374.216840205544,6199.676,5299.760783333333,7174.18,7174.18
1264,4,4,6608.444,6830.2399146695125,7422.1787348109265,7598.4221292996035,6885.3994140625,7231.69580078125,7855.684161272708,7558.4348224617,6199.676,5371.02935,7584.71,7584.71
1264,5,4,6612.543,6717.277315565455,7374.1222115581495,7590.143151731151,6885.3994140625,7231.451171875,7862.952916234599,7435.968741257991,6199.676,5371.02935,7584.71,7584.71
1265,3,4,6608.444,6796.095494323643,7377.877907634623,7444.042261268849,6966.736328125,7257.16943359375,7681.790012637924,7577.463187724373,6199.676,5441.217933333333,7441.361,7441.361
1265,4,4,6612.543,6822.495242143714,7358.798213263591,7431.939226683531,6966.736328125,7256.9248046875,7722.5802346899445,7506.336770478773,6199.676,5441.217933333333,7441.361,7441.361
1265,5,4,6359.5045,6804.108761250835,7338.483322472916,7414.623744198412,6966.736328125,7256.6796875,7716.73235494485,7514.4137297765,6199.676,5441.217933333333,7441.361,7441.361
1266,3,4,6612.543,6951.514476809542,7235.480807876487,7244.154402416666,6924.587890625,7229.39111328125,7511.847007872361,7633.7021695557805,6199.676,5503.493966666666,7279.840999999999,7279.840999999999
1266,4,4,6359.5045,6946.061803574158,7210.71847048859,7247.685457108134,6924.587890625,7229.14599609375,7515.1596153062155,7593.985672868829,6199.676,5503.493966666666,7279.840999999999,7279.840999999999
1266,5,4,5992.92,6844.6081539550405,7196.882209197916,7243.4408382817455,6924.587890625,7228.9013671875,7523.6705496524955,7602.048160086549,6199.676,5503.493966666666,7279.840999999999,7279.840999999999
1267,3,4,6359.5045,6740.923312345516,7305.690403559169,7325.573569623016,6985.77001953125,7252.958984375,7640.6697672328,7528.907794615787,6199.676,5572.070033333333,7431.266,7431.266
1267,4,4,5992.92,6756.421941871929,7273.772212917304,7310.867133042659,6985.77001953125,7252.7138671875,7624.2817485862,7503.4794525240295,6199.676,5572.070033333333,7431.266,7431.266
1268,3,4,5992.92,7002.133038734954,6126.506806174108,6218.579562404762,6999.078125,7214.06201171875,6721.598041310731,7689.852427874479,6608.444,5623.752299999999,6608.444,6608.444
1269,5,4,5260.7205,6652.151324145777,6045.056653114087,6246.897298564484,6855.1748046875,7207.033203125,6703.126638370263,6893.990980133556,6612.543,5664.990349999999,6612.543,6612.543
1270,4,4,5260.7205,6481.526353646838,6275.758945412247,6080.033047588294,6703.3369140625,6926.0634765625,6384.536042926625,6426.999108298409,6359.5045,5700.143433333334,6359.5045,6359.5045
1270,5,4,5062.68,6526.535704277973,6307.496157746573,6066.7915810783725,6703.3369140625,6925.818359375,6390.943921577648,6462.148237381319,6359.5045,5700.143433333334,6359.5045,6359.5045
1271,3,4,5260.7205,5935.725922056537,6010.454295649306,5841.6204090297615,6583.0234375,6778.7890625,5964.535386913014,6080.326051065195,5992.92,5722.149766666666,5992.92,5992.92
1271,4,4,5062.68,5928.584483439167,5978.653143536256,5827.22299468254,6583.0234375,6778.54443359375,5959.62377621083,6080.243167366634,5992.92,5722.149766666666,5992.92,5992.92
1271,5,4,4969.926,5936.84111686144,5980.306507911751,5798.145102930555,6583.0234375,6778.29931640625,5956.665595318921,6074.85091689936,5992.92,5722.149766666666,5992.92,5992.92
1272,3,4,5062.68,5493.672847698399,5419.572667233136,5177.919849880953,6260.90234375,6457.60546875,5268.683176977927,5429.0316511424635,5992.92,5723.2316,5397.1,5397.1
1272,4,4,4969.926,5465.965035711105,5405.260666142903,5143.634083960318,6260.90234375,6457.36083984375,5254.023404460931,5407.436516012041,5992.92,5723.2316,5397.1,5397.1
1272,5,4,5038.1275,5504.18360304227,5416.5115836657205,5139.917892320437,6260.90234375,6457.11572265625,5263.229728593226,5422.521965304415,5992.92,5723.2316,5397.1,5397.1
1273,3,4,4969.926,5428.283437306281,5383.438412157837,5127.547369862104,6124.498046875,6306.24072265625,5225.828517886526,5376.908965590081,5992.92,5727.246799999999,5347.5,5347.5
1273,4,4,5038.1275,5421.141998688911,5376.154757859272,5101.542240051587,6124.498046875,6305.99609375,5198.572299240085,5360.9902246466845,5992.92,5727.246799999999,5347.5,5347.5
1273,5,4,5335.976,5365.249945284223,5375.388337105303,5102.507867449404,6124.498046875,6305.7509765625,5219.314165493702,5372.910979673028,5992.92,5727.246799999999,5347.5,5347.5
1274,3,4,5038.1275,5782.090283990837,5350.109845775,5382.38282705754,5834.81787109375,5857.1806640625,5220.56217029477,5280.691846000322,5260.7205,5733.734333333333,5260.7205,5260.7205
1274,4,4,5335.976,5822.41920188755,5380.043406521826,5373.574118267858,5834.81787109375,5856.93603515625,5145.148993190873,5256.3550137967795,5260.7205,5733.734333333333,5260.7205,5260.7205
1275,3,4,5335.976,5757.182529330416,5139.517299215113,5230.5579396537705,5691.83154296875,5717.9052734375,5042.348694098203,4771.5368430197595,5062.68,5742.657366666667,5062.68,5062.68
1276,5,4,5330.6595,5667.347673749631,5179.954208878473,5195.054216125993,5635.3857421875,5754.3583984375,5078.963287203885,4828.706549734141,4969.926,5750.692216666666,4969.926,4969.926
1277,4,4,5330.6595,5852.071284456323,5380.834822048115,5372.452174027778,5611.58642578125,5873.90771484375,5310.268453116123,4948.657578231965,5038.1275,5757.1068,5038.1275,5038.1275
1277,5,4,5381.278,5917.5806683507035,5410.926398328075,5392.300537291667,5611.58642578125,5873.6630859375,5271.362557403458,4973.0609531235405,5038.1275,5757.1068,5038.1275,5038.1275
1278,3,4,5330.6595,6375.727225505849,5557.690395168556,5614.120261996031,5811.37548828125,6019.1875,5586.021121972124,5770.120401838027,5335.976,5776.779883333334,5335.976,5335.976
1278,4,4,5381.278,6418.483525187618,5585.438822285785,5654.373031933532,5811.37548828125,6018.94287109375,5524.374987345167,5749.731144494355,5335.976,5776.779883333334,5335.976,5335.976
1278,5,4,5539.349,6471.346259075064,5594.054737379464,5703.407848659722,5811.37548828125,6018.6982421875,5587.527131222943,5739.2292437141095,5335.976,5776.779883333334,5335.976,5335.976
1279,3,4,5381.278,6549.0974159031,5846.493665216175,5950.877668537698,6070.3818359375,6204.1259765625,6002.801250712938,6026.788942618598,5335.976,5819.373916666666,5672.2,5672.2
1279,4,4,5539.349,6560.5494823877425,5851.237061299013,6003.052716037699,6070.3818359375,6203.88134765625,6077.694900668437,6102.593873471308,5335.976,5819.373916666666,5672.2,5672.2
1279,5,4,6066.6655,6612.774873841239,5879.159366863922,6056.8237618055555,6070.3818359375,6203.63671875,6068.712898525425,6140.206956947955,5335.976,5819.373916666666,5672.2,5672.2
1280,3,4,5539.349,6219.231990782515,5590.185739505032,5757.3320949315475,5956.74072265625,5965.076171875,5686.939938977385,6002.100910489315,5335.976,5854.4730500000005,5463.64,5463.64
1280,4,4,6066.6655,6237.637772767291,5591.423677223285,5773.423214696429,5956.74072265625,5964.83154296875,5635.94062354662,6047.406479723065,5335.976,5854.4730500000005,5463.64,5463.64
1280,5,4,6821.457,6273.700432802774,5615.201274197917,5783.331709294644,5956.74072265625,5964.5869140625,5701.071981652195,6096.060400554262,5335.976,5854.4730500000005,5463.64,5463.64
1281,3,4,6066.6655,6150.50312350435,5634.549236231845,5612.185797576389,5996.0166015625,6161.7685546875,5337.102637956033,5947.848536368186,5330.6595,5879.474499999999,5330.6595,5330.6595
1281,4,4,6821.457,6139.240186987573,5643.403366683234,5651.507680944444,5996.0166015625,6161.52392578125,5362.858758071793,5933.23465830811,5330.6595,5879.474499999999,5330.6595,5330.6595
1282,3,4,6821.457,5857.5670951995535,5723.065224054564,5720.783355444445,6116.0966796875,6337.52099609375,5204.135729681821,5794.534420964706,5381.278,5917.843433333333,5381.278,5381.278
1283,5,4,7700.1695,5857.945007914826,5849.294497308731,5869.102463118055,6164.56201171875,6436.75634765625,5376.194998352089,5899.880008227888,5539.349,5951.069733333334,5539.349,5539.349
1284,4,4,7700.1695,6534.144825096228,6415.873700650794,6257.991945614087,6489.9873046875,6816.017578125,5957.496660121648,6603.970325427321,6066.6655,5985.073516666667,6066.6655,6066.6655
1284,5,4,7909.412,6554.3900170441675,6418.796409267262,6272.7116129751985,6489.9873046875,6815.77294921875,5962.547906012265,6616.930532443371,6066.6655,5985.073516666667,6066.6655,6066.6655
1285,3,4,7700.1695,6797.583087873485,7217.586944286459,6901.200838895834,6918.15234375,7360.23681640625,6680.665177262125,6882.925605493956,6821.457,6036.3984,6821.457,6821.457
1285,4,4,7909.412,6763.574540113251,7220.690730462054,6934.124490215278,6918.15234375,7359.99169921875,6667.449508706566,6864.1884174892775,6821.457,6036.3984,6821.457,6821.457
1285,5,4,7830.627,6672.36206823857,7222.132814591022,6943.222332340278,6918.15234375,7359.7470703125,6705.94647829274,6899.727531756706,6821.457,6036.3984,6821.457,6821.457
1286,3,4,7909.412,6424.58065790754,6613.260814262996,6847.645937734788,6917.12109375,7232.1904296875,6790.900901220848,6984.891182309485,6821.457,6083.519633333333,6939.66,6939.66
1286,4,4,7830.627,6390.5721101473055,6609.549919429861,6890.32639592328,6917.12109375,7231.94580078125,6773.538826630787,6978.172741005988,6821.457,6083.519633333333,6939.66,6939.66
1286,5,4,7764.598,6312.027195050747,6592.778399402083,6876.272108280423,6917.12109375,7231.70068359375,6810.128937114158,6982.538060077777,6821.457,6083.519633333333,6939.66,6939.66
1287,3,4,7830.627,7184.007176177612,7656.165663551041,7512.7418207318115,7192.109375,7460.748046875,7363.2254068148795,7146.056433545857,6821.457,6143.102933333333,7512.880999999999,7512.880999999999
1287,4,4,7764.598,7149.998628417377,7648.191301951339,7562.001194516533,7192.109375,7460.50341796875,7363.997044921313,7128.116755376125,6821.457,6143.102933333333,7512.880999999999,7512.880999999999
1287,5,4,7898.304,7071.453713320819,7647.236443246974,7600.036063447089,7192.109375,7460.2587890625,7389.402929472648,7140.498989513075,6821.457,6143.102933333333,7512.880999999999,7512.880999999999
1288,3,4,7764.598,7483.106248295365,7789.587286729514,7804.859953306878,7416.4296875,7714.2255859375,7593.895704069157,8109.386178911907,7700.1695,6203.54345,7700.1695,7700.1695
1288,4,4,7898.304,7449.097700535131,7780.796243532192,7812.43206255291,7416.4296875,7713.98095703125,7624.602612050866,8045.809323761508,7700.1695,6203.54345,7700.1695,7700.1695
1289,3,4,7898.304,7674.51983565439,7354.0860654464,7675.237470449405,7640.5390625,7952.07958984375,7361.45643198747,7837.912635156119,7909.412,6273.760166666666,7909.412,7909.412
1290,5,4,7422.192,7594.651534670633,7661.846622547123,7529.016430192461,7795.958984375,8125.2978515625,7372.071298983036,7902.011669534708,7830.627,6330.816066666666,7830.627,7830.627
1291,4,4,7422.192,7524.004452005073,7773.317127770337,7526.909982252976,7727.61181640625,8125.1318359375,7367.389743688168,7747.075545100783,7764.598,6382.9801333333335,7764.598,7764.598
1291,5,4,7336.095,7536.668876027138,7768.892776874504,7542.080317646825,7727.61181640625,8124.88671875,7339.942222408322,7732.030256211482,7764.598,6382.9801333333335,7764.598,7764.598
1292,3,4,7422.192,8036.073869963075,7894.852461136525,7566.8893499751985,7719.24609375,8130.5869140625,7518.000120806866,7786.653402162771,7898.304,6424.256666666667,7898.304,7898.304
1292,4,4,7336.095,7947.383528582218,7916.955669422239,7571.504474697421,7719.24609375,8130.341796875,7450.9262672843415,7719.969086848564,7898.304,6424.256666666667,7898.304,7898.304
1292,5,4,7558.446,7775.756915717003,7911.211457641981,7553.696266100199,7719.24609375,8130.09716796875,7435.870670708655,7703.3420947111335,7898.304,6424.256666666667,7898.304,7898.304
1293,3,4,7336.095,7705.522743768149,7812.472864463854,7946.0080575079355,7780.4794921875,8117.65966796875,7721.03731985782,7801.590303631615,7898.304,6454.719500000001,8088.064999999999,8088.064999999999
1293,4,4,7558.446,7652.439959550476,7789.123134624569,7993.17176173115,7780.4794921875,8117.4150390625,7627.701872605866,7731.210638648642,7898.304,6454.719500000001,8088.064999999999,8088.064999999999
1293,5,4,7767.3405,7689.6175362099675,7768.084944122783,7973.286287727181,7780.4794921875,8117.17041015625,7591.542045545261,7764.908028409439,7898.304,6454.719500000001,8088.064999999999,8088.064999999999
1294,3,4,7558.446,7765.417739639669,8422.31546485696,7896.474852308531,7572.10546875,7882.53466796875,7586.692746929419,8069.968567843445,7898.304,6463.33695,7843.233499999999,7843.233499999999
1294,4,4,7767.3405,7663.707966102875,8449.668567584342,7966.447806239086,7572.10546875,7882.2900390625,7452.581525922313,7984.482795237934,7898.304,6463.33695,7843.233499999999,7843.233499999999
1294,5,4,7845.7515,7641.23795302251,8485.238463096048,7965.495021216269,7572.10546875,7882.044921875,7445.032968996933,7989.367506518478,7898.304,6463.33695,7843.233499999999,7843.233499999999
1295,3,4,7767.3405,7465.4547467797875,8211.525944838939,7690.229201195437,7437.19775390625,7718.91943359375,7205.5355833822505,8046.765576602873,7422.192,6462.697983333333,7422.192,7422.192
1295,4,4,7845.7515,7363.744973242993,8229.373451194295,7731.649570875992,7437.19775390625,7718.6748046875,7136.241832323165,8026.042202108344,7422.192,6462.697983333333,7422.192,7422.192
1296,3,4,7845.7515,7608.372593811786,7990.6561115637405,7548.315617298612,7470.1708984375,7898.36328125,7213.023069583533,7938.412324094011,7336.095,6464.5731166666665,7336.095,7336.095
1297,5,4,8050.582,7359.476677334724,8396.718583265623,7662.527930922619,7557.1767578125,8161.810546875,7350.199195383544,8029.141848956546,7558.446,6468.812449999999,7558.446,7558.446
1298,4,4,8050.582,8121.702558100404,8493.944091775298,7986.7835814097225,7656.78271484375,8316.701171875,7571.56013699631,8390.506294697865,7767.3405,6507.442333333334,7767.3405,7767.3405
1298,5,4,8233.5,8075.509039764279,8520.139734585318,7959.87915697123,7656.78271484375,8316.4560546875,7509.579870939406,8360.120548757726,7767.3405,6507.442333333334,7767.3405,7767.3405
1299,3,4,8050.582,9524.227838435658,9588.37170559499,8221.267855756945,7734.61962890625,8376.875,7566.299585381921,10176.629123866147,7845.7515,6548.549283333333,7845.7515,7845.7515
1299,4,4,8233.5,9490.219290675423,9625.58492956622,8280.764860673611,7734.61962890625,8376.6298828125,7599.723680962772,10178.428139967675,7845.7515,6548.549283333333,7845.7515,7845.7515
1299,5,4,8520.9685,9384.861827112481,9648.224551593305,8311.715490284723,7734.61962890625,8376.384765625,7535.429513377938,10143.361120145828,7845.7515,6548.549283333333,7845.7515,7845.7515
1300,3,4,8233.5,8439.56223151784,8510.024671610285,8440.872228171627,7749.1240234375,8328.4892578125,7656.702723442232,8264.550292894279,7845.7515,6601.67915,7953.400500000001,7953.400500000001
1300,4,4,8520.9685,8387.910383606035,8531.539259746296,8532.70863611012,7749.1240234375,8328.244140625,7615.46787265963,8249.485765503965,7845.7515,6601.67915,7953.400500000001,7953.400500000001
1301,3,4,8520.9685,9788.431693223049,10146.53154435,8888.10234372619,7738.1513671875,8329.28125,7660.272253996294,10198.584633335002,7845.7515,6668.11385,7985.960999999999,7985.960999999999
1304,5,4,8272.372,10935.759570874998,9410.10672782262,8792.999046325727,8056.775390625,8706.11328125,7982.226496914341,10230.714890469508,8520.9685,6961.438183333334,8520.9685,8520.9685
1305,4,4,8272.372,11242.659272093955,9374.794701718221,9094.425764267527,8102.4052734375,8545.078125,8142.256287045526,10263.245666569408,8520.9685,7079.2336000000005,8596.542500000001,8596.542500000001
1305,5,4,7981.512,11182.989486727354,9396.757778907673,9131.578953461973,8102.4052734375,8544.833984375,8140.337830391723,10257.21709212695,8520.9685,7079.2336000000005,8596.542500000001,8596.542500000001
1306,3,4,8272.372,11132.09317650443,10408.080146137667,9238.209076462634,8147.1044921875,8410.283203125,8405.572032301332,10360.527359420603,8520.9685,7208.785766666667,8856.491000000002,8856.491000000002
1306,4,4,7981.512,11114.531933864104,10483.838808604334,9304.413402976523,8147.1044921875,8410.0390625,8399.186472397003,10365.411978986069,8520.9685,7208.785766666667,8856.491000000002,8856.491000000002
1306,5,4,7934.4105,11054.862148497503,10490.541093271662,9319.186738719578,8147.1044921875,8409.7939453125,8427.02195196422,10331.5931120181,8520.9685,7208.785766666667,8856.491000000002,8856.491000000002
1307,3,4,7981.512,11246.829228744722,9176.624745518619,9120.658853948744,8074.16162109375,8237.1044921875,8369.412487657255,10386.88987574194,8520.9685,7336.3034333333335,8863.657500000001,8863.657500000001
1307,4,4,7934.4105,11229.267986104396,9193.799803511873,9180.126244837633,8074.16162109375,8236.8603515625,8395.741282988185,10391.747831657116,8520.9685,7336.3034333333335,8863.657500000001,8863.657500000001
1307,5,4,7898.134,11169.598200737795,9175.62177569309,9188.748241164023,8074.16162109375,8236.615234375,8355.672238473446,10357.79660261569,8520.9685,7336.3034333333335,8863.657500000001,8863.657500000001
1308,3,4,7934.4105,11235.881641887294,9700.091620381383,9257.621232638558,8110.703125,8207.4609375,8484.250280293498,10246.945792924897,8520.9685,7459.0396666666675,9018.063,9018.063
1308,4,4,7898.134,11218.320399246968,9739.713216223843,9328.084227534391,8110.703125,8207.216796875,8473.96758710763,10243.304535082674,8520.9685,7459.0396666666675,9018.063,9018.063
1308,5,4,7969.664,11095.918653335819,9751.78605608264,9361.534785157077,8110.703125,8206.9716796875,8450.40450192584,10240.253696517342,8520.9685,7459.0396666666675,9018.063,9018.063
1309,3,4,7898.134,11167.107131465802,9612.301276478109,8442.691831676586,8045.4189453125,8091.25390625,7625.932863795558,9794.783693848392,8272.372,7545.712066666666,8272.372,8272.372
1309,4,4,7969.664,11149.545888825476,9686.307561722355,8524.476737315475,8045.4189453125,8091.0087890625,7563.020442271907,9732.12092266012,8272.372,7545.712066666666,8272.372,8272.372
1310,3,4,7969.664,11305.011417860585,10086.901931333432,8582.971506864747,7964.82666015625,8054.4755859375,7407.927601928924,9588.19674945809,7981.512,7629.6411333333335,7981.512,7981.512
1311,5,4,7950.661,10950.131106097022,10903.204880913192,9395.950805736773,7944.33984375,8070.07275390625,7223.87445922511,9594.968517535921,7934.4105,7716.432833333334,7934.4105,7934.4105
1312,4,4,7950.661,11314.218796519237,10870.416232314616,9444.895115511576,7974.3232421875,8008.85009765625,7301.374949437053,10143.594186012606,7898.134,7800.328033333333,7898.134,7898.134
1312,5,4,7960.5,11249.564346116284,10888.440181342658,9503.404751222884,7974.3232421875,8008.60546875,7152.1514360842475,10039.439800677816,7898.134,7800.328033333333,7898.134,7898.134
1313,3,4,7950.661,11359.53609179855,10958.01610336134,8988.494441514551,7839.2451171875,7915.24853515625,7531.938167623791,9560.393589901232,7969.664,7881.3385333333335,7969.664,7969.664
1313,4,4,7960.5,11239.637671898798,11079.540346244674,9166.011327236773,7839.2451171875,7915.00390625,7479.33417793298,9508.858401549938,7969.664,7881.3385333333335,7969.664,7969.664
1313,5,4,7967.2335,11088.89940715468,11132.67106711597,9257.183781181218,7839.2451171875,7914.7587890625,7386.801143009047,9501.817949940141,7969.664,7881.3385333333335,7969.664,7969.664
1314,3,4,7960.5,11264.100161676768,10912.02663741111,8997.57805585648,7768.150390625,7681.919921875,7645.9470253643285,9564.751757300535,7969.664,7948.3184833333335,8076.063999999999,8076.063999999999
1314,4,4,7967.2335,11221.890680159166,11016.802734687597,9112.445925349537,7768.150390625,7681.6748046875,7509.994434908142,9557.658560546117,7969.664,7948.3184833333335,8076.063999999999,8076.063999999999
1314,5,4,7997.586,11128.662831541247,11036.704317569012,9185.702714675926,7768.150390625,7681.43017578125,7502.138594479118,9552.572932980294,7969.664,7948.3184833333335,8076.063999999999,8076.063999999999
1315,3,4,7967.2335,11177.281309800206,10855.621577943552,9062.602723904101,7785.4072265625,7622.47509765625,7386.473453393854,9658.486459059128,7969.664,7985.923250000001,7949.6,7949.6
1315,4,4,7997.586,11029.1143853324,10954.098190715773,9205.832378445768,7785.4072265625,7622.22998046875,7429.715021828362,9645.201251140232,7969.664,7985.923250000001,7949.6,7949.6
1315,5,4,8034.336,10971.478336708451,11012.311767278736,9310.489048415675,7785.4072265625,7621.9853515625,7268.29912538511,9678.584673019866,7969.664,7985.923250000001,7949.6,7949.6
1316,3,4,7997.586,11441.886185374586,10953.42490772232,9262.640804242064,7935.2314453125,7792.3837890625,7651.636536874688,10212.813902666781,7950.661,8019.623283333333,7950.661,7950.661
1316,4,4,8034.336,11464.589027210233,11064.325512688987,9400.073805179565,7935.2314453125,7792.13916015625,7768.705925318289,10187.281674855752,7950.661,8019.623283333333,7950.661,7950.661
1317,3,4,8034.336,11498.87778228437,10747.091627518617,9187.30323247057,8017.35546875,8029.470703125,7586.610021123248,9804.271568780789,7960.5,8034.5439166666665,7960.5,7960.5
1319,5,4,7753.222,11071.462806873486,10958.342954012796,9326.706514253969,7913.095703125,7903.4140625,7622.63571696159,9716.308135351082,7997.586,8046.385183333334,7997.586,7997.586
1320,4,4,7753.222,11187.868963345181,11051.841814616797,9368.317828134923,7900.88720703125,7910.56005859375,7625.957762512012,9597.263008515029,8034.336,8053.175483333333,8034.336,8034.336
1320,5,4,7773.624,11101.092458341445,11077.55761839226,9391.236774963625,7900.88720703125,7910.3154296875,7607.219567169729,9655.494788786744,8034.336,8053.175483333333,8034.336,8034.336
1321,3,4,7753.222,11318.994469026895,10763.448446846081,9230.785856097224,7869.19091796875,7809.65185546875,7598.942091810551,9553.726530288975,8034.336,8058.45395,7922.952000000001,7922.952000000001
1321,4,4,7773.624,11320.444262268478,10898.157371075396,9355.32448254167,7869.19091796875,7809.4072265625,7608.581493333933,9502.47358909977,8034.336,8058.45395,7922.952000000001,7922.952000000001
1321,5,4,7749.497,11228.871653732223,10926.44144348697,9398.979891481484,7869.19091796875,7809.162109375,7561.805765521446,9511.274241952111,8034.336,8058.45395,7922.952000000001,7922.952000000001
1322,3,4,7773.624,11160.282932220469,10244.539118795734,8956.79514571065,7725.9892578125,7627.5078125,7245.287833566369,9627.087177331316,8034.336,8049.585550000001,7632.252,7632.252
1322,4,4,7749.497,11232.00864306133,10382.86102821627,9069.00696444676,7725.9892578125,7627.26318359375,7210.294751358662,9575.849536767631,8034.336,8049.585550000001,7632.252,7632.252
1322,5,4,7765.4675,11172.59684674683,10411.38134014451,9093.525803893519,7725.9892578125,7627.0185546875,7250.589426016016,9581.409283150395,8034.336,8049.585550000001,7632.252,7632.252
1323,3,4,7749.497,10994.020912191929,10289.953937847618,9030.631144203704,7806.11572265625,7821.28369140625,7308.194867496275,9526.89117589359,8034.336,8035.268983333333,7658.568,7658.568
1323,4,4,7765.4675,11025.482538556817,10419.697662220535,9151.159533523149,7806.11572265625,7821.03857421875,7301.084982543316,9493.006593824812,8034.336,8035.268983333333,7658.568,7658.568
1324,3,4,7765.4675,11032.816333954106,10685.091831696824,9317.201282248348,7818.505859375,7819.025390625,7451.941296549859,9830.103446531497,7753.222,8032.268599999999,7753.222,7753.222
1325,5,4,7509.898,11123.024067299764,11035.23854538783,9756.758797713625,7704.06787109375,7745.041015625,7538.460694606209,9800.87353267897,7773.624,8043.983000000001,7773.624,7773.624
1326,4,4,7509.898,11120.059738977332,10853.940920114683,9547.080673873348,7693.4111328125,7791.97119140625,7486.03104376479,9666.382886852747,7749.497,8057.763066666667,7749.497,7749.497
1326,5,4,7230.48,11076.686177896829,10921.983457651719,9550.877596227514,7693.4111328125,7791.7265625,7462.781284809961,9658.108199315218,7749.497,8057.763066666667,7749.497,7749.497
1327,3,4,7509.898,11102.323500039267,10761.2513123374,9487.191151204366,7678.6064453125,7747.55322265625,7511.173714258452,9925.580256507694,7765.4675,8064.663783333334,7765.4675,7765.4675
1327,4,4,7230.48,11093.792692204413,10903.61747547004,9576.053440308533,7678.6064453125,7747.30859375,7500.212137845307,9879.009412460693,7765.4675,8064.663783333334,7765.4675,7765.4675
1327,5,4,6790.8555,11050.41913112391,10924.647507420965,9554.199669100199,7678.6064453125,7747.0634765625,7386.652460253535,9873.668124223164,7765.4675,8064.663783333334,7765.4675,7765.4675
1328,3,4,7230.48,11189.977514152473,10572.689779040822,9401.182211114088,7570.8408203125,7698.5244140625,7251.066300807653,10134.427617071076,7765.4675,8056.811866666667,7531.782999999999,7531.782999999999
1328,4,4,6790.8555,11221.710790793593,10706.679658687302,9535.045319877978,7570.8408203125,7698.27978515625,7192.571898705609,10099.96819386296,7765.4675,8056.811866666667,7531.782999999999,7531.782999999999
1329,3,4,6790.8555,11258.08425972167,10672.582937366024,9416.078667021497,7636.8271484375,7840.62939453125,7180.104815025132,10139.86186651956,7765.4675,8046.053883333333,7523.012,7523.012
1332,5,5,5717.097,6602.8303799167115,6718.79541527133,7153.203364716104,6959.02587890625,6746.6337890625,6595.508257517421,6163.474010538099,6790.8555,7964.096883333334,6790.8555,6790.8555
1333,4,5,5717.097,6365.747868427151,6302.540910699306,6877.2195771999,6784.6005859375,6623.1123046875,6074.945894053118,6293.284037804327,6790.8555,7902.774083333334,6393.816,6393.816
1333,5,5,5661.117,6394.11651923738,6290.121299298315,6865.318035799437,6784.6005859375,6623.4755859375,6081.278447513506,6279.358246110921,6790.8555,7902.774083333334,6393.816,6393.816
1334,3,5,5717.097,6091.510487090666,6304.071626678073,6865.203081685019,6709.22607421875,6578.3515625,5735.726599338617,6361.796376432395,6790.8555,7822.1307,6101.6669999999995,6101.6669999999995
1334,4,5,5661.117,6117.27446194261,6339.526855119345,6854.214772268353,6709.22607421875,6578.71435546875,5646.0059517507225,6365.474869983271,6790.8555,7822.1307,6101.6669999999995,6101.6669999999995
1334,5,5,5672.319,6147.5815217890595,6320.384771340574,6827.721147541501,6709.22607421875,6579.07763671875,5722.222904305043,6355.623930236212,6790.8555,7822.1307,6101.6669999999995,6101.6669999999995
1335,3,5,5661.117,6142.417854691797,6122.22402431433,6553.197384266369,6535.83056640625,6398.5615234375,5528.167383267219,6212.929604283464,6790.8555,7728.436233333333,5785.7085,5785.7085
1335,4,5,5672.319,6161.841874573853,6133.894415387247,6541.174714953869,6535.83056640625,6398.9248046875,5555.016051423897,6216.680785484902,6790.8555,7728.436233333333,5785.7085,5785.7085
1335,5,5,5525.226,6224.228222009141,6150.143878503768,6537.346857317295,6535.83056640625,6399.2880859375,5533.55083075174,6224.421577010384,6790.8555,7728.436233333333,5785.7085,5785.7085
1336,3,5,5672.319,6293.832520720048,5868.468774076189,6153.683005802083,6380.126953125,6659.3486328125,5592.731994094188,6290.421100878014,6790.8555,7615.2660166666665,5461.384499999999,5461.384499999999
1336,4,5,5525.226,6252.429950685302,5885.659137549404,6177.4824841631935,6380.126953125,6659.7119140625,5579.723402498713,6301.6642754764625,6790.8555,7615.2660166666665,5461.384499999999,5461.384499999999
1336,5,5,5687.649,6289.152033672769,5901.87297906875,6200.692019280588,6380.126953125,6660.0751953125,5639.813518791289,6313.258326711278,6790.8555,7615.2660166666665,5461.384499999999,5461.384499999999
1337,3,5,5525.226,6002.644452423645,5756.253522010711,6410.19231174785,6307.6767578125,6513.99658203125,6198.553705233512,6395.784469095191,5717.097,7510.380666666667,5717.097,5717.097
1337,4,5,5687.649,5980.245347689164,5784.816109482437,6423.52612350281,6307.6767578125,6514.35986328125,6357.930362628103,6432.671875880772,5717.097,7510.380666666667,5717.097,5717.097
1338,3,5,5687.649,6312.9353697419965,5838.969811901583,6467.633525284722,6293.2197265625,6408.466796875,6229.26567873414,6352.681086269818,5661.117,7398.482466666666,5661.117,5661.117
1338,5,5,5231.3825,6327.121204592571,5902.699610525938,6525.940817980159,6293.2197265625,6409.19287109375,6258.301483679253,6401.43080442346,5661.117,7398.482466666666,5661.117,5661.117
1339,4,5,5231.3825,6222.89100884383,6103.977813356445,6422.787189306548,6258.85205078125,6327.48876953125,6330.37148152337,6367.707322780534,5672.319,7311.814033333333,5672.319,5672.319
1339,5,5,5982.115,6272.190640415036,6155.358385380602,6438.960828261905,6258.85205078125,6327.85205078125,6235.102439708692,6371.006653404813,5672.319,7311.814033333333,5672.319,5672.319
1340,3,5,5231.3825,6128.129279018821,6100.87095961855,6392.651409728174,6196.4873046875,6234.78369140625,5952.860098735607,6362.804540065172,5525.226,7229.9378333333325,5525.226,5525.226
1340,4,5,5982.115,6146.394533561766,6132.548938678967,6456.070744237102,6196.4873046875,6235.14697265625,5969.820007060292,6395.4430595053755,5525.226,7229.9378333333325,5525.226,5525.226
1340,5,5,6380.463,6195.694165132973,6170.355964758332,6477.870384032737,6196.4873046875,6235.509765625,5932.781900365252,6408.65486198976,5525.226,7229.9378333333325,5525.226,5525.226
1341,3,5,5982.115,6447.164880669884,6140.3135558127005,6478.703760722223,6212.392578125,6514.94140625,6264.667232216005,6399.101692900291,5687.649,7155.045783333333,5687.649,5687.649
1341,4,5,6380.463,6492.442228984537,6174.238028933235,6534.1302138125,6212.392578125,6515.3046875,6329.6230609991235,6408.179642877851,5687.649,7155.045783333333,5687.649,5687.649
1341,5,5,6693.817,6510.948700469785,6202.38570729633,6554.6201759970245,6212.392578125,6515.66796875,6219.426566157557,6408.801877468197,5687.649,7155.045783333333,5687.649,5687.649
1342,3,5,6380.463,6442.251583774131,6212.597139827164,6554.453125150794,6205.0439453125,6424.85986328125,6456.112550255206,6448.263946092479,5687.649,7084.122350000001,5770.431,5770.431
1342,4,5,6693.817,6472.853221739115,6224.450805390164,6588.0974848263895,6205.0439453125,6425.22314453125,6417.0849032717,6447.463604960837,5687.649,7084.122350000001,5770.431,5770.431
1342,5,5,7075.3255,6488.297544058517,6241.71461062826,6600.480561773809,6205.0439453125,6425.58642578125,6436.7111885298655,6453.711609840248,5687.649,7084.122350000001,5770.431,5770.431
1343,3,5,6693.817,6328.129882137483,6220.405247976025,6119.820072472221,6077.99462890625,5930.4921875,5907.655914220858,6250.905916505185,5231.3825,6992.8463,5231.3825,5231.3825
1343,4,5,7075.3255,6353.778188588254,6248.046614876621,6184.530982653769,6077.99462890625,5930.85546875,5841.388227817983,6263.2360016213,5231.3825,6992.8463,5231.3825,5231.3825
1343,5,5,7974.4875,6368.200365964774,6261.538103037336,6219.373761434523,6077.99462890625,5931.21875,5841.4671498747275,6277.807728809243,5231.3825,6992.8463,5231.3825,5231.3825
1344,3,5,7075.3255,6632.852736754689,6427.171142703006,6679.840967521825,6277.521484375,6231.0283203125,6361.680202688515,6414.646962827276,5982.115,6923.048,5982.115,5982.115
1344,4,5,7974.4875,6658.5010432054605,6433.522734582471,6728.6735941875,6277.521484375,6231.39111328125,6328.7057248378105,6415.36657336055,5982.115,6923.048,5982.115,5982.115
1345,3,5,7974.4875,6514.6580679469125,6541.328298551786,6940.463879275793,6466.75390625,6367.17138671875,6598.263647495428,6525.490454604268,6380.463,6870.743433333333,6380.463,6380.463
1347,5,5,7706.46,7593.736463116852,7370.633893726719,7106.83420275463,6884.39404296875,6732.63037109375,6571.254016384628,7547.643068838957,7075.3255,6799.342816666667,7075.3255,7075.3255
1348,4,5,7706.46,7193.086386248543,7448.481815674948,7632.439227508267,7205.22265625,7172.4033203125,7177.369770513132,7545.088250789376,7974.4875,6799.584616666666,7974.4875,7974.4875
1348,5,5,7649.627,7213.723123145889,7451.892646415162,7641.700945277447,7205.22265625,7172.7666015625,7198.338068401884,7544.368070661413,7974.4875,6799.584616666666,7974.4875,7974.4875
1349,3,5,7706.46,7162.007872771356,7519.384978932687,7664.473197604167,7363.71435546875,7074.29443359375,7466.2029704615215,7472.4454069490685,7974.4875,6801.300916666666,8049.075,8049.075
1349,4,5,7649.627,7139.9869035472775,7516.5865487164165,7601.603016106481,7363.71435546875,7074.65771484375,7550.534456072067,7485.208246535123,7974.4875,6801.300916666666,8049.075,8049.075
1349,5,5,7586.778,7169.722544906788,7509.415193891153,7577.028223570436,7363.71435546875,7075.0205078125,7515.316681540863,7473.893512712038,7974.4875,6801.300916666666,8049.075,8049.075
1350,3,5,7649.627,7354.524421845584,7555.21480519122,7569.279690842924,7383.87451171875,6939.49365234375,7384.196981981425,7487.125299199175,7974.4875,6797.414716666667,7917.75,7917.75
1350,4,5,7586.778,7210.684718176351,7546.151548677331,7546.239027664352,7383.87451171875,6939.85693359375,7545.556611670611,7484.575275226502,7974.4875,6797.414716666667,7917.75,7917.75
1350,5,5,7670.4055,7234.005336394845,7546.64652821318,7539.508634241071,7383.87451171875,6940.22021484375,7406.684760668473,7474.632561822051,7974.4875,6797.414716666667,7917.75,7917.75
1351,3,5,7586.778,7540.834563885549,7764.898039755423,7658.340208036376,7474.48193359375,7151.72998046875,7484.577160385016,7448.1556941569015,7974.4875,6796.242566666667,7887.7875,7887.7875
1351,4,5,7670.4055,7396.994860216317,7754.524465213757,7643.236376395503,7474.48193359375,7152.09326171875,7336.595851201794,7455.989063688216,7974.4875,6796.242566666667,7887.7875,7887.7875
1352,3,5,7670.4055,7513.693235851442,7839.091528622955,7288.88311480291,7576.08837890625,7054.4072265625,7614.069838003208,6973.719531067157,7706.46,6798.716166666666,7706.46,7706.46
1356,5,5,7012.3725,6756.026069924625,7594.271955645836,7164.019138070105,7613.44189453125,7129.2880859375,7580.71866793042,7027.6887470400825,7670.4055,6783.902016666666,7583.6759999999995,7583.6759999999995
1357,4,5,7012.3725,6769.333150421217,7396.228305204468,7289.838503903107,7550.80859375,7400.6923828125,7700.242246198007,7162.52248443726,7670.4055,6780.025699999999,7649.177999999999,7649.177999999999
1357,5,5,6951.987,6749.954124007997,7393.0562534678575,7266.729611160052,7550.80859375,7401.0556640625,7701.55196852467,7154.05807337288,7670.4055,6780.025699999999,7649.177999999999,7649.177999999999
1358,3,5,7012.3725,6912.991550582086,7464.521670776942,7431.936580044312,7562.3056640625,7450.8857421875,7603.637399560756,7610.215598717319,7670.4055,6781.148966666666,7565.481,7565.481
1358,4,5,6951.987,6883.95857589026,7466.019965713594,7436.251373625,7562.3056640625,7451.2490234375,7554.949156307431,7614.181281586073,7670.4055,6781.148966666666,7565.481,7565.481
1359,3,5,6951.987,6879.44853461405,7405.293562928725,7124.588168050265,7392.06201171875,7084.26904296875,7487.750208037619,7050.078977282787,7670.4055,6780.077950000001,7490.8815,7490.8815
1360,5,5,7419.1915,6811.344388301426,7510.618685112996,7404.2365176461635,7357.49609375,7172.2314453125,7317.558354146188,7362.773488983804,7670.4055,6776.2296166666665,7394.447999999999,7394.447999999999
1361,4,5,7419.1915,7089.638160667667,7461.354469822119,7006.281500557209,7273.58349609375,6955.42822265625,6978.645381815651,7543.234897400202,7012.3725,6768.959366666667,7012.3725,7012.3725
1361,5,5,7520.2425,7061.410202776804,7456.3578208265835,6985.837394636575,7273.58349609375,6955.79150390625,6920.8324985223135,7543.427219945709,7012.3725,6768.959366666667,7012.3725,7012.3725
1362,3,5,7419.1915,7019.1478163954125,7687.449295750364,7207.162700099537,7308.0390625,7110.435546875,6960.487427298215,7437.7277720177735,6951.987,6774.330416666667,6951.987,6951.987
1362,4,5,7520.2425,6888.4387175014335,7643.555117430719,7219.6015796574075,7308.0390625,7110.79833984375,6967.354853318881,7424.602426082695,6951.987,6774.330416666667,6951.987,6951.987
1362,5,5,7590.954,6895.363078173927,7651.438140449073,7227.908885206019,7308.0390625,7111.16162109375,6959.41580031418,7427.723182781039,6951.987,6774.330416666667,6951.987,6951.987
1363,3,5,7520.2425,7014.354281406498,7506.035401901952,7526.971948437499,7406.2041015625,7281.49072265625,7066.155217297264,7609.72747212477,6951.987,6796.453616666666,7057.512,7057.512
1363,4,5,7590.954,6981.345460228633,7447.791948345403,7569.469496148147,7406.2041015625,7281.85400390625,7037.207865017527,7615.601962718775,6951.987,6796.453616666666,7057.512,7057.512
1363,5,5,7537.296,6996.096607435887,7429.95155333598,7597.890415435185,7406.2041015625,7282.21728515625,7035.977845794103,7609.977760511065,6951.987,6796.453616666666,7057.512,7057.512
1364,3,5,7590.954,6904.039982239665,7961.883461226654,7542.909933888888,7356.244140625,7298.16650390625,7105.805562949049,7691.509985314212,6951.987,6828.918116666667,7075.602,7075.602
1364,4,5,7537.296,6819.432937436353,7943.1490625609795,7583.696547784722,7356.244140625,7298.52978515625,7078.19751492473,7695.7051548211775,6951.987,6828.918116666667,7075.602,7075.602
1365,3,5,7537.296,7099.23370133531,8042.4019970696445,7893.635027016534,7477.8291015625,7704.56640625,7503.660715376456,7615.424722344728,7419.1915,6883.367549999999,7419.1915,7419.1915
1367,5,5,7314.81,7165.182797458029,7795.704167854728,7900.1110492615735,7621.43017578125,8073.47314453125,7611.27130258773,7793.773907434873,7590.954,7014.45805,7590.954,7590.954
1368,4,5,7314.81,7580.99811513358,7950.434709045197,7910.418027523148,7610.85888671875,8018.19091796875,7513.340894834259,7743.093017394392,7537.296,7076.997350000001,7537.296,7537.296
1368,5,5,7220.026,7615.394616000766,7932.7788945888515,7911.58154387037,7610.85888671875,8018.5537109375,7529.329057579114,7736.979025841328,7537.296,7076.997350000001,7537.296,7537.296
1369,3,5,7314.81,7602.009894029055,8009.281983969707,7789.733581276125,7553.7490234375,7995.94921875,7526.018442780583,7794.570599753976,7537.296,7139.28545,7540.962,7540.962
1369,4,5,7220.026,7551.06482418668,8006.097285343417,7848.433332731482,7553.7490234375,7996.3125,7536.56832929697,7800.674070023753,7537.296,7139.28545,7540.962,7540.962
1369,5,5,7366.293,7599.860264766774,7986.842642256117,7847.887120694445,7553.7490234375,7996.67578125,7535.40377992259,7791.942955824487,7537.296,7139.28545,7540.962,7540.962
1370,3,5,7220.026,7455.945162681745,8081.422228740739,7739.472088141866,7462.380859375,7919.240234375,7407.078543253554,7773.079587050361,7537.296,7202.1996500000005,7412.652000000001,7412.652000000001
1370,4,5,7366.293,7417.01002137425,8075.118826839453,7823.164323467594,7462.380859375,7919.60302734375,7409.980849279374,7775.435888075597,7537.296,7202.1996500000005,7412.652000000001,7412.652000000001
1370,5,5,7548.252,7457.728702435061,8065.239000686672,7812.193353685187,7462.380859375,7919.96630859375,7404.202420296797,7775.613969812281,7537.296,7202.1996500000005,7412.652000000001,7412.652000000001
1371,3,5,7366.293,7626.058221332444,8029.750346085636,7609.533911768519,7384.703125,8002.4296875,7280.559304838313,7738.763726236804,7537.296,7254.119283333333,7245.238,7245.238
1371,4,5,7548.252,7627.812225093315,8036.551147015046,7675.896528388889,7384.703125,8002.79296875,7237.686642126469,7747.440329582135,7537.296,7254.119283333333,7245.238,7245.238
1371,5,5,7546.0,7656.657239420426,8035.188473564646,7669.969184115741,7384.703125,8003.15625,7227.506024767727,7747.067574288319,7537.296,7254.119283333333,7245.238,7245.238
1372,3,5,7548.252,7251.671496055984,7809.716795364348,7677.775881884259,7039.77685546875,7547.16162109375,6827.546980595661,7242.096113883409,7314.81,7305.598583333333,7314.81,7314.81
1372,4,5,7546.0,7225.748166141332,7834.542601811737,7743.274241680556,7039.77685546875,7547.5244140625,6704.481326578765,7243.487249860673,7314.81,7305.598583333333,7314.81,7314.81
1373,3,5,7546.0,7175.382426903968,7725.534054639345,7388.646353318452,7103.0126953125,8028.9560546875,7288.077775575852,7272.535701641613,7220.026,7371.8867,7220.026,7220.026
1375,5,5,7422.192,7145.031347160009,7733.954983759024,7546.362785864419,6884.29248046875,7422.302734375,7578.810199257286,6979.630651725082,7548.252,7456.952266666666,7548.252,7548.252
1376,4,5,7422.192,7100.7924893189975,7801.108750787198,7652.332839715277,7273.07958984375,7615.51953125,7562.787185961205,7138.383187722073,7546.0,7485.358366666666,7546.0,7546.0
1376,5,5,7494.24,7171.93739078434,7791.460819002575,7606.672417906085,7273.07958984375,7615.8828125,7561.743689757606,7144.394134082765,7546.0,7485.358366666666,7546.0,7546.0
1377,3,5,7422.192,7420.528687765225,7841.532729838049,7591.480685198081,7271.9765625,7545.73193359375,7560.401635315112,6908.1535980201015,7546.0,7500.700433333333,7535.5875,7535.5875
1377,4,5,7494.24,7296.890822622719,7839.343846912501,7628.395180354166,7271.9765625,7546.09521484375,7570.14430659688,6895.729438099752,7546.0,7500.700433333333,7535.5875,7535.5875
1377,5,5,7618.896,7311.248744733903,7825.076284669544,7596.51627071164,7271.9765625,7546.4580078125,7563.36609326089,6901.020687014088,7546.0,7500.700433333333,7535.5875,7535.5875
1378,3,5,7494.24,7710.493395608895,7817.1051614162225,7552.017504045634,7249.91259765625,7534.185546875,7492.764868794105,6973.842303166327,7546.0,7482.027933333334,7414.3125,7414.3125
1378,4,5,7618.896,7599.8673418592325,7816.013364795237,7599.432081713294,7249.91259765625,7534.54833984375,7448.540699478368,6962.023818364775,7546.0,7482.027933333334,7414.3125,7414.3125
1378,5,5,7617.012,7614.225263970417,7802.79214930744,7567.841658931879,7249.91259765625,7534.91162109375,7438.868042610523,6967.069436237508,7546.0,7482.027933333334,7414.3125,7414.3125
1379,3,5,7618.896,7627.349037913425,7936.192509482195,7681.203512969247,6758.88720703125,6370.80322265625,7431.511550842018,7570.279260999104,7546.0,7461.114183333333,7421.6625,7421.6625
1379,4,5,7617.012,7604.907162699883,7942.497526829267,7739.004813199405,6758.88720703125,6371.166015625,7466.935766133914,7574.142242487682,7546.0,7461.114183333333,7421.6625,7421.6625
1380,3,5,7617.012,7691.055833598973,8005.751666815232,7794.156686014219,7311.69140625,7287.5185546875,7381.142035580334,7689.954404130429,7422.192,7444.595583333333,7422.192,7422.192
1381,5,5,7841.222,7806.775237068931,8056.187869719349,7841.934932780423,7278.51171875,7425.68701171875,7414.421339505041,7797.962330769352,7494.24,7431.477333333332,7494.24,7494.24
1382,4,5,7841.222,7776.879115896636,8066.939130745637,8016.892597165013,7325.4619140625,7511.51953125,7524.428823683875,7739.392735385348,7618.896,7428.558533333333,7618.896,7618.896
1382,5,5,8101.874,7831.958748692761,8067.297577904666,8017.6263932781085,7325.4619140625,7511.8828125,7508.932037309325,7747.5978865470715,7618.896,7428.558533333333,7618.896,7618.896
1383,3,5,7841.222,7885.602959727898,8101.358587449362,7947.094311806878,7402.19091796875,7551.849609375,7540.736483189934,7755.209161910635,7617.012,7427.471366666667,7617.012,7617.012
1383,4,5,8101.874,7843.646657594366,8093.805200123716,7975.342977113426,7402.19091796875,7552.212890625,7529.791631884298,7759.724429529028,7617.012,7427.471366666667,7617.012,7617.012
1383,5,5,8160.44,7898.726290390491,8091.355864816176,7988.807014128307,7402.19091796875,7552.576171875,7529.211316635395,7770.2503341948295,7617.012,7427.471366666667,7617.012,7617.012
1384,3,5,8101.874,7883.533363814932,8098.008547974065,7841.888113487434,7441.9287109375,7481.90478515625,7500.088082277079,7719.787501593153,7617.012,7427.097566666666,7575.564,7575.564
1384,4,5,8160.44,7892.171698715128,8084.0874273255,7871.554319592593,7441.9287109375,7482.26806640625,7489.243167562038,7724.280305754415,7617.012,7427.097566666666,7575.564,7575.564
1384,5,5,8269.7055,7947.251331511253,8082.143130582246,7898.704187739419,7441.9287109375,7482.63134765625,7488.630506398206,7732.107893766922,7617.012,7427.097566666666,7575.564,7575.564
1385,3,5,8160.44,7795.340946493855,8142.920662732297,8041.2192525013215,7455.0068359375,7460.6767578125,7553.297128235915,7729.107636223291,7617.012,7425.67365,7627.687999999999,7627.687999999999
1385,4,5,8269.7055,7781.238490201458,8127.944269770242,8062.822842842592,7455.0068359375,7461.0400390625,7555.7528423629865,7734.0293302782175,7617.012,7425.67365,7627.687999999999,7627.687999999999
1385,5,5,8245.071,7836.3181229975835,8129.964280016273,8067.570195156084,7455.0068359375,7461.4033203125,7555.264277464672,7741.287652149681,7617.012,7425.67365,7627.687999999999,7627.687999999999
1386,3,5,8269.7055,7578.544061527665,7863.491794693009,8039.309126044973,7693.82177734375,9160.697265625,7767.327847115712,7708.849306668433,7841.222,7434.258516666667,7841.222,7841.222
1386,4,5,8245.071,7651.586251183688,7857.50602858095,8047.606898406085,7693.82177734375,9161.060546875,7770.406580539183,7718.860779229001,7841.222,7434.258516666667,7841.222,7841.222
1387,3,5,8245.071,7667.165094026755,8027.32616682294,8469.930622759259,7646.33642578125,8139.96923828125,8028.2421975401,7928.171475307597,8101.874,7449.348383333334,8101.874,8101.874
1388,5,5,8444.376,7823.760596464323,7793.3807503430535,8212.987344659721,7748.4443359375,8241.1494140625,8085.453341847346,7881.757023327886,8160.44,7469.18035,8160.44,8160.44
1389,4,5,8444.376,7715.115419630202,7978.261150629289,8398.254829775793,7822.12890625,8213.0693359375,8195.654753652261,7897.302052649292,8269.7055,7495.1411499999995,8269.7055,8269.7055
1389,5,5,8551.1125,7715.355074343624,7968.991332118179,8378.068841248016,7822.12890625,8213.4326171875,8195.171446692902,7896.655159069181,8269.7055,7495.1411499999995,8269.7055,8269.7055
1390,3,5,8444.376,7709.138115290968,7819.072709847221,8080.198675593254,7855.998046875,8112.83203125,8166.567257483726,7757.778028852245,8245.071,7523.495249999999,8245.071,8245.071
1390,4,5,8551.1125,7669.216966238551,7807.747338447914,8124.400539781746,7855.998046875,8113.1953125,8168.220372435472,7744.125736663434,8245.071,7523.495249999999,8245.071,8245.071
1390,5,5,8549.016,7669.4566209519735,7794.886650622322,8103.116987366071,7855.998046875,8113.55810546875,8167.880731008804,7745.322516789929,8245.071,7523.495249999999,8245.071,8245.071
1391,3,5,8551.1125,7741.7938251629985,7777.7900213373,8046.966277609127,7887.837890625,8117.82861328125,8129.565680228484,7762.413741969441,8245.071,7563.3111,8206.848,8206.848
1391,4,5,8549.016,7774.575173486367,7765.863056414184,8091.897929193452,7887.837890625,8118.19189453125,8131.294928366059,7766.160003626793,8245.071,7563.3111,8206.848,8206.848
1391,5,5,8582.528,7774.814828199789,7749.7383895816465,8066.610995770833,7887.837890625,8118.55517578125,8130.835633273816,7767.359385447644,8245.071,7563.3111,8206.848,8206.848
1392,3,5,8549.016,7702.283140854837,7809.858760980154,8152.059392928571,7870.32763671875,8180.220703125,8258.566433351069,7769.7368576603885,8245.071,7609.311449999999,8331.9975,8331.9975
1392,4,5,8582.528,7738.6713797342445,7803.925079502476,8205.191645151785,7870.32763671875,8180.583984375,8260.49567619727,7777.453184712041,8245.071,7609.311449999999,8331.9975,8331.9975
1392,5,5,8566.5035,7749.92284352331,7790.5499855756925,8198.116184868055,7870.32763671875,8180.947265625,8259.73178123858,7776.422877342378,8245.071,7609.311449999999,8331.9975,8331.9975
1393,3,5,8582.528,7967.624509113409,7846.221829831346,8192.07590025992,7963.37255859375,8356.189453125,8370.878542953511,7768.685191662875,8444.376,7655.540250000001,8444.376,8444.376
1393,4,5,8566.5035,7992.688442305721,7833.711927006444,8242.293338440477,7963.37255859375,8356.552734375,8372.844043913816,7775.147389115386,8444.376,7655.540250000001,8444.376,8444.376
1394,3,5,8566.5035,7825.44934360844,7843.733230609126,8169.849541763888,8024.27197265625,8241.2021484375,8476.561889672004,7880.599069725571,8551.1125,7704.723933333333,8551.1125,8551.1125
1396,5,5,8435.808,7653.93009667677,7741.659081627403,7927.517412638889,8086.4189453125,8204.353515625,8514.503120191011,7775.338980425086,8582.528,7777.794266666666,8582.528,8582.528
1397,4,5,8435.808,7597.401195084299,7782.366304746448,7952.618451625001,8080.44140625,8055.6376953125,8475.97880039605,7595.641113777823,8566.5035,7810.312583333333,8566.5035,8566.5035
1398,3,5,8435.808,7533.323491188011,7772.5856184224995,7941.115412854167,7990.8818359375,7949.822265625,8421.46808460816,7596.044424312841,8566.5035,7842.805383333333,8512.08,8512.08
1398,5,5,8491.32,7555.916212205606,7758.74993416312,7905.170271965278,7990.8818359375,7950.548828125,8420.599589232863,7601.960473970829,8566.5035,7842.805383333333,8512.08,8512.08
1399,4,5,8491.32,7605.744911307493,7783.6788172132165,7888.213991541667,7973.5205078125,8013.3271484375,8345.844951782612,7581.628366920815,8566.5035,7871.67005,8406.902,8406.902
1399,5,5,6121.0345,7616.996375096558,7767.6885240376205,7842.147475868056,7973.5205078125,8013.6904296875,8346.114945399322,7575.726940535894,8566.5035,7871.67005,8406.902,8406.902
1400,3,5,8491.32,7246.987344386378,8002.50028777699,8012.676924969907,7964.603515625,7887.6826171875,8331.21241758942,7575.830754173821,8566.5035,7904.0983,8385.4995,8385.4995
1400,4,5,6121.0345,7337.072823099185,7989.512254138145,8068.115817907407,7964.603515625,7888.0458984375,8326.136618459457,7581.938116689008,8566.5035,7904.0983,8385.4995,8385.4995
1401,3,5,6121.0345,7255.578045136196,7789.121572631327,7898.696702983797,8015.431640625,7693.123046875,8376.505739145985,7529.005935005772,8435.808,7943.783966666667,8435.808,8435.808
1402,5,5,7306.202,7520.792815449471,7977.431810901608,8017.010818956019,8064.2646484375,7583.7041015625,8236.501154324382,7550.5249837113215,8435.808,7977.050166666667,8312.796,8312.796
1403,4,5,7306.202,7001.9044647663495,7641.478187971062,8068.118479923611,7945.0693359375,7456.4541015625,8435.85663546344,7512.910940400253,8491.32,8019.4266333333335,8491.32,8491.32
1403,5,5,7438.8125,7024.324088143592,7592.851761463788,8037.800154298611,7945.0693359375,7456.81689453125,8437.061212032457,7508.191130099248,8491.32,8019.4266333333335,8491.32,8491.32
1404,3,5,7306.202,6181.159974330042,6676.725838507834,6589.361708320767,7302.35888671875,5831.4765625,6055.821286495327,5660.801190626561,6121.0345,7977.9180166666665,6121.0345,6121.0345
1404,4,5,7438.8125,6060.914593975305,6658.197731151188,6639.81131312037,7302.35888671875,5831.83984375,6050.6906592977,5656.533552991934,6121.0345,7977.9180166666665,6121.0345,6121.0345
1405,3,5,7438.8125,6123.818741422024,6529.569552471031,7162.443496721231,7091.0283203125,6257.40478515625,6497.953520550439,5376.143413915252,6121.0345,7945.419833333333,6573.306500000001,6573.306500000001
1405,5,5,7605.837,5959.574879027297,6490.439970365868,7231.599014181878,7091.0283203125,6258.13134765625,6511.3559261827095,5364.979337862224,6121.0345,7945.419833333333,6573.306500000001,6573.306500000001
1406,4,5,7605.837,6017.970250802717,6161.0046779234135,7079.4446747066795,7019.7958984375,6044.453125,6471.262737211648,5574.782590843765,6121.0345,7913.0172,6573.920999999999,6573.920999999999
1406,5,5,7578.4625,6046.041057100925,6152.403368679561,7062.350603921957,7019.7958984375,6044.81640625,6441.060896138328,5571.083930108467,6121.0345,7913.0172,6573.920999999999,6573.920999999999
1407,3,5,7605.837,6598.958804185249,7260.820522922458,7734.629002405754,7321.39453125,6722.9189453125,7286.192393673783,7363.778501715015,7306.202,7905.371016666667,7306.202,7306.202
1407,4,5,7578.4625,6692.772231454743,7240.242275410256,7741.969462026124,7321.39453125,6723.2822265625,7342.544561614208,7366.704388650179,7306.202,7905.371016666667,7306.202,7306.202
1408,3,5,7578.4625,6517.685949532055,7830.469693700198,7670.315555861111,7531.54443359375,6747.01904296875,7512.285638706022,7708.807391541764,7438.8125,7906.187683333334,7438.8125,7438.8125
1409,5,5,8051.0635,7320.139511469523,7985.400828866237,7672.415359872685,7543.82470703125,6876.9931640625,7423.6619838015495,7689.636647666548,7438.8125,7908.71935,7497.6125,7497.6125
1410,4,5,8051.0635,7181.02860961168,8039.4448152095565,7828.750520762566,7588.44677734375,7168.6923828125,7533.231707920811,7642.256183120804,7605.837,7914.84085,7605.837,7605.837
1411,3,5,8051.0635,7651.069091004395,8192.172034783558,7849.659052806547,7555.8955078125,7194.16943359375,7503.369762772873,7853.29417173934,7578.4625,7917.648266666667,7578.4625,7578.4625
1411,5,5,7981.298,7688.258867902452,8191.644977338784,7904.272772190806,7555.8955078125,7194.89599609375,7505.43541819521,7855.236294819976,7578.4625,7917.648266666667,7578.4625,7578.4625
1412,4,5,7981.298,7192.029424438729,8025.751594002089,7958.411531423942,7518.84423828125,7117.02392578125,7633.92370200572,7855.175669331806,7578.4625,7921.118816666667,7723.0125,7723.0125
1412,5,5,7891.676,7232.084630072816,8016.21315934501,7918.102282025463,7518.84423828125,7117.38720703125,7633.244878131521,7852.704959988795,7578.4625,7921.118816666667,7723.0125,7723.0125
1413,3,5,7981.298,7613.903098213715,8053.565293931187,8073.664063945767,7568.9140625,7353.4130859375,7825.383488370554,8022.216575369279,7578.4625,7930.715916666666,7904.925,7904.925
1413,4,5,7891.676,7527.351909329277,8039.950550268491,8113.617016001323,7568.9140625,7353.77587890625,7818.410484460222,8020.018458803791,7578.4625,7930.715916666666,7904.925,7904.925
1413,5,5,7783.02,7567.407114963365,8021.5495855092295,8091.802767063823,7568.9140625,7354.13916015625,7792.606460958963,8017.499606569846,7578.4625,7930.715916666666,7904.925,7904.925
1414,3,5,7891.676,7183.754095539309,7687.157371042328,8046.740368630953,7710.4814453125,7446.2626953125,7991.910964565028,7731.599702047097,8051.0635,7946.5659000000005,8051.0635,8051.0635
1414,4,5,7783.02,7052.260411530016,7676.952442056516,8108.23765297123,7710.4814453125,7446.6259765625,8005.439866259394,7734.783679772265,8051.0635,7946.5659000000005,8051.0635,8051.0635
1415,3,5,7783.02,7171.866521015598,7640.762239075069,7934.464147486112,7691.5634765625,7179.72021484375,7834.889172829717,7853.174994356045,8051.0635,7955.2222,7887.377,7887.377
1416,5,5,7840.6515,7155.426243010222,7632.398078350829,8093.880815486111,7786.9716796875,7262.70654296875,7920.323863505189,7925.560111854392,7981.298,7959.8913999999995,7981.298,7981.298
1417,4,5,7840.6515,7047.206593969324,7635.444709041144,8094.237135736112,7751.51611328125,7259.50732421875,7800.070284747477,7672.837899856569,7891.676,7952.8848,7891.676,7891.676
1418,3,5,7840.6515,8215.501865223268,8404.366588554323,8248.700288006945,7660.93994140625,7503.62939453125,7692.814653225622,7821.063538233172,7783.02,7940.304133333334,7783.02,7783.02
1418,5,5,8260.72,8213.13742465835,8443.356074274241,8268.291909391204,7660.93994140625,7504.35595703125,7692.774196357592,7823.6527082215025,7783.02,7940.304133333334,7783.02,7783.02
1419,4,5,8260.72,8522.502346802949,9119.75218198736,8445.83878923611,7682.8681640625,8005.24755859375,7641.087445385432,7758.770738669738,7783.02,7922.7820833333335,7744.044,7744.044
1419,5,5,8292.0295,8611.302112743777,9110.944386152702,8473.895571870371,7682.8681640625,8005.61083984375,7652.61724181841,7752.420380306331,7783.02,7922.7820833333335,7744.044,7744.044
1420,3,5,8260.72,8678.998235740262,8981.27957850082,8457.911318194445,7752.0810546875,8364.51171875,7881.378206387217,7738.157388105786,7783.02,7909.938183333334,7859.754,7859.754
1420,4,5,8292.0295,8628.850218278725,9030.10860534652,8509.257078645833,7752.0810546875,8364.875,7896.5395116714035,7749.301215278767,7783.02,7909.938183333334,7859.754,7859.754
1420,5,5,8215.4985,8718.22704652465,9021.30031166464,8556.147485305555,7752.0810546875,8365.2373046875,7866.222292999842,7739.907461786251,7783.02,7909.938183333334,7859.754,7859.754
1421,3,5,8292.0295,9109.582155605976,8754.281215697953,8221.97135212434,7960.2763671875,8496.7578125,7779.053680336815,7777.425571361398,7840.6515,7897.731633333334,7840.6515,7840.6515
1421,4,5,8215.4985,9072.572049421644,8783.94878066234,8271.45080922156,7960.2763671875,8497.12109375,7779.1737349418945,7785.345847826753,7840.6515,7897.731633333334,7840.6515,7840.6515
1422,3,5,8215.4985,9139.434142569458,8754.48997574371,8106.395927190476,7963.30810546875,8110.9599609375,7768.336515016865,7924.030136234463,7840.6515,7881.231333333333,7836.9884999999995,7836.9884999999995
1423,5,5,8505.988,9534.84147616724,8897.404500542501,8485.94641350463,8095.6943359375,8042.3564453125,8186.733750697434,7995.579519126798,8260.72,7875.109466666666,8260.72,8260.72
1424,4,5,8505.988,9118.631446902808,8763.610637193047,8221.263441935185,8028.490234375,7857.52490234375,8276.033807195543,7830.938016526743,8292.0295,7866.473366666667,8292.0295,8292.0295
1424,5,5,8646.872,9110.433529237502,8749.06892829953,8230.215876608796,8028.490234375,7857.88818359375,8248.090231116223,7826.688595499653,8292.0295,7866.473366666667,8292.0295,8292.0295
1425,3,5,8505.988,9035.486572757036,8713.593736964085,8170.683265453704,8197.8642578125,8080.705078125,8196.348067060197,7867.2654847800495,8215.4985,7855.356116666667,8215.4985,8215.4985
1425,4,5,8646.872,9096.18205820716,8801.20211048839,8160.326072224537,8197.8642578125,8081.068359375,8211.502177520722,7871.401663674623,8215.4985,7855.356116666667,8215.4985,8215.4985
1425,5,5,8491.32,9047.076766718415,8782.310271492686,8132.735922592592,8197.8642578125,8081.43115234375,8187.428799063469,7872.495002949464,8215.4985,7855.356116666667,8215.4985,8215.4985
1426,3,5,8646.872,9078.156015895223,8779.797186276419,8243.963040027778,8250.767578125,8271.052734375,8478.481050378961,7853.096528872973,8215.4985,7852.9305,8509.7595,8509.7595
1426,4,5,8491.32,9128.766452552125,8881.127838564607,8227.728614666667,8250.767578125,8271.416015625,8497.329743634064,7857.225586983617,8215.4985,7852.9305,8509.7595,8509.7595
1426,5,5,8375.1085,9121.987263025954,8862.661878323868,8211.608162555556,8250.767578125,8271.7783203125,8471.410931243463,7858.311186513664,8215.4985,7852.9305,8509.7595,8509.7595
1427,3,5,8491.32,7346.2405764036475,7976.0677600681665,8033.721638291997,8145.744140625,8266.421875,8357.003922926926,7425.291199154283,8215.4985,7846.643433333333,8377.8915,8377.8915
1427,4,5,8375.1085,7243.898172621809,7996.852310390091,8051.964770234126,8145.744140625,8266.78515625,8363.709607341432,7390.447813438453,8215.4985,7846.643433333333,8377.8915,8377.8915
1427,5,5,8494.69,7234.887006026175,7921.4548397512,8016.576569023478,8145.744140625,8267.1484375,8339.233607949784,7383.643745525761,8215.4985,7846.643433333333,8377.8915,8377.8915
1428,3,5,8375.1085,7749.723173983022,7980.844234279237,8040.173654224536,8048.38037109375,8098.7294921875,8482.44655225575,7318.439008745422,8505.988,7846.440366666667,8505.988,8505.988
1428,4,5,8494.69,7741.18278987347,7991.380621225167,8038.247308472221,8048.38037109375,8099.0927734375,8501.219585423562,7323.054376532695,8505.988,7846.440366666667,8505.988,8505.988
1429,3,5,8494.69,7888.389444711689,7991.9525771527005,8161.894456863425,8092.81494140625,8125.7763671875,8626.904753199124,7258.440617260819,8646.872,7854.439366666667,8646.872,8646.872
1430,5,5,8662.176,7481.531497693263,7909.46857248438,7835.378564266203,8154.2197265625,8052.421875,8441.677340721006,7012.201470738201,8491.32,7857.966716666666,8491.32,8491.32
1431,4,5,8662.176,7768.469253666063,7898.117150652966,7970.90994007209,8135.1396484375,7919.935546875,8321.31704097488,7841.044705606869,8375.1085,7855.9434,8375.1085,8375.1085
1431,5,5,8647.122,7785.195697731295,7911.124997949591,7965.027824120702,8135.1396484375,7920.298828125,8316.364477146959,7836.57455293416,8375.1085,7855.9434,8375.1085,8375.1085
1432,3,5,8662.176,7557.831845808947,8112.192917154953,7827.413080859127,8097.22265625,7470.55517578125,8425.74774437837,7557.430250911923,8494.69,7862.006533333333,8494.69,8494.69
1432,4,5,8647.122,7448.09547177043,8154.453977130151,7775.605776819775,8097.22265625,7470.91845703125,8431.088811987436,7527.826605681231,8494.69,7862.006533333333,8494.69,8494.69
1433,3,5,8647.122,7444.358402443961,7971.757842515092,7904.621371180556,8135.71630859375,7476.732421875,8561.372241008103,7680.996402863252,8494.69,7866.560133333333,8627.928,8627.928
1433,5,5,9074.754,7426.452651842226,7906.8024634482035,7820.322661729167,8135.71630859375,7477.458984375,8567.063233173343,7681.479789097946,8494.69,7866.560133333333,8627.928,8627.928
1434,4,5,9074.754,7336.335926701204,7918.379316406205,7851.563095761574,8116.24609375,7224.31884765625,8619.222510594085,7594.790040570154,8494.69,7950.286983333333,8632.84,8632.84
1434,5,5,9165.96,7364.074179842079,7869.989924726971,7795.454267120371,8116.24609375,7224.68212890625,8571.14230646416,7598.135321642471,8494.69,7950.286983333333,8632.84,8632.84
1435,3,5,9074.754,7613.767462903616,7823.934719289891,8057.885511907407,8201.6826171875,7497.46728515625,8618.819569486304,7677.014755572442,8662.176,8019.915966666667,8662.176,8662.176
1435,4,5,9165.96,7605.227078794064,7803.654378438249,8050.104207046295,8201.6826171875,7497.83056640625,8639.55425284158,7687.638110795159,8662.176,8019.915966666667,8662.176,8662.176
1435,5,5,9188.399,7627.922790736143,7749.703791138974,7992.437360692129,8201.6826171875,7498.19384765625,8606.131831679371,7680.905406714014,8662.176,8019.915966666667,8662.176,8662.176
1436,3,5,9165.96,7408.221622895108,7844.931416013645,8068.252735643518,8172.283203125,7344.77685546875,8622.556649958267,7613.887927939169,8647.122,8089.022666666667,8647.122,8647.122
1436,4,5,9188.399,7372.003905110034,7833.961002049357,8057.729602185184,8172.283203125,7345.14013671875,8635.492847722046,7623.1679980772615,8647.122,8089.022666666667,8647.122,8647.122
1437,3,5,9188.399,7783.132276549414,7826.896683670392,8194.623375868054,8212.607421875,7342.2333984375,8662.214873854207,7755.295504923939,8647.122,8137.0574,8747.243999999999,8747.243999999999
1437,5,5,9377.3475,7761.539063445295,7750.574190018934,8127.287438423609,8212.607421875,7342.9599609375,8673.964134839833,7757.641615584188,8647.122,8137.0574,8747.243999999999,8747.243999999999
1438,4,5,9377.3475,7668.908375399343,7898.682259477434,8454.994692152779,8354.576171875,7836.4443359375,9024.487217657632,7932.730953654815,9074.754,8191.588783333334,9074.754,9074.754
1438,5,5,9480.887,7668.86735779762,7843.4714981097095,8398.942092560186,8354.576171875,7836.8076171875,8999.294084530891,7922.608947472663,9074.754,8191.588783333334,9074.754,9074.754
1439,3,5,9377.3475,7700.982080571675,7725.2220727353715,8319.719534150463,8504.5439453125,7968.0625,9132.354703711328,8100.670335392685,9165.96,8247.200366666666,9165.96,9165.96
1439,4,5,9480.887,7605.843041044111,7678.0930051937,8295.190110254629,8504.5439453125,7968.42578125,9151.663256905103,8067.901706335073,9165.96,8247.200366666666,9165.96,9165.96
1439,5,5,9126.344,7580.944825741161,7614.5564082595065,8262.627626662035,8504.5439453125,7968.7890625,9149.15387371999,8076.540785675952,9165.96,8247.200366666666,9165.96,9165.96
1440,3,5,9480.887,7650.026875489245,7720.3404630320765,8317.149839321759,8484.7509765625,7743.79296875,9169.907753293202,8085.868372595567,9188.399,8299.952433333334,9188.399,9188.399
1440,4,5,9126.344,7613.19721751948,7679.378999266199,8256.083839467592,8484.7509765625,7744.15625,9155.119158360409,8092.303611107363,9188.399,8299.952433333334,9188.399,9188.399
1441,3,5,9126.344,7706.889380953346,7695.459904904297,8277.31385490972,8464.775390625,7823.33154296875,9100.413849447374,7756.599789957998,9188.399,8352.353216666666,9150.485999999999,9150.485999999999
1441,5,5,8714.55,7578.210050212413,7562.904262957001,8172.804783372683,8464.775390625,7824.0576171875,9007.45312567012,7738.156412721287,9188.399,8352.353216666666,9150.485999999999,9150.485999999999
1442,4,5,8714.55,7217.021640702593,7899.650740714279,8429.192577789352,8461.689453125,7825.16796875,9286.031095246108,7728.993780023577,9377.3475,8407.497716666667,9377.3475,9377.3475
1443,3,5,8714.55,7538.216803809803,7877.129947263423,8477.834030456019,8470.58984375,7845.109375,9389.848210261556,8045.80296313805,9480.887,8460.029783333333,9480.887,9480.887
1444,5,5,8283.7145,7257.5507364902605,7791.280962774468,8070.738653930554,8391.623046875,7793.6591796875,9075.939872901188,7333.428496639079,9126.344,8495.872466666666,9126.344,9126.344
1445,4,5,8283.7145,7352.411393824092,7812.655676577374,8044.740861087961,8329.306640625,7766.00146484375,8826.939038177601,7551.941016708255,9126.344,8527.628999999999,8840.072999999999,8840.072999999999
1445,5,5,8487.216,7353.172364256547,7714.569356292323,7999.199730907406,8329.306640625,7766.3642578125,8816.942603290301,7566.736624521352,9126.344,8527.628999999999,8840.072999999999,8840.072999999999
1446,3,5,8283.7145,7324.847190225711,7815.745660248729,8099.312261983796,8245.0390625,7445.6533203125,8640.035893710274,7421.051771809728,8714.55,8552.070733333334,8714.55,8714.55
1446,4,5,8487.216,7255.171170130782,7783.908805821016,8101.0762718009255,8245.0390625,7446.0166015625,8669.245367036878,7384.460256897714,8714.55,8552.070733333334,8714.55,8714.55
1446,5,5,8665.679,7292.355263894776,7704.3079902734,8038.655047837962,8245.0390625,7446.37939453125,8647.86644408245,7395.554116949721,8714.55,8552.070733333334,8714.55,8714.55
1447,3,5,8487.216,7379.487203700511,7858.07019043821,8161.4039509652775,8170.8486328125,7391.73046875,8662.138436113839,7365.21651421187,8714.55,8579.807366666666,8723.775,8723.775
1447,4,5,8665.679,7277.4757824543085,7832.489961016452,8154.281099097222,8170.8486328125,7392.09375,8651.784057258239,7328.718071016639,8714.55,8579.807366666666,8723.775,8723.775
1447,5,5,8658.9125,7303.620190601991,7761.259355308119,8089.785453333333,8170.8486328125,7392.45703125,8655.802202599387,7339.788829013077,8714.55,8579.807366666666,8723.775,8723.775
1448,3,5,8665.679,7368.9699173318595,7874.794724311227,8224.24381482639,8233.53125,7728.84765625,8680.253190863285,7204.809566249733,8714.55,8611.063366666665,8720.7,8720.7
1448,4,5,8658.9125,7296.286070063477,7831.244043646414,8187.798025305557,8233.53125,7729.2109375,8693.207290598571,7176.417226750845,8714.55,8611.063366666665,8720.7,8720.7
1449,3,5,8658.9125,7277.390403012061,7784.768806340203,8080.0842786712965,8178.6044921875,7740.486328125,8252.631637608181,7274.668185333536,8283.7145,8629.052383333334,8283.7145,8283.7145
1451,5,6,7745.595,8520.866147810613,8352.706517862038,8308.680367635417,8214.830078125,8355.7734375,8640.454226285781,7129.516899072722,8665.679,8677.4687,8665.679,8642.618733887719
1452,4,6,7745.595,8617.124111817542,8433.94069397262,8328.931016789187,8151.19287109375,8194.025390625,8633.847193108946,7452.6523057388595,8658.9125,8704.866166666667,8658.9125,8647.439644999406
1452,5,6,7206.57,8420.759575466045,8384.558828175,8298.602500802084,8151.19287109375,8194.8310546875,8649.14111884954,7401.546191463612,8658.9125,8704.866166666667,8658.9125,8621.573479231189
1453,3,6,7745.595,8698.116375631538,8582.911729555613,8521.538995580853,8180.544921875,8118.21533203125,8837.504778736116,7576.393819102742,8658.9125,8725.836333333333,8889.825,8854.65968725071
1453,4,6,7206.57,8753.1682790208,8541.527819028332,8503.6751175253,8180.544921875,8119.021484375,8846.382010630676,7509.5025369109935,8658.9125,8725.836333333333,8889.825,8861.924656820425
1453,5,6,6779.51,8575.068828446116,8518.327508685077,8471.106574440973,8180.544921875,8119.828125,8832.796881445498,7443.085038415133,8658.9125,8725.836333333333,8889.825,8838.465438131321
1454,3,6,7206.57,8077.409790456597,8093.761726827215,8004.543258569444,8065.3115234375,7722.8994140625,8135.348081121,7539.387021170746,8658.9125,8721.773266666667,8170.1375,8152.178464965622
1454,4,6,6779.51,8020.232363781707,8105.192322622354,8001.731994938492,8065.3115234375,7723.70556640625,8147.657538833578,7472.382114582917,8658.9125,8721.773266666667,8170.1375,8144.654089718376
1454,5,6,7307.722,7930.507544001701,8120.066385814815,7994.5066835,8065.3115234375,7724.51171875,8137.999339923923,7433.757454647762,8658.9125,8721.773266666667,8170.1375,8132.840687536285
1455,3,6,6779.51,7815.4114356080445,7621.606387422322,7606.403138395834,7837.83837890625,7650.72998046875,7630.879145662229,7691.573988182764,8658.9125,8705.928733333332,7740.1625,7748.930925509812
1455,4,6,7307.722,7819.3834808585125,7620.022988264088,7604.223963743056,7837.83837890625,7651.5361328125,7617.173513583984,7615.977685142846,8658.9125,8705.928733333332,7740.1625,7749.464698922656
1456,3,6,7307.722,7419.858456320228,7555.995139199736,7667.1359660595235,7809.50390625,7763.91552734375,7564.66066131754,7604.508640197826,7745.595,8680.456583333334,7745.595,7702.905238254087
1458,5,6,7135.3185,6913.026554797643,6609.384462168155,6812.432323404762,7245.06591796875,6904.5146484375,6543.967538847901,5756.37087236217,6779.51,8583.863266666665,6779.51,6798.7087616214985
1459,4,6,7135.3185,6715.996544256704,7137.019152760714,7221.711068830357,7276.755859375,7176.72265625,7009.905814853223,6775.413243856463,7307.722,8539.224933333333,7307.722,7228.064502016185
1459,5,6,7174.3875,6752.185149695569,7122.0783763182535,7200.418013979166,7276.755859375,7177.529296875,7060.308295957093,6828.60669930714,7307.722,8539.224933333333,7307.722,7232.843712164971
1460,3,6,7135.3185,7177.038686288765,7506.251149414716,7486.278223423611,7294.43017578125,7296.12744140625,7370.901416382221,6890.563594893105,7307.722,8511.219466666667,7651.156,7584.121605106463
1460,4,6,7174.3875,7200.233165896285,7482.8493968081675,7461.384831875,7294.43017578125,7296.93359375,7381.424758441739,6835.327166278955,7307.722,8511.219466666667,7651.156,7587.188470446036
1460,5,6,7170.02,7245.294397244164,7434.002804141502,7422.881630020833,7294.43017578125,7297.73974609375,7379.7784816637795,6811.24551580102,7307.722,8511.219466666667,7651.156,7593.136890289501
1461,3,6,7174.3875,6651.554781735788,7008.574487333035,7097.683814149304,7071.85302734375,6935.2255859375,6672.518790717834,6720.358821301144,7307.722,8479.413916666666,7420.941999999999,7313.320392916215
1461,4,6,7170.02,6636.198657891023,6969.841651826261,7082.824585701884,7071.85302734375,6936.03173828125,6664.555348103574,6681.447005465228,7307.722,8479.413916666666,7420.941999999999,7311.3071409011545
1461,5,6,6652.191,6634.37034464382,6944.085368883801,7064.473379248511,7071.85302734375,6936.83837890625,6599.099342088565,6614.263943079685,7307.722,8479.413916666666,7420.941999999999,7311.076561550127
1462,3,6,7170.02,7416.9331880954405,7639.657394482099,7670.546930404761,7157.17041015625,7151.49609375,7575.653849462255,6775.650684331401,7307.722,8474.04495,8333.621,8197.651161615353
1462,4,6,6652.191,7364.4692735167155,7594.851411619571,7644.910809977182,7157.17041015625,7152.302734375,7494.103681075646,6737.81087387078,7307.722,8474.04495,8333.621,8190.747929334134
1462,5,6,5711.874,7399.767769612406,7569.09253840211,7631.898113808531,7157.17041015625,7153.10888671875,7452.701557092805,6769.905876199994,7307.722,8474.04495,8333.621,8195.409836481507
1463,3,6,6652.191,6411.027872630976,6601.827817373016,6674.061206296627,6937.54736328125,6666.169921875,6445.843048473734,6870.373373947243,7135.3185,8424.291299999999,7135.3185,7033.8522479145595
1463,4,6,5711.874,6370.258627438428,6585.028033177579,6653.216090659723,6937.54736328125,6666.97607421875,6346.564386373021,6875.18510743838,7135.3185,8424.291299999999,7135.3185,7028.490108275625
1464,3,6,5711.874,6918.756341391973,6937.17847908879,6885.153354406746,6984.90185546875,6715.08984375,6772.194981767977,7525.677388460229,7174.3875,8375.676216666667,7174.3875,7134.806626489725
1465,5,6,5261.583,6828.706990751619,6844.313893248909,6839.490675992064,6987.69189453125,6754.61376953125,6738.660402373727,7472.363619874653,7170.02,8325.937683333332,7170.02,7119.711427608162
1466,4,6,5261.583,6889.8732260968445,6347.455738177579,6399.304956638888,6788.654296875,6388.0322265625,5995.789486668085,5756.165763548774,6652.191,8259.439983333334,6652.191,6680.122215520513
1466,5,6,5325.88,6894.606133335952,6335.123966622618,6380.454087320436,6788.654296875,6388.83837890625,6044.128949603434,5795.504915632689,6652.191,8259.439983333334,6652.191,6680.756253724225
1467,3,6,5261.583,5971.5240078203815,5718.437162022917,5702.631519729167,6508.5595703125,5956.79296875,5171.10809479272,5428.452198144518,5711.874,8158.260983333333,5711.874,5749.233267562025
1467,4,6,5325.88,6007.503981691284,5729.457736588889,5674.552886347222,6508.5595703125,5957.599609375,5079.6084047721515,5423.668917768195,5711.874,8158.260983333333,5711.874,5753.984984682059
1467,5,6,5691.114,5955.295262254914,5745.425320799107,5683.377294590277,6508.5595703125,5958.40576171875,5112.882396626768,5433.731204051624,5711.874,8158.260983333333,5711.874,5747.11537521309
1468,3,6,5325.88,6015.332886313356,5397.321077110804,5374.272014152778,6218.95703125,5746.646484375,4462.359588586928,5512.434417440996,5711.874,8025.129933333333,5080.8225,5212.515077944022
1468,4,6,5691.114,6075.6046887898565,5417.076152831042,5419.460816006945,6218.95703125,5747.45263671875,4480.985472426002,5490.057609805535,5711.874,8025.129933333333,5080.8225,5220.467914824953
1468,5,6,5543.2015,6128.154131645257,5430.441794210904,5468.030588840278,6218.95703125,5748.2587890625,4481.3576335116995,5414.584287827818,5711.874,8025.129933333333,5080.8225,5227.403115414447
1469,3,6,5691.114,5483.094795170576,5669.766152299107,5498.677522541666,6125.74462890625,6037.2158203125,4649.300630180102,5762.10545781633,5711.874,7892.7081333333335,5193.306,5242.323965897141
1469,4,6,5543.2015,5502.386315025018,5708.5366437653765,5542.394877520833,6125.74462890625,6038.0224609375,4665.754265149303,5723.409051353533,5711.874,7892.7081333333335,5193.306,5244.876513684431
1469,5,6,6087.4875,5554.935757880417,5731.437850466766,5581.177570881944,6125.74462890625,6038.82861328125,4706.741606625433,5699.5352299975375,5711.874,7892.7081333333335,5193.306,5251.811714273925
1470,3,6,5543.2015,5739.118815815035,5733.196257038194,5730.305709756944,6051.39453125,5848.4619140625,4914.960884153136,5631.906813139042,5261.583,7761.814266666666,5261.583,5332.043299752589
1470,4,6,6087.4875,5864.9315895169975,5783.680522919146,5792.636133777777,6051.39453125,5849.26806640625,4863.356758595603,5607.320161083858,5261.583,7761.814266666666,5261.583,5348.632987825074
1471,3,6,6087.4875,5732.533281435646,5791.795354616071,5826.586445847222,5988.9521484375,5790.498046875,5049.804455859401,5410.65822129541,5325.88,7634.327399999999,5325.88,5385.4305294312
1472,5,6,5931.585,6349.332309732128,6329.2336696995935,6117.349798243055,6129.28369140625,6377.2255859375,5328.998143138876,5559.336796645337,5691.114,7511.452950000001,5691.114,5786.6577481621225
1473,4,6,5931.585,5964.364612660598,6129.013754493989,6023.583228756945,6116.1533203125,6249.81494140625,5435.159728708521,5713.472392156213,5543.2015,7380.196766666666,5543.2015,5607.76972134882
1473,5,6,6317.0535,6016.9140555159975,6117.247916035656,6060.103200395833,6116.1533203125,6250.62109375,5331.360585787709,5753.428337043922,5543.2015,7380.196766666666,5543.2015,5614.704921938314
1474,3,6,5931.585,6049.796863942009,6531.102928853869,6390.640380078374,6267.7861328125,6788.279296875,6076.941145216862,5813.932510080058,6087.4875,7278.90155,6087.4875,6091.514229129756
1474,4,6,6317.0535,6068.1471292582955,6536.304906634226,6450.210157675596,6267.7861328125,6789.0859375,6044.617656261482,5799.199590273144,6087.4875,7278.90155,6087.4875,6093.94274037582
1474,5,6,5999.796,6076.807728231905,6530.110214134226,6475.285822404762,6267.7861328125,6789.89208984375,6084.062264409428,5872.568409293499,6087.4875,7278.90155,6087.4875,6095.094361526548
1475,3,6,6317.0535,6003.6216078701555,6626.186655652347,6386.795222717262,6369.87548828125,6828.396484375,6245.731006776552,5753.673304201755,6087.4875,7189.8262,6167.8125,6154.653289917658
1475,4,6,5999.796,6040.913810189238,6611.980642700959,6450.283731745039,6369.87548828125,6829.20263671875,6139.1334102709,5747.106319139746,6087.4875,7189.8262,6167.8125,6159.577923473401
1475,5,6,5897.8395,6101.4191255800715,6632.3867116969905,6473.5934971200395,6369.87548828125,6830.0087890625,6252.094736552858,5822.381811904903,6087.4875,7189.8262,6167.8125,6167.5615321945215
1476,3,6,5999.796,5841.723566415234,6319.226548621031,6122.992520458333,6307.63818359375,6567.9423828125,5972.982993623463,5684.303664526635,6087.4875,7094.98995,5869.4625,5874.770973875274
1476,4,6,5897.8395,5939.005327008349,6311.750818739087,6158.561809618055,6307.63818359375,6568.7490234375,5945.8435331372375,5737.220458769493,6087.4875,7094.98995,5869.4625,5887.600911378628
1476,5,6,5279.1745,5999.510642399183,6309.61840138492,6205.044635284722,6307.63818359375,6569.55517578125,6010.055764650683,5881.82645906795,6087.4875,7094.98995,5869.4625,5895.584520099748
1477,3,6,5897.8395,5853.6618858754855,6315.377297129116,6229.625489145834,6398.85693359375,6945.52197265625,5977.560050930768,5604.933100928493,5931.585,7001.91695,5931.585,5934.328686396147
1477,4,6,5279.1745,5952.564884371413,6310.436664011061,6281.559705263889,6398.85693359375,6946.328125,5937.690751011323,5614.585202248264,5931.585,7001.91695,5931.585,5947.372260950521
1478,3,6,5279.1745,5948.403291658415,6217.548141201759,6419.016244929563,6602.29833984375,7323.865234375,6697.795299650726,6354.947244221628,6317.0535,6921.795400000001,6317.0535,6281.394341213092
1479,5,6,4105.5575,6008.498245704617,6476.110675747123,6275.990274354167,6546.73388671875,6896.18603515625,6220.211926853182,5722.706306681391,5999.796,6845.6647833333345,5999.796,6012.446470353676
1480,4,6,4105.5575,5703.356642803433,6256.713503805457,6097.964925784722,6489.80615234375,6860.39306640625,6174.796615257606,6052.143079873873,5897.8395,6759.352233333334,5897.8395,5884.563766506005
1480,5,6,4140.747,5718.817218560006,6254.385902699504,6132.98435275,6489.80615234375,6861.19921875,6248.0002610401025,6111.464182021613,5897.8395,6759.352233333334,5897.8395,5886.611474279837
1481,3,6,4105.5575,5660.4829197706895,5780.395464986111,5728.293917298612,6317.146484375,6527.78759765625,5624.009686729312,5484.286192630259,5279.1745,6646.46875,5279.1745,5345.446437021626
1481,4,6,4140.747,5821.951684613268,5787.1357483243055,5790.358660881945,6317.146484375,6528.59375,5598.026789258029,5486.099797738621,5279.1745,6646.46875,5279.1745,5366.73479653292
1481,5,6,4527.435,5879.120834593585,5783.340912123908,5819.616255041667,6317.146484375,6529.400390625,5657.685905993662,5597.1747811422565,5279.1745,6646.46875,5279.1745,5374.278778666835
1482,3,6,4140.747,5550.4229395030125,5332.702122594246,5201.194275187499,6151.49755859375,6338.26318359375,4991.670896138227,5654.104286810953,5279.1745,6514.586233333333,4702.437,4835.175967539686
1482,4,6,4527.435,5711.891704345591,5350.799098314683,5277.7933835,6151.49755859375,6339.0693359375,5007.9620282218475,5678.455934189814,5279.1745,6514.586233333333,4702.437,4856.4643270509805
1483,3,6,4527.435,5504.369343318136,5257.348191476091,5027.935220312499,5952.36083984375,6174.07373046875,4654.400343254154,5537.948164341879,5279.1745,6360.0426333333335,4253.517,4442.998907013894
1489,5,6,4774.77,5435.786893978538,5428.810793087351,5369.551317948412,5839.42041015625,6319.267578125,5081.293432223864,5779.009018675669,4527.435,5755.518549999999,4552.1025,4691.231255592951
1490,4,6,4774.77,5227.934922009657,5401.323547347206,5375.879845569444,5716.8310546875,6240.4404296875,5025.642061013361,5749.810095150018,4527.435,5647.7260166666665,4417.38,4547.58923358814
1490,5,6,4921.008,5356.668710508017,5421.62660040415,5429.6223638025795,5716.8310546875,6241.24658203125,5076.963101028331,5829.231843721928,4527.435,5647.7260166666665,4417.38,4564.563846840297
1491,3,6,4774.77,5273.485978215638,5425.541235744792,5332.2409956041665,5644.5283203125,6088.6787109375,4900.052671421483,5448.669758639794,4527.435,5554.058783333333,4610.925,4717.20045371622
1491,4,6,4921.008,5434.363811742149,5491.0709996993555,5449.029641152777,5644.5283203125,6089.4853515625,4927.056735271859,5523.5005262858585,4527.435,5554.058783333333,4610.925,4738.410947809184
1492,3,6,4921.008,5125.547479395603,5393.068470606929,5183.560862053571,5501.4140625,5522.7705078125,5064.4959364248025,5221.368755291117,4527.435,5428.66175,4571.71,4656.898850177567
1493,5,6,5639.85,5712.706436715282,5577.861777234375,5484.297248094246,5432.0439453125,5127.1015625,5173.236110080383,5325.5258735759635,4527.435,5348.795216666667,4739.3225,4872.569498665283
1494,4,6,5639.85,5784.070179206754,5422.592689365143,5070.918463049604,5592.26904296875,5006.09033203125,5085.897457327278,5248.110517691977,4774.77,5268.807966666666,4774.77,4910.742072395543
1494,5,6,5717.9075,5853.857913280794,5459.910325201241,5103.136733090278,5592.26904296875,5006.896484375,5109.075633304375,5226.2840370314425,4774.77,5268.807966666666,4774.77,4919.948898706601
1495,3,6,5639.85,5630.397268526507,5678.293660359723,5468.015331309523,5643.41455078125,5226.96533203125,5195.941795413631,5176.9385008277,4921.008,5193.8409,4921.008,5018.41628843118
1495,4,6,5717.9075,5770.000870750347,5727.656006887501,5580.649521399801,5643.41455078125,5227.771484375,5269.490518831474,5255.26658053068,4921.008,5193.8409,4921.008,5036.823302849684
1495,5,6,5981.316,5839.788604824386,5771.407310728558,5637.526681548611,5643.41455078125,5228.578125,5249.751168822316,5342.7676298548395,4921.008,5193.8409,4921.008,5046.030135427037
1496,3,6,5717.9075,5921.7947717893185,5997.423359779479,5797.047777229167,5682.7001953125,5227.5673828125,5473.275935748312,5564.484086774035,4921.008,5146.2665333333325,5224.96,5316.820880554003
1496,4,6,5981.316,6008.080462301068,6055.747115106563,5896.422044194444,5682.7001953125,5228.3740234375,5486.180784457033,5651.182773226734,4921.008,5146.2665333333325,5224.96,5328.201779094265
1496,5,6,5742.7725,6058.449635498421,6090.636990528175,5942.911644469246,5682.7001953125,5229.18017578125,5570.029838425816,5704.739919155412,4921.008,5146.2665333333325,5224.96,5334.849668338779
1497,3,6,5981.316,6078.3747415038315,6047.899375235232,5995.209081498015,5741.80078125,5344.6064453125,5736.73771569999,5648.728865394077,4921.008,5136.085800000001,5406.451999999999,5494.202877134784
1497,4,6,5742.7725,6147.608578013964,6096.807820112017,6097.304458507935,5741.80078125,5345.41259765625,5756.204907888141,5764.945785030321,4921.008,5136.085800000001,5406.451999999999,5503.336711991102
1497,5,6,5615.148,6148.529981485492,6126.503145386904,6165.61075087996,5741.80078125,5346.21875,5765.349242419913,5809.280990699885,4921.008,5136.085800000001,5406.451999999999,5503.468478253443
1498,3,6,5742.7725,6495.359679066761,6208.235268202925,6095.229484978175,5911.8115234375,5570.5,6006.895969206832,6110.9428840164865,5639.85,5154.72005,5639.85,5751.697269886461
1498,4,6,5615.148,6564.593515576894,6238.520969782091,6190.896829763889,5911.8115234375,5571.30615234375,6043.49451045475,6269.823839253572,5639.85,5154.72005,5639.85,5760.831104742779
1499,3,6,5615.148,6459.516741102301,6213.422659332672,6164.10289834127,6202.72265625,5880.5390625,6014.749068998931,6193.629361975457,5717.9075,5172.206766666666,5717.9075,5817.722315667022
1500,5,6,5393.245,6407.678427806563,6446.79355035141,6504.76392884623,6333.4404296875,6152.63427734375,6230.071392642957,6319.939835604775,5981.316,5196.197866666667,5981.316,6039.699734205835
1501,4,6,5393.245,6278.450480085834,6139.733044947166,6091.578176534722,6113.8974609375,5620.72802734375,5840.804428244958,6061.475410820089,5742.7725,5210.094283333334,5742.7725,5811.796774232973
1501,5,6,5126.7535,6281.003117666895,6154.76059170411,6113.427216455688,6113.8974609375,5621.5341796875,5833.968322388843,6088.0243139744225,5742.7725,5210.094283333334,5742.7725,5812.143501091705
1502,3,6,5393.245,6408.47309930334,6142.08740031569,5991.69805711508,6115.37353515625,5508.50537109375,5653.838864626557,6064.1210134938965,5615.148,5207.562083333333,5615.148,5718.322126716983
1502,4,6,5126.7535,6449.454734864583,6163.478586773195,6039.765237016865,6115.37353515625,5509.3115234375,5737.027568273481,6036.335936606069,5615.148,5207.562083333333,5615.148,5723.732946017275
1502,5,6,5297.8795,6453.382426599084,6194.331831716733,6066.2471230942465,6115.37353515625,5510.1181640625,5678.165411246297,6073.640983028055,5615.148,5207.562083333333,5615.148,5724.260880883466
1503,3,6,5126.7535,6090.097536423669,6023.142816770822,5969.3999827152775,6087.12109375,5340.703125,5851.937325671213,6031.4865936812375,5615.148,5213.4295,5719.224,5763.239234574204
1503,4,6,5297.8795,6163.3753597424175,6025.906140589936,5981.387984355159,6087.12109375,5341.50927734375,5759.155615448824,6096.040116831152,5615.148,5213.4295,5719.224,5772.905977497545
1503,5,6,5360.608,6165.927997323479,6038.7665595272365,6007.141303279101,6087.12109375,5342.3154296875,5832.547665317955,6127.895577249055,5615.148,5213.4295,5719.224,5773.252704356278
1504,3,6,5297.8795,5808.029519743191,5914.2862338129535,5754.558862131944,5963.544921875,5270.9345703125,5614.29918097755,5747.742820512918,5615.148,5192.81145,5468.946,5511.088557962904
1504,4,6,5360.608,5934.625254774029,5897.814979652239,5778.6628365674605,5963.544921875,5271.7412109375,5562.979350866496,5812.952073930908,5615.148,5192.81145,5468.946,5527.781429297078
1504,5,6,5183.661,5935.546658245556,5933.529954343396,5807.498597451388,5963.544921875,5272.54736328125,5584.291271222551,5841.5165230837565,5615.148,5192.81145,5468.946,5527.913195559419
1505,3,6,5360.608,5806.735042885637,5867.067829522024,5739.615522918651,5884.26611328125,5454.4716796875,5309.2117510155995,5683.105895309328,5393.245,5166.992533333334,5393.245,5448.519592001999
1505,4,6,5183.661,5933.330777916475,5865.4517161823405,5768.949718625,5884.26611328125,5455.27783203125,5287.640284642445,5776.519570846417,5393.245,5166.992533333334,5393.245,5465.212457069878
1506,3,6,5183.661,5557.1194830274935,5595.231458534656,5529.866505087301,5825.52001953125,5474.29736328125,5086.411367117966,5673.2963498838535,5126.7535,5142.235566666666,5126.7535,5187.926382775565
1507,5,6,5064.216,5827.381298741145,5737.011044864087,5787.2245042093255,5808.59521484375,5701.970703125,5143.106571615773,5731.701736405562,5297.8795,5121.11205,5297.8795,5372.841984885058
1508,4,6,5064.216,5689.453217689472,5871.801417289935,5833.23826090873,5745.931640625,5727.4482421875,5201.106578346502,5716.754157382331,5360.608,5089.230533333333,5360.608,5408.650327679203
1508,5,6,5244.336,5686.140548169493,5898.318571513149,5846.023319560516,5745.931640625,5728.2548828125,5228.531692624449,5785.615505464773,5360.608,5089.230533333333,5360.608,5408.224142983861
1509,3,6,5064.216,5587.624824448314,5634.280726036838,5641.040348573413,5696.1171875,5617.40380859375,5070.274987251819,5757.730447401998,5183.661,5062.026033333333,5183.661,5242.4608850350205
1509,4,6,5244.336,5649.6749438342185,5659.64817932242,5702.231110958333,5696.1171875,5618.2099609375,5065.135051680748,5849.442135036631,5183.661,5062.026033333333,5183.661,5250.648064774026
1509,5,6,5325.382,5669.232642909575,5688.75268276746,5736.051130010913,5696.1171875,5619.0166015625,5025.704290811088,5908.169132124582,5183.661,5062.026033333333,5183.661,5253.235689098608
1510,3,6,5244.336,5512.588972982647,5563.4922081421955,5509.204429009921,5744.63232421875,5672.140625,4980.196607875237,5641.425488573925,5183.661,5035.985566666666,5116.6255,5175.933864993797
1510,4,6,5325.382,5574.639092368551,5592.6219634136905,5550.769164690476,5744.63232421875,5672.94677734375,4926.616875114135,5731.8333663872745,5183.661,5035.985566666666,5116.6255,5184.121044732803
1510,5,6,5091.4785,5618.8877393471075,5617.470235039285,5598.090309649802,5744.63232421875,5673.7529296875,4970.904579234318,5793.404826063829,5183.661,5035.985566666666,5116.6255,5189.962383918975
1511,3,6,5325.382,5349.210606343182,5294.080513773015,5182.036430386905,5653.54638671875,5590.67578125,4653.922606354549,5269.2579671156955,5183.661,5019.227616666667,4776.436,4862.364473619555
1511,4,6,5091.4785,5339.705170860022,5320.039688134325,5216.445808636904,5653.54638671875,5591.48193359375,4629.143997999195,5373.172037176842,5183.661,5019.227616666667,4776.436,4861.122212998161
1511,5,6,5224.596,5383.953817838578,5354.877383063492,5270.677319833333,5653.54638671875,5592.2880859375,4694.599421810164,5439.899498933116,5183.661,5019.227616666667,4776.436,4866.963552184333
1512,3,6,5091.4785,5634.629425244356,5561.21052755744,5450.714889776787,5646.9677734375,5715.4716796875,4967.951692417023,5145.60457511516,5064.216,5031.286916666666,5064.216,5147.741686547828
1512,4,6,5224.596,5629.434552896346,5570.162179659722,5490.136792876984,5646.9677734375,5716.27783203125,4908.492749193503,5273.028553727583,5064.216,5031.286916666666,5064.216,5147.067462860492
1513,3,6,5224.596,5861.052840480079,5787.018286481701,5676.889322873017,5669.953125,5724.55224609375,5174.533208721475,5689.020778551383,5244.336,5064.314216666667,5244.336,5331.76844044557
1514,5,6,5352.672,5808.201816358184,5859.578366608982,5701.549310546627,5687.974609375,5704.0654296875,5224.976361164304,5669.10885520019,5325.382,5104.975033333333,5325.382,5393.8667641285065
1515,4,6,5352.672,5818.588788145112,5651.595910582937,5450.5270340029765,5772.23583984375,5816.478515625,5010.300074697597,5935.14177976866,5091.4785,5136.666083333333,5091.4785,5196.599757708201
1515,5,6,5486.9115,5863.619700396525,5682.833063738194,5482.991825780754,5772.23583984375,5817.28515625,5041.245876285122,5986.4255159282075,5091.4785,5136.666083333333,5091.4785,5202.544188431265
1516,3,6,5352.672,5897.919583300897,5795.884593150793,5615.10367581746,5735.22314453125,5748.0546875,5168.976810109968,5880.983986291989,5224.596,5159.904783333333,5224.596,5320.04290416376
1516,4,6,5486.9115,5944.906664602999,5835.794819766071,5661.463281770833,5735.22314453125,5748.861328125,5146.533179924364,5972.735441355863,5224.596,5159.904783333333,5224.596,5326.245114725609
1516,5,6,5443.097,5970.519015977726,5877.246940046824,5711.348167476191,5735.22314453125,5749.66748046875,5189.878511830368,5997.209548376048,5224.596,5159.904783333333,5224.596,5329.630602115835
1517,3,6,5486.9115,5989.328222560028,5832.957978087391,5655.843608289682,5733.22998046875,5909.033203125,5169.981527646828,5886.872948863727,5224.596,5178.998366666667,5261.53,5365.747366836866
1517,4,6,5443.097,6057.5549402693105,5873.523320016657,5698.775494347222,5733.22998046875,5909.83984375,5135.952826905983,5945.0281649169465,5224.596,5178.998366666667,5261.53,5374.748491964391
1517,5,6,5578.718,6083.1672916440375,5922.621798693839,5732.355962945437,5733.22998046875,5910.64599609375,5153.749177461007,5974.096809979932,5224.596,5178.998366666667,5261.53,5378.133979354617
1518,3,6,5443.097,6035.130537601772,5924.56197102801,5701.15372120635,5736.26123046875,5995.54833984375,5404.4192521512305,5837.132005010226,5224.596,5196.2595,5317.244000000001,5420.550508306251
1518,4,6,5578.718,6086.305401309438,5983.315617676621,5774.464151851191,5736.26123046875,5996.3544921875,5443.68431710264,5917.8514605750315,5224.596,5196.2595,5317.244000000001,5427.304569749833
1518,5,6,5530.824,6120.019259480763,6021.061327616601,5819.014251534723,5736.26123046875,5997.1611328125,5407.279069220418,5966.550693194127,5224.596,5196.2595,5317.244000000001,5431.757662914284
1519,3,6,5578.718,6083.779889724758,5860.054991168241,5747.679396089286,5771.61328125,5969.44775390625,5374.793099603846,5759.498736112752,5352.672,5222.9451500000005,5352.672,5456.931171022296
1519,4,6,5530.824,6134.954753432424,5894.970510433717,5819.809583402777,5771.61328125,5970.25390625,5400.455310636951,5847.6748657112985,5352.672,5222.9451500000005,5352.672,5463.6852324658785
1520,3,6,5530.824,5977.61293293769,5888.714064876719,5785.6205957281745,5761.8779296875,5951.60791015625,5419.060659266201,5959.736721907996,5486.9115,5258.5962,5486.9115,5557.538723537863
1521,5,6,5825.355,6069.586673831825,5846.146156413922,5807.253558677578,5639.07861328125,5684.52587890625,5244.057188123961,6033.900901357324,5443.097,5286.335266666666,5443.097,5528.75283674685
1522,4,6,5825.355,5836.300143068891,5842.699606087401,5879.322027139219,5628.703125,5537.033203125,5409.703328546152,5964.143970324873,5578.718,5319.9021999999995,5578.718,5612.12667597119
1522,5,6,5653.3575,5844.9607420425,5868.4357792585315,5921.672990609457,5628.703125,5537.83984375,5398.8705816590455,5976.902639025763,5578.718,5319.9021999999995,5578.718,5613.278303388212
1523,3,6,5825.355,5860.3006815054605,5795.665751370832,5828.90473189914,5691.15576171875,5322.99169921875,5495.333424033277,5906.823683776197,5530.824,5346.285583333332,5530.824,5571.574554155475
1523,4,6,5653.3575,5880.19980048823,5813.040797321031,5862.875603694774,5691.15576171875,5323.7978515625,5461.002035523458,5953.021485097971,5530.824,5346.285583333332,5530.824,5574.207163810302
1523,5,6,5589.633,5905.812151862958,5848.802055624107,5892.052170798941,5691.15576171875,5324.6044921875,5441.66204586741,5967.05446937412,5530.824,5346.285583333332,5530.824,5577.592657466823
1524,3,6,5653.3575,5861.894651049856,5665.907121698215,5569.075824830357,5626.28955078125,4952.33642578125,5233.441315665157,5847.433697566387,5530.824,5362.82085,5270.828,5344.630197948048
1524,4,6,5589.633,5876.175584309718,5680.306941469246,5611.722419348214,5626.28955078125,4953.142578125,5164.44110254422,5871.980396657508,5530.824,5362.82085,5270.828,5346.522454917401
1524,5,6,5364.594,5901.787935684446,5711.890957489583,5639.964307694445,5626.28955078125,4953.94921875,5195.077978961921,5881.325331254137,5530.824,5362.82085,5270.828,5349.907948573922
1525,3,6,5589.633,5850.413968020539,5836.432145502919,5739.619795936508,5674.1162109375,5233.0185546875,5406.172031336876,6082.513946039598,5530.824,5382.111383333334,5499.724,5542.5144554259605
1525,4,6,5364.594,5864.694901280401,5848.608110798951,5800.063152125992,5674.1162109375,5233.82470703125,5387.984168268943,6121.220606898154,5530.824,5382.111383333334,5499.724,5544.406712395315
1525,5,6,5031.045,5890.307252655128,5874.66194847405,5816.633433577381,5674.1162109375,5234.630859375,5337.711378181677,6130.569134062789,5530.824,5382.111383333334,5499.724,5547.792199785541
1526,3,6,5364.594,5832.424064425645,5827.641731023147,5890.517350446428,5773.4501953125,5367.06298828125,5728.1841011811575,6010.798907160339,5825.355,5402.1245499999995,5825.355,5820.405114576015
1526,4,6,5031.045,5823.843572397251,5831.632492161706,5909.263397142857,5773.4501953125,5367.869140625,5712.536553890477,6017.321448882323,5825.355,5402.1245499999995,5825.355,5819.284741055621
1527,3,6,5031.045,5929.3307753352,5741.775014390013,5772.69203319246,5698.98876953125,4927.875,5547.351146622149,6033.9916065675425,5653.3575,5410.354733333333,5653.3575,5680.414290392999
1528,5,6,4395.052,5739.098211760269,5668.257170461526,5682.419056113095,5731.6748046875,4983.0498046875,5440.801301101759,5871.930210528873,5589.633,5408.680833333334,5589.633,5601.54470314003
1529,4,6,4395.052,5402.241113031081,5355.177355459524,5422.9372100694445,5644.3388671875,4717.6787109375,5239.859200765124,5455.064664114196,5364.594,5396.903716666667,5364.594,5361.2529527617535
1529,5,6,4303.788,5427.853464405809,5381.557527396429,5428.983807945437,5644.3388671875,4718.48486328125,5222.502117259985,5443.305164645496,5364.594,5396.903716666667,5364.594,5364.638440151979
1530,3,6,4395.052,5177.591713335642,5158.312409254961,5114.490282388889,5527.15576171875,4550.8017578125,4907.605948711769,4976.617245695357,5031.045,5365.228016666666,5031.045,5044.193477173676
1530,4,6,4303.788,5146.3530572583195,5173.405824093849,5130.886954406747,5527.15576171875,4551.6083984375,4862.389490383933,5047.352871269095,5031.045,5365.228016666666,5031.045,5040.087264767982
1530,5,6,4678.18,5178.76538541601,5201.236241312104,5149.037037139881,5527.15576171875,4552.41455078125,4851.324345994844,5059.7072911428795,5031.045,5365.228016666666,5031.045,5044.368838781314
1531,3,6,4303.788,5036.143523556854,5011.806540848015,4972.63268393287,5457.17822265625,4555.02978515625,4696.989102039035,4958.916344451772,5031.045,5335.631516666666,4854.8775,4874.916297674405
1531,4,6,4678.18,5051.775565970803,5027.591283811905,4989.22134698545,5457.17822265625,4555.8359375,4660.603030647414,5015.787518002965,5031.045,5335.631516666666,4854.8775,4876.986600963323
1531,5,6,4510.139,5084.187894128493,5048.690249420039,5008.086061430886,5457.17822265625,4556.642578125,4654.705614376079,5036.941122913757,5031.045,5335.631516666666,4854.8775,4881.26818124295
1532,3,6,4678.18,4752.881092621339,4841.217695459127,4826.121700305886,5294.7109375,4359.5263671875,4583.013218430972,4849.422583546458,5031.045,5303.337916666667,4646.34,4656.698974831881
1532,4,6,4510.139,4808.300441737879,4858.2060743724205,4839.161091898149,5294.7109375,4360.33251953125,4541.680457703434,4929.954997819131,5031.045,5303.337916666667,4646.34,4664.012365625879
1532,5,6,4242.63,4840.712769895569,4891.304665008333,4866.380662558862,5294.7109375,4361.138671875,4514.486236472513,4953.485208729676,5031.045,5303.337916666667,4646.34,4668.293939639211
1533,3,6,4510.139,4629.405283525254,4719.408845864031,4658.192449639219,5110.16015625,4265.65869140625,4373.602667340636,4758.996219473491,4395.052,5259.19885,4395.052,4424.274029814455
1533,4,6,4242.63,4663.007800175641,4745.184570535657,4701.354537953704,5110.16015625,4266.46484375,4381.40748076059,4836.26020958365,4395.052,5259.19885,4395.052,4428.712444361412
1534,3,6,4242.63,4676.341876809414,4692.760652091765,4642.053062391204,5000.4482421875,4115.4345703125,4427.499340086876,4853.905797082322,4303.788,5220.36025,4303.788,4350.465155851577
1535,5,6,4556.028,4860.225959238913,4956.804284544743,4962.4797106309525,5140.8916015625,4450.63134765625,4744.178646074505,5092.32275612314,4678.18,5196.52475,4678.18,4699.249416717444
1536,4,6,4556.028,4780.683155185803,4876.275449220338,4825.483307000331,5089.96484375,4217.2099609375,4675.373256801071,5043.766976947033,4510.139,5175.970933333333,4510.139,4542.031471825064
1537,3,6,4556.028,4644.34275536669,4652.661079426587,4627.661562388888,5015.869140625,4341.7138671875,4525.549124499616,4905.386028442909,4242.63,5140.79595,4242.63,4296.838441218167
1537,5,6,4867.041,4709.191331981053,4750.572838465674,4761.0230595753965,5015.869140625,4343.326171875,4585.759826897314,5040.219976523042,4242.63,5140.79595,4242.63,4305.404741411465
1538,4,6,4867.041,4801.675578752307,4802.416997991666,4822.19074519742,5048.138671875,4390.96875,4546.965901155548,5129.9535334402535,4242.63,5108.36865,4387.789,4442.370908824116
1538,5,6,4504.164,4825.033960626504,4842.096773087302,4865.108640363095,5048.138671875,4391.775390625,4546.64161674111,5175.191336857109,4242.63,5108.36865,4387.789,4445.45937912559
1539,3,6,4867.041,4665.747016550232,4814.907954280357,4736.050673482143,5009.49658203125,4386.0927734375,4664.661195831349,5110.106603216699,4242.63,5083.023283333333,4423.3,4454.771663190847
1539,4,6,4504.164,4749.240183159798,4845.384730971826,4796.510669614087,5009.49658203125,4386.8994140625,4670.93027219241,5184.030349798346,4242.63,5083.023283333333,4423.3,4465.784568810939
1539,5,6,4610.9085,4766.490603641449,4892.344674210318,4828.026468718254,5009.49658203125,4387.70556640625,4736.471781659585,5229.32499521919,4242.63,5083.023283333333,4423.3,4468.068138554124
1540,3,6,4504.164,4830.061994131772,4985.8525533662705,4873.829264625,5038.8515625,4640.9931640625,4813.120846451726,5187.225826367956,4556.028,5064.3367,4556.028,4593.230012321589
1540,4,6,4610.9085,4947.9295855637265,5016.150150313691,4915.64259525,5038.8515625,4641.7998046875,4866.950988211051,5245.95982817101,4556.028,5064.3367,4556.028,4608.7727072694115
1541,3,6,4610.9085,5011.5165547959705,5075.516850472222,4964.0764070787045,4975.677734375,4488.9677734375,5032.256802700084,5197.314364686547,4556.028,5060.996166666666,4676.22,4718.00159655125
1542,5,6,4375.0395,4859.225375071708,4948.117708219912,5180.096366420636,5067.95068359375,4637.21630859375,5292.471338531997,5182.890265660301,4867.041,5054.423666666667,4867.041,4863.061647653649
1543,4,6,4375.0395,4852.466831548121,4906.395530587102,4796.224792305556,4956.984375,4157.5107421875,4882.943042357569,5171.003593167073,4504.164,5029.751266666667,4504.164,4545.613883592996
1543,5,6,4528.28,4871.971221530302,4959.434349821825,4844.169171819444,4956.984375,4158.31689453125,4912.8308914735,5197.455604520719,4504.164,5029.751266666667,4504.164,4548.194476691227
1544,3,6,4375.0395,4976.2294907351425,4983.793743427579,4854.385604636905,5035.048828125,4322.03125,4919.158451627317,5134.6753556360545,4610.9085,5005.935483333334,4610.9085,4655.342461777214
1544,4,6,4528.28,5079.237668902344,5008.281993011904,4904.7232445,5035.048828125,4322.837890625,4967.902428251776,5178.551726728756,4610.9085,5005.935483333334,4610.9085,4668.927014531508
1544,5,6,4815.2225,5098.742058884523,5048.275193637896,4959.345534875992,5035.048828125,4323.64404296875,5002.662624186435,5204.983148737129,4610.9085,5005.935483333334,4610.9085,4671.507607629738
1545,3,6,4528.28,5039.2222839156275,5103.60599877242,4981.184429166666,5097.0712890625,4474.0947265625,5050.3510444665135,5313.727672540482,4610.9085,4993.5419,4719.670999999999,4758.629223718884
1545,4,6,4815.2225,5142.230462082829,5124.507378920238,5028.513627557539,5097.0712890625,4474.9013671875,5059.266234583165,5374.499567612512,4610.9085,4993.5419,4719.670999999999,4772.213776473177
1545,5,6,5113.476,5167.842813457556,5167.8173275105155,5081.374066592261,5097.0712890625,4475.70751953125,5105.248916931479,5400.932345014362,4610.9085,4993.5419,4719.670999999999,4775.5992638634025
1546,3,6,4815.2225,4908.576041211972,4886.444144678175,4778.749644381945,5041.302734375,4330.7548828125,4829.6876152649975,5275.153677549501,4610.9085,4969.10805,4491.5805,4544.467359471508
1546,4,6,5113.476,4977.209794556785,4908.734858930159,4821.947914763889,5041.302734375,4331.56103515625,4866.667945153358,5347.059156849993,4610.9085,4969.10805,4491.5805,4553.522116631775
1546,5,6,5402.25,4996.714184538964,4966.725745992064,4879.259846125,5041.302734375,4332.3671875,4907.8218407071945,5373.502408785063,4610.9085,4969.10805,4491.5805,4556.102709730006
1547,3,6,5113.476,4822.332854236422,4900.357853682284,4708.464641761904,4959.4501953125,4388.8681640625,4728.495741978477,5106.234351816482,4375.0395,4939.558366666666,4375.0395,4434.160344834509
1547,4,6,5402.25,4890.719792142257,4941.767422853912,4791.831211748015,4959.4501953125,4389.67431640625,4793.577942415621,5166.208233242881,4375.0395,4939.558366666666,4375.0395,4443.182577175898
1548,3,6,5402.25,4818.039198187771,5022.041191394841,4863.5078096091265,5032.0537109375,4723.0166015625,4892.797682495768,5233.61001402771,4528.28,4913.259566666666,4528.28,4568.962984290063
1551,5,6,6279.936,5802.713685555506,5814.96885386885,5826.145471848215,5517.728515625,5342.8115234375,5603.061877258476,5892.242202184631,5402.25,4881.535166666667,5402.25,5454.259465227951
1552,4,6,6279.936,5756.147885280302,5860.953937712302,5871.258356152778,5618.474609375,5353.13916015625,5527.506728356815,6037.26644332211,5402.25,4878.6139,5491.08,5524.239841716309
1552,5,6,6438.7775,5825.17888223529,5908.406138188294,5919.36756389881,5618.474609375,5353.9453125,5531.061678075539,6044.313233885162,5402.25,4878.6139,5491.08,5533.346946803128
1553,3,6,6279.936,5694.163221309038,5712.964797257689,5644.511958710317,5570.115234375,5490.89453125,5360.956688908653,5792.037731776663,5402.25,4869.8131,5266.8,5325.992913963154
1553,4,6,6438.7775,5760.527245264943,5730.947703965824,5694.347488535715,5570.115234375,5491.701171875,5320.638263034473,5864.924920757491,5402.25,4869.8131,5266.8,5334.748577229762
1553,5,6,6501.193,5792.939573422635,5788.550468266022,5764.308049134921,5570.115234375,5492.50732421875,5327.773185898985,5897.389576981432,5402.25,4869.8131,5266.8,5339.030151243094
1554,3,6,6438.7775,6000.837016095726,6095.859031875248,6057.926245136905,5672.04248046875,5674.5625,5611.59408786007,6101.323305251048,5402.25,4880.997833333333,5606.37,5659.22717254765
1554,4,6,6501.193,6050.149186050015,6118.493264398066,6126.40235484127,5672.04248046875,5675.36865234375,5585.866421346486,6227.070618833541,5402.25,4880.997833333333,5606.37,5665.735772130315
1555,3,6,6501.193,6449.044855417982,6514.032663535714,6493.048228040013,5888.6064453125,5979.85546875,6219.769564827371,6581.902086401928,5402.25,4902.528699999999,6145.65,6183.503032361486
1556,5,6,6382.565,6290.7529961623195,6469.330436122917,6470.144694607143,6110.06884765625,6331.96923828125,6357.952442681217,6682.603215622592,6279.936,4917.6814,6279.936,6282.029202879932
1557,4,6,6382.565,5914.867938219386,6119.250852718651,6449.285091845569,6230.5302734375,6425.35009765625,6478.321465100352,6561.921791597534,6438.7775,4943.862066666667,6438.7775,6369.565482191657
1557,5,6,6705.09,5933.150651448588,6109.268879141964,6491.367592546958,6230.5302734375,6426.15625,6438.842160888606,6586.724190238152,6438.7775,4943.862066666667,6438.7775,6371.9850852996215
1558,3,6,6382.565,6015.611755504094,6108.141038637831,6503.463517713624,6302.369140625,6450.328125,6451.795401022984,6576.100643632089,6501.193,4974.247399999999,6501.193,6436.551358131523
1558,4,6,6705.09,6023.673171492446,6107.568357911707,6501.356988487434,6302.369140625,6451.13427734375,6454.9109679336525,6611.329242364472,6501.193,4974.247399999999,6501.193,6437.624020210033
1558,5,6,7044.21,6041.955884721648,6100.024346033102,6520.932095433863,6302.369140625,6451.9404296875,6425.382036567798,6627.05872734436,6501.193,4974.247399999999,6501.193,6440.043623317997
1559,3,6,6705.09,6063.565629829855,6163.463562286442,6501.4032141230155,6388.970703125,6687.07958984375,6536.174800895658,6611.723149476315,6501.193,5014.489766666667,6571.865,6506.360970909506
1559,4,6,7044.21,6051.930628184459,6152.695977996428,6481.232318791666,6388.970703125,6687.8857421875,6493.388219764733,6602.673895786961,6501.193,5014.489766666667,6571.865,6504.838080543055
1559,5,6,7500.869,6058.3372576575375,6151.270085528538,6492.55861566865,6388.970703125,6688.6923828125,6527.617453531434,6610.882861189415,6501.193,5014.489766666667,6571.865,6505.692684605031
1560,3,6,7044.21,6114.41895962,6060.155776901919,6446.08904716336,6339.0634765625,6566.49365234375,6355.898573365245,6703.134917382829,6501.193,5061.685833333333,6446.927000000001,6404.644233857378
1560,4,6,7500.869,6122.480375608353,6046.260165705358,6431.598381031416,6339.0634765625,6567.2998046875,6377.223723278596,6728.72555573323,6501.193,5061.685833333333,6446.927000000001,6405.716895935888
1560,5,6,7653.247,6128.887005081431,6038.409650830061,6438.9637024014555,6339.0634765625,6568.1064453125,6367.788858812792,6727.055733486883,6501.193,5061.685833333333,6446.927000000001,6406.571499997864
1561,3,6,7500.869,6443.892308440297,6382.721529652215,6370.524887292989,6376.861328125,6673.99658203125,6327.237573531878,6716.533043731358,6382.565,5112.608749999999,6382.565,6394.386633473035
1561,4,6,7653.247,6437.094311163895,6387.190049687995,6371.622645536045,6376.861328125,6674.802734375,6274.501252836905,6753.628283020584,6382.565,5112.608749999999,6382.565,6393.5011533580155
1562,3,6,7653.247,6327.4974964984485,6216.172848162335,6534.957658209326,6492.65869140625,6886.48974609375,6644.464148315281,6614.863868974507,6705.09,5181.233749999999,6705.09,6657.659625323752
1563,5,6,7740.79,6613.995293633496,6351.974571729847,6708.667262059855,6661.32568359375,6814.296875,7074.738742478323,6536.626519365947,7044.21,5269.539016666667,7044.21,6984.566651161931
1564,4,6,7740.79,6589.1626031167125,6644.361012510997,6966.240965517196,6948.31396484375,7137.287109375,7434.893342617724,6595.821142530764,7500.869,5376.108383333334,7500.869,7376.06026897861
1564,5,6,7516.704,6604.623178873286,6625.991391331434,6927.909984835648,6948.31396484375,7138.09326171875,7353.974665895622,6628.215592238794,7500.869,5376.108383333334,7500.869,7378.1079767524425
1565,3,6,7740.79,6642.27601965575,6835.6707158132285,7237.504415796959,7138.2490234375,7277.26416015625,7600.5403992193305,6840.857437645868,7653.247,5475.277283333333,7653.247,7515.1982451778285
1565,4,6,7516.704,6546.799119760199,6799.657827134326,7205.006870041006,7138.2490234375,7278.07080078125,7593.023529716666,6739.543456181251,7653.247,5475.277283333333,7653.247,7502.626852255413
1565,5,6,7006.192,6562.259695516771,6782.357733837369,7167.341962783069,7138.2490234375,7278.876953125,7544.305415742404,6756.824428098514,7653.247,5475.277283333333,7653.247,7504.674560029245
1566,3,6,7516.704,6556.938715906683,6838.988226128154,7274.861733020171,7217.853515625,7267.1826171875,7541.429467104389,7112.286822641564,7653.247,5578.723816666667,7613.535,7469.854097390127
1566,4,6,7006.192,6476.4581770815585,6809.728864265323,7261.7527954854495,7217.853515625,7267.9892578125,7519.974598948188,6995.716729856189,7653.247,5578.723816666667,7613.535,7459.2588933547295
1566,5,6,6932.16,6501.030921743228,6802.971524385032,7244.868798281084,7217.853515625,7268.79541015625,7460.414414646598,7119.7546178879975,7653.247,5578.723816666667,7613.535,7462.5073835612
1567,3,6,7006.192,6476.184569886185,6850.400380216423,7282.152894742394,7234.447265625,7228.62109375,7512.3675361218975,6932.879343376095,7653.247,5690.322033333333,7590.5765,7439.079169442914
1567,4,6,6932.16,6463.028699791737,6815.168104834744,7251.869696957672,7234.447265625,7229.42724609375,7460.738377254004,6871.526981587728,7653.247,5690.322033333333,7590.5765,7437.355862234435
1567,5,6,6812.6705,6465.581337372799,6802.787296873103,7254.220838557209,7234.447265625,7230.2333984375,7437.640567293287,7059.311966572865,7653.247,5690.322033333333,7590.5765,7437.702589093168
1568,3,6,6932.16,6668.86586615068,7020.340784090928,7365.854990770834,7275.18994140625,7242.76513671875,7460.812198779395,6972.304415156777,7740.79,5802.088733333333,7740.79,7593.142756264985
1568,4,6,6812.6705,6467.401512285855,6986.20511689774,7337.758259447752,7275.18994140625,7243.57177734375,7506.627248871626,6925.753138054441,7740.79,5802.088733333333,7740.79,7566.6045598151195
1569,3,6,6812.6705,6685.299213326715,6913.78774824472,7180.061845024801,7243.30712890625,7007.46826171875,7247.839958717105,6523.792345885687,7516.704,5905.2022,7516.704,7400.608016093466
1570,5,7,6363.524,6333.871110464959,6683.896087647487,6704.5121479523805,6874.37939453125,6555.033203125,6779.886868841406,6490.659316333619,7006.192,5986.874333333334,7006.192,6871.29368681492
1571,4,7,6363.524,6207.444558338346,6594.124536795734,6570.141011085318,6710.24560546875,6414.5751953125,6596.707522549543,6707.590743396365,6932.16,6062.0723333333335,6932.16,6786.748943849494
1571,5,7,6219.892,6207.444558338346,6585.353468134028,6536.498394239418,6710.24560546875,6414.79296875,6524.099324580354,6710.91076091188,6932.16,6062.0723333333335,6932.16,6786.748943849494
1572,3,7,6363.524,6328.878923844635,6465.798674271197,6466.888338790675,6584.552734375,6318.2607421875,6623.146276386098,6867.581462436327,6812.6705,6126.92665,6812.6705,6715.599787826169
1572,4,7,6219.892,6322.338253981136,6445.770530541137,6399.161176906747,6584.552734375,6318.478515625,6409.115438914361,6867.581462436327,6812.6705,6126.92665,6812.6705,6714.287430370941
1572,5,7,6203.198,6322.338253981136,6414.5131628374675,6361.779572521826,6584.552734375,6318.69580078125,6345.43040341819,6873.76525417262,6812.6705,6126.92665,6812.6705,6714.287430370941
1573,3,7,6219.892,6376.1826909582405,6371.929524455027,6319.368627489087,6512.67626953125,6263.7890625,6450.715900017276,6976.787524640509,6812.6705,6199.838433333333,6691.5175,6628.246918213242
1573,4,7,6203.198,6369.642021094741,6356.471583647289,6295.7419245585315,6512.67626953125,6264.00634765625,6043.009180664724,6976.787524640509,6812.6705,6199.838433333333,6691.5175,6626.934560758014
1574,3,7,6203.198,6279.001462131669,6260.4612251641865,6232.393959807539,6420.84619140625,6215.85107421875,6107.540083022484,6817.870458589708,6812.6705,6265.632416666666,6584.728,6523.385276761288
1577,5,7,6523.065,5770.180414071359,5705.583441062599,5742.045771128473,6231.9404296875,6035.51806640625,5475.178203848069,5763.984007849742,6203.198,6438.976516666667,6203.198,6116.314871972183
1578,4,7,6523.065,5731.730958456999,5756.596834890377,5983.784118201886,6239.43212890625,6105.56884765625,5859.821556875786,5688.082097151509,6203.198,6496.35865,6249.744000000001,6145.806897048536
1578,5,7,6579.5985,5731.730958456999,5761.797711359723,5953.099500538195,6239.43212890625,6105.7861328125,5869.277182816761,5688.082097151509,6203.198,6496.35865,6249.744000000001,6145.806897048536
1579,3,7,6523.065,5908.045856262973,5926.631347141369,6062.033575989087,6287.68115234375,6059.6220703125,5969.56178165976,5847.779150981634,6203.198,6547.887133333334,6361.076999999999,6270.1782371299405
1579,4,7,6579.5985,5908.045856262973,5933.354804685515,6041.342061940972,6287.68115234375,6059.83984375,5619.863035637199,5847.779150981634,6203.198,6547.887133333334,6361.076999999999,6270.1782371299405
1579,5,7,6713.948,5908.045856262973,5928.695488949007,6010.905155480654,6287.68115234375,6060.05712890625,5623.773850866208,5847.779150981634,6203.198,6547.887133333334,6361.076999999999,6270.1782371299405
1580,3,7,6579.5985,6074.045840582818,6246.179892889881,6329.790915030753,6307.25830078125,6141.884765625,6365.251021185439,6226.996718675556,6203.198,6596.644433333334,6576.195,6475.440917199552
1580,4,7,6713.948,6074.045840582818,6251.609739958829,6302.8380885456345,6307.25830078125,6142.10205078125,5945.805233809266,6226.996718675556,6203.198,6596.644433333334,6576.195,6475.440917199552
1580,5,7,6834.714,6074.045840582818,6238.153795436508,6258.94342112996,6307.25830078125,6142.3193359375,6043.073201343532,6226.996718675556,6203.198,6596.644433333334,6576.195,6475.440917199552
1581,3,7,6713.948,5997.741953481629,6184.025917006747,6213.346834819446,6343.275390625,6270.1689453125,5907.021182544783,6589.386415875948,6203.198,6632.9664,6491.909000000001,6392.756494039516
1581,4,7,6834.714,5997.741953481629,6194.661607872322,6178.305407805557,6343.275390625,6270.38623046875,5747.514349878058,6589.386415875948,6203.198,6632.9664,6491.909000000001,6392.756494039516
1581,5,7,6907.1275,5997.741953481629,6203.326246173909,6141.012669993056,6343.275390625,6270.603515625,5622.700181803253,6589.386415875948,6203.198,6632.9664,6491.909000000001,6392.756494039516
1582,3,7,6834.714,6055.119461728477,6161.97773163654,6282.516921359457,6334.013671875,6426.9404296875,6127.36602314542,6637.288873858936,6523.065,6667.3659,6523.065,6429.173727606294
1582,4,7,6907.1275,6055.119461728477,6158.923497373147,6242.344062574735,6334.013671875,6427.158203125,6024.241061833174,6637.288873858936,6523.065,6667.3659,6523.065,6429.173727606294
1583,3,7,6907.1275,6069.599918658486,6239.769841256085,6244.404642440476,6442.720703125,6470.4443359375,6229.086277119983,6662.918682495544,6579.5985,6711.125849999999,6579.5985,6477.269464236538
1584,5,7,7054.74,6219.152150211529,6340.674771324207,6342.7674396894845,6519.6796875,6515.52734375,6423.047585374876,6879.37359696504,6713.948,6748.045116666666,6713.948,6614.669327350689
1585,4,7,7054.74,6357.874020163541,6504.0523897209,6500.181691848545,6556.52197265625,6503.87890625,6471.411647552364,6703.579907579856,6834.714,6771.013916666667,6834.714,6739.038095918496
1585,5,7,7117.584,6357.874020163541,6497.093540425761,6482.886144017857,6556.52197265625,6504.09619140625,6453.490746501958,6703.579907579856,6834.714,6771.013916666667,6834.714,6739.038095918496
1586,3,7,7054.74,6420.797604892691,6514.922914320767,6525.265895859126,6556.52490234375,6447.99609375,6486.517009381616,6705.723044143083,6907.1275,6791.9203,6907.1275,6809.547484976483
1586,4,7,7117.584,6420.797604892691,6498.0772604437825,6489.164449208663,6556.52490234375,6448.21337890625,6378.4592175955295,6705.723044143083,6907.1275,6791.9203,6907.1275,6809.547484976483
1586,5,7,7156.158,6420.797604892691,6501.754317326223,6469.945016561507,6556.52490234375,6448.4306640625,6166.469863253038,6705.723044143083,6907.1275,6791.9203,6907.1275,6809.547484976483
1587,3,7,7117.584,6520.514383393433,6558.863384285053,6597.886914072421,6595.20166015625,6473.03466796875,6730.517130290371,6610.855650420904,6907.1275,6809.171266666667,6956.306500000001,6868.866674249179
1587,4,7,7156.158,6520.514383393433,6542.997980821264,6562.509515403109,6595.20166015625,6473.251953125,6298.058409141682,6610.855650420904,6907.1275,6809.171266666667,6956.306500000001,6868.866674249179
1587,5,7,7491.095,6520.514383393433,6522.01043640559,6532.239412532738,6595.20166015625,6473.46923828125,6357.811102464795,6610.855650420904,6907.1275,6809.171266666667,6956.306500000001,6868.866674249179
1588,3,7,7156.158,6620.404122308473,6631.21249440043,6706.976881347222,6590.703125,6470.1904296875,6773.980022306535,6665.865469457767,6907.1275,6827.809466666667,7060.339,6972.067946942413
1588,4,7,7491.095,6613.863452444974,6603.349142148942,6659.841491095569,6590.703125,6470.408203125,6564.781560558693,6665.865469457767,6907.1275,6827.809466666667,7060.339,6970.755589487186
1589,3,7,7491.095,6614.805122308473,6643.715667435483,6686.538764441469,6704.224609375,6673.732421875,6914.021763237655,6736.263157090142,7054.74,6843.9053,7054.74,6966.468946942413
1591,5,7,6668.494,6714.580446251559,6641.945350761003,6714.996626415676,6715.775390625,6516.7373046875,6668.0844165371045,6673.258382399886,7156.158,6892.046966666667,7156.158,7067.557351011904
1592,4,7,6668.494,6647.070479549729,6844.694552753076,6972.940029453373,6793.734375,6590.19091796875,7179.2042464573005,6871.648514324954,7491.095,6918.247133333334,7491.095,7321.745087082184
1593,3,7,6668.494,6949.216705126984,6916.251497918948,7100.206856794974,6911.3603515625,6649.84326171875,7395.282593769985,7081.914473481257,7491.095,6936.552716666667,7593.3775,7464.12938946096
1593,5,7,7346.38,6942.676035263486,6845.068365099801,6978.646548075397,6911.3603515625,6650.2783203125,7109.285452394599,7081.914473481257,7491.095,6936.552716666667,7593.3775,7462.8170320057325
1594,4,7,7346.38,6536.475443957008,6419.409965908616,6592.171574760912,6810.8359375,6597.14501953125,6546.378966642288,6754.866628960619,7491.095,6919.7654999999995,6997.2525,6904.799552929481
1594,5,7,7239.595,6536.475443957008,6396.61248435658,6553.052741752976,6810.8359375,6597.3623046875,6614.19434324233,6754.866628960619,7491.095,6919.7654999999995,6997.2525,6904.799552929481
1595,3,7,7346.38,6450.233100097137,6368.448992086196,6488.958197695437,6772.96435546875,6657.1875,6421.871137293682,6759.295407706243,7491.095,6892.439766666666,6833.475,6756.579150646732
1595,4,7,7239.595,6450.233100097137,6334.964022210204,6442.804549570436,6772.96435546875,6657.4052734375,6314.5171779703805,6759.295407706243,7491.095,6892.439766666666,6833.475,6756.579150646732
1595,5,7,6732.9625,6450.233100097137,6308.549624732077,6405.608431261905,6772.96435546875,6657.62255859375,6301.931339767326,6759.295407706243,7491.095,6892.439766666666,6833.475,6756.579150646732
1596,3,7,7239.595,6305.642802262955,6154.77610959939,6216.629268241071,6336.58740234375,6095.6328125,6134.69660570245,6860.970626891564,6668.494,6860.9384,6668.494,6595.6894578924885
1596,4,7,6732.9625,6299.102132399456,6119.855359477664,6185.0484417619045,6336.58740234375,6095.85009765625,6168.509924830285,6860.970626891564,6668.494,6860.9384,6668.494,6594.377100437261
1597,3,7,6732.9625,6613.027934807475,6514.749158535204,6746.61990487996,6532.267578125,6309.51513671875,6713.465782043149,6965.37716204689,6668.494,6844.291883333334,7091.181,6995.241630953538
1598,5,7,6688.5,6963.748846736622,6814.547745438525,6938.207522909722,6816.39892578125,6629.60400390625,6886.032842740136,6718.731372033724,7346.38,6831.144883333333,7346.38,7269.606694349794
1599,4,7,6688.5,6830.325154198188,6825.115058158518,6805.055224661706,6677.83740234375,6474.1298828125,6717.149120255063,6796.109960730673,7239.595,6821.907916666667,7239.595,7157.476754537831
1599,5,7,6847.812,6830.325154198188,6811.148196948744,6779.867653564815,6677.83740234375,6474.34716796875,6659.797952730207,6796.109960730673,7239.595,6821.907916666667,7239.595,7157.476754537831
1600,3,7,6688.5,6349.935650140697,6274.24733224324,6350.887887987103,6386.029296875,6115.35595703125,6317.680465186722,6765.895307178979,6732.9625,6812.800266666667,6732.9625,6656.109799518912
1600,4,7,6847.812,6349.935650140697,6253.293440127168,6313.4018527579365,6386.029296875,6115.5732421875,6129.700504965749,6765.895307178979,6732.9625,6812.800266666667,6732.9625,6656.109799518912
1600,5,7,7159.636,6349.935650140697,6241.128279632671,6267.063875885912,6386.029296875,6115.79052734375,6107.698290179545,6739.691676467726,6732.9625,6812.800266666667,6732.9625,6656.109799518912
1601,3,7,6847.812,6528.433179532661,6383.369529017744,6496.689927743055,6530.04296875,6389.42626953125,6617.939452437417,6921.504366929888,6732.9625,6809.048766666666,6819.615,6761.190612147988
1601,4,7,7159.636,6528.433179532661,6375.745797312882,6481.758331124999,6530.04296875,6389.64404296875,6331.546404661643,6921.504366929888,6732.9625,6809.048766666666,6819.615,6761.190612147988
1602,3,7,7159.636,6404.463179532661,6257.247608900879,6377.59054034127,6481.818359375,6387.33203125,6385.020246061024,6499.352770161833,6732.9625,6805.147916666667,6695.645,6637.2206121479885
1602,5,7,7167.8355,6404.463179532661,6216.851774301389,6336.223527813492,6481.818359375,6387.76708984375,6328.971572513252,6499.352770161833,6732.9625,6805.147916666667,6695.645,6637.2206121479885
1603,4,7,7167.8355,6446.581881101131,6367.451178589867,6439.413178885913,6605.79443359375,6627.3388671875,6430.867677467411,6487.624155239492,6688.5,6805.047333333334,6688.5,6639.960163329249
1604,3,7,7167.8355,6608.678950239188,6571.637906151871,6631.360578786706,6710.4228515625,6756.5390625,6693.744317217093,6758.369006146011,6847.812,6813.8168,6847.812,6799.83097554924
1605,5,7,7396.9125,6830.772824681102,6699.866766507928,6712.915817717262,6743.1767578125,6763.5068359375,6527.5760548730805,6810.70071496999,7159.636,6840.353866666666,7159.636,7093.65100933596
1606,4,7,7396.9125,6826.829772043753,6926.487140831623,6934.332007660714,6806.08740234375,6748.37744140625,6812.520184636798,6845.441497135878,7159.636,6876.4636666666665,7303.186,7207.607158665848
1606,5,7,7458.858,6826.829772043753,6915.565589186598,6888.844484480159,6806.08740234375,6748.59521484375,6657.508634622995,6845.441497135878,7159.636,6876.4636666666665,7303.186,7207.607158665848
1607,3,7,7396.9125,6821.109219563427,6860.400327902962,6847.671093281746,6818.046875,6714.255859375,6879.1300889256045,6664.101027086578,7167.8355,6908.6182499999995,7167.8355,7098.266353635713
1607,4,7,7458.858,6814.568549699929,6837.861801897903,6809.178178566468,6818.046875,6714.47314453125,6569.384432286662,6664.101027086578,7167.8355,6908.6182499999995,7167.8355,7096.953996180486
1608,3,7,7458.858,6903.614595314864,6992.358907515313,6986.669170919146,6859.17431640625,6796.2216796875,6847.775754128914,6753.046860977524,7167.8355,6943.12835,7285.047,7208.514218128923
1608,5,7,7379.426,6897.073925451365,6955.5261198230155,6911.907899255952,6859.17431640625,6796.65673828125,6428.628748387707,6753.046860977524,7167.8355,6943.12835,7285.047,7207.201860673695
1609,4,7,7379.426,6821.583879821951,6948.295701149093,6974.691775610118,6978.63037109375,7016.72265625,6889.102971230089,6916.351727570534,7167.8355,6977.2366,7384.3245,7271.4129995478215
1609,5,7,6900.1875,6821.583879821951,6931.559539806051,6978.184282562499,6978.63037109375,7016.93994140625,6853.136247592197,6916.351727570534,7167.8355,6977.2366,7384.3245,7271.4129995478215
1610,3,7,7379.426,6867.2215710504215,7095.167234970423,7077.591928511574,7020.310546875,7106.48681640625,7133.836032090988,6676.514721135309,7396.9125,7004.59385,7396.9125,7290.632278848234
1610,4,7,6900.1875,6860.680901186923,7085.076284725581,7040.436456933532,7020.310546875,7106.7041015625,7000.927744244498,6661.708401776294,7396.9125,7004.59385,7396.9125,7289.319921393007
1611,3,7,6900.1875,7027.4974319572475,7148.767231941652,7158.385967549272,7078.06396484375,7118.7861328125,7276.276457771743,6757.552909294396,7458.858,7036.825483333334,7458.858,7372.3073455293825
1612,5,7,7100.304,7094.219691070581,7223.9316396210315,7229.891949365079,7383.373046875,7436.45703125,7359.429372052872,6812.283354074158,7458.858,7077.588583333333,7745.958,7615.189493649591
1613,4,7,7100.304,7108.743821263179,6961.471299107129,7063.860439559524,7302.0625,7355.53271484375,6252.86700359337,6771.68663369251,7379.426,7104.249500000001,7379.426,7325.114777651826
1613,5,7,6798.08,7108.743821263179,6953.969412941998,7038.172548134921,7302.0625,7355.75,6298.631606287214,6771.68663369251,7379.426,7104.249500000001,7379.426,7325.114777651826
1614,3,7,7100.304,6723.164917281628,6451.215917560303,6594.632613722222,7045.06396484375,7047.9169921875,5795.86622064314,6692.275493599707,6900.1875,7110.457483333334,6900.1875,6864.668675319586
1614,4,7,6798.08,6723.164917281628,6440.597631991851,6574.543556799603,7045.06396484375,7048.13427734375,5670.480056364545,6692.275493599707,6900.1875,7110.457483333334,6900.1875,6864.668675319586
1614,5,7,7027.974,6723.164917281628,6406.796353426587,6539.327083166667,7045.06396484375,7048.3515625,5643.038323110614,6692.275493599707,6900.1875,7110.457483333334,6900.1875,6864.668675319586
1615,3,7,6798.08,6738.0044343258405,6492.95233405151,6560.766953122024,6967.71484375,6984.375,5523.4823669505795,6753.826603547849,6900.1875,7113.147533333334,6915.4155,6879.818727874769
1615,4,7,7027.974,6738.0044343258405,6480.0947595892085,6545.201086282738,6967.71484375,6984.59228515625,5437.999466935978,6753.826603547849,6900.1875,7113.147533333334,6915.4155,6879.818727874769
1615,5,7,7062.431,6738.0044343258405,6432.994727630095,6511.010119708333,6967.71484375,6984.8095703125,5349.951017879197,6753.732695264567,6900.1875,7113.147533333334,6915.4155,6879.818727874769
1616,3,7,7027.974,6782.581168639402,6658.260395650965,6694.674930051588,7008.70263671875,7170.810546875,5580.613943437305,6503.563837306016,6900.1875,7119.40925,7094.979,7032.297710233195
1616,4,7,7062.431,6776.040498775903,6645.035159908405,6650.048347352183,7008.70263671875,7171.02783203125,5486.944958068707,6503.563837306016,6900.1875,7119.40925,7094.979,7030.985352777968
1616,5,7,7115.286,6776.040498775903,6602.723346235403,6606.304748000992,7008.70263671875,7171.2451171875,5387.891182128119,6503.563837306016,6900.1875,7119.40925,7094.979,7030.985352777968
1617,3,7,7062.431,6844.9643382095255,6524.0229947305415,6630.236013393849,7108.11669921875,7291.4541015625,5639.678399960647,6502.59334439384,7100.304,7124.2091666666665,7100.304,7049.071188107742
1617,4,7,7115.286,6838.423668346027,6497.747866144232,6561.639519645172,7108.11669921875,7291.671875,5404.593574214933,6502.59334439384,7100.304,7124.2091666666665,7100.304,7047.758830652515
1618,3,7,7115.286,6436.797291098245,6234.658213354762,6254.167459609127,6746.8896484375,6783.77001953125,5558.77592495721,6612.1926811930025,6798.08,7115.467199999999,6798.08,6725.590168474033
1619,5,7,7532.16,6757.923825053444,6571.81428477381,6424.704323451389,6883.44482421875,7095.26025390625,5675.758467008849,6654.743949106013,7027.974,7114.575,7027.974,6973.789586511346
1620,4,7,7532.16,6730.112314626076,6674.455619247108,6700.207040271825,6915.48486328125,7133.69921875,5740.631638214476,6662.430995912656,7062.431,7112.736566666666,7062.431,6995.752676011244
1620,5,7,7877.1745,6730.112314626076,6650.414047735417,6695.1711314474205,6915.48486328125,7133.9169921875,5720.78355791806,6662.430995912656,7062.431,7112.736566666666,7062.431,6995.752676011244
1621,3,7,7532.16,7038.051561457067,6989.922427444742,6954.7058047251985,7029.8173828125,7280.4912109375,7638.271260463571,6654.039321175365,7115.286,7111.3741666666665,7115.286,7099.789239983449
1621,4,7,7877.1745,7038.051561457067,6995.864049588095,6893.9028308184525,7029.8173828125,7280.708984375,7668.367876557243,6654.039321175365,7115.286,7111.3741666666665,7115.286,7099.789239983449
1622,3,7,7877.1745,7082.043476514849,7084.5239367738095,7174.254552532738,7145.68212890625,7353.41552734375,7329.374665309915,6750.090878831987,7115.286,7108.9908,7419.594,7351.865930053552
1622,5,7,8593.452,7075.5028066513505,7089.491133146329,7095.21428637996,7145.68212890625,7353.85009765625,6772.011496575736,6750.090878831987,7115.286,7108.9908,7419.594,7350.5535725983245
1623,4,7,8593.452,7191.926843758567,7237.701654656534,7320.265982789682,7218.185546875,7507.291015625,7644.152887663622,6947.446055287407,7115.286,7108.2912166666665,7572.39,7496.051693686872
1623,5,7,8495.135,7191.926843758567,7221.089745350198,7297.942182102182,7218.185546875,7507.50830078125,6902.279570082275,6947.446055287407,7115.286,7108.2912166666665,7572.39,7496.051693686872
1624,3,7,8593.452,7171.964715442238,7204.875653393504,7311.528384750992,7325.55078125,7667.6494140625,7920.119297267076,7180.895915564977,7532.16,7126.1214666666665,7532.16,7459.888355521326
1624,4,7,8495.135,7171.964715442238,7197.177471823067,7255.12423694246,7325.55078125,7667.8671875,7700.825892033738,7180.895915564977,7532.16,7126.1214666666665,7532.16,7459.888355521326
1625,3,7,8495.135,7784.197351587868,7720.662188876951,7763.365002885252,7603.0009765625,7938.58642578125,8403.716891080274,7198.768669489958,7877.1745,7160.9114500000005,7877.1745,7858.519032527868
1626,5,7,8333.6945,8158.983755186351,8053.182012431547,7926.425406373346,7828.873046875,8025.20654296875,8570.261934685568,7957.681357959245,7877.1745,7213.1833166666665,8236.65,8221.066599900641
1627,4,7,8333.6945,8253.611873343749,8153.931425355158,8114.204892780753,8110.0703125,8324.62890625,8595.879678276566,7878.007640021438,8593.452,7263.259016666666,8593.452,8525.264530962355
1627,5,7,8247.573,8253.611873343749,8109.954173424602,8089.504669912698,8110.0703125,8324.8466796875,8659.817857786777,7878.007640021438,8593.452,7263.259016666666,8593.452,8525.264530962355
1628,3,7,8333.6945,8270.723122958807,8253.661212145336,8155.828106520833,8005.41650390625,8148.1435546875,8562.5524225889,7999.753687760349,8495.135,7301.55085,8495.135,8450.107715941505
1628,4,7,8247.573,8281.974407715223,8234.51257080506,8108.1606049375005,8005.41650390625,8148.361328125,8620.412581447285,7952.98167590837,8495.135,7301.55085,8495.135,8452.365238143224
1628,5,7,9056.5105,8281.974407715223,8189.25958832834,8111.743493673611,8005.41650390625,8148.57861328125,8640.289041816934,7948.131888658581,8495.135,7301.55085,8495.135,8452.365238143224
1629,3,7,8247.573,8359.700689684245,8255.253187049868,8208.360134880291,8037.599609375,8194.4375,8495.162283851772,8095.469440084042,8495.135,7342.952433333333,8481.6425,8457.175396903283
1629,4,7,9056.5105,8405.306745331678,8241.862729787963,8200.709897146495,8037.599609375,8194.6552734375,8567.119358519136,8049.354714568526,8495.135,7342.952433333333,8481.6425,8466.326057062182
1629,5,7,9586.122,8405.306745331678,8206.272050230225,8133.615824090939,8037.599609375,8194.8720703125,8560.530587438165,8040.211452714309,8495.135,7342.952433333333,8481.6425,8466.326057062182
1630,3,7,9056.5105,8168.907406663337,8392.914957609226,8289.159597546957,8009.68994140625,8110.62255859375,8487.123192129144,7936.802782983805,8495.135,7400.9419333333335,8472.6475,8411.703348367091
1630,4,7,9586.122,8214.51346231077,8389.670519187599,8296.831421544643,8009.68994140625,8110.83984375,8569.57221167173,7868.233505452446,8495.135,7400.9419333333335,8472.6475,8420.85400852599
1630,5,7,9296.4115,8214.51346231077,8348.835035408829,8257.373620732142,8009.68994140625,8111.05712890625,8549.881554095378,7863.3810632659915,8495.135,7400.9419333333335,8472.6475,8420.85400852599
1631,3,7,9586.122,8329.171068943491,8180.414037666179,8237.3216090625,8009.5,8102.712890625,8324.843798960044,8048.064787887922,8333.6945,7451.41125,8333.6945,8332.786892890314
1631,4,7,9296.4115,8253.655169611497,8179.730488673124,8229.478462951389,8009.5,8102.9306640625,8359.331174439514,7989.931495022367,8333.6945,7451.41125,8333.6945,8317.63495042191
1632,3,7,9296.4115,8403.22341079604,8187.83129125215,8231.311815032408,7910.2265625,7962.12353515625,8253.506126237624,7969.706828308205,8247.573,7503.1421833333325,8247.573,8278.803589722524
1633,5,7,9478.3455,8416.944771780298,8364.966573257243,8264.358238426588,8178.2294921875,8301.767578125,8993.13216722641,7904.386040447203,9056.5105,7582.075866666666,9056.5105,8928.184369946996
1634,4,7,9478.3455,8866.746436219719,8352.263789223342,8419.586047625,8420.46484375,8450.8037109375,9495.417669987812,7902.7632429059395,9586.122,7673.352866666667,9586.122,9441.782367525337
1634,5,7,9031.7605,8866.746436219719,8375.666599559981,8401.024495368056,8420.46484375,8451.0205078125,9467.092447168048,7817.6384132480935,9586.122,7673.352866666667,9586.122,9441.782367525337
1635,3,7,9478.3455,8757.289127083504,8403.314672487892,8239.673908145833,8296.06640625,8138.009765625,9295.461016266489,8184.4140208496165,9296.4115,7744.578716666667,9296.4115,9188.238899923466
1635,4,7,9031.7605,8581.529683149765,8287.62310162645,8198.144468967592,8296.06640625,8138.2275390625,9294.644628489368,8142.421236619623,9296.4115,7744.578716666667,9296.4115,9152.97351864191
1635,5,7,8814.3075,8581.529683149765,8282.484595738553,8190.409110576389,8296.06640625,8138.44482421875,9324.410228379986,8019.423787415683,9296.4115,7744.578716666667,9296.4115,9152.97351864191
1636,3,7,9031.7605,8326.281168893189,8104.86030529018,8077.267385945107,8034.3115234375,7859.87158203125,8580.035596224958,8018.798618123537,9296.4115,7787.1662166666665,8580.811000000002,8529.740677173444
1636,4,7,8814.3075,8141.762232960016,8074.528063232723,8065.215614567793,8034.3115234375,7860.08935546875,8567.767912614469,8014.3951754871405,9296.4115,7787.1662166666665,8580.811000000002,8492.717741257673
1636,5,7,7645.257,8141.762232960016,8078.023109267279,8038.620548743718,8034.3115234375,7860.306640625,8592.9386883125,7973.15910061495,9296.4115,7787.1662166666665,8580.811000000002,8492.717741257673
1637,3,7,8814.3075,8614.375672393724,8388.07132510334,8298.086901190476,8147.4560546875,8077.42724609375,8548.67335211598,7801.960116116478,9296.4115,7842.983916666667,8842.3665,8796.621114805994
1637,4,7,7645.257,8429.856736460551,8362.468108159888,8246.063307646495,8147.4560546875,8077.64453125,8631.279470655472,7801.960116116478,9296.4115,7842.983916666667,8842.3665,8759.598178890223
1637,5,7,7600.0675,8429.856736460551,8332.01944937004,8214.723261176587,8147.4560546875,8077.86181640625,8626.458579511811,7763.494327065871,9296.4115,7842.983916666667,8842.3665,8759.598178890223
1638,3,7,7645.257,8883.89609653652,9014.367679515708,8836.418940435846,8227.93359375,8208.0673828125,9618.286964337389,8348.669233323355,9478.3455,7916.093866666666,9478.3455,9359.071767695537
1638,4,7,7600.0675,8767.650043188336,8953.604229372486,8761.553925195105,8227.93359375,8208.28515625,9689.153481594236,8348.669233323355,9478.3455,7916.093866666666,9478.3455,9335.747493892386
1639,3,7,7600.0675,8654.376952873145,8650.288401958498,8566.056528252315,7886.3515625,7643.734375,8991.840929178828,8603.613059630812,9031.7605,7971.008400000001,9031.7605,8956.040104094376
1640,5,7,7635.505,8481.685479249876,8480.652227562883,8351.363463889551,7697.4306640625,7278.20947265625,8511.579001021588,7862.424610883781,8814.3075,8018.2549,8814.3075,8747.568313064376
1641,4,7,7635.505,7885.649289574275,7406.892769091534,7511.085212747023,7156.5869140625,6531.908203125,6818.741758770014,7708.140469775747,7645.257,8024.468199999999,7645.257,7693.490685537713
1641,5,7,7395.4375,7885.649289574275,7435.458032276058,7506.5470375535715,7156.5869140625,6532.1259765625,6675.510771938714,7678.97241910112,7645.257,8024.468199999999,7645.257,7693.490685537713
1642,3,7,7635.505,8265.099381908696,7705.5957940921135,7739.080371531746,7308.92919921875,7114.13134765625,7581.356271834164,8192.422834241002,7600.0675,8019.605183333333,7600.0675,7733.5033049559115
1642,4,7,7395.4375,8292.94956983859,7724.116903259673,7741.877726524802,7308.92919921875,7114.3486328125,7667.697649114561,8189.232981438095,7600.0675,8019.605183333333,7600.0675,7739.091326140599
1642,5,7,7216.2,8292.94956983859,7765.03606412753,7749.8817435228175,7308.92919921875,7114.56591796875,7420.564806263768,8159.77405394999,7600.0675,8019.605183333333,7600.0675,7739.091326140599
1643,3,7,7395.4375,8062.608834913675,7839.9075612325405,7983.227693872355,7488.24658203125,7416.74072265625,8336.688499634809,8230.370300461935,7600.0675,8031.483333333334,7735.7705000000005,7801.3492150903
1643,4,7,7216.2,8090.459022843571,7842.705336142858,7966.049529800596,7488.24658203125,7416.95849609375,8523.539910715665,8227.153627885491,7600.0675,8031.483333333334,7735.7705000000005,7806.937236274988
1643,5,7,7382.375,8090.459022843571,7885.212512888493,7974.011399916667,7488.24658203125,7417.17578125,8386.224864867407,8237.413251653652,7600.0675,8031.483333333334,7735.7705000000005,7806.937236274988
1644,3,7,7216.2,8004.573766346266,7845.124816954167,7936.283306916005,7429.265625,7389.67626953125,8054.556462045135,8060.380292382626,7600.0675,8056.981116666666,7665.121,7733.230746846909
1644,4,7,7382.375,8004.573766346266,7852.290029185516,7940.473712198413,7429.265625,7389.8935546875,8108.726657541426,8057.212283596103,7600.0675,8056.981116666666,7665.121,7733.230746846909
1644,5,7,7186.9685,8004.573766346266,7897.100245620239,7941.554875733135,7429.265625,7390.111328125,8257.939081469394,8067.570577794436,7600.0675,8056.981116666666,7665.121,7733.230746846909
1645,3,7,7382.375,7691.159042273596,7853.5430617809525,7900.277893840608,7455.470703125,7478.83349609375,8432.9592179202,7861.091944202547,7635.505,8080.9841,7635.505,7646.671745733323
1645,4,7,7186.9685,7691.159042273596,7849.134465091667,7918.45738247619,7455.470703125,7479.05126953125,8779.188398857565,7857.926239149091,7635.505,8080.9841,7635.505,7646.671745733323
1646,3,7,7186.9685,7720.183680453814,7608.7792980699405,7694.562244148148,7346.3642578125,7254.58447265625,8324.43036073215,7983.220442571037,7395.4375,8090.999383333333,7395.4375,7460.596433239176
1647,5,7,7421.837,7495.457542640896,7486.824278593154,7646.13977319246,7257.52978515625,7148.72607421875,8552.436817561762,7513.196493182943,7216.2,8094.8625833333335,7216.2,7272.231832466963
1648,4,7,7421.837,7572.250980312923,7614.963520439881,7780.919505882936,7208.75732421875,7103.48583984375,8801.276565845084,7924.278448424081,7382.375,8114.339083333334,7382.375,7420.47280397615
1648,5,7,6964.4725,7666.780570644259,7628.717757332738,7809.819595011905,7208.75732421875,7103.703125,8709.45011318216,7944.9961198704395,7382.375,8114.339083333334,7382.375,7439.439762284694
1649,3,7,7421.837,7334.344352159471,7458.428186918949,7546.675604967262,7026.72802734375,6870.5791015625,7701.466278887107,7474.267054272367,7186.9685,8119.6389,7186.9685,7216.5388348951055
1649,4,7,6964.4725,7334.344352159471,7474.279055387401,7585.965314710317,7026.72802734375,6870.79638671875,8097.167142892473,7465.257862779349,7186.9685,8119.6389,7186.9685,7216.5388348951055
1649,5,7,7422.9375,7334.344352159471,7484.248358207838,7608.543241172619,7026.72802734375,6871.01416015625,7721.692283233841,7460.198793980315,7186.9685,8119.6389,7186.9685,7216.5388348951055
1650,3,7,6964.4725,7358.513848367285,7400.779346674902,7464.513139683532,6944.38232421875,6835.64501953125,7512.240789957482,7532.016817586918,7186.9685,8119.8313333333335,7068.204000000001,7126.453430376687
1650,4,7,7422.9375,7358.513848367285,7421.692836946429,7531.015163561508,6944.38232421875,6835.86279296875,7869.449381966974,7528.994155142676,7186.9685,8119.8313333333335,7068.204000000001,7126.453430376687
1650,5,7,7782.8505,7358.513848367285,7431.186541333533,7588.643385759921,6944.38232421875,6836.080078125,7477.617079609402,7518.454832434498,7186.9685,8119.8313333333335,7068.204000000001,7126.453430376687
1651,3,7,7422.9375,7370.99567645533,7335.208194662799,7391.680291171628,7059.5947265625,7115.4765625,7843.433648546437,7733.047689925722,7186.9685,8117.2092999999995,7036.625000000001,7103.715047229639
1651,4,7,7782.8505,7370.99567645533,7350.383071682243,7434.713812713295,7059.5947265625,7115.69384765625,7975.895126237072,7730.018253888419,7186.9685,8117.2092999999995,7036.625000000001,7103.715047229639
1651,5,7,8047.52,7370.99567645533,7343.890918515279,7483.427904761906,7059.5947265625,7115.91162109375,7854.650451871247,7724.801889690516,7186.9685,8117.2092999999995,7036.625000000001,7103.715047229639
1652,3,7,7782.8505,7709.649232514129,7768.978012090279,7757.74910202133,7143.1279296875,7252.35400390625,8375.333362182815,7989.573845182304,7421.837,8117.284066666666,7421.837,7479.58529442982
1652,4,7,8047.52,7709.649232514129,7780.3998719166675,7790.8335182678575,7143.1279296875,7252.57177734375,8576.083214132008,7986.446727305922,7421.837,8117.284066666666,7421.837,7479.58529442982
1653,3,7,8047.52,7321.247245988862,7265.98081279528,7379.207232740575,6955.69140625,6858.45458984375,7231.422817713016,7779.684613036163,6964.4725,8097.020149999999,6964.4725,7036.057828033191
1654,5,7,7853.7195,7897.113482463551,7729.701052016568,7851.080219331349,7285.1298828125,7282.44580078125,7618.5589248721935,8077.535344426184,7422.9375,8093.3794,7422.9375,7518.078884393765
1655,4,7,7853.7195,8058.563895618384,7976.426376711905,8166.493195292658,7468.02392578125,7467.55224609375,7777.334001603408,7891.422305466229,7782.8505,8090.235266666667,7782.8505,7838.17121451353
1655,5,7,7416.486,8058.563895618384,7994.489922143154,8191.149970125992,7468.02392578125,7467.76953125,7748.764944690135,7886.39535157294,7782.8505,8090.235266666667,7782.8505,7838.17121451353
1656,3,7,7853.7195,8252.350556865895,8130.019647012599,8337.476858291668,7541.6171875,7448.09765625,8451.811762923282,7834.336430273768,8047.52,8083.930933333334,8047.52,8088.618375850078
1656,4,7,7416.486,8274.33361751106,8133.889459326092,8349.185372166667,7541.6171875,7448.31494140625,8758.590962112587,7834.336430273768,8047.52,8083.930933333334,8047.52,8093.029183019448
1656,5,7,7604.387,8274.33361751106,8141.9302329654765,8336.63571501389,7541.6171875,7448.5322265625,8620.103767397766,7897.902050241066,8047.52,8083.930933333334,8047.52,8093.029183019448
1657,3,7,7416.486,8134.9236166157325,8033.868196985814,8181.6416686646835,7471.82763671875,7295.150390625,8568.957813814908,7751.098826786805,8047.52,8064.814533333334,8019.960000000001,8043.026958353539
1657,4,7,7604.387,8156.906677260898,8038.841095910418,8209.89848675496,7471.82763671875,7295.36767578125,8737.302134616284,7751.098826786805,8047.52,8064.814533333334,8019.960000000001,8047.437765522908
1657,5,7,7602.42,8156.906677260898,8039.033067218949,8181.7597299494055,7471.82763671875,7295.58544921875,8648.08049082792,7733.810198774346,8047.52,8064.814533333334,8019.960000000001,8047.437765522908
1658,3,7,7604.387,8185.4304402708885,7968.708938707738,8021.248288240079,7510.96728515625,7423.3720703125,8392.355848470594,7837.511129059434,8047.52,8047.046166666667,7962.084,8006.897508723894
1658,4,7,7602.42,8207.413500916055,7963.932889600595,8045.182142233135,7510.96728515625,7423.58935546875,8607.409620840368,7793.170384308357,8047.52,8047.046166666667,7962.084,8011.308315893264
1658,5,7,7455.265,8207.413500916055,7974.0931403783725,8042.448552885912,7510.96728515625,7423.80712890625,8403.043642749442,7793.170384308357,8047.52,8047.046166666667,7962.084,8011.308315893264
1659,3,7,7602.42,8087.573427941385,7906.941243478572,7943.020973348214,7546.53466796875,7529.61328125,7900.419139785961,7595.827699793034,7853.7195,8026.1154,7853.7195,7900.641291219094
1659,4,7,7455.265,8088.275219146134,7921.887032309921,7956.339001306547,7546.53466796875,7529.8310546875,7685.26911258124,7586.768645231998,7853.7195,8026.1154,7853.7195,7900.782102625079
1660,3,7,7455.265,7648.601591719798,7565.020959994983,7619.437854240079,7342.01513671875,7138.23876953125,7292.418612880045,7398.133370694728,7416.486,7990.910016666667,7416.486,7463.059001485365
1661,5,7,6988.2525,7674.199393163519,7758.086326902778,7826.131105099206,7244.9482421875,7100.45947265625,7723.449164081385,7291.818678463523,7604.387,7966.599766666667,7604.387,7618.394558330792
1662,4,7,6988.2525,7432.13994022355,7760.196573940278,7732.2898051875,7152.8427734375,7007.34814453125,7579.715526440153,7287.829725673321,7602.42,7945.094666666667,7602.42,7568.25403373234
1662,5,7,7284.9525,7432.13994022355,7746.921990018453,7749.151228659723,7152.8427734375,7007.56591796875,7641.349488617909,7280.064144947034,7602.42,7945.094666666667,7602.42,7568.25403373234
1663,3,7,6988.2525,8045.616657213732,7606.136687997493,7618.4921456398815,7263.962890625,7081.7548828125,7469.118218464459,7303.675382655932,7455.265,7891.719816666667,7455.265,7573.7165370320035
1663,4,7,7284.9525,8045.616657213732,7620.044978348882,7638.845294052579,7263.962890625,7081.97265625,7469.262882942256,7294.946692931176,7455.265,7891.719816666667,7455.265,7573.7165370320035
1663,5,7,7302.123,8094.981738182263,7641.037905606322,7683.800904760913,7263.962890625,7082.18994140625,7463.135698741867,7287.16640897927,7455.265,7891.719816666667,7455.265,7583.621429556621
1664,3,7,7284.9525,6766.049369271123,6779.605229050298,6789.593305694445,6906.43017578125,6722.98095703125,6543.942937222823,7115.558794628595,7455.265,7790.80625,6558.715,6600.315755108635
1664,4,7,7302.123,6766.049369271123,6789.309239864981,6824.702855888889,6906.43017578125,6723.1982421875,6530.844606425602,7109.736148750841,7455.265,7790.80625,6558.715,6600.315755108635
1664,5,7,7442.6315,6815.414450239654,6808.429878994444,6862.519633027778,6906.43017578125,6723.41552734375,6487.90292064545,7109.175104464546,7455.265,7790.80625,6558.715,6610.220647633253
1665,3,7,7302.123,7897.364355812924,7891.068019755718,8077.240372782738,7231.3310546875,7308.94140625,7821.603728429329,7200.993452339545,7455.265,7743.6822,7882.69,7885.634346780017
1665,4,7,7442.6315,7897.364355812924,7891.734627666432,8088.6024767470235,7231.3310546875,7309.1591796875,7652.649660393481,7200.993452339545,7455.265,7743.6822,7882.69,7885.634346780017
1665,5,7,7468.24,7946.729436781455,7880.27328664659,8096.549396705356,7231.3310546875,7309.37646484375,7511.746954847991,7200.423603230297,7455.265,7743.6822,7882.69,7895.539239304635
1666,3,7,7442.6315,7216.859044886876,7400.817573828075,7236.065438472222,6910.423828125,6850.12353515625,6846.408356116868,7268.617905130459,6988.2525,7690.596916666666,6988.2525,7034.121426234965
1666,4,7,7468.24,7216.859044886876,7412.625066154464,7253.632121965277,6910.423828125,6850.3408203125,6733.875876133898,7268.617905130459,6988.2525,7690.596916666666,6988.2525,7034.121426234965
1667,3,7,7468.24,7421.030123159134,7544.075345230655,7587.41371428373,7103.54150390625,7106.60205078125,7260.375530577296,7226.277761722479,7284.9525,7638.683116666666,7284.9525,7312.255893531469
1668,5,7,7296.06,7620.700442550126,7516.776916223114,7516.064465456349,7259.99560546875,7298.3173828125,7128.137064174224,7566.42949914349,7302.123,7566.142366666667,7302.123,7366.044202342157
1669,4,7,7296.06,7613.129749194597,7545.145458880953,7532.274555569445,7234.77587890625,7349.5,7259.860149728728,7342.699829345371,7442.6315,7513.1714,7442.6315,7476.8412450419355
1669,5,7,7088.464,7613.129749194597,7563.8539348226195,7554.609440361111,7234.77587890625,7349.7177734375,7128.605373461299,7332.8387460472095,7442.6315,7513.1714,7442.6315,7476.8412450419355
1670,3,7,7296.06,7227.492451717708,7571.75750052252,7455.406317075396,7173.6572265625,7235.3662109375,7686.7347456867665,7006.976844120903,7468.24,7468.302483333333,7468.24,7419.935033320793
1670,4,7,7088.464,7227.492451717708,7595.764412619742,7467.269955055555,7173.6572265625,7235.583984375,7546.97899261046,7008.099093577865,7468.24,7468.302483333333,7468.24,7419.935033320793
1670,5,7,7158.74,7227.492451717708,7599.995971715972,7490.079050593254,7173.6572265625,7235.80126953125,7418.96876684793,7003.627190475214,7468.24,7468.302483333333,7468.24,7419.935033320793
1671,3,7,7088.464,7449.713307667594,7534.60799459127,7454.505791902777,7242.67578125,7233.12060546875,8175.61470815116,6647.601890364977,7468.24,7462.952316666667,7484.7519999999995,7477.721636128484
1671,4,7,7158.74,7449.713307667594,7554.686897635714,7451.170483694444,7242.67578125,7233.337890625,7912.340232687905,6648.735151125864,7468.24,7462.952316666667,7484.7519999999995,7477.721636128484
1672,3,7,7158.74,7481.853198262414,7480.163172534722,7437.368273577382,7201.5947265625,7115.28955078125,8133.58383111004,6573.828926229592,7468.24,7457.067400000001,7423.52,7435.224306932561
1672,5,7,7151.656,7481.853198262414,7524.511273714286,7452.568009198413,7201.5947265625,7115.724609375,7946.015086795442,6565.666988598163,7468.24,7457.067400000001,7423.52,7435.224306932561
1673,4,7,7151.656,7489.79093232031,7543.489855747917,7496.289443293651,7236.0595703125,7133.94287109375,7537.41986846828,6777.50293054954,7296.06,7442.410383333334,7296.06,7334.931283621511
1674,3,7,7151.656,7378.199084039754,7320.79683568922,7340.066846992064,7134.76806640625,6940.64892578125,7386.878337247297,6756.0835715017565,7088.464,7423.188483333333,7088.464,7146.5981063707395
1675,5,7,7032.048,7615.091054319671,7448.622408053968,7524.358292706349,7115.94970703125,6964.49755859375,7152.693519477124,6780.938266289662,7158.74,7407.296316666668,7158.74,7250.304888740153
1676,4,7,7032.048,7639.1999163332075,7496.361451199802,7444.561830428573,7106.150390625,6969.77099609375,7493.200529413919,6857.958304872768,7158.74,7399.960000000001,7175.348000000001,7268.41790464671
1676,5,7,7025.482,7639.1999163332075,7506.9593689071435,7483.603238414684,7106.150390625,6969.98828125,7348.5438649772195,6853.41150188338,7158.74,7399.960000000001,7175.348000000001,7268.41790464671
1677,3,7,7032.048,7574.381728420216,7511.136677523049,7412.65145784127,7226.08251953125,7033.943359375,7465.205844047245,6977.436765573346,7151.656,7397.808533333333,7151.656,7236.474110803099
1677,4,7,7025.482,7574.381728420216,7521.383140453604,7436.863448798611,7226.08251953125,7034.16064453125,7213.114634929107,6978.745843218327,7151.656,7397.808533333333,7151.656,7236.474110803099
1677,5,7,6916.896,7574.381728420216,7519.44656491541,7476.970821353175,7226.08251953125,7034.3779296875,7229.753325299523,6978.745843218327,7151.656,7397.808533333333,7151.656,7236.474110803099
1678,3,7,7025.482,7435.3357413285585,7333.2203953814815,7308.840491718253,7087.037109375,6845.21484375,7304.244473991872,7195.606716944908,7151.656,7384.7559833333335,6990.7985,7079.99299765222
1678,4,7,6916.896,7435.3357413285585,7349.096902950926,7351.698280170635,7087.037109375,6845.43212890625,7073.227304596637,7198.319551916202,7151.656,7384.7559833333335,6990.7985,7079.99299765222
1678,5,7,7013.333,7435.3357413285585,7351.52713514537,7392.092626045635,7087.037109375,6845.6494140625,7246.315522406329,7198.319551916202,7151.656,7384.7559833333335,6990.7985,7079.99299765222
1679,3,7,6916.896,7507.708239493809,7372.024936995271,7364.528227307539,7089.080078125,6882.95263671875,7454.77600763515,7261.89876479216,7151.656,7379.3578166666675,7025.023499999999,7121.872130127981
1679,4,7,7013.333,7507.708239493809,7391.937724916897,7421.092846992063,7089.080078125,6883.17041015625,7485.955617140036,7262.5484208311955,7151.656,7379.3578166666675,7025.023499999999,7121.872130127981
1679,5,7,6986.112,7507.708239493809,7401.280498616302,7465.668318956349,7089.080078125,6883.3876953125,7342.474262721308,7262.5484208311955,7151.656,7379.3578166666675,7025.023499999999,7121.872130127981
1680,3,7,7013.333,7543.289221558568,7388.96419970625,7322.568693244048,7127.0283203125,6941.1123046875,7524.5261449229,7288.143713997011,7032.048,7378.152616666667,7032.048,7134.626366212338
1680,4,7,6986.112,7543.289221558568,7413.83389778998,7363.883316646825,7127.0283203125,6941.32958984375,7408.758339194658,7288.7882038335965,7032.048,7378.152616666667,7032.048,7134.626366212338
1681,3,7,6986.112,7438.0878293418955,7327.184295996726,7315.373252910714,7007.9072265625,6751.20849609375,7794.045187852463,7233.730124028226,7025.482,7377.781183333334,7025.482,7108.269596302483
1683,5,7,5808.232,7308.288714428808,7226.236197005952,7276.111319628968,7137.37158203125,6915.16015625,7745.186558669209,7451.49740227709,7013.333,7362.5785000000005,7013.333,7072.514603546877
1684,4,7,5808.232,7213.233521409934,7183.527574012896,7159.783098253968,7062.58203125,6903.32177734375,7834.923357338104,6735.771342445758,6986.112,7348.01765,6986.112,7031.682962620866
1684,5,7,5422.9905,7213.233521409934,7189.533815597222,7175.7438178095235,7062.58203125,6903.5390625,7589.948698726548,6735.771342445758,6986.112,7348.01765,6986.112,7031.682962620866
1685,3,7,5808.232,6951.657162843543,6976.815021592758,6976.4871444166665,6958.99267578125,6749.40673828125,7658.727089852919,6627.953731032861,6986.112,7316.917100000001,6849.834,6870.264382462551
1685,4,7,5422.9905,6951.657162843543,6971.433469029762,6994.583096891865,6958.99267578125,6749.6240234375,7747.797949746273,6633.86469754032,6986.112,7316.917100000001,6849.834,6870.264382462551
1685,5,7,5404.77,6951.657162843543,6981.338677388889,7006.1624716666665,6958.99267578125,6749.841796875,7549.544747439551,6633.86469754032,6986.112,7316.917100000001,6849.834,6870.264382462551
1686,3,7,5422.9905,6225.695050332312,6423.47454704509,6442.581380909723,6601.6513671875,6393.52392578125,6758.983405377534,7050.739601834726,6986.112,7264.5642333333335,6476.934,6426.523978469952
1686,4,7,5404.77,6167.320161871336,6412.359123464236,6431.907476753969,6601.6513671875,6393.7412109375,6576.831178110804,7058.551994532397,6986.112,7264.5642333333335,6476.934,6414.811306577221
1686,5,7,5623.842,6167.320161871336,6418.552785894792,6426.12426168254,6601.6513671875,6393.958984375,6686.97726255089,7058.551994532397,6986.112,7264.5642333333335,6476.934,6414.811306577221
1687,3,7,5404.77,6177.554258387165,6265.271851999274,6179.506998229167,6462.595703125,6320.90234375,6151.705681052966,6744.5711653177705,6986.112,7203.276433333333,6181.326,6180.56921616469
1687,4,7,5623.842,6211.736385605649,6275.138215666437,6164.237630391865,6462.595703125,6321.11962890625,6179.4759955906475,6756.776448699734,6986.112,7203.276433333333,6181.326,6187.427713906803
1688,3,7,5623.842,5756.181564037131,6082.591649046081,6005.60277402877,5958.06005859375,5625.6630859375,6026.855746276639,5831.5019930052795,5808.232,7131.481366666666,5808.232,5797.78830247218
1689,5,7,5912.275,5975.333334179623,5787.539580023864,5810.374143615079,5651.04248046875,5472.650390625,5329.460184914725,5600.984959359138,5422.9905,7050.457066666667,5422.9905,5533.815729128649
1690,4,8,5912.275,5901.142656309581,5776.67789784431,5779.230755055556,5492.0498046875,5414.48876953125,5152.255906560643,5850.162738135528,5404.77,6983.399866666668,5404.77,5274.262862612352
1690,5,8,5929.317,5848.247314027124,5796.819133587365,5806.891452409227,5491.97607421875,5414.2236328125,5158.68705390298,5846.803897404485,5404.77,6983.399866666668,5404.77,5277.5815167751925
1691,3,8,5912.275,6056.428020257175,5889.915573023859,6056.303109011408,5758.32177734375,5609.10791015625,5492.402447861937,6082.676821654518,5623.842,6917.3817,5623.842,5550.108653159654
1691,4,8,5929.317,6080.796608947195,5923.932529626538,6085.262085487103,5758.248046875,5608.8427734375,5470.253866984298,6083.6751466145515,5623.842,6917.3817,5623.842,5538.33401217938
1691,5,8,5947.445,6094.739217929106,5935.250474831399,6141.127049400794,5758.17431640625,5608.578125,5508.295842562151,6080.745743088038,5623.842,6917.3817,5623.842,5558.346864649164
1692,3,8,5929.317,6108.326618863626,6028.98816811751,6169.224490416666,5709.67138671875,5478.15478515625,5742.461142316872,6336.966435177294,5623.842,6856.4104,5773.281,5670.503355198739
1692,4,8,5947.445,6195.955720212191,6072.289469653621,6214.58903229365,5709.59765625,5477.8896484375,5702.611477520384,6338.306260005608,5623.842,6856.4104,5773.281,5649.380560804134
1692,5,8,5920.244,6227.717017626471,6079.154100197768,6254.573638105158,5709.5234375,5477.625,5706.545116139437,6335.259957003447,5623.842,6856.4104,5773.281,5651.380393954854
1693,3,8,5947.445,6241.950611725434,6178.855246822548,6234.766538043651,5836.61865234375,5622.02685546875,5900.483666608006,6347.573029371274,5623.842,6800.938366666667,5791.104,5799.312299509718
1693,4,8,5920.244,6288.26610619235,6199.90426366977,6292.754224437501,5836.544921875,5621.76171875,5950.432575575792,6347.426907257007,5623.842,6800.938366666667,5791.104,5825.61320231835
1693,5,8,6056.4935,6320.0274036066285,6221.274115162826,6340.316577498016,5836.470703125,5621.4970703125,5888.477407381922,6348.800075074665,5623.842,6800.938366666667,5791.104,5792.816371197084
1694,3,8,5920.244,6356.20390817621,6273.832043732518,6260.407438202381,5854.6787109375,5658.974609375,5968.0823610873895,6212.533048849461,5912.275,6779.390366666667,5912.275,5867.505345172883
1694,4,8,6056.4935,6396.841087007894,6288.910917011288,6312.451293137897,5854.6044921875,5658.70947265625,5952.624123782692,6212.388580261176,5912.275,6779.390366666667,5912.275,5859.263954382324
1695,3,8,6056.4935,6470.980421341503,6349.314661386707,6410.070071962798,6168.58154296875,6008.01025390625,6100.378271788087,6304.947761609761,5929.317,6714.277933333333,5929.317,6042.721440608834
1697,5,8,6579.1715,6471.771233473237,6463.563276801091,6471.575870146825,6028.3515625,5841.7021484375,6767.0958587891255,6048.307805790404,5920.244,6634.0940666666675,5920.244,6344.455993098932
1698,4,8,6579.1715,6584.915353464281,6380.509902875066,6541.989166085317,6147.84814453125,5989.41259765625,6773.031121926008,6502.894527392616,6056.4935,6592.573083333334,6056.4935,6415.244188376786
1698,5,8,6435.2865,6611.9352424368435,6406.065132721296,6553.272577218254,6147.7744140625,5989.14794921875,6808.807795422076,6499.181499961451,6056.4935,6592.573083333334,6056.4935,6434.060707814794
1699,3,8,6579.1715,6516.309328331077,6451.4330195203365,6488.69904022123,6220.568359375,6102.96875,6878.305360079458,6587.818964052454,6056.4935,6550.65175,6184.991499999999,6527.097996634765
1699,4,8,6435.2865,6567.945548322923,6437.449869532241,6527.857055557539,6220.494140625,6102.7041015625,6868.340198548191,6595.9357699775355,6056.4935,6550.65175,6184.991499999999,6521.757707752508
1699,5,8,6408.16,6594.965437295486,6442.946293239087,6566.243376771825,6220.42041015625,6102.43896484375,6935.276377309735,6592.746505142426,6056.4935,6550.65175,6184.991499999999,6557.029790227351
1700,3,8,6435.2865,6365.912676384508,6414.939202624702,6482.490350336309,6030.08740234375,5825.22119140625,6593.049691913379,6709.617303973782,6056.4935,6508.286900000001,6197.2945,6297.243078192706
1700,4,8,6408.16,6401.131768130736,6401.0630168044645,6521.283118768849,6030.013671875,5824.9560546875,6615.933905452887,6711.222915016713,6056.4935,6508.286900000001,6197.2945,6309.250792734698
1700,5,8,6074.792,6429.378558044047,6400.67310979623,6539.581844522818,6029.93994140625,5824.69140625,6653.5432631763615,6708.003561762479,6056.4935,6508.286900000001,6197.2945,6329.035174558782
1701,3,8,6408.16,6426.998566520508,6464.533626416666,6496.448484558532,6176.72900390625,6009.43798828125,6462.145413641596,6689.580753816973,6056.4935,6468.424616666667,6288.8835,6298.479875652081
1701,4,8,6074.792,6420.351988723575,6434.712306215278,6515.885023696428,6176.6552734375,6009.1728515625,6659.57550945943,6689.697443435479,6056.4935,6468.424616666667,6288.8835,6402.667351210861
1702,3,8,6074.792,6469.054068411879,6647.925567626654,6722.5780172093255,6333.359375,6132.8662109375,7075.008398512082,6452.272506210188,6579.1715,6440.279666666666,6579.1715,6710.217072970648
1703,5,8,5732.419,6405.253544735284,6492.324290130457,6508.820785446429,6300.1923828125,6170.625,6752.360217726929,6185.453904858068,6435.2865,6411.587216666666,6435.2865,6525.16478829354
1704,4,8,5732.419,6415.490232497606,6450.920676052083,6482.1281008402775,6505.9853515625,6433.25830078125,6622.103880167529,6314.609818833418,6408.16,6388.910416666667,6408.16,6528.502609723431
1704,5,8,5695.065,6436.169479291147,6435.729246439153,6491.039284025794,6505.9111328125,6432.9931640625,6737.820443936287,6311.5537449426565,6408.16,6388.910416666667,6408.16,6589.536194982407
1705,3,8,5732.419,6022.687347466225,6128.948080332044,6155.344744108135,6323.890625,6234.6015625,6325.585122671353,6088.453956860702,6074.792,6352.778816666667,6074.792,6254.0789212183845
1705,4,8,5695.065,6068.926090365032,6095.009995098314,6154.71383392758,6323.81640625,6234.3369140625,6388.286560382925,6078.04390573522,6074.792,6352.778816666667,6074.792,6287.114729581587
1705,5,8,5420.25,6059.300888138028,6088.5043854376,6160.1844893789685,6323.74267578125,6234.07177734375,6418.52881478383,6075.087725523593,6074.792,6352.778816666667,6074.792,6303.0083132102745
1706,3,8,5695.065,5862.351417988124,5929.421444794444,5989.029910619047,6284.04833984375,6257.1533203125,6124.393829561499,6172.6719589375125,6074.792,6309.792149999999,5885.748,6120.638376352513
1706,4,8,5420.25,5908.590160886931,5894.621640035317,5962.307262821428,6283.974609375,6256.888671875,6206.142511772624,6174.122420375226,6074.792,6309.792149999999,5885.748,6163.733261578941
1706,5,8,5263.2,5898.964958659927,5905.022872353769,5960.888213622024,6283.900390625,6256.62353515625,6234.472728028847,6174.122420375226,6074.792,6309.792149999999,5885.748,6178.617075071942
1707,3,8,5420.25,5872.089774942162,5774.184438311309,5936.925086869047,6203.2265625,6206.5400390625,6067.497469523734,6130.622129591605,6074.792,6261.538683333333,5704.052,6043.27081741896
1707,4,8,5263.2,5870.18617691961,5762.78341051746,5932.1009784960315,6203.15234375,6206.27490234375,6020.785525794871,6129.7995298169335,6074.792,6261.538683333333,5704.052,6018.523971721854
1708,3,8,5263.2,5958.603167480693,5885.810584330357,5953.773531751984,6150.45068359375,6140.513671875,6131.0147156654575,6069.637728537366,5732.419,6219.592699999999,5732.419,6062.534444000263
1710,5,8,5251.725,6015.838697349256,5774.254921930237,5786.807301803571,6166.42431640625,6143.01708984375,6075.293864792746,6068.46161677813,5420.25,6121.53415,5420.25,5978.029059017607
1711,4,8,5251.725,5917.684519662787,5732.277628640972,5732.192865850198,6063.31396484375,6022.3896484375,5897.275780222441,6009.249509041576,5263.2,6062.791416666666,5263.2,5820.580992957705
1711,5,8,5136.488,5960.332405340657,5765.844411380357,5765.621905058531,6063.240234375,6022.125,5990.480861653684,6005.611720727878,5263.2,6062.791416666666,5263.2,5869.7261391724705
1712,3,8,5251.725,5890.0413312506635,5710.725610326985,5647.881313180059,6154.65673828125,6097.03125,5759.927723101883,5901.472281830294,5263.2,6002.568216666667,5110.2,5742.568582838835
1712,4,8,5136.488,5891.280616476992,5724.457195305225,5685.04602188492,6154.5830078125,6096.76611328125,5791.168543041003,5901.517072682091,5263.2,6002.568216666667,5110.2,5758.989520831147
1712,5,8,5559.344,5922.403663721017,5769.918154548578,5719.761506867063,6154.5087890625,6096.5009765625,5826.0363419978685,5902.782964000652,5263.2,6002.568216666667,5110.2,5777.325909676294
1713,3,8,5136.488,5936.085996320618,5613.194134659721,5573.101074350198,6021.8359375,6035.9482421875,5450.670505479546,5740.694484203883,5263.2,5937.793116666667,5070.08,5554.1697655065245
1713,4,8,5559.344,5957.493409018145,5660.738087695634,5640.723192626984,6021.76220703125,6035.68310546875,5518.210124653259,5740.7378330327,5263.2,5937.793116666667,5070.08,5589.76053205604
1713,5,8,5836.347,5988.616456262171,5705.664782645867,5708.542389445436,6021.68798828125,6035.41845703125,5573.8456340732555,5741.962969502957,5263.2,5937.793116666667,5070.08,5619.06473946265
1714,3,8,5559.344,5793.502047367144,5642.991692129101,5554.974223313491,5997.2587890625,6034.7490234375,5449.385836368098,5892.413477969338,5263.2,5874.038716666666,5073.48,5553.747707743534
1714,4,8,5836.347,5817.367571183679,5686.893145203901,5622.781199944444,5997.18505859375,6034.484375,5543.065666962649,5892.45792812314,5263.2,5874.038716666666,5073.48,5603.143574650449
1714,5,8,6112.908,5871.2087619034255,5722.354194244675,5686.368942905753,5997.111328125,6034.21923828125,5640.328030563152,5892.21519535831,5263.2,5874.038716666666,5073.48,5654.431276826642
1715,3,8,5836.347,5880.5079111796485,5837.386675618189,5758.9776955634925,6036.63671875,6126.88037109375,5702.273621444701,6030.713323168133,5251.725,5820.768416666667,5251.725,5746.1725941742225
1715,4,8,6112.908,5889.622541387529,5878.317924155292,5806.681088702381,6036.56298828125,6126.615234375,5768.5401775835435,6030.758850635263,5251.725,5820.768416666667,5251.725,5781.09104096012
1716,3,8,6112.908,5673.162150608273,5744.453116742395,5669.199379993056,5884.76416015625,5839.3251953125,5739.3965417674,5953.54148010998,5136.488,5776.086883333333,5136.488,5660.892333745102
1717,5,8,6763.728,6040.112023953823,6319.672101344577,6158.566407425596,6063.6240234375,6006.0087890625,6248.799286141376,6268.6321946055905,5559.344,5755.354149999999,5559.344,6054.370727645871
1718,4,8,6763.728,6226.954549114146,6469.171971287996,6297.803525681547,6215.25146484375,6189.37255859375,6193.045457265054,6465.380002228664,5836.347,5756.291316666667,5836.347,6128.1952794652625
1718,5,8,6740.772,6255.201339027457,6495.214236888889,6345.170899560516,6215.17724609375,6189.10791015625,6377.432514816722,6466.756693665255,5836.347,5756.291316666667,5836.347,6225.494714157693
1719,3,8,6763.728,6442.291267517098,6521.9132132606155,6498.36859669246,6296.314453125,6299.521484375,6474.855638512647,6654.707148236788,6112.908,5779.288566666666,6112.908,6358.753158877739
1719,4,8,6740.772,6455.120672314213,6554.476778436905,6541.255558743056,6296.240234375,6299.2568359375,6564.442724181348,6653.690306965103,6112.908,5779.288566666666,6112.908,6405.9875984038235
1719,5,8,6568.302,6478.709431608577,6565.829133422917,6582.963986877976,6296.16650390625,6298.99169921875,6670.979867096336,6655.123425276028,6112.908,5779.288566666666,6112.908,6462.173422091296
1720,3,8,6740.772,6729.256325308303,6688.850183975695,6727.810851030754,6293.67724609375,6229.630859375,6657.8964412647,6804.6761226982435,6112.908,5810.0751666666665,6328.368,6473.456103110317
1720,4,8,6568.302,6742.0857301054175,6703.461690641766,6773.137473299604,6293.603515625,6229.3662109375,6900.012846435391,6803.631675451807,6112.908,5810.0751666666665,6328.368,6601.243094413743
1720,5,8,6345.801,6753.910340243845,6716.207139111111,6791.466649579365,6293.529296875,6229.10107421875,6786.16229078177,6803.347253295943,6112.908,5810.0751666666665,6328.368,6541.039547467423
1721,3,8,6568.302,6363.54562818051,6513.413647710814,6591.835800470239,6279.0634765625,6196.892578125,6551.036912908797,6483.506695042367,6112.908,5835.018566666667,6372.144,6415.253396617265
1721,4,8,6345.801,6371.692596221685,6505.955088566865,6604.661388869048,6278.9892578125,6196.62744140625,6693.988648529624,6482.510831400872,6112.908,5835.018566666667,6372.144,6490.6702007743625
1721,5,8,6018.854,6382.892531408714,6506.037007522322,6594.2737979761905,6278.91552734375,6196.3623046875,6564.44269527939,6477.718190326599,6112.908,5835.018566666667,6372.144,6422.17772726825
1722,3,8,6345.801,6460.2655987655735,6713.724122398639,6776.557748262897,6497.35009765625,6459.814453125,6664.116152227773,6995.97964399367,6763.728,5868.033466666667,6763.728,6622.04492366265
1722,4,8,6018.854,6489.0761714680875,6698.015666377211,6760.873546590278,6497.2763671875,6459.54931640625,6727.183291016665,6996.388130827853,6763.728,5868.033466666667,6763.728,6655.273720009009
1723,3,8,6018.854,6192.124157738712,6559.931694049178,6691.40433259623,6414.49560546875,6391.6826171875,6819.351347918824,6894.822763069681,6740.772,5899.689066666667,6740.772,6679.952808641481
1724,5,8,5924.1875,6185.509628515827,6413.076233195314,6443.5800002767855,6254.32275390625,6256.24560546875,6744.949162427981,6713.162290587141,6568.302,5921.556633333333,6568.302,6570.127936355391
1725,4,8,5924.1875,6325.8865062593895,6406.003192689286,6348.183889991072,6159.583984375,6055.63134765625,6877.783569971007,6502.3333729358155,6345.801,5935.439433333334,6345.801,6541.6987912391705
1725,5,8,5839.1685,6325.860954899854,6406.13782634762,6340.074328114088,6159.51025390625,6055.3662109375,6879.96659920479,6499.1865162990525,6345.801,5935.439433333334,6345.801,6542.773963591349
1726,3,8,5924.1875,6128.793601746094,6182.3674263452385,6140.306248910714,5968.07666015625,5899.556640625,6488.165523290349,6093.825536209008,6018.854,5937.819733333334,6018.854,6231.737027573485
1726,4,8,5839.1685,6138.822200361647,6183.936797317361,6125.263449365079,5968.0029296875,5899.29150390625,6561.895938194891,6094.345803660849,6018.854,5937.819733333334,6018.854,6270.597227142689
1726,5,8,5997.927,6148.965872456657,6188.053204872917,6127.528032956349,5967.92919921875,5899.0263671875,6546.053949484471,6091.380023054738,6018.854,5937.819733333334,6018.854,6262.153172660455
1727,3,8,5839.1685,6252.208916096458,6244.294476953969,6193.357351988096,6172.2373046875,6266.20068359375,6514.64464561179,6204.90116612596,6018.854,5942.432933333333,6058.64,6360.297396588931
1727,4,8,5997.927,6277.42268098918,6248.316373297619,6185.796711051587,6172.16357421875,6265.935546875,6569.924831875779,6205.419887256801,6018.854,5942.432933333333,6058.64,6389.413810486473
1728,3,8,5997.927,6310.99377068018,6204.62616408006,6253.841031277779,6020.34814453125,6112.87353515625,6602.326129735191,6096.136739775157,6018.854,5941.992616666666,6043.284000000001,6358.917462098478
1734,5,8,5889.9,5891.873422972326,5924.119591503968,6030.639867856151,5961.30419921875,6126.09326171875,6517.110631619092,5973.3326920577165,5997.927,5845.117266666667,5678.092,6252.496632493512
1735,4,8,5889.9,5871.261720153418,5952.851583677679,6023.781379478174,6132.61865234375,6338.69384765625,6190.397312703097,5978.434089376362,5997.927,5831.7351499999995,5673.3285,6141.416874302595
1735,5,8,5745.1725,5887.955577336942,5955.460053832837,6051.848700579365,6132.544921875,6338.42919921875,6268.0556769615405,5975.591520234282,5997.927,5831.7351499999995,5673.3285,6182.351613861653
1736,3,8,5889.9,6053.170075547822,6010.596647566666,6101.964781875,5986.84228515625,6162.248046875,6404.739891984008,6182.853530776442,5997.927,5829.75825,5826.441,6230.272375406926
1736,4,8,5745.1725,6040.813664671484,6017.946963123611,6138.1121554374995,5986.7685546875,6161.98291015625,6458.090137326222,6182.853530776442,5997.927,5829.75825,5826.441,6258.3695644987965
1737,3,8,5745.1725,6047.761113819424,6056.564077134325,6117.118526474206,5918.771484375,6109.1533203125,6392.67999456506,6130.5164083886475,5997.927,5834.586433333333,5848.8975,6212.35633683264
1738,5,8,5912.9585,6061.7680529351765,6106.455928188492,6188.488052111112,6092.12548828125,6289.98046875,6540.185471795077,6163.423177515069,5997.927,5840.465183333334,5908.7815,6353.962645224933
1739,4,8,5912.9585,6060.7029305354745,6128.802791783532,6249.404348336309,6065.06201171875,6247.6708984375,6480.839467152386,6193.753176441121,5889.9,5846.9596833333335,5889.9,6306.844605103832
1739,5,8,6024.4015,6088.823380843645,6131.559404210516,6295.863591140873,6064.98779296875,6247.40576171875,6523.531500536721,6190.800963867793,5889.9,5846.9596833333335,5889.9,6329.313065414941
1740,3,8,5912.9585,6051.317159174493,6039.892779388435,6135.490013697421,5894.12158203125,6079.427734375,6177.962711050337,6409.149603722439,5745.1725,5857.790433333334,5745.1725,6071.7041712618775
1740,4,8,6024.4015,6076.280147015468,6064.585276693991,6191.272295161706,5894.0478515625,6079.1630859375,6231.017043876462,6407.754636453053,5745.1725,5857.790433333334,5745.1725,6099.645228541659
1741,3,8,6024.4015,6093.876041960978,6032.161885259268,6139.365865310516,5925.50537109375,6114.12451171875,6181.178649085815,6457.8580545768955,5745.1725,5873.742933333333,5741.775,6082.964715790757
1741,5,8,6094.911,6139.501005756391,6073.982420348356,6250.325064256945,5925.357421875,6113.59423828125,6359.018275860462,6458.191172783557,5745.1725,5873.742933333333,5741.775,6176.728519721711
1742,4,8,6094.911,6279.020179751936,6194.519655173853,6313.892224875993,6075.90478515625,6297.31201171875,6442.491810748275,6578.448514471654,5745.1725,5898.510033333334,5853.213000000001,6294.583309139323
1742,5,8,6074.124,6301.821194190901,6212.738748824051,6372.208655939485,6075.8310546875,6297.046875,6574.58207775117,6575.331537907957,5745.1725,5898.510033333334,5853.213000000001,6364.264042250666
1743,3,8,6094.911,6314.043951907187,6196.220206300723,6329.9872585505955,6054.98388671875,6269.26708984375,6338.646130429127,6555.020765232044,5912.9585,5926.605983333333,5912.9585,6242.203038587462
1743,4,8,6074.124,6317.825040651272,6215.855549116595,6379.84282290377,6054.91015625,6269.001953125,6494.194772575879,6554.121943505237,5912.9585,5926.605983333333,5912.9585,6324.272419235931
1744,3,8,6074.124,6393.930098139752,6286.4629398157595,6388.426723729167,6061.12109375,6253.462890625,6498.645649123464,6486.75081360429,6024.4015,5958.303366666668,6024.4015,6341.993239708166
1745,5,8,6116.47,6701.162997215617,6531.4916828205505,6549.366914508929,6126.3349609375,6277.55126953125,6604.193456132977,6881.804532472393,6024.4015,5991.997700000001,6262.555,6447.373738313264
1746,4,8,6116.47,6476.432554451956,6295.36292739684,6357.678180375,6087.97802734375,6186.8828125,6309.9909237492575,6649.551062052795,6094.911,6023.945133333333,6094.911,6235.454152702375
1746,5,8,5902.2715,6489.7104426345595,6296.239042940888,6380.275906792659,6087.904296875,6186.6181640625,6390.904471316792,6646.379638705603,6094.911,6023.945133333333,6094.911,6278.107993368724
1747,3,8,6116.47,6563.44381893913,6393.92535986864,6290.11449539881,6159.81884765625,6259.88330078125,6319.76702059361,6553.022122866165,6074.124,6041.104466666668,6074.124,6258.296943122808
1747,4,8,5902.2715,6627.332018452133,6403.373154753858,6321.123663458333,6159.7451171875,6259.61865234375,6248.79474103364,6560.237403457449,6074.124,6041.104466666668,6074.124,6220.738068005206
1747,5,8,5930.96,6650.133032891098,6424.678486772707,6357.62279078373,6159.6708984375,6259.353515625,6456.872458704303,6557.077402353317,6074.124,6041.104466666668,6074.124,6330.548679584037
1748,3,8,5902.2715,6351.892119362392,6143.777312854098,6032.4864890982135,5968.81005859375,6068.8515625,6006.058754155486,6476.833580035176,6074.124,6039.811966666666,5797.571999999999,5987.188211599848
1748,4,8,5930.96,6415.780318875393,6162.455496715011,6065.661233148809,5968.736328125,6068.58642578125,6087.531638817945,6486.614065193995,6074.124,6039.811966666666,5797.571999999999,6030.13730173839
1748,5,8,5784.042,6438.581333314359,6182.703163362332,6110.270862657738,5968.662109375,6068.3212890625,6091.16074786864,6483.502341902545,6074.124,6039.811966666666,5797.571999999999,6031.976166079139
1749,3,8,5930.96,6429.453479357867,6225.7480195943435,6153.971240304563,6048.15478515625,6173.2373046875,6179.717554472426,6465.615011729939,6074.124,6032.0173,5879.067999999999,6124.065454270152
1749,4,8,5784.042,6493.341678870869,6238.300420001982,6188.408761875991,6048.0810546875,6172.97216796875,6252.338171135389,6476.667859894351,6074.124,6032.0173,5879.067999999999,6162.3395561591915
1749,5,8,5940.571,6516.142693309835,6252.934685442458,6228.267253662698,6048.0068359375,6172.70751953125,6239.44197817967,6473.567114433058,6074.124,6032.0173,5879.067999999999,6155.451354643809
1750,3,8,5784.042,6604.96527897229,6407.249594351648,6333.708429065477,6050.96923828125,6164.8076171875,6551.359045355184,6436.293233162087,6116.47,6024.9540333333325,6116.47,6360.307814353553
1750,4,8,5940.571,6668.853478485293,6419.209022198771,6354.386503234127,6050.8955078125,6164.54248046875,6720.227817361363,6447.308027112012,6116.47,6024.9540333333325,6116.47,6449.411714356633
1751,3,8,5940.571,6484.315988385186,6164.602437028585,6182.773586366072,5927.29150390625,6014.0712890625,6260.269066435225,6460.440079787199,5902.2715,6009.291616666666,5902.2715,6124.102731018772
1753,5,8,5901.8805,6507.409124106949,6140.5133468866925,6208.684675394842,5914.66748046875,5933.79296875,6298.304869366486,6554.227716916411,5784.042,5949.641683333333,5784.042,6099.522267413894
1754,4,8,5901.8805,6520.461769554109,6256.145280287505,6259.757049959326,6032.44140625,6087.7763671875,6444.86714091608,6589.613061173982,5940.571,5928.717316666666,5940.571,6250.041605076263
1754,5,8,5908.06,6542.682524887882,6259.823380828345,6314.097554531746,6032.3671875,6087.51171875,6440.772986053548,6586.496151118574,5940.571,5928.717316666666,5940.571,6247.801864798122
1755,3,8,5901.8805,6564.698874382993,6423.371360618155,6400.64671348016,6040.73046875,6102.544921875,6575.907496677907,6749.539949442048,5940.571,5920.5963833333335,6102.173000000001,6352.4668446782025
1755,4,8,5908.06,6616.480830194961,6450.174395029267,6427.992209330358,6040.65673828125,6102.27978515625,6628.907988873745,6754.754608680144,5940.571,5920.5963833333335,6102.173000000001,6380.379324964418
1755,5,8,5837.49,6638.7015855287345,6467.390319295636,6472.423738217263,6040.5830078125,6102.0146484375,6707.070864420016,6751.5586123458725,5940.571,5920.5963833333335,6102.173000000001,6421.580359833417
1756,3,8,5908.06,6454.436372756841,6324.641738215873,6307.766868939485,5901.658203125,5928.42529296875,6414.178726196582,6224.945400861293,5940.571,5921.17825,6036.31,6204.246037756685
1756,4,8,5837.49,6469.62552486642,6347.738226901786,6324.995850945437,5901.58447265625,5928.16015625,6458.621879936694,6228.683372875665,5940.571,5921.17825,6036.31,6227.639285601022
1756,5,8,5647.9865,6495.483104509326,6350.885331332838,6365.4732296646835,5901.5107421875,5927.8955078125,6540.716346927032,6225.751994888792,5940.571,5921.17825,6036.31,6270.9167838911035
1757,3,8,5837.49,6261.636145283055,6060.930682902381,6045.121214894842,5920.181640625,5968.67333984375,6089.2697773972195,6213.571564992158,5940.571,5910.95055,5751.809,5993.5888626212145
1757,4,8,5647.9865,6304.6373024257955,6083.201327584326,6066.790015993056,5920.10791015625,5968.408203125,6218.048873543995,6218.81841746877,5940.571,5910.95055,5751.809,6061.520926934309
1758,3,8,5647.9865,6353.602225881582,6221.887029608135,6190.441737373017,6121.97607421875,6201.31396484375,6407.631076633917,6521.099693394589,5901.8805,5906.2371,5901.8805,6256.737170954185
1759,5,8,6218.89,6449.388731415936,6215.12750404127,6173.416070440477,6105.00537109375,6171.6025390625,6316.369755260725,6457.064756577652,5908.06,5905.699516666667,5908.06,6200.937403599779
1760,4,8,6218.89,6261.2376566873445,6121.776937774934,6188.953817262896,6150.25927734375,6257.0546875,6286.971843631956,6380.591409152065,5837.49,5905.643566666667,5837.49,6197.840869209673
1760,5,8,6300.162,6288.71397258436,6139.02801249623,6222.5057436805555,6150.18505859375,6256.78955078125,6298.327853229301,6377.5843395891025,5837.49,5905.643566666667,5837.49,6203.760401833704
1761,3,8,6218.89,5922.763536267507,5862.343752744643,5999.862173843254,5991.11572265625,6084.3134765625,6051.854058853824,6211.376108907012,5647.9865,5893.978883333333,5647.9865,5989.160938227662
1761,4,8,6300.162,5992.700603406548,5887.533950040939,6042.580071969743,5991.0419921875,6084.04833984375,6138.3470547951565,6212.636074464707,5647.9865,5893.978883333333,5647.9865,6034.761208972265
1761,5,8,6547.446,6029.447320957318,5905.394146378737,6077.743167203869,5990.9677734375,6083.78369140625,6168.938766101085,6209.7096743669745,5647.9865,5893.978883333333,5647.9865,6050.839488072951
1762,3,8,6300.162,6170.869127093728,6126.103753074929,6179.446987255953,6084.80078125,6230.21240234375,6307.286010106864,6319.018146917192,5647.9865,5891.043516666667,5859.509,6204.638313919182
1762,4,8,6547.446,6234.75732660673,6145.556272412826,6218.105447342262,6084.7265625,6229.94775390625,6385.140248346815,6322.022395716083,5647.9865,5891.043516666667,5859.509,6245.67649686269
1762,5,8,6798.57,6273.618466667861,6167.642937044175,6234.402237885913,6084.65283203125,6229.6826171875,6397.784441613938,6319.050403556596,5647.9865,5891.043516666667,5859.509,6252.2763346378715
1763,3,8,6547.446,6423.8716369645535,6315.320744327197,6450.92697097123,6190.072265625,6348.3525390625,6614.4482924952945,6198.001758839419,5647.9865,5900.595700000001,6087.1475,6442.180368934922
1763,4,8,6798.57,6463.994752359278,6328.567463741284,6491.35373652381,6189.998046875,6348.087890625,6700.790103414302,6200.977545690024,5647.9865,5900.595700000001,6087.1475,6487.700940182043
1764,3,8,6798.57,6617.603228399143,6550.7331016707485,6498.3017174375,6352.2646484375,6543.68603515625,6723.843677988373,6544.976610408488,6218.89,5918.6223,6218.89,6580.759572913722
1770,5,8,6107.6625,6907.175123806372,6688.547568866533,6523.633298268848,6562.21044921875,6606.35400390625,6773.509592602579,6300.689850915314,6798.57,6072.219766666666,6550.238999999999,6684.598134189661
1771,4,8,6107.6625,6526.8787067806,6482.844166605224,6391.501386798611,6528.6318359375,6636.609375,6545.629889447726,6369.194641258924,6798.57,6092.247866666667,6342.6179999999995,6535.999688449289
1772,3,8,6107.6625,6315.561936034095,6358.062730532738,6240.5196590357145,6529.552734375,6609.978515625,6404.26771725998,6330.3802693928,6798.57,6103.78925,6199.4545,6427.943135853288
1773,5,8,6727.463,6420.39205530547,6353.801188351983,6322.52562554365,6390.30712890625,6434.5068359375,6512.983466581983,6318.236628764512,6798.57,6117.206566666666,6315.477999999999,6454.670269178555
1774,4,8,6727.463,6155.247105676261,6162.656254345536,6150.627238432539,6299.8359375,6342.3388671875,6315.689192953321,6210.093278618626,6798.57,6121.4132666666665,6150.6025,6293.984560722919
1774,5,8,6173.024,6137.576780180381,6157.448006610417,6148.247261883928,6299.76220703125,6342.07373046875,6407.709657868498,6207.037475194868,6798.57,6121.4132666666665,6150.6025,6342.503953719998
1775,3,8,6727.463,6037.204372595822,6152.63635008057,6173.216248846231,6163.1005859375,6187.82470703125,6435.713201501501,6190.175389744105,6107.6625,6116.250183333334,6107.6625,6304.405479003465
1775,4,8,6173.024,6007.283727899642,6156.356465215491,6173.093757949405,6163.02685546875,6187.5595703125,6532.222749874143,6198.391843977138,6107.6625,6116.250183333334,6107.6625,6355.295610484273
1775,5,8,6458.0175,5992.740037678679,6160.682952774306,6171.925500657739,6162.95263671875,6187.294921875,6532.432028012465,6195.478707960403,6107.6625,6116.250183333334,6107.6625,6355.32856447077
1776,3,8,6173.024,6379.996206527422,6636.465957020054,6585.631743493055,6371.3837890625,6393.2685546875,6915.481689945872,6474.4144200918545,6107.6625,6132.054483333334,6569.04,6700.481484403601
1776,4,8,6458.0175,6415.49067545364,6628.809950470847,6577.064394845238,6371.3095703125,6393.00390625,7022.118085591086,6482.575915482178,6107.6625,6132.054483333334,6569.04,6756.719867755929
1776,5,8,6154.4805,6389.498386085055,6645.664266488492,6581.404718491071,6371.23583984375,6392.73876953125,7042.292994592118,6479.531579244308,6107.6625,6132.054483333334,6569.04,6767.296766276262
1777,3,8,6458.0175,6513.495929611306,6695.7933638241075,6579.586974002977,6404.86474609375,6472.12841796875,6985.128203559171,6415.697845724957,6107.6625,6150.7648500000005,6635.435,6772.247091200063
1777,4,8,6154.4805,6522.514081362925,6704.626460636012,6577.741456771826,6404.791015625,6471.86328125,7130.711827324499,6422.2755757535315,6107.6625,6150.7648500000005,6635.435,6849.053826858357
1778,3,8,6154.4805,6666.369374720121,6767.012209715688,6751.562162914683,6594.18896484375,6729.82373046875,6904.381673086925,6558.667373916853,6727.463,6181.761216666667,6727.463,6821.587788763146
1780,5,8,6683.305,6073.575890239645,6183.958100915873,6130.469028037698,6260.98828125,6323.62939453125,6867.446202566137,6152.607544168999,6458.0175,6202.944666666666,6458.0175,6634.852607822753
1781,4,8,6683.305,6058.577125277357,6058.406850293466,6070.279574019841,6006.4599609375,6045.19775390625,6591.079203339546,6374.900723887357,6154.4805,6211.351633333334,6154.4805,6353.0227743643645
1781,5,8,6831.841,6083.527986997212,6055.630660832936,6046.205990414682,6006.38623046875,6044.93310546875,6597.2905235173475,6371.894806030831,6154.4805,6211.351633333334,6154.4805,6356.225478296208
1782,3,8,6683.305,5398.614473460789,5409.104172685065,5536.976989896825,5842.9990234375,5868.6494140625,6059.352056498774,5934.126811873094,6154.4805,6204.526750000001,5726.2135,5943.895820794588
1782,4,8,6831.841,5379.566697504348,5388.6176636000455,5494.015549367064,5842.92529296875,5868.38427734375,5936.185021442124,5933.264107763311,6154.4805,6204.526750000001,5726.2135,5878.772130023164
1782,5,8,7123.032,5363.187813752906,5370.147402871076,5482.664881469246,5842.8515625,5868.119140625,6072.835704692699,5926.453519024968,6154.4805,6204.526750000001,5726.2135,5950.861273315034
1783,3,8,6831.841,6316.6875570185875,6180.436011216086,6176.424041119048,6180.25,6293.16748046875,6486.352275494756,6462.319515424477,6154.4805,6220.567433333333,6265.2625,6390.201578300966
1783,4,8,7123.032,6300.912339215503,6175.4826338633075,6170.206407536706,6180.17626953125,6292.90234375,6580.9388729895945,6463.21575561118,6154.4805,6220.567433333333,6265.2625,6440.076176501645
1783,5,8,7061.3405,6321.300092508535,6181.040833665391,6181.869780935515,6180.1025390625,6292.63720703125,6617.4267327973885,6465.483354157116,6154.4805,6220.567433333333,6265.2625,6459.26813879328
1784,3,8,7123.032,6589.018383853388,6419.06818473644,6384.533682597221,6266.1103515625,6354.91015625,6792.981156820524,6444.947104194471,6154.4805,6238.393166666666,6475.342999999999,6607.792705029095
1784,4,8,7061.3405,6571.801338670639,6419.267056088624,6378.267501396825,6266.0361328125,6354.64501953125,6888.049808834225,6445.780307358685,6154.4805,6238.393166666666,6475.342999999999,6657.9218819672715
1784,5,8,7008.486,6572.055394100453,6430.012779705687,6374.732687381944,6265.96240234375,6354.38037109375,6922.389160880454,6442.7329443986655,6154.4805,6238.393166666666,6475.342999999999,6675.97933481476
1785,3,8,7061.3405,6915.80314385117,6723.318788794544,6698.779586774802,6722.56787109375,6844.0908203125,7013.97446439941,6572.027521503039,6683.305,6257.764233333333,6683.305,6905.0617099699075
1785,4,8,7008.486,6921.252592915067,6706.688105343552,6692.099741322421,6722.49365234375,6843.826171875,7091.2626208273105,6573.396942796174,6683.305,6257.764233333333,6683.305,6945.8009383607805
1786,3,8,7008.486,6917.2395485896195,6924.536925303969,6826.310320282739,6742.75146484375,6797.169921875,7119.833318365148,6683.782125125851,6831.841,6284.281933333333,6831.841,6973.771104693254
1787,5,8,7509.24,7076.3779735239395,7088.5203300607145,7041.484042639881,6927.41015625,6894.1064453125,7181.71715612905,7375.002306383042,7123.032,6329.989366666667,7123.032,7086.926392338057
1788,4,8,7509.24,6837.838919154837,6897.008347266138,6923.836408724206,6805.83837890625,6815.712890625,7000.126468807547,7107.618811373707,7061.3405,6368.638033333334,7061.3405,6957.019340442874
1788,5,8,7083.585,6835.953936100124,6891.357532396098,6919.27170934127,6805.76416015625,6815.44775390625,6946.077748765016,7102.489234948952,7061.3405,6368.638033333334,7061.3405,6928.397855720202
1789,3,8,7509.24,7071.457314946432,6986.633479272619,6978.89802203373,6767.25390625,6750.732421875,6743.409843532881,7087.577309936978,7008.486,6405.318899999999,7008.486,6792.9487081280495
1789,4,8,7083.585,7082.329818074875,6963.944845587302,6969.496604430556,6767.18017578125,6750.46728515625,6608.08429230825,7087.348606851407,7008.486,6405.318899999999,7008.486,6721.403960038894
1790,3,8,7083.585,7182.10875628069,6952.8888321628965,6970.029318165674,6737.58447265625,6713.197265625,6822.100584329535,7103.884046418425,7008.486,6447.222299999999,7094.592,6838.899475116135
1790,5,8,6798.644,7205.066241418585,6929.721193608531,6914.2386703095235,6737.4365234375,6712.66748046875,6762.075876099541,7100.3027560720975,7008.486,6447.222299999999,7094.592,6807.044431504986
1791,4,8,6798.644,7264.246352910991,7138.047418184524,7066.786041751984,6762.58984375,6729.892578125,6729.645666865213,7335.037414061416,7008.486,6502.471083333334,7305.45,6832.665344594176
1791,5,8,6812.24,7276.721271129761,7126.541984298611,7037.098155084325,6762.51611328125,6729.62744140625,6814.2854204661,7331.577859665963,7008.486,6502.471083333334,7305.45,6877.286895968155
1792,3,8,6798.644,7363.270094638096,7149.257760555465,7282.218511463293,7033.1640625,7024.35595703125,7016.75832120249,7468.037550266902,7509.24,6557.462116666667,7509.24,7107.035342693151
1792,4,8,6812.24,7369.360840970963,7137.085293632648,7264.886764450396,7033.08984375,7024.0908203125,6988.9918146074815,7465.5863437784255,7509.24,6557.462116666667,7509.24,7092.293808175902
1793,3,8,6812.24,7371.737041326973,7024.224364758824,6957.193636022817,6900.58251953125,6830.3779296875,6793.057725924698,7242.357200576577,7083.585,6590.676699999999,7083.585,6855.939248162953
1794,5,8,6903.61,6961.0353220408215,6691.983111523611,6643.483339891865,6903.3310546875,6891.01171875,6393.3241612669935,7098.849282349084,7083.585,6602.443366666667,6571.89,6571.121629965186
1795,4,8,6903.61,7331.82013714378,7193.231814486211,6948.294856516865,7085.826171875,7087.7529296875,6458.455952761463,6953.536251850197,6798.644,6619.059433333333,6798.644,6703.724285252239
1796,3,8,6903.61,7013.749772442505,7114.897553905258,6945.816487434524,6959.52783203125,6926.65087890625,6740.680782117486,7314.357468025754,6812.24,6627.885899999999,6812.24,6807.982481721209
1796,5,8,7110.918,7032.6981716221735,7171.670753993551,6911.791467853174,6959.38037109375,6926.12109375,6796.593175581276,7313.807594829954,6812.24,6627.885899999999,6812.24,6837.355203483928
1797,4,8,7110.918,7001.810138727409,7057.719756271825,6878.815120909721,6773.87255859375,6687.8662109375,6560.325462408323,7194.6614765922,6812.24,6626.4829,6756.48,6632.777791504976
1797,5,8,7300.6885,7018.354389836339,7080.909839396825,6834.295650623016,6773.798828125,6687.60107421875,6826.787389155713,7191.270044456643,6812.24,6626.4829,6756.48,6773.42179983656
1798,3,8,7110.918,6906.541084640177,7050.502864756879,6924.428843819445,6801.83447265625,6710.65771484375,6841.594680598251,7178.305312764839,6812.24,6630.395566666667,6766.68,6789.823238762047
1798,4,8,7300.6885,6928.269235033837,7051.7384626586645,6915.332826725199,6801.76025390625,6710.39306640625,6945.638592046155,7181.070932226155,6812.24,6630.395566666667,6766.68,6844.692500307384
1798,5,8,7347.22,6945.725623686544,7073.423573193387,6891.773872125992,6801.6865234375,6710.1279296875,6859.877990065843,7177.692263505588,6812.24,6630.395566666667,6766.68,6799.323592727975
1799,3,8,7300.6885,6893.523589844982,7175.203974015179,7020.610728899801,6876.9931640625,6767.22900390625,7090.7143724526795,7493.933553846897,6903.61,6638.691633333333,6903.61,6962.44886397894
1799,4,8,7347.22,6901.814375700082,7186.024812690774,7005.674164423611,6876.91943359375,6766.9638671875,7043.261404351633,7492.733346051087,6903.61,6638.691633333333,6903.61,6937.31067447788
1800,3,8,7347.22,7038.213670815103,7354.315912289385,7186.600415181052,6917.64453125,6785.92822265625,7273.573015069182,7567.281461545158,6903.61,6658.013749999999,7129.9025,7104.9579641412265
1801,5,8,7318.6785,7343.90946494202,7368.487003873544,7228.138432452381,7201.060546875,7098.5751953125,7536.909999668239,7679.501350854872,7110.918,6683.62375,7110.918,7332.271784445117
1802,4,8,7318.6785,7699.034145746016,7575.415465991204,7474.7673052430555,7654.3330078125,7616.0927734375,8068.772471745995,7763.146041401436,7300.6885,6720.331550000001,7300.6885,7798.767598021565
1802,5,8,7461.6705,7699.538037823764,7602.785773678705,7438.962809920635,7654.25927734375,7615.828125,7767.711196286659,7759.483765246306,7300.6885,6720.331550000001,7300.6885,7639.695981510408
1803,3,8,7318.6785,7623.87427502947,7573.080792583333,7485.351120791667,7664.7666015625,7710.51806640625,7845.45316023107,7876.494861343914,7347.22,6754.72295,7347.22,7716.825308864886
1803,4,8,7461.6705,7638.035787070471,7573.149156839617,7485.969019852183,7664.69287109375,7710.25341796875,7966.737117184267,7870.9224196590085,7347.22,6754.72295,7347.22,7780.79924394278
1804,3,8,7461.6705,7648.007416917601,7590.539659376388,7501.37932603373,7706.5927734375,7771.45166015625,7800.166677829631,7890.650035698433,7347.22,6796.642533333334,7408.19,7721.669323282913
1808,5,8,6644.2215,7493.5036924064925,7550.63620623416,7545.106772481151,7670.8564453125,7809.3603515625,7764.161281883529,7697.706496906591,7461.6705,6915.684083333333,7684.278,7763.126873060128
1809,4,8,6644.2215,7221.811917767647,7421.701379725992,7438.75947217758,7474.111328125,7571.4169921875,7657.127840421836,7677.142141380292,7461.6705,6961.895016666666,7559.352000000001,7614.524828543665
1809,5,8,6649.94,7213.379037746857,7422.618502953175,7430.52936633631,7474.03759765625,7571.15185546875,7700.240698055366,7673.499806988738,7461.6705,6961.895016666666,7559.352000000001,7637.215531156995
1810,3,9,6644.2215,7195.39234141868,7353.00903244762,7226.252993957838,7154.46484375,7237.28369140625,7596.235294470351,7348.192848790704,7461.6705,6993.733166666667,7413.162,7322.222467235354
1810,4,9,6649.94,7192.784681810731,7344.895776737302,7210.290287505457,7154.46484375,7237.71240234375,7590.08779793365,7331.958796738967,7461.6705,6993.733166666667,7413.162,7320.018915531652
1811,3,9,6649.94,7144.397134288663,7137.2529242003975,7055.837409683036,7069.61083984375,7180.0029296875,7344.403700851673,7334.122624975633,7461.6705,7028.401866666667,7194.5415,7151.974255900462
1811,5,9,6590.352,7093.662785292674,7115.191053846231,7008.4961782951395,7069.61083984375,7180.8603515625,7329.491575466823,7294.838445741073,7461.6705,7028.401866666667,7194.5415,7142.173819749915
1812,4,9,6590.352,6905.289136859,6710.246162404352,6590.122586948413,6836.53564453125,6884.3232421875,6898.697348493289,7050.502236291637,7461.6705,7061.486733333333,6718.759500000001,6767.4266810713625
1812,5,9,6507.4485,6896.655589706902,6699.304419313578,6572.650687796628,6836.53564453125,6884.75244140625,6888.773242248915,7055.394747610819,7461.6705,7061.486733333333,6718.759500000001,6764.177426856903
1813,3,9,6590.352,6268.286001927617,6709.710768380895,6593.573949974206,6653.611328125,6611.50341796875,6819.852908495867,6511.579655528624,6644.2215,7074.118700000001,6644.2215,6662.444504043816
1813,4,9,6507.4485,6250.004249226301,6717.608599300042,6586.944329274801,6653.611328125,6611.93212890625,6804.468456276776,6496.771055008522,6644.2215,7074.118700000001,6644.2215,6662.013479032755
1814,3,9,6507.4485,6269.041855890713,6724.741220879109,6649.283876722222,6536.47216796875,6423.14990234375,6784.486097532707,6024.897971247834,6649.94,7079.9386,6649.94,6663.380979865657
1815,5,9,6438.834,6015.739172650419,6782.187500962648,6710.315008927579,6569.076171875,6600.02734375,6732.796449922084,6026.1401326832865,6649.94,7084.036833333333,6806.2519999999995,6742.853359541654
1816,4,9,6438.834,6127.7227051746595,6554.251616005655,6528.529767736111,6492.02294921875,6326.16943359375,6468.683878977552,5949.116123867455,6590.352,7075.9872000000005,6590.352,6581.805615090467
1816,5,9,6463.4025,6139.555097916712,6545.579392405953,6518.483853168651,6492.02294921875,6326.59814453125,6423.672367972007,5927.9553449354225,6590.352,7075.9872000000005,6590.352,6580.9392242256845
1817,3,9,6438.834,6143.510557316243,6532.816920113989,6389.896564749009,6489.5029296875,6283.6630859375,6413.022097649483,5993.23747708853,6507.4485,7055.46775,6507.4485,6526.520407877556
1817,4,9,6463.4025,6140.927461785045,6513.7680878352185,6375.6763596934525,6489.5029296875,6284.09228515625,6468.78871956741,5966.505779226698,6507.4485,7055.46775,6507.4485,6522.513923790874
1817,5,9,6783.532,6165.452582182275,6508.5285284755955,6347.333886425596,6489.5029296875,6284.52099609375,6349.956666230066,5929.135322426283,6507.4485,7055.46775,6507.4485,6522.614767898931
1818,3,9,6463.4025,6199.64804937243,6671.041694923115,6476.596857972718,6542.2578125,6402.1591796875,6653.389489958962,6031.073743222363,6507.4485,7042.187783333333,6662.9415,6645.9497010973255
1818,4,9,6783.532,6186.526164625189,6667.796326284226,6471.665171344742,6542.2578125,6402.587890625,6624.156130343726,6023.486638988838,6507.4485,7042.187783333333,6662.9415,6644.109366033326
1818,5,9,6526.611,6197.368284625425,6670.706665394742,6451.387586409226,6542.2578125,6403.0166015625,6546.370695802054,6003.054553947618,6507.4485,7042.187783333333,6662.9415,6644.757903237163
1819,3,9,6783.532,6238.780151782871,6695.5910553893855,6559.63618869643,6547.896484375,6404.03076171875,6845.880802450583,6240.148588965195,6507.4485,7033.327633333333,6742.681500000001,6700.02617358036
1819,4,9,6526.611,6231.493398592396,6696.241943841271,6564.975565947421,6547.896484375,6404.45947265625,6900.2950551923195,6231.368210068034,6507.4485,7033.327633333333,6742.681500000001,6699.725989875735
1819,5,9,6158.894,6258.543382621722,6693.142383155159,6556.564984954365,6547.896484375,6404.88818359375,6860.545612684458,6187.842634677146,6507.4485,7033.327633333333,6742.681500000001,6701.150413871125
1820,3,9,6526.611,6018.029857428525,6400.881939303009,6201.938132698412,6497.625,6247.5107421875,6302.700226622462,6170.15843433138,6438.834,7011.469033333333,6438.834,6445.018787339941
1820,4,9,6158.894,6012.449350891441,6413.25682866164,6203.02718299504,6497.625,6247.939453125,6214.490954110174,6172.738283978257,6438.834,7011.469033333333,6438.834,6446.707733110272
1821,3,9,6158.894,6097.948819433383,6479.941621469643,6223.09945976885,6475.22998046875,6123.681640625,6155.441573353902,5918.174359154974,6463.4025,6983.400783333333,6463.4025,6475.545942992823
1822,5,9,6890.6205,6410.162705092681,6605.618956613237,6513.124797530754,6659.2978515625,6369.6708984375,6635.738311790562,6394.961010915317,6783.532,6959.210516666667,6783.532,6720.0272707378135
1823,4,9,6890.6205,6219.698283186717,6404.451385497024,6334.008160121032,6551.21630859375,6177.12255859375,6031.8385783655485,6329.651335458566,6526.611,6940.644716666667,6526.611,6512.721226645481
1823,5,9,7236.477,6225.753298427328,6411.69242055625,6329.068574816468,6551.21630859375,6177.5517578125,6171.919780366234,6284.019257502336,6526.611,6940.644716666667,6526.611,6514.2827090054525
1824,3,9,6890.6205,5860.478561090324,6007.882570687005,6060.3045990625005,6293.01806640625,5868.3720703125,5893.995035058288,5968.986826746349,6158.894,6926.878183333333,6158.894,6184.102713789416
1824,4,9,7236.477,5868.010467541989,6005.594938294643,6035.8992622698415,6293.01806640625,5868.80126953125,6036.34374646086,5956.832766731715,6158.894,6926.878183333333,6158.894,6183.430159264437
1824,5,9,7460.019,5907.167010699608,6016.024840953572,6026.675516539683,6293.01806640625,5869.22998046875,5884.463639728562,5924.512317720796,6158.894,6926.878183333333,6158.894,6188.153564903429
1825,3,9,7236.477,6188.194644298245,6222.248893852315,6272.761692291006,6285.478515625,5951.4248046875,6467.775684950281,6237.517625176043,6158.894,6915.692549999999,6463.075,6422.340761583101
1825,4,9,7460.019,6195.379944406349,6212.85665202791,6248.2647360654755,6285.478515625,5951.853515625,6426.512050524057,6231.656089955516,6158.894,6915.692549999999,6463.075,6420.420678684941
1825,5,9,7534.86,6211.138617948813,6203.418183647949,6257.735466875662,6285.478515625,5952.2822265625,6451.90716499021,6230.723114918513,6158.894,6915.692549999999,6463.075,6420.482871404215
1826,3,9,7460.019,6086.305228510247,6378.208696843982,6556.233490176257,6044.53173828125,5680.908203125,6888.565670763647,6179.9459698609135,6158.894,6914.4810166666675,6775.894,6608.002593571305
1826,4,9,7534.86,6030.8875334597,6354.33988073502,6531.259530094908,6044.53173828125,5681.3369140625,6900.919490812338,6178.655847685762,6158.894,6914.4810166666675,6775.894,6598.337166802674
1827,3,9,7534.86,6950.143154287462,6668.400892363922,6633.842750140873,6333.228515625,6003.77001953125,7090.47453330294,6855.161604912587,6890.6205,6918.952366666666,6890.6205,6815.06798109372
1829,5,9,7597.402,6803.386631628636,7069.167504539653,7069.445817290675,6750.72265625,6342.99462890625,7437.585938946892,7270.248627461054,7460.019,6953.159233333334,7460.019,7231.2338820588875
1830,4,9,7597.402,6637.410999847554,7095.044693335747,7074.738573102182,6870.47314453125,6571.01806640625,7536.784786922855,7001.572371480666,7534.86,6966.657816666668,7534.86,7272.074965072246
1830,5,9,7333.806,6623.302601105462,7101.040797100628,7059.214776360119,6870.47314453125,6571.44677734375,7526.477905858886,7009.438342759605,7534.86,6966.657816666668,7534.86,7271.33601577162
1831,3,9,7597.402,6811.378717269203,7299.261168952481,7240.816291834325,6979.2470703125,6681.05029296875,7461.177214917636,7076.792541352225,7534.86,6984.116550000001,7634.68,7391.383590704075
1831,4,9,7333.806,6783.752400958556,7279.69883639419,7194.69880630754,6979.2470703125,6681.47900390625,7343.222701758592,7082.220339869509,7534.86,6984.116550000001,7634.68,7383.9949302151235
1831,5,9,7280.251,6759.185920764877,7263.620545472728,7172.035176475199,6979.2470703125,6681.90771484375,7357.177623643554,7072.064029773475,7534.86,6984.116550000001,7634.68,7378.336366126911
1832,3,9,7333.806,6922.087469810187,7339.473807719345,7307.407190248016,7111.14208984375,6760.55517578125,7653.145568093017,7129.428948055267,7534.86,6997.8536,7712.8,7462.784959139687
1832,4,9,7280.251,6891.872999539308,7323.689790113833,7279.234240887897,7111.14208984375,6760.984375,7640.575814341887,7143.696348266465,7534.86,6997.8536,7712.8,7456.49677329549
1832,5,9,7444.04,6883.265678453475,7315.6505274179,7251.206789361111,7111.14208984375,6761.4130859375,7657.455439841415,7117.577366581572,7534.86,6997.8536,7712.8,7453.351142352846
1833,3,9,7280.251,6861.705682332782,7327.527453261756,7343.684104556548,7099.0673828125,6718.3193359375,7732.254239021028,7197.492725088262,7534.86,7009.4402666666665,7694.82,7447.427793578139
1833,4,9,7444.04,6824.549942938324,7305.207524813839,7312.65137523115,7099.0673828125,6718.74853515625,7746.488117714225,7210.446134047329,7534.86,7009.4402666666665,7694.82,7439.332539523043
1833,5,9,7500.262,6860.794581156211,7293.053240232985,7291.543497107143,7099.0673828125,6719.17724609375,7727.869350105217,7181.420630545783,7534.86,7009.4402666666665,7694.82,7439.504673012482
1834,3,9,7444.04,6705.771238701144,7164.029094653026,7210.854708291667,7002.201171875,6577.01416015625,7574.772215665087,7098.381631956445,7597.402,7015.747333333333,7597.402,7342.126533123371
1834,4,9,7500.262,6700.442398410076,7148.30925353745,7173.060734988095,7002.201171875,6577.44287109375,7552.830714251164,7092.527759110938,7597.402,7015.747333333333,7597.402,7337.576973307947
1835,3,9,7500.262,6440.595553900923,6873.370949186756,6968.445737383928,6928.732421875,6447.01806640625,7157.789194548164,6887.329582391023,7333.806,7022.0002,7333.806,7111.7103906832735
1836,5,9,7283.727,6758.168923388345,6952.101390265938,6923.46648312004,7054.7314453125,6751.6552734375,7319.84783401957,6945.58678915932,7280.251,7020.719283333334,7280.251,7128.5350083240155
1837,4,9,7283.727,6732.1779499854165,7065.381793846846,7032.38743065377,7095.08984375,6811.8564453125,7374.58969400068,6779.620673309996,7444.04,7020.1316,7444.04,7242.598360109088
1837,5,9,7352.9665,6735.5724121097865,7027.722404274851,7010.221015108135,7095.08984375,6812.28515625,7304.147497371714,6726.4469742941465,7444.04,7020.1316,7444.04,7235.613246670639
1838,3,9,7283.727,6879.580311981076,7120.395519443204,7129.810769813492,7106.08544921875,6787.94482421875,7609.671974148718,7013.956834414068,7500.262,7013.997733333334,7500.262,7299.137967241211
1838,4,9,7352.9665,6774.492226026858,7108.500412517056,7109.492387626984,7106.08544921875,6788.37353515625,7606.5241564154585,6982.966032224695,7500.262,7013.997733333334,7500.262,7287.527652782454
1838,5,9,7437.9335,6761.576878690725,7070.9853979615,7080.314073162698,7106.08544921875,6788.80224609375,7524.870317931943,6928.478073795922,7500.262,7013.997733333334,7500.262,7278.936646941818
1839,3,9,7352.9665,6643.14400693873,6831.898540441715,6946.697462266865,6980.4736328125,6730.54443359375,7396.542510469356,6701.994030633321,7500.262,7007.90545,7376.5835,7146.367481356018
1839,4,9,7437.9335,6580.339045250433,6822.43550231765,6923.97107482242,6980.4736328125,6730.97314453125,7281.290108664474,6688.643587225112,7500.262,7007.90545,7376.5835,7138.630101414838
1839,5,9,7478.928,6554.981588607283,6794.862344912889,6891.178041405754,6980.4736328125,6731.40185546875,7330.1438359091035,6583.949976528808,7500.262,7007.90545,7376.5835,7130.560330358294
1840,3,9,7437.9335,6418.620440041422,6830.457292451636,6870.307688537698,6915.17919921875,6627.875,7133.598732393741,6431.834045461263,7500.262,7006.271833333333,7364.153499999999,7113.259453339406
1840,4,9,7478.928,6424.650951868713,6819.119192072668,6833.5699659375,6915.17919921875,6628.30419921875,7118.976961056736,6418.07978602954,7500.262,7006.271833333333,7364.153499999999,7110.451705244059
1840,5,9,7403.3925,6418.744423023577,6787.151326752231,6808.086716531746,6915.17919921875,6628.73291015625,7067.963051374733,6352.829712573875,7500.262,7006.271833333333,7364.153499999999,7103.535591000435
1841,3,9,7478.928,6625.335918182253,6845.418767829636,6853.629181886904,6924.02880859375,6576.10498046875,7079.753173091047,6680.834402638687,7283.727,7009.244683333333,7283.727,7089.047245431872
1841,4,9,7403.3925,6602.788522214226,6832.357822981421,6812.051209232142,6924.02880859375,6576.53369140625,7038.422866819406,6666.481098367321,7283.727,7009.244683333333,7283.727,7083.366368218191
1842,3,9,7403.3925,6629.077577846012,6967.492047572421,6896.418821239087,6923.88916015625,6572.794921875,7209.079741044362,6711.211065717466,7352.9665,7030.384916666667,7352.9665,7151.952465206841
1845,5,9,6531.1875,6626.541742479171,6914.543778954365,7005.887617651786,6872.55908203125,6495.0517578125,7335.28764658973,7008.638843818148,7403.3925,7104.3796,7403.3925,7178.158924777626
1846,4,9,6531.1875,6416.378971007923,6307.392714501276,6311.335689073413,6634.9248046875,6395.89306640625,6306.391397912704,6572.8113848444245,7403.3925,7109.85945,6754.7475,6658.542843290284
1847,3,9,6531.1875,6722.239446659275,7526.2138478774805,7613.028197906416,7072.615234375,7023.31787109375,7729.190345914795,7612.491481007905,7403.3925,7161.3457499999995,8052.0375,7689.066757364421
1847,5,9,7333.9665,6666.096938269492,7494.897946582341,7528.16779321627,7072.615234375,7024.17529296875,7703.996404474476,7501.901583925616,7403.3925,7161.3457499999995,8052.0375,7675.826166356615
1848,4,9,7333.9665,6459.0250562757865,6642.907269501984,6710.497618381945,6562.63037109375,6184.86328125,6709.759204902405,6600.554856086766,7403.3925,7179.7817000000005,7216.02,6990.542789255936
1849,3,9,7333.9665,6362.728003844533,6223.828826284084,6328.017145115079,6469.24609375,6175.51220703125,6187.128401844982,6419.37269184425,7403.3925,7179.2086500000005,6725.49,6620.108864477363
1850,5,9,8036.353,5897.665424454861,6060.194867423115,6123.591459210317,6311.890625,5963.5625,5898.330414247228,5922.456915850531,6531.1875,7182.2871000000005,6531.1875,6428.615110889237
1851,4,9,8036.353,5908.703232729789,6519.676293356378,6552.38579602381,6497.5361328125,6235.70068359375,6573.071754342642,6214.31476770834,6531.1875,7201.185350000001,7030.35,6812.882317357522
1851,5,9,8031.875,5896.355417774019,6509.704044272548,6496.603116610119,6497.5361328125,6236.1298828125,6507.529322275272,6238.036669130125,6531.1875,7201.185350000001,7030.35,6808.053805968983
1852,3,9,8036.353,6660.8216411473195,6945.979217298144,6952.484288515873,6681.931640625,6551.88720703125,7178.746775576611,6935.784482336728,7333.9665,7219.533166666666,7333.9665,7144.661513780856
1852,4,9,8031.875,6703.084313567308,6927.168836147846,6938.651160521826,6681.931640625,6552.31591796875,7125.364535474441,6917.58169912442,7333.9665,7219.533166666666,7333.9665,7144.4723757060365
1852,5,9,8040.1575,6709.804374292778,6904.943889989612,6882.631650818453,6681.931640625,6552.7451171875,7077.70277240068,6910.621947296221,7333.9665,7219.533166666666,7333.9665,7139.139150069875
1853,3,9,8031.875,6846.961351392651,7153.707447011735,7337.7034926875,6847.21240234375,6710.14697265625,7584.603599411703,7155.083783367973,7333.9665,7258.072266666667,7682.784000000001,7416.589608944267
1853,4,9,8040.1575,6849.0750167455735,7139.538938780726,7298.920509269842,6847.21240234375,6710.57568359375,7497.493033691418,7156.316872070255,7333.9665,7258.072266666667,7682.784000000001,7412.892698001291
1853,5,9,7968.24,6855.795077471044,7129.307203888861,7243.839994459326,6847.21240234375,6711.0048828125,7500.716349157861,7125.4368274193475,7333.9665,7258.072266666667,7682.784000000001,7409.645674454339
1854,3,9,8040.1575,6660.446009114776,7397.2105998001,7337.792724906747,6849.58935546875,6565.853515625,7567.05694875756,6775.804011793366,7333.9665,7315.2374,7873.848000000001,7553.349269312648
1854,4,9,7968.24,6665.820034221322,7369.176405992702,7307.354699707343,6849.58935546875,6566.2822265625,7605.032669254292,6757.994196770093,7333.9665,7315.2374,7873.848000000001,7547.866813958296
1854,5,9,7853.79,6672.912311061402,7356.695831738238,7262.670009622025,6849.58935546875,6566.7109375,7486.334435802889,6702.205917529665,7333.9665,7315.2374,7873.848000000001,7544.655400763348
1855,3,9,7968.24,7412.482874354026,7555.790034911579,7625.717154438492,7249.560546875,6991.021484375,7874.929967898591,7704.246689992142,8036.353,7367.680000000001,8036.353,7774.2772515337065
1855,4,9,7853.79,7405.3350533471685,7524.586221670012,7570.154330092262,7249.560546875,6991.4501953125,7871.050771261043,7708.837984220041,8036.353,7367.680000000001,8036.353,7766.26218837576
1856,3,9,7853.79,6833.819481025266,7591.697373201261,7651.907316490079,7238.76611328125,6875.22900390625,8048.305972704749,7592.577898728229,8031.875,7409.546033333333,8031.875,7733.57898397473
1857,5,9,7391.95,6990.892725626851,7499.158914283603,7627.355596507937,7295.94287109375,7121.70703125,7751.234457024395,7667.761145121364,8040.1575,7447.863933333333,8040.1575,7741.776578483212
1858,4,9,7391.95,6885.5452882373465,7403.29284518963,7524.154638519841,7184.16650390625,6832.9052734375,7358.365839971802,7391.472367448369,7968.24,7472.256033333334,7968.24,7668.1744623947525
1859,3,9,7391.95,7271.783562629864,7355.098222652204,7335.711621189484,7167.6552734375,6758.38671875,7362.62513917642,7432.7391873712595,7853.79,7485.381733333334,7853.79,7622.365233124939
1859,5,9,7298.5315,7225.617103719829,7325.4718827401,7288.167926605159,7167.6552734375,6759.244140625,7387.991969628058,7298.860979175552,7853.79,7485.381733333334,7853.79,7611.6467503143
1860,4,9,7298.5315,7829.626601548452,7764.147069175815,7753.508178531746,7315.11474609375,6936.4462890625,7999.53184937394,8146.255010463473,7853.79,7506.722066666667,8175.07,7943.2146964653675
1860,5,9,7596.5945,7815.034994990831,7761.029646751212,7708.675360302579,7315.11474609375,6936.875,7971.531976600138,8112.832477512095,7853.79,7506.722066666667,8175.07,7939.779970997188
1861,3,9,7298.5315,7320.234185423363,7356.626544294069,7401.59344858135,7198.6650390625,6754.3193359375,7500.25939229799,7778.470555068617,7853.79,7510.825483333333,7757.7825,7580.5774937672195
1861,4,9,7596.5945,7291.701783839391,7327.959702892425,7387.906211071429,7198.6650390625,6754.748046875,7521.69319615679,7695.234526628221,7853.79,7510.825483333333,7757.7825,7572.769217889357
1862,3,9,7596.5945,6490.441378590855,6926.932216164604,6949.9524863115075,6998.1474609375,6635.576171875,7083.980564584705,7188.8711223729215,7391.95,7500.130483333333,7391.95,7205.163324287584
1864,5,9,6932.16,6642.6829824588785,6836.382607108036,6784.43516675959,7052.11181640625,6931.57666015625,6883.301870227749,6942.1692066220985,7298.5315,7474.508633333334,7298.5315,7145.834327352686
1865,4,9,6932.16,6435.942302451088,7069.1874641482855,7096.796786119709,7221.1904296875,7110.48193359375,7263.3205920861765,6882.195548876699,7596.5945,7483.268249999999,7596.5945,7355.873716037141
1865,5,9,6955.826,6676.274296042704,7067.453096124475,7062.914049085979,7221.1904296875,7110.9111328125,7233.677455085636,7134.987282051083,7596.5945,7483.268249999999,7596.5945,7374.470617067819
1866,3,9,6932.16,6491.351432643524,6885.123508610594,6968.164051001654,7060.3134765625,6929.61181640625,7030.068396349464,6981.496435365851,7596.5945,7486.520766666667,7377.8265,7193.6909648977835
1866,4,9,6955.826,6574.01656471579,6887.247672938636,6937.1833648349875,7060.3134765625,6930.04052734375,6994.011968620834,6946.3909351573875,7596.5945,7486.520766666667,7377.8265,7199.829761122295
1866,5,9,7149.736,6719.598138654186,6877.324775987247,6892.791099397487,7060.3134765625,6930.4697265625,6997.538320015769,6980.741631595427,7596.5945,7486.520766666667,7377.8265,7208.684480622249
1867,3,9,6955.826,6472.999105847753,6673.20402794268,6734.096860355159,7032.06640625,6980.28076171875,6808.4171637705695,6930.788108106107,7596.5945,7477.062816666667,7160.3015000000005,7024.57986786511
1867,4,9,7149.736,6554.718183412028,6671.265545106966,6703.243596465279,7032.06640625,6980.7099609375,6772.251195253339,6894.077423355975,7596.5945,7477.062816666667,7160.3015000000005,7029.949277802147
1867,5,9,6894.81,6745.750888939124,6657.462956785537,6679.985976678572,7032.06640625,6981.138671875,6790.950302206737,6992.572968634731,7596.5945,7477.062816666667,7160.3015000000005,7042.74415620258
1868,3,9,7149.736,6554.065059115806,6460.820201101552,6582.882070392857,6989.984375,7009.73486328125,6807.679641726943,6932.965666981898,7596.5945,7458.956450000001,6957.071,6873.023754232156
1868,4,9,6894.81,6649.110600548178,6461.80901832675,6536.202812823413,6989.984375,7010.16357421875,6857.613521575335,6954.16591716998,7596.5945,7458.956450000001,6957.071,6879.419576905881
1868,5,9,7137.768,6817.012455633195,6442.465878221592,6516.790121279762,6989.984375,7010.5927734375,6737.24727499167,6948.507160091576,7596.5945,7458.956450000001,6957.071,6889.470348300187
1869,3,9,6894.81,6677.2134019555415,6676.897659912075,6617.917530746032,6961.1083984375,6984.34130859375,6808.903310219075,7432.812720814041,6932.16,7444.142333333333,6932.16,6904.673121521524
1869,4,9,7137.768,6741.040891698614,6631.348893602551,6582.928509690476,6961.1083984375,6984.77001953125,6759.990896347555,7395.448997876217,6932.16,7444.142333333333,6932.16,6900.928680222515
1870,3,9,7137.768,6608.7128264482135,6634.169798439314,6533.929021548611,6981.34033203125,6958.6005859375,6709.964545396716,7123.278048388694,6955.826,7430.531416666667,6955.826,6901.549548637364
1871,5,9,7321.4775,6809.787002273849,6610.9027557714,6690.343389414683,7122.72265625,6982.5224609375,6829.266514096031,7171.925282197905,7149.736,7426.06505,7149.736,7035.773338623052
1872,4,9,7321.4775,6605.749679641428,6506.322739978112,6563.006535467262,6907.9306640625,6647.818359375,6559.479428689572,6990.274157657429,6894.81,7410.793166666666,6894.81,6840.38139463782
1872,5,9,6772.161,6577.444669942537,6495.505839786643,6500.836448530755,6907.9306640625,6648.2470703125,6551.8987240995375,6958.037484129796,6894.81,7410.793166666666,6894.81,6833.830795695793
1873,3,9,7321.4775,6593.133984621999,6833.785980772554,6763.456294280753,7005.224609375,6917.265625,6940.369287808427,7191.47226558528,7137.768,7400.78765,7137.768,7042.015340783953
1873,4,9,6772.161,6577.791588621624,6812.9249059640215,6750.403872781746,7005.224609375,6917.6943359375,6888.470882298435,7188.089818805855,7137.768,7400.78765,7137.768,7036.67225390057
1874,3,9,6772.161,6629.453241971,7190.409973276288,7108.895237349207,7137.21875,6990.49658203125,7324.355044388374,7150.280809293332,7137.768,7402.29005,7524.0,7340.414878050027
1874,5,9,6873.635,6600.016819905544,7133.970786475692,7043.6879542946435,7137.21875,6991.3544921875,7250.182060803663,7071.633659586689,7137.768,7402.29005,7524.0,7325.853442261435
1875,4,9,6873.635,6636.4786304144,7191.896666747872,7146.180852475199,7122.66162109375,6946.9765625,7436.694509295911,7129.630842504819,7137.768,7409.717000000001,7626.201,7398.74306439239
1875,5,9,6549.918,6626.270415672356,7180.474745120888,7107.630743265873,7122.66162109375,6947.4052734375,7334.696794886443,7057.51520067312,7137.768,7409.717000000001,7626.201,7394.4909108391985
1876,3,9,6873.635,6621.58810950115,6913.973533359677,6925.225028858135,6898.93310546875,6685.4013671875,7119.979138763641,7069.566708663764,7321.4775,7428.608000000001,7321.4775,7161.2210943506625
1876,4,9,6549.918,6608.30977815129,6892.203192807495,6887.45068164385,6898.93310546875,6685.830078125,7008.022966649374,7055.865144054211,7321.4775,7428.608000000001,7321.4775,7154.970640347423
1877,3,9,6549.918,6140.503677054131,6389.679374184904,6390.82102071131,6631.77880859375,6352.10693359375,6472.887601627663,6753.813352875776,6772.161,7385.94545,6772.161,6687.439672468007
1878,5,9,4976.064,6392.844921531838,6278.86398698044,6202.1458415099205,6551.615234375,6227.33251953125,6159.431396793374,6738.869689256218,6772.161,7366.407916666667,6629.894,6597.258942856156
1879,4,9,4976.064,6512.44431316893,6475.198161382172,6470.2072549831355,6546.763671875,6254.0615234375,6402.789565627656,6872.968531821779,6873.635,7371.346083333334,6873.635,6785.388830968864
1879,5,9,5058.197,6493.8677148033075,6452.598389008659,6426.620885810516,6546.763671875,6254.490234375,6387.057539214994,6803.030618606647,6873.635,7371.346083333334,6873.635,6778.334592059055
1880,3,9,4976.064,5985.1900337960105,6090.2923707650125,6107.538348781745,6219.93115234375,5816.6796875,6009.863722077886,6506.548331563852,6549.918,7371.970433333333,6549.918,6462.546475668174
1880,4,9,5058.197,5983.890486443215,6090.416908067592,6043.552809708333,6219.93115234375,5817.1083984375,5927.697949315206,6441.272344355207,6549.918,7371.970433333333,6549.918,6460.064613655555
1881,3,9,5058.197,5341.164685449454,5342.550225199537,5355.222802407738,5933.02001953125,5555.41845703125,5259.642754688089,5872.351273324113,6549.918,7331.495933333334,5816.115,5825.988458350006
1881,5,9,3828.472,5327.1146512873875,5322.3991390750325,5262.741323003968,5933.02001953125,5556.2763671875,5252.505609397296,5720.8575514268605,6549.918,7331.495933333334,5816.115,5817.903217451586
1882,4,9,3828.472,5329.231520364786,5126.534652912533,5172.563551763888,5657.9765625,5371.3056640625,4769.623807677966,5099.46035344138,6549.918,7260.608683333334,5207.348999999999,5421.560016158957
1882,5,9,4498.098,5329.451878117727,5143.151177575231,5162.7406249682535,5657.9765625,5371.734375,4763.3592860648605,5106.785548232983,6549.918,7260.608683333334,5207.348999999999,5424.052700651938
1883,3,9,3828.472,5168.7660387489805,5262.176807691882,5201.015284604167,5383.06640625,4976.8828125,4788.8349844962795,5423.608232215715,4976.064,7170.384683333334,4976.064,5278.980754725942
1883,4,9,4498.098,5172.390817199701,5298.004329960731,5251.127784170139,5383.06640625,4977.3115234375,4749.995882315147,5531.101759923477,4976.064,7170.384683333334,4976.064,5287.287080083965
1884,3,9,4498.098,4998.844895181832,5368.1705441049635,5334.302280243056,5310.2646484375,4928.06884765625,4892.192774422425,5160.621798048617,5058.197,7076.5296499999995,5058.197,5319.763137292273
1885,5,9,5256.972,5194.924946852292,5327.85486019213,5349.478510887898,5041.986328125,4591.9755859375,4600.057707441352,5253.073144140155,5058.197,6968.680600000001,4800.8815,5160.94734669064
1886,4,9,5256.972,5032.0140263805,4884.327118729994,5123.659797055556,4233.859375,3499.555908203125,4354.72097772496,5160.86945257211,3828.472,6828.567166666666,3828.472,4462.47398279614
1886,5,9,5985.727,5098.565603760031,4939.0470325987935,5287.336166364583,4233.859375,3499.984619140625,4232.19760765945,5239.247312579384,3828.472,6828.567166666666,3828.472,4483.539367351565
1887,3,9,5256.972,5046.649147348079,5218.937120955108,5345.728135231648,4744.9638671875,4299.796875,4813.311536809229,5133.811422391281,4498.098,6710.498516666666,4498.098,4919.9716191894595
1887,4,9,5985.727,5099.871768456184,5269.079378350446,5422.566136950397,4744.9638671875,4300.2255859375,4815.286933953945,5288.976286604613,4498.098,6710.498516666666,4498.098,4935.8867548935
1888,3,9,5985.727,5176.4174224095195,5264.78282904613,5429.815367958333,4781.0068359375,4309.5986328125,4780.158895939725,5124.949014002285,4498.098,6599.499849999999,4638.28,5011.1167339487165
1888,5,9,6444.75,5261.1564789654685,5338.027188412202,5524.327465993056,4781.0068359375,4310.45654296875,4788.160512292381,5380.056199944776,4498.098,6599.499849999999,4638.28,5034.287973696515
1889,4,9,6444.75,5315.082106433684,5374.10492492877,5539.064562004463,4928.6806640625,4462.4921875,4980.618557959048,5407.956542236744,4498.098,6499.9820500000005,4868.255999999999,5172.4829481326315
1889,5,9,5065.3275,5344.187875440149,5393.54819610367,5565.574924226686,4928.6806640625,4462.9208984375,5021.913381927379,5544.774959255502,4498.098,6499.9820500000005,4868.255999999999,5179.241718960202
1890,3,9,6444.75,5582.877480724348,5589.225759981647,5666.261576215773,5076.8056640625,4792.685546875,5112.583274096491,5698.302571978319,5256.972,6402.712116666666,5256.972,5451.176154373088
1890,4,9,5065.3275,5687.301469073179,5600.718937683234,5696.628579665674,5076.8056640625,4793.11474609375,5086.167888055101,5795.522074406883,5256.972,6402.712116666666,5256.972,5463.038009042902
1891,3,9,5065.3275,5881.495831251937,6019.034380430055,6191.708990652778,5510.3779296875,5202.36181640625,5864.035423125473,5981.076595735482,5985.727,6343.6436,5985.727,5993.24259322377
1892,5,9,5430.778,5719.751721729096,5489.114426468304,5648.422565207342,5354.6640625,4788.67578125,5015.545901195901,5402.68326768897,5985.727,6271.9777,5241.973000000001,5442.2096096456535
1893,4,9,5430.778,5886.454883915427,6403.239857195279,6472.1362789186505,5900.6923828125,5441.8720703125,6428.535826950397,5903.220740975122,6444.75,6245.9682,6444.75,6338.7012806412695
1894,3,9,5430.778,5356.013044442919,5331.073986801091,5403.524487640873,5245.0322265625,4504.4423828125,4913.601615622188,5410.117237955545,5065.3275,6171.528066666666,5065.3275,5261.836561487207
1894,5,9,5968.616,5419.479913152135,5356.553117168155,5487.067997412699,5245.0322265625,4505.30029296875,4863.721981010866,5430.292758358148,5065.3275,6171.528066666666,5065.3275,5274.644115176919
1895,4,9,5968.616,5569.913554268526,5474.270855941171,5619.845230369048,5254.8203125,4678.3818359375,5068.722709158323,5424.343923974426,5065.3275,6092.5184500000005,5226.3060000000005,5394.389160673647
1896,3,9,5968.616,5683.320184531867,5873.760496781911,5852.254292569444,5366.20947265625,4794.36328125,5586.541265703647,5672.786783445121,5065.3275,6039.894400000001,5799.105,5798.853680303519
1896,5,9,5407.612,5719.380719070607,5880.809952346891,5860.360405953373,5366.20947265625,4795.220703125,5578.550283378156,5668.463322148991,5065.3275,6039.894400000001,5799.105,5803.3876728581345
1897,4,9,5407.612,5658.870597802535,5450.1383074179475,5586.197129757937,5346.525390625,4894.0,5277.901163136203,5500.54110906676,5430.778,5982.243616666668,5430.778,5504.79042360216
1898,3,9,5407.612,4900.693404273373,4814.6827691716335,4861.4265445654755,4886.955078125,4630.3310546875,4255.872897369557,4880.569902294763,5430.778,5895.937883333333,4367.898999999999,4682.250366238512
1899,5,9,5240.147,5712.762966449351,5968.819549535529,6013.067146769841,5565.80419921875,5668.7548828125,5827.588102037497,5613.778737005124,5968.616,5863.819750000001,5968.616,5913.4360783925595
1900,4,9,5240.147,5723.902117048125,6075.47913582194,5957.581186119708,5478.28173828125,5319.12451171875,5536.907721775946,5690.931528788903,5968.616,5824.600116666667,5779.236999999999,5816.936231581076
1900,5,9,5025.0,5694.916981341114,6098.1846003851015,5964.085123807208,5478.28173828125,5319.55322265625,5548.062465551253,5739.871605937184,5968.616,5824.600116666667,5779.236999999999,5818.631111576549
1901,3,9,5240.147,5768.319595518724,5461.760985981448,5505.041089436508,5357.85302734375,5141.7158203125,5415.994881181865,5740.246390141145,5407.612,5766.529316666667,5407.612,5480.878479098606
1901,4,9,5025.0,5809.232862132619,5464.121196312798,5516.005527505952,5357.85302734375,5142.14501953125,5343.4266402129515,5759.315043528951,5407.612,5766.529316666667,5407.612,5485.124563653622
1901,5,9,4990.5555,5804.898463706776,5470.9676918387895,5530.497903575397,5357.85302734375,5142.57373046875,5356.464164611225,5760.382843955042,5407.612,5766.529316666667,5407.612,5486.474095118759
1902,3,9,5025.0,5601.502151193009,5347.532562022123,5480.045796743055,5250.5634765625,5006.900390625,5201.551904634155,5517.150580586849,5407.612,5713.907766666667,5316.1635,5384.287037193719
1902,4,9,4990.5555,5655.999855212014,5355.219887567261,5476.421918665675,5250.5634765625,5007.3291015625,5135.864316061511,5535.607555102063,5407.612,5713.907766666667,5316.1635,5390.037899954409
1903,3,9,4990.5555,5357.311586452224,5444.278586598215,5563.7286869618065,5199.9306640625,5084.6640625,5286.970239784523,5564.483399802726,5407.612,5655.489816666667,5385.2295,5412.899110450899
1906,5,9,5193.2045,4945.873921305935,5387.646037394941,5529.52496433383,4803.4619140625,4460.69482421875,4993.543289649475,5149.554204529039,4990.5555,5414.957283333333,4990.5555,5102.294109954721
1907,4,9,5193.2045,5139.204789348626,5417.647044305804,5458.154612282243,4788.1240234375,4591.80078125,5078.511483933666,5109.56625772586,4990.5555,5354.717583333333,4964.97,5100.307556404921
1907,5,9,5509.656,5164.028520903293,5433.7581962450895,5533.354592472719,4788.1240234375,4592.2294921875,5115.870082083887,5238.936038002779,4990.5555,5354.717583333333,4964.97,5107.95906964293
1908,3,9,5193.2045,5017.066063655313,5225.065780932784,5224.625551437004,4661.56396484375,4618.3447265625,4818.619423339537,5109.527439677978,4990.5555,5288.755416666667,4651.029,4861.165291297146
1908,4,9,5509.656,5170.246257544527,5269.139083928419,5288.149952350199,4661.56396484375,4618.77392578125,4822.304983383471,5145.018130677289,4990.5555,5288.755416666667,4651.029,4883.929743612479
1908,5,9,5545.3185,5187.213601706236,5297.538534393498,5371.754389542163,4661.56396484375,4619.20263671875,4841.934480865235,5297.086965474285,4990.5555,5288.755416666667,4651.029,4893.338191750571
1909,3,9,5509.656,4957.368177218844,5255.587926801632,5299.8910017455355,4687.1455078125,4699.5185546875,4986.4560803588065,5195.739095315619,4990.5555,5216.766099999999,4713.9555,4893.834124149083
1909,4,9,5545.3185,5017.7527502812145,5306.407004610164,5360.456058960814,4687.1455078125,4699.94775390625,4995.468452748809,5219.936883419443,4990.5555,5216.766099999999,4713.9555,4909.85693713465
1909,5,9,5623.478,5069.1025347491595,5342.864245884966,5442.9023838055555,4687.1455078125,4700.37646484375,5047.051244709001,5349.08799581893,4990.5555,5216.766099999999,4713.9555,4923.484409284723
1910,3,9,5545.3185,5013.100376801773,5330.465477727824,5378.592653899141,4577.6787109375,4523.3544921875,4931.884919530783,5248.736679224018,4990.5555,5158.9096,4814.223000000001,4957.175921026316
1910,4,9,5623.478,5187.817844651046,5372.141232896474,5437.29218907424,4577.6787109375,4523.783203125,4970.44985336098,5265.815224707662,4990.5555,5158.9096,4814.223000000001,4981.156563597542
1911,3,9,5623.478,5611.564010743472,5699.130772101569,5748.810828076389,4836.6083984375,4930.9375,5518.659580225158,5680.814554287255,5193.2045,5138.145916666666,5193.2045,5307.757642813671
1913,5,9,5175.1865,6124.633180746702,6122.807514110318,6279.849696226191,5038.75244140625,4825.5224609375,6059.305994813682,5979.74605654818,5545.3185,5167.197966666666,5545.3185,5652.78827327803
1914,4,9,5175.1865,6110.180475294023,6126.344123189617,6299.718943783234,5055.32763671875,4874.5390625,5924.349308021249,6023.489020762576,5623.478,5186.040666666667,5623.478,5698.807310613874
1914,5,9,5086.456,6143.027116087771,6160.782275634458,6362.716948168651,5055.32763671875,4874.9677734375,6018.738615906215,5992.292954531859,5623.478,5186.040666666667,5623.478,5709.809566735325
1915,3,9,5175.1865,5707.284884224344,5677.1430983257,5731.480374524802,4834.34716796875,4457.9091796875,5442.309817974175,5850.114161074672,5623.478,5196.233316666666,5106.661,5268.920142522468
1915,4,9,5086.456,5758.974679166053,5719.954228006652,5830.746566868055,4834.34716796875,4458.33837890625,5464.8429334798,5874.159983570638,5623.478,5196.233316666666,5106.661,5284.292121702425
1916,3,9,5086.456,5379.706239652662,5169.3495348042525,5323.690665907738,4764.841796875,4356.7158203125,5129.378696326768,5723.276247356165,5623.478,5225.7365500000005,4713.569,4920.981451835248
1916,5,9,4901.3325,5482.713911999437,5221.710315677684,5485.204674911706,4764.841796875,4357.5732421875,5159.387774915243,5701.361398241527,5623.478,5225.7365500000005,4713.569,4944.620749530811
1917,4,9,4901.3325,5345.156702985628,5261.300614996847,5434.753784630952,4775.7451171875,4484.609375,5215.6619047335425,5782.82350561618,5623.478,5235.016350000001,4776.492,4974.201062859525
1917,5,9,4938.395,5396.474580390694,5282.183706269019,5498.568903722222,4775.7451171875,4485.0380859375,5253.553384212515,5776.701917023206,5623.478,5235.016350000001,4776.492,4984.465259347721
1918,3,9,4901.3325,5625.868360622232,5749.9076798737915,5824.60025766369,4865.609375,4398.62109375,5487.206788024415,5767.448033297339,5175.1865,5252.913233333335,5175.1865,5323.036748363085
1918,4,9,4938.395,5675.433210583412,5797.35100599016,5907.601080013888,4865.609375,4399.0498046875,5533.513123548427,5746.763119216984,5175.1865,5252.913233333335,5175.1865,5338.414061046283
1919,3,9,4938.395,5636.9643612863465,5720.637368599585,5679.599235005457,4921.47021484375,4451.28955078125,5515.473265306708,5789.413039731152,5086.456,5260.186566666666,5086.456,5268.869314312679
1920,5,9,5097.208,5738.001233167183,5888.623928580785,5875.265390542658,4941.2744140625,4631.181640625,5569.156236607115,5966.880155754496,5086.456,5256.161733333333,5136.227,5341.717742763941
1921,4,9,5097.208,5397.573196055656,5706.28493221913,5625.464624200397,4807.3408203125,4488.6845703125,5469.027956741155,5725.568929603916,4901.3325,5220.0152499999995,4901.3325,5131.267602579328
1921,5,9,4985.7685,5480.926047698691,5747.154998923593,5697.545872646329,4807.3408203125,4489.11328125,5458.519450003627,5768.867498730542,4901.3325,5220.0152499999995,4901.3325,5147.946639785262
1922,3,9,5097.208,5360.596398229066,5765.965467807486,5585.826062949405,4841.42529296875,4659.85302734375,5554.796248418405,5757.069709898749,4938.395,5209.895983333334,4938.395,5158.552938331784
1922,4,9,4985.7685,5405.686787720696,5835.6833565818915,5695.324198524802,4841.42529296875,4660.2822265625,5586.6789620016325,5827.308099413015,4938.395,5209.895983333334,4938.395,5178.3557142170275
1922,5,9,4749.626,5405.11307680213,5866.551631241018,5773.340130876489,4841.42529296875,4660.7109375,5602.769367172703,5903.917497916687,4938.395,5209.895983333334,4938.395,5186.505765692619
1923,3,9,4985.7685,5361.988215255627,5715.379212592775,5588.004681516864,4759.4033203125,4527.54052734375,5390.195669673815,5826.063472024659,4938.395,5157.72835,4879.721,5107.691538069851
1923,4,9,4749.626,5396.240885070671,5790.436219536624,5703.01032003869,4759.4033203125,4527.9697265625,5484.61612499926,5961.701521932679,4938.395,5157.72835,4879.721,5127.704309333093
1924,3,9,4749.626,5381.549827113173,5744.766179958467,5563.7169003323415,4696.9580078125,4507.396484375,5409.4556083906955,5878.543131552536,4938.395,5152.0537,4895.088,5117.409231559838
1927,5,9,4965.9885,5289.447033739585,5507.192031413277,5550.332540234127,4591.5966796875,4425.89453125,5290.521662240851,5584.678776541219,4749.626,5097.93415,4749.626,4976.63930608978
1928,4,9,4965.9885,5237.294060019499,5295.653330142047,5268.16541159623,4465.318359375,4398.3671875,5233.599121960291,5553.506635904039,4749.626,5103.729783333333,4541.768,4803.4460821357425
1928,5,9,4971.6345,5255.835592030658,5327.04633089046,5340.724516869544,4465.318359375,4398.7958984375,5181.439407844662,5538.862496180777,4749.626,5103.729783333333,4541.768,4813.085259723145
1929,3,9,4965.9885,5237.006270802264,5391.361534498595,5333.282902075398,4593.3720703125,4635.6328125,5309.804118842139,5603.03345371007,4749.626,5059.255416666667,4634.385,4877.3200365066605
1929,4,9,4971.6345,5318.574400047038,5451.6465464912535,5432.328542866072,4593.3720703125,4636.0615234375,5346.543918440809,5607.497189630375,4749.626,5059.255416666667,4634.385,4898.178604911453
1929,5,9,4969.521,5327.648154394074,5481.6691968212135,5498.24894540129,4593.3720703125,4636.490234375,5393.889260771848,5606.599913007039,4749.626,5059.255416666667,4634.385,4906.540780737718
1930,3,10,4971.6345,4912.352890054107,4868.334876787995,4809.294644753469,4736.06298828125,4730.54248046875,4806.908268688444,5012.710257354862,4749.626,5029.10635,4874.765,4845.472721471148
1930,4,10,4969.521,4935.332321411473,4872.699370017659,4802.602691072913,4735.630859375,4729.4912109375,4829.2394202038695,4987.331967653743,4749.626,5029.10635,4874.765,4843.572593431903
1930,5,10,5250.888,4986.0354431742535,4875.722538545932,4808.232251961802,4735.1982421875,4728.4404296875,4810.614594810726,5005.212613518435,4749.626,5029.10635,4874.765,4845.175702458434
1931,3,10,4969.521,4901.384101840285,4877.846758431845,4809.572032899302,4744.849609375,4786.1875,4809.199189403188,5045.940343347775,4749.626,5011.50975,4879.714,4848.4726265276595
1931,4,10,5250.888,4932.970085641966,4879.500747319842,4803.979807197914,4744.4169921875,4785.13623046875,4814.103296614127,5034.569982664061,4749.626,5011.50975,4879.714,4846.488608798514
1932,3,10,5250.888,4938.039207954263,4915.155618868106,4843.725538888887,4682.28662109375,4601.7373046875,4873.475113912209,4966.461076620826,4965.9885,4999.83725,4965.9885,4916.860456473909
1934,5,10,5689.74,5043.564128531451,5023.603581625345,4950.223295543647,4848.59912109375,4719.7548828125,4869.022931647662,4944.717436343006,4969.521,4977.029883333334,4969.521,4959.293310299086
1935,4,10,5689.74,5248.079427644259,5344.763209197055,5117.926378175594,4924.79833984375,4810.46337890625,5187.075111351096,5210.725330248576,5250.888,4984.5594833333325,5250.888,5198.520553933198
1935,5,10,5470.75,5294.417959619576,5368.856383093386,5131.024084342262,4924.3662109375,4809.412109375,5163.926562501481,5225.244558519159,5250.888,4984.5594833333325,5250.888,5202.831546947773
1936,3,10,5689.74,5521.4169790183705,5430.507941153657,5256.941706174852,5050.72314453125,4942.2890625,5323.048449893681,5114.546930851968,5250.888,4999.225333333334,5430.531000000001,5357.938524718921
1936,4,10,5470.75,5511.320659999162,5459.95805257072,5288.635529098463,5050.291015625,4941.23828125,5336.799504481008,5109.4213950303965,5250.888,4999.225333333334,5430.531000000001,5370.379219692152
1936,5,10,5488.574,5533.955640383288,5494.928657450881,5315.666323925843,5049.85888671875,4940.18701171875,5327.394837517943,5092.0484951211865,5250.888,4999.225333333334,5430.531000000001,5380.381021738433
1937,3,10,5470.75,5733.584045929007,5529.783036405756,5352.815553105156,5096.74267578125,4988.91064453125,5466.531410253564,5198.022461860032,5250.888,5018.891433333334,5554.953,5469.616864393798
1937,4,10,5488.574,5722.375526960037,5558.7234452206385,5375.603678784721,5096.310546875,4987.859375,5451.120909928199,5225.368727523895,5250.888,5018.891433333334,5554.953,5477.833366722765
1937,5,10,5535.4845,5742.392937265539,5589.991065251508,5400.027057409719,5095.87841796875,4986.80859375,5457.685352696141,5214.616210509028,5250.888,5018.891433333334,5554.953,5487.304103759105
1938,3,10,5488.574,5807.044582453836,5578.768411688692,5418.436745882936,5085.783203125,4971.544921875,5597.902163228848,5427.027099422878,5250.888,5052.307533333334,5653.512000000001,5554.667821253958
1938,4,10,5535.4845,5795.836063484866,5604.302537007543,5441.262538562499,5085.35107421875,4970.494140625,5595.460953192209,5483.910290787692,5250.888,5052.307533333334,5653.512000000001,5563.272097779044
1939,3,10,5535.4845,5883.31839668146,5791.257540595411,5535.032978069444,5246.8212890625,5334.197265625,5583.331911021954,5568.4138835738,5689.74,5084.833683333333,5689.74,5627.882009289644
1941,5,10,5823.057,5766.204779158221,5577.862701953849,5464.861248742062,5245.9501953125,5145.873046875,5626.563166301627,5505.721168535814,5488.574,5116.563566666667,5488.574,5483.535844072753
1942,4,10,5823.057,5806.00981796072,5452.5840578583775,5296.225247367063,5172.76953125,5121.3408203125,5529.465835403676,5228.863955130777,5535.4845,5117.424516666667,5535.4845,5444.384584639817
1942,5,10,5608.9145,5832.307956760212,5469.1434031704375,5309.232629680554,5172.33740234375,5120.28955078125,5538.528882362894,5230.291837612376,5535.4845,5117.424516666667,5535.4845,5449.58880616788
1943,3,10,5823.057,6016.5308582366715,5560.324134177822,5427.331863617557,5240.052734375,5335.654296875,5621.726380452612,5661.495945075961,5535.4845,5116.308483333333,5511.8375,5483.3511813007135
1943,4,10,5608.9145,6057.395542994836,5578.645030747268,5452.584802215275,5239.6201171875,5334.603515625,5660.88909305716,5747.298793472363,5535.4845,5116.308483333333,5511.8375,5494.0758683393515
1943,5,10,5587.7825,6102.442906000995,5603.268003164484,5458.780008476189,5239.18798828125,5333.55224609375,5666.010639071019,5739.556002866677,5535.4845,5116.308483333333,5511.8375,5496.577734511929
1944,3,10,5608.9145,6002.360974205092,5721.886440243203,5496.416652306547,5250.578125,5294.564453125,5772.50079824361,5695.870360458125,5535.4845,5114.9518333333335,5582.778499999999,5554.492549511631
1944,4,10,5587.7825,6043.982208034994,5738.712414517409,5508.42608087996,5250.14599609375,5293.51318359375,5787.4966256981625,5817.032960227971,5535.4845,5114.9518333333335,5582.778499999999,5559.488353300482
1944,5,10,5691.12,6092.274555321332,5766.141687983237,5512.053843700394,5249.7138671875,5292.4619140625,5808.144556039023,5748.703123726267,5535.4845,5114.9518333333335,5582.778499999999,5561.4615968872
1945,3,10,5587.7825,5964.0427166337495,5778.072377801735,5570.133983128967,5229.06640625,5298.244140625,5721.120320583512,5611.651404354082,5535.4845,5129.848716666666,5553.5675,5564.333024875813
1945,4,10,5691.12,6003.130691351189,5797.551252381497,5578.8126184871035,5228.63427734375,5297.193359375,5688.312913343921,5770.081605216734,5535.4845,5129.848716666666,5553.5675,5566.686488258998
1946,3,10,5691.12,6130.45669986565,5963.51830839155,5766.659684220237,5443.2685546875,5567.1064453125,6113.67544998017,6206.746818938634,5823.057,5166.831649999999,5823.057,5809.992667880542
1948,5,10,5194.908,5945.095018874319,5817.039075119696,5713.459524892855,5406.298828125,5279.11279296875,6057.670813484529,5915.144480877201,5587.7825,5208.332266666666,5587.7825,5649.07476877943
1949,4,10,5194.908,6019.75491864509,5906.170960506184,5768.769370282738,5462.15869140625,5438.150390625,6216.999528718763,5973.491331970619,5691.12,5228.487733333333,5691.12,5735.772441328113
1949,5,10,5287.013,6035.837963862229,5916.642156027017,5782.87810279861,5461.7265625,5437.099609375,6191.259199630603,5968.2899062573515,5691.12,5228.487733333333,5691.12,5740.3930264714745
1950,3,10,5194.908,5821.465973072853,5732.270466741402,5586.895929971229,5422.44580078125,5391.6171875,6021.790878922968,5797.843964716749,5691.12,5250.112166666667,5784.96,5714.66593030631
1950,4,10,5287.013,5829.082826224315,5734.942528948545,5601.829102450399,5422.013671875,5390.56640625,5997.926320028214,5880.765363765066,5691.12,5250.112166666667,5784.96,5719.653844572958
1950,5,10,5412.7625,5871.609578590208,5735.697568660846,5608.15605949901,5421.5810546875,5389.51513671875,6068.397108212686,5889.749121591545,5691.12,5250.112166666667,5784.96,5724.087556010858
1951,3,10,5287.013,5519.946763459583,5553.2942256635915,5457.014134833332,5318.18359375,5341.39794921875,5541.853807655633,5547.197405272971,5691.12,5269.492416666667,5482.74,5478.757474137552
1951,4,10,5412.7625,5526.487438236836,5557.92646473998,5484.0215967916665,5317.75146484375,5340.3466796875,5552.642266501208,5612.671879241949,5691.12,5269.492416666667,5482.74,5489.331883584626
1951,5,10,5478.9075,5569.055948059246,5553.350697805951,5483.577629569445,5317.3193359375,5339.29541015625,5623.573206975781,5625.047721307143,5691.12,5269.492416666667,5482.74,5491.2056653127975
1952,3,10,5412.7625,5248.087093605158,5485.547893376884,5347.28675184623,5244.36328125,5340.6669921875,5283.861078922224,5494.94315393227,5691.12,5280.622249999999,5272.29,5309.349047532885
1952,4,10,5478.9075,5270.436328866756,5490.00157445129,5356.259178151787,5243.93115234375,5339.61572265625,5280.934355203553,5549.829578712641,5691.12,5280.622249999999,5272.29,5312.674595846551
1953,3,10,5478.9075,5429.559829453807,5509.503808100052,5348.41167055754,5231.189453125,5222.1943359375,5322.500454646579,5524.812949637299,5194.908,5291.128483333333,5194.908,5256.918694611072
1955,5,10,5738.1525,5675.028488873158,5562.368656689988,5424.858559722221,5331.265625,5342.9931640625,5787.861480757609,5730.717856740122,5412.7625,5314.711133333333,5412.7625,5428.160639775661
1956,4,10,5738.1525,5929.668808858239,5805.520926535812,5665.390367453373,5408.59423828125,5332.31640625,5878.250723446015,5916.854472892261,5478.9075,5331.1491,5478.9075,5561.276650959263
1956,5,10,5531.175,5958.638309610997,5830.828026180256,5684.425765840276,5408.162109375,5331.26513671875,5953.057030829418,5894.807706508374,5478.9075,5331.1491,5478.9075,5570.664843898327
1957,3,10,5738.1525,6085.082849861662,5880.160429990606,5699.003948335319,5477.7939453125,5207.09521484375,6108.193714469385,5932.480189113243,5478.9075,5362.1231333333335,5678.847000000001,5694.944445257015
1957,4,10,5531.175,6087.850048115566,5901.47814698859,5736.195260174605,5477.361328125,5206.0439453125,6158.276116169298,5995.378977621153,5478.9075,5362.1231333333335,5678.847000000001,5710.520557502688
1957,5,10,5630.112,6108.179629727664,5924.059199313591,5763.16347820139,5476.92919921875,5204.9931640625,6183.109568460194,6007.13660547822,5478.9075,5362.1231333333335,5678.847000000001,5721.484487990069
1958,3,10,5531.175,6123.968254781427,6002.580319724965,5873.2893706413715,5518.93505859375,5300.79345703125,6294.936267241875,5997.603543323977,5478.9075,5402.074616666666,5740.3125,5801.685770899888
1958,4,10,5630.112,6141.655102470622,6027.676060646066,5912.777632620041,5518.5029296875,5299.7421875,6338.916641013864,6070.409555902017,5478.9075,5402.074616666666,5740.3125,5817.959089833424
1959,3,10,5630.112,6032.981675676323,5922.348007753803,5753.173727197426,5464.6142578125,5384.7451171875,6027.486929616765,5927.695182496349,5478.9075,5433.310416666666,5571.459,5651.830940359182
1959,5,10,5491.02,6077.454289920059,5965.761388574008,5821.072052849208,5463.74951171875,5382.642578125,6125.184255958715,6032.93306999644,5478.9075,5433.310416666666,5571.459,5680.447859740542
1960,4,10,5491.02,6057.308734975077,5861.989044948942,5840.412530596228,5478.4072265625,5476.7275390625,6249.916340439523,6048.551426231642,5738.1525,5462.09,5738.1525,5791.751353412757
1961,3,10,5491.02,6130.931885198189,5779.856168076792,5729.160294534228,5440.1259765625,5357.6279296875,6001.7465261249345,5944.430588035234,5531.175,5483.8053666666665,5531.175,5619.966529100429
1962,5,10,5659.236,6258.663002758066,5917.941607427489,5924.662798250001,5538.93359375,5479.96435546875,6316.710467273638,6184.7963871368065,5630.112,5505.942816666667,5630.112,5761.822326285816
1963,4,10,5659.236,6473.7213092799175,5886.339411343031,5935.586810202379,5538.53271484375,5408.1103515625,6222.847071767806,6128.968972576916,5630.112,5524.7319333333335,5535.308000000001,5709.08729290522
1963,5,10,5414.208,6483.728483837392,5912.629061493328,5951.56502566468,5538.1005859375,5407.05908203125,6250.953885322728,6178.59298968749,5630.112,5524.7319333333335,5535.308000000001,5715.968909560921
1964,3,10,5659.236,6135.089086858363,5733.91043685017,5803.6588675957355,5502.2958984375,5422.486328125,5973.681797188183,5899.20496896584,5491.02,5542.115233333333,5491.02,5623.731910092193
1964,4,10,5414.208,6176.756103526475,5756.496977681024,5834.165858545635,5501.86376953125,5421.435546875,6122.052769389095,6009.863749759232,5491.02,5542.115233333333,5491.02,5639.598040137186
1964,5,10,5386.77,6192.078078858517,5766.278565060884,5864.810573890872,5501.431640625,5420.38427734375,6034.299696777656,6081.921872330099,5491.02,5542.115233333333,5491.02,5648.71715895041
1965,3,10,5414.208,6101.549825890222,5700.544499033206,5696.527548005951,5406.685546875,5235.7021484375,5729.191091504279,5785.942731298817,5491.02,5547.934633333334,5425.47,5538.514087704098
1965,4,10,5386.77,6143.216842558334,5721.987157703842,5726.5997973635895,5406.2529296875,5234.65087890625,5776.853972928218,5884.6064839926885,5491.02,5547.934633333334,5425.47,5551.315043837425
1965,5,10,5204.499,6144.853162371853,5731.441666440845,5754.733726826882,5405.82080078125,5233.599609375,5767.0694437105585,5906.022202132469,5491.02,5547.934633333334,5425.47,5561.725135945533
1966,3,10,5386.77,6348.584800403881,5814.322962355757,5766.939343346727,5380.36328125,5226.9609375,5766.629211901396,5887.809927257294,5491.02,5552.848933333333,5577.96,5653.504158256061
1966,4,10,5204.499,6390.251817071993,5841.640850890283,5796.381703087301,5379.9306640625,5225.90966796875,5861.489791538785,6006.577130581208,5491.02,5552.848933333333,5577.96,5667.424824601504
1966,5,10,5097.161,6391.888136885512,5858.386055407147,5831.749807660714,5379.49853515625,5224.8583984375,5816.784245540819,6038.801984810815,5491.02,5552.848933333333,5577.96,5679.5785735578775
1967,3,10,5204.499,6104.551296322502,5808.405809006114,5840.940357062004,5444.56103515625,5331.43017578125,5984.089207755119,5963.311050432144,5659.236,5556.325033333333,5659.236,5737.644165226988
1967,4,10,5097.161,6154.523737732198,5832.148869310152,5866.522316273809,5444.12890625,5330.37890625,6012.624283326644,6090.891050404228,5659.236,5556.325033333333,5659.236,5748.187861243422
1968,3,10,5097.161,5845.017981774227,5726.766428605455,5705.055282320435,5388.6240234375,5174.6103515625,5891.766167794029,5759.71436918448,5414.208,5548.348233333334,5414.208,5538.491408599692
1969,5,10,5083.92,6156.438597478568,5808.4594720653495,5720.508681006451,5384.4423828125,5269.0078125,6004.61426182574,5956.383036286879,5386.77,5538.249233333334,5386.77,5531.393222702573
1970,4,10,5083.92,5850.990403518112,5641.552176726193,5505.581101689977,5295.4765625,5217.42529296875,5775.691671374967,5627.536989924844,5204.499,5529.374200000001,5204.499,5335.368254630705
1970,5,10,5135.3675,5847.076560166718,5661.462467194019,5527.732259444937,5295.04443359375,5216.3740234375,5739.04288010484,5686.522598566014,5204.499,5529.374200000001,5204.499,5342.731116701518
1971,3,10,5083.92,5857.88874646258,5445.586945443251,5452.206030304562,5239.04052734375,5251.216796875,5583.441701387248,5681.624360506999,5097.161,5516.3270999999995,5097.161,5246.092894195237
1971,4,10,5135.3675,5916.214507963776,5459.166666855952,5486.292380728174,5238.6083984375,5250.166015625,5616.237218955125,5743.66015875012,5097.161,5516.3270999999995,5097.161,5259.991228653548
1971,5,10,5025.996,5919.875205053882,5479.6477130460025,5517.691919719245,5238.17578125,5249.11474609375,5668.563321061286,5788.48120019913,5097.161,5516.3270999999995,5097.161,5273.430880300219
1972,3,10,5135.3675,5455.414418487402,5103.551323173311,5371.297906806544,5162.1005859375,5132.3232421875,5245.065027518988,5774.26961137514,5097.161,5499.2768166666665,5023.976000000001,5163.773604262194
1972,4,10,5025.996,5521.618499252468,5125.240910581746,5388.177854771824,5161.66845703125,5131.27197265625,5324.064109763427,5827.450275115935,5097.161,5499.2768166666665,5023.976000000001,5172.463386959334
1972,5,10,4973.898,5526.469388058152,5134.810602941586,5413.564431723213,5161.236328125,5130.220703125,5346.612755929277,5845.49427028026,5097.161,5499.2768166666665,5023.976000000001,5182.760447839033
1973,3,10,5025.996,5750.541040255178,5391.588007094891,5400.216132060018,5150.716796875,5310.73583984375,5250.136022896891,5795.706027140241,5097.161,5485.361333333333,5094.3730000000005,5215.143777994385
1973,4,10,4973.898,5816.7451210202435,5407.120817343405,5421.118372282241,5150.28466796875,5309.6845703125,5267.511486100829,5838.046846639406,5097.161,5485.361333333333,5094.3730000000005,5223.587674036572
1973,5,10,4716.672,5821.5960098259275,5437.404861945092,5448.617909284224,5149.8525390625,5308.6337890625,5335.090976562197,5849.4501093609815,5097.161,5485.361333333333,5094.3730000000005,5235.984424700309
1974,3,10,4973.898,5661.022061038864,5345.288194114401,5419.537084853173,5121.80419921875,5225.36669921875,5294.3767570446125,5637.554735620207,5083.92,5468.732716666667,5083.92,5217.526081641132
1974,4,10,4716.672,5753.460866294248,5354.222134391288,5438.494933577383,5121.3720703125,5224.3154296875,5281.9299119903835,5676.8569324152395,5083.92,5468.732716666667,5083.92,5224.372289702247
1975,3,10,4716.672,5697.251003249321,5496.44375707171,5545.259791995533,5159.86279296875,5248.18603515625,5303.946058877678,5789.926354234851,5135.3675,5454.792716666667,5135.3675,5295.994760166554
1976,5,10,4623.402,5253.731079592521,5202.6217439520005,5489.741646959325,5210.28125,5327.5126953125,5277.256971772835,5479.662246040485,5025.996,5428.224016666668,5025.996,5209.470251352609
1977,4,10,4623.402,5265.709162697494,5114.223287380903,5405.552099539183,5120.7529296875,5148.275390625,5044.498480615298,5562.273023742024,4973.898,5407.0568,4973.898,5139.97413780444
1977,5,10,4625.691,5272.029783211335,5132.013033616634,5416.8217920064435,5120.3203125,5147.224609375,5123.896847341661,5544.380255645803,4973.898,5407.0568,4973.898,5146.543331430845
1978,3,10,4623.402,5209.171799658277,5121.007696740871,5335.987118045632,5102.61376953125,4971.9072265625,4823.843548493256,5692.442219255129,4716.672,5378.019783333333,4716.672,4955.118757047243
1978,4,10,4625.691,5201.322248896088,5141.269942649997,5369.495456142854,5102.181640625,4970.85595703125,4848.400086292963,5747.548962328096,4716.672,5378.019783333333,4716.672,4968.560180302192
1978,5,10,4964.608,5222.814200644816,5152.839575666665,5373.978657971227,5101.7490234375,4969.8046875,4905.412447376387,5750.250241480895,4716.672,5378.019783333333,4716.672,4971.905657943306
1979,3,10,4625.691,5255.1290612902985,5161.999715242757,5361.309985446427,5109.08984375,4919.77294921875,4857.679220593649,5831.534280977028,4716.672,5345.90725,4727.744000000001,4972.044643220577
1979,4,10,4964.608,5235.042911440106,5180.1621079743045,5396.788519615079,5108.6572265625,4918.7216796875,4866.6024012183525,5855.146790539494,4716.672,5345.90725,4727.744000000001,4985.784634516643
1979,5,10,5152.136,5267.796818107444,5190.041113378471,5417.5323734335325,5108.22509765625,4917.6708984375,4935.23964469967,5862.813039780799,4716.672,5345.90725,4727.744000000001,4995.644455915185
1980,3,10,4964.608,5177.7280709825645,5166.917764058877,5340.571600857144,5020.60546875,4735.1240234375,4695.189437910321,5689.916185593195,4716.672,5307.322050000001,4627.404,4902.136675958583
1980,4,10,5152.136,5147.424968542739,5177.222966280405,5375.324060928571,5020.17333984375,4734.07275390625,4696.485003164397,5713.380497963718,4716.672,5307.322050000001,4627.404,4915.381092223578
1980,5,10,5378.4005,5184.464678964382,5185.6393681429045,5396.509709698414,5019.7412109375,4733.021484375,4730.759237646114,5728.766844616501,4716.672,5307.322050000001,4627.404,4924.419304612831
1981,3,10,5152.136,5194.965264473375,5093.551270835267,5319.535664080854,4967.421875,4767.794921875,4703.538150609992,5576.490732566351,4623.402,5278.67745,4623.402,4890.263898773258
1981,4,10,5378.4005,5193.69049639752,5119.938807760961,5361.451518652279,4966.9892578125,4766.744140625,4750.319281515671,5648.568582260956,4623.402,5278.67745,4623.402,4907.540434644729
1982,3,10,5378.4005,5512.247064177886,5118.28444830491,5337.725623186508,4976.3759765625,4759.8740234375,4803.641551082225,5703.219657289055,4625.691,5257.124150000001,4625.691,4901.412432391295
1984,5,10,5378.784,5888.274150625378,5855.2842333917215,5862.9864040371995,5198.5400390625,5209.9306640625,5441.082186693476,5772.853166027977,5152.136,5244.9515833333335,5152.136,5430.6035832876605
1985,4,10,5378.784,6156.493381380867,6045.048512973897,5994.320823149798,5293.34228515625,5272.47265625,5712.373329415665,5961.857028869114,5378.4005,5243.806183333333,5378.4005,5622.088016112462
1985,5,10,5430.009,6150.325821907265,6092.398400207528,6019.412785388392,5292.91015625,5271.421875,5690.215854249595,5945.1700629109855,5378.4005,5243.806183333333,5378.4005,5630.985770520115
1986,3,10,5378.784,6112.759202549507,6115.611414346421,6145.605668017855,5319.23876953125,5236.1220703125,5732.531256810328,6076.83277118297,5378.4005,5242.724133333333,5446.446000000001,5719.052118969052
1986,4,10,5430.009,6084.5882608507845,6145.780769759476,6194.63424395238,5318.806640625,5235.0712890625,5777.699148714784,6056.463810230863,5378.4005,5242.724133333333,5446.446000000001,5738.985275089615
1986,5,10,5343.597,6075.8031312985595,6189.958899026044,6211.502783988591,5318.3740234375,5234.02001953125,5742.358706575649,6059.545682590229,5378.4005,5242.724133333333,5446.446000000001,5744.378238651007
1987,3,10,5430.009,6237.36264717639,6089.543136723602,6175.663457171624,5294.04248046875,5140.296875,5693.2085067750295,6199.1751524721885,5378.4005,5234.6033,5435.222000000001,5722.927877147152
1987,4,10,5343.597,6217.798257921982,6124.618245959078,6220.629332829363,5293.6103515625,5139.24609375,5756.252985476154,6227.65309826251,5378.4005,5234.6033,5435.222000000001,5741.83183820436
1987,5,10,5601.7,6195.422594222584,6171.424381071843,6231.049215083829,5293.17822265625,5138.19482421875,5731.863713832275,6219.46538498688,5378.4005,5234.6033,5435.222000000001,5745.08944016205
1988,3,10,5343.597,5983.190439411596,6026.178728406641,6098.57626566369,5307.1962890625,5221.33056640625,5542.734692131274,6227.142227748483,5378.4005,5220.1077,5305.4445000000005,5615.1269472583945
1988,4,10,5601.7,5964.73825010695,6064.863372775548,6118.530581699401,5306.76416015625,5220.279296875,5549.34712441538,6234.031676950037,5378.4005,5220.1077,5305.4445000000005,5622.900671330362
1989,3,10,5601.7,6363.7868323390085,6192.294701456247,6149.808339715769,5388.08642578125,5202.3994140625,5687.661567027811,6158.563571046855,5378.784,5213.685200000001,5378.784,5680.693650490575
1990,5,10,5625.8985,6230.4677548330865,6122.636224637851,6268.528316471234,5448.1748046875,5390.552734375,5741.291364402978,6262.410386354841,5430.009,5203.413750000001,5430.009,5757.638271001534
1991,4,10,5625.8985,6281.908066438708,6114.725560856102,6232.788016359624,5445.0068359375,5372.775390625,5712.3025194482325,6455.644836017197,5343.597,5197.16115,5343.597,5692.1367683377
1991,5,10,5871.804,6258.4909074760435,6159.923871010368,6262.5975102599195,5444.57470703125,5371.72412109375,5692.781967114579,6415.0514539512815,5343.597,5197.16115,5343.597,5702.903276218718
1992,3,10,5625.8985,6643.380547705117,6279.2290553244,6231.915517514385,5487.0595703125,5368.876953125,5851.132072196606,6298.940479980911,5601.7,5196.214083333334,5601.7,5848.385765067153
1992,4,10,5871.804,6653.952326686497,6327.689724615629,6283.061475656254,5486.62744140625,5367.826171875,5927.398830114158,6346.9075353632825,5601.7,5196.214083333334,5601.7,5870.019110827772
1992,5,10,6401.152,6639.13496124871,6366.223733575449,6319.131878380461,5486.1953125,5366.77490234375,5902.245659492481,6335.700702373626,5601.7,5196.214083333334,5601.7,5883.002780660558
1993,3,10,5871.804,6769.258468804112,6325.471137826118,6230.585950905258,5535.1240234375,5291.87255859375,5933.270254662094,6067.273096115686,5601.7,5199.701316666667,5639.925,5872.092579427267
1993,4,10,6401.152,6785.92442545809,6378.124349382724,6281.896069462801,5534.69189453125,5290.8212890625,6022.668424340655,6211.911029092632,5601.7,5199.701316666667,5639.925,5894.166439555069
1993,5,10,6388.077,6797.52845888015,6408.4895827661585,6326.555945519847,5534.259765625,5289.7705078125,5973.919315772562,6221.828422371551,5601.7,5199.701316666667,5639.925,5909.7349386596925
1994,3,10,6401.152,6253.97237866828,6028.916887472613,6007.576442826881,5393.2734375,5100.98046875,5651.717673975558,5965.530802083588,5601.7,5195.027483333333,5350.805,5613.992149118363
1994,4,10,6388.077,6299.499120180458,6070.273321382393,6039.946401563985,5392.84130859375,5099.9296875,5669.370324646004,6060.018230060684,5601.7,5195.027483333333,5350.805,5626.8021476478225
1995,3,10,6388.077,6607.187460296281,6316.366392144134,6205.36021805506,5510.85302734375,5410.755859375,5880.649627598925,6042.188380945354,5625.8985,5201.708433333333,5625.8985,5853.449271393948
1997,5,10,6131.818,6952.782315020518,6806.505044423313,6686.210961178565,5985.97509765625,5815.990234375,6542.914110501059,6626.330661641754,6401.152,5236.233766666667,6401.152,6513.566176904158
1998,4,10,6131.818,6572.387143611043,6573.375719074543,6647.098613611603,5984.3388671875,5662.3193359375,6366.60018544769,6572.646221471424,6388.077,5268.696066666666,6388.077,6485.895529703072
1998,5,10,6188.148,6561.9825392519015,6574.673047752622,6659.117208881943,5983.90673828125,5661.2685546875,6479.2008122877905,6485.667391716537,6388.077,5268.696066666666,6388.077,6493.705413188277
1999,3,10,6131.818,6602.693371450694,6362.196763851188,6488.794471744046,6037.0869140625,5902.630859375,6169.796751030868,6485.796805161034,6388.077,5295.2732166666665,6184.084500000001,6303.478957605028
1999,4,10,6188.148,6579.699066184514,6368.015221602923,6512.635493604164,6036.65478515625,5901.57958984375,6156.94281247423,6511.094654093743,6388.077,5295.2732166666665,6184.084500000001,6312.1692139951765
1999,5,10,6495.2805,6629.145991869245,6360.5591826257405,6519.005297532736,6036.22265625,5900.5283203125,6175.815218098681,6411.664242634539,6388.077,5295.2732166666665,6184.084500000001,6315.133398462211
2000,3,10,6188.148,6417.1053517358305,6384.754279759919,6452.6178189831335,5998.97900390625,5839.123046875,6124.941880973146,6606.653833902245,6388.077,5327.557266666667,6173.0205000000005,6282.115533126368
2000,4,10,6495.2805,6398.758352558375,6392.977596838043,6481.953020555554,5998.546875,5838.072265625,6113.181128214355,6664.585535401832,6388.077,5327.557266666667,6173.0205000000005,6292.9252425534
2000,5,10,6730.8255,6445.94043370592,6380.39917324975,6498.008020049601,5998.11474609375,5837.02099609375,6129.783995658448,6577.640211311834,6388.077,5327.557266666667,6173.0205000000005,6299.504775848027
2001,3,10,6495.2805,6407.468111624321,6308.017815149305,6425.608656195433,5936.509765625,5766.97265625,6113.523416315445,6562.18554900727,6388.077,5362.08235,6132.913500000001,6248.599839466661
2001,4,10,6730.8255,6392.001524925616,6296.661093093002,6457.994377090768,5936.07763671875,5765.92138671875,6080.073599031803,6625.1840989499005,6388.077,5362.08235,6132.913500000001,6259.944298111051
2001,5,10,6931.3055,6439.183606073161,6284.969284048854,6471.718941354164,5935.6455078125,5764.8701171875,6106.495892192156,6545.064660410468,6388.077,5362.08235,6132.913500000001,6265.920944228252
2002,3,10,6730.8255,6477.861874965686,6337.026714194446,6405.930949428568,6009.68603515625,5941.6142578125,6101.851727871858,6738.902207735294,6131.818,5399.010416666667,6131.818,6235.1272877989795
2002,4,10,6931.3055,6479.223952338895,6333.181296875743,6430.12163817361,6009.25390625,5940.56298828125,6128.078645023489,6749.035501967335,6131.818,5399.010416666667,6131.818,6245.075789029164
2003,3,10,6931.3055,6576.97720868028,6333.869852958334,6382.609043488586,5959.3642578125,5700.7578125,6169.017929085455,6669.851935569659,6188.148,5435.469583333334,6188.148,6261.498906735115
2004,5,10,6764.0195,6666.216935226857,6455.420148960316,6577.855323297616,6257.14404296875,5910.20751953125,6535.3289792183705,6292.495514190291,6495.2805,5482.514933333334,6495.2805,6527.814947164642
2005,4,10,6764.0195,6716.061276026642,6653.115045849849,6564.864953032742,6462.46337890625,6335.77734375,6771.94538677887,7017.345978945327,6730.8255,5535.696866666667,6730.8255,6668.938956947709
2005,5,10,7109.177,6735.021578834812,6647.019224158379,6560.636845717264,6462.03125,6334.72607421875,6744.903198146344,6969.936216798072,6730.8255,5535.696866666667,6730.8255,6666.553435177978
2006,3,10,6764.0195,7738.190661985605,7121.643457515873,6848.292833650799,6648.5283203125,6642.46044921875,6938.065237190573,7628.541424913886,6931.3055,5599.207183333333,6931.3055,6899.952531842943
2006,4,10,7109.177,7693.599344928276,7096.792573141869,6821.642559634926,6648.09619140625,6641.40966796875,6923.421873277688,7573.595234811818,6931.3055,5599.207183333333,6931.3055,6889.4028612963875
2006,5,10,7570.3875,7680.608669065828,7106.409808379964,6819.929135458337,6647.6640625,6640.3583984375,6969.22561999456,7544.22633354331,6931.3055,5599.207183333333,6931.3055,6890.0706519746955
2007,3,10,7109.177,7287.212149152498,7091.02510743145,6912.438570356482,6775.013671875,6827.43212890625,6815.014317242031,7784.741273498449,6931.3055,5661.144150000001,6832.007,6864.0343209298735
2007,4,10,7570.3875,7284.356608106557,7071.046294130855,6887.533788062833,6774.58154296875,6826.380859375,6832.293906394543,7811.615589637524,6931.3055,5661.144150000001,6832.007,6855.067239210338
2007,5,10,7557.332,7294.668181513551,7082.796034826291,6886.784168514222,6774.14892578125,6825.32958984375,6835.333845731256,7770.13046575442,6931.3055,5661.144150000001,6832.007,6854.869895545855
2008,3,10,7570.3875,7232.800354120458,7172.169169665114,6874.861703688824,6749.37353515625,6881.69091796875,6751.701178837976,7778.531136729307,6931.3055,5730.799683333334,6806.338,6833.260001935567
2008,4,10,7557.332,7198.533466220977,7151.7773359369385,6860.628755781088,6748.94140625,6880.6396484375,6729.4651591421225,7845.131213759396,6931.3055,5730.799683333334,6806.338,6827.210699416693
2008,5,10,7785.4,7189.401156462273,7164.735013804004,6865.250975954699,6748.50927734375,6879.58837890625,6768.174845447649,7853.906128908143,6931.3055,5730.799683333334,6806.338,6830.08197086128
2009,3,10,7557.332,7033.684697632724,6799.9312291195065,6790.975583693456,6664.52392578125,6787.36767578125,6741.616819571995,7331.642262752903,6764.0195,5798.675533333333,6764.0195,6773.618622723808
2009,4,10,7785.4,7033.584234343299,6782.97597743022,6804.362862151791,6664.091796875,6786.31640625,6738.977982017592,7404.65928461574,6764.0195,5798.675533333333,6764.0195,6778.630253970254
2010,3,10,7785.4,7542.672583661558,7616.587352754963,7131.102416639881,6798.08837890625,6914.3837890625,7044.917346232505,7902.451384659649,7109.177,5881.4012999999995,7109.177,7115.658999404534
2011,5,10,7405.491,7300.363664551916,7895.373204264187,7507.738997101186,7317.068359375,6774.1640625,7054.825482375339,7392.886340713115,7570.3875,5979.63415,7570.3875,7531.7329950549365
2012,4,10,7405.491,7192.272029345123,7319.566587452873,7376.461559631945,7405.2099609375,7017.2138671875,6914.611893122833,6715.402638117139,7557.332,6077.3555166666665,7557.332,7470.087559515741
2012,5,10,7385.248,7226.346972430282,7309.695203504462,7345.237579423611,7404.77783203125,7016.1630859375,6815.692315898614,6671.406461665212,7557.332,6077.3555166666665,7557.332,7455.372935593475
2013,3,10,7405.491,7126.337965635628,7450.858778239152,7699.059784752971,7390.46337890625,6968.4990234375,7164.886876450621,6949.786467938975,7785.4,6171.381916666666,7785.4,7734.719705600432
2013,4,10,7385.248,7242.9005544200845,7417.360511140939,7696.860620097215,7390.03125,6967.44775390625,7189.755754576842,6833.137439212316,7785.4,6171.381916666666,7785.4,7734.600064813274
2014,3,10,7385.248,7302.647824237662,7445.697934159201,7622.671605743055,7483.619140625,7308.8984375,7522.72533412387,7133.346053810299,7785.4,6259.334449999999,7790.712,7719.029801413915
2014,5,10,7257.7975,7211.424802920892,7390.26688443698,7617.6620730912655,7482.7548828125,7306.7958984375,7485.412406315052,6961.488357299857,7785.4,6259.334449999999,7790.712,7716.051558738172
2015,4,10,7257.7975,7369.051088571472,7458.304339629042,7619.566014982138,7346.5517578125,7123.099609375,7142.015111875158,6976.934462736728,7785.4,6335.8051000000005,7672.520000000001,7639.336070022219
2015,5,10,7370.258,7322.338986086621,7408.929132859197,7628.969357625988,7346.11962890625,7122.04833984375,7140.820012004526,6944.640197113926,7785.4,6335.8051000000005,7672.520000000001,7642.875244387853
2016,3,10,7257.7975,7351.14751870048,7398.545481403318,7531.380142733463,7334.46044921875,7028.435546875,6966.705761825825,7100.558102580208,7405.491,6401.1066,7405.491,7440.698012825966
2016,4,10,7370.258,7373.876702220259,7405.388620633478,7532.78961006878,7334.0283203125,7027.38427734375,6897.878576826106,7168.652261168161,7405.491,6401.1066,7405.491,7439.251732836337
2017,3,10,7370.258,7441.603216018401,7443.186810365916,7426.467249820436,7380.3818359375,7190.94873046875,7107.049934017372,7154.246319515536,7385.248,6466.107466666667,7385.248,7392.901807315733
2018,5,10,7318.512,7296.685156287261,7496.751540239286,7492.383503881937,7291.642578125,7058.6435546875,7356.348533319157,7026.6214160410045,7385.248,6530.754783333334,7244.863999999999,7344.896766454689
2019,4,10,7318.512,7344.073617313619,7378.294685218156,7376.836134959327,7283.150390625,7276.14306640625,7309.9321810856245,7348.74555509725,7257.7975,6593.3885666666665,7257.7975,7304.537458544539
2019,5,10,7143.534,7308.069110080215,7378.952225363394,7355.558828715276,7282.71826171875,7275.091796875,7322.082156142158,7387.049341554403,7257.7975,6593.3885666666665,7257.7975,7296.801229647744
2020,3,10,7318.512,7187.690488709578,7404.874948209225,7505.266366830354,7408.51806640625,7440.1005859375,7498.972192762366,7332.18495615101,7370.258,6658.063533333333,7370.258,7425.272155190456
2020,4,10,7143.534,7250.390595850941,7404.855880549503,7510.568792822421,7408.0859375,7439.04931640625,7495.642840897879,7373.579597247561,7370.258,6658.063533333333,7370.258,7427.191385376268
2020,5,10,7139.946,7273.203835773527,7407.133799465572,7502.753547488092,7407.65380859375,7437.998046875,7505.229224900256,7425.4457843605405,7370.258,6658.063533333333,7370.258,7424.497374359108
2021,3,10,7143.534,7160.645470474912,7382.37430876994,7529.977306624999,7418.58447265625,7474.7626953125,7639.2944580438925,7298.172862761477,7370.258,6731.694433333334,7552.524,7542.874957346013
2021,4,10,7139.946,7225.1279047798025,7391.573349626089,7517.649937795638,7418.15234375,7473.7119140625,7678.361076781614,7416.884175279939,7370.258,6731.694433333334,7552.524,7539.3150901205
2021,5,10,7148.05,7218.679203126778,7399.710242278271,7507.3620757698445,7417.72021484375,7472.66064453125,7659.789700715457,7482.989458529377,7370.258,6731.694433333334,7552.524,7534.870579480791
2022,3,10,7139.946,7216.236000984203,7392.618047813095,7684.555430178571,7436.2529296875,7560.916015625,7757.3826840620095,7203.502669506385,7370.258,6798.4327,7603.847999999999,7634.353688055308
2022,4,10,7148.05,7264.216076148452,7396.703338052179,7702.005454776787,7435.82080078125,7559.86474609375,7784.449323938919,7342.851131641902,7370.258,6798.4327,7603.847999999999,7641.764689432528
2022,5,10,7276.069,7298.965084264426,7401.950903186505,7709.404806302578,7435.38818359375,7558.8134765625,7761.023887352491,7407.625802054385,7370.258,6798.4327,7603.847999999999,7643.902141888825
2023,3,10,7148.05,7196.290099720661,7321.712026498016,7548.004030723217,7484.66015625,7612.98291015625,7449.4561060131355,7408.797305282086,7318.512,6854.3856,7318.512,7409.497353225277
2023,4,10,7276.069,7219.990189315916,7297.873975092262,7559.082839870044,7484.2275390625,7611.931640625,7472.486955857321,7514.437479788517,7318.512,6854.3856,7318.512,7414.370864063693
2024,3,10,7276.069,7194.098062162681,7322.521751518847,7488.387948317459,7440.41162109375,7450.3583984375,7259.7525277569375,7516.6382705125925,7143.534,6914.143233333334,7143.534,7277.936748613268
2025,5,10,7658.895,7115.377412679339,7471.657295446427,7270.941566567457,7375.01220703125,7127.57275390625,7346.458361358493,7540.427214111181,7139.946,6964.611483333333,7139.946,7195.675406189675
2026,4,10,7658.895,7917.345232181007,7595.8592227681,7531.082208633926,7311.39599609375,7152.328125,7376.51481482135,8047.654863049608,7148.05,7007.153016666666,7148.05,7300.193985657085
2026,5,10,7534.69,7895.2552086527785,7605.519317534369,7473.2777477351165,7310.9638671875,7151.27685546875,7410.648134699217,8039.834516080966,7148.05,7007.153016666666,7148.05,7279.209228481724
2027,3,10,7658.895,7908.492669106935,7731.186951597917,7477.137729658728,7278.23974609375,7348.19384765625,7589.399858217644,8125.200298792983,7276.069,7036.316916666667,7276.069,7361.504487573739
2027,4,10,7534.69,7903.03744054625,7735.062759793751,7458.030095383927,7277.8076171875,7347.142578125,7600.176671723889,8258.782356891563,7276.069,7036.316916666667,7276.069,7354.553266255077
2028,3,10,7534.69,7954.508319612929,7963.257425829136,7776.830145369376,7346.6630859375,7680.54736328125,7505.644860807362,8237.715976989175,7276.069,7066.6355,7297.634499999999,7485.311361549101
2028,5,10,7810.015,7932.34803804606,8020.987063061578,7742.8881107046955,7345.798828125,7678.4453125,7556.182772928503,8400.79273827618,7276.069,7066.6355,7297.634499999999,7473.867514281494
2029,4,10,7810.015,7848.046734147015,7996.400261414752,7861.500699345568,7352.94970703125,7986.484375,7630.442463322852,8373.622546333803,7276.069,7110.179916666667,7490.4169999999995,7631.264333473705
2029,5,10,7992.306,7842.425219570349,8024.931943045109,7816.36158647057,7352.517578125,7985.43310546875,7641.185961777233,8553.098767728305,7276.069,7110.179916666667,7490.4169999999995,7614.4193109967955
2030,3,10,7810.015,8266.211907378665,8130.178069332939,7939.625544939813,7275.29296875,7767.3818359375,7791.365653989053,8075.766468249149,7658.895,7159.709066666666,7658.895,7769.396678658669
2030,4,10,7992.306,8244.78827757239,8185.980502519051,7951.954343663029,7274.86083984375,7766.33056640625,7775.920708378395,8119.623340014007,7658.895,7159.709066666666,7658.895,7773.637291304851
2031,3,10,7992.306,8507.575194306219,8181.641953758039,7889.310494229497,7436.85986328125,7870.248046875,7782.8290502392265,8187.350905540876,7534.69,7206.43495,7534.69,7676.603106642725
2032,5,10,8402.004,8664.049650947087,8409.246674820337,7982.224542260254,7608.7578125,7889.49072265625,7665.451005346985,7924.912222948577,7534.69,7250.978099999999,7468.1125,7670.482330313851
2033,4,10,8402.004,7992.797312113125,8154.419398438788,8047.9060774315485,7663.1669921875,8201.0458984375,7955.098789723902,7726.117843135668,7810.015,7305.040333333333,7810.015,7904.599436624415
2033,5,10,8515.452,7933.4387391501095,8149.422415642562,8073.733540614089,7662.73486328125,8199.9951171875,7909.119259698379,7832.995440659525,7810.015,7305.040333333333,7810.015,7913.090734113606
2034,3,10,8402.004,8202.544071708455,8204.005396183831,8178.477210591268,7888.9384765625,8742.28515625,8022.177497357556,7846.468495150822,7992.306,7354.941183333332,7992.306,8063.91752322138
2034,4,10,8515.452,8225.861242312187,8185.4465472931515,8203.484267500993,7888.50634765625,8741.234375,8017.381726456698,7884.378067797379,7992.306,7354.941183333332,7992.306,8073.2829527203185
2034,5,10,8503.09,8234.895390872047,8184.665175104069,8215.136588223213,7888.07421875,8740.1826171875,8022.63333980043,8070.836798233222,7992.306,7354.941183333332,7992.306,8077.862452235459
2035,3,10,8515.452,8147.046000635959,8156.376507973698,8240.840149261909,7879.30810546875,8793.30078125,8168.372921185102,7953.313747471792,7992.306,7401.157533333333,8117.316,8163.274753911537
2035,4,10,8503.09,8143.244367179073,8141.455151479844,8242.868542128976,7878.8759765625,8792.25,8193.037658341764,8009.526439780116,7992.306,7401.157533333333,8117.316,8164.755849513287
2035,5,10,8398.073,8079.896125382352,8129.817238705113,8235.502527811512,7878.44384765625,8791.19921875,8170.019132299682,8121.577498093833,7992.306,7401.157533333333,8117.316,8161.293681088496
2036,3,10,8503.09,8011.1664631724325,8114.2456193713615,8211.919249914681,7820.908203125,8575.94921875,8358.756358039387,7814.207679535415,7992.306,7447.682516666667,8327.055,8277.638930873818
2036,4,10,8398.073,7974.265284133796,8079.853144829098,8203.434790995041,7820.4755859375,8574.8984375,8289.856239571769,7923.342411779411,7992.306,7447.682516666667,8327.055,8272.430524287398
2036,5,10,8209.136,7892.346058313071,8084.148106690609,8228.130466340279,7820.04345703125,8573.8466796875,8310.740601467187,7973.862699752388,7992.306,7447.682516666667,8327.055,8282.417095013438
2037,3,10,8398.073,7887.113426409835,8161.632237729765,8175.623035990411,7674.92138671875,8223.41796875,8706.29851952641,7704.374866187971,8402.004,7500.01575,8402.004,8324.733947122118
2037,4,10,8209.136,7812.518306066212,8126.581724468253,8111.670671440807,7674.4892578125,8222.3662109375,8721.675896192863,7663.949359027997,8402.004,7500.01575,8402.004,8300.872688700081
2038,3,10,8209.136,8453.181520435463,8165.28314573631,8252.041903217925,7846.712890625,8204.4775390625,8679.834808587595,8203.098642915593,8515.452,7556.986216666667,8515.452,8420.08077284648
2039,5,10,7441.091,8048.044857071608,8085.215308104568,8168.53205905258,7938.01904296875,8094.60791015625,8577.74847776881,8098.230939906384,8503.09,7614.955233333333,8503.09,8378.09651436876
2040,4,10,7441.091,8133.175340736362,8039.83073512368,8126.958140311506,8025.52978515625,8091.798828125,8390.628937025895,8439.359170859163,8398.073,7657.918433333334,8398.073,8294.825831812876
2040,5,10,7123.419,7976.21953013937,8047.988883333008,8072.959550131943,8025.09765625,8090.74755859375,8399.959373394275,8283.052532285112,8398.073,7657.918433333334,8398.073,8274.573218400947
2041,3,10,7441.091,8033.495889622435,8048.366036564781,8062.580131529763,8016.46630859375,7806.26416015625,8199.584154721522,8184.174000721733,8209.136,7679.21005,8209.136,8153.164764019571
2041,4,10,7123.419,7955.243079853605,8028.240362034424,8066.026394029763,8016.0341796875,7805.212890625,8199.151521821914,8221.618121374,8209.136,7679.21005,8209.136,8154.462002309864
2041,5,10,7391.534,7865.762856920186,8033.282537630656,8037.697883464285,8015.60205078125,7804.16162109375,8201.757716886521,8127.215713165635,8209.136,7679.21005,8209.136,8143.771257830982
2042,3,10,7123.419,8028.3696476082405,8015.226129485085,8012.659206386905,8012.56201171875,7694.4970703125,8221.280548841882,7953.811484279494,8209.136,7702.4249500000005,8253.779,8160.332859872499
2042,4,10,7391.534,7945.962559877776,7997.007274145205,8010.857948518849,8012.1298828125,7693.44580078125,8220.971754954346,7966.407831311537,8209.136,7702.4249500000005,8253.779,8159.639429065122
2043,3,10,7391.534,7989.30791707844,8117.71336059173,8046.407661456348,7960.03857421875,7576.88330078125,8200.674056922984,7668.972409048442,8209.136,7719.698216666668,8303.598,8201.038266096157
2043,5,10,8137.3545,7830.286702273731,8107.605512886774,8011.603891613095,7959.173828125,7574.78125,8218.784522611111,7634.666409855007,8209.136,7719.698216666668,8303.598,8188.333160135527
2044,4,10,8137.3545,7910.574286027093,8176.828509301197,7900.542036834989,7588.3544921875,7084.173828125,7899.489096698101,7661.870811678121,7441.091,7708.044183333333,7441.091,7628.89780757669
2045,3,10,8137.3545,7917.882927568454,8246.0338613634,7890.621327770839,7506.72314453125,6980.3447265625,7953.016125017778,7729.369251979054,7123.419,7689.740816666666,7123.419,7438.870627698479
2046,5,10,7350.941,7836.713305582783,8291.498542591176,7851.03593250364,7556.75732421875,7143.69921875,8121.454464109,7595.895784286337,7391.534,7689.275583333334,7391.534,7587.178819387458
2047,4,10,7350.941,7930.425227873997,8157.7356967147525,7836.641366331018,7664.15771484375,7122.33837890625,8407.184509992467,7698.144544817594,7391.534,7710.45535,8020.641,7949.491948941709
2048,3,10,7350.941,7871.710009258554,8095.981071809486,7991.089491291663,7846.10498046875,7249.138671875,8055.584898516063,8249.113887232343,8137.3545,7740.205033333333,8137.3545,8079.414241553829
2048,5,10,7295.5215,7724.20006665827,8089.803195264645,7957.417429854167,7845.240234375,7247.0361328125,7901.766985190998,8205.082105145451,8137.3545,7740.205033333333,8137.3545,8062.188429388269
2049,4,10,7295.5215,7834.020915701466,8142.808047410877,7953.127280500002,7945.57470703125,7265.33740234375,8261.9218252688,8105.438202181283,8137.3545,7774.0006,8271.664499999999,8147.6916013192085
2049,5,10,7523.158,7854.120816981672,8140.73274707556,7899.210738868056,7945.142578125,7264.2861328125,8179.94197399139,8075.145085842769,8137.3545,7774.0006,8271.664499999999,8124.840827799036
2050,3,11,7295.5215,8129.548715499034,8000.512212035549,7716.335022506944,7789.17822265625,7598.89404296875,7726.973238545597,7741.893615743458,8137.3545,7790.229833333333,7857.135,8169.346239240688
2050,4,11,7523.158,8115.930648254478,8007.340714385252,7737.468079416667,7789.17822265625,7599.16455078125,7715.501170109702,7761.703163016431,8137.3545,7790.229833333333,7857.135,8176.812805701761
2050,5,11,7481.65,8117.545711211198,8013.630122642196,7720.4003490000005,7789.17822265625,7599.43505859375,7651.2934483557065,7759.903181126296,8137.3545,7790.229833333333,7857.135,8170.782568616794
2051,3,11,7523.158,7622.77782442009,7827.757887774007,7678.048897722222,7676.60107421875,7606.35498046875,7479.374459882921,7545.490610901687,7350.941,7783.5104,7350.941,7499.768800207336
2051,4,11,7481.65,7621.731039559701,7841.432714283433,7725.0445745277775,7676.60107421875,7606.62548828125,7492.863035804217,7529.3677684756485,7350.941,7783.5104,7350.941,7516.372945350691
2052,3,11,7481.65,7612.808499989405,7582.5567640027275,7577.753339607639,7491.20263671875,7413.89453125,7758.91043225046,7709.553835798605,7350.941,7766.729833333333,7100.431,7638.766667947562
2053,5,11,7095.8545,7555.288761682614,7535.298290824405,7581.853115045138,7424.9892578125,7375.525390625,7701.838372565695,7785.2268011636015,7295.5215,7765.963483333334,7295.5215,7409.907270076795
2054,4,11,7095.8545,7625.223660728777,7616.4605882946435,7531.852526215278,7540.771484375,7477.484375,7484.401000548098,7679.734088737111,7523.158,7778.617616666666,7523.158,7528.028581234016
2054,5,11,7383.735,7625.2754522672085,7602.962729935516,7507.818704638889,7540.771484375,7477.75537109375,7470.241894601554,7706.569268200612,7523.158,7778.617616666666,7523.158,7519.537139277451
2055,3,11,7095.8545,7645.050150738428,7479.540790154842,7404.969109623015,7548.84130859375,7297.5126953125,8272.706004156636,7717.030825167509,7481.65,7790.00775,7481.65,7461.419322512955
2055,4,11,7383.735,7599.675522992342,7493.603423755041,7391.293948526785,7548.84130859375,7297.783203125,8440.072358372347,7727.82107770108,7481.65,7790.00775,7481.65,7456.587721499099
2055,5,11,7196.8875,7599.727314530774,7452.973385233017,7363.647103402777,7548.84130859375,7298.0537109375,8201.546986294423,7690.309683181508,7481.65,7790.00775,7481.65,7446.81975430726
2056,3,11,7383.735,7277.949756027029,7325.749912485615,7318.2271472708335,7432.94189453125,7165.66357421875,8148.6662309885,7594.484013546325,7481.65,7791.144083333334,7182.14,7650.125798061819
2056,4,11,7196.8875,7277.949756027029,7343.151060304068,7333.839947243056,7432.94189453125,7165.93408203125,8139.597046265788,7617.810095864,7481.65,7791.144083333334,7182.14,7655.641990495978
2056,5,11,7439.352,7277.949756027029,7301.449692779266,7325.624977631945,7432.94189453125,7166.20458984375,8049.02307389918,7614.73465405691,7481.65,7791.144083333334,7182.14,7652.73954165296
2057,3,11,7196.8875,7436.978146185185,7341.199665799256,7278.315531982143,7421.349609375,7381.2548828125,8111.656679105252,7525.489670799263,7481.65,7783.295783333333,7040.62,7744.0787932627145
2057,4,11,7439.352,7449.502894685936,7366.1801641980655,7288.307330614087,7421.349609375,7381.525390625,8296.860304311842,7559.273026852552,7481.65,7783.295783333333,7040.62,7747.609017445131
2057,5,11,7449.4665,7449.502894685936,7353.284319095635,7275.102738218254,7421.349609375,7381.7958984375,8273.208291338316,7556.188320171466,7481.65,7783.295783333333,7040.62,7742.943674085859
2058,3,11,7439.352,7332.36217651983,7194.667380289683,7224.499164489088,7343.71240234375,7281.3095703125,8167.73207177555,7639.336422270579,7095.8545,7776.569783333334,7095.8545,7166.617619372699
2058,4,11,7449.4665,7266.859848250797,7195.767616202382,7246.825810979828,7343.71240234375,7281.58056640625,8238.821190915369,7676.230503405248,7095.8545,7776.569783333334,7095.8545,7174.50589557373
2059,3,11,7449.4665,7555.483339313854,7434.411793738789,7316.692439115079,7583.73583984375,7640.17236328125,8167.906574849735,7707.122670455475,7383.735,7773.013716666666,7383.735,7380.4722478036665
2061,5,11,6353.235,7294.459671486164,7417.588884091269,7316.848711625,7552.201171875,7601.83740234375,7484.312510451741,7584.688191484958,7439.352,7754.435533333333,7439.352,7407.5943184428315
2062,4,11,6353.235,7251.119838471407,7351.541907631399,7275.257698013889,7490.7646484375,7461.37353515625,7448.277673300177,7554.751211345045,7449.4665,7753.814,7449.4665,7392.133798726338
2062,5,11,6631.0695,7217.26958090087,7329.017372586012,7285.944326868056,7490.7646484375,7461.64404296875,7398.702036778434,7545.609049660061,7449.4665,7753.814,7449.4665,7395.90951489108
2063,3,11,6353.235,6996.5926998878995,6785.377867545552,6851.533219512897,7296.43701171875,7236.828125,6885.517728344166,7392.078058492946,7449.4665,7729.625166666667,7084.35,7504.412201432345
2063,4,11,6631.0695,6931.090371618866,6794.690491643106,6838.033575951389,7296.43701171875,7237.0986328125,6872.926805312302,7425.035444109871,7449.4665,7729.625166666667,7084.35,7499.642612901761
2063,5,11,6766.773,6897.240114048329,6772.742604402778,6813.044793188492,7296.43701171875,7237.369140625,6690.603433781951,7415.939670856875,7449.4665,7729.625166666667,7084.35,7490.813771524125
2064,3,11,6631.0695,6299.317598599828,6107.120245724123,6132.761997062499,7035.30615234375,7067.40625,6115.158907949986,6537.057419450356,7449.4665,7675.361983333334,6364.410499999999,7779.509821162432
2064,4,11,6766.773,6299.317598599828,6111.641298375908,6096.309685420634,7035.30615234375,7067.6767578125,6035.9163060248875,6563.611297351803,7449.4665,7675.361983333334,6364.410499999999,7766.630775376654
2064,5,11,6679.8585,6282.155806085621,6094.010969574073,6069.098026382935,7035.30615234375,7067.947265625,5944.42429268878,6557.571287421327,7449.4665,7675.361983333334,6364.410499999999,7757.016564730792
2065,3,11,6766.773,6029.511958776111,5878.684867186012,5776.077281631944,6944.20947265625,7215.3857421875,5609.632390679478,6309.060391791685,7449.4665,7604.700699999999,5997.4775,7927.418334515417
2065,4,11,6679.8585,6029.511958776111,5857.015470947421,5738.3288104831345,6944.20947265625,7215.65625,5584.961316994399,6335.335395345412,7449.4665,7604.700699999999,5997.4775,7914.081339785287
2066,3,11,6679.8585,6155.545511347424,6082.8207259895835,6201.656366112103,6720.9765625,6837.59716796875,5963.867023045306,6117.534902303937,6353.235,7538.9067000000005,6353.235,6337.234402854774
2067,5,11,5853.1125,6361.952327618825,6204.655415437004,6338.504962703372,6756.9560546875,6782.74853515625,6128.867265333602,6596.925567018671,6631.0695,7479.875549999999,6631.0695,6540.558492481489
2068,4,11,5853.1125,6340.472306574894,6353.107511875136,6475.724279667658,6852.17822265625,6907.32080078125,6350.267388829835,6666.556462846298,6766.773,7421.586249999999,6766.773,6672.663572066508
2068,5,11,6775.236,6355.694352645425,6321.22526791581,6406.779254030754,6852.17822265625,6907.591796875,6192.503925588221,6666.6546402078275,6766.773,7421.586249999999,6766.773,6648.304454581637
2069,3,11,5853.1125,6452.9260368999385,6259.8825336547625,6329.922614828373,6970.861328125,7008.9755859375,6087.160259630286,6464.538448759018,6679.8585,7360.811866666667,6679.8585,6585.939265585892
2069,4,11,6775.236,6452.9260368999385,6230.047838320437,6274.612135735119,6970.861328125,7009.24609375,6090.058315947586,6486.601040452202,6679.8585,7360.811866666667,6679.8585,6566.397399498662
2069,5,11,6409.584,6435.764244385733,6188.001143385913,6219.292049869048,6970.861328125,7009.5166015625,5905.530598416328,6486.601040452202,6679.8585,7360.811866666667,6679.8585,6546.852139221561
2070,3,11,6775.236,6383.9908815011195,6166.760084733136,6156.709073750001,6977.85009765625,7077.5908203125,5891.435785771888,6466.825289518257,6679.8585,7299.30865,6552.976500000001,6623.393628685626
2070,4,11,6409.584,6383.9908815011195,6159.658970462302,6086.762374218255,6977.85009765625,7077.861328125,5696.215346721735,6484.844213979966,6679.8585,7299.30865,6552.976500000001,6598.68060761075
2071,3,11,6409.584,5870.760982237861,5644.322004934325,5482.564387631945,6720.10791015625,6934.658203125,4983.935253777846,5662.556376145267,6679.8585,7220.3827833333335,5841.36,6908.179948666971
2071,5,11,6406.365,5854.0958565927995,5630.596414687004,5427.968747247024,6720.10791015625,6935.19921875,4851.940356547753,5668.658311256789,6679.8585,7220.3827833333335,5841.36,6888.890643803965
2072,4,11,6406.365,5678.349395134117,5649.673337086806,5580.56191574008,6495.36279296875,6662.74560546875,4790.434898321123,5460.071609161504,5853.1125,7140.360566666666,5853.1125,5822.404029191627
2073,3,11,6406.365,6625.532467948455,6563.391307319444,6416.502643517857,6914.59326171875,7298.943359375,5962.2489307604465,6570.003722358628,6775.236,7089.415166666667,6775.236,6662.722378941909
2075,5,11,5409.468,6192.358504883579,6130.915763985666,6104.758662194445,6789.556640625,6892.275390625,5601.618308952107,6791.252257248935,6409.584,7030.034100000001,6373.494000000001,6368.5460795476865
2076,4,11,5409.468,6067.719653417881,6082.747068471528,6189.607397520833,6795.755859375,6940.4873046875,5655.836888252348,6601.288714005362,6406.365,6997.195133333333,6406.365,6369.546717909061
2076,5,11,5606.01,6032.106115341856,6047.876706254464,6161.741076833333,6795.755859375,6940.7578125,5634.633825183264,6552.438422812433,6406.365,6997.195133333333,6406.365,6359.701207326866
2077,3,11,5409.468,6221.071419790555,6119.381618461607,6138.928779499999,6786.9072265625,6922.0078125,5796.531723715209,6588.100964213134,6406.365,6943.227266666667,6401.605,6354.411920168687
2077,4,11,5606.01,6221.071419790555,6118.358594286012,6146.113976118055,6786.9072265625,6922.2783203125,5629.759678664222,6586.92280108071,6406.365,6943.227266666667,6401.605,6356.950537667981
2077,5,11,5791.2975,6185.457881714531,6110.085401059027,6110.42641586111,6786.9072265625,6922.548828125,5566.953116294103,6606.825482822216,6406.365,6943.227266666667,6401.605,6344.341687863131
2078,3,11,5606.01,5766.830984678422,5606.658705891369,5753.110793160715,6652.548828125,6907.5263671875,5233.580170378095,6089.538192078451,6406.365,6869.700616666667,5931.555,6567.204504156717
2078,4,11,5791.2975,5766.830984678422,5603.559682384425,5760.966676707341,6652.548828125,6907.796875,5013.850346399473,6076.976180385004,6406.365,6869.700616666667,5931.555,6569.980083518563
2078,5,11,5748.897,5731.217446602397,5598.8609855411705,5741.060033503968,6652.548828125,6908.0673828125,5034.866883097166,6094.1828243429745,6406.365,6869.700616666667,5931.555,6562.946823960809
2079,3,11,5791.2975,5676.659211929027,5362.434506772817,5270.211718444444,6463.611328125,6778.57666015625,4652.754461092319,5638.853510606419,6406.365,6773.827133333333,5395.46,6791.1030727371235
2079,4,11,5748.897,5701.641428302344,5367.498128854167,5265.760420319444,6463.611328125,6778.84716796875,4450.874473189044,5626.299771641548,6406.365,6773.827133333333,5395.46,6789.530374881327
2080,3,11,5748.897,5509.786307287334,5479.527106973115,5276.933970222222,6297.06103515625,6460.0673828125,4631.453656921358,5659.079099353392,5409.468,6692.2382333333335,5409.468,5453.283626229394
