date,dig_pH,dig_온도,dig_TS,dig_VS,dig_VFA,dig_Alk,dig_CODcr,dig_NH3N,dig_CH4pct,biogas,feed,in_pH,in_TS,in_VS,in_CODcr,str_음폐수,str_가축분뇨,str_음식물,CH4pct,methane,VS_in,COD_in,OLR,S_fast,S_slow,L_fast,L_slow,VFA_ALK
2018-01-01,,37.95,,,,,,,,9373.0,135.0,,,,,183.62,,20.19,,,,,,135.0,135.0,,,
2018-01-02,7.82,37.95,2.8150000000000004,1.33,3399.5,16143.0,25698.0,2817.5,64.0,13277.0,187.0,4.09,7.3,6.54,91843.0,129.71,41.03,15.27,64.0,8497.28,12229.800000000001,17174.641,1.5287250000000001,167.870269059085,141.11016106560103,12229.800000000001,12229.800000000001,0.21058663197670818
2018-01-03,7.855,37.95,2.83,1.335,3338.0,15803.0,,,64.5,13457.0,199.0,4.2,7.91,6.69,,158.23,41.56,16.45,64.5,8679.765,13313.100000000002,,1.6641375000000003,187.54801197763882,147.9123964492718,12914.576201378979,12357.09110543011,0.21122571663608175
2018-01-04,7.82,37.55,2.94,1.3,3389.5,15893.0,,,65.5,12846.0,216.0,4.26,7.22,5.92,,125.76,79.04,17.06,65.5,8414.13,12787.2,,1.5984,205.53309854611717,155.91290076207446,12834.05908578184,12407.630232767988,0.2132699930787139
2018-01-05,,,,,,,,,,11314.0,204.0,,,,,157.38,39.15,18.86,,,,,,204.56399543640634,161.56328386825265,12804.43849429123,12452.230856102993,
2018-01-06,,,,,,,,,,8272.0,150.0,,,,,155.49,40.8,15.0,,,,,,170.0729721492263,160.2045621974394,12793.541687646495,12491.590768049477,
2018-01-07,,,,,,,,,,8490.0,138.0,,,,,,,,,,,,,149.7989870709646,157.59545736248725,12789.532976507477,12526.32576842825,
2018-01-08,7.890000000000001,38.05,2.73,1.08,3337.5,16308.0,23758.0,2790.0,64.3,6077.0,111.0,4.11,7.45,6.27,98722.0,132.54,86.65,23.6,64.3,3907.511,6959.699999999999,10958.142,0.8699624999999999,125.27334968168448,152.1203467969076,9104.375697520416,11872.229998485524,0.204654157468727
2018-01-09,7.885,38.1,2.665,1.16,3358.5,15968.0,,,63.75,10446.0,211.0,4.26,6.88,5.56,,157.48,41.02,15.37,63.75,6659.325,11731.599999999999,,1.4664499999999998,179.46292778739843,159.0388884230158,10765.098191771776,11855.705538073951,0.21032690380761523
2018-01-10,7.85,38.2,2.75,1.25,3287.5,15743.0,,,64.15,8153.0,151.0,4.18,6.73,5.62,,155.3,39.53,14.1,64.15,5230.1495,8486.2,,1.060775,161.47092596853125,158.09429413353462,9324.559793275612,11459.778200591903,0.20882296893857588
2018-01-11,7.84,38.05,2.83,1.365,3378.0,16368.0,,,64.19999999999999,10952.0,205.0,4.17,7.28,6.19,,157.94,,12.51,64.19999999999999,7031.183999999999,12689.5,,1.5861875,188.98654857059293,163.6058598593002,11451.607677174914,11604.2743209816,0.20637829912023462
2018-01-12,,,,,,,,,,11926.0,216.0,,,,,152.95,20.82,15.23,,,,,,206.0623065840378,169.76233361224922,12234.104864048688,11731.791699660998,
2018-01-13,,,,,,,,,,10841.0,167.0,,,,,129.92,42.09,13.92,,,,,,181.37021951700336,169.43775085671524,12521.969491874039,11844.325391371274,
2018-01-14,,,,,,,,,,7403.0,97.0,,,,,,,,,,,,,128.0380692074271,160.9260907612458,12627.868970291453,11943.636025742002,
2018-01-15,7.984999999999999,38.150000000000006,2.72,1.38,3327.0,15923.0,22147.5,2481.5,63.45,6836.0,114.0,3.92,7.71,6.45,111529.0,132.97,61.44,23.55,63.45,4337.442,7353.000000000001,12714.306,0.9191250000000001,119.16431705515431,155.412129747203,9293.515849043402,11404.222073610572,0.20894303837216605
2018-01-16,7.95,38.05,2.605,1.16,3368.0,16068.0,,,63.25,11321.0,203.0,4.0,7.62,6.41,,105.36,40.94,17.42,63.25,7160.5325,13012.3,,1.6265375,172.15857580802395,161.00385190130905,11644.23576470887,11593.17621084667,0.20960916106547176
2018-01-17,7.965,37.95,2.665,1.3250000000000002,3368.5,15828.0,,,63.2,9969.0,172.0,4.09,7.14,5.92,,156.84,22.23,17.19,63.2,6300.408,10182.4,,1.2728,172.05833677963915,162.29593336254376,10720.179324205528,11427.405636312218,0.2128190548395249
2018-01-18,7.845,38.0,2.62,1.185,3337.5,15838.0,,,63.75,5591.0,88.0,4.12,7.16,5.95,,105.0,39.35,15.71,63.75,3564.2625,5236.000000000001,,0.6545000000000001,118.92333396029454,153.56593106707638,7253.516825072708,10699.896296690338,0.21072736456623312
2018-01-19,,,,,,,,,,9213.0,189.0,,,,,133.18,,17.96,,,,,,163.22023525815536,157.72954392072586,5978.202962161731,10057.871557872664,
2018-01-20,,,,,,,,,,9247.0,169.0,,,,,26.5,,15.57,,,,,,166.8737433766678,159.05385741932486,5509.041210955847,9491.286714483384,
2018-01-21,,,,,,,,,,7409.0,120.0,,,,,,,,,,,,,137.24388651902214,154.46490820653463,5336.4462481032115,8991.277345140965,
2018-01-22,7.895,38.25,2.545,1.24,3287.0,15853.0,19190.5,2833.0,63.45,4115.0,75.0,4.15,7.11,5.99,96621.0,104.25,86.44,23.73,63.45,2610.9675,4492.5,7246.575,0.5615625,97.89824618895653,145.127535356436,4802.970474130945,8462.657072504651,0.207342458840598
2018-01-23,7.96,37.95,2.625,1.2349999999999999,3240.5,15658.0,,,63.3,8990.0,186.0,4.17,6.99,5.89,,183.83,58.82,15.85,63.3,5690.67,10955.4,,1.369425,153.58917604176935,149.93017655105638,8692.04766417661,8755.562087545699,0.20695491122748755
2018-01-24,7.86,38.25,2.7,1.245,3257.0,15988.0,,,62.75,8248.0,152.0,4.11,7.52,6.26,,72.3,,13.66,62.75,5175.62,9515.2,,1.1894,152.58462519416915,150.17338721741027,9212.379178698324,8844.82189517325,0.20371528646484863
2018-01-25,8.004999999999999,38.05,2.7199999999999998,1.185,3246.5,15953.0,,,63.650000000000006,5121.0,70.0,4.2,7.46,6.17,,26.3,,10.59,63.650000000000006,3259.5165,4319.0,,0.539875,100.38118576578395,140.75276588907994,6119.173597699511,8313.023804139937,0.20350404312668463
2018-01-26,,,,,,,,,,5005.0,100.0,,,,,26.53,,,,,,,,100.14023040649911,135.96418966886822,4981.246857133281,7843.713636002637,
2018-01-27,,,,,,,,,,9391.0,192.0,,,,,25.16,,,,,,,,158.20667929580543,142.54857094895834,4562.6270037197355,7429.5488662700145,
2018-01-28,,,,,,,,,,8978.0,170.0,,,,,,,,,,,,,165.6614797697853,145.77419889093494,4408.625365982689,7064.049739821313,
2018-01-29,7.885,38.0,2.53,1.28,3185.0,16368.0,21116.5,2702.5,63.95,9498.0,208.0,4.47,6.66,5.57,95718.0,105.31,41.71,22.02,63.95,6073.971,11585.599999999999,19909.344,1.4481999999999997,192.4245288376828,153.085923260405,8945.338582336095,7595.345900511737,0.1945869990224829
2018-01-30,7.93,38.1,2.62,1.2,3175.0,15923.0,,,64.4,9807.0,231.0,4.54,6.2,4.99,,133.62,64.18,13.13,64.4,6315.7080000000005,11526.900000000001,,1.4408625000000002,216.80887722588164,162.24106860956894,10577.196628320047,8057.31568485784,0.1993970985367079
2018-01-31,7.84,37.849999999999994,2.6100000000000003,1.18,3022.5,15603.0,,,64.4,9763.0,240.0,4.56,6.13,5.01,,79.2,41.29,12.97,64.4,6287.372,12024.0,,1.503,231.46846271371902,171.37798389965653,11491.75078414142,8523.413378356148,0.19371274754854836
2018-02-01,7.845,38.0,2.55,1.0950000000000002,3044.5,15268.0,,,64.4,9758.0,244.0,4.54,6.09,4.85,,130.26,110.05,19.17,64.4,6284.152000000001,11833.999999999998,,1.4792499999999997,239.38990506610384,179.91129573199825,11708.093549728581,8912.4175606613,0.19940398218496203
2018-02-02,,,,,,,,,,10008.0,119.0,,,,,105.69,14.04,16.94,,,,,,163.28897099840128,172.75402981590275,11787.68160543427,9255.712546638051,
2018-02-03,,,,,,,,,,7901.0,78.0,,,,,154.26,41.55,14.31,,,,,,109.37605898897922,161.62013781994258,11816.9604148912,9558.669308435356,
2018-02-04,,,,,,,,,,7161.0,66.0,,,,,,,,,,,,,81.9571603410852,150.38447545081144,11827.73148695238,9826.027712338535,
2018-02-05,7.96,38.25,2.51,1.08,3094.0,15423.0,19134.0,2735.0,63.95,6358.0,134.0,4.28,7.07,5.87,98484.0,107.27,41.54,19.39,63.95,4065.9410000000003,7865.8,13196.856,0.983225,114.85450922930345,148.45924883581444,9323.313141379584,9595.694884499244,0.20060947934902418
2018-02-06,7.84,37.95,2.4850000000000003,1.135,3023.5,15298.0,,,64.4,7064.0,135.0,4.36,6.84,5.72,,129.16,98.92,10.68,64.4,4549.216,7721.999999999999,,0.9652499999999999,127.5888881131517,146.87774540872158,8311.090183591208,9375.529931959183,0.19764021440711205
2018-02-07,7.975,37.95,2.5250000000000004,1.185,3165.5,15518.0,,,64.1,8301.0,160.0,4.24,7.0,5.79,,132.74,41.88,9.15,64.1,5320.941,9264.0,,1.158,148.07661827132114,148.4196509682703,8913.444069252751,9362.42481949945,0.20398891609743525
2018-02-08,7.83,37.650000000000006,2.625,1.185,3103.5,15518.0,,,64.35,8956.0,161.0,4.2,7.36,6.22,,105.8,20.42,14.61,64.35,5763.186,10014.199999999999,,1.2517749999999999,156.2457535516084,149.8978809460654,9609.25452333055,9439.01042202675,0.19999355587060189
2018-02-09,,,,,,,,,,7688.0,127.0,,,,,53.54,40.95,18.22,,,,,,137.75891147320343,147.20730901065357,9865.22888433794,9506.596979039667,
2018-02-10,,,,,,,,,,6589.0,117.0,,,,,106.71,41.91,19.85,,,,,,124.6367767520895,143.6578566373175,9959.396589219554,9566.241906259922,
2018-02-11,,,,,,,,,,2284.0,8.0,,,,,,,,,,,,,50.90827225159697,127.71763829369779,9994.0389518678,9618.878369786682,
2018-02-12,7.83,38.150000000000006,2.5549999999999997,1.145,3267.0,15468.0,18299.5,2524.5,64.2,4899.0,109.0,4.25,7.14,5.93,100803.0,,,,64.2,3145.158,6463.7,10987.527,0.8079625,87.62924765923393,125.5182578178871,7762.4391207589015,9248.13513843866,0.2112102404965089
2018-02-13,7.88,37.95,2.585,1.15,3083.5,15683.0,,,63.85,8924.0,190.0,4.22,6.92,5.82,,78.98,,16.94,63.85,5697.974,11058.0,,1.38225,152.33990483657885,133.09506225102692,9845.630905398317,9460.79986557542,0.19661416820761335
2018-02-14,7.995,38.1,2.6,1.26,3104.0,15608.0,,,63.7,6258.0,130.0,4.34,7.17,6.08,,79.67,,22.0,63.7,3986.3460000000005,7904.0,,0.988,138.21839170710382,132.73138284983776,8618.286092439133,9277.871059314422,0.19887237314197848
2018-02-15,,,,,,,,,,6275.0,125.0,,,,,,41.79,41.09,,,,,,129.86277455439458,131.8229214176775,8166.771168523041,9116.436954395595,
2018-02-16,,,,,,,,,,2467.0,26.0,,,,,27.65,,,,,,,,64.20897946158618,119.38840037355342,8000.668110632223,8973.971856833212,
2018-02-17,,,,,,,,,,4605.0,124.0,,,,,26.97,,,,,,,,102.00411277725809,119.93027761370062,7939.562210518481,8848.246849507997,
2018-02-18,,,,,,,,,,8062.0,219.0,,,,,,,3.99,,,,,,175.95961838914064,131.57127685417507,7917.08260613236,8737.294919966069,
2018-02-19,7.875,38.0,2.51,1.125,3154.5,15563.0,20461.0,2739.0,63.5,6825.0,190.0,4.58,6.82,5.9,69555.0,104.08,41.23,30.44,63.5,4333.875,11210.0,13215.45,1.40125,184.83483225916325,138.43683280183663,9998.60338932025,9027.845425864862,0.2026922829788601
2018-02-20,7.835,37.95,2.77,1.21,3115.5,15398.0,,,63.75,7206.0,222.0,4.6,5.57,4.53,,79.34,83.21,23.95,63.75,4593.825,10056.600000000002,,1.2570750000000002,208.32769886045807,148.25576377746216,10035.264239273296,9148.727274806006,0.20233147161969087
2018-02-21,7.92,37.849999999999994,2.515,1.125,3329.5,15678.0,,,64.05,7216.0,204.0,4.63,5.49,4.47,,130.51,62.23,14.13,64.05,4621.848,9118.800000000001,,1.13985,205.59207143834362,154.80588419666637,9455.948352197473,9145.210727319098,0.2123676489348131
2018-02-22,7.845,38.05,2.495,1.045,3024.0,15218.0,,,63.6,5537.0,104.0,4.58,5.7,4.67,,130.68,41.11,14.04,63.6,3521.532,4856.8,,0.6071,141.3736344681871,148.83603543662971,6548.732125670966,8641.309183869656,0.19871205151793928
2018-02-23,,,,,,,,,,5543.0,134.0,,,,,106.45,21.19,18.69,,,,,,136.71260852755915,147.09275531946102,5479.227044891845,8196.617632567926,
2018-02-24,,,,,,,,,,8662.0,188.0,,,,,159.24,39.37,15.71,,,,,,169.13242308597745,151.8994832761542,5085.778113444804,7804.17871593861,
2018-02-25,,,,,,,,,,4365.0,66.0,,,,,,,,,,,,,103.94029817152614,141.80602792482333,4941.0363404145655,7457.852587559585,
2018-02-26,7.824999999999999,37.8,2.465,1.19,3136.0,15403.0,20976.0,,63.949999999999996,8383.0,177.0,4.27,7.35,6.24,97197.0,131.57,79.28,22.68,63.949999999999996,5360.9285,11044.800000000001,17203.869,1.3806,150.12283771918882,145.94142865400784,8799.350835869152,7879.330018787505,0.2035967019411803
2018-02-27,8.02,38.05,2.52,1.06,3165.5,15333.0,,,63.45,9446.0,191.0,4.45,7.14,5.85,,158.83,41.49,16.45,63.45,5993.487000000001,11173.499999999998,,1.3966874999999999,175.9621323834608,151.2359503522749,10300.099332241896,8266.405194992818,0.2064501402204396
2018-02-28,7.875,38.150000000000006,2.5549999999999997,1.125,3166.0,15435.5,,,63.650000000000006,10307.0,105.0,4.36,7.59,6.39,,105.78,20.76,12.39,63.650000000000006,6560.405500000001,6709.499999999999,,0.8386874999999999,131.10550960556148,145.8030829739377,8030.4076758157025,8083.464012199027,0.20511159340481358
2018-03-01,,,,,,,,,,11555.0,221.0,,,,,131.78,81.34,19.96,,,,,,187.92966510930236,154.6389536405892,7195.434777618149,7922.018985028344,
2018-03-02,,,,,,,,,,10363.0,204.0,,,,,133.46,60.84,14.88,,,,,,198.08805418097222,160.43902947948536,6888.265414435933,7779.54424861253,
2018-03-03,,,,,,,,,,10321.0,191.0,,,,,54.65,39.95,16.52,,,,,,193.60754941108897,164.03003817566668,6775.2641207634715,7653.810735029018,
2018-03-04,,,,,,,,,,9762.0,159.0,,,,,,,,,,,,,171.73140593766448,163.4389931099081,6733.693267995597,7542.851298740491,
2018-03-05,8.05,37.9,2.5250000000000004,1.26,3156.0,15413.0,18844.0,2614.0,63.8,12495.0,192.0,4.41,7.94,6.78,109763.0,132.22,87.03,23.76,63.8,7971.81,13017.6,21074.496,1.6272,184.5436009430172,166.7949998847966,10705.879903056755,8186.1512287094465,0.20476221371569453
2018-03-06,8.1,38.05,2.535,1.185,3146.0,15293.0,,,65.85,8884.0,120.0,4.61,6.92,5.71,,105.98,82.96,15.67,65.85,5850.113999999999,6852.0,,0.8565,143.74426384610973,161.29644245477948,8269.763185078373,8029.384326915519,0.2057150330216439
2018-03-07,8.07,38.0,2.49,1.09,3196.0,15278.0,,,66.35,10952.0,216.0,4.69,6.45,5.24,,158.83,95.15,11.54,66.35,7266.651999999999,11318.400000000001,,1.4148000000000003,189.41860016227565,167.72427990598473,10196.869192191947,8415.853855950758,0.2091896845136798
2018-03-08,8.015,38.0,2.49,1.01,3217.0,15398.0,,,63.75,10754.0,218.0,4.59,6.84,5.58,,107.9,40.81,15.44,63.75,6855.675,12164.400000000001,,1.5205500000000003,207.4854905998004,173.63183274182143,11440.585865935978,8856.319638681116,0.20892323678399793
2018-03-09,,,,,,,,,,10941.0,237.0,,,,,132.89,41.5,14.0,,,,,,226.1422187754053,181.07778867219483,11898.123660848538,9245.029327635155,
2018-03-10,,,,,,,,,,11194.0,240.0,,,,,53.6,41.66,17.85,,,,,,234.90200718722002,188.00133100977698,12066.442409155785,9588.064424141718,
2018-03-11,,,,,,,,,,12977.0,205.0,,,,,,,,,,,,,216.00033369393896,189.99872726806734,12128.363416221731,9890.791834286567,
2018-03-12,7.79,37.95,2.49,1.17,3511.0,15239.0,21656.0,2734.0,63.7,15152.0,197.0,4.43,6.62,5.48,98971.0,131.46,101.29,21.81,63.7,9651.824,10795.600000000002,19497.287,1.3494500000000003,203.9898321413972,190.82139849991944,11285.896260773396,9997.109596324646,0.2303956952555942
2018-03-13,7.835,38.0,2.58,1.23,3185.5,14963.0,,,63.75,16169.0,190.0,4.4,8.05,6.6,,156.66,40.86,11.96,63.75,10307.7375,12540.0,,1.5675,195.14657163025947,190.72488163196653,12078.6410172423,10295.90709514441,0.21289179977277284
2018-03-14,7.885,38.150000000000006,2.605,1.245,3044.0,15188.0,,,66.4,17179.0,216.0,4.37,7.07,6.42,,79.96,40.75,18.17,66.4,11406.856000000002,13867.2,,1.7334,208.32845242483114,193.69478632775144,13209.225920920933,10715.5450732426,0.20042138530418752
2018-03-15,7.895,37.95,2.585,1.2349999999999999,3115.0,14953.0,,,66.55000000000001,15519.0,215.0,4.44,7.03,5.82,,209.35,118.81,14.4,66.55000000000001,10327.894500000002,12513.0,,1.564125,212.5456748062982,196.19821492533768,12769.127202717465,10926.751594601174,0.2083194007891393
2018-03-16,,,,,,,,,,13672.0,216.0,,,,,133.36,99.41,16.5,,,,,,214.72922477811653,198.52498600596462,12607.223932204506,11113.140695505783,
2018-03-17,,,,,,,,,,13262.0,216.0,,,,,53.45,40.54,16.73,,,,,,215.53250792151897,200.57835427764132,12547.66304752437,11277.628499729628,
2018-03-18,,,,,,,,,,14780.0,153.0,,,,,,,,,,,,,176.00442406921718,194.987750280091,12525.751822552564,11422.788477470112,
2018-03-19,7.8100000000000005,38.2,2.52,1.23,2932.5,15098.0,,2829.5,,7390.0,39.0,4.25,7.17,5.86,,133.29,85.55,20.01,,,2285.4,,0.285675,89.40111096459893,176.65870646331965,6052.614905879598,10349.117029079547,0.19423102397668565
2018-03-20,7.9,38.0,2.635,1.335,2932.0,14903.0,,,,14270.0,173.0,4.46,7.13,5.85,,104.92,118.8,14.91,,,10120.5,,1.2650625,142.24568741910323,176.22879712134585,8624.008704825346,10322.253820040793,0.19673891162853116
2018-03-21,7.845000000000001,38.0,2.535,1.21,3103.5,15028.0,,,,16621.0,216.0,4.45,8.43,7.03,,183.47,60.11,10.66,,,15184.800000000001,,1.8981000000000001,188.8673047037558,180.90203664752417,12771.219764688685,10893.618057511443,0.20651450625499068
2018-03-22,7.915,37.95,2.5,1.165,3236.5,15148.0,,,,13718.0,161.0,4.43,7.75,6.65,,155.39,40.95,15.39,,,10706.5,,1.3383125,171.251808481372,178.56348569656518,11466.067953209305,10871.631106171495,0.2136585687879588
2018-03-23,,,,,,,,,,15580.0,216.0,,,,,182.07,41.39,12.21,,,,,,199.53806031069445,182.96239208365486,10985.929434158375,10852.227689716712,
2018-03-24,,,,,,,,,,13280.0,208.0,,,,,100.83,39.15,20.54,,,,,,204.88702635587182,185.90438856569787,10809.296344085036,10835.104234795808,
2018-03-25,,,,,,,,,,12796.0,179.0,,,,,,,,,,,,,188.52330478938853,185.09310152346887,10744.31666161647,10819.992838866563,
2018-03-26,7.8100000000000005,37.9,2.575,1.15,3134.5,15178.0,23975.0,2688.0,,16326.0,171.0,4.17,8.48,7.07,145780.0,157.55,81.05,21.99,,,12089.7,24928.38,1.5112125,177.44646357339712,183.43711844227153,11594.761129314098,10969.187363110263,0.20651601001449466
2018-03-27,7.83,38.0,2.54,1.3399999999999999,3196.5,15103.0,,,,17694.0,216.0,4.34,10.15,8.97,,127.83,109.76,16.3,,,19375.200000000004,,2.4219000000000004,201.81694656419847,187.26335788607557,16512.936496183505,11956.919884857842,0.2116466927100576
2018-03-28,7.83,38.150000000000006,2.615,1.28,3176.0,15148.0,,,,15280.0,205.0,4.36,6.58,5.18,,151.89,,11.46,,,10618.999999999998,,1.3273749999999997,203.8290200808185,189.34746827221022,12787.258064515956,11799.710154293383,0.20966464219698971
2018-03-29,7.85,37.95,2.625,1.28,3197.0,15243.0,,,,15703.0,216.0,4.42,11.38,10.2,,159.06,36.67,17.8,,,22031.999999999996,,2.7539999999999996,211.52254670882266,192.47922330418785,18631.04950299993,13002.035904816104,0.20973561634848784
2018-03-30,,,,,,,,,,14228.0,184.0,,,,,259.98,79.94,17.49,,,,,,194.1249791028566,191.4828883022689,20780.86023171187,14063.084655550103,
2018-03-31,,,,,,,,,,12870.0,195.0,,,,,207.17,61.59,17.15,,,,,,194.67809780134553,191.89615982070825,21571.73140121479,14999.456891564112,
2018-04-01,,,,,,,,,,11908.0,207.0,,,,,,,,,,,,,202.46702550498983,193.67090782464226,21862.67664509013,15825.802489512687,
2018-04-02,7.92,38.1,2.5149999999999997,1.18,3074.0,15093.0,18694.0,2331.5,67.1,11134.0,198.0,4.08,8.07,6.71,113092.0,134.22,112.42,20.99,67.1,7470.913999999999,13285.8,22392.216,1.660725,199.64332684647422,194.17958956424357,16441.056587192154,15527.344329552107,0.203670575763599
2018-04-03,7.83,38.0,2.525,1.135,3094.5,15123.0,,,67.95,9633.0,195.0,4.7,5.85,4.64,,157.98,82.61,15.94,67.95,6545.6235,9048.0,,1.131,196.7081844854573,194.2759903315969,11767.753525845099,14766.001301608796,0.20462209878992263
2018-04-04,7.84,38.0,2.5300000000000002,1.185,3074.0,15223.0,,,68.0,8167.0,173.0,4.64,6.29,5.46,,184.21,75.02,10.63,68.0,5553.56,9445.800000000001,,1.1807250000000002,181.7217536596995,191.77599556705405,10299.998965513956,14140.861169796295,0.20193128818235564
2018-04-05,7.800000000000001,38.1,2.5,1.145,3104.0,15058.0,,,67.55,7088.0,165.0,4.76,5.76,4.64,,184.07,63.25,16.62,67.55,4787.9439999999995,7655.999999999999,,0.9569999999999999,171.15158939173676,188.62973315154406,8628.672861891146,13378.869896036345,0.20613627307743393
2018-04-06,,,,,,,,,,7463.0,186.0,,,,,213.92,64.02,11.87,,,,,,180.537575003148,188.32073136086166,8013.826348875142,12706.414957146699,
2018-04-07,,,,,,,,,,7256.0,174.0,,,,,157.09,,19.76,,,,,,176.40503943877448,186.6380010687065,7787.6369572606045,12112.975556448873,
2018-04-08,,,,,,,,,,7455.0,162.0,,,,,,41.66,,,,,,,167.29931785878895,183.74295962900942,7704.42653027454,11589.267123461383,
2018-04-09,7.845000000000001,38.05,2.49,1.1400000000000001,3104.5,15163.0,19965.5,2879.0,66.45,5645.0,124.0,4.21,6.21,4.9,93714.0,134.08,35.38,20.51,66.45,3751.1025,6076.000000000001,11620.536,0.7595000000000001,139.92892885699592,176.72297682383734,6675.064641946149,10941.441159576152,0.20474180571127085
2018-04-10,7.835,38.0,2.4349999999999996,1.09,3165.5,15138.0,,,67.2,6251.0,140.0,4.91,6.25,5.14,,158.61,112.04,15.54,67.2,4200.6720000000005,7195.999999999999,,0.8994999999999999,139.97385438762825,172.40791330072233,7004.358591592703,10501.34022213881,0.20910952569692165
2018-04-11,,,,,,,,,,8027.0,171.0,,,,,76.96,65.31,12.14,,,,,,159.58611889041688,172.2424791269951,7125.4990657698145,10112.952508025777,
2018-04-12,7.875,37.9,2.4450000000000003,1.1400000000000001,3115.0,15288.0,,,66.45,7509.0,170.0,4.62,6.4,5.19,,238.45,83.27,17.4,66.45,4989.730500000001,8823.0,,1.102875,166.16894723698073,171.9789808836838,8198.524304927398,9961.379092813979,0.20375457875457875
2018-04-13,,,,,,,,,,8313.0,190.0,,,,,132.67,,16.88,,,,,,181.2330456270133,174.09650644843316,8593.268230271542,9827.616023375398,
2018-04-14,,,,,,,,,,10491.0,222.0,,,,,183.19,70.27,8.47,,,,,,207.00267560700397,179.72531531776113,8738.486404932968,9709.570528915643,
2018-04-15,,,,,,,,,,9910.0,216.0,,,,,,,,,,,,,212.69006933026643,183.98770312569133,8791.90918587535,9605.395745690843,
2018-04-16,7.84,38.0,2.46,1.125,3195.5,15328.0,19247.0,2848.5,66.5,5838.0,124.0,4.64,6.11,4.87,81740.0,161.42,106.9,25.45,66.5,3882.27,6038.8,10135.76,0.75485,156.62725314267487,176.93896220158683,7051.612268783789,9186.309698343563,0.20847468684759918
2018-04-17,7.85,38.0,2.47,1.08,3175.5,15318.0,,,66.19999999999999,8274.0,216.0,4.82,5.59,4.48,,187.96,79.11,16.17,66.19999999999999,5477.387999999999,9676.8,,1.2096,194.1579870653137,181.52875513116058,8711.047404470053,9243.94382804041,0.2073051312181747
2018-04-18,7.865,37.9,2.41,1.095,3104.0,15723.0,,,66.55,7619.0,195.0,4.75,5.84,4.61,,130.7,78.8,11.71,66.55,5070.4445,8989.5,,1.1236875,194.6902407521285,183.1116681292906,8887.063014763706,9214.045890127429,0.19741779558608408
2018-04-19,7.855,36.65,2.4349999999999996,1.09,3084.5,15636.5,,,66.65,8266.0,216.0,4.87,5.59,4.49,,185.19,41.29,17.52,66.65,5509.289000000001,9698.4,,1.2123,208.16057767639504,186.97614899292472,9399.925803269549,9270.958998283337,0.1972628145684776
2018-04-20,,,,,,,,,,8114.0,216.0,,,,,185.69,65.95,16.78,,,,,,213.11603769648525,190.38654138517927,9588.597479302705,9321.184639947387,
2018-04-21,,,,,,,,,,8179.0,216.0,,,,,161.29,40.97,17.45,,,,,,214.9390495594235,193.39620210794197,9658.005910046664,9365.508613146236,
2018-04-22,,,,,,,,,,8355.0,218.0,,,,,,,,,,,,,216.87393926246722,196.2872245684414,9683.539844761337,9404.624382204463,
2018-04-23,7.975,38.25,2.39,1.04,3175.0,15553.0,17986.0,2735.0,66.80000000000001,7116.0,193.0,4.99,5.22,4.08,79893.0,133.71,81.72,19.94,66.80000000000001,4753.488000000001,7874.400000000001,15419.349,0.9843000000000001,201.78273143443738,195.9009654997495,8539.94535509179,9224.818277554865,0.20414068025461327
2018-04-24,7.890000000000001,38.0,2.485,1.09,3226.5,15483.0,,,66.9,8507.0,219.0,4.78,5.96,4.83,,104.75,94.49,15.55,66.9,5691.183000000001,10577.7,,1.3222125,212.6661208616022,198.61517360083423,9828.051959986657,9383.786070378856,0.20838984692888976
2018-04-25,7.875,38.0,2.38,1.08,3175.5,15198.0,,,66.85,8952.0,216.0,4.72,6.52,5.21,,159.06,107.57,10.85,66.85,5984.411999999999,11253.599999999999,,1.4066999999999998,214.7735344056331,200.6579445507653,10729.170183676846,9603.494998699809,0.20894196604816423
2018-04-26,8.125,38.05,2.4699999999999998,1.19,3196.0,15203.0,,,66.75,9642.0,216.0,4.77,6.53,5.33,,131.57,77.55,17.95,66.75,6436.035,11512.800000000001,,1.4391,215.5488085225283,202.46068358676928,11224.518701085759,9827.844250263304,0.21022166677629414
2018-04-27,,,,,,,,,,12829.0,216.0,,,,,107.27,71.56,4.09,,,,,,215.83401593140638,204.0515952022111,11406.747236855252,10025.83176986526,
2018-04-28,,,,,,,,,,12109.0,204.0,,,,,156.74,108.97,23.46,,,,,,208.35349116765974,204.04553260613955,11473.785368759623,10200.555142664394,
2018-04-29,,,,,,,,,,12569.0,218.0,,,,,,,,,,,,,214.45124772150328,205.68522574770043,11498.44731926178,10354.747977968764,
2018-04-30,8.035,37.95,2.51,1.18,2931.0,15523.0,19177.0,2696.5,67.65,11649.0,207.0,5.06,6.55,5.25,105869.0,134.18,40.94,21.66,67.65,7880.548500000001,10867.5,21914.883,1.3584375,209.74116084781662,205.83971579474763,11099.612547218643,10414.997928763445,0.18881659473040005
2018-05-01,,,,,,,,,,10603.0,216.0,,,,,131.9,97.13,16.94,,,,,,213.69750175031282,207.0335806594856,10952.889434159675,10468.168323720625,
2018-05-02,7.92,37.95,2.5199999999999996,1.2,2768.5,15118.0,,,69.05,10045.0,208.0,4.92,7.07,5.77,,186.97,100.91,7.79,69.05,6936.0725,12001.599999999999,,1.5001999999999998,210.0959937599784,207.1471379253982,11615.800943088074,10648.351295358347,0.1831260748776293
2018-05-03,8.065000000000001,37.75,2.625,1.18,3042.5,15318.0,,,67.80000000000001,11498.0,216.0,4.85,7.68,6.39,,106.09,121.48,12.82,67.80000000000001,7795.644000000001,13802.4,,1.7253,213.82803748374812,208.18737664015526,12997.995160877237,11018.961787552786,0.19862253557905732
2018-05-04,,,,,,,,,,14218.0,216.0,,,,,159.88,82.98,9.51,,,,,,215.20097964327593,209.10538408387697,13506.475997307913,11346.024398979729,
2018-05-05,,,,,,,,,,18857.0,210.0,,,,,130.59,38.78,17.96,,,,,,211.91333348471238,209.21050422501855,13693.535643260419,11634.656140515237,
2018-05-06,,,,,,,,,,19266.0,144.0,,,,,,,,,,,,,168.9839191704458,201.54806799455852,13762.351041279155,11889.372758407919,
2018-05-07,,,,,,,,,,19395.0,150.0,,,,,135.0,77.42,16.26,,,,,,156.98379357566742,195.491010339418,13787.666811446277,12114.159384735036,
2018-05-08,7.96,38.099999999999994,2.75,1.42,3063.0,15403.0,,,71.1,18106.0,197.0,4.88,6.91,5.71,,160.79,114.08,15.03,71.1,12873.365999999998,11248.699999999999,,1.4060875,182.27886034281545,195.66832129850422,12182.733691747693,12012.46522634144,0.1988573654482893
2018-05-09,7.970000000000001,38.15,2.86,1.375,3073.0,15533.0,23303.0,,71.05,14823.0,191.0,4.85,7.06,5.77,106974.0,186.95,84.94,12.95,71.05,10531.741499999998,11020.699999999999,20432.034,1.3775875,187.79167201653684,195.11977908619966,11448.188305142528,11895.92974033743,0.1978368634520054
2018-05-10,7.95,38.05,2.66,1.23,3164.5,15758.0,,,70.15,11664.0,172.0,4.79,6.84,5.55,,130.52,102.68,20.84,70.15,8182.296000000001,9546.0,,1.19325,177.80943147660628,192.40313343201132,10245.775970698687,11619.805717139203,0.20081863180606677
2018-05-11,,,,,,,,,,9093.0,137.0,,,,,156.53,98.15,13.22,,,,,,152.01295084613818,185.893093647231,9803.433193045836,11376.12712193757,
2018-05-12,,,,,,,,,,10534.0,176.0,,,,,128.68,113.77,19.1,,,,,,167.1756577619254,184.7306245006607,9640.704379196683,11161.081516445965,
2018-05-13,,,,,,,,,,8504.0,125.0,,,,,,,,,,,,,140.5155574084951,177.7120911112766,9580.839794095364,10971.304435685195,
2018-05-14,8.094999999999999,38.05,2.515,1.125,3104.0,15468.0,19535.0,,67.05,5373.0,102.0,4.79,6.77,5.49,94229.0,161.59,86.76,17.67,67.05,3602.5964999999997,5599.8,9611.358,0.699975,116.16908173584379,168.8156858939043,7064.342694733076,10340.1360267116,0.20067235583139384
2018-05-15,8.04,38.150000000000006,2.675,1.2850000000000001,2827.0,15833.0,,,66.30000000000001,7765.0,162.0,4.79,6.64,5.35,,159.39,98.68,18.25,66.30000000000001,5148.1950000000015,8667.0,,1.083375,145.13974740060817,168.01482169036004,8077.415326149075,10143.537361175684,0.17855112739215562
2018-05-16,7.915,38.150000000000006,2.635,1.17,3032.0,15833.0,,,66.05,7043.0,136.0,4.81,7.0,5.7,,188.55,37.04,16.79,66.05,4651.9015,7752.000000000001,,0.9690000000000001,139.36232516618387,164.25298097854085,7871.713608332344,9862.524313652877,0.1914987683951241
2018-05-17,8.045,38.05,2.705,1.225,2849.0,15793.0,,,64.75,12538.0,216.0,4.5,8.6,7.24,,133.97,83.63,,64.75,8118.355,15638.400000000001,,1.9548,187.806575009457,170.33341599557616,12781.195750479457,10541.20759708499,0.1803963781422149
2018-05-18,,,,,,,,,,14059.0,216.0,,,,,161.79,63.02,10.59,,,,,,205.62821856977007,175.69938106447674,14587.293297373712,11140.14349254977,
2018-05-19,,,,,,,,,,13491.0,203.0,,,,,160.64,94.34,19.16,,,,,,203.9668675787234,178.90728835075836,15251.719453626283,11668.702565144173,
2018-05-20,,,,,,,,,,14507.0,209.0,,,,,,,,,,,,,207.1484140575189,182.44327517917287,15496.14817668817,12135.154309541718,
2018-05-21,7.95,38.05,2.66,1.16,2960.5,16343.0,16766.0,2846.0,68.1,12746.0,169.0,4.63,8.42,6.95,129786.0,131.86,99.96,,68.1,8680.026,11745.5,21933.834,1.4681875,183.03401724505684,180.86364870621242,13125.286355270733,12089.368721249304,0.18114789206388057
2018-05-22,,,,,,,,,,10398.0,144.0,,,,,186.83,109.83,16.76,,,,,,158.35981245078796,176.53205580119908,12253.095033312979,12048.963081398237,
2018-05-23,8.02,38.0,2.605,1.1749999999999998,3112.5,16438.0,,,67.75,12993.0,192.0,4.65,8.47,6.99,,185.39,89.81,12.55,67.75,8802.7575,13420.8,,1.6776,179.62446660349337,178.34958715520682,12991.225349402059,12210.158168482749,0.18934785253680497
2018-05-24,7.97,37.95,2.8,1.275,3011.0,15843.0,,,68.05,11148.0,165.0,4.6,8.02,6.63,,131.1,93.74,18.75,68.05,7586.214,10939.5,,1.3674375,170.38004060152355,176.78096931525312,11694.287574975311,12060.85189792984,0.19005238906772706
2018-05-25,,,,,,,,,,14056.0,212.0,,,,,129.33,,11.16,,,,,,196.68887259491038,180.91931450867907,11217.170831285064,11929.089576630442,
2018-05-26,,,,,,,,,,14111.0,212.0,,,,,134.44,112.04,17.3,,,,,,206.3673510065109,184.57139132370332,11041.64939024276,11812.809736206365,
2018-05-27,,,,,,,,,,12071.0,160.0,,,,,,,,,,,,,177.05759517687534,181.68417673536217,10977.078660598509,11710.193137199087,
2018-05-28,7.975,37.95,2.75,1.19,3122.0,16673.0,20923.5,3030.5,67.19999999999999,10126.0,165.0,4.68,7.66,6.4,109810.0,158.03,131.32,17.73,67.19999999999999,6804.671999999999,10560.0,18118.65,1.32,169.43574137554037,179.72373429113108,10713.434664585513,11575.041880952253,0.18724884543873327
2018-05-29,7.975,38.0,2.655,1.225,3459.0,16938.0,,,66.65,11741.0,216.0,4.71,7.07,5.8,,134.09,58.79,17.68,66.65,7825.3765,12527.999999999998,,1.5659999999999998,198.86996655867125,183.9863078745874,11860.458718438647,11687.017411647521,0.20421537371590506
2018-05-30,7.970000000000001,38.05,2.67,1.185,3214.5,16518.0,,,65.25,11484.0,216.0,4.69,7.02,5.73,,189.74,98.8,12.35,65.25,7493.31,12376.800000000001,,1.5471000000000001,209.69821287035586,187.7480158590265,12186.848657885464,11768.06900232215,0.19460588448964766
2018-05-31,8.08,38.0,2.8,1.3250000000000002,3236.0,16488.0,,,66.1,10589.0,208.0,4.74,6.78,5.5,,108.46,122.97,20.26,66.1,6999.328999999999,11440.0,,1.43,208.62473760173665,190.12768672439853,11714.750266902547,11729.519878383315,0.1962639495390587
2018-06-01,,,,,,,,,,10875.0,216.0,,,,,160.5,103.64,10.79,,,,,,213.28679259043412,193.1677636715834,11541.074974649815,11695.500395909943,
2018-06-02,,,,,,,,,,10706.0,216.0,,,,,161.59,43.06,17.38,,,,,,215.00186677438666,195.85062216109287,11477.183405190592,11665.478307999661,
2018-06-03,,,,,,,,,,12080.0,216.0,,,,,,63.63,,,,,,,215.6328073067467,198.21823646815776,11453.679010322367,11638.983908409717,
2018-06-04,7.975,37.9,2.83,1.27,3345.0,17293.0,20007.0,2696.0,65.8,11757.0,216.0,4.76,7.14,5.75,105290.0,134.34,36.41,18.56,65.8,7736.106,12420.0,22742.64,1.5525,215.86491735720375,200.30764876065751,12064.510374325157,11730.75571830285,0.1934308679812641
2018-06-05,7.99,37.95,2.675,1.23,3305.0,17173.0,,,66.5,10706.0,216.0,4.77,6.87,5.55,,162.68,87.62,17.783,66.5,7119.49,11988.0,,1.4985,215.95030587285615,202.1515486370107,12016.146593750556,11760.982718194666,0.19245326966750131
2018-06-06,,,,,,,,,,10029.0,226.0,,,,,189.58,113.73,13.44,,,,,,222.30292414056237,204.9538155407226,11998.354553179834,11787.657951973619,
2018-06-07,8.045,38.0,2.785,1.29,3254.5,17113.0,,,65.15,9984.0,216.0,4.87,6.59,5.38,,108.74,114.31,19.28,65.15,6504.576000000001,11620.8,,1.4526,218.31871621057607,206.2517764293096,11759.694558035531,11768.051625788328,0.1901770583766727
2018-06-08,,,,,,,,,,11616.0,208.0,,,,,159.62,78.32,12.2,,,,,,211.79604355315342,206.45719811384032,11671.896452391866,11750.749103658745,
2018-06-09,,,,,,,,,,14677.0,216.0,,,,,161.81,113.69,19.46,,,,,,214.453450851625,207.57850689348564,11639.597334351762,11735.479681472487,
2018-06-10,,,,,,,,,,20051.0,226.0,,,,,,,,,,,,,221.75226195183723,209.74308939251762,11627.71515285684,11722.004463688856,
2018-06-11,8.04,37.849999999999994,2.755,1.37,3377.5,16748.0,19980.5,3020.5,65.19999999999999,14380.0,149.0,4.99,7.38,6.16,118329.0,134.36,106.94,16.48,65.19999999999999,9375.759999999998,9178.4,17631.021,1.1473,175.76406147080024,202.605588242316,10079.45268968572,11423.123060605765,0.20166587055170768
2018-06-12,8.05,37.849999999999994,2.81,1.3250000000000002,3398.0,16908.0,,,69.75,11713.0,216.0,5.12,5.92,4.6,,159.96,122.21,16.78,69.75,8169.8175,9936.0,,1.242,201.19802541886946,204.1794731119012,9988.773295316123,11248.38149474671,0.20096995505086349
2018-06-13,,,,,,,,,,8944.0,208.0,,,,,184.1,36.65,13.03,,,,,,205.49769339223133,204.62839685501163,9955.41421038967,11094.172604123312,
2018-06-14,8.004999999999999,37.95,2.61,1.18,3245.0,16893.0,,,69.6,8350.0,198.0,5.0,5.72,4.4,,102.77,65.68,19.04,69.6,5811.6,8712.0,,1.089,200.7582472552089,203.84953969364923,9169.426524862782,10814.259944560703,0.19209139880423845
2018-06-15,,,,,,,,,,7374.0,158.0,,,,,209.06,89.3,12.06,,,,,,173.7298801057166,198.46207676457487,8880.277814343515,10567.237889502483,
2018-06-16,,,,,,,,,,8074.0,173.0,,,,,105.46,36.94,18.79,,,,,,173.26850788541316,195.47020387810852,8773.905948302243,10349.241691043522,
2018-06-17,,,,,,,,,,8494.0,208.0,,,,,,,,,,,,,195.22299808983541,196.94249373241428,8734.773925666617,10156.860721128272,
2018-06-18,8.024999999999999,38.1,2.61,1.18,3386.5,17203.0,20899.0,3105.5,68.45,4867.0,126.0,5.72,4.51,3.27,81128.0,134.17,152.45,17.09,68.45,3331.4615000000003,4120.2,10222.128,0.515025,151.46571785350045,188.6065309804827,5817.806877018544,9447.53438834979,0.19685519967447537
2018-06-19,8.045,38.1,2.5,1.17,3305.5,17293.0,,,68.4,6796.0,207.0,5.81,4.38,3.22,,154.76,85.26,21.06,68.4,4648.464,6665.400000000001,,0.8331750000000001,186.57007931808855,190.76782056249024,6353.587915576824,9120.624980292778,0.19114670675996068
2018-06-20,8.065000000000001,38.0,2.675,1.23,3366.0,17268.0,,,68.0,7195.0,216.0,5.85,4.18,2.96,,185.76,114.21,11.31,68.0,4892.6,6393.6,,0.7992,205.17333722581853,193.7326798009389,6378.880376742298,8800.191098379193,0.19492703266157055
2018-06-21,8.07,37.9,2.63,1.2349999999999999,3143.0,16723.0,,,69.30000000000001,7194.0,209.0,5.88,4.73,3.5,,103.26,100.39,19.33,69.30000000000001,4985.442000000001,7315.0,,0.914375,207.59224943708256,195.52663721356137,6970.620836126335,8625.676544065851,0.18794474675596484
2018-06-22,,,,,,,,,,8407.0,225.0,,,,,185.57,99.18,11.61,,,,,,218.59604645086208,198.98984863221582,7188.309985643067,8471.667990428396,
2018-06-23,,,,,,,,,,9248.0,222.0,,,,,135.52,103.9,20.56,,,,,,220.7477554705696,201.69361268992776,7268.393348316369,8335.755918871808,
2018-06-24,,,,,,,,,,8843.0,221.0,,,,,,,,,,,,,220.90720442347458,203.9621729987627,7297.854371023754,8215.813936699264,
2018-06-25,8.184999999999999,37.849999999999994,2.54,1.27,3376.5,17213.0,20189.0,2822.0,69.15,8700.0,212.0,6.02,4.16,3.03,79780.0,161.7,95.81,19.9,69.15,6016.05,6423.6,16913.36,0.80295,215.27677738570765,204.90664256789725,6745.22020945391,8005.223247906044,0.19615987916109917
2018-06-26,8.135000000000002,37.849999999999994,2.5999999999999996,1.145,3730.5,17738.0,,,70.30000000000001,9296.0,216.0,6.04,7.24,6.03,,133.74,179.7,19.23,70.30000000000001,6535.088000000002,13024.800000000001,,1.6281,215.73394126881158,206.2101464269055,10714.671695862422,8595.03906399144,0.21031119630172512
2018-06-27,8.055,37.75,2.565,1.18,3489.0,16563.0,,,70.15,9494.0,215.0,6.0,5.73,4.31,,186.14,20.14,18.63,70.15,6660.041000000001,9266.499999999998,,1.1583124999999999,215.27000190382307,207.24298144757196,9799.252594194166,8673.937803765893,0.21065024452092013
2018-06-28,8.07,38.05,2.5700000000000003,1.23,3630.5,16818.0,,,69.0,9612.0,216.0,6.14,5.01,3.88,,108.56,65.0,18.25,69.0,6632.28,8380.8,,1.0475999999999999,215.7314487083222,208.2719582516064,8902.619547680331,8639.493203853852,0.21586990129623024
2018-06-29,,,,,,,,,,9385.0,216.0,,,,,187.16,90.03,12.24,,,,,,215.9012055008917,209.1800270939982,8572.766683592974,8609.09595112071,
2018-06-30,,,,,,,,,,8198.0,190.0,,,,,135.86,56.83,20.32,,,,,,199.5285210053347,206.92631450194202,8451.420596283719,8582.27046973663,
2018-07-01,,,,,,,,,,8978.0,208.0,,,,,,96.44,,,,,,,204.8835170415469,207.05247587361382,8406.779865496048,8558.597065504839,
2018-07-02,7.6,37.849999999999994,2.685,1.29,3268.0,15613.0,19054.0,3074.5,71.44999999999999,7064.0,140.0,5.6,6.26,4.75,94492.0,161.69,57.68,19.67,71.44999999999999,5047.227999999999,6650.0,13228.88,0.83125,163.869311990482,199.1736022690925,7296.283195179928,8334.330998590069,0.20931275219368475
2018-07-03,7.56,37.75,2.445,1.115,3165.5,15818.0,,,71.05,9313.0,214.0,5.58,4.57,3.35,,135.85,89.43,18.46,71.05,6616.8865000000005,7169.0,,0.896125,195.5579505095186,200.91574992598686,7215.824870713308,8197.400996741548,0.20012011632317614
2018-07-04,7.425,37.8,2.55,1.15,3226.5,16478.0,,,70.2,9124.0,219.0,5.63,5.01,3.69,,189.87,87.39,18.11,70.2,6405.048000000001,8081.099999999999,,1.0101375,210.37615193352843,203.04070532411816,7762.783068978464,8183.7352693919165,0.19580652991867945
2018-07-05,7.625,37.8,2.66,1.16,3176.0,15928.0,,,71.15,8874.0,216.0,5.75,4.28,3.25,,106.86,120.64,18.98,71.15,6313.851000000001,7020.0,,0.8775,213.93110191607332,204.56346258885324,7293.254620327407,8046.992770666816,0.19939728779507784
2018-07-06,,,,,,,,,,8923.0,216.0,,,,,187.3,78.03,13.61,,,,,,215.23889492904436,205.90729115837013,7120.5247570235615,7926.317939090237,
2018-07-07,,,,,,,,,,9004.0,228.0,,,,,135.15,20.89,20.96,,,,,,223.30545179776678,208.50325287755834,7056.980991437724,7819.822774003988,
2018-07-08,,,,,,,,,,8992.0,215.0,,,,,,62.92,,,,,,,218.0554049660388,209.26664078756986,7033.604546464076,7725.841120675139,
2018-07-09,7.665,37.7,2.53,1.09,3156.0,15793.0,23606.5,3231.0,71.2,8445.0,210.0,5.71,2.87,1.51,122443.0,133.52,181.03,20.45,71.2,6012.84,3171.0000000000005,25713.03,0.39637500000000003,212.96341787731603,209.3528127665485,4591.972802019477,7190.633180760757,0.1998353701006775
2018-07-10,7.755000000000001,37.8,2.7,1.415,3176.0,15858.0,,,70.65,8260.0,218.0,5.87,4.0,2.86,,162.43,39.87,18.75,70.65,5835.69,6234.8,,0.77935,216.14714498329295,210.36888405041,5630.437648465679,7078.31982140895,0.20027746247950562
2018-07-11,7.785,37.8,2.82,1.4,3062.0,15878.0,,,70.4,8369.0,224.0,5.78,4.27,3.19,,188.44,96.18,19.63,70.4,5891.776000000001,7145.599999999999,,0.8931999999999999,221.11109608485347,211.97058239571535,6588.202920833544,7086.22545078806,0.19284544652978963
2018-07-12,7.85,37.8,2.705,1.3,3145.0,15588.0,,,70.4,8562.0,225.0,5.88,4.18,3.26,,80.51,63.84,19.21,70.4,6027.648,7335.0,,0.916875,223.56935220092646,213.5015793217376,7060.268707847779,7115.457230878584,0.20175776238131896
2018-07-13,,,,,,,,,,8886.0,226.0,,,,,131.58,85.09,14.09,,,,,,225.1058146459922,214.9701824642342,7233.932005770732,7141.254186265505,
2018-07-14,,,,,,,,,,8548.0,224.0,,,,,190.67,97.05,22.08,,,,,,224.40680647400683,216.03121399378261,7297.819162762618,7164.019919490576,
2018-07-15,,,,,,,,,,8595.0,216.0,,,,,,,,,,,,,219.09269126769408,216.02754625283046,7321.321934374826,7184.110608546769,
2018-07-16,7.59,37.95,2.6399999999999997,1.3849999999999998,3145.5,16048.0,19910.0,3373.5,69.05,8407.0,216.0,5.79,4.06,3.01,101135.0,134.35,96.08,22.1,69.05,5805.0335,6501.599999999999,21845.16,0.8127,217.1377375352751,216.0243094828007,6803.158847133784,7103.91349802365,0.19600573280159522
2018-07-17,7.675,37.95,2.745,1.44,3115.0,15648.0,,,69.65,7983.0,216.0,5.8,3.82,2.87,,162.07,113.28,20.54,69.65,5560.159500000001,6199.200000000001,,0.7749000000000001,216.41855024867675,216.02145304327505,6421.384043174125,6997.606859732346,0.19906697341513294
2018-07-18,,38.0,,,,,,,,7678.0,209.0,5.76,4.04,2.92,,187.64,150.08,20.42,,,6102.799999999999,,0.7628499999999999,211.72913211978548,215.1964105623334,6220.000519769035,6892.464282125243,
2018-07-19,7.645,38.05,2.6950000000000003,1.46,3084.5,15633.0,,,69.55000000000001,7678.0,209.0,5.76,4.04,2.92,,187.64,150.08,20.42,69.55000000000001,5340.049000000002,6102.799999999999,,0.7628499999999999,210.00399159910972,214.4683131284017,6145.915661717634,6799.676283057214,0.19730697882684065
2018-07-20,7.675,38.1,2.705,1.23,3108.5,15828.0,,,69.55,7641.0,208.0,5.84,4.36,3.31,,108.86,59.2,23.68,69.55,5314.3155,6884.8,,0.8606,208.73722730959275,213.70826630076175,6612.979642542352,6809.678583461504,0.1963924690422037
2018-07-21,,,,,,,,,,8316.0,216.0,,,,,135.78,43.4,24.19,,,,,,213.32817524129774,213.9775521088735,6784.802878799459,6818.5055825870095,
2018-07-22,,,,,,,,,,9235.0,226.0,,,,,,40.08,,,,,,,221.33829618914615,215.39022697459617,6848.013114933992,6826.295381974385,
2018-07-23,7.85,38.45,2.665,1.2,3069.0,15153.0,25020.0,2889.15,69.35,8233.0,226.0,6.09,3.96,2.83,77850.0,132.62,138.2,25.08,69.35,5709.585499999999,6395.8,17594.1,0.799475,224.2850550071563,216.63690816795554,6562.159908012314,6775.710841169367,0.20253415165313798
2018-07-24,7.55,38.55,2.4299999999999997,1.135,3105.5,15858.0,,,69.65,8049.0,228.0,5.8,3.9,2.86,,163.9,162.69,26.05,69.65,5606.128500000001,6520.799999999999,,0.8150999999999999,226.63334811205002,217.97210665443646,6536.015459846472,6745.7580277672,0.19583175684197252
2018-07-25,7.55,38.650000000000006,2.92,1.48,3086.0,15748.0,,,69.55000000000001,8286.0,226.0,5.83,3.91,2.87,,185.51,18.54,18.71,69.55000000000001,5762.9130000000005,6486.2,,0.810775,226.23299574952796,218.9154089882607,6504.526083530018,6715.25915554552,0.19596139192278383
2018-07-26,7.645,38.650000000000006,2.37,1.08,3095.5,15228.0,,,68.75,9001.0,224.0,5.76,5.25,4.04,,108.68,60.72,20.34,68.75,6188.1875,9049.6,,1.1312,224.82147322847456,219.5128641812306,8113.319629869009,6989.551435192213,0.20327685841870238
2018-07-27,,,,,,,,,,8326.0,216.0,,,,,132.83,110.55,19.03,,,,,,219.24523864160005,219.10009175913638,8705.16170065642,7231.613522383287,
2018-07-28,,,,,,,,,,7943.0,216.0,,,,,164.46,,22.6,,,,,,217.19385657793978,218.73582137516587,8922.888230919441,7445.232564562572,
2018-07-29,,,,,,,,,,7797.0,216.0,,,,,,136.02,,,,,,,216.43919529073133,218.4143538896086,9002.9853452008,7633.7507076188795,
2018-07-30,7.895,39.25,2.45,1.09,3045.5,15133.0,20098.0,3011.65,69.30000000000001,5978.0,170.0,5.89,3.41,2.46,68268.0,131.51,36.64,23.99,69.30000000000001,4142.754000000001,4181.999999999999,11605.56,0.5227499999999999,187.0840252120057,212.72551734821405,5955.541394688183,7228.159307967847,0.2012489261878015
2018-07-31,7.575,39.3,2.63,1.28,3046.0,15308.0,,,69.35,5789.0,173.0,5.83,3.63,2.67,,162.55,88.04,25.21,69.35,4014.6714999999995,4619.099999999999,,0.5773874999999999,178.18122332443716,208.05764601336952,5110.749313436271,6921.586757941132,0.19898092500653253
2018-08-01,7.63,39.4,2.54,1.115,3137.0,16053.0,,,69.4,6834.0,218.0,5.79,3.72,2.67,,187.17,177.14,18.5,69.4,4742.796,5820.599999999999,,0.727575,203.35149068846346,209.225903402399,5559.46052611177,6792.217403669704,0.1954151871924251
2018-08-02,7.595,39.55,2.51,1.26,3077.5,15288.0,,,69.30000000000001,6404.0,180.0,5.69,4.11,2.97,,136.42,18.97,20.05,69.30000000000001,4437.972000000001,5346.0,,0.66825,188.59053334499208,205.79176922785373,5424.5277390581605,6622.282379202449,0.20130167451596023
2018-08-03,,,,,,,,,,8426.0,230.0,,,,,104.86,96.97,18.6,,,,,,214.76630854774822,208.63631132652782,5374.888740761173,6472.315246469459,
2018-08-04,,,,,,,,,,8336.0,233.0,,,,,137.15,41.78,21.61,,,,,,226.29219977805312,211.4991202101254,5356.627573807367,6339.969716343103,
2018-08-05,,,,,,,,,,8104.0,230.0,,,,,53.93,71.12,,,,,,,228.63597652637483,213.6730308903457,5349.909665913263,6223.175195935677,
2018-08-06,7.59,39.9,2.4850000000000003,1.21,3132.0,14978.0,13524.0,2576.45,68.4,7320.0,226.0,5.67,3.88,2.84,66433.0,132.78,148.42,20.01,68.4,5006.880000000001,6418.4,15013.858,0.8022999999999999,226.96972157146382,215.1214879424741,6025.324372999084,6246.11471510555,0.20910668981172387
2018-08-07,7.535,40.0,2.75,1.17,3050.0,15043.0,,,69.35,7405.0,226.0,5.62,3.92,2.78,,162.41,120.68,26.32,69.35,5135.367499999999,6282.8,,0.78535,226.356740629802,216.39974680450422,6188.080010223636,6250.4253497102145,0.20275211061623347
2018-08-08,7.515,40.0,2.55,1.26,3079.0,16148.0,,,69.0,7454.0,230.0,5.46,3.9,2.73,,187.8,,17.63,69.0,5143.26,6279.0,,0.784875,228.65971977884894,217.99781868060873,6245.552404969758,6253.782959626826,0.19067376764924449
2018-08-09,7.355,40.1,2.16,0.925,3109.5,15699.0,,,68.85,7755.0,226.0,5.4,4.36,3.24,,136.91,144.6,17.98,68.85,5339.3175,7322.4,,0.9153,226.97845622591558,218.9380997717169,6926.249908513462,6379.3487718215565,0.198069940760558
2018-08-10,,,,,,,,,,7756.0,220.0,,,,,159.7,111.54,14.81,,,,,,222.56723057662919,219.0628763376863,7176.664525723916,6490.160212153925,
2018-08-11,,,,,,,,,,7481.0,187.0,,,,,189.88,33.81,21.34,,,,,,200.08445290854618,215.29538905596107,7268.786915164459,6587.950965018178,
2018-08-12,,,,,,,,,,9173.0,208.0,,,,,,21.93,,,,,,,205.0880329594297,214.4381582450352,7302.676848311224,6674.251001522297,
2018-08-13,7.535,40.1,2.165,1.19,3352.5,16548.0,18041.0,2787.5,68.25,9083.0,224.0,5.44,4.11,3.65,93726.0,131.75,96.04,21.21,68.25,6199.1475,8176.0,20994.624,1.022,217.04267613366227,215.5617042682395,7854.722366994651,6850.7111603839085,0.2025924583031182
2018-08-14,7.845000000000001,40.15,2.4450000000000003,1.17,3061.5,15458.0,,,68.9,7626.0,226.0,6.1,4.58,3.47,,162.28,41.46,21.88,68.9,5254.314,7842.2,,0.980275,222.70478470166006,216.78823634845938,7846.806721372136,6967.2141700916045,0.19805278820028463
2018-08-15,,40.15,,,,,,,69.15,7630.0,235.0,,,,,159.56,47.85,17.26,69.15,5276.145,,,,230.47684306696414,218.9281749869127,7843.894718084014,7070.02771530043,
2018-08-16,7.5649999999999995,40.2,2.115,0.99,2948.5,14803.0,,,68.75,7910.0,220.0,5.43,3.61,2.56,,159.74,40.57,18.43,68.75,5438.125,5632.000000000001,,0.7040000000000001,223.85421517271567,219.05411774583774,6445.710592818813,6901.055004583432,0.19918259812200229
2018-08-17,,,,,,,,,,7528.0,216.0,,,,,105.42,36.77,14.15,,,,,,218.88940428857887,218.69524945083046,5931.347398161469,6751.9371107543575,
2018-08-18,,,,,,,,,,7865.0,216.0,,,,,185.67,41.68,21.15,,,,,,217.06295243500074,218.3785492920507,5742.123753551767,6620.341031330261,
2018-08-19,,,,,,,,,,9076.0,216.0,,,,,55.85,,,,,,,,216.3910383477799,218.09906238287954,5672.512264916326,6504.20789884622,
2018-08-20,7.529999999999999,40.1,2.35,1.22,2958.0,14823.0,19640.0,,68.55,9718.0,187.0,5.49,8.27,6.74,203525.0,157.7,46.71,19.67,68.55,6661.689,12603.800000000001,38059.175,1.5754750000000002,197.81235876282972,214.4448262261763,10053.921741418946,7220.9288637023255,0.19955474600283343
2018-08-21,7.535,41.0,2.45,0.935,3158.0,16328.0,,,68.85,8548.0,203.0,5.71,4.22,2.88,,136.49,63.14,22.4,68.85,5885.297999999999,5846.4,,0.7308,201.09157344067185,213.10002369521953,7394.260746949896,7059.417464730425,0.19341009309162174
2018-08-22,7.5649999999999995,40.15,2.235,0.89,3036.5,15363.0,,,68.3,8385.0,216.0,5.81,8.48,6.62,,190.88,54.29,17.84,68.3,5726.955,14299.2,,1.7874,210.51549636860886,213.44077989346252,11759.014806265172,7910.114337238551,0.19765019852893315
2018-08-23,7.535,40.15,2.68,1.11,3099.0,15368.0,,,68.44999999999999,6997.0,184.0,5.89,4.42,3.12,,81.67,,18.67,68.44999999999999,4789.446499999999,5740.8,,0.7176,193.75450598646722,209.9813970656555,7954.777499778532,7655.213183345375,0.20165278500780842
2018-08-24,,,,,,,,,,6048.0,190.0,,,,,187.09,89.9,16.0,,,,,,191.38120556417638,207.63352101975389,6555.276805384674,7430.263704569408,
2018-08-25,,,,,,,,,,5589.0,203.0,,,,,159.32,,18.32,,,,,,198.72568439586334,207.0890679479934,6040.429272012016,7231.746486311598,
2018-08-26,,,,,,,,,,5747.0,223.0,,,,,53.91,63.72,,,,,,,214.06997834073098,208.95865174687023,5851.027449146386,7056.555656089371,
2018-08-27,7.745,40.1,2.44,1.28,3250.0,16648.0,19994.0,3273.5,68.35,5617.0,222.0,5.94,4.33,3.28,105159.0,132.05,54.38,17.57,68.35,3839.2194999999997,7281.6,23345.298,0.9102,219.0827080635107,210.49105056108596,6755.321769436768,7082.999063554687,0.19521864488226814
2018-08-28,,,,,,,,,,5345.0,220.0,,,,,162.63,90.18,19.02,,,,,,219.66254715501324,211.60838157332483,7087.993058639702,7106.335288736611,
2018-08-29,7.68,40.05,2.27,1.0,2951.0,14753.0,,,59.85,5257.0,220.0,5.97,4.09,2.86,,190.25,86.55,18.05,59.85,3146.3145,6291.999999999999,,0.7864999999999999,219.87585803596454,212.59442273078736,6584.82948158872,7010.648369975391,0.20002711312953297
2018-08-30,7.65,40.05,2.16,1.0350000000000001,4477.5,15223.0,23008.0,3091.5,58.8,5416.0,216.0,5.81,4.44,3.13,,136.6,80.05,19.43,58.8,3184.6079999999997,6760.799999999999,,0.8451,217.42584848833047,212.99458860840733,6696.064064024209,6981.2904126190915,0.29412730736385734
2018-08-31,,,,,,,,,,5442.0,216.0,,,,,188.99,71.57,12.47,,,,,,216.52454034508213,213.347733755927,6736.984980049516,6955.382106185947,
2018-09-01,,,,,,,,,,5553.0,216.0,,,,,109.52,90.07,19.33,,,,,,216.19296760902068,213.6593832547759,6752.038943769129,6932.518106007485,
2018-09-02,,,,,,,,,,6333.0,181.0,,,,,26.2,,,,,,,,193.94676925717118,209.82180456266292,6757.576987529716,6912.340696669298,
2018-09-03,7.665,40.25,2.46,1.15,8793.0,15253.0,22255.0,3028.25,58.2,6152.0,167.0,5.78,4.59,3.3,95019.0,131.82,86.36,19.79,58.2,3580.4640000000004,5511.0,15868.173,0.688875,176.91316241570394,204.7901098896329,5969.590045549612,6747.678824276394,0.5764767586704255
2018-09-04,7.609999999999999,40.25,2.51,1.17,7908.5,14473.0,,,63.45,5464.0,125.0,5.8,4.35,3.04,,136.46,80.92,18.17,63.45,3466.908,3800.0,,0.475,144.09778517893147,195.41452483448552,4598.1475735279155,6401.317432238119,0.5464312858426035
2018-09-05,7.6,40.35,2.2249999999999996,1.28,7073.0,14875.5,,,65.5,5251.0,120.0,5.69,4.07,2.85,,108.42,77.15,13.99,65.5,3439.405,3420.0,,0.4275,128.8650797450948,186.55308457632253,3853.41627096694,6051.003399571599,0.47547981580451076
2018-09-06,7.65,40.35,2.235,1.06,6474.0,14168.5,,,67.55,5593.0,120.0,5.89,3.85,2.92,,109.91,85.88,20.91,67.55,3778.0714999999996,3503.9999999999995,,0.43799999999999994,123.26128058256575,178.73289099605523,3632.543062499527,5751.722610994371,0.45692910329251507
2018-09-07,,,,,,,,,,5709.0,120.0,,,,,82.75,88.82,16.68,,,,,,121.19975807821757,171.8315943838574,3551.2883499987915,5487.608242071892,
2018-09-08,,,,,,,,,,6430.0,122.0,,,,,132.48,34.79,2.58,,,,,,121.70560744901272,165.97622769460608,3521.396411771475,5254.52812956972,
2018-09-09,,,,,,,,,,7060.0,120.0,,,,,,36.48,,,,,,,120.62745791520065,160.57387853301395,3510.3997822408783,5048.835652232483,
2018-09-10,7.7,40.3,2.3449999999999998,0.97,5090.0,14838.0,31506.0,4514.0,75.65,7394.0,120.0,5.8,3.91,2.8,112540.0,107.37,79.0,23.99,75.65,5593.561000000001,3360.0,13504.8,0.42,120.23082886720262,155.8063221312284,3415.328987843081,4850.392232069601,0.3430381453026014
2018-09-11,8.025,40.35,3.04,1.45,3256.0,14728.0,,,76.80000000000001,7780.0,141.0,5.81,3.95,3.01,,132.77,86.75,19.36,76.80000000000001,5975.040000000001,4244.099999999999,,0.5305124999999999,133.35944893007246,154.06653341947882,3939.2121831886216,4779.151016862523,0.22107550244432372
2018-09-12,7.98,40.25,2.07,1.09,3216.0,14878.0,,,77.44999999999999,8159.0,157.0,5.96,4.29,3.09,,134.52,88.98,13.16,77.44999999999999,6319.1455,4851.3,,0.6064125,148.3031272834101,154.41122482885464,4515.761643652149,4787.628745856548,0.2161580857642156
2018-09-13,8.0,40.25,2.5700000000000003,1.23,2951.0,16828.0,,,76.8,8617.0,186.0,5.74,5.35,4.09,,134.59,78.74,,76.8,6617.856,7607.400000000001,,0.950925,172.1320955311099,158.12300375502306,6470.049809162556,5118.960602221324,0.17536249108628477
2018-09-14,,,,,,,,,,8844.0,203.0,,,,,108.51,77.39,15.21,,,,,,191.64433255385123,163.39618981650733,7188.992247378488,5411.359939190843,
2018-09-15,,,,,,,,,,9135.0,203.0,,,,,109.29,88.57,18.15,,,,,,198.82248340578204,168.04976018251946,7453.476389783799,5669.401448384232,
2018-09-16,,,,,,,,,,11639.0,212.0,,,,,,41.2,,,,,,,207.1522625592917,173.21404949322329,7550.774668290573,5897.122280985653,
2018-09-17,7.855,39.900000000000006,2.48,1.16,2951.5,15118.0,39114.5,5251.5,69.05,12276.0,211.0,5.62,6.1,4.63,118453.0,159.61,86.93,19.97,69.05,8476.578,9769.3,24993.583,1.2211625,209.5844965005378,177.65401571655474,8953.150140746046,6352.1151567127545,0.19523085064161927
2018-09-18,7.824999999999999,39.7,2.63,1.12,2972.5,15053.0,,,71.19999999999999,11882.0,216.0,5.51,4.9,3.6,,133.89,76.69,17.46,71.19999999999999,8459.983999999999,7776.0,,0.972,213.6398681577844,182.15978764330197,8209.049335952539,6519.426036161854,0.197468943067827
2018-09-19,7.77,39.599999999999994,2.455,1.24,2777.5,16353.0,,,71.7,11870.0,216.0,5.64,4.54,3.35,,187.07,77.16,14.97,71.7,8510.79,7236.000000000001,,0.9045000000000001,215.13175601679478,186.13611741240902,7593.964845942464,6603.625696440071,0.16984651134348439
2018-09-20,7.84,39.400000000000006,2.315,1.025,2748.5,15338.0,,,72.1,11848.0,218.0,5.64,4.84,3.72,,136.46,121.08,22.37,72.1,8542.408,8109.6,,1.0137,216.9448320063151,189.88022231213174,7919.908427676963,6780.582341736369,0.1791954622506194
2018-09-21,,,,,,,,,,12221.0,216.0,,,,,186.91,88.92,13.42,,,,,,216.34758427048408,192.94937709425804,8039.816370378869,6936.746033102113,
2018-09-22,,,,,,,,,,11354.0,216.0,,,,,131.21,114.09,22.52,,,,,,216.12786910718566,195.6578966830372,8083.9280373320635,7074.560007028559,
2018-09-23,,,,,,,,,,12857.0,216.0,,,,,,,20.17,,,,,,216.04704041569454,198.0481568307245,8100.155812719945,7196.1804121515215,
2018-09-24,,,,,,,,,,14824.0,216.0,,,,,,,,,,,,,216.01730520183816,200.15755400742995,8106.125677661095,7303.5100429636195,
2018-09-25,,,,,,,,,,14181.0,154.0,,,,,131.88,137.08,,,,,,,176.814891580611,194.7338984424381,8108.3218682395145,7398.228109710844,
2018-09-26,8.02,38.2,2.77,1.43,3083.0,15933.0,18222.0,3484.1,72.30000000000001,12460.0,216.0,5.64,4.84,3.75,110698.0,185.28,81.1,31.81,72.30000000000001,9008.580000000002,8100.0,23910.768,1.0125,201.5846042124328,197.23273124540216,8103.061444237455,7480.688480498884,0.19349777191991463
2018-09-27,7.9350000000000005,38.2,2.54,1.09,3043.5,15703.0,,,70.9,11877.0,216.0,5.44,5.64,4.2,,132.7,77.86,24.16,70.9,8420.793,9072.000000000002,,1.1340000000000001,210.6968722534046,199.43794345409475,8715.547425576611,7667.67251299308,0.19381646819079157
2018-09-28,,,,,,,,,,11211.0,216.0,,,,,182.53,36.84,13.84,,,,,,214.04908832812168,201.38403639780768,8940.868426117002,7832.685342501985,
2018-09-29,,,,,,,,,,10970.0,216.0,,,,,154.94,87.26,21.24,,,,,,215.28229970437457,203.1014573927761,9023.759389879993,7978.308653430313,
2018-09-30,,,,,,,,,,12090.0,216.0,,,,,,,,,,,,,215.73597281631675,204.61707610126948,9054.253271307283,8106.820774268675,
2018-10-01,7.925,,2.62,1.18,2880.5,15403.0,21576.0,4377.5,69.5,12043.0,210.0,5.54,5.27,3.77,23301.0,129.89,86.58,23.73,69.5,8369.885,7917.000000000001,4893.21,0.9896250000000001,212.1101464742412,205.24958633252172,8335.37209791892,8084.5162453383155,0.1870090242160618
2018-10-02,,,,,,,,,,10790.0,216.0,,,,,157.34,116.9,18.96,,,,,,214.56900285870506,206.51279323694732,8070.910493584137,8064.832567643664,
2018-10-03,7.8149999999999995,38.35,2.585,1.2650000000000001,3002.0,15383.0,,,69.80000000000001,10776.0,216.0,5.51,4.96,3.81,,184.64,37.2,18.56,69.80000000000001,7521.648000000002,8229.6,,1.0287,215.47356557134248,207.62756941742637,8171.221393059961,8084.193251298717,0.19515049080153415
2018-10-04,7.87,38.4,2.62,1.44,3083.5,15373.0,,,69.35,11451.0,216.0,5.96,10.47,8.26,,133.22,89.32,17.69,69.35,7941.2685,17841.6,,2.2302,215.80633559657207,208.61135594377424,14284.066522162626,9230.71876701309,0.20057893709750862
2018-10-05,,,,,,,,,,10972.0,216.0,,,,,156.23,87.71,13.34,,,,,,215.92875484749212,209.47954450608069,16532.85657222449,10242.52398336523,
2018-10-06,,,,,,,,,,10308.0,204.0,,,,,155.74,54.31,17.02,,,,,,208.38834366716654,208.83568105419064,17360.140199153146,11135.438952814931,
2018-10-07,,,,,,,,,,12691.0,216.0,,,,,,,,,,,,,213.19982812188815,209.67751072119512,17664.480837517945,11923.43364762571,
2018-10-08,7.765000000000001,38.0,2.88,1.29,3113.5,15248.0,21884.0,4320.0,65.55,18438.0,216.0,5.64,27.68,25.47,156060.0,129.38,61.56,19.61,65.55,12086.108999999999,55015.19999999999,33708.96,6.876899999999999,214.9698743342962,210.4204227948304,41274.63830715461,16986.849667130602,0.20419071353620147
2018-10-09,7.9350000000000005,38.05,2.7,1.25,2992.5,15438.0,,,70.85,15075.0,216.0,5.62,4.03,3.12,,237.07,88.61,17.59,70.85,10680.6375,6739.200000000001,,0.8424,215.6210379457645,211.0760403987062,19444.07774504686,15782.719090014816,0.1938398756315585
2018-10-10,7.9350000000000005,37.95,2.79,1.34,3022.5,15858.0,,,70.35,14809.0,216.0,5.68,6.05,4.58,,182.48,86.98,17.72,70.35,10418.1315,9892.8,,1.2366,215.86058765126265,211.65462090340654,13406.518719321073,15090.635353411953,0.19059780552402572
2018-10-11,7.845,37.9,2.755,1.275,2982.0,15818.0,,,68.5,17354.0,212.0,5.21,22.33,20.37,,155.72,77.23,17.58,68.5,11887.49,43184.4,,5.3980500000000005,213.42023082773989,211.6952040170388,32229.729675194285,18391.739717445438,0.18851940826906055
2018-10-12,,,,,,,,,,21183.0,227.0,,,,,155.1,78.91,15.39,,,,,,222.0042821056718,213.4935649503476,39154.402002693096,21304.95409381348,
2018-10-13,,,,,,,,,,23385.0,235.0,,,,,179.44,88.39,17.44,,,,,,230.21914256341284,216.02063768304498,41701.8465888287,23875.856757523194,
2018-10-14,,,,,,,,,,25931.0,194.0,,,,,,,,,,,,,207.3242779259371,213.43314454822482,42638.99907959149,26144.670395093497,
2018-10-15,7.84,38.069,3.05,1.26,3063.5,15928.0,25129.0,4266.5,71.6,24776.0,177.0,5.25,3.78,2.86,,103.53,88.28,18.52,71.6,17739.615999999998,5062.2,,0.632775,188.15567841732124,209.15213721522522,18885.931846411688,23667.41482250144,0.1923342541436464
2018-10-16,7.795,38.0,3.1500000000000004,1.36,3155.5,15338.0,29916.0,3756.0,70.1,22280.0,165.0,4.9,26.15,25.03,,181.03,80.55,17.15,70.1,15618.279999999997,41299.49999999999,,5.162437499999999,173.51849803610975,203.9641243349263,33054.00907299989,25739.239444749765,0.20573086451949407
2018-10-17,7.8149999999999995,,3.365,1.71,3013.0,15483.0,25166.0,4082.0,70.5,24677.0,207.0,4.95,20.78,18.96,,156.61,77.33,19.31,70.5,17397.285,39247.2,,4.9059,194.6828437679435,204.32084912894052,36968.852382707155,27326.466649756774,0.19460052961312407
2018-10-18,7.845,37.95,3.3200000000000003,1.67,2880.5,15683.0,,,70.94999999999999,24544.0,162.0,4.86,14.05,12.36,,156.58,89.56,17.48,70.94999999999999,17413.967999999997,20023.2,,2.5029,174.0233463012446,199.34801827104,26257.15712883583,26468.310197159728,0.1836702161576229
2018-10-19,,,,,,,,,,23899.0,194.0,,,,,178.37,89.02,11.5,,,,,,186.65099980082644,198.7196095591586,22316.544664842855,25710.98978580985,
2018-10-20,,,,,,,,,,22696.0,184.0,,,,,182.82,78.71,18.0,,,,,,184.97524832527364,196.99000984321208,20866.8743537159,25042.656868529488,
2018-10-21,,,,,,,,,,18852.0,118.0,,,,,,,,,,,,,142.63881692622024,187.70843902176136,20333.57044977568,24452.855139134244,
2018-10-22,7.77,38.0,3.045,1.545,3104.0,15713.0,35525.5,3910.5,68.15,20712.0,186.0,4.29,11.14,9.6,180516.0,78.66,77.39,18.75,68.15,14115.228000000001,17855.999999999996,33575.976,2.2319999999999998,170.0483122022853,187.50769214495907,18767.447232526356,23677.70422708524,0.197543435371985
2018-10-23,7.8100000000000005,38.0,3.245,1.74,2961.5,15948.0,,,68.5,16764.0,132.0,4.29,10.75,9.97,,128.97,85.64,17.91,68.5,11483.34,13160.400000000003,,1.6450500000000003,145.99719183049328,180.98536638754564,15223.11740252368,22441.888403942598,0.18569726611487333
2018-10-24,7.805,38.0,3.13,1.47,3053.0,15878.0,,,69.35,16957.0,152.0,4.32,10.43,8.78,,182.52,89.17,18.34,69.35,11759.6795,13345.599999999999,,1.6682,149.7916902851425,177.57949605728865,14036.300052830069,21373.046341495516,0.19227862451190325
2018-10-25,7.85,38.05,3.09,1.45,3022.5,15933.0,,,67.4,16871.0,148.0,4.22,9.83,8.27,,130.36,77.98,17.22,67.4,11371.054000000002,12239.6,,1.5299500000000001,148.65912602085052,174.1038136505705,12900.569011387826,20299.838106292398,0.18970062135191113
2018-10-26,7.859999999999999,38.0,3.3449999999999998,1.525,,,,,67.55,13673.0,118.0,4.16,10.02,8.3,,182.72,40.63,14.47,67.55,9236.111499999999,9794.0,,1.22425,129.2788621473553,167.5114417698118,10936.842871869874,19065.36958785825,
2018-10-27,,,,,,,,,,18549.0,192.0,,,,,131.49,,17.34,,,,,,168.92618285713206,170.3889232130964,10214.428397050255,17975.954944001922,
2018-10-28,,,,,,,,,,19668.0,192.0,,,,,,47.53,,,,,,,183.5116170437897,172.9282916740397,9948.666963759453,17014.549895168413,
2018-10-29,7.82,38.0,3.165,1.605,3013.0,15813.0,24705.0,4314.0,67.25,19703.0,207.0,4.02,10.11,8.74,179077.0,103.07,110.12,12.1,67.25,13250.2675,18091.8,37068.939,2.261475,198.3591068040485,176.93182293657426,15096.108769243117,17141.130119177193,0.1905394295832543
2018-10-30,7.8149999999999995,38.0,3.1399999999999997,1.51,3043.5,15313.0,,,67.35,18668.0,216.0,4.17,9.12,7.75,,157.46,95.46,17.31,67.35,12572.897999999997,16740.0,,2.0925,209.51027806930824,181.52245475190026,16135.246212682523,17093.996087707263,0.19875269378959054
2018-10-31,,,,,,,,,,16415.0,216.0,,,,,155.68,99.15,13.16,,,,,,213.61256472277904,185.57367310983173,16517.523514675333,17052.400450928726,
2018-11-01,7.779999999999999,38.05,2.935,1.345,3093.5,16198.0,,,66.6,15495.0,216.0,4.21,7.88,6.52,,156.36,108.81,14.16,66.6,10319.669999999998,14083.199999999999,,1.7604,215.12171164438297,189.14886076240012,14978.737574209263,16703.510201097386,0.19098036794666007
2018-11-02,,,,,,,,,,12800.0,155.0,,,,,182.75,42.42,11.06,,,,,,177.11754168200622,185.1362638496107,14412.649862348131,16395.61563627926,
2018-11-03,,,,,,,,,,13970.0,205.0,,,,,76.33,,17.21,,,,,,194.7426168154904,187.47031437352382,14204.397831254639,16123.899636504633,
2018-11-04,,,,,,,,,,17607.0,240.0,,,,,,60.81,,,,,,,223.3507391652008,193.64271514089222,14127.786190433148,15884.111108320847,
2018-11-05,7.86,37.9,3.18,1.5150000000000001,3119.0,15851.0,31963.0,3951.0,66.25,17109.0,226.0,4.18,8.0,6.59,185151.0,103.26,55.94,12.85,66.25,11334.7125,14893.4,41844.126,1.861675,225.02539140457668,197.44479633578996,14611.746419583407,15767.699484449298,0.196769919878872
2018-11-06,7.915,38.0,3.04,1.5630000000000002,2974.0,16152.5,,,66.4,15323.0,220.0,4.3,7.79,6.42,,184.05,88.13,16.91,66.4,10174.472000000002,14124.0,,1.7655,221.84873818158343,200.0951026291699,14303.431880269716,15574.559703806402,0.1841201052468658
2018-11-07,7.895,37.95,3.035,1.43,3105.5,16372.5,,,65.65,15982.0,240.0,4.32,7.46,5.84,,156.52,86.53,18.47,65.65,10492.183,14015.999999999998,,1.7519999999999998,233.3225239456844,204.78405167228627,14121.74027948848,15391.424111102315,0.18967781340662695
2018-11-08,7.87,38.0,3.035,1.4449999999999998,3197.5,16251.0,,,65.6,15922.0,240.0,4.18,7.39,6.11,,155.85,80.1,13.3,65.6,10444.832,14664.000000000002,,1.8330000000000002,237.5434938407027,208.92203467921348,14464.51379704844,15305.949524913145,0.19675712263860687
2018-11-09,,,,,,,,,,15960.0,240.0,,,,,156.76,120.45,14.15,,,,,,239.0963018868835,212.57379186577444,14590.613127136767,15230.518467351503,
2018-11-10,,,,,,,,,,15019.0,218.0,,,,,159.86,,17.05,,,,,,225.76089574893075,213.2113881287666,14637.002478221755,15163.950792694674,
2018-11-11,,,,,,,,,,15309.0,214.0,,,,,,47.35,,,,,,,218.32659175579226,213.30405246629508,14654.068166775207,15105.205025997762,
2018-11-12,7.8,38.1,3.08,1.39,3210.0,16699.0,46255.0,4866.5,66.19999999999999,12423.0,178.0,4.1,7.87,6.73,153398.0,104.02,89.54,13.94,66.19999999999999,8224.025999999998,11979.4,27304.844,1.497425,192.83532403946975,209.15571695018946,12963.355430512309,14737.913253526385,0.19222707946583628
2018-11-13,7.89,38.1,3.145,1.455,3113.5,16416.5,,,65.6,14440.0,216.0,4.21,7.78,6.22,,158.02,81.2,17.81,65.6,9472.64,13435.2,,1.6794,207.47819195272257,209.95994140812994,13261.618083457088,14584.840411192936,0.18965674778424146
2018-11-14,7.86,38.1,3.0250000000000004,1.4649999999999999,3147.5,16467.5,,,65.85,14205.0,220.0,4.23,7.44,6.13,,184.1,79.27,14.59,65.85,9353.992499999998,13485.999999999998,,1.6857499999999999,215.39348425311152,211.1396793909068,13403.454505933214,14455.723259312548,0.19113405192044938
2018-11-15,7.845,38.0,2.955,1.38,3256.5,16307.5,,,66.2,13025.0,192.0,4.38,7.64,6.42,,156.5,87.05,17.34,66.2,8622.55,12326.4,,1.5408,200.6059819140876,208.89070777893744,12722.626209753895,14205.52118094466,0.1996933926107619
2018-11-16,,,,,,,,,,13430.0,188.0,,,,,128.14,89.45,12.88,,,,,,192.63748158197185,206.4359849077122,12472.163476621741,13984.718621764769,
2018-11-17,,,,,,,,,,13026.0,192.0,,,,,183.48,,18.61,,,,,,192.2345163681329,204.73971196681399,12380.023386322813,13789.861047205763,
2018-11-18,,,,,,,,,,15813.0,236.0,,,,,,41.6,,,,,,,219.89957833891083,208.41289263681102,12346.126941394155,13617.899841212293,
2018-11-19,7.875,38.0,2.88,1.46,3207.0,16078.0,27771.0,3659.0,65.80000000000001,15515.0,240.0,4.14,7.77,6.3,180970.0,103.34,114.24,19.71,65.80000000000001,10208.870000000003,15120.0,43432.8,1.89,232.60546811200817,212.12447559037867,14099.549129319563,13794.401262498019,0.1994651076004478
2018-11-20,7.855,38.0,2.9050000000000002,1.47,3296.0,16102.5,,,65.6,14357.0,240.0,4.19,7.58,6.09,,182.34,88.86,17.34,65.6,9418.192,14616.0,,1.827,237.27970374132116,215.39993605058788,14426.008342301575,13890.941658987087,0.2046887129327744
2018-11-21,7.84,38.1,2.9050000000000002,1.38,3211.5,16078.5,,,65.7,13711.0,240.0,4.26,6.93,5.09,,157.28,87.65,17.34,65.7,9008.127,12216.0,,1.527,238.99925893253646,218.29051976126084,13029.01663395013,13694.130826066008,0.19973878160276146
2018-11-22,7.895,38.1,2.775,1.2850000000000001,3181.0,16402.5,,,65.65,13527.0,240.0,4.25,6.96,5.8,,153.76,78.94,14.66,65.65,8880.4755,13920.0,,1.74,239.6318479353442,220.84145093259121,13592.225537204522,13720.67115361391,0.19393385154702028
2018-11-23,,,,,,,,,,13129.0,240.0,,,,,177.75,77.22,11.8,,,,,,239.8645644241883,223.09263978999675,13799.418513796529,13744.092910468515,
2018-11-24,,,,,,,,,,13061.0,240.0,,,,,132.11,,20.74,,,,,,239.95017603605567,225.0793069837901,13875.640550239845,13764.762538345793,
2018-11-25,,,,,,,,,,13166.0,240.0,,,,,,90.22,,,,,,,239.9816707879872,226.83253462877917,13903.681070411561,13783.003420925068,
2018-11-26,7.855,38.05,2.71,1.375,3316.5,16643.5,27945.0,4174.0,65.15,12363.0,240.0,4.23,6.74,5.3,151878.0,104.16,88.43,21.55,65.15,8054.494500000001,12720.0,36450.72,1.59,239.99325705972763,228.3797525950077,13155.45193070822,13658.0972264032,0.1992669811037342
2018-11-27,7.915,38.0,2.7,1.38,3197.5,16769.0,,4174.0,65.30000000000001,11658.0,240.0,3.98,6.55,5.35,,156.45,80.75,22.99,65.30000000000001,7612.674000000002,12840.0,,1.605,239.99751941090074,229.7451676578276,12956.048279985393,13561.968268313873,0.19067922953068162
2018-11-28,7.825,38.0,2.81,1.3050000000000002,3267.5,16565.0,,,65.35,11250.0,240.0,4.2,6.43,5.17,,157.27,73.78,19.65,65.35,7351.874999999999,12408.0,,1.551,239.99908744226838,230.95014222150854,12609.615694975997,13426.373422467901,0.19725324479323875
2018-11-29,7.765,38.0,2.6550000000000002,1.31,3505.0,16413.0,,,65.19999999999999,11438.0,240.0,4.16,6.45,5.37,,156.92,89.19,20.05,65.19999999999999,7457.575999999998,12888.0,,1.611,239.99966428877167,232.01352854165017,12785.58813743687,13363.11287776179,0.21355023457015782
2018-11-30,,,,,,,,,,11889.0,240.0,,,,,126.98,122.67,22.58,,,,,,239.99987649874095,232.95196367542601,12850.32478123095,13307.285643002833,
2018-12-01,,,,,,,,,,12092.0,240.0,,,,,212.67,,22.33,,,,,,239.99995456642586,233.78012977425973,12874.14006157323,13258.01828124819,
2018-12-02,,,,,,,,,,13442.0,240.0,,,,,,80.65,,,,,,,239.99998328592216,234.51098379130607,12882.901213596888,13214.539987101203,
2018-12-03,7.869999999999999,38.15,2.76,1.13,3602.5,16468.0,25020.0,4121.8,64.5,12235.0,240.0,4.0,7.05,5.52,142894.0,126.53,40.16,23.09,64.5,7891.575,13248.0,34294.56,1.656,239.9999938512344,235.15596019759096,13113.687662485652,13218.47164225637,0.21875759047850377
2018-12-04,7.78,38.099999999999994,2.735,1.34,3491.0,16513.0,,,64.8,12614.0,240.0,3.99,7.14,5.72,,181.78,88.29,29.1,64.8,8173.871999999999,13728.0,,1.716,239.99999773799556,235.72514987837752,13502.007120570499,13278.34280251223,0.2114091927572216
2018-12-05,7.795,37.95,2.6900000000000004,1.1949999999999998,3553.5,16393.0,,,65.30000000000001,12341.0,240.0,4.02,7.05,5.52,,182.52,90.07,16.95,65.30000000000001,8058.673000000002,13248.0,,1.656,239.9999991678551,236.2274580086548,13341.443997569044,13274.77742923278,0.21676935277252485
2018-12-06,7.765,37.9,2.91,1.33,3755.5,16327.5,,,65.1,12476.0,240.0,4.01,7.05,5.52,,157.17,121.22,18.32,65.1,8121.876,13248.0,,1.656,239.99999969387102,236.67074337776754,13282.376125606526,13271.630998357106,0.230010718113612
2018-12-07,7.775,37.8,2.565,1.06,3853.5,16406.5,,,65.4,12620.0,240.0,4.05,7.1,5.49,,155.76,37.09,22.21,65.4,8253.480000000001,13176.000000000002,,1.6470000000000002,239.99999988738145,237.06194134297058,13215.133589642113,13260.39405984122,0.23487642093072866
2018-12-08,,,,,,,,,,12968.0,240.0,,,,,129.36,89.3,16.63,,,,,,239.99999995856996,237.4071723355597,13190.396443088575,13250.477496406415,
2018-12-09,,,,,,,,,,13315.0,240.0,,,,,,,,,,,,,239.99999998475874,237.71183761719578,13181.296155438282,13241.726159890917,
2018-12-10,7.805,38.1,2.715,1.24,3318.5,15233.0,31054.0,4491.5,65.1,12546.0,240.0,3.98,7.09,5.63,179013.0,157.09,88.79,22.12,65.1,8167.446,13512.0,42963.12,1.689,239.99999999439308,237.9807037845647,13390.340854469387,13273.48417325409,0.21784940589509616
2018-12-11,7.785,38.0,2.715,1.085,3342.5,15206.0,,,65.05,11849.0,240.0,4.08,6.33,4.96,,129.2,79.67,19.81,65.05,7707.7744999999995,11904.000000000002,,1.4880000000000002,239.99999999793732,238.21797734447756,12450.794242932483,13112.56554103536,0.21981454688938576
2018-12-12,7.775,37.9,2.73,1.24,3346.0,15259.0,,,65.25,12333.0,240.0,3.97,7.29,5.79,,206.37,77.75,16.77,65.25,8047.2825,13895.999999999998,,1.7369999999999999,239.9999999992412,238.42737052616587,13364.33851371225,13204.621516585667,0.2192804246674094
2018-12-13,7.82,38.0,2.61,1.275,3276.5,15482.5,,,65.0,12990.0,240.0,3.96,7.5,6.18,,152.84,87.53,16.99,65.0,8443.5,14831.999999999998,,1.8539999999999999,239.99999999972084,238.61215936042814,14292.077512595613,13395.843529054033,0.21162602938801872
2018-12-14,7.775,38.15,2.815,1.31,3163.5,15657.5,,,65.0,12724.0,240.0,3.92,6.96,5.59,,181.48,89.03,19.62,65.0,8270.6,13415.999999999998,,1.6769999999999998,239.9999999998973,238.7752349342968,13738.290905756541,13398.211976823146,0.2020437490020757
2018-12-15,,,,,,,,,,12873.0,240.0,,,,,79.76,80.2,15.68,,,,,,239.99999999996223,238.9191486231231,13534.564198304353,13400.302124643324,
2018-12-16,,,,,,,,,,13148.0,240.0,,,,,,,,,,,,,239.99999999998613,239.04615200775186,13459.617331015144,13402.146673620573,
2018-12-17,7.805,38.0,2.59,1.41,3116.0,15808.0,24734.0,,65.15,12761.0,240.0,3.95,6.8,5.53,176997.0,185.09,77.82,24.23,65.15,8313.7915,13272.0,42479.28,1.659,239.99999999999488,239.15823210130446,13341.020558887929,13386.854036351842,0.1971153846153846
2018-12-18,,,,,,,,,,12697.0,240.0,,,,,147.69,89.72,15.83,,,,,,239.99999999999812,239.25714243670603,13297.391244633032,13373.358331329839,
2018-12-19,7.8,38.099999999999994,2.795,1.32,3104.0,16018.5,,,64.7,12208.0,240.0,3.97,6.9,5.65,,156.19,87.8,15.87,64.7,7898.576,13560.0,,1.695,239.99999999999932,239.34443050133154,13463.391637828872,13395.289305505363,0.19377594656178793
2018-12-20,7.765,37.9,2.64,1.29,3107.0,15990.0,,,64.80000000000001,11718.0,240.0,3.95,6.79,5.52,,157.29,78.97,17.68,64.80000000000001,7593.264000000001,13248.0,,1.656,239.99999999999977,239.42146194799616,13327.238155357489,13377.982355892318,0.1943089430894309
2018-12-21,7.78,38.0,2.7,1.15,3174.5,15902.5,,,64.69999999999999,11704.0,240.0,3.96,6.65,5.48,,102.61,72.82,18.42,64.69999999999999,7572.4879999999985,13152.000000000002,,1.6440000000000001,239.99999999999994,239.48944196107928,13216.46651466483,13351.42872911374,0.19962270083320233
2018-12-22,,,,,,,,,,12363.0,240.0,,,,,107.44,88.0,16.58,,,,,,240.0,239.54943411206278,13175.71590538917,13327.995235729257,
2018-12-23,,,,,,,,,,12600.0,240.0,,,,,,,,,,,,,240.0,239.60237699948513,13160.724594021445,13307.315250400716,
2018-12-24,7.785,38.0,2.54,1.25,3106.5,15896.5,33002.0,4357.0,64.65,10569.0,206.0,3.97,6.58,5.41,176752.0,154.68,89.69,21.6,64.65,6832.858500000001,11144.6,36410.912,1.393075,218.50790099982902,235.65399362152547,11886.29078898061,13053.1895096511,0.1954203755543673
2018-12-25,,,,,,,,,,10469.0,216.0,,,,,129.24,78.57,16.46,,,,,,216.92260521833038,233.3445884944136,11417.452792972192,12828.924330572549,
2018-12-26,7.84,37.95,2.645,1.51,3083.5,16037.5,,,64.7,10139.0,209.0,3.99,6.53,5.29,,103.67,78.91,15.59,64.7,6559.933000000001,11056.099999999999,,1.3820124999999999,211.91456358034134,230.4840239410166,11189.034263544349,12620.611980556881,0.19226812159002338
2018-12-27,7.79,37.9,2.62,1.35,3192.5,15841.5,,,65.15,9517.0,200.0,4.01,6.34,5.36,,180.22,62.61,17.14,65.15,6200.325500000001,10720.0,,1.34,204.3831229917376,226.9020567062618,10892.548062762955,12397.28418585662,0.2015276331155509
2018-12-28,7.795,37.9,2.415,1.025,3103.0,15938.5,,,65.25,9514.0,202.0,3.99,6.34,5.18,,72.62,71.45,16.25,65.25,6207.885,10463.6,,1.30795,202.87670195444326,223.97598791126197,10621.401173620809,12170.070304595281,0.19468582363459547
2018-12-29,,,,,,,,,,9434.0,202.0,,,,,108.45,,17.31,,,,,,202.3225206250745,221.3937412629252,10521.651807567821,11969.554758157927,
2018-12-30,,,,,,,,,,10022.0,211.0,,,,,,21.06,,,,,,,207.80773373677567,220.1724444707972,10484.956066527044,11792.600409506904,
2018-12-31,7.775,38.0,2.49,1.21,3076.5,15747.5,38032.0,3777.0,65.25,8553.0,187.0,3.99,6.03,4.86,175598.0,108.18,57.11,19.68,65.25,5580.8325,9088.2,32836.826,1.136025,194.6547374591292,216.274579496638,9602.037841206791,11474.824984738352,0.1953643435465947
2019-01-01,7.775,38.05,2.54,1.0950000000000002,3102.5,15760.0,,,64.8,8383.0,192.0,3.98,5.84,4.84,178540.0,77.88,88.65,13.17,64.8,5432.184,9292.8,34279.68,1.1616,192.97662333292135,213.42224121732656,9406.562244212219,11218.430290393795,0.19685913705583757
2019-01-02,7.765,38.0,2.5949999999999998,1.18,3195.0,15612.5,,,65.0,8317.0,196.0,3.91,5.85,4.68,,155.7,90.04,15.42,65.0,5406.05,9172.800000000001,,1.1466,194.88776188126434,211.37507391037238,9258.796323767774,10978.06239510575,0.20464371497197759
2019-01-03,7.8149999999999995,38.05,2.46,1.1,3162.0,15762.5,,,65.15,8235.0,200.0,4.1,5.73,4.57,,103.03,114.13,16.24,65.15,5365.1025,9140.0,,1.1425,198.1193126977442,210.03846749257445,9183.70272520091,10762.084370438046,0.20060269627279936
2019-01-04,,,,,,,,,,8596.0,204.0,,,,,147.3,40.93,16.99,,,,,,201.83661604154213,209.32892885855475,9156.07733412458,10571.484432642459,
2019-01-05,,,,,,,,,,9391.0,208.0,,,,,142.76,89.09,19.42,,,,,,205.7326177536375,209.17277560142983,9145.914520693277,10403.280577905038,
2019-01-06,,,,,,,,,,9920.0,208.0,,,,,26.4,,,,,,,,207.1658766862861,209.0349708356886,9142.175830567441,10254.841197096473,
2019-01-07,7.795,37.95,2.51,1.125,3242.5,15405.0,26006.0,3012.6000000000004,65.8,9991.0,216.0,3.96,6.36,5.1,154860.0,75.95,133.38,20.85,65.8,6574.0779999999995,11015.999999999998,33449.76,1.3769999999999998,212.7501076521113,209.85338333608382,10326.658611695606,10344.279714062639,0.21048360921778644
2019-01-08,7.795,38.0,2.5549999999999997,1.0950000000000002,3177.5,15550.0,,,65.7,9636.0,216.0,4.07,6.0,4.82,,106.22,99.21,15.61,65.7,6330.852000000001,10411.2,,1.3014000000000001,214.80443141919136,210.5756298327191,10380.098961314721,10352.143054940203,0.20434083601286174
2019-01-09,7.805,38.0,2.435,1.525,3154.5,15721.0,,,65.5,9436.0,216.0,4.04,5.91,5.26,,98.8,95.89,15.68,65.5,6180.58,11361.599999999999,,1.4202,215.56017489860997,211.2130101289023,11000.525946379268,10470.75737269222,0.20065517460721327
2019-01-10,7.765,38.0,2.38,1.1,3191.0,15619.5,,,65.45,9647.0,216.0,4.08,6.11,4.93,,100.33,89.77,17.27,65.45,6313.9615,10648.8,,1.3311,215.83819738748747,211.77549626605244,10778.1927445995,10491.67793287286,0.2042959121610807
2019-01-11,,,,,,,,,,9933.0,216.0,,,,,99.75,88.33,17.34,,,,,,215.9404761453288,212.2718885398342,10696.400930574902,10510.140262432611,
2019-01-12,,,,,,,,,,10456.0,216.0,,,,,128.08,41.59,15.92,,,,,,215.9781023976072,212.70995318391354,10666.311403739135,10526.433211083586,
2019-01-13,,,,,,,,,,11127.0,225.0,,,,,,42.45,,,,,,,221.68102935172575,214.15407175218402,10655.24208542168,10540.811687802041,
2019-01-14,7.785,38.0,2.33,1.15,3172.5,15731.5,23337.5,3240.5,65.35,9963.0,207.0,4.23,6.35,5.18,119773.0,75.69,37.3,21.57,65.35,6510.820499999999,10722.6,24793.011,1.340325,212.40084887373442,213.31344616217035,10697.820408026455,10562.17237755922,0.2016654483043575
2019-01-15,7.779999999999999,38.0,2.32,1.15,3106.5,15817.5,,,65.35,10058.0,216.0,4.19,6.28,5.06,,78.05,112.88,15.13,65.35,6572.902999999999,10929.599999999999,,1.3661999999999999,214.67594629497785,213.62912455948856,10844.333053229828,10605.34626127199,0.1963963963963964
2019-01-16,7.805,38.0,2.3,1.01,3050.0,15931.0,,,65.45,9493.0,216.0,4.23,5.99,4.98,,104.05,108.65,14.8,65.45,6213.1685,10756.8,,1.3446,215.51290786291548,213.90770976733475,10789.001610706218,10623.142544687675,0.1914506308455213
2019-01-17,7.775,38.0,2.4,1.07,3087.0,15872.5,,,65.35,9330.0,216.0,4.21,5.94,4.94,,79.6,139.07,16.56,65.35,6097.155,10670.400000000003,,1.3338000000000003,215.8208088168103,214.1535603503649,10714.031094268637,10628.695442062844,0.19448732083792722
2019-01-18,7.785,38.0,2.29,1.0350000000000001,3091.0,15837.5,,,65.05,9264.0,216.0,4.18,6.03,4.9,,100.01,36.27,17.85,65.05,6026.232,10584.000000000002,,1.3230000000000002,215.93407924766532,214.37052272838764,10631.835766294458,10623.44358918011,0.19516969218626679
2019-01-19,,,,,,,,,,9858.0,216.0,,,,,128.69,89.88,14.72,,,,,,215.9757491104695,214.5619913549701,10601.597794972415,10618.808845278267,
2019-01-20,,,,,,,,,,10264.0,216.0,,,,,,46.61,,,,,,,215.99107859631158,214.73096182487123,10590.473866980303,10614.718698140618,
2019-01-21,7.84,37.849999999999994,2.37,1.16,3021.0,16080.5,18966.0,3129.0,65.5,9620.0,216.0,7.1,6.21,5.12,106476.0,72.71,41.64,21.86,65.5,6301.1,11059.2,22998.816,1.3824,215.99671799899664,214.88007774118725,10886.765292122263,10666.946627852327,0.1878672926836852
2019-01-22,7.83,38.0,2.435,1.085,2942.5,16056.5,,3128.95,65.4,9378.0,217.0,4.05,6.17,5.02,,78.49,77.69,14.21,65.4,6133.212,10893.4,,1.361675,216.63091317813354,215.1291751728776,10890.959227373602,10693.555600499842,0.18325911624575716
2019-01-23,7.795,38.0,2.2800000000000002,1.005,3055.0,16022.5,18966.0,,65.4,9491.0,216.0,4.02,6.29,4.84,106476.0,78.1,75.64,11.35,65.4,6207.1140000000005,10454.4,22998.816,1.3068,216.23209998739947,215.23149978737072,10615.001164604437,10665.45407667687,0.19066937119675456
2019-01-24,7.6850000000000005,38.1,2.27,1.0750000000000002,2968.5,15821.5,20399.0,,64.65,9631.0,216.0,4.27,6.23,5.23,113551.0,103.23,135.75,20.83,64.65,6226.4415,11296.800000000001,24527.016,1.4121000000000001,216.0853848136604,215.32180094271905,11045.98022544334,10739.639178207924,0.18762443510413046
2019-01-25,,,,,,,,,,9082.0,210.0,,,,,110.42,102.71,17.23,,,,,,212.2386879645626,214.69647284812135,11204.528561501349,10805.107300527005,
2019-01-26,,,,,,,,,,9404.0,212.0,,,,,130.16,40.81,15.25,,,,,,212.08780839501765,214.37962893637055,11262.855234769031,10862.882715691623,
2019-01-27,,,,,,,,,,10456.0,212.0,,,,,23.38,41.3,,,,,,,212.03230290328926,214.1000151656477,11284.312418736135,10913.869340619938,
2019-01-28,7.66,38.1,2.315,1.13,2793.0,15416.0,22750.0,3044.1000000000004,63.849999999999994,10572.0,216.0,4.19,7.07,5.6,118913.0,76.93,36.75,21.91,63.849999999999994,6750.222,12095.999999999998,25685.208,1.5119999999999998,214.5403658093245,214.3232692687264,11797.396826198848,11052.77335464681,0.18117540217955372
2019-01-29,7.765000000000001,38.1,2.3200000000000003,1.0,2767.5,15572.5,20760.0,,63.8,9533.0,206.0,4.29,6.88,5.61,124386.0,23.16,88.2,15.1,63.8,6082.054,11556.600000000002,25623.516,1.4445750000000002,209.14182500133398,213.34525934902857,11645.18420185789,11111.974546036223,0.17771712955530583
2019-01-30,7.695,38.0,2.55,1.1949999999999998,2840.5,14910.5,18857.0,,63.7,8042.0,192.0,4.46,5.64,4.64,90245.0,104.43,150.64,10.88,63.7,5122.754,8908.8,17327.04,1.1136,198.3061250021494,210.83712526038258,9915.459491009842,10853.09471273019,0.19050333657489688
2019-01-31,7.675,38.05,2.365,1.1099999999999999,2761.5,15252.5,17851.0,,63.7,8485.0,192.0,4.39,5.98,4.9,124642.0,76.04,36.18,19.93,63.7,5404.945,9408.000000000002,23931.264,1.1760000000000002,194.319893741748,208.62370469588566,9594.683913969846,10683.291607925768,0.18105228651040814
2019-02-01,7.715,37.95,2.435,1.18,2759.5,15495.0,20465.0,,63.5,8150.0,192.0,6.56,6.56,5.28,106910.0,126.52,35.77,18.67,63.5,5175.25,10137.599999999999,20526.72,1.2671999999999999,192.85344121329138,206.6703679036001,9937.87233366824,10619.171153760897,0.1780897063568893
2019-02-02,,,,,,,,,,8777.0,192.0,,,,,155.8,,18.2,,,,,,192.3139634766183,204.94655423470354,10064.124297723394,10562.585051568081,
2019-02-03,,,,,,,,,,9553.0,192.0,,,,,23.6,128.66,,,,,,,192.11550070832658,203.42529401126936,10110.569799706802,10512.647991653586,
2019-02-04,,,,,,,,,,9428.0,192.0,,,,,101.6,48.41,48.64,,,,,,192.0424903360341,202.08278657606354,10127.656145021385,10468.578690954862,
2019-02-05,,,,,,,,,,6982.0,150.0,,,,,,118.98,,,,,,,165.46656785027596,195.96289783135063,10133.941860187377,10429.68766958917,
2019-02-06,,,,,,,,,,6548.0,160.0,,,,,98.76,,,,,,,,162.0110379258853,191.73714594413318,10136.254245570004,10395.366463695595,
2019-02-07,7.78,38.05,2.135,0.74,2679.0,15741.0,24530.0,2960.05,64.85,7783.0,168.0,4.49,6.48,5.15,122772.0,128.04,41.34,18.8,64.85,5047.2755,8652.000000000002,20625.696,1.0815000000000001,165.79678397897771,188.947957771896,9198.026622416635,10190.515504281222,0.17019249094720793
2019-02-08,7.7,38.0,2.33,1.03,2741.0,15598.5,25929.0,,64.7,8013.0,168.0,4.35,7.1,5.49,122332.0,124.54,130.41,19.29,64.7,5184.411,9223.2,20551.776,1.1529,167.18948212140634,186.48650784917112,9213.939231922235,10076.852936350235,0.17572202455364297
2019-02-09,,,,,,,,,,8377.0,168.0,,,,,178.36,,21.83,,,,,,167.7018271357635,184.3142859164993,9219.793153814733,9976.546072211328,
2019-02-10,,,,,,,,,,9138.0,168.0,,,,,26.25,,,,,,,,167.8903083333322,182.3973067891901,9221.946691329207,9888.025575300768,
2019-02-11,7.725,38.0,2.49,1.16,2832.5,15559.0,30248.0,3239.95,64.69999999999999,8377.0,168.0,4.1,6.88,5.34,178264.0,78.76,78.2,22.5,64.69999999999999,5419.918999999999,8971.199999999999,29948.352,1.1214,167.9596466909651,180.70557864702042,9063.444552681776,9780.295730413267,0.18204897486985025
2019-02-12,7.695,38.05,2.37,1.06,2862.0,15326.5,26021.0,,64.4,7587.0,168.0,4.21,6.31,5.26,121739.0,129.35,87.86,14.9,64.4,4886.028,8836.800000000001,20452.152,1.1046,167.98515484722282,179.21263380154048,8920.177871385124,9669.432059691499,0.18673539294685676
2019-02-13,7.765,38.0,2.46,1.0,2860.0,15693.0,22641.0,,64.4,8459.0,192.0,3.93,6.52,5.02,140831.0,126.35,89.06,12.08,64.4,5447.596000000001,9638.4,27039.552,1.2047999999999999,183.1654321853776,180.7151889376445,9374.180844688195,9665.785696558567,0.1822468616580641
2019-02-14,7.765,38.0,2.46,1.0,2860.0,15693.0,22641.0,,64.4,8743.0,192.0,3.93,6.52,5.02,140831.0,100.38,114.98,19.37,64.4,5630.492000000001,9638.4,27039.552,1.2047999999999999,188.7499441293655,182.0411891912189,9541.199204797102,9662.567792388058,0.1822468616580641
2019-02-15,7.8,38.0,2.38,1.0,2899.5,15715.5,25106.5,,63.849999999999994,9256.0,198.0,3.92,6.52,5.09,109219.0,126.37,33.79,18.35,63.849999999999994,5909.956,10078.199999999999,21625.362,1.2597749999999999,194.59709461550636,183.91639889231712,9880.648447552136,9711.405864168062,0.18449937959339505
2019-02-16,,,,,,,,,,10496.0,216.0,,,,,126.86,86.68,16.87,,,,,,208.1263111277072,187.68632139871016,10005.524845282927,9754.505311242121,
2019-02-17,,,,,,,,,,11022.0,216.0,,,,,22.45,,,,,,,,213.1034317377031,191.013266333586,10051.464304695633,9792.540439788087,
2019-02-18,7.84,38.1,2.3,1.0,2871.0,15812.5,25561.0,,64.1,10675.0,216.0,4.0,6.79,5.2,124747.0,100.29,132.49,21.3,64.1,6842.674999999999,11232.000000000002,26945.352,1.4040000000000001,214.93441208635127,193.9492849336834,10797.70518812849,9961.681396717202,0.18156521739130435
2019-02-19,7.795,38.05,2.2350000000000003,0.995,2827.0,15726.5,25830.0,,64.05000000000001,10306.0,216.0,4.05,6.48,5.15,122231.0,124.15,95.77,15.56,64.05000000000001,6600.993000000001,11124.0,26401.896,1.3905,215.60799211380785,196.54031225420013,11003.962846951568,10098.257432786479,0.1797602772390551
2019-02-20,7.79,38.1,2.5,1.145,2802.5,15736.0,23912.0,,64.1,10465.0,216.0,4.05,6.91,5.5,127358.0,102.54,18.0,11.45,64.1,6708.064999999999,11880.0,27509.328,1.485,215.85578835789283,198.8268858390682,11557.723941691122,10307.617703230942,0.1780948144382308
2019-02-21,7.9350000000000005,38.1,2.33,1.06,2796.5,15899.0,21914.0,,64.55,10487.0,216.0,4.02,6.78,5.28,165882.0,79.08,90.53,19.41,64.55,6769.358499999999,11404.8,35830.512,1.4256,215.94694750169117,200.84477994524605,11461.057574211063,10436.540021530654,0.17589156550726462
2019-02-22,,,,,,,,,,10954.0,216.0,,,,,102.54,88.06,17.58,,,,,,215.98048307656939,202.62556524369168,11425.496004962426,10550.313568104177,
2019-02-23,,,,,,,,,,11644.0,216.0,,,,,128.14,,16.42,,,,,,215.99282012511495,204.19710275373814,11412.413634740058,10650.718370551374,
2019-02-24,,,,,,,,,,12243.0,216.0,,,,,,82.42,,,,,,,215.99735867163957,205.58397973864965,11407.600899693454,10739.325297715644,
2019-02-25,7.875,38.0,2.37,0.905,2876.5,15702.5,24974.0,3320.05,64.6,10625.0,216.0,3.95,6.85,3.64,167569.0,127.09,37.95,22.44,64.6,6863.749999999999,7862.4,36194.904,0.9828,215.9990283095988,206.80789438209993,9166.606525819723,10401.277664201321,0.18318739054290717
2019-02-26,7.8149999999999995,38.0,2.4850000000000003,1.0,2922.5,15452.5,29697.5,,64.55,9471.0,216.0,4.32,6.07,4.6,127108.0,104.67,88.32,15.47,64.55,6113.530499999999,9936.0,27455.328,1.242,215.9996425350782,207.88799526397273,9652.955958677605,10346.60609749946,0.18912797281993204
2019-02-27,7.835,38.0,2.32,1.0,2872.0,15519.0,23950.0,,64.65,9587.0,192.0,4.01,6.8,5.53,135813.0,127.5,129.54,11.85,64.65,6197.995500000001,10617.6,26076.096,1.3272,200.82897508411895,206.02110660873464,10262.727289148956,10378.448720423961,0.18506347058444486
2019-02-28,7.835,38.05,2.305,0.925,2857.0,15571.0,23519.0,,64.75,9391.0,192.0,3.97,6.88,5.34,121489.0,106.03,78.25,20.28,64.75,6080.6725,10252.800000000001,23325.888,1.2816,195.2479984200623,204.3735831530167,10256.452045584467,10363.684606587864,0.183482114186629
2019-03-01,,,,,,,,,,9171.0,192.0,,,,,74.26,,17.97,,,,,,193.19487184369825,202.91964880641018,10254.143512488747,10350.655321858101,
2019-03-02,,,,,,,,,,9666.0,192.0,,,,,77.78,88.26,17.32,,,,,,192.4395687861312,201.63655624896856,10253.294250623569,10339.157018441192,
2019-03-03,,,,,,,,,,10328.0,192.0,,,,,,,,,,,,,192.16170831939837,200.50423104129698,10252.981824643199,10329.009801290793,
2019-03-04,7.9,37.95,2.335,1.18,2797.5,15604.0,23272.0,3207.0,64.45,9273.0,182.0,3.99,6.86,5.4,133504.0,73.39,128.77,22.56,64.45,5976.4484999999995,9828.000000000002,24297.728,1.2285000000000001,185.73828357788747,198.3299265786543,9984.342076157762,10270.139597803649,0.1792809536016406
2019-03-05,7.84,37.95,2.28,1.08,2824.0,15517.0,22808.0,3207.0,64.5,8210.0,168.0,3.99,6.75,5.42,140565.0,101.54,95.23,15.01,64.5,5295.45,9105.599999999999,23614.92,1.1381999999999999,174.5255498499738,194.7660662612806,9428.87114391075,10133.302587998829,0.18199394212798867
2019-03-06,7.81,37.95,2.465,1.04,2794.0,15487.5,23637.0,,64.55,8229.0,168.0,4.2,6.65,5.38,127802.0,151.87,38.38,12.31,64.55,5311.8195,9038.400000000001,21470.736,1.1298000000000001,170.40061563214476,191.62097056995415,9182.046306215461,10004.648142540824,0.18040355125100888
2019-03-07,7.825,38.0,2.51,1.1,2821.5,15488.0,23521.0,,64.69999999999999,9000.0,168.0,4.0,6.98,5.71,135041.0,131.41,86.3,20.85,64.69999999999999,5822.999999999999,9592.800000000001,22686.888,1.1991,168.88313713722084,188.8454333640264,9441.692160671439,9956.254710127496,0.18217329545454544
2019-03-08,7.855,38.0,2.4850000000000003,1.0150000000000001,2733.5,15566.0,25788.0,,64.6,8295.0,168.0,4.29,6.88,5.34,129505.0,153.14,108.62,17.23,64.6,5358.57,8971.199999999999,21756.84,1.1214,168.32488799651856,186.39603037678688,9144.284393143353,9840.50773056388,0.17560709238083003
2019-03-09,,,,,,,,,,8023.0,160.0,,,,,104.37,18.93,16.89,,,,,,163.0625551439741,183.2944150480433,9034.874189825074,9738.361379615468,
2019-03-10,,,,,,,,,,8225.0,144.0,,,,,,,,,,,,,151.012722133665,178.67719956877173,8994.624425369891,9648.217541293174,
2019-03-11,7.925,38.05,2.35,1.19,2807.5,15614.5,23156.0,3051.0,64.4,7124.0,114.0,3.84,7.96,6.34,140076.0,100.0,102.16,21.31,64.4,4587.856000000001,7227.599999999999,15968.664,0.90345,127.61621953476654,171.07742828728678,7877.651958141365,9363.787482533166,0.17980082615517629
2019-03-12,7.84,38.0,2.3499999999999996,0.99,2750.0,15457.5,22815.0,3495.6,64.45,7758.0,144.0,4.04,7.31,5.68,132105.0,76.09,41.64,14.96,64.45,5000.031,8179.2,19023.12,1.0224,137.9727439981743,167.89574659348708,8068.266674874702,9224.594784176003,0.17790716480672814
2019-03-13,7.925,38.0,2.59,1.27,2676.5,15589.0,24175.0,3386.5,64.35,6614.0,120.0,4.12,7.36,5.78,138319.0,126.32,87.95,11.6,64.35,4256.1089999999995,6936.0,16598.28,0.867,126.61180301836576,162.26784801572904,7352.537631609954,8955.677808306582,0.1716915773943165
2019-03-14,7.905,38.0,2.325,1.27,2641.5,15506.0,21232.0,3567.85,64.55,6533.0,120.0,4.05,6.749,5.57,128899.0,104.6,141.25,20.11,64.55,4217.0515,6684.000000000001,15467.88,0.8355000000000001,122.43234639953207,157.30124495279733,6929.94125031875,8688.74862950072,0.1703534115826132
2019-03-15,7.905,38.0,2.29,0.935,2657.5,15594.5,27335.0,3300.9,64.45,6574.0,120.0,4.03,7.23,5.95,122398.0,126.59,35.45,18.05,64.45,4236.943,7140.0,14687.76,0.8925,120.89481023419523,152.9182331333929,7062.72370455409,8506.765868416522,0.17041264548398474
2019-03-16,,,,,,,,,,6518.0,120.0,,,,,128.13,88.39,15.22,,,,,,120.32918228891023,149.05023877877682,7111.5716396155585,8346.166645435924,
2019-03-17,,,,,,,,,,6686.0,120.0,,,,,,,,,,,,,120.12109939648784,145.63674574161342,7129.541790668351,8204.438328598055,
2019-03-18,7.975,37.9,2.495,1.09,2616.5,15655.0,22203.0,3512.0,64.4,8159.0,154.0,4.1,7.4,5.93,149285.0,73.95,126.03,21.72,64.4,5254.396000000001,9132.199999999999,22989.89,1.141525,141.5366489784771,146.61945402144642,8395.463217093671,8313.453198651076,0.16713510060683487
2019-03-19,7.975,37.9,2.37,1.09,2603.0,15473.5,22257.5,3661.95,64.30000000000001,8994.0,184.0,4.2,7.15,5.69,133587.0,129.23,39.05,15.24,64.30000000000001,5783.142000000001,10469.6,24580.008,1.3087,168.37860615593536,151.0117839570054,9706.567719391287,8566.807126291891,0.16822309109122047
2019-03-20,7.905,38.0,2.615,1.06,2614.5,15434.0,20433.0,3220.7,64.45,9778.0,192.0,4.18,7.31,5.86,113251.0,100.13,79.74,11.55,64.45,6301.920999999999,11251.2,21744.192,1.4064,183.31017483295494,155.82802629958906,10682.961539794296,8882.231603632434,0.1693987300764546
2019-03-21,7.925,37.95,2.395,1.04,2574.0,15407.0,22405.0,3168.5,64.5,9813.0,192.0,4.22,6.93,5.57,126182.0,77.57,89.06,20.25,64.5,6329.385,10694.4,24226.944,1.3368,188.80319197366993,160.07834524901588,10690.192025651664,9095.167003243929,0.1670669176348413
2019-03-22,7.905,37.9,2.385,1.01,2690.0,15495.5,24427.0,3489.2,64.5,9361.0,192.0,4.1,6.93,5.57,126182.0,100.13,128.6,17.77,64.5,6037.845,10694.4,24226.944,1.3368,190.82396004974132,163.82923855688168,10692.85197274827,9283.081833851687,0.17359878674453874
2019-03-23,,,,,,,,,,8702.0,176.0,,,,,128.09,,16.02,,,,,,181.45343013904665,165.25934072435206,10693.830512599716,9448.916089812743,
2019-03-24,,,,,,,,,,9571.0,192.0,,,,,,82.77,,,,,,,188.1201337732769,168.40145101617065,10694.190497293428,9595.264307040796,
2019-03-25,7.915,38.1,2.35,1.48,2738.0,15465.5,22332.0,3456.65,64.65,9448.0,192.0,4.26,6.5,5.4,117626.0,100.17,37.6,21.67,64.65,6108.1320000000005,10368.000000000002,22584.192,1.2960000000000003,190.57267698069316,171.17435361627975,10487.998777859742,9686.063144446942,0.17703921632019656
2019-03-26,8.024999999999999,,2.3600000000000003,0.98,2778.0,15532.5,22616.0,3531.6499999999996,65.1,8048.0,160.0,4.38,6.58,5.21,111741.0,75.49,87.96,14.69,65.1,5239.248,8336.0,17878.56,1.042,171.24705932277243,169.86133245475185,9127.67610780067,9527.426543268046,0.17885079671656204
2019-03-27,7.945,38.05,2.39,0.99,2817.0,15479.5,22951.0,3475.2,64.1,8677.0,184.0,4.33,6.49,5.13,111888.0,125.52,84.17,12.27,64.1,5561.956999999999,9439.199999999999,20587.392,1.1799,179.30845531036897,171.52266968464517,9324.596764626156,9517.059651159796,0.1819826221777189
2019-03-28,8.0,38.0,2.215,1.1949999999999998,2831.5,15654.5,21339.0,3649.0,64.55,8929.0,192.0,4.32,6.35,5.14,123853.0,128.57,78.93,20.58,64.55,5763.6695,9868.8,23779.776,1.2335999999999998,187.33104163197615,173.9288194234977,9668.59881788698,9558.390231634496,0.18087450892714554
2019-03-29,8.05,37.95,2.29,1.11,2838.5,15796.5,25439.0,3459.5,65.05,8775.0,192.0,4.32,6.27,5.06,109340.0,126.15,,17.65,65.05,5708.1375,9715.199999999999,20993.28,1.2144,190.28238620471865,176.05223911518982,9698.056383166333,9576.815865122433,0.17969170385844965
2019-03-30,,,,,,,,,63.7,9058.0,192.0,,,,,158.2,42.35,15.39,63.7,5769.946,,,,191.36812519684355,177.92615041599524,9708.893215819573,9593.076429603698,
2019-03-31,,,,,,,,,,9647.0,192.0,,,,,,,,,,,,,191.7675462505245,179.5798713346743,9712.879863760114,9607.426327392692,
2019-04-01,8.04,38.0,2.5700000000000003,1.0550000000000002,2715.0,15837.5,19373.0,3137.4,65.35,9464.0,192.0,4.29,6.86,5.21,121200.0,98.02,152.64,20.43,65.35,6184.723999999999,10003.199999999999,23270.4,1.2504,191.91448504454473,181.0392749231479,9896.397190519254,9653.93095979952,0.17142857142857143
2019-04-02,7.93,38.0,2.475,1.01,2759.0,15693.0,21885.0,3328.35,65.44999999999999,9248.0,192.0,4.36,6.54,5.15,116308.0,103.66,73.62,13.73,65.44999999999999,6052.815999999999,9888.0,22331.136,1.236,191.9685408059753,182.32719406959671,9891.089153755634,9681.434797032127,0.17581087108902058
2019-04-03,7.945,38.0,2.2800000000000002,1.13,2787.5,15728.5,20813.0,3493.0,65.30000000000001,9406.0,192.0,4.38,6.66,5.2,121606.0,130.04,37.69,10.75,65.30000000000001,6142.118000000001,9984.000000000002,23348.352,1.2480000000000002,191.9884268092825,183.4637787271172,9949.820009804858,9716.987145550973,0.1772260546142353
2019-04-04,7.995,38.0,2.115,0.91,2653.5,15696.0,23570.0,3644.8,65.65,9958.0,199.0,4.44,6.85,5.27,131532.0,106.9,110.29,19.24,65.65,6537.427000000001,10487.3,26174.868,1.3109125,196.42058637286618,185.289332848812,10289.572161566179,9807.501291927634,0.16905581039755352
2019-04-05,7.93,,2.33,1.06,2758.5,15580.5,24390.0,3757.7,65.5,10127.0,200.0,4.41,6.81,5.36,125055.0,127.23,82.4,18.07,65.5,6633.185,10720.0,25011.0,1.34,198.68320731512856,187.01788180412362,10561.654447332334,9914.722716513692,0.17704823336863387
2019-04-06,,,,,,,,,,10488.0,204.0,,,,,127.12,,15.93,,,,,,202.04406127826508,189.0133332928136,10661.747926572636,10009.345291601596,
2019-04-07,,,,,,,,,,10931.0,204.0,,,,,,42.11,,,,,,,203.28045035608258,190.77431305084033,10698.570259780463,10092.84942103125,
2019-04-08,7.995,,2.16,1.01,2653.5,15571.0,21332.5,3376.45,64.1,11151.0,206.0,4.22,7.19,5.54,131513.0,74.97,38.57,22.07,64.1,7147.791,11412.4,27091.678,1.42655,204.99953359675766,192.5633784276439,11149.796714076481,10247.900701256369,0.17041294714533428
2019-04-09,7.96,38.0,2.4450000000000003,1.1400000000000001,2646.5,15436.0,22002.0,3635.65,64.30000000000001,10884.0,216.0,4.24,7.09,5.57,123569.0,129.13,88.74,14.23,64.30000000000001,6998.412,12031.200000000003,26690.904,1.5039000000000002,211.95315456695,195.31725405534843,11706.949851727784,10457.443892477466,0.17144985747603006
2019-04-10,7.985,38.0,2.325,1.125,2606.0,15514.0,21706.5,3508.55,64.25,10206.0,216.0,4.53,6.38,4.87,154203.0,152.77,130.2,14.38,64.25,6557.355,10519.2,33307.848,1.3149000000000002,214.51124876358233,197.74754076690087,10956.148751705081,10464.700426395682,0.16797731081603712
2019-04-11,7.995,37.95,2.43,0.9450000000000001,2642.0,15592.5,21801.5,3368.6,64.9,10099.0,216.0,6.32,6.32,4.82,118013.0,79.77,79.04,16.95,64.9,6554.251000000001,10411.2,25490.808,1.3014000000000001,215.45231902710336,199.8922612622384,10611.675442244341,10458.413960581143,0.16944043610710277
2019-04-12,7.960000000000001,38.0,2.58,1.545,2744.5,15528.5,25856.0,3567.0,65.05,10003.0,216.0,4.48,6.23,4.95,114691.0,126.49,,18.56,65.05,6506.9515,10692.0,24773.256,1.3365,215.79851942975054,201.7849704562835,10662.450246580505,10485.861043725856,0.17673954342016293
2019-04-13,,,,,,,,,,10167.0,216.0,,,,,178.95,110.42,16.07,,,,,,215.92587944040972,203.45528045752167,10681.129253225283,10510.083009586046,
2019-04-14,,,,,,,,,,10456.0,216.0,,,,,,,,,,,,,215.9727325699586,204.92932385997042,10688.0008757514,10531.458819432173,
2019-04-15,7.960000000000001,38.0,2.58,1.545,2744.5,15528.5,25856.0,3567.0,65.05,10003.0,216.0,4.48,6.23,4.95,114691.0,126.49,,18.56,65.05,6506.9515,10692.0,24773.256,1.3365,215.9899688730742,206.23016259690672,10690.52880440625,10550.322905411618,0.17673954342016293
2019-04-16,7.915,37.95,2.355,1.09,2704.5,15447.0,22674.0,,64.9,9724.0,216.0,4.36,6.52,5.08,126394.0,77.85,80.29,15.65,64.9,6310.876000000001,10972.8,27301.104,1.3716,215.9963097546322,207.37814875301504,10868.958230306176,10599.965272612813,0.1750825402990872
2019-04-17,7.9399999999999995,37.9,2.46,0.98,2752.0,15484.0,23612.0,,64.75,9761.0,216.0,4.37,6.6,5.03,112196.0,153.25,35.92,11.42,64.75,6320.2475,10864.800000000001,24234.336,1.3581,215.9986424345963,208.39124297999064,10866.329727441298,10631.084173383972,0.17773185223456472
2019-04-18,7.9399999999999995,37.9,2.46,0.98,2752.0,15484.0,23612.0,,64.75,10014.0,216.0,4.37,6.6,5.03,112196.0,151.71,89.59,21.46,64.75,6484.065,10864.800000000001,24234.336,1.3581,215.9995005795979,209.28529549732295,10865.36275527625,10658.546506926357,0.17773185223456472
2019-04-19,7.9,37.9,2.4050000000000002,1.43,2751.5,15472.5,24590.0,,64.9,9902.0,216.0,4.28,6.8,5.51,112357.0,145.41,130.77,19.53,64.9,6426.398,11901.599999999999,24269.112,1.4876999999999998,215.99981627350155,210.07429407461666,11520.38962148999,10804.609142615547,0.17783163677492325
2019-04-20,,,,,,,,,,10213.0,216.0,,,,,152.37,,15.71,,,,,,215.9999324107984,210.770582875222,11761.360538984984,10933.5089661946,
2019-04-21,,,,,,,,,,10648.0,216.0,,,,,,41.33,,,,,,,215.99997513532227,211.38505558506057,11850.00878545161,11047.262661246816,
2019-04-22,7.99,38.1,2.335,1.01,2828.5,15507.5,22665.0,3472.5,63.949999999999996,10591.0,216.0,4.23,7.06,5.34,130709.0,124.2,59.45,22.57,63.949999999999996,6772.9445,11534.4,28233.144,1.4418,215.99999085279626,211.92732584821587,11650.505983620737,11104.502807417011,0.1823956150249879
2019-04-23,7.9399999999999995,38.0,2.33,0.985,2857.5,15409.5,31136.0,,64.1,10561.0,216.0,4.23,6.78,5.41,125947.0,124.47,88.68,15.92,64.1,6769.601,11685.599999999999,27204.552,1.4606999999999999,215.9999966349318,212.40587767581417,11672.689632865935,11172.78352744491,0.1854375547551835
2019-04-24,7.895,38.0,2.725,1.2850000000000001,2858.0,15376.0,25113.5,,64.4,10691.0,216.0,4.24,7.28,5.73,143424.0,125.15,129.09,12.3,64.4,6885.004,12376.800000000001,30979.584,1.5471000000000001,215.99999876206056,212.82819818139586,12117.7722716157,11314.259192309302,0.18587408949011447
2019-04-25,8.015,38.0,2.28,0.935,2838.5,15427.5,20230.0,,64.0,10823.0,216.0,4.28,7.14,5.48,129016.0,126.33,77.21,19.85,64.0,6926.72,11836.800000000001,27867.456,1.4796,215.99999954458752,213.20089471946966,11940.163922266656,11375.659355738906,0.183989628909415
2019-04-26,7.945,38.0,2.39,0.99,2799.5,15376.0,24191.5,,64.1,11120.0,216.0,4.27,7.15,5.51,117783.0,154.32,37.51,18.32,64.1,7127.919999999999,11901.599999999999,25441.128,1.4876999999999998,215.99999983246312,213.52979825992378,11915.786874172834,11437.459010496237,0.1820694588969823
2019-04-27,,,,,,,,,,11359.0,216.0,,,,,155.08,110.25,15.24,,,,,,215.9999999383666,213.82005461562366,11906.81905934267,11491.99701440038,
2019-04-28,,,,,,,,,,12002.0,216.0,,,,,,,,,,,,,215.99999997732635,214.07620495048428,11903.51998463442,11540.126633918931,
2019-04-29,8.004999999999999,38.05,2.08,1.15,2766.5,15433.5,26058.0,3326.9,64.45,11828.0,216.0,4.16,7.43,5.42,130374.0,73.36,82.27,23.33,64.45,7623.146,11707.2,28160.784,1.4634,215.99999999165883,214.3022568275948,11779.422086238097,11559.758271929075,0.17925292383451583
2019-04-30,8.004999999999999,38.05,2.3049999999999997,0.925,2740.0,15356.0,24679.0,,64.6,10843.0,204.0,4.23,7.2,5.57,123493.0,176.72,77.95,15.56,64.6,7004.5779999999995,11362.8,25192.572,1.42035,208.41455329098875,213.0917097399834,11516.06670026495,11536.615064915823,0.17843188330294346
2019-05-01,7.96,38.0,2.4050000000000002,0.95,2741.5,15366.5,24034.0,,64.75,10558.0,204.0,4.28,7.34,5.51,141855.0,149.99,35.88,15.06,64.75,6836.305,11240.4,28938.42,1.40505,205.62402339771052,212.02340568473355,11341.812111643045,11501.808877287109,0.17840757491946768
2019-05-02,8.04,38.0,2.515,1.29,2739.0,15401.0,25220.0,,63.65,11163.0,216.0,4.24,7.29,5.82,145919.0,52.65,88.24,17.12,63.65,7105.2495,12571.2,31518.504,1.5714000000000001,212.18289152594178,212.49066783394184,12118.933470648304,11627.465646554412,0.17784559444191936
2019-05-03,7.955,38.0,2.5599999999999996,1.08,2701.5,15336.0,26061.0,,63.9,10698.0,216.0,4.27,7.03,5.57,137067.0,176.35,129.16,20.77,63.9,6836.022,12031.200000000003,29606.472,1.5039000000000002,214.59576426767268,212.90302523331317,12063.475340154131,11674.905683617275,0.17615414710485133
2019-05-04,,,,,,,,,,10688.0,216.0,,,,,176.41,39.53,18.01,,,,,,215.48341054351846,213.26692936101622,12043.073434099522,11716.77136938375,
2019-05-05,,,,,,,,,,11298.0,216.0,,,,,,41.37,,,,,,,215.80995735943452,213.5880736265519,12035.56799230132,11753.717707397245,
2019-05-06,7.975,38.0,2.33,1.23,2617.5,15380.0,22041.0,3634.25,64.35,10570.0,216.0,4.26,7.09,5.46,118478.0,149.93,36.45,24.99,64.35,6801.794999999999,11793.6,25591.248,1.4742,215.93008721959,213.87148244616995,11882.615049789185,11758.404000310096,0.1701885565669701
2019-05-07,7.995,38.05,2.275,0.88,2651.0,15408.5,22938.0,,64.45,10294.0,216.0,4.29,6.76,5.22,15136.0,73.51,89.13,16.8,64.45,6634.483,11275.2,3269.376,1.4094,215.974280525412,214.12158985164803,11498.65550907557,11701.626033590146,0.17204789564201578
2019-05-08,7.975,38.0,2.23,0.9,2649.5,15356.0,23503.0,,64.4,10216.0,216.0,4.24,6.87,5.4,135433.0,153.53,130.08,13.08,64.4,6579.104,11664.000000000002,29253.528,1.4580000000000002,215.99053833406134,214.3423088622959,11603.173161077946,11697.204858099847,0.1725384214639229
2019-05-09,8.03,38.05,2.26,1.2650000000000001,2639.0,15474.5,27554.0,,64.85,10337.0,216.0,4.25,6.81,5.29,118478.0,45.92,78.19,22.72,64.85,6703.5445,11426.400000000001,25591.248,1.4283000000000001,215.9965192476219,214.5370927055342,11491.431211711464,11665.384448477977,0.17053862806552716
2019-05-10,,,,,,,,,,9815.0,216.0,,,,,151.28,79.27,20.46,,,,,,215.99871950276028,214.7089888438655,11450.323645823115,11637.303035547702,
2019-05-11,,,,,,,,,,10167.0,216.0,,,,,154.8,47.62,17.59,,,,,,215.999528931391,214.86068665350916,11435.201017456191,11612.521275616535,
2019-05-12,,,,,,,,,,10939.0,216.0,,,,,23.55,,,,,,,,215.99982670354336,214.99455950064853,11429.637713383523,11590.651449236684,
2019-05-13,7.97,37.95,2.49,0.995,2634.0,15391.0,24404.0,3593.55,63.55,10495.0,216.0,4.31,6.92,5.65,130912.0,146.77,130.72,24.9,63.55,6669.5725,12204.0,28276.992,1.5255,215.99993624779637,215.11270187358923,11919.128034735291,11662.721803746623,0.17113897732441036
2019-05-14,7.98,38.0,2.525,0.97,2646.0,15240.5,22473.0,,64.05,10278.0,216.0,4.26,6.84,5.13,120947.0,177.12,75.64,16.71,64.05,6583.059,11080.8,26124.552,1.3851,215.99997654687496,215.21696215177337,11389.203648936771,11594.344189352836,0.17361635116958105
2019-05-15,7.995,38.0,2.135,0.79,2641.5,15294.5,24313.0,,63.9,10497.0,216.0,4.45,6.7,5.09,124242.0,180.24,35.56,15.13,63.9,6707.583,10994.400000000001,26836.272,1.3743,215.99999137207746,215.3089715243335,11139.640145743306,11523.848888827504,0.1727091438098663
2019-05-16,7.955,37.95,2.33,1.06,2689.0,15463.5,25679.0,,64.15,10831.0,216.0,4.25,6.79,5.44,135424.0,75.9,88.01,19.19,64.15,6948.0865,11750.400000000003,29251.584,1.4688000000000003,215.99999682596467,215.39016951062655,11525.714006126098,11550.469346113174,0.17389336178743492
2019-05-17,,,,,,,,,,10866.0,216.0,,,,,180.27,146.07,18.91,,,,,,215.99999883233767,215.46182648202628,11667.74264213462,11573.961817213163,
2019-05-18,,,,,,,,,,11052.0,220.0,,,,,127.08,39.3,18.11,,,,,,218.52848180575526,215.99507592699678,11719.992057379779,11594.693850192962,
2019-05-19,,,,,,,,,,11993.0,226.0,,,,,23.91,,,,,,,,223.25138206199898,217.1706854949806,11739.213543061702,11612.989805081916,
2019-05-20,8.0,38.1,2.38,1.2850000000000001,2761.0,15386.5,25993.0,3893.95,63.150000000000006,11903.0,226.0,4.2,7.1,5.65,138838.0,75.0,38.82,22.08,63.150000000000006,7516.744500000001,12769.0,31377.388,1.596125,224.9888399689744,218.20815729737515,12390.162733695619,11748.824583628575,0.1794430182302668
2019-05-21,8.04,38.0,2.3449999999999998,0.98,2712.0,15402.5,25085.5,,63.5,11527.0,228.0,4.25,6.87,5.31,138463.0,178.69,88.08,16.11,63.5,7319.645,12106.799999999997,31569.564,1.5133499999999998,226.8922561305085,219.35872914433799,12211.043324120754,11790.887803850786,0.1760753124492777
2019-05-22,7.985,38.0,2.535,0.98,2702.5,15370.0,22149.5,,63.0,11461.0,228.0,4.32,6.92,5.35,127114.0,236.85,132.15,16.24,63.0,7220.43,12198.0,28981.992,1.52475,227.59248380433039,220.37410523548374,12202.798370788561,11838.724747893906,0.1758295380611581
2019-05-23,7.945,38.0,2.425,0.885,2733.0,15387.0,21719.0,,63.1,11645.0,228.0,4.14,7.24,5.35,145475.0,72.03,79.52,18.75,63.1,7347.995,12198.0,33168.3,1.52475,227.85008316966875,221.27017149087834,12199.76522196423,11880.940702841071,0.1776174692922597
2019-05-24,,,,,,,,,,11417.0,228.0,,,,,155.63,38.59,19.06,,,,,,227.94484868023554,222.06094718577464,12198.649388869744,11918.196152321596,
2019-05-25,,,,,,,,,,11380.0,228.0,,,,,128.81,65.47,18.62,,,,,,227.9797109633052,222.75880428715976,12198.238896814504,11951.073971092555,
2019-05-26,,,,,,,,,,11618.0,228.0,,,,,24.89,40.99,,,,,,,227.9925360805188,223.37466101757883,12198.087885226618,11980.088544321665,
2019-05-27,7.99,38.0,2.25,0.99,2773.0,15331.5,33597.0,3693.9,63.349999999999994,11866.0,230.0,4.17,7.01,5.1,135293.0,201.26,88.82,25.52,63.349999999999994,7517.111,11730.0,31117.39,1.46625,229.2614952951294,224.15315886944035,11902.19990963629,11950.70236573576,0.1808694517822783
2019-05-28,7.984999999999999,38.0,2.48,1.13,2780.5,15323.0,28397.5,,63.45,11815.0,232.0,4.16,7.16,5.38,128918.0,223.29,78.21,15.18,63.45,7496.6175,12481.6,29908.976,1.5602,230.99256041952685,225.0751870072077,12268.450618542316,12013.084482172319,0.1814592442733146
2019-05-29,8.015,38.1,2.2350000000000003,1.085,2778.0,15333.5,25402.0,,63.7,12070.0,236.0,4.18,6.9,5.03,130054.0,126.01,39.12,12.12,63.7,7688.59,11870.800000000001,30692.744,1.4838500000000001,234.15786592543577,226.35888637254482,12017.087487330828,11996.365614802924,0.18117194378321974
2019-05-30,8.01,38.05,2.415,1.1,2754.0,15286.0,20077.0,,63.5,12466.0,240.0,7.07,7.43,5.61,129474.0,181.49,89.81,20.77,63.5,7915.91,13464.0,31073.76,1.683,237.85079898140066,227.9617594759663,12931.710633415296,12168.817200936934,0.18016485673164986
2019-05-31,,,,,,,,,,12905.0,240.0,,,,,205.0,105.3,19.2,,,,,,239.2093531303126,229.3762900249719,13268.181685279318,12321.005191545997,
2019-06-01,,,,,,,,,,13120.0,240.0,,,,,180.06,38.47,17.42,,,,,,239.70913727141544,230.62460885308062,13391.962467809422,12455.31062186907,
2019-06-02,,,,,,,,,,13896.0,240.0,,,,,,43.99,,,,,,,239.89299758195074,231.7262463523246,13437.49887291436,12573.834748129473,
2019-06-03,7.97,38.05,2.385,1.1,2796.5,15325.0,24700.0,3630.0,63.7,13703.0,240.0,4.04,7.56,6.18,143908.0,226.91,36.15,23.61,63.7,8728.811000000002,14831.999999999998,34537.92,1.8539999999999999,239.96063601024406,232.69843803317846,14318.991704654787,12839.176159700097,0.18247960848287112
2019-06-04,7.97,38.2,2.38,1.11,2819.5,15379.0,23599.0,,64.45,13318.0,240.0,4.24,7.77,5.97,144252.0,178.13,87.11,17.22,64.45,8583.451000000001,14328.0,34620.48,1.791,239.98551879744633,233.5563941802505,14324.686033342496,13014.117572441233,0.18333441706222772
2019-06-05,7.98,38.15,2.4450000000000003,1.125,2778.0,15401.5,23993.0,,64.25,13229.0,240.0,4.19,7.69,6.05,148356.0,101.62,132.79,12.91,64.25,8499.6325,14520.0,35605.44,1.815,239.99467266329708,234.31353782259498,14448.14800709306,13191.063422022817,0.18037204168425153
2019-06-06,7.98,38.15,2.335,0.99,2734.0,15411.0,21498.5,,64.15,13454.0,240.0,4.16,7.32,5.78,136071.0,207.75,80.66,22.33,64.15,8630.741000000002,13872.0,32657.04,1.734,239.9980401823508,234.98171474177562,14083.953006881435,13271.07557907858,0.17740574914022453
2019-06-07,,,,,,,,,,13769.0,240.0,,,,,157.28,37.49,15.47,,,,,,239.99927902337842,235.57137880333104,13949.97315372615,13341.686059849406,
2019-06-08,,,,,,,,,,14028.0,240.0,,,,,150.11,65.19,17.59,,,,,,239.99973476752336,236.09175551121916,13900.684720219153,13403.99959041967,
2019-06-09,,,,,,,,,,13884.0,230.0,,,,,,,,,,,,,233.67869683813916,235.37595536995354,13882.552518844383,13458.991088137038,
2019-06-10,8.059999999999999,38.0,2.46,0.88,2781.0,15433.0,20261.5,3628.5,63.35,13461.0,242.0,4.18,7.58,5.68,141408.0,181.03,177.11,19.24,63.35,8527.5435,13745.6,34220.736,1.7182,238.9387636429965,236.1543011314019,13795.982016099493,13492.668523027794,0.18019827642065703
2019-06-11,8.065000000000001,38.05,2.31,1.04,2824.0,15446.5,37017.5,,63.45,12940.0,242.0,4.21,7.16,5.52,127560.0,208.0,58.01,16.45,63.45,8210.43,13358.4,30869.52,1.6698,240.87383407969185,236.8411888550199,13519.377427549356,13476.891555686636,0.1828245880943903
2019-06-12,8.01,38.0,2.6,1.18,2827.5,15444.0,25512.0,,63.5,12932.0,246.0,4.18,7.3,5.51,140582.0,153.62,38.86,16.95,63.5,8211.82,13554.6,34583.172,1.694325,244.11418894588496,237.9173775331978,13541.642339730239,13486.02253858879,0.1830808080808081
2019-06-13,8.004999999999999,38.0,2.32,1.12,2833.5,15384.0,24057.0,,64.6,12865.0,240.0,4.24,7.1,5.58,132824.0,184.26,88.65,19.6,64.6,8310.789999999999,13392.000000000002,31877.76,1.6740000000000002,241.5135255302859,238.16209212379397,13447.050340315549,13474.974599077748,0.18418486739469578
2019-06-14,8.015,38.0,2.385,1.05,2816.0,15410.5,21789.0,,63.65,13080.0,240.0,4.17,6.95,5.48,133645.0,132.99,60.71,15.88,63.65,8325.42,13152.000000000002,32074.8,1.6440000000000001,240.5567949262803,238.37805199201233,13260.542954312728,13437.024083299613,0.18273255248045164
2019-06-15,,,,,,,,,,13270.0,240.0,,,,,181.49,59.21,16.49,,,,,,240.2048334063271,238.56863590679762,13191.930721375666,13403.532870673924,
2019-06-16,,,,,,,,,,13697.0,240.0,,,,,23.71,43.03,,,,,,,240.07535399905288,238.7368256212781,13166.689691465253,13373.97697926795,
2019-06-17,8.015,37.95,2.34,0.97,2771.5,15436.0,25446.0,3684.75,63.65,13379.0,240.0,4.1,7.03,5.59,139069.0,234.85,36.85,18.69,63.65,8515.7335,13415.999999999998,33376.56,1.6769999999999998,240.02772118706162,238.8852525233537,13324.283863017956,13378.914814366719,0.17954781031355274
2019-06-18,8.035,38.0,2.34,1.09,2773.5,15376.0,25518.0,,63.8,13018.0,240.0,4.26,7.11,5.47,139020.0,156.37,89.46,16.86,63.8,8305.483999999999,13128.0,33364.8,1.641,240.01019805480485,239.01623880469563,13200.208797838017,13349.431546491218,0.18037851196670135
2019-06-19,8.015,38.0,2.4699999999999998,1.06,2754.5,15403.0,17798.5,,63.65,12976.0,240.0,4.27,7.02,5.41,134262.0,152.8,128.85,17.68,63.65,8259.224,12984.000000000002,32222.88,1.6230000000000002,240.00375165470265,239.13183379226098,13063.538771725001,13306.492207885198,0.17882879958449652
2019-06-20,7.824999999999999,37.95,2.4,0.88,2814.0,15383.5,28386.5,,63.949999999999996,12619.0,240.0,3.98,6.94,5.29,121330.0,185.86,122.49,18.49,63.949999999999996,8069.8505,12696.0,29119.2,1.587,240.0013801566355,239.2338460107417,12831.209957951032,13234.757482510719,0.1829232619364904
2019-06-21,7.85,38.0,2.37,0.99,2809.5,15415.5,23211.0,,63.75,12636.0,240.0,3.91,7.01,5.4,131582.0,185.64,37.12,15.35,63.75,8055.45,12960.0,31579.68,1.62,240.0005077312518,239.32387147757672,12912.62079130258,13202.47262727765,0.18225162985306997
2019-06-22,,,,,,,,,,12814.0,240.0,,,,,182.04,89.17,16.66,,,,,,240.00018678388918,239.40331867321234,12942.570163181248,13173.981342534074,
2019-06-23,,,,,,,,,,12488.0,220.0,,,,,,,,,,,,,227.3576575373816,237.12336862897172,12953.587921371407,13148.837871997213,
2019-06-24,7.845,38.0,2.37,1.0750000000000002,2803.5,15418.0,24903.5,3684.75,63.65,12693.0,240.0,3.89,7.09,5.42,142051.0,210.19,87.83,21.0,63.65,8079.094499999999,13008.0,34092.24,1.626,235.34914211975396,237.46138172518985,12987.982914921136,13132.288985804145,0.18183292255804903
2019-06-25,,,,,,,,,,11972.0,240.0,,,,,183.54,121.57,17.92,,,,,,238.28904500204732,237.7596772356354,13000.636125927305,13117.684644997538,
2019-06-26,,,,,,,,,,12159.0,240.0,,,,,151.53,38.61,16.98,,,,,,239.37057483148368,238.02292209965847,13005.29098212128,13104.796359471418,
2019-06-27,7.82,37.95,2.4699999999999998,1.09,2736.0,15403.5,19326.0,,68.75,12367.0,240.0,4.2,6.53,4.89,127767.0,185.27,89.84,18.93,68.75,8502.3125,11735.999999999998,30664.08,1.4669999999999999,239.76844742074698,238.25523487678015,12202.946057186728,12943.958547502596,0.17762196903301197
2019-06-28,7.85,38.0,2.41,1.03,2713.5,15402.5,20944.5,,67.6,11620.0,230.0,4.14,6.72,5.27,130541.0,157.66,131.46,19.63,67.6,7855.119999999999,12120.999999999998,30024.43,1.5151249999999998,233.593610978257,237.2852192088668,12151.146269724055,12847.258369126559,0.17617269923713683
2019-06-29,,,,,,,,,,12668.0,240.0,,,,,207.02,19.46,20.08,,,,,,237.64322118675432,237.6042143606288,12132.090192859487,12761.920761230329,
2019-06-30,,,,,,,,,,12036.0,240.0,,,,,,63.33,,,,,,,239.13298952721848,237.88572659399824,12125.079853951629,12686.610586587927,
2019-07-01,7.875,38.0,2.41,1.03,2858.5,15370.0,23608.0,3384.0,67.45,12053.0,240.0,4.43,6.01,4.36,146225.0,210.37,54.74,20.27,67.45,8129.7485,10464.0,35094.0,1.308,239.68104467178335,238.13416026798646,11075.077128412868,12425.446958315577,0.18597918022121016
2019-07-02,7.77,38.0,2.34,0.98,2714.5,15271.5,19385.5,,68.94999999999999,11262.0,240.0,4.46,5.67,4.1,133939.0,183.73,88.61,19.73,68.94999999999999,7765.148999999999,9839.999999999998,32145.36,1.2299999999999998,239.88266289209702,238.35340221577877,10294.359483804154,12121.64893251026,0.17774940248174703
2019-07-03,7.82,38.0,2.34,1.085,2647.5,15354.5,20000.0,,69.30000000000001,11308.0,240.0,4.48,5.49,4.2,122770.0,154.37,131.33,18.38,69.30000000000001,7836.444000000001,10080.0,29464.8,1.26,239.95683409031597,238.54688255562212,10158.85844711167,11881.74885910545,0.1724250219805269
2019-07-04,7.795,38.0,2.4,1.065,2666.5,15389.0,20262.0,,69.45,11212.0,240.0,4.42,5.55,4.27,125743.0,188.31,81.16,19.59,69.45,7786.734,10248.0,30178.32,1.281,239.98412014926777,238.7176283562449,10215.206655338287,11689.778307761675,0.17327311716160895
2019-07-05,7.795,38.0,2.685,1.385,2748.5,15322.5,21159.0,,69.15,11329.0,240.0,4.64,5.23,4.02,136944.0,158.37,38.53,16.95,69.15,7834.003500000001,9648.0,32866.56,1.206,239.99415812938673,238.8683109964238,9856.663667394572,11449.863032364095,0.1793767335617556
2019-07-06,,,,,,,,,,11469.0,240.0,,,,,205.86,46.4,17.6,,,,,,239.9978508959034,239.00128795965495,9724.763073353899,11238.138544943,
2019-07-07,,,,,,,,,,11967.0,240.0,,,,,,41.12,,,,,,,239.9992093887859,239.11863971782154,9676.239556528035,11051.292340592572,
2019-07-08,7.78,38.0,2.56,1.11,2801.0,15324.5,23777.5,3362.25,69.75,11200.0,240.0,5.02,5.07,3.5,120241.0,210.99,129.94,20.65,69.75,7812.0,8400.0,28857.84,1.05,239.99970915038838,239.2222022809164,8869.502294856424,10739.757278419205,0.1827792097621456
2019-07-09,7.795,38.0,2.6900000000000004,1.25,2853.0,15374.0,23842.0,,69.55,10495.0,240.0,4.8,5.33,3.65,124524.0,159.82,78.18,19.71,69.55,7299.2725,8760.0,29885.76,1.095,239.99989300240742,239.31359592207136,8800.283643038772,10507.129666074256,0.1855730454013269
2019-07-10,7.835,38.0,2.435,1.2,2813.0,15306.5,18203.5,,69.15,10366.0,240.0,5.14,4.98,3.41,112872.0,126.55,36.97,18.83,69.15,7168.089,8184.000000000001,27089.28,1.0230000000000001,239.99996063778542,239.39425052730653,8410.718082204205,10234.154734612915,0.18377813347270766
2019-07-11,7.82,38.0,2.37,1.03,2848.0,15250.0,16188.5,,69.45,10301.0,240.0,5.16,5.29,3.81,107720.0,183.84,88.33,18.29,69.45,7154.044500000001,9144.0,25852.8,1.143,239.9999855194505,239.46542796660574,8874.240657860159,10106.05817663383,0.18675409836065573
2019-07-12,7.82,38.0,2.37,1.03,2848.0,15250.0,16188.5,,69.45,10232.0,240.0,5.16,5.29,3.81,107720.0,159.16,129.91,17.03,69.45,7106.124,9144.0,25852.8,1.143,239.99999467290354,239.52824183632123,9044.76108396282,9993.013360985538,0.18675409836065573
2019-07-13,,,,,,,,,,10013.0,214.0,,,,,207.73,19.18,19.84,,,,,,223.56486351072823,236.52859434898394,9107.492043025783,9893.251661322674,
2019-07-14,,,,,,,,,,11453.0,240.0,,,,,,62.79,,,,,,,233.95385117275032,236.93649526536367,9130.569473190015,9805.212270373622,
2019-07-15,7.83,38.0,2.365,0.99,2873.0,15413.0,18347.0,3450.0,68.85,10783.0,236.0,4.52,6.42,4.68,135200.0,210.71,58.45,21.32,68.85,7424.095499999999,11044.800000000001,31907.2,1.3806,235.24726391287777,236.8264541709686,10340.593943523827,9950.867668122852,0.18640108998897034
2019-07-16,7.825,38.0,2.36,1.065,2858.5,15405.0,19746.5,,68.45,11378.0,250.0,4.48,6.38,4.54,139515.0,159.13,89.47,21.58,68.45,7788.241,11350.0,34878.75,1.41875,244.57277169251972,238.37438660982357,10978.660264028476,10115.270050812454,0.18555663745537163
2019-07-17,7.8100000000000005,38.0,2.4299999999999997,1.11,2844.0,15388.0,20700.0,,67.25,12552.0,264.0,4.14,7.11,5.73,111496.0,155.2,89.35,18.58,67.25,8441.22,15127.2,29434.944,1.8909,256.85312210673413,241.38547555633897,13601.037520253272,10704.18734387102,0.18481933974525605
2019-07-18,7.835,38.0,2.41,1.05,2851.5,15442.5,19439.0,,67.15,13276.0,264.0,4.1,6.74,5.11,123652.0,186.01,125.03,24.08,67.15,8914.834,13490.400000000001,32644.128,1.6863000000000001,261.3708105545048,244.04275222504552,13531.10126912337,11031.575961024178,0.18465274405050996
2019-07-19,,,,,,,,,,12765.0,248.0,,,,,158.82,38.37,19.0,,,,,,252.91884631480048,244.50774109584287,13505.373160140076,11320.495401603293,
2019-07-20,,,,,,,,,,12855.0,240.0,,,,,206.36,83.3,19.72,,,,,,244.75257796286854,243.97806755473462,13495.908317784902,11575.465913010836,
2019-07-21,,,,,,,,,,13558.0,246.0,,,,,,,,,,,,,245.54109907807515,244.21565087981799,13492.426396868506,11800.476599578402,
2019-07-22,7.76,38.0,2.31,0.99,2909.5,15376.0,16686.0,3286.5,66.55,11650.0,249.0,4.25,7.02,5.57,105603.0,210.53,137.4,22.05,66.55,7753.075,13869.300000000001,26295.147,1.7336625,247.72754146177488,244.77782672055605,13730.655949487718,12043.56975713341,0.18922346514047866
2019-07-23,7.75,38.0,2.54,1.29,2878.0,15340.0,25959.5,,66.3,11340.0,251.0,3.92,6.93,5.67,139692.0,157.57,82.58,21.76,66.3,7518.42,14231.7,35062.692,1.7789625,249.79612978170104,245.50895135354608,14047.376194695265,12300.681838218556,0.18761408083441983
2019-07-24,7.73,38.0,2.165,1.31,2853.0,15340.5,22482.0,,66.55,10947.0,240.0,3.89,6.76,5.5,117017.0,155.45,37.01,21.5,66.55,7285.2285,13200.0,28084.08,1.65,243.60379474973513,244.86163250599364,13511.732280966478,12406.354507789803,0.18597829275447345
2019-07-25,7.74,38.0,2.62,1.07,2835.5,15408.0,20953.0,,65.9,11525.0,240.0,3.92,7.38,6.3,143840.0,186.48,89.2,23.81,65.9,7594.975000000001,15120.0,34521.6,1.89,241.32576199862916,244.29037562804396,14528.351370267877,12725.216258411852,0.1840277777777778
2019-07-26,7.71,38.0,2.55,1.24,2923.0,15282.0,19222.0,,65.25,11853.0,240.0,3.83,7.36,6.03,126970.0,159.19,85.42,19.94,65.25,7734.0825,14472.000000000002,30472.8,1.8090000000000002,240.48772058318204,243.78624320267323,14492.730510603393,12930.468758563331,0.19127077607642978
2019-07-27,,,,,,,,,,12368.0,240.0,,,,,208.32,19.52,24.92,,,,,,240.17942237558884,243.3413478987911,14479.626328655977,13111.603454194754,
2019-07-28,,,,,,,,,,12801.0,240.0,,,,,,84.53,,,,,,,240.06600580326528,242.94872917114068,14474.805569524153,13271.454262040088,
2019-07-29,7.734999999999999,39.5,2.395,1.16,2828.0,15220.5,21987.5,3455.0,65.1,11327.0,240.0,3.81,7.14,5.76,128854.0,211.58,56.93,22.35,65.1,7373.8769999999995,13823.999999999998,30924.96,1.7279999999999998,240.0242821780193,242.6022443600925,14063.417989227808,13336.380097714058,0.18580204329686936
2019-07-30,7.79,39.5,2.24,0.9,2738.5,15403.5,20226.0,,65.30000000000001,11179.0,240.0,3.96,6.75,5.13,109254.0,210.87,87.37,29.45,65.30000000000001,7299.887000000001,12312.000000000002,26220.96,1.5390000000000001,240.00893291408016,242.29647258754986,12956.31067113474,13216.01226330196,0.17778426980880968
2019-07-31,7.785,39.45,2.55,1.37,2837.5,15429.5,19357.0,,65.19999999999999,11173.0,240.0,3.96,6.83,5.39,123065.0,126.82,88.97,24.4,65.19999999999999,7284.7959999999985,12936.0,29535.6,1.617,240.00328623543984,242.02662994538318,12943.471878346865,13183.109955049682,0.18390096892316665
2019-08-01,7.805,39.45,2.56,0.925,2764.0,15419.5,14666.0,,65.5,11043.0,240.0,4.03,6.7,,116358.0,161.72,121.4,17.45,65.5,7233.165,,27925.92,,240.00120893845718,241.78849464948584,12938.748750430746,13154.073769929164,0.17925354259217224
2019-08-02,,,,,,,,,,11033.0,240.0,,,,,177.78,39.06,21.93,,,,,,240.00044474360405,241.57834098846038,12937.011208772383,13128.449426497433,
2019-08-03,,,,,,,,,,11692.0,240.0,,,,,132.02,89.31,8.34,,,,,,240.00016361202853,241.3928810335386,12936.372002918091,13105.836022788168,
2019-08-04,,,,,,,,,,11727.0,240.0,,,,,,,,,,,,,240.00006018950162,241.22921319776665,12936.136852225622,13085.879764057845,
2019-08-05,7.835,39.8,2.35,1.08,2817.0,15456.0,23380.0,3533.0,66.55,11134.0,243.0,4.34,6.23,4.67,118737.0,211.26,129.84,29.71,66.55,7409.677,11348.099999999999,28853.091,1.4185124999999998,241.8963838189659,241.43728613189137,11932.306109756417,12881.685259155238,0.18225931677018634
2019-08-06,7.85,39.8,2.4699999999999998,0.885,2841.5,15341.5,17326.5,,67.55,10910.0,246.0,4.5,5.69,4.4,113941.0,160.8,79.05,27.29,67.55,7369.705,10824.000000000002,28029.486,1.3530000000000002,244.4903639725391,241.97341914401434,11231.723032304086,12639.900867698478,0.18521656943584394
2019-08-07,7.955,39.8,2.5149999999999997,1.07,2873.0,15440.0,15616.5,,68.3,10722.0,248.0,4.66,5.38,3.97,108004.0,128.03,38.49,,68.3,7323.126,9845.6,26784.992,1.2307000000000001,246.70887705950253,242.68156106141703,10355.526166518892,12311.561860633354,0.18607512953367875
2019-08-08,7.84,39.8,2.325,0.785,2825.0,15286.0,20396.0,,68.3,10648.0,252.0,5.04,4.88,3.21,107936.0,162.75,88.85,,68.3,7272.584,8089.2,27199.872,1.01115,250.05350464948037,243.77650649977681,8922.934803651187,11815.421263600265,0.18480962972654716
2019-08-09,7.925000000000001,39.8,2.275,0.92,2863.0,15355.0,21076.5,,69.19999999999999,10249.0,252.0,5.2,5.05,3.72,141320.0,128.11,130.73,20.57,69.19999999999999,7092.307999999999,9374.400000000001,35612.64,1.1718000000000002,251.283924378208,244.74279245762847,9208.315235858845,11528.59370427037,0.1864539238033214
2019-08-10,,,,,,,,,,10549.0,252.0,,,,,237.33,39.08,24.48,,,,,,251.73657050041868,245.59553682244353,9313.300829780663,11275.469271585838,
2019-08-11,,,,,,,,,,11350.0,266.0,,,,,27.68,41.35,,,,,,,260.7527775265058,247.993124446905,9351.922871403673,11052.087743773256,
2019-08-12,7.904999999999999,39.75,2.3550000000000004,1.1749999999999998,2874.5,15373.0,16243.0,3531.5,68.9,10580.0,252.0,5.26,5.12,3.72,102355.0,186.28,58.85,21.48,68.9,7289.620000000001,9374.400000000001,25793.46,1.1718000000000002,255.2199669051489,248.4639447353517,9366.131126492844,10854.954237384038,0.18698367267286803
2019-08-13,7.9350000000000005,39.75,2.51,0.98,2785.0,15462.5,18996.0,,69.0,10186.0,252.0,5.34,4.89,3.44,110988.0,179.56,88.24,26.54,69.0,7028.34,8668.8,27968.976,1.0836,253.1845596256567,248.87944218157992,8925.33378512564,10598.074343063601,0.18011317704122878
2019-08-14,7.98,39.7,2.5149999999999997,0.985,2752.5,15757.5,26150.0,,71.30000000000001,10331.0,252.0,5.44,4.84,3.16,110466.0,158.83,123.86,19.68,71.30000000000001,7366.0030000000015,7963.200000000001,27837.432,0.9954000000000001,252.43577513312084,249.24611739090813,8317.149239204186,10288.46844645325,0.17467872441694432
2019-08-15,8.015,39.7,2.35,1.29,2749.0,15797.0,18865.0,,71.0,10737.0,258.0,5.51,4.79,3.57,111670.0,157.32,97.23,22.15,71.0,7623.27,9210.599999999999,28810.86,1.1513249999999997,255.95303606542026,250.27472571188727,8881.917833404235,10161.815565388662,0.1740203836171425
2019-08-16,7.949999999999999,39.6,2.455,1.15,2743.0,15769.0,15110.0,,71.85,11002.0,264.0,5.61,4.84,3.56,110413.0,179.59,19.43,18.85,71.85,7904.937,9398.4,29149.032,1.1747999999999998,261.03968740462005,251.88748795361653,9208.396829177735,10072.111871840363,0.17394888705688377
2019-08-17,,,,,,,,,,10884.0,264.0,,,,,156.19,89.26,,,,,,,262.9109618567188,253.31074563654798,9328.501739697102,9992.94864013359,
2019-08-18,,,,,,,,,,10817.0,264.0,,,,,,,,,,,,,263.59936525643536,254.56676613331473,9372.685867060913,9923.087333353777,
2019-08-19,8.045,39.5,2.5149999999999997,1.255,2710.0,15714.0,22159.0,3602.0,72.19999999999999,10191.0,264.0,5.64,4.9,3.67,104213.0,186.2,132.03,22.15,72.19999999999999,7357.901999999998,9688.800000000001,27512.232,1.2111,263.85261471442357,255.67520033129415,9572.508109427974,9895.557845999512,0.17245768104874634
2019-08-20,8.045,39.6,2.39,1.355,2725.5,15732.5,13240.0,,71.85,9800.0,264.0,6.23,4.63,3.42,95634.0,182.04,98.91,25.56,71.85,7041.3,9028.800000000001,25247.376,1.1286,263.94577998350525,256.6533900777298,9228.819035456745,9793.711114385465,0.17324010805657078
2019-08-21,8.024999999999999,39.45,2.48,1.23,2715.0,15703.0,16755.0,,72.80000000000001,10090.0,264.0,6.09,4.73,3.41,95209.0,156.64,19.97,18.45,72.80000000000001,7345.520000000001,9002.4,25135.176,1.1253,263.9800535706316,257.51663949909926,9085.694908234404,9700.729607425938,0.17289689868178054
2019-08-22,8.195,39.45,2.315,1.18,2730.0,15745.5,12058.0,,72.6,11098.0,264.0,5.93,5.08,3.71,118870.0,157.98,88.91,,72.6,8057.147999999999,9794.4,31381.68,1.2243,263.9926621187106,258.27845443961576,9533.681966885917,9711.736168689507,0.1733828712965609
2019-08-23,8.07,39.75,2.5,1.27,2714.5,15715.5,10555.0,,72.9,11318.0,264.0,5.92,5.1,3.71,111220.0,180.85,131.03,17.64,72.9,8250.822,9794.4,29362.08,1.2243,263.9973005443319,258.95075376496425,9698.487195674674,9721.449424912715,0.17272756196112118
2019-08-24,,,,,,,,,,11306.0,264.0,,,,,209.38,38.45,20.45,,,,,,263.9990069257573,259.544055837194,9759.115651143613,9730.021343443706,
2019-08-25,,,,,,,,,,12035.0,264.0,,,,,,,,,,,,,263.99963466840256,260.06764307823374,9781.419613460614,9737.586034996513,
2019-08-26,8.085,39.5,2.555,1.11,2738.0,15768.5,15906.0,3410.5,72.85,12287.0,272.0,5.79,5.02,3.63,113476.0,180.91,81.17,20.77,72.85,8951.0795,9873.6,30865.472,1.2342,269.0568300726445,261.4697319760074,9839.688730912923,9753.568097176174,0.1736373148999588
2019-08-27,8.129999999999999,39.5,2.2800000000000002,1.18,2710.5,15749.5,18272.5,,72.7,12117.0,276.0,5.83,4.83,3.37,115874.0,182.29,89.31,23.5,72.7,8809.059000000001,9301.199999999999,31981.224,1.16265,273.4457505271661,263.1770834751025,9499.298933405365,9700.41344458606,0.1721007016095749
2019-08-28,8.120000000000001,39.5,2.325,1.11,2725.0,15727.5,21938.0,,73.1,11576.0,276.0,5.97,4.66,3.47,109763.0,182.13,131.52,17.56,73.1,8462.056,9577.199999999999,30294.588,1.19715,275.0603441313214,264.68381588467713,9548.541799154505,9685.935483203977,0.17326339214751232
2019-08-29,8.14,39.599999999999994,2.33,1.13,2747.5,15748.5,13301.0,,73.3,11967.0,276.0,5.99,4.87,3.3,147724.0,175.32,103.09,17.69,73.3,8771.811,9107.999999999998,40771.824,1.1384999999999998,275.65431992413704,266.01350256915055,9270.06627088562,9618.02627382124,0.17446105978347143
2019-08-30,8.23,39.55,2.54,1.505,2794.0,15801.0,17827.0,,72.3,12340.0,276.0,6.0,5.28,4.17,129235.0,151.72,18.32,,72.3,8921.82,11509.2,35668.86,1.43865,275.8728314068674,267.18694694960635,10685.468735025275,9840.245044397878,0.1768242516296437
2019-08-31,,,,,,,,,,12529.0,276.0,,,,,179.14,82.52,23.83,,,,,,275.9532172890238,268.2225079807139,11206.166202565653,10036.352421127916,
2019-09-01,,,,,,,,,,12529.0,276.0,,,,,,,,,,,,,275.9827896024296,269.1363873831036,11397.720095943794,10209.416573666165,
2019-09-02,8.205,39.45,2.355,1.165,3009.0,15761.0,17923.0,3291.0,71.2,12735.0,273.0,5.88,5.69,3.96,122561.0,210.5,94.75,20.18,71.2,9067.32,10810.8,33459.153,1.3513499999999998,274.0973069720738,269.5903738328022,11026.715836908093,10280.08098899468,0.19091428208869995
2019-09-03,8.21,39.55,2.45,1.21,2853.0,15791.5,20150.5,,70.75,12778.0,240.0,5.48,6.9,5.1,157436.0,128.06,80.51,17.84,70.75,9040.435,12240.0,37784.64,1.53,252.54369823433763,266.11341325376816,11793.657700099588,10510.37754347114,0.18066681442548208
2019-09-04,8.245000000000001,39.4,2.665,1.52,2821.0,15794.5,17413.5,,71.9,10741.0,137.0,5.73,6.11,4.44,125053.0,235.51,77.87,19.61,71.9,7722.779,6082.800000000001,17132.261,0.7603500000000001,179.50615113732988,250.94218727857523,8183.707139322265,9990.123468066393,0.1786064769381747
2019-09-05,8.315000000000001,39.4,2.42,1.25,2758.0,15763.5,19325.0,,72.65,9622.0,172.0,5.99,5.99,4.39,123971.0,183.24,86.87,20.09,72.65,6990.383000000001,7550.799999999999,21323.012,0.9438499999999999,174.76135868574931,241.66623575659568,7783.633524727291,9703.495404970505,0.1749611444158975
2019-09-06,8.355,39.4,2.5999999999999996,1.22,2916.5,15810.0,21433.0,,72.8,9929.0,204.0,5.95,5.83,3.96,134308.0,180.61,88.45,18.61,72.8,7228.312,8078.400000000001,27398.832,1.0098,193.2437049727012,237.24033638721684,7969.9614738006,9512.541661290928,0.184471853257432
2019-09-07,,,,,,,,,,10106.0,204.0,,,,,211.2,123.86,20.69,,,,,,200.04298019628217,233.3344939025889,8038.507695580311,9344.025573956771,
2019-09-08,,,,,,,,,,10087.0,204.0,,,,,,,,,,,,,202.54429376590394,229.8876000079214,8063.7244413430435,9195.310648848701,
2019-09-09,8.395,39.5,2.605,1.47,2875.0,15668.0,17283.0,3625.0,71.2,10127.0,204.0,5.96,5.62,4.44,117321.0,211.81,38.0,20.98,71.2,7210.424,9057.6,23933.484,1.1322,203.46447560409098,226.8457268223396,8691.973614887323,9179.129221061892,0.1834950217002808
2019-09-10,8.24,39.5,2.5,1.15,2873.5,16286.5,22352.0,,72.19999999999999,10004.0,204.0,5.81,5.82,4.21,119066.0,213.94,88.94,27.24,72.19999999999999,7222.887999999999,8588.4,24289.464,1.07355,203.80299158449932,224.1612831580085,8626.502603564855,9109.71670785333,0.17643447026678538
2019-09-11,8.06,39.45,2.455,1.2,3043.5,16693.0,20899.5,,70.5,9831.0,205.0,5.89,5.57,3.39,131426.0,158.6,89.28,19.48,70.5,6930.855,6949.5,26942.33,0.8686875,204.5596452130281,221.9097730364889,7566.434780642492,8855.884553592055,0.1823219313484694
2019-09-12,,,,,,,,,,10426.0,223.0,,,,,185.55,78.83,43.75,,,,,,216.21617258596564,222.03787808158725,7176.457622341986,8631.878463680105,
2019-09-13,,,,,,,,,,11537.0,240.0,,,,,,,,,,,,,231.250418862007,224.14848304315387,7032.993043276769,8434.193783172723,
2019-09-14,,,,,,,,,,12558.0,245.0,,,,,210.48,,,,,,,,239.94181177461374,226.5986008713931,6980.21537410236,8259.737664936532,
2019-09-15,,,,,,,,,,12928.0,252.0,,,,,,82.45,25.97,,,,,,247.56404045410483,229.58334394768937,6960.799554660148,8105.7806809561625,
2019-09-16,7.94,39.4,2.5300000000000002,1.01,2778.5,16515.0,18770.5,3336.0,72.30000000000001,12742.0,252.0,5.94,5.27,3.79,135142.0,239.6,138.3,19.26,72.30000000000001,9212.466,9550.800000000001,34055.784,1.19385,250.36810168119695,232.21737046753162,8597.99208353459,8275.574926768913,0.16824099303663337
2019-09-17,7.955,39.4,2.55,1.29,2656.0,16494.5,18593.0,,73.3,12716.0,257.0,5.89,5.02,3.72,130738.0,158.94,19.8,22.95,73.3,9320.828,9560.400000000001,33599.666,1.1950500000000002,254.5602609525729,235.12940619969515,9206.349913511734,8426.54585251054,0.16102337142683926
2019-09-18,7.995,39.4,2.365,1.1749999999999998,2542.0,16370.0,19589.0,,72.75,13248.0,264.0,5.58,5.35,4.04,127777.0,184.8,,18.9,72.75,9637.92,10665.6,33733.128,1.3332,260.52731407442826,238.52179039545294,10128.771893653318,8689.64165012136,0.15528405620036653
2019-09-19,8.015,39.4,2.3899999999999997,1.1400000000000001,2584.0,16416.5,22381.5,,73.0,13519.0,264.0,5.61,5.49,4.21,146665.0,212.51,189.91,20.17,73.0,9868.87,11114.4,38719.56,1.3893,262.7224702423367,241.51555894058612,10751.807683034316,8974.558266715967,0.15740261322449975
2019-09-20,7.975,39.5,2.51,1.225,2926.0,16278.0,20294.0,,73.6,13399.0,264.0,5.34,5.19,3.62,129607.0,181.39,90.01,17.58,73.6,9861.663999999999,9556.800000000001,34216.248,1.1946,263.53002306667094,244.15755040872136,9996.418758630245,9042.973473821354,0.17975181226194864
2019-09-21,,,,,,,,,,13103.0,264.0,,,,,182.59,121.76,20.74,,,,,,263.82710514840346,246.48909969600564,9718.526703253377,9103.349682181542,
2019-09-22,,,,,,,,,,13531.0,264.0,,,,,,,,,,,,,263.9363955386132,248.54668472025733,9616.295929215354,9156.63149904921,
2019-09-23,7.99,39.25,2.415,1.04,2495.0,17038.0,17173.5,3567.5,72.5,13304.0,264.0,5.34,5.26,37.2,125967.0,213.39,36.74,18.72,72.5,9645.4,98208.00000000001,33255.288,12.276000000000002,263.976601226289,250.3624971309639,65616.93341401395,19620.44312699153,0.14643737527878858
2019-09-24,7.955,39.3,2.475,1.15,2632.0,16998.0,20130.0,,72.75,12664.0,264.0,5.28,5.28,3.9,122979.0,182.0,88.53,17.66,72.75,9213.06,10296.0,32466.456,1.287,263.9913920722031,251.96494595908712,30647.434069430026,18524.792177896245,0.15484174608777504
2019-09-25,8.01,39.2,2.47,1.3199999999999998,2550.5,16598.0,16675.0,,72.95,12332.0,264.0,5.54,5.05,3.65,115138.0,183.17,,17.78,72.95,8996.194,9636.000000000002,30396.432,1.2045000000000001,263.9968333203324,253.37910208645616,17365.674623672523,17480.331564711614,0.1536630919387878
2019-09-26,8.004999999999999,39.2,2.385,1.17,2514.5,16434.5,18357.0,,72.55000000000001,12139.0,264.0,5.51,4.86,3.55,125655.0,204.02,,20.72,72.55000000000001,8806.844500000001,9372.0,33172.92,1.1715,263.9988350436535,254.62709048863036,12312.708553462988,16527.577490986907,0.15300130822355412
2019-09-27,8.075,39.2,2.62,1.66,2531.0,16440.5,21301.0,,72.35,12352.0,264.0,5.57,5.46,4.24,134645.0,153.64,,17.67,72.35,8936.671999999999,11193.600000000002,35546.28,1.3992000000000002,263.9995714365103,255.7284363880106,11605.297029258145,15900.818614251897,0.1539490891396247
2019-09-28,,,,,,,,,,12614.0,264.0,,,,,208.36,132.29,19.39,,,,,,263.9998423403029,256.7003707328879,11345.05487305543,15347.70584686585,
2019-09-29,,,,,,,,,,12965.0,264.0,,,,,27.34,,,,,,,,263.9999420002387,257.5580997817577,11249.317134062323,14859.58554286767,
2019-09-30,7.890000000000001,39.099999999999994,2.385,1.24,2418.0,16368.0,21986.0,3599.0,72.35,12670.0,264.0,5.53,5.22,3.73,128980.0,184.72,133.04,22.41,72.35,9166.744999999999,9847.2,34050.72,1.2309,263.99997866308024,258.3150430106421,10363.010067735751,14270.614716140524,0.14772727272727273
2019-10-01,8.08,39.0,2.66,1.23,2467.0,16403.0,18271.5,0.16,72.55000000000001,10089.0,209.0,5.7,5.11,3.71,124545.0,184.38,97.87,23.85,72.55000000000001,7319.5695000000005,7753.9,26029.905,0.9692375,229.23336141501522,252.52037270771777,8713.737953673412,13504.880552021465,0.15039931719807353
2019-10-02,8.015,39.4,2.2800000000000002,1.13,2483.0,17153.0,18278.0,,72.95,11233.0,264.0,5.77,4.62,3.41,112096.0,180.6,18.9,15.49,72.95,8194.4735,9002.4,29593.344,1.1253,251.2100684259463,253.86926447173533,8896.207167709968,12975.825141106321,0.14475601935521484
2019-10-03,8.01,39.25,2.46,1.05,2415.0,16972.0,18866.0,,72.55,11582.0,264.0,5.86,4.85,3.38,113906.0,183.01,136.64,15.56,72.55,8402.741,8923.199999999999,30071.184,1.1154,259.29484711991614,255.0596572754027,8913.269891941509,12499.629134362787,0.1422931887815225
2019-10-04,7.995,39.15,2.325,1.14,2446.0,17068.0,19551.0,,73.44999999999999,11341.0,264.0,5.92,4.84,3.0,107433.0,205.21,41.44,17.53,73.44999999999999,8329.964499999998,7920.0,28362.312,0.99,262.2690709878485,256.11017523749814,8285.403572779862,11961.50852606133,0.14330911647527536
2019-10-05,,,,,,,,,,11311.0,264.0,,,,,208.65,37.21,20.42,,,,,,263.3632268023023,257.03725408515686,8054.424462156305,11486.618756018357,
2019-10-06,,,,,,,,,,11398.0,264.0,,,,,,,,,,,,,263.765744231878,257.8553982966674,7969.451996017833,11067.530004886321,
2019-10-07,8.02,39.15,2.045,0.985,2404.5,17112.5,18774.0,3692.5,73.0,11485.0,264.0,5.89,4.83,3.15,108573.0,185.56,78.01,21.75,73.0,8384.05,8316.0,28663.272,1.0395,263.9138221189321,258.5774080291929,8188.5121139559615,10744.216706680754,0.14051132213294376
2019-10-08,8.055,39.2,2.41,1.26,2462.0,17057.5,19839.5,,72.75,11048.0,264.0,5.9,5.05,3.65,119243.0,216.31,136.55,16.5,72.75,8037.42,9636.000000000002,31480.152,1.2045000000000001,263.9682969292714,259.21457938178264,9103.498965379687,10613.997811038265,0.14433533636230397
2019-10-09,8.02,39.2,2.39,0.96,2476.0,17279.5,18898.0,,72.9,10812.0,264.0,5.94,5.56,3.96,123551.0,151.26,84.68,17.33,72.9,7881.948,10454.4,32617.464,1.3068,263.98833709205695,259.7768811268587,9957.431282305955,10595.24457390055,0.14329118319395817
2019-10-10,8.125,39.35,2.765,1.26,2466.0,17244.0,19423.0,,72.65,10900.0,264.0,5.91,5.37,3.58,121362.0,207.06,98.85,17.88,72.65,7918.850000000001,9451.2,32039.568,1.1814,263.9957094559435,260.2731106752062,9637.432081238218,10460.81579288595,0.1430062630480167
2019-10-11,8.035,39.35,2.44,1.04,2452.0,17309.0,20160.5,,72.5,11052.0,264.0,5.91,4.97,3.47,116232.0,177.4,19.07,17.17,72.5,8012.7,9160.8,30685.248,1.1451,263.9984215970502,260.7110317145939,9336.143143690297,10308.059910532906,0.1416604078802935
2019-10-12,,,,,,,,,,11581.0,264.0,,,,,205.74,41.58,19.0,,,,,,263.9994193380049,261.09749567543014,9225.30513771403,10173.253317504768,
2019-10-13,,,,,,,,,,13300.0,264.0,,,,,25.94,47.59,,,,,,,263.9997863863897,261.4385489238287,9184.530114014924,10054.286916709456,
2019-10-14,8.045,39.35,2.4,1.07,2486.5,16608.0,19244.0,3805.5,70.9,13832.0,255.0,5.53,6.47,4.86,151990.0,203.37,131.34,21.0,70.9,9806.888,12393.000000000002,38757.45,1.5491250000000003,258.3108363864874,260.6819994824182,11212.66989132841,10329.092947962026,0.14971700385356454
2019-10-15,7.98,38.9,2.505,1.3599999999999999,2523.0,16595.5,21660.0,,71.2,12881.0,252.0,5.51,5.98,5.41,122264.0,178.86,82.07,16.41,71.2,9171.272,13633.199999999999,30810.528,1.7041499999999998,254.32162696318537,259.6618376514751,12742.736736283245,10717.335760768568,0.152029164532554
2019-10-16,8.114999999999998,38.95,2.39,1.145,2580.0,16953.0,19073.0,,71.35,13183.0,252.0,5.26,6.26,4.87,142304.0,182.14,36.15,18.43,71.35,9406.0705,12272.4,35860.608,1.53405,252.85407882982517,258.7615479955328,12445.42721570628,10900.060625558192,0.15218545390196425
2019-10-17,8.045,38.95,2.48,1.2149999999999999,2681.0,16728.0,22746.0,,70.35,13229.0,233.0,4.94,7.0,5.54,158464.0,201.92,89.25,17.89,70.35,9306.601499999999,12908.199999999999,36922.112,1.6135249999999999,240.30390742488984,255.7344863118421,12737.955406724672,11136.023222096936,0.1602702056432329
2019-10-18,8.065000000000001,38.65,2.45,1.15,1919.5,17823.0,18161.0,,68.35,13915.0,249.0,4.46,7.59,6.04,163353.0,180.89,89.04,16.36,68.35,9510.902499999998,15039.6,40674.897,1.87995,245.80088632309332,254.943163310699,14192.8722732506,11594.70558449939,0.10769791842001908
2019-10-19,,,,,,,,,,13518.0,230.0,,,,,173.23,99.84,18.05,,,,,,235.81282123055306,252.01226436235356,14728.106277059065,11999.491348589741,
2019-10-20,,,,,,,,,,13802.0,240.0,,,,,,,,,,,,,238.45962301421093,250.60078609280433,14925.007863276078,12356.713531609816,
2019-10-21,7.94,39.349999999999994,2.45,0.86,2958.0,16573.0,19314.0,3627.0,67.85,13550.0,236.0,4.24,7.69,5.72,136711.0,154.45,78.34,20.16,67.85,9193.675,13499.199999999999,32263.796,1.6873999999999998,236.9048447399603,248.88514850220002,14023.72539995985,12490.95923040085,0.17848307488083026
2019-10-22,7.92,39.099999999999994,2.325,0.885,2954.5,16395.5,26561.5,,67.6,12949.0,240.0,4.03,7.79,6.16,127077.0,205.01,88.05,16.7,67.6,8753.524,14784.0,30498.48,1.848,238.86135601259775,247.84111603219569,14504.310605000388,12760.398623328552,0.18020188466347473
2019-10-23,7.9,39.1,2.6,1.315,3057.0,16264.0,20754.0,,66.95,12191.0,221.0,4.03,7.73,6.32,136127.0,180.35,89.07,17.76,66.95,8161.874500000001,13967.2,30084.067,1.7459,227.57082566847862,244.6872017603264,14164.7919492148,12902.201523052621,0.18796114117068372
2019-10-24,7.96,39.3,2.45,0.86,2826.0,16424.0,15993.0,,66.8,11491.0,216.0,4.02,7.68,5.85,134049.0,176.82,82.48,17.38,66.8,7675.987999999999,12636.0,28954.584,1.5795,220.25666888081207,241.3163666973074,13198.41112794454,12870.92201955724,0.17206527033609353
2019-10-25,7.93,39.2,2.5,1.08,2918.5,16337.5,20254.0,,65.4,11328.0,216.0,4.08,7.6,5.94,138460.0,204.44,79.16,17.69,65.4,7408.512000000001,12830.400000000003,29907.36,1.6038000000000003,217.565940969125,238.34161519506958,12965.783728093113,12866.160556745737,0.17863810252486612
2019-10-26,,,,,,,,,,11201.0,216.0,,,,,173.58,89.82,18.74,,,,,,216.57607748862915,235.71640620838582,12880.204890234603,12861.958580562814,
2019-10-27,,,,,,,,,,11289.0,216.0,,,,,,,,,,,,,216.21192706458834,233.39966740900016,12848.722195187114,12858.25034959665,
2019-10-28,7.915,38.849999999999994,2.465,1.06,2729.5,16200.0,17401.5,3381.5,67.69999999999999,11264.0,216.0,4.07,7.39,5.69,131229.0,154.36,88.91,19.12,67.69999999999999,7625.727999999998,12290.400000000001,28345.464,1.5363000000000002,216.07796361008985,231.35515259444477,12495.79525715905,12791.526174650624,0.16848765432098767
2019-10-29,7.915,38.650000000000006,2.365,0.935,2664.0,16369.0,18542.0,,67.0,10861.0,216.0,4.02,7.32,5.61,130542.0,202.6,98.7,16.42,67.0,7276.87,12117.6,28197.072,1.5147,216.02868120931157,229.5508746033113,12256.730259857362,12712.33776169986,0.16274665526299714
2019-10-30,7.984999999999999,38.95,2.315,1.09,2660.0,16436.0,18892.0,,67.5,11127.0,216.0,4.13,7.22,5.69,129851.0,178.97,60.85,17.3,67.5,7510.725,12290.400000000001,28047.816,1.5363000000000002,216.01055122725364,227.9586048647345,12278.013594811939,12662.758767783604,0.16183986371379896
2019-10-31,8.015,38.9,2.42,1.02,2566.0,16465.0,19740.5,,67.45,11554.0,216.0,4.17,7.66,5.84,146575.0,178.8,89.92,14.9,67.45,7793.173000000001,12614.4,31660.2,1.5768,216.00388157958574,226.55343175236126,12490.650357241746,12657.076462781837,0.15584573337382326
2019-11-01,8.015,38.7,2.315,0.785,2545.5,16385.5,20168.0,,67.4,11808.0,216.0,4.12,7.77,5.89,132709.0,174.83,128.98,17.28,67.4,7958.592000000001,12722.4,28665.144,1.5903,216.00142795332886,225.31337083309674,12637.144070930412,12664.7521807391,0.155350767446828
2019-11-02,,,,,,,,,,11395.0,216.0,,,,,204.91,56.0,18.48,,,,,,216.00052531467264,224.2190209128296,12691.036096457326,12671.525978061498,
2019-11-03,,,,,,,,,,11388.0,216.0,,,,,,,,,,,,,216.0001932524682,223.25326049785014,12710.861864691766,12677.50383321725,
2019-11-04,8.2,38.95,2.49,1.115,,,,,66.69999999999999,11845.0,218.0,4.12,7.39,8.53,,178.28,79.27,15.67,66.69999999999999,7900.614999999999,18595.399999999998,,2.3244249999999997,217.2643122112671,222.63598611782277,16430.599399230763,13372.874962996973,
2019-11-05,8.155000000000001,39.0,2.44,1.23,,,,,67.25,12197.0,224.0,4.19,7.34,5.8,,204.25,88.51,16.38,67.25,8202.4825,12992.0,,1.624,221.52207894037565,222.7962619738962,14256.99002540147,13328.120975116852,
2019-11-06,8.04,39.1,2.4749999999999996,1.17,,,,,66.95,12673.0,224.0,4.23,7.52,6.04,,150.88,176.81,17.19,66.95,8484.5735,13529.6,,1.6912,223.08842378531847,222.9377049204401,13797.191836058373,13351.795384604857,
2019-11-07,7.985,38.75,2.51,1.07,,,,,67.80000000000001,12393.0,224.0,4.23,7.61,6.07,,148.24,77.55,18.87,67.80000000000001,8402.454000000002,13596.8,,1.6996,223.66464985155778,223.06252788265752,13670.520036664475,13380.584185794856,
2019-11-08,8.11,38.9,2.46,1.46,2619.0,17096.5,19298.0,,67.55000000000001,12196.0,224.0,4.29,7.31,6.23,146289.0,209.16,82.1,16.98,67.55000000000001,8238.398000000001,13955.199999999999,32768.736,1.7444,223.87663157479432,223.17268376018583,13850.47209417542,13448.103323787835,0.15318924926154476
2019-11-09,,,,,,,,,,12081.0,224.0,,,,,153.24,88.24,17.1,,,,,,223.95461529267715,223.26989598090606,13916.672756530197,13507.68875393182,
2019-11-10,,,,,,,,,,12658.0,236.0,,,,,,,,,,,,,231.568750605175,224.7657226335699,13941.026619202452,13560.272711473057,
2019-11-11,8.08,38.75,2.29,0.99,2543.0,17217.5,19567.0,3651.0,67.30000000000001,14299.0,240.0,4.18,7.53,5.64,142108.0,156.7,,15.82,67.30000000000001,9623.227000000003,13536.0,34105.92,1.692,236.89831668425472,226.55579741101084,13685.000966331758,13557.420592692302,0.14769856250907507
2019-11-12,8.145,38.9,2.065,0.8300000000000001,2662.0,17071.0,20440.0,,67.95,12795.0,216.0,4.34,6.99,5.27,157229.0,149.02,,15.35,67.95,8694.2025,11383.199999999999,33961.464,1.4228999999999998,223.68806106322745,225.31545851952757,12229.985253182012,13301.942938586599,0.1559369691289321
2019-11-13,8.155000000000001,38.7,2.185,0.945,2749.5,17215.0,22547.5,,68.1,13377.0,216.0,4.28,6.85,5.1,149855.0,175.66,100.53,14.74,68.1,9109.737,11015.999999999998,32368.68,1.3769999999999998,218.82827960763203,224.22086328963834,11462.60021653097,13033.3375627878,0.15971536450769677
2019-11-14,7.955,38.9,2.1,0.98,2753.5,16933.5,19870.0,,67.19999999999999,13527.0,216.0,3.55,7.28,5.39,156342.0,172.42,108.54,10.76,67.19999999999999,9090.143999999998,11642.4,33769.872,1.4553,217.04046592153225,223.25488638967724,11576.255356134667,12869.8980908488,0.16260666725721204
2019-11-15,7.955,38.75,2.04,0.9299999999999999,2711.5,16915.0,21334.0,,67.69999999999999,12562.0,216.0,3.68,7.42,5.46,158435.0,180.23,64.56,16.08,67.69999999999999,8504.473999999998,11793.6,34221.96,1.4742,216.3827660217712,222.4024147674933,11713.643373873216,12743.42973143178,0.16030150753768843
2019-11-16,,,,,,,,,,11839.0,216.0,,,,,208.0,92.15,8.15,,,,,,216.1408117501886,221.6501112013747,11764.185601062523,12631.821795971304,
2019-11-17,,,,,,,,,,9426.0,160.0,,,,,27.94,,,,,,,,180.65305045357053,214.40603217920903,11782.779047356487,12533.328138623572,
2019-11-18,7.92,39.0,2.19,1.09,2859.0,16701.0,22112.0,3598.0,66.85,10949.0,195.0,3.76,7.71,5.78,135175.0,180.78,80.95,15.5,66.85,7319.406499999999,11271.0,26359.125,1.408875,189.72205221834463,212.12576328960895,11459.272989944759,12385.00067238068,0.17118735405065566
2019-11-19,7.93,38.9,2.0949999999999998,1.11,2634.0,16671.5,19854.0,,67.15,10520.0,194.0,3.7,7.62,5.59,140326.0,181.76,113.22,17.5,67.15,7064.180000000001,10844.6,27223.244,1.355575,192.426230960724,209.99592996006146,11070.725556044057,12203.998822115178,0.1579941816873107
2019-11-20,7.98,38.8,2.37,0.9299999999999999,2860.5,16918.5,21656.0,,68.0,10204.0,196.0,3.94,7.05,5.5,145322.0,178.52,65.78,14.46,68.0,6938.72,10780.0,28483.112,1.3475,194.68528384295536,208.35136483854518,10886.951955091745,12036.674549800757,0.16907527263055236
2019-11-21,7.985,39.0,2.38,0.94,2753.5,17104.5,20571.0,,68.75,9820.0,192.0,4.05,6.89,5.39,142531.0,178.95,81.61,5.02,68.75,6751.25,10348.8,27365.952,1.2935999999999999,192.9878607195331,206.43002882304677,10546.77504050447,11838.344062150536,0.1609810283843433
2019-11-22,7.945,38.849999999999994,2.33,0.95,2688.5,16974.5,18783.0,,67.25,10192.0,192.0,3.88,7.07,5.47,135844.0,179.32,78.05,16.76,67.25,6854.12,10502.4,26082.048,1.3128,192.36341364945707,204.7344557405452,10518.724665102745,11681.36649687413,0.1583846357771952
2019-11-23,,,,,,,,,,10361.0,192.0,,,,,177.35,88.68,12.87,,,,,,192.13369241027635,203.23811774713175,10508.405508675309,11542.83428174243,
2019-11-24,,,,,,,,,,10950.0,192.0,,,,,,,,,,,,,192.04918268918132,201.91760410272474,10504.609303175423,11420.580030980524,
2019-11-25,7.955,39.0,2.52,0.91,2768.5,16769.5,19611.0,3680.0,65.85,10996.0,199.0,3.78,7.81,6.56,143406.0,154.26,113.15,11.96,65.85,7240.866,13054.399999999998,28537.794,1.6317999999999997,196.44293721201123,201.57477658362268,12116.38442334803,11612.558937959451,0.1650913861474701
2019-11-26,7.9399999999999995,39.0,2.275,1.125,2760.0,16962.0,24865.0,,67.25,9976.0,192.0,3.89,7.18,6.1,137639.0,206.88,80.04,20.19,67.25,6708.86,11711.999999999998,26426.688,1.4639999999999997,193.6344652587145,200.44971067798653,11860.764715679708,11624.243570759492,0.16271666077113547
2019-11-27,7.95,39.0,2.2699999999999996,0.735,2678.0,16883.5,18964.0,,67.05,10882.0,204.0,3.85,7.26,5.52,138020.0,180.32,80.95,20.64,67.05,7296.380999999999,11260.8,28156.08,1.4076,200.18673287193275,200.86688067004397,11481.514684326834,11581.537825459538,0.15861640062783192
2019-11-28,7.925,39.05,2.33,0.935,2638.0,16790.0,20677.5,,67.35,10839.0,204.0,3.83,7.33,5.6,130941.0,152.25,84.16,5.18,67.35,7300.066499999999,11424.0,26711.964,1.428,202.5971774198892,201.2350318958859,11445.158469929307,11563.026643007955,0.15711733174508635
2019-11-29,7.96,38.95,2.21,1.12,2613.0,16837.5,19166.0,,67.65,9479.0,166.0,3.91,7.51,6.24,123051.0,233.01,44.65,17.67,67.65,6412.543500000001,10358.400000000001,20426.466,1.2948000000000002,179.46334917768098,197.09480651058874,10758.196098605926,11421.4792812254,0.1551893095768374
2019-11-30,,,,,,,,,,12190.0,215.0,,,,,128.81,,19.42,,,,,,201.9267967543806,199.1987222054167,10505.476765337671,11296.564172883272,
2019-12-01,,,,,,,,,,13119.0,216.0,,,,,,,,,,,,,210.8227578545094,201.17292438681687,10412.506518241727,11186.326976685326,
2019-12-02,7.925,39.0,2.455,1.01,2771.0,15623.0,24002.0,3646.0,67.19999999999999,11383.0,204.0,3.83,7.71,5.67,137073.0,206.82,97.76,10.31,67.19999999999999,7649.375999999998,11566.800000000001,27962.892,1.44585,206.509952346765,201.50511452799344,11142.15915898293,11231.033735407804,0.17736670293797607
2019-12-03,7.96,39.0,2.45,0.89,2518.0,15620.0,19391.0,,67.35,10710.0,192.0,3.93,7.46,5.61,135521.0,183.4,89.64,24.97,67.35,7213.184999999999,10771.2,26020.032,1.3464,197.33791316075218,200.38823412966605,10907.66824810407,11177.001847201293,0.1612035851472471
2019-12-04,8.075,38.849999999999994,2.4450000000000003,0.96,2567.0,15807.5,19211.0,,67.3,11663.0,216.0,3.83,7.64,5.75,141011.0,179.85,89.24,14.07,67.3,7849.1990000000005,12420.0,30458.376,1.5525,209.1346019224846,202.22266497555438,11863.644240246696,11323.057980236767,0.1623912699667879
2019-12-05,8.155000000000001,38.95,2.51,1.1949999999999998,,,19628.0,,67.35,11645.0,216.0,3.85,7.65,6.18,143420.0,156.73,80.88,5.47,67.35,7842.907499999998,13348.8,30978.72,1.6685999999999999,213.47436119182413,203.84154451505648,12802.441729049406,11561.088942123484,
2019-12-06,,,,,,,,,,11722.0,216.0,,,,,206.45,80.61,15.41,,,,,,215.07086940664735,205.27020069432467,13147.806024603298,11771.150528707743,
2019-12-07,,,,,,,,,,12014.0,216.0,,,,,181.27,,10.52,,,,,,215.6581919565421,206.53098534738717,13274.858448652234,11956.529228220359,
2019-12-08,,,,,,,,,,13190.0,216.0,,,,,26.83,82.89,,,,,,,215.87425584798478,207.64362389854102,13321.598423410833,12120.125356345403,
2019-12-09,8.1,39.05,2.38,0.94,2487.5,16437.0,20054.0,3539.0,66.85,12747.0,216.0,3.83,7.4,5.77,127918.0,153.34,71.61,11.66,66.85,8521.369499999999,12463.199999999999,27630.288,1.5578999999999998,215.95374131162606,208.62552397363052,12778.987132306824,12160.437689619504,0.15133540183731825
2019-12-10,8.09,39.0,2.485,1.26,2737.0,15922.5,32429.5,,66.69999999999999,12945.0,216.0,3.8,8.6,7.02,180604.0,180.78,80.23,17.66,66.69999999999999,8634.314999999999,15163.199999999999,39010.464,1.8954,215.98298237957167,209.49204774854456,14286.097102599271,12513.271561891448,0.1718951169728372
2019-12-11,8.075,39.0,2.455,1.08,2729.5,16122.5,24163.0,,66.95,13133.0,216.0,3.82,8.12,6.54,155408.0,174.76,80.86,14.13,66.95,8792.543500000002,14126.4,33568.128,1.7658,215.99373956730676,210.25675229592213,14185.149280860918,12702.819149898078,0.1692975655140332
2019-12-12,8.094999999999999,39.0,2.235,0.9,2575.0,16487.0,25444.0,,66.75,13420.0,216.0,3.93,8.24,6.77,167831.0,180.93,65.22,4.4,66.75,8957.85,14623.199999999999,36251.496,1.8278999999999999,215.99769691551933,210.93160169037517,14462.050146238365,12928.469848002282,0.1561836598532177
2019-12-13,8.114999999999998,39.0,2.255,0.91,2585.0,16580.5,26210.0,,67.15,14186.0,216.0,3.96,8.18,6.61,159591.0,180.83,87.99,19.74,67.15,9525.899,14277.6,34471.656,1.7847,215.99915274256827,211.52715419069108,14345.455416722161,13086.996819678528,0.15590603419679744
2019-12-14,,,,,,,,,,13789.0,216.0,,,,,177.73,119.75,18.26,,,,,,215.99968831140947,212.0527274275464,14302.562612784204,13226.896381158933,
2019-12-15,,,,,,,,,,13877.0,216.0,,,,,,,,,,,,,215.99988533617548,212.51654418115257,14286.78323204123,13350.357310838332,
2019-12-16,7.8100000000000005,39.0,2.27,0.96,2511.5,15988.5,24640.0,3435.5,65.30000000000001,14275.0,216.0,3.65,8.37,6.55,163117.0,176.77,36.67,23.68,65.30000000000001,9321.575,14148.0,35233.272,1.7685,215.9999578175363,212.92586102957685,14199.055497847294,13444.08279744558,0.1570816524376896
2019-12-17,8.004999999999999,39.0,2.55,1.34,3019.0,16129.0,33206.0,,65.5,14790.0,210.0,3.84,9.11,7.59,181254.0,180.41,89.15,15.19,65.5,9687.45,15938.999999999998,38063.34,1.9923749999999998,212.2072611289675,212.58206329599454,15298.910188878737,13737.243296540702,0.18717837435674872
2019-12-18,8.024999999999999,39.0,2.435,1.385,2960.5,16124.0,30041.5,,65.55,14175.0,192.0,3.87,8.27,6.8,165543.0,179.01,65.57,17.22,65.55,9291.7125,13056.0,31784.256,1.632,199.43383593172996,210.16360710751528,13881.120546882445,13657.19509910369,0.18360828578516497
2019-12-19,8.094999999999999,39.0,2.395,0.925,2908.0,16456.5,24446.0,,66.15,14061.0,192.0,3.78,8.61,6.51,184427.0,179.86,119.92,17.06,66.15,9301.3515,12499.2,35409.984,1.5624,194.734755408325,208.02932701214576,13007.580158530447,13521.127088167148,0.1767082915565278
2019-12-20,8.145,39.0,2.575,1.06,3093.0,16469.5,29544.0,,66.55,13364.0,192.0,4.03,8.49,7.01,181624.0,209.44,36.19,20.66,66.55,8893.742,13459.2,34871.808,1.6824000000000001,193.00606029135517,206.1458314387342,13293.058345098247,13513.85046349359,0.1878016940404991
2019-12-21,,,,,,,,,,12363.0,192.0,,,,,150.93,83.15,16.22,,,,,,192.37010889776852,204.4836524291667,13398.079900839446,13507.428864757907,
2019-12-22,,,,,,,,,,8489.0,195.0,,,,,,,,,,,,,194.03251713096932,203.3692938939285,13436.715172076474,13501.761823764024,
2019-12-23,8.175,38.65,1.92,0.97,2755.0,17183.0,23309.0,3481.0,68.05000000000001,11640.0,204.0,3.87,8.62,6.85,165140.0,155.52,129.38,22.61,68.05000000000001,7921.020000000001,13973.999999999998,33688.56,1.7467499999999998,200.33316797225507,203.44340381495073,13776.343957753597,13557.251272189553,0.1603328871559099
2019-12-24,8.15,38.6,2.3899999999999997,1.115,2553.0,16976.5,24611.0,,67.25,12046.0,209.0,4.01,7.82,6.28,183541.0,206.31,97.8,14.63,67.25,8100.935,13125.199999999999,38360.069,1.64065,205.81165067690645,204.09632107778063,13364.742475300554,13506.483909465014,0.15038435484346008
2019-12-25,8.129999999999999,38.65,2.49,1.25,2677.0,16983.5,27268.0,,66.85,12911.0,216.0,4.07,8.0,6.37,161459.0,152.16,18.04,15.57,66.85,8631.003499999999,13759.2,34875.144,1.7199,212.2519157445609,205.49504022177987,13614.087186247698,13536.178832869587,0.1576235758235935
2019-12-26,8.11,38.65,2.3049999999999997,0.8300000000000001,2573.0,16907.0,21542.0,,66.05,14070.0,220.0,4.06,8.54,6.5,163254.0,152.73,88.44,17.34,66.05,9293.235,14300.0,35915.88,1.7875,217.14963909395982,207.19941792360657,14047.666777384471,13625.93018587886,0.15218548530194595
2019-12-27,,,,,,,,,,14639.0,227.0,,,,,184.0,64.88,17.93,,,,,,223.37625473454892,209.52604764821075,14207.17179507521,13705.135476912319,
2019-12-28,,,,,,,,,,15089.0,240.0,,,,,179.3,79.38,17.63,,,,,,233.88446588156944,213.10683144003545,14265.850411847321,13775.033900917659,
2019-12-29,,,,,,,,,,15088.0,240.0,,,,,,,,,,,,,237.75022072604688,216.26686204514587,14287.437068594158,13836.719043597916,
2019-12-30,,,,,,,,,,,,,,,,,,,,,,,,239.17235245793904,219.05557926622834,14295.378355814944,13891.155990948731,
2019-12-31,,,,,,,,,,,,,,,,,,,,,,,,239.6955254847397,221.51661357601793,14298.29979211991,13939.196428371986,
2020-01-01,8.004999999999999,39.0,2.7350000000000003,1.22,2622.5,16914.0,24424.0,,67.35,14023.0,240.0,4.1,7.96,6.29,152913.0,152.24,89.12,15.6,67.35,9444.4905,15095.999999999998,36699.12,1.8869999999999998,239.8879900854751,223.68846873156167,14802.542493302728,14075.12443113948,0.15504907177486107
2020-01-02,7.99,38.75,2.215,1.23,2703.0,16995.5,28442.0,,66.85,14179.0,240.0,4.02,7.05,5.68,141405.0,155.12,80.28,13.96,66.85,9478.661499999998,13631.999999999998,33937.2,1.7039999999999997,239.95879385523892,225.6051241791914,14062.618518303634,14023.055937940151,0.15904209937924746
2020-01-03,7.995,38.95,2.5,0.9,2734.5,16915.0,25864.5,,65.9,13397.0,210.0,4.21,7.87,6.23,149511.0,178.24,80.91,19.33,65.9,8828.623,13083.000000000002,31397.31,1.6353750000000002,221.02122434163573,223.77147375258437,13443.381513074739,13912.59645348844,0.16166124741353827
2020-01-04,,,,,,,,,,11761.0,186.0,,,,,145.79,,18.24,,,,,,198.88358843994067,219.33320859271106,13215.576949638456,13815.116300598715,
2020-01-05,,,,,,,,,,14459.0,240.0,,,,,,83.18,,,,,,,224.87411749231035,221.76162059670557,13131.772334145211,13729.090367610059,
2020-01-06,8.004999999999999,38.8,2.4450000000000003,0.94,3036.5,16338.0,23490.0,3325.5,66.55,13774.0,240.0,4.12,7.52,5.77,152401.0,178.38,72.02,23.88,66.55,9166.597,13847.999999999998,36576.24,1.7309999999999999,234.43549879584623,223.90468666842997,13584.514566533813,13743.062617728403,0.1858550618190721
2020-01-07,7.995,38.95,2.32,1.1,2853.0,16538.5,24516.0,,67.15,13282.0,224.0,4.19,7.81,6.19,151752.0,154.52,79.14,14.64,67.15,8918.863000000001,13865.600000000002,33992.448,1.7332000000000003,227.8390054653612,223.91588628011442,13762.194447815029,13757.461139694491,0.17250657556610333
2020-01-08,7.995,38.9,2.23,0.94,2850.5,16689.0,25847.5,,67.1,13584.0,240.0,4.21,7.1,5.33,178142.0,124.31,80.0,11.68,67.1,9114.864,12792.0,42754.08,1.599,235.52622012650812,225.80581946138258,13148.914591289828,13644.016465346182,0.17080112649050272
2020-01-09,8.015,39.0,2.38,0.97,2731.0,16567.5,27142.0,,67.15,13512.0,240.0,4.15,7.14,5.38,136683.0,149.24,88.5,18.38,67.15,9073.308,12912.0,32803.92,1.614,238.35418836021577,227.47367963994358,12999.156007449063,13558.002263308928,0.1648408027765203
2020-01-10,7.73,38.9,2.48,1.05,2884.0,16579.5,25846.0,,66.4,13756.0,240.0,3.96,7.71,5.73,151663.0,149.73,64.94,18.29,66.4,9133.984,13752.0,36399.12,1.719,239.39453973368273,228.94556108146784,13475.044172731083,13580.797598261706,0.17394975723031456
2020-01-11,,,,,,,,,,14438.0,240.0,,,,,181.73,,16.97,,,,,,239.7772636155757,230.24449189458477,13650.113645035137,13600.914410750913,
2020-01-12,,,,,,,,,,14238.0,230.0,,,,,,41.4,,,,,,,233.59685427508387,230.2157633396781,13714.51810467253,13618.667435462514,
2020-01-13,7.72,39.55,2.085,1.155,2701.5,16101.5,23355.0,3559.0,67.0,11961.0,216.0,3.93,7.26,5.41,145649.0,179.62,96.04,22.28,67.0,8013.87,11685.599999999999,31460.184,1.4606999999999999,222.47352091709314,228.54536711514154,12431.99725852955,13391.526024282815,0.16777939943483527
2020-01-14,7.775,39.650000000000006,2.2649999999999997,1.0150000000000001,2707.5,16178.5,24328.0,,66.35,12616.0,216.0,3.99,7.04,5.51,142611.0,124.66,135.42,14.34,66.35,8370.716,11901.599999999999,30803.976,1.4876999999999998,218.38147525739186,227.07124762089904,12096.722247066715,13216.455101509764,0.1673517322372284
2020-01-15,7.85,39.6,2.39,1.4,2750.5,16320.5,28641.0,,68.05,12748.0,216.0,4.15,7.56,6.29,149103.0,149.99,66.3,11.57,68.05,8675.014,13586.400000000001,32206.248,1.6983000000000001,216.87609578685294,225.77034173319046,13038.378180725373,13259.924772955395,0.16853037590760087
2020-01-16,7.8149999999999995,39.7,2.63,1.38,2741.0,16218.5,27198.0,,67.35,12998.0,216.0,4.09,7.33,5.67,165045.0,153.33,79.67,20.97,67.35,8754.152999999998,12247.199999999999,35649.72,1.5309,216.3222976284801,224.62229631673358,12538.258186992287,13140.926475303822,0.1690045318617628
2020-01-17,7.84,39.95,2.475,1.28,2915.0,16159.0,25701.0,,67.55,12543.0,200.0,4.09,7.63,6.05,147231.0,131.16,79.7,17.74,67.55,8472.796499999999,12100.0,29446.2,1.5125,206.00463773019922,221.72910023403747,12261.226176919532,13018.614390273922,0.18039482641252552
2020-01-18,,,,,,,,,,12028.0,192.0,,,,,181.66,82.65,16.26,,,,,,197.1520183019942,218.23583887316502,12159.311795867365,12910.674354086372,
2020-01-19,,,,,,,,,,11498.0,192.0,,,,,,,,,,,,,193.89532161384267,215.15304654227666,12121.819590318562,12815.41760648599,
2020-01-20,,,,,,,,,,11354.0,192.0,,,,,147.37,71.53,22.8,,,,,,192.69724985614062,212.43249185895613,12108.026978692982,12731.35382177837,
2020-01-21,7.82,39.95,2.3049999999999997,0.97,2654.0,15991.0,27887.0,3309.0,67.45,12305.0,192.0,4.16,8.13,6.34,189231.0,147.31,79.83,14.67,67.45,8299.7225,12172.800000000001,36332.352,1.5216,192.2565038874339,210.03161077761374,12148.97133711859,12665.7220176462,0.1659683572009255
2020-01-22,7.86,40.0,2.385,0.89,2618.0,16174.5,20553.0,,66.75,12843.0,192.0,4.05,8.62,6.47,160433.0,174.69,79.06,13.07,66.75,8572.7025,12422.4,30803.136,1.5528,192.09436250676748,207.91284065985514,12321.811216298931,12637.130926903405,0.16185971745649017
2020-01-23,7.87,39.95,2.6,1.2349999999999999,2650.0,16084.5,26557.0,,67.5,12692.0,192.0,4.03,7.28,5.79,146406.0,149.27,87.32,21.98,67.5,8567.1,11116.800000000001,28109.952,1.3896000000000002,192.03471402625718,206.04303259364437,11560.098852857373,12458.48733389582,0.16475488824644843
2020-01-24,,,,,,,,,,13175.0,192.0,,,,,227.48,41.4,38.82,,,,,,192.0127705765803,204.39293276678566,11279.880534261112,12300.834916400045,
2020-01-25,,,,,,,,,,13176.0,192.0,,,,,46.89,,,,,,,,192.0046980325758,202.9367247806275,11176.79397580992,12161.707146275048,
2020-01-26,,,,,,,,,,12880.0,192.0,,,,,,,,,,,,,192.0017283095986,201.65162574332393,11138.870550294607,12038.927320076238,
2020-01-27,,,,,,,,,,12182.0,192.0,,,,,95.97,78.45,22.49,,,,,,192.0006358095693,200.5175298233891,11124.919301708727,11930.574503755914,
2020-01-28,7.8,39.55,2.235,1.09,2785.0,15945.0,25554.0,3441.0,67.95,11531.0,192.0,4.05,6.06,5.12,152363.0,153.71,88.61,16.79,67.95,7835.3145,9830.4,29253.696,1.2288,192.00023390126904,199.5166936868128,10306.627037298253,11683.797494451734,0.1746629037315773
2020-01-29,7.8149999999999995,39.75,2.24,0.8400000000000001,2864.0,15954.5,28698.0,,67.45,11992.0,192.0,4.05,6.73,4.69,157258.0,200.58,89.29,15.96,67.45,8088.604,9004.8,30193.536,1.1256,192.00008604746813,198.63345889628948,9483.715402983154,11369.006990885548,0.17951048293584881
2020-01-30,7.84,39.75,2.5,1.1400000000000001,2734.0,15869.0,27156.0,,67.05,12727.0,192.0,3.89,7.58,5.72,156560.0,152.76,,19.56,67.05,8533.4535,10982.4,30059.52,1.3728,192.0000316550945,197.85400692939768,10431.064747957194,11323.579471974046,0.17228558825382823
2020-01-31,7.855,39.849999999999994,2.17,0.8300000000000001,2868.0,15669.0,27082.0,,66.65,12902.0,192.0,4.0,7.55,5.79,154766.0,199.99,85.02,17.63,66.65,8599.183,11116.800000000001,29715.072,1.3896000000000002,192.00001164525847,197.16614298290222,10864.532098686936,11299.282243535174,0.18303656902163506
2020-02-01,,,,,,,,,,11747.0,192.0,,,,,153.63,88.96,23.2,,,,,,192.00000428405116,196.55910518072034,11023.995825439459,11277.840014696478,
2020-02-02,,,,,,,,,,11277.0,192.0,,,,,,,,,,,,,192.00000157601434,196.02339620054306,11082.659252124293,11258.91731416182,
2020-02-03,7.825,40.0,2.37,1.15,2763.5,16138.0,23789.5,3342.5,67.15,11301.0,192.0,4.09,6.31,4.39,158917.0,177.99,84.99,23.94,67.15,7588.6215,8428.8,30512.064,1.0535999999999999,192.00000057978326,195.55063468484988,9405.100258619146,10926.36976369884,0.17124178956500186
2020-02-04,7.83,39.9,2.365,0.95,2767.5,16163.0,27447.0,,67.35,11026.0,192.0,4.15,6.6,4.85,143111.0,180.35,117.32,14.76,67.35,7426.0109999999995,9312.0,27477.312,1.164,192.00000021329035,195.13342411158945,9346.249671113728,10736.67631609045,0.17122440141062922
2020-02-05,7.85,39.95,2.38,1.14,2737.5,16232.5,28263.5,,67.55,11346.0,192.0,4.23,6.94,5.29,151045.0,176.48,37.49,15.77,67.55,7664.222999999999,10156.800000000001,29000.64,1.2696,192.00000007846512,194.76523707296158,9858.615197967989,10668.539052831988,0.16864315416602496
2020-02-06,7.88,39.9,2.1500000000000004,0.94,2803.0,16033.5,23267.0,,67.35,11657.0,192.0,4.17,7.09,5.17,147071.0,127.27,88.9,15.24,67.35,7850.9895,9926.4,28237.632,1.2408,192.0000000288657,194.4403131518007,9901.463364908546,10581.335415411293,0.17482146755231234
2020-02-07,7.9,39.9,2.27,0.98,2810.0,15940.5,25276.5,,66.95,11779.0,192.0,4.11,7.24,5.51,153840.0,126.82,89.02,19.72,66.95,7886.0405,10579.2,29537.28,1.3224,192.0000000106191,194.15356879780055,10329.874625421144,10581.084497486198,0.1762805432702864
2020-02-08,,,,,,,,,,12129.0,192.0,,,,,180.06,77.02,17.81,,,,,,192.00000000390656,193.90051779356182,10487.47832053007,10580.863063194498,
2020-02-09,,,,,,,,,,12656.0,192.0,,,,,,41.95,,,,,,,192.00000000143714,193.6772010661252,10545.457479813296,10580.667648117947,
2020-02-10,7.85,39.9,2.3449999999999998,1.2149999999999999,2652.5,16790.5,23827.0,3656.0,67.35,11662.0,192.0,4.09,7.48,6.13,175761.0,177.34,36.25,22.55,67.35,7854.357,11769.6,33746.112,1.4712,192.0000000005287,193.48012474586707,11319.263133759514,10720.37088208147,0.1579762365623418
2020-02-11,7.87,39.9,2.27,0.79,2654.0,16836.5,27469.0,,67.1,11494.0,192.0,4.19,7.73,5.73,153972.0,155.4,89.55,14.15,67.1,7712.473999999999,11001.600000000002,29562.624,1.3752000000000002,192.00000000019452,193.3062055036665,11118.461736128222,10753.416174520298,0.1576337124699314
2020-02-12,7.82,39.9,2.415,0.98,2738.5,16591.0,26190.0,,66.75,11342.0,192.0,4.08,7.4,5.43,172810.0,127.64,86.12,14.31,66.75,7570.785,10425.599999999999,33179.52,1.3032,192.00000000007157,193.15272231112462,10680.489588295924,10714.896758631294,0.16505936953770117
2020-02-13,7.8149999999999995,39.95,2.325,0.8200000000000001,2788.5,16675.0,25665.0,,66.5,10795.0,192.0,4.15,6.73,4.8,151270.0,152.08,121.53,15.68,66.5,7178.675,9216.0,29043.84,1.152,192.00000000002632,193.01727386910764,9754.7556113437,10538.771746786206,0.1672263868065967
2020-02-14,7.8100000000000005,40.0,2.385,1.0750000000000002,2711.0,16818.5,24120.0,,66.69999999999999,11154.0,192.0,4.14,6.56,5.56,152293.0,150.21,38.61,19.14,66.69999999999999,7439.717999999999,10675.2,29240.256,1.3344,192.00000000000966,192.89774103856774,10336.587432671731,10554.802489113801,0.16119154502482386
2020-02-15,,,,,,,,,,11717.0,192.0,,,,,179.95,82.22,18.28,,,,,,192.00000000000355,192.7922536858591,10550.63139795765,10568.949569564034,
2020-02-16,,,,,,,,,,11928.0,192.0,,,,,,,,,,,,,192.0000000000013,192.69916142383187,10629.373772293153,10581.43432424198,
2020-02-17,7.88,40.0,2.34,0.82,2642.5,16953.0,24578.0,3442.0,67.2,11381.0,192.0,4.1,6.25,4.47,177376.0,177.03,103.03,21.17,67.2,7648.032000000001,8582.4,34056.192,1.0728,192.00000000000048,192.61700779093826,9335.439567443804,10346.541599303837,0.15587211702943432
2020-02-18,7.855,,2.365,1.03,2698.5,16979.5,25699.0,,66.75,10772.0,192.0,4.14,7.28,5.59,180446.0,160.54,117.78,14.36,66.75,7190.31,10732.8,34645.632,1.3416,192.00000000000017,192.54450746437357,10218.739824956141,10391.928157788356,0.1589269413115816
2020-02-19,7.855,39.9,2.3449999999999998,0.99,2743.0,16882.5,26790.0,,65.85,11016.0,192.0,4.19,7.41,5.68,178699.0,123.02,18.28,14.93,65.85,7254.036,10905.6,34310.208,1.3632,192.00000000000006,192.48052615074386,10652.918262641946,10452.2861903033,0.16247593662076115
2020-02-20,7.845000000000001,39.9,2.43,1.06,2810.5,17013.5,28115.0,,67.0,10602.0,192.0,4.14,6.71,5.37,185544.0,125.75,65.0,15.06,67.0,7103.34,10310.4,35624.448,1.2888,192.0,192.42406283964235,10436.405427051732,10435.61412346219,0.1651923472536515
2020-02-21,7.865,39.9,2.425,1.155,2803.0,16979.0,28737.5,,66.45,10714.0,192.0,4.33,6.49,5.01,182315.0,148.75,147.6,17.76,66.45,7119.453,9619.199999999999,35004.48,1.2024,192.0,192.3742341424856,9919.83307582606,10339.6829351817,0.16508628305553918
2020-02-22,,,,,,,,,,11924.0,192.0,,,,,74.24,35.64,15.37,,,,,,192.0,192.33026047158492,9729.796727932542,10255.023958662909,
2020-02-23,,,,,,,,,,12563.0,192.0,,,,,,,,,,,,,192.0,192.2914538432198,9659.886262467213,10180.312674109093,
2020-02-24,7.865,40.0,2.285,1.205,2876.5,17080.5,27276.0,4269.0,68.55,13261.0,192.0,4.02,8.72,7.24,189006.0,126.58,37.18,21.34,68.55,9090.4155,13900.8,36289.152,1.7375999999999998,192.0,192.25720711388786,12340.655024180145,10617.48145879603,0.16840841895729047
2020-02-25,7.85,39.9,2.375,1.08,2874.5,16984.5,31122.0,,68.3,14440.0,192.0,3.85,9.48,7.55,184049.0,156.13,20.58,,68.3,9862.52,14495.999999999998,35337.408,1.8119999999999998,192.0,192.22698448132874,13703.092894763715,11073.219400770573,0.16924254467308428
2020-02-26,7.875,39.9,2.3049999999999997,1.05,2907.5,17064.0,34899.0,,67.85,13587.0,192.0,4.3,7.67,5.87,183185.0,101.37,199.32,21.21,67.85,9218.779499999999,11270.4,35171.52,1.4088,192.0,192.20031310170737,12165.337702667413,11096.388731930258,0.17038795124238162
2020-02-27,7.87,39.9,2.41,1.13,2831.5,17153.5,25683.5,,67.35,12158.0,192.0,4.22,6.91,5.66,182662.0,104.94,79.08,14.5,67.35,8188.413,10867.2,35071.104,1.3584,192.0,192.17677569180387,11344.75817262087,11069.458346035743,0.16506835339726586
2020-02-28,7.915,39.9,2.3,1.21,2789.5,17111.0,21517.0,,67.75,11153.0,192.0,4.21,6.95,5.57,171796.0,151.47,38.83,19.92,67.75,7556.1575,10694.4,32984.832,1.3368,192.0,192.15600400046915,10933.653401105046,11025.387828665045,0.16302378586873942
2020-02-29,,,,,,,,,,11258.0,192.0,,,,,116.43,41.22,13.64,,,,,,192.0,192.13767304720483,10782.41640749689,10986.495733590104,
2020-03-01,,,,,,,,,,11597.0,192.0,,,,,,,,,,,,,192.0,192.12149603772764,10726.779426803874,10952.173580151442,
2020-03-02,7.895,39.9,2.41,0.955,2753.5,17099.5,21561.5,3538.0,67.15,10775.0,192.0,4.26,6.27,4.52,159182.0,119.3,113.65,18.95,67.15,7235.412500000001,8678.4,30562.944,1.0848,192.0,192.10721987697093,9431.956678839688,10684.998141662334,0.16102810023684902
2020-03-03,7.945,39.9,2.24,0.76,2739.5,17109.5,26875.5,,66.95,10499.0,192.0,4.17,6.85,4.86,177147.0,127.3,79.22,13.65,66.95,7029.0805,9331.2,34012.224,1.1664,192.0,192.09462120932233,9368.266310705836,10525.92266674179,0.16011572518191647
2020-03-04,7.925,40.0,2.385,1.1099999999999999,2787.0,17057.5,22669.5,,67.19999999999999,10128.0,192.0,4.25,6.36,4.8,147960.0,102.25,36.46,9.55,67.19999999999999,6806.015999999999,9216.0,28408.32,1.152,192.0,192.08350292414576,9272.0156452917,10372.002696024982,0.16338853876593873
2020-03-05,7.95,39.95,2.415,1.09,2831.0,17028.5,33024.0,,67.80000000000001,10342.0,192.0,4.27,6.89,5.28,152131.0,101.63,60.82,13.56,67.80000000000001,7011.876000000001,10137.599999999999,29209.152,1.2671999999999999,192.0,192.0736910719154,9819.169311303165,10344.459653199525,0.16625069736030773
2020-03-06,7.92,39.8,2.425,1.0150000000000001,2829.5,17066.0,29269.0,,67.30000000000001,10035.0,186.0,4.25,6.8,5.17,136435.0,75.36,123.21,17.94,67.30000000000001,6753.555000000001,9616.199999999999,25376.91,1.202025,188.20727664702866,191.36001355822106,9690.86823681716,10258.886888225912,0.16579749208953476
2020-03-07,,,,,,,,,,8784.0,168.0,,,,,105.16,51.64,15.15,,,,,,175.43384164050565,188.61513960946422,9643.668909233553,10183.3691881911,
2020-03-08,,,,,,,,,,9288.0,168.0,,,,,,,,,,,,,170.7347575084662,186.19279685170116,9626.305246978427,10116.725051820065,
2020-03-09,7.88,40.0,2.41,1.02,2754.0,16986.0,25612.0,4005.0,67.95,7297.0,124.0,5.11,7.11,5.01,176154.0,78.92,36.01,18.35,67.95,4958.3115,6212.4,21843.096,0.77655,141.19275647549742,178.88495058469925,7468.3055544706785,9657.954764914648,0.16213352172377252
2020-03-10,7.92,40.0,2.3049999999999997,0.95,2732.5,17048.5,26721.5,,67.65,7171.0,144.0,4.39,6.19,4.58,136457.0,105.79,87.62,13.2,67.65,4851.181500000001,6595.2,19649.808,0.8244,142.96727282097385,174.78586083781374,6916.397583462356,9298.071593413386,0.16027803032524857
2020-03-11,8.055,39.9,2.3600000000000003,1.005,2711.5,17039.0,23087.0,,67.4,6351.0,144.0,4.49,6.27,4.8,183538.0,79.69,109.1,8.95,67.4,4280.5740000000005,6911.999999999999,26429.472,0.8639999999999999,143.6200809024973,171.16842683277102,6913.617780546636,9017.700790532403,0.1591349257585539
2020-03-12,8.024999999999999,39.8,2.35,1.01,2709.0,17058.0,26387.0,,67.69999999999999,6121.0,144.0,4.6,5.97,4.55,168296.0,108.75,120.16,13.06,67.69999999999999,4143.9169999999995,6552.0,24234.624,0.819,143.86023557472035,167.97605252801662,6685.031747025154,8727.973310345234,0.15881111501934575
2020-03-13,8.02,39.95,2.37,1.2,2683.5,17026.0,25237.5,,67.75,6670.0,144.0,4.45,6.56,5.24,163053.0,75.61,,18.88,67.75,4518.925,7545.6,23479.632,0.9432,143.94858354133248,165.15879209218022,7229.01463200573,8589.040784078363,0.15761188770116294
2020-03-14,,,,,,,,,,7556.0,144.0,,,,,79.69,82.98,14.72,,,,,,143.98108494191837,162.67256848378045,7429.134751739213,8466.433259979596,
2020-03-15,,,,,,,,,,8424.0,144.0,,,,,,,,,,,,,143.9930415390032,160.47848385023497,7502.754829553929,8358.232499728869,
2020-03-16,8.075,40.0,2.3,1.04,2633.5,17104.5,24410.5,3965.5,69.35,9365.0,144.0,4.81,8.45,6.66,179098.0,76.36,106.32,18.05,69.35,6494.6275,9590.4,25790.112,1.1987999999999999,143.99744012525707,158.54221095712262,8822.398261332039,8503.015997545324,0.15396533076091087
2020-03-17,8.015,39.9,2.415,0.99,2655.0,17070.5,25636.0,,70.1,9776.0,144.0,4.94,8.57,6.71,183920.0,154.57,116.11,13.22,70.1,6852.976,9662.4,26484.48,1.2078,143.99905827471008,156.83345612639246,9353.380629795789,8639.247208927618,0.1555314724231862
2020-03-18,8.07,39.9,2.4699999999999998,0.99,2683.5,17080.0,31879.5,,66.75,10386.0,144.0,4.89,7.74,5.71,185521.0,80.34,,10.69,66.75,6932.655,8222.4,26715.024,1.0278,143.9996535586266,155.32548528099665,8638.464522065,8590.266370729656,0.1571135831381733
2020-03-19,8.02,39.95,2.1950000000000003,0.8200000000000001,2720.0,17539.5,34315.5,,70.85,10216.0,144.0,4.72,6.95,5.08,157136.0,150.2,63.88,13.96,70.85,7238.036,7315.2,22627.584,0.9144,143.99987255134113,153.99470568074696,7802.001812899269,8440.442122758703,0.15507853701644858
2020-03-20,8.065000000000001,40.0,2.4,1.0950000000000002,2675.5,17051.0,26022.0,,70.75,9764.0,144.0,4.68,6.74,5.23,174332.0,79.66,107.88,17.74,70.75,6908.03,7531.200000000001,25103.808,0.9414000000000001,143.99995311425857,152.82029680550383,7630.822419597597,8333.603357033997,0.15691161808691573
2020-03-21,,,,,,,,,,8975.0,144.0,,,,,78.45,36.97,17.03,,,,,,143.99998275169963,151.7838846107339,7567.849040049712,8239.318477205983,
2020-03-22,,,,,,,,,,8397.0,144.0,,,,,,41.78,,,,,,,143.9999936547049,150.86925405904856,7544.682428372958,8156.112362797201,
2020-03-23,8.01,40.05,2.2,0.94,2644.5,16998.5,28356.0,4069.5,69.7,8233.0,144.0,4.65,6.27,4.44,157933.0,80.48,38.4,20.69,69.7,5738.401,6393.6,22742.352,0.7992,143.99999766569638,150.062095430177,6817.059560492111,7949.011700935586,0.15557255051916347
2020-03-24,8.06,40.05,2.13,1.145,2692.0,17015.0,26484.0,,69.55,7799.0,144.0,4.68,6.13,4.65,148999.0,100.58,64.08,14.1,69.55,5424.2045,6696.000000000001,21455.856,0.8370000000000001,143.9999991412577,149.34978044030342,6740.535323462298,7801.77894497791,0.15821334116955627
2020-03-25,8.085,40.150000000000006,2.535,1.08,2705.0,17042.0,21277.0,,69.75,8033.0,144.0,4.74,6.36,4.83,179185.0,75.8,130.16,11.87,69.75,5603.0175,6955.2,25802.64,0.8694,143.99999968408636,148.7211646680754,6876.229278756062,7702.303296736341,0.1587255017016782
2020-03-26,8.129999999999999,40.0,2.29,1.005,2768.5,16986.5,35555.0,,70.0,7702.0,144.0,4.83,5.99,4.56,187122.0,108.03,73.44,12.75,70.0,5391.4,6566.4,26945.568,0.8208,143.99999988378187,148.16641319616835,6680.379821927331,7568.831141005451,0.16298236835133784
2020-03-27,8.11,40.0,2.5,1.145,2741.5,17054.0,22338.5,,69.94999999999999,7757.0,144.0,4.84,6.43,4.77,149089.0,103.34,40.08,18.74,69.94999999999999,5426.021499999999,6868.799999999998,21468.816,0.8585999999999998,143.99999995724573,147.67684674050614,6799.484090185202,7486.575313650071,0.16075407529025448
2020-03-28,,,,,,,,,,7637.0,144.0,,,,,105.09,41.71,15.56,,,,,,143.99999998427157,147.2448058597749,6843.300101833041,7413.984800789414,
2020-03-29,,,,,,,,,,7859.0,144.0,,,,,,,,,,,,,143.99999999421382,146.8635311207397,6859.419111712409,7349.923898032857,
2020-03-30,8.13,40.0,2.52,1.04,2762.5,17040.0,34878.0,4177.5,70.0,8127.0,150.0,4.76,6.52,4.63,165953.0,77.92,108.22,19.61,70.0,5688.9,6945.0,24892.95,0.868125,147.79272335084272,147.23207592899982,6913.516550641805,7302.344085796477,0.16211854460093897
2020-03-31,,,,,,,,,,8973.0,168.0,,,,,153.37,94.46,14.6,,,,,,160.56615835871128,149.67237133423026,6933.4178862439585,7260.355048872315,
2020-04-01,8.17,39.95,2.375,0.9450000000000001,2730.5,17075.5,31577.5,,69.6,8906.0,168.0,4.91,6.45,4.58,171275.0,78.12,41.92,11.5,69.6,6198.576,7694.400000000001,28774.2,0.9618000000000001,165.26524249124571,151.82592447073756,7414.450325249965,7311.356675047336,0.1599074697666247
2020-04-02,8.155000000000001,40.0,2.49,1.095,2719.0,17076.0,29994.5,,69.5,8550.0,168.0,5.02,6.15,4.43,143722.0,79.33,64.32,14.41,69.5,5942.25,7442.400000000001,24145.296,0.9303,166.99393893594006,153.7264284432566,7432.1178892720345,7326.754671624887,0.15922932771140783
2020-04-03,8.105,39.9,2.4000000000000004,1.0550000000000002,2620.0,16988.0,27133.0,,69.6,8590.0,168.0,4.81,6.17,4.68,156791.0,103.42,128.87,19.31,69.6,5978.64,7862.4,26340.888,0.9828,167.62989081796928,155.40361731235436,7704.108057559328,7389.694656825054,0.1542265128325877
2020-04-04,,,,,,,,,,8774.0,168.0,,,,,78.57,78.42,14.58,,,,,,167.8638444409421,156.8837312943825,7804.167648672983,7445.238998812922,
2020-04-05,,,,,,,,,,8904.0,168.0,,,,,,,,,,,,,167.9499111690214,158.1899272989945,7840.977515135718,7494.256708573314,
2020-04-06,7.745,39.8,2.5300000000000002,1.05,2615.5,17079.0,27129.5,4366.0,69.55,9348.0,176.0,4.23,6.53,4.66,153946.0,104.47,38.37,19.89,69.55,6501.534000000001,8201.6,27094.496,1.0252000000000001,173.03853781947913,160.28266600655618,8068.934401794271,7577.371736251957,0.15314128461853738
2020-04-07,7.73,39.8,2.38,1.04,2578.5,17030.5,24908.0,,69.30000000000001,9480.0,184.0,4.21,6.3,4.62,165824.0,127.81,42.05,13.54,69.30000000000001,6569.640000000001,8500.8,30511.616,1.0626,179.9675034186081,163.06952621322148,8341.925525070907,7685.8774174832815,0.1514048325063856
2020-04-08,7.725,39.9,2.41,1.04,2622.0,17054.0,26210.5,,69.19999999999999,9663.0,192.0,4.13,6.46,4.93,179214.0,23.56,131.34,12.02,69.19999999999999,6686.7959999999985,9465.6,34409.088,1.1832,187.57349188174027,166.46894649286313,9052.223262104471,7895.000333469139,0.15374692154333294
2020-04-09,7.715,39.8,2.535,1.0,2673.5,17095.0,30431.0,,69.05,8956.0,192.0,4.37,5.86,4.52,179328.0,76.76,116.9,13.27,69.05,6184.1179999999995,8678.4,34430.976,1.0848,190.37157866711374,169.46892436023012,8815.921892759878,7987.0522208007105,0.15639075753144194
2020-04-10,7.735,39.8,2.325,1.22,2717.0,17118.5,23915.0,,69.25,8647.0,192.0,4.36,5.79,4.52,150839.0,130.43,,18.9,69.25,5988.0475,8678.4,28961.088,1.0848,191.40093727006615,172.11639553600384,8728.991477057341,8068.287726247889,0.15871717732277946
2020-04-11,,,,,,,,,,9096.0,192.0,,,,,102.11,41.21,15.6,,,,,,191.7796171376853,174.45278064830615,8697.011564307892,8139.977808184917,
2020-04-12,,,,,,,,,,9458.0,192.0,,,,,,,,,,,,,191.91892567576792,176.5146332731577,8685.246811876914,8203.24408344038,
2020-04-13,7.745,40.0,2.41,1.13,2760.5,16998.0,28497.0,4251.5,68.45,9657.0,192.0,4.39,6.52,4.75,153098.0,105.07,107.07,19.76,68.45,6610.2165,9120.0,29394.816,1.14,191.97017442290814,178.3342118281751,8960.063240105776,8310.965743210034,0.1624014589951759
2020-04-14,7.735,39.95,2.545,1.07,2862.0,16936.0,23066.0,,69.05000000000001,9938.0,192.0,4.39,6.47,4.53,147531.0,155.88,118.55,14.29,69.05000000000001,6862.189000000001,8697.6,28325.952,1.0872,191.98902778336685,179.93998426698732,8794.15483009816,8356.396465949758,0.1689891355692017
2020-04-15,7.855,39.849999999999994,2.4400000000000004,1.0750000000000002,2607.5,17088.5,25587.5,,68.8,10015.0,192.0,4.43,6.7,4.91,170801.0,78.45,,6.42,68.8,6890.32,9427.2,32793.792,1.1784000000000001,191.9959635470766,181.3570734704948,9194.315696660231,8482.219197924023,0.1525879977762823
2020-04-16,7.745,40.0,2.5300000000000002,0.97,2693.0,17125.0,22733.5,,68.85,9806.0,192.0,4.41,6.52,4.84,133791.0,103.89,64.97,17.45,68.85,6751.431,9292.8,25687.872,1.1616,191.99851507195422,182.60765030327624,9256.569649523208,8577.464952873413,0.15725547445255475
2020-04-17,7.725,39.9,2.535,1.08,2669.0,17073.0,22214.0,,68.8,9898.0,192.0,4.39,6.74,5.09,141047.0,179.8,64.12,17.24,68.8,6809.8240000000005,9772.8,27081.024,1.2216,191.99945372550033,183.7112804846499,9582.889467150859,8717.920523359975,0.1563287061442043
2020-04-18,,,,,,,,,,10110.0,192.0,,,,,150.98,119.4,14.95,,,,,,191.99979903684232,184.68523070131104,9702.935819302886,8841.872129265119,
2020-04-19,,,,,,,,,,10403.0,192.0,,,,,,,,,,,,,191.99992606978586,185.54473875078608,9747.098404247245,8951.259037546795,
2020-04-20,7.765,40.0,2.4850000000000003,1.0,2635.5,17111.0,25633.0,4129.0,67.85,10604.0,192.0,4.2,6.75,4.9,144049.0,128.82,38.65,18.75,67.85,7194.813999999999,9408.000000000002,27657.408,1.1760000000000002,191.99997280259413,186.30325194219435,9532.747331456605,9004.927515351541,0.15402372742680148
2020-04-21,7.725,39.55,2.505,0.915,2694.5,17232.5,23812.5,,67.0,10426.0,192.0,4.18,7.02,4.97,147799.0,184.27,41.66,14.09,67.0,6985.42,9542.400000000001,28377.408,1.1928,191.99998999463352,186.9726374841817,9538.848981690444,9068.082197073289,0.15636152618598578
2020-04-22,7.735,39.75,2.6,0.99,2652.0,17198.0,20682.5,,67.2,10621.0,196.0,4.22,7.16,5.34,160738.0,129.34,130.9,15.08,67.2,7137.312000000001,10466.399999999998,31504.648,1.3082999999999998,194.5284785545456,188.03338054128207,10125.173049726276,9232.38887008828,0.15420397720665194
2020-04-23,7.75,40.0,2.5149999999999997,1.03,2617.5,17163.5,30038.0,,67.1,10766.0,196.0,4.24,6.85,5.09,182974.0,49.06,119.55,9.83,67.1,7223.986,9976.4,35862.904,1.24705,195.45865751297444,188.96948300361126,10031.130546394674,9319.812482364441,0.15250385993532786
2020-04-24,7.76,40.0,2.49,1.0,2665.5,17145.5,28543.0,,67.3,10506.0,196.0,4.21,6.79,4.96,168546.0,105.39,,20.45,67.3,7070.538,9721.6,33035.016,1.2152,195.80085122839068,189.79559052711858,9835.469924433164,9367.023760189466,0.15546353270537458
2020-04-25,,,,,,,,,,10393.0,200.0,,,,,127.36,41.38,15.54,,,,,,198.4552194965046,190.99464024747724,9763.490404166707,9408.68756663711,
2020-04-26,,,,,,,,,,10144.0,200.0,,,,,,,,,,,,,199.43170701164158,192.05279791173868,9737.010618475295,9445.455746777041,
2020-04-27,7.8100000000000005,40.05,2.4299999999999997,1.0,2578.0,17576.5,25228.5,4300.0,67.2,10079.0,200.0,4.31,6.57,4.74,161391.0,104.89,127.41,19.68,67.2,6773.088000000001,9480.0,32278.2,1.185,199.79093669302105,192.98661877289555,9574.548922699818,9449.514803528642,0.14667311467015617
2020-04-28,7.85,39.95,2.475,1.01,2615.0,17547.5,26354.0,,67.5,9760.0,196.0,4.48,6.57,4.81,146894.0,161.44,114.31,14.38,67.5,6588.0,9427.599999999999,28791.224,1.1784499999999998,197.3946076721449,193.34070040077376,9481.659487563553,9446.939746234777,0.14902407750391794
2020-04-29,7.779999999999999,39.0,2.55,1.0550000000000002,2617.5,17508.0,27401.0,,67.6,10115.0,196.0,4.36,7.06,5.3,141457.0,129.39,,16.18,67.6,6837.74,10388.0,27725.572,1.2985,196.5130474910821,193.6531763406384,10054.575958773841,9557.517240906716,0.14950308430431802
2020-04-30,7.845000000000001,39.75,2.615,1.0350000000000001,2643.5,17485.5,25118.0,,67.3,10012.0,196.0,4.34,7.04,5.17,56362.0,26.07,41.2,12.22,67.3,6738.076,10133.199999999999,11046.952,1.2666499999999998,196.18873962431368,193.92893538970114,10104.27583165108,9625.161748228824,0.15118240828114723
2020-05-01,7.824999999999999,39.8,2.5949999999999998,1.245,2627.5,17445.0,25103.0,,67.2,9487.0,196.0,4.52,6.64,5.07,147937.0,130.36,130.99,19.94,67.2,6375.264,9937.2,28995.652,1.24215,196.0694334275194,194.1722918963587,9998.663763581055,9661.827209324025,0.15061622241329894
2020-05-02,,,,,,,,,,9413.0,184.0,,,,,98.28,36.16,15.76,,,,,,188.44009642457178,192.9770160907229,9959.811254998493,9694.184365172376,
2020-05-03,,,,,,,,,,8023.0,144.0,,,,,,36.62,,,,,,,160.34859783827648,187.22206499789885,9945.518215853032,9722.739454984992,
2020-05-04,7.795,39.9,2.4850000000000003,1.08,2530.0,17333.0,29156.5,4381.0,67.1,7950.0,144.0,4.41,7.0,5.05,141359.0,148.83,37.73,21.77,67.1,5334.45,7271.999999999999,20355.696,0.9089999999999999,150.01431303668178,182.14333848395577,8255.532387209685,9434.769978066115,0.14596434546818207
2020-05-05,,,,,,,,,,7672.0,144.0,,,,,105.84,41.34,15.19,,,,,,146.21254211896462,177.66137806632676,7633.821344980714,9180.6378066463,
2020-05-06,7.76,39.9,2.615,1.1,2508.5,17241.5,22955.0,,66.9,7387.0,144.0,4.48,6.93,4.91,138759.0,75.17,172.1,16.16,66.9,4941.903,7070.4,19981.296,0.8837999999999999,144.81394875829298,173.70606188026238,7277.671129535567,8932.67832808227,0.1454919815561291
2020-05-07,7.78,39.9,2.5549999999999997,0.99,2500.5,17300.0,27669.5,,67.2,6679.0,144.0,4.77,6.16,4.58,145568.0,54.2,75.35,12.78,67.2,4488.2880000000005,6595.2,20961.792,0.8244,144.299435014343,170.21550759731787,6846.267097749187,8658.017384391222,0.14453757225433525
2020-05-08,7.835,39.9,2.535,1.1,2511.5,17399.0,26701.0,,67.5,6595.0,144.0,4.71,6.41,4.97,167832.0,130.36,,22.48,67.5,4451.625,7156.799999999999,24167.808,0.8946,144.11015598574366,167.13510425431593,7042.561329454624,8481.619691831402,0.14434737628599345
2020-05-09,,,,,,,,,,7199.0,144.0,,,,,51.73,41.5,17.18,,,,,,144.04052412247705,164.4166578454055,7114.773941719597,8325.94927452429,
2020-05-10,,,,,,,,,,7185.0,144.0,,,,,,,,,,,,,144.0149079915308,162.0176373096998,7141.339477165166,8188.570613426712,
2020-05-11,7.925,39.9,2.48,0.96,2506.0,17237.0,25912.0,3838.5,67.9,7113.0,144.0,4.68,6.23,4.3,,76.77,133.31,20.99,67.9,4829.727,6191.999999999999,,0.7739999999999999,144.00548434359334,159.9005091177027,6541.242476341509,7953.967382140499,0.145384927771654
2020-05-12,7.88,40.0,2.425,0.905,2484.0,17191.5,20576.5,,67.4,6889.0,144.0,4.79,6.2,4.28,126182.0,104.58,116.93,15.71,67.4,4643.186000000001,6163.200000000001,18170.208,0.7704000000000001,144.0020175772563,158.03215004589075,6302.274054935583,7743.546667988515,0.14449000959776634
2020-05-13,7.86,39.9,2.47,0.97,2504.5,17173.5,23959.5,,67.9,6982.0,144.0,4.76,6.44,4.91,132320.0,129.82,,16.23,67.9,4740.778,7070.4,19054.08,0.8837999999999999,144.00074222519356,156.38332895210087,6787.822256580416,7664.449849485006,0.14583515299735056
2020-05-14,7.87,39.9,2.4699999999999998,1.05,2552.0,17209.0,23904.0,,67.5,7156.0,144.0,4.73,6.42,5.15,121497.0,26.03,66.48,13.3,67.5,4830.3,7416.0,17495.568,0.927,144.00027304938942,154.92824944391515,7184.906322794466,7635.256222618127,0.148294497065489
2020-05-15,,,,,,,,,,6872.0,144.0,,,,,103.47,104.72,20.53,,,,,,144.0001004492568,153.64414628492693,7330.985387171375,7609.492937332896,
2020-05-16,,,,,,,,,,6878.0,144.0,,,,,55.79,37.87,15.38,,,,,,144.00003695321644,152.51092922452074,7384.724871741199,7586.756917868275,
2020-05-17,,,,,,,,,,6890.0,144.0,,,,,,44.0,,,,,,,144.0000135943286,151.51086867875625,7404.494523293588,7566.692451113644,
2020-05-18,7.9,39.8,2.58,1.025,2468.5,17263.5,24150.0,3983.5,67.7,6763.0,144.0,4.81,5.89,4.07,118286.0,106.54,37.86,22.42,67.7,4578.551,5860.8,17033.184,0.7326,144.000005001074,150.62831834472203,6428.693478568662,7366.244804250234,0.14298954441451617
2020-05-19,7.865,39.75,2.51,0.99,2457.5,17195.5,23941.0,,67.2,6605.0,144.0,4.87,5.7,3.81,116282.0,128.73,91.72,15.46,67.2,4438.56,5486.4,16744.608,0.6858,144.0000018397923,149.84947040856184,5833.050398315334,7145.357217090576,0.14291529760693206
2020-05-20,7.835,39.7,2.665,1.02,2499.0,17151.5,22030.5,,68.3,6757.0,144.0,4.71,5.94,4.25,137548.0,185.31,133.04,19.7,68.3,4615.031,6120.0,19806.912,0.765,144.00000067682174,149.16213951731606,6014.437140887877,7024.874568125194,0.1457015421391715
2020-05-21,7.85,39.7,2.47,0.9199999999999999,2475.0,17165.5,22625.0,,68.5,6966.0,148.0,4.66,5.85,3.95,122670.0,78.54,120.52,9.86,68.5,4771.71,5846.0,18155.16,0.73075,146.52848248430303,149.02558452440257,5907.964561262348,6886.353154906236,0.14418455623197693
2020-05-22,7.66,39.6,2.565,1.065,2498.5,17141.5,22448.5,,68.2,7346.0,152.0,4.53,6.17,4.56,121846.0,159.88,,21.37,68.2,5009.972,6931.199999999999,18520.592,0.8663999999999998,149.98714119396564,149.37508755578557,6554.772718610377,6891.622798114062,0.14575737245865297
2020-05-23,,,,,,,,,,7754.0,156.0,,,,,55.07,83.03,15.05,,,,,,153.78799286259328,150.15353528808663,6792.7201420807,6896.273241922694,
2020-05-24,,,,,,,,,,7851.0,160.0,,,,,,,,,,,,,157.7147302857378,151.3105253903279,6880.256107255146,6900.377244179455,
2020-05-25,7.78,39.5,2.535,0.925,2460.0,17151.0,25502.0,3798.0,68.0,7857.0,164.0,4.54,5.57,3.66,125713.0,102.19,132.13,23.33,68.0,5342.76,6002.4,20616.932,0.7503,161.68777848990544,152.80157796153853,6325.345214165961,6794.86213657982,0.14343186986181564
2020-05-26,7.78,39.5,2.49,1.05,2503.5,17100.0,22657.0,,68.2,7818.0,168.0,4.6,5.47,3.8,128824.0,157.84,56.47,16.12,68.2,5331.876,6383.999999999999,21642.432,0.7979999999999999,165.67786347831606,154.58743962688428,6362.422110165342,6746.58456292098,0.1464035087719298
2020-05-27,7.76,39.25,2.605,1.185,2540.0,17071.5,26623.0,,68.1,8182.0,176.0,4.56,5.62,3.97,124156.0,187.43,19.22,11.55,68.1,5571.941999999999,6987.200000000001,21851.456,0.8734000000000001,172.20269818470757,157.10348179431972,6757.357059031354,6774.857622063726,0.14878598834314502
2020-05-28,7.755,39.15,2.415,0.9099999999999999,2567.5,17130.0,24100.0,,67.9,8845.0,184.0,4.5,5.69,3.9,124625.0,134.22,65.42,21.12,67.9,6005.755,7176.0,22931.0,0.897,179.6600152008594,160.26390599317696,7021.9898688260855,6821.99309397582,0.14988324576765907
2020-05-29,7.74,39.1,2.48,0.98,2562.5,17166.0,22658.5,,67.6,9424.0,192.0,4.46,6.24,4.52,126681.0,108.05,107.38,20.31,67.6,6370.623999999999,8678.4,24322.752,1.0848,187.46037328802805,163.99299533884513,8069.040766593024,7040.126655497009,0.14927764185016895
2020-05-30,,,,,,,,,,9821.0,204.0,,,,,28.4,37.59,15.89,,,,,,197.9154113680155,168.69394230484338,8454.229265741582,7232.628847889205,
2020-05-31,,,,,,,,,,10701.0,216.0,,,,,,42.65,,,,,,,209.34705164025013,174.2525506105361,8595.93219555402,7402.511436416062,
2020-06-01,7.73,38.8,2.56,1.08,2601.0,17215.0,24131.0,3972.5,68.2,11200.0,216.0,4.6,5.75,3.94,130909.0,183.17,38.89,22.76,68.2,7638.4,8510.4,28276.344,1.0637999999999999,213.55251707527276,179.15800522299097,8541.86553630258,7532.691774228278,0.1510891664246297
2020-06-02,7.735,38.75,2.53,1.0150000000000001,2613.5,17239.5,22941.5,,68.8,11160.0,232.0,4.66,6.15,4.25,117008.0,155.87,89.27,15.99,68.8,7678.08,9860.0,27145.856,1.2325,225.21355029063164,185.36710328289817,9375.085430106174,7806.157699396805,0.15159952434815394
2020-06-03,7.705,38.65,2.615,1.065,2659.5,17291.0,23219.0,,68.7,11827.0,240.0,4.6,5.89,4.19,137484.0,182.11,81.16,16.1,68.7,8125.149,10056.000000000002,32996.16,1.2570000000000001,234.56036914400795,191.78663786793354,9805.505528541968,8070.52113841388,0.15380833959863513
2020-06-04,7.7,38.65,2.615,0.97,2763.0,17598.0,25098.5,,68.1,12258.0,240.0,4.51,6.33,4.31,142042.0,187.77,121.34,14.13,68.1,8347.697999999999,10344.0,34090.08,1.293,237.9988716405187,197.45185725526193,10145.898954766108,8337.661946558697,0.15700647800886464
2020-06-05,7.71,38.599999999999994,2.545,1.0150000000000001,2764.0,17536.5,24497.5,,67.7,12537.0,240.0,4.59,6.27,4.42,141556.0,157.64,,22.56,67.7,8487.549,10607.999999999998,33973.44,1.3259999999999998,239.2638260174017,202.45139581704143,10438.002525714615,8604.43370001811,0.15761411912297207
2020-06-06,,,,,,,,,,12711.0,240.0,,,,,108.86,41.79,17.12,,,,,,239.72917672667677,206.8634731121641,10545.461424159335,8839.858946143102,
2020-06-07,,,,,,,,,,12425.0,240.0,,,,,,,,,,,,,239.90036968555364,210.75711765907366,10584.993343668077,9047.620996638625,
2020-06-08,7.705,38.75,2.4850000000000003,0.97,2946.0,17911.5,27936.5,4273.5,68.0,12586.0,240.0,4.4,6.54,4.67,147083.0,160.01,130.1,24.16,68.0,8558.48,11208.0,35299.92,1.401,239.96334805559775,214.19324691148674,10978.808659422524,9301.472221124792,0.1644753370739469
2020-06-09,7.7,38.75,2.6900000000000004,1.07,2992.5,17981.5,22750.0,,68.5,12044.0,240.0,4.45,6.38,4.47,138440.0,186.28,136.85,16.47,68.5,8250.14,10728.0,33225.6,1.341,239.98651650317547,217.2256203336216,10820.267349469317,9469.093653691745,0.16642104385062426
2020-06-10,7.615,38.75,2.4699999999999998,1.1099999999999999,2845.5,17616.0,26575.0,,68.1,12314.0,240.0,4.34,6.26,4.63,148996.0,159.02,,16.18,68.1,8385.833999999999,11112.0,35759.04,1.389,239.99503969872316,219.90168048613546,11004.677555551309,9662.14023814639,0.1615292915531335
2020-06-11,7.595,38.7,2.5949999999999998,1.0550000000000002,2781.5,17647.0,27316.0,,67.4,12662.0,240.0,4.29,6.62,4.73,155674.0,131.65,65.56,13.92,67.4,8534.188,11352.0,37361.76,1.419,239.99817520713825,222.263295281859,11224.227213229917,9860.703994361847,0.1576188587295291
2020-06-12,,,,,,,,,,12745.0,240.0,,,,,135.48,149.41,23.05,,,,,,239.99932869622177,224.347413024183,11304.995018606103,10035.93589418755,
2020-06-13,,,,,,,,,,12363.0,240.0,,,,,80.29,38.59,17.81,,,,,,239.99975304114122,226.18664047640553,11334.707833712539,10190.577503017748,
2020-06-14,,,,,,,,,,11618.0,240.0,,,,,,,,,,,,,239.99990914891305,227.80975300614045,11345.638567529524,10327.048243821097,
2020-06-15,7.6,38.7,2.665,1.05,2688.0,17831.0,23905.0,3951.0,68.1,12510.0,160.0,4.66,6.14,4.3,136603.0,78.34,,23.81,68.1,8519.31,6880.0,21856.48,0.86,189.4303218714683,219.84189699294538,8522.816620696402,9922.009398231787,0.15074869609107733
2020-06-16,,,,,,,,,,6089.0,,,,,,81.59,41.51,18.38,,,,,,170.82681036357144,212.8102887410607,7484.35846036895,9564.56387157278,
2020-06-17,,,,,,,,,,6770.0,,,,,,79.82,134.19,20.66,,,,,,163.98296094621983,206.6049162385842,7102.331052667762,9249.119301453487,
2020-06-18,7.71,38.599999999999994,2.58,0.855,3017.5,17430.5,25806.0,4309.0,72.8,7948.0,130.0,5.54,4.78,2.83,121834.0,270.18,137.61,12.72,72.8,5786.144,3679.0000000000005,15838.42,0.45987500000000003,142.5016326822463,197.60360130330292,4938.373114600262,8594.613030559372,0.17311608961303462
2020-06-19,7.6850000000000005,38.55,2.5549999999999997,0.9099999999999999,3007.5,17490.5,22901.0,,70.3,8962.0,192.0,4.28,6.65,4.84,132661.0,264.49,41.66,18.76,70.3,6300.286,9292.8,25470.912,1.1616,173.79056829224598,196.94516079348384,7690.89587077724,8676.65216204372,0.17195048740744975
2020-06-20,,,,,,,,,,9456.0,192.0,,,,,152.68,48.05,16.52,,,,,,185.3011244393019,196.36408908303227,8703.492404131306,8749.051441469386,
2020-06-21,,,,,,,,,,9419.0,192.0,,,,,,,,,,,,,189.53562140225335,195.8512950983792,9076.00585095374,8812.943581311894,
2020-06-22,7.640000000000001,38.95,2.625,1.005,3094.5,17515.5,22979.5,3951.5,66.5,9667.0,208.0,4.3,6.34,4.57,123709.0,183.75,81.85,24.52,66.5,6428.555,9505.6,25731.472,1.1882000000000001,201.20733471988302,197.27880555390536,9347.56114451834,8894.332855952409,0.17667209043418686
2020-06-23,7.61,38.95,2.515,0.98,3025.0,17560.0,22499.5,,66.9,10233.0,222.0,4.34,6.16,4.25,120800.0,161.9,119.1,19.37,66.9,6845.877,9435.0,26817.6,1.179375,214.3508059162857,200.18362247312996,9402.833042708737,8957.862920048741,0.17226651480637814
2020-06-24,7.58,39.0,2.635,1.22,2925.0,17490.5,23248.0,,66.4,11309.0,240.0,4.34,6.32,4.82,123213.0,157.65,,13.85,66.4,7509.176000000001,11568.000000000002,29571.12,1.4460000000000002,230.5641888139853,204.8621701603983,10771.479589708819,9264.562111621814,0.16723364111946484
2020-06-25,7.66,38.95,2.545,0.98,2824.5,17576.0,22139.5,,66.5,11615.0,240.0,4.36,6.2,4.28,125118.0,186.64,65.1,14.93,66.5,7723.975,10272.0,30028.32,1.284,236.52875905388967,208.99097400300693,10455.74827233862,9382.939183959885,0.16070209376422395
2020-06-26,7.65,38.85,2.59,1.01,2807.5,17555.0,22539.5,,67.1,11514.0,240.0,4.37,6.28,4.36,127416.0,212.21,102.37,21.9,67.1,7725.893999999999,10464.0,30579.84,1.308,238.72300182057353,212.6346306054884,10460.964359039233,9509.967178339024,0.15992594702364
2020-06-27,,,,,,,,,,11519.0,240.0,,,,,133.29,37.38,18.7,,,,,,239.53021862337565,215.85014627126023,10462.883250099756,9622.068989920148,
2020-06-28,,,,,,,,,,11786.0,248.0,,,,,,42.68,,,,,,,244.88414156032314,219.62785366583935,10463.58917067077,9720.998491414612,
2020-06-29,7.654999999999999,39.05,2.61,1.01,2815.5,17810.5,26703.0,3783.0,67.5,11463.0,256.0,4.52,5.82,3.99,119475.0,186.83,38.25,24.29,67.5,7737.525,10214.400000000001,30585.6,1.2768000000000002,251.91070420907081,223.90169351974959,10306.07157285234,9778.974696942829,0.1580809073299458
2020-06-30,7.65,39.05,2.5949999999999998,1.0,2846.5,17849.5,25089.5,,67.6,11667.0,264.0,4.49,5.98,4.14,123416.0,156.15,88.87,17.37,67.6,7886.892,10929.599999999999,32581.824,1.3661999999999999,259.5525966202767,228.6133687322912,10700.21671066641,9914.176734016586,0.1594722541247654
2020-07-01,7.665,39.05,2.65,0.95,2898.5,17896.5,24666.0,,68.2,11621.0,264.0,4.54,5.62,3.98,115940.0,212.57,84.64,14.59,68.2,7925.522000000001,10507.2,30608.16,1.3134000000000001,262.3638917300034,232.7714075133438,10578.20687965671,9983.858804609035,0.16195904227083507
2020-07-02,7.635,39.0,2.455,1.05,2820.0,17772.0,24873.0,,68.3,11792.0,264.0,4.45,5.79,4.18,133442.0,159.91,116.81,17.65,68.3,8053.936,11035.199999999999,35228.688,1.3794,263.39810940393767,236.44086385844935,10867.081626268915,10107.394651507888,0.1586765698852127
2020-07-03,7.67,39.0,2.77,1.26,2967.5,17705.5,23233.0,,67.4,12365.0,264.0,4.38,6.1,4.69,137520.0,158.96,,20.96,67.4,8334.010000000002,12381.6,36305.28,1.5477,263.77857682387423,239.67914771717437,11824.439827027927,10374.62082411439,0.16760328711417355
2020-07-04,,,,,,,,,,12428.0,264.0,,,,,159.95,41.16,,,,,,,263.91854296570443,242.5369231921889,12176.63222692405,10610.447093729166,
2020-07-05,,,,,,,,,,12028.0,264.0,,,,,,41.24,,,,,,,263.97003363174383,245.05890119717145,12306.196570182665,10818.563046212286,
2020-07-06,7.67,38.900000000000006,2.715,1.08,3165.5,17896.0,27226.5,3943.5,68.45,11247.0,264.0,4.88,5.2,3.59,113796.0,103.26,90.55,42.64,68.45,7698.5715,9477.6,30042.144,1.1847,263.988975989192,247.284538974955,10518.182525538257,10660.995734762746,0.1768831023692445
2020-07-07,7.68,38.900000000000006,2.6900000000000004,1.1,2993.5,17968.5,27132.0,,70.6,9517.0,264.0,4.82,5.45,3.84,119532.0,162.27,81.49,18.24,70.6,6719.0019999999995,10137.599999999999,31556.448,1.2671999999999999,263.9959444930645,249.24865742012426,10277.60848681463,10599.49511475411,0.166597100481398
2020-07-08,7.74,38.45,2.6,1.08,3052.5,18128.5,26624.5,,71.5,9414.0,264.0,5.58,4.14,2.4,109811.0,189.49,37.81,14.44,71.5,6731.01,6336.0,28990.104,0.792,263.99850806237487,250.9819858642954,7786.03672744598,10098.521232955056,0.16838127809802245
2020-07-09,7.74,38.45,2.54,0.97,2943.0,17911.0,23170.0,3947.0,72.1,9908.0,264.0,5.61,4.36,2.89,114587.0,158.95,65.41,18.37,72.1,7143.668,7629.6,30250.968,0.9537,263.9994511468202,252.51164284743822,7687.1498558715175,9808.415340808178,0.16431243369996093
2020-07-10,7.755,38.35,2.635,1.07,2901.5,18026.5,21681.0,,72.5,10258.0,264.0,5.62,4.56,3.0,126240.0,186.45,109.13,21.93,72.5,7437.05,7920.0,33327.36,0.99,263.99979808819893,253.86156039707865,7834.3392191013245,9586.520689056451,0.16095747926663523
2020-07-11,,,,,,,,,,10242.0,264.0,,,,,158.93,38.44,17.59,,,,,,263.99992572079947,255.0528584533809,7888.487159792687,9390.699346185465,
2020-07-12,,,,,,,,,,10390.0,264.0,,,,,,38.01,,,,,,,263.99997267420923,256.1041752981227,7908.407073954809,9217.887617641863,
2020-07-13,7.8149999999999995,38.25,2.59,1.05,2775.0,18035.0,20731.0,4135.5,73.9,9827.0,264.0,6.14,3.88,2.31,114083.0,187.73,37.27,24.15,73.9,7262.153,6098.400000000001,30117.912,0.7623000000000001,263.9999899474034,257.03195915724234,6764.264390882852,8851.338160219942,0.15386747990019406
2020-07-14,7.74,38.25,2.6100000000000003,1.185,2812.5,17977.5,25657.5,3782.0,74.5,9421.0,269.0,6.08,4.01,2.65,104767.0,186.99,41.54,17.39,74.5,7018.645,7128.5,28182.323,0.8910625,267.16059909599915,258.4382410262604,6994.505207663244,8648.899340048642,0.15644555694618273
2020-07-15,7.76,37.8,2.49,1.07,2751.0,17889.5,20806.0,3650.0,74.7,9781.0,276.0,5.93,4.19,2.61,117000.0,183.71,130.9,15.67,74.7,7306.407000000001,7203.599999999999,32292.0,0.90045,272.7481661351458,260.5018021017376,7126.678324643295,8479.072190900486,0.15377735543195728
2020-07-16,7.779999999999999,37.8,2.505,1.15,2827.5,17781.0,29152.5,,74.6,10211.0,276.0,5.8,4.45,2.89,121039.0,159.05,98.62,18.78,74.6,7617.406,7976.4,33406.764,0.99705,274.8037171750151,262.32288835914034,7663.804864918513,8420.006651485091,0.15901805297789776
2020-07-17,7.79,38.45,2.5700000000000003,1.17,2912.5,17728.5,27535.0,,74.0,10746.0,276.0,5.72,4.67,3.05,125041.0,159.31,18.01,23.21,74.0,7952.04,8418.0,34511.316,1.05225,275.55991214286155,263.9299913406376,8140.547115172001,8419.77086372016,0.16428349832191105
2020-07-18,,,,,,,,,,11112.0,276.0,,,,,157.62,41.41,19.8,,,,,,275.83810072504957,265.34825474394347,8315.93078777807,8419.56278174794,
2020-07-19,,,,,,,,,,11287.0,276.0,,,,,,,,,,,,,275.9404405852052,266.59986780440994,8380.450835246987,8419.379150051973,
2020-07-20,7.85,38.45,2.7199999999999998,1.065,3020.5,17912.0,26397.0,3954.0,74.7,10989.0,276.0,6.06,4.43,2.59,116179.0,162.87,133.32,25.38,74.7,8208.783000000001,7148.399999999999,32065.404,0.8935499999999998,275.9780893157688,267.70441245350605,7601.64617276547,8270.035163170467,0.16862996873604288
2020-07-21,7.825,38.45,2.4699999999999998,1.18,3065.0,17859.0,22251.0,,75.1,10494.0,276.0,5.94,3.93,2.56,117209.0,186.53,99.68,18.82,75.1,7880.993999999999,7065.6,32349.684,0.8832000000000001,275.9919395097293,268.67916968509974,7262.800366479052,8128.510300861909,0.17162215129626518
2020-07-22,7.8,38.45,2.68,1.12,2969.5,17831.5,23176.0,,74.2,10977.0,276.0,5.7,4.33,2.78,121017.0,186.11,18.6,23.04,74.2,8144.934,7672.799999999999,33400.692,0.9591,275.99703471134364,269.5393899227531,7521.969563939818,8074.962928986529,0.166531138715195
2020-07-23,7.865,38.45,2.475,0.98,2926.5,17942.0,24364.0,3783.5,73.6,11245.0,276.0,5.62,4.3,2.66,121153.0,183.9,65.15,16.12,73.6,8276.32,7341.6,33438.228,0.9177000000000001,275.9989091312662,270.2985316180228,7407.954254386517,7988.790513300978,0.16310890647642404
2020-07-24,7.855,38.4,2.565,1.05,2890.0,17964.0,26715.0,,,11501.0,276.0,5.58,4.22,2.68,122049.0,181.45,107.51,22.19,,,7396.800000000001,33685.524,0.9246000000000001,275.9995986918198,270.96847181272113,7400.903420870397,7919.229794347578,0.16087731017590737
2020-07-25,,,,,,,,,,11653.0,276.0,,,,,131.51,38.9,19.98,,,,,,275.9998523669709,271.5596919594593,7398.309564176694,7857.842675329644,
2020-07-26,,,,,,,,,,11555.0,276.0,,,,,,43.21,,,,,,,275.99994568884375,272.0814419077014,7397.355337625735,7803.668732937726,
2020-07-27,,,,,,,,,,12046.0,276.0,,,,,160.14,36.54,26.61,,,,,,275.9999800200422,272.5418846209487,7397.004297295418,7755.860396576062,
2020-07-28,7.855,38.1,2.69,1.04,2807.0,17893.5,24232.0,3853.5,71.9,12368.0,276.0,5.38,4.78,3.21,116995.0,187.48,41.46,20.36,71.9,8892.592,8859.6,32290.62,1.10745,275.9999926497843,272.94822388920704,8321.541110229286,7885.553218718424,0.15687260737139186
2020-07-29,7.845,38.1,2.665,1.205,2909.0,17854.5,22791.0,,70.8,12434.0,268.0,5.4,5.09,3.52,110861.0,156.8,132.04,23.34,70.8,8803.271999999999,9433.6,29710.748,1.1792,270.9430328253783,272.3667922555203,9024.496397081415,8067.453510462957,0.1629281133607774
2020-07-30,7.875,38.150000000000006,2.465,1.04,2970.0,17766.0,27044.0,,71.8,11676.0,264.0,5.66,4.5,2.92,117464.0,209.58,119.39,15.94,71.8,8383.367999999999,7708.8,31010.496,0.9636,266.55419903583515,271.38366825006545,8192.817655309591,8025.310612084651,0.16717325227963525
2020-07-31,7.845,38.2,2.735,1.25,3009.0,17862.0,25715.0,,71.8,11517.0,264.0,5.7,4.97,3.21,118209.0,182.89,,23.36,71.8,8269.206,8474.4,31207.176,1.0593,264.93963731394365,270.516064360395,8370.811644391548,8078.080006181092,0.16845817937520993
2020-08-01,,,,,,,,,,11174.0,260.0,,,,,158.28,89.19,18.02,,,,,,261.8171910146432,269.28039422542884,8436.291973626894,8124.648833022467,
2020-08-02,,,,,,,,,,11314.0,260.0,,,,,,,,,,,,,260.6685072149687,268.1899191587049,8460.380840553715,8165.745678466979,
2020-08-03,7.81,38.3,2.715,1.05,3072.0,17691.0,23329.5,3639.0,71.5,11564.0,256.0,5.33,5.8,4.07,143069.0,182.16,84.38,32.68,71.5,8268.26,10419.2,36625.664,1.3024,257.71744782534756,266.7575659003137,9698.590702266987,8430.533541131239,0.17364761743259285
2020-08-04,7.82,36.8,2.685,1.335,3153.0,17807.5,26981.0,,70.3,11599.0,248.0,5.19,6.16,4.41,137694.0,189.01,99.93,21.46,70.3,8154.097,10936.8,34148.112,1.3671,251.5748492756015,264.55349380705326,10481.288255496695,8725.027612996657,0.17706022743226169
2020-08-05,7.83,38.4,2.73,1.19,3099.5,17747.5,27178.0,,70.19999999999999,11744.0,240.0,5.52,5.46,3.61,121343.0,185.19,19.11,23.16,70.19999999999999,8244.287999999999,8664.0,29122.32,1.083,244.25814908315198,261.66838223235453,9332.54298787955,8717.85667944168,0.1746443161008593
2020-08-06,7.845,38.349999999999994,2.54,1.025,2983.5,17678.0,26178.0,,67.55000000000001,11327.0,240.0,5.72,5.5,3.64,125381.0,212.71,65.6,16.44,67.55000000000001,7651.388500000001,8736.0,30091.44,1.092,241.56648550513466,259.12228020407196,8955.455901015872,8719.988575804684,0.16876909152619074
2020-08-07,7.855,38.3,2.5999999999999996,0.98,2973.0,17622.5,26218.0,,67.4,11196.0,228.0,5.68,5.82,4.12,132448.0,184.6,125.58,23.31,67.4,7546.104,9393.599999999999,30198.144,1.1742,232.99083110628942,255.46531588146337,9232.415793713153,8799.140004602035,0.16870478081997448
2020-08-08,,,,,,,,,,10331.0,216.0,,,,,154.09,37.21,22.11,,,,,,222.2505774524201,250.82801902491406,9334.303644265532,8868.990895350844,
2020-08-09,,,,,,,,,,10715.0,216.0,,,,,,,,,,,,,218.2994589401951,246.73561891264401,9371.7860897889,8930.634090079442,
2020-08-10,7.875,38.2,2.7,1.23,2917.0,17338.5,24597.0,4085.0,67.6,10911.0,216.0,5.84,4.94,3.1,129970.0,186.2,80.06,25.8,67.6,7375.835999999999,6696.000000000001,28073.52,0.8370000000000001,216.84592366991563,243.12408848942886,7680.3666914058595,8668.057662905054,0.16823831357960609
2020-08-11,,,,,,,,,,10356.0,216.0,,,,,190.06,41.08,22.73,,,,,,216.31119792696225,239.93692407735145,7058.12826834217,8436.334779231925,
2020-08-12,7.904999999999999,38.3,2.8,1.255,3056.0,17403.5,24883.5,,68.35,9945.0,216.0,5.81,5.04,3.23,146529.0,212.25,149.42,22.58,68.35,6797.4075,6976.8,31650.264,0.8721,216.11448331946457,237.12426135566528,7006.718997909158,8264.834921886666,0.1755968627000316
2020-08-13,7.93,38.3,2.39,0.99,3011.0,17305.0,28205.5,,68.1,9667.0,216.0,5.87,4.79,3.06,123061.0,185.45,101.83,14.43,68.1,6583.227,6609.6,26581.176,0.8262,216.04211605958807,234.64209521576208,6755.691915029384,8070.339691614838,0.17399595492632186
2020-08-14,7.835,38.3,2.48,1.065,2901.5,17339.5,26883.0,,68.6,9807.0,216.0,5.58,4.24,2.74,120692.0,239.91,19.2,24.97,68.6,6727.602,5918.400000000001,26069.472,0.7398,216.0154936324656,232.45159128559715,6226.422481798378,7817.480112398944,0.16733469823235964
2020-08-15,,,,,,,,,,9519.0,216.0,,,,,106.74,113.89,23.18,,,,,,216.00569978885315,230.5184783521272,6031.715138472228,7594.332316952074,
2020-08-16,,,,,,,,,,9372.0,216.0,,,,,,,,,,,,,216.00209683513808,228.81251217599376,5960.086309817429,7397.405078651629,
2020-08-17,7.695,38.6,2.675,1.045,2697.0,17158.0,25460.0,3697.5,68.6,9219.0,216.0,5.59,4.12,2.57,111141.0,185.21,84.67,25.96,68.6,6324.2339999999995,5551.2,24006.456,0.6939,216.0007713825388,227.30700230964192,5701.620867158288,7180.470263446012,0.1571861522321949
2020-08-18,7.69,38.9,2.62,1.18,2650.0,17132.5,24070.5,,68.44999999999999,8951.0,216.0,5.56,3.9,2.22,109436.0,213.21,99.32,24.87,68.44999999999999,6126.9595,4795.200000000001,23638.176,0.5994,216.0002837757773,225.97839451577585,5128.653602076325,6900.193619318247,0.15467678389026704
2020-08-19,7.72,39.0,2.455,1.05,2628.5,17009.0,19973.5,,68.65,8938.0,216.0,5.69,3.95,2.63,97845.0,187.32,19.48,21.11,68.65,6135.937000000001,5680.799999999999,21134.52,0.7101,216.00010439527438,224.8059022529393,5477.676691687013,6756.911092079772,0.15453583397025103
2020-08-20,7.74,39.0,2.49,1.17,2637.0,17086.0,24523.0,,68.9,9467.0,224.0,5.73,4.07,2.6,104548.0,214.18,65.3,14.65,68.9,6522.763000000001,5824.0,23418.752,0.728,221.05700287550366,224.71120624200486,5696.594774873173,6647.291149147211,0.15433688399859535
2020-08-21,7.76,39.1,2.535,1.31,2740.5,17268.5,22611.5,,68.85,10233.0,224.0,5.74,4.3,3.19,126883.0,185.99,63.89,22.98,68.85,7045.420499999999,7145.599999999999,28421.792,0.8931999999999999,222.91733186247114,224.62763730566812,6612.540767525843,6705.843982591925,0.15869936589744332
2020-08-22,,,,,,,,,,10426.0,224.0,,,,,132.28,121.75,20.73,,,,,,223.60170865059177,224.55388797819865,6949.498467446128,6757.516676744436,
2020-08-23,,,,,,,,,,10228.0,224.0,,,,,,,,,,,,,223.8534768009563,224.48880442513914,7073.458277791218,6803.117669282228,
2020-08-24,7.84,39.5,2.52,1.07,2829.0,16878.5,22476.5,3604.0,68.15,10545.0,224.0,5.53,4.55,2.99,118835.0,182.65,59.24,24.58,68.15,7186.417500000001,6697.599999999999,26619.04,0.8371999999999999,223.94609712741715,224.43136839115493,6835.870533193494,6790.719016309512,0.16760968095506118
2020-08-25,7.84,39.6,2.48,1.0,2880.0,16880.0,22431.5,,68.35,10604.0,224.0,5.6,4.71,3.06,124336.0,186.67,20.84,17.6,68.35,7247.833999999999,6854.400000000001,27851.264,0.8568000000000001,223.9801702413567,224.38068126906714,6847.583390106018,6798.201729139604,0.17061611374407584
2020-08-26,7.82,39.7,2.43,0.915,2849.5,16848.0,22735.5,,67.94999999999999,10618.0,224.0,5.6,4.39,2.52,116776.0,198.66,156.18,16.78,67.94999999999999,7214.930999999999,5644.8,26157.824,0.7056,223.99270503947173,224.33595004082372,6087.279281402494,6662.673453401417,0.1691298670465337
2020-08-27,7.8,39.8,2.415,0.9099999999999999,2760.5,17062.5,20770.0,,68.4,10746.0,224.0,5.68,4.84,2.85,125339.0,207.98,101.08,16.87,68.4,7350.264,6383.999999999999,28075.936,0.7979999999999999,223.9973163339975,224.29647487045008,6274.84254785836,6629.928459459303,0.16178754578754578
2020-08-28,7.79,39.8,2.475,0.95,2734.5,17123.0,22006.5,,68.6,11052.0,224.0,5.71,4.92,3.01,129427.0,183.47,19.53,21.12,68.6,7581.672,6742.4,28991.648,0.8428,223.99901273445073,224.26163815486638,6570.39522579059,6643.144213843916,0.15969748291771302
2020-08-29,,,,,,,,,,11093.0,224.0,,,,,125.26,89.57,19.18,,,,,,223.99963680530146,224.23089486126753,6679.122979785022,6654.807076153656,
2020-08-30,,,,,,,,,,10919.0,224.0,,,,,,20.87,,,,,,,223.99986638813726,224.2037639998913,6719.12168516432,6665.099516017273,
2020-08-31,7.81,40.0,2.4699999999999998,1.01,2731.0,16742.0,22643.0,,68.30000000000001,11170.0,224.0,5.6,5.12,3.19,149001.0,156.2,110.22,23.94,68.30000000000001,7629.1100000000015,7145.599999999999,33376.224,0.8931999999999999,223.99995084694262,224.17982109876232,6988.707395866511,6721.559811194845,0.16312268546171305
2020-09-01,,,,,,,,,,11141.0,224.0,,,,,209.43,102.3,17.4,,,,,,223.99998191760073,224.1586915626771,7087.88243646744,6771.385846808063,
2020-09-02,7.835,39.95,2.38,0.915,2666.5,16810.5,19657.0,,68.1,11453.0,224.0,5.52,4.99,3.23,130585.0,179.96,19.47,15.68,68.1,7799.4929999999995,7235.2,29251.04,0.9044,223.99999334785707,224.14004481252883,7181.004897052904,6825.885446433219,0.15862109990779572
2020-09-03,7.825,39.9,2.4000000000000004,1.07,2613.0,16897.5,20614.0,,68.19999999999999,11510.0,229.0,5.63,4.87,2.35,136544.0,104.79,65.16,15.61,68.19999999999999,7849.819999999999,5381.5,31268.576,0.6726875,227.16060034695616,224.71110460035675,6043.5008559130965,6656.165682615584,0.15463826009764758
2020-09-04,7.82,39.9,2.425,1.0,2578.5,16964.5,21040.0,,68.4,11061.0,224.0,5.57,4.71,2.84,132691.0,158.03,109.05,19.63,68.4,7565.724,6361.599999999999,29722.784,0.7951999999999999,225.1627198894045,224.62754760722848,6244.577864636196,6621.553302515969,0.15199386955112146
2020-09-05,,,,,,,,,,11019.0,224.0,,,,,157.87,101.55,18.67,,,,,,224.42774074315307,224.5538088196035,6318.549962237675,6591.007984286979,
2020-09-06,,,,,,,,,,11446.0,224.0,,,,,,,,,,,,,224.15735702555742,224.4887345679241,6345.762776165586,6564.051835561434,
2020-09-07,7.985,39.8,2.3899999999999997,0.89,2499.0,17088.5,23641.0,3937.0,67.85,12324.0,220.0,5.74,5.0,3.13,153021.0,128.1,39.02,22.49,67.85,8361.833999999999,6886.0,33664.62,0.86075,221.52940617931222,223.9612943527174,6687.257831995785,6601.88174209017,0.14623869853995378
2020-09-08,7.995,39.95,2.435,0.99,2523.0,17121.5,20699.0,,68.19999999999999,10581.0,216.0,5.7,4.88,3.12,133256.0,182.01,89.83,14.18,68.19999999999999,7216.241999999998,6739.200000000001,28783.296,0.8424,218.03415485525528,223.02581760683734,6720.091544261377,6618.017062726261,0.14735858423619425
2020-09-09,8.004999999999999,39.9,2.425,0.935,2495.0,17098.0,24166.0,,68.25,10244.0,216.0,5.65,4.94,3.26,136410.0,157.61,133.56,14.93,68.25,6991.53,7041.599999999999,29464.56,0.8802,216.7483237514075,222.20026227615827,6923.323648970982,6667.78936986824,0.1459234998245409
2020-09-10,7.995,39.55,2.4000000000000004,1.01,2523.0,17178.0,22330.0,,68.05,10194.0,216.0,5.73,4.78,3.09,129673.0,185.54,101.18,16.98,68.05,6937.017,6674.4,28009.368,0.8342999999999999,216.2752929234831,221.4717122539218,6765.973892877801,6668.566139384589,0.14687390848760043
2020-09-11,8.004999999999999,39.0,2.44,0.9299999999999999,2487.5,17124.5,22698.0,,67.95,10167.0,211.0,5.62,4.97,3.18,136107.0,181.3,19.66,20.95,67.95,6908.476500000001,6709.8,28718.577,0.838725,212.94067181270663,220.24125362884314,6730.4652203203095,6673.411245725295,0.14525971561213466
2020-09-12,,,,,,,,,,9429.0,204.0,,,,,48.45,110.34,15.79,,,,,,207.2890893501558,218.3328560215449,6717.40230970312,6677.687037063661,
2020-09-13,,,,,,,,,,11237.0,204.0,,,,,53.4,,,,,,,,205.20998835209826,216.64870104420436,6712.596733445196,6681.460409675867,
2020-09-14,7.98,39.1,2.52,0.98,2740.0,17187.5,22527.0,3806.0,67.65,11387.0,204.0,5.34,5.68,3.58,136285.0,156.73,113.04,22.49,67.65,7703.3055,7303.200000000001,27802.14,0.9129,204.4451298387939,215.1624394932289,7085.92920034579,6754.516737324738,0.15941818181818182
2020-09-15,7.97,39.1,2.52,0.9299999999999999,2790.0,17224.0,22676.0,,67.25,11267.0,198.0,5.41,5.49,3.45,133053.0,156.33,21.78,15.28,67.25,7577.0575,6831.0,26344.494,0.853875,200.3710307633729,213.14579969357,6924.783211761493,6763.503757589517,0.16198327914537855
2020-09-16,8.0,38.900000000000006,2.54,1.145,2794.0,17290.0,22239.0,,66.30000000000001,10790.0,184.0,5.2,6.05,4.25,128559.0,103.98,65.64,15.83,66.30000000000001,7153.770000000001,7820.0,23654.856,0.9775,190.02256564863012,209.72107795292658,7490.668148215524,6887.6453384804845,0.1615962984384037
2020-09-17,7.98,38.900000000000006,2.5949999999999998,0.97,2687.5,17333.0,24746.0,,66.6,9388.0,176.0,5.34,5.89,4.04,118019.0,137.25,44.95,16.63,66.6,6252.407999999999,7110.4,20771.344,0.8887999999999999,181.15861361460793,205.7587468452714,7250.292833860825,6913.819701172747,0.15505105867420527
2020-09-18,7.97,36.8,2.5599999999999996,1.045,2699.0,17273.5,22835.0,,67.0,10038.0,176.0,5.4,5.78,3.96,120973.0,157.19,89.42,17.3,67.0,6725.46,6969.6,21291.248,0.8712000000000001,177.89774789376136,202.26200191575109,7072.86112286155,6920.374059059706,0.1562509045647958
2020-09-19,,,,,,,,,,10113.0,168.0,,,,,77.51,37.4,15.69,,,,,,171.64117796401274,198.2361105669978,7007.587644173043,6926.158259593379,
2020-09-20,,,,,,,,,,8160.0,152.0,,,,,,45.0,,,,,,,159.22558557334986,192.80322436293443,6983.574873309799,6931.262798648272,
2020-09-21,7.995,,2.6950000000000003,1.2,,,,,,7361.0,124.0,5.44,6.01,4.34,,106.24,38.38,23.54,,,5381.599999999999,,0.6727,136.95876873566078,184.71863238812261,5970.9336211639,6749.172619857676,
2020-09-22,7.975,,2.605,1.1549999999999998,,,,,,6271.0,96.0,5.58,5.84,4.49,,132.28,121.75,20.73,,,4310.400000000001,,0.5388000000000001,111.06788895354524,174.29391828405957,4921.276180600167,6462.609283132518,
2020-09-23,8.125,36.75,2.565,1.07,2267.5,17711.5,20998.0,4225.5,66.7,6316.0,96.0,5.35,5.98,3.91,141923.0,104.07,157.55,15.94,66.7,4212.772,3753.6,13624.608,0.4692,101.54316656786358,165.094140376894,4183.164060788394,6144.292301437362,0.12802416509047793
2020-09-24,8.094999999999999,38.75,2.63,1.01,2318.5,17867.0,23146.5,,67.4,6419.0,108.0,5.47,5.41,3.34,114925.0,183.47,100.75,16.96,67.4,4326.406,3607.2,12411.9,0.45089999999999997,105.62466372524855,158.38540203833904,3819.085336817669,5846.176097589695,0.12976437006772262
2020-09-25,8.08,38.650000000000006,2.585,1.02,2433.0,17778.5,22278.0,,67.55000000000001,6749.0,120.0,5.38,5.28,3.28,120381.0,156.35,19.21,18.51,67.55000000000001,4558.949500000001,3935.9999999999995,14445.72,0.49199999999999994,114.71160932459287,153.8749984032986,3892.989499043736,5621.724489514036,0.13685069044070083
2020-09-26,,,,,,,,,,7293.0,132.0,,,,,50.93,88.84,16.52,,,,,,125.63995649957765,151.304618334954,3920.177320943705,5423.646640607135,
2020-09-27,,,,,,,,,,7454.0,144.0,,,,,,,,,,,,,137.24571745718126,150.44630305515955,3930.1791616709347,5248.843552476175,
2020-09-28,8.015,38.650000000000006,2.39,0.84,2540.0,17938.0,26016.0,4355.0,68.4,7526.0,144.0,5.61,5.82,3.86,129567.0,106.23,156.0,26.31,68.4,5147.784000000001,5558.400000000001,18657.648,0.6948000000000001,141.5152383126338,149.6888424792999,4959.411027891807,5285.217393885134,0.1415988404504404
2020-09-29,7.98,38.5,2.675,1.05,2564.0,17908.5,22956.0,,68.55,7055.0,144.0,5.61,4.44,2.79,115741.0,128.95,146.02,16.77,68.55,4836.2025,4017.6,16666.704,0.5022,143.0859072590075,149.0203858672738,4364.072914629939,5136.268423765987,0.14317223664740208
2020-09-30,7.96,38.6,2.385,1.045,2661.5,17863.0,22793.0,,68.05000000000001,7000.0,144.0,5.63,4.73,3.27,126768.0,155.99,19.25,41.19,68.05000000000001,4763.500000000001,4708.8,18254.592,0.5886,143.6637240732648,148.4304749776486,4581.981992477402,5086.039559926203,0.14899512959749203
2020-10-01,,,,,,,,,,6980.0,144.0,,,,,,,,,,,,,143.87629099999324,147.90988044475344,4662.146262262111,5041.71274316725,
2020-10-02,,,,,,,,,,7587.0,144.0,,,,,75.95,72.32,,,,,,,143.95449000220964,147.45045738197098,4691.637049032426,5002.594464676039,
2020-10-03,,,,,,,,,,7969.0,144.0,,,,,104.7,39.42,4.35,,,,,,143.98325780744517,147.04501795208952,4702.486103189196,4968.072705073104,
2020-10-04,,,,,,,,,,7769.0,144.0,,,,,26.38,86.85,21.99,,,,,,143.99384089155893,146.68721891103348,4706.477247169627,4937.607359151743,
2020-10-05,8.01,38.65,2.5949999999999998,1.005,2488.0,18013.5,23303.5,4063.0,69.0,7546.0,152.0,5.85,4.77,3.14,122101.0,132.1,38.59,25.94,69.0,5206.74,4772.8,18559.352,0.5966,149.05469866125705,147.31148714487702,4748.401222751811,4918.241983974561,0.13811863324728677
2020-10-06,7.985,38.599999999999994,2.5,1.105,2549.0,17907.0,23802.0,,68.75,7444.0,152.0,5.92,4.86,3.32,109549.0,183.74,41.56,16.37,68.75,5117.75,5046.400000000001,16651.448,0.6308,150.91648418942174,147.8624019276259,4936.7723763561635,4933.300947816162,0.14234656838108004
2020-10-07,8.01,38.55,2.715,1.1099999999999999,2547.0,17960.5,20735.0,,69.25,7827.0,160.0,5.98,4.66,2.91,108647.0,155.21,158.76,18.76,69.25,5420.1975,4656.000000000001,17383.52,0.5820000000000001,156.6583612797325,149.2886072963131,4759.290384910284,4900.717227531535,0.14181119679296234
2020-10-08,7.98,38.5,2.59,1.07,2472.5,17717.0,21187.0,,69.4,7753.0,160.0,5.89,4.81,3.16,126086.0,135.1,101.42,17.43,69.4,5380.582,5056.0,20173.76,0.632,158.77067981499113,150.54722911662907,4946.846632610601,4918.963434271831,0.1395552294406502
2020-10-09,7.97,38.5,2.5949999999999998,1.0950000000000002,2509.5,17741.0,22877.5,,69.4,8259.0,168.0,5.82,4.92,3.28,123816.0,177.33,19.54,18.74,69.4,5731.746000000001,5510.4,20801.088,0.6888,164.60472284794662,152.59798375390653,5303.080302134504,4988.459062669621,0.14145200383292938
2020-10-10,,,,,,,,,,8438.0,168.0,,,,,103.01,89.34,16.48,,,,,,166.75094733868042,154.4077683692649,5434.131345405409,5049.788739473839,
2020-10-11,,,,,,,,,,8526.0,168.0,,,,,,,,,,,,,167.54049920496004,156.0048976866639,5482.342329968844,5103.911989290076,
2020-10-12,7.99,38.25,2.635,1.08,2554.5,17438.5,24833.0,3957.0,69.55,8644.0,168.0,5.85,4.56,2.9,135035.0,132.78,134.45,23.81,69.55,6011.901999999999,4872.0,22685.88,0.609,167.83095910430285,157.41435936229556,5096.532395272215,5076.661612220724,0.14648622301230038
2020-10-13,7.985,38.25,2.4699999999999998,0.9199999999999999,2520.0,17442.0,23329.0,,69.85,8295.0,168.0,5.91,4.59,2.92,126226.0,160.76,101.78,15.97,69.85,5794.0575,4905.599999999999,21205.968,0.6132,167.9378133297558,158.6582049253522,4975.840102874266,5056.5613429359155,0.14447884416924664
2020-10-14,8.024999999999999,38.15,2.45,0.95,2568.5,17523.5,20613.5,,69.65,8411.0,168.0,5.74,4.51,3.12,122339.0,156.74,19.62,17.01,69.65,5858.2615000000005,5241.6,20552.952,0.6552,167.97712280250227,159.7558947820433,5143.832397559605,5078.303958282532,0.1465745998230947
2020-10-15,8.02,38.15,2.485,0.97,2458.5,17877.5,25958.0,,69.6,8512.0,168.0,5.83,4.7,3.15,134774.0,156.33,21.78,15.28,69.6,5924.352,5291.999999999999,22642.032,0.6614999999999999,167.99158394936896,160.7246026805717,5237.492185214514,5103.413905089747,0.13751922807998881
2020-10-16,8.01,38.15,2.4000000000000004,1.04,2515.0,17862.0,24738.0,,69.19999999999999,8799.0,168.0,5.89,5.21,3.53,130335.0,154.58,111.21,20.86,69.19999999999999,6088.907999999999,5930.4,21896.28,0.7413,167.99690390799697,161.57948440053227,5675.49346031339,5200.587332761172,0.14080170193707311
2020-10-17,,,,,,,,,,9004.0,168.0,,,,,81.01,82.94,16.87,,,,,,167.9988610114041,162.33391487047365,5836.625124629143,5286.342581694731,
2020-10-18,,,,,,,,,,9052.0,168.0,,,,,,,,,,,,,167.99958098951183,162.99969742341236,5895.902151252647,5362.021323258969,
2020-10-19,7.91,38.05,2.61,1.02,2633.5,17430.0,24758.0,4077.5,69.05,9010.0,168.0,3.82,5.22,3.39,,154.86,84.25,23.0,69.05,6221.405,5695.2,,0.7119,167.99984585465575,163.58724846417562,5769.034195244731,5401.170849768806,0.1510900745840505
2020-10-20,8.004999999999999,38.05,2.4050000000000002,0.815,2569.5,17525.5,20683.0,,69.55,9186.0,168.0,3.83,4.92,3.05,,183.61,62.34,16.29,69.55,6388.862999999999,5124.0,,0.6405,167.9999432930969,164.10576043775956,5361.294819283103,5368.602416407712,0.1466149325268894
2020-10-21,7.955,38.05,2.52,1.06,2684.0,17304.5,20709.5,,69.35,8892.0,168.0,3.59,5.12,3.47,,158.61,134.41,16.75,69.35,6166.602,5829.6,,0.7287,167.99997913869618,164.5633456484004,5657.320151820177,5422.771060380823,0.15510416365685226
2020-10-22,7.75,38.05,2.575,1.08,2686.5,17074.0,23954.0,,69.55,8800.0,168.0,3.77,5.33,3.3,,134.89,102.11,11.9,69.55,6120.4,5544.0,,0.693,167.9999923255552,164.96716317945948,5585.68815412507,5437.015836282461,0.15734450040998008
2020-10-23,8.0,38.0,2.51,1.0,2776.5,17088.5,22693.0,,69.55000000000001,9439.0,134.0,3.69,5.84,3.72,,132.71,19.72,19.74,69.55000000000001,6564.824500000001,4984.8,,0.6231,146.50789817655857,161.32842558770471,5205.8543983460695,5383.879074818975,0.1624776896743424
2020-10-24,,,,,,,,,,9490.0,168.0,,,,,52.83,41.77,18.23,,,,,,160.0934975915926,162.11235624578677,5066.121368532042,5336.986047414071,
2020-10-25,,,,,,,,,,9470.0,168.0,,,,,,,,,,,,,165.09136031237443,162.80417262338528,5014.716459610864,5295.603095976429,
2020-10-26,7.995,37.8,2.48,0.93,2746.0,17733.0,34622.5,6110.0,70.45,9245.0,168.0,3.78,4.96,3.25,,133.43,134.06,23.08,70.45,6513.1025,5460.0,,0.6825,166.92997125714723,163.41469843377325,5296.189339998803,5314.920241404702,0.1548525348220831
2020-10-27,7.970000000000001,38.0,2.69,1.04,3045.0,17986.5,42173.0,5755.0,70.65,9035.0,168.0,3.93,4.71,2.95,,133.77,103.55,14.58,70.65,6383.2275,4956.0,,0.6195,167.60635842404193,163.95348557038858,5081.148664291241,5272.746001314565,0.1692936368943374
2020-10-28,7.975,37.95,2.365,0.93,3050.5,17897.0,29340.5,,70.30000000000001,9360.0,168.0,5.85,4.9,3.23,176757.0,75.98,19.76,15.32,70.30000000000001,6580.080000000001,5426.400000000001,29695.176,0.6783,167.8551873570147,164.42896354960405,5299.3891315557685,5290.800822090366,0.17044756104375036
2020-10-29,7.975,37.95,2.52,1.065,2954.5,17915.0,28694.0,5729.0,70.55000000000001,9105.0,168.0,3.9,4.89,3.22,,132.42,65.52,16.57,70.55000000000001,6423.577500000001,5409.6,,0.6762,167.946726405824,164.84857139350888,5369.055687305717,5304.760093465152,0.16491766675969857
2020-10-30,,,,,,,,,,8935.0,168.0,,,,,157.0,110.34,18.76,,,,,,167.98040173994534,165.21887401605508,5394.6845809033475,5317.079107215738,
2020-10-31,,,,,,,,,,8729.0,168.0,,,,,107.82,84.0,16.46,,,,,,167.99279020304317,165.54566493347107,5404.112923957886,5327.950598693527,
2020-11-01,,,,,,,,,,8702.0,168.0,,,,,,,,,,,,,167.99734766392456,165.83405690588344,5407.581417531962,5337.544656249152,
2020-11-02,7.94,37.95,2.675,1.09,3114.5,17891.0,26730.0,,69.4,8746.0,168.0,3.85,4.84,2.98,,131.22,39.38,21.67,69.4,6069.724,5006.400000000001,,0.6258,167.99902426008677,166.08856192826764,5153.986395690026,5298.634133447316,0.17408194064054552
2020-11-03,7.955,37.95,2.59,1.04,2972.5,17949.5,,,70.19999999999999,8607.0,168.0,5.95,4.59,2.71,,107.29,41.66,15.07,70.19999999999999,6042.113999999999,4552.799999999999,,0.5690999999999999,167.99964104534598,166.3131618222139,4773.96411528632,5210.996312609122,0.1656034987046993
2020-11-04,,,,,,,,,,8534.0,168.0,,,,,180.9,99.51,16.21,,,,,,167.99986794796246,166.51137053294232,4634.161731138707,5133.656207170151,
2020-11-05,7.92,38.0,2.39,0.9,2926.0,18256.5,,,69.19999999999999,8679.0,168.0,5.87,4.97,3.13,,133.69,103.89,11.24,69.19999999999999,6005.8679999999995,5258.4,,0.6573,167.99995142077023,166.68628910622544,5028.755574493479,5148.313989211004,0.16027168405773287
2020-11-06,7.925,38.0,2.765,1.2850000000000001,3086.0,18257.5,,,69.15,8816.0,168.0,5.89,4.89,3.49,,126.63,19.75,19.5,69.15,6096.264,5863.200000000001,,0.7329000000000001,167.99998212870008,166.8406542053523,5556.225051056036,5232.315309777654,0.16902642749554977
2020-11-07,,,,,,,,,,8856.0,168.0,,,,,81.38,41.24,18.23,,,,,,167.99999342551618,166.97688092719892,5750.270227328863,5306.446214990738,
2020-11-08,,,,,,,,,,8575.0,168.0,,,,,,,,,,,,,167.99999758138256,167.09710058727782,5821.655458338125,5371.866509227077,
2020-11-09,7.965,37.849999999999994,2.685,0.94,2884.0,17796.0,,,69.75,8731.0,168.0,3.91,4.66,2.94,,130.38,86.4,22.56,69.75,6089.8725,4939.200000000001,,0.6174000000000001,167.99999911024037,167.20319406492723,5263.837220872118,5321.026854244984,0.16205888963812093
2020-11-10,7.970000000000001,37.95,2.755,1.2149999999999999,2942.0,17668.5,,,69.4,8562.0,168.0,3.9,4.59,2.93,,155.73,84.04,15.65,69.4,5942.028,4922.4,,0.6153,167.99999967267573,167.29682123033726,5048.007734009565,5274.18696415824,0.16651102244106744
2020-11-11,7.985,38.0,2.51,1.1,3076.0,17340.0,,,69.25,8462.0,168.0,5.89,4.52,2.91,,101.84,39.31,16.49,69.25,5859.935,4888.8,,0.6111,167.99999987958412,167.37944691380937,4947.369252217611,5228.902802166127,0.17739331026528257
2020-11-12,7.99,38.0,2.54,1.03,2905.5,17202.0,,,69.35,8478.0,168.0,5.85,4.69,2.9,,159.68,41.79,14.72,69.35,5879.4929999999995,4872.0,,0.609,167.99999995570147,167.45236382354744,4899.726798387324,5186.9656174353695,0.16890477851412627
2020-11-13,8.0,38.1,2.51,1.24,2701.0,17159.5,24648.8,,69.1,8439.0,168.0,5.88,4.35,3.27,147025.0,101.35,88.03,18.56,69.1,5831.348999999999,5493.599999999999,24700.2,0.6867,167.99999998370347,167.51671277053734,5275.1262584640335,5222.996107160773,0.1574055188088231
2020-11-14,,,,,,,,,,8213.0,168.0,,,,,158.7,37.01,17.62,,,,,,167.99999999400484,167.5735005169405,5413.228002053114,5254.792902742049,
2020-11-15,,,,,,,,,,8369.0,168.0,,,,,,46.07,,,,,,,167.9999999977945,167.62361552724605,5464.032794309467,5282.8534763546395,
2020-11-16,8.004999999999999,38.0,2.6,1.1,2918.5,17525.5,20681.0,,69.05,8547.0,168.0,5.83,4.81,2.87,155545.0,128.42,84.0,23.08,69.05,5901.7035,4821.6,26131.56,0.6027,167.99999999918865,167.6678418686137,5057.937817360776,5228.654764189346,0.16652877236027502
2020-11-17,8.015,38.0,2.5949999999999998,1.12,2865.0,17651.0,25833.0,,69.25,8413.0,168.0,5.86,4.34,2.82,123396.0,180.77,41.47,18.24,69.25,5826.0025,4737.599999999999,20730.528,0.5922,167.99999999970152,167.70687147788328,4855.445697236761,5170.954308396507,0.1623137499291825
2020-11-18,8.035,38.0,2.66,1.1,2861.5,17771.0,24306.0,,69.35,8581.0,168.0,5.81,4.49,2.8,140262.0,131.06,115.2,18.14,69.35,5950.9235,4704.0,23564.016,0.588,167.99999999989018,167.74131498717279,4759.713758467279,5116.08573080845,0.16102076416633843
2020-11-19,8.015,38.0,2.72,1.05,2830.5,17753.5,21849.0,,69.15,8953.0,174.0,5.78,4.7,3.0,149463.0,186.86,56.84,16.79,69.15,6190.999500000001,5220.0,26006.562,0.6525,171.79272335293095,168.47672986192737,5050.670154686039,5128.2959793041155,0.1594333511701918
2020-11-20,8.02,37.9,2.585,1.115,2820.5,17765.5,23842.0,,69.30000000000001,9146.0,184.0,5.8,4.78,2.95,145742.0,182.97,86.82,18.61,69.30000000000001,6338.178000000001,5428.000000000001,26816.528,0.6785000000000001,179.50919388885103,170.30076218516695,5289.188107368594,5163.512130043732,0.1587627705384031
2020-11-21,,,,,,,,,,9632.0,192.0,,,,,106.84,41.34,18.27,,,,,,187.40488922804968,172.8504898399633,5376.933958510808,5194.590273992397,
2020-11-22,,,,,,,,,,9694.0,200.0,,,,,,45.43,,,,,,,195.3665176877225,176.0406413770786,5409.213853194119,5222.016639765171,
2020-11-23,8.0,38.0,2.52,0.98,3022.5,17440.5,23699.0,,69.15,9801.0,208.0,5.7,4.49,2.62,171124.0,183.56,90.19,25.35,69.15,6777.391500000001,5449.6,35593.792,0.6812,203.35240158691005,179.79596500668157,5434.7427668819855,5248.758389512969,0.1733035176743786
2020-11-24,8.004999999999999,38.0,2.54,1.07,2917.0,17373.0,22765.0,,69.15,9826.0,216.0,5.75,4.63,2.85,158269.0,161.08,99.33,18.35,69.15,6794.679,6156.000000000001,34186.104,0.7695000000000001,211.34720856363163,184.05005125733217,5890.664292139685,5355.362088849335,0.1679042191906982
2020-11-25,8.0,38.0,2.37,0.83,2784.5,17467.5,24237.5,,69.85,10180.0,224.0,5.76,4.13,2.52,152832.0,207.19,67.07,16.31,69.85,7110.73,5644.8,34234.368,0.7056,219.34529815713,188.7442939761823,5735.24841839636,5389.371939918983,0.15941033347645628
2020-11-26,8.0,38.0,2.425,0.85,2841.0,17716.0,25978.0,,69.75,10341.0,232.0,5.61,4.33,2.44,164195.0,234.37,83.11,18.56,69.75,7212.8475,5660.8,38093.24,0.7076,227.3445953578538,193.82697341487105,5688.18804255575,5421.265577703957,0.1603635132083992
2020-11-27,8.015,38.0,2.49,0.965,3020.0,17795.0,24864.0,,69.95,10464.0,240.0,5.67,4.25,2.51,155621.0,183.72,,21.4,69.95,7319.568,6024.0,37349.04,0.753,235.34433681244877,199.25244705566752,5900.461684756721,5492.088739242627,0.1697105928631638
2020-11-28,,,,,,,,,,10656.0,240.0,,,,,155.33,38.13,20.07,,,,,,238.2872772282812,204.04041073872477,5978.552793625041,5554.589959931751,
2020-11-29,,,,,,,,,,11013.0,240.0,,,,,,,,,,,,,239.3699245038585,208.26577385871033,6007.280907115977,5609.747093597659,
2020-11-30,7.92,38.0,2.35,0.84,2732.5,17299.0,24278.0,,69.45,10961.0,240.0,5.65,4.42,2.68,149246.0,155.36,84.0,26.35,69.45,7612.414500000001,6432.0,35819.04,0.804,239.76820817858365,211.99464372439277,6275.7545774549835,5706.364356958753,0.1579571073472455
2020-12-01,7.99,38.0,2.425,1.02,2682.0,17280.0,23539.0,,69.8,10830.0,240.0,5.71,4.63,2.95,149740.0,159.59,41.63,20.74,69.8,7559.34,7080.0,35937.6,0.885,239.91472855426923,215.28535983099857,6784.134643389449,5867.7707997363,0.15520833333333334
2020-12-02,7.965,38.1,2.685,1.065,2616.0,17167.0,22983.0,,69.65,10741.0,240.0,5.76,5.01,3.22,156915.0,207.96,136.09,17.62,69.65,7481.1065,7728.000000000001,37659.6,0.9660000000000001,239.9686303881967,218.18940660236342,7380.771340069026,6086.353492669867,0.1523853905749403
2020-12-03,8.085,38.1,2.4450000000000003,0.89,2604.0,17092.0,32164.0,,69.05,11059.0,240.0,5.7,5.02,3.22,151638.0,185.87,38.54,19.58,69.05,7636.2395,7728.000000000001,36393.12,0.9660000000000001,239.98845976474004,220.7522188830537,7600.261714625885,6279.252042142339,0.15235197753334895
2020-12-04,8.06,38.0,2.4400000000000004,0.935,2642.0,17151.5,30854.0,,69.19999999999999,10934.0,240.0,5.74,4.87,3.1,158343.0,182.87,38.89,19.15,69.19999999999999,7566.3279999999995,7440.0,38002.32,0.93,239.9957545847016,223.01389278266862,7498.9569900177485,6415.643522509219,0.15403900533481035
2020-12-05,,,,,,,,,,10613.0,240.0,,,,,98.86,91.78,18.77,,,,,,239.9984381989925,225.0098129937352,7461.68906454088,6536.008581471919,
2020-12-06,,,,,,,,,,10656.0,240.0,,,,,,45.68,,,,,,,239.99942544551814,226.77120639780748,7447.97896094283,6642.230373185914,
2020-12-07,7.92,38.0,2.62,1.1,2532.0,16610.5,30787.5,,69.05,10537.0,236.0,5.52,4.63,2.83,138424.0,129.48,134.75,25.15,69.05,7275.7985,6678.8,32668.064,0.83485,237.47130639790407,227.8556182314726,6961.765126312479,6646.527417607895,0.1524337015743054
2020-12-08,7.92,38.0,2.5549999999999997,1.0550000000000002,2580.0,16419.0,30533.0,,69.15,10482.0,232.0,5.58,4.82,2.99,143516.0,158.16,103.58,17.12,69.15,7248.303000000001,6936.800000000001,33295.712,0.8671000000000001,234.0127811401387,228.3425959261465,6945.9841567166095,6680.635345133735,0.15713502649369632
2020-12-09,7.85,38.0,2.29,0.87,2576.5,16192.0,28506.0,,69.05,10714.0,228.0,5.45,4.95,3.32,131548.0,105.73,,11.69,69.05,7398.017,7569.599999999999,29992.944,0.9461999999999999,230.21197856572041,228.30233984366237,7340.184552067249,6785.091445573337,0.1591217885375494
2020-12-10,7.85,38.0,2.46,0.985,2583.0,16493.0,28964.0,,68.35,11115.0,224.0,5.34,4.64,2.93,135115.0,156.35,41.69,22.2,68.35,7597.102499999999,6563.2,30265.76,0.8204,226.28525920332623,227.79680158589832,6849.036642813342,6759.018513428488,0.15661189595586006
2020-12-11,,,,,,,,,,11162.0,220.0,,,,,156.48,86.97,19.71,,,,,,222.3122176433373,226.8806532496219,6668.353424424493,6736.009231569361,
2020-12-12,,,,,,,,,,11085.0,216.0,,,,,95.6,38.72,17.0,,,,,,218.32213509918344,225.60214279088834,6601.883783014546,6715.703611597985,
2020-12-13,,,,,,,,,,11599.0,212.0,,,,,,45.8,,,,,,,214.32578352729797,224.00384888147235,6577.430968477788,6697.783964868187,
2020-12-14,7.890000000000001,38.0,2.565,1.355,2402.0,16633.0,29056.5,,69.55,11491.0,208.0,5.51,4.6,3.14,144466.0,159.19,39.37,22.32,69.55,7991.990499999999,6531.2,30048.928,0.8164,210.3271257089939,222.12334706733128,6548.207422848423,6678.209833016435,0.14441171165754824
2020-12-15,7.895,38.0,2.55,1.15,2434.0,16742.5,28799.5,,69.95,11285.0,204.0,5.46,4.49,2.94,141737.0,157.18,90.49,14.38,69.95,7893.8575,5997.6,28914.348,0.7497,206.32761947004616,219.99379765138548,6200.157151022326,6598.236069505623,0.1453785276989697
2020-12-16,7.88,37.9,2.4850000000000003,1.1,2439.5,16758.0,29519.0,,69.75,11511.0,204.0,5.54,4.56,3.04,139662.0,132.6,136.4,12.83,69.75,8028.9225,6201.6,28491.048,0.7752,204.85628334990037,218.11447688791247,6201.069205524398,6551.630102792041,0.14557226399331663
2020-12-17,7.885,38.0,2.605,1.165,2576.5,16768.5,28775.0,,69.4,11689.0,204.0,5.49,5.16,3.58,154561.0,131.46,122.44,15.87,69.4,8112.166000000001,7303.200000000001,31530.444,0.9129,204.31500904024577,216.45598213518463,6897.748739230478,6639.9418936381535,0.1536511912216358
2020-12-18,,,,,,,,,,11724.0,204.0,,,,,104.4,,17.32,,,,,,204.11588534968956,214.9923656529495,7154.042816765852,6717.876775521547,
2020-12-19,,,,,,,,,,11494.0,204.0,,,,,83.0,91.04,16.91,,,,,,204.04263183768376,213.70072864080524,7248.328138785116,6786.654067386938,
2020-12-20,,,,,,,,,,11108.0,204.0,,,,,,,,,,,,,204.0156833766232,212.5608629783243,7283.013770360232,6847.349814426301,
2020-12-21,7.845,38.2,2.63,1.03,2308.5,16620.0,,,69.65,10459.0,200.0,5.53,5.27,3.39,,129.62,137.5,20.94,69.65,7284.693500000001,6780.0,,0.8475,201.47728735651359,211.0849226721607,6965.0484247416625,6839.436002620858,0.13889891696750903
2020-12-22,7.855,38.1,2.635,1.04,2504.0,16706.5,,,68.9,10879.0,143.0,5.63,6.17,4.29,,130.72,122.83,14.1,68.9,7495.631000000001,6134.700000000001,,0.7668375000000001,164.51259179393605,203.0847333708935,6440.168114471551,6756.627339452756,0.14988178253973006
2020-12-23,7.885,38.0,2.615,1.025,2504.0,16877.5,,,68.69999999999999,11652.0,192.0,5.61,5.84,3.91,,78.81,19.59,14.18,68.69999999999999,8004.923999999999,7507.2,,0.9384,181.88794762990187,201.7822428657896,7114.660906239684,6844.821951902378,0.14836320545104428
2020-12-24,,,,,,,,,,11706.0,184.0,,,,,105.46,41.65,14.09,,,,,,183.2230193543635,199.69277425006635,7362.7929375495105,6922.653424213818,
2020-12-25,,,,,,,,,,10960.0,176.0,,,,,103.42,88.05,13.82,,,,,,178.65720032365374,196.9087998893196,7454.075610564504,6991.339457452263,
2020-12-26,,,,,,,,,,10259.0,168.0,,,,,73.45,39.4,17.51,,,,,,171.92056489951784,193.5119263597624,7487.656629301895,7051.954669036013,
2020-12-27,,,,,,,,,,9527.0,160.0,,,,,,46.13,,,,,,,164.38533075368252,189.57417121213336,7500.010395708974,7105.447405508183,
2020-12-28,,,,,,,,,,8882.0,152.0,,,,,126.51,39.4,20.81,,,,,,156.55630855638822,185.15908971189094,7504.555092391174,7152.654579755646,
2020-12-29,,,,,,,,,,8890.0,156.0,,,,,51.73,41.37,14.91,,,,,,156.20465448084298,181.7328063529301,7506.226992866916,7194.314764808804,
2020-12-30,7.865,38.0,2.76,1.0950000000000002,2362.5,17293.5,,,68.95,9466.0,160.0,5.22,5.65,3.81,,126.28,108.52,15.06,68.95,6526.807000000001,6096.0,,0.762,158.60377041135996,179.17913429093164,6614.793518060765,7065.259378006697,0.1366120218579235
2020-12-31,7.89,37.9,2.69,1.005,2554.0,17443.5,,,66.75,9466.0,152.0,4.92,6.17,4.29,,80.04,102.97,9.51,66.75,6318.555,6520.8,,0.8151,154.42939136855563,175.98550182667793,6555.378282897932,7001.283714674046,0.14641557026972798
2021-01-01,,,,,,,,,,8960.0,144.0,,,,,26.3,,15.47,,,,,,147.8367586684225,172.22710628965717,6533.5206393891585,6944.825389942185,
2021-01-02,,,,,,,,,,7657.0,144.0,,,,,103.8,41.91,14.82,,,,,,145.41146463484895,168.9103338695486,6525.479661709827,6895.001093241204,
2021-01-03,,,,,,,,,,7726.0,144.0,,,,,,,,,,,,,144.51924882110148,165.98329248222475,6522.521551334683,6851.031305729131,
2021-01-04,7.995,38.0,2.5549999999999997,0.895,2400.0,17613.5,,,64.55000000000001,8018.0,144.0,4.71,5.59,3.7,,104.29,87.8,20.99,64.55000000000001,5175.619000000001,5328.0,,0.666,144.19102096613574,163.40018752417456,5767.439920772247,6672.07040984533,0.13625911942544072
2021-01-05,8.004999999999999,38.0,2.6799999999999997,1.085,2520.5,17599.5,,,64.4,7868.0,144.0,4.76,6.26,4.44,,105.89,123.93,16.57,64.4,5066.992000000001,6393.6,,0.7992,144.07027268627405,161.12060539964435,6163.248579969828,6639.349274149966,0.14321429586067785
2021-01-06,7.99,38.0,2.42,1.25,2643.5,17575.5,,,64.05,8225.0,144.0,4.5,6.65,5.25,,102.52,19.16,14.02,64.05,5268.1125,7560.0,,0.945,144.02585187655612,159.1088812355592,7046.163868143882,6747.5285860750855,0.15040823874142983
2021-01-07,8.004999999999999,38.1,2.455,1.05,2555.5,17578.0,,,64.1,8463.0,144.0,4.46,6.8,5.23,,80.05,41.34,11.38,64.1,5424.782999999999,7531.200000000001,,0.9414000000000001,144.0095103739007,157.3335408918995,7352.765178864814,6839.612404567173,0.14538058937308
2021-01-08,,,,,,,,,,6682.0,118.0,,,,,28.06,41.73,11.05,,,,,,127.56836414149342,152.71172800478584,7465.557497715262,6920.876089164602,
2021-01-09,,,,,,,,,,7173.0,116.0,,,,,126.22,,11.98,,,,,,120.25576333564035,148.39798625275165,7507.051472942396,6992.591039114444,
2021-01-10,,,,,,,,,,7649.0,128.0,,,,,,90.25,,,,,,,125.15105454361597,146.00115968701647,7522.316253360936,7055.87926031419,
2021-01-11,8.004999999999999,38.0,2.5300000000000002,0.94,2517.0,17427.5,28931.0,,64.45,7128.0,136.0,4.47,6.22,4.56,147474.0,80.88,38.78,17.37,64.45,4593.996,6201.6,20056.464,0.7752,132.00889600820597,144.82599244604594,6687.464357232462,6955.498801169531,0.14442691149046047
2021-01-12,8.004999999999999,38.05,2.38,0.975,2519.0,17525.0,30260.0,,63.849999999999994,6333.0,136.0,4.96,5.54,4.21,145530.0,78.02,41.43,13.07,63.849999999999994,4043.6205,5725.599999999999,19792.08,0.7156999999999999,134.5317548938417,143.78891099587057,6079.450122221406,6810.981882524618,0.14373751783166905
2021-01-13,8.024999999999999,38.0,2.355,1.12,2503.5,17550.0,27489.0,,63.3,6106.0,136.0,5.31,5.36,4.06,149535.0,101.33,136.07,12.62,63.3,3865.098,5521.599999999999,20336.76,0.6901999999999999,135.4598628108438,142.87368982836287,5726.82159122023,6659.4755175766695,0.14264957264957265
2021-01-14,8.03,38.05,2.6,1.1,2475.0,17470.5,29211.5,,62.849999999999994,6599.0,136.0,4.71,6.34,4.67,138725.0,103.44,100.78,17.64,62.849999999999994,4147.4715,6351.200000000001,18866.6,0.7939,135.8012946326973,142.06600998285745,6121.504019898584,6623.252189404074,0.14166738215849575
2021-01-15,8.024999999999999,38.0,2.395,1.135,2537.5,17421.0,30085.5,,62.45,7524.0,136.0,4.34,6.81,4.85,142180.0,81.05,128.24,17.79,62.45,4698.738,6595.999999999999,19336.48,0.8244999999999999,135.92690038051893,141.35323502091893,6421.442684002195,6620.049972737744,0.1456575397508754
2021-01-16,,,,,,,,,,7079.0,136.0,,,,,25.58,,16.15,,,,,,135.97310815283547,140.72421332476833,6531.78395213834,6617.2240264483025,
2021-01-17,,,,,,,,,,6781.0,136.0,,,,,,,,,,,,,135.99010704229303,140.1691036262569,6572.376236198414,6614.730137601,
2021-01-18,8.05,38.25,2.525,1.145,2539.5,17577.5,24126.0,1987.0,61.55,6722.0,136.0,4.6,5.96,4.47,138511.0,52.21,158.73,18.73,61.55,4137.391,6079.199999999999,18837.496,0.7598999999999999,135.9963605842472,139.67922103672592,6260.629398171707,6551.803687673584,0.144474470203385
2021-01-19,8.07,38.05,2.49,1.07,2540.0,17647.5,25788.5,,61.7,5977.0,136.0,5.05,5.87,4.26,140283.0,76.46,122.73,11.57,61.7,3687.809,5793.6,19078.488,0.7242000000000001,135.99866113376666,139.2469011688347,5965.410514010043,6462.712405900155,0.14392973508995607
2021-01-20,8.08,38.0,2.385,0.9299999999999999,2418.5,17745.0,26376.0,,61.45,6046.0,136.0,4.83,5.72,4.13,134711.0,77.17,18.62,11.46,61.45,3715.2670000000003,5616.799999999999,18320.696,0.7021,135.99950745863828,138.86538022449494,5745.046641080504,6363.31507806477,0.13629191321499015
2021-01-21,8.105,38.05,2.525,1.04,2381.0,17757.5,27393.0,,61.150000000000006,6252.0,136.0,4.8,5.93,4.42,142226.0,129.75,41.77,13.44,61.150000000000006,3823.0980000000004,6011.2,19342.736,0.7514,135.99981880415908,138.52868917284394,5913.287651054793,6321.940465745493,0.13408418977896663
2021-01-22,8.114999999999998,38.1,2.635,1.13,2354.0,17821.5,25651.0,,61.0,6533.0,136.0,4.85,6.08,4.41,145113.0,109.07,87.46,17.28,61.0,3985.13,5997.6,19735.368,0.7497,135.9999333417753,138.23156036263399,5966.583220186186,6283.829456403243,0.13208764694329883
2021-01-23,,,,,,,,,,6852.0,136.0,,,,,48.95,38.2,15.9,,,,,,135.99997547780953,137.96934510795504,5986.189564375156,6250.196608704335,
2021-01-24,,,,,,,,,,6692.0,136.0,,,,,,45.15,,,,,,,135.99999097879027,137.73794095789043,5993.4023353188095,6220.515724784948,
2021-01-25,8.11,38.1,2.59,1.0350000000000001,2387.5,17817.5,24622.0,1989.0,61.3,6981.0,140.0,4.65,6.24,4.69,145547.0,52.73,38.8,21.94,61.3,4279.353,6566.0,20376.58,0.82075,138.5284789165966,138.0037399018748,6355.353091101011,6261.111197231033,0.1339974743931528
2021-01-26,8.1,37.95,2.5999999999999996,1.07,2390.0,17824.5,25510.0,,64.5,6833.0,140.0,4.72,6.16,4.49,140834.0,101.87,89.71,13.99,64.5,4407.285,6286.000000000001,19716.76,0.7857500000000001,139.45865764616556,138.2383066466513,6311.513576397752,6264.035708647348,0.13408510757665013
2021-01-27,8.13,38.05,2.4850000000000003,1.04,2369.5,17586.0,29392.0,,61.5,6894.0,140.0,4.9,6.22,4.67,148270.0,108.18,111.74,13.2,61.5,4239.81,6537.999999999999,20757.8,0.8172499999999999,139.80085127738894,138.44531107236588,6454.680301052286,6296.227361462501,0.13473785966109406
2021-01-28,8.14,38.05,2.515,1.085,2377.0,17600.5,24063.5,,61.7,7595.0,140.0,4.69,6.77,5.12,156875.0,53.32,122.21,14.61,61.7,4686.115,7168.000000000001,21962.5,0.8960000000000001,139.92673727921584,138.6279918368803,6905.584347774534,6398.663346732657,0.13505298144939065
2021-01-29,8.14,38.0,2.5300000000000002,1.045,2438.5,17535.5,26037.0,,62.05,7593.0,140.0,4.73,6.82,5.15,153492.0,129.35,41.61,12.15,62.05,4711.456499999999,7210.0,21488.88,0.90125,139.97304815121922,138.7892070457261,7098.011739975456,6493.997916538218,0.139060762453309
2021-01-30,,,,,,,,,,8060.0,144.0,,,,,53.21,,12.89,,,,,,142.5185672042462,139.40149135784364,7168.801821484409,6578.13037910086,
2021-01-31,,,,,,,,,,8053.0,144.0,,,,,,,,,,,,,143.45501133096505,139.9418303667885,7194.844037110403,6652.377016719207,
2021-02-01,8.155000000000001,38.05,2.445,0.9550000000000001,2525.0,17343.5,26971.0,3939.0,61.4,8416.0,148.0,4.77,6.62,4.78,173261.0,80.52,111.12,22.97,61.4,5167.424,7074.400000000001,25642.628,0.8843000000000001,146.3279921083049,140.8886902581896,7118.708885064609,6701.966024435189,0.1455876841467985
2021-02-02,8.03,38.0,2.525,1.045,2540.0,17314.0,27672.5,3723.0,62.05,8196.0,148.0,4.56,6.24,4.69,162488.0,100.87,123.35,13.48,62.05,5085.6179999999995,6941.2,24048.224,0.86765,147.38490267116896,141.72429117953266,7006.501869440534,6730.076757571056,0.14670209079357746
2021-02-03,8.01,38.0,2.545,0.94,2565.5,17366.0,31975.0,,62.45,8301.0,152.0,4.66,6.42,4.64,159998.0,81.9,,13.28,62.45,5183.9745,7052.799999999999,24319.696,0.8815999999999999,150.3022005737178,142.93171879407635,7035.7678696025005,6767.997738164399,0.14773119889439135
2021-02-04,8.015,38.0,2.535,1.17,2606.0,17681.0,32431.5,,62.150000000000006,9180.0,152.0,4.46,6.76,5.36,190863.0,103.89,41.53,14.46,62.150000000000006,5705.37,8147.2,29011.176,1.0184,151.37541449583813,143.99726992400628,7738.3269689693825,6930.058275892414,0.14738985351507267
2021-02-05,8.024999999999999,38.0,2.52,1.01,2523.0,17551.5,29043.0,,61.849999999999994,9939.0,152.0,4.28,6.94,5.61,197251.0,79.98,,15.18,61.849999999999994,6147.271499999999,8527.2,29982.152,1.0659,151.77022783376515,144.93761549571494,8236.989830189235,7117.7273754864345,0.143748397572857
2021-02-06,,,,,,,,,,10649.0,152.0,,,,,76.34,,,,,,,,151.91547154388877,145.76746755010697,8420.437644907746,7283.344774588998,
2021-02-07,,,,,,,,,,11105.0,152.0,,,,,,90.98,,,,,,,151.96890371880272,146.49980941771142,8487.924324470514,7429.501616311127,
2021-02-08,8.045,38.0,2.58,1.03,2603.0,17505.5,30281.0,4589.5,61.9,9284.0,152.0,4.5,6.79,4.99,173111.0,106.24,77.73,33.51,61.9,5746.795999999999,7584.8,26312.872,0.9481,151.98856031745063,147.14609884750536,7917.040871794548,7447.749657418176,0.14869612407529062
2021-02-09,8.065000000000001,38.0,2.4400000000000004,1.04,2662.0,17626.0,30390.5,,61.7,8164.0,152.0,4.88,6.04,4.38,161583.0,129.28,160.84,14.46,61.7,5037.188,6657.599999999999,24560.616,0.8321999999999999,151.99579157597657,147.71644726747166,7120.922404104253,7354.904625249819,0.15102689209122885
2021-02-10,8.05,38.0,2.4749999999999996,0.93,2539.0,17455.5,31206.0,,62.0,8319.0,152.0,4.66,6.35,4.69,170079.0,159.42,108.7,14.61,62.0,5157.78,7128.800000000001,25852.008,0.8911000000000001,151.99845180732206,148.21977798148595,7125.901994424098,7328.336631443016,0.1454555870642491
2021-02-11,,,,,,,,,,8517.0,156.0,,,,,77.66,199.59,37.87,,,,,,154.52791268705704,149.13397816724088,7127.7338833282265,7304.890459200626,
2021-02-12,,,,,,,,,,7967.0,156.0,,,,,,,,,,,,,155.45844934195898,149.94075699951188,7128.407797594565,7284.199284819251,
2021-02-13,,,,,,,,,,7630.0,156.0,,,,,49.65,41.58,,,,,,,155.80077464655386,150.65273682006185,7128.655716798263,7265.939387516851,
2021-02-14,,,,,,,,,,8038.0,156.0,,,,,,,,,,,,,155.92670908830706,151.28105680639993,7128.746921176375,7249.825084705969,
2021-02-15,8.085,38.0,2.585,1.125,2750.0,17770.0,29597.0,4230.0,61.05,8493.0,156.0,4.68,6.43,4.77,169606.0,104.82,131.44,26.63,61.05,5184.9765,7441.199999999999,26458.536,0.9301499999999998,155.97303778036346,151.8355472481753,7326.254935970068,7272.312230020628,0.15475520540236354
2021-02-16,8.1,38.0,2.465,1.04,2664.0,17763.0,31655.0,,61.45,8398.0,160.0,4.92,6.17,4.5,157968.0,133.01,84.02,18.13,61.45,5160.571,7200.0,25274.88,0.9,158.5185633890216,152.79489573521641,7246.4465952898045,7263.815319012188,0.14997466644147947
2021-02-17,8.129999999999999,38.0,2.52,0.98,2795.5,17640.5,30947.0,,61.4,8767.0,160.0,4.86,6.46,4.79,170674.0,129.61,39.3,16.62,61.4,5382.937999999999,7664.0,27307.84,0.958,159.45500992742234,153.6415178035294,7510.390686815981,7310.838258566452,0.15847056489328534
2021-02-18,8.135000000000002,38.0,2.515,1.04,2850.0,17592.0,30871.0,,61.8,9194.0,164.0,4.79,6.37,4.69,165210.0,99.75,86.94,10.43,61.8,5681.892,7691.600000000001,27094.44,0.9614500000000001,162.32799159197037,154.85867154613703,7624.936819130802,7355.578942562177,0.16200545702592087
2021-02-19,,38.0,,,,,,,,9449.0,164.0,,,,,80.09,87.45,13.84,,,,,,163.3849024812201,155.9328059539575,7667.075986275129,7395.062457607921,
2021-02-20,,,,,,,,,,9308.0,164.0,,,,,76.28,58.31,18.47,,,,,,163.77371826852533,156.88072624181862,7682.578119535614,7429.906537338942,
2021-02-21,,,,,,,,,,9492.0,164.0,,,,,,,,,,,,,163.91675560307777,157.71726295975316,7688.281035656446,7460.656329774979,
2021-02-22,,,,,,,,,,9697.0,164.0,,,,,108.99,39.47,21.05,,,,,,163.9693760977796,158.45550402222867,7690.379021252025,7487.7929263549,
2021-02-23,8.08,38.0,2.59,0.935,2595.5,17205.5,26889.0,4389.5,62.05,10044.0,160.0,4.48,7.05,5.23,183812.0,77.37,45.35,14.62,62.05,6232.302,8368.0,29409.92,1.046,161.46025186065043,158.63698708356242,8118.717173012149,7591.2199838751485,0.15085292493679348
2021-02-24,8.1,38.0,2.42,1.03,2663.0,17136.5,29218.0,,62.150000000000006,10385.0,152.0,4.31,7.64,5.93,190441.0,105.0,65.46,15.06,62.150000000000006,6454.277500000001,9013.599999999999,28947.032,1.1266999999999998,155.4802321678372,157.85712054373778,8684.391005693788,7758.354041471592,0.15539929390482304
2021-02-25,8.105,38.0,2.5700000000000003,1.0,2782.0,17107.0,34760.0,,62.4,9639.0,144.0,4.41,7.66,5.77,206301.0,78.06,56.64,14.63,62.4,6014.736,8308.799999999997,29707.344,1.0385999999999997,148.22334139442236,156.22886595858995,8446.97220928365,7823.03314655847,0.16262348746127317
2021-02-26,8.1,37.95,2.5999999999999996,1.07,2390.0,17824.5,25510.0,,64.5,8109.0,144.0,4.72,6.16,4.49,140834.0,125.18,147.27,15.33,64.5,5230.305,6465.6,20280.096,0.8082,145.55368047205633,154.7919363305778,7194.506101103895,7663.530547303511,0.13408510757665013
2021-02-27,8.13,38.0,2.4850000000000003,1.04,2369.5,17586.0,29392.0,,61.5,7663.0,144.0,4.9,6.22,4.67,148270.0,75.02,48.38,17.23,61.5,4712.745,6724.8,21350.88,0.8406,144.57156710381906,153.52385038462506,6897.595217988918,7553.226800356891,0.13473785966109406
2021-02-28,8.14,38.1,2.515,1.085,2377.0,17600.5,24063.5,,61.7,7579.0,144.0,4.69,6.77,5.12,156875.0,,,,61.7,4676.243,7372.8,22590.0,0.9216,144.21026778674494,152.40476846511072,7197.981930351767,7532.026092458205,0.13505298144939065
2021-03-01,,,,,,,,,,7675.0,144.0,,,,,152.68,136.4,19.77,,,,,,144.0773531958841,151.41718213740089,7308.488026231138,7513.3165334050145,
2021-03-02,8.19,37.9,2.62,0.97,2468.5,17609.0,31224.0,4801.5,60.650000000000006,7683.0,144.0,4.75,6.22,4.51,152027.0,73.41,122.89,11.7,60.650000000000006,4659.739500000001,6494.4,21891.888,0.8118,144.02845665047465,150.54564026216207,6793.886248154273,7393.590684722159,0.14018399681980806
2021-03-03,7.995,37.95,2.685,1.1549999999999998,2625.0,17250.0,32100.0,,60.5,7916.0,144.0,4.51,6.24,4.6,155139.0,81.28,,13.17,60.5,4789.18,6624.0,22340.016,0.828,144.01046861667422,149.77650725679104,6686.497658033707,7303.161395525262,0.15217391304347827
2021-03-04,8.01,38.0,2.7,1.12,2638.5,17277.0,31462.5,,60.75,7917.0,144.0,4.59,6.57,4.86,160432.0,67.86,41.62,16.16,60.75,4809.5775,6998.400000000001,23102.208,0.8748,144.00385118885194,149.09774976187552,6883.657540737377,7267.350987578403,0.15271748567459628
2021-03-05,7.995,38.0,2.665,1.04,2445.0,17317.5,31351.0,,61.0,8055.0,152.0,4.66,6.38,4.64,164279.0,108.13,136.16,16.3,61.0,4913.55,7052.799999999999,24970.408,0.8815999999999999,149.05838124383115,149.43877315432974,6990.575966608102,7242.140581984407,0.14118666089216111
2021-03-06,,,,,,,,,,8365.0,160.0,,,,,78.29,57.62,16.05,,,,,,155.97480340646962,150.6797500212027,7029.909057368355,7219.892477134804,
2021-03-07,,,,,,,,,,8643.0,168.0,,,,,,45.41,,,,,,,163.5761773971953,152.71493304172046,7044.378892816782,7200.258593516652,
2021-03-08,,,,,,,,,61.45,8650.0,167.0,,,,,104.57,39.19,19.46,61.45,5315.425,,,,165.74044605421005,154.39347265610473,7049.702047795392,7182.931752037925,
2021-03-09,7.94,38.0,2.81,1.29,2853.0,17155.0,29959.0,5318.5,61.650000000000006,8642.0,168.0,4.68,6.23,4.68,123552.0,74.79,88.5,13.37,61.650000000000006,5327.793000000001,7862.4,20756.736,0.9828,167.16875655712607,155.99228176407982,7563.425131501794,7262.771375768887,0.1663071990673273
2021-03-10,8.0,38.0,2.715,1.0,2805.0,17062.5,31332.0,5103.0,61.6,8697.0,168.0,4.66,6.2,4.86,197768.0,105.01,135.99,13.15,61.6,5357.352000000001,8164.799999999999,33225.024,1.0206,167.6942026267581,157.40322584969186,7943.56654944233,7368.762533073399,0.16439560439560438
2021-03-11,7.97,38.0,2.615,1.03,2617.5,16682.5,28239.0,,61.8,8956.0,168.0,4.7,6.63,4.56,169188.0,77.84,79.83,12.85,61.8,5534.807999999999,7660.799999999999,28423.584,0.9575999999999999,167.88750343322008,158.64837963496456,7764.824000190822,7403.077839998623,0.15690094410310204
2021-03-12,7.96,38.0,2.59,1.22,2549.5,16623.0,27194.0,,61.6,9009.0,168.0,4.7,6.67,5.04,159108.0,182.93,87.85,14.99,61.6,5549.544,8467.2,26730.144,1.0584,167.9586148258793,159.74722399370918,8208.810309697967,7528.115489827155,0.15337183420561873
2021-03-13,,,,,,,,,,9148.0,168.0,,,,,77.62,91.44,15.42,,,,,,167.9847752452717,160.71695073672387,8372.143745127227,7638.460828507293,
2021-03-14,,,,,,,,,,9312.0,168.0,,,,,,,,,,,,,167.99439912573857,161.5727315837878,8432.230758077554,7735.840248107162,
2021-03-15,8.024999999999999,38.0,2.5199999999999996,1.01,2457.0,17050.0,29264.5,4815.0,61.349999999999994,9455.0,168.0,4.7,6.8,4.78,167012.0,131.37,110.48,20.02,61.349999999999994,5800.6425,8030.400000000001,28058.016,1.0038,167.99793955350663,162.32795553061294,8178.225274727068,7770.451931328484,0.14410557184750733
2021-03-16,7.9350000000000005,37.95,2.56,1.02,2610.0,16887.5,30322.5,,61.05,9269.0,168.0,4.79,6.67,4.85,158421.0,128.97,57.6,14.12,61.05,5658.724499999999,8148.0,26614.728,1.0185,167.99924200409544,162.99443832444382,8159.1192571758465,7814.8149988205905,0.1545521835677276
2021-03-17,7.975,37.95,2.46,0.99,2651.5,16954.0,30406.5,,61.150000000000006,9227.0,168.0,4.73,6.72,4.79,164951.0,103.59,64.8,12.46,61.150000000000006,5642.3105000000005,8047.2,27711.768,1.0059,167.99972114889022,163.5826073256255,8088.372793786173,7842.1209562520535,0.1563937713813849
2021-03-18,,,,,,,,,,9287.0,168.0,,,,,131.36,41.83,14.0,,,,,,167.99989741640957,164.1016646473646,8062.346624369525,7866.218379107427,
2021-03-19,7.945,38.0,2.34,1.03,2654.0,17092.0,32333.0,,60.55,9061.0,168.0,4.66,6.34,4.65,194396.0,107.29,179.61,15.77,60.55,5486.4355,7812.0,32658.528,0.9765,167.99996226160607,164.5597311260632,7904.097376272217,7859.847551625461,0.15527732272408143
2021-03-20,,,,,,,,,,8995.0,168.0,,,,,77.98,56.65,16.53,,,,,,167.99998611682074,164.96397337469259,7845.880731316379,7854.225316105726,
2021-03-21,,,,,,,,,,9113.0,168.0,,,,,,,,,,,,,167.99999489266378,165.32071590700184,7824.464024503149,7849.2637106739585,
2021-03-22,,,,,,,,,,9062.0,168.0,,,,,156.39,85.08,18.7,,,,,,167.999998121116,165.63554008678494,7816.585258368965,7844.885109248577,
2021-03-23,,,,,,,,,,8975.0,165.0,,,,,157.17,66.39,13.65,,,,,,166.10363763231152,165.56086215805607,7813.686822286401,7841.021007053025,
2021-03-24,,,,,,,,,,8749.0,160.0,,,,,186.78,41.41,14.63,,,,,,162.24540280128775,164.90744363018436,7812.620547240076,7837.61094883418,
2021-03-25,7.9,37.95,2.63,1.06,2812.5,16800.0,34861.5,5009.5,61.45,8772.0,160.0,4.64,6.85,4.85,184378.0,105.91,57.82,13.56,61.45,5390.394,7760.0,29500.48,0.97,160.82603752774253,164.3308038032462,7779.358017512815,7828.4914219528155,0.16741071428571427
2021-03-26,7.890000000000001,38.0,2.6,1.03,2811.5,16770.0,33434.5,,61.2,8637.0,160.0,4.7,6.57,4.71,175924.0,211.82,19.41,14.4,61.2,5285.844,7536.000000000001,28147.84,0.9420000000000001,160.30388222409255,163.82192094206636,7625.526411487206,7794.122773905924,0.1676505664877758
2021-03-27,,,,,,,,,,8809.0,160.0,,,,,76.85,89.83,15.4,,,,,,160.11179202278112,163.37283339329676,7568.934926227999,7763.792548458522,
2021-03-28,,,,,,,,,,8897.0,160.0,,,,,,,,,,,,,160.04112598686814,162.97651502251827,7548.1160822557795,7737.026218446497,
2021-03-29,7.94,38.15,2.62,1.12,2679.5,17079.5,29389.0,5042.0,60.7,9325.0,160.0,4.49,6.52,4.77,178145.0,158.45,110.88,20.63,60.7,5660.275,7632.0,28503.2,0.954,160.01512940506666,162.6267652878689,7601.140831216984,7724.685312469207,0.1568839837231769
2021-03-30,,,,,,,,,,9197.0,164.0,,,,,212.14,103.8,13.03,,,,,,162.53404803239542,162.78812462002264,7620.647546233089,7713.79450116916,
2021-03-31,7.92,38.150000000000006,2.5949999999999998,1.0150000000000001,2759.0,17226.0,31024.0,,60.9,9561.0,168.0,4.5,6.65,4.81,172678.0,214.34,19.4,13.23,60.9,5822.649,8080.8,29009.904,1.0101,165.9891886446877,163.40053612051307,7911.519372454561,7756.918784050269,0.16016486706141878
2021-04-01,,,,,,,,,,8890.0,168.0,,,,,160.3,65.3,15.53,,,,,,167.26026384230653,163.94098737280305,8018.525137337432,7794.97583011903,
2021-04-02,7.904999999999999,38.0,2.75,1.135,2915.5,17104.5,34654.5,,60.650000000000006,9071.0,170.0,4.44,7.2,5.22,179790.0,215.26,133.25,15.34,60.650000000000006,5501.5615,8874.0,30564.3,1.10925,168.99210739335052,164.65294012377774,8559.288385587479,7921.764512266131,0.17045222017597708
2021-04-03,,,,,,,,,,9296.0,172.0,,,,,76.59,79.95,15.44,,,,,,170.89345814876208,165.5162424161303,8758.22406715976,8033.655131543728,
2021-04-04,,,,,,,,,,9197.0,172.0,,,,,,,,,,,,,171.59292600213377,166.27810401512562,8831.40841452563,8132.398256484481,
2021-04-05,7.9350000000000005,38.0,2.45,0.92,3504.0,17323.0,34822.0,4693.0,61.25,9131.0,175.0,4.52,6.61,4.63,172061.0,212.0,38.94,20.43,61.25,5592.7375,8102.499999999999,30110.675,1.0128125,173.7466075216352,167.30295380868333,8370.650420200851,8128.885118740234,0.2022744328349593
2021-04-06,7.965,38.0,2.54,0.96,2994.5,17483.0,32873.0,5053.5,61.150000000000006,9869.0,180.0,4.48,6.85,5.0,186548.0,134.08,90.18,12.86,61.150000000000006,6034.893500000001,9000.0,33578.64,1.125,177.69950546963346,168.79489606418952,8768.475228282008,8231.243815492908,0.17128067265343477
2021-04-07,7.965,37.9,2.605,1.1549999999999998,2873.0,17438.0,31485.5,4923.5,60.8,10330.0,184.0,4.53,6.67,5.0,178902.0,210.7,158.08,13.9,60.8,6280.64,9200.0,32917.968,1.15,181.68217759306503,170.5815428731704,9041.25090812875,8345.07566781282,0.1647551324693199
2021-04-08,7.93,38.0,2.63,1.06,2832.5,17426.0,34006.0,,61.0,10336.0,180.0,4.4,6.65,4.68,171369.0,107.04,80.04,13.53,61.0,6304.96,8424.0,30846.42,1.053,180.6188385528879,171.68824075844708,8651.07391914497,8354.349521306256,0.16254447377481923
2021-04-09,7.925,38.0,2.62,1.0950000000000002,2819.0,17620.5,33283.0,,60.849999999999994,10586.0,184.0,4.16,6.81,4.96,180621.0,135.14,19.16,15.35,60.849999999999994,6441.581,9126.4,33234.264,1.1408,182.75614021632597,173.13491060396228,8951.537307000839,8445.067843913816,0.15998410941800745
2021-04-10,,,,,,,,,,10745.0,184.0,,,,,77.21,91.9,16.52,,,,,,183.54240955788637,174.41159226169196,9062.071610217736,8525.126482622658,
2021-04-11,,,,,,,,,,11053.0,184.0,,,,,,45.38,,,,,,,183.83166188386986,175.53825987022498,9102.734907915441,8595.77798330835,
2021-04-12,7.915,38.0,2.59,1.1,2622.5,17411.5,32189.0,4757.5,61.150000000000006,10839.0,184.0,4.31,6.79,4.88,178540.0,161.98,91.17,20.19,61.150000000000006,6628.048500000001,8979.199999999999,32851.36,1.1223999999999998,183.9380718679102,176.53254054499777,9024.645952889097,8640.831257886879,0.1506188438675588
2021-04-13,7.895,38.05,2.725,1.14,2617.0,17375.5,28140.0,,60.849999999999994,10802.0,184.0,4.56,6.85,5.03,178376.0,134.98,102.66,9.98,60.849999999999994,6573.017,9255.2,32821.184,1.1569,183.97721791337403,177.40999016078447,9170.383905989027,8713.021488040376,0.1506143708094731
2021-04-14,7.915,38.0,2.5,1.0350000000000001,2633.0,17463.5,34459.5,,60.650000000000006,10822.0,184.0,4.51,6.88,5.14,193228.0,161.97,63.55,18.56,60.650000000000006,6563.543000000001,9457.599999999999,35553.952,1.1822,183.9916189387033,178.1843367288903,9351.939103839799,8800.511769464585,0.15077160935665818
2021-04-15,7.925,38.0,2.5549999999999997,1.0550000000000002,2518.5,17457.5,33229.0,,61.0,10976.0,184.0,4.46,6.81,4.98,188261.0,80.67,65.91,11.37,61.0,6695.36,9163.199999999999,34640.024,1.1454,183.99691677985373,178.86769517677067,9232.633236047783,8843.128759948608,0.144264642703709
2021-04-16,7.94,38.0,2.5999999999999996,1.0950000000000002,2525.0,17595.0,33659.0,,61.150000000000006,11189.0,184.0,4.39,6.69,4.86,177682.0,161.29,88.6,15.71,61.150000000000006,6842.073500000001,8942.4,32693.488,1.1178,183.99886574669557,179.47075689038013,9049.170840686638,8854.793438138913,0.14350667803353226
2021-04-17,,,,,,,,,,11427.0,184.0,,,,,73.05,57.31,15.15,,,,,,183.99958273152822,180.00295698470782,8981.678797205206,8865.087480511505,
2021-04-18,,,,,,,,,,11569.0,184.0,,,,,,46.04,,,,,,,183.99984649550777,180.47262191950725,8956.849861965737,8874.171941020391,
2021-04-19,7.865,38.1,2.7,1.275,2861.5,17212.5,35200.0,5397.0,60.95,11375.0,184.0,4.54,6.99,5.36,199849.0,183.05,37.61,20.75,60.95,6933.0625,9862.400000000001,36772.216,1.2328000000000001,183.99994352885318,180.88709976972035,9529.266721267233,8990.291798903309,0.16624546114742192
2021-04-20,7.885,38.05,2.6100000000000003,1.14,2725.0,17378.5,31399.0,5406.0,61.05,10940.0,184.0,4.47,7.21,5.31,199886.0,160.38,41.99,13.49,61.05,6678.87,9770.4,36779.024,1.2213,183.99997922542607,181.25287518872332,9681.692024171953,9081.95692885133,0.15680294616911702
2021-04-21,7.9,37.95,2.7,1.255,2743.5,17482.5,37942.0,,61.45,10476.0,184.0,4.48,7.24,5.36,181397.0,81.25,180.92,13.95,61.45,6437.502,9862.400000000001,33377.048,1.2328000000000001,183.99999235746134,181.57567086303504,9795.921250837157,9173.66140706769,0.15692835692835694
2021-04-22,7.87,38.0,2.59,1.13,2538.0,17348.0,31451.0,,61.349999999999994,10476.0,184.0,4.44,7.16,5.31,192667.0,107.64,56.86,14.39,61.349999999999994,6427.026,9770.4,35450.728,1.2213,183.99999718846715,181.86053704578282,9779.78874349597,9243.780040084546,0.1462992852201983
2021-04-23,7.88,38.0,2.615,1.1400000000000001,2751.0,17432.0,33563.0,,61.5,10437.0,184.0,4.46,7.05,5.24,189045.0,183.32,19.3,15.75,61.5,6418.755,9641.6,34784.28,1.2052,183.99999896569489,182.11193056970885,9692.43679773348,9290.525117588284,0.1578132170720514
2021-04-24,,,,,,,,,,10468.0,184.0,,,,,77.02,41.68,14.8,,,,,,183.99999961950041,182.3337845759034,9660.301812741138,9331.77750369641,
2021-04-25,,,,,,,,,,10311.0,184.0,,,,,,,,,,,,,183.99999986002203,182.52957004919605,9648.480012420103,9368.182606661056,
2021-04-26,7.92,38.0,2.72,1.0899999999999999,2790.0,17631.5,33816.5,5592.0,60.7,10143.0,184.0,4.5,6.85,4.91,185943.0,192.07,158.71,19.76,60.7,6156.8009999999995,9034.4,34213.512,1.1293,183.99999994850498,182.70235012294788,9260.30741180366,9328.962116514993,0.15823951450528884
2021-04-27,7.905,38.0,2.685,1.0950000000000002,2705.5,17674.0,32661.5,,60.55,9871.0,184.0,4.54,6.75,4.88,180660.0,137.62,81.47,13.12,60.55,5976.8904999999995,8979.199999999999,33241.44,1.1223999999999998,183.99999998105605,182.8548280028622,9082.61363756348,9287.863984465914,0.1530779676360756
2021-04-28,7.915,38.0,2.74,1.3,2861.0,17621.5,37487.0,,60.849999999999994,9833.0,184.0,4.55,6.88,4.99,176425.0,132.63,18.76,13.86,60.849999999999994,5983.380499999999,9181.600000000002,32462.2,1.1477000000000002,183.9999999930309,182.98938925959928,9145.184952303262,9275.377637147467,0.16235848253553897
2021-04-29,7.925,37.9,2.73,1.2,2829.0,17700.0,36285.0,,60.650000000000006,9903.0,184.0,4.59,6.91,5.01,179432.0,108.02,65.57,14.06,60.650000000000006,6006.169500000001,9218.4,33015.488,1.1522999999999999,183.99999999743622,183.10813915187762,9191.465689167982,9268.682588299229,0.15983050847457628
2021-04-30,7.915,38.0,2.66,1.145,2756.0,17706.0,32642.0,,60.95,9828.0,184.0,4.52,6.79,4.86,174976.0,135.32,87.22,17.19,60.95,5990.166,8942.4,32195.584,1.1178,183.99999999905685,183.21293556399553,9034.026146546097,9230.343373541353,0.15565345080763582
2021-05-01,,,,,,,,,,6786.0,115.0,,,,,46.22,37.43,14.23,,,,,,140.38368144048258,175.19770435142863,8976.107375588072,9196.509135270004,
2021-05-02,,,,,,,,,,8320.0,172.0,,,,,,,,,,,,,160.3690063964264,174.82196418551706,8954.800250494696,9166.650524794228,
2021-05-03,,,,,,,,,,8971.0,178.0,,,,,155.85,79.22,21.71,,,,,,171.51391992582006,175.19539323741589,8946.961797222375,9140.300393533875,
2021-05-04,7.98,37.9,3.05,1.29,2892.0,17101.0,30074.0,,61.599999999999994,9227.0,184.0,4.72,6.65,4.65,267578.0,161.99,113.5,10.63,61.599999999999994,5683.831999999999,8556.000000000002,49234.352,1.0695000000000001,179.4066278398888,176.22996180354414,8699.826807481551,9071.643287472605,0.169112917373253
2021-05-05,7.9,37.95,2.8049999999999997,1.2149999999999999,2784.0,17328.5,31540.5,4896.0,61.5,9710.0,190.0,4.64,6.45,4.69,178328.0,126.89,86.89,17.27,61.5,5971.65,8911.0,33882.32,1.113875,186.10291616961717,177.84798394315612,8833.313723945925,9052.767203615582,0.16066018408979427
2021-05-06,7.905,37.849999999999994,2.825,1.3399999999999999,2675.5,17503.0,33996.0,,60.9,9943.0,194.0,4.59,6.59,4.89,180132.0,80.86,127.02,12.64,60.9,6055.286999999999,9486.599999999999,34945.608,1.185825,191.09482521359473,179.74589585933862,9246.269409840254,9103.743900951138,0.15285950979832028
2021-05-07,7.915,37.95,2.79,1.255,2708.5,17673.5,35862.5,,60.8,10254.0,198.0,4.54,6.71,4.91,185962.0,137.65,66.57,20.16,60.8,6234.432,9721.8,36820.476,1.215225,195.4597281583861,181.89080963640967,9546.862072232107,9176.367406965861,0.15325204402070897
2021-05-08,,,,,,,,,,10349.0,198.0,,,,,53.62,41.52,15.95,,,,,,197.06548621448354,183.7836894009859,9657.443932893057,9240.457426078689,
2021-05-09,,,,,,,,,,9993.0,198.0,,,,,,,,,,,,,197.6562115908172,185.4541499301895,9698.124725996706,9297.016669432345,
2021-05-10,7.965,37.95,2.875,1.21,2596.0,17797.5,34427.0,5709.5,60.9,10053.0,196.0,4.69,6.1,4.71,168099.0,161.41,111.43,22.83,60.9,6122.276999999999,9231.6,32947.404,1.15395,196.60928619449152,186.6933199782707,9403.224855492328,9289.330008151444,0.14586318303132462
2021-05-11,7.96,38.0,2.865,1.2650000000000001,2869.0,17617.5,34933.5,,61.05,10126.0,194.0,4.64,6.22,4.61,171392.0,80.48,121.98,11.72,61.05,6181.922999999999,8943.4,33250.048,1.117925,194.9599027470859,187.55187751264714,9112.560110875256,9248.682160704713,0.16284943947779196
2021-05-12,,,,,,,,,,10200.0,192.0,,,,,134.22,46.2,17.09,,,,,,193.08888736851978,188.07454568259422,9005.630527057288,9212.810561236241,
2021-05-13,7.92,38.0,2.8099999999999996,1.2349999999999999,2713.5,17527.0,32080.0,5723.0,61.45,10079.0,188.0,4.59,6.43,4.7,180435.0,81.07,41.58,11.89,61.45,6193.5455,8836.0,33921.78,1.1045,189.87209704131547,188.06578633399047,8898.403583499452,9168.534153152146,0.15481828036743311
2021-05-14,7.93,38.0,2.75,1.21,2616.5,17553.0,31216.5,,62.150000000000006,9804.0,184.0,4.66,6.57,4.82,176124.0,109.42,134.3,19.12,62.150000000000006,6093.186000000001,8868.800000000001,32406.816,1.1086,186.16022377806362,187.58804384631736,8879.690549754452,9133.314461755586,0.14906283826126587
2021-05-15,,,,,,,,,,9342.0,180.0,,,,,52.96,54.79,13.74,,,,,,182.2662196809651,186.6964251910512,8872.80640935772,9102.233193188136,
2021-05-16,,,,,,,,,,8793.0,176.0,,,,,,46.33,,,,,,,178.30521339449092,185.4395620998305,8870.273875635623,9074.804069948961,
2021-05-17,7.95,38.0,2.7350000000000003,1.1749999999999998,2417.0,17741.0,30897.0,5605.0,61.55,8625.0,172.0,7.85,6.48,4.71,178156.0,138.12,37.48,22.2,61.55,5308.6875,8101.200000000001,30642.832,1.01265,174.319558380032,183.86037192519376,8384.126467588389,8960.402576073713,0.13623809255397104
2021-05-18,7.9350000000000005,38.0,2.75,1.18,2452.5,17714.5,32213.5,,61.349999999999994,8976.0,168.0,4.51,6.54,4.83,183425.0,110.29,89.61,9.22,61.349999999999994,5506.776,8114.4,30815.4,1.0143,170.32483560529647,181.99672909782316,8213.626822165563,8860.99465296364,0.13844590589629965
2021-05-19,,,,,,,,,,8878.0,168.0,,,,,107.51,134.57,22.33,,,,,,168.85525922329194,180.3520700751446,8150.903507887486,8773.267468726634,
2021-05-20,7.965,38.0,2.81,1.105,2464.5,17765.5,33152.0,,61.45,8683.0,168.0,4.57,6.5,4.58,176912.0,81.6,75.58,10.96,61.45,5335.7035,7694.400000000001,29721.216,0.9618000000000001,168.31463228512135,178.90066358182298,7862.338255374452,8646.497199450538,0.13872393121499535
2021-05-21,7.955,38.0,2.79,1.13,2559.5,17771.0,32110.5,,61.6,8785.0,168.0,4.59,6.41,4.51,172864.0,163.28,,13.86,61.6,5411.56,7576.799999999999,29041.152,0.9470999999999999,168.11574674922494,177.61980184707548,7681.843653820222,8520.804465218516,0.14402678521186202
2021-05-22,,,,,,,,,,8724.0,168.0,,,,,54.13,91.25,20.12,,,,,,168.04258084942228,176.48944533352167,7615.44340066599,8409.881016581368,
2021-05-23,,,,,,,,,,8211.0,168.0,,,,,,,,,,,,,168.01566461909007,175.49190921149412,7591.016112641968,8311.991416735083,
2021-05-24,7.945,38.0,2.8,1.165,2461.5,17906.5,31460.5,5501.0,61.95,8677.0,168.0,4.49,6.69,4.65,180612.0,165.29,135.02,24.34,61.95,5375.4015,7812.0,30342.816,0.9765,168.00576269131702,174.61158667358853,7730.704571010834,8253.240876587595,0.1374640493675481
2021-05-25,7.945,38.0,2.75,1.115,2460.0,17788.5,31535.0,,61.8,8584.0,168.0,4.53,6.73,4.72,178619.0,108.57,102.0,10.55,61.8,5304.911999999999,7929.5999999999985,30007.992,0.9911999999999999,168.00211997566134,173.83470476061146,7856.43046073191,8215.212071138316,0.1382915928830424
2021-05-26,7.925,38.0,2.795,1.1549999999999998,2506.0,17788.0,31922.0,,61.75,8636.0,168.0,4.59,6.62,4.61,175340.0,107.91,17.98,18.42,61.75,5332.73,7744.8,29457.12,0.9681000000000001,168.0007798954616,173.1491088787352,7785.8665515117655,8159.937195717968,0.14088149314144366
2021-05-27,7.925,38.0,2.8150000000000004,1.165,2490.5,17776.0,31905.5,,61.5,8723.0,168.0,4.77,6.35,4.41,173462.0,110.39,88.98,14.91,61.5,5364.645,7408.8,29141.616,0.9261,168.00028690750656,172.54407263655466,7547.515032254591,8071.676248637185,0.14010463546354635
2021-05-28,7.945,38.0,2.715,1.1949999999999998,2604.5,17757.0,33718.0,,61.8,8458.0,168.0,4.8,6.43,4.47,175973.0,136.25,41.63,14.86,61.8,5227.044,7509.5999999999985,29563.464,0.9386999999999999,168.00010554737318,172.0101300268789,7523.5481608778155,8005.630548438685,0.14667455088134257
2021-05-29,,,,,,,,,60.650000000000006,8353.0,168.0,,,,,53.71,146.48,19.2,60.650000000000006,5066.094500000001,,,,168.00003882870865,171.5389273276821,7514.731241629099,7947.345422584477,
2021-05-30,,,,,,,,,,7906.0,168.0,,,,,,,,,,,,,168.00001428428362,171.12309240515143,7511.487678303028,7895.9089795513855,
2021-05-31,,,,,,,,,,7797.0,168.0,,,,,138.55,35.98,21.46,,,,,,168.0000052548943,170.75611937403158,7510.294438039229,7850.516477894714,
2021-06-01,7.985,38.0,2.7350000000000003,1.025,2394.0,17672.0,34223.5,5435.5,61.650000000000006,7860.0,168.0,4.84,5.7,3.76,152307.0,136.81,65.82,12.35,61.650000000000006,4845.6900000000005,6316.8,25587.576,0.7896,168.00000193316757,170.43226681073625,6755.862066907097,7670.30004118504,0.13546853779990947
2021-06-02,7.975,38.0,2.6849999999999996,1.02,2387.5,17698.5,32829.0,,61.45,7723.0,168.0,4.82,5.62,3.72,156901.0,81.76,202.75,22.84,61.45,4745.7835000000005,6249.6,26359.368,0.7812,168.00000071117262,170.14646792673403,6435.843406260083,7503.363385847605,0.1348984377207108
2021-06-03,7.98,38.0,2.6550000000000002,1.04,2397.0,17818.0,32656.5,,61.05,7198.0,168.0,4.76,5.68,3.69,,80.48,56.82,11.39,61.05,4394.379,6199.2,,0.7748999999999999,168.0000002616258,169.89425129683994,6286.256244051866,7350.12014847475,0.1345268829273768
2021-06-04,7.965,38.0,2.71,1.0350000000000001,2236.0,17724.5,33059.5,,61.8,7137.0,168.0,4.72,5.51,3.54,159524.0,137.35,17.38,14.43,61.8,4410.666,5947.200000000001,26800.032,0.7434000000000001,168.00000009624674,169.67167090217808,6071.931821587489,7185.272685602487,0.1261530649665717
2021-06-05,,,,,,,,,,7412.0,182.0,,,,,53.65,41.93,19.87,,,,,,176.849687859007,171.1202877571286,5993.086272821902,7039.795310218787,
2021-06-06,,,,,,,,,,6845.0,168.0,,,,,,,,,,,,,171.2556182241132,170.7536442808386,5964.080616403162,6911.411977046534,
2021-06-07,8.004999999999999,38.05,2.7350000000000003,1.27,2477.0,17500.0,31237.5,4829.5,63.8,7120.0,172.0,4.89,4.58,2.98,140613.0,165.75,128.45,22.53,63.8,4542.56,5125.599999999999,24185.436,0.6406999999999999,171.72615724826855,170.90009493832147,5434.059780595481,6701.573538342039,0.14154285714285714
2021-06-08,8.02,38.05,2.7199999999999998,1.19,2445.0,17622.0,30417.5,,64.6,7812.0,176.0,4.83,4.63,3.02,142844.0,159.65,125.69,14.19,64.6,5046.552,5315.2,25140.544,0.6644,174.42774111683843,171.4993495795932,5358.9260696632255,6538.670353412095,0.1387470207694927
2021-06-09,8.04,38.05,2.8600000000000003,1.24,2536.5,17772.5,32509.0,,65.15,8107.0,180.0,5.07,4.6,2.76,167549.0,107.71,89.66,21.39,65.15,5281.7105,4968.0,30158.82,0.621,177.95008051599993,172.49820233403656,5111.813664047056,6354.111721867625,0.14272049514699675
2021-06-10,,,,,,,,,,8482.0,184.0,,,,,109.1,87.71,10.98,,,,,,181.77435900109384,173.84969918563252,5020.906090362449,6191.239301184379,
2021-06-11,,,,,,,,,,8788.0,188.0,,,,,137.34,87.85,18.03,,,,,,185.7097146683884,175.51240336068042,4987.463062957104,6047.5048944149585,
2021-06-12,,,,,,,,,,9036.0,188.0,,,,,54.97,51.88,15.06,,,,,,187.15745111208355,176.97973464507467,4975.1600607241435,5920.659725646111,
2021-06-13,,,,,,,,,,8907.0,192.0,,,,,,,,,,,,,190.21852582126792,178.7446623482797,4970.634039137951,5808.719257099783,
2021-06-14,8.085,38.0,2.92,1.255,2524.5,18020.0,32459.0,5342.5,67.80000000000001,9025.0,192.0,5.14,5.13,3.18,152793.0,128.29,218.69,26.81,67.80000000000001,6118.950000000001,6105.6,29336.256,0.7632000000000001,191.3446322746667,180.30220557964387,5688.06935656946,5843.603663953545,0.1400943396226415
2021-06-15,8.075,38.0,2.8899999999999997,1.21,2587.0,18149.5,33307.0,,67.3,9212.0,192.0,5.18,5.37,3.44,160135.0,187.55,113.54,15.98,67.3,6199.6759999999995,6604.8,30745.92,0.8256,191.75890368744257,181.67673265696433,6267.553643190036,5933.04659118026,0.1425383619383454
2021-06-16,,,,,,,,,,9896.0,196.0,,,,,163.35,111.21,18.06,,,,,,194.43978785858212,183.35976093487994,6480.733998719646,6011.979697415936,
2021-06-17,,,,,,,,,,10660.0,196.0,,,,,135.96,57.64,13.41,,,,,,195.42603002930628,184.84502817710276,6559.1586687806075,6081.637919180301,
2021-06-18,,,,,,,,,,11270.0,200.0,,,,,164.5,18.26,14.09,,,,,,198.31733048324622,186.62578430753635,6588.009492576689,6143.111084126904,
2021-06-19,,,,,,,,,,11057.0,200.0,,,,,105.8,88.82,20.27,,,,,,199.3809804785004,188.19729607690255,6598.623117512127,6197.360961784353,
2021-06-20,,,,,,,,,,10817.0,200.0,,,,,,,,,,,,,199.77227544435652,189.58415034574344,6602.527651922179,6245.236310782645,
2021-06-21,,,,,,,,,,11042.0,200.0,,,,,218.94,134.98,24.69,,,,,,199.91622481772885,190.80804494233175,6603.964049858983,6287.486157983794,
2021-06-22,8.125,38.05,3.0250000000000004,1.23,2719.0,18350.5,35827.0,4514.5,61.9,10676.0,200.0,5.17,7.2,4.95,213489.0,163.7,103.05,17.68,61.9,6608.444,9900.0,42697.8,1.2375,199.96918083276205,191.88812813291096,8687.456136581139,6711.967723876722,0.14817034958175526
2021-06-23,8.145,38.05,2.665,1.28,2741.5,18288.5,34400.5,,61.95,10674.0,200.0,5.09,6.86,5.03,184399.0,108.15,64.21,18.46,61.95,6612.543000000001,10060.0,36879.8,1.2575,199.98866226197913,192.8412982031308,9555.069330542177,7105.371886567955,0.1499029444733029
2021-06-24,8.15,38.05,2.74,1.21,2822.0,18055.5,33468.0,,62.05,10249.0,200.0,5.12,6.69,4.74,173429.0,135.31,89.07,14.17,62.05,6359.504499999999,9480.0,34685.8,1.185,199.9958290792727,193.68246783773614,9507.616463368971,7384.398045105919,0.15629586552574007
2021-06-25,8.16,38.05,2.605,1.22,2734.0,18303.5,35633.5,,62.0,9666.0,196.0,5.32,6.45,4.69,176869.0,164.51,89.37,14.97,62.0,5992.92,9192.400000000001,34666.324,1.1490500000000001,197.46998336869945,193.95478504516197,9308.361656392217,7596.843874939081,0.149370339006201
2021-06-26,,,,,,,,,,8705.0,192.0,,,,,48.57,,20.58,,,,,,194.01229442489424,193.7250917475741,9235.059909350884,7784.3266617338595,
2021-06-27,,,,,,,,,,8625.0,192.0,,,,,,45.79,,,,,,,192.7402817485025,193.5223881239084,9208.093703612429,7949.7796403681805,
2021-06-28,8.105,38.0,2.605,1.08,2707.5,18567.0,34200.5,4658.0,62.650000000000006,8397.0,192.0,5.16,5.62,3.67,167746.0,273.36,93.08,24.7,62.650000000000006,5260.7205,7046.400000000001,32207.232,0.8808,192.27233443594852,193.34350280388074,7841.642671668766,7843.6297344829045,0.14582323477136855
2021-06-29,8.114999999999998,38.05,2.665,1.07,2745.5,18367.5,34150.5,,63.0,8036.0,192.0,5.27,5.84,3.89,170642.0,111.22,89.5,16.03,63.0,5062.68,7468.8,32763.264,0.9336,192.10018624010848,193.18563706303846,7605.961153698374,7799.586079677769,0.149475976589084
2021-06-30,8.15,38.05,2.685,1.085,2693.0,18224.5,32732.0,,63.4,7839.0,192.0,5.19,5.49,3.42,158408.0,163.85,110.4,18.91,63.4,4969.9259999999995,6566.4,30414.336,0.8208,192.03685645802418,193.04632103572092,6948.833176286098,7654.682895626071,0.1477681143515597
2021-07-01,7.859999999999999,38.1,2.795,1.31,2726.5,18199.0,35417.5,,64.55,7805.0,196.0,5.66,4.55,3.08,142085.0,136.92,18.32,15.59,64.55,5038.1275,6036.8,27848.66,0.7546,194.5420409684957,193.39338746279444,6372.318255221946,7464.576644134604,0.1498159239518655
2021-07-02,7.87,38.0,2.705,1.12,2647.5,18038.5,32882.0,,63.2,8443.0,208.0,5.46,5.27,3.36,150639.0,162.29,56.54,15.17,63.2,5335.976,6988.8,31332.912,0.8736,203.04909355218203,195.10970967866277,6762.009040238654,7408.671414770881,0.14676940987332648
2021-07-03,,,,,,,,,,8975.0,216.0,,,,,80.61,89.01,21.23,,,,,,211.23562777331307,197.56438349732693,6905.368268460261,7359.335223019114,
2021-07-04,,,,,,,,,,8645.0,216.0,,,,,,67.63,,,,,,,214.24728540771366,199.73062553915355,6958.107181225195,7315.79618661286,
2021-07-05,7.98,38.0,2.925,1.205,2789.5,18058.5,36360.5,6123.0,64.45,8271.0,216.0,5.84,4.62,2.27,133911.0,218.69,159.13,27.19,64.45,5330.659500000001,4903.2,28924.776,0.6129,215.35521233525665,201.64232743131407,5659.158105488308,7032.308661873255,0.1544701940914251
2021-07-06,7.98,38.0,2.88,1.165,2856.0,18089.0,34668.0,,63.849999999999994,8428.0,216.0,5.78,4.76,2.94,142715.0,218.51,79.22,15.09,63.849999999999994,5381.277999999999,6350.4,30826.44,0.7938,215.76279587421996,203.32939842981085,6096.10631813275,6952.182281948754,0.15788600807120348
2021-07-07,7.984999999999999,38.0,2.865,1.145,2824.5,18260.5,34925.0,,63.95,8662.0,219.0,5.69,4.58,2.79,138355.0,22.16,18.66,162.82,63.95,5539.349,6110.1,30299.745,0.7637625,217.80909915525018,205.17074265267078,6104.952012134745,6853.235005541143,0.1546781303907341
2021-07-08,7.995,38.0,2.835,1.145,2721.0,18266.0,34765.0,,64.15,9457.0,224.0,5.74,4.27,2.55,145290.0,185.0,88.58,12.36,64.15,6066.6655,5712.0,32544.96,0.714,221.72249485688565,207.38323871301372,5856.5589666313235,6719.136357511173,0.1489652907040403
2021-07-09,8.01,38.0,2.915,1.1749999999999998,2923.0,18050.5,33164.0,,63.55,10734.0,228.0,5.77,4.84,2.98,140260.0,136.53,111.72,16.93,63.55,6821.456999999999,6794.4,31979.28,0.8492999999999999,225.69063491600025,209.80577202290863,6449.387564736682,6727.980068626375,0.16193457244951664
2021-07-10,,,,,,,,,,10920.0,206.0,,,,,128.98,54.09,22.21,,,,,,213.24377976920906,209.35858202215996,6667.477018118132,6735.7846162928945,
2021-07-11,,,,,,,,,,11822.0,232.0,,,,,,69.45,,,,,,,225.09997218300813,212.01901876443299,6747.707644353484,6742.672105434672,
2021-07-12,8.04,38.0,2.9050000000000002,1.17,2891.0,18214.0,32939.5,5901.5,64.55,11929.0,232.0,5.81,5.15,3.18,156275.0,137.56,37.12,27.65,64.55,7700.1695,7377.6,36255.8,0.9222,229.46162162261766,214.36684594901118,7145.875552206597,6817.278099681539,0.15872405841660261
2021-07-13,8.0,38.0,3.035,1.24,3179.5,17996.0,35484.5,,65.19999999999999,12131.0,232.0,6.07,6.46,4.28,178226.0,192.63,88.87,17.18,65.19999999999999,7909.411999999998,9929.6,41348.432,1.2412,231.0661827810469,216.43879616720534,8905.525005770482,7182.9855631227565,0.17667815070015558
2021-07-14,7.98,38.0,2.9,1.415,3311.0,18007.0,34517.0,,66.35,11802.0,232.0,6.33,5.78,4.14,174314.0,189.79,182.85,23.79,66.35,7830.6269999999995,9604.8,40440.848,1.2006,231.6564678433353,218.26728581707118,9347.55110589768,7467.556260821177,0.18387293830177154
2021-07-15,7.970000000000001,38.0,2.995,1.32,3141.0,18170.0,34492.5,,66.19999999999999,11729.0,232.0,6.38,5.42,3.56,168829.0,159.97,76.04,15.48,66.19999999999999,7764.597999999998,8259.2,39168.328,1.0324,231.87362158218178,219.88092226948578,8659.581996635961,7560.576852224201,0.1728673637864612
2021-07-16,7.975,38.0,3.0,1.275,3073.5,18120.5,34431.5,,66.35,11904.0,232.0,6.26,5.16,3.37,155394.0,165.84,,17.5,66.35,7898.303999999999,7818.400000000001,36051.408,0.9773000000000001,231.95350797827692,221.30495144063926,8127.853562845916,7590.871870673246,0.16961452498551363
2021-07-17,,,,,,,,,,12190.0,232.0,,,,,161.46,158.06,23.45,,,,,,231.9828965410296,222.56165277337232,7932.241603768268,7617.607130618272,
2021-07-18,,,,,,,,,,11821.0,232.0,,,,,,44.95,,,,,,,231.99370798907188,223.67068780698315,7860.2799855763315,7641.200914709551,
2021-07-19,8.059999999999999,38.0,3.045,1.4100000000000001,3356.5,18044.5,33686.0,5787.5,66.4,11178.0,232.0,6.49,5.09,3.48,148872.0,219.68,41.74,29.24,66.4,7422.192000000001,8073.6,34538.304,1.0092,231.99768529853594,224.64940778900254,7995.123952303137,7692.009146550768,0.18601235833633517
2021-07-20,8.045,38.0,3.2,1.495,3565.0,17883.0,36090.5,,66.30000000000001,11065.0,232.0,6.37,4.9,2.97,143520.0,216.3,57.56,19.86,66.30000000000001,7336.095000000001,6890.400000000001,33296.64,0.8613000000000001,231.99914846891892,225.5131251416323,7296.805230221986,7597.817588914533,0.19935133926075044
2021-07-21,8.065000000000001,38.0,3.145,1.42,3411.0,18296.5,35496.0,,65.80000000000001,11487.0,236.0,6.41,5.12,3.36,156028.0,185.72,61.27,23.78,65.80000000000001,7558.446000000001,7929.5999999999985,36822.608,0.9911999999999999,234.52816897453596,226.7453654196982,7696.807813717852,7636.803049885027,0.1864290984614544
2021-07-22,8.085,38.0,3.1100000000000003,1.4849999999999999,3385.5,18315.5,34430.0,,66.44999999999999,11689.0,236.0,5.97,4.8,3.19,144920.0,190.72,64.38,17.01,66.44999999999999,7767.340499999998,7528.400000000001,34201.12,0.94105,235.4585436248535,227.83281364833135,7590.353772399429,7624.065355754259,0.18484343861756436
2021-07-23,8.085,38.0,3.145,1.44,3383.0,18500.5,33792.5,,66.45,11807.0,232.0,6.12,4.86,3.12,153861.0,189.61,134.84,18.91,66.45,7845.7515,7238.400000000001,35695.752,0.9048,233.27232709597817,228.32247095215962,7367.876557108484,7578.74848188732,0.18285992270479176
2021-07-24,,,,,,,,,,11969.0,232.0,,,,,164.21,102.46,24.77,,,,,,232.46806298105574,228.75459200611598,7286.031763473872,7538.756481064929,
2021-07-25,,,,,,,,,,12018.0,227.0,,,,,24.14,,,,,,,,229.01158795376105,228.54842201069707,7255.922746528779,7503.463664211009,
2021-07-26,8.125,38.0,2.805,1.13,3106.0,18222.0,36727.0,5635.0,66.19999999999999,12161.0,223.0,5.69,5.21,3.26,192433.0,211.47,37.73,30.45,66.19999999999999,8050.5819999999985,7269.799999999999,42912.559,0.9087249999999999,225.21153961698258,227.89646523867233,7264.694843748011,7476.007459912782,0.17045329821095379
2021-07-27,8.11,38.0,3.0,1.14,3263.0,18338.5,37381.5,,66.0,12475.0,218.0,5.83,5.46,3.48,169540.0,218.11,91.45,17.67,66.0,8233.5,7586.400000000001,36959.72,0.9483,220.65297716428125,226.73359991966444,7468.051286896047,7488.978925304584,0.1779316738010197
2021-07-28,8.135,38.0,3.1100000000000003,1.26,3400.0,18233.5,36731.0,,65.15,13079.0,224.0,5.76,5.68,3.56,173852.0,209.63,133.48,26.33,65.15,8520.9685,7974.400000000001,38942.848,0.9968,222.76869910960775,226.41239346200936,7788.124718385439,7546.01740513201,0.1864699591411413
2021-07-29,,,,,,,,,,13195.0,224.0,,,,,241.33,84.5,16.66,,,,,,223.5470297165286,226.1289297580386,7905.873153495583,7596.353686907848,
2021-07-30,,,,,,,,,,13594.0,224.0,,,,,218.34,84.22,18.24,,,,,,223.8333615452493,225.87877391728924,7949.190382002715,7640.77529966265,
2021-07-31,,,,,,,,,,13605.0,224.0,,,,,135.51,89.49,26.45,,,,,,223.93869713838865,225.65801216266448,7965.125899819013,7679.977235326574,
2021-08-01,,,,,,,,,,13842.0,224.0,,,,,28.57,46.39,,,,,,,223.9774479375282,225.463190597999,7970.9882492080515,7714.572822125309,
2021-08-02,8.0,38.0,2.88,1.165,3345.5,18026.5,35900.5,5800.5,61.150000000000006,13528.0,220.0,4.59,7.44,5.52,182973.0,220.32,90.09,28.66,61.150000000000006,8272.372000000001,12143.999999999998,40254.06,1.5179999999999998,221.4632213245464,224.8212487809634,10608.834769116795,8235.044235301559,0.18558788450337005
2021-08-03,8.02,38.0,2.9450000000000003,1.18,3278.5,17814.5,36787.5,,61.7,12936.0,216.0,4.75,6.85,5.1,169720.0,178.46,76.86,16.95,61.7,7981.512000000001,11015.999999999998,36659.52,1.3769999999999998,218.00980680787,223.78472472612833,10866.212282398243,8561.815151428851,0.18403547671840353
2021-08-04,8.035,38.4,2.9699999999999998,1.185,3131.0,18017.5,36161.5,,61.55,12891.0,216.0,4.84,6.58,4.81,175205.0,216.44,92.33,26.25,61.55,7934.410499999999,10389.599999999999,37844.28,1.2986999999999997,216.7393666053418,222.86999545828195,10564.93586010411,8776.585532544907,0.17377549604551132
2021-08-05,8.05,38.4,2.955,1.2650000000000001,3364.0,17820.5,36319.5,,61.150000000000006,12916.0,216.0,4.33,7.5,5.84,193605.0,216.45,89.31,17.16,61.150000000000006,7898.134,12614.4,41818.68,1.5768,216.27199777359397,222.06274971270406,11860.444277514189,9227.540619776531,0.1887713588283157
2021-08-06,8.08,38.4,2.7649999999999997,1.06,3264.0,17662.0,40612.5,,60.8,13108.0,216.0,4.32,7.28,5.43,156748.0,235.4,87.75,18.67,60.8,7969.663999999999,11728.8,33857.568,1.4661,216.1000623889496,221.35035784260697,11777.229223245336,9521.446344392123,0.1848035330087193
2021-08-07,,,,,,,,,,13283.0,216.0,,,,,78.1,56.42,25.92,,,,,,216.03681089572905,220.72167422381983,11746.61611558386,9780.817236017265,
2021-08-08,,,,,,,,,,13075.0,216.0,,,,,25.04,,,,,,,,216.01354197174982,220.16686287753453,11735.354182644835,10009.711244497057,
2021-08-09,8.030000000000001,38.4,2.9299999999999997,1.26,3333.5,17508.0,36840.0,5544.0,60.849999999999994,13066.0,216.0,4.34,7.33,5.56,187167.0,212.98,38.42,28.0,60.849999999999994,7950.661,12009.599999999999,40428.072,1.5011999999999999,216.0049818129997,219.67724358291895,11908.710601967776,10244.704367754892,0.1903986748914782
2021-08-10,8.035,38.4,3.01,1.1949999999999998,3324.0,17637.5,36888.5,,61.0,13050.0,216.0,4.41,7.41,5.48,176442.0,185.56,89.49,17.87,61.0,7960.5,11836.800000000001,38111.472,1.4796,216.00183270658232,219.24515607197506,11863.25443206621,10431.78053592523,0.18846208362863218
2021-08-11,8.05,38.4,2.855,1.06,3133.0,17936.5,33927.5,,61.15,13029.0,216.0,4.35,7.38,5.49,194811.0,215.93,134.36,24.22,61.15,7967.233499999999,11858.400000000001,42079.176,1.4823000000000002,216.00067421507333,218.86384018192157,11860.185845755723,10599.41274178712,0.174671758704318
2021-08-12,8.045,38.4,2.925,1.14,3046.0,17927.0,34710.5,,61.35,13036.0,216.0,4.43,7.24,5.32,188295.0,176.96,83.41,17.43,61.35,7997.585999999999,11491.2,40671.72,1.4364000000000001,216.0002480298644,218.52733009004308,11626.942306736788,10704.200506862726,0.16991130696714454
2021-08-13,8.04,38.4,2.92,1.06,3109.5,18107.0,35045.5,,61.2,13128.0,216.0,4.39,7.17,5.28,185435.0,183.75,38.64,18.18,61.2,8034.336000000001,11404.8,40053.96,1.4256,216.0000912450879,218.23036097627187,11486.521587662864,10786.523117354018,0.17172916551609874
2021-08-14,,,,,,,,,,12946.0,216.0,,,,,128.5,90.09,24.68,,,,,,216.00003356719193,217.96828665320547,11434.863692001058,10859.172566125262,
2021-08-15,,,,,,,,,,12471.0,216.0,,,,,24.86,,,,,,,,216.0000123486798,217.73700687485243,11415.859814212898,10923.285479640363,
2021-08-16,,,,,,,,,,12514.0,216.0,,,,,217.61,110.82,26.19,,,,,,216.00000454282542,217.53290318682542,11408.8686782721,10979.864927233113,
2021-08-17,8.02,38.4,2.67,1.15,2891.5,18119.0,35627.0,5493.0,61.7,12566.0,216.0,4.42,6.41,4.6,169939.0,211.73,102.99,16.36,61.7,7753.222000000001,9936.0,36706.824,1.242,216.00000167121206,217.35278231433549,10477.83810628166,10857.207564999915,0.15958386224405322
2021-08-18,8.030000000000001,38.4,2.745,1.095,2844.0,17933.5,34008.0,,62.05,12528.0,216.0,4.39,6.27,4.49,162367.0,184.07,18.96,24.56,62.05,7773.623999999999,9698.4,35071.272,1.2123,216.00000061480455,217.19382620227228,9985.139254966623,10721.044086804022,0.15858588674826443
2021-08-19,8.015,38.45,2.785,1.145,2814.0,17983.0,34376.5,,62.3,12439.0,216.0,4.35,6.15,4.39,152840.0,161.08,88.84,15.95,62.3,7749.496999999999,9482.399999999998,33013.44,1.1852999999999998,216.00000022617394,217.05354792572962,9667.347436172067,10575.499570009273,0.15648112105877773
2021-08-20,8.03,38.45,2.69,1.085,2784.0,17955.5,31817.5,,62.650000000000006,12395.0,216.0,4.51,5.94,4.21,162552.0,163.96,88.92,15.04,62.650000000000006,7765.467500000002,9093.6,35111.232,1.1367,216.00000008320472,216.9297527811808,9304.669886192529,10401.371780474627,0.15504998468435854
2021-08-21,,,,,,,,,,12022.0,205.0,,,,,135.81,56.56,22.56,,,,,,209.04667388349517,215.527969877992,9171.248271780627,10247.7045455564,
2021-08-22,,,,,,,,,,12008.0,216.0,,,,,27.45,45.23,,,,,,,213.4420142739774,215.58343487940132,9122.165202830585,10112.093686712326,
2021-08-23,8.004999999999999,39.2,2.8099999999999996,1.21,3041.0,18123.0,34764.0,5498.5,63.8,11771.0,208.0,4.62,5.45,3.98,158027.0,195.06,84.33,25.22,63.8,7509.897999999999,8278.4,32869.616,1.0348,210.0020051699578,214.69235779202364,8588.803871297225,9896.628998812554,0.16779782596700327
2021-08-24,8.024999999999999,39.2,2.76,1.21,2820.0,17911.0,32915.0,,64.1,11280.0,200.0,4.56,5.62,4.09,149170.0,140.55,81.54,17.76,64.1,7230.479999999999,8180.0,29834.0,1.0225,203.67953207251796,212.9659602431255,8330.390539721546,9694.919774338974,0.15744514544134888
2021-08-25,8.035,39.2,2.74,1.17,2823.5,17941.5,33063.0,,64.35,10553.0,192.0,4.49,5.49,4.01,156308.0,111.74,132.92,22.24,64.35,6790.8555,7699.2,30011.136,0.9623999999999999,196.29665973198183,210.50239497427,7931.402023025463,9460.416519280972,0.15737257197001364
2021-08-26,,,,,,,,,,9936.0,192.0,,,,,134.8,130.66,13.34,,,,,,193.5806527811053,208.32830625519006,7784.622350469485,9253.468123046281,
2021-08-27,,,,,,,,,,9482.0,192.0,,,,,219.28,38.08,16.6,,,,,,192.5814896617991,206.40967969465788,7730.625126554265,9070.836804374316,
2021-08-28,,,,,,,,,,8991.0,192.0,,,,,82.59,88.54,22.69,,,,,,192.2139180918296,204.7164976977717,7710.7606579955245,8909.665231331366,
2021-08-29,,,,,,,,,,8487.0,192.0,,,,,,53.4,,,,,,,192.07869606807873,203.22226983000766,7703.452928402967,8767.431817336277,
2021-08-30,8.045,39.2,2.8600000000000003,1.2,2718.5,18113.5,30362.0,5333.0,65.85,8682.0,192.0,5.46,4.57,2.97,140624.0,196.09,181.27,25.77,65.85,5717.097,5702.4,26999.808,0.7128,192.0289506655472,201.90361836495032,6438.546233055362,8407.281085122497,0.1500814309768957
2021-08-31,8.035,39.2,2.815,1.1949999999999998,2629.5,17965.0,30260.0,,66.15,8558.0,192.0,5.29,4.72,3.14,145217.0,165.5,38.28,16.23,66.15,5661.117000000001,6028.8,27881.664,0.7536,192.01065035466303,200.73991253144857,6179.53721523851,8127.80219047665,0.1463679376565544
2021-09-01,8.02,39.2,2.8,1.18,2676.0,18034.0,30834.5,,65.85,8614.0,192.0,5.34,4.87,3.22,139627.0,135.49,35.46,21.76,65.85,5672.3189999999995,6182.400000000001,26808.384,0.7728,192.00391804652173,199.71294573786363,6181.346840341749,7899.211407376931,0.1483863812798048
2021-09-02,8.04,39.2,2.815,1.125,2600.0,17964.5,32455.0,,65.80000000000001,8397.0,192.0,5.61,4.65,2.97,135970.0,188.93,89.88,12.83,65.80000000000001,5525.226000000001,5702.4,26106.24,0.7128,192.00144136876492,198.8066507234677,5878.59469597575,7641.079262572647,0.14472988393776615
2021-09-03,8.035,39.2,2.815,1.135,2505.5,17938.5,31462.0,,65.69999999999999,8657.0,192.0,5.52,4.73,3.02,140150.0,135.12,190.39,16.11,65.69999999999999,5687.648999999999,5798.4,26908.8,0.7248,192.00053024993576,198.00684818043544,5827.901979940472,7424.558741677227,0.1396716559355576
2021-09-04,,,,,,,,,,8783.0,192.0,,,,,109.19,103.09,23.2,,,,,,192.00019506805006,197.30102491353017,5809.253171893952,7233.480052641015,
2021-09-05,,,,,,,,,61.150000000000006,8555.0,192.0,,,,,73.96,,,61.150000000000006,5231.382500000001,,,,192.00007176152525,196.67813806671415,5802.3926588112845,7064.853701416634,
2021-09-06,8.04,39.150000000000006,2.795,1.16,2597.5,17809.5,29971.5,4980.5,65.5,9133.0,192.0,5.47,5.25,3.59,151639.0,193.9,37.26,26.34,65.5,5982.115,6892.799999999999,29114.688,0.8615999999999999,192.00002639958979,196.1284423537383,6491.661556674257,7044.636858578395,0.14584912546674528
2021-09-07,8.03,39.150000000000006,2.765,1.13,2603.0,17881.0,29713.5,,65.30000000000001,9771.0,192.0,5.41,5.42,3.7,157092.0,217.96,91.89,15.29,65.30000000000001,6380.463000000002,7104.000000000001,30161.664,0.8880000000000001,192.00000971186634,195.6433375896731,6878.733275661534,7051.612211567742,0.14557351378558248
2021-09-08,8.024999999999999,39.150000000000006,2.735,1.13,2723.5,17713.5,30671.0,,64.85,10322.0,192.0,5.04,6.47,4.64,168320.0,135.88,134.74,21.01,64.85,6693.816999999999,8908.8,32317.44,1.1136,192.00000357279595,195.21523413795654,8161.980187909625,7269.837529190598,0.15375278742202275
2021-09-09,8.035,39.150000000000006,2.7199999999999998,1.13,2792.0,17688.0,31067.0,,64.55,10961.0,192.0,5.11,6.21,4.31,164937.0,190.0,131.18,13.14,64.55,7075.325499999999,8275.2,31667.904,1.0344,192.00000131435817,194.8374341678309,8233.548758798657,7387.970733535907,0.15784712799638173
2021-09-10,8.024999999999999,39.150000000000006,2.775,1.16,2822.0,17685.0,31407.5,,63.75,12509.0,192.0,5.29,6.62,4.54,166054.0,188.87,38.96,14.76,63.75,7974.4875,8716.800000000001,31882.368,1.0896000000000001,192.00000048352535,194.50402686439847,8539.021803441445,7544.112288281678,0.15957025728018095
2021-09-11,,,,,,,,,,12626.0,192.0,,,,,130.38,90.17,23.04,,,,,,192.00000017787903,194.20979595182027,8651.399056397573,7681.906726709563,
2021-09-12,,,,,,,,,,12420.0,192.0,,,,,49.82,,,,,,,,192.00000006543803,193.95013808282536,8692.740337415455,7803.509891815556,
2021-09-13,,,,,,,,,,12373.0,192.0,,,,,217.8,134.91,26.43,,,,,,192.0000000240733,193.72099081770563,8707.948944773625,7910.824308366078,
2021-09-14,7.98,39.1,2.765,1.0550000000000002,2875.5,17577.0,33269.0,5296.0,61.8,12470.0,192.0,4.18,7.66,5.79,254913.0,192.94,103.54,16.01,61.8,7706.46,11116.800000000001,48943.296,1.3896000000000002,192.0000000088561,193.51876906600174,10230.633219938083,8287.536382371558,0.16359447004608296
2021-09-15,7.97,39.05,2.825,1.12,2805.5,17489.5,31854.0,,61.3,12479.0,192.0,4.32,7.44,5.56,198027.0,163.17,66.16,22.21,61.3,7649.6269999999995,10675.2,38021.184,1.3344,192.00000000325798,193.34030899648783,10511.653021387436,8568.09425302897,0.16041053203350583
2021-09-16,7.97,39.05,2.795,1.105,2900.0,17340.5,32534.5,,60.849999999999994,12468.0,192.0,4.12,7.99,5.79,231049.0,215.77,88.26,15.74,60.849999999999994,7586.777999999999,11116.800000000001,44361.408,1.3896000000000002,192.00000000119854,193.18281853790677,10894.178867681423,8867.575072698508,0.1672385456013379
2021-09-17,7.96,39.05,2.8,1.1,3018.5,17341.5,32558.0,,60.650000000000006,12647.0,192.0,4.25,7.65,5.59,210520.0,186.77,88.84,16.03,60.650000000000006,7670.405500000001,10732.8,40419.84,1.3416,192.00000000044093,193.04383369602235,10792.167967659521,9086.744779032855,0.1740622206844852
2021-09-18,,,,,,,,,,12504.0,192.0,,,,,129.65,56.77,24.42,,,,,,192.00000000016223,192.92118000355313,10754.64025476607,9280.161366013293,
2021-09-19,,,,,,,,,,12612.0,192.0,,,,,,,,,,,,,192.00000000005969,192.8129384998585,10740.834580718383,9450.850904932013,
2021-09-20,,,,,,,,,,12474.0,192.0,,,,,193.9,80.74,49.67,,,,,,192.00000000002194,192.71741570811687,10735.755757064726,9601.483894331375,
2021-09-21,,,,,,,,,,12351.0,192.0,,,,,,,,,,,,,192.00000000000807,192.63311714027867,10733.88736225721,9734.417040903372,
2021-09-22,,,,,,,,,,12192.0,192.0,,,,,55.5,184.53,,,,,,,192.00000000000296,192.55872391526913,10733.200018219533,9851.730131003984,
2021-09-23,8.02,38.75,2.835,1.17,3390.0,17641.0,32905.0,5368.0,60.75,11543.0,192.0,4.13,7.35,5.4,202209.0,300.78,102.82,21.41,60.75,7012.3725,10368.000000000002,38824.128,1.2960000000000003,192.00000000000108,192.49307212462494,10502.349578618403,9912.393439713262,0.19216597698543167
2021-09-24,8.004999999999999,38.75,2.865,1.24,3384.0,17350.5,35433.5,,60.3,11529.0,192.0,4.21,7.49,5.51,213824.0,215.67,65.59,22.86,60.3,6951.986999999999,10579.2,41054.208,1.3224,192.0000000000004,192.4351346227323,10550.92830992835,9990.745275923866,0.19503760698538947
2021-09-25,,,,,,,,,,11704.0,192.0,,,,,211.17,132.97,26.76,,,,,,192.00000000000014,192.38400495676856,10568.799426455469,10059.89052869154,
2021-09-26,,,,,,,,,,11734.0,192.0,,,,,25.22,,,,,,,,192.00000000000006,192.33888318492538,10575.373842816576,10120.91100008744,
2021-09-27,7.99,38.6,2.755,1.18,3158.0,17340.0,33957.0,5054.5,60.55,12253.0,192.0,4.06,7.72,5.88,180051.0,246.27,93.35,28.37,60.55,7419.1915,11289.6,34569.792,1.4112,192.0,192.29906336103465,11026.850880425336,10258.235577492478,0.18212226066897347
2021-09-28,7.99,38.6,2.785,1.2,3349.5,17633.5,32877.0,,60.75,12379.0,192.0,4.12,7.48,5.59,186297.0,192.19,77.44,15.98,60.75,7520.2425,10732.8,35769.024,1.3416,192.0,192.26392248978962,10840.975273566843,10313.998367060265,0.1899509456432359
2021-09-29,7.98,38.6,2.82,1.225,3298.5,17500.5,31874.5,,60.650000000000006,12516.0,192.0,4.16,7.29,5.4,173804.0,138.29,,21.7,60.650000000000006,7590.954000000001,10368.000000000002,33370.368,1.2960000000000003,192.0,192.23291077976174,10541.997879327682,10320.343726196174,0.18848032913345333
2021-09-30,7.99,38.6,2.7800000000000002,1.1749999999999998,3117.5,17468.5,32087.0,,61.1,12336.0,192.0,4.23,7.08,5.25,176135.0,212.4,88.92,15.11,61.1,7537.295999999999,10080.0,33817.92,1.26,192.0,192.2055430417183,10249.95952166946,10292.102593923764,0.178464092509374
2021-10-01,,,,,,,,,,12342.0,192.0,,,,,161.56,181.66,16.32,,,,,,192.0,192.1813910976642,10142.524613853526,10267.17988216788,
2021-10-02,,,,,,,,,,12132.0,192.0,,,,,83.61,54.68,22.61,,,,,,192.0,192.16007708184506,10103.001520003894,10245.185666239304,
2021-10-03,,,,,,,,,,11858.0,192.0,,,,,,,,,,,,,192.0,192.14126752890303,10088.461786325126,10225.775838807558,
2021-10-04,7.99,38.3,2.815,1.1749999999999998,3222.0,17687.0,32835.5,5311.0,61.5,11894.0,192.0,4.39,6.78,4.86,16705.0,240.97,132.42,24.96,61.5,7314.81,9331.2,3207.36,1.1664,192.0,192.1246681566927,9609.781042773777,10120.660406874686,0.1821676937863968
2021-10-05,7.98,38.3,2.85,1.0750000000000002,3220.5,17673.5,38094.0,,61.4,11759.0,192.0,4.46,6.75,4.84,180852.0,164.57,91.32,14.76,61.4,7220.026,9292.8,34723.584,1.1616,192.0,192.11001926213223,9409.410808877557,10023.384244839333,0.18222197074716384
2021-10-06,7.99,38.3,2.855,1.1,3042.0,17747.0,36969.0,,61.05,12066.0,200.0,4.35,6.91,4.98,184437.0,193.98,88.7,22.35,61.05,7366.293,9960.0,36887.4,1.245,197.05696447062846,193.03711643737955,9757.44955605484,10015.936399743376,0.17140925226798895
2021-10-07,8.004999999999999,38.3,2.915,1.25,3025.0,17768.5,38102.0,,61.8,12214.0,200.0,4.5,6.68,4.86,209007.0,162.57,76.49,14.18,61.8,7548.2519999999995,9720.0,41801.4,1.215,198.9173177341071,193.85527682293025,9733.776921753573,9981.162956135566,0.17024509665981935
2021-10-08,8.004999999999999,38.3,2.89,1.145,3192.5,17596.0,37190.0,,61.25,12320.0,200.0,4.45,6.77,4.92,192515.0,164.99,,14.99,61.25,7546.0,9840.0,38503.0,1.23,199.6017034530571,194.57730082899616,9800.922713335194,9964.575871549323,0.18143328029097522
2021-10-09,,,,,,,,,,12303.0,200.0,,,,,134.2,89.04,23.09,,,,,,199.85347488889013,195.21448477794104,9825.624269619255,9949.937820779054,
2021-10-10,,,,,,,,,,12105.0,200.0,,,,,49.08,,,,,,,,199.9460964240073,195.77679763926153,9834.7114643411,9937.019786314417,
2021-10-11,,,,,,,,,,12117.0,200.0,,,,,192.04,136.4,25.79,,,,,,199.98016998258666,196.27303699766034,9838.054456457188,9925.619660911892,
2021-10-12,8.02,38.3,2.85,1.18,3118.0,17486.5,29609.0,5179.5,62.1,11952.0,200.0,4.66,5.91,4.08,189725.0,165.11,103.49,13.97,62.1,7422.192000000001,8160.0,37945.0,1.02,199.99270494427554,196.71096669438785,8777.32173569672,9718.153881897208,0.17830898121407943
2021-10-13,8.030000000000001,38.3,2.77,1.125,2967.0,17532.5,31318.0,,62.4,12010.0,205.0,4.66,5.84,4.0,167489.0,190.63,65.45,21.21,62.4,7494.24,8200.0,34335.245,1.025,203.15791909311957,197.68495378237674,8412.384797504237,9539.766098421065,0.16922857550263795
2021-10-14,8.02,38.25,2.88,1.09,3062.0,17643.5,33591.5,,62.8,12132.0,210.0,4.68,5.56,3.98,176337.0,189.16,89.16,14.04,62.8,7618.896,8357.999999999998,37030.77,1.0447499999999998,207.48293909952702,199.13200985776135,8378.00704891408,9400.904921436073,0.17354833224700314
2021-10-15,8.01,38.25,3.01,1.14,3170.0,17453.5,33688.5,,62.8,12129.0,210.0,4.51,6.12,4.25,180482.0,190.58,135.02,15.69,62.8,7617.012,8925.0,37901.22,1.115625,209.07402504253952,200.40903236215448,8723.772538829793,9344.9846190921,0.18162546194173088
2021-10-16,,,,,,,,,,12063.0,212.0,,,,,133.92,104.13,21.77,,,,,,210.92359396776783,201.77100696164305,8850.972554036356,9295.63512548195,
2021-10-17,,,,,,,,,,12146.0,212.0,,,,,49.88,,,,,,,,211.60401235038887,202.97294532709063,8897.766824547545,9252.084350226873,
2021-10-18,8.0,37.95,2.73,1.09,2964.0,17324.0,38671.5,4987.5,62.45,12556.0,214.0,4.6,5.92,4.3,181862.0,193.31,38.56,23.85,62.45,7841.222000000001,9202.0,38918.468,1.15025,213.1185654024074,204.26865840652647,9090.078869428737,9246.199283943177,0.17109212652966982
2021-10-19,7.994999999999999,37.95,3.11,1.2,3374.5,17215.5,41635.5,,62.150000000000006,13036.0,214.0,4.57,5.79,4.03,175198.0,218.43,91.58,11.22,62.150000000000006,8101.874,8624.2,37492.372,1.078025,213.67573833280846,205.41212118576695,8795.587258139027,9173.11244148969,0.19601521884348408
2021-10-20,7.99,37.95,2.84,1.135,3302.5,17208.5,29873.0,4722.5,62.0,13162.0,216.0,4.51,6.27,4.51,181947.0,187.25,136.06,22.42,62.0,8160.44,9741.6,39300.552,1.2177,215.14495191673737,206.65622974149827,9393.581361183122,9239.911490456772,0.19191097422785253
2021-10-21,7.98,37.95,2.7750000000000004,1.16,3378.5,17036.0,33313.0,,61.95,13349.0,216.0,4.46,6.22,4.47,177683.0,186.8,102.31,13.34,61.95,8269.7055,9655.2,38379.528,1.2069,215.68544538895463,207.75415168841016,9558.955881352014,9288.709176649128,0.19831533223761447
2021-10-22,7.984999999999999,38.0,2.7800000000000002,1.1549999999999998,3489.0,17227.0,34020.0,,61.650000000000006,13374.0,220.0,4.58,6.28,4.52,180275.0,161.39,19.26,14.24,61.650000000000006,8245.071000000002,9943.999999999998,39660.5,1.2429999999999999,218.41276406078498,209.19307679550116,9802.350184805427,9365.707878100746,0.20253091077959018
2021-10-23,,,,,,,,,,13312.0,220.0,,,,,159.22,91.18,21.35,,,,,,219.41608852967437,210.4629237455602,9891.889945144181,9433.658993634834,
2021-10-24,,,,,,,,,,13515.0,220.0,,,,,24.05,,,,,,,,219.785190974603,211.5835597457438,9924.829782140227,9493.625642620835,
2021-10-25,8.045,38.0,2.995,1.15,3506.0,17533.0,33122.5,4787.0,61.2,13798.0,220.0,4.31,6.71,4.87,199734.0,192.82,135.1,25.17,61.2,8444.376,10714.0,43941.48,1.33925,219.92097617577838,212.5725175448306,10423.6805012646,9637.023409619222,0.19996577881708777
2021-10-26,8.035,38.0,3.0300000000000002,1.21,3618.5,17262.5,34825.5,,61.25,13961.0,220.0,4.38,6.65,4.74,189305.0,190.24,123.51,10.82,61.25,8551.1125,10427.999999999998,41647.1,1.3034999999999999,219.9709287597061,213.44526973931158,10426.410945219079,9729.96560897204,0.20961622013034034
2021-10-27,7.985,38.0,3.035,1.2650000000000001,3832.5,16989.0,41338.0,,60.4,14154.0,240.0,4.33,6.6,4.79,194823.0,160.43,,22.53,60.4,8549.016,11495.999999999998,46757.52,1.4369999999999998,232.63171646493768,216.56553279597304,11102.520176244103,9937.480120059952,0.22558714462299134
2021-10-28,7.975,38.0,2.765,1.05,3655.0,17116.0,39236.5,,60.8,14116.0,220.0,4.27,6.7,5.02,183913.0,186.95,88.99,14.54,60.8,8582.527999999998,11043.999999999998,40460.86,1.3804999999999998,224.64694879415737,216.96909333041782,11065.528369733935,10067.49963330463,0.21354288385136713
2021-10-29,7.965,38.0,2.8600000000000003,1.085,3509.0,17175.5,38506.0,,61.150000000000006,14009.0,220.0,4.41,6.58,4.77,179617.0,188.44,89.18,14.71,61.150000000000006,8566.5035,10493.999999999998,39515.74,1.3117499999999997,221.70951692554692,217.32523425207074,10704.253537271343,10117.61474744014,0.2043026403889261
2021-10-30,,,,,,,,,,13920.0,220.0,,,,,108.12,57.79,21.62,,,,,,220.62889613124332,217.63952751231307,10571.3479537957,10161.841180437403,
2021-10-31,,,,,,,,,,13748.0,220.0,,,,,24.96,,,,,,,,220.23135795731667,217.9168903409801,10522.454722018116,10200.870870569852,
2021-11-01,,,,,,,,,,13713.0,218.0,,,,,216.9,106.89,24.89,,,,,,218.82087071839112,217.92665598334008,10504.467907234712,10235.314451220576,
2021-11-02,8.05,38.1,2.8449999999999998,1.35,3680.0,16820.5,32055.5,5386.5,61.2,13784.0,216.0,4.31,7.09,5.47,196932.0,188.52,89.24,10.37,61.2,8435.808,11815.199999999999,42537.312,1.4768999999999999,217.0377403434986,217.7002679376437,11333.00861018803,10420.955896763995,0.21878065455842574
2021-11-03,,,,,,,,,,13583.0,210.0,,,,,162.89,158.25,23.21,,,,,,212.589039984676,216.79546260404203,11637.81170097829,10584.783897447389,
2021-11-04,7.99,38.05,2.9749999999999996,1.3250000000000002,3717.5,16749.5,30580.0,,61.8,13740.0,187.0,4.15,7.3,5.45,184490.0,183.99,77.36,15.12,61.8,8491.32,10191.5,34499.63,1.2739375,196.41368172967628,213.29440345914225,10723.56834031561,10538.571821333719,0.22194692378876982
2021-11-05,8.0,38.05,2.925,1.27,3514.0,17023.0,32927.0,,61.45,9961.0,162.0,4.21,7.19,5.31,188248.0,213.0,,15.05,61.45,6121.034500000001,8602.2,30496.176,1.075275,174.6600860033652,207.26715217261759,9382.607799554098,10311.042134579098,0.2064265993068202
2021-11-06,,,,,,,,,,10697.0,168.0,,,,,77.35,128.89,21.58,,,,,,170.4501087170717,202.65314016565299,8889.295985185798,10110.247890772103,
2021-11-07,,,,,,,,,,10698.0,180.0,,,,,27.66,,,,,,,,176.48679133158834,199.99132603000345,8707.816710592717,9933.047592555615,
2021-11-08,8.035,38.0,2.895,1.225,3063.5,16661.5,32235.0,,61.150000000000006,11948.0,192.0,4.32,7.14,5.24,179451.0,213.29,88.04,24.51,61.150000000000006,7306.202000000001,10060.800000000001,34454.592,1.2576,186.29300946428873,199.05232046902168,9563.06526357855,9948.058896132603,0.1838669987696186
2021-11-09,8.0,38.0,2.785,1.3,3384.0,16860.0,32477.0,,61.25,12145.0,192.0,4.31,6.81,5.09,183462.0,188.57,77.25,10.57,61.25,7438.8125,9772.8,35224.704,1.2216,189.90051551095183,198.22365096994557,9695.642902371037,9927.465432987417,0.200711743772242
2021-11-10,,,,,,,,,,12241.0,196.0,,,,,155.39,46.91,22.81,,,,,,193.7561250547351,197.9623650934062,9744.415490041845,9909.291765548302,
2021-11-11,7.99,38.0,2.8150000000000004,1.2,3334.0,16776.0,35401.0,,61.150000000000006,12438.0,200.0,4.18,6.84,5.11,184682.0,179.93,88.44,14.76,61.150000000000006,7605.837,10220.0,36936.4,1.2775,197.70300677439155,198.2017935063327,10045.0422362468,9945.800945488847,0.19873628993800668
2021-11-12,7.995,38.05,2.705,1.09,3087.5,16700.0,32064.5,,61.25,12373.0,200.0,4.13,6.63,4.79,177504.0,187.19,133.65,14.43,61.25,7578.4625,9580.0,35500.8,1.1975,199.1549834157886,198.4130883391311,9751.07947799159,9902.818201356424,0.18488023952095808
2021-11-13,,,,,,,,,,12609.0,204.0,,,,,128.3,103.93,21.17,,,,,,202.21761800653394,199.06956776426944,9642.936622759447,9864.886062794974,
2021-11-14,,,,,,,,,,12906.0,204.0,,,,,24.08,,,,,,,,203.3442983082897,199.64890882356454,9603.153089609963,9831.411068006084,
2021-11-15,7.9350000000000005,38.05,2.83,1.165,3301.5,16660.5,34906.0,,60.849999999999994,13231.0,204.0,4.14,7.38,5.31,211512.0,214.07,39.06,25.7,60.849999999999994,8051.0635,10832.4,43148.448,1.35405,203.75878082807844,200.16017551393256,10380.18533354399,9949.030367993906,0.19816332042855855
2021-11-16,,,,,,,,,,12962.0,204.0,,,,,162.19,89.08,11.35,,,,,,203.9112604258337,200.611366784577,10666.039521214632,10052.829035917328,
2021-11-17,7.945,38.0,2.9,1.25,3538.0,16393.5,34975.5,,61.150000000000006,13052.0,204.0,4.0,6.92,5.06,189440.0,186.43,135.37,23.98,61.150000000000006,7981.298000000001,10322.4,38645.76,1.2903,203.9673545350459,201.00954168339393,10448.817915028862,10084.504459170299,0.21581724463964377
2021-11-18,7.960000000000001,38.3,2.79,1.255,3473.0,16486.5,31215.0,,61.1,12916.0,204.0,4.21,6.84,5.19,175939.0,153.55,126.79,13.62,61.1,7891.6759999999995,10587.6,35891.556,1.32345,203.9879904045959,201.3609297982868,10536.54492413621,10143.619743513667,0.21065720437934068
2021-11-19,7.970000000000001,38.650000000000006,2.785,1.2,3280.0,16599.0,32885.0,,60.9,12780.0,204.0,4.26,6.76,4.98,71537.0,212.78,19.65,15.17,60.9,7783.02,10159.2,14593.548,1.2699,203.99558191675405,201.6710287212848,10298.017439820109,10145.450471909338,0.1976022651966986
2021-11-20,,,,,,,,,,12716.0,204.0,,,,,131.51,89.28,22.91,,,,,,203.99837467800444,201.94469006032537,10210.268082185872,10147.066084047992,
2021-11-21,,,,,,,,,,12906.0,204.0,,,,,23.95,,,,,,,,203.99940207745254,202.18619534438582,10177.986897536237,10148.49185675613,
2021-11-22,7.9399999999999995,38.1,2.71,1.03,3141.0,16472.5,30905.5,4876.0,61.05,12843.0,204.0,4.05,6.81,5.0,185516.0,216.06,161.22,27.28,61.05,7840.651499999999,10200.0,37845.264,1.275,203.99978003658737,202.39932300952697,10191.901832167181,10154.544223129402,0.1906814387615723
2021-11-23,,,,,,,,,,12837.0,210.0,,,,,211.66,78.02,13.23,,,,,,207.79264243295404,203.29242609836155,10197.020850543151,10159.88541770712,
2021-11-24,7.975,38.1,2.7750000000000004,1.065,2963.5,16609.5,33676.5,,61.1,13520.0,216.0,4.08,6.92,5.11,179101.0,128.58,,24.8,61.1,8260.72,11037.599999999999,38685.816,1.3797,212.98068188474093,204.7856053924392,10728.368212237447,10263.019599773203,0.17842198741683976
2021-11-25,7.96,38.1,2.765,1.25,3483.0,16647.0,34274.0,,60.849999999999994,13627.0,216.0,4.08,7.14,5.41,184689.0,185.34,89.05,16.75,60.849999999999994,8292.029499999999,11685.599999999999,39892.824,1.4606999999999999,214.8892549390397,206.1033314944662,11333.45410484637,10430.177203122297,0.20922688772751846
2021-11-26,7.970000000000001,38.0,2.75,1.21,3371.0,16983.5,34126.0,,61.05,13457.0,216.0,4.21,6.83,5.02,178408.0,184.8,89.19,16.82,61.05,8215.4985,10843.199999999999,38536.128,1.3554,215.59137972768997,207.2662206979599,11023.554406122887,10478.708661058601,0.19848676656755085
2021-11-27,,,,,,,,,,13939.0,220.0,,,,,158.58,103.11,24.19,,,,,,218.37815923788548,208.7624792077538,10909.548678137295,10521.537522365303,
2021-11-28,,,,,,,,,,13723.0,220.0,,,,,,,,,,,,,219.40335812676426,210.08292270811273,10867.60831463561,10559.333859809693,
2021-11-29,7.970000000000001,38.0,2.715,1.03,2918.5,17047.0,31818.0,,61.3,13876.0,224.0,4.22,7.21,5.25,198972.0,214.42,130.81,28.62,61.3,8505.988,11760.0,44569.728,1.47,222.3089899564088,211.71822239687907,11431.707445482107,10700.415850243853,0.17120314424825483
2021-11-30,7.995,38.0,2.74,1.23,3531.0,17106.0,35803.0,,61.1,14152.0,224.0,4.24,7.07,5.09,188406.0,162.52,91.15,19.98,61.1,8646.872000000001,11401.599999999999,42202.944,1.4251999999999998,223.3779121701484,213.16136930701293,11412.675910219055,10782.807159698787,0.20641880042090494
2021-12-01,8.004999999999999,38.0,2.625,1.18,3350.0,17324.5,38264.5,,61.8,13740.0,224.0,4.19,7.03,5.15,194166.0,208.26,135.2,23.14,61.8,8491.32,11536.000000000002,43493.184,1.4420000000000002,223.77114667679464,214.4349419851806,11490.631602768412,10871.309651385285,0.1933677739617305
2021-12-02,7.98,38.0,2.74,1.065,3187.5,17131.5,33524.0,,61.55,13607.0,224.0,4.2,7.01,5.22,183234.0,183.46,38.41,13.41,61.55,8375.1085,11692.8,41044.416,1.4616,223.91580956734902,215.5588659288799,11618.426403003916,10967.837311844374,0.18606076525698276
2021-12-03,7.995,38.05,2.75,1.08,3331.5,17150.0,35136.0,,61.4,13835.0,224.0,4.18,6.95,5.12,181206.0,186.99,36.74,14.41,61.4,8494.69,11468.800000000001,40590.144,1.4336000000000002,223.96902807068437,216.5507253279352,11523.844477521574,11026.701979392208,0.19425655976676384
2021-12-04,,,,,,,,,,14052.0,228.0,,,,,185.27,178.25,22.55,,,,,,226.5170882992656,217.89605056506252,11489.04973163021,11078.649866174843,
2021-12-05,,,,,,,,,,14060.0,228.0,,,,,28.74,,,,,,,,227.45446727222725,219.08329591979629,11476.249459955994,11124.493715356333,
2021-12-06,7.970000000000001,38.0,2.73,1.1549999999999998,3347.0,17040.5,35533.5,4986.5,60.8,14247.0,228.0,4.06,7.29,5.37,192062.0,216.15,91.43,28.18,60.8,8662.176,12243.6,43790.136,1.53045,227.79930972496624,220.1310362679568,11961.307512146006,11255.992170139009,0.19641442445937618
2021-12-07,7.98,38.0,2.76,1.11,3390.0,17060.0,33610.0,,61.05,14164.0,228.0,4.1,7.16,5.21,189665.0,183.2,76.89,14.82,61.05,8647.122,11878.799999999997,43243.62,1.4848499999999998,227.92617017377205,221.05566387992138,11909.152817460716,11329.174019242242,0.19871043376318875
2021-12-08,,,,,,,,,,14328.0,228.0,,,,,217.58,,21.21,,,,,,227.97283952478546,221.8716448835243,11889.966177525424,11393.756774401258,
2021-12-09,7.949999999999999,38.0,2.835,1.0550000000000002,3248.0,16969.0,32790.0,,60.45,15012.0,228.0,3.99,7.6,5.76,188198.0,183.51,131.12,14.01,60.45,9074.754,13132.8,42909.144,1.6416,227.9900082195561,222.59174559177177,12675.586987919087,11598.099739948386,0.19140786139430727
2021-12-10,7.925000000000001,37.9,2.76,1.08,3408.5,16760.0,38788.5,,60.75,15088.0,228.0,4.01,7.61,5.71,217986.0,160.36,180.68,14.35,60.75,9165.96,13018.8,49700.808,1.6273499999999999,227.996324229394,223.2272322363491,12892.538988912907,11765.03642100332,0.2033711217183771
2021-12-11,,,,,,,,,61.150000000000006,15026.0,228.0,,,,,133.12,52.99,20.97,61.150000000000006,9188.399000000001,,,,227.9986477595636,223.78804723182247,12972.351169799538,11912.357524962054,
2021-12-12,,,,,,,,,,14964.0,224.0,,,,,,,,,,,,,225.4710203032297,223.8129523385891,13001.712430302787,12042.367942890978,
2021-12-13,7.93,38.05,2.755,1.03,3090.5,16542.0,35697.0,5192.0,61.349999999999994,15285.0,224.0,4.11,7.54,5.81,193566.0,214.53,39.12,24.9,61.349999999999994,9377.347499999998,13014.399999999998,43358.784,1.6267999999999998,224.54115812710398,223.8349310181692,13009.732503949963,12156.584720388357,0.18682746947164794
2021-12-14,7.93,38.0,2.7800000000000002,1.1099999999999999,3289.0,16393.0,32673.0,,61.1,15517.0,220.0,4.16,7.91,5.98,192534.0,159.1,89.01,10.91,61.1,9480.887,13156.0,42357.48,1.6445,221.67059871407017,223.38431474515988,13102.191195291565,12274.019111347006,0.2006344171292625
2021-12-15,7.9399999999999995,38.0,2.71,1.14,3341.0,16461.5,32877.0,,61.3,14888.0,220.0,4.19,7.63,5.63,177827.0,188.7,181.61,22.01,61.3,9126.344,12386.0,39121.94,1.54825,220.61457892135388,222.986647279975,12649.472016695769,12287.177212615063,0.20295841812714516
2021-12-16,,,,,,,,,,14421.0,220.0,,,,,182.37,125.64,12.42,,,,,,220.22609095014343,222.63570697369062,12482.925938266351,12298.789196228017,
2021-12-17,7.87,38.05,2.77,1.21,3481.0,16314.0,35880.0,,61.5,14170.0,220.0,3.99,7.6,5.77,180704.0,184.99,,12.86,61.5,8714.55,12693.999999999998,39754.88,1.5867499999999999,220.0831742123927,222.3260032404026,12616.350192123638,12345.227689803258,0.21337501532426137
2021-12-18,,,,,,,,,,14185.0,220.0,,,,,98.78,174.74,17.64,,,,,,220.0305980827749,222.052690655057,12665.434232071373,12386.209516544102,
2021-12-19,,,,,,,,,,14180.0,220.0,,,,,212.78,19.65,15.17,,,,,,220.01125640559215,221.81149314505217,12683.491241257783,12422.375851705154,
2021-12-20,7.775,38.0,2.9299999999999997,1.18,3728.5,16118.5,32204.5,4536.0,60.95,13591.0,220.0,3.88,7.44,5.38,192536.0,213.96,41.5,22.04,60.95,8283.7145,11835.999999999998,42357.92,1.4794999999999998,220.00414100019884,221.59863708956175,12147.774604231603,12353.474872880202,0.23131805068709868
2021-12-21,7.78,38.0,2.895,1.2149999999999999,3845.5,16260.5,31585.0,,61.2,13868.0,216.0,3.96,7.76,5.78,178799.0,178.78,77.83,10.38,61.2,8487.216,12484.8,38620.584,1.5606,217.4730411535248,220.94077989023347,12360.815285744138,12368.90598208525,0.23649334276313766
2021-12-22,7.76,37.95,2.755,1.03,3426.0,16013.5,32200.0,,61.45,14102.0,216.0,4.05,8.03,6.02,193161.0,107.12,96.24,22.77,61.45,8665.679,13003.199999999999,41722.776,1.6254,216.54190155638122,220.3602229494833,12766.879870302477,12443.437493862295,0.213944484341337
2021-12-23,7.79,37.95,2.69,1.07,3584.0,16298.0,33257.0,,61.25,14137.0,216.0,4.15,7.84,6.02,169981.0,182.77,65.8,11.87,61.25,8658.9125,13003.199999999999,36715.896,1.6254,216.19935444173143,219.84788324749726,12916.262682749311,12509.211322150484,0.2199042827340778
2021-12-24,,,,,,,,,,14514.0,216.0,,,,,126.48,65.64,13.89,,,,,,216.0733384006192,219.39574504742347,12971.21754831287,12567.256521885942,
2021-12-25,,,,,,,,,,13339.0,216.0,,,,,97.49,104.44,21.15,,,,,,216.0269796898362,218.9967344863182,12991.434313546044,12618.481230862388,
2021-12-26,,,,,,,,,,12637.0,216.0,,,,,,,,,,,,,216.0099252732199,218.64460890204424,12998.871645842319,12663.686877869899,
2021-12-27,7.9,38.0,2.685,1.08,3162.0,16563.5,31258.5,5163.0,63.25,12246.0,204.0,4.49,7.13,5.34,180337.0,130.18,131.1,18.17,63.25,7745.595,10893.599999999999,36788.748,1.3617,208.41820459802292,216.92382199561683,11668.086156586553,12455.696187025822,0.190901681407915
2021-12-28,7.875,38.0,2.73,1.31,3064.0,16786.5,34853.0,,63.0,11439.0,192.0,4.54,6.89,5.23,156405.0,107.48,113.18,11.14,63.0,7206.57,10041.6,30029.76,1.2552,198.0399199325591,213.99519571170165,10639.95081835815,12172.032407591569,0.1825276263664254
2021-12-29,7.875,38.0,2.71,1.09,2900.0,17026.0,33540.0,,62.75,10804.0,184.0,4.4,7.03,5.21,169150.0,213.65,91.56,19.01,62.75,6779.51,9586.4,31123.6,1.1983,189.16499789888164,210.47066730799543,9973.979686303312,11868.21259092191,0.17032773405380008
2021-12-30,7.865,38.0,2.5149999999999997,0.9299999999999999,2742.0,16858.0,31926.5,,62.9,11618.0,192.0,4.27,7.5,5.51,164450.0,180.24,126.13,10.33,62.9,7307.722,10579.2,31574.4,1.3224,190.95706101132072,208.3003066879765,10356.551889211658,11716.749618881131,0.16265274647051844
2021-12-31,,,,,,,,,,12164.0,192.0,,,,,128.79,,12.09,,,,,,191.61632418766874,206.38497016331823,10497.292337425308,11583.084015198885,
2022-01-01,,,,,,,,,,11798.0,180.0,,,,,50.87,62.3,18.38,,,,,,184.2734068506259,203.28465444391531,10549.067854864363,11465.124533967202,
2022-01-02,,,,,,,,,,13249.0,192.0,,,,,,,,,,,,,189.15754523004915,201.95867259349274,10568.115003286206,11361.025657149758,
2022-01-03,7.91,38.0,2.71,1.24,2581.5,17217.5,32576.5,4580.0,63.150000000000006,11299.0,192.0,4.69,6.6,5.0,150802.0,136.75,113.41,20.83,63.150000000000006,7135.318500000001,9600.0,28953.984,1.2,190.95431932767536,200.78849771761142,9956.149606398618,11154.099687806663,0.14993465950341223
2022-01-04,7.895,38.0,2.785,1.07,2577.0,17207.0,35989.0,,63.349999999999994,11325.0,192.0,4.44,7.54,5.65,193239.0,176.61,124.38,13.17,63.349999999999994,7174.387499999999,10848.000000000002,37101.888,1.3560000000000003,191.61531557862145,199.75582201416387,10519.906575593393,11118.132026371492,0.14976463067356308
2022-01-05,7.875,38.0,2.705,1.225,2704.0,17091.5,30451.5,,63.25,11336.0,192.0,4.56,7.16,5.49,154239.0,227.37,92.84,19.86,63.25,7170.02,10540.8,29613.888,1.3175999999999999,191.8584825100359,198.844488904497,10533.113738705139,11050.293725035728,0.15820729602433958
2022-01-06,7.85,38.0,2.665,1.13,2563.5,16909.0,32855.0,,63.7,10443.0,185.0,4.75,6.57,4.78,145332.0,180.76,109.81,10.36,63.7,6652.191,8843.0,26886.42,1.105375,187.52309471307615,197.21771857608542,9464.758097711023,10790.929875438444,0.1516056537938376
2022-01-07,7.855,38.0,2.6950000000000003,1.15,2688.5,17161.5,31952.0,,63.55,8988.0,176.0,4.68,6.15,4.45,141950.0,182.66,90.27,10.7,63.55,5711.874,7832.000000000001,24983.2,0.9790000000000001,180.23910964361207,194.724570923307,8432.658136554079,10443.246450039449,0.15665880022142586
2022-01-08,,,,,,,,,,7995.0,168.0,,,,,101.23,57.54,17.77,,,,,,172.502516816128,191.58435106272074,8052.969779610595,10136.416904044832,
2022-01-09,,,,,,,,,,8172.0,164.0,,,,,,,,,,,,,167.12790113486795,188.34310437265714,7913.290239038923,9865.640780083148,
2022-01-10,7.865,38.0,2.615,1.085,2534.0,17433.5,32251.0,,64.15,8202.0,160.0,4.91,6.35,4.54,133665.0,206.97,39.15,21.89,64.15,5261.5830000000005,7263.999999999999,21386.4,0.9079999999999999,162.6222082862205,185.01270181850182,7502.86053029571,9559.939930061148,0.14535233888777355
2022-01-11,7.895,38.0,2.705,1.11,2532.0,17741.5,32006.0,,64.4,8270.0,160.0,5.08,6.33,4.55,131080.0,179.4,91.17,10.0,64.4,5325.88,7280.0,20972.8,0.91,160.96465651896992,182.07363188009992,7361.985807344357,9292.039926357902,0.1427162303074712
2022-01-12,7.915,38.0,2.665,1.08,2469.0,17732.0,30971.5,,64.35,8844.0,156.0,4.99,6.51,4.69,142709.0,212.5,195.23,20.15,64.35,5691.113999999999,7316.400000000001,22262.604,0.9145500000000001,157.82639506580682,179.00989937331914,7333.170081331192,9059.896115633306,0.13923979246559892
2022-01-13,7.965,38.0,2.81,1.15,2672.0,17906.0,27226.5,,64.15,8641.0,152.0,4.69,6.5,4.85,149287.0,184.27,75.73,9.76,64.15,5543.2015,7371.999999999999,22691.624,0.9214999999999999,154.14341096085306,175.83615253607573,7357.715271219386,8861.563093930963,0.14922372389143304
2022-01-14,7.95,38.0,2.775,1.12,2550.0,17854.0,30098.5,,63.75,9549.0,152.0,4.56,6.71,4.98,153026.0,184.78,69.42,10.94,63.75,6087.4875,7569.6,23259.952,0.9462,152.78851682647937,173.03533078262078,7491.651964383425,8709.753428647686,0.14282513722415144
2022-01-15,,,,,,,,,,9675.0,152.0,,,,,154.36,41.63,19.68,,,,,,152.29007912947952,170.5636142605052,7540.924520216963,8575.781869252789,
2022-01-16,,,,,,,,,,9207.0,152.0,,,,,,,,,,,,,152.1067141480484,168.38233208567107,7559.050880522094,8457.552383052365,
2022-01-17,7.9,38.05,2.73,0.99,2517.0,17794.5,31880.0,,63.25,9378.0,152.0,4.6,6.72,4.97,145832.0,180.48,157.93,21.17,63.25,5931.585,7554.4,22166.464,0.9442999999999999,152.03925794114915,166.45735732271694,7556.110963327423,8351.429180605608,0.1414482002866054
2022-01-18,7.915,38.05,2.66,1.03,2571.0,17881.5,26659.0,,62.849999999999994,10051.0,152.0,4.3,7.43,5.68,171437.0,235.87,170.6,8.59,62.849999999999994,6317.0535,8633.6,26058.424,1.0792,152.0144421894515,164.75857305685642,8237.213935320537,8384.585125884692,0.1437798842378995
2022-01-19,7.895,38.0,2.61,1.18,2628.0,17453.5,29787.0,,62.55,9592.0,152.0,4.42,7.11,5.31,140792.0,184.97,,18.36,62.55,5999.795999999999,8071.199999999999,21400.384,1.0089,152.00531298458472,163.25940120407506,8132.27311375239,8347.761402909324,0.15057151860658322
2022-01-20,7.89,38.0,2.62,1.1400000000000001,2565.5,17544.5,26849.5,,62.55,9429.0,152.0,4.34,7.11,5.34,148749.0,158.22,65.41,11.7,62.55,5897.839499999999,8116.799999999999,22609.848,1.0146,152.00195453779997,161.9363866875535,8122.492240440411,8320.622722684071,0.14622816267206246
2022-01-21,7.9,38.0,2.675,1.125,2590.5,17736.0,27077.5,,62.349999999999994,8467.0,148.0,4.41,7.28,5.45,156803.0,185.03,180.17,12.66,62.349999999999994,5279.174499999999,8066.000000000001,23206.844,1.00825,149.4722367989594,160.29881808498715,8086.782333843742,8290.70376409635,0.14605886332882273
2022-01-22,,,,,,,,,,7542.0,148.0,,,,,171.67,53.53,18.68,,,,,,148.5416056508732,158.85366886545256,8073.645393360675,8264.300375814128,
2022-01-23,,,,,,,,,,6822.0,148.0,,,,,,,,,,,,,148.19924558417853,157.57832915544074,8068.812583037063,8240.999467437328,
2022-01-24,7.92,38.0,2.495,1.18,2492.0,17892.0,25145.0,,63.25,6491.0,148.0,5.05,5.44,3.91,117353.0,161.32,39.12,23.33,63.25,4105.5575,5786.8,17368.244,0.72335,148.07329835416348,156.45284581161218,6626.3055137938745,7952.6234283382055,0.13928012519561817
2022-01-25,7.9,38.0,2.545,1.13,2574.0,17979.0,34116.0,,63.45,6526.0,156.0,5.08,5.41,3.8,116098.0,257.93,90.91,10.11,63.45,4140.747,5928.0,18111.288,0.741,153.0839294281969,156.39963502609615,6184.892242181428,7714.723904408671,0.14316702819956617
2022-01-26,7.93,38.0,2.5549999999999997,1.06,2452.5,18178.0,32421.0,,63.25,7158.0,160.0,4.82,5.66,4.06,132705.0,185.34,138.14,18.85,63.25,4527.435,6495.999999999999,21232.8,0.8119999999999998,157.45571982294283,156.82268906235578,6381.549851909604,7571.520070746456,0.1349158323247882
2022-01-27,,,,,,,,,,7413.0,160.0,,,,,211.6,129.45,14.23,,,,,,159.06401163028062,157.1960329389808,6453.896143478516,7445.143131101313,
2022-01-28,,,,,,,,,,7588.0,160.0,,,,,185.03,78.0,13.8,,,,,,159.65566912160466,157.52550775370133,6480.510856791714,7333.615873306353,
2022-01-29,,,,,,,,,,7197.0,160.0,,,,,153.56,83.43,20.73,,,,,,159.87332774887784,157.81626825717183,6490.301862652312,7235.193413748548,
2022-01-30,,,,,,,,,,6984.0,160.0,,,,,,,,,,,,,159.95339988304525,158.07286350087847,6493.903772416814,7148.335898044027,
2022-01-31,,,,,,,,,,7290.0,164.0,,,,,129.79,,44.3,,,,,,162.5113390103304,158.76932039832914,6495.22884096813,7071.684409468595,
2022-02-01,,,,,,,,,,7228.0,164.0,,,,,,,,,,,,,163.4523522270266,159.38394145311304,6495.716306446301,7004.039708222277,
2022-02-02,,,,,,,,,,7493.0,164.0,,,,,80.67,,,,,,,,163.79853164331976,159.9263426302231,6495.895634974001,6944.3434688961415,
2022-02-03,7.895,38.0,2.705,1.065,2606.0,18049.0,26745.0,,63.0,7579.0,164.0,4.59,6.24,4.46,253392.0,212.25,65.18,20.51,63.0,4774.77,7314.399999999999,41556.288,0.9142999999999999,163.92588393353074,160.405009988981,7013.289071597848,6987.826257519644,0.14438473045598094
2022-02-04,7.905,38.0,2.83,1.165,2691.0,17892.0,31874.0,,62.8,7836.0,168.0,4.56,6.13,4.51,140585.0,185.27,181.61,14.81,62.8,4921.008,7576.799999999999,23618.28,0.9470999999999999,166.50121645819968,161.29744484011476,7369.495914565416,7057.032496557428,0.15040241448692154
2022-02-05,,,,,,,,,,8320.0,172.0,,,,,51.4,57.25,19.67,,,,,,169.97711058351976,162.5550282216605,7500.537088897769,7118.106788147802,
2022-02-06,,,,,,,,,,8609.0,176.0,,,,,,,,,,,,,173.78430280722785,164.13485405027808,7548.744442881603,7172.004661303856,
2022-02-07,7.905,38.0,2.5700000000000003,0.99,2467.5,18089.5,29410.0,4761.0,62.25,9060.0,180.0,4.48,6.56,4.8,156719.0,162.6,39.01,20.93,62.25,5639.85,8640.0,28209.42,1.08,177.71337279023209,165.99905784031787,8238.549515472052,7344.4986605920285,0.1364050968794052
2022-02-08,7.895,38.0,2.5149999999999997,1.1,2633.5,18031.0,32677.0,,62.05,9215.0,180.0,4.52,6.45,4.6,167737.0,157.43,89.64,10.92,62.05,5717.9075,8280.0,30192.66,1.035,179.1587968599032,167.64421191081445,8264.751218915573,7454.422965608725,0.14605401807997337
2022-02-09,7.885,38.0,2.5599999999999996,1.1099999999999999,2629.0,17944.5,33509.0,,62.150000000000006,9624.0,180.0,4.46,6.52,4.71,159550.0,80.28,205.33,21.27,62.150000000000006,5981.316000000001,8478.0,28719.0,1.05975,179.69053865890953,169.09605528230213,8399.55015758417,7574.696437592974,0.1465072863551506
2022-02-10,7.905,38.0,2.665,1.09,2734.0,18141.5,32458.5,,61.849999999999994,9285.0,180.0,4.42,6.47,4.8,149523.0,106.05,77.13,11.61,61.849999999999994,5742.7725,8640.0,26914.14,1.08,179.88615553477547,170.37730256067798,8551.543446342303,7699.872905863464,0.15070418653363835
2022-02-11,7.915,38.0,2.65,1.085,2667.0,18281.5,33291.5,,61.95,9064.0,180.0,4.38,6.51,4.72,153082.0,129.85,,12.24,61.95,5615.148,8495.999999999998,27554.76,1.0619999999999998,179.95811896175275,171.5079993152896,8516.43329200114,7793.420305360832,0.14588518447610974
2022-02-12,,,,,,,,,,9232.0,180.0,,,,,52.57,88.2,21.53,,,,,,179.98459282705392,172.5058356989968,8503.516988042671,7875.975595662102,
2022-02-13,,,,,,,,,,8828.0,180.0,,,,,,,,,,,,,179.99433201782657,173.38642321690463,8498.765345360429,7948.830383644946,
2022-02-14,7.895,38.0,2.5700000000000003,0.915,2576.5,17970.5,27012.5,4741.0,61.75,8734.0,180.0,4.43,6.23,4.64,131237.0,109.19,133.68,21.88,61.75,5393.245,8351.999999999998,23622.66,1.0439999999999998,179.9979148658855,174.16353897391295,8405.991953234527,7996.2040623504445,0.1433738627194569
2022-02-15,7.915,38.0,2.59,1.07,2461.5,18051.0,31371.0,,62.150000000000006,8249.0,180.0,4.59,5.97,4.36,132075.0,158.59,83.51,11.01,62.150000000000006,5126.753500000001,7848.000000000001,23773.5,0.9810000000000001,179.9992329220272,174.84934122242248,8053.273767934079,7978.789625974721,0.13636363636363635
2022-02-16,7.9350000000000005,38.0,2.79,1.0750000000000002,2487.5,18156.0,32415.0,,62.349999999999994,8497.0,177.0,4.46,5.99,4.45,129206.0,52.86,38.74,19.63,62.349999999999994,5297.879499999999,7876.5,22869.462,0.9845625,178.10335613129837,175.10205029027145,7941.531434961359,7966.770278089229,0.13700705001101565
2022-02-17,7.985,38.0,2.63,0.935,2404.0,18233.0,30214.0,,62.8,8536.0,180.0,4.54,6.21,4.47,101747.0,105.67,65.26,8.71,62.8,5360.607999999999,8045.999999999999,18314.46,1.00575,179.3022637134808,175.67757455214945,8007.568162673602,7976.080015821106,0.13184884549991774
2022-02-18,7.975,38.0,2.645,1.1549999999999998,2381.5,17861.0,27554.5,,62.650000000000006,8274.0,180.0,4.76,5.9,4.47,106129.0,79.64,134.6,12.1,62.650000000000006,5183.661,8045.999999999999,19103.22,1.00575,179.74331716483027,176.18547293061906,8031.861717161172,7984.295830533361,0.13333519959688708
2022-02-19,,,,,,,,,,8167.0,180.0,,,,,77.39,104.31,18.06,,,,,,179.90557166203945,176.63369167644623,8040.798816410128,7991.546261569136,
2022-02-20,,,,,,,,,,7624.0,180.0,,,,,,,,,,,,,179.96526175580033,177.02924333131907,8044.086591487527,7997.94474450061,
2022-02-21,8.04,38.0,2.5949999999999998,1.08,2354.0,18070.0,24396.0,,63.2,8013.0,180.0,4.87,6.11,4.32,109222.0,82.33,84.99,21.55,63.2,5064.216,7776.0,19659.96,0.972,179.98722051413654,177.37831644155656,7874.623545461988,7971.865549566717,0.1302711676812396
2022-02-22,8.02,38.0,2.4299999999999997,0.965,2422.0,18474.0,29400.0,,63.2,8298.0,180.0,4.82,6.2,4.37,93696.0,158.06,114.93,10.19,63.2,5244.335999999999,7866.000000000001,16865.28,0.9832500000000001,179.99529868988208,177.68637238011672,7869.172425085473,7959.426019583044,0.1311031720255494
2022-02-23,8.004999999999999,38.0,2.525,1.115,2407.5,18209.0,25094.0,,62.6,8507.0,180.0,4.74,6.34,4.59,97519.0,,135.64,16.69,62.6,5325.3820000000005,8261.999999999998,17553.42,1.0327499999999998,179.99827048466105,177.95823079171885,8117.48681126371,7994.979399479344,0.13221483881597013
2022-02-24,8.01,38.0,2.48,1.16,2330.5,18144.0,26596.0,,62.849999999999994,8101.0,180.0,5.01,5.77,4.51,101036.0,130.54,147.3,12.14,62.849999999999994,5091.4785,8118.0,18186.48,1.01475,179.9993637468636,178.19814499789928,8117.811208414478,8009.434701086424,0.12844466490299825
2022-02-25,8.02,38.0,2.545,1.1,2377.0,18354.5,24753.5,,62.6,8346.0,180.0,4.8,5.88,4.27,110217.0,80.76,,12.96,62.6,5224.5960000000005,7685.999999999999,19839.06,0.9607499999999999,179.99976593555175,178.40986854173957,7844.854466043083,7971.430121897143,0.12950502601541855
2022-02-26,,,,,,,,,,8405.0,180.0,,,,,103.83,109.12,18.88,,,,,,179.99991389250158,178.59671391338284,7744.439292195517,7937.891198478572,
2022-02-27,,,,,,,,,,8494.0,180.0,,,,,,,,,,,,,179.9999683228216,178.7616043751203,7707.498614155341,7908.29320244566,
2022-02-28,8.004999999999999,38.0,2.5599999999999996,1.08,2441.5,18089.0,24810.5,,62.4,8578.0,180.0,4.64,5.96,4.24,108086.0,136.45,70.47,20.58,62.4,5352.672,7632.000000000001,19455.48,0.9540000000000001,179.99998834661733,178.90711969686936,7659.774387984686,7875.8278953634735,0.13497152965890874
2022-03-01,8.024999999999999,38.0,2.49,0.925,2362.5,18246.0,26656.0,,61.95,8857.0,180.0,4.66,6.21,4.51,113787.0,130.22,146.35,11.71,61.95,5486.9115,8118.0,20481.66,1.01475,179.9999957129601,179.0355365175915,7949.428217921364,7904.283867765873,0.12948043406774087
2022-03-02,8.02,38.0,2.5300000000000002,1.05,2367.0,18199.0,27554.0,,62.150000000000006,8758.0,180.0,4.69,6.14,4.52,125639.0,53.83,66.68,16.12,62.150000000000006,5443.097000000001,8135.999999999999,22615.02,1.017,179.99999842288616,179.14886396411856,8067.3640770705515,7931.5112310245,0.1300620913236991
2022-03-03,8.03,38.0,2.55,1.02,2429.5,18279.0,25840.5,,62.2,8969.0,180.0,4.72,6.26,4.56,122836.0,79.15,88.56,12.89,62.2,5578.718000000001,8208.0,22110.48,1.026,179.99999941981224,179.2488750846565,8156.262935264084,7963.999517779694,0.13291208490617648
2022-03-04,8.01,38.0,2.63,1.06,2411.0,18244.5,30865.0,,62.2,8892.0,180.0,4.66,6.39,4.71,127762.0,106.89,89.18,13.18,62.2,5530.8240000000005,8478.0,22997.16,1.05975,179.99999978656086,179.33713458875525,8359.639548420811,8024.396166513591,0.13214941489215928
2022-03-05,,,,,,,,,,8474.0,180.0,,,,,79.18,57.08,19.04,,,,,,179.99999992148014,179.41502332774604,8434.457623216249,8077.696021947746,
2022-03-06,,,,,,,,,,8842.0,180.0,,,,,,,,,,,,,179.99999997111416,179.48375989865164,8461.981654761517,8124.732979276594,
2022-03-07,,,,,,,,,62.25,9358.0,180.0,,,,,104.92,38.25,19.93,62.25,5825.355,,,,179.99999998937352,179.54441970957012,8472.107180105177,8166.242948426307,
2022-03-08,7.9399999999999995,38.05,2.51,1.125,2377.0,17879.0,26426.0,,62.849999999999994,8995.0,180.0,4.69,6.33,4.8,116827.0,126.91,91.43,9.07,62.849999999999994,5653.3575,8640.0,21028.86,1.08,179.99999999609074,179.59795180481706,8578.235683240395,8221.910869408606,0.13294927009340568
2022-03-09,7.995,38.05,2.455,1.1,2498.5,17849.5,26407.5,,62.650000000000006,8922.0,174.0,4.72,6.51,4.87,132448.0,54.06,178.92,17.12,62.650000000000006,5589.633000000001,8473.800000000001,23045.952,1.059225,176.20727664559053,178.9401751285689,8512.219740788834,8251.508622458368,0.13997590968934703
2022-03-10,8.004999999999999,38.05,2.54,1.04,2568.0,17914.5,33642.0,,62.349999999999994,8604.0,168.0,4.76,6.58,4.86,123223.0,53.84,77.06,14.34,62.349999999999994,5364.593999999999,8164.799999999999,20701.464,1.0206,171.01928834591928,177.6546706646951,8292.608580093323,8241.320090746887,0.1433475676128276
2022-03-11,8.015,38.05,2.535,1.1,2478.0,18069.0,31218.5,,62.25,8082.0,162.0,4.72,6.64,4.91,129152.0,133.72,,13.18,62.25,5031.045,7954.200000000001,20922.624,0.9942750000000001,165.3180107564609,175.81519837257534,8078.693559332354,8207.582590753937,0.13714095965465714
2022-03-12,,,,,,,,,,7799.0,156.0,,,,,81.12,136.87,17.51,,,,,,159.42790458991632,173.48685118789706,7999.998621036631,8177.809351509209,
2022-03-13,,,,,,,,,,7464.0,150.0,,,,,,,,,,,,,153.4683322719561,170.7270734247845,7971.048371113379,8151.534560095826,
2022-03-14,8.015,38.05,2.425,1.16,2395.5,18064.5,25397.0,,62.2,7066.0,144.0,4.77,6.21,4.76,108386.0,107.78,155.81,19.93,62.2,4395.052,6854.399999999999,15607.584,0.8567999999999999,147.48320478503274,167.58655951252337,7265.191978750191,7999.117231519998,0.1326081541144233
2022-03-15,8.03,38.05,2.39,1.15,2414.5,17879.0,30470.0,,62.05,6936.0,144.0,4.69,6.05,4.42,115704.0,160.13,76.93,10.55,62.05,4303.788,6364.8,16661.376,0.7956,145.2813994298035,164.8150657124291,6696.03569797787,7807.079894657029,0.13504670283572906
2022-03-16,8.045,38.05,2.56,1.11,2461.5,18189.5,30241.0,,61.75,7576.0,144.0,4.51,6.53,5.0,119701.0,104.89,,16.48,61.75,4678.18,7200.0,17236.944,0.9,144.47140050615351,162.36923101831349,7014.601894201743,7735.74612665621,0.1353253250501663
2022-03-17,7.995,38.05,2.72,1.15,2474.5,17985.0,30666.0,,62.45,7222.0,144.0,4.51,6.48,4.85,139994.0,81.79,88.3,13.41,62.45,4510.139,6984.0,20159.136,0.873,144.17341855477167,160.2107894765225,6995.257807737724,7647.4136283040725,0.13758687795385044
2022-03-18,8.004999999999999,38.05,2.635,1.165,2357.0,18199.0,31220.0,,62.3,6810.0,144.0,4.58,6.39,4.66,128605.0,109.61,179.01,13.63,62.3,4242.63,6710.4,18519.12,0.8388,144.06379712101815,158.30597150148205,6815.193331123875,7537.3116246578975,0.12951261058299907
2022-03-19,,,,,,,,,,7043.0,144.0,,,,,104.3,58.06,17.12,,,,,,144.0234696492285,156.6249755385214,6748.951312092344,7440.146947471791,
2022-03-20,,,,,,,,,,7100.0,144.0,,,,,,,,,,,,,144.00863400144266,155.1415018079514,6724.582235148957,7354.399420814419,
2022-03-21,8.05,38.05,2.48,1.09,2327.5,17989.0,21358.0,,62.6,7278.0,144.0,4.73,6.44,4.57,134567.0,131.26,130.62,21.37,62.6,4556.028,6580.8,19377.648,0.8226,144.0031762716258,153.8323408356578,6633.694528316979,7263.499092709961,0.1293846239368503
2022-03-22,,,,,,,,,,7470.0,144.0,,,,,,,,,,,,,144.0011684850307,152.677010332624,6600.258809518277,7183.279834713854,
2022-03-23,8.114999999999998,38.05,2.4749999999999996,1.08,2525.0,17123.0,30209.0,,62.349999999999994,7806.0,144.0,4.75,6.64,4.93,137410.0,81.06,89.32,17.53,62.349999999999994,4867.041,7099.2,19787.04,0.8874,144.0004298616201,151.6574347422352,6915.64979366817,7173.400193704801,0.14746247736961982
2022-03-24,8.129999999999999,38.07,2.6,1.18,2947.5,17669.0,30187.0,,62.349999999999994,7224.0,144.0,4.87,6.56,4.96,139200.0,81.31,75.46,14.03,62.349999999999994,4504.164,7142.400000000001,20044.8,0.8928,144.00015813725258,150.75766244176623,7058.9832608091365,7169.757574924009,0.16681759012960554
2022-03-25,8.105,38.05,2.675,1.03,2879.5,17498.0,31942.0,,62.150000000000006,7419.0,144.0,4.76,6.92,5.14,141464.0,133.06,23.38,13.41,62.150000000000006,4610.9085000000005,7401.599999999999,20370.816,0.9251999999999999,144.0000581754441,149.96361617357093,7275.558345450483,7196.999777982736,0.16456166419019316
2022-03-26,,,,,,,,,,7594.0,144.0,,,,,108.27,91.7,20.7,,,,,,144.00002140154987,149.26287280137973,7355.23186656,7221.040937801644,
2022-03-27,,,,,,,,,,7227.0,144.0,,,,,,,,,,,,,144.0000078731902,148.6444689459143,7384.542116981929,7242.257186876371,
2022-03-28,8.045,38.05,2.425,1.08,2490.0,17693.5,30613.0,,63.05,6939.0,144.0,4.88,5.88,4.16,114639.0,105.41,181.13,21.59,63.05,4375.0395,5990.4,16508.016,0.7487999999999999,144.0000028963848,148.0987294589197,6503.276222908884,7095.160089896663,0.1407296464803459
2022-03-29,8.04,38.0,2.6399999999999997,1.15,2413.0,17552.0,29839.5,,63.2,7165.0,144.0,4.91,5.78,4.18,123181.0,157.06,56.66,9.75,63.2,4528.28,6019.2,17738.064,0.7524,144.00000106552042,147.61711605202888,6197.281690368103,6968.731446638448,0.13747721057429352
2022-03-30,8.045,38.05,2.535,1.065,2396.0,17638.5,27878.5,,63.25,7613.0,148.0,4.84,5.89,4.26,111367.0,135.03,42.26,17.71,63.25,4815.2225,6304.8,16482.316,0.7881,146.5284826272973,147.66210610186613,6265.246224336919,6890.71744518694,0.13583921535277943
2022-03-31,8.045,38.05,2.57,1.165,2631.0,17768.0,26681.0,,62.849999999999994,8136.0,159.0,4.81,5.81,4.26,124384.0,53.89,83.45,14.42,62.849999999999994,5113.476,6773.399999999999,19777.056,0.8466749999999998,154.4119851583702,148.99434375306407,6586.460672979906,6876.932281996612,0.14807519135524538
2022-04-01,8.05,38.05,2.6,1.1400000000000001,2438.0,17713.0,28096.0,,63.0,8575.0,168.0,4.78,5.91,4.29,129345.0,133.97,134.56,12.72,63.0,5402.25,7207.200000000001,21729.96,0.9009000000000001,163.00124869343196,151.22756723049147,6978.842763262712,6915.7397618383275,0.13763902218709423
2022-04-02,,,,,,,,,,8716.0,168.0,,,,,81.7,57.32,19.48,,,,,,166.16106216278473,153.19838003210035,7123.192067361632,6949.987242595756,
2022-04-03,,,,,,,,,,8360.0,168.0,,,,,,46.31,,,,,,,167.3234925760962,154.93761622509425,7176.29520868703,6980.210538285512,
2022-04-04,,,,,,,,,,8899.0,174.0,,,,,160.03,38.62,21.17,,,,,,171.54385017991729,157.17750536276685,7195.830762642265,7006.882503117619,
2022-04-05,,,,,,,,,,9755.0,180.0,,,,,183.32,91.45,12.61,,,,,,176.88915632972598,159.85921917338823,7203.017491314291,7030.420429467799,
2022-04-06,8.08,38.0,2.625,1.28,2953.5,18068.5,28064.0,,62.9,9984.0,180.0,4.75,6.18,4.48,123738.0,80.68,181.47,18.71,62.9,6279.936,8064.0,22272.84,1.008,178.85558456900787,162.2258233048799,7747.262235846314,7151.869230430616,0.16346127238010902
2022-04-07,8.085,38.0,2.5199999999999996,1.1099999999999999,2658.0,17928.5,27610.0,,62.75,10261.0,180.0,4.74,6.3,4.45,129269.0,105.23,77.0,13.53,62.75,6438.7775,8010.0,23268.42,1.00125,179.57899309077865,164.3143441205652,7913.344178148507,7252.7022538424835,0.14825557073932566
2022-04-08,8.075,37.85,2.6550000000000002,1.06,2714.0,17988.5,27125.0,,63.1,10303.0,180.0,4.7,6.48,4.57,138880.0,133.65,,13.56,63.1,6501.193,8226.0,24998.4,1.02825,179.84512021350633,166.15745727139097,8110.980350978275,7367.067753723424,0.1508741696083609
2022-04-09,,,,,,,,,,10415.0,180.0,,,,,109.4,91.34,20.29,,,,,,179.94302291069596,167.7839989181076,8183.686635794153,7467.994953130893,
2022-04-10,,,,,,,,,,10217.0,180.0,,,,,,,,,,,,,179.97903930022727,169.2194168832599,8210.43378322187,7557.062893994523,
2022-04-11,8.075,37.85,2.6550000000000002,1.06,2714.0,17988.5,27125.0,,63.1,10115.0,180.0,4.7,6.48,4.57,138880.0,187.66,131.93,23.33,63.1,6382.565,8226.0,24998.4,1.02825,179.99228898948104,170.48616879142108,8220.273508870509,7635.665075926264,0.1508741696083609
2022-04-12,8.06,37.85,2.5949999999999998,1.0950000000000002,2776.0,18198.5,29834.5,,63.0,10643.0,180.0,4.65,6.56,4.71,132470.0,185.08,77.56,13.79,63.0,6705.09,8478.0,23844.6,1.05975,179.99716327775943,171.60407342671644,8383.187722468207,7734.642038566098,0.15254004450916284
2022-04-13,8.065000000000001,38.0,2.69,1.01,2922.0,17993.5,24978.5,,62.25,11316.0,186.0,4.47,7.2,5.22,137360.0,134.54,,14.06,62.25,7044.21,9709.199999999999,25548.96,1.21365,183.79167978117871,173.29563938924198,9221.387344355131,7966.6587150608275,0.1623919748798177
2022-04-14,8.01,38.0,2.48,1.05,3004.0,17944.5,22533.0,,61.7,12157.0,192.0,4.33,7.27,5.39,159517.0,133.9,130.36,18.4,61.7,7500.869000000001,10348.8,30627.264,1.2935999999999999,188.9803277449438,175.49345969618074,9934.048062271753,8246.567694522291,0.16740505447351556
2022-04-15,7.85,38.1,2.54,1.05,3047.5,17839.0,24755.0,,62.05,12334.0,192.0,4.13,7.43,5.63,162014.0,189.02,135.0,13.24,62.05,7653.246999999999,10809.6,31106.688,1.3512,190.889124658289,177.4330293094917,10487.50244243196,8547.731929191668,0.17083356690397444
2022-04-16,,,,,,,,,,12270.0,192.0,,,,,138.76,56.18,20.18,,,,,,191.59133180008024,179.14469348558583,10691.106930519183,8813.508433456653,
2022-04-17,,,,,,,,,,12233.0,192.0,,,,,,,,,,,,,191.84965937098897,180.6552318192539,10766.008835816709,9048.055375250264,
2022-04-18,7.78,38.0,2.66,1.28,3283.5,17507.0,24394.0,,62.2,12445.0,192.0,4.14,7.4,5.76,158113.0,185.58,38.77,22.33,62.2,7740.79,11059.2,30357.696,1.3824,191.94469277341406,181.9882772199513,10951.340998363847,9284.3710980087,0.187553550008568
2022-04-19,7.71,38.0,2.875,1.2149999999999999,3483.5,17369.5,26934.0,,62.4,12046.0,184.0,4.12,7.35,5.73,149601.0,182.53,89.29,10.56,62.4,7516.704000000001,10543.200000000003,27526.584,1.3179000000000003,186.92268913776235,182.22466087774814,10693.346682397249,9432.28739310871,0.20055269293877198
2022-04-20,7.795,38.0,2.56,1.0550000000000002,3213.5,17534.0,27729.0,,62.6,11192.0,168.0,4.13,7.59,5.62,148075.0,80.13,183.55,18.57,62.6,7006.192000000001,9441.599999999999,24876.6,1.1802,174.96126830546092,180.553219164929,9902.091870008506,9433.381653263448,0.1832724991445192
2022-04-21,7.775,38.0,2.565,1.08,3008.5,17516.5,25894.0,,62.25,11136.0,168.0,4.08,7.64,5.66,147295.0,159.85,77.42,11.77,62.25,6932.16,9508.800000000001,24745.56,1.1886,170.56090749405743,179.0781770305154,9653.483993356002,9442.243542606942,0.17175234778637286
2022-04-22,7.79,38.0,2.575,1.085,2978.5,17526.0,25018.0,,62.45,10909.0,168.0,4.05,7.58,5.61,150639.0,77.8,41.51,16.3,62.45,6812.6705,9424.8,25307.352,1.1781,168.9421052178056,177.77645691571365,9508.928139680658,9440.19387232073,0.16994750656167978
2022-04-23,,,,,,,,,,10715.0,172.0,,,,,53.09,71.3,20.99,,,,,,170.87506337636523,177.09770533603066,9455.749013012513,9438.385044641827,
2022-04-24,,,,,,,,,,10544.0,176.0,,,,,,,,,,,,,174.1146411788582,176.96872155899763,9436.185505611851,9436.788759817886,
2022-04-25,7.91,38.0,2.545,1.05,2779.0,17792.0,26596.0,,62.8,10133.0,180.0,4.43,6.57,4.78,160450.0,184.23,91.59,22.59,62.8,6363.524,8604.000000000002,28881.0,1.0755000000000001,177.83489748578495,177.32490616494394,8910.143938755464,9338.933501046551,0.15619379496402877
2022-04-26,7.93,38.0,2.59,1.17,2798.5,17948.5,30371.0,,62.650000000000006,9928.0,180.0,4.64,6.39,4.57,126155.0,155.62,128.29,12.11,62.650000000000006,6219.892000000001,8226.0,22707.9,1.02825,179.2035032969917,177.6392379764399,8477.682489870189,9208.16036745621,0.15591832186533694
2022-04-27,7.94,38.0,2.6,1.085,2722.0,17897.5,29297.0,,62.9,9862.0,180.0,4.59,6.31,4.52,140391.0,107.25,38.86,22.73,62.9,6203.197999999999,8135.999999999999,25270.38,1.017,179.7069852380024,177.91663482646885,8261.697963431512,9082.178203354068,0.1520882804861014
2022-04-28,,,,,,,,,,9936.0,180.0,,,,,132.02,89.02,9.92,,,,,,179.89220589310133,178.16143668740614,8182.241696543573,8970.999333753021,
2022-04-29,,,,,,,,,,10113.0,180.0,,,,,107.3,181.71,16.88,,,,,,179.96034476419254,178.37747357143024,8153.011369483269,8872.884325697241,
2022-04-30,,,,,,,,,,10455.0,180.0,,,,,79.49,56.78,20.23,,,,,,179.98541165401164,178.56812545242556,8142.258133099065,8786.298134990953,
2022-05-01,,,,,,,,,,10321.0,180.0,,,,,,,,,,,,,179.9946332474302,178.73637514687584,8138.30223850726,8709.886089886055,
2022-05-02,7.98,38.0,2.625,1.145,2843.5,18198.0,27516.5,,63.3,10305.0,180.0,4.37,6.36,4.58,156158.0,184.76,113.31,10.4,63.3,6523.065,8244.0,28108.44,1.0305,179.9980256820637,178.88485498108903,8205.11596656898,8655.143031281692,0.1562534344433454
2022-05-03,8.01,38.0,2.4400000000000004,1.08,2643.5,18034.0,26089.0,,63.150000000000006,10419.0,180.0,4.48,6.99,5.04,148674.0,158.48,82.91,21.22,63.150000000000006,6579.598500000001,9072.000000000002,26761.32,1.1340000000000001,179.99927368902092,179.01588797487844,8753.09118622095,8704.12501628529,0.1465842297881779
2022-05-04,7.995,38.0,2.6,1.185,2812.0,17862.0,27882.0,,62.8,10691.0,180.0,4.5,7.26,5.42,173224.0,105.95,135.41,22.44,62.8,6713.947999999999,9756.0,31180.32,1.2195,179.9997328051229,179.13152418603397,9387.05046604105,8827.723584965546,0.1574291792632404
2022-05-05,7.95,38.0,2.69,1.245,2873.0,17729.0,24801.0,,62.9,10866.0,180.0,4.42,7.26,5.57,157118.0,158.05,78.54,9.32,62.9,6834.714,10026.0,28281.24,1.25325,179.99990170449792,179.23357278420534,9790.943602510428,8968.52477529192,0.16205087709402674
2022-05-06,7.96,38.0,2.5999999999999996,1.06,2770.0,17654.0,31415.5,,63.05,10955.0,180.0,4.37,7.14,5.18,148712.0,107.12,41.55,16.69,63.05,6907.1275,9324.0,26768.16,1.1655,179.99996383910565,179.32363035600468,9495.778951550117,9010.294215249556,0.1569049507193837
2022-05-07,,,,,,,,,,11033.0,180.0,,,,,104.84,48.08,21.92,,,,,,179.9999866971504,179.4031058841719,9387.193944701274,9047.155616634864,
2022-05-08,,,,,,,,,,11198.0,180.0,,,,,27.21,,,,,,,,179.99999510615513,179.47324279161074,9347.247753062124,9079.685689182324,
2022-05-09,7.95,38.0,2.505,1.18,2800.5,17774.0,31017.5,,63.0,11198.0,180.0,4.36,7.03,5.16,176254.0,185.68,181.41,24.26,63.0,7054.74,9288.0,31725.72,1.161,179.99999819965507,179.53513839518237,9309.796030287158,9104.163265939356,0.15756160684145382
2022-05-10,7.975,38.0,2.63,1.18,2800.0,17829.0,28180.5,,63.2,11262.0,180.0,4.35,6.89,5.28,140670.0,185.15,77.13,13.16,63.2,7117.584,9504.000000000002,25320.6,1.1880000000000002,179.9999993376901,179.58976107361795,9432.556352148764,9151.145320651942,0.1570475068708284
2022-05-11,7.95,38.0,2.645,1.1,2882.0,17694.0,30752.0,,63.150000000000006,11332.0,180.0,4.37,7.37,5.5,160349.0,130.82,,22.38,63.150000000000006,7156.158,9900.0,28862.82,1.2375,179.9999997563498,179.6379654181482,9728.037092049348,9239.138064989358,0.1628800723409065
2022-05-12,7.98,38.0,2.835,1.06,3088.0,17852.0,29887.5,,62.75,11938.0,180.0,4.32,7.79,5.58,164914.0,53.76,88.5,11.09,62.75,7491.095,10044.0,29684.52,1.2555,179.9999999103661,179.6805056028873,9927.76374199221,9333.711835344864,0.1729778176114721
2022-05-13,7.99,38.0,2.835,1.08,2928.5,17837.0,30093.5,,,12101.0,180.0,4.41,7.54,5.45,170215.0,110.03,180.09,16.31,,,9810.0,30638.7,1.22625,179.99999996702553,179.71804718415493,9853.322859594351,9389.677169954142,0.16418119638952738
2022-05-14,,,,,,,,,,11151.0,180.0,,,,,133.0,57.19,20.49,,,,,,179.9999999878694,179.75117751334173,9825.937589377518,9439.06640439894,
2022-05-15,,,,,,,,,,10890.0,180.0,,,,,27.43,,,,,,,,179.9999999955374,179.7804149262307,9815.86311147382,9482.652250817498,
2022-05-16,7.945,38.0,2.67,1.03,2821.0,17924.0,28912.5,,63.849999999999994,10444.0,168.0,4.5,7.14,5.12,189153.0,186.63,38.98,22.07,63.849999999999994,6668.493999999999,8601.6,31777.704,1.0752000000000002,172.4145532924156,178.39617968355992,9048.302434884085,9379.125882361628,0.15738674403035036
2022-05-17,7.925,38.0,2.6399999999999997,1.17,2828.0,17889.0,29465.0,,,11106.0,180.0,4.43,7.16,5.27,179840.0,158.58,89.61,10.93,,,9485.999999999998,32371.2,1.1857499999999999,177.2094701041781,178.5846335384394,9324.980064343055,9391.683922217675,0.15808597462127563
2022-05-18,7.91,38.0,2.7,1.105,2933.5,17765.0,27596.5,,63.55,11560.0,180.0,4.31,7.56,5.71,163764.0,159.12,178.95,22.45,63.55,7346.38,10277.999999999998,29477.52,1.2847499999999998,178.97342142135284,178.75094348165064,9927.403558645277,9495.82880664617,0.16512806079369546
2022-05-19,7.94,38.0,2.51,1.19,2947.5,17671.0,26670.5,,63.25,11446.0,175.0,4.29,7.63,5.59,165771.0,81.93,77.38,8.43,63.25,7239.595,9782.5,29009.925,1.2228125,176.46174005202593,178.31019600432654,9835.807040178177,9529.513559805015,0.16679870975043856
2022-05-20,7.945,38.0,2.63,1.09,2996.5,17479.0,27482.5,,63.25,10645.0,174.0,4.35,7.13,5.13,161843.0,161.82,23.67,15.44,63.25,6732.9625,8926.199999999999,28160.682,1.115775,174.90562355464866,177.8037346233507,9260.825729626356,9458.622347815211,0.17143429257966702
2022-05-21,,,,,,,,,,10782.0,180.0,,,,,137.05,91.68,22.49,,,,,,178.1258836401672,178.0618026078532,9049.301926416529,9396.061072813742,
2022-05-22,,,,,,,,,,10586.0,180.0,,,,,26.98,,,,,,,,179.31055112085446,178.28954680483292,8971.48666789724,9340.850941403201,
2022-05-23,7.945,38.0,2.785,1.14,2787.0,17509.5,27298.5,,63.7,10500.0,180.0,4.52,6.86,5.05,164809.0,215.44,133.12,22.31,63.7,6688.5,9090.0,29665.62,1.13625,179.74636593162367,178.49053035324914,9046.40138161467,9311.375178798753,0.15917073588623318
2022-05-24,7.96,38.0,2.66,1.065,2845.0,17604.0,27974.0,,63.6,10767.0,180.0,4.43,7.02,5.1,169480.0,185.47,77.88,10.82,63.6,6847.812000000001,9180.0,30506.4,1.1475,179.90669324066369,178.66789771219692,9130.851814927128,9295.938188366397,0.16161099750056807
2022-05-25,7.9350000000000005,38.0,2.645,1.04,2702.0,17717.0,29869.0,,63.8,11222.0,180.0,4.34,7.07,5.26,181578.0,129.84,,23.09,63.8,7159.6359999999995,9468.0,32684.04,1.1835,179.96567436151784,178.82442385708794,9343.970114083426,9316.155984180252,0.15250888976689056
2022-05-26,,,,,,,,,,11447.0,180.0,,,,,79.59,88.95,11.83,,,,,,179.98737230329732,178.96255769512777,9422.371954880453,9333.998126363065,
2022-05-27,7.985,,2.6950000000000003,1.2,2873.0,17597.0,30784.0,,64.05,11191.0,180.0,4.51,6.8,4.91,140784.0,162.25,158.03,12.92,64.05,7167.835499999999,8838.000000000002,25341.12,1.1047500000000001,179.99535452999373,179.08446037934004,9052.978428197686,9275.716810203168,0.16326646587486504
2022-05-28,,,,,,,,,,11374.0,180.0,,,,,135.69,79.12,20.35,,,,,,179.99829102709012,179.19203912057412,8917.086144029281,9224.283729213505,
2022-05-29,,,,,,,,,,11529.0,180.0,,,,,,,,,,,,,179.99937130400093,179.28697702649714,8867.094166469898,9178.894194549744,
2022-05-30,8.07,38.0,2.925,1.2,2828.5,17728.5,29512.0,,63.75,11603.0,180.0,4.08,6.86,4.87,156555.0,214.58,37.7,24.81,63.75,7396.9125,8766.0,28179.9,1.09575,179.9997687156672,179.37075943441207,8803.19046546664,9130.37784778531,0.15954536480807738
2022-05-31,7.97,38.0,2.6100000000000003,1.08,2770.0,17487.0,27537.5,,63.8,11691.0,180.0,4.07,7.41,5.31,164180.0,157.97,112.49,9.82,63.8,7458.857999999999,9558.0,29552.4,1.19475,179.9999149152489,179.44469714988807,9280.32109024499,9180.624775193977,0.1584033853719906
2022-06-01,,,,,,,,,,12141.0,180.0,,,,,105.59,181.16,22.86,,,,,,179.9999686990693,179.50994695477982,9455.847637854231,9224.96753299652,
2022-06-02,7.955,38.0,2.545,1.005,2689.0,17648.5,28316.0,,63.55,11612.0,180.0,4.1,7.18,5.19,148326.0,133.88,76.01,10.85,63.55,7379.4259999999995,9342.0,26698.68,1.16775,179.9999884850311,179.56752970549104,9383.882205392503,9238.719210367595,0.15236422358840696
2022-06-03,7.96,38.0,2.585,1.03,2786.5,17599.5,26232.0,,63.45,10875.0,180.0,4.13,7.25,5.24,150668.0,136.68,,16.2,63.45,6900.1875,9432.0,27120.24,1.179,179.99999576387967,179.618346304636,9414.298452609391,9261.430301820297,0.15832836160118186
2022-06-04,,,,,,,,,,10899.0,180.0,,,,,135.02,91.7,20.02,,,,,,179.99999844161843,179.6631917959813,9425.487964638072,9281.472769681623,
2022-06-05,,,,,,,,,,11182.0,180.0,,,,,,,,,,,,,179.99999942670348,179.70276780318844,9429.604356070166,9299.160185489394,
2022-06-06,7.965,,2.6900000000000004,1.125,2651.5,17916.5,29410.0,,63.6,11164.0,180.0,4.29,6.55,4.55,143862.0,186.97,180.04,22.05,63.6,7100.304,8189.999999999999,25895.16,1.02375,179.99999978909602,179.7376935069654,8646.024957784777,9168.830428164545,0.14799207434487763
2022-06-07,7.99,38.1,2.66,1.05,2658.0,18007.0,26444.0,,64.0,10622.0,180.0,4.42,6.57,4.66,142291.0,156.84,76.6,10.0,64.0,6798.08,8388.0,25612.38,1.0485,179.99999992241277,179.76851533236913,8482.922077278148,9077.080434299014,0.14760926306436387
2022-06-08,8.004999999999999,38.05,2.9,1.2,2799.5,18077.0,28268.0,,64.19999999999999,10947.0,180.0,4.33,6.61,4.79,,181.7,,23.9,64.19999999999999,7027.973999999999,8622.0,,1.07775,179.99999997145727,179.79571549781994,8570.8360915098,9023.607073695732,0.15486529844553854
2022-06-09,7.985,38.05,2.785,1.06,2681.5,18273.5,29117.0,,64.45,10958.0,180.0,4.32,6.59,4.79,150916.0,134.02,88.8,12.43,64.45,7062.431,8622.0,27164.88,1.07775,179.9999999894997,179.81971955958008,8603.17784993648,8976.416998592547,0.14674255068815498
2022-06-10,7.985,38.05,2.765,1.09,2796.5,18044.0,29854.0,,64.2,11083.0,180.0,4.32,6.81,5.01,153805.0,188.03,158.21,14.87,64.2,7115.286,9017.999999999998,27684.9,1.1272499999999999,179.99999999613715,179.84090306973283,8865.395459249095,8981.303130057751,0.15498226557304368
2022-06-11,,,,,,,,,,11557.0,184.0,,,,,107.76,79.55,21.42,,,,,,182.52848223389316,180.3296098414901,8961.85992682833,8985.615125941415,
2022-06-12,,,,,,,,,,11795.0,188.0,,,,,,,,,,,,,185.987141101845,181.23090444349967,8997.34722125428,8989.420448952706,
2022-06-13,8.02,38.05,2.705,1.105,2837.0,18034.0,24664.5,,64.0,11769.0,196.0,4.38,6.47,4.56,177596.0,188.45,82.13,22.66,64.0,7532.16,8937.599999999999,34808.816,1.1171999999999997,192.31647506401822,182.96631891741256,8959.57977436657,8983.331385691305,0.15731396251524898
2022-06-14,8.01,38.05,2.745,1.12,2733.0,17810.5,27039.0,,63.849999999999994,12337.0,204.0,4.31,6.51,4.68,180243.0,239.92,91.7,9.58,63.849999999999994,7877.174499999999,9547.199999999999,36769.572,1.1933999999999998,199.7018713756384,185.4378415946644,9331.026599772937,9049.587694407908,0.15344880828724627
2022-06-15,,,,,,,,,,12900.0,204.0,,,,,157.1,180.12,20.19,,,,,,202.41880684358688,187.61895270200674,9467.674250328337,9108.058681627,
2022-06-16,8.045,,2.74,1.105,3090.0,18178.5,31544.5,,63.150000000000006,13608.0,204.0,4.22,6.98,5.07,145869.0,187.57,75.35,7.91,63.150000000000006,8593.452000000001,10342.800000000001,29757.276,1.29285,203.41831154523464,189.5437764984292,10020.85922825605,9253.144611042608,0.1699810215364304
2022-06-17,7.995,38.0,2.815,1.275,3171.5,17914.5,31530.0,,64.25,13222.0,204.0,4.18,7.13,5.58,160825.0,137.45,44.9,16.72,64.25,8495.135,11383.199999999999,32808.3,1.4228999999999998,203.78600877632505,191.24242753679314,10882.022838205763,9503.432716911477,0.17703536241592008
2022-06-18,,,,,,,,,,13201.0,208.0,,,,,108.99,136.85,20.56,,,,,,206.4497592635331,193.21149420638304,11198.827225791247,9724.311195094519,
2022-06-19,,,,,,,,,,13187.0,212.0,,,,,27.4,,,,,,,,209.9581805395016,195.4192018329403,11315.373046856854,9919.235767938651,
2022-06-20,7.955,38.0,2.72,1.19,3370.0,17547.0,26551.0,,63.650000000000006,13093.0,216.0,4.18,6.65,4.66,163623.0,190.32,131.86,24.99,63.650000000000006,8333.694500000001,10065.6,35342.568,1.2582,213.7773388332131,197.8375093648511,10525.36581006883,9936.434018556687,0.19205562204365417
2022-06-21,7.98,38.0,2.81,1.22,3197.0,17807.0,27591.0,,63.9,12907.0,216.0,4.28,6.72,4.68,170816.0,186.58,75.43,10.68,63.9,8247.572999999999,10108.8,36896.256,1.2635999999999998,215.18232865204897,199.97165827125937,10262.045997419249,9956.687555265322,0.17953613747402708
2022-06-22,8.0,38.0,2.74,1.12,3238.0,17861.5,28150.5,,63.55,14251.0,216.0,4.27,6.63,4.89,175869.0,130.66,,21.86,63.55,9056.510499999999,10562.4,37987.704,1.3203,215.69919552145387,201.85503807081898,10451.905937376987,10027.860643664702,0.18128376676091035
2022-06-23,8.02,38.0,2.715,1.21,2986.0,17584.5,23982.0,,63.35,15132.0,216.0,4.38,6.15,4.59,144672.0,134.75,88.83,13.73,63.35,9586.122000000001,9914.4,31249.152,1.2392999999999998,215.88934021653057,203.51711491032071,10112.13738386858,10014.528666599355,0.1698086382894026
2022-06-24,8.045,38.0,2.885,1.26,3414.0,17591.5,25866.5,,63.95,14537.0,215.0,4.59,6.04,4.39,151648.0,165.87,88.17,14.9,63.95,9296.4115,9438.5,32604.32,1.1798125,215.32716998186856,204.86638947562318,9686.317344329766,9946.843514073866,0.19407100019895973
2022-06-25,,,,,,,,,,13418.0,224.0,,,,,135.56,54.63,22.33,,,,,,220.8094441395549,207.11464797697744,9529.666906144625,9887.111576619154,
2022-06-26,,,,,,,,,,13827.0,224.0,,,,,28.0,,,,,,,,222.8262600930332,209.09872914063206,9472.038430485814,9834.398326829996,
2022-06-27,8.08,38.6,2.81,1.19,2869.0,17930.5,28213.0,,67.95,13949.0,224.0,5.45,4.77,2.95,122746.0,215.98,38.63,27.14,67.95,9478.345500000001,6608.000000000001,27495.104,0.8260000000000001,223.56820521894446,210.8496746220337,7661.620857300657,9455.286529931593,0.1600066925071805
2022-06-28,8.065000000000001,38.6,2.59,1.08,2738.0,18121.5,26999.0,,68.94999999999999,13099.0,215.0,5.59,5.08,2.98,125980.0,218.4,90.7,11.79,68.94999999999999,9031.760499999999,6407.0,27085.7,0.800875,218.1520665477875,211.33735070922648,6868.549219865801,9097.103420854975,0.1510912452059708
2022-06-29,8.07,38.6,2.92,1.1549999999999998,2889.0,18165.5,24824.5,,69.75,12637.0,192.0,5.65,5.46,3.37,134087.0,214.93,89.77,22.6,69.75,8814.3075,6470.4,25744.704,0.8088,201.62080762707842,209.0651521050844,6616.870912507076,8788.457632912876,0.15903773636839064
2022-06-30,8.065000000000001,38.6,2.6,1.0550000000000002,2809.5,18111.5,24287.5,,70.05,10914.0,199.0,5.82,5.08,3.16,135316.0,187.87,82.11,14.11,70.05,7645.257,6288.400000000001,26927.884,0.78605,199.96414124526746,207.88246555677978,6409.237695734178,8494.693117328588,0.15512243602131243
2022-07-01,8.04,38.6,2.84,1.14,2966.5,18070.5,25932.5,,69.94999999999999,10865.0,224.0,5.86,5.33,3.43,140814.0,192.12,85.22,17.09,69.94999999999999,7600.067499999999,7683.2,31542.336,0.9604,215.15770171323328,209.77632577655763,7214.535459433206,8399.340162511196,0.16416258542929082
2022-07-02,,,,,,,,,,11059.0,224.0,,,,,136.1,89.15,21.83,,,,,,220.74710024759307,211.44765155443974,7510.787950719417,8315.19147523256,
2022-07-03,,,,,,,,,,10958.0,224.0,,,,,27.95,,,,,,,,222.80332505689785,212.92259137663052,7619.773151659436,8240.930519352603,
2022-07-04,8.015,38.95,2.75,1.03,2846.5,18219.5,28400.0,,69.25,11026.0,224.0,5.65,5.39,3.38,142140.0,187.57,89.47,28.19,69.25,7635.505,7571.2,31839.36,0.9464,223.55976789066773,214.22422120121254,7589.06906388841,8162.2351088950445,0.15623370564505062
2022-07-05,8.035,38.95,2.8899999999999997,1.255,3027.0,18217.0,26846.5,,68.75,10757.0,224.0,5.9,5.45,3.7,146252.0,161.59,82.65,18.47,68.75,7395.4375,8288.0,32760.448,1.036,223.83804765763313,215.3729054897179,8030.8776778058345,8177.012873145988,0.16616347367843223
2022-07-06,8.045,38.95,2.8449999999999998,1.165,2857.0,18230.5,26297.5,,68.4,10550.0,217.0,5.61,5.51,3.76,150614.0,187.78,84.39,21.23,68.4,7216.200000000001,8159.2,32683.238,1.0199,219.51557715099378,215.56409413446366,8111.992855821389,8174.919805377467,0.15671539453114286
2022-07-07,8.06,38.95,2.87,1.295,3137.5,18295.5,28013.0,,68.75,10738.0,219.0,5.94,5.37,3.72,133961.0,137.89,87.48,13.2,68.75,7382.375,8146.800000000001,29337.459,1.01835,219.18967023418838,215.96782371609194,8133.9951672508,8171.615641146896,0.17149025716706293
2022-07-08,8.07,38.95,2.915,1.295,3257.0,18141.5,26807.0,,68.65,10469.0,216.0,6.01,5.44,3.41,141093.0,192.32,41.63,16.31,68.65,7186.968500000001,7365.6,30476.088,0.9207000000000001,217.1734141032744,215.97160452911444,7648.276784727061,8076.906306746873,0.1795331146818069
2022-07-09,,,,,,,,,,10296.0,206.0,,,,,136.62,149.06,23.57,,,,,,210.11046933628967,214.79991011074202,7469.590977597531,7993.325612493004,
2022-07-10,,,,,,,,,,10250.0,224.0,,,,,26.53,,,,,,,,218.89032722130065,215.88094916922998,7403.856142725452,7919.565908698094,
2022-07-11,8.09,38.8,2.63,0.955,2859.5,18265.5,24762.0,,69.35,10702.0,224.0,5.85,4.83,2.9,143079.0,188.02,38.32,28.18,69.35,7421.8369999999995,6496.0,32049.696,0.812,222.12025643360317,216.83496278991856,6829.9816104499005,7752.292505051093,0.15655196956009965
2022-07-12,8.1,38.8,2.6550000000000002,1.06,2633.5,18412.5,23895.5,,69.25,10057.0,208.0,5.83,5.09,3.13,138381.0,241.98,91.71,15.67,69.25,6964.4725,6510.4,28783.248,0.8138,213.19455204599137,215.7968272965533,6627.967504260979,7606.366289050614,0.14302783435166327
2022-07-13,8.1,38.8,2.91,1.16,2845.0,18210.5,27683.0,,68.75,10797.0,224.0,5.85,5.32,3.58,145063.0,212.17,178.78,20.16,68.75,7422.9375,8019.200000000002,32494.112,1.0024000000000002,220.02489784507222,216.76072549784178,7507.394166927978,7654.875528804662,0.15622854946322176
2022-07-14,8.09,38.8,2.58,1.0,2720.0,18241.0,28393.0,,68.65,11337.0,224.0,5.85,5.34,3.31,157809.0,165.83,77.39,13.87,68.65,7782.8505000000005,7414.400000000001,35349.216,0.9268000000000001,222.5376416406458,217.61136267488573,7448.61064216167,7626.618909317507,0.14911463187325255
2022-07-15,8.1,38.8,2.6050000000000004,1.0550000000000002,2718.0,18157.5,26820.0,,68.9,11680.0,224.0,5.87,5.31,3.57,152430.0,138.09,,16.61,68.9,8047.520000000001,7996.799999999999,34144.32,0.9995999999999999,223.4620284239684,218.36204734885033,7795.132405382303,7670.116334077313,0.14969021065675342
2022-07-16,,,,,,,,,,11640.0,224.0,,,,,110.08,88.33,24.8,,,,,,223.8020913172434,219.0245242484418,7922.610637989652,7708.502676698247,
2022-07-17,,,,,,,,,,11556.0,224.0,,,,,,,,,,,,,223.92719346438454,219.6091580603651,7969.507258962767,7742.378505162773,
2022-07-18,8.15,39.05,2.5999999999999996,0.98,2646.5,18410.0,31523.0,,68.85,11407.0,224.0,5.57,5.11,3.09,157256.0,187.44,180.58,29.96,68.85,7853.719499999999,6921.599999999999,35225.344,0.8652,223.9732159723642,220.12509558853367,7307.10353682672,7645.934488514161,0.14375339489407932
2022-07-19,8.129999999999999,39.05,2.6550000000000002,1.17,2763.0,17731.5,25468.0,,69.30000000000001,10702.0,216.0,5.89,5.12,3.29,150835.0,239.39,77.16,17.92,69.30000000000001,7416.486000000001,7106.4,32580.36,0.8883,218.93318223625255,219.64038407974633,7180.234704968945,7582.53751495131,0.15582438034007276
2022-07-20,8.125,39.05,2.6799999999999997,0.955,2747.0,18196.5,26884.0,,69.65,10918.0,224.0,5.91,5.19,3.24,156906.0,161.55,,21.94,69.65,7604.387000000001,7257.6,35146.944,0.9072,222.13602191255507,220.15265245391763,7229.138898497912,7544.356350478067,0.15096309729893112
2022-07-21,8.125,39.05,2.52,0.76,2555.5,18251.0,29314.5,,69.0,11018.0,224.0,5.99,5.1,3.09,156434.0,137.46,87.59,15.97,69.0,7602.42,6921.599999999999,35041.216,0.8652,223.31428078283494,220.60472770741586,7034.737238117892,7471.180550361781,0.14001972494657827
2022-07-22,8.145,39.05,2.8,1.14,2803.5,18484.0,29162.5,,69.5,10727.0,224.0,5.97,5.31,3.39,160450.0,137.33,180.32,17.18,69.5,7455.265,7593.6,35940.8,0.9492,223.7477379975888,221.0036827183632,7388.005879467281,7485.565214878161,0.15167171607877084
2022-07-23,,,,,,,,,,9437.0,224.0,,,,,108.14,56.02,23.6,,,,,,223.9071979955242,221.35575927979482,7517.966149830289,7498.259636758585,
2022-07-24,,,,,,,,,,11342.0,224.0,,,,,,,,,,,,,223.96586005045387,221.66646575473087,7565.775861465922,7509.462424748161,
2022-07-25,8.165,39.650000000000006,2.545,0.97,2586.0,18411.5,29097.0,,69.75,10019.0,232.0,5.68,4.67,2.82,126459.0,215.96,38.57,28.77,69.75,6988.2525,6542.4,29338.488,0.8178,229.0444050850678,222.88068803579813,6918.878940024426,7395.8295944462,0.14045569345246178
2022-07-26,8.135000000000002,39.7,2.7199999999999998,1.1,2839.0,18060.5,29431.0,,69.15,10535.0,240.0,5.54,5.1,3.37,140251.0,185.71,91.39,18.15,69.15,7284.952500000001,8088.000000000001,33660.24,1.0110000000000001,235.96966186499407,224.89226021721245,7657.904397794422,7477.161761038048,0.15719387613853436
2022-07-27,8.12,39.7,2.685,1.105,2684.0,18193.0,29757.0,,68.69999999999999,10629.0,230.0,5.67,4.99,3.19,144183.0,187.46,179.4,22.35,68.69999999999999,7302.123,7337.0,33162.09,0.917125,232.1961158708765,225.49243546248186,7455.05413053007,7460.69231997688,0.14752926949925796
2022-07-28,8.12,39.7,2.645,1.06,2749.0,18368.5,31432.0,,68.35,10889.0,240.0,5.81,4.91,3.27,170974.0,138.91,76.79,15.34,68.35,7442.6314999999995,7848.0,41033.76,0.981,237.12911146761138,227.19711923159412,7703.443293128776,7506.202172032371,0.14965838255709502
2022-07-29,8.13,39.7,2.665,1.11,2754.5,18415.0,30206.5,,68.8,10855.0,240.0,5.94,5.05,3.28,188356.0,138.35,,17.28,68.8,7468.24,7871.999999999999,45205.44,0.9839999999999999,238.94385913103937,228.70149737772192,7809.991452870514,7549.1845498463945,0.14957914743415693
2022-07-30,,,,,,,,,,10879.0,240.0,,,,,138.54,135.88,24.83,,,,,,239.61146748732847,230.02910643199567,7849.188330334151,7587.116365132991,
2022-07-31,,,,,,,,,,10790.0,240.0,,,,,,,,,,,,,239.85706687636147,231.20071731023552,7863.608055711139,7620.591074632824,
2022-08-01,8.1,39.75,2.71,1.065,3052.5,18685.5,27722.0,,69.0,10574.0,240.0,5.88,4.67,2.87,139245.0,215.88,109.79,29.47,69.0,7296.06,6888.000000000001,33418.8,0.8610000000000001,239.94741784235097,232.2346602813166,7246.906146337372,7534.509354224587,0.16336196516015092
2022-08-02,8.1,39.75,2.83,1.23,3132.5,18433.5,27527.5,,68.80000000000001,10303.0,240.0,6.0,4.96,2.97,146203.0,183.8,84.24,17.07,68.80000000000001,7088.464000000002,7128.000000000001,35088.72,0.8910000000000001,239.9806561052285,233.14711175074476,7171.743126666443,7486.7432459748625,0.16993517237637995
2022-08-03,8.08,39.75,2.575,1.06,3202.5,18227.0,28106.0,,69.19999999999999,10345.0,240.0,5.72,4.85,3.0,142904.0,214.29,38.76,22.28,69.19999999999999,7158.739999999999,7200.0,34296.96,0.9,239.9928837788014,233.95234734627388,7189.604877228799,7453.050026409869,0.1757008833049871
2022-08-04,,,,,,,,,,10369.0,240.0,,,,,138.64,88.31,16.73,,,,,,239.99738208852222,234.6629652651792,7196.175848044022,7423.315864505659,
2022-08-05,8.065000000000001,39.75,2.77,1.145,3008.0,18501.0,28432.0,,68.44999999999999,10448.0,240.0,5.63,4.64,2.98,139438.0,110.11,64.61,18.03,68.44999999999999,7151.655999999999,7152.0,33465.12,0.894,239.99903692418854,235.29008337753424,7168.251386291709,7391.435410048306,0.16258580617263932
2022-08-06,,,,,,,,,,10213.0,240.0,,,,,109.92,148.88,25.58,,,,,,239.9996457042087,235.84351316924227,7157.978550907255,7363.301007736703,
2022-08-07,,,,,,,,,,10263.0,240.0,,,,,,,,,,,,,239.9998696618623,236.33191324622265,7154.199385966776,7338.472484840643,
2022-08-08,8.059999999999999,40.0,2.605,1.04,2847.0,18376.5,23514.0,,68.80000000000001,10221.0,240.0,5.6,4.74,2.9,118986.0,187.59,131.42,30.77,68.80000000000001,7032.048000000002,6960.0,28556.64,0.87,239.99995205127874,236.7629248013799,7031.441961585295,7294.0007955853625,0.1549261284793078
2022-08-09,8.05,40.0,2.645,1.07,2644.5,18402.0,26442.0,,68.05000000000001,10324.0,240.0,5.66,5.01,3.14,140952.0,184.8,91.76,18.12,68.05000000000001,7025.482000000001,7536.000000000001,33828.48,0.9420000000000001,239.99998236065125,237.14329116378437,7350.38347078944,7322.436451676146,0.14370720573850668
2022-08-10,8.04,40.0,2.7199999999999998,1.18,3109.0,18086.5,25939.0,,67.19999999999999,10293.0,240.0,5.52,5.12,3.54,153147.0,133.67,130.43,22.51,67.19999999999999,6916.895999999999,8496.0,36755.28,1.062,239.99999351084625,237.47896330045367,8074.551231437252,7460.333803618012,0.1718961656484118
2022-08-11,8.035,40.0,2.63,1.005,2637.0,18321.5,25968.0,,67.30000000000001,10421.0,240.0,5.77,5.04,3.05,142366.0,166.14,155.5,14.33,67.30000000000001,7013.333000000001,7320.0,34167.84,0.915,239.99999761277377,237.77519292134826,7597.58388535636,7443.844147020811,0.14392926343367082
2022-08-12,8.055,40.0,2.8,1.23,3377.5,18290.0,29861.0,,67.80000000000001,10304.0,228.0,5.73,5.61,3.99,158835.0,110.14,,17.91,67.80000000000001,6986.112000000001,9097.2,36214.38,1.13715,232.41455241584583,236.62657747525668,8545.522061773208,7638.118580875754,0.18466375068343358
2022-08-13,,,,,,,,,,10103.0,216.0,,,,,109.87,177.54,23.89,,,,,,222.0385763698207,234.2028907328352,8894.249028378516,7809.565167004116,
2022-08-14,,,,,,,,,,9553.0,192.0,,,,,,,,,,,,,203.05057468851533,229.24392035184317,9022.538509974687,7960.866248221099,
2022-08-15,,,,,,,,,,9117.0,192.0,,,,,134.05,163.71,30.12,,,,,,196.06527924103432,224.86764435060897,9069.73357277246,8094.388983752788,
2022-08-16,8.125,40.0,2.8049999999999997,1.205,2863.0,18407.0,27498.0,,68.30000000000001,8504.0,180.0,5.82,4.89,3.03,112511.0,209.23,,15.25,68.30000000000001,5808.232000000001,5454.0,20251.98,0.68175,185.91008594945487,219.59555716567965,6784.154046176355,7784.135099780322,0.15553865377302115
2022-08-17,8.11,,2.495,0.925,2703.0,18339.5,27223.5,,68.55,7911.0,168.0,5.74,4.69,2.78,105736.0,181.08,,23.31,68.55,5422.990499999999,4670.4,17763.648,0.5838,174.58875241041795,213.5329193858387,5448.006657281232,7418.26158102507,0.14738678808037298
2022-08-18,8.105,,2.715,1.115,2907.5,18056.5,26102.5,,69.0,7833.0,180.0,5.9,5.05,3.24,140404.0,129.24,,16.61,69.0,5404.77,5832.000000000001,25272.72,0.7290000000000001,178.00931326070423,209.5926974926216,5690.736743667067,7231.8709319435675,0.16102234652341263
2022-08-19,8.14,,2.795,1.155,3090.0,18351.5,26532.5,,68.55,8204.0,192.0,5.92,5.24,3.16,134381.0,103.65,180.52,17.59,68.55,5623.842,6067.200000000001,25801.152,0.7584000000000001,186.85311398074316,207.52550104534632,5928.70690763866,7095.018489970513,0.16837860665340706
2022-08-20,,,,,,,,,,8422.0,204.0,,,,,109.79,56.42,24.22,,,,,,197.69201315340538,207.11124375257688,6016.251238576006,6974.246633818154,
2022-08-21,,,,,,,,,,8448.0,204.0,,,,,,,,,,,,,201.67942132395797,206.74566297483477,6048.456998118964,6867.665844844305,
2022-08-22,8.09,40.25,2.58,1.05,2762.0,18635.0,28668.0,,68.35,8650.0,204.0,5.67,5.02,3.19,152872.0,130.3,39.69,30.61,68.35,5912.275,6507.6,31185.888,0.81345,203.1463068134633,206.4230390708329,6338.690729050226,6825.356992801605,0.14821572310169037
2022-08-23,8.11,40.25,2.73,1.205,2912.0,18119.5,30622.5,,67.95,8726.0,204.0,5.75,4.89,3.25,146037.0,242.47,183.72,14.71,67.95,5929.317000000001,6630.0,29791.548,0.82875,203.685943827605,206.13832447485152,6522.833308194937,6802.401941045658,0.16071083639173267
2022-08-24,8.115,40.25,2.62,1.03,2751.0,18267.5,28184.5,,67.69999999999999,8785.0,204.0,5.76,5.0,2.98,139406.0,106.43,88.41,20.41,67.69999999999999,5947.444999999999,6079.199999999999,28438.824,0.7598999999999999,203.8844651908029,205.8870647257773,6242.4035735037905,6717.42347291596,0.15059531955658959
2022-08-25,8.11,40.25,2.52,1.045,2454.0,18042.5,26860.0,,68.30000000000001,8668.0,187.0,5.76,4.84,3.22,145644.0,110.12,97.1,14.35,68.30000000000001,5920.2440000000015,6021.4,27235.428,0.752675,193.21144761887123,203.66777611941325,6102.702671117466,6635.638558974508,0.13601219343217402
2022-08-26,8.125,40.25,2.575,1.07,2506.0,18290.5,28974.0,,68.35,8861.0,204.0,5.81,4.79,3.09,150294.0,135.85,,16.69,68.35,6056.4935,6303.6,30659.976,0.78795,200.03111337898153,203.70681345441756,6229.694002917859,6596.622999833655,0.13701101664798665
2022-08-27,,,,,,,,,,9049.0,204.0,,,,,82.34,113.25,23.73,,,,,,202.53992820778691,203.74126378164402,6276.411503094204,6562.191889739246,
2022-08-28,,,,,,,,,,9067.0,204.0,,,,,,,,,,,,,203.46286960501047,203.7716660887144,6293.597910952005,6531.8065417283815,
2022-08-29,,,,,,,,,,9201.0,204.0,,,,,154.99,181.36,27.96,,,,,,203.80240077045505,203.79849603053543,6299.920437070477,6504.991566224839,
2022-08-30,8.094999999999999,40.45,2.685,1.005,3205.0,18564.0,28846.0,,69.85,9419.0,204.0,5.38,5.5,3.58,124961.0,212.2,78.05,15.37,69.85,6579.1714999999995,7303.200000000001,25492.044,0.9129,203.9273073058591,203.82217337108904,6934.114075050758,6598.783529576519,0.17264598146951088
2022-08-31,8.09,40.45,2.62,1.12,3374.0,18401.5,30004.0,,66.35,9699.0,204.0,5.3,6.1,4.22,161378.0,76.81,,19.41,66.35,6435.286499999999,8608.800000000001,32921.112,1.0761,203.9732578523022,203.843068550789,7992.717477791994,6834.966690707257,0.1833546178300682
2022-09-01,8.120000000000001,40.45,2.575,1.06,2837.0,18114.0,31380.0,,66.19999999999999,9680.0,204.0,5.45,5.83,3.84,139596.0,134.77,88.72,15.1,66.19999999999999,6408.159999999999,7833.6,28477.584,0.9792000000000001,203.9901621136492,203.8615084821532,7892.1360488107275,6952.309197731351,0.15661918957712267
2022-09-02,8.14,40.45,2.625,1.07,2963.0,18547.0,30502.0,,66.80000000000001,9094.0,198.0,5.52,5.49,3.61,141210.0,51.95,181.3,16.7,66.80000000000001,6074.792,7147.8,27959.58,0.893475,200.20365749089564,203.17276307997352,7421.62592968025,6975.279972514139,0.15975629481856904
2022-09-03,,,,,,,,,,8811.0,192.0,,,,,83.14,57.59,22.17,,,,,,195.0179569333126,201.85992881138816,7248.534929989021,6995.551610109919,
2022-09-04,,,,,,,,,,8539.0,192.0,,,,,,,,,,,,,193.1102443101065,200.70135663575465,7184.858309750805,7013.441267498512,
2022-09-05,8.175,39.849999999999994,2.4400000000000004,1.0,2446.0,18828.5,30951.0,,68.30000000000001,8393.0,192.0,5.94,4.92,3.37,127955.0,182.91,134.95,28.7,68.30000000000001,5732.419000000002,6470.4,24567.36,0.8088,192.40843605636576,199.67892027933738,6733.234523731419,6949.63223654305,0.1299094457869719
2022-09-06,8.195,39.849999999999994,2.57,1.13,2714.5,18773.5,28713.5,,67.75,8406.0,192.0,5.92,4.98,3.53,131172.0,130.65,88.78,9.5,67.75,5695.065,6777.599999999999,25185.024,0.8472,192.15025522817012,198.77662336170926,6761.27885338301,6929.417915893941,0.1445921112206035
2022-09-07,8.190000000000001,39.849999999999994,2.6950000000000003,1.15,2508.0,18780.5,28713.5,,67.5,8030.0,192.0,5.96,5.15,3.59,169381.0,130.65,173.98,24.31,67.5,5420.25,6892.799999999999,32521.152,0.8615999999999999,192.05527580937232,197.9803491266908,6844.416074080314,6925.115197355507,0.13354277042677246
2022-09-08,8.055,39.849999999999994,2.5300000000000002,1.0,2395.5,18912.0,31151.0,,68.0,7740.0,192.0,5.87,4.81,3.01,143688.0,132.99,84.08,15.66,68.0,5263.2,5779.2,27588.096,0.7223999999999999,192.0203348338622,197.27763958067914,6171.071094059504,6790.46661229085,0.12666560913705585
2022-09-09,,,,,,,,,,7515.0,192.0,,,,,187.54,84.92,42.44,,,,,,192.00748076731753,196.6575005829072,5923.361319093852,6671.6396530338925,
2022-09-10,,,,,,,,,,7456.0,192.0,,,,,,,,,,,,,192.0027520205003,196.11022983820155,5832.233985506784,6566.775229546081,
2022-09-11,,,,,,,,,,7461.0,192.0,,,,,,,,,,,,,192.00101241176375,195.62726510112364,5798.71011295133,6474.232700626769,
2022-09-12,7.655,39.8,2.73,1.15,2557.5,18732.5,31062.0,,68.65,7650.0,192.0,5.95,4.55,2.89,142450.0,208.65,91.08,28.31,68.65,5251.725,5548.8,27350.4,0.6936,192.0003724454739,195.2010502165948,5640.736792695628,6365.491491853621,0.13652742559722408
2022-09-13,7.66,39.8,2.775,1.05,2781.0,18478.5,28355.0,,68.45,7504.0,192.0,5.69,5.07,3.12,126579.0,158.35,77.5,10.68,68.45,5136.488,5990.4,24303.168,0.7487999999999999,192.0001370150328,194.82491690116265,5861.7660946986525,6321.417079746656,0.15049922883350922
2022-09-14,7.675000000000001,39.650000000000006,2.74,1.105,2411.5,18190.5,30005.0,,68.6,8104.0,192.0,5.74,4.86,3.04,130922.0,161.17,47.47,23.91,68.6,5559.343999999999,5836.8,25137.024,0.7296,192.0000504050137,194.4929804153349,5845.984512965973,6264.473071816015,0.13256919820785576
2022-09-15,7.665,39.650000000000006,2.755,1.16,2612.0,17914.0,32045.5,,68.55000000000001,8514.0,192.0,5.37,4.63,2.83,156873.0,160.19,88.59,16.02,68.55000000000001,5836.347000000001,5433.6,30119.616,0.6792,192.0000185429683,194.2000474947371,5585.30778417768,6166.8429123185815,0.14580774812995423
2022-09-16,7.6850000000000005,39.650000000000006,2.785,1.1749999999999998,2551.0,17894.5,31837.0,,68.4,8937.0,192.0,5.35,4.85,3.13,167180.0,109.0,133.22,22.74,68.4,6112.908,6009.6,32098.56,0.7512000000000001,192.00000682157682,193.94153509964448,5853.511616749893,6148.366383074529,0.1425577691469446
2022-09-17,,,,,,,,,,9252.0,192.0,,,,,55.25,57.28,18.48,,,,,,192.00000250951786,193.71339871169553,5952.178292796597,6132.060903246139,
2022-09-18,,,,,,,,,,9316.0,184.0,,,,,,,,,,,,,186.94303645257156,192.5720442766405,5988.475734442902,6117.67136780243,
2022-09-19,7.755,39.4,2.705,1.1400000000000001,2633.5,17811.0,32373.0,,68.80000000000001,9831.0,192.0,5.3,5.07,3.25,169359.0,143.57,39.36,28.05,68.80000000000001,6763.728000000002,6240.0,32516.928,0.78,190.13964707614767,192.50482730227648,6147.469393745797,6132.045360988234,0.14785806524058168
2022-09-20,7.77,39.4,2.575,1.0950000000000002,2587.5,17735.0,29026.0,,69.19999999999999,9741.0,192.0,5.44,4.91,3.08,219258.0,78.64,91.96,11.95,69.19999999999999,6740.771999999998,5913.599999999999,42097.536,0.7392,191.31561440599154,192.4455085305991,5999.635741878307,6106.37735445609,0.14589794192275163
2022-09-21,7.779999999999999,39.4,2.535,1.0,2594.0,17872.5,31108.5,,69.55000000000001,9444.0,192.0,5.43,5.1,3.37,186370.0,77.99,156.92,21.81,69.55000000000001,6568.302000000001,6470.4,35783.04,0.8088,191.74822861013038,192.39315989832872,6297.215507798703,6149.151142836849,0.14513918030493775
2022-09-22,7.8100000000000005,39.3,2.7199999999999998,1.0,2468.0,17811.0,30987.5,,69.30000000000001,9157.0,192.0,5.61,4.84,3.19,125805.0,53.21,100.12,13.23,69.30000000000001,6345.801000000001,6124.8,24154.56,0.7656000000000001,191.9073784817918,192.34696239249556,6188.2281206582775,6146.2898081279145,0.13856605468530683
2022-09-23,7.8,39.3,2.66,1.09,2685.5,17653.0,26927.5,,69.80000000000001,8623.0,192.0,5.65,5.15,3.53,135963.0,164.12,41.38,14.21,69.80000000000001,6018.854000000001,6777.599999999999,26104.896,0.8472,191.9659264476411,192.30619323669066,6560.782202385604,6220.470711102798,0.1521271172038747
2022-09-24,,,,,,,,,,8680.0,192.0,,,,,54.6,95.63,21.02,,,,,,191.9874650405995,192.27021458297185,6697.837189777593,6285.935128209061,
2022-09-25,,,,,,,,,,8658.0,192.0,,,,,,,,,,,,,191.99538864614064,192.23846353250585,6748.256901949117,6343.707273534845,
2022-09-26,7.79,39.0,2.74,1.1549999999999998,2614.5,17567.0,26507.0,,68.75,8617.0,192.0,5.42,4.96,3.11,123901.0,184.79,134.03,25.7,68.75,5924.1875,5971.2,23788.992,0.7464,191.99830357771918,192.21044332881578,6257.063258847453,6299.9365150847325,0.14883019297546535
2022-09-27,7.805,39.0,2.5250000000000004,0.9299999999999999,2506.5,17841.5,26488.0,,68.85,8481.0,192.0,5.55,5.17,3.17,136118.0,131.54,78.25,10.93,68.85,5839.1685,6086.400000000001,26134.656,0.7608,191.99937592111934,192.18571558584952,6149.183504293298,6274.845313150985,0.14048706667040328
2022-09-28,7.8149999999999995,39.0,2.5949999999999998,1.045,2695.0,18012.5,27105.0,,68.05,8814.0,192.0,5.61,5.38,3.36,140376.0,103.91,,18.88,68.05,5997.927,6451.2,26952.192,0.8064,191.99977041421013,192.16389342927388,6340.094340334861,6295.567535099468,0.14961832061068703
2022-09-29,,,,,,,,,,8740.0,192.0,,,,,110.51,88.73,16.59,,,,,,191.9999155401079,192.14463544368817,6410.326512011405,6313.854831783674,
2022-09-30,,,,,,,,,,8524.0,192.0,,,,,56.48,89.2,14.1,,,,,,191.9999689289421,192.12764033105876,6436.163484080028,6329.993314464132,
2022-10-01,,,,,,,,,,8344.0,192.0,,,,,81.4,147.31,23.18,,,,,,191.99998856959658,192.11264219680422,6445.668374926196,6344.235475442051,
2022-10-02,,,,,,,,,,8337.0,192.0,,,,,,,,,,,,,191.99999579498956,192.09940638978003,6449.165028859079,6356.804138391176,
2022-10-03,,,,,,,,,,8562.0,192.0,,,,,133.05,39.5,25.28,,,,,,191.9999984530631,192.087725831078,6450.451375953878,6367.895944513408,
2022-10-04,,,,,,,,,,8595.0,192.0,,,,,148.1,89.32,9.98,,,,,,191.9999994309137,192.07741777420298,6450.924596604265,6377.684429060347,
2022-10-05,,,,,,,,,,8683.0,192.0,,,,,102.26,183.9,18.9,,,,,,191.99999979064484,192.06832094593912,6451.09868475268,6386.322736354017,
2022-10-06,7.81,38.7,2.73,1.26,2523.5,17611.5,26135.0,,67.69999999999999,8700.0,192.0,5.69,5.38,3.35,141126.0,131.74,77.62,17.63,67.69999999999999,5889.899999999999,6432.0,27096.192,0.804,191.99999992298254,192.0602930231729,6439.026013473926,6391.68995631388,0.14328705675269002
2022-10-07,7.82,38.7,2.68,1.1400000000000001,2497.0,17564.5,25883.5,,67.95,8455.0,192.0,5.62,5.27,3.29,139407.0,137.52,,14.59,67.95,5745.1725,6316.800000000001,26766.144,0.7896000000000002,191.99999997166685,192.05320840619754,6361.764437533402,6382.890154481695,0.14216174670500156
2022-10-08,,,,,,,,,,8450.0,192.0,,,,,107.41,178.87,23.49,,,,,,191.99999998957682,192.0469562536608,6333.341492152376,6375.124356621433,
2022-10-09,,,,,,,,,,8614.0,192.0,,,,,,,,,,,,,191.9999999961655,192.04143874841262,6322.885274889159,6368.271064063654,
2022-10-10,7.84,38.5,2.67,1.0950000000000002,2623.0,17578.0,28498.0,,68.35,8651.0,192.0,5.57,5.07,3.35,139928.0,201.18,90.92,24.48,68.35,5912.9585,6432.0,26866.176,0.804,191.99999999858937,192.03656956712112,6391.858935902648,6375.759411431162,0.14922061667994083
2022-10-11,7.845,38.5,2.675,1.12,2737.0,17833.0,28574.0,,67.85,8879.0,192.0,5.6,5.31,3.48,143809.0,103.52,76.81,13.89,67.85,6024.401499999999,6681.599999999999,27611.328,0.8351999999999999,191.99999999948108,192.03227252971325,6575.010219255446,6411.696627903351,0.1534795042897998
2022-10-12,,,,,,,,,,9230.0,192.0,,,,,128.17,47.62,16.37,,,,,,191.99999999980912,192.0284804075105,6642.387811025106,6443.411110127569,
2022-10-13,7.75,38.5,2.76,1.3,2823.5,17382.5,29480.5,,66.35,9186.0,192.0,5.34,5.3,3.66,138775.0,155.37,89.53,15.6,66.35,6094.911,7027.200000000001,26644.8,0.8784000000000001,191.9999999999298,192.02513387141235,6885.635506963958,6512.008112924281,0.1624334819502373
2022-10-14,7.77,38.4,2.71,1.25,2669.0,17371.0,28692.0,,66.80000000000001,9093.0,192.0,5.41,5.12,3.42,142165.0,106.01,134.13,16.18,66.80000000000001,6074.124000000002,6566.4,27295.68,0.8208,191.9999999999742,192.02218056367136,6683.840179903983,6518.399328129946,0.1536468827355938
2022-10-15,,,,,,,,,,8679.0,192.0,,,,,128.15,102.8,22.7,,,,,,191.9999999999905,192.01957427873754,6609.603827754151,6524.039555752698,
2022-10-16,,,,,,,,,,8801.0,192.0,,,,,,,,,,,,,191.9999999999965,192.0172742403562,6582.293800010664,6529.017039159648,
2022-10-17,7.765,38.5,2.615,1.045,2539.0,17401.5,30264.0,,67.75,9028.0,192.0,5.73,5.33,3.4,142326.0,103.25,39.37,24.11,67.75,6116.47,6528.0,27326.592,0.816,191.99999999999872,192.01524446360884,6547.973572806997,6528.897533908197,0.145906962043502
2022-10-18,7.78,38.5,2.7,1.06,2550.5,17643.0,28166.5,,67.85,8699.0,192.0,5.87,5.02,3.15,141009.0,207.36,41.49,11.23,67.85,5902.271499999999,6047.999999999999,27073.728,0.7559999999999999,191.99999999999955,192.01345319191637,6231.929998564727,6472.390584134554,0.14456158249730772
2022-10-19,7.79,38.4,2.6500000000000004,1.105,2564.5,17708.0,27354.5,,68.0,8722.0,192.0,5.88,4.97,3.09,139284.0,107.47,180.56,19.83,68.0,5930.96,5932.799999999999,26742.528,0.7415999999999999,191.99999999999983,192.01187240019607,6042.843776709606,6408.987019162556,0.14482154958210977
2022-10-20,7.775,38.4,2.5149999999999997,1.0150000000000001,2611.0,17610.0,26324.0,,68.19999999999999,8481.0,192.0,5.85,5.28,3.42,127289.0,100.72,77.31,11.47,68.19999999999999,5784.0419999999995,6566.4,24439.488,0.8208,191.99999999999994,192.01047735639926,6373.794429154099,6427.483531984347,0.14826802952867688
2022-10-21,7.765,38.4,2.56,1.0750000000000002,2552.0,17746.5,29102.5,,67.9,8749.0,192.0,5.79,5.14,3.34,133071.0,135.34,,16.4,67.9,5940.571000000001,6412.8,25549.632,0.8016,192.0,192.00924623456962,6398.450652394637,6425.758171495188,0.14380300340912291
2022-10-22,,,,,,,,,,8987.0,192.0,,,,,80.48,87.59,22.19,,,,,,192.0,192.00815977336825,6407.521170021764,6424.235546207664,
2022-10-23,,,,,,,,,,8890.0,184.0,,,,,,,,,,,,,186.94303552937154,191.06717619540004,6410.8580269775675,6422.891834107627,
2022-10-24,,,,,,,,,,8471.0,184.0,,,,,155.39,88.95,23.57,,,,,,185.0826822658929,190.23676110246012,6412.085588049737,6421.7060123413785,
2022-10-25,8.094999999999999,37.9,2.8449999999999998,1.1,2877.5,18399.5,29797.5,,67.35,8763.0,192.0,5.67,5.36,3.36,126572.0,203.19,128.43,15.09,67.35,5901.880499999999,6451.2,24301.824,0.8064,189.4552610175714,190.44394713440437,6436.810611989988,6425.171647246398,0.15639011929672003
2022-10-26,8.025,37.9,2.781,1.05,3016.0,18128.5,30000.0,,67.0,8818.0,192.0,5.61,5.56,3.74,135047.0,103.2,38.19,15.66,67.0,5908.06,7180.8,25929.024,0.8976000000000001,191.06384284521698,190.62678816585395,6907.101599701393,6513.960319189846,0.16636787378988885
2022-10-27,8.004999999999999,38.0,2.69,1.1949999999999998,2967.0,17973.0,27786.0,,66.6,8765.0,192.0,5.7,5.37,3.74,120453.0,156.04,89.26,15.45,66.6,5837.49,7180.8,23126.976,0.8976000000000001,191.65560702904978,190.7881448097736,7080.111985448631,6592.316047164539,0.16508095476548157
2022-10-28,8.030000000000001,38.1,2.835,1.2,2953.5,17966.5,28897.0,,67.15,8411.0,192.0,5.98,5.14,3.39,117329.0,137.4,89.03,15.64,67.15,5647.9865,6508.8,22527.168,0.8136,191.87330490630347,190.93054154824412,6718.97393394139,6582.502652938814,0.16438928004898004
2022-10-29,,,,,,,,,,8726.0,192.0,,,,,78.6,149.74,21.18,,,,,,191.95339147973175,191.0562062288825,6586.1186693671625,6573.842362930771,
2022-10-30,,,,,,,,,,9065.0,192.0,,,,,,,,,,,,,191.9828536836099,191.16710492031018,6537.243948878911,6566.199683823188,
2022-10-31,8.045,38.1,2.665,1.0150000000000001,2652.0,18184.0,27312.0,,67.45,9220.0,192.0,5.88,5.31,3.2,131978.0,153.84,39.02,25.54,67.45,6218.89,6144.000000000001,25339.776,0.7680000000000001,191.99369222270826,191.26497267199576,6288.666364157625,6516.589913246159,0.14584249890013198
2022-11-01,8.045,38.1,2.76,1.0899999999999999,2709.0,18142.0,27680.0,,67.69999999999999,9306.0,196.0,6.04,5.59,3.58,134063.0,126.24,91.72,10.33,67.69999999999999,6300.161999999998,7016.800000000001,26276.348,0.8771000000000001,194.5261617337291,191.82135304938285,6748.934604948177,6575.366147798164,0.14932201521331717
2022-11-02,8.04,38.0,2.66,1.05,2678.0,17905.0,28890.0,,67.80000000000001,9657.0,200.0,5.93,5.78,3.96,154959.0,128.59,89.13,18.63,67.80000000000001,6547.446000000001,7920.0,30991.8,0.99,197.98628743754142,192.78236939874742,7489.1891168931215,6733.364790321487,0.14956716001117007
2022-11-03,8.059999999999999,38.0,2.6950000000000003,1.01,2528.5,18287.5,32579.5,,67.85,10020.0,204.0,5.92,5.68,3.67,143838.0,104.39,130.06,18.16,67.85,6798.57,7486.799999999999,29342.952,0.93585,201.78767878315705,194.10047574005642,7487.678906987534,6821.8957611605365,0.13826384142173617
2022-11-04,,,,,,,,,,9800.0,204.0,,,,,163.52,39.18,14.83,,,,,,203.1861325070561,195.26370050353876,7487.1233318114155,6900.024068708805,
2022-11-05,,,,,,,,,,9808.0,204.0,,,,,79.79,89.06,21.05,,,,,,203.7005948815082,196.2902427543216,7486.918947126096,6968.972058124329,
2022-11-06,,,,,,,,,,9654.0,204.0,,,,,,,,,,,,,203.88985501232537,197.1961631110097,7486.843758202276,7029.818445222964,
2022-11-07,,,,,,,,,,9348.0,204.0,,,,,155.48,87.19,21.65,,,,,,203.9594799234864,197.99563501977525,7486.816097743,7083.515193370973,
2022-11-08,,,,,,,,,,9137.0,204.0,,,,,184.73,168.8,16.28,,,,,,203.98509349689596,198.70116650296424,7486.805922028698,7130.902407290456,
2022-11-09,,,,,,,,,,9308.0,204.0,,,,,49.96,,16.19,,,,,,203.99451620396826,199.32379585155445,7486.802178592608,7172.721476796513,
2022-11-10,,,,,,,,,,9065.0,204.0,,,,,128.68,88.78,17.1,,,,,,203.99798262418034,199.8732643231436,7486.800801459431,7209.626676104579,
2022-11-11,8.059999999999999,38.0,2.6799999999999997,1.13,2713.0,17932.0,30270.0,,67.75,9015.0,204.0,6.13,5.16,3.25,109616.0,162.72,88.4,16.52,67.75,6107.6625,6630.0,22361.664,0.82875,203.99925784891084,200.35816854738889,6945.199400036139,7141.518746317695,0.15129377648895828
2022-11-12,,,,,,,,,,9696.0,204.0,,,,,129.81,148.79,21.24,,,,,,203.99972697787206,200.78609502333555,6745.955379142868,7081.413709239321,
2022-11-13,,,,,,,,,,9794.0,204.0,,,,,,,,,,,,,203.99989956077215,201.1637388128924,6672.6576000799005,7028.371200187924,
2022-11-14,8.115,38.0,2.8,1.0950000000000002,3013.0,18257.5,29994.0,,67.45,9974.0,204.0,5.82,5.25,3.16,163872.0,157.2,39.41,25.66,67.45,6727.463000000001,6446.4,33429.888,0.8058,203.999963050473,201.49700828745665,6529.6355194781845,6959.987781559282,0.16502807065589484
2022-11-15,8.120000000000001,38.0,2.6550000000000002,1.03,2857.0,18247.5,29638.0,,67.45,9152.0,184.0,5.65,5.31,3.29,159026.0,183.67,91.21,11.77,67.45,6173.024,6053.6,29260.784,0.7567,191.3575752304575,199.44105561817747,6228.723680883392,6853.484409766589,0.1565693930675435
2022-11-16,8.09,37.9,2.75,1.1549999999999998,3117.0,17802.0,32810.0,,67.25,9603.0,173.0,5.51,5.6,3.8,165542.0,51.21,88.72,23.06,67.25,6458.0175,6574.0,28638.766,0.82175,179.75337451704343,196.33414968410864,6446.97994067365,6820.644125939698,0.17509268621503202
2022-11-17,8.105,37.7,2.74,1.15,3045.5,17981.5,27541.0,,67.55,9111.0,193.0,5.74,5.51,3.68,140747.0,130.95,83.16,14.2,67.55,6154.4805,7102.400000000001,27164.171,0.8878,188.12683881992257,195.94237676897927,6861.28443484247,6853.751313856768,0.1693685176431332
2022-11-18,,,,,,,,,,8477.0,152.0,,,,,109.42,85.05,15.7,,,,,,165.2903212763639,190.77901139082948,7013.698540632112,6882.968304646869,
2022-11-19,,,,,,,,,,9275.0,198.0,,,,,135.67,88.86,23.69,,,,,,185.96678167025135,191.62749991880835,7069.76855669665,6908.752208521975,
2022-11-20,,,,,,,,,,9586.0,196.0,,,,,,,,,,,,,192.308985247701,192.1412822217975,7090.395562872946,6931.506423828296,
2022-11-21,8.115,37.9,2.75,0.99,2607.5,18338.0,27484.0,,67.25,9938.0,204.0,5.89,5.35,3.32,138084.0,182.84,180.76,29.01,67.25,6683.305,6772.8,28169.136,0.8466,199.69911602619715,193.53471829211142,6889.636878188228,6912.857927448749,0.1421910786345294
2022-11-22,8.120000000000001,37.9,2.82,1.1,2673.5,18393.0,29570.0,,67.15,10174.0,204.0,5.96,5.43,3.5,142716.0,132.69,77.26,16.27,67.15,6831.841000000001,7140.0,29114.064,0.8925,202.4177932071742,194.7644213081131,7047.8965546579475,6939.547824526876,0.14535421084108086
2022-11-23,8.105,37.9,2.66,1.19,2603.0,18127.0,26662.0,,67.30000000000001,10584.0,204.0,5.9,5.36,3.61,131281.0,131.18,,22.44,67.30000000000001,7123.032000000001,7364.4,26781.324,0.92055,203.4179386492376,195.84963041083353,7247.96488939873,6989.469271088641,0.14359794781265517
2022-11-24,8.115,38.0,2.67,1.17,2577.0,18237.0,32553.0,,67.44999999999999,10469.0,204.0,5.84,5.33,3.43,154453.0,51.15,89.02,17.96,67.44999999999999,7061.340499999999,6997.200000000001,31508.412,0.87465,203.78587159555406,196.80732408264092,7089.451247377424,6990.377655681004,0.14130613587761146
2022-11-25,8.129999999999999,37.9,2.8499999999999996,1.185,2915.0,18482.0,31343.0,,67.80000000000001,10337.0,204.0,5.95,5.12,3.29,149160.0,216.26,87.97,17.09,67.80000000000001,7008.486000000001,6711.599999999999,30428.64,0.83895,203.9212265622335,197.65248578163582,6850.603705731139,6957.620417648281,0.15772102586300185
2022-11-26,,,,,,,,,,10464.0,204.0,,,,,133.04,103.23,24.11,,,,,,203.97102087173533,198.39833836318195,6762.736605585131,6928.712256547176,
2022-11-27,,,,,,,,,,10775.0,204.0,,,,,,,,,,,,,203.98933917448835,199.05655095618113,6730.412105886062,6903.200893916035,
2022-11-28,8.105,37.9,2.6550000000000002,1.06,2506.0,18207.0,35117.5,,68.0,11043.0,204.0,5.85,4.88,3.02,123025.0,185.09,85.23,29.34,68.0,7509.24,6160.8,25097.1,0.7701,203.99607810146836,199.6374215307451,6370.348583197853,6815.966489356935,0.1376393694732795
2022-11-29,8.100000000000001,37.9,2.9000000000000004,1.1,2880.5,18118.0,31395.0,,68.5,10341.0,204.0,6.04,4.97,2.87,129546.0,212.86,91.54,21.67,68.5,7083.585,5854.8,26427.384,0.73185,203.99855721415986,200.1500380136003,6044.459724683555,6703.026449725605,0.15898553924274203
2022-11-30,,,,,,,,,,9594.0,210.0,,,,,103.0,88.61,19.8,,,,,,207.79219258172276,201.30743905642626,5924.571913529316,6603.357214573174,
2022-12-01,8.120000000000001,37.9,2.67,1.03,2945.0,17908.0,38132.5,,68.15,9976.0,209.0,6.07,4.8,2.97,152224.0,132.38,77.05,17.59,68.15,6798.644,6207.3,31814.816,0.7759125,208.55567248192148,202.21133879435294,6103.290149545694,6556.819265107109,0.164451641724369
2022-12-02,8.135,37.9,2.63,1.0950000000000002,2765.0,18154.0,35015.5,,68.0,10018.0,204.0,6.08,4.91,3.08,145163.0,242.34,47.57,15.72,68.0,6812.24,6283.200000000001,29613.252,0.7854000000000001,205.67593824680938,202.42151202624325,6217.0148647536325,6524.668153944497,0.15230803128787043
2022-12-03,,,,,,,,,,9936.0,204.0,,,,,130.84,41.9,26.45,,,,,,204.6165432256741,202.60698925239265,6258.85184943171,6496.294897928839,
2022-12-04,,,,,,,,,,9951.0,200.0,,,,,,89.59,,,,,,,201.6983313420048,202.30065994030784,6274.24281597538,6471.2555873787815,
2022-12-05,8.215,37.9,2.625,1.21,2588.0,18469.0,28259.0,,67.55,10220.0,199.0,5.86,4.77,2.86,144972.0,240.81,42.02,30.35,67.55,6903.61,5691.4,28849.428,0.711425,199.9926606261921,201.91282217380672,5905.815889431813,6379.620140325064,0.14012669879257134
2022-12-06,,,,,,,,,,10555.0,204.0,,,,,186.49,129.88,12.7,,,,,,202.52578223057924,202.15807203324118,5770.279197582453,6298.752142133204,
2022-12-07,8.205,38.0,2.69,1.05,3164.0,18709.0,33414.0,,67.30000000000001,10566.0,208.0,5.71,4.67,2.76,138418.0,128.9,87.05,19.26,67.30000000000001,7110.9180000000015,5740.799999999999,28790.944,0.7175999999999999,205.9861478261347,202.84451666421302,5751.644790732815,6233.191037222992,0.16911646801004865
2022-12-08,8.184999999999999,38.0,2.75,1.03,2960.0,18504.0,25219.5,,66.85,10921.0,224.0,5.7,4.98,3.22,134565.0,105.54,130.03,17.48,66.85,7300.6885,7212.8,30142.56,0.9016000000000001,217.37307412893347,205.33035148348796,6675.2710381500465,6348.298124605182,0.1599654128837008
2022-12-09,8.16,37.9,2.745,1.17,3441.0,18163.0,28202.5,,67.0,10966.0,224.0,5.75,4.84,3.08,140412.0,161.02,70.16,17.19,67.0,7347.22,6899.200000000001,31452.288,0.8624,221.56209021386746,207.52409301183505,6816.821138652538,6413.030801336029,0.18945108186973517
2022-12-10,,,,,,,,,,11057.0,224.0,,,,,131.6,57.07,23.36,,,,,,223.10314311025118,209.46006311567254,6868.894510523156,6470.157188047011,
2022-12-11,,,,,,,,,,10666.0,224.0,,,,,,,,,,,,,223.67006478858846,211.1685507358055,6888.051233466832,6520.571047375302,
2022-12-12,8.145,38.0,2.9050000000000002,1.145,3601.0,18374.0,27960.0,,67.15,10899.0,224.0,5.57,5.35,3.26,168405.0,182.12,175.09,26.18,67.15,7318.678500000001,7302.400000000001,37722.72,0.9128000000000001,223.87862361880315,212.67628576867696,7149.969607317702,6612.438370957746,0.19598345488189833
2022-12-13,8.145,37.9,2.68,1.1,3768.5,18108.0,28602.0,,66.45,11229.0,224.0,5.72,5.25,3.41,160239.0,177.73,91.77,11.04,66.45,7461.6705,7638.400000000001,35893.536,0.9548000000000001,223.9553481247139,214.00685726510432,7458.716500088888,6732.992040199565,0.20811243649215816
2022-12-14,,,,,,,,,,11564.0,224.0,,,,,127.11,89.73,19.55,,,,,,223.98357349307253,215.1810824893688,7572.298134464971,6839.380279900678,
2022-12-15,,,,,,,,,,11376.0,216.0,,,,,105.36,77.78,14.23,,,,,,218.93699255518266,215.27730783339567,7614.082482646583,6933.267571908338,
2022-12-16,,,,,,,,,,11156.0,210.0,,,,,104.69,,21.74,,,,,,213.28773582695393,214.6572078169571,7629.454085305348,7016.122816297154,
2022-12-17,,,,,,,,,,10827.0,204.0,,,,,156.27,88.06,16.2,,,,,,207.4167670657678,213.404952888665,7635.108981901363,7089.242312833173,
2022-12-18,,,,,,,,,,10111.0,204.0,,,,,,,,,,,,,205.25695835876766,212.29984179320093,7637.189302100988,7153.7700420447545,
2022-12-19,8.22,37.9,2.75,1.06,3285.0,18578.0,27133.0,,66.85,9939.0,204.0,5.85,4.72,2.88,132827.0,210.14,133.49,20.97,66.85,6644.221499999999,5875.2,27096.708,0.7343999999999999,204.46240913859924,211.324584674442,6523.399639806971,7003.534101841952,0.1768220475831629
2022-12-20,8.205,37.9,2.5700000000000003,0.95,3107.5,18619.0,25328.0,,66.8,9955.0,204.0,5.85,5.47,3.65,161105.0,130.79,76.91,10.76,66.8,6649.94,7446.000000000001,32865.42,0.9307500000000001,204.17011081550046,210.46392328791367,7106.594295067618,7055.525215376212,0.1668994038347924
2022-12-21,,,,,,,,,,10189.0,204.0,,,,,127.79,47.9,18.91,,,,,,204.06258027174354,209.70439228012825,7321.139618939076,7101.407212032121,
2022-12-22,8.190000000000001,37.9,2.62,0.955,3290.5,18479.0,27566.0,,66.65,9888.0,204.0,5.63,5.11,3.31,128335.0,131.58,88.04,16.31,66.65,6590.352000000001,6752.4,26180.34,0.84405,204.0230219953974,209.03410851834067,6961.627613187366,7060.397783598031,0.17806699496726014
2022-12-23,8.225,37.5,2.585,1.095,3421.0,18674.0,27401.5,,66.45,9793.0,204.0,5.5,5.65,3.9,135490.0,133.67,88.68,13.05,66.45,6507.4484999999995,7956.0,27639.96,0.9945,204.00846931880145,208.4425851747104,7590.190842023055,7165.633818077365,0.18319588732997752
2022-12-24,,,,,,,,,,10027.0,204.0,,,,,126.35,148.56,17.3,,,,,,204.00311568826777,207.92056765615015,7821.426331388046,7258.504292545662,
2022-12-25,,,,,,,,,,10147.0,204.0,,,,,,,,,,,,,204.00114619765884,207.45988881292587,7906.493113994644,7340.462198605496,
2022-12-26,8.120000000000001,37.8,2.5549999999999997,1.01,3559.5,18213.0,29570.5,,63.650000000000006,10116.0,204.0,4.85,6.09,4.32,141109.0,181.43,38.68,21.37,63.650000000000006,6438.834,8812.800000000001,28786.236,1.1016000000000001,204.00042166255423,207.05334116069417,8479.38832924652,7513.466450711137,0.19543732498764618
2022-12-27,8.14,37.8,2.5650000000000004,1.12,3541.0,18168.0,27940.0,,63.150000000000006,10235.0,204.0,4.82,6.75,4.78,162405.0,154.17,78.97,10.97,63.150000000000006,6463.4025,9751.2,33130.62,1.2189,204.00015512098483,206.69456411684666,9283.326633287892,7776.407073942946,0.1949031263760458
2022-12-28,8.094999999999999,38.2,2.6550000000000002,1.255,3738.0,17934.0,26161.0,,62.2,10906.0,200.0,4.64,7.32,5.45,179784.0,76.85,91.81,18.69,62.2,6783.532000000001,10900.0,35956.8,1.3625,201.471574830507,205.90793209727116,10305.259105297195,8143.438917819497,0.20843091334894615
2022-12-29,8.08,38.0,2.605,0.96,4090.0,17779.0,30392.5,,61.3,10647.0,180.0,4.51,7.22,5.11,144747.0,185.12,129.75,16.27,61.3,6526.611,9198.0,26054.46,1.14975,187.89895094971774,202.86366982821383,9605.337860888723,8267.353111389446,0.23004668429045502
2022-12-30,8.11,38.0,2.5949999999999998,1.1949999999999998,3375.0,18058.0,33622.0,,61.7,9982.0,168.0,4.51,7.4,5.45,141930.0,134.55,38.94,12.38,61.7,6158.894,9156.0,23844.24,1.1445,175.3204149552801,198.76708063613071,9321.302161160915,8371.771873309748,0.18689777383984937
2022-12-31,,,,,,,,,,10475.0,174.0,,,,,104.43,88.41,20.59,,,,,,174.48575351586288,195.85687194744827,9216.81126667231,8463.921107276134,
2023-01-01,,,,,,,,,,10982.0,180.0,,,,,,,,,,,,,177.97142208493403,193.99364037830367,9178.371214800338,8545.24252082701,
2023-01-02,8.115,38.1,2.69,1.11,3750.5,18418.0,33831.5,,61.650000000000006,11177.0,186.0,4.18,7.47,5.47,200266.0,181.8,134.05,23.69,61.650000000000006,6890.620500000001,10174.199999999999,37249.476,1.2717749999999999,183.04645124320416,193.05436287422813,9807.855062998311,8736.650070187827,0.2036323162124009
2023-01-03,8.14,38.1,2.765,1.16,4043.5,18260.0,28326.0,,61.650000000000006,11738.0,192.0,4.25,7.41,5.8,155911.0,152.54,77.01,14.42,61.650000000000006,7236.477000000001,11136.0,29934.912,1.392,188.70617348684868,192.93047197070652,10647.402782781139,9018.58111872419,0.22144030668127054
2023-01-04,8.145,38.0,2.77,1.09,3515.0,18528.0,29917.5,,61.95,12042.0,192.0,4.31,7.28,5.31,162894.0,131.46,,16.65,61.95,7460.019,10195.2,31275.648,1.2744000000000002,190.7882689430262,192.82113863209028,10361.556107025697,9156.837481751547,0.1897128670120898
2023-01-05,8.14,38.0,2.7350000000000003,1.0550000000000002,3443.5,18680.0,28900.0,,62.0,12153.0,192.0,4.23,7.24,5.46,169881.0,156.96,88.86,15.76,62.0,7534.86,10483.2,32617.152,1.3104,191.5542290559104,192.7246522994122,10438.449712630696,9312.689185941435,0.18434154175588865
2023-01-06,,,,,,,,,,12314.0,198.0,,,,,134.22,181.39,14.27,,,,,,195.6287333871692,193.3445219941745,10466.737289290319,9450.227832151544,
2023-01-07,,,,,,,,,,12440.0,204.0,,,,,133.6,56.97,20.74,,,,,,200.92038311657467,194.59657366430073,10477.143707183955,9571.605261417642,
2023-01-08,,,,,,,,,,12411.0,204.0,,,,,,,,,,,,,202.86707226190336,195.701505385063,10480.972014383264,9678.720466788654,
2023-01-09,8.17,37.6,2.8499999999999996,1.21,3472.5,18868.0,32499.5,,62.05,12244.0,204.0,4.28,7.42,5.49,149683.0,130.55,169.32,24.06,62.05,7597.401999999999,11199.6,30535.332,1.39995,203.5832191768214,196.67660420620317,10935.231538241156,9857.428522736682,0.18404176383294465
2023-01-10,8.155000000000001,37.6,2.8499999999999996,1.135,3665.0,18510.0,33584.5,,61.8,11867.0,204.0,4.31,7.51,5.64,152316.0,129.56,89.12,13.26,61.8,7333.806,11505.599999999999,31072.464,1.4382,203.8466749036781,197.53712589557324,11295.77316902634,10051.093776386846,0.19800108049702864
2023-01-11,8.155000000000001,37.6,2.735,1.2650000000000001,3593.5,18380.0,27712.0,,62.150000000000006,11714.0,204.0,4.49,6.85,5.36,192814.0,159.45,88.88,13.55,62.150000000000006,7280.251000000001,10934.4,39334.056,1.3668,203.94359484924755,198.2965336210492,11067.341759475763,10154.884993627697,0.1955114254624592
2023-01-12,8.16,37.6,2.61,1.04,3431.5,18468.0,26917.0,,62.45,11920.0,204.0,4.41,6.98,5.19,154065.0,134.38,107.24,14.99,62.45,7444.04,10587.6,31429.26,1.32345,203.979249704662,198.96670858658055,10764.087130382548,10205.730347174569,0.1858078839072991
2023-01-13,8.155000000000001,37.5,2.8600000000000003,1.13,3602.5,18308.0,28216.0,,62.150000000000006,12068.0,204.0,4.51,7.01,5.39,186387.0,135.83,61.78,15.29,62.150000000000006,7500.262000000001,10995.6,38022.948,1.37445,203.9923663929469,199.5581359178517,10910.431174901136,10298.542477935987,0.196771902993227
2023-01-14,,,,,,,,,,11869.0,196.0,,,,,54.38,41.66,21.43,,,,,,198.94022728227472,199.14004392647914,10964.268140217402,10380.448895855216,
2023-01-15,,,,,,,,,,11849.0,204.0,,,,,,,,,,,,,202.13861364014872,199.71110381842067,10984.073652932315,10452.731055970735,
2023-01-16,8.16,37.5,2.795,1.155,3509.5,18610.0,32621.0,,62.349999999999994,11682.0,204.0,4.4,6.81,4.89,186289.0,157.24,226.64,22.38,62.349999999999994,7283.727,9975.6,38002.956,1.24695,203.31523422613378,200.21506240424935,10346.596723876864,10396.666679021091,0.1885814078452445
2023-01-17,8.165,37.5,2.59,1.17,3325.0,18818.0,33079.5,,62.150000000000006,11831.0,204.0,4.45,6.9,5.11,190310.0,158.6,77.95,15.71,62.150000000000006,7352.9665,10424.4,38823.24,1.30305,203.74808874977677,200.65980429527409,10395.777774258513,10399.92543013773,0.17669252843022637
2023-01-18,8.15,37.5,2.875,1.2149999999999999,3610.5,18518.0,35195.0,,62.05,11987.0,204.0,4.52,6.95,5.21,200493.0,157.73,,15.85,62.05,7437.9335,10628.4,40900.572,1.32855,203.9073270300431,201.05228763655302,10542.823065590164,10426.771899777199,0.19497245922885842
2023-01-19,8.184999999999999,37.4,2.785,1.1549999999999998,3370.0,18758.0,30977.5,,62.2,12024.0,204.0,4.71,6.95,4.99,158338.0,104.12,88.59,14.85,62.2,7478.928000000001,10179.6,32300.952,1.27245,203.96590751960056,201.39865296954773,10313.222298389888,10397.728435959329,0.17965667981661157
2023-01-20,8.2,37.4,2.7649999999999997,1.15,3241.0,18940.0,30070.0,,62.25,11893.0,204.0,4.62,6.82,4.86,163011.0,186.95,88.96,15.41,62.25,7403.3925,9914.400000000001,33254.244,1.2393000000000003,203.98745807736253,201.70431930307825,10061.118524258383,10340.935847665165,0.17111932418162618
2023-01-21,,,,,,,,,,10851.0,204.0,,,,,53.46,18.05,41.89,,,,,,203.99538608450894,201.9740688956433,9968.374728713674,10290.816564405803,
2023-01-22,,,,,,,,,,12935.0,204.0,,,,,,,,,,,,,203.99830263534756,202.21212207555544,9934.256193036568,10246.586452169657,
2023-01-23,,,,,,,,,,11592.0,204.0,,,,,50.71,,,,,,,,203.9993755744402,202.4222032694783,9921.704685198087,10207.553515120288,
2023-01-24,,,,,,,,,,10804.0,204.0,,,,,154.17,155.59,13.04,,,,,,203.99977028667402,202.6075992724065,9917.087243508606,10173.10706907544,
2023-01-25,8.035,37.9,2.66,1.1099999999999999,2804.5,18258.0,30816.0,,63.75,10245.0,204.0,4.79,5.9,4.19,131348.0,185.21,37.37,14.59,63.75,6531.1875,8547.6,26794.992,1.0684500000000001,203.99991549319003,202.77121067074222,9051.406201833364,9982.10495358844,0.15360389966042282
2023-01-26,,,,,,,,,,11028.0,204.0,,,,,155.3,163.49,13.05,,,,,,203.99996891168198,202.91559722300101,8732.939943989164,9813.546178284056,
2023-01-27,8.06,37.8,2.715,1.1150000000000002,2886.5,18418.0,31228.0,,62.849999999999994,11669.0,204.0,4.72,6.31,4.58,174026.0,111.01,,19.56,62.849999999999994,7333.966499999999,9343.2,35501.304,1.1679000000000002,203.99998856324694,203.04301790814426,9118.697871625482,9758.27904547818,0.15672168530785102
2023-01-28,,,,,,,,,,12224.0,204.0,,,,,76.98,89.08,17.03,,,,,,203.9999957926537,203.1554662681084,9260.610282471784,9709.505971962264,
2023-01-29,,,,,,,,,,12528.0,204.0,,,,,,,,,,,,,203.99999845220378,203.25470159747746,9312.816940869212,9666.463885654937,
2023-01-30,7.970000000000001,38.0,2.745,1.1549999999999998,3049.5,18188.0,32600.5,,63.05,12746.0,204.0,4.34,7.18,5.34,155079.0,131.97,174.09,23.77,63.05,8036.352999999999,10893.599999999999,31636.116,1.3617,203.9999994305976,203.34227646827262,10312.06241159368,9810.656180040787,0.16766549373213108
2023-01-31,7.98,38.0,2.8,1.185,3331.5,18340.0,32167.0,,62.5,12851.0,204.0,4.41,7.39,5.49,168301.0,183.1,76.45,16.83,62.5,8031.875,11199.6,34333.404,1.39995,203.9999997905286,203.4195610204936,10873.093167958434,9973.86138102198,0.18165212649945475
2023-02-01,7.975,38.0,2.69,1.13,3340.0,18428.0,29759.0,,62.75,12813.0,204.0,4.42,7.23,5.43,149449.0,128.11,,17.18,62.75,8040.1575,11077.199999999999,30487.596,1.38465,203.99999992293976,203.48776439844625,11002.113292689275,10103.50708624993,0.1812459301063599
2023-02-02,7.995,38.0,2.73,1.11,3523.5,18268.0,33544.0,,63.0,12648.0,199.0,4.32,7.47,5.56,143738.0,131.71,41.62,16.96,63.0,7968.24,11064.4,28603.862,1.38305,200.83939717750832,202.96043818115822,11041.486000922121,10216.414979900077,0.19287825706152836
2023-02-03,8.004999999999999,38.0,2.77,1.205,3400.5,18410.0,33592.5,,62.75,12516.0,204.0,4.37,7.51,5.6,152174.0,138.07,134.3,15.7,62.75,7853.79,11424.0,31043.496,1.428,202.8372791998969,203.08258991482694,11283.280963778976,10358.309960154262,0.18470939706681153
2023-02-04,,,,,,,,,,13028.0,214.0,,,,,54.68,101.5,20.46,,,,,,209.89346451010525,204.36541941558895,11372.232359592825,10483.531840720882,
2023-02-05,,,,,,,,,,12363.0,204.0,,,,,,,,,,,,,206.16808443054126,204.32248150240153,11404.955749376244,10594.039762456741,
2023-02-06,8.024999999999999,38.2,2.7199999999999998,1.19,3159.5,18538.0,30079.0,,62.75,11780.0,204.0,4.31,6.58,4.77,125797.0,157.28,38.7,23.19,62.75,7391.95,9730.8,25662.588,1.2163499999999998,204.79759368872004,204.2845889270102,10346.68748151449,10492.606416555935,0.17043370374366168
2023-02-07,,,,,,,,,,11514.0,204.0,,,,,156.52,89.3,14.06,,,,,,204.2934183204882,204.25114884659638,9957.372342524037,10403.091802979681,
2023-02-08,7.98,38.1,2.83,1.22,3508.5,18168.0,31011.0,,62.45,11687.0,204.0,4.25,7.03,5.23,106244.0,107.49,184.14,15.03,62.45,7298.5315,10669.2,21673.776,1.33365,204.1079425677707,204.22163807920901,10407.333239157368,10434.360340377198,0.19311426684280053
2023-02-09,7.965,38.0,2.84,1.2349999999999999,3574.5,18098.0,29739.5,,62.150000000000006,12223.0,204.0,4.23,7.24,5.41,112579.0,156.81,77.34,15.3,62.150000000000006,7596.594500000001,11036.4,22966.116,1.37955,204.0397098515101,204.19559491839675,10804.979271561682,10505.101865149793,0.19750801193502043
2023-02-10,,,,,,,,,,11871.0,204.0,,,,,153.73,,13.26,,,,,,204.01460843798253,204.17261190964643,10951.265071746624,10567.531041645718,
2023-02-11,,,,,,,,,,11521.0,204.0,,,,,76.84,88.13,19.49,,,,,,204.0053741440014,204.1523294756122,11005.080610169978,10622.624596534279,
2023-02-12,,,,,,,,,,11194.0,204.0,,,,,,,,,,,,,204.00197703709202,204.1344302904001,11024.878240371501,10671.244488075808,
2023-02-13,7.99,37.9,2.7249999999999996,1.09,4110.5,18008.0,30611.0,,62.25,11136.0,204.0,4.21,6.78,4.94,184572.0,132.09,180.77,22.56,62.25,6932.16,10077.6,37652.688,1.2597,204.00072731130058,204.11863431489164,10426.084189701734,10601.489421963319,0.228259662372279
2023-02-14,7.99,37.9,2.635,1.18,4352.0,17868.0,33567.5,,62.2,11183.0,204.0,4.21,6.84,5.04,176049.0,181.08,77.45,14.89,62.2,6955.826,10281.6,35913.996,1.2852000000000001,204.00026756287482,204.10469441543214,10334.752762965583,10563.901424052205,0.24356391314081038
2023-02-15,7.97,37.9,2.61,1.205,4327.0,17840.0,31138.5,,62.150000000000006,11504.0,204.0,4.07,7.23,5.61,131059.0,132.88,,14.2,62.150000000000006,7149.736000000001,11444.4,26736.036,1.43055,204.00009843088088,204.09239249733676,11036.183594542345,10667.362733995924,0.24254484304932736
2023-02-16,7.95,38.0,2.645,1.205,4094.5,17698.0,31141.5,,62.25,11076.0,204.0,4.12,7.16,5.49,138505.0,108.92,87.99,16.5,62.25,6894.81,11199.6,28255.02,1.39995,204.00003621069746,204.08153609272176,11139.482464081993,10729.90226131131,0.23135382529099333
2023-02-17,7.995,38.0,2.675,1.145,3351.0,18148.0,32861.0,,62.7,11384.0,204.0,4.2,6.78,5.06,127508.0,133.62,179.44,14.27,62.7,7137.768,10322.4,26011.632,1.2903,204.00001332117114,204.0719553492758,10622.98784027747,10682.01948340345,0.18464844610976416
2023-02-18,,,,,,,,,,12000.0,204.0,,,,,82.57,56.15,20.31,,,,,,204.000004900585,204.06350037286032,10432.980086704207,10639.763080212617,
2023-02-19,,,,,,,,,,12163.0,204.0,,,,,,,,,,,,,204.0000018028245,204.0560388823622,10363.080140501434,10602.471935282341,
2023-02-20,8.045,38.0,2.67,1.165,2849.0,18468.0,30764.5,,62.55,11705.0,198.0,4.26,6.88,5.16,131088.0,132.03,38.84,22.03,62.55,7321.4775,10216.800000000001,25955.424,1.2771000000000001,200.20727731025073,203.3444355556165,10270.613456342147,10557.154288300471,0.15426683993935456
2023-02-21,8.055,37.9,2.665,1.1549999999999998,2755.5,18338.0,30154.5,,62.95,10758.0,192.0,4.18,6.75,4.96,136242.0,156.75,133.61,13.99,62.95,6772.161,9523.199999999999,26158.464,1.1904,195.0192885904341,202.0114292394021,9798.158044643165,10435.661456839225,0.15026175155414986
2023-02-22,,,,,,,,,,10532.0,192.0,,,,,78.81,138.85,14.45,,,,,,193.11073419938418,200.8350552942172,9624.351411808919,10328.444409388443,
2023-02-23,8.015,38.0,2.665,1.115,2742.0,18108.0,29782.5,,62.75,10954.0,187.0,4.24,7.27,5.35,150116.0,82.9,76.74,12.92,62.75,6873.635,10004.5,28071.692,1.2505625,189.24801348241667,199.20939344423329,9864.651149814152,10290.379937894897,0.15142478462557984
2023-02-24,8.024999999999999,38.0,2.6550000000000002,1.115,2876.0,17868.0,30125.5,,63.150000000000006,10372.0,180.0,4.21,6.94,5.19,145027.0,81.08,,12.65,63.150000000000006,6549.918000000001,9342.0,26104.86,1.16775,183.4021540318574,196.9522302150647,9534.272612921242,10178.942357665617,0.16095813745242893
2023-02-25,,,,,,,,,,9210.0,180.0,,,,,27.39,88.41,19.57,,,,,,181.2515825240189,194.9602906566956,9412.733141394041,10080.599038281754,
2023-02-26,,,,,,,,,,8246.0,180.0,,,,,,,,,,,,,180.46043147951602,193.20241016629913,9368.02126852834,9993.81136353561,
2023-02-27,7.985,37.7,2.61,1.16,2946.5,17828.0,30020.5,,63.599999999999994,7824.0,180.0,4.84,5.93,4.22,156295.0,105.87,157.17,22.77,63.599999999999994,4976.063999999999,7595.999999999999,28133.1,0.9494999999999999,180.1693832753821,191.65108607841037,8247.890194010115,9712.061101302319,0.16527372672201032
2023-02-28,7.98,37.9,2.64,1.1949999999999998,2819.0,17910.0,29904.5,,63.85,7922.0,180.0,4.72,6.18,4.82,160064.0,101.21,74.95,13.56,63.85,5058.197,8676.0,28811.52,1.0845,180.06231262469134,190.28204737594365,8518.507203812427,9590.320712787681,0.15739810161920714
2023-03-01,,,,,,,,,,7519.0,166.0,,,,,103.41,,15.8,,,,,,171.17323570994958,187.4288315976827,8618.061638149988,9482.885197004067,
2023-03-02,8.015,37.9,2.63,1.0950000000000002,2580.5,18118.0,29907.0,,64.15,5968.0,136.0,4.8,5.73,4.02,113317.0,49.75,41.33,13.68,64.15,3828.472,5467.199999999999,15411.112,0.6833999999999999,148.93951029716766,181.38578458849972,6626.337218651152,9011.0297481109,0.14242742024506017
2023-03-03,8.015,37.9,2.79,1.2,2896.0,18058.0,28479.0,,64.6,6963.0,180.0,5.1,5.34,3.81,111030.0,132.37,130.93,13.34,64.6,4498.098,6858.0,19985.4,0.85725,168.5734844056107,181.22295060700048,6772.776025457164,8758.04208388036,0.16037213423413446
2023-03-04,,,,,,,,,,7180.0,180.0,,,,,26.87,56.57,18.38,,,,,,175.7964198285993,181.0792501226919,6826.647851870772,8534.781253804798,
2023-03-05,,,,,,,,,,7536.0,180.0,,,,,,,,,,,,,178.45358927562575,180.95243489038964,6846.466189266695,8337.754262794648,
2023-03-06,8.03,37.9,2.4699999999999998,1.1549999999999998,2790.0,18408.0,28133.0,,64.4,8163.0,180.0,4.76,5.75,4.31,120787.0,76.97,38.69,22.51,64.4,5256.972000000001,7757.999999999999,21741.66,0.9697499999999999,179.43110728689567,180.84052084068236,7422.665451098556,8269.631341176491,0.1515645371577575
2023-03-07,8.04,37.6,2.575,1.065,2625.0,18238.0,26422.0,,64.9,9223.0,180.0,4.46,6.89,5.05,131064.0,181.58,112.88,13.61,64.9,5985.727000000001,9090.0,23591.52,1.13625,179.79071606661668,180.74175703845998,8476.621897904297,8366.027199610775,0.14393025551047264
2023-03-08,,,,,,,,,,8077.0,180.0,,,,,,134.02,14.87,,,,,,179.92300874354078,180.65459828891127,8864.350806574232,8451.096246101013,
2023-03-09,8.02,37.5,2.585,1.145,2652.0,18048.0,26772.0,,65.0,9915.0,180.0,4.62,6.27,4.55,129968.0,54.34,77.07,14.02,65.0,6444.75,8189.999999999999,23394.24,1.02375,179.9716764995987,180.5776809624014,8438.079797876038,8420.416628460609,0.14694148936170212
2023-03-10,8.035,37.4,2.55,1.12,2617.0,18110.0,25321.5,,64.65,7835.0,180.0,4.56,6.18,4.46,125509.0,82.49,,14.49,64.65,5065.3275,8027.999999999999,22591.62,1.0034999999999998,179.98958036650035,180.50980166000133,8178.859926878335,8374.306459139178,0.14450579790171175
2023-03-11,,,,,,,,,,8084.0,180.0,,,,,51.97,112.54,18.06,,,,,,179.99616683105094,180.44989838588367,8083.498265595165,8333.614377535363,
2023-03-12,,,,,,,,,,8970.0,180.0,,,,,,,,,,,,,179.9985898559491,180.39703393202015,8048.416670933133,8297.703741560277,
2023-03-13,8.035,37.2,2.605,1.06,2552.0,18318.0,30570.0,,64.30000000000001,8446.0,167.0,5.06,5.3,3.73,122711.0,160.09,132.24,21.37,64.30000000000001,5430.778,6229.099999999999,20492.737,0.7786375,171.78191397222332,178.82284094882849,6898.389200216769,8054.636394601849,0.13931651927066274
2023-03-14,,,,,,,,,,6793.0,139.0,,,,,100.72,77.19,13.18,,,,,,151.05979219263182,174.14353378946012,6475.317736957826,7840.130213791581,
2023-03-15,8.035,37.0,2.45,0.89,2596.0,18220.0,24366.0,,63.55,9392.0,174.0,4.79,6.61,4.63,142280.0,79.24,49.91,15.0,63.55,5968.616,8056.200000000001,24756.72,1.007025,165.56076917146862,174.1266681246148,7474.6259165142,7865.519082928955,0.1424807903402854
2023-03-16,,,,,,,,,,9094.0,168.0,,,,,53.77,87.78,16.53,,,,,,167.10265712591172,173.40676564313634,7842.25085116745,7887.924681302813,
2023-03-17,8.045,37.0,2.49,1.17,2616.5,18068.0,26313.0,,63.95,8456.0,168.0,5.86,5.33,4.88,133537.0,55.01,179.36,13.69,63.95,5407.612000000001,8198.4,22434.216,1.0248,167.66988600494122,172.7714539330686,8067.380050153797,7924.406492920768,0.14481403586451183
2023-03-18,,,,,,,,,,8313.0,168.0,,,,,51.38,57.02,19.58,,,,,,167.8785578479749,172.21079331675813,8150.200454068268,7956.601578674287,
2023-03-19,,,,,,,,,,8421.0,168.0,,,,,,,,,,,,,167.95532392897834,171.71601205946294,8180.668377977918,7985.013642130214,
2023-03-20,8.045,37.0,2.5,1.23,2617.0,17958.0,31339.0,,66.55000000000001,7874.0,168.0,5.96,4.48,2.9,117690.0,103.09,38.74,21.45,66.55000000000001,5240.147000000001,4872.0,19771.92,0.609,167.9835645919588,171.27936913244304,6089.1910739121395,7619.224896883504,0.14572892304265508
2023-03-21,8.035,37.0,2.5199999999999996,1.125,2658.5,17640.0,27418.5,,67.0,7500.0,168.0,5.87,4.9,3.42,120375.0,76.56,88.33,12.86,67.0,5025.0,5745.599999999999,20223.0,0.7182,167.99395375127438,170.8940331018125,5872.000092262293,7399.068168105074,0.15070861678004535
2023-03-22,8.085,36.8,2.525,1.225,2540.5,17418.0,29600.0,,69.15,7217.0,168.0,5.99,4.49,3.13,109468.0,,179.63,15.13,69.15,4990.5555,5258.4,18390.624,0.6573,167.99777570939762,170.55397524832682,5484.130859044197,7147.533027814167,0.14585486278562407
2023-03-23,,,,,,,,,,7180.0,168.0,,,,,77.43,77.17,13.99,,,,,,167.9991817292162,170.25387524592614,5341.441742280328,6925.554045616261,
2023-03-24,,,,,,,,,,6726.0,168.0,,,,,108.51,45.6,13.49,,,,,,167.9996989750013,169.9890379233419,5288.94934974399,6729.658281387727,
2023-03-25,,,,,,,,,,6817.0,168.0,,,,,54.72,41.49,17.89,,,,,,167.9998892590917,169.7553198064725,5269.638477711969,6556.780876226603,
2023-03-26,,,,,,,,,,6962.0,168.0,,,,,,,,,,,,,167.99995926069653,169.54906429225736,5262.534404900296,6404.21710164505,
2023-03-27,8.16,36.7,2.5,1.005,2193.0,18448.0,28476.0,,70.15,7403.0,162.0,5.66,5.02,3.19,179855.0,98.49,183.44,21.57,70.15,5193.204500000001,5167.799999999999,29136.51,0.6459749999999999,164.20726165987645,168.6620258553291,5202.650839934429,6258.934262504379,0.11887467476149176
2023-03-28,8.024999999999999,36.7,2.665,1.185,2754.0,18168.0,30446.0,,70.80000000000001,7782.0,168.0,5.79,5.2,3.62,138552.0,95.46,76.82,13.26,70.80000000000001,5509.656000000001,6081.599999999999,23276.736,0.7602,166.60472953892582,168.58423576675884,5758.252674176969,6238.096937382238,0.15158520475561427
2023-03-29,8.015,36.7,2.635,1.18,2568.0,18200.0,31987.5,,70.65,7849.0,168.0,5.86,5.14,3.45,146126.0,75.97,93.83,15.85,70.65,5545.318500000001,5796.0,24549.168,0.7245,167.486708682497,168.5155862545438,5782.113534870507,6186.149177881961,0.1410989010989011
2023-03-30,7.985,36.7,2.4299999999999997,1.1349999999999998,2536.5,18008.0,29504.0,,70.69999999999999,7954.0,168.0,5.61,4.91,3.54,187526.0,53.05,65.39,15.54,70.69999999999999,5623.477999999999,5947.200000000001,31504.368,0.7434000000000001,167.81117067695885,168.4550032726501,5886.468083463194,6158.071909355966,0.1408540648600622
2023-03-31,,,,,,,,,,7223.0,168.0,,,,,26.53,88.26,13.57,,,,,,167.93053357416284,168.40153897877954,5924.857976483169,6133.29380684874,
2023-04-01,,,,,,,,,,6667.0,168.0,,,,,80.72,148.23,17.82,,,,,,167.97444473008284,168.3543569050399,5938.98082887399,6111.427208134189,
2023-04-02,,,,,,,,,,6756.0,168.0,,,,,,,,,,,,,167.99059874158388,168.31271887110717,5944.176335919272,6092.130002498538,
2023-04-03,7.945,36.4,2.44,1.0950000000000002,2608.0,17728.0,28507.0,,69.85,7409.0,168.0,5.8,4.54,2.7,53075.0,131.04,38.3,22.35,69.85,5175.1865,4536.000000000001,8916.6,0.5670000000000001,167.99654147030756,168.27597343513182,5054.039123528832,5909.279907223918,0.14711191335740073
2023-04-04,7.945,36.4,2.46,1.0750000000000002,2439.0,17580.0,25688.5,,70.1,7256.0,168.0,5.85,5.12,3.24,100455.0,76.61,133.05,10.64,70.1,5086.456,5443.200000000001,16876.44,0.6804000000000001,167.99872767802947,168.24354570169945,5300.035714237998,5854.514074482024,0.13873720136518772
2023-04-05,,,,,,,,,,7327.0,168.0,,,,,80.33,87.59,20.79,,,,,,167.99953193890448,168.21492832738755,5390.532802558167,5806.183396719836,
2023-04-06,7.9350000000000005,36.4,2.5549999999999997,1.0550000000000002,2378.0,17418.0,26297.0,,69.75,7027.0,168.0,5.84,4.43,2.78,135957.0,108.34,76.98,10.99,69.75,4901.3325,4670.4,22840.776,0.5838,167.99982780994574,168.1896735831972,4935.322052974323,5672.725329612265,0.13652543345963947
2023-04-07,7.94,36.2,2.5250000000000004,1.07,2209.0,17535.0,26476.5,,69.85,7070.0,168.0,5.76,4.58,2.85,151065.0,53.83,,12.87,69.85,4938.3949999999995,4788.0,25378.92,0.5985,167.99993665481907,168.16738634967362,4842.196754520423,5568.767363020959,0.12597661819218706
2023-04-08,,,,,,,,,,6986.0,168.0,,,,,55.72,91.48,20.26,,,,,,167.99997669661025,168.1477179351219,4807.937871766279,5477.024779505138,
2023-04-09,,,,,,,,,,7008.0,168.0,,,,,,,,,,,,,167.999991427162,168.13036062020126,4795.334733123527,5396.062233717318,
2023-04-10,8.04,36.0,2.475,1.065,2205.5,17848.0,24294.0,,71.19999999999999,7159.0,168.0,5.82,4.28,2.74,133780.0,79.21,178.09,21.34,71.19999999999999,5097.208,4603.2,22475.04,0.5754,167.99999684622915,168.1150428435466,4673.882418251107,5302.8984654318365,0.1235712684894666
2023-04-11,8.04,36.0,2.5250000000000004,1.07,2359.5,17928.0,25568.5,,70.55,7067.0,168.0,5.86,4.46,2.89,140285.0,104.33,77.06,13.9,70.55,4985.7685,4855.2,23567.88,0.6069,167.99999883979254,168.10152495309438,4788.49698935166,5250.292509035473,0.13160977242302543
2023-04-12,8.055,36.0,2.475,1.07,2234.0,18110.0,25458.0,,70.69999999999999,6718.0,168.0,5.81,4.51,2.81,126132.0,54.32,,14.75,70.69999999999999,4749.625999999999,4720.799999999999,21190.176,0.5901,167.99999957318352,168.08959545664084,4745.7043306116775,5188.07549916555,0.1233572611816676
2023-04-13,,,,,,,,,,6424.0,168.0,,,,,108.2,89.15,14.06,,,,,,167.999999842983,168.07906771297118,4729.961791228172,5133.169180667269,
2023-04-14,,,,,,,,,,6555.0,168.0,,,,,80.18,179.97,14.27,,,,,,167.99999994223666,168.0697770117915,4724.170434637149,5084.714524660212,
2023-04-15,,,,,,,,,,6895.0,168.0,,,,,55.19,56.48,19.24,,,,,,167.99999997875005,168.0615779967776,4722.039913610819,5041.953440818183,
2023-04-16,,,,,,,,,,6902.0,168.0,,,,,,,,,,,,,167.99999999218258,168.05434239142357,4721.2561387262485,5004.216916776431,
2023-04-17,8.004999999999999,36.0,2.49,0.86,2412.0,17868.0,22321.0,,70.65,7029.0,168.0,5.61,4.62,2.79,112859.0,78.63,38.48,21.49,70.65,4965.9885,4687.200000000001,18960.312,0.5859000000000001,167.99999999712412,168.04795699211033,4699.72855328307,4966.9664471221195,0.13498992612491606
2023-04-18,7.995,36.0,2.505,1.135,2695.0,17608.0,24838.5,,70.35,7067.0,168.0,5.49,4.43,2.97,137016.0,156.75,89.05,11.97,70.35,4971.634499999999,4989.6,23018.688,0.6237,167.99999999894203,168.04232189699462,4882.962254170219,4969.625959690786,0.1530554293502953
2023-04-19,8.01,36.0,2.4450000000000003,1.09,2382.0,18008.0,25527.0,,70.65,7034.0,168.0,5.77,4.59,2.98,129064.0,82.04,178.96,14.09,70.65,4969.521000000001,5006.400000000001,21682.752,0.6258,167.9999999996108,168.03734894300925,4960.989791044678,4973.947023331597,0.13227454464682364
2023-04-20,7.995,36.0,2.41,1.08,2735.0,17640.0,25904.0,,69.9,7512.0,168.0,5.67,4.9,3.29,140205.0,26.6,76.54,15.66,69.9,5250.888000000001,5527.200000000001,23554.44,0.6909000000000001,167.9999999998568,168.03296032652045,5318.902904743951,5038.955961744427,0.1550453514739229
2023-04-21,,,,,,,,,,7769.0,168.0,,,,,133.33,,13.47,,,,,,167.9999999999473,168.02908738606246,5450.57178099957,5096.326148534063,
2023-04-22,,,,,,,,,,7947.0,168.0,,,,,56.3,91.37,18.96,,,,,,167.99999999998062,168.0256695281044,5499.01005361616,5146.955160676615,
2023-04-23,,,,,,,,,,8088.0,168.0,,,,,,,,,,,,,167.99999999999287,168.02265327904294,5516.829498277661,5191.635107073336,
2023-04-24,7.965,36.0,2.455,0.995,2311.5,17428.0,21909.5,,69.0,8246.0,168.0,5.69,5.05,3.27,115983.0,105.42,181.24,21.77,69.0,5689.74,5493.599999999999,19485.144,0.6867,167.99999999999739,168.01999144858877,5502.145654845079,5227.11691730293,0.13263139775074592
2023-04-25,7.98,36.0,2.615,1.13,2706.0,17408.0,23114.5,,69.25,7900.0,168.0,5.77,5.01,3.33,118460.0,130.27,115.25,11.01,69.25,5470.75,5594.400000000001,19901.28,0.6993,167.99999999999903,168.01764239145777,5560.461523058771,5270.273817148114,0.15544577205882354
2023-04-26,8.004999999999999,36.0,2.425,1.085,2462.0,17378.0,22156.0,,68.9,7966.0,168.0,5.72,4.78,3.27,115565.0,108.9,,17.63,68.9,5488.5740000000005,5493.599999999999,19414.92,0.6867,167.99999999999963,168.01556935581564,5518.196979738732,5296.515335367169,0.14167338013580388
2023-04-27,8.024999999999999,36.0,2.4450000000000003,0.895,2660.0,17610.0,26008.0,,69.55,7959.0,168.0,5.54,4.91,3.0,118360.0,,88.58,15.19,69.55,5535.4845,5040.0,19884.48,0.63,167.99999999999986,168.01373990828253,5215.918837676156,5266.373988926976,0.15105053946621239
2023-04-28,,,,,,,,,,7925.0,168.0,,,,,162.26,199.04,13.61,,,,,,167.99999999999994,168.01212542650111,5104.716923695834,5239.774344053776,
2023-04-29,,,,,,,,,,8027.0,168.0,,,,,82.19,,21.29,,,,,,167.99999999999997,168.01070065132973,5063.808025723558,5216.300239843327,
2023-04-30,,,,,,,,,,7985.0,170.0,,,,,,,,,,,,,169.2642411176571,168.24444948648494,5048.758483198578,5195.584415586658,
2023-05-01,7.925000000000001,36.0,2.41,1.13,2483.0,17858.0,24829.0,,69.1,8427.0,166.0,5.52,5.19,3.29,133022.0,129.06,38.01,21.54,69.1,5823.057,5461.400000000001,22081.652,0.682675,167.20084719821256,167.98071971983052,5309.597669394957,5226.818570096511,0.13904132601635122
2023-05-02,7.96,36.0,2.425,1.05,2328.0,17528.0,26609.0,,69.65,8053.0,168.0,5.48,5.26,3.34,140036.0,106.07,84.84,14.05,69.65,5608.914500000001,5611.2,23526.048,0.7014,167.70600811386782,167.98298521246946,5500.246703161012,5271.984578699134,0.13281606572341398
2023-05-03,7.970000000000001,36.0,2.4299999999999997,1.0550000000000002,2405.0,17710.0,22747.0,,69.25,8069.0,168.0,5.64,4.7,3.18,117235.0,108.96,179.94,16.61,69.25,5587.7825,5342.400000000001,19695.48,0.6678000000000001,167.89184642922075,167.98498450270614,5400.468556949629,5280.258608807796,0.1357989836250706
2023-05-04,7.985,36.0,2.44,1.045,2225.0,17638.0,22445.0,,69.0,8248.0,168.0,5.68,4.62,3.1,113927.0,27.78,73.69,13.92,69.0,5691.12,5208.000000000001,19139.736,0.6510000000000001,167.96021252482103,167.98674887014738,5278.805225173704,5271.767998457952,0.1261480893525343
2023-05-05,,,,,,,,,,8384.0,168.0,,,,,83.0,,13.7,,,,,,167.98536300586554,167.9883059189493,5234.047786668921,5264.275061123162,
2023-05-06,,,,,,,,,,7946.0,168.0,,,,,56.74,91.98,18.82,,,,,,167.9946153507774,167.98968000969418,5217.582445203516,5257.66256713395,
2023-05-07,,,,,,,,,,7641.0,168.0,,,,,,,,,,,,,167.99801909825308,167.9908926405204,5211.525184586526,5251.82706167011,
2023-05-08,8.0,36.0,2.435,1.02,2310.0,17848.0,23289.0,,70.05,7416.0,168.0,5.84,4.68,2.88,114636.0,159.13,180.82,22.93,70.05,5194.907999999999,4838.4,19258.848,0.6048,167.99927126697233,167.99196278346852,4975.665084392682,5203.248101368523,0.12942626624831913
2023-05-09,8.015,36.0,2.505,1.09,2224.5,17928.0,21655.0,,70.9,7457.0,168.0,5.68,4.89,3.19,120109.0,132.16,72.73,14.96,70.9,5287.013000000001,5359.2,20178.312,0.6698999999999999,167.999731914101,167.99290718130555,5218.105389576644,5221.5729325055345,0.12407965194109773
2023-05-10,8.01,36.0,2.48,1.2,2169.0,17758.0,23625.0,,70.25,7705.0,168.0,5.79,5.15,3.33,140046.0,79.71,,16.56,70.25,5412.7625,5594.400000000001,23527.728,0.6993,167.9999013767093,167.99374060947156,5455.96894900163,5265.381267736437,0.12214213312309945
2023-05-11,8.03,36.0,2.605,1.15,2375.0,17910.0,26096.0,,70.65,7755.0,168.0,5.65,4.78,3.17,125103.0,109.25,64.72,16.27,70.65,5478.9075,5325.599999999999,21017.304,0.6657,167.99996371851893,167.99447610724658,5373.560056104828,5272.457155299834,0.13260748185371302
2023-05-12,,,,,,,,,,8038.0,168.0,,,,,137.0,,14.61,,,,,,167.999986652789,167.9951251817549,5343.243518638395,5278.701604157569,
2023-05-13,,,,,,,,,,8125.0,168.0,,,,,77.54,189.34,20.53,,,,,,167.99999508983547,167.99569798799803,5332.09068777699,5284.212310932868,
2023-05-14,,,,,,,,,,7886.0,168.0,,,,,,,,,,,,,167.9999981936514,167.99620348773337,5327.987790592218,5289.0754925931205,
2023-05-15,8.004999999999999,36.0,2.485,1.01,2346.0,18008.0,27612.0,,70.45,8145.0,168.0,5.51,4.93,3.12,145732.0,135.58,80.23,22.96,70.45,5738.1525,5241.6,24482.976,0.6552,167.99999933548148,167.99664958968407,5273.380292127101,5283.4969751621065,0.1302754331408263
2023-05-16,7.99,36.0,2.52,1.08,2561.5,17768.0,27062.5,,69.75,7930.0,168.0,5.48,5.05,3.28,139206.0,132.75,112.36,13.51,69.75,5531.175,5510.4,23386.608,0.6888,167.9999997555373,167.9970432732738,5423.205322321099,5310.158783393483,0.14416366501575867
2023-05-17,7.984999999999999,36.0,2.565,1.02,2728.5,17780.0,26626.5,,69.19999999999999,8136.0,168.0,5.54,5.2,3.39,141016.0,136.67,88.81,16.54,69.19999999999999,5630.111999999999,5695.2,23690.688,0.7119,167.99999991006717,167.9973906978223,5595.138749973879,5355.402318977344,0.15345894263217097
2023-05-18,,,,,,,,,,7999.0,168.0,,,,,111.18,82.95,14.3,,,,,,167.99999996691557,167.99769729891028,5658.389523257475,5395.329598992078,
2023-05-19,7.975,36.0,2.51,1.02,2557.0,17908.0,25115.5,,69.0,7958.0,168.0,5.62,5.11,3.32,,81.84,78.45,13.88,69.0,5491.02,5577.6,,0.6972,167.99999998782891,167.99796787342075,5607.320804668467,5416.746935677657,0.14278534733080187
2023-05-20,,,,,,,,,,7863.0,162.0,,,,,51.51,91.62,19.12,,,,,,164.20727664255116,167.2931880700957,5588.533673012602,5435.647668964292,
2023-05-21,,,,,,,,,,8084.0,168.0,,,,,,,,,,,,,166.60473505074384,167.3762406611496,5581.622273517827,5452.327507546325,
2023-05-22,8.024999999999999,36.0,2.5700000000000003,1.1,2384.0,18108.0,23936.0,,69.15,8184.0,168.0,5.72,4.9,3.19,130580.0,131.65,135.12,23.71,69.15,5659.236000000001,5359.2,21937.44,0.6698999999999999,167.48671071018154,167.4495343155063,5441.02458168582,5441.384736955056,0.13165451734040204
2023-05-23,8.04,36.0,2.55,1.025,2524.0,18210.0,25083.5,,69.19999999999999,7824.0,168.0,5.86,4.79,3.04,126308.0,133.32,113.56,17.54,69.19999999999999,5414.208,5107.200000000001,21219.744,0.6384000000000001,167.8111714229023,167.5142157384552,5230.00720055987,5402.116995253885,0.13860516199890172
2023-05-24,8.06,36.0,2.66,1.0,2287.0,18248.0,26449.0,,70.25,7668.0,168.0,5.91,4.71,3.0,123900.0,162.99,,14.35,70.25,5386.77,5040.0,20815.2,0.63,167.9305338485801,167.57129689386235,5109.899742760515,5359.567126684794,0.1253288031565103
2023-05-25,8.07,36.0,2.505,1.08,2491.0,18400.0,23554.5,,69.69999999999999,7467.0,168.0,5.78,4.66,3.25,145372.0,55.88,156.01,13.68,69.69999999999999,5204.498999999999,5460.0,24422.496,0.6825,167.97444483103533,167.62167083670514,5331.205313012761,5371.3683003816595,0.1353804347826087
2023-05-26,8.065000000000001,36.0,2.6550000000000002,1.19,2775.0,18008.0,25944.0,,69.69999999999999,7313.0,168.0,5.79,4.37,2.82,126008.0,135.95,89.5,15.1,69.69999999999999,5097.160999999999,4737.599999999999,21169.344,0.5922,167.99059877872224,167.66612568523485,4955.975190827533,5296.898562043118,0.15409817858729455
2023-05-27,,,,,,,,,,7208.0,168.0,,,,,27.21,57.77,21.1,,,,,,167.99654148397002,167.70535695136718,4817.93574316734,5231.17924862307,
2023-05-28,,,,,,,,,,7309.0,168.0,,,,,,,,,,,,,167.99872768305562,167.73997842221345,4767.153868302493,5173.18215808989,
2023-05-29,7.995,36.8,2.465,0.885,2611.0,17688.0,24833.0,,69.0,7368.0,172.0,5.62,4.43,2.65,113214.0,164.97,34.46,21.55,69.0,5083.92,4558.0,19472.808,0.56975,170.52801417606773,168.24054415265985,4634.943408189966,5100.896349039635,0.14761420171867934
2023-05-30,8.024999999999999,36.8,2.48,1.1,2716.0,17900.0,24406.5,,69.35,7405.0,180.0,5.76,4.15,2.71,110687.0,110.52,111.19,12.54,69.35,5135.367499999999,4878.0,19923.66,0.60975,176.515451148308,169.62231663864202,4788.584476831889,5074.705337624892,0.151731843575419
2023-05-31,8.01,36.8,2.5250000000000004,1.15,2539.0,18078.0,24003.0,,69.2,7263.0,180.0,5.91,4.26,2.75,115457.0,133.97,87.44,16.78,69.2,5025.996,4950.0,20782.26,0.61875,178.71810611570496,170.84172657759788,4890.61854754052,5060.0520741897335,0.14044695209647085
2023-06-01,8.024999999999999,36.8,2.505,1.0550000000000002,2699.0,17940.0,25805.5,,69.4,7167.0,180.0,5.84,4.2,2.78,120070.0,54.84,82.13,15.16,69.4,4973.898,5004.0,21612.6,0.6255,179.52841759420446,171.9178520717073,4962.28929463,5053.465781855882,0.15044593088071348
2023-06-02,8.03,36.8,2.565,1.17,2857.5,17658.0,26051.0,,69.19999999999999,6816.0,180.0,5.74,4.89,3.38,131708.0,137.72,101.41,14.8,69.19999999999999,4716.671999999999,6084.0,23707.44,0.7605,179.82651452808966,172.8675294870512,5671.345692552461,5174.556744480377,0.16182466870540266
2023-06-03,,,,,,,,,,6832.0,180.0,,,,,55.46,90.29,20.41,,,,,,179.93617826154227,173.70561686454673,5932.192963979211,5281.419143927482,
2023-06-04,,,,,,,,,,6687.0,180.0,,,,,,,,,,,,,179.9765212945216,174.4452263792818,6028.153312422779,5375.72488044231,
2023-06-05,8.1,36.8,2.5549999999999997,1.045,2633.5,18178.0,25878.0,,70.35,6572.0,180.0,5.72,3.5,2.07,100087.0,161.88,42.1,23.8,70.35,4623.401999999999,3725.9999999999995,18015.66,0.46574999999999994,179.9913626669492,175.09792948515758,4572.914874065076,5181.87709710708,0.14487292331389592
2023-06-06,8.08,36.8,2.44,1.085,2472.0,17970.0,23853.0,,70.15,6594.0,180.0,5.68,4.43,3.0,124960.0,137.14,81.72,15.59,70.15,4625.691000000001,5400.0,22492.8,0.675,179.99682250274407,175.6739379544003,5095.732386069849,5207.507213814238,0.1375626043405676
2023-06-07,8.04,36.8,2.5,1.02,2382.0,2382.0,25118.0,,70.4,7052.0,186.0,5.72,4.02,2.59,95364.0,80.97,82.7,16.92,70.4,4964.608,4817.4,17737.704,0.6021749999999999,183.7915544170565,176.8872822288619,4919.79276264729,5161.668407866971,1.0
2023-06-08,8.05,36.8,2.48,1.05,2609.0,2609.0,23946.0,,69.85,7376.0,192.0,5.75,4.21,2.71,103124.0,84.77,112.69,16.99,69.85,5152.1359999999995,5203.199999999999,19799.808,0.6503999999999999,188.98028162606056,178.66307337733545,5098.940303898742,5166.548498583195,1.0
2023-06-09,8.07,36.8,2.51,1.12,2581.0,2581.0,24396.0,,70.15,7667.0,196.0,5.72,4.14,2.7,104257.0,161.94,88.61,15.04,70.15,5378.400500000001,5292.000000000001,20434.372,0.6615000000000001,193.41758992741427,180.70021595516212,5220.977306885541,5181.289438575083,1.0
2023-06-10,,,,,,,,,,7764.0,192.0,,,,,54.14,101.19,21.81,,,,,,192.52150219030744,182.02797558055573,5265.872211346563,5194.298272459109,
2023-06-11,,,,,,,,,,7748.0,192.0,,,,,,,,,,,,,192.19184993433998,183.1997193373425,5282.388123711128,5205.778528068,
2023-06-12,,,,,,,,,,7563.0,192.0,,,,,135.06,82.85,24.58,,,,,,192.07057764663375,184.23377957332963,5288.463988322241,5215.909818083725,
2023-06-13,8.0,36.8,2.51,1.02,2818.0,2818.0,21351.0,,68.80000000000001,7818.0,192.0,5.79,5.3,3.17,99234.0,164.99,89.07,13.34,68.80000000000001,5378.7840000000015,6086.400000000001,19052.928,0.7608,192.0259640652028,185.14633452867417,5792.855745933417,5318.195110728587,1.0
2023-06-14,8.02,36.8,2.39,1.01,2653.0,2653.0,24370.0,,68.9,7881.0,192.0,5.8,4.16,2.62,98913.0,108.05,135.26,16.85,68.9,5430.009,5030.400000000001,18991.296,0.6288,192.00955164579733,185.95166145020397,5310.891793731941,5284.378293796968,1.0
2023-06-15,8.03,36.5,2.46,1.04,2519.0,2519.0,23402.0,,69.6,8078.0,193.0,5.84,4.08,2.61,101206.0,110.59,83.31,14.7,69.6,5622.288,5037.299999999999,19532.758,0.6296624999999999,192.63563441294676,186.7798630614374,5137.948796187198,5255.345828971711,1.0
2023-06-16,8.07,36.1,2.5250000000000004,1.09,2708.0,18208.0,25586.0,,69.5,8060.0,192.0,5.74,4.8,3.16,95804.0,110.78,60.26,14.77,69.5,5601.7,6067.200000000001,18394.368,0.7584000000000001,192.2338368326242,187.39324532065106,5725.347586433457,5350.741208717151,0.14872583479789103
2023-06-17,,,,,,,,,,8115.0,192.0,,,,,73.61,92.07,22.1,,,,,,192.0860237633111,187.93455326450746,5941.439525134032,5434.927335863383,
2023-06-18,,,,,,,,,,7699.0,182.0,,,,,,,,,,,,,185.71044078568877,187.23722487415114,6020.935306784853,5509.221332310525,
2023-06-19,8.01,36.1,2.395,0.91,3050.5,17898.0,23724.5,,68.55000000000001,8207.0,192.0,5.89,4.93,3.02,102348.0,189.27,65.35,25.3,68.55000000000001,5625.898500000001,5798.4,19650.816,0.7248,189.6862004710245,187.7968657037314,5880.266164300927,5543.200721470498,0.1704380377695832
2023-06-20,8.04,36.1,2.455,0.99,3184.0,18068.0,24014.0,,68.15,8616.0,192.0,5.94,6.24,4.47,134962.0,165.19,125.53,15.52,68.15,5871.804,8582.4,25912.704,1.0728,191.14880072229775,188.29074700239588,7588.3405145525785,5900.316050360378,0.17622315696258578
2023-06-21,8.04,36.1,2.56,0.9,2711.5,18210.0,23735.0,,68.80000000000001,9304.0,192.0,5.84,5.55,3.67,102961.0,134.62,34.94,20.49,68.80000000000001,6401.152000000001,7046.400000000001,19768.512,0.8808,191.68686128539338,188.72659571871174,7245.7687736417665,6034.984464341113,0.14890170236133993
2023-06-22,8.035,36.1,2.48,0.94,2639.0,18408.0,25298.0,,69.15,9238.0,192.0,5.81,4.98,3.14,108632.0,82.51,89.02,13.45,69.15,6388.077000000001,6028.8,20857.344,0.7536,191.88480270466135,189.11123086085595,6476.497792370428,6034.257770625177,0.14336158192090395
2023-06-23,,,,,,,,,,8943.0,192.0,,,,,190.07,89.46,14.15,,,,,,191.95762128336634,189.4506701824234,6193.498813670922,6033.616465671736,
2023-06-24,,,,,,,,,,8927.0,192.0,,,,,56.53,102.63,21.61,,,,,,191.98440974140726,189.7502243323221,6089.389307534859,6033.050516036711,
2023-06-25,,,,,,,,,,8869.0,192.0,,,,,,45.91,,,,,,,191.9942646643812,190.01457994176405,6051.089560596889,6032.551067236784,
2023-06-26,8.04,36.1,2.585,0.97,2961.5,18268.0,27013.0,,68.65,8932.0,192.0,5.76,4.21,2.69,152543.0,187.66,125.07,26.36,68.65,6131.818,5164.8,29288.256,0.6456000000000001,191.99789008793763,190.24787294827743,5490.847708268468,5930.587629050939,0.16211407926428728
2023-06-27,8.02,36.1,2.545,0.94,3165.5,18110.0,28381.0,,68.4,9047.0,192.0,5.8,4.48,2.78,131973.0,164.74,89.61,15.45,68.4,6188.148,5337.6,25338.816,0.6672,191.99922380672956,190.45375330392014,5393.976681278608,5860.909745908437,0.1747929320817228
2023-06-28,8.01,36.1,2.495,0.995,3334.5,18198.0,29038.5,,67.85,9573.0,192.0,5.86,6.83,4.79,151051.0,185.36,89.26,16.99,67.85,6495.280499999999,9196.800000000001,29001.792,1.1496000000000002,191.99971445445343,190.63544208007784,7797.8194826350455,6252.887183402057,0.18323442136498516
2023-06-29,7.99,36.1,2.7,1.3450000000000002,3411.5,17958.0,30202.0,,68.05,9891.0,198.0,5.84,4.54,3.3,146938.0,184.28,69.86,15.1,68.05,6730.825499999999,6534.0,29093.724,0.81675,195.79261830663523,191.50080044676383,6998.933205013362,6285.918810075484,0.1899710435460519
2023-06-30,7.98,36.1,2.665,1.25,3425.5,17920.0,28950.5,,67.55,10261.0,212.0,5.48,4.61,3.18,160846.0,162.39,,16.25,67.55,6931.3054999999995,6741.600000000001,34099.352,0.8427000000000001,206.0376374797927,193.90951988880556,6836.267595655172,6339.462761325552,0.19115513392857142
2023-07-01,,,,,,,,,,10114.0,216.0,,,,,138.69,91.79,22.17,,,,,,212.33505164331882,196.50521972526428,6776.426262186669,6386.715132455877,
2023-07-02,,,,,,,,,,10076.0,216.0,,,,,,,,,,,,,214.65174084662192,198.79591679097845,6754.411865871322,6428.415203618167,
2023-07-03,8.02,36.1,2.595,1.07,3308.5,18558.0,20426.5,,67.15,10073.0,216.0,5.87,4.4,2.69,113010.0,161.51,180.81,29.01,67.15,6764.0195,5810.4,24410.16,0.7263,215.50400317610098,200.81744985623084,6157.682557675953,6355.79650294322,0.17827890936523333
2023-07-04,7.905,36.1,2.6375,1.0375,3606.0,18048.0,,,67.69999999999999,10501.0,216.0,6.01,4.73,2.99,,163.65,71.76,16.35,67.69999999999999,7109.176999999999,6458.400000000001,,0.8073,215.8175329656012,202.6014465247884,6347.772235367324,6367.8527316530435,0.1998005319148936
2023-07-05,7.93,36.1,2.6950000000000003,1.21,4080.5,17640.0,21983.0,,66.25,11427.0,219.0,5.86,12.67,9.97,227901.0,167.19,,18.69,66.25,7570.3875,21834.300000000003,49910.319,2.7292875000000003,217.82923580583883,204.52832735125793,16137.124820260908,8185.208191695835,0.23132086167800453
2023-07-06,7.965,36.1,3.1,1.4,5039.0,17308.0,38285.0,,65.19999999999999,11591.0,220.0,5.88,6.52,4.34,191809.0,135.85,131.8,17.88,65.19999999999999,7557.3319999999985,9548.0,42197.98,1.1935,219.201420481337,206.34629680968231,11972.003556686464,8345.340450303915,0.2911370464525075
2023-07-07,7.95,36.1,2.915,1.32,3837.5,17598.0,35993.5,,66.4,11725.0,216.0,5.84,5.97,4.02,144096.0,190.07,47.34,16.92,66.4,7785.4000000000015,8683.199999999999,31124.736,1.0854,217.17773677762906,207.48063683607361,9893.083214556467,8385.039993884579,0.2180645527900898
2023-07-08,,,,,,,,,,11733.0,216.0,,,,,163.57,102.75,23.33,,,,,,216.43326514760122,208.48168839584167,9128.291160853742,8420.074718128537,
2023-07-09,,,,,,,,,,11555.0,216.0,,,,,,45.53,,,,,,,216.1593893403786,209.36511329666445,8846.939887525223,8450.992753756735,
2023-07-10,7.94,36.1,2.86,1.2850000000000001,3282.0,18218.0,29510.0,,65.85,11246.0,216.0,5.92,6.24,4.13,137468.0,217.28,35.15,27.17,65.85,7405.491,8920.8,29693.088,1.1151,216.05863606146715,210.14473303530664,8893.62838309792,8506.19656037852,0.1801514985179493
2023-07-11,7.9,36.1,2.85,1.26,3295.0,18010.0,29042.0,,65.6,11258.0,216.0,6.01,5.71,3.92,140146.0,161.17,83.99,15.94,65.6,7385.248,8467.2,30271.536,1.0584,216.02157100152502,210.8327450398522,8624.074235273703,8501.614343745496,0.18295391449194892
2023-07-12,,,,,,,,,,11044.0,216.0,,,,,164.57,185.2,18.04,,,,,,216.00793552798652,211.43991350280467,8524.910806006686,8497.570551759882,
2023-07-13,7.895,36.1,3.105,1.405,3527.0,18608.0,32069.0,,65.94999999999999,11005.0,216.0,5.83,5.63,3.53,111889.0,138.5,71.52,17.58,65.94999999999999,7257.797499999999,7624.799999999998,24168.024,0.9530999999999998,216.00291931760108,211.97573779070729,7955.9322603061155,8395.017308595143,0.18954213241616508
2023-07-14,7.92,36.1,3.005,1.38,3457.0,18860.0,,,65.80000000000001,11201.0,224.0,5.84,6.04,3.95,,162.55,45.0,18.76,65.80000000000001,7370.258000000002,8848.0,,1.106,221.05803842755617,213.38862584443416,8519.826618434341,8448.24417791078,0.18329798515376458
2023-07-15,,,,,,,,,,11478.0,228.0,,,,,111.98,91.53,23.94,,,,,,225.44619505609575,215.10550756520854,8727.271759782283,8495.216725216105,
2023-07-16,,,,,,,,,,11556.0,228.0,,,,,,,,,,,,,227.06050766437562,216.62065036589604,8803.586562455095,8536.669852719562,
2023-07-17,7.835,36.1,3.46,1.54,3728.5,17490.0,24177.0,,64.80000000000001,11294.0,224.0,5.89,6.18,4.11,156683.0,153.79,178.86,29.89,64.80000000000001,7318.5120000000015,9206.4,35096.992,1.1508,225.12589784927144,217.4877468048145,9058.213217699633,8615.365219457488,0.2131789594053745
2023-07-18,7.835,36.1,2.78,1.27,3860.0,17008.0,31573.0,,64.19999999999999,11127.0,220.0,6.0,7.01,4.92,164012.0,164.5,69.17,18.67,64.19999999999999,7143.533999999999,10824.000000000002,36082.64,1.3530000000000002,221.8857124362919,217.7829443367405,10174.403345299423,8874.886647230625,0.22695202257761055
2023-07-19,7.875,36.1,3.19,1.525,3878.0,17458.0,30511.0,,64.65,11044.0,216.0,5.93,6.33,4.34,219998.0,138.83,,17.98,64.65,7139.946000000001,9374.4,47519.568,1.1718,218.16523260195885,217.57344285465425,9668.704783604036,8933.581013381381,0.22213311948676825
2023-07-20,7.859999999999999,36.1,3.145,1.4,4152.0,17620.0,41044.0,,65.0,10997.0,216.0,5.85,5.73,3.83,180462.0,214.85,88.91,17.4,65.0,7148.05,8272.8,38979.792,1.0341,216.7965445596148,217.38855844562624,8786.324671720795,8855.937197595778,0.23564131668558455
2023-07-21,7.845,36.1,2.99,1.57,3849.0,17108.0,29589.0,,65.35,11134.0,216.0,5.9,3.32,1.79,67819.0,136.45,88.69,18.09,65.35,7276.0689999999995,3866.4,14648.904,0.4833,216.29303236745923,217.22539852732282,5676.339138838238,8269.651122208896,0.22498246434416647
2023-07-22,,,,,,,,,,11167.0,216.0,,,,,166.31,57.1,25.41,,,,,,216.10780058358603,217.0814104047941,4532.239398950132,7752.255476651494,
2023-07-23,,,,,,,,,,11462.0,216.0,,,,,,46.48,,,,,,,216.03965761844756,216.95434133265354,4111.3486259957035,7295.65542203633,
2023-07-24,7.855,36.1,2.96,1.385,3289.0,17428.0,34226.5,,66.75,11474.0,216.0,5.8,4.91,3.29,131888.0,162.87,126.31,32.44,66.75,7658.895,7106.4,28487.808,0.8883,216.01458922251265,216.8422032700752,6004.582174251538,7273.417323744401,0.18871930227220565
2023-07-25,7.86,36.1,3.25,1.935,3760.5,17298.0,31238.0,,67.25,11204.0,216.0,5.86,5.11,3.5,108784.0,165.14,89.28,17.94,67.25,7534.69,7560.0,23497.344,0.945,216.00536707502508,216.743241777188,6987.793759475556,7307.0916758700305,0.21739507457509538
2023-07-26,,,,,,,,,,11105.0,216.0,,,,,191.29,134.81,20.29,,,,,,216.00197443656094,216.65590856623987,7349.497088001055,7336.809187317441,
2023-07-27,7.92,36.1,2.95,1.26,3596.0,17768.0,26135.0,,69.25,11278.0,216.0,5.89,4.69,3.05,95959.0,193.96,76.49,18.49,69.25,7810.015,6587.999999999999,20727.144,0.8234999999999999,216.00072635461868,216.5788372780854,6868.139123187509,7248.821788434529,0.20238631247185954
2023-07-28,7.95,36.1,2.92,1.21,3207.0,18020.0,31148.0,,69.44999999999999,11508.0,216.0,5.92,4.58,2.96,101526.0,164.67,82.85,19.64,69.44999999999999,7992.305999999999,6393.6,21929.616,0.7992,216.0002672109312,216.51082210501085,6568.173187452207,7148.330579316329,0.17796892341842396
2023-07-29,,,,,,,,,,11688.0,216.0,,,,,137.7,95.32,25.59,,,,,,216.00009830140806,216.45079892544382,6457.821886643435,7059.647398532537,
2023-07-30,,,,,,,,,,11990.0,216.0,,,,,,,,,,,,,216.00003616306705,216.39782865539263,6417.225911769363,6981.384766179492,
2023-07-31,8.004999999999999,36.1,3.075,1.31,2857.0,18468.0,32242.0,,69.05000000000001,12168.0,216.0,5.57,4.53,2.81,115252.0,188.69,,30.97,69.05000000000001,8402.004,6069.6,24894.432,0.7587,216.00001330364887,216.35108255614338,6197.484426158427,6874.2472319772205,0.15470002165908597
2023-08-01,8.01,36.1,2.75,1.315,3102.5,18210.0,32424.5,,68.19999999999999,12486.0,216.0,5.27,5.56,3.78,140610.0,189.04,167.8,17.54,68.19999999999999,8515.451999999997,8164.799999999999,30371.76,1.0206,216.0000048941389,216.309829268348,7441.065046087286,7025.891179597921,0.17037342119714444
2023-08-02,8.024999999999999,36.1,2.89,1.3599999999999999,2847.0,18408.0,34442.5,,67.25,12644.0,216.0,5.21,5.82,4.01,153410.0,185.2,79.64,18.76,67.25,8503.09,8661.6,33136.56,1.0827,216.00000180045308,216.27342336964716,8212.59028322438,7218.092032464863,0.15466101694915255
2023-08-03,7.98,36.1,3.185,1.495,3225.0,17868.0,35505.5,,65.94999999999999,12734.0,216.0,4.98,6.64,4.74,160512.0,163.18,88.86,19.32,65.94999999999999,8398.072999999999,10238.4,34670.592,1.2798,216.00000066234966,216.24129527680785,9493.146253472907,7572.987573798667,0.18049026192075218
2023-08-04,7.99,36.1,2.82,1.34,3813.0,18108.0,34627.5,,64.69999999999999,12688.0,216.0,4.61,7.12,5.36,156025.0,190.38,137.31,17.85,64.69999999999999,8209.135999999999,11577.6,33701.4,1.4472,216.00000024366483,216.21294233439122,10810.772320579894,8043.541937825543,0.21056991385023194
2023-08-05,,,,,,,,,,12757.0,216.0,,,,,129.79,19.24,25.72,,,,,,216.0000000896393,216.1879209505294,11295.499861820139,8458.804706576924,
2023-08-06,,,,,,,,,,12834.0,216.0,,,,,,,,,,,,,216.00000003297646,216.16583965677293,11473.821158812007,8825.272813758722,
2023-08-07,8.02,36.1,2.83,1.12,2884.0,18438.0,22605.0,,63.35,11746.0,216.0,4.55,6.83,4.82,106513.0,163.97,38.21,31.37,63.35,7441.090999999999,10411.2,23006.808,1.3014000000000001,216.00000001213135,216.1463529834278,10802.116478080712,9011.62417041737,0.15641609719058466
2023-08-08,8.01,36.1,2.75,1.35,3714.5,18208.0,30030.5,,62.849999999999994,11334.0,216.0,4.59,6.94,4.93,120410.0,191.74,137.66,16.14,62.849999999999994,7123.418999999999,10648.8,26008.56,1.3311,216.00000000446286,216.12915605455905,10705.201980278705,9203.997401406963,0.2040037346221441
2023-08-09,8.0,36.1,2.96,1.365,3563.0,18028.0,32305.0,,63.1,11714.0,216.0,4.46,7.05,4.98,145032.0,189.98,132.75,17.69,63.1,7391.534000000001,10756.8,31326.912,1.3446,216.00000000164178,216.11397981809841,10737.818149339377,9386.456516416334,0.19763700909696028
2023-08-10,,,,,,,,,,12711.0,216.0,,,,,190.5,75.77,14.56,,,,,,216.00000000060396,216.100586836429,10749.816967386569,9547.47612026043,
2023-08-11,7.945,36.1,3.08,1.3900000000000001,3416.5,17888.0,35163.0,,61.05,13329.0,214.0,4.12,7.73,5.73,135485.0,159.87,47.78,16.15,61.05,8137.3544999999995,12262.2,28993.79,1.532775,214.73575888256508,215.85376137675854,11705.825375125,9866.464584757394,0.19099396243291591
2023-08-12,,,,,,,,,,13549.0,218.0,,,,,135.99,89.75,24.43,,,,,,216.79915280186918,216.105951062782,12057.521213919015,10147.97091663618,
2023-08-13,,,,,,,,,,12870.0,216.0,,,,,,,,,,,,,216.29399188616222,216.09350148473067,12186.902882556878,10396.399382577161,
2023-08-14,8.004999999999999,36.1,3.12,1.415,4068.5,17468.0,35004.0,,61.1,12031.0,216.0,4.14,7.19,5.28,129718.0,188.99,134.31,29.53,61.1,7350.941,11404.8,28019.088,1.4256,216.10815357079028,216.08251477066187,11692.519571373598,10514.889578559952,0.23291160980077857
2023-08-15,,,,,,,,,,11621.0,216.0,,,,,137.11,76.6,16.11,,,,,,216.039787475183,216.07281902952658,11510.646115131005,10619.456809501407,
2023-08-16,7.995,36.1,2.825,1.19,3465.5,17718.0,24796.0,,61.55,11853.0,216.0,4.15,7.05,4.53,102503.0,138.1,89.88,17.79,61.55,7295.5215,9784.800000000001,22140.648,1.2231,216.01463699413594,216.06426256800643,10419.7033043823,10521.382049106132,0.19559205327915113
2023-08-17,8.0,36.1,2.9699999999999998,1.29,3816.0,17608.0,26045.0,,60.7,12394.0,216.0,4.11,7.53,5.5,114930.0,155.02,89.38,17.75,60.7,7523.158,11880.0,24824.88,1.485,216.00538464922315,216.0567115172178,11342.786867671657,10681.023866540332,0.21671967287596547
2023-08-18,7.99,36.1,3.145,1.3399999999999999,3493.0,17818.0,23538.5,,61.0,12265.0,216.0,4.14,7.39,5.21,118067.0,135.77,92.53,17.25,61.0,7481.65,11253.599999999999,25502.472,1.4066999999999998,216.00198090174712,216.05004773828557,11286.41001503888,10748.303335727978,0.19603771467055786
2023-08-19,,,,,,,,,,11774.0,216.0,,,,,163.24,57.29,23.56,,,,,,216.00072873302773,216.04416697401837,11265.670129997328,10807.677258893613,
2023-08-20,,,,,,,,,,11542.0,216.0,,,,,,,,,,,,,216.000268085899,216.03897721776775,11258.040352678283,10860.07456218158,
2023-08-21,8.02,36.1,2.87,1.0350000000000001,2821.5,18008.0,25630.0,,60.55,11719.0,216.0,4.22,7.63,4.69,117364.0,162.83,38.61,26.4,60.55,7095.8544999999995,10130.400000000001,25350.624,1.2663000000000002,216.00009862329068,216.0343972739514,10545.235702785656,10774.335541020017,0.1566803642825411
2023-08-22,8.004999999999999,36.1,2.975,1.385,3296.0,18268.0,25209.0,,60.3,12245.0,211.0,4.03,7.5,5.66,135271.0,136.97,184.58,15.45,60.3,7383.735,11942.6,28542.181,1.492825,212.83943348733828,215.44284000064246,11428.538403227862,10911.610233550497,0.18042478651193344
2023-08-23,7.99,36.1,2.91,1.38,3521.0,17898.0,24631.5,,59.75,12045.0,204.0,4.02,7.57,5.58,152239.0,156.52,89.04,18.48,59.75,7196.8875,11383.199999999999,31056.756,1.4228999999999998,207.25184585159417,214.0982708573381,11399.87906644307,10967.02349181772,0.19672589116102357
2023-08-24,8.015,36.1,2.865,1.22,3401.0,17968.0,25906.0,,60.150000000000006,12368.0,204.0,4.1,7.43,5.58,148464.0,128.08,123.03,15.92,60.150000000000006,7439.352000000001,11383.199999999999,30286.656,1.4228999999999998,205.19628723466013,212.91169275306117,11389.335885642338,11015.925520600664,0.18928094390026715
2023-08-25,8.02,36.1,2.99,1.29,3190.0,18128.0,21996.5,,60.55,12303.0,204.0,4.18,7.22,5.21,123192.0,108.72,41.79,14.31,60.55,7449.466499999999,10628.4,25131.168,1.32855,204.44008947936732,211.86454125136208,10908.3326683774,10970.39007160257,0.17597087378640777
2023-08-26,,,,,,,,,,11700.0,204.0,,,,,48.2,47.72,22.15,,,,,,204.1618998717351,210.94043329457583,10731.381473608308,10930.20517890395,
2023-08-27,,,,,,,,,,10511.0,204.0,,,,,,,,,,,,,204.05955963433965,210.12491088505817,10666.284766962035,10894.742135566727,
2023-08-28,,,,,,,,,,9905.0,198.0,,,,,132.82,131.58,28.39,,,,,,200.2291874120259,208.70019630017808,10642.337026898904,10863.446109665403,
2023-08-29,8.08,36.1,2.935,1.1749999999999998,2693.5,18418.0,26090.0,,62.25,10206.0,192.0,4.43,6.82,4.78,119698.0,187.38,75.87,15.22,62.25,6353.235,9177.6,22982.016,1.1472,195.02734886643117,206.73787150746188,9716.44663891869,10665.353970014008,0.1462428059507004
2023-08-30,8.065000000000001,36.1,2.88,1.19,3112.5,18608.0,25993.5,,61.45,10791.0,192.0,4.11,7.82,5.51,131059.0,135.07,,16.75,61.45,6631.0695000000005,10579.2,25163.328,1.3224,193.1136994092137,205.00612595602485,10261.810775656624,10655.230611682728,0.16726676698194326
2023-08-31,8.085,36.1,2.715,1.085,3235.5,18348.0,24004.5,,60.45,11194.0,192.0,4.06,7.89,5.78,128064.0,135.73,89.0,15.03,60.45,6766.773,11097.6,24588.288,1.3872,192.4097071162945,203.47786587081703,10790.130327211446,10707.210385011764,0.1763407455853499
2023-09-01,8.05,36.1,2.705,1.1,2922.5,18058.0,24767.5,,59.849999999999994,11161.0,192.0,4.05,7.53,5.43,120670.0,163.97,179.59,14.74,59.849999999999994,6679.858499999999,10425.599999999999,23168.64,1.3032,192.1507228249864,202.12918107927746,10559.70321306459,10674.120292508536,0.16183962786576586
2023-09-02,,,,,,,,,,10949.0,192.0,,,,,57.16,58.02,21.67,,,,,,192.0554478286278,200.93897092818085,10474.933815081495,10644.9183883682,
2023-09-03,,,,,,,,,,9760.0,192.0,,,,,,,,,,,,,192.02039811620978,199.88861415641333,10443.748896323035,10619.14779841478,
2023-09-04,8.065000000000001,36.1,2.8550000000000004,1.31,2896.0,18208.0,21891.0,,61.45,9525.0,176.0,4.25,7.39,5.46,135009.0,162.7,129.99,25.79,61.45,5853.1125,9609.6,23761.584,1.2012,181.89357510633528,197.08162800007327,9916.466229833095,10500.522805112141,0.15905096660808435
2023-09-05,8.07,36.1,2.92,1.19,2997.0,17868.0,22691.0,,60.45,11208.0,186.0,4.15,7.76,5.75,131725.0,136.98,131.41,14.99,60.45,6775.236,10695.0,24500.85,1.336875,184.48933070490614,195.77950238565938,10408.593431697902,10523.374477888123,0.16773002014775018
2023-09-06,8.08,36.1,3.0,1.295,3484.5,18138.0,23051.5,,60.150000000000006,10656.0,180.0,4.28,7.59,5.82,,165.28,50.01,17.89,60.150000000000006,6409.584,10476.0,,1.3095,181.6515324709547,193.92536197967064,10451.20250932174,10517.80782999783,0.19211048627191532
2023-09-07,,,,,,,,,,10596.0,180.0,,,,,136.89,76.85,16.51,,,,,,180.6075648424913,192.28908881442862,10466.877512986828,10512.895280476867,
2023-09-08,8.085,36.1,2.74,1.34,3289.0,18208.0,26151.0,,59.5,10767.0,180.0,4.13,7.62,5.44,116810.0,134.6,88.78,14.15,59.5,6406.365,9792.0,21025.8,1.224,180.22351061473114,190.84508281432025,10040.273562336768,10428.187852108687,0.18063488576449913
2023-09-09,,,,,,,,,,10759.0,180.0,,,,,57.35,47.07,21.87,,,,,,180.08222496004316,189.57075199191107,9883.334739370093,10353.433808947862,
2023-09-10,,,,,,,,,,9969.0,180.0,,,,,,,,,,,,,180.03024887235102,188.44615898826686,9825.60017287901,10287.463597402759,
2023-09-11,,,,,,,,,,9068.0,180.0,,,,,136.62,182.07,25.91,,,,,,180.01112793825655,187.45370914588256,9804.360812821995,10229.245090051356,
2023-09-12,8.14,36.1,3.05,1.26,2778.5,18418.0,20857.5,,61.2,8839.0,180.0,4.54,6.8,4.67,122121.0,193.0,75.9,14.83,61.2,5409.468000000001,8406.0,21981.78,1.05075,180.00409373970723,186.57787523400782,8920.428194377,10015.008144622892,0.15085785644478228
2023-09-13,8.14,36.1,2.8,1.08,2512.5,18608.0,22391.0,,60.75,9228.0,180.0,4.39,6.89,4.99,128720.0,135.68,41.64,16.26,60.75,5606.01,8982.000000000002,23169.6,1.1227500000000001,180.0015060026758,185.80495451959982,8959.348998555495,9893.626487974361,0.1350225709372313
2023-09-14,8.065000000000001,36.1,3.14,1.34,2713.5,18008.0,28649.0,,60.75,9533.0,180.0,4.35,6.86,4.9,101448.0,190.33,89.12,14.73,60.75,5791.2975,8820.0,18260.64,1.1025,180.00055402742277,185.12285438319128,8871.263631716396,9767.472050170152,0.1506830297645491
2023-09-15,8.09,36.1,2.8499999999999996,1.13,2425.0,18428.0,26945.0,,60.7,9471.0,180.0,4.41,6.51,4.53,105206.0,134.2,47.51,15.35,60.7,5748.897000000001,8154.000000000002,18937.08,1.0192500000000002,180.00020381529868,184.52090312555822,8417.866544008428,9577.884086681977,0.13159322769698284
2023-09-16,,,,,,,,,,9893.0,180.0,,,,,81.81,145.98,21.72,,,,,,180.0000749794582,183.98968300519016,8251.071076753662,9410.573296136341,
2023-09-17,,,,,,,,,,9961.0,180.0,,,,,,,,,,,,,180.00002758340116,183.52088289437472,8189.710453470048,9262.922041710837,
2023-09-18,,,,,,,,,,,,,,,,,,,,,,,,180.0000101473662,183.10716824864878,8167.137141666541,9132.620267017599,
2023-09-19,,,,,,,,,,,,,,,,,,,,,,,,180.00000373300742,182.74206635524175,8158.832884334877,9017.62935444954,
2023-09-20,,,,,,,,,,,,,,,,,,,,,,,,180.0000013732967,182.41986506518228,8155.777918788362,8916.150230282852,
2023-09-21,,,,,,,,,,,,,,,,,,,,,,,,180.00000050520762,182.13552342469603,8154.6540597703115,8826.595217528753,
2023-09-22,,,,,,,,,,,,,,,,,,,,,,,,180.0000001858555,181.8845928076911,8154.240615142796,8747.563196162337,
2023-09-23,,,,,,,,,,,,,,,,,,,,,,,,180.0000000683724,181.6631473154206,8154.08851736427,8677.817682101475,
2023-09-24,,,,,,,,,,,,,,,,,,,,,,,,180.00000002515281,181.46772235440056,8154.032563718502,8616.267481973593,
2023-09-25,,,,,,,,,,,,,,,,,,,,,,,,180.0000000092532,181.29526043161266,8154.0119795225655,8561.949621007276,
2023-09-26,,,,,,,,,,,,,,,,,,,,,,,,180.00000000340407,181.14306331893857,8154.004407020067,8514.01427694948,
2023-09-27,,,,,,,,,,,,,,,,,,,,,,,,180.0000000012523,181.00874983842135,8154.00162125208,8471.711484294148,
2023-09-28,,,,,,,,,,,,,,,,,,,,,,,,180.00000000046072,180.89021860788955,8154.0005964253105,8434.37940080514,
2023-09-29,,,,,,,,,,,,,,,,,,,,,,,,180.0000000001695,180.7856151640857,8154.000219412611,8401.433952759062,
2023-09-30,,,,,,,,,,,,,,,,,,,,,,,,180.00000000006236,180.69330294892913,8154.000080717389,8372.359696904135,
2023-10-01,,,,,,,,,,,,,,,,,,,,,,,,180.00000000002296,180.61183770498272,8154.000029694269,8346.701756167211,
2023-10-02,,,,,,,,,,,,,,,,,,,,,,,,180.00000000000847,180.53994487953173,8154.000010923912,8324.058702940176,
2023-10-03,,,,,,,,,,,,,,,,,,,,,,,,180.00000000000313,180.47649968375316,8154.000004018683,8304.076278602259,
2023-10-04,,,,,,,,,,,,,,,,,,,,,,,,180.00000000000114,180.42050949499472,8154.000001478392,8286.441851017917,
2023-10-05,,,,,,,,,,,,,,,,,,,,,,,,180.00000000000043,180.37109832684027,8154.000000543871,8270.879523295882,
2023-10-06,,,,,,,,,,,,,,,,,,,,,,,,180.00000000000017,180.32749312399088,8154.00000020008,8257.14581728418,
2023-10-07,,,,,,,,,,,,,,,,,,,,,,,,180.00000000000006,180.2890116675397,8154.000000073606,8245.025864267845,
2023-10-08,,,,,,,,,,,,,,,,,,,,,,,,180.00000000000003,180.25505190141462,8154.000000027079,8234.330043271459,
2023-10-09,,,,,,,,,,,,,,,,,,,,,,,,180.0,180.22508251299672,8154.000000009963,8224.89101437155,
2023-10-10,,,,,,,,,,,,,,,,,,,,,,,,180.0,180.19863462054556,8154.000000003665,8216.561100603973,
2023-10-11,,,,,,,,,,,,,,,,,,,,,,,,180.0,180.17529443737752,8154.00000000135,8209.209977505288,
2023-10-12,,,,,,,,,,,,,,,,,,,,,,,,180.0,180.15469679802598,8154.0000000004975,8202.722634140182,
2023-10-13,,,,,,,,,,,,,,,,,,,,,,,,180.0,180.1365194450977,8154.000000000184,8196.997573714472,
2023-10-14,,,,,,,,,,,,,,,,,,,,,,,,180.0,180.1204779874413,8154.000000000069,8191.9452256216755,
2023-10-15,,,,,,,,,,,,,,,,,,,,,,,,180.0,180.10632145074658,8154.000000000026,8187.486544079003,
2023-10-16,,,,,,,,,,,,,,,,,,,,,,,,180.0,180.09382835096216,8154.000000000011,8183.551771427983,
2023-10-17,,,,,,,,,,,,,,,,,,,,,,,,180.0,180.08280322909872,8154.0000000000055,8180.079346751084,
2023-10-18,,,,,,,,,,,,,,,,,,,,,,,,180.0,180.07307359320362,8154.000000000003,8177.014942729262,
2023-10-19,,,,,,,,,,,,,,,,,,,,,,,,180.0,180.06448721966294,8154.000000000002,8174.310615671736,
2023-10-20,,,,,,,,,,,,,,,,,,,,,,,,180.0,180.05690977160884,8154.000000000002,8171.924055419893,
2023-10-21,,,,,,,,,,,,,,,,,,,,,,,,180.0,180.05022269717162,8154.000000000002,8169.817923389811,
2023-10-22,,,,,,,,,,,,,,,,,,,,,,,,180.0,180.0443213746934,8154.000000000002,8167.9592683968285,
2023-10-23,,,,,,,,,,,,,,,,,,,,,,,,180.0,180.03911347588522,8154.000000000002,8166.3190111225485,
2023-10-24,,,,,,,,,,,,,,,,,,,,,,,,180.0,180.03451752131804,8154.000000000002,8164.871489158555,
2023-10-25,,,,,,,,,,,,,,,,,,,,,,,,180.0,180.03046160564807,8154.000000000002,8163.594055508907,
2023-10-26,,,,,,,,,,,,,,,,,,,,,,,,180.0,180.02688227263218,8154.000000000002,8162.466724269836,
2023-10-27,,,,,,,,,,,,,,,,,,,,,,,,180.0,180.02372352233235,8154.000000000002,8161.471857943168,
2023-10-28,,,,,,,,,,,,,,,,,,,,,,,,180.0,180.0209359349767,8154.000000000002,8160.593891491399,
2023-10-29,,,,,,,,,,,,,,,,,,,,,,,,180.0,180.01847589776966,8154.000000000002,8159.819088817138,
2023-10-30,,,,,,,,,,,,,,,,,,,,,,,,180.0,180.0163049225542,8154.000000000002,8159.1353278569895,
2023-10-31,,,,,,,,,,,,,,,,,,,,,,,,180.0,180.014389043651,8154.000000000002,8158.53191092755,
2023-11-01,,,,,,,,,,,,,,,,,,,,,,,,180.0,180.01269828645317,8154.000000000002,8157.999397356352,
2023-11-02,,,,,,,,,,,,,,,,,,,,,,,,180.0,180.01120619846307,8154.000000000002,8157.529455779187,
2023-11-03,,,,,,,,,,,,,,,,,,,,,,,,180.0,180.00988943543342,8154.000000000002,8157.114733792942,
2023-11-04,,,,,,,,,,,,,,,,,,,,,,,,180.0,180.0087273961383,8154.000000000002,8156.748742924648,
2023-11-05,,,,,,,,,,,,,,,,,,,,,,,,180.0,180.0077019000597,8154.000000000002,8156.425757117003,
2023-11-06,,,,,,,,,,,,,,,,,,,,,,,,180.0,180.0067969029467,8154.000000000002,8156.140723142178,
2023-11-07,,,,,,,,,,,,,,,,,,,,,,,,180.0,180.00599824579763,8154.000000000002,8155.889181542264,
2023-11-08,,,,,,,,,,,,,,,,,,,,,,,,180.0,180.00529343333736,8154.000000000002,8155.667196859468,
2023-11-09,,,,,,,,,,,,,,,,,,,,,,,,180.0,180.00467143852427,8154.000000000002,8155.47129606448,
2023-11-10,,,,,,,,,,,,,,,,,,,,,,,,180.0,180.0041225300283,8154.000000000002,8155.298414219689,
2023-11-11,,,,,,,,,,,,,,,,,,,,,,,,180.0,180.0036381199808,8154.000000000002,8155.145846527148,
2023-11-12,,,,,,,,,,,,,,,,,,,,,,,,180.0,180.00321062961427,8154.000000000002,8155.011206011046,
2023-11-13,,,,,,,,,,,,,,,,,,,,,,,,180.0,180.00283337068996,8154.000000000002,8154.892386172623,
2023-11-14,,,,,,,,,,,,,,,,,,,,,,,,180.0,180.00250044085777,8154.000000000002,8154.78752803325,
2023-11-15,,,,,,,,,,,,,,,,,,,,,,,,180.0,180.00220663131208,8154.000000000002,8154.6949910500425,
2023-11-16,,,,,,,,,,,,,,,,,,,,,,,,180.0,180.00194734529805,8154.000000000002,8154.613327448987,
2023-11-17,,,,,,,,,,,,,,,,,,,,,,,,180.0,180.0017185261938,8154.000000000002,8154.541259574001,
2023-11-18,,,,,,,,,,,,,,,,,,,,,,,,180.0,180.00151659404304,8154.000000000002,8154.47765989755,
2023-11-19,,,,,,,,,,,,,,,,,,,,,,,,180.0,180.00133838954545,8154.000000000002,8154.421533380078,
2023-11-20,,,,,,,,,,,,,,,,,,,,,,,,180.0,180.00118112462832,8154.000000000002,8154.372001902255,
2023-11-21,,,,,,,,,,,,,,,,,,,,,,,,180.0,180.00104233882607,8154.000000000002,8154.328290526496,
2023-11-22,,,,,,,,,,,,,,,,,,,,,,,,180.0,180.00091986078544,8154.000000000002,8154.289715372781,
2023-11-23,,,,,,,,,,,,,,,,,,,,,,,,180.0,180.00081177429396,8154.000000000002,8154.255672919111,
2023-11-24,,,,,,,,,,,,,,,,,,,,,,,,180.0,180.00071638830002,8154.000000000002,8154.225630559191,
2023-11-25,,,,,,,,,,,,,,,,,,,,,,,,180.0,180.00063221045582,8154.000000000002,8154.199118269615,
2023-11-26,,,,,,,,,,,,,,,,,,,,,,,,180.0,180.00055792376904,8154.000000000002,8154.175721256183,
2023-11-27,,,,,,,,,,,,,,,,,,,,,,,,180.0,180.00049236599807,8154.000000000002,8154.155073464301,
2023-11-28,,,,,,,,,,,,,,,,,,,,,,,,180.0,180.00043451146823,8154.000000000002,8154.136851851918,
2023-11-29,,,,,,,,,,,,,,,,,,,,,,,,180.0,180.00038345502486,8154.000000000002,8154.1207713354315,
2023-11-30,,,,,,,,,,,,,,,,,,,,,,,,180.0,180.00033839787173,8154.000000000002,8154.10658032944,
2023-12-01,,,,,,,,,,,,,,,,,,,,,,,,180.0,180.00029863507365,8154.000000000002,8154.094056810607,
2023-12-02,,,,,,,,,,,,,,,,,,,,,,,,180.0,180.0002635445275,8154.000000000002,8154.083004844028,
2023-12-03,,,,,,,,,,,,,,,,,,,,,,,,180.0,180.00023257722924,8154.000000000002,8154.073251517755,
2023-12-04,,,,,,,,,,,,,,,,,,,,,,,,180.0,180.0002052486844,8154.000000000002,8154.064644237529,
2023-12-05,,,,,,,,,,,,,,,,,,,,,,,,180.0,180.00018113132825,8154.000000000002,8154.057048339389,
2023-12-06,,,,,,,,,,,,,,,,,,,,,,,,180.0,180.00015984783616,8154.000000000002,8154.050344982809,
2023-12-07,,,,,,,,,,,,,,,,,,,,,,,,180.0,180.0001410652203,8154.000000000002,8154.04442929139,
2023-12-08,,,,,,,,,,,,,,,,,,,,,,,,180.0,180.00012448962,8154.000000000002,8154.039208712036,
2023-12-09,,,,,,,,,,,,,,,,,,,,,,,,180.0,180.00010986170406,8154.000000000002,8154.0346015669265,
2023-12-10,,,,,,,,,,,,,,,,,,,,,,,,180.0,180.00009695261355,8154.000000000002,8154.030535775638,
2023-12-11,,,,,,,,,,,,,,,,,,,,,,,,180.0,180.00008556038117,8154.000000000002,8154.026947727419,
2023-12-12,,,,,,,,,,,,,,,,,,,,,,,,180.0,180.00007550677137,8154.000000000002,8154.02378128598,
2023-12-13,,,,,,,,,,,,,,,,,,,,,,,,180.0,180.00006663449187,8154.000000000002,8154.020986911217,
2023-12-14,,,,,,,,,,,,,,,,,,,,,,,,180.0,180.0000588047327,8154.000000000002,8154.018520884144,
2023-12-15,,,,,,,,,,,,,,,,,,,,,,,,180.0,180.00005189499447,8154.000000000002,8154.016344622891,
2023-12-16,,,,,,,,,,,,,,,,,,,,,,,,180.0,180.00004579717188,8154.000000000002,8154.014424079075,
2023-12-17,,,,,,,,,,,,,,,,,,,,,,,,180.0,180.00004041586234,8154.000000000002,8154.012729205107,
2023-12-18,,,,,,,,,,,,,,,,,,,,,,,,180.0,180.00003566687334,8154.000000000002,8154.01123348408,
2023-12-19,,,,,,,,,,,,,,,,,,,,,,,,180.0,180.00003147590525,8154.000000000002,8154.009913514906,
2023-12-20,,,,,,,,,,,,,,,,,,,,,,,,180.0,180.00002777738888,8154.000000000002,8154.008748646199,
2023-12-21,,,,,,,,,,,,,,,,,,,,,,,,180.0,180.00002451345966,8154.000000000002,8154.007720653172,
2023-12-22,,,,,,,,,,,,,,,,,,,,,,,,180.0,180.00002163305223,8154.000000000002,8154.006813452511,
2023-12-23,,,,,,,,,,,,,,,,,,,,,,,,180.0,180.0000190911016,8154.000000000002,8154.0060128507375,
2023-12-24,,,,,,,,,,,,,,,,,,,,,,,,180.0,180.00001684783803,8154.000000000002,8154.005306322152,
2023-12-25,,,,,,,,,,,,,,,,,,,,,,,,180.0,180.00001486816487,8154.000000000002,8154.004682812863,
2023-12-26,,,,,,,,,,,,,,,,,,,,,,,,180.0,180.00001312110945,8154.000000000002,8154.004132567848,
2023-12-27,,,,,,,,,,,,,,,,,,,,,,,,180.0,180.00001157933846,8154.000000000002,8154.003646978325,
2023-12-28,,,,,,,,,,,,,,,,,,,,,,,,180.0,180.00001021873032,8154.000000000002,8154.0032184470765,
2023-12-29,,,,,,,,,,,,,,,,,,,,,,,,180.0,180.00000901799785,8154.000000000002,8154.002840269576,
2023-12-30,,,,,,,,,,,,,,,,,,,,,,,,180.0,180.00000795835518,8154.000000000002,8154.002506529104,
2023-12-31,,,,,,,,,,,,,,,,,,,,,,,,180.0,180.00000702322382,8154.000000000002,8154.00221200417,
