date,반입|음폐수,반입|가축분뇨,반입|음식물,반입|반입량,여액저장조|pH,여액저장조|TS(%),여액저장조|VS(%),유기산화조(소화조 투입)|pH,유기산화조(소화조 투입)|COD(cr),유기산화조(소화조 투입)|T-N,유기산화조(소화조 투입)|T-P,유기산화조(소화조 투입)|NH3-N,유기산화조(소화조 투입)|TS(%),유기산화조(소화조 투입)|VS(%),혐기성소화조|#A|투입량,혐기성소화조|#A|온도(하),혐기성소화조|#A|온도(중),혐기성소화조|#A|온도(상),혐기성소화조|#A|pH,혐기성소화조|#A|COD(cr),혐기성소화조|#A|T-N,혐기성소화조|#A|T-P,혐기성소화조|#A|NH3-N,혐기성소화조|#A|TS(%),혐기성소화조|#A|VS(%),혐기성소화조|#A|VFA,혐기성소화조|#A|Alk,혐기성소화조|#A|메탄함량,혐기성소화조|#A|바이오가스발생량,혐기성소화조|#B|투입량,혐기성소화조|#B|온도(하),혐기성소화조|#B|온도(중),혐기성소화조|#B|온도(상),혐기성소화조|#B|pH,혐기성소화조|#B|COD(cr),혐기성소화조|#B|T-N,혐기성소화조|#B|T-P,혐기성소화조|#B|NH3-N,혐기성소화조|#B|TS(%),혐기성소화조|#B|VS(%),혐기성소화조|#B|VFA,혐기성소화조|#B|Alk,혐기성소화조|#B|메탄함량,혐기성소화조|#B|바이오가스발생량,혐기성소화조|A+B|가스발생량,혼합슬러지 탈리액(소화조+슬러지 저류조 탈리액)|A+B|탈수량,혼합슬러지 탈리액(소화조+슬러지 저류조 탈리액)|A+B|pH,혼합슬러지 탈리액(소화조+슬러지 저류조 탈리액)|A+B|SS,유량조정조(SBR 유입수)|A+B|pH,유량조정조(SBR 유입수)|A+B|SS,유량조정조(SBR 유입수)|A+B|COD(mn),유량조정조(SBR 유입수)|A+B|T-N,유량조정조(SBR 유입수)|A+B|T-P,유량조정조(SBR 유입수)|A+B|NH3-N,포기조(SBR)|#A|유입량,포기조(SBR)|#A|pH,포기조(SBR)|#A|COD(mn),포기조(SBR)|#A|MLSS,포기조(SBR)|#A|T-N,포기조(SBR)|#A|NH3-N,포기조(SBR)|#A|NO3-N,포기조(SBR)|#A|NO2-N,포기조(SBR)|#A|PO4-P,포기조(SBR)|#A|온도,포기조(SBR)|#B|유입량,포기조(SBR)|#B|pH,포기조(SBR)|#B|COD(mn),포기조(SBR)|#B|MLSS,포기조(SBR)|#B|T-N,포기조(SBR)|#B|NH3-N,포기조(SBR)|#B|NO3-N,포기조(SBR)|#B|NO2-N,포기조(SBR)|#B|PO4-P,포기조(SBR)|#B|온도,연계처리수조|#B|연계량,연계처리수조|#B|pH,연계처리수조|#B|SS,연계처리수조|#B|BOD,연계처리수조|#B|TOC,연계처리수조|#B|COD(mn),연계처리수조|#B|T-N,연계처리수조|#B|T-P,외부탄소원 (음폐)|#B|m3/day,외부탄소원 (음폐)|#B|철염(L),비중|1.33|철염(kg),비중|가스농도(%)|#A,비중|가스농도(%)|#B,"비중|가스농도(%)|#A,B 평균(CH4)",비중|가스농도(%)|(CO2),비중|가스농도(%)|(H2S),비중|발생량|A+B(m3),비중|부피환산계수|CH4,비중|부피환산계수|CO2,비중|부피환산계수|H2S,비중|부피환산계수|합계,비중|가스발생량|BG(kg),비중|가스발생량|CH4(kg),비중|가스발생량|H(kg),비중|가스발생량,연계처리수조|#B|NH3-N,연계처리수조|#B|NO3-N,연계처리수조|#B|NO2-N,슬러지 수분함량|혼합슬러지 탈수슬러지|발생량,슬러지 수분함량|혼합슬러지 탈수슬러지|TS(%),슬러지 수분함량|바스크린 협잡물|발생량,슬러지 수분함량|바스크린 협잡물|TS(%),슬러지 수분함량|축폐 탈수슬러지|TS(%),슬러지 수분함량|소화조 탈수슬러지|발생량,포기조(SBR)|#B|온도평균
2018-01-01,183.62,0.0,20.19,203.81,,,,,,,,,,,67.0,38.0,,,,,,,,,,,,,4662.0,68.0,37.9,,,,,,,,,,,,,4711.0,9373,327.0,,,,,,,,0.0,204.0,,,,,,,,,,204.0,,,,,,,,0.0,,259.0,,,,,,,,,,,,,,,,,,,,,,,,,0.0,,259.0,,,,,,,
2018-01-02,129.71,41.03,15.27,186.01,6.71,2.52,1.63,4.09,91843.0,,,,7.3,6.54,93.0,37.9,,,7.84,25587.0,4053.0,,2814.0,2.93,1.39,3359.0,16068.0,64.3,6447.0,94.0,38.0,,,7.8,25809.0,4148.0,,2821.0,2.7,1.27,3440.0,16218.0,63.7,6830.0,13277,317.0,,,7.83,11780.0,2993.0,2341.0,389.0,0.0,203.0,7.98,146.0,22000.0,45.0,4.29,10.11,4.1,2.0,37.5,197.0,7.86,147.0,21560.0,50.0,3.53,7.5,1.16,27.0,37.8,266.0,8.4,440.0,,,147.0,47.0,5.0,,,,,,,,,,,,,,,,,,27.0,37.8,266.0,8.4,440.0,,147.0,47.0,5.0,
2018-01-03,158.23,41.56,16.45,216.23999999999998,6.71,2.64,1.68,4.2,,,,,7.91,6.69,100.0,38.0,,,7.88,,,,,2.84,1.29,3277.0,15778.0,65.1,6653.0,99.0,37.9,,,7.83,,,,,2.82,1.38,3399.0,15828.0,63.9,6804.0,13457,430.0,7.74,6760.0,7.83,22360.0,3006.0,2804.0,,0.0,153.0,7.8,,23980.0,45.0,3.89,2.9,0.2,1.0,37.1,189.0,7.69,,22760.0,44.0,3.24,2.6,5.41,1.0,37.7,312.0,8.29,460.0,,,142.0,49.0,5.0,,,,,,,,,,,,,,,,,,1.0,37.7,312.0,8.29,460.0,,142.0,49.0,5.0,
2018-01-04,125.76,79.04,17.06,221.86,7.21,2.44,1.28,4.26,,,,,7.22,5.92,108.0,37.6,,,7.84,,,,,2.94,1.3,3359.0,15868.0,65.6,6479.0,108.0,37.5,,,7.8,,,,,2.94,1.3,3420.0,15918.0,65.4,6367.0,12846,492.0,,,7.83,9740.0,2874.0,2166.0,,0.0,208.0,7.88,,23520.0,44.0,3.77,2.4,10.62,1.0,37.6,175.0,7.87,,21480.0,49.0,3.25,1.4,3.42,1.0,37.9,252.0,8.31,480.0,,,137.0,51.0,5.0,,,,,,,,,,,,,,,,,,1.0,37.9,252.0,8.31,480.0,,137.0,51.0,5.0,
2018-01-05,157.38,39.15,18.86,215.39,,,,,,,,,,,102.0,,,,,,,,,,,,,,5825.0,102.0,,,,,,,,,,,,,,5489.0,11314,334.0,,,,,,,,0.0,205.0,,,,,,,,,,211.0,,,,,,,,,,252.0,,,,,,,,,,,,,,,,,,,,,,,,,,,252.0,,,,,,,
2018-01-06,155.49,40.8,15.0,211.29000000000002,,,,,,,,,,,75.0,,,,,,,,,,,,,,4178.0,75.0,,,,,,,,,,,,,,4094.0,8272,360.0,,,,,,,,0.0,180.0,,,,,,,,,,194.0,,,,,,,,,,255.0,,,,,,,,,,,,,,,,,,,,,,,,,,,255.0,,,,,,,
2018-01-07,,,,0.0,,,,,,,,,,,69.0,,,,,,,,,,,,,,4328.0,69.0,,,,,,,,,,,,,,4162.0,8490,197.0,,,,,,,,1434.2,208.0,,,,,,,,,,179.0,,,,,,,,,,208.0,,,,,,,,,,,,,,,,,,,,,,,,,,,208.0,,,,,,,
2018-01-08,132.54,86.65,23.6,242.79,7.16,2.79,1.84,4.11,98722.0,,,,7.45,6.27,56.0,38.0,,,7.9,19281.0,3956.0,,2837.0,2.85,1.3,3318.0,16248.0,64.1,2991.0,55.0,38.1,,,7.88,23758.0,4042.0,,2743.0,2.61,1.08,3357.0,16368.0,64.5,3086.0,6077,334.0,7.92,5360.0,7.86,2580.0,1762.0,1568.0,84.0,0.0,159.0,7.83,130.0,25080.0,43.0,4.47,3.8,10.53,4.0,37.4,123.0,7.9,135.0,25120.0,45.0,4.21,2.9,6.37,4.0,37.6,94.0,8.31,520.0,,,141.0,52.0,5.0,,,,,,,,,,,,,,,,,,4.0,37.6,94.0,8.31,520.0,,141.0,52.0,5.0,
2018-01-09,157.48,41.02,15.37,213.87,6.94,2.93,2.04,4.26,,,,,6.88,5.56,105.0,38.0,,,7.89,,,,,2.75,1.29,3379.0,16028.0,63.9,5252.0,106.0,38.2,,,7.88,,,,,2.58,1.16,3338.0,15908.0,63.6,5194.0,10446,387.0,,,8.03,700.0,1159.0,1463.0,,0.0,137.0,7.84,,22820.0,44.0,3.9,4.9,4.12,7.0,37.4,125.0,7.88,,23090.0,51.0,4.02,6.2,10.95,8.0,37.6,210.0,8.25,440.0,,,143.0,52.0,6.0,,,,,,,,,,,,,,,,,,8.0,37.6,210.0,8.25,440.0,,143.0,52.0,6.0,
2018-01-10,155.3,39.53,14.1,208.93,6.57,1.76,1.28,4.18,,,,,6.73,5.62,76.0,38.2,,,7.85,,,,,2.76,1.2,3298.0,15708.0,64.1,4047.0,75.0,38.2,,,7.85,,,,,2.74,1.3,3277.0,15778.0,64.2,4106.0,8153,200.0,,,7.86,15480.0,2995.0,2352.0,,0.0,141.0,7.72,,22080.0,41.0,3.74,3.9,6.75,1.0,37.4,129.0,7.83,,21200.0,43.0,3.17,0.4,1.99,1.0,37.7,82.0,8.3,,,,143.0,48.0,5.0,,,,,,,,,,,,,,,,,,1.0,37.7,82.0,8.3,,,143.0,48.0,5.0,
2018-01-11,157.94,0.0,12.51,170.45,6.76,1.88,1.29,4.17,,,,,7.28,6.19,101.0,38.2,,,7.86,,,,,2.81,1.33,3357.0,16338.0,64.3,5488.0,104.0,37.9,,,7.82,,,,,2.85,1.4,3399.0,16398.0,64.1,5464.0,10952,422.0,,,7.98,15340.0,2954.0,2493.0,,0.0,217.0,7.61,,21280.0,51.0,3.29,6.5,4.68,8.0,37.6,212.0,7.65,,21020.0,52.0,2.95,7.9,3.76,7.0,37.7,170.0,8.26,420.0,,,146.0,48.0,14.0,,,,,,,,,,,,,,,,,,7.0,37.7,170.0,8.26,420.0,,146.0,48.0,14.0,
2018-01-12,152.95,20.82,15.23,188.99999999999997,,,,,,,,,,,108.0,,,,,,,,,,,,,,5969.0,108.0,,,,,,,,,,,,,,5957.0,11926,432.0,,,,,,,,0.0,220.0,,,,,,,,,,217.0,,,,,,,,,,152.0,,,,,,,,,,,,,,,,,,,,,,,,,,,152.0,,,,,,,
2018-01-13,129.92,42.09,13.92,185.92999999999998,,,,,,,,,,,84.0,,,,,,,,,,,,,,5354.0,83.0,,,,,,,,,,,,,,5487.0,10841,327.0,,,,,,,,0.0,217.0,,,,,,,,,,209.0,,,,,,,,,,28.0,,,,,,,,,,,,,,,,,,,,,,,,,,,28.0,,,,,,,
2018-01-14,,,,0.0,,,,,,,,,,,48.0,,,,,,,,,,,,,,3607.0,49.0,,,,,,,,,,,,,,3796.0,7403,295.0,,,,,,,,1629.0,181.0,,,,,,,,,,188.0,,,,,,,,,,262.0,,,,,,,,,,,,,,,,,,,,,,,,,,,262.0,,,,,,,
2018-01-15,132.97,61.44,23.55,217.96,6.97,2.6,1.75,3.92,111529.0,,,,7.71,6.45,57.0,38.2,,,8.0,22378.0,4004.0,,2568.0,2.72,1.38,3297.0,15888.0,63.0,3342.0,57.0,38.1,,,7.97,21917.0,4160.0,,2395.0,2.72,1.38,3357.0,15958.0,63.9,3494.0,6836,349.0,,,8.0,11300.0,3081.0,2134.0,378.0,0.0,140.0,7.56,141.0,18560.0,42.0,3.97,8.2,5.2,2.0,37.4,151.0,7.68,151.0,18520.0,42.0,3.42,9.6,4.36,1.0,37.0,16.0,8.21,5320.0,,,1556.0,325.0,13.0,,,,,,,,,,,,,,,,,,1.0,37.0,16.0,8.21,5320.0,,1556.0,325.0,13.0,
2018-01-16,105.36,40.94,17.42,163.72000000000003,7.11,2.13,1.27,4.0,,,,,7.62,6.41,99.0,38.0,,,7.96,,,,,2.59,1.17,3358.0,15918.0,63.2,5687.0,104.0,38.1,,,7.94,,,,,2.62,1.15,3378.0,16218.0,63.3,5634.0,11321,343.0,,,7.91,17940.0,3121.0,2463.0,,0.0,206.0,7.5,,17700.0,50.0,3.29,2.6,4.65,2.0,37.4,158.0,7.57,,16980.0,41.0,7.83,8.2,2.69,2.0,37.6,0.0,,,,,,,,,,,,,,,,,,,,,,,,,2.0,37.6,0.0,,,,,,,
2018-01-17,156.84,22.23,17.19,196.26,7.11,2.5,1.71,4.09,,,,,7.14,5.92,85.0,37.9,,,7.98,,,,,2.64,1.29,3378.0,15728.0,63.2,4999.0,87.0,38.0,,,7.95,,,,,2.69,1.36,3359.0,15928.0,63.2,4970.0,9969,256.0,,,7.92,19020.0,2923.0,2264.0,,0.0,150.0,7.61,,18220.0,50.0,2.98,4.3,5.62,2.0,37.4,108.0,7.62,,17860.0,49.0,2.63,9.9,10.33,3.0,37.5,1.0,,,,,,,,,,,,,,,,,,,,,,,,,3.0,37.5,1.0,,,,,,,
2018-01-18,105.0,39.35,15.71,160.06,6.78,2.81,1.83,4.12,,,,,7.16,5.95,44.0,37.8,,,7.85,,,,,2.63,1.19,3338.0,15848.0,63.7,2801.0,44.0,38.2,,,7.84,,,,,2.61,1.18,3337.0,15828.0,63.8,2790.0,5591,200.0,,,8.07,11240.0,2933.0,2034.0,,0.0,170.0,7.78,,20180.0,39.0,3.26,3.4,5.62,2.0,37.9,132.0,7.7,,17600.0,43.0,3.12,2.6,7.36,3.0,37.2,280.0,8.31,520.0,,,143.0,54.0,8.0,,,,,,,,,,,,,,,,,,3.0,37.2,280.0,8.31,520.0,,143.0,54.0,8.0,
2018-01-19,133.18,,17.96,151.14000000000001,,,,,,,,,,,95.0,,,,,,,,,,,,,,4563.0,94.0,,,,,,,,,,,,,,4650.0,9213,355.0,,,,,,,,0.0,215.0,,,,,,,,,,221.0,,,,,,,,,,350.0,,,,,,,,,,,,,,,,,,,,,,,,,,,350.0,,,,,,,
2018-01-20,26.5,,15.57,42.07,,,,,,,,,,,85.0,,,,,,,,,,,,,,4591.0,84.0,,,,,,,,,,,,,,4656.0,9247,412.0,,,,,,,,0.0,220.0,,,,,,,,,,204.0,,,,,,,,,,350.0,,,,,,,,,,,,,,,,,,,,,,,,,,,350.0,,,,,,,
2018-01-21,,,,0.0,,,,,,,,,,,60.0,,,,,,,,,,,,,,3697.0,60.0,,,,,,,,,,,,,,3712.0,7409,268.0,,,,,,,,0.0,223.0,,,,,,,,,,191.0,,,,,,,,,,300.0,,,,,,,,,,,,,,,,,,,,,,,,,,,300.0,,,,,,,
2018-01-22,104.25,86.44,23.73,214.42,6.67,3.07,2.1,4.15,96621.0,,,,7.11,5.99,38.0,38.2,,,7.92,18312.0,3943.0,,2889.0,2.47,1.2,3277.0,15818.0,63.3,2027.0,37.0,38.3,,,7.87,20069.0,4051.0,,2777.0,2.62,1.28,3297.0,15888.0,63.6,2088.0,4115,223.0,,,8.05,16380.0,3010.0,2292.0,565.0,0.0,143.0,7.53,144.0,19460.0,38.0,3.3,1.7,4.5,3.0,37.4,116.0,7.8,146.0,18860.0,38.0,3.2,3.6,6.7,2.0,37.8,127.0,8.28,540.0,,,146.0,41.0,5.0,,,,,,,,,,,,,,,,,,2.0,37.8,127.0,8.28,540.0,,146.0,41.0,5.0,
2018-01-23,183.83,58.82,15.85,258.5,6.73,3.23,2.14,4.17,,,,,6.99,5.89,92.0,37.9,,,7.97,,,,,2.62,1.28,3215.0,15568.0,63.2,4473.0,94.0,38.0,,,7.95,,,,,2.63,1.19,3266.0,15748.0,63.4,4517.0,8990,422.0,7.94,11280.0,8.17,15440.0,3003.0,2240.0,,0.0,145.0,7.81,,19860.0,35.0,3.04,4.4,5.5,7.0,37.2,186.0,7.59,,19720.0,47.0,2.85,2.3,8.65,7.0,37.3,217.0,8.21,560.0,,,141.0,51.0,6.0,,,,,,,,,,,,,,,,,,7.0,37.3,217.0,8.21,560.0,,141.0,51.0,6.0,
2018-01-24,72.3,,13.66,85.96,6.83,4.05,2.83,4.11,,,,,7.52,6.26,76.0,38.4,,,7.86,,,,,2.61,1.22,3278.0,15958.0,62.0,4076.0,76.0,38.1,,,7.86,,,,,2.79,1.27,3236.0,16018.0,63.5,4172.0,8248,296.0,7.97,2140.0,8.07,10460.0,3027.0,1909.0,,0.0,182.0,7.96,,18220.0,46.0,3.56,4.6,4.98,5.0,37.8,184.0,7.69,,18200.0,44.0,2.41,1.5,3.68,2.0,37.3,300.0,8.2,580.0,,,143.0,51.0,6.0,,,,,,,,,,,,,,,,,,2.0,37.3,300.0,8.2,580.0,,143.0,51.0,6.0,
2018-01-25,26.3,,10.59,36.89,6.88,3.71,2.57,4.2,,,,,7.46,6.17,35.0,38.0,,,8.01,,,,,2.75,1.2,3216.0,15928.0,63.6,2568.0,35.0,38.1,,,8.0,,,,,2.69,1.17,3277.0,15978.0,63.7,2553.0,5121,236.0,7.94,3260.0,7.99,,3013.0,2039.0,,0.0,138.0,7.76,,18220.0,53.0,2.96,2.1,2.85,4.0,37.1,91.0,7.51,,17560.0,52.0,2.59,3.5,3.87,11.0,37.4,135.0,8.22,1360.0,,,180.0,96.0,11.0,,,,,,,,,,,,,,,,,,11.0,37.4,135.0,8.22,1360.0,,180.0,96.0,11.0,
2018-01-26,26.53,,,26.53,,,,,,,,,,,50.0,,,,,,,,,,,,,,2522.0,50.0,,,,,,,,,,,,,,2483.0,5005,346.0,,,,,,,,0.0,143.0,,,,,,,,,,185.0,,,,,,,,,,260.0,,,,,,,,,,,,,,,,,,,,,,,,,,,260.0,,,,,,,
2018-01-27,25.16,,,25.16,,,,,,,,,,,96.0,,,,,,,,,,,,,,4697.0,96.0,,,,,,,,,,,,,,4694.0,9391,436.0,,,,,,,,0.0,270.0,,,,,,,,,,260.0,,,,,,,,,,376.0,,,,,,,,,,,,,,,,,,,,,,,,,,,376.0,,,,,,,
2018-01-28,,,,0.0,,,,,,,,,,,82.0,,,,,,,,,,,,,,4715.0,88.0,,,,,,,,,,,,,,4263.0,8978,550.0,,,,,,,,2058.0,218.0,,,,,,,,,,248.0,,,,,,,,,,370.0,,,,,,,,,,,,,,,,,,,,,,,,,,,370.0,,,,,,,
2018-01-29,105.31,41.71,22.02,169.04000000000002,6.87,2.83,1.81,4.47,95718.0,,,,6.66,5.57,104.0,38.0,,,7.88,20365.0,4062.0,,2792.0,2.53,1.28,3114.0,16048.0,63.9,4808.0,104.0,38.0,,,7.89,21868.0,4217.0,,2613.0,2.53,1.14,3256.0,16688.0,64.0,4690.0,9498,454.0,7.92,7660.0,8.01,12100.0,3172.0,1941.0,378.0,0.0,238.0,7.57,149.0,16700.0,49.0,3.06,0.8,2.54,1.0,37.8,206.0,7.73,155.0,18380.0,46.0,3.38,1.7,5.68,1.0,37.2,212.0,8.06,1380.0,,,155.0,95.0,40.0,,,,,,,,,,,,,,,,,,1.0,37.2,212.0,8.06,1380.0,,155.0,95.0,40.0,
2018-01-30,133.62,64.18,13.13,210.93,7.27,3.59,2.22,4.54,,,,,6.2,4.99,116.0,38.1,,,7.94,,,,,2.75,1.2,3155.0,15948.0,64.4,4889.0,115.0,38.1,,,7.92,,,,,2.49,1.07,3195.0,15898.0,64.4,4918.0,9807,469.0,8.0,4340.0,8.0,7920.0,3177.0,1760.0,,0.0,197.0,7.62,,18060.0,51.0,2.9,1.2,7.5,3.0,37.5,161.0,7.66,,18540.0,54.0,2.61,0.7,8.54,3.0,37.6,350.0,8.27,380.0,,,162.0,42.0,3.0,,,,,,,,,,,,,,,,,,3.0,37.6,350.0,8.27,380.0,,162.0,42.0,3.0,
2018-01-31,79.2,41.29,12.97,133.46,7.45,1.85,0.98,4.56,,,,,6.13,5.01,120.0,37.9,,,7.85,,,,,2.66,1.2,3033.0,15738.0,64.4,4846.0,120.0,37.8,,,7.83,,,,,2.56,1.16,3012.0,15468.0,64.4,4917.0,9763,341.0,8.2,2580.0,8.08,7620.0,3068.0,1850.0,246.0,0.0,213.0,7.55,,17720.0,49.0,3.24,0.4,2.3,6.0,37.7,162.0,7.9,,19460.0,39.0,4.12,3.3,0.7,1.0,37.8,350.0,8.24,360.0,,,149.0,40.0,3.0,,,,,,,,,,,,,,,,,,1.0,37.8,350.0,8.24,360.0,,149.0,40.0,3.0,
2018-02-01,130.26,110.05,19.17,259.48,7.43,2.3,1.41,4.54,,,,,6.09,4.85,122.0,38.0,,,7.85,,,,,2.57,1.1,3055.0,15218.0,64.4,4846.0,122.0,38.0,,,7.84,,,,,2.53,1.09,3034.0,15318.0,64.4,4912.0,9758,355.0,8.27,4420.0,8.12,9660.0,3188.0,1977.0,,0.0,214.0,7.67,,17120.0,45.0,4.71,2.4,3.5,1.0,37.4,210.0,7.79,,21920.0,43.0,10.9,0.31,9.87,2.0,37.2,350.0,8.26,380.0,,,149.0,45.0,3.0,,,,,,,,,,,,,,,,,,2.0,37.2,350.0,8.26,380.0,,149.0,45.0,3.0,
2018-02-02,105.69,14.04,16.94,136.67,,,,,,,,,,,,,,,,,,,,,,,,,4962.0,119.0,,,,,,,,,,,,,,5046.0,10008,404.0,,,,,,,,0.0,255.0,,,,,,,,,,167.0,,,,,,,,,,350.0,,,,,,,,,,,,,,,,,,,,,,,,,,,350.0,,,,,,,
2018-02-03,154.26,41.55,14.31,210.12,,,,,,,,,,,,,,,,,,,,,,,,,3926.0,78.0,,,,,,,,,,,,,,3975.0,7901,360.0,,,,,,,,0.0,253.0,,,,,,,,,,170.0,,,,,,,,,,299.0,,,,,,,,,,,,,,,,,,,,,,,,,,,299.0,,,,,,,
2018-02-04,,,,0.0,,,,,,,,,,,,,,,,,,,,,,,,,3525.0,66.0,,,,,,,,,,,,,,3636.0,7161,323.0,,,,,,,,0.0,198.0,,,,,,,,,,210.0,,,,,,,,,,154.0,,,,,,,,,,,,,,,,,,,,,,,,,,,154.0,,,,,,,
2018-02-05,107.27,41.54,19.39,168.2,7.15,2.54,1.77,4.28,98484.0,,,,7.07,5.87,67.0,38.2,,,7.97,18680.0,3920.0,,2786.0,2.53,1.09,3033.0,15108.0,63.9,3167.0,67.0,38.3,,,7.95,19588.0,4004.0,,2684.0,2.49,1.07,3155.0,15738.0,64.0,3191.0,6358,317.0,8.3,9000.0,8.39,10240.0,3157.0,2008.0,314.0,0.0,210.0,7.69,164.0,17940.0,89.0,4.01,5.4,5.87,3.0,37.8,164.0,7.7,165.0,17240.0,51.0,2.68,6.7,31.44,2.0,37.7,20.0,8.18,2600.0,,,136.0,144.0,76.0,,,,,,,,,,,,,,,,,,2.0,37.7,20.0,8.18,2600.0,,136.0,144.0,76.0,
2018-02-06,129.16,98.92,10.68,238.76,7.1,3.28,2.24,4.36,,,,,6.84,5.72,67.0,37.9,,,7.85,,,,,2.47,1.1,3033.0,15248.0,64.4,3485.0,68.0,38.0,,,7.83,,,,,2.5,1.17,3014.0,15348.0,64.4,3579.0,7064,328.0,8.26,9580.0,8.41,7880.0,2909.0,1751.0,,0.0,183.0,7.55,,17340.0,56.0,2.73,13.0,52.86,3.0,37.7,191.0,7.6,,16700.0,93.0,2.73,13.0,52.86,2.0,37.8,130.0,8.25,1780.0,,,131.0,121.0,48.0,,,,,,,,,,,,,,,,,,2.0,37.8,130.0,8.25,1780.0,,131.0,121.0,48.0,
2018-02-07,132.74,41.88,9.15,183.77,7.43,2.52,1.73,4.24,,,,,7.0,5.79,80.0,37.8,,,7.99,,,,,2.56,1.2,3115.0,15338.0,64.0,4028.0,80.0,38.1,,,7.96,,,,,2.49,1.17,3216.0,15698.0,64.2,4273.0,8301,333.0,8.29,8820.0,8.45,7440.0,2931.0,1728.0,,1875.4,153.0,7.69,141.0,15080.0,87.0,3.51,0.3,45.04,9.0,37.8,182.0,7.61,140.0,14860.0,86.0,2.79,0.7,38.96,14.0,37.9,47.0,8.21,1620.0,,,144.0,101.0,41.0,,,,,,,,,,,,,,,,,,14.0,37.9,47.0,8.21,1620.0,,144.0,101.0,41.0,
2018-02-08,105.8,20.42,14.61,140.82999999999998,7.42,2.72,1.96,4.2,,,,,7.36,6.22,80.0,37.6,,,7.84,,,,,2.56,1.2,3134.0,15348.0,64.3,4406.0,81.0,37.7,,,7.82,,,,,2.69,1.17,3073.0,15688.0,64.4,4550.0,8956,326.0,8.34,6940.0,8.44,6880.0,2734.0,1617.0,,0.0,178.0,7.65,,14320.0,101.0,4.09,46.9,29.78,4.0,36.1,201.0,7.59,,13880.0,92.0,2.35,28.9,41.67,2.0,37.4,207.0,8.26,560.0,,,154.0,52.0,9.0,,,,,,,,,,,,,,,,,,2.0,37.4,207.0,8.26,560.0,,154.0,52.0,9.0,
2018-02-09,53.54,40.95,18.22,112.71000000000001,,,,,,,,,,,63.0,,,,,,,,,,,,,,3850.0,64.0,,,,,,,,,,,,,,3838.0,7688,281.0,,,,,,,,0.0,106.0,,,,,,,,,,187.0,,,,,,,,,,177.0,,,,,,,,,,,,,,,,,,,,,,,,,,,177.0,,,,,,,
2018-02-10,106.71,41.91,19.85,168.47,,,,,,,,,,,59.0,,,,,,,,,,,,,,3259.0,58.0,,,,,,,,,,,,,,3330.0,6589,226.0,,,,,,,,0.0,89.0,,,,,,,,,,116.0,,,,,,,,,,116.0,,,,,,,,,,,,,,,,,,,,,,,,,,,116.0,,,,,,,
2018-02-11,,,,0.0,,,,,,,,,,,4.0,,,,,,,,,,,,,,1149.0,4.0,,,,,,,,,,,,,,1135.0,2284,0.0,,,,,,,,2001.0,124.0,,,,,,,,,,89.0,,,,,,,,,,68.0,,,,,,,,,,,,,,,,,,,,,,,,,,,68.0,,,,,,,
2018-02-12,,,,0.0,7.08,1.93,1.22,4.25,100803.0,3576.0,,,7.14,5.93,54.0,38.1,,,7.84,17932.0,3909.0,,2545.0,2.57,1.2,3318.0,15478.0,64.2,2444.0,55.0,38.2,,,7.82,18667.0,4037.0,,2504.0,2.54,1.09,3216.0,15458.0,64.2,2455.0,4899,204.0,8.1,8740.0,,,,,,0.0,17.0,7.78,,13880.0,94.0,2.55,65.7,1.13,3.0,37.2,126.0,7.65,,13920.0,106.0,4.76,78.3,5.62,6.0,37.2,241.0,8.13,5180.0,,,,244.0,99.0,,,,,,,,,,,,,,,,,,6.0,37.2,241.0,8.13,5180.0,,,244.0,99.0,
2018-02-13,78.98,,16.94,95.92,6.89,2.27,1.49,4.22,,,,,6.92,5.82,95.0,37.9,,,7.89,,,,,2.58,1.11,3094.0,15708.0,64.0,4411.0,95.0,38.0,,,7.87,,,,,2.59,1.19,3073.0,15658.0,63.7,4513.0,8924,246.0,8.52,3980.0,8.54,5680.0,2227.0,1492.0,164.0,0.0,214.0,7.78,146.0,14980.0,98.0,2.43,60.6,18.2,1.0,37.2,185.0,7.81,149.0,14480.0,97.0,3.12,46.3,20.82,2.0,37.1,433.0,8.1,380.0,,,158.0,55.0,2.0,,,,,,,,,,,,,,,,,,2.0,37.1,433.0,8.1,380.0,,158.0,55.0,2.0,
2018-02-14,79.67,,22.0,101.67,7.08,2.05,1.38,4.34,,,,,7.17,6.08,65.0,38.1,,,8.01,,,,,2.62,1.08,3073.0,15618.0,63.6,3129.0,65.0,38.1,,,7.98,,,,,2.58,1.26,3135.0,15598.0,63.8,3129.0,6258,206.0,8.27,6380.0,8.58,800.0,639.0,1221.0,,0.0,178.0,7.48,,,137.0,1.98,120.4,6.57,6.0,36.8,181.0,7.52,,,122.0,2.97,114.6,2.08,5.0,37.0,450.0,8.25,480.0,,,161.0,71.0,4.0,,,,,,,,,,,,,,,,,,5.0,37.0,450.0,8.25,480.0,,161.0,71.0,4.0,
2018-02-15,,41.79,41.09,82.88,,,,,,,,,,,63.0,,,,,,,,,,,,,,3089.0,62.0,,,,,,,,,,,,,,3186.0,6275,230.0,,,,,,,,0.0,122.0,,,,,,,,,,101.0,,,,,,,,,,446.0,,,,,,,,,,,,,,,,,,,,,,,,,,,446.0,,,,,,,
2018-02-16,27.65,,,27.65,,,,,,,,,,,13.0,,,,,,,,,,,,,,1229.0,13.0,,,,,,,,,,,,,,1238.0,2467,43.0,,,,,,,,0.0,15.0,,,,,,,,,,34.0,,,,,,,,,,350.0,,,,,,,,,,,,,,,,,,,,,,,,,,,350.0,,,,,,,
2018-02-17,26.97,,,26.97,,,,,,,,,,,62.0,,,,,,,,,,,,,,2269.0,62.0,,,,,,,,,,,,,,2336.0,4605,331.0,,,,,,,,0.0,98.0,,,,,,,,,,128.0,,,,,,,,,,142.0,,,,,,,,,,,,,,,,,,,,,,,,,,,142.0,,,,,,,
2018-02-18,,,3.99,3.99,,,,,,,,,,,110.0,,,,,,,,,,,,,,3947.0,109.0,,,,,,,,,,,,,,4115.0,8062,285.0,,,,,,,,1973.72,170.0,,,,,,,,,,170.0,,,,,,,,,,238.0,,,,,,,,,,,,,,,,,,,,,,,,,,,238.0,,,,,,,
2018-02-19,104.08,41.23,30.44,175.75,7.27,1.52,0.71,4.58,69555.0,,,,6.82,5.9,95.0,38.0,,,7.88,20461.0,3806.0,,2755.0,2.55,1.1,3134.0,15598.0,63.5,3350.0,95.0,38.0,,,7.87,16315.0,3782.0,,2723.0,2.47,1.15,3175.0,15528.0,63.5,3475.0,6825,371.0,8.15,5120.0,8.36,5920.0,2607.0,1844.0,191.0,0.0,162.0,7.69,139.0,,153.0,2.21,136.7,11.5,1.0,35.1,104.0,,,,,,,,,,193.0,8.27,600.0,,,140.0,108.0,6.0,,,,,,,,,,,,,,,,,,,,193.0,8.27,600.0,,140.0,108.0,6.0,
2018-02-20,79.34,83.21,23.95,186.5,7.19,3.5,2.36,4.6,,,,,5.57,4.53,117.0,37.9,,,7.84,,,,,2.77,1.21,3095.0,15398.0,63.9,3095.0,105.0,38.0,,,7.83,,,,,2.77,1.21,3136.0,5318.0,63.6,4111.0,7206,332.0,8.39,4380.0,8.24,4150.0,2709.0,1811.0,,0.0,160.0,7.51,,,141.0,2.34,121.6,10.48,1.0,35.3,148.0,7.62,,14240.0,115.0,2.86,48.5,45.35,1.0,35.3,144.0,8.16,5600.0,,,146.0,280.0,19.0,,,,,,,,,,,,,,,,,,1.0,35.3,144.0,8.16,5600.0,,146.0,280.0,19.0,
2018-02-21,130.51,62.23,14.13,206.86999999999998,7.15,3.22,2.27,4.63,,,,,5.49,4.47,102.0,37.8,,,7.92,,,,,2.45,1.09,3360.0,15668.0,64.2,3575.0,102.0,37.9,,,7.92,,,,,2.58,1.16,3299.0,15688.0,63.9,3641.0,7216,235.0,,,8.27,7140.0,3059.0,2114.0,,0.0,172.0,7.69,151.0,,134.0,2.49,99.8,9.17,1.0,35.3,185.0,7.75,,13420.0,113.0,2.3,50.2,22.8,1.0,35.6,220.0,8.45,360.0,,,158.0,104.0,2.0,,,,,,,,,,,,,,,,,,1.0,35.6,220.0,8.45,360.0,,158.0,104.0,2.0,
2018-02-22,130.68,41.11,14.04,185.83,7.04,3.57,2.44,4.58,,,,,5.7,4.67,52.0,38.0,,,7.85,,,,,2.48,1.01,3034.0,15178.0,63.6,3034.0,52.0,38.1,,,7.84,,,,,2.51,1.08,3014.0,15258.0,637.0,2503.0,5537,203.0,,,8.28,6600.0,2803.0,2065.0,201.0,0.0,127.0,7.68,,,152.0,3.84,132.0,8.3,1.0,35.4,142.0,7.84,,13140.0,111.0,2.72,81.9,1.03,2.0,35.6,148.0,8.37,560.0,,,156.0,94.0,6.0,,,,,,,,,,,,,,,,,,2.0,35.6,148.0,8.37,560.0,,156.0,94.0,6.0,
2018-02-23,106.45,21.19,18.69,146.33,,,,,,,,,,,67.0,,,,,,,,,,,,,,2743.0,67.0,,,,,,,,,,,,,,2800.0,5543,319.0,,,,,,,,0.0,163.0,,,,,,,,,,147.0,,,,,,,,,,142.0,,,,,,,,,,,,,,,,,,,,,,,,,,,142.0,,,,,,,
2018-02-24,159.24,39.37,15.71,214.32000000000002,,,,,,,,,,,94.0,,,,,,,,,,,,,,4341.0,94.0,,,,,,,,,,,,,,4321.0,8662,390.0,,,,,,,,0.0,136.0,,,,,,,,,,188.0,,,,,,,,,,304.0,,,,,,,,,,,,,,,,,,,,,,,,,,,304.0,,,,,,,
2018-02-25,,,,0.0,,,,,,,,,,,33.0,,,,,,,,,,,,,,2152.0,33.0,,,,,,,,,,,,,,2213.0,4365,97.0,,,,,,,,1544.4,170.0,,,,,,,,,,185.0,,,,,,,,,,160.0,,,,,,,,,,,,,,,,,,,,,,,,,,,160.0,,,,,,,
2018-02-26,131.57,79.28,22.68,233.53,6.72,3.24,2.38,4.27,97197.0,3539.0,,,7.35,6.24,88.0,37.8,,,7.84,20976.0,3802.0,,,2.45,1.19,3115.0,15328.0,64.1,4238.0,89.0,37.8,,,7.81,18252.0,3923.0,,,2.48,1.06,3157.0,15478.0,63.8,4145.0,8383,402.0,8.13,5240.0,8.33,5940.0,2734.0,1928.0,183.0,0.0,165.0,7.53,156.0,14380.0,177.0,3.1,186.8,5.4,3.0,35.1,180.0,7.75,146.0,13140.0,141.0,2.9,131.1,4.3,4.0,35.5,293.0,8.46,420.0,,,159.0,113.0,4.0,,,,,,,,,,,,,,,,,,4.0,35.5,293.0,8.46,420.0,,159.0,113.0,4.0,
2018-02-27,158.83,41.49,16.45,216.77,7.05,3.54,2.58,4.45,,,,,7.14,5.85,95.0,38.0,,,8.04,,,,,2.46,1.05,3196.0,15338.0,63.5,4761.0,96.0,38.1,,,8.0,,,,,2.58,1.07,3135.0,15328.0,63.4,4685.0,9446,371.0,8.08,5360.0,8.3,5960.0,2933.0,1945.0,,0.0,154.0,7.46,,13940.0,189.0,2.74,191.1,4.77,2.0,35.7,189.0,7.91,,12740.0,160.0,2.5,135.0,1.86,5.0,35.4,273.0,8.16,580.0,,,129.0,135.0,2.0,,,,,,,,,,,,,,,,,,5.0,35.4,273.0,8.16,580.0,,129.0,135.0,2.0,
2018-02-28,105.78,20.76,12.39,138.93,6.95,3.23,2.14,4.36,,,,,7.59,6.39,9.0,38.1,,,7.88,,,,,2.61,1.18,3135.0,15388.0,63.7,5243.0,96.0,38.2,,,7.87,,,,,2.5,1.07,3197.0,15483.0,63.6,5064.0,10307,348.0,8.12,4420.0,8.25,7560.0,3021.0,1940.0,,0.0,179.0,7.52,,13820.0,170.0,3.02,156.5,0.78,5.0,35.2,195.0,7.7,,15360.0,157.0,2.19,117.6,8.25,4.0,35.5,277.0,8.51,400.0,,,153.0,133.0,2.0,,,,,,,,,,,,,,,,,,4.0,35.5,277.0,8.51,400.0,,153.0,133.0,2.0,
2018-03-01,131.78,81.34,19.96,233.08,,,,,,,,,,,110.0,,,,,,,,,,,,,,5810.0,111.0,,,,,,,,,,,,,,5745.0,11555,452.0,,,,,,,,0.0,207.0,,,,,,,,,,206.0,,,,,,,,,,323.0,,,,,,,,,,,,,,,,,,,,,,,,,,,323.0,,,,,,,
2018-03-02,133.46,60.84,14.88,209.18,,,,,,,,,,,102.0,,,,,,,,,,,,,,5196.0,102.0,,,,,,,,,,,,,,5167.0,10363,390.0,,,,,,,,0.0,204.0,,,,,,,,,,175.0,,,,,,,,,,296.0,,,,,,,,,,,,,,,,,,,,,,,,,,,296.0,,,,,,,
2018-03-03,54.65,39.95,16.52,111.11999999999999,,,,,,,,,,,95.0,,,,,,,,,,,,,,5168.0,96.0,,,,,,,,,,,,,,5153.0,10321,338.0,,,,,,,,0.0,212.0,,,,,,,,,,232.0,,,,,,,,,,250.0,,,,,,,,,,,,,,,,,,,,,,,,,,,250.0,,,,,,,
2018-03-04,,,,0.0,,,,,,,,,,,80.0,,,,,,,,,,,,,,4868.0,79.0,,,,,,,,,,,,,,4894.0,9762,409.0,,,,,,,,1835.2,230.0,,,,,,,,,,240.0,,,,,,,,,,325.0,,,,,,,,,,,,,,,,,,,,,,,,,,,325.0,,,,,,,
2018-03-05,132.22,87.03,23.76,243.01,6.83,3.48,2.63,4.41,109763.0,,,,7.94,6.78,96.0,37.9,,,8.06,18911.0,3890.0,,2614.0,2.47,1.1,3217.0,15438.0,63.9,6316.0,96.0,37.9,,,8.04,18777.0,3889.0,,3063.0,2.58,1.26,3095.0,15388.0,63.7,6179.0,12495,454.0,8.14,940.0,8.12,9220.0,3180.0,2044.0,302.0,0.0,241.0,7.77,,13940.0,103.0,3.23,76.5,2.38,1.0,35.4,189.0,7.64,,13820.0,99.0,4.01,80.9,1.09,1.0,35.1,312.0,8.47,380.0,,,155.0,60.0,3.0,,,,,,,,,,,,,,,,,,1.0,35.1,312.0,8.47,380.0,,155.0,60.0,3.0,
2018-03-06,105.98,82.96,15.67,204.60999999999999,6.86,3.47,2.47,4.61,,,,,6.92,5.71,56.0,38.0,,,8.11,,,,,2.54,1.19,3095.0,15338.0,66.2,4513.0,64.0,38.1,,,8.09,,,,,2.53,1.18,3197.0,15248.0,65.5,4371.0,8884,381.0,8.05,2680.0,8.06,7940.0,3029.0,1949.0,,0.0,243.0,7.81,138.0,13360.0,70.0,3.05,47.4,0.49,4.0,34.3,240.0,7.75,140.0,13980.0,86.0,4.02,60.2,2.47,6.0,34.5,341.0,8.7,600.0,,,144.0,49.0,7.0,,,,,,,,,,,,,,,,,,6.0,34.5,341.0,8.7,600.0,,144.0,49.0,7.0,
2018-03-07,158.83,95.15,11.54,265.52000000000004,6.97,2.42,1.52,4.69,,,,,6.45,5.24,108.0,38.0,,,8.08,,,,,2.48,1.11,3176.0,15248.0,66.5,5468.0,108.0,38.0,,,8.06,,,,,2.5,1.07,3216.0,15308.0,66.2,5484.0,10952,488.0,8.06,3340.0,8.09,19120.0,3217.0,2467.0,,0.0,234.0,7.94,,13460.0,49.0,2.98,23.3,0.26,1.0,34.1,228.0,7.81,,13860.0,51.0,3.12,17.8,2.4,1.0,34.2,303.0,8.77,400.0,31.0,,158.0,37.0,3.0,,,,,,,,,,,,,,,,,,1.0,34.2,303.0,8.77,400.0,31.0,158.0,37.0,3.0,
2018-03-08,107.9,40.81,15.44,164.15,7.02,3.14,2.05,4.59,,,,,6.84,5.58,109.0,38.0,,,8.01,,,,,2.46,1.0,3197.0,15418.0,63.8,5292.0,109.0,,,,8.02,,,,,2.52,1.02,3237.0,15378.0,63.7,5462.0,10754,463.0,8.18,2520.0,8.01,14800.0,3133.0,2383.0,,0.0,248.0,7.78,,14060.0,35.0,3.28,3.3,2.26,2.0,34.5,197.0,7.65,,13640.0,37.0,4.14,6.5,2.44,2.0,34.4,350.0,8.15,420.0,46.0,,155.0,32.0,3.0,,,,,,,,,,,,,,,,,,2.0,34.4,350.0,8.15,420.0,46.0,155.0,32.0,3.0,
2018-03-09,132.89,41.5,14.0,188.39,,,,,,,,,,,118.0,,,,,,,,,,,,,,5495.0,119.0,,,,,,,,,,,,,,5446.0,10941,354.0,,,,,,,,0.0,247.0,,,,,,,,,,223.0,,,,,,,,,,350.0,,,,,,,,,,,,,,,,,,,,,,,,,,,350.0,,,,,,,
2018-03-10,53.6,41.66,17.85,113.10999999999999,,,,,,,,,,,120.0,,,,,,,,,,,,,,5527.0,120.0,,,,,,,,,,,,,,5667.0,11194,433.0,,,,,,,,0.0,182.0,,,,,,,,,,198.0,,,,,,,,,,350.0,,,,,,,,,,,,,,,,,,,,,,,,,,,350.0,,,,,,,
2018-03-11,,,,0.0,,,,,,,,,,,106.0,,,,,,,,,,,,,,6313.0,99.0,,,,,,,,,,,,,,6664.0,12977,326.0,,,,,,,,0.0,247.0,,,,,,,,,,206.0,,,,,,,,,,350.0,,,,,,,,,,,,,,,,,,,,,,,,,,,350.0,,,,,,,
2018-03-12,131.46,101.29,21.81,254.56,6.95,2.61,1.82,4.43,98971.0,,,,6.62,5.48,99.0,37.9,,,7.78,32206.0,3850.0,,3032.0,3.47,1.86,3460.0,15280.0,63.9,7252.0,98.0,38.0,,,7.8,21656.0,3942.0,,2734.0,2.49,1.17,3562.0,15198.0,63.5,7900.0,15152,311.0,7.77,5760.0,7.9,18580.0,3174.0,2641.0,558.0,0.0,176.0,7.81,,16630.0,50.0,2.92,31.7,0.91,3.0,35.5,214.0,7.9,,16820.0,54.0,3.14,21.0,8.18,3.0,36.0,350.0,8.52,560.0,,,157.0,43.0,4.0,,,,,,,,,,,,,,,,,,3.0,36.0,350.0,8.52,560.0,,157.0,43.0,4.0,
2018-03-13,156.66,40.86,11.96,209.48,6.83,2.84,1.85,4.4,,,,,8.05,6.6,95.0,38.0,,,7.83,,,,,2.57,1.2,3257.0,15018.0,63.8,7864.0,95.0,38.0,,,7.84,,,,,2.59,1.26,3114.0,14908.0,63.7,8305.0,16169,353.0,7.81,2280.0,7.98,10360.0,3220.0,2095.0,,0.0,193.0,7.86,162.0,17700.0,37.0,3.89,8.0,2.75,9.0,35.2,207.0,7.75,156.0,17340.0,40.0,3.1,7.9,2.44,5.0,36.7,345.0,8.59,420.0,,,154.0,35.0,3.0,,,,,,,,,,,,,,,,,,5.0,36.7,345.0,8.59,420.0,,154.0,35.0,3.0,
2018-03-14,79.96,40.75,18.17,138.88,6.52,2.9,2.12,4.37,,,,,7.07,6.42,108.0,38.2,,,7.9,,,,,2.62,1.28,3034.0,15128.0,66.6,8451.0,108.0,38.1,,,7.87,,,,,2.59,1.21,3054.0,15248.0,66.2,8728.0,17179,409.0,7.84,3460.0,7.89,15040.0,3199.0,2328.0,,0.0,156.0,7.9,,18180.0,38.0,3.19,0.1,13.58,13.0,36.9,199.0,7.76,,12700.0,36.0,3.31,0.4,7.42,14.0,37.1,344.0,8.62,380.0,36.0,,153.0,35.0,2.0,,,,,,,,,,,,,,,,,,14.0,37.1,344.0,8.62,380.0,36.0,153.0,35.0,2.0,
2018-03-15,209.35,118.81,14.4,342.55999999999995,7.01,2.86,1.99,4.44,,,,,7.03,5.82,107.0,38.0,,,7.9,,,,,2.63,1.28,3135.0,14988.0,66.7,7695.0,108.0,37.9,,,7.89,,,,,2.54,1.19,3095.0,14918.0,66.4,7824.0,15519,405.0,7.84,2280.0,7.87,8580.0,3176.0,2048.0,,0.0,206.0,7.96,,19040.0,37.0,4.29,8.9,16.5,8.0,36.9,210.0,7.91,,19140.0,38.0,3.68,6.6,8.48,6.0,37.9,311.0,8.59,480.0,26.0,,156.0,37.0,3.0,,,,,,,,,,,,,,,,,,6.0,37.9,311.0,8.59,480.0,26.0,156.0,37.0,3.0,
2018-03-16,133.36,99.41,16.5,249.27,,,,,,,,,,,108.0,,,,,,,,,,,,,,6829.0,108.0,,,,,,,,,,,,,,6843.0,13672,385.0,,,,,,,,0.0,230.0,,,,,,,,,,182.0,,,,,,,,,,281.0,,,,,,,,,,,,,,,,,,,,,,,,,,,281.0,,,,,,,
2018-03-17,53.45,40.54,16.73,110.72000000000001,,,,,,,,,,,108.0,,,,,,,,,,,,,,6736.0,108.0,,,,,,,,,,,,,,6526.0,13262,380.0,,,,,,,,0.0,190.0,,,,,,,,,,236.0,,,,,,,,,,324.0,,,,,,,,,,,,,,,,,,,,,,,,,,,324.0,,,,,,,
2018-03-18,,,,0.0,,,,,,,,,,,76.0,,,,,,,,,,,,,,7617.0,77.0,,,,,,,,,,,,,,7163.0,14780,285.0,,,,,,,,1681.1,237.0,,,,,,,,,,184.0,,,,,,,,,,211.0,,,,,,,,,,,,,,,,,,,,,,,,,,,211.0,,,,,,,
2018-03-19,133.29,85.55,20.01,238.84999999999997,6.67,4.68,3.5,4.25,,,,,7.17,5.86,20.0,38.3,,,7.82,,3890.0,,2843.0,2.58,1.26,2871.0,15198.0,,3772.0,19.0,38.1,,,7.8,,3818.0,,2816.0,2.46,1.2,2994.0,14998.0,,3618.0,7390,182.0,,,,5260.0,,,,0.0,230.0,7.92,143.0,16100.0,57.0,3.08,10.6,6.49,2.0,36.0,232.0,7.83,151.0,17300.0,61.0,4.16,14.8,5.08,3.0,38.0,78.0,8.53,420.0,,,155.0,39.0,4.0,,,,,,,,,,,,,,,,,,3.0,38.0,78.0,8.53,420.0,,155.0,39.0,4.0,
2018-03-20,104.92,118.8,14.91,238.63,6.74,3.95,2.92,4.46,,,,,7.13,5.85,87.0,38.0,,,7.9,,,,,2.68,1.31,2992.0,14868.0,,7189.0,86.0,38.0,,,7.9,,,,,2.59,1.36,2872.0,14938.0,,7081.0,14270,372.0,,,7.94,43100.0,2805.0,3803.0,,0.0,90.0,7.56,,16500.0,41.0,3.1,3.3,9.7,3.0,35.4,190.0,,,,,,,,,,231.0,8.76,720.0,,,137.0,59.0,13.0,,,,,,,,,,,,,,,,,,,,231.0,8.76,720.0,,137.0,59.0,13.0,
2018-03-21,183.47,60.11,10.66,254.23999999999998,6.76,3.45,2.36,4.45,,,,,8.43,7.03,108.0,38.0,,,7.86,,,,,2.53,1.23,3073.0,15048.0,,8397.0,108.0,38.0,,,7.83,,,,,2.54,1.19,3134.0,15008.0,,8224.0,16621,459.0,,,8.04,2220.0,1681.0,1571.0,,0.0,207.0,7.92,,16080.0,48.0,3.26,10.1,8.62,5.0,34.4,165.0,7.89,,17640.0,42.0,4.25,1.7,6.54,3.0,37.6,248.0,8.7,460.0,44.0,,153.0,54.0,12.0,,,,,,,,,,,,,,,,,,3.0,37.6,248.0,8.7,460.0,44.0,153.0,54.0,12.0,
2018-03-22,155.39,40.95,15.39,211.72999999999996,6.79,4.66,2.04,4.43,,,,,7.75,6.65,100.0,38.0,,,7.93,,,,,2.53,1.18,3257.0,15208.0,,6183.0,61.0,37.9,,,7.9,,,,,2.47,1.15,3216.0,15088.0,,7535.0,13718,377.0,7.88,4780.0,7.96,1160.0,1554.0,1492.0,,0.0,222.0,7.91,,15040.0,52.0,3.12,8.6,5.42,7.0,33.9,214.0,7.89,,16540.0,49.0,3.28,9.9,0.9,7.0,37.2,269.0,8.82,440.0,54.0,,151.0,40.0,7.0,,,,,,,,,,,,,,,,,,7.0,37.2,269.0,8.82,440.0,54.0,151.0,40.0,7.0,
2018-03-23,182.07,41.39,12.21,235.67,,,,,,,,,,,112.0,,,,,,,,,,,,,,7750.0,104.0,,,,,,,,,,,,,,7830.0,15580,435.0,,,,,,,,0.0,187.0,,,,,,,,,,169.0,,,,,,,,,,228.0,,,,,,,,,,,,,,,,,,,,,,,,,,,228.0,,,,,,,
2018-03-24,100.83,39.15,20.54,160.51999999999998,,,,,,,,,,,104.0,,,,,,,,,,,,,,6731.0,104.0,,,,,,,,,,,,,,6549.0,13280,278.0,,,,,,,,0.0,233.0,,,,,,,,,,225.0,,,,,,,,,,260.0,,,,,,,,,,,,,,,,,,,,,,,,,,,260.0,,,,,,,
2018-03-25,,,,0.0,,,,,,,,,,,92.0,,37.9,38.2,,,,,,,,,,,6457.0,87.0,,38.1,38.1,,,,,,,,,,,6339.0,12796,422.0,,,,,,,,1807.7,235.0,,,,,,,,,,184.0,,,,,,,,,,296.0,,,,,,,,,,,,,,,,,,,,,,,,,,,296.0,,,,,,,
2018-03-26,157.55,81.05,21.99,260.59000000000003,6.55,3.28,2.31,4.17,145780.0,,,,8.48,7.07,85.0,37.9,37.8,38.1,7.8,23501.0,4052.0,,2773.0,2.56,1.15,3094.0,14728.0,,8081.0,86.0,37.9,37.9,37.9,7.82,24449.0,4032.0,,2603.0,2.59,1.31,3175.0,15628.0,,8245.0,16326,212.0,,,,3160.0,,,,0.0,210.0,7.96,,16820.0,56.0,3.17,8.6,10.54,8.0,35.8,201.0,7.85,,18860.0,39.0,5.63,5.1,1.37,7.0,39.8,291.0,8.62,800.0,,,,39.0,11.0,,,,,,,,,,,,,,,,,,7.0,39.8,291.0,8.62,800.0,,,39.0,11.0,
2018-03-27,127.83,109.76,16.3,253.89000000000001,6.62,4.21,2.94,4.34,,,,,10.15,8.97,108.0,38.0,37.9,38.2,7.84,,,,,2.84,1.39,3237.0,15478.0,,8779.0,108.0,38.0,38.0,38.0,7.82,,,,,2.54,1.29,3156.0,14728.0,,8915.0,17694,472.0,7.94,4660.0,8.11,2300.0,1849.0,1760.0,347.0,0.0,168.0,7.85,153.0,18220.0,51.0,3.67,22.8,5.46,1.0,36.7,180.0,7.81,158.0,18180.0,41.0,3.93,6.5,10.58,3.0,40.1,292.0,8.62,360.0,,,159.0,20.0,1.0,,,,,,,,,,,,,,,,,,3.0,40.1,292.0,8.62,360.0,,159.0,20.0,1.0,
2018-03-28,151.89,,11.46,163.35,6.69,4.25,2.91,4.36,,,,,6.58,5.18,103.0,38.1,37.9,38.1,7.84,,,,,2.58,1.26,3135.0,14888.0,,7580.0,102.0,38.2,38.0,38.0,7.82,,,,,2.65,1.3,3217.0,15408.0,,7700.0,15280,304.0,7.91,4930.0,8.12,2400.0,1764.0,1690.0,,0.0,220.0,7.89,,18010.0,51.0,3.71,6.2,8.27,7.0,36.4,169.0,7.83,,18060.0,49.0,4.9,5.7,10.54,8.0,40.2,298.0,8.59,480.0,56.0,,153.0,35.0,4.0,,,,,,,,,,,,,,,,,,8.0,40.2,298.0,8.59,480.0,56.0,153.0,35.0,4.0,
2018-03-29,159.06,36.67,17.8,213.53000000000003,6.66,4.66,3.36,4.42,,,,,11.38,10.2,108.0,37.9,,,7.84,,,,,2.62,1.28,3177.0,15368.0,,7894.0,108.0,38.0,,,7.86,,,,,2.63,1.28,3217.0,15118.0,,7809.0,15703,418.0,,,8.09,33500.0,3104.0,3230.0,869.0,0.0,176.0,7.93,,18860.0,40.0,3.98,8.9,14.52,1.0,36.4,186.0,7.89,,18920.0,49.0,4.05,12.5,5.25,2.0,40.2,304.0,8.6,460.0,61.0,,159.0,41.0,5.0,,,,,,,,,,,,,,,,,,2.0,40.2,304.0,8.6,460.0,61.0,159.0,41.0,5.0,
2018-03-30,259.98,79.94,17.49,357.41,,,,,,,,,,,91.0,,,,,,,,,,,,,,7251.0,93.0,,,,,,,,,,,,,,6977.0,14228,256.0,,,,,,,,0.0,187.0,,,,,,,,,,196.0,,,,,,,,,,297.0,,,,,,,,,,,,,,,,,,,,,,,,,,,297.0,,,,,,,
2018-03-31,207.17,61.59,17.15,285.90999999999997,,,,,,,,,,,97.0,,,,,,,,,,,,,,6520.0,98.0,,,,,,,,,,,,,,6350.0,12870,358.0,,,,,,,,0.0,227.0,,,,,,,,,,195.0,,,,,,,,,,294.0,,,,,,,,,,,,,,,,,,,,,,,,,,,294.0,,,,,,,
2018-04-01,,,,0.0,,,,,,,,,,,104.0,,37.8,38.2,,,,,,,,,,,6013.0,103.0,,38.0,38.0,,,,,,,,,,,5895.0,11908,306.0,8.05,4580.0,,,,,,1826.9,186.0,,,,,,,,,,151.0,,,,,,,,,,254.0,,,,,,,,,,,,,,,,,,,,,,,,,,,254.0,,,,,,,
2018-04-02,134.22,112.42,20.99,267.63,6.91,2.26,1.48,4.08,113092.0,,,,8.07,6.71,101.0,38.1,37.9,38.1,7.93,21835.0,3821.0,,2382.0,2.5,1.22,3094.0,15368.0,66.9,5547.0,97.0,38.1,38.0,38.0,7.91,18694.0,3999.0,,2281.0,2.53,1.14,3054.0,14818.0,67.3,5587.0,11134,341.0,7.91,4880.0,8.04,8320.0,3067.0,2133.0,245.0,0.0,227.0,7.87,,19720.0,58.0,4.86,18.5,12.39,6.0,37.5,193.0,7.91,,,,,,,,41.9,273.0,8.65,460.0,,,160.0,39.0,4.0,,,,,,,,,,,,,,,,,,,41.9,273.0,8.65,460.0,,160.0,39.0,4.0,
2018-04-03,157.98,82.61,15.94,256.53,6.63,3.51,2.43,4.7,,,,,5.85,4.64,98.0,38.0,37.9,38.0,7.84,,,,,2.51,1.18,3054.0,15048.0,68.0,4799.0,97.0,38.0,38.0,38.0,7.82,,,,,2.54,1.09,3135.0,15198.0,67.9,4834.0,9633,335.0,7.98,3960.0,8.0,23140.0,3246.0,2924.0,,0.0,195.0,7.83,,19200.0,53.0,3.86,19.5,14.64,1.0,37.4,151.0,7.92,,22600.0,37.0,5.33,1.8,14.87,5.0,42.0,247.0,8.53,480.0,,,161.0,38.0,5.0,,,,,,,,,,,,,,,,,,5.0,42.0,247.0,8.53,480.0,,161.0,38.0,5.0,
2018-04-04,184.21,75.02,10.63,269.86,6.66,3.25,2.25,4.64,,,,,6.29,5.46,84.0,38.0,37.8,38.1,7.82,,,,,2.57,1.2,3156.0,15158.0,67.9,4152.0,89.0,38.0,38.0,38.1,7.86,,,,,2.49,1.17,2992.0,15288.0,68.1,4015.0,8167,354.0,8.0,3360.0,8.11,13200.0,3082.0,2211.0,,0.0,231.0,7.94,,20000.0,49.0,3.88,11.9,8.15,5.0,38.2,193.0,7.88,,20960.0,46.0,4.01,3.7,4.58,6.0,41.9,243.0,8.42,380.0,39.0,,136.0,39.0,4.0,,,,,,,,,,,,,,,,,,6.0,41.9,243.0,8.42,380.0,39.0,136.0,39.0,4.0,
2018-04-05,184.07,63.25,16.62,263.94,6.73,2.79,1.91,4.76,,,,,5.76,4.64,82.0,38.1,38.0,38.2,7.78,,,,,2.54,1.19,3033.0,15108.0,67.6,3557.0,83.0,38.1,38.1,38.1,7.82,,,,,2.46,1.1,3175.0,15008.0,67.5,3531.0,7088,296.0,,,8.14,11240.0,3163.0,2715.0,,1869.4,232.0,7.86,,19180.0,59.0,4.4,16.6,22.78,5.0,37.9,162.0,7.91,,19400.0,54.0,4.16,10.1,22.16,6.0,40.9,171.0,8.5,380.0,32.0,,151.0,53.0,4.0,,,,,,,,,,,,,,,,,,6.0,40.9,171.0,8.5,380.0,32.0,151.0,53.0,4.0,
2018-04-06,213.92,64.02,11.87,289.81,,,,,,,,,,,91.0,,,,,,,,,,,,,,3776.0,95.0,,,,,,,,,,,,,,3687.0,7463,369.0,,,,,,,,0.0,243.0,,,,,,,,,,273.0,,,,,,,,,,149.0,,,,,,,,,,,,,,,,,,,,,,,,,,,149.0,,,,,,,
2018-04-07,157.09,,19.76,176.85,,,,,,,,,,,87.0,,,,,,,,,,,,,,3661.0,87.0,,,,,,,,,,,,,,3595.0,7256,378.0,,,,,,,,0.0,243.0,,,,,,,,,,186.0,,,,,,,,,,257.0,,,,,,,,,,,,,,,,,,,,,,,,,,,257.0,,,,,,,
2018-04-08,,41.66,,41.66,,,,,,,,,,,80.0,,37.8,38.1,,,,,,,,,,,3715.0,82.0,,38.0,38.0,,,,,,,,,,,3740.0,7455,358.0,,,,,,,,1998.9,247.0,,,,,,,,,,235.0,,,,,,,,,,211.0,,,,,,,,,,,,,,,,,,,,,,,,,,,211.0,,,,,,,
2018-04-09,134.08,35.38,20.51,189.97,6.58,3.49,2.59,4.21,93714.0,4053.0,,,6.21,4.9,62.0,38.0,37.9,38.1,7.86,20599.0,3986.0,,2948.0,2.47,1.1,3155.0,15228.0,66.5,2842.0,62.0,38.1,38.0,38.0,7.83,19332.0,3856.0,,2810.0,2.51,1.18,3054.0,15098.0,66.4,2803.0,5645,217.0,8.15,4700.0,8.21,4660.0,1368.0,1611.0,151.0,1926.0,239.0,7.86,144.0,17860.0,153.0,4.19,139.0,6.4,1.0,34.7,210.0,7.78,143.0,14420.0,125.0,14.15,88.3,5.46,4.0,38.1,190.0,8.68,460.0,,,152.0,54.0,2.0,,,,,,,,,,,,,,,,,,4.0,38.1,190.0,8.68,460.0,,152.0,54.0,2.0,
2018-04-10,158.61,112.04,15.54,286.19000000000005,6.52,3.98,2.89,4.91,,,,,6.25,5.14,71.0,37.9,38.0,38.1,7.84,,,,,2.36,1.1,3196.0,15158.0,67.0,3052.0,69.0,38.1,38.0,38.0,7.83,,,,,2.51,1.08,3135.0,15118.0,67.4,3199.0,6251,356.0,8.23,8900.0,,,,,,0.0,149.0,7.86,,17620.0,172.0,2.95,0.51,168.4,3.0,34.3,161.0,7.89,,15360.0,156.0,2.96,135.6,6.34,5.0,38.1,277.0,8.68,360.0,,,154.0,72.0,2.0,,,,,,,,,,,,,,,,,,5.0,38.1,277.0,8.68,360.0,,154.0,72.0,2.0,
2018-04-11,76.96,65.31,12.14,154.40999999999997,,,,,,,,,,,84.0,,37.8,38.1,,,,,,,,,,,4065.0,87.0,,38.0,38.0,,,,,,,,,,,3962.0,8027,287.0,,,,,,,,0.0,172.0,,,,,,,,,,221.0,,,,,,,,,,277.0,,,,,,,,,,,,,,,,,,,,,,,,,,,277.0,,,,,,,
2018-04-12,238.45,83.27,17.4,339.11999999999995,6.87,5.56,4.13,4.62,,,,,6.4,5.19,85.0,37.9,37.9,38.0,7.89,,,,,2.54,1.19,3054.0,15148.0,66.5,3748.0,85.0,37.9,38.0,38.1,7.86,,,,,2.35,1.09,3176.0,15428.0,66.4,3761.0,7509,288.0,8.01,6200.0,8.21,6280.0,2690.0,1944.0,,0.0,232.0,7.88,,18420.0,199.0,3.79,179.6,5.6,4.0,34.3,213.0,7.91,,15660.0,168.0,3.5,143.8,8.9,5.0,37.4,290.0,8.55,380.0,23.0,,154.0,117.0,2.0,,,,,,,,,,,,,,,,,,5.0,37.4,290.0,8.55,380.0,23.0,154.0,117.0,2.0,
2018-04-13,132.67,,16.88,149.54999999999998,,,,,,,,,,,95.0,,,,,,,,,,,,,,4156.0,95.0,,,,,,,,,,,,,,4157.0,8313,429.0,,,,,,,,,239.0,,,,,,,,,,181.0,,,,,,,,,,293.0,,,,,,,,,,,,,,,,,,,,,,,,,,,293.0,,,,,,,
2018-04-14,183.19,70.27,8.47,261.93,,,,,,,,,,,112.0,,,,,,,,,,,,,,5110.0,110.0,,,,,,,,,,,,,,5381.0,10491,458.0,,,,,,,,,199.0,,,,,,,,,,239.0,,,,,,,,,,307.0,,,,,,,,,,,,,,,,,,,,,,,,,,,307.0,,,,,,,
2018-04-15,,,,0.0,,,,,,,,,,,108.0,,,,,,,,,,,,,,4926.0,108.0,,,,,,,,,,,,,,4984.0,9910,397.0,,,,,,,,,253.0,,,,,,,,,,238.0,,,,,,,,,,305.0,,,,,,,,,,,,,,,,,,,,,,,,,,,305.0,,,,,,,
2018-04-16,161.42,106.9,25.45,293.77,6.64,3.09,2.18,4.64,81740.0,,,,6.11,4.87,62.0,38.0,,,7.85,18738.0,3936.0,,2973.0,2.44,1.09,3256.0,15488.0,66.6,2871.0,62.0,38.0,,,7.83,19756.0,3864.0,,2724.0,2.48,1.16,3135.0,15168.0,66.4,2967.0,5838,284.0,,,8.19,6620.0,2584.0,1979.0,218.0,,193.0,7.87,120.0,17480.0,165.0,4.06,133.8,10.57,3.0,,222.0,7.9,123.0,16280.0,128.0,4.0,86.0,9.45,1.0,,291.0,8.32,420.0,,,137.0,130.0,2.0,,,,,,,,,,,,,,,,,,1.0,,291.0,8.32,420.0,,137.0,130.0,2.0,
2018-04-17,187.96,79.11,16.17,283.24,6.84,3.38,2.48,4.82,,,,,5.59,4.48,108.0,38.0,,,7.86,,,,,2.45,1.09,3196.0,15368.0,66.3,4114.0,108.0,38.0,,,7.84,,,,,2.49,1.07,3155.0,15268.0,66.1,4160.0,8274,432.0,,,8.27,8280.0,2977.0,2236.0,,,244.0,7.89,,18040.0,149.0,3.65,126.9,13.68,3.0,35.4,227.0,7.92,,16420.0,103.0,3.34,77.1,8.29,6.0,38.1,294.0,8.37,540.0,,,152.0,117.0,4.0,,,,,,,,,,,,,,,,,,6.0,38.1,294.0,8.37,540.0,,152.0,117.0,4.0,
2018-04-18,130.7,78.8,11.71,221.21,7.03,3.31,2.43,4.75,,,,,5.84,4.61,98.0,37.9,,,7.87,,,,,2.44,1.13,3134.0,15758.0,66.6,3776.0,97.0,37.9,,,7.86,,,,,2.38,1.06,3074.0,15688.0,66.5,3843.0,7619,422.0,8.32,1000.0,8.29,7600.0,2584.0,2689.0,,,198.0,7.89,,18540.0,136.0,2.75,123.7,10.8,2.0,35.4,181.0,7.9,,16620.0,98.0,3.69,76.5,9.71,5.0,38.1,312.0,8.34,360.0,,,152.0,105.0,2.0,,,,,,,,,,,,,,,,,,5.0,38.1,312.0,8.34,360.0,,152.0,105.0,2.0,
2018-04-19,185.19,41.29,17.52,244.0,6.65,3.73,2.8,4.87,,,,,5.59,4.49,108.0,37.9,,,7.86,,,,,2.36,1.1,3074.0,15875.0,66.8,4079.0,108.0,35.4,,,7.85,,,,,2.51,1.08,3095.0,15398.0,66.5,4187.0,8266,365.0,,,8.4,,2532.0,1835.0,,,253.0,7.88,,15080.0,154.0,3.89,122.6,10.72,3.0,35.4,192.0,7.9,,14420.0,123.0,2.88,124.1,9.73,3.0,38.5,290.0,8.38,340.0,35.0,,153.0,91.0,1.0,,,,,,,,,,,,,,,,,,3.0,38.5,290.0,8.38,340.0,35.0,153.0,91.0,1.0,
2018-04-20,185.69,65.95,16.78,268.41999999999996,,,,,,,,,,,108.0,,,,,,,,,,,,,,4071.0,108.0,,,,,,,,,,,,,,4043.0,8114,444.0,,,,,,,,,222.0,,,,,,,,,,253.0,,,,,,,,,,293.0,,,,,,,,,,,,,,,,,,,,,,,,,,,293.0,,,,,,,
2018-04-21,161.29,40.97,17.45,219.70999999999998,,,,,,,,,,,108.0,,,,,,,,,,,,,,4032.0,108.0,,,,,,,,,,,,,,4147.0,8179,465.0,,,,,,,,,274.0,,,,,,,,,,263.0,,,,,,,,,,289.0,,,,,,,,,,,,,,,,,,,,,,,,,,,289.0,,,,,,,
2018-04-22,,,,0.0,,,,,,,,,,,109.0,,,,,,,,,,,,,,4217.0,109.0,,,,,,,,,,,,,,4138.0,8355,476.0,,,,,,,,,272.0,,,,,,,,,,258.0,,,,,,,,,,286.0,,,,,,,,,,,,,,,,,,,,,,,,,,,286.0,,,,,,,
2018-04-23,133.71,81.72,19.94,235.37,6.88,3.04,1.98,4.99,79893.0,,,,5.22,4.08,96.0,38.4,,,7.98,17986.0,3880.0,,2793.0,2.37,1.0,3155.0,15688.0,66.7,3518.0,97.0,38.1,,,7.97,23539.0,3900.0,,2677.0,2.41,1.08,3195.0,15418.0,66.9,3598.0,7116,445.0,8.55,2680.0,8.2,28480.0,3179.0,3298.0,880.0,,245.0,7.98,143.0,19440.0,235.0,3.66,228.7,13.52,1.0,36.5,242.0,7.81,154.0,17000.0,189.0,5.07,167.7,10.93,2.0,37.4,283.0,8.42,440.0,,,154.0,122.0,2.0,,,,,,,,,,,,,,,,,,2.0,37.4,283.0,8.42,440.0,,154.0,122.0,2.0,
2018-04-24,104.75,94.49,15.55,214.79000000000002,6.87,2.63,1.67,4.78,,,,,5.96,4.83,110.0,38.0,,,7.9,,,,,2.44,1.09,3216.0,15628.0,66.9,4210.0,109.0,38.0,,,7.88,,,,,2.53,1.09,3237.0,15338.0,66.9,4297.0,8507,455.0,8.64,6140.0,8.37,13580.0,3078.0,2382.0,,,267.0,7.88,,18640.0,234.0,4.55,226.7,2.01,2.0,36.7,244.0,7.83,,15100.0,199.0,4.53,188.5,5.4,2.0,37.6,282.0,8.42,360.0,33.0,,145.0,133.0,2.0,,,,,,,,,,,,,,,,,,2.0,37.6,282.0,8.42,360.0,33.0,145.0,133.0,2.0,
2018-04-25,159.06,107.57,10.85,277.48,7.45,2.72,1.76,4.72,,,,,6.52,5.21,108.0,38.0,,,7.89,,,,,2.37,1.1,3135.0,15088.0,66.9,4451.0,108.0,38.0,,,7.86,,,,,2.39,1.06,3216.0,15308.0,66.8,4501.0,8952,397.0,8.74,3920.0,8.4,6880.0,2126.0,2022.0,,,243.0,7.91,,18240.0,237.0,6.97,226.0,3.2,2.0,37.0,195.0,7.88,,15180.0,210.0,3.76,192.4,5.61,2.0,37.0,281.0,8.39,460.0,39.0,,157.0,151.0,2.0,,,,,,,,,,,,,,,,,,2.0,37.0,281.0,8.39,460.0,39.0,157.0,151.0,2.0,
2018-04-26,131.57,77.55,17.95,227.07,7.3,3.71,2.57,4.77,,,,,6.53,5.33,108.0,38.0,,,8.13,,,,,2.4,0.98,3155.0,15198.0,66.8,4733.0,108.0,38.1,,,8.12,,,,,2.54,1.19,3237.0,15208.0,66.7,4909.0,9642,408.0,8.64,4700.0,8.43,8240.0,3157.0,2050.0,,,246.0,7.99,,17340.0,252.0,3.26,248.4,1.02,2.0,37.0,222.0,7.95,,15280.0,226.0,3.46,208.1,10.55,2.0,37.0,276.0,8.38,460.0,,,154.0,159.0,2.0,,,,,,,,,,,,,,,,,,2.0,37.0,276.0,8.38,460.0,,154.0,159.0,2.0,
2018-04-27,107.27,71.56,4.09,182.92,,,,,,,,,,,108.0,,,,,,,,,,,,,,6307.0,108.0,,,,,,,,,,,,,,6522.0,12829,393.0,,,,,,,,,248.0,,,,,,,,,,239.0,,,,,,,,,,275.0,,,,,,,,,,,,,,,,,,,,,,,,,,,275.0,,,,,,,
2018-04-28,156.74,108.97,23.46,289.17,,,,,,,,,,,104.0,,,,,,,,,,,,,,5850.0,100.0,,,,,,,,,,,,,,6259.0,12109,364.0,,,,,,,,,198.0,,,,,,,,,,199.0,,,,,,,,,,284.0,,,,,,,,,,,,,,,,,,,,,,,,,,,284.0,,,,,,,
2018-04-29,,,,0.0,,,,,,,,,,,111.0,,,,,,,,,,,,,,6098.0,107.0,,,,,,,,,,,,,,6471.0,12569,412.0,,,,,,,,,245.0,,,,,,,,,,240.0,,,,,,,,,,283.0,,,,,,,,,,,,,,,,,,,,,,,,,,,283.0,,,,,,,
2018-04-30,134.18,40.94,21.66,196.78,6.84,3.82,2.62,5.06,105869.0,4237.0,613.0,,6.55,5.25,106.0,38.0,,,8.03,19356.0,3709.0,,2706.0,2.55,1.2,2972.0,15638.0,67.6,5680.0,101.0,37.9,,,8.04,18998.0,3768.0,,2687.0,2.47,1.16,2890.0,15408.0,67.7,5969.0,11649,498.0,8.47,6100.0,8.17,12320.0,3075.0,2442.0,364.0,,195.0,7.99,129.0,18540.0,293.0,4.72,272.5,15.4,1.0,37.4,199.0,7.86,134.0,15360.0,201.0,3.97,186.1,11.0,1.0,37.2,281.0,8.29,440.0,,,141.0,198.0,2.0,,,,,,,,,,,,,,,,,,1.0,37.2,281.0,8.29,440.0,,141.0,198.0,2.0,
2018-05-01,131.9,97.13,16.94,245.97,,,,,,,,,,,108.0,,,,,,,,,,,,,,5233.0,108.0,,,,,,,,,,,,,,5370.0,10603,416.0,,,,,,,,,251.0,,,,,,,,,,232.0,,,,,,,,,,271.0,,,,,,,,,,,,,,,,,,,,,,,,,,,271.0,,,,,,,
2018-05-02,186.97,100.91,7.79,295.67,7.09,4.52,3.23,4.92,,,,,7.07,5.77,104.0,37.9,,,7.92,,,,,2.53,1.18,2871.0,15368.0,69.1,5047.0,104.0,38.0,,,7.92,,,,,2.51,1.22,2666.0,14868.0,69.0,4998.0,10045,361.0,8.39,5920.0,8.21,7300.0,3076.0,2144.0,,,200.0,7.89,,15420.0,289.0,4.07,280.8,2.54,2.0,38.0,243.0,7.85,,14540.0,155.0,3.52,137.0,14.15,1.0,38.0,267.0,8.34,480.0,,,140.0,180.0,2.0,,,,,,,,,,,,,,,,,,1.0,38.0,267.0,8.34,480.0,,140.0,180.0,2.0,
2018-05-03,106.09,121.48,12.82,240.39,7.14,4.68,3.33,4.85,,,,,7.68,6.39,108.0,37.5,,,8.08,,,,,2.71,1.18,3052.0,15558.0,67.9,5713.0,108.0,38.0,,,8.05,,,,,2.54,0.99,3033.0,15078.0,67.7,5785.0,11498,416.0,8.47,5100.0,8.24,7280.0,3083.0,2155.0,,,239.0,7.88,,14860.0,275.0,4.76,268.6,2.01,,38.0,213.0,7.92,,14960.0,153.0,3.61,121.9,121.9,,38.7,,8.41,360.0,41.0,,146.0,174.0,2.0,,,,,,,,,,,,,,,,,,,38.7,,8.41,360.0,41.0,146.0,174.0,2.0,
2018-05-04,159.88,82.98,9.51,252.37,,,,,,,,,,,108.0,,,,,,,,,,,,,,7119.0,108.0,,,,,,,,,,,,,,7099.0,14218,386.0,,,,,,,,,217.0,,,,,,,,,,243.0,,,,,,,,,,268.0,,,,,,,,,,,,,,,,,,,,,,,,,,,268.0,,,,,,,
2018-05-05,130.59,38.78,17.96,187.33,,,,,,,,,,,110.0,,,,,,,,,,,,,,9058.0,100.0,,,,,,,,,,,,,,9799.0,18857,340.0,,,,,,,,,216.0,,,,,,,,,,186.0,,,,,,,,,,265.0,,,,,,,,,,,,,,,,,,,,,,,,,,,265.0,,,,,,,
2018-05-06,,,,0.0,,,,,,,,,,,72.0,,,,,,,,,,,,,,9355.0,72.0,,,,,,,,,,,,,,9911.0,19266,337.0,,,,,,,,,255.0,,,,,,,,,,165.0,,,,,,,,,,263.0,,,,,,,,,,,,,,,,,,,,,,,,,,,263.0,,,,,,,
2018-05-07,135.0,77.42,16.26,228.68,,,,,,,,,,,73.0,,,,,,,,,,,,,,9717.0,77.0,,,,,,,,,,,,,,9678.0,19395,371.0,,,,,,,,,244.0,,,,,,,,,,146.0,,,,,,,,,,263.0,,,,,,,,,,,,,,,,,,,,,,,,,,,263.0,,,,,,,
2018-05-08,160.79,114.08,15.03,289.9,6.97,3.7,2.53,4.88,,,,,6.91,5.71,99.0,37.9,,,7.96,,,,,2.7,1.42,3053.0,15458.0,71.2,9092.0,98.0,38.3,,,7.96,,,,,2.8,1.42,3073.0,15348.0,71.0,9014.0,18106,342.0,8.48,6300.0,8.06,6800.0,3082.0,2256.0,230.0,,233.0,7.91,141.0,15180.0,279.0,5.32,272.4,1.09,1.0,37.6,162.0,7.88,142.0,16280.0,98.0,4.58,72.7,20.45,2.0,39.8,269.0,8.13,800.0,,,143.0,182.0,2.0,,,,,,,,,,,,,,,,,,2.0,39.8,269.0,8.13,800.0,,143.0,182.0,2.0,
2018-05-09,186.95,84.94,12.95,284.84,6.94,3.65,2.57,4.85,106974.0,,,,7.06,5.77,96.0,38.3,,,7.98,28388.0,3771.0,,,2.84,1.39,3073.0,15638.0,71.0,7559.0,95.0,38.0,,,7.96,23303.0,3902.0,,,2.88,1.36,3073.0,15428.0,71.1,7264.0,14823,298.0,8.59,3060.0,8.09,4980.0,2911.0,2133.0,,,172.0,7.89,,16060.0,249.0,4.57,236.8,8.09,,37.8,206.0,7.95,,15600.0,61.0,5.02,30.5,15.48,,39.9,275.0,8.2,380.0,40.0,,147.0,171.0,2.0,,,,,,,,,,,,,,,,,,,39.9,275.0,8.2,380.0,40.0,147.0,171.0,2.0,
2018-05-10,130.52,102.68,20.84,254.04000000000002,6.92,4.25,3.01,4.79,,,,,6.84,5.55,86.0,38.1,,,7.96,,,,,2.61,1.28,3135.0,15688.0,70.1,5907.0,86.0,38.0,,,7.94,,,,,2.71,1.18,3194.0,15828.0,70.2,5757.0,11664,363.0,,,7.98,6980.0,3055.0,2148.0,,,218.0,7.88,,14780.0,207.0,6.69,178.7,10.59,,37.8,167.0,7.91,,15080.0,50.0,3.41,17.6,6.54,,39.8,277.0,8.19,480.0,41.0,,142.0,154.0,3.0,,,,,,,,,,,,,,,,,,,39.8,277.0,8.19,480.0,41.0,142.0,154.0,3.0,
2018-05-11,156.53,98.15,13.22,267.90000000000003,,,,,,,,,,,69.0,,,,,,,,,,,,,,4274.0,68.0,,,,,,,,,,,,,,4819.0,9093,308.0,,,,,,,,,167.0,,,,,,,,,,197.0,,,,,,,,,,241.0,,,,,,,,,,,,,,,,,,,,,,,,,,,241.0,,,,,,,
2018-05-12,128.68,113.77,19.1,261.55,,,,,,,,,,,88.0,,,,,,,,,,,,,,5002.0,88.0,,,,,,,,,,,,,,5532.0,10534,245.0,,,,,,,,,166.0,,,,,,,,,,206.0,,,,,,,,,,282.0,,,,,,,,,,,,,,,,,,,,,,,,,,,282.0,,,,,,,
2018-05-13,,,,0.0,,,,,,,,,,,63.0,,,,,,,,,,,,,,4140.0,62.0,,,,,,,,,,,,,,4364.0,8504,195.0,,,,,,,,,157.0,,,,,,,,,,187.0,,,,,,,,,,288.0,,,,,,,,,,,,,,,,,,,,,,,,,,,288.0,,,,,,,
2018-05-14,161.59,86.76,17.67,266.02000000000004,7.19,4.01,2.84,4.79,94229.0,3807.0,,,6.77,5.49,52.0,38.0,,,8.09,19031.0,3926.0,,,2.54,1.09,3134.0,15778.0,67.0,2568.0,50.0,38.1,,,8.1,20039.0,3979.0,,,2.49,1.16,3074.0,15158.0,67.1,2805.0,5373,310.0,8.18,5540.0,8.11,14780.0,3043.0,2448.0,368.0,,169.0,7.99,140.0,18640.0,97.0,4.99,90.6,1.56,6.0,37.8,159.0,7.84,145.0,18840.0,68.0,5.62,53.4,8.22,4.0,40.2,283.0,8.43,420.0,,,138.0,60.0,14.0,,,,,,,,,,,,,,,,,,4.0,40.2,283.0,8.43,420.0,,138.0,60.0,14.0,
2018-05-15,159.39,98.68,18.25,276.32,7.08,3.61,2.64,4.79,,,,,6.64,5.35,81.0,38.1,,,8.05,,,,,2.71,1.28,2786.0,15918.0,66.4,3800.0,81.0,38.2,,,8.03,,,,,2.64,1.29,2868.0,15748.0,66.2,3965.0,7765,260.0,8.57,2260.0,8.35,8900.0,3133.0,2247.0,,,160.0,7.95,,14360.0,68.0,3.79,43.9,2.48,,37.8,147.0,7.86,,15640.0,69.0,4.54,30.7,6.47,,40.0,273.0,8.46,440.0,,,138.0,61.0,2.0,,,,,,,,,,,,,,,,,,,40.0,273.0,8.46,440.0,,138.0,61.0,2.0,
2018-05-16,188.55,37.04,16.79,242.38,7.2,4.05,2.9,4.81,,,,,7.0,5.7,69.0,38.1,,,7.92,,,,,2.61,1.18,2991.0,15818.0,66.0,3447.0,67.0,38.2,,,7.91,,,,,2.66,1.16,3073.0,15848.0,66.1,3596.0,7043,308.0,,,8.09,7740.0,2899.0,2014.0,,,188.0,7.84,,14340.0,68.0,3.78,36.4,11.66,,38.2,175.0,7.81,,14520.0,51.0,4.23,10.3,10.57,,40.2,270.0,8.46,520.0,57.0,,146.0,43.0,4.0,,,,,,,,,,,,,,,,,,,40.2,270.0,8.46,520.0,57.0,146.0,43.0,4.0,
2018-05-17,133.97,83.63,,217.6,7.22,4.35,3.18,4.5,,,,,8.6,7.24,108.0,38.0,,,8.05,,,,,2.62,1.18,2870.0,15798.0,64.9,6185.0,108.0,38.1,,,8.04,,,,,2.79,1.27,2828.0,15788.0,64.6,6353.0,12538,466.0,,,8.35,4660.0,2372.0,1886.0,,,219.0,7.99,,14480.0,70.0,4.38,43.9,10.98,,38.3,164.0,7.85,,14340.0,72.0,5.96,35.7,12.34,,40.4,275.0,8.56,580.0,,,146.0,37.0,6.0,,,,,,,,,,,,,,,,,,,40.4,275.0,8.56,580.0,,146.0,37.0,6.0,
2018-05-18,161.79,63.02,10.59,235.4,,,,,,,,,,,108.0,,,,,,,,,,,,,,6897.0,108.0,,,,,,,,,,,,,,7162.0,14059,354.0,,,,,,,,,222.0,,,,,,,,,,239.0,,,,,,,,,,288.0,,,,,,,,,,,,,,,,,,,,,,,,,,,288.0,,,,,,,
2018-05-19,160.64,94.34,19.16,274.14,,,,,,,,,,,102.0,,,,,,,,,,,,,,6647.0,101.0,,,,,,,,,,,,,,6844.0,13491,381.0,,,,,,,,,241.0,,,,,,,,,,210.0,,,,,,,,,,287.0,,,,,,,,,,,,,,,,,,,,,,,,,,,287.0,,,,,,,
2018-05-20,,,,0.0,,,,,,,,,,,105.0,,,,,,,,,,,,,,7141.0,104.0,,,,,,,,,,,,,,7366.0,14507,391.0,,,,,,,,,239.0,,,,,,,,,,215.0,,,,,,,,,,282.0,,,,,,,,,,,,,,,,,,,,,,,,,,,282.0,,,,,,,
2018-05-21,131.86,99.96,,231.82,7.24,3.9,2.67,4.63,129786.0,,,,8.42,6.95,85.0,38.0,,,7.96,23468.0,3871.0,,2885.0,2.74,1.39,2889.0,16378.0,68.5,6372.0,84.0,38.1,,,7.94,16766.0,4044.0,,2807.0,2.58,1.16,3032.0,16308.0,67.7,6374.0,12746,265.0,8.43,3160.0,8.15,8140.0,3115.0,2135.0,238.0,,229.0,7.86,154.0,13920.0,116.0,3.9,86.3,11.34,2.0,37.1,222.0,7.81,140.0,13520.0,65.0,4.0,28.3,9.89,2.0,39.4,263.0,8.45,680.0,,,155.0,63.0,8.0,,,,,,,,,,,,,,,,,,2.0,39.4,263.0,8.45,680.0,,155.0,63.0,8.0,
2018-05-22,186.83,109.83,16.76,313.42,,,,,,,,,,,71.0,,,,,,,,,,,,,,5168.0,73.0,,,,,,,,,,,,,,5230.0,10398,381.0,,,,,,,,,217.0,,,,,,,,,,209.0,,,,,,,,,,255.0,,,,,,,,,,,,,,,,,,,,,,,,,,,255.0,,,,,,,
2018-05-23,185.39,89.81,12.55,287.75,7.17,4.34,2.97,4.65,,,,,8.47,6.99,96.0,38.1,,,8.03,,,,,2.63,1.18,3133.0,16548.0,67.8,6459.0,96.0,37.9,,,8.01,,,,,2.58,1.17,3092.0,16328.0,67.7,6534.0,12993,280.0,,,8.2,9400.0,3104.0,2212.0,,,212.0,7.88,,12380.0,96.0,3.01,74.7,,2.0,37.6,212.0,7.87,,12880.0,58.0,3.88,18.1,,3.0,39.3,259.0,8.46,,65.0,,144.0,54.0,5.0,,,,,,,,,,,,,,,,,,3.0,39.3,259.0,8.46,,65.0,144.0,54.0,5.0,
2018-05-24,131.1,93.74,18.75,243.58999999999997,7.38,4.08,2.85,4.6,,,,,8.02,6.63,81.0,38.0,,,7.97,,,,,2.9,1.28,3032.0,15918.0,68.3,5572.0,84.0,37.9,,,7.97,,,,,2.7,1.27,2990.0,15768.0,67.8,5576.0,11148,458.0,,,8.21,7080.0,2950.0,1949.0,,,219.0,7.88,,12360.0,94.0,3.87,72.4,,,37.6,211.0,7.95,,12560.0,54.0,4.09,16.4,,,39.5,266.0,8.34,700.0,,,149.0,59.0,12.0,,,,,,,,,,,,,,,,,,,39.5,266.0,8.34,700.0,,149.0,59.0,12.0,
2018-05-25,129.33,,11.16,140.49,,,,,,,,,,,106.0,,,,,,,,,,,,,,6965.0,106.0,,,,,,,,,,,,,,7091.0,14056,330.0,,,,,,,,,173.0,,,,,,,,,,170.0,,,,,,,,,,265.0,,,,,,,,,,,,,,,,,,,,,,,,,,,265.0,,,,,,,
2018-05-26,134.44,112.04,17.3,263.78000000000003,,,,,,,,,,,106.0,,,,,,,,,,,,,,7003.0,106.0,,,,,,,,,,,,,,7108.0,14111,357.0,,,,,,,,,225.0,,,,,,,,,,214.0,,,,,,,,,,263.0,,,,,,,,,,,,,,,,,,,,,,,,,,,263.0,,,,,,,
2018-05-27,,,,0.0,,,,,,,,,,,80.0,,,,,,,,,,,,,,5924.0,80.0,,,,,,,,,,,,,,6147.0,12071,231.0,,,,,,,,,212.0,,,,,,,,,,204.0,,,,,,,,,,262.0,,,,,,,,,,,,,,,,,,,,,,,,,,,262.0,,,,,,,
2018-05-28,158.03,131.32,17.73,307.08000000000004,7.21,3.26,2.2,4.68,109810.0,,,,7.66,6.4,83.0,38.0,,,7.98,21054.0,4021.0,,3173.0,2.65,1.19,3153.0,16798.0,67.3,4963.0,82.0,37.9,,,7.97,20793.0,3963.0,,2888.0,2.85,1.35,3091.0,16548.0,67.1,5163.0,10126,387.0,8.44,3140.0,8.24,7360.0,3182.0,2045.0,191.0,,153.0,7.89,,,,,,,,38.0,163.0,7.92,,14000.0,51.0,4.66,11.2,,2.0,41.0,260.0,8.41,640.0,,,158.0,43.0,7.0,,,,,,,,,,,,,,,,,,2.0,41.0,260.0,8.41,640.0,,158.0,43.0,7.0,
2018-05-29,134.09,58.79,17.68,210.56,7.51,3.73,2.58,4.71,,,,,7.07,5.8,108.0,38.0,,,7.98,,,,,2.53,1.18,3479.0,16978.0,66.6,5811.0,108.0,38.0,,,7.97,,,,,2.78,1.27,3439.0,16898.0,66.7,5930.0,11741,329.0,,,8.32,7480.0,2728.0,2083.0,,,200.0,7.85,132.0,13000.0,47.0,4.67,6.9,,3.0,38.2,188.0,7.88,134.0,13660.0,46.0,4.67,0.5,,3.0,41.0,263.0,8.48,580.0,,,138.0,40.0,7.0,,,,,,,,,,,,,,,,,,3.0,41.0,263.0,8.48,580.0,,138.0,40.0,7.0,
2018-05-30,189.74,98.8,12.35,300.89000000000004,7.5,3.12,2.1,4.69,,,,,7.02,5.73,108.0,38.1,,,7.98,,,,,2.72,1.19,3215.0,16568.0,65.2,5650.0,108.0,38.0,,,7.96,,,,,2.62,1.18,3214.0,16468.0,65.3,5834.0,11484,372.0,,,8.4,7760.0,3040.0,2143.0,,,156.0,7.89,,13760.0,48.0,4.87,3.8,,,38.5,193.0,7.91,,13820.0,43.0,4.15,3.5,,,41.5,265.0,8.47,480.0,,,150.0,35.0,4.0,,,,,,,,,,,,,,,,,,,41.5,265.0,8.47,480.0,,150.0,35.0,4.0,
2018-05-31,108.46,122.97,20.26,251.69,7.48,3.61,2.47,4.74,,,,,6.78,5.5,104.0,38.0,,,8.08,,,,,2.81,1.28,3215.0,16498.0,66.2,5250.0,104.0,38.0,,,8.08,,,,,2.79,1.37,3257.0,16478.0,66.0,5339.0,10589,426.0,,,8.35,5260.0,3074.0,2089.0,,,213.0,7.94,,13620.0,62.0,4.42,24.1,,,38.9,199.0,7.91,,13420.0,48.0,4.43,3.9,,,41.7,264.0,8.49,360.0,,,154.0,35.0,4.0,,,,,,,,,,,,,,,,,,,41.7,264.0,8.49,360.0,,154.0,35.0,4.0,
2018-06-01,160.5,103.64,10.79,274.93,,,,,,,,,,,108.0,,,,,,,,,,,,,,5360.0,108.0,,,,,,,,,,,,,,5515.0,10875,290.0,,,,,,,,,217.0,,,,,,,,,,207.0,,,,,,,,,,274.0,,,,,,,,,,,,,,,,,,,,,,,,,,,274.0,,,,,,,
2018-06-02,161.59,43.06,17.38,222.03,,,,,,,,,,,108.0,,,,,,,,,,,,,,5268.0,108.0,,,,,,,,,,,,,,5438.0,10706,359.0,,,,,,,,,179.0,,,,,,,,,,213.0,,,,,,,,,,282.0,,,,,,,,,,,,,,,,,,,,,,,,,,,282.0,,,,,,,
2018-06-03,,63.63,,63.63,,,,,,,,,,,108.0,,,,,,,,,,,,,,5973.0,108.0,,,,,,,,,,,,,,6107.0,12080,329.0,,,,,,,,,220.0,,,,,,,,,,162.0,,,,,,,,,,283.0,,,,,,,,,,,,,,,,,,,,,,,,,,,283.0,,,,,,,
2018-06-04,134.34,36.41,18.56,189.31,7.46,3.51,2.43,4.76,105290.0,,,,7.14,5.75,108.0,37.9,,,7.97,20007.0,3794.0,,3014.0,2.81,1.28,3335.0,17418.0,66.0,5785.0,108.0,37.9,,,7.98,22894.0,4027.0,,2696.0,2.85,1.26,3355.0,17168.0,65.6,5972.0,11757,347.0,8.49,1760.0,8.31,3440.0,2561.0,2017.0,122.0,,223.0,7.95,,13580.0,67.0,5.0,8.6,,,38.6,214.0,7.84,,13680.0,65.0,4.97,10.5,,,41.7,264.0,8.5,540.0,,,138.0,53.0,3.0,,,,,,,,,,,,,,,,,,,41.7,264.0,8.5,540.0,,138.0,53.0,3.0,
2018-06-05,162.68,87.62,17.783,268.083,7.69,2.46,1.65,4.77,,,,,6.87,5.55,108.0,37.9,,,8.0,,,,,2.73,1.28,3274.0,17158.0,66.5,5341.0,108.0,38.0,,,7.98,,,,,2.62,1.18,3336.0,17188.0,66.5,5365.0,10706,360.0,,,8.28,4500.0,2796.0,2131.0,,,195.0,7.92,150.0,13720.0,61.0,4.71,9.6,,,38.8,164.0,7.89,,13420.0,60.0,6.33,8.7,,,41.8,373.0,8.53,380.0,,,151.0,51.0,4.0,,,,,,,,,,,,,,,,,,,41.8,373.0,8.53,380.0,,151.0,51.0,4.0,
2018-06-06,189.58,113.73,13.44,316.75,,,,,,,,,,,113.0,,,,,,,,,,,,,,4914.0,113.0,,,,,,,,,,,,,,5115.0,10029,334.0,,,,,,,,,227.0,,,,,,,,,,210.0,,,,,,,,,,375.0,,,,,,,,,,,,,,,,,,,,,,,,,,,375.0,,,,,,,
2018-06-07,108.74,114.31,19.28,242.33,7.76,3.76,2.61,4.87,,,,,6.59,5.38,108.0,38.0,,,8.05,,,,,2.73,1.29,3235.0,17148.0,65.3,4897.0,108.0,38.0,,,8.04,,,,,2.84,1.29,3274.0,17078.0,65.0,5087.0,9984,360.0,,,8.28,13120.0,2689.0,2557.0,,,225.0,7.95,,14120.0,59.0,4.85,19.4,,,38.9,164.0,7.89,,,60.0,5.13,16.7,,,41.9,388.0,8.51,580.0,,,129.0,57.0,5.0,,,,,,,,,,,,,,,,,,,41.9,388.0,8.51,580.0,,129.0,57.0,5.0,
2018-06-08,159.62,78.32,12.2,250.14,,,,,,,,,,,104.0,,,,,,,,,,,,,,5781.0,104.0,,,,,,,,,,,,,,5835.0,11616,360.0,,,,,,,,,228.0,,,,,,,,,,209.0,,,,,,,,,,350.0,,,,,,,,,,,,,,,,,,,,,,,,,,,350.0,,,,,,,
2018-06-09,161.81,113.69,19.46,294.96,,,,,,,,,,,108.0,,,,,,,,,,,,,,7366.0,108.0,,,,,,,,,,,,,,7311.0,14677,385.0,,,,,,,,,229.0,,,,,,,,,,208.0,,,,,,,,,,350.0,,,,,,,,,,,,,,,,,,,,,,,,,,,350.0,,,,,,,
2018-06-10,,,,0.0,,,,,,,,,,,113.0,,,,,,,,,,,,,,9910.0,113.0,,,,,,,,,,,,,,10141.0,20051,366.0,,,,,,,,,224.0,,,,,,,,,,208.0,,,,,,,,,,350.0,,,,,,,,,,,,,,,,,,,,,,,,,,,350.0,,,,,,,
2018-06-11,134.36,106.94,16.48,257.78000000000003,7.64,3.68,2.42,4.99,118329.0,,,,7.38,6.16,75.0,37.8,,,8.05,20012.0,3940.0,,3160.0,2.73,1.38,3357.0,16718.0,65.1,7117.0,74.0,37.9,,,8.03,19949.0,3912.0,,2881.0,2.78,1.36,3398.0,16778.0,65.3,7263.0,14380,383.0,,,8.24,7440.0,2874.0,2272.0,195.0,,215.0,7.87,143.0,14140.0,111.0,4.47,79.6,,9.0,38.6,155.0,7.91,125.0,13940.0,110.0,4.54,62.9,,2.0,40.8,334.0,8.53,580.0,,,145.0,79.0,6.0,,,,,,,,,,,,,,,,,,2.0,40.8,334.0,8.53,580.0,,145.0,79.0,6.0,
2018-06-12,159.96,122.21,16.78,298.95000000000005,7.73,4.28,2.76,5.12,,,,,5.92,4.6,108.0,37.8,,,8.05,,,,,2.88,1.36,3418.0,16938.0,69.6,5702.0,108.0,37.9,,,8.05,,,,,2.74,1.29,3378.0,16878.0,69.9,6011.0,11713,383.0,,,8.38,7060.0,3147.0,2505.0,,,221.0,7.98,,14640.0,86.0,4.47,56.9,,,38.5,199.0,7.84,,13620.0,90.0,4.62,44.8,,,40.6,350.0,8.41,580.0,,,150.0,88.0,6.0,,,,,,,,,,,,,,,,,,,40.6,350.0,8.41,580.0,,150.0,88.0,6.0,
2018-06-13,184.1,36.65,13.03,233.78,,,,,,,,,,,104.0,,,,,,,,,,,,,,4405.0,104.0,,,,,,,,,,,,,,4539.0,8944,306.0,,,,,,,,,220.0,,,,,,,,,,156.0,,,,,,,,,,246.0,,,,,,,,,,,,,,,,,,,,,,,,,,,246.0,,,,,,,
2018-06-14,102.77,65.68,19.04,187.48999999999998,7.74,4.16,2.81,5.0,,,,,5.72,4.4,99.0,37.9,,,8.01,,,,,2.61,1.18,3255.0,16908.0,69.5,4103.0,99.0,38.0,,,8.0,,,,,2.61,1.18,3235.0,16878.0,69.7,4247.0,8350,378.0,,,8.23,8840.0,3023.0,2274.0,,,170.0,7.86,,14020.0,70.0,4.71,29.3,,,41.9,203.0,7.92,,14780.0,62.0,4.88,22.2,,,40.8,242.0,8.57,420.0,,,144.0,49.0,4.0,,,,,,,,,,,,,,,,,,,40.8,242.0,8.57,420.0,,144.0,49.0,4.0,
2018-06-15,209.06,89.3,12.06,310.42,,,,,,,,,,,81.0,,,,,,,,,,,,,,3598.0,77.0,,,,,,,,,,,,,,3776.0,7374,305.0,,,,,,,,,201.0,,,,,,,,,,199.0,,,,,,,,,,239.0,,,,,,,,,,,,,,,,,,,,,,,,,,,239.0,,,,,,,
2018-06-16,105.46,36.94,18.79,161.18999999999997,,,,,,,,,,,87.0,,,,,,,,,,,,,,3934.0,86.0,,,,,,,,,,,,,,4140.0,8074,328.0,,,,,,,,,195.0,,,,,,,,,,200.0,,,,,,,,,,324.0,,,,,,,,,,,,,,,,,,,,,,,,,,,324.0,,,,,,,
2018-06-17,0.0,0.0,0.0,0.0,,,,,,,,,,,104.0,,,,,,,,,,,,,,4184.0,104.0,,,,,,,,,,,,,,4310.0,8494,232.0,,,,,,,,,189.0,,,,,,,,,,174.0,,,,,,,,,,308.0,,,,,,,,,,,,,,,,,,,,,,,,,,,308.0,,,,,,,
2018-06-18,134.17,152.45,17.09,303.71,7.54,3.45,2.7,5.72,81128.0,,,,4.51,3.27,63.0,38.1,,,8.03,25583.0,4040.0,,3187.0,2.63,1.19,3356.0,17368.0,68.5,2400.0,63.0,38.1,,,8.02,20899.0,3961.0,,3024.0,2.59,1.17,3417.0,17038.0,68.4,2467.0,4867,365.0,,,8.34,13260.0,2889.0,2413.0,352.0,,139.0,7.95,144.0,10680.0,92.0,4.85,57.4,,7.0,38.5,189.0,7.92,145.0,16900.0,54.0,4.88,16.3,,4.0,40.9,232.0,8.42,580.0,,,148.0,55.0,5.0,,,,,,,,,,,,,,,,,,4.0,40.9,232.0,8.42,580.0,,148.0,55.0,5.0,
2018-06-19,154.76,85.26,21.06,261.08,7.79,5.02,3.4,5.81,,,,,4.38,3.22,104.0,38.1,,,8.05,,,,,2.87,1.36,3275.0,17318.0,68.5,3341.0,103.0,38.1,,,8.04,,,,,2.5,1.17,3336.0,17268.0,68.3,3455.0,6796,381.0,,,8.4,9440.0,3173.0,2352.0,,,188.0,7.95,,12560.0,97.0,4.88,60.2,,4.0,38.3,203.0,7.92,,16980.0,59.0,4.91,20.7,,,41.2,321.0,8.51,560.0,,,158.0,61.0,4.0,,,,,,,,,,,,,,,,,,,41.2,321.0,8.51,560.0,,158.0,61.0,4.0,
2018-06-20,185.76,114.21,11.31,311.28,7.49,4.23,2.89,5.85,,,,,4.18,2.96,108.0,38.0,,,8.07,,,,,2.67,1.2,3315.0,17238.0,68.1,3551.0,108.0,38.0,,,8.06,,,,,2.68,1.26,3417.0,17298.0,67.9,3644.0,7195,352.0,,,8.44,3840.0,2272.0,2091.0,,,199.0,7.94,,15840.0,41.0,6.39,29.8,16.1,,38.4,212.0,7.88,,17320.0,61.0,4.3,28.8,17.7,,41.4,292.0,8.64,440.0,,,134.0,72.0,4.0,,,,,,,,,,,,,,,,,,,41.4,292.0,8.64,440.0,,134.0,72.0,4.0,
2018-06-21,103.26,100.39,19.33,222.98000000000002,7.62,4.12,2.85,5.88,,,,,4.73,3.5,105.0,37.9,,,8.08,,,,,2.65,1.29,3133.0,16838.0,69.4,3530.0,104.0,37.9,,,8.06,,,,,2.61,1.18,3153.0,16608.0,69.2,3664.0,7194,321.0,,,8.33,7140.0,3102.0,2112.0,,,202.0,7.68,,14200.0,131.0,4.9,101.3,,,38.3,214.0,7.85,,15880.0,84.0,4.84,47.0,,,41.1,263.0,8.57,500.0,,,149.0,80.0,4.0,,,,,,,,,,,,,,,,,,,41.1,263.0,8.57,500.0,,149.0,80.0,4.0,
2018-06-22,185.57,99.18,11.61,296.36,,,,,,,,,,,112.0,,,,,,,,,,,,,,4199.0,113.0,,,,,,,,,,,,,,4208.0,8407,352.0,,,,,,,,,210.0,,,,,,,,,,221.0,,,,,,,,,,316.0,,,,,,,,,,,,,,,,,,,,,,,,,,,316.0,,,,,,,
2018-06-23,135.52,103.9,20.56,259.98,,,,,,,,,,,111.0,,,,,,,,,,,,,,4582.0,111.0,,,,,,,,,,,,,,4666.0,9248,413.0,,,,,,,,,209.0,,,,,,,,,,220.0,,,,,,,,,,289.0,,,,,,,,,,,,,,,,,,,,,,,,,,,289.0,,,,,,,
2018-06-24,0.0,0.0,0.0,0.0,,,,,,,,,,,110.0,,,,,,,,,,,,,,4408.0,111.0,,,,,,,,,,,,,,4435.0,8843,220.0,,,,,,,,,205.0,,,,,,,,,,164.0,,,,,,,,,,254.0,,,,,,,,,,,,,,,,,,,,,,,,,,,254.0,,,,,,,
2018-06-25,161.7,95.81,19.9,277.40999999999997,7.88,2.65,1.68,6.02,79780.0,,,,4.16,3.03,104.0,37.8,,,8.19,26096.0,3471.0,,3305.0,2.48,1.11,3356.0,17188.0,69.3,4380.0,108.0,37.9,,,8.18,20189.0,3601.0,,2822.0,2.6,1.27,3397.0,17238.0,69.0,4320.0,8700,419.0,,,8.35,6400.0,2963.0,2306.0,313.0,,158.0,7.94,155.0,13440.0,163.0,5.38,125.0,,23.0,38.9,215.0,7.96,152.0,16160.0,124.0,4.83,92.7,,13.0,40.8,320.0,8.57,460.0,,,156.0,119.0,5.0,,,,,,,,,,,,,,,,,,13.0,40.8,320.0,8.57,460.0,,156.0,119.0,5.0,
2018-06-26,133.74,179.7,19.23,332.67,8.22,4.17,2.75,6.04,,,,,7.24,6.03,108.0,37.8,,,8.14,,,,,2.57,1.1,3700.0,17728.0,70.7,4578.0,108.0,37.9,,,8.13,,,,,2.63,1.19,3761.0,17748.0,69.9,4718.0,9296,365.0,8.654,2620.0,8.42,4320.0,2630.0,2193.0,,,210.0,7.82,,14420.0,173.0,5.3,136.5,,,37.9,221.0,7.91,,16200.0,103.0,5.06,37.7,,,40.2,194.0,8.48,500.0,,,148.0,125.0,5.0,,,,,,,,,,,,,,,,,,,40.2,194.0,8.48,500.0,,148.0,125.0,5.0,
2018-06-27,186.14,20.14,18.63,224.90999999999997,7.82,4.89,3.25,6.0,,,,,5.73,4.31,108.0,37.7,,,8.05,,,,,2.63,1.19,3499.0,16698.0,70.6,4717.0,107.0,37.8,,,8.06,,,,,2.5,1.17,3479.0,16428.0,69.7,4777.0,9494,434.0,,,8.24,6600.0,3067.0,2258.0,,,223.0,7.981,,13220.0,116.0,4.87,153.7,,,37.7,187.0,7.99,,16000.0,97.0,5.04,34.9,,,40.4,190.0,8.37,440.0,,,159.0,92.0,5.0,,,,,,,,,,,,,,,,,,,40.4,190.0,8.37,440.0,,159.0,92.0,5.0,
2018-06-28,108.56,65.0,18.25,191.81,7.74,4.75,3.29,6.14,,,,,5.01,3.88,108.0,38.0,,,8.07,,,,,2.52,1.18,3600.0,16778.0,69.1,4707.0,108.0,38.1,,,8.07,,,,,2.62,1.28,3661.0,16858.0,68.9,4905.0,9612,376.0,,,8.47,5360.0,2945.0,2205.0,,,235.0,7.79,,12660.0,189.0,5.53,177.1,,,38.0,228.0,7.94,,16210.0,99.0,4.83,35.7,,,40.7,105.0,8.5,380.0,,,161.0,93.0,4.0,,,,,,,,,,,,,,,,,,,40.7,105.0,8.5,380.0,,161.0,93.0,4.0,
2018-06-29,187.16,90.03,12.24,289.43,,,,,,,,,,,108.0,,,,,,,,,,,,,,4673.0,108.0,,,,,,,,,,,,,,4712.0,9385,449.0,,,,,,,,,168.0,,,,,,,,,,235.0,,,,,,,,,,274.0,,,,,,,,,,,,,,,,,,,,,,,,,,,274.0,,,,,,,
2018-06-30,135.86,56.83,20.32,213.01,,,,,,,,,,,95.0,,,,,,,,,,,,,,4015.0,95.0,,,,,,,,,,,,,,4183.0,8198,339.0,,,,,,,,,173.0,,,,,,,,,,239.0,,,,,,,,,,282.0,,,,,,,,,,,,,,,,,,,,,,,,,,,282.0,,,,,,,
2018-07-01,0.0,96.44,0.0,96.44,,,,,,,,,,,104.0,,,,,,,,,,,,,,4459.0,104.0,,,,,,,,,,,,,,4519.0,8978,336.0,,,,,,,,,200.0,,,,,,,,,,234.0,,,,,,,,,,315.0,,,,,,,,,,,,,,,,,,,,,,,,,,,315.0,,,,,,,
2018-07-02,161.69,57.68,19.67,239.04000000000002,7.06,4.95,3.36,5.6,94492.0,,,,6.26,4.75,70.0,37.8,,,7.61,22522.0,3748.0,,3192.0,2.64,1.29,3258.0,15558.0,71.6,3497.0,70.0,37.9,,,7.59,19054.0,3796.0,,2957.0,2.73,1.13,3278.0,15668.0,71.3,3567.0,7064,349.0,7.86,3140.0,7.63,13820.0,2785.0,2452.0,391.0,,181.0,7.56,,12860.0,242.0,4.64,234.6,16.43,,38.0,230.0,7.69,,16100.0,81.0,5.01,60.7,9.87,,40.8,322.0,7.76,420.0,,,138.0,126.0,4.0,,,,,,,,,,,,,,,,,,,40.8,322.0,7.76,420.0,,138.0,126.0,4.0,
2018-07-03,135.85,89.43,18.46,243.74,7.08,4.83,3.34,5.58,,,,,4.57,3.35,108.0,37.7,,,,,,,,2.38,1.06,3175.0,15868.0,71.0,4551.0,106.0,37.8,,,7.56,,,,,2.51,1.17,3156.0,15768.0,71.1,4762.0,9313,388.0,,,7.72,8920.0,2875.0,2219.0,,,162.0,7.56,135.0,13620.0,285.0,4.1,250.2,,,37.2,183.0,7.67,138.0,19120.0,33.0,6.6,7.4,,,40.8,326.0,7.52,440.0,,,140.0,114.0,4.0,,,,,,,,,,,,,,,,,,,40.8,326.0,7.52,440.0,,140.0,114.0,4.0,
2018-07-04,189.87,87.39,18.11,295.37,6.98,3.9,2.7,5.63,,,,,5.01,3.69,110.0,37.8,,,7.43,,,,,2.55,1.15,3196.0,16308.0,70.4,4518.0,109.0,37.8,,,7.42,,,,,2.96,1.36,3257.0,16648.0,70.0,4606.0,9124,397.0,,,7.68,4160.0,2415.0,1976.0,,,209.0,7.59,,13200.0,304.0,5.04,298.6,,,36.8,236.0,7.66,,13600.0,105.0,5.4,30.3,,,40.2,334.0,7.57,320.0,,,137.0,146.0,3.0,,,,,,,,,,,,,,,,,,,40.2,334.0,7.57,320.0,,137.0,146.0,3.0,
2018-07-05,106.86,120.64,18.98,246.48,7.07,3.77,2.61,5.75,,,,,4.28,3.25,108.0,37.7,,,7.63,,,,,2.58,1.16,3196.0,15938.0,71.1,4333.0,108.0,37.9,,,7.62,,,,,2.74,1.39,3156.0,15918.0,71.2,4541.0,8874,394.0,,,7.84,6920.0,2462.0,1679.0,,,223.0,7.61,,13460.0,311.0,4.84,305.6,,,36.9,237.0,7.63,,13820.0,62.0,5.78,0.7,,,40.2,333.0,8.14,360.0,,,123.0,144.0,4.0,,,,,,,,,,,,,,,,,,,40.2,333.0,8.14,360.0,,123.0,144.0,4.0,
2018-07-06,187.3,78.03,13.61,278.94000000000005,,,,,,,,,,,108.0,,,,,,,,,,,,,,4412.0,108.0,,,,,,,,,,,,,,4511.0,8923,360.0,,,,,,,,,231.0,,,,,,,,,,233.0,,,,,,,,,,316.0,,,,,,,,,,,,,,,,,,,,,,,,,,,316.0,,,,,,,
2018-07-07,135.15,20.89,20.96,177.00000000000003,,,,,,,,,,,113.0,,,,,,,,,,,,,,4430.0,115.0,,,,,,,,,,,,,,4574.0,9004,421.0,,,,,,,,,240.0,,,,,,,,,,232.0,,,,,,,,,,324.0,,,,,,,,,,,,,,,,,,,,,,,,,,,324.0,,,,,,,
2018-07-08,0.0,62.92,0.0,62.92,,,,,,,,,,,108.0,,,,,,,,,,,,,,4421.0,107.0,,,,,,,,,,,,,,4571.0,8992,359.0,,,,,,,,,233.0,,,,,,,,,,238.0,,,,,,,,,,328.0,,,,,,,,,,,,,,,,,,,,,,,,,,,328.0,,,,,,,
2018-07-09,133.52,181.03,20.45,335.0,7.18,4.17,2.66,5.71,122443.0,,,,2.87,1.51,104.0,37.7,,,7.68,22905.0,4454.0,,3231.0,2.53,1.09,3136.0,15818.0,71.2,4158.0,106.0,37.7,,,7.65,24308.0,4099.0,,3231.0,2.81,1.38,3176.0,15768.0,71.2,4287.0,8445,476.0,7.9,2720.0,7.83,7380.0,2608.0,2105.0,261.0,,224.0,7.55,128.0,14280.0,440.0,5.82,427.3,10.28,7.0,35.8,258.0,7.62,138.0,13960.0,66.0,5.44,5.6,0.86,2.0,39.8,330.0,7.75,400.0,,,138.0,171.0,5.0,,,,,,,,,,,,,,,,,,2.0,39.8,330.0,7.75,400.0,,138.0,171.0,5.0,
2018-07-10,162.43,39.87,18.75,221.05,7.21,3.26,2.1,5.87,,,,,4.0,2.86,109.0,37.8,,,7.78,,,,,2.6,1.36,3135.0,15828.0,70.7,4092.0,109.0,37.8,,,7.73,,,,,2.8,1.47,3217.0,15888.0,70.6,4168.0,8260,377.0,,,7.87,7080.0,2327.0,2204.0,,,190.0,7.6,,14840.0,483.0,35.81,445.8,,,35.9,181.0,7.68,,13360.0,25.0,7.43,4.5,,,39.8,330.0,7.87,540.0,,,126.0,168.0,6.0,,,,,,,,,,,,,,,,,,,39.8,330.0,7.87,540.0,,126.0,168.0,6.0,
2018-07-11,188.44,96.18,19.63,304.25,7.1,4.08,2.63,5.78,,,,,4.27,3.19,111.0,37.8,,,7.79,,,,,2.76,1.4,3092.0,15848.0,70.5,4149.0,113.0,37.8,,,7.78,,,,,2.88,1.57,3032.0,15908.0,70.3,4220.0,8369,330.0,,,7.86,,2588.0,2212.0,,,244.0,7.48,,13160.0,488.0,38.75,445.1,,,36.4,230.0,7.68,,12800.0,30.0,6.53,4.6,,,39.6,329.0,7.85,320.0,,,151.0,168.0,6.0,,,,,,,,,,,,,,,,,,,39.6,329.0,7.85,320.0,,151.0,168.0,6.0,
2018-07-12,80.51,63.84,19.21,163.56000000000003,7.0,4.1,2.84,5.88,,,,,4.18,3.26,112.0,37.8,,,7.86,,,,,2.68,1.26,3135.0,15368.0,70.4,4211.0,113.0,37.8,,,7.84,,,,,2.73,1.34,3155.0,15808.0,70.4,4351.0,8562,362.0,,,7.84,6940.0,2612.0,2240.0,,,199.0,7.24,,12880.0,456.0,20.53,388.4,,,38.2,226.0,7.76,,12660.0,27.0,6.16,4.1,,,40.2,329.0,7.86,340.0,,,122.0,171.0,5.0,,,,,,,,,,,,,,,,,,,40.2,329.0,7.86,340.0,,122.0,171.0,5.0,
2018-07-13,131.58,85.09,14.09,230.76000000000002,,,,,,,,,,,113.0,,,,,,,,,,,,,,4418.0,113.0,,,,,,,,,,,,,,4468.0,8886,409.0,,,,,,,,,216.0,,,,,,,,,,222.0,,,,,,,,,,329.0,,,,,,,,,,,,,,,,,,,,,,,,,,,329.0,,,,,,,
2018-07-14,190.67,97.05,22.08,309.79999999999995,,,,,,,,,,,113.0,,,,,,,,,,,,,,4177.0,111.0,,,,,,,,,,,,,,4371.0,8548,351.0,,,,,,,,,208.0,,,,,,,,,,151.0,,,,,,,,,,326.0,,,,,,,,,,,,,,,,,,,,,,,,,,,326.0,,,,,,,
2018-07-15,0.0,0.0,0.0,0.0,,,,,,,,,,,108.0,,,,,,,,,,,,,,4270.0,108.0,,,,,,,,,,,,,,4325.0,8595,339.0,,,,,,,,,219.0,,,,,,,,,,176.0,,,,,,,,,,324.0,,,,,,,,,,,,,,,,,,,,,,,,,,,324.0,,,,,,,
2018-07-16,134.35,96.08,22.1,252.53,7.12,3.25,2.09,5.79,101135.0,,,,4.06,3.01,108.0,37.9,,,7.6,19954.0,3447.0,,3327.0,2.65,1.39,3177.0,16168.0,69.1,4115.0,108.0,38.0,,,7.58,19866.0,3573.0,,3420.0,2.63,1.38,3114.0,15928.0,69.0,4292.0,8407,421.0,7.9,3920.0,7.75,6400.0,2750.0,2124.0,224.0,,210.0,7.76,140.0,13440.0,272.0,5.92,236.6,,2.0,41.1,176.0,7.74,138.0,14500.0,44.0,1.27,7.3,,2.0,42.3,322.0,7.83,360.0,,,138.0,44.0,2.0,,,,,,,,,,,,,,,,,,2.0,42.3,322.0,7.83,360.0,,138.0,44.0,2.0,
2018-07-17,162.07,113.28,20.54,295.89000000000004,6.78,3.47,2.21,5.8,,,,,3.82,2.87,108.0,37.9,,,7.68,,,,,2.88,1.51,3095.0,15808.0,69.8,3946.0,108.0,38.0,,,7.67,,,,,2.61,1.37,3135.0,15488.0,69.5,4037.0,7983,364.0,,,7.77,,2688.0,2302.0,,,199.0,7.65,,11860.0,270.0,5.88,185.3,,,40.6,177.0,7.8,,13700.0,40.0,1.11,5.8,,,42.5,313.0,7.89,440.0,,,139.0,132.0,5.0,,,,,,,,,,,,,,,,,,,42.5,313.0,7.89,440.0,,139.0,132.0,5.0,
2018-07-18,187.64,150.08,20.42,358.14000000000004,6.97,3.73,2.35,5.76,,,,,4.04,2.92,104.0,38.0,,,,,,,,,,,,,3801.0,105.0,,,,,,,,,,,,,,3877.0,7678,346.0,,,,,,,,,201.0,,,,,,,,,,182.0,,,,,,,,,,300.0,,,,,,,,,,,,,,,,,,,,,,,,,,,300.0,,,,,,,
2018-07-19,187.64,150.08,20.42,358.14000000000004,6.97,3.73,2.35,5.76,0.0,0.0,0.0,0.0,4.04,2.92,104.0,38.0,,,7.65,0.0,0.0,0.0,0.0,2.64,1.48,3074.0,15768.0,69.7,3801.0,105.0,38.1,,,7.64,0.0,0.0,0.0,0.0,2.75,1.44,3095.0,15498.0,69.4,3877.0,7678,,,,7.69,,2767.8,2067.0,,,201.0,7.6,0.0,12000.0,170.0,3.66,90.5,0.0,0.0,40.4,182.0,7.72,0.0,13380.0,41.0,1.18,6.7,0.0,0.0,42.3,300.0,7.97,400.0,0.0,,144.67,100.0,4.5,,,,,,,,,,,,,,,,,,0.0,42.3,300.0,7.97,400.0,0.0,144.67,100.0,4.5,
2018-07-20,108.86,59.2,23.68,191.74,7.03,3.47,2.4,5.84,0.0,0.0,0.0,0.0,4.36,3.31,104.0,38.0,,,7.68,0.0,0.0,0.0,0.0,2.61,1.23,3127.0,15928.0,69.8,3748.0,104.0,38.2,,,7.67,0.0,0.0,0.0,0.0,2.8,1.37,3090.0,15728.0,69.3,3893.0,7641,,,,7.7,,2766.2,2114.0,,,211.0,7.66,0.0,13540.0,158.0,2.88,66.2,0.0,0.0,40.2,221.0,7.71,0.0,12380.0,41.0,1.1,6.9,0.0,0.0,42.5,170.0,8.08,360.0,0.0,,143.54,79.0,7.3,,,,,,,,,,,,,,,,,,0.0,42.5,170.0,8.08,360.0,0.0,143.54,79.0,7.3,
2018-07-21,135.78,43.4,24.19,203.37,0.0,0.0,0.0,0.0,0.0,0.0,0.0,0.0,0.0,0.0,107.0,0.0,,,0.0,0.0,0.0,0.0,0.0,0.0,0.0,0.0,0.0,0.0,4088.0,109.0,0.0,,,0.0,0.0,0.0,0.0,0.0,0.0,0.0,0.0,0.0,0.0,4228.0,8316,,,,,,,,,,220.0,0.0,0.0,0.0,0.0,0.0,0.0,0.0,0.0,0.0,189.0,0.0,0.0,0.0,0.0,0.0,0.0,0.0,0.0,0.0,263.0,0.0,0.0,0.0,,0.0,0.0,0.0,,,,,,,,,,,,,,,,,,0.0,0.0,263.0,0.0,0.0,0.0,0.0,0.0,0.0,
2018-07-22,0.0,40.08,0.0,40.08,0.0,0.0,0.0,0.0,0.0,0.0,0.0,0.0,0.0,0.0,113.0,0.0,,,0.0,0.0,0.0,0.0,0.0,0.0,0.0,0.0,0.0,0.0,4597.0,113.0,0.0,,,0.0,0.0,0.0,0.0,0.0,0.0,0.0,0.0,0.0,0.0,4638.0,9235,,,,,,,,,,215.0,0.0,0.0,0.0,0.0,0.0,0.0,0.0,0.0,0.0,220.0,0.0,0.0,0.0,0.0,0.0,0.0,0.0,0.0,0.0,286.0,0.0,0.0,0.0,,0.0,0.0,0.0,,,,,,,,,,,,,,,,,,0.0,0.0,286.0,0.0,0.0,0.0,0.0,0.0,0.0,
2018-07-23,132.62,138.2,25.08,295.9,7.4,3.26,2.2,6.09,77850.0,0.0,0.0,0.0,3.96,2.83,113.0,38.4,,,7.86,24354.0,3384.0,0.0,2942.9,2.77,1.45,3049.0,15248.0,69.5,4033.0,113.0,38.5,,,7.84,25686.0,3342.0,0.0,2835.4,2.56,1.2,3089.0,15058.0,69.2,4200.0,8233,,,,7.96,7620.0,3002.8,2351.0,251.7,,215.0,7.74,139.04,11680.0,416.0,14.03,401.5,0.0,20.4,39.6,215.0,7.72,142.31,13940.0,68.0,6.72,7.7,0.0,32.5,42.8,291.0,8.09,440.0,0.0,,155.21,180.0,6.6,,,,,,,,,,,,,,,,,,32.5,42.8,291.0,8.09,440.0,0.0,155.21,180.0,6.6,
2018-07-24,163.9,162.69,26.05,352.64000000000004,7.2,3.42,2.37,5.8,0.0,0.0,0.0,0.0,3.9,2.86,114.0,38.5,,,7.56,0.0,0.0,0.0,0.0,2.35,1.09,3085.0,15808.0,69.7,3996.0,114.0,38.6,,,7.54,0.0,0.0,0.0,0.0,2.51,1.18,3126.0,15908.0,69.6,4053.0,8049,,,,7.86,6940.0,2595.2,2198.0,,,211.0,7.71,0.0,11940.0,446.0,21.4,394.5,0.0,0.0,39.3,178.0,7.73,0.0,15500.0,67.0,6.07,4.0,0.0,0.0,42.8,281.0,7.95,440.0,0.0,,136.03,199.0,5.7,,,,,,,,,,,,,,,,,,0.0,42.8,281.0,7.95,440.0,0.0,136.03,199.0,5.7,
2018-07-25,185.51,18.54,18.71,222.76,7.13,4.1,3.01,5.83,0.0,0.0,0.0,0.0,3.91,2.87,113.0,38.6,,,7.55,0.0,0.0,0.0,0.0,2.92,1.48,3107.0,15788.0,69.7,4045.0,113.0,38.7,,,7.55,0.0,0.0,0.0,0.0,3.23,1.64,3065.0,15708.0,69.4,4241.0,8286,,,,7.84,7940.0,2770.3,2173.0,,,214.0,7.74,0.0,12280.0,440.0,16.41,368.0,0.0,0.0,40.0,176.0,7.69,0.0,12620.0,62.0,5.14,2.2,0.0,0.0,43.0,283.0,7.87,440.0,0.0,,148.57,210.0,7.1,,,,,,,,,,,,,,,,,,0.0,43.0,283.0,7.87,440.0,0.0,148.57,210.0,7.1,
2018-07-26,108.68,60.72,20.34,189.74,7.15,5.2,3.7,5.76,0.0,0.0,0.0,0.0,5.25,4.04,112.0,38.6,,,7.65,0.0,0.0,0.0,0.0,2.37,1.1,3085.0,15268.0,69.0,4465.0,112.0,38.7,,,7.64,0.0,0.0,0.0,0.0,2.37,1.06,3106.0,15188.0,68.5,4536.0,9001,,,,7.89,6280.0,3065.2,2288.0,,,214.0,7.75,0.0,11780.0,452.0,16.15,375.5,0.0,0.0,40.1,155.0,7.69,0.0,12900.0,62.0,5.14,5.0,0.0,0.0,43.1,284.0,7.87,400.0,0.0,,157.07,220.0,5.8,,,,,,,,,,,,,,,,,,0.0,43.1,284.0,7.87,400.0,0.0,157.07,220.0,5.8,
2018-07-27,132.83,110.55,19.03,262.40999999999997,0.0,0.0,0.0,0.0,0.0,0.0,0.0,0.0,0.0,0.0,108.0,0.0,,,0.0,0.0,0.0,0.0,0.0,0.0,0.0,0.0,0.0,0.0,4085.0,108.0,0.0,,,0.0,0.0,0.0,0.0,0.0,0.0,0.0,0.0,0.0,0.0,4241.0,8326,,,,,,,,,,218.0,0.0,0.0,0.0,0.0,0.0,0.0,0.0,0.0,0.0,167.0,0.0,0.0,0.0,0.0,0.0,0.0,0.0,0.0,0.0,281.0,0.0,0.0,0.0,,0.0,0.0,0.0,,,,,,,,,,,,,,,,,,0.0,0.0,281.0,0.0,0.0,0.0,0.0,0.0,0.0,
2018-07-28,164.46,0.0,22.6,187.06,0.0,0.0,0.0,0.0,0.0,0.0,0.0,0.0,0.0,0.0,108.0,0.0,,,0.0,0.0,0.0,0.0,0.0,0.0,0.0,0.0,0.0,0.0,3898.0,108.0,0.0,,,0.0,0.0,0.0,0.0,0.0,0.0,0.0,0.0,0.0,0.0,4045.0,7943,,,,,,,,,,213.0,0.0,0.0,0.0,0.0,0.0,0.0,0.0,0.0,0.0,177.0,0.0,0.0,0.0,0.0,0.0,0.0,0.0,0.0,0.0,,0.0,0.0,0.0,,0.0,0.0,0.0,,,,,,,,,,,,,,,,,,0.0,0.0,,0.0,0.0,0.0,0.0,0.0,0.0,
2018-07-29,0.0,136.02,0.0,136.02,0.0,0.0,0.0,0.0,0.0,0.0,0.0,0.0,0.0,0.0,108.0,0.0,,,0.0,0.0,0.0,0.0,0.0,0.0,0.0,0.0,0.0,0.0,3880.0,108.0,0.0,,,0.0,0.0,0.0,0.0,0.0,0.0,0.0,0.0,0.0,0.0,3917.0,7797,,,,,,,,,,214.0,0.0,0.0,0.0,0.0,0.0,0.0,0.0,0.0,0.0,83.0,0.0,0.0,0.0,0.0,0.0,0.0,0.0,0.0,0.0,269.0,0.0,0.0,0.0,,0.0,0.0,0.0,,,,,,,,,,,,,,,,,,0.0,0.0,269.0,0.0,0.0,0.0,0.0,0.0,0.0,
2018-07-30,131.51,36.64,23.99,192.14,7.09,3.93,2.75,5.89,68268.0,0.0,0.0,0.0,3.41,2.46,85.0,39.1,,,7.9,28753.0,3360.0,0.0,3029.3,2.45,1.09,3025.0,15098.0,69.4,2929.0,85.0,39.4,,,7.89,20098.0,3332.0,0.0,2994.0,3.17,1.56,3066.0,15168.0,69.2,3049.0,5978,,,,7.88,5580.0,2615.4,2318.0,182.0,,203.0,7.94,167.73,11920.0,99.0,5.6,28.1,0.0,10.2,41.8,103.0,8.01,157.09,12520.0,42.0,5.81,3.2,0.0,8.0,43.2,,8.13,420.0,31.0,,165.98,174.0,5.2,,,,,,,,,,,,,,,,,,8.0,43.2,,8.13,420.0,31.0,165.98,174.0,5.2,
2018-07-31,162.55,88.04,25.21,275.8,7.09,3.38,2.21,5.83,0.0,0.0,0.0,0.0,3.63,2.67,86.0,39.2,,,7.58,0.0,0.0,0.0,0.0,2.63,1.28,3087.0,15248.0,69.4,2894.0,87.0,39.4,,,7.57,0.0,0.0,0.0,0.0,2.32,1.08,3005.0,15368.0,69.3,2895.0,5789,,,,7.88,4760.0,2470.5,2181.0,,,216.0,7.69,0.0,11600.0,86.0,4.59,18.5,0.0,0.0,41.9,108.0,0.0,0.0,0.0,0.0,0.0,0.0,0.0,0.0,43.2,270.0,8.05,400.0,0.0,,160.15,119.0,4.5,,,,,,,,,,,,,,,,,,0.0,43.2,270.0,8.05,400.0,0.0,160.15,119.0,4.5,
2018-08-01,187.17,177.14,18.5,382.80999999999995,7.21,2.35,1.48,5.79,0.0,0.0,0.0,0.0,3.72,2.67,109.0,39.3,,,7.64,0.0,0.0,0.0,0.0,2.54,1.09,3106.0,15888.0,69.5,3358.0,109.0,39.5,,,7.62,0.0,0.0,0.0,0.0,2.54,1.14,3168.0,16218.0,69.3,3476.0,6834,,,,8.01,5460.0,3074.5,2193.0,,,228.0,7.91,0.0,11840.0,89.0,5.01,20.0,0.0,0.0,41.3,161.0,7.89,0.0,14640.0,55.0,5.91,1.8,0.0,0.0,42.9,,8.21,340.0,,,154.46,81.0,5.0,,,,,,,,,,,,,,,,,,0.0,42.9,,8.21,340.0,,154.46,81.0,5.0,
2018-08-02,136.42,18.97,20.05,175.44,7.29,4.01,2.74,5.69,0.0,0.0,0.0,0.0,4.11,2.97,90.0,39.4,,,7.6,0.0,0.0,0.0,0.0,2.44,1.09,3067.0,15388.0,69.4,3198.0,90.0,39.7,,,7.59,0.0,0.0,0.0,0.0,2.58,1.26,3088.0,15188.0,69.2,3206.0,6404,,,,7.98,5340.0,2641.7,2273.0,,,238.0,7.92,0.0,12060.0,101.0,5.1,14.8,29.17,0.0,40.9,170.0,7.89,0.0,14800.0,61.0,5.46,5.6,0.0,0.0,42.7,441.0,8.08,440.0,,,,67.0,6.1,,,,,,,,,,,,,,,,,,0.0,42.7,441.0,8.08,440.0,,,67.0,6.1,
2018-08-03,104.86,96.97,18.6,220.42999999999998,0.0,0.0,0.0,0.0,0.0,0.0,0.0,0.0,0.0,0.0,115.0,0.0,,,0.0,0.0,0.0,0.0,0.0,0.0,0.0,0.0,0.0,0.0,4176.0,115.0,0.0,,,0.0,0.0,0.0,0.0,0.0,0.0,0.0,0.0,0.0,0.0,4250.0,8426,,,,,,,,,,247.0,0.0,0.0,0.0,0.0,0.0,0.0,0.0,0.0,0.0,200.0,0.0,0.0,0.0,0.0,0.0,0.0,0.0,0.0,,712.0,,,,,,,,,,,,,,,,,,,,,,,,,0.0,,712.0,,,,,,,
2018-08-04,137.15,41.78,21.61,200.54000000000002,0.0,0.0,0.0,0.0,0.0,0.0,0.0,0.0,0.0,0.0,116.0,0.0,,,0.0,0.0,0.0,0.0,0.0,0.0,0.0,0.0,0.0,0.0,4096.0,117.0,0.0,,,0.0,0.0,0.0,0.0,0.0,0.0,0.0,0.0,0.0,0.0,4240.0,8336,,,,,,,,,,232.0,0.0,0.0,0.0,0.0,0.0,0.0,0.0,0.0,0.0,206.0,0.0,0.0,0.0,0.0,0.0,0.0,0.0,0.0,,400.0,,,,,,,,,,,,,,,,,,,,,,,,,0.0,,400.0,,,,,,,
2018-08-05,53.93,71.12,0.0,125.05000000000001,0.0,0.0,0.0,0.0,0.0,0.0,0.0,0.0,0.0,0.0,115.0,0.0,,,0.0,0.0,0.0,0.0,0.0,0.0,0.0,0.0,0.0,0.0,4014.0,115.0,0.0,,,0.0,0.0,0.0,0.0,0.0,0.0,0.0,0.0,0.0,0.0,4090.0,8104,,,,,,,,,,229.0,0.0,0.0,0.0,0.0,0.0,0.0,0.0,0.0,0.0,210.0,0.0,0.0,0.0,0.0,0.0,0.0,0.0,0.0,,1512.0,,,,,,,,,,,,,,,,,,,,,,,,,0.0,,1512.0,,,,,,,
2018-08-06,132.78,148.42,20.01,301.21,7.17,4.23,2.99,5.67,66433.0,0.0,0.0,0.0,3.88,2.84,113.0,39.8,,,7.59,13470.0,3280.0,0.0,2625.7,2.41,1.17,3046.0,14978.0,68.5,3620.0,113.0,40.0,,,5.59,13578.0,3100.0,0.0,2527.2,2.56,1.25,3218.0,13388.0,68.3,3700.0,7320,,,,7.89,7660.0,3000.7,2283.0,108.1,,223.0,7.89,0.0,12880.0,455.0,447.82,5.5,1.67,10.3,37.9,216.0,7.91,0.0,13440.0,57.0,9.76,12.1,1.33,17.0,41.0,375.0,8.31,660.0,,,152.92,193.0,15.3,,,,,,,,,,,,,,,,,,17.0,41.0,375.0,8.31,660.0,,152.92,193.0,15.3,
2018-08-07,162.41,120.68,26.32,309.41,6.97,3.73,2.65,5.62,0.0,0.0,0.0,0.0,3.92,2.78,113.0,39.9,,,7.53,0.0,0.0,0.0,0.0,2.75,1.44,3030.0,14988.0,69.3,3624.0,113.0,40.1,,,7.54,0.0,0.0,0.0,0.0,2.4,1.17,3070.0,15098.0,69.4,3781.0,7405,,,,7.59,5460.0,2594.4,2079.0,,,211.0,7.88,149.64,12960.0,461.0,458.46,2.1,0.0,0.0,37.1,219.0,0.0,0.0,0.0,384.0,374.42,3.3,0.0,0.0,,,,,,,,,,,,,,,,,,,,,,,,,,,0.0,,,,,,,,,
2018-08-08,187.8,0.0,17.63,205.43,6.85,3.46,2.43,5.46,0.0,0.0,0.0,0.0,3.9,2.73,115.0,39.9,,,7.52,0.0,0.0,0.0,0.0,2.82,1.28,3068.0,15868.0,69.1,3720.0,115.0,40.1,,,7.51,0.0,0.0,0.0,0.0,2.55,1.24,3090.0,16428.0,68.9,3734.0,7454,,,,7.91,4340.0,2544.2,1913.0,,,149.0,7.87,0.0,13980.0,488.0,486.28,2.2,0.0,0.0,36.7,176.0,7.63,0.0,13900.0,59.0,5.69,18.5,0.0,0.0,41.1,196.0,8.06,920.0,,,150.86,220.0,2.1,,,,,,,,,,,,,,,,,,0.0,41.1,196.0,8.06,920.0,,150.86,220.0,2.1,
2018-08-09,136.91,144.6,17.98,299.49,6.91,2.32,1.16,5.4,0.0,0.0,0.0,0.0,4.36,3.24,113.0,40.0,,,7.36,0.0,0.0,0.0,0.0,2.15,0.89,3070.0,15470.0,68.9,3797.0,113.0,40.2,,,7.35,0.0,0.0,0.0,0.0,2.17,0.96,3149.0,15928.0,68.8,3958.0,7755,,,,7.88,,2781.2,2207.0,,,177.0,7.68,0.0,12400.0,687.0,699.07,8.3,0.0,0.0,36.5,229.0,0.0,0.0,0.0,0.0,0.0,0.0,0.0,0.0,40.8,,8.01,860.0,,,154.0,218.0,20.8,,,,,,,,,,,,,,,,,,0.0,40.8,,8.01,860.0,,154.0,218.0,20.8,
2018-08-10,159.7,111.54,14.81,286.05,0.0,0.0,0.0,0.0,0.0,0.0,0.0,0.0,0.0,0.0,110.0,0.0,,,0.0,0.0,0.0,0.0,0.0,0.0,0.0,0.0,0.0,0.0,3867.0,110.0,0.0,,,0.0,0.0,0.0,0.0,0.0,0.0,0.0,0.0,0.0,0.0,3889.0,7756,,,,,,,,,,87.0,0.0,0.0,0.0,0.0,0.0,0.0,0.0,0.0,0.0,227.0,0.0,0.0,0.0,0.0,0.0,0.0,0.0,0.0,,303.0,,,,,,,,,,,,,,,,,,,,,,,,,0.0,,303.0,,,,,,,
2018-08-11,189.88,33.81,21.34,245.03,0.0,0.0,0.0,0.0,0.0,0.0,0.0,0.0,0.0,0.0,90.0,0.0,,,0.0,0.0,0.0,0.0,0.0,0.0,0.0,0.0,0.0,0.0,3758.0,97.0,0.0,,,0.0,0.0,0.0,0.0,0.0,0.0,0.0,0.0,0.0,0.0,3723.0,7481,,,,,,,,,,99.0,0.0,0.0,0.0,0.0,0.0,0.0,0.0,0.0,0.0,202.0,0.0,0.0,0.0,0.0,0.0,0.0,0.0,0.0,,,,,,,,,,,,,,,,,,,,,,,,,,,0.0,,,,,,,,,
2018-08-12,0.0,21.93,0.0,21.93,0.0,0.0,0.0,0.0,0.0,0.0,0.0,0.0,0.0,0.0,104.0,0.0,,,0.0,0.0,0.0,0.0,0.0,0.0,0.0,0.0,0.0,0.0,4649.0,104.0,0.0,,,0.0,0.0,0.0,0.0,0.0,0.0,0.0,0.0,0.0,0.0,4524.0,9173,,,,,,,,,,99.0,0.0,0.0,0.0,0.0,0.0,0.0,0.0,0.0,0.0,206.0,0.0,0.0,0.0,0.0,0.0,0.0,0.0,0.0,,230.0,,,,,,,,,,,,,,,,,,,,,,,,,0.0,,230.0,,,,,,,
2018-08-13,131.75,96.04,21.21,249.00000000000003,7.16,3.17,2.33,5.44,93726.0,0.0,0.0,0.0,4.11,3.65,112.0,40.0,,,7.52,18041.0,3321.0,0.0,2843.0,2.07,1.49,3413.0,16938.0,68.4,4537.0,112.0,40.2,,,7.55,23854.0,3643.0,0.0,2732.0,2.26,1.19,3292.0,16158.0,68.1,4546.0,9083,,,,7.5,2760.0,1638.1,2109.0,92.1,,55.0,8.06,182.44,14700.0,512.0,511.34,5.2,0.21,28.0,36.4,227.0,7.53,73.78,14240.0,56.0,27.26,7.0,0.16,27.1,40.6,,8.07,1600.0,72.0,,89.56,44.0,33.2,,,,,,,,,,,,,,,,,,27.1,40.6,,8.07,1600.0,72.0,89.56,44.0,33.2,
2018-08-14,162.28,41.46,21.88,225.62,7.38,3.27,1.91,6.1,0.0,0.0,0.0,0.0,4.58,3.47,113.0,40.0,,,7.86,0.0,0.0,0.0,0.0,2.41,1.17,3051.0,15528.0,69.0,3739.0,113.0,40.3,,,7.83,0.0,0.0,0.0,0.0,2.48,0.97,3072.0,15388.0,68.8,3887.0,7626,,,,7.95,,1354.4,2174.0,,,57.0,7.73,0.0,13360.0,564.0,459.8,12.3,0.0,0.0,36.5,187.0,7.72,0.0,15500.0,66.0,5.03,6.7,0.0,0.0,40.7,308.0,8.03,1260.0,,,66.11,342.0,28.4,,,,,,,,,,,,,,,,,,0.0,40.7,308.0,8.03,1260.0,,66.11,342.0,28.4,
2018-08-15,159.56,47.85,17.26,224.67,0.0,0.0,0.0,0.0,0.0,0.0,0.0,0.0,0.0,0.0,117.0,40.0,,,0.0,0.0,0.0,0.0,0.0,0.0,0.0,0.0,0.0,69.1,3831.0,118.0,40.3,,,0.0,0.0,0.0,0.0,0.0,0.0,0.0,0.0,0.0,69.2,3799.0,7630,,,,7.61,3260.0,2494.2,2117.0,,,79.0,7.46,0.0,14900.0,581.0,359.66,20.1,0.0,0.0,36.7,225.0,7.61,0.0,12400.0,101.0,3.36,7.7,0.0,0.0,40.5,,8.05,680.0,,,155.1,292.0,13.3,,,,,,,,,,,,,,,,,,0.0,40.5,,8.05,680.0,,155.1,292.0,13.3,
2018-08-16,159.74,40.57,18.43,218.74,7.07,1.35,0.68,5.43,0.0,0.0,0.0,0.0,3.61,2.56,110.0,40.1,,,7.56,0.0,0.0,0.0,0.0,2.09,0.8,2887.0,14728.0,68.9,3872.0,110.0,40.3,,,7.57,0.0,0.0,0.0,0.0,2.14,0.99,3010.0,14878.0,68.6,4038.0,7910,,,,7.52,2540.0,2105.0,2091.0,,,97.0,7.4,0.0,15780.0,517.0,196.9,25.1,6.65,0.0,37.3,196.0,7.63,0.0,12700.0,66.0,6.08,8.3,0.51,0.0,40.9,277.0,8.01,700.0,,,151.94,118.0,10.9,,,,,,,,,,,,,,,,,,0.0,40.9,277.0,8.01,700.0,,151.94,118.0,10.9,
2018-08-17,105.42,36.77,14.15,156.34,0.0,0.0,0.0,0.0,0.0,0.0,0.0,0.0,0.0,0.0,108.0,0.0,,,0.0,0.0,0.0,0.0,0.0,0.0,0.0,0.0,0.0,0.0,3746.0,108.0,0.0,,,0.0,0.0,0.0,0.0,0.0,0.0,0.0,0.0,0.0,0.0,3782.0,7528,,,,,,,,,,90.0,0.0,0.0,0.0,0.0,0.0,0.0,0.0,0.0,0.0,228.0,0.0,0.0,0.0,0.0,0.0,0.0,0.0,0.0,,223.0,,,,,,,,,,,,,,,,,,,,,,,,,0.0,,223.0,,,,,,,
2018-08-18,185.67,41.68,21.15,248.5,0.0,0.0,0.0,0.0,0.0,0.0,0.0,0.0,0.0,0.0,108.0,0.0,,,0.0,0.0,0.0,0.0,0.0,0.0,0.0,0.0,0.0,0.0,3855.0,108.0,0.0,,,0.0,0.0,0.0,0.0,0.0,0.0,0.0,0.0,0.0,0.0,4010.0,7865,,,,,,,,,,136.0,0.0,0.0,0.0,0.0,5.74,6.4,79.89,0.0,0.0,225.0,0.0,0.0,0.0,0.0,0.0,0.0,0.0,0.0,,223.0,,,,,,,,,,,,,,,,,,,,,,,,,0.0,,223.0,,,,,,,
2018-08-19,55.85,0.0,0.0,55.85,0.0,0.0,0.0,0.0,0.0,0.0,0.0,0.0,0.0,0.0,108.0,0.0,,,0.0,0.0,0.0,0.0,0.0,0.0,0.0,0.0,0.0,0.0,4514.0,108.0,0.0,,,0.0,0.0,0.0,0.0,0.0,0.0,0.0,0.0,0.0,0.0,4562.0,9076,,,,,,,,,,158.0,0.0,0.0,0.0,0.0,0.0,0.0,0.0,0.0,0.0,229.0,0.0,0.0,0.0,0.0,0.0,0.0,0.0,0.0,,212.0,,,,,,,,,,,,,,,,,,,,,,,,,0.0,,212.0,,,,,,,
2018-08-20,157.7,46.71,19.67,224.07999999999998,6.91,3.2,2.25,5.49,203525.0,0.0,0.0,0.0,8.27,6.74,90.0,40.0,,,7.54,19640.0,3529.0,0.0,0.0,2.35,1.19,2907.0,14878.0,68.6,4936.0,97.0,40.2,,,7.52,22972.0,3998.0,0.0,0.0,2.09,1.25,3009.0,14768.0,68.5,4782.0,9718,,,,7.87,2440.0,1840.9,2001.0,46.1,,180.0,7.86,353.3,15190.0,117.4,5.85,41.8,0.56,18.8,36.8,211.0,7.89,233.72,14200.0,53.0,5.19,7.0,0.34,9.6,39.8,159.0,8.05,3680.0,74.0,,149.65,97.0,24.2,,,,,,,,,,,,,,,,,,9.6,39.8,159.0,8.05,3680.0,74.0,149.65,97.0,24.2,
2018-08-21,136.49,63.14,22.4,222.03,7.06,3.24,2.02,5.71,0.0,0.0,0.0,0.0,4.22,2.88,104.0,40.0,,,7.52,0.0,0.0,0.0,0.0,2.2,0.91,3067.0,16528.0,68.9,4195.0,99.0,42.0,,,7.55,0.0,0.0,0.0,0.0,2.45,0.96,3249.0,16128.0,68.8,4353.0,8548,,,,7.8,4400.0,2735.3,2309.0,,,194.0,7.79,0.0,13780.0,60.0,8.89,6.8,0.0,0.0,37.6,164.0,7.81,0.0,13880.0,35.0,5.87,1.4,0.0,0.0,39.6,0.0,8.0,,,,156.63,187.0,58.7,,,,,,,,,,,,,,,,,,0.0,39.6,0.0,8.0,,,156.63,187.0,58.7,
2018-08-22,190.88,54.29,17.84,263.01,7.03,3.66,2.34,5.81,0.0,0.0,0.0,0.0,8.48,6.62,108.0,40.0,,,7.56,0.0,0.0,0.0,0.0,2.19,0.91,3006.0,15248.0,68.3,4270.0,108.0,40.3,,,7.57,0.0,0.0,0.0,0.0,2.28,0.87,3067.0,15478.0,68.3,4115.0,8385,,,,7.46,1260.0,1799.8,1856.0,,,166.0,7.52,0.0,14180.0,47.0,6.25,7.4,0.0,0.0,38.4,36.0,0.0,0.0,0.0,0.0,0.0,0.0,0.0,0.0,40.0,0.0,7.73,3600.0,,,128.4,125.0,42.1,,,,,,,,,,,,,,,,,,0.0,40.0,0.0,7.73,3600.0,,128.4,125.0,42.1,
2018-08-23,81.67,0.0,18.67,100.34,7.16,1.53,0.77,5.89,0.0,0.0,0.0,0.0,4.42,3.12,90.0,40.0,,,7.53,0.0,0.0,0.0,0.0,2.68,1.11,3068.0,15408.0,68.1,3608.0,94.0,40.3,,,7.54,0.0,0.0,0.0,0.0,2.3,0.87,3130.0,15328.0,68.8,3389.0,6997,,,,7.5,5080.0,2506.0,2070.0,,,34.0,0.0,0.0,0.0,0.0,0.0,0.0,0.0,0.0,0.0,124.0,7.59,0.0,12960.0,37.0,5.26,4.7,0.0,0.0,40.1,197.0,7.82,1140.0,,,155.04,57.0,20.1,,,,,,,,,,,,,,,,,,0.0,40.1,197.0,7.82,1140.0,,155.04,57.0,20.1,
2018-08-24,187.09,89.9,16.0,292.99,0.0,0.0,0.0,0.0,0.0,0.0,0.0,0.0,0.0,0.0,95.0,0.0,,,0.0,0.0,0.0,0.0,0.0,0.0,0.0,0.0,0.0,0.0,3130.0,95.0,0.0,,,0.0,0.0,0.0,0.0,0.0,0.0,0.0,0.0,0.0,0.0,2918.0,6048,,,,,,,,,,185.0,0.0,0.0,0.0,0.0,0.0,0.0,0.0,0.0,0.0,176.0,0.0,0.0,0.0,0.0,0.0,0.0,0.0,0.0,,402.0,,,,,,,,,,,,,,,,,,,,,,,,,0.0,,402.0,,,,,,,
2018-08-25,159.32,0.0,18.32,177.64,0.0,0.0,0.0,0.0,0.0,0.0,0.0,0.0,0.0,0.0,102.0,0.0,,,0.0,0.0,0.0,0.0,0.0,0.0,0.0,0.0,0.0,0.0,2796.0,101.0,0.0,,,0.0,0.0,0.0,0.0,0.0,0.0,0.0,0.0,0.0,0.0,2793.0,5589,,,,,,,,,,236.0,0.0,0.0,0.0,0.0,0.0,0.0,0.0,0.0,0.0,227.0,0.0,0.0,0.0,0.0,0.0,0.0,0.0,0.0,,400.0,,,,,,,,,,,,,,,,,,,,,,,,,0.0,,400.0,,,,,,,
2018-08-26,53.91,63.72,0.0,117.63,0.0,0.0,0.0,0.0,0.0,0.0,0.0,0.0,0.0,0.0,112.0,0.0,,,0.0,0.0,0.0,0.0,0.0,0.0,0.0,0.0,0.0,0.0,2835.0,111.0,0.0,,,0.0,0.0,0.0,0.0,0.0,0.0,0.0,0.0,0.0,0.0,2912.0,5747,,,,,,,,,,235.0,0.0,0.0,0.0,0.0,0.0,0.0,0.0,0.0,0.0,177.0,0.0,0.0,0.0,0.0,0.0,0.0,0.0,0.0,,400.0,,,,,,,,,,,,,,,,,,,,,,,,,0.0,,400.0,,,,,,,
2018-08-27,132.05,54.38,17.57,204.0,7.38,3.75,2.34,5.94,105159.0,0.0,0.0,0.0,4.33,3.28,113.0,40.0,,,7.739999999999999,19994.0,2760.0,0.0,3227.0,2.44,1.28,3290.0,16778.0,68.2,2764.0,109.0,40.2,,,7.750000000000001,22310.0,3227.0,0.0,3320.0,3.35,1.66,3210.0,16518.0,68.5,2853.0,5617,,,,8.02,8300.0,2778.5,2709.0,282.9,,181.0,7.78,146.09,15320.0,39.0,5.8,4.7,0.25,16.0,40.3,175.0,7.82,145.8,11040.0,33.0,8.84,4.0,0.5,11.5,40.5,350.0,8.07,1240.0,,,143.25,64.0,23.3,,,,,,,,,,,,,,,,,,11.5,40.5,350.0,8.07,1240.0,,143.25,64.0,23.3,
2018-08-28,162.63,90.18,19.02,271.83,0.0,0.0,0.0,0.0,0.0,0.0,0.0,0.0,0.0,0.0,110.0,0.0,,,0.0,0.0,0.0,0.0,0.0,0.0,0.0,0.0,0.0,0.0,2590.0,110.0,0.0,,,0.0,0.0,0.0,0.0,0.0,0.0,0.0,0.0,0.0,0.0,2755.0,5345,,,,,,,,,,175.0,0.0,0.0,0.0,0.0,0.0,0.0,0.0,0.0,0.0,176.0,0.0,0.0,0.0,0.0,0.0,0.0,0.0,0.0,,350.0,,,,,,,,,,,,,,,,,,,,,,,,,0.0,,350.0,,,,,,,
2018-08-29,190.25,86.55,18.05,294.85,6.98,4.82,2.95,5.97,0.0,0.0,0.0,0.0,4.09,2.86,110.0,39.9,,,7.66,0.0,0.0,0.0,0.0,2.27,1.0,2850.0,14578.0,60.2,2592.0,110.0,40.2,,,7.7,0.0,0.0,0.0,0.0,2.9,0.87,3052.0,14928.0,59.5,2665.0,5257,,,,7.91,,2906.0,2555.0,,,180.0,7.62,0.0,14280.0,38.0,6.79,4.6,0.0,0.0,40.6,190.0,7.72,0.0,14080.0,33.0,6.49,4.0,0.0,0.0,41.3,350.0,8.01,740.0,,,154.0,56.0,12.0,,,,,,,,,,,,,,,,,,0.0,41.3,350.0,8.01,740.0,,154.0,56.0,12.0,
2018-08-30,136.6,80.05,19.43,236.07999999999998,7.04,2.57,1.63,5.81,0.0,0.0,0.0,0.0,4.44,3.13,108.0,39.9,,,7.62,25774.0,0.0,0.0,3016.0,2.11,1.0,4498.0,15278.0,59.1,2631.0,108.0,40.2,,,7.68,23008.0,0.0,0.0,3167.0,2.21,1.07,4457.0,15168.0,58.5,2785.0,5416,,,,7.92,7760.0,2809.0,2415.0,,,186.0,7.68,0.0,14560.0,39.0,5.27,5.1,0.0,0.0,40.6,230.0,7.73,0.0,14480.0,33.0,6.54,4.2,0.0,0.0,41.5,350.0,8.03,1000.0,,,149.0,52.0,11.0,,,,,,,,,,,,,,,,,,0.0,41.5,350.0,8.03,1000.0,,149.0,52.0,11.0,
2018-08-31,188.99,71.57,12.47,273.03000000000003,,,,,,0.0,0.0,0.0,0.0,0.0,108.0,0.0,,,0.0,0.0,0.0,0.0,0.0,0.0,0.0,0.0,0.0,0.0,2642.0,108.0,0.0,,,0.0,0.0,0.0,0.0,0.0,0.0,0.0,0.0,0.0,0.0,2800.0,5442,,,,,,,,,,200.0,0.0,0.0,0.0,0.0,0.0,0.0,0.0,0.0,0.0,228.0,0.0,0.0,0.0,0.0,0.0,0.0,0.0,0.0,0.0,350.0,,,,,,,,,,,,,,,,,,,,,,,,,0.0,0.0,350.0,,,,,,,
2018-09-01,109.52,90.07,19.33,218.91999999999996,0.0,0.0,0.0,0.0,0.0,0.0,0.0,0.0,0.0,0.0,108.0,0.0,,,0.0,0.0,0.0,0.0,0.0,0.0,0.0,0.0,0.0,0.0,2687.0,108.0,0.0,,,0.0,0.0,0.0,0.0,0.0,0.0,0.0,0.0,0.0,0.0,2866.0,5553,,,,,,,,,,238.0,0.0,0.0,0.0,0.0,0.0,0.0,0.0,0.0,0.0,167.0,0.0,0.0,0.0,0.0,0.0,0.0,0.0,0.0,0.0,350.0,,,,,,,,,,,,,,,,,,,,,,,,,0.0,0.0,350.0,,,,,,,
2018-09-02,26.2,0.0,0.0,26.2,0.0,0.0,0.0,0.0,0.0,0.0,0.0,0.0,0.0,0.0,90.0,0.0,,,0.0,0.0,0.0,0.0,0.0,0.0,0.0,0.0,0.0,0.0,3054.0,91.0,0.0,,,0.0,0.0,0.0,0.0,0.0,0.0,0.0,0.0,0.0,0.0,3279.0,6333,,,,,,,,,,230.0,0.0,0.0,0.0,0.0,0.0,0.0,0.0,0.0,0.0,131.0,0.0,0.0,0.0,0.0,0.0,0.0,0.0,0.0,0.0,350.0,,,,,,,,,,,,,,,,,,,,,,,,,0.0,0.0,350.0,,,,,,,
2018-09-03,131.82,86.36,19.79,237.97,7.27,1.98,1.14,5.78,95019.0,0.0,0.0,0.0,4.59,3.3,82.0,40.1,,,7.66,24848.0,3571.0,0.0,3121.7,2.77,1.5,8955.0,15238.0,59.3,2924.0,85.0,40.4,,,7.67,22255.0,3310.0,0.0,2934.8,2.46,1.15,8631.0,15268.0,57.1,3228.0,6152,,,,7.7,6400.0,2803.3,2278.0,195.7,,172.0,,143.52,20160.0,44.0,5.7,4.5,0.13,4.2,41.1,187.0,7.65,142.672,16440.0,36.0,5.25,4.0,0.52,3.6,41.0,350.0,8.09,440.0,,,146.64,44.0,9.1,,,,,,,,,,,,,,,,,,3.6,41.0,350.0,8.09,440.0,,146.64,44.0,9.1,
2018-09-04,136.46,80.92,18.17,235.55,7.25,1.9,1.06,5.8,0.0,0.0,0.0,0.0,4.35,3.04,63.0,40.1,,,7.6,0.0,0.0,0.0,0.0,2.85,1.35,7980.0,14518.0,64.0,2547.0,62.0,40.4,,,7.62,0.0,0.0,0.0,0.0,2.51,1.17,7837.0,14428.0,62.9,2917.0,5464,,,,7.68,,2544.6,2693.0,,,168.0,0.0,0.0,0.0,0.0,0.0,0.0,0.0,0.0,41.0,169.0,7.77,0.0,17528.0,39.0,5.13,1.63,0.0,0.0,41.2,350.0,8.01,520.0,,,140.0,43.0,6.6,,,,,,,,,,,,,,,,,,0.0,41.2,350.0,8.01,520.0,,140.0,43.0,6.6,
2018-09-05,108.42,77.15,13.99,199.56,7.31,2.34,1.05,5.69,0.0,0.0,0.0,0.0,4.07,2.85,60.0,40.2,,,7.61,0.0,0.0,0.0,0.0,2.17,1.28,7043.0,14838.0,67.1,2423.0,60.0,40.5,,,7.59,0.0,0.0,0.0,0.0,2.28,1.13,7103.0,14913.0,63.9,2828.0,5251,,,,7.79,,2841.3,2348.0,,,164.0,7.82,0.0,17740.0,37.0,5.5,4.6,0.0,0.0,41.0,203.0,7.74,0.0,18720.0,35.0,5.06,3.6,0.0,0.0,40.8,350.0,8.05,880.0,,,145.81,48.0,8.3,,,,,,,,,,,,,,,,,,0.0,40.8,350.0,8.05,880.0,,145.81,48.0,8.3,
2018-09-06,109.91,85.88,20.91,216.7,7.23,3.84,2.9,5.89,0.0,0.0,0.0,0.0,3.85,2.92,60.0,40.2,,,7.69,0.0,0.0,0.0,0.0,2.19,0.91,6474.0,13859.0,69.3,2595.0,60.0,40.5,,,7.61,0.0,0.0,0.0,0.0,2.28,1.06,7227.0,14478.0,65.8,2998.0,5593,,,,7.85,,2596.0,2181.0,,,174.0,7.83,0.0,17620.0,40.0,7.55,3.8,0.0,0.0,40.9,201.0,7.77,0.0,19520.0,41.0,9.82,4.2,0.0,0.0,40.7,350.0,8.13,740.0,,,134.85,51.0,8.0,,,,,,,,,,,,,,,,,,0.0,40.7,350.0,8.13,740.0,,134.85,51.0,8.0,
2018-09-07,82.75,88.82,16.68,188.25,0.0,0.0,0.0,0.0,0.0,0.0,0.0,0.0,0.0,0.0,60.0,0.0,,,0.0,0.0,0.0,0.0,0.0,0.0,0.0,0.0,0.0,0.0,2449.0,60.0,0.0,,,0.0,0.0,0.0,0.0,0.0,0.0,0.0,0.0,0.0,0.0,3260.0,5709,,,,,,,,,,191.0,0.0,0.0,0.0,0.0,0.0,0.0,0.0,0.0,0.0,161.0,0.0,0.0,0.0,0.0,0.0,0.0,0.0,0.0,0.0,231.0,,,,,,,,,,,,,,,,,,,,,,,,,0.0,0.0,231.0,,,,,,,
2018-09-08,132.48,34.79,2.58,169.85,0.0,0.0,0.0,0.0,0.0,0.0,0.0,0.0,0.0,0.0,62.0,0.0,,,0.0,0.0,0.0,0.0,0.0,0.0,0.0,0.0,0.0,0.0,2904.0,60.0,0.0,,,0.0,0.0,0.0,0.0,0.0,0.0,0.0,0.0,0.0,0.0,3526.0,6430,,,,,,,,,,229.0,0.0,0.0,0.0,0.0,0.0,0.0,0.0,0.0,0.0,160.0,0.0,0.0,0.0,0.0,0.0,0.0,0.0,0.0,0.0,256.0,,,,,,,,,,,,,,,,,,,,,,,,,0.0,0.0,256.0,,,,,,,
2018-09-09,0.0,36.48,0.0,36.48,0.0,0.0,0.0,0.0,0.0,0.0,0.0,0.0,0.0,0.0,60.0,0.0,,,0.0,0.0,0.0,0.0,0.0,0.0,0.0,0.0,0.0,0.0,3275.0,60.0,0.0,,,0.0,0.0,0.0,0.0,0.0,0.0,0.0,0.0,0.0,0.0,3785.0,7060,,,,,,,,,,222.0,0.0,0.0,0.0,0.0,0.0,0.0,0.0,0.0,0.0,202.0,0.0,0.0,0.0,0.0,0.0,0.0,0.0,0.0,0.0,292.0,,,,,,,,,,,,,,,,,,,,,,,,,0.0,0.0,292.0,,,,,,,
2018-09-10,107.37,79.0,23.99,210.36,7.31,3.51,2.21,5.8,112540.0,0.0,0.0,0.0,3.91,2.8,60.0,40.1,,,7.69,31072.0,5325.0,0.0,4557.0,2.23,0.98,5090.0,15348.0,76.8,3509.0,60.0,40.5,,,7.71,31940.0,4845.0,0.0,4471.0,2.46,0.96,6920.0,14328.0,74.5,3885.0,7394,,,,7.85,,2543.0,2055.0,121.0,,223.0,8.12,145.0,17940.0,65.0,10.2,4.9,0.28,3.0,40.4,156.0,8.03,145.0,17820.0,45.0,8.5,4.2,0.19,4.0,40.3,279.0,8.42,520.0,,,144.0,53.0,6.0,,,,,,,,,,,,,,,,,,4.0,40.3,279.0,8.42,520.0,,144.0,53.0,6.0,
2018-09-11,132.77,86.75,19.36,238.88,7.33,4.27,2.89,5.81,0.0,0.0,0.0,0.0,3.95,3.01,78.0,40.1,,,8.05,0.0,0.0,0.0,0.0,3.54,1.7,3256.0,15228.0,77.4,3724.0,63.0,40.6,,,8.0,0.0,0.0,0.0,0.0,3.04,1.45,4376.0,14228.0,76.2,4056.0,7780,,,,7.76,,2246.6,1805.0,,,219.0,8.1,0.0,16660.0,38.0,6.35,4.5,0.0,0.0,39.8,179.0,8.08,0.0,17200.0,35.0,5.62,3.8,0.0,0.0,39.8,236.0,8.4,520.0,,,146.91,49.0,8.1,,,,,,,,,,,,,,,,,,0.0,39.8,236.0,8.4,520.0,,146.91,49.0,8.1,
2018-09-12,134.52,88.98,13.16,236.66,7.26,4.19,2.83,5.96,0.0,0.0,0.0,0.0,4.29,3.09,91.0,40.0,,,7.97,0.0,0.0,0.0,0.0,2.07,1.09,3216.0,15108.0,77.3,3891.0,66.0,40.5,,,7.99,0.0,0.0,0.0,0.0,2.96,1.41,3967.0,14648.0,77.6,4268.0,8159,,,,7.69,,2434.9,1884.0,,,169.0,8.02,0.0,20080.0,45.0,4.79,4.0,0.0,0.0,39.4,175.0,8.0,0.0,17980.0,43.0,4.91,3.5,0.0,0.0,39.6,208.0,8.45,120.0,,,130.71,54.0,5.9,,,,,,,,,,,,,,,,,,0.0,39.6,208.0,8.45,120.0,,130.71,54.0,5.9,
2018-09-13,134.59,78.74,0.0,213.32999999999998,7.24,5.72,3.73,5.74,0.0,0.0,0.0,0.0,5.35,4.09,102.0,40.0,,,8.01,0.0,0.0,0.0,0.0,2.54,1.29,2951.0,16908.0,76.1,4137.0,84.0,40.5,,,7.99,0.0,0.0,0.0,0.0,2.6,1.17,3663.0,16748.0,77.5,4480.0,8617,,,,7.78,13420.0,2804.0,2432.0,,,216.0,8.0,0.0,16300.0,35.0,6.78,4.3,0.0,0.0,39.0,191.0,7.99,0.0,16720.0,34.0,5.42,3.5,0.0,0.0,39.0,205.0,8.35,540.0,,,143.75,47.0,6.2,,,,,,,,,,,,,,,,,,0.0,39.0,205.0,8.35,540.0,,143.75,47.0,6.2,
2018-09-14,108.51,77.39,15.21,201.11,0.0,0.0,0.0,0.0,0.0,0.0,0.0,0.0,0.0,0.0,108.0,0.0,,,0.0,0.0,0.0,0.0,0.0,0.0,0.0,0.0,0.0,0.0,4302.0,95.0,0.0,,,0.0,0.0,0.0,0.0,0.0,0.0,0.0,0.0,0.0,0.0,4542.0,8844,,,,,,,,,,167.0,0.0,0.0,0.0,0.0,0.0,0.0,0.0,0.0,0.0,193.0,0.0,0.0,0.0,0.0,0.0,0.0,0.0,0.0,0.0,294.0,,,,,,,,,,,,,,,,,,,,,,,,,0.0,0.0,294.0,,,,,,,
2018-09-15,109.29,88.57,18.15,216.01000000000002,0.0,0.0,0.0,0.0,0.0,0.0,0.0,0.0,0.0,0.0,108.0,0.0,,,0.0,0.0,0.0,0.0,0.0,0.0,0.0,0.0,0.0,0.0,4413.0,95.0,0.0,,,0.0,0.0,0.0,0.0,0.0,0.0,0.0,0.0,0.0,0.0,4722.0,9135,,,,,,,,,,226.0,0.0,0.0,0.0,0.0,0.0,0.0,0.0,0.0,0.0,204.0,0.0,0.0,0.0,0.0,0.0,0.0,0.0,0.0,0.0,294.0,,,,,,,,,,,,,,,,,,,,,,,,,0.0,0.0,294.0,,,,,,,
2018-09-16,0.0,41.2,0.0,41.2,0.0,0.0,0.0,0.0,0.0,0.0,0.0,0.0,0.0,0.0,108.0,0.0,,,0.0,0.0,0.0,0.0,0.0,0.0,0.0,0.0,0.0,0.0,5442.0,104.0,0.0,,,0.0,0.0,0.0,0.0,0.0,0.0,0.0,0.0,0.0,0.0,6197.0,11639,,,,,,,,,,185.0,0.0,0.0,0.0,0.0,0.0,0.0,0.0,0.0,0.0,183.0,0.0,0.0,0.0,0.0,0.0,0.0,0.0,0.0,0.0,332.0,,,,,,,,,,,,,,,,,,,,,,,,,0.0,0.0,332.0,,,,,,,
2018-09-17,159.61,86.93,19.97,266.51,6.87,3.34,2.22,5.62,118453.0,0.0,0.0,0.0,6.1,4.63,103.0,39.6,,,7.85,39276.0,6393.0,0.0,5028.1,2.48,1.16,2849.0,15128.0,69.0,5905.0,108.0,40.2,,,7.86,38953.0,7013.0,0.0,5474.9,3.03,1.44,3054.0,15108.0,69.1,6371.0,12276,,,,7.79,7760.0,2581.0,1645.0,290.4,,173.0,7.92,136.41,17680.0,39.0,5.34,4.9,0.12,4.5,39.5,184.0,7.87,135.18,20500.0,33.0,3.99,3.7,0.18,3.8,39.2,306.0,8.31,500.0,,,135.8,39.0,7.1,,,,,,,,,,,,,,,,,,3.8,39.2,306.0,8.31,500.0,,135.8,39.0,7.1,
2018-09-18,133.89,76.69,17.46,228.04,7.16,3.36,2.23,5.51,0.0,0.0,0.0,0.0,4.9,3.6,108.0,39.4,,,7.85,0.0,0.0,0.0,0.0,2.5,1.12,2891.0,14678.0,71.6,5795.0,108.0,40.0,,,7.8,0.0,0.0,0.0,0.0,2.76,1.35,3054.0,15428.0,70.8,6087.0,11882,,,,7.78,,2670.9,2289.0,,,204.0,7.86,0.0,17580.0,46.0,5.96,3.7,0.0,0.0,39.5,174.0,7.89,0.0,16880.0,37.0,4.63,2.6,0.0,0.0,40.0,263.0,8.25,340.0,,,136.32,38.0,5.8,,,,,,,,,,,,,,,,,,0.0,40.0,263.0,8.25,340.0,,136.32,38.0,5.8,
2018-09-19,187.07,77.16,14.97,279.20000000000005,7.09,3.71,2.31,5.64,0.0,0.0,0.0,0.0,4.54,3.35,108.0,39.3,,,7.77,0.0,0.0,0.0,0.0,2.48,1.3,2748.0,16428.0,72.0,5891.0,108.0,39.9,,,7.77,0.0,0.0,0.0,0.0,2.43,1.18,2807.0,16278.0,71.4,5979.0,11870,,,,7.82,,2681.0,2233.0,,,170.0,8.01,0.0,15600.0,46.0,9.3,4.1,0.0,0.0,39.4,192.0,7.95,0.0,19000.0,43.0,5.95,3.1,0.0,0.0,40.6,274.0,8.3,380.0,,,137.52,37.0,4.7,,,,,,,,,,,,,,,,,,0.0,40.6,274.0,8.3,380.0,,137.52,37.0,4.7,
2018-09-20,136.46,121.08,22.37,279.91,7.0,3.9,2.51,5.64,0.0,0.0,0.0,0.0,4.84,3.72,110.0,39.1,,,7.81,0.0,0.0,0.0,0.0,2.27,1.0,2851.0,15928.0,72.1,5930.0,108.0,39.7,,,7.87,0.0,0.0,0.0,0.0,2.36,1.05,2646.0,14748.0,72.1,5918.0,11848,,,,7.83,,2970.0,2268.0,,,230.0,7.99,0.0,16100.0,39.0,5.48,4.5,0.0,0.0,39.4,200.0,7.95,0.0,15800.0,34.0,4.43,3.2,0.0,0.0,40.8,340.0,8.03,440.0,,,154.68,39.0,5.3,,,,,,,,,,,,,,,,,,0.0,40.8,340.0,8.03,440.0,,154.68,39.0,5.3,
2018-09-21,186.91,88.92,13.42,289.25,0.0,0.0,0.0,0.0,0.0,0.0,0.0,0.0,0.0,0.0,108.0,0.0,,,0.0,0.0,0.0,0.0,0.0,0.0,0.0,0.0,0.0,0.0,6111.0,108.0,0.0,,,0.0,0.0,0.0,0.0,0.0,0.0,0.0,0.0,0.0,0.0,6110.0,12221,,,,,,,,,,222.0,0.0,0.0,0.0,0.0,0.0,0.0,0.0,0.0,0.0,208.0,0.0,0.0,0.0,0.0,0.0,0.0,0.0,0.0,0.0,323.0,,,,,,,,,,,,,,,,,,,,,,,,,0.0,0.0,323.0,,,,,,,
2018-09-22,131.21,114.09,22.52,267.82,0.0,0.0,0.0,0.0,0.0,0.0,0.0,0.0,0.0,0.0,108.0,0.0,,,0.0,0.0,0.0,0.0,0.0,0.0,0.0,0.0,0.0,0.0,5672.0,108.0,0.0,,,0.0,0.0,0.0,0.0,0.0,0.0,0.0,0.0,0.0,0.0,5682.0,11354,,,,,,,,,,219.0,0.0,0.0,0.0,0.0,0.0,0.0,0.0,0.0,0.0,203.0,0.0,0.0,0.0,0.0,0.0,0.0,0.0,0.0,0.0,266.0,,,,,,,,,,,,,,,,,,,,,,,,,0.0,0.0,266.0,,,,,,,
2018-09-23,0.0,0.0,20.17,20.17,0.0,0.0,0.0,0.0,0.0,0.0,0.0,0.0,0.0,0.0,108.0,0.0,,,0.0,0.0,0.0,0.0,0.0,0.0,0.0,0.0,0.0,0.0,6354.0,108.0,0.0,,,0.0,0.0,0.0,0.0,0.0,0.0,0.0,0.0,0.0,0.0,6503.0,12857,,,,,,,,,,172.0,0.0,0.0,0.0,0.0,0.0,0.0,0.0,0.0,0.0,204.0,0.0,0.0,0.0,0.0,0.0,0.0,0.0,0.0,0.0,293.0,,,,,,,,,,,,,,,,,,,,,,,,,0.0,0.0,293.0,,,,,,,
2018-09-24,0.0,0.0,0.0,0.0,0.0,0.0,0.0,0.0,0.0,0.0,0.0,0.0,0.0,0.0,108.0,0.0,,,0.0,0.0,0.0,0.0,0.0,0.0,0.0,0.0,0.0,0.0,7185.0,108.0,0.0,,,0.0,0.0,0.0,0.0,0.0,0.0,0.0,0.0,0.0,0.0,7639.0,14824,,,,,,,,,,216.0,0.0,0.0,0.0,0.0,0.0,0.0,0.0,0.0,0.0,204.0,0.0,0.0,0.0,0.0,0.0,0.0,0.0,0.0,0.0,226.0,,,,,,,,,,,,,,,,,,,,,,,,,0.0,0.0,226.0,,,,,,,
2018-09-25,131.88,137.08,0.0,268.96000000000004,0.0,0.0,0.0,0.0,0.0,0.0,0.0,0.0,0.0,0.0,77.0,0.0,,,0.0,0.0,0.0,0.0,0.0,0.0,0.0,0.0,0.0,0.0,7011.0,77.0,0.0,,,0.0,0.0,0.0,0.0,0.0,0.0,0.0,0.0,0.0,0.0,7170.0,14181,,,,,,,,,,188.0,0.0,0.0,0.0,0.0,0.0,0.0,0.0,0.0,0.0,179.0,0.0,0.0,0.0,0.0,0.0,0.0,0.0,0.0,0.0,309.0,,,,,,,,,,,,,,,,,,,,,,,,,0.0,0.0,309.0,,,,,,,
2018-09-26,185.28,81.1,31.81,298.19,7.28,2.25,1.6,5.64,110698.0,0.0,0.0,0.0,4.84,3.75,108.0,37.9,,,8.01,18222.0,4241.0,0.0,3484.1,2.8,1.42,3011.0,16108.0,72.2,6221.0,108.0,38.5,,,8.03,22828.0,4852.0,0.0,3886.3,2.74,1.44,3155.0,15758.0,72.4,6239.0,12460,,,,7.86,10580.0,2714.8,2345.0,424.7,,158.0,7.98,139.48,17220.0,36.0,4.83,3.9,0.18,9.2,37.7,185.0,7.97,139.35,18640.0,36.0,4.5,3.3,0.12,11.0,38.9,163.0,8.35,520.0,,,139.38,39.0,6.5,,,,,,,,,,,,,,,,,,11.0,38.9,163.0,8.35,520.0,,139.38,39.0,6.5,
2018-09-27,132.7,77.86,24.16,234.72,6.58,4.12,2.82,5.44,0.0,0.0,0.0,0.0,5.64,4.2,108.0,38.1,,,7.93,0.0,0.0,0.0,0.0,2.45,1.09,2952.0,15778.0,70.9,5884.0,108.0,38.3,,,7.94,0.0,0.0,0.0,0.0,2.63,1.24,3135.0,15628.0,70.9,5993.0,11877,,,,7.93,21040.0,2507.6,2149.0,,,209.0,7.84,0.0,18300.0,49.0,6.03,4.8,0.0,0.0,37.7,182.0,7.9,0.0,23720.0,34.0,5.6,3.4,0.0,0.0,38.8,116.0,8.38,400.0,,,130.11,41.0,6.4,,,,,,,,,,,,,,,,,,0.0,38.8,116.0,8.38,400.0,,130.11,41.0,6.4,
2018-09-28,182.53,36.84,13.84,233.21,0.0,0.0,0.0,0.0,0.0,0.0,0.0,0.0,0.0,0.0,108.0,0.0,,,0.0,0.0,0.0,0.0,0.0,0.0,0.0,0.0,0.0,0.0,5557.0,108.0,0.0,,,0.0,0.0,0.0,0.0,0.0,0.0,0.0,0.0,0.0,0.0,5654.0,11211,,,,,,,,,,212.0,0.0,0.0,0.0,0.0,0.0,0.0,0.0,0.0,0.0,179.0,0.0,0.0,0.0,0.0,0.0,0.0,0.0,0.0,0.0,320.0,,,,,,,,,,,,,,,,,,,,,,,,,0.0,0.0,320.0,,,,,,,
2018-09-29,154.94,87.26,21.24,263.44,0.0,0.0,0.0,0.0,0.0,0.0,0.0,0.0,0.0,0.0,108.0,0.0,,,0.0,0.0,0.0,0.0,0.0,0.0,0.0,0.0,0.0,0.0,5361.0,108.0,0.0,,,0.0,0.0,0.0,0.0,0.0,0.0,0.0,0.0,0.0,0.0,5609.0,10970,,,,,,,,,,187.0,0.0,0.0,0.0,0.0,0.0,0.0,0.0,0.0,0.0,158.0,0.0,0.0,0.0,0.0,0.0,0.0,0.0,0.0,0.0,291.0,,,,,,,,,,,,,,,,,,,,,,,,,0.0,0.0,291.0,,,,,,,
2018-09-30,0.0,0.0,0.0,0.0,0.0,0.0,0.0,0.0,0.0,0.0,0.0,0.0,0.0,0.0,108.0,0.0,,,0.0,0.0,0.0,0.0,0.0,0.0,0.0,0.0,0.0,0.0,5963.0,108.0,0.0,,,0.0,0.0,0.0,0.0,0.0,0.0,0.0,0.0,0.0,0.0,6127.0,12090,,,,,,,,,,222.0,0.0,0.0,0.0,0.0,0.0,0.0,0.0,0.0,0.0,167.0,0.0,0.0,0.0,0.0,0.0,0.0,0.0,0.0,0.0,294.0,,,,,,,,,,,,,,,,,,,,,,,,,0.0,0.0,294.0,,,,,,,
2018-10-01,129.89,86.58,23.73,240.19999999999996,6.68,2.57,1.73,5.54,23301.0,0.0,0.0,0.0,5.27,3.77,105.0,0.0,,,7.93,15130.0,4408.0,0.0,4317.6,2.55,1.19,2850.0,15378.0,69.4,5960.0,105.0,0.0,,,7.92,21576.0,5338.0,0.0,4437.4,2.69,1.17,2911.0,15428.0,69.6,6083.0,12043,,,,7.67,,,,,,227.0,7.98,1570.9,2980.0,1470.0,1721.8,0.0,0.0,106.0,0.0,208.0,8.09,111.74,18200.0,37.0,5.08,4.3,0.11,5.0,37.4,287.0,8.14,,,,112.1,35.0,5.7,,,,,,,,,,,,,,,,,,5.0,37.4,287.0,8.14,,,112.1,35.0,5.7,
2018-10-02,157.34,116.9,18.96,293.2,0.0,0.0,0.0,0.0,0.0,0.0,0.0,0.0,0.0,0.0,108.0,0.0,,,0.0,0.0,0.0,0.0,0.0,0.0,0.0,0.0,0.0,0.0,5424.0,108.0,0.0,,,0.0,0.0,0.0,0.0,0.0,0.0,0.0,0.0,0.0,0.0,5366.0,10790,,,,0.0,,,,,,230.0,0.0,0.0,16780.0,0.0,0.0,0.0,0.0,0.0,0.0,223.0,0.0,0.0,18660.0,0.0,0.0,0.0,0.0,0.0,0.0,266.0,0.0,,,,,,,,,,,,,,,,,,,,,,,,0.0,0.0,266.0,0.0,,,,,,
2018-10-03,184.64,37.2,18.56,240.39999999999998,6.89,3.67,2.66,5.51,0.0,0.0,0.0,0.0,4.96,3.81,108.0,38.0,,,7.82,0.0,0.0,0.0,0.0,2.57,1.3,2951.0,15608.0,70.2,5386.0,108.0,38.7,,,7.81,0.0,0.0,0.0,0.0,2.6,1.23,3053.0,15158.0,69.4,5390.0,10776,,,,7.92,10880.0,2278.0,2096.0,,,237.0,8.0,0.0,17460.0,40.0,7.94,5.9,0.0,0.0,37.2,183.0,0.0,0.0,0.0,0.0,0.0,0.0,0.0,0.0,0.0,294.0,8.36,380.0,,,118.32,35.0,10.2,,,,,,,,,,,,,,,,,,0.0,0.0,294.0,8.36,380.0,,118.32,35.0,10.2,
2018-10-04,133.22,89.32,17.69,240.23,6.7,5.64,3.67,5.96,0.0,0.0,0.0,0.0,10.47,8.26,108.0,38.3,,,7.86,0.0,0.0,0.0,0.0,2.98,1.46,3012.0,15278.0,69.3,5713.0,108.0,38.5,,,7.88,0.0,0.0,0.0,0.0,2.62,1.42,3155.0,15468.0,69.4,5738.0,11451,,,,7.88,11480.0,2643.6,2445.0,,,233.0,7.98,0.0,19640.0,33.0,4.82,3.6,0.0,0.0,37.6,218.0,0.0,0.0,0.0,0.0,0.0,0.0,0.0,0.0,0.0,258.0,8.29,500.0,,,135.09,41.0,2.0,,,,,,,,,,,,,,,,,,0.0,0.0,258.0,8.29,500.0,,135.09,41.0,2.0,
2018-10-05,156.23,87.71,13.34,257.28,0.0,0.0,0.0,0.0,0.0,0.0,0.0,0.0,0.0,0.0,108.0,0.0,,,0.0,0.0,0.0,0.0,0.0,0.0,0.0,0.0,0.0,0.0,5531.0,108.0,0.0,,,0.0,0.0,0.0,0.0,0.0,0.0,0.0,0.0,0.0,0.0,5441.0,10972,,,,,,,,,,213.0,0.0,0.0,0.0,0.0,0.0,0.0,0.0,0.0,0.0,211.0,0.0,0.0,0.0,0.0,0.0,0.0,0.0,0.0,0.0,285.0,,,,,,,,,,,,,,,,,,,,,,,,,0.0,0.0,285.0,,,,,,,
2018-10-06,155.74,54.31,17.02,227.07000000000002,0.0,0.0,0.0,0.0,0.0,0.0,0.0,0.0,0.0,0.0,102.0,0.0,,,0.0,0.0,0.0,0.0,0.0,0.0,0.0,0.0,0.0,0.0,5141.0,102.0,0.0,,,0.0,0.0,0.0,0.0,0.0,0.0,0.0,0.0,0.0,0.0,5167.0,10308,,,,,,,,,,223.0,0.0,0.0,0.0,0.0,0.0,0.0,0.0,0.0,0.0,211.0,0.0,0.0,0.0,0.0,0.0,0.0,0.0,0.0,0.0,241.0,,,,,,,,,,,,,,,,,,,,,,,,,0.0,0.0,241.0,,,,,,,
2018-10-07,0.0,0.0,0.0,0.0,0.0,0.0,0.0,0.0,0.0,0.0,0.0,0.0,0.0,0.0,108.0,0.0,,,0.0,0.0,0.0,0.0,0.0,0.0,0.0,0.0,0.0,0.0,6284.0,108.0,0.0,,,0.0,0.0,0.0,0.0,0.0,0.0,0.0,0.0,0.0,0.0,6407.0,12691,,,,,,,,,,184.0,0.0,0.0,0.0,0.0,0.0,0.0,0.0,0.0,0.0,210.0,0.0,0.0,0.0,0.0,0.0,0.0,0.0,0.0,0.0,282.0,,,,,,,,,,,,,,,,,,,,,,,,,0.0,0.0,282.0,,,,,,,
2018-10-08,129.38,61.56,19.61,210.55,6.76,4.02,2.43,5.64,156060.0,0.0,0.0,0.0,27.68,25.47,108.0,38.0,,,7.8,21884.0,3653.0,0.0,4320.0,2.74,1.29,3073.0,15388.0,66.1,8995.0,108.0,38.0,,,7.73,26860.0,4348.0,0.0,4785.0,3.02,1.44,3154.0,15108.0,65.0,9443.0,18438,,,,7.53,15820.0,2840.0,2693.0,677.0,,218.0,7.75,162.0,16940.0,55.0,5.28,4.8,0.14,14.3,38.8,206.0,7.8,162.0,16760.0,43.0,4.83,3.2,0.12,18.2,40.1,255.0,8.12,580.0,,,162.0,50.0,6.8,,,,,,,,,,,,,,,,,,18.2,40.1,255.0,8.12,580.0,,162.0,50.0,6.8,
2018-10-09,237.07,88.61,17.59,343.27,7.0,2.76,2.01,5.62,0.0,0.0,0.0,0.0,4.03,3.12,108.0,38.0,,,7.94,0.0,0.0,0.0,0.0,2.83,1.48,2952.0,15598.0,70.6,7582.0,108.0,38.1,,,7.93,0.0,0.0,0.0,0.0,2.57,1.25,3033.0,15278.0,71.1,7493.0,15075,,,,7.55,11600.0,2653.0,2409.0,,,199.0,7.82,0.0,17100.0,44.0,4.38,3.25,0.0,0.0,38.5,201.0,0.0,0.0,0.0,0.0,0.0,0.0,0.0,0.0,0.0,263.0,8.19,360.0,,,135.94,45.0,10.3,,,,,,,,,,,,,,,,,,0.0,0.0,263.0,8.19,360.0,,135.94,45.0,10.3,
2018-10-10,182.48,86.98,17.72,287.17999999999995,7.03,3.78,2.49,5.68,0.0,0.0,0.0,0.0,6.05,4.58,108.0,37.9,,,7.92,0.0,0.0,0.0,0.0,2.85,1.5,2951.0,15938.0,70.1,7228.0,108.0,38.0,,,7.95,0.0,0.0,0.0,0.0,2.73,1.34,3094.0,15778.0,70.6,7581.0,14809,,,,7.49,10040.0,2736.0,2742.0,,,219.0,7.83,0.0,16380.0,45.0,5.02,3.0,0.0,0.0,38.0,203.0,7.79,0.0,16110.0,41.0,4.2,3.4,0.0,0.0,39.5,224.0,8.18,390.0,,,145.0,44.0,8.0,,,,,,,,,,,,,,,,,,0.0,39.5,224.0,8.18,390.0,,145.0,44.0,8.0,
2018-10-11,155.72,77.23,17.58,250.52999999999997,6.75,3.11,2.16,5.21,0.0,0.0,0.0,0.0,22.33,20.37,111.0,37.9,,,7.84,0.0,0.0,0.0,0.0,2.76,1.3,2951.0,15758.0,68.1,8207.0,101.0,37.9,,,7.85,0.0,0.0,0.0,0.0,2.75,1.25,3013.0,15878.0,68.9,9147.0,17354,,,,7.84,12840.0,2646.0,2239.0,,,224.0,7.92,0.0,16840.0,33.0,4.65,3.6,0.0,0.0,37.5,209.0,7.94,0.0,19620.0,47.0,21.8,3.7,0.0,0.0,39.4,228.0,8.41,480.0,,,132.0,51.0,8.1,,,,,,,,,,,,,,,,,,0.0,39.4,228.0,8.41,480.0,,132.0,51.0,8.1,
2018-10-12,155.1,78.91,15.39,249.39999999999998,0.0,0.0,0.0,0.0,0.0,0.0,0.0,0.0,0.0,0.0,117.0,0.0,,,0.0,0.0,0.0,0.0,0.0,0.0,0.0,0.0,0.0,0.0,10128.0,110.0,0.0,,,0.0,0.0,0.0,0.0,0.0,0.0,0.0,0.0,0.0,0.0,11055.0,21183,,,,,,,,,,178.0,0.0,0.0,0.0,0.0,0.0,0.0,0.0,0.0,0.0,204.0,0.0,0.0,0.0,0.0,0.0,0.0,0.0,0.0,0.0,299.0,,,,,,,,,,,,,,,,,,,,,,,,,0.0,0.0,299.0,,,,,,,
2018-10-13,179.44,88.39,17.44,285.27,0.0,0.0,0.0,0.0,0.0,0.0,0.0,0.0,0.0,0.0,120.0,0.0,,,0.0,0.0,0.0,0.0,0.0,0.0,0.0,0.0,0.0,0.0,11129.0,115.0,0.0,,,0.0,0.0,0.0,0.0,0.0,0.0,0.0,0.0,0.0,0.0,12256.0,23385,,,,,,,,,,231.0,0.0,0.0,0.0,0.0,0.0,0.0,0.0,0.0,0.0,197.0,0.0,0.0,0.0,0.0,0.0,0.0,0.0,0.0,0.0,296.0,,,,,,,,,,,,,,,,,,,,,,,,,0.0,0.0,296.0,,,,,,,
2018-10-14,0.0,0.0,0.0,0.0,0.0,0.0,0.0,0.0,0.0,0.0,0.0,0.0,0.0,0.0,104.0,0.0,,,0.0,0.0,0.0,0.0,0.0,0.0,0.0,0.0,0.0,0.0,12331.0,90.0,0.0,,,0.0,0.0,0.0,0.0,0.0,0.0,0.0,0.0,0.0,0.0,13600.0,25931,,,,,,,,,,227.0,0.0,0.0,0.0,0.0,0.0,0.0,0.0,0.0,0.0,163.0,0.0,0.0,0.0,0.0,0.0,0.0,0.0,0.0,0.0,251.0,,,,,,,,,,,,,,,,,,,,,,,,,0.0,0.0,251.0,,,,,,,
2018-10-15,103.53,88.28,18.52,210.33,7.16,1.79,1.23,5.25,0.0,0.0,0.0,0.0,3.78,2.86,96.0,38.138,,,7.85,25129.0,4391.0,0.0,4066.0,3.16,1.65,3033.0,16078.0,70.9,11605.0,81.0,38.0,,,7.83,33427.0,5306.0,0.0,4467.0,2.94,1.26,3094.0,15778.0,72.3,13171.0,24776,,,,7.56,,,,,,193.0,7.8,2287.5,16700.0,2694.0,1950.0,0.0,0.0,906.8,0.0,183.0,0.0,0.0,0.0,0.0,0.0,0.0,0.0,0.0,0.0,279.0,7.87,,,,120.08,30.0,17.6,,,,,,,,,,,,,,,,,,0.0,0.0,279.0,7.87,,,120.08,30.0,17.6,
2018-10-16,181.03,80.55,17.15,278.72999999999996,7.08,2.13,1.49,4.9,0.0,0.0,0.0,0.0,26.15,25.03,82.0,38.0,,,7.8,30602.0,5046.0,0.0,3942.0,3.06,1.6,3074.0,15508.0,71.5,11067.0,83.0,38.0,,,7.79,29230.0,4761.0,0.0,3570.0,3.24,1.36,3237.0,15168.0,68.7,11213.0,22280,,,,7.79,13800.0,1660.0,1513.0,,,142.0,7.89,0.0,19700.0,38.0,5.5,3.8,0.0,0.0,36.8,164.0,7.85,0.0,19120.0,41.0,5.62,3.9,0.0,0.0,38.5,276.0,8.21,460.0,,,129.29,52.0,7.3,,,,,,,,,,,,,,,,,,0.0,38.5,276.0,8.21,460.0,,129.29,52.0,7.3,
2018-10-17,156.61,77.33,19.31,253.25,7.01,2.83,1.84,4.95,0.0,0.0,0.0,0.0,20.78,18.96,103.0,0.0,,,7.82,25166.0,0.0,0.0,4082.0,3.32,1.73,2952.0,15628.0,71.6,11943.0,104.0,0.0,,,7.81,44148.0,0.0,0.0,4855.0,3.41,1.69,3074.0,15338.0,69.4,12734.0,24677,,,,7.76,2980.0,1457.0,1610.0,,,156.0,7.82,0.0,20800.0,50.0,4.92,3.6,0.0,0.0,0.0,157.0,7.87,0.0,20280.0,43.0,5.2,3.72,0.0,0.0,0.0,259.0,8.23,620.0,,,134.0,49.0,8.6,,,,,,,,,,,,,,,,,,0.0,0.0,259.0,8.23,620.0,,134.0,49.0,8.6,
2018-10-18,156.58,89.56,17.48,263.62,6.69,3.58,2.48,4.86,0.0,0.0,0.0,0.0,14.05,12.36,81.0,37.9,,,7.85,0.0,0.0,0.0,0.0,3.19,1.67,2809.0,15728.0,70.8,11918.0,81.0,38.0,,,7.84,0.0,0.0,0.0,0.0,3.45,1.9,2952.0,15638.0,71.1,12626.0,24544,,,,7.81,1900.0,960.0,1608.0,,,141.0,7.92,0.0,20780.0,54.0,5.12,3.2,0.0,0.0,35.9,174.0,7.94,0.0,19540.0,60.0,4.98,3.54,0.0,0.0,37.8,216.0,8.25,480.0,,,133.0,59.0,7.9,,,,,,,,,,,,,,,,,,0.0,37.8,216.0,8.25,480.0,,133.0,59.0,7.9,
2018-10-19,178.37,89.02,11.5,278.89,0.0,0.0,0.0,0.0,0.0,0.0,0.0,0.0,0.0,0.0,96.0,0.0,,,0.0,0.0,0.0,0.0,0.0,0.0,0.0,0.0,0.0,0.0,11700.0,98.0,0.0,,,0.0,0.0,0.0,0.0,0.0,0.0,0.0,0.0,0.0,0.0,12199.0,23899,,,,,,,,,,148.0,0.0,0.0,0.0,0.0,0.0,0.0,0.0,0.0,0.0,142.0,0.0,0.0,0.0,0.0,0.0,0.0,0.0,0.0,0.0,176.0,,,,,,,,,,,,,,,,,,,,,,,,,0.0,0.0,176.0,,,,,,,
2018-10-20,182.82,78.71,18.0,279.53,0.0,0.0,0.0,0.0,0.0,0.0,0.0,0.0,0.0,0.0,92.0,0.0,,,0.0,0.0,0.0,0.0,0.0,0.0,0.0,0.0,0.0,0.0,11276.0,92.0,0.0,,,0.0,0.0,0.0,0.0,0.0,0.0,0.0,0.0,0.0,0.0,11420.0,22696,,,,,,,,,,144.0,0.0,0.0,0.0,0.0,0.0,0.0,0.0,0.0,0.0,144.0,0.0,0.0,0.0,0.0,0.0,0.0,0.0,0.0,0.0,129.0,,,,,,,,,,,,,,,,,,,,,,,,,0.0,0.0,129.0,,,,,,,
2018-10-21,0.0,0.0,0.0,0.0,0.0,0.0,0.0,0.0,0.0,0.0,0.0,0.0,0.0,0.0,59.0,0.0,,,0.0,0.0,0.0,0.0,0.0,0.0,0.0,0.0,0.0,0.0,9716.0,59.0,0.0,,,0.0,0.0,0.0,0.0,0.0,0.0,0.0,0.0,0.0,0.0,9136.0,18852,,,,,,,,,,154.0,0.0,0.0,0.0,0.0,0.0,0.0,0.0,0.0,0.0,175.0,0.0,0.0,0.0,0.0,0.0,0.0,0.0,0.0,0.0,204.0,,,,,,,,,,,,,,,,,,,,,,,,,0.0,0.0,204.0,,,,,,,
2018-10-22,78.66,77.39,18.75,174.8,6.98,2.42,1.5,4.29,180516.0,0.0,0.0,0.0,11.14,9.6,93.0,38.0,,,7.77,36084.0,5004.0,0.0,3925.0,3.05,1.5,3135.0,15928.0,67.9,10168.0,93.0,38.0,,,7.77,34967.0,5106.0,0.0,3896.0,3.04,1.59,3073.0,15498.0,68.4,10544.0,20712,,,,8.17,5480.0,2555.0,1797.0,158.0,,136.0,7.92,135.95,20500.0,32.0,4.77,4.7,0.13,5.8,35.0,171.0,7.95,135.82,22080.0,36.0,3.56,2.9,0.11,8.2,36.7,233.0,8.3,440.0,95.0,,135.88,44.0,10.5,,,,,,,,,,,,,,,,,,8.2,36.7,233.0,8.3,440.0,95.0,135.88,44.0,10.5,
2018-10-23,128.97,85.64,17.91,232.52,6.97,2.14,1.41,4.29,0.0,0.0,0.0,0.0,10.75,9.97,66.0,38.0,,,7.8,0.0,0.0,0.0,0.0,3.32,1.78,2911.0,16078.0,68.6,8281.0,66.0,38.0,,,7.82,0.0,0.0,0.0,0.0,3.17,1.7,3012.0,15818.0,68.4,8483.0,16764,,,,8.09,1720.0,1631.0,1471.0,,,145.0,7.98,0.0,20480.0,34.0,4.21,3.85,0.0,0.0,35.8,111.0,0.0,0.0,0.0,0.0,0.0,0.0,0.0,0.0,0.0,195.0,8.31,520.0,,,138.36,46.0,7.8,,,,,,,,,,,,,,,,,,0.0,0.0,195.0,8.31,520.0,,138.36,46.0,7.8,
2018-10-24,182.52,89.17,18.34,290.03,6.83,3.04,1.92,4.32,0.0,0.0,0.0,0.0,10.43,8.78,76.0,38.0,,,7.8,0.0,0.0,0.0,0.0,3.1,1.43,3094.0,15908.0,69.3,8240.0,76.0,38.0,,,7.81,0.0,0.0,0.0,0.0,3.16,1.51,3012.0,15848.0,69.4,8717.0,16957,,,,8.19,1860.0,1326.5,1492.0,,,137.0,8.1,0.0,17780.0,33.0,4.91,3.21,0.0,0.0,35.8,142.0,8.08,0.0,22300.0,35.0,3.89,3.82,0.0,0.0,36.4,187.0,8.36,520.0,,,125.79,39.0,8.51,,,,,,,,,,,,,,,,,,0.0,36.4,187.0,8.36,520.0,,125.79,39.0,8.51,
2018-10-25,130.36,77.98,17.22,225.56000000000003,7.25,1.24,0.77,4.22,0.0,0.0,0.0,0.0,9.83,8.27,74.0,38.1,,,7.85,0.0,0.0,0.0,0.0,3.16,1.71,3012.0,15908.0,67.0,8218.0,74.0,38.0,,,7.85,0.0,0.0,0.0,0.0,3.02,1.45,3033.0,15958.0,67.8,8653.0,16871,,,,8.16,10440.0,2562.0,1918.0,,,162.0,8.05,0.0,18360.0,35.0,4.81,3.8,0.0,0.0,36.0,171.0,8.06,0.0,19400.0,39.0,8.45,3.4,0.0,0.0,36.4,175.0,8.32,420.0,,,132.53,52.0,8.4,,,,,,,,,,,,,,,,,,0.0,36.4,175.0,8.32,420.0,,132.53,52.0,8.4,
2018-10-26,182.72,40.63,14.47,237.82,6.85,3.96,2.55,4.16,0.0,0.0,0.0,0.0,10.02,8.3,59.0,38.0,,,7.87,0.0,0.0,0.0,0.0,3.36,1.54,0.0,0.0,67.3,6684.0,59.0,38.0,,,7.85,0.0,0.0,0.0,0.0,3.33,1.51,0.0,0.0,67.8,6989.0,13673,,,,8.27,3180.0,,,,,151.0,7.96,0.0,18240.0,0.0,0.0,0.0,0.0,0.0,35.6,122.0,8.01,0.0,20220.0,0.0,0.0,0.0,0.0,0.0,36.2,172.0,8.33,540.0,,,,,,,,,,,,,,,,,,,,,,,0.0,36.2,172.0,8.33,540.0,,,,,
2018-10-27,131.49,0.0,17.34,148.83,0.0,0.0,0.0,0.0,0.0,0.0,0.0,0.0,0.0,0.0,96.0,0.0,,,0.0,0.0,0.0,0.0,0.0,0.0,0.0,0.0,0.0,0.0,8876.0,96.0,0.0,,,0.0,0.0,0.0,0.0,0.0,0.0,0.0,0.0,0.0,0.0,9673.0,18549,,,,,,,,,,170.0,0.0,0.0,0.0,0.0,0.0,0.0,0.0,0.0,0.0,155.0,0.0,0.0,0.0,0.0,0.0,0.0,0.0,0.0,0.0,211.0,,,,,,,,,,,,,,,,,,,,,,,,,0.0,0.0,211.0,,,,,,,
2018-10-28,0.0,47.53,0.0,47.53,0.0,0.0,0.0,0.0,0.0,0.0,0.0,0.0,0.0,0.0,96.0,0.0,,,0.0,0.0,0.0,0.0,0.0,0.0,0.0,0.0,0.0,0.0,9452.0,96.0,0.0,,,0.0,0.0,0.0,0.0,0.0,0.0,0.0,0.0,0.0,0.0,10216.0,19668,,,,,,,,,,175.0,0.0,0.0,0.0,0.0,0.0,0.0,0.0,0.0,0.0,165.0,0.0,0.0,0.0,0.0,0.0,0.0,0.0,0.0,0.0,233.0,,,,,,,,,,,,,,,,,,,,,,,,,0.0,0.0,233.0,,,,,,,
2018-10-29,103.07,110.12,12.1,225.29,6.7,2.9,1.95,4.02,179077.0,0.0,0.0,0.0,10.11,8.74,104.0,38.0,,,7.84,24705.0,4922.0,0.0,3680.0,3.23,1.59,3074.0,15778.0,67.3,9461.0,103.0,38.0,,,7.8,28049.0,5798.0,0.0,4314.0,3.1,1.62,2952.0,15848.0,67.2,10242.0,19703,,,,8.21,15120.0,2587.0,2233.0,497.0,,197.0,7.98,131.61,17220.0,28.0,6.21,4.2,0.18,20.9,36.5,201.0,8.05,131.46,14880.0,29.0,6.92,3.5,0.12,11.3,36.1,166.0,8.29,380.0,,,131.86,59.0,8.9,,,,,,,,,,,,,,,,,,11.3,36.1,166.0,8.29,380.0,,131.86,59.0,8.9,
2018-10-30,157.46,95.46,17.31,270.23,7.05,1.8,1.24,4.17,0.0,0.0,0.0,0.0,9.12,7.75,108.0,38.0,,,7.81,0.0,0.0,0.0,0.0,3.17,1.51,3074.0,15248.0,67.4,8991.0,108.0,38.0,,,7.82,0.0,0.0,0.0,0.0,3.11,1.72,3013.0,15378.0,67.3,9677.0,18668,,,,8.18,10380.0,2485.0,2057.0,,,173.0,8.04,0.0,17280.0,32.0,4.98,3.89,0.0,0.0,37.6,192.0,8.01,0.0,19860.0,30.0,5.15,3.6,0.0,0.0,37.1,180.0,8.25,440.0,,,131.86,35.0,8.9,,,,,,,,,,,,,,,,,,0.0,37.1,180.0,8.25,440.0,,131.86,35.0,8.9,
2018-10-31,155.68,99.15,13.16,267.99,0.0,0.0,0.0,0.0,0.0,0.0,0.0,0.0,0.0,0.0,108.0,0.0,,,0.0,0.0,0.0,0.0,0.0,0.0,0.0,0.0,0.0,0.0,7892.0,108.0,0.0,,,0.0,0.0,0.0,0.0,0.0,0.0,0.0,0.0,0.0,0.0,8523.0,16415,,,,,,,,,,185.0,0.0,0.0,0.0,0.0,0.0,0.0,0.0,0.0,0.0,201.0,0.0,0.0,0.0,0.0,0.0,0.0,0.0,0.0,0.0,178.0,,,,,,,,,,,,,,,,,,,,,,,,,0.0,0.0,178.0,,,,,,,
2018-11-01,156.36,108.81,14.16,279.33000000000004,6.87,2.51,1.69,4.21,0.0,0.0,0.0,0.0,7.88,6.52,108.0,38.0,,,7.79,0.0,0.0,0.0,0.0,2.9,1.28,3114.0,16508.0,66.7,7485.0,108.0,38.1,,,7.77,0.0,0.0,0.0,0.0,2.97,1.41,3073.0,15888.0,66.5,8010.0,15495,,,,7.98,8700.0,2451.0,1975.0,,,180.0,8.08,0.0,17500.0,47.0,5.12,3.75,0.0,0.0,36.8,153.0,8.12,0.0,17980.0,49.0,4.85,3.51,0.0,0.0,37.3,231.0,8.26,460.0,,,131.0,51.0,9.3,,,,,,,,,,,,,,,,,,0.0,37.3,231.0,8.26,460.0,,131.0,51.0,9.3,
2018-11-02,182.75,42.42,11.06,236.23000000000002,0.0,0.0,0.0,0.0,0.0,0.0,0.0,0.0,0.0,0.0,77.0,0.0,,,0.0,0.0,0.0,0.0,0.0,0.0,0.0,0.0,0.0,0.0,6202.0,78.0,0.0,,,0.0,0.0,0.0,0.0,0.0,0.0,0.0,0.0,0.0,0.0,6598.0,12800,,,,,,,,,,152.0,0.0,0.0,0.0,0.0,0.0,0.0,0.0,0.0,0.0,170.0,0.0,0.0,0.0,0.0,0.0,0.0,0.0,0.0,0.0,251.0,,,,,,,,,,,,,,,,,,,,,,,,,0.0,0.0,251.0,,,,,,,
2018-11-03,76.33,0.0,17.21,93.53999999999999,0.0,0.0,0.0,0.0,0.0,0.0,0.0,0.0,0.0,0.0,103.0,0.0,,,0.0,0.0,0.0,0.0,0.0,0.0,0.0,0.0,0.0,0.0,6671.0,102.0,0.0,,,0.0,0.0,0.0,0.0,0.0,0.0,0.0,0.0,0.0,0.0,7299.0,13970,,,,,,,,,,154.0,0.0,0.0,0.0,0.0,0.0,0.0,0.0,0.0,0.0,187.0,0.0,0.0,0.0,0.0,0.0,0.0,0.0,0.0,0.0,180.0,,,,,,,,,,,,,,,,,,,,,,,,,0.0,0.0,180.0,,,,,,,
2018-11-04,0.0,60.81,0.0,60.81,0.0,0.0,0.0,0.0,0.0,0.0,0.0,0.0,0.0,0.0,120.0,0.0,,,0.0,0.0,0.0,0.0,0.0,0.0,0.0,0.0,0.0,0.0,8393.0,120.0,0.0,,,0.0,0.0,0.0,0.0,0.0,0.0,0.0,0.0,0.0,0.0,9214.0,17607,,,,,,,,,,136.0,0.0,0.0,0.0,0.0,0.0,0.0,0.0,0.0,0.0,185.0,0.0,0.0,0.0,0.0,0.0,0.0,0.0,0.0,0.0,261.0,,,,,,,,,,,,,,,,,,,,,,,,,0.0,0.0,261.0,,,,,,,
2018-11-05,103.26,55.94,12.85,172.04999999999998,6.79,3.52,2.47,4.18,185151.0,0.0,0.0,0.0,8.0,6.59,113.0,37.9,,,7.86,31963.0,5327.0,0.0,3851.0,3.16,1.5,3058.0,16050.0,66.3,8212.0,113.0,37.9,,,7.86,41585.0,5614.0,0.0,4051.0,3.2,1.53,3180.0,15652.0,66.2,8897.0,17109,,,,7.95,9300.0,1895.0,1995.0,136.0,,162.0,8.01,126.0,15960.0,38.0,7.12,3.3,0.18,8.9,39.3,165.0,8.13,126.0,19250.0,36.0,6.97,3.3,0.11,9.2,36.9,254.0,8.31,600.0,,,126.0,42.0,9.1,,,,,,,,,,,,,,,,,,9.2,36.9,254.0,8.31,600.0,,126.0,42.0,9.1,
2018-11-06,184.05,88.13,16.91,289.09000000000003,6.8,3.43,2.48,4.3,0.0,0.0,0.0,0.0,7.79,6.42,110.0,38.0,,,7.91,0.0,0.0,0.0,0.0,3.08,1.556,2938.0,16248.0,66.5,7365.0,110.0,38.0,,,7.92,0.0,0.0,0.0,0.0,3.0,1.57,3010.0,16057.0,66.3,7958.0,15323,,,,7.88,5220.0,2133.0,1982.0,,,162.0,8.01,0.0,17260.0,35.0,5.12,3.85,0.0,0.0,37.3,155.0,8.08,0.0,16680.0,35.0,5.01,3.43,0.0,0.0,36.6,245.0,8.21,820.0,,,135.49,39.0,9.4,,,,,,,,,,,,,,,,,,0.0,36.6,245.0,8.21,820.0,,135.49,39.0,9.4,
2018-11-07,156.52,86.53,18.47,261.52,6.75,3.76,2.48,4.32,0.0,0.0,0.0,0.0,7.46,5.84,120.0,38.0,,,7.9,0.0,0.0,0.0,0.0,3.06,1.6,3152.0,16508.0,65.8,7701.0,120.0,37.9,,,7.89,0.0,0.0,0.0,0.0,3.01,1.43,3059.0,16237.0,65.5,8281.0,15982,,,,7.92,940.0,1206.8,1512.0,,,210.0,8.05,0.0,18400.0,52.0,5.69,4.3,0.0,0.0,36.0,145.0,8.1,0.0,17780.0,49.0,5.5,3.4,0.0,0.0,36.8,150.0,8.23,800.0,,,132.83,53.0,11.4,,,,,,,,,,,,,,,,,,0.0,36.8,150.0,8.23,800.0,,132.83,53.0,11.4,
2018-11-08,155.85,80.1,13.3,249.25,6.73,3.86,2.61,4.18,0.0,0.0,0.0,0.0,7.39,6.11,120.0,38.0,,,7.87,0.0,0.0,0.0,0.0,3.03,1.44,3210.0,16312.0,65.9,7644.0,120.0,38.0,,,7.87,0.0,0.0,0.0,0.0,3.04,1.45,3185.0,16190.0,65.3,8278.0,15922,,,,7.96,1300.0,1206.0,1733.0,,,183.0,0.0,0.0,0.0,0.0,0.0,0.0,0.0,0.0,0.0,167.0,8.13,0.0,20500.0,50.0,5.23,3.1,0.0,0.0,37.2,225.0,8.2,880.0,,,138.51,47.0,16.6,,,,,,,,,,,,,,,,,,0.0,37.2,225.0,8.2,880.0,,138.51,47.0,16.6,
2018-11-09,156.76,120.45,14.15,291.35999999999996,0.0,0.0,0.0,0.0,0.0,0.0,0.0,0.0,0.0,0.0,120.0,0.0,,,0.0,0.0,0.0,0.0,0.0,0.0,0.0,0.0,0.0,0.0,7650.0,120.0,0.0,,,0.0,0.0,0.0,0.0,0.0,0.0,0.0,0.0,0.0,0.0,8310.0,15960,,,,,,,,,,184.0,0.0,0.0,0.0,0.0,0.0,0.0,0.0,0.0,0.0,186.0,0.0,0.0,0.0,0.0,0.0,0.0,0.0,0.0,0.0,170.0,,,,,,,,,,,,,,,,,,,,,,,,,0.0,0.0,170.0,,,,,,,
2018-11-10,159.86,0.0,17.05,176.91000000000003,0.0,0.0,0.0,0.0,0.0,0.0,0.0,0.0,0.0,0.0,109.0,0.0,,,0.0,0.0,0.0,0.0,0.0,0.0,0.0,0.0,0.0,0.0,7204.0,109.0,0.0,,,0.0,0.0,0.0,0.0,0.0,0.0,0.0,0.0,0.0,0.0,7815.0,15019,,,,,,,,,,175.0,0.0,0.0,0.0,0.0,0.0,0.0,0.0,0.0,0.0,165.0,0.0,0.0,0.0,0.0,0.0,0.0,0.0,0.0,0.0,159.0,,,,,,,,,,,,,,,,,,,,,,,,,0.0,0.0,159.0,,,,,,,
2018-11-11,0.0,47.35,0.0,47.35,0.0,0.0,0.0,0.0,0.0,0.0,0.0,0.0,0.0,0.0,107.0,0.0,,,0.0,0.0,0.0,0.0,0.0,0.0,0.0,0.0,0.0,0.0,7350.0,107.0,0.0,,,0.0,0.0,0.0,0.0,0.0,0.0,0.0,0.0,0.0,0.0,7959.0,15309,,,,,,,,,,192.0,0.0,0.0,0.0,0.0,0.0,0.0,0.0,0.0,0.0,222.0,0.0,0.0,0.0,0.0,0.0,0.0,0.0,0.0,0.0,241.0,,,,,,,,,,,,,,,,,,,,,,,,,0.0,0.0,241.0,,,,,,,
2018-11-12,104.02,89.54,13.94,207.5,6.95,2.21,1.45,4.1,153398.0,0.0,0.0,0.0,7.87,6.73,89.0,38.1,,,7.8,46003.0,6678.0,0.0,4896.0,3.03,1.39,3157.0,16850.0,66.3,5972.0,89.0,38.1,,,7.8,46507.0,6109.0,0.0,4837.0,3.13,1.59,3263.0,16548.0,66.1,6451.0,12423,,,,7.85,5250.0,2284.0,1987.0,243.9,,188.0,0.0,123.54,15600.0,41.0,7.56,6.7,0.14,11.8,36.0,177.0,0.0,0.0,0.0,0.0,0.0,0.0,0.0,0.0,0.0,179.0,8.27,600.0,96.0,,123.22,38.0,7.3,,,,,,,,,,,,,,,,,,0.0,0.0,179.0,8.27,600.0,96.0,123.22,38.0,7.3,
2018-11-13,158.02,81.2,17.81,257.03000000000003,6.9,2.11,1.26,4.21,0.0,0.0,0.0,0.0,7.78,6.22,108.0,38.1,,,7.89,0.0,0.0,0.0,0.0,3.09,1.43,3072.0,16525.0,65.7,6925.0,108.0,38.1,,,7.89,0.0,0.0,0.0,0.0,3.2,1.48,3155.0,16308.0,65.5,7515.0,14440,,,,7.87,6540.0,2874.3,2093.0,,,189.0,7.98,0.0,14540.0,44.0,3.84,4.6,0.0,0.0,36.0,227.0,7.99,0.0,16220.0,36.0,11.11,4.8,0.0,0.0,36.7,246.0,8.35,480.0,,,147.54,32.0,7.7,,,,,,,,,,,,,,,,,,0.0,36.7,246.0,8.35,480.0,,147.54,32.0,7.7,
2018-11-14,184.1,79.27,14.59,277.96,6.81,2.79,2.04,4.23,0.0,0.0,0.0,0.0,7.44,6.13,110.0,38.1,,,7.86,0.0,0.0,0.0,0.0,2.99,1.42,3105.0,16408.0,65.7,6814.0,110.0,38.1,,,7.86,0.0,0.0,0.0,0.0,3.06,1.51,3190.0,16527.0,66.0,7391.0,14205,,,,8.15,7420.0,2806.0,2036.0,,,221.0,7.97,0.0,15580.0,103.0,2.82,4.6,0.0,0.0,0.0,169.0,8.02,0.0,16100.0,81.0,3.73,4.3,0.0,0.0,36.2,249.0,8.4,320.0,,,148.0,66.0,8.0,,,,,,,,,,,,,,,,,,0.0,36.2,249.0,8.4,320.0,,148.0,66.0,8.0,
2018-11-15,156.5,87.05,17.34,260.89,6.82,2.69,1.75,4.38,0.0,0.0,0.0,0.0,7.64,6.42,96.0,38.0,,,7.85,0.0,0.0,0.0,0.0,2.92,1.34,3185.0,16375.0,66.0,6273.0,96.0,38.0,,,7.84,0.0,0.0,0.0,0.0,2.99,1.42,3328.0,16240.0,66.4,6752.0,13025,,,,8.18,6860.0,2553.0,2476.0,,,175.0,7.91,0.0,15100.0,53.0,4.05,4.2,1.62,0.0,36.8,161.0,7.88,0.0,15400.0,42.0,4.57,3.4,1.9,0.0,37.0,251.0,8.42,420.0,,,137.75,42.0,10.9,,,,,,,,,,,,,,,,,,0.0,37.0,251.0,8.42,420.0,,137.75,42.0,10.9,
2018-11-16,128.14,89.45,12.88,230.46999999999997,0.0,0.0,0.0,0.0,0.0,0.0,0.0,0.0,0.0,0.0,94.0,0.0,,,0.0,0.0,0.0,0.0,0.0,0.0,0.0,0.0,0.0,0.0,6496.0,94.0,0.0,,,0.0,0.0,0.0,0.0,0.0,0.0,0.0,0.0,0.0,0.0,6934.0,13430,,,,,,,,,,158.0,0.0,0.0,0.0,0.0,0.0,0.0,0.0,0.0,0.0,151.0,0.0,0.0,0.0,0.0,0.0,0.0,0.0,0.0,0.0,241.0,,,,,,,,,,,,,,,,,,,,,,,,,0.0,0.0,241.0,,,,,,,
2018-11-17,183.48,0.0,18.61,202.08999999999997,0.0,0.0,0.0,0.0,0.0,0.0,0.0,0.0,0.0,0.0,96.0,0.0,,,0.0,0.0,0.0,0.0,0.0,0.0,0.0,0.0,0.0,0.0,6314.0,96.0,0.0,,,0.0,0.0,0.0,0.0,0.0,0.0,0.0,0.0,0.0,0.0,6712.0,13026,,,,,,,,,,117.0,0.0,0.0,0.0,0.0,0.0,0.0,0.0,0.0,0.0,163.0,0.0,0.0,0.0,0.0,0.0,0.0,0.0,0.0,0.0,250.0,,,,,,,,,,,,,,,,,,,,,,,,,0.0,0.0,250.0,,,,,,,
2018-11-18,0.0,41.6,0.0,41.6,0.0,0.0,0.0,0.0,0.0,0.0,0.0,0.0,0.0,0.0,118.0,0.0,,,0.0,0.0,0.0,0.0,0.0,0.0,0.0,0.0,0.0,0.0,7606.0,118.0,0.0,,,0.0,0.0,0.0,0.0,0.0,0.0,0.0,0.0,0.0,0.0,8207.0,15813,,,,,,,,,,165.0,0.0,0.0,0.0,0.0,0.0,0.0,0.0,0.0,0.0,155.0,0.0,0.0,0.0,0.0,0.0,0.0,0.0,0.0,0.0,250.0,,,,,,,,,,,,,,,,,,,,,,,,,0.0,0.0,250.0,,,,,,,
2018-11-19,103.34,114.24,19.71,237.29,6.79,2.62,0.79,4.14,180970.0,0.0,0.0,0.0,7.77,6.3,120.0,38.0,,,7.87,27771.0,5036.0,0.0,3659.0,2.88,1.51,3155.0,16178.0,65.9,7479.0,120.0,38.0,,,7.88,37206.0,5750.0,0.0,4714.0,2.88,1.41,3259.0,15978.0,65.7,8036.0,15515,,,,8.23,6780.0,2687.7,1945.0,210.0,,184.0,0.0,0.0,0.0,0.0,0.0,0.0,0.0,0.0,0.0,160.0,8.01,140.52,18220.0,51.0,3.87,4.7,0.11,8.7,36.7,238.0,8.45,440.0,,,139.73,49.0,10.2,,,,,,,,,,,,,,,,,,8.7,36.7,238.0,8.45,440.0,,139.73,49.0,10.2,
2018-11-20,182.34,88.86,17.34,288.53999999999996,6.8,2.68,1.25,4.19,0.0,0.0,0.0,0.0,7.58,6.09,120.0,38.0,,,7.85,0.0,0.0,0.0,0.0,2.89,1.49,3208.0,16178.0,65.7,6869.0,120.0,38.0,,,7.86,0.0,0.0,0.0,0.0,2.92,1.45,3384.0,16027.0,65.5,7488.0,14357,,,,8.18,6250.0,2580.0,1897.0,,,169.0,7.89,0.0,17600.0,50.0,4.98,4.5,0.0,0.0,,199.0,8.04,0.0,17400.0,47.0,4.02,3.3,0.0,0.0,38.0,237.0,8.34,420.0,,,135.0,49.0,8.0,,,,,,,,,,,,,,,,,,0.0,38.0,237.0,8.34,420.0,,135.0,49.0,8.0,
2018-11-21,157.28,87.65,17.34,262.27,6.91,2.09,1.62,4.26,0.0,0.0,0.0,0.0,6.93,5.09,120.0,38.1,,,7.84,0.0,0.0,0.0,0.0,2.92,1.38,3155.0,16200.0,65.7,6551.0,120.0,38.1,,,7.84,0.0,0.0,0.0,0.0,2.89,1.7,3268.0,15957.0,65.7,7160.0,13711,,,,8.25,6480.0,2689.0,2649.0,,,171.0,8.02,0.0,15780.0,43.0,6.17,5.3,0.0,0.0,37.5,159.0,8.05,0.0,14500.0,45.0,6.7,5.0,0.0,0.0,36.9,242.0,8.32,400.0,,,138.08,47.0,6.4,,,,,,,,,,,,,,,,,,0.0,36.9,242.0,8.32,400.0,,138.08,47.0,6.4,
2018-11-22,153.76,78.94,14.66,247.35999999999999,6.82,2.03,1.26,4.25,0.0,0.0,0.0,0.0,6.96,5.8,120.0,38.1,,,7.9,0.0,0.0,0.0,0.0,2.76,1.3,3142.0,16485.0,65.7,6492.0,120.0,38.1,,,7.89,0.0,0.0,0.0,0.0,2.79,1.27,3220.0,16320.0,65.6,7035.0,13527,,,,8.21,6680.0,2766.0,2581.0,,,190.0,7.98,0.0,15720.0,43.0,4.25,4.3,0.0,0.0,37.0,172.0,8.02,0.0,12080.0,41.0,5.01,4.8,0.0,0.0,38.1,238.0,8.28,260.0,,,142.64,39.0,6.2,,,,,,,,,,,,,,,,,,0.0,38.1,238.0,8.28,260.0,,142.64,39.0,6.2,
2018-11-23,177.75,77.22,11.8,266.77,0.0,0.0,0.0,0.0,0.0,0.0,0.0,0.0,0.0,0.0,120.0,0.0,,,0.0,0.0,0.0,0.0,0.0,0.0,0.0,0.0,0.0,0.0,6291.0,120.0,0.0,,,0.0,0.0,0.0,0.0,0.0,0.0,0.0,0.0,0.0,0.0,6838.0,13129,,,,,,,,,,221.0,0.0,0.0,0.0,0.0,0.0,0.0,0.0,0.0,0.0,178.0,0.0,0.0,0.0,0.0,0.0,0.0,0.0,0.0,0.0,242.0,,,,,,,,,,,,,,,,,,,,,,,,,0.0,0.0,242.0,,,,,,,
2018-11-24,132.11,0.0,20.74,152.85000000000002,0.0,0.0,0.0,0.0,0.0,0.0,0.0,0.0,0.0,0.0,120.0,0.0,,,0.0,0.0,0.0,0.0,0.0,0.0,0.0,0.0,0.0,0.0,6220.0,120.0,0.0,,,0.0,0.0,0.0,0.0,0.0,0.0,0.0,0.0,0.0,0.0,6841.0,13061,,,,,,,,,,150.0,0.0,0.0,0.0,0.0,0.0,0.0,0.0,0.0,0.0,178.0,0.0,0.0,0.0,0.0,0.0,0.0,0.0,0.0,0.0,246.0,,,,,,,,,,,,,,,,,,,,,,,,,0.0,0.0,246.0,,,,,,,
2018-11-25,0.0,90.22,0.0,90.22,0.0,0.0,0.0,0.0,0.0,0.0,0.0,0.0,0.0,0.0,120.0,0.0,,,0.0,0.0,0.0,0.0,0.0,0.0,0.0,0.0,0.0,0.0,6229.0,120.0,0.0,,,0.0,0.0,0.0,0.0,0.0,0.0,0.0,0.0,0.0,0.0,6937.0,13166,,,,,,,,,,189.0,0.0,0.0,0.0,0.0,0.0,0.0,0.0,0.0,0.0,180.0,0.0,0.0,0.0,0.0,0.0,0.0,0.0,0.0,0.0,246.0,,,,,,,,,,,,,,,,,,,,,,,,,0.0,0.0,246.0,,,,,,,
2018-11-26,104.16,88.43,21.55,214.14000000000001,7.05,2.27,1.53,4.23,151878.0,0.0,0.0,0.0,6.74,5.3,120.0,38.1,,,7.85,33549.0,4485.0,0.0,3647.8,2.76,1.4,3355.0,16745.0,65.1,5886.0,120.0,38.0,,,7.86,27945.0,5446.0,0.0,4174.0,2.66,1.35,3278.0,16542.0,65.2,6477.0,12363,,,,8.17,8100.0,2726.0,2187.0,205.0,,128.0,8.08,142.44,,46.0,5.2,5.2,0.11,8.8,40.8,183.0,8.01,141.25,16340.0,48.0,7.64,5.6,0.15,8.12,37.8,240.0,8.17,540.0,93.0,,141.47,47.0,8.3,,,,,,,,,,,,,,,,,,8.12,37.8,240.0,8.17,540.0,93.0,141.47,47.0,8.3,
2018-11-27,156.45,80.75,22.99,260.19,6.97,2.73,1.67,3.98,0.0,0.0,0.0,0.0,6.55,5.35,120.0,38.0,,,7.91,0.0,0.0,0.0,3647.8,2.72,1.38,3175.0,16848.0,65.2,5553.0,120.0,38.0,,,7.92,0.0,0.0,0.0,4174.0,2.68,1.17,3220.0,16690.0,65.4,6105.0,11658,,,,8.4,7440.0,2718.0,2235.0,,,228.0,8.03,0.0,13120.0,49.0,6.13,5.4,0.0,0.0,38.3,186.0,8.1,0.0,15300.0,46.0,5.2,5.12,0.0,0.0,36.7,385.0,8.3,740.0,,,145.0,49.0,7.0,,,,,,,,,,,,,,,,,,0.0,36.7,385.0,8.3,740.0,,145.0,49.0,7.0,
2018-11-28,157.27,73.78,19.65,250.70000000000002,6.82,2.83,1.87,4.2,0.0,0.0,0.0,0.0,6.43,5.17,120.0,38.0,,,7.83,0.0,0.0,0.0,0.0,2.77,1.26,3251.0,16750.0,65.3,5332.0,120.0,38.0,,,7.82,0.0,0.0,0.0,0.0,2.85,1.35,3284.0,16380.0,65.4,5918.0,11250,,,,8.15,8120.0,2612.0,2185.0,,,230.0,8.01,0.0,15560.0,51.0,6.02,5.6,0.0,0.0,37.0,185.0,7.93,0.0,17720.0,47.0,5.75,5.2,0.0,0.0,37.7,359.0,8.18,1320.0,,,146.0,52.0,12.4,,,,,,,,,,,,,,,,,,0.0,37.7,359.0,8.18,1320.0,,146.0,52.0,12.4,
2018-11-29,156.92,89.19,20.05,266.15999999999997,7.39,3.07,1.66,4.16,0.0,0.0,0.0,0.0,6.45,5.37,120.0,38.0,,,7.77,0.0,0.0,0.0,0.0,2.67,1.31,3560.0,16938.0,65.3,5429.0,120.0,38.0,,,7.76,0.0,0.0,0.0,0.0,2.64,1.15,3450.0,15888.0,65.1,6009.0,11438,,,,8.17,6920.0,2668.0,2435.0,,,197.0,8.02,0.0,16480.0,57.0,3.91,5.0,0.0,0.0,37.7,187.0,7.98,0.0,20420.0,59.0,3.9,5.0,0.0,0.0,36.9,216.0,8.2,500.0,,,141.17,43.0,8.0,,,,,,,,,,,,,,,,,,0.0,36.9,216.0,8.2,500.0,,141.17,43.0,8.0,
2018-11-30,126.98,122.67,22.58,272.23,0.0,0.0,0.0,0.0,0.0,0.0,0.0,0.0,0.0,0.0,120.0,0.0,,,0.0,0.0,0.0,0.0,0.0,0.0,0.0,0.0,0.0,0.0,5614.0,120.0,0.0,,,0.0,0.0,0.0,0.0,0.0,0.0,0.0,0.0,0.0,0.0,6275.0,11889,,,,,,,,,,201.0,0.0,0.0,0.0,0.0,0.0,0.0,0.0,0.0,0.0,189.0,0.0,0.0,0.0,0.0,0.0,0.0,0.0,0.0,0.0,293.0,,,,,,,,,,,,,,,,,,,,,,,,,0.0,0.0,293.0,,,,,,,
2018-12-01,212.67,0.0,22.33,235.0,0.0,0.0,0.0,0.0,0.0,0.0,0.0,0.0,0.0,0.0,120.0,0.0,,,0.0,0.0,0.0,0.0,0.0,0.0,0.0,0.0,0.0,0.0,5723.0,120.0,0.0,,,0.0,0.0,0.0,0.0,0.0,0.0,0.0,0.0,0.0,0.0,6369.0,12092,,,,,,,,,,203.0,0.0,0.0,0.0,0.0,0.0,0.0,0.0,0.0,0.0,193.0,0.0,0.0,0.0,0.0,0.0,0.0,0.0,0.0,0.0,204.0,,,,,,,,,,,,,,,,,,,,,,,,,0.0,0.0,204.0,,,,,,,
2018-12-02,0.0,80.65,0.0,80.65,0.0,0.0,0.0,0.0,0.0,0.0,0.0,0.0,0.0,0.0,120.0,0.0,,,0.0,0.0,0.0,0.0,0.0,0.0,0.0,0.0,0.0,0.0,6356.0,120.0,0.0,,,0.0,0.0,0.0,0.0,0.0,0.0,0.0,0.0,0.0,0.0,7086.0,13442,,,,,,,,,,201.0,0.0,0.0,0.0,0.0,0.0,0.0,0.0,0.0,0.0,217.0,0.0,0.0,0.0,0.0,0.0,0.0,0.0,0.0,0.0,259.0,,,,,,,,,,,,,,,,,,,,,,,,,0.0,0.0,259.0,,,,,,,
2018-12-03,126.53,40.16,23.09,189.78,6.68,4.51,2.99,4.0,142894.0,0.0,0.0,0.0,7.05,5.52,120.0,38.3,,,7.89,25020.0,4914.0,0.0,3545.7,2.67,1.1,3562.0,16778.0,64.3,5809.0,120.0,38.0,,,7.85,29369.0,5813.0,0.0,4121.8,2.85,1.16,3643.0,16158.0,64.7,6426.0,12235,,,,8.15,6240.0,2598.0,2259.0,241.7,,217.0,7.95,135.7,14320.0,43.1,4.81,5.1,0.12,14.2,37.1,183.0,7.97,136.2,13840.0,44.2,5.02,5.3,0.15,13.4,37.0,286.0,8.19,540.0,,,136.19,44.0,14.2,,,,,,,,,,,,,,,,,,13.4,37.0,286.0,8.19,540.0,,136.19,44.0,14.2,
2018-12-04,181.78,88.29,29.1,299.17,6.72,2.31,1.65,3.99,0.0,0.0,0.0,0.0,7.14,5.72,120.0,37.9,,,7.78,0.0,0.0,0.0,0.0,2.65,1.2,3420.0,16678.0,65.0,5958.0,120.0,38.3,,,7.78,0.0,0.0,0.0,0.0,2.82,1.34,3562.0,16348.0,64.6,6656.0,12614,,,,8.07,6220.0,2641.6,2067.0,,,202.0,8.1,0.0,16220.0,49.0,4.5,6.0,0.0,0.0,36.9,211.0,8.09,0.0,16740.0,41.0,5.01,4.6,0.0,0.0,36.8,267.0,8.35,460.0,,,136.7,38.0,5.9,,,,,,,,,,,,,,,,,,0.0,36.8,267.0,8.35,460.0,,136.7,38.0,5.9,
2018-12-05,182.52,90.07,16.95,289.54,7.09,2.14,1.47,4.02,0.0,0.0,0.0,0.0,7.05,5.52,120.0,38.0,,,7.8,0.0,0.0,0.0,0.0,2.7,1.22,3622.0,16478.0,65.2,5879.0,120.0,37.9,,,7.79,0.0,0.0,0.0,0.0,2.68,1.17,3485.0,16308.0,65.4,6462.0,12341,,,,8.05,5960.0,2612.2,2123.0,,,202.0,8.13,0.0,12720.0,40.9,4.88,5.12,0.0,0.0,37.4,199.0,8.09,0.0,15580.0,40.4,4.92,5.35,0.0,0.0,37.8,167.0,8.28,720.0,,,136.2,40.0,12.0,,,,,,,,,,,,,,,,,,0.0,37.8,167.0,8.28,720.0,,136.2,40.0,12.0,
2018-12-06,157.17,121.22,18.32,296.71,7.0,2.44,1.57,4.01,0.0,0.0,0.0,0.0,7.05,5.52,120.0,37.9,,,7.77,0.0,0.0,0.0,0.0,2.77,1.3,3790.0,16370.0,65.2,5975.0,120.0,37.9,,,7.76,0.0,0.0,0.0,0.0,3.05,1.36,3721.0,16285.0,65.0,6501.0,12476,,,,8.11,29460.0,2617.4,3518.0,,,200.0,8.05,0.0,15300.0,45.0,5.01,5.18,0.0,0.0,37.1,199.0,8.02,0.0,17300.0,41.0,4.92,5.03,0.0,0.0,36.8,262.0,8.24,480.0,,,139.89,46.0,12.0,,,,,,,,,,,,,,,,,,0.0,36.8,262.0,8.24,480.0,,139.89,46.0,12.0,
2018-12-07,155.76,37.09,22.21,215.06,7.05,4.8,3.35,4.05,0.0,0.0,0.0,0.0,7.1,5.49,120.0,37.8,,,7.77,0.0,0.0,0.0,0.0,2.67,1.07,3905.0,16425.0,65.4,6090.0,120.0,37.8,,,7.78,0.0,0.0,0.0,0.0,2.46,1.05,3802.0,16388.0,65.4,6530.0,12620,,,,8.1,8780.0,,,,,155.0,7.99,0.0,16840.0,0.0,0.0,0.0,0.0,0.0,37.0,196.0,8.01,0.0,17700.0,0.0,0.0,0.0,0.0,0.0,37.8,296.0,8.23,460.0,,,,,,,,,,,,,,,,,,,,,,,0.0,37.8,296.0,8.23,460.0,,,,,
2018-12-08,129.36,89.3,16.63,235.29000000000002,0.0,0.0,0.0,0.0,0.0,0.0,0.0,0.0,0.0,0.0,120.0,0.0,,,0.0,0.0,0.0,0.0,0.0,0.0,0.0,0.0,0.0,0.0,6218.0,120.0,0.0,,,0.0,0.0,0.0,0.0,0.0,0.0,0.0,0.0,0.0,0.0,6750.0,12968,,,,,,,,,,200.0,0.0,0.0,0.0,0.0,0.0,0.0,0.0,0.0,0.0,196.0,0.0,0.0,0.0,0.0,0.0,0.0,0.0,0.0,0.0,162.0,,,,,,,,,,,,,,,,,,,,,,,,,0.0,0.0,162.0,,,,,,,
2018-12-09,0.0,0.0,0.0,0.0,0.0,0.0,0.0,0.0,0.0,0.0,0.0,0.0,0.0,0.0,120.0,0.0,,,0.0,0.0,0.0,0.0,0.0,0.0,0.0,0.0,0.0,0.0,6401.0,120.0,0.0,,,0.0,0.0,0.0,0.0,0.0,0.0,0.0,0.0,0.0,0.0,6914.0,13315,,,,,,,,,,203.0,0.0,0.0,0.0,0.0,0.0,0.0,0.0,0.0,0.0,149.0,0.0,0.0,0.0,0.0,0.0,0.0,0.0,0.0,0.0,308.0,,,,,,,,,,,,,,,,,,,,,,,,,0.0,0.0,308.0,,,,,,,
2018-12-10,157.09,88.79,22.12,268.0,7.12,1.85,1.08,3.98,179013.0,0.0,0.0,0.0,7.09,5.63,120.0,38.1,,,7.8,36844.0,6598.0,0.0,4501.0,2.72,1.29,3257.0,15398.0,65.0,6066.0,120.0,38.1,,,7.81,31054.0,6541.0,0.0,4482.0,2.71,1.19,3380.0,15068.0,65.2,6480.0,12546,,,,8.15,9420.0,2741.9,2515.0,285.9,,205.0,0.0,0.0,0.0,0.0,0.0,0.0,0.0,0.0,37.6,197.0,8.03,141.95,16220.0,65.0,6.12,5.52,0.13,23.2,37.9,307.0,8.24,500.0,101.0,,141.46,52.0,10.4,,,,,,,,,,,,,,,,,,23.2,37.9,307.0,8.24,500.0,101.0,141.46,52.0,10.4,
2018-12-11,129.2,79.67,19.81,228.68,7.3,2.12,1.45,4.08,0.0,0.0,0.0,0.0,6.33,4.96,120.0,38.1,,,7.78,0.0,0.0,0.0,0.0,2.69,1.11,3325.0,15288.0,65.0,5734.0,120.0,37.9,,,7.79,0.0,0.0,0.0,0.0,2.74,1.06,3360.0,15124.0,65.1,6115.0,11849,,,,8.15,7920.0,2662.3,2205.0,,,203.0,8.12,0.0,16200.0,58.0,4.95,5.07,0.0,0.0,37.7,196.0,8.1,0.0,16440.0,66.0,5.23,5.3,0.0,0.0,37.0,305.0,8.23,240.0,,,137.46,50.0,5.6,,,,,,,,,,,,,,,,,,0.0,37.0,305.0,8.23,240.0,,137.46,50.0,5.6,
2018-12-12,206.37,77.75,16.77,300.89,6.8,2.12,1.26,3.97,0.0,0.0,0.0,0.0,7.29,5.79,120.0,37.9,,,7.78,0.0,0.0,0.0,0.0,2.46,1.0,3240.0,15298.0,65.3,5961.0,120.0,37.9,,,7.77,0.0,0.0,0.0,0.0,2.73,1.24,3452.0,15220.0,65.2,6372.0,12333,,,,8.2,8660.0,2795.9,2764.0,,,204.0,7.8,0.0,17400.0,70.0,6.24,5.53,0.0,0.0,37.6,195.0,7.92,0.0,16900.0,51.0,5.01,5.12,0.0,0.0,36.8,302.0,8.4,560.0,,,144.38,38.0,8.2,,,,,,,,,,,,,,,,,,0.0,36.8,302.0,8.4,560.0,,144.38,38.0,8.2,
2018-12-13,152.84,87.53,16.99,257.36,7.05,2.3,1.64,3.96,0.0,0.0,0.0,0.0,7.5,6.18,120.0,38.0,,,7.85,0.0,0.0,0.0,0.0,2.67,1.3,3205.0,15527.0,65.2,6297.0,120.0,38.0,,,7.79,0.0,0.0,0.0,0.0,2.55,1.25,3348.0,15438.0,64.8,6693.0,12990,,,,8.23,10400.0,2697.8,2345.0,,,206.0,7.85,0.0,16480.0,57.0,5.23,4.4,0.0,0.0,37.0,201.0,7.93,0.0,15280.0,53.0,4.98,3.5,0.0,0.0,36.8,299.0,8.32,400.0,,,137.39,48.0,4.9,,,,,,,,,,,,,,,,,,0.0,36.8,299.0,8.32,400.0,,137.39,48.0,4.9,
2018-12-14,181.48,89.03,19.62,290.13,7.25,1.95,1.08,3.92,0.0,0.0,0.0,0.0,6.96,5.59,120.0,38.0,,,7.79,0.0,0.0,0.0,0.0,2.88,1.31,3082.0,15690.0,65.0,6153.0,120.0,38.3,,,7.76,0.0,0.0,0.0,0.0,2.75,1.15,3245.0,15625.0,65.0,6571.0,12724,,,,8.21,8000.0,,,,,209.0,7.94,0.0,14160.0,0.0,0.0,0.0,0.0,0.0,36.9,202.0,8.0,0.0,15820.0,0.0,0.0,0.0,0.0,0.0,37.4,255.0,8.29,440.0,,,,,,,,,,,,,,,,,,,,,,,0.0,37.4,255.0,8.29,440.0,,,,,
2018-12-15,79.76,80.2,15.68,175.64000000000001,0.0,0.0,0.0,0.0,0.0,0.0,0.0,0.0,0.0,0.0,120.0,0.0,,,0.0,0.0,0.0,0.0,0.0,0.0,0.0,0.0,0.0,0.0,6248.0,120.0,0.0,,,0.0,0.0,0.0,0.0,0.0,0.0,0.0,0.0,0.0,0.0,6625.0,12873,,,,,,,,,,196.0,0.0,0.0,0.0,0.0,0.0,0.0,0.0,0.0,0.0,182.0,0.0,0.0,0.0,0.0,0.0,0.0,0.0,0.0,0.0,296.0,,,,,,,,,,,,,,,,,,,,,,,,,0.0,0.0,296.0,,,,,,,
2018-12-16,0.0,0.0,0.0,0.0,0.0,0.0,0.0,0.0,0.0,0.0,0.0,0.0,0.0,0.0,120.0,0.0,,,0.0,0.0,0.0,0.0,0.0,0.0,0.0,0.0,0.0,0.0,6348.0,120.0,0.0,,,0.0,0.0,0.0,0.0,0.0,0.0,0.0,0.0,0.0,0.0,6800.0,13148,,,,,,,,,,190.0,0.0,0.0,0.0,0.0,0.0,0.0,0.0,0.0,0.0,208.0,0.0,0.0,0.0,0.0,0.0,0.0,0.0,0.0,0.0,290.0,,,,,,,,,,,,,,,,,,,,,,,,,0.0,0.0,290.0,,,,,,,
2018-12-17,185.09,77.82,24.23,287.14,6.53,2.15,1.58,3.95,176997.0,0.0,0.0,0.0,6.8,5.53,120.0,38.0,,,7.79,25189.0,5167.0,0.0,0.0,2.68,1.41,3095.0,15893.0,65.2,6175.0,120.0,38.0,,,7.82,24279.0,4957.0,0.0,0.0,2.5,1.26,3137.0,15723.0,65.1,6586.0,12761,,,,7.99,10460.0,2763.0,2400.0,371.4,,171.0,7.7,141.31,16100.0,52.0,5.5,4.8,0.12,8.7,37.8,189.0,7.78,141.18,15680.0,44.0,4.92,3.6,0.1,7.9,37.9,262.0,8.25,680.0,,,141.24,50.0,8.6,,,,,,,,,,,,,,,,,,7.9,37.9,262.0,8.25,680.0,,141.24,50.0,8.6,
2018-12-18,147.69,89.72,15.83,253.24,0.0,0.0,0.0,0.0,0.0,0.0,0.0,0.0,0.0,0.0,120.0,0.0,,,0.0,0.0,0.0,0.0,0.0,0.0,0.0,0.0,0.0,0.0,6149.0,120.0,0.0,,,0.0,0.0,0.0,0.0,0.0,0.0,0.0,0.0,0.0,0.0,6548.0,12697,,,,0.0,,,,,,218.0,0.0,0.0,0.0,0.0,0.0,0.0,0.0,0.0,0.0,175.0,0.0,0.0,0.0,0.0,0.0,0.0,0.0,0.0,0.0,194.0,,,,,,,,,,,,,,,,,,,,,,,,,0.0,0.0,194.0,,,,,,,
2018-12-19,156.19,87.8,15.87,259.86,7.13,2.15,1.48,3.97,0.0,0.0,0.0,0.0,6.9,5.65,120.0,38.3,,,7.81,0.0,0.0,0.0,0.0,2.75,1.3,3158.0,16052.0,64.4,5891.0,120.0,37.9,,,7.79,0.0,0.0,0.0,0.0,2.84,1.34,3050.0,15985.0,65.0,6317.0,12208,,,,7.98,17740.0,2655.9,3107.0,,,218.0,7.69,0.0,18740.0,54.0,5.23,4.92,0.19,0.0,36.9,210.0,7.86,0.0,16440.0,41.0,4.85,3.85,0.13,0.0,36.9,216.0,8.28,1880.0,,,134.05,87.0,34.2,,,,,,,,,,,,,,,,,,0.0,36.9,216.0,8.28,1880.0,,134.05,87.0,34.2,
2018-12-20,157.29,78.97,17.68,253.94,6.98,2.24,1.66,3.95,0.0,0.0,0.0,0.0,6.79,5.52,120.0,37.9,,,7.77,0.0,0.0,0.0,0.0,2.64,1.29,3094.0,15930.0,64.7,5681.0,120.0,37.9,,,7.76,0.0,0.0,0.0,0.0,2.64,1.15,3120.0,16050.0,64.9,6037.0,11718,,,,8.02,14720.0,2561.3,2697.0,,,220.0,7.71,0.0,19220.0,79.0,6.41,5.23,0.15,0.0,37.6,205.0,7.85,0.0,16120.0,81.0,5.54,5.11,0.11,0.0,37.6,308.0,8.27,700.0,,,131.16,79.0,15.9,,,,,,,,,,,,,,,,,,0.0,37.6,308.0,8.27,700.0,,131.16,79.0,15.9,
2018-12-21,102.61,72.82,18.42,193.85000000000002,7.02,2.24,1.57,3.96,0.0,0.0,0.0,0.0,6.65,5.48,120.0,38.0,,,7.78,0.0,0.0,0.0,0.0,2.72,1.13,3154.0,15925.0,64.6,5705.0,120.0,38.0,,,7.78,0.0,0.0,0.0,0.0,2.68,1.17,3195.0,15880.0,64.8,5999.0,11704,,,,8.03,15800.0,2548.0,2482.0,,,207.0,7.75,0.0,17800.0,68.0,5.98,5.23,0.13,0.0,37.9,209.0,7.83,0.0,14160.0,72.0,5.62,5.11,,0.0,36.8,253.0,8.25,700.0,,,133.0,71.0,12.0,,,,,,,,,,,,,,,,,,0.0,36.8,253.0,8.25,700.0,,133.0,71.0,12.0,
2018-12-22,107.44,88.0,16.58,212.01999999999998,0.0,0.0,0.0,0.0,0.0,0.0,0.0,0.0,0.0,0.0,120.0,0.0,,,0.0,0.0,0.0,0.0,0.0,0.0,0.0,0.0,0.0,0.0,5985.0,120.0,0.0,,,0.0,0.0,0.0,0.0,0.0,0.0,0.0,0.0,0.0,0.0,6378.0,12363,,,,,,,,,,219.0,0.0,0.0,0.0,0.0,0.0,0.0,0.0,0.0,0.0,168.0,0.0,0.0,0.0,0.0,0.0,0.0,0.0,0.0,0.0,295.0,,,,,,,,,,,,,,,,,,,,,,,,,0.0,0.0,295.0,,,,,,,
2018-12-23,0.0,0.0,0.0,0.0,0.0,0.0,0.0,0.0,0.0,0.0,0.0,0.0,0.0,0.0,120.0,0.0,,,0.0,0.0,0.0,0.0,0.0,0.0,0.0,0.0,0.0,0.0,6121.0,120.0,0.0,,,0.0,0.0,0.0,0.0,0.0,0.0,0.0,0.0,0.0,0.0,6479.0,12600,,,,,,,,,,219.0,0.0,0.0,0.0,0.0,0.0,0.0,0.0,0.0,0.0,213.0,0.0,0.0,0.0,0.0,0.0,0.0,0.0,0.0,0.0,154.0,,,,,,,,,,,,,,,,,,,,,,,,,0.0,0.0,154.0,,,,,,,
2018-12-24,154.68,89.69,21.6,265.97,7.31,1.95,1.37,3.97,176752.0,0.0,0.0,0.0,6.58,5.41,103.0,38.0,,,7.79,33002.0,6303.0,0.0,4357.0,2.6,1.12,3085.0,15843.0,64.9,5146.0,103.0,38.0,,,7.78,36973.0,7082.0,0.0,4885.0,2.48,1.25,3128.0,15950.0,64.4,5423.0,10569,,,,8.09,9100.0,2612.6,2523.0,269.9,,130.0,0.0,0.0,0.0,0.0,0.0,0.0,0.0,0.0,0.0,196.0,7.8,135.98,14900.0,65.0,5.19,5.08,0.0,12.2,37.9,100.0,8.27,880.0,103.0,,135.96,66.0,6.4,,,,,,,,,,,,,,,,,,12.2,37.9,100.0,8.27,880.0,103.0,135.96,66.0,6.4,
2018-12-25,129.24,78.57,16.46,224.27,0.0,0.0,0.0,0.0,0.0,0.0,0.0,0.0,0.0,0.0,108.0,0.0,,,0.0,0.0,0.0,0.0,0.0,0.0,0.0,0.0,0.0,0.0,5113.0,108.0,0.0,,,0.0,0.0,0.0,0.0,0.0,0.0,0.0,0.0,0.0,0.0,5356.0,10469,,,,,,,,,,172.0,0.0,0.0,0.0,0.0,0.0,0.0,0.0,0.0,0.0,191.0,0.0,0.0,0.0,0.0,0.0,0.0,0.0,0.0,0.0,196.0,,,,,,,,,,,,,,,,,,,,,,,,,0.0,0.0,196.0,,,,,,,
2018-12-26,103.67,78.91,15.59,198.17,7.29,2.54,1.87,3.99,0.0,0.0,0.0,0.0,6.53,5.29,105.0,37.9,,,7.85,0.0,0.0,0.0,0.0,2.63,1.48,3105.0,15975.0,64.7,4932.0,104.0,38.0,,,7.83,0.0,0.0,0.0,0.0,2.66,1.54,3062.0,16100.0,64.7,5207.0,10139,,,,8.12,9060.0,2548.0,2191.0,,,202.0,7.81,0.0,13060.0,54.0,5.15,5.11,0.14,0.0,37.7,155.0,7.75,0.0,13300.0,52.0,4.96,5.08,0.1,0.0,37.8,154.0,8.23,600.0,,,133.85,56.0,13.8,,,,,,,,,,,,,,,,,,0.0,37.8,154.0,8.23,600.0,,133.85,56.0,13.8,
2018-12-27,180.22,62.61,17.14,259.96999999999997,7.08,2.16,1.19,4.01,0.0,0.0,0.0,0.0,6.34,5.36,100.0,37.9,,,7.79,0.0,0.0,0.0,0.0,2.57,1.2,3120.0,15753.0,65.2,4651.0,100.0,37.9,,,7.79,0.0,0.0,0.0,0.0,2.67,1.35,3265.0,15930.0,65.1,4866.0,9517,,,,8.15,7720.0,2454.1,2541.0,,,200.0,7.7,0.0,12360.0,89.0,7.31,7.0,0.0,0.0,0.0,174.0,7.78,0.0,16840.0,58.0,5.17,4.0,0.0,0.0,0.0,173.0,8.2,540.0,,,130.01,64.0,11.4,,,,,,,,,,,,,,,,,,0.0,0.0,173.0,8.2,540.0,,130.01,64.0,11.4,
2018-12-28,72.62,71.45,16.25,160.32,7.11,1.75,0.98,3.99,0.0,0.0,0.0,0.0,6.34,5.18,101.0,37.9,,,7.8,0.0,0.0,0.0,0.0,2.37,1.0,3086.0,15872.0,65.3,4595.0,101.0,37.9,,,7.79,0.0,0.0,0.0,0.0,2.46,1.05,3120.0,16005.0,65.2,4919.0,9514,,,,8.16,7285.0,2502.0,2485.0,,,168.0,0.0,0.0,0.0,0.0,0.0,0.0,0.0,0.0,0.0,176.0,7.75,0.0,15020.0,78.0,6.85,5.27,0.0,0.0,37.9,265.0,8.23,420.0,,,132.0,62.0,12.2,,,,,,,,,,,,,,,,,,0.0,37.9,265.0,8.23,420.0,,132.0,62.0,12.2,
2018-12-29,108.45,0.0,17.31,125.76,0.0,0.0,0.0,0.0,0.0,0.0,0.0,0.0,0.0,0.0,101.0,0.0,,,0.0,0.0,0.0,0.0,0.0,0.0,0.0,0.0,0.0,0.0,4604.0,101.0,0.0,,,0.0,0.0,0.0,0.0,0.0,0.0,0.0,0.0,0.0,0.0,4830.0,9434,,,,,,,,,,193.0,0.0,0.0,0.0,0.0,0.0,0.0,0.0,0.0,0.0,201.0,0.0,0.0,0.0,0.0,0.0,0.0,0.0,0.0,0.0,301.0,,,,,,,,,,,,,,,,,,,,,,,,,0.0,0.0,301.0,,,,,,,
2018-12-30,0.0,21.06,0.0,21.06,0.0,0.0,0.0,0.0,0.0,0.0,0.0,0.0,0.0,0.0,106.0,0.0,,,0.0,0.0,0.0,0.0,0.0,0.0,0.0,0.0,0.0,0.0,4900.0,105.0,0.0,,,0.0,0.0,0.0,0.0,0.0,0.0,0.0,0.0,0.0,0.0,5122.0,10022,,,,,,,,,,202.0,0.0,0.0,0.0,0.0,0.0,0.0,0.0,0.0,0.0,195.0,0.0,0.0,0.0,0.0,0.0,0.0,0.0,0.0,0.0,313.0,,,,,,,,,,,,,,,,,,,,,,,,,0.0,0.0,313.0,,,,,,,
2018-12-31,108.18,57.11,19.68,184.97000000000003,7.23,2.22,1.36,3.99,175598.0,0.0,0.0,0.0,6.03,4.86,93.0,38.0,,,7.77,36462.0,5151.0,0.0,3704.0,2.58,1.21,3055.0,15652.0,65.2,4143.0,94.0,38.0,,,7.78,39602.0,5146.0,0.0,3850.0,2.4,0.96,3098.0,15843.0,65.3,4410.0,8553,,,,7.83,10300.0,2359.9,2004.0,362.3,,156.0,7.35,120.5,20480.0,52.0,5.4,5.18,0.14,2.9,37.5,211.0,7.43,120.8,14700.0,47.0,3.91,4.92,0.11,2.3,37.5,285.0,8.13,550.0,,,120.7,38.0,3.4,,,,,,,,,,,,,,,,,,2.3,37.5,285.0,8.13,550.0,,120.7,38.0,3.4,
2019-01-01,77.88,88.65,13.17,179.7,7.21,1.97,1.38,3.98,178540.0,,,,5.84,4.84,96.0,38.0,,,7.78,,,,,2.48,1.11,3120.0,15825.0,65.0,4276.0,96.0,38.1,,,7.77,,,,,2.6,1.08,3085.0,15695.0,64.6,4107.0,8383,387.0,8.04,7840.0,7.85,9640.0,2405.0,2060.0,,0.0,182.0,7.42,,12020.0,51.0,5.21,5.05,,,37.0,193.0,7.51,,12860.0,50.0,4.6,4.92,,,37.3,284.0,8.15,520.0,,,124.0,48.0,6.0,30.0,,,,,,,,,,,,,,,,,,,,,,,,,,
2019-01-02,155.7,90.04,15.42,261.16,7.18,2.05,1.38,3.91,,,,,5.85,4.68,98.0,38.0,,,7.77,,,,,2.62,1.18,3206.0,15670.0,65.1,4242.0,98.0,38.0,,,7.76,,,,,2.57,1.06,3184.0,15555.0,64.9,4075.0,8317,377.0,8.05,5560.0,7.98,7980.0,2482.0,2097.0,,0.0,199.0,7.46,,13300.0,53.0,5.16,5.04,,,37.2,212.0,7.49,,12060.0,50.0,4.82,4.91,,,38.1,305.0,8.16,600.0,,,126.0,49.0,9.0,30.0,,,,,,,,,,,,,,,,,,,,,,,,,,
2019-01-03,103.03,114.13,16.24,233.4,7.1,2.75,2.36,4.1,,,,,5.73,4.57,100.0,38.1,,,7.82,,,,,2.47,1.1,3124.0,15880.0,65.1,4222.0,100.0,38.0,,,7.81,,,,,2.45,0.96,3200.0,15645.0,65.2,4013.0,8235,379.0,8.1,3260.0,7.99,7250.0,2451.0,2158.0,,0.0,205.0,7.42,,12700.0,51.0,4.94,5.01,,,37.9,187.0,7.51,,11320.0,56.0,5.18,5.21,,,37.6,301.0,8.2,660.0,,,126.0,47.0,6.0,30.0,,,,,,,,,,,,,,,,,,,,,,,,,,
2019-01-04,147.3,40.93,16.99,205.22000000000003,,,,,,,,,,,102.0,,,,,,,,,,,,,,4399.0,102.0,,,,,,,,,,,,,,4197.0,8596,348.0,,,,,,,,0.0,205.0,,,,,,,,,,152.0,,,,,,,,,,213.0,,,,,,,,30.0,,,,,,,,,,,,,,,,,,,,,,,,,,
2019-01-05,142.76,89.09,19.42,251.26999999999998,,,,,,,,,,,104.0,,,,,,,,,,,,,,4795.0,104.0,,,,,,,,,,,,,,4596.0,9391,331.0,,,,,,,,0.0,248.0,,,,,,,,,,187.0,,,,,,,,,,84.0,,,,,,,,30.0,,,,,,,,,,,,,,,,,,,,,,,,,,
2019-01-06,26.4,,,26.4,,,,,,,,,,,104.0,,,,,,,,,,,,,,5071.0,104.0,,,,,,,,,,,,,,4849.0,9920,334.0,,,,,,,,0.0,197.0,,,,,,,,,,186.0,,,,,,,,,,299.0,,,,,,,,30.0,,,,,,,,,,,,,,,,,,,,,,,,,,
2019-01-07,75.95,133.38,20.85,230.17999999999998,7.02,2.25,1.38,3.96,154860.0,,,,6.36,5.1,108.0,38.0,,,7.8,25623.0,3392.0,,2914.4,2.47,1.1,3305.0,15540.0,66.0,5156.0,108.0,37.9,,,7.79,26389.0,3853.0,,3110.8,2.55,1.15,3180.0,15270.0,65.6,4835.0,9991,297.0,8.12,10500.0,8.04,4480.0,2333.1,1827.0,166.6,1434.2,191.0,7.51,110.2,12740.0,65.0,43.0,5.5,0.21,10.4,37.7,181.0,7.48,107.69,11120.0,59.0,8.81,3.5,0.13,8.8,37.6,303.0,8.23,480.0,103.0,,111.36,43.0,7.3,30.0,,,,,,,,,,,,,,,,,,,,,,,,,,
2019-01-08,106.22,99.21,15.61,221.04000000000002,7.3,2.17,1.39,4.07,,,,,6.0,4.82,108.0,38.0,,,7.78,,,,,2.52,1.12,3215.0,15680.0,65.7,5003.0,108.0,38.0,,,7.81,,,,,2.59,1.07,3140.0,15420.0,65.7,4633.0,9636,332.0,8.15,1480.0,8.08,7380.0,2333.1,2054.0,,0.0,187.0,7.48,,10800.0,54.0,5.12,5.01,,,37.4,178.0,7.52,0.0,13460.0,52.0,4.92,3.86,,,37.0,329.0,8.19,460.0,,,108.0,46.0,6.0,30.0,,,,,,,,,,,,,,,,,,,,,,,,,,
2019-01-09,98.8,95.89,15.68,210.37,7.14,3.49,2.64,4.04,,,,,5.91,5.26,108.0,38.0,,,7.8,,,,,2.48,1.6,3184.0,15842.0,65.6,4910.0,108.0,38.0,,,7.81,,,,,2.39,1.45,3125.0,15600.0,65.4,4526.0,9436,364.0,8.22,2460.0,8.18,6280.0,2415.2,2135.4,,0.0,190.0,7.62,,11240.0,50.0,5.08,4.35,,,37.0,216.0,7.45,0.0,11160.0,53.0,5.23,5.12,,,37.8,339.0,8.3,500.0,,,110.3,45.0,7.0,30.0,,,,,,,,,,,,,,,,,,,,,,,,,,
2019-01-10,100.33,89.77,17.27,207.37,7.27,2.91,1.76,4.08,,,,,6.11,4.93,108.0,38.0,,,7.77,,,,,2.39,1.1,3205.0,15684.0,65.5,5014.0,108.0,38.0,,,7.76,,,,,2.37,0.94,3177.0,15555.0,65.4,4633.0,9647,361.0,8.25,3680.0,8.24,7220.0,2347.7,2209.0,,0.0,193.0,7.78,,10560.0,66.0,6.12,5.2,,,37.8,183.0,7.73,0.0,11120.0,69.0,6.33,5.8,,,37.4,329.0,8.32,440.0,,,120.97,48.0,4.9,30.0,,,,,,,,,,,,,,,,,,,,,,,,,,
2019-01-11,99.75,88.33,17.34,205.42,,,,,,,,,,,108.0,,,,,,,,,,,,,,5161.0,108.0,,,,,,,,,,,,,,4772.0,9933,360.0,,,,,,,,0.0,195.0,,,,,,,,,,221.0,,,,,,,,,,326.0,,,,,,,,31.0,,,,,,,,,,,,,,,,,,,,,,,,,,
2019-01-12,128.08,41.59,15.92,185.59,,,,,,,,,,,108.0,,,,,,,,,,,,,,5432.0,108.0,,,,,,,,,,,,,,5024.0,10456,327.0,,,,,,,,0.0,195.0,,,,,,,,,,182.0,,,,,,,,,,287.0,,,,,,,,32.0,,,,,,,,,,,,,,,,,,,,,,,,,,
2019-01-13,,42.45,,42.45,,,,,,,,,,,113.0,,,,,,,,,,,,,,5787.0,112.0,,,,,,,,,,,,,,5340.0,11127,319.0,,,,,,,,0.0,190.0,,,,,,,,,,217.0,,,,,,,,,,302.0,,,,,,,,34.0,,,,,,,,,,,,,,,,,,,,,,,,,,
2019-01-14,75.69,37.3,21.57,134.56,7.12,2.73,1.87,4.23,119773.0,,,,6.35,5.18,103.0,38.0,,,7.8,24481.0,4004.0,,3142.8,2.29,1.01,3198.0,15820.0,65.4,5175.0,104.0,38.0,,,7.77,22194.0,4285.0,,3338.2,2.37,1.15,3147.0,15643.0,65.3,4788.0,9963,334.0,8.26,2340.0,8.32,5860.0,1726.8,1949.0,196.6,1629.0,188.0,7.63,91.58,11140.0,51.0,5.29,4.4,0.11,2.3,37.6,135.0,7.77,91.45,11800.0,48.0,4.82,4.1,0.14,4.8,37.3,277.0,8.3,240.0,92.0,,91.15,39.0,3.9,30.0,,,,,,,,,,,,,,,,,,,,,,,,,,
2019-01-15,78.05,112.88,15.13,206.06,7.16,2.7,1.82,4.19,,,,,6.28,5.06,108.0,38.0,,,7.79,,,,,2.28,1.01,3085.0,15750.0,65.5,5236.0,108.0,38.0,,,7.77,,,,,2.36,1.15,3128.0,15885.0,65.2,4822.0,10058,283.0,8.2,2150.0,8.28,5430.0,2268.0,2097.0,,0.0,187.0,7.51,,11700.0,53.0,5.29,4.4,,,37.5,175.0,7.68,,12210.0,50.0,4.82,4.1,,,37.5,287.0,8.24,360.0,,,120.0,45.0,6.0,32.0,,,,,,,,,,,,,,,,,,,,,,,,,,
2019-01-16,104.05,108.65,14.8,227.5,7.28,2.16,1.49,4.23,,,,,5.99,4.98,108.0,38.0,,,7.81,,,,,2.31,1.05,3032.0,15923.0,65.7,4937.0,108.0,38.0,,,7.8,,,,,2.29,0.97,3068.0,15939.0,65.2,4556.0,9493,321.0,8.33,2520.0,8.25,5060.0,2605.1,2185.0,,0.0,189.0,7.64,,11050.0,57.0,5.58,4.7,,,37.5,174.0,7.8,,12060.0,48.0,4.92,4.23,,,37.6,284.0,8.37,360.0,,,134.59,41.0,4.2,32.0,,,,,,,,,,,,,,,,,,,,,,,,,,
2019-01-17,79.6,139.07,16.56,235.23,8.21,1.17,0.81,4.21,,,,,5.94,4.94,108.0,38.0,,,7.78,,,,,2.46,1.1,3102.0,15840.0,65.4,4859.0,108.0,38.0,,,7.77,,,,,2.34,1.04,3072.0,15905.0,65.3,4471.0,9330,253.0,8.35,3940.0,8.27,5260.0,2623.0,2163.0,,0.0,181.0,7.53,,10480.0,49.0,7.32,5.0,,,37.5,172.0,7.72,,11840.0,47.0,4.98,4.9,,,37.6,283.0,8.31,420.0,,,139.0,42.0,5.0,32.0,,,,,,,,,,,,,,,,,,,,,,,,,,
2019-01-18,100.01,36.27,17.85,154.13,8.19,2.8,1.82,4.18,,,,,6.03,4.9,108.0,38.0,,,7.79,,,,,2.18,1.0,3092.0,15785.0,65.1,4823.0,108.0,38.0,,,7.78,,,,,2.4,1.07,3090.0,15890.0,65.0,4441.0,9264,258.0,8.31,5120.0,8.25,7240.0,2640.0,2138.0,,0.0,178.0,7.54,,9080.0,50.0,6.16,5.0,,,37.4,172.0,7.51,,10580.0,49.0,4.75,4.9,,,38.0,247.0,8.34,160.0,,,140.0,44.0,5.0,32.0,,,,,,,,,,,,,,,,,,,,,,,,,,
2019-01-19,128.69,89.88,14.72,233.29,,,,,,,,,,,108.0,,,,,,,,,,,,,,5132.0,108.0,,,,,,,,,,,,,,4726.0,9858,362.0,,,,,,,,0.0,192.0,,,,,,,,,,181.0,,,,,,,,,,283.0,,,,,,,,32.0,,,,,,,,,,,,,,,,,,,,,,,,,,
2019-01-20,,46.61,,46.61,,,,,,,,,,,108.0,,,,,,,,,,,,,,5339.0,108.0,,,,,,,,,,,,,,4925.0,10264,333.0,,,,,,,,0.0,193.0,,,,,,,,,,186.0,,,,,,,,,,190.0,,,,,,,,32.0,,,,,,,,,,,,,,,,,,,,,,,,,,
2019-01-21,72.71,41.64,21.86,136.20999999999998,4.0,2.16,1.58,7.1,106476.0,,,,6.21,5.12,108.0,37.8,,,7.83,22441.0,4384.0,,3170.0,2.26,1.0,3054.0,16058.0,65.5,5016.0,108.0,37.9,,,7.85,18966.0,3715.0,,3088.0,2.48,1.16,2988.0,16103.0,35.2,4604.0,9620,314.0,8.31,3320.0,8.34,4780.0,2378.0,2160.0,187.0,0.0,169.0,7.62,130.0,8240.0,59.0,13.63,4.9,0.18,6.0,37.2,186.0,7.68,129.0,9000.0,54.0,7.46,7.5,0.12,4.0,37.9,239.0,8.33,340.0,96.0,,128.0,46.0,4.0,32.0,,,,,,,,,,,,,,,,,,,,,,,,,,
2019-01-22,78.49,77.69,14.21,170.39000000000001,7.12,2.71,1.86,4.05,,,,,6.17,5.02,108.0,38.0,,,7.82,,,,3169.5,2.4,1.11,2931.0,16105.0,65.4,4860.0,109.0,38.0,,,7.84,,,,3088.4,2.47,1.06,2954.0,16008.0,35.2,4518.0,9378,306.0,8.29,2000.0,8.31,3860.0,2334.2,2135.0,,0.0,216.0,7.54,,9380.0,64.0,14.68,9.62,,,37.1,152.0,7.62,,9020.0,89.0,8.0,12.7,,,38.0,285.0,8.31,300.0,,,141.58,44.0,4.3,32.0,,,,,,,,,,,,,,,,,,,,,,,,,,
2019-01-23,78.1,75.64,11.35,165.09,7.01,3.05,2.18,4.02,106476.0,,,,6.29,4.84,108.0,38.0,,,7.8,22441.0,,,,2.37,1.05,3021.0,16061.0,65.3,4932.0,108.0,38.0,,,7.79,18966.0,,,,2.19,0.96,3089.0,15984.0,65.5,4559.0,9491,310.0,8.34,2260.0,8.3,3690.0,2317.0,2163.4,,0.0,150.0,7.46,,9180.0,61.0,5.83,6.71,,,37.1,177.0,7.58,,9080.0,68.0,6.92,8.41,,,38.0,281.0,8.33,420.0,,,138.1,51.2,6.1,32.0,,,,,,,,,,,,,,,,,,,,,,,,,,
2019-01-24,103.23,135.75,20.83,259.81,6.65,3.94,2.86,4.27,113551.0,,,,6.23,5.23,108.0,38.1,,,7.69,22691.0,,,,2.3,1.07,2994.0,15890.0,64.7,4985.0,108.0,38.1,,,7.68,20399.0,,,,2.24,1.08,2943.0,15753.0,64.6,4646.0,9631,274.0,8.12,2720.0,8.17,3720.0,2091.1,2292.0,,0.0,184.0,7.53,,9460.0,138.0,14.56,6.0,,,37.5,177.0,7.5,,8440.0,194.0,5.17,15.1,,,37.9,280.0,8.12,340.0,,,114.94,130.0,2.8,45.0,,,,,,,,,,,,,,,,,,,,,,,,,,
2019-01-25,110.42,102.71,17.23,230.35999999999999,,,,,,,,,,,105.0,,,,,,,,,,,,,,4694.0,105.0,,,,,,,,,,,,,,4388.0,9082,354.0,,,,,,,,0.0,152.0,,,,,,,,,,142.0,,,,,,,,,,309.0,,,,,,,,40.0,,,,,,,,,,,,,,,,,,,,,,,,,,
2019-01-26,130.16,40.81,15.25,186.22,,,,,,,,,,,106.0,,,,,,,,,,,,,,4805.0,106.0,,,,,,,,,,,,,,4599.0,9404,322.0,,,,,,,,0.0,191.0,,,,,,,,,,182.0,,,,,,,,,,317.0,,,,,,,,34.0,,,,,,,,,,,,,,,,,,,,,,,,,,
2019-01-27,23.38,41.3,,64.67999999999999,,,,,,,,,,,106.0,,,,,,,,,,,,,,5458.0,106.0,,,,,,,,,,,,,,4998.0,10456,339.0,,,,,,,,0.0,150.0,,,,,,,,,,159.0,,,,,,,,,,315.0,,,,,,,,32.0,,,,,,,,,,,,,,,,,,,,,,,,,,
2019-01-28,76.93,36.75,21.91,135.59,6.7,3.46,2.4,4.19,118913.0,,,,7.07,5.6,108.0,38.1,,,7.67,25393.0,4152.0,,2969.9,2.34,1.13,2785.0,15452.0,63.9,5489.0,108.0,38.1,,,7.65,22750.0,4208.0,,3118.3,2.29,0.97,2801.0,15380.0,63.8,5083.0,10572,93.0,8.1,2460.0,8.2,8300.0,2434.9,2581.0,251.8,2058.0,187.0,7.59,128.13,,54.0,8.88,6.2,0.13,6.12,37.6,184.0,7.62,126.84,12660.0,73.0,19.85,5.3,0.29,7.44,37.6,306.0,8.15,360.0,102.0,,126.66,47.0,3.9,32.0,,,,,,,,,,,,,,,,,,,,,,,,,,
2019-01-29,23.16,88.2,15.1,126.46,7.28,2.36,1.49,4.29,124386.0,,,,6.88,5.61,103.0,38.1,,,7.78,20760.0,,,,2.29,1.01,2754.0,15602.0,63.7,4936.0,103.0,38.1,,,7.75,23261.0,,,,2.35,0.99,2781.0,15543.0,63.9,4597.0,9533,305.0,8.2,7920.0,8.01,3540.0,2680.4,2190.0,,0.0,143.0,7.53,,8480.0,35.0,11.4,5.3,,,38.0,169.0,7.39,,12340.0,43.0,8.91,10.4,,,37.8,303.0,8.05,400.0,,,156.42,40.0,4.6,32.0,,,,,,,,,,,,,,,,,,,,,,,,,,
2019-01-30,104.43,150.64,10.88,265.95,7.72,2.35,1.67,4.46,90245.0,,,,5.64,4.64,96.0,38.0,,,7.69,24529.0,,,,2.58,1.21,2876.0,15423.0,63.6,4166.0,96.0,38.0,,,7.7,18857.0,,,,2.52,1.18,2805.0,14398.0,63.8,3876.0,8042,249.0,8.38,2560.0,7.99,10640.0,2815.4,2754.0,,0.0,166.0,7.57,,11840.0,112.0,6.94,4.4,1.65,,38.1,172.0,7.48,,11780.0,111.0,6.32,6.6,1.85,,37.8,113.0,8.2,660.0,,,142.66,123.0,11.8,30.0,,,,,,,,,,,,,,,,,,,,,,,,,,
2019-01-31,76.04,36.18,19.93,132.15,7.22,2.81,1.47,4.39,124642.0,,,,5.98,4.9,96.0,38.1,,,7.67,17851.0,,,,2.32,1.14,2735.0,15351.0,63.7,4402.0,96.0,38.0,,,7.68,24276.0,,,,2.41,1.08,2788.0,15154.0,63.7,4083.0,8485,375.0,8.01,4980.0,8.07,12240.0,2983.4,2581.0,,0.0,172.0,7.42,,11040.0,42.0,9.93,4.2,,,37.6,169.0,7.48,,13020.0,51.0,3.87,4.9,,,37.6,272.0,7.98,560.0,,,150.98,38.0,6.9,30.0,,,,,,,,,,,,,,,,,,,,,,,,,,
2019-02-01,126.52,35.77,18.67,180.95999999999998,2.75,2.75,1.88,6.56,106910.0,,,,6.56,5.28,96.0,37.9,,,7.71,23046.0,,,,2.35,0.99,2750.0,15568.0,63.4,4237.0,96.0,38.0,,,7.72,20465.0,,,,2.52,1.18,2769.0,15422.0,63.6,3913.0,8150,230.0,8.05,1440.0,8.1,7440.0,2996.5,2236.0,,0.0,174.0,7.51,,10160.0,77.0,7.54,5.1,,,37.5,166.0,7.43,,10700.0,79.0,4.21,4.65,,,37.4,303.0,8.01,160.0,,,151.63,74.0,4.5,30.0,,,,,,,,,,,,,,,,,,,,,,,,,,
2019-02-02,155.8,,18.2,174.0,,,,,,,,,,,96.0,,,,,,,,,,,,,,4545.0,96.0,,,,,,,,,,,,,,4232.0,8777,358.0,,,,,,,,0.0,175.0,,,,,,,,,,172.0,,,,,,,,,,305.0,,,,,,,,30.0,,,,,,,,,,,,,,,,,,,,,,,,,,
2019-02-03,23.6,128.66,,152.26,,,,,,,,,,,96.0,,,,,,,,,,,,,,4953.0,96.0,,,,,,,,,,,,,,4600.0,9553,302.0,,,,,,,,0.0,179.0,,,,,,,,,,172.0,,,,,,,,,,301.0,,,,,,,,30.0,,,,,,,,,,,,,,,,,,,,,,,,,,
2019-02-04,101.6,48.41,48.64,198.64999999999998,,,,,,,,,,,96.0,,,,,,,,,,,,,,4894.0,96.0,,,,,,,,,,,,,,4534.0,9428,280.0,,,,,,,,0.0,172.0,,,,,,,,,,169.0,,,,,,,,,,292.0,,,,,,,,30.0,,,,,,,,,,,,,,,,,,,,,,,,,,
2019-02-05,,118.98,,118.98,,,,,,,,,,,75.0,,,,,,,,,,,,,,3629.0,75.0,,,,,,,,,,,,,,3353.0,6982,138.0,,,,,,,,0.0,134.0,,,,,,,,,,140.0,,,,,,,,,,215.0,,,,,,,,26.0,,,,,,,,,,,,,,,,,,,,,,,,,,
2019-02-06,98.76,,,98.76,,,,,,,,,,,80.0,,,,,,,,,,,,,,3386.0,80.0,,,,,,,,,,,,,,3162.0,6548,198.0,,,,,,,,0.0,125.0,,,,,,,,,,99.0,,,,,,,,,,183.0,,,,,,,,28.0,,,,,,,,,,,,,,,,,,,,,,,,,,
2019-02-07,128.04,41.34,18.8,188.18,6.62,3.17,2.26,4.49,122772.0,,,,6.48,5.15,84.0,38.1,,,7.78,25459.0,4054.0,,2847.9,2.09,0.71,2648.0,15842.0,64.8,3987.0,84.0,38.0,,,7.78,23601.0,4185.0,,3072.2,2.18,0.77,2710.0,15640.0,64.9,3796.0,7783,233.0,8.28,6600.0,8.26,7220.0,2708.5,2266.0,211.5,1875.4,147.0,7.4,,10700.0,62.0,4.47,6.4,0.13,10.6,37.9,146.0,7.51,,14360.0,84.0,6.54,9.5,0.17,8.4,37.1,250.0,8.25,320.0,,,139.67,68.0,6.4,32.0,,,,,,,,,,,,,,,,,,,,,,,,,,
2019-02-08,124.54,130.41,19.29,274.24,6.95,3.54,2.48,4.35,122332.0,,,,7.1,5.49,84.0,38.0,,,7.7,25929.0,,,,2.37,1.0,2728.0,15645.0,64.7,4148.0,84.0,38.0,,,7.7,21571.0,,,,2.29,1.06,2754.0,15552.0,64.7,3865.0,8013,325.0,8.25,2180.0,8.22,1740.0,2005.2,1826.0,,0.0,148.0,7.51,,9420.0,61.0,5.11,5.05,,,37.6,138.0,7.46,,9300.0,58.0,4.6,4.9,,,37.6,220.0,8.3,260.0,,,144.52,62.0,4.2,32.0,,,,,,,,,,,,,,,,,,,,,,,,,,
2019-02-09,178.36,,21.83,200.19,,,,,,,,,,,84.0,,,,,,,,,,,,,,4388.0,84.0,,,,,,,,,,,,,,3989.0,8377,171.0,,,,,,,,0.0,140.0,,,,,,,,,,166.0,,,,,,,,,,252.0,,,,,,,,32.0,,,,,,,,,,,,,,,,,,,,,,,,,,
2019-02-10,26.25,,,26.25,,,,,,,,,,,84.0,,,,,,,,,,,,,,4828.0,84.0,,,,,,,,,,,,,,4310.0,9138,339.0,,,,,,,,0.0,138.0,,,,,,,,,,139.0,,,,,,,,,,110.0,,,,,,,,32.0,,,,,,,,,,,,,,,,,,,,,,,,,,
2019-02-11,78.76,78.2,22.5,179.46,6.76,3.39,2.46,4.1,178264.0,,,,6.88,5.34,84.0,38.0,,,7.71,35463.0,4439.0,,3205.0,2.23,0.98,2775.0,15458.0,64.6,4436.0,84.0,38.0,,,7.74,30248.0,4565.0,,3274.9,2.49,1.16,2890.0,15660.0,64.8,3941.0,8377,145.0,8.16,2860.0,8.13,8040.0,2903.5,2474.0,326.0,2001.0,143.0,7.47,146.2,9800.0,50.0,5.11,5.9,0.11,6.8,38.0,138.0,7.54,145.42,12060.0,85.0,4.6,12.7,0.15,5.1,37.1,289.0,8.28,360.0,,,144.92,82.0,4.9,32.0,,,,,,,,,,,,,,,,,,,,,,,,,,
2019-02-12,129.35,87.86,14.9,232.10999999999999,6.98,2.17,1.49,4.21,121739.0,,,,6.31,5.26,84.0,38.0,,,7.7,26021.0,,,,2.35,0.95,2879.0,15365.0,64.3,4010.0,84.0,38.1,,,7.69,29802.0,,,,2.39,1.06,2845.0,15288.0,64.5,3577.0,7587,259.0,8.15,6620.0,8.18,6540.0,2788.0,2281.0,,0.0,129.0,7.52,,9380.0,52.0,5.2,5.12,,,37.6,134.0,7.5,,13060.0,64.0,5.08,4.98,,,37.1,238.0,8.3,680.0,,,145.6,62.0,7.2,32.0,,,,,,,,,,,,,,,,,,,,,,,,,,
2019-02-13,126.35,89.06,12.08,227.49,7.5,2.54,1.58,3.93,140831.0,,,,6.52,5.02,96.0,38.0,,,7.77,33516.0,,,,2.37,1.0,2869.0,15654.0,64.3,4472.0,96.0,38.0,,,7.76,22641.0,,,,2.55,1.24,2851.0,15732.0,64.5,3987.0,8459,257.0,8.19,1980.0,8.21,7160.0,2805.0,2330.0,,0.0,140.0,7.47,,9500.0,59.0,5.18,5.12,,,37.5,136.0,7.58,,13220.0,51.0,5.0,4.91,,,37.1,223.0,8.24,740.0,,,145.05,52.0,7.2,32.0,,,,,,,,,,,,,,,,,,,,,,,,,,
2019-02-14,100.38,114.98,19.37,234.73000000000002,7.5,2.54,1.58,3.93,140831.0,,,,6.52,5.02,96.0,38.0,,,7.77,33516.0,,,,2.37,1.0,2869.0,15654.0,64.3,4577.0,96.0,38.0,,,7.76,22641.0,,,,2.55,1.24,2851.0,15732.0,64.5,4166.0,8743,228.0,8.19,1980.0,8.21,7160.0,2805.0,2330.0,,0.0,146.0,7.47,,9500.0,59.0,5.18,5.12,,,37.5,142.0,7.58,,13220.0,51.0,5.0,4.91,,,37.1,186.0,8.24,740.0,,,145.05,52.0,7.2,32.0,,,,,,,,,,,,,,,,,,,,,,,,,,
2019-02-15,126.37,33.79,18.35,178.51,7.15,2.57,1.79,3.92,109219.0,4017.0,694.7,,6.52,5.09,99.0,38.0,,,7.8,25692.0,4571.0,531.3,,2.37,1.0,2905.0,15688.0,63.9,4799.0,99.0,38.0,,,7.8,24521.0,4576.0,236.1,,2.39,0.88,2894.0,15743.0,63.8,4457.0,9256,334.0,8.29,4840.0,8.21,6480.0,2751.6,2359.0,,0.0,157.0,7.5,,10100.0,50.0,5.36,6.0,,,37.7,141.0,7.54,,11200.0,51.0,4.41,7.2,,,37.5,246.0,8.25,560.0,,,143.11,42.0,7.0,32.0,,,,,,,,,,,,,,,,,,,,,,,,,,
2019-02-16,126.86,86.68,16.87,230.41000000000003,,,,,,,,,,,108.0,,,,,,,,,,,,,,5418.0,108.0,,,,,,,,,,,,,,5078.0,10496,265.0,,,,,,,,0.0,161.0,,,,,,,,,,142.0,,,,,,,,,,257.0,,,,,,,,32.0,,,,,,,,,,,,,,,,,,,,,,,,,,
2019-02-17,22.45,,,22.45,,,,,,,,,,,108.0,,,,,,,,,,,,,,5705.0,108.0,,,,,,,,,,,,,,5317.0,11022,282.0,,,,,,,,0.0,164.0,,,,,,,,,,143.0,,,,,,,,,,80.0,,,,,,,,32.0,,,,,,,,,,,,,,,,,,,,,,,,,,
2019-02-18,100.29,132.49,21.3,254.08000000000004,7.32,1.88,1.09,4.0,124747.0,4534.0,746.4,,6.79,5.2,108.0,38.1,,,7.84,29547.0,4267.0,565.6,,2.27,1.0,2882.0,15802.0,64.3,5538.0,108.0,38.1,,,7.84,25561.0,4505.0,908.3,,2.33,1.18,2860.0,15823.0,63.9,5137.0,10675,307.0,8.37,2380.0,8.16,5680.0,2773.8,2330.0,208.1,1973.72,167.0,7.31,141.74,8740.0,43.0,6.44,4.5,0.19,8.4,38.0,146.0,7.49,140.95,10960.0,47.0,4.21,4.7,0.13,7.2,37.1,283.0,8.3,400.0,105.0,,141.48,36.0,7.0,32.0,,,,,,,,,,,,,,,,,,,,,,,,,,
2019-02-19,124.15,95.77,15.56,235.48000000000002,7.13,3.4,2.26,4.05,122231.0,4676.0,746.6,,6.48,5.15,108.0,38.1,,,7.8,26265.0,4937.0,489.1,,2.29,1.01,2834.0,15715.0,64.4,5338.0,108.0,38.0,,,7.79,25395.0,4946.0,518.2,,2.18,0.98,2820.0,15738.0,63.7,4968.0,10306,330.0,8.32,1980.0,8.14,7800.0,2652.8,2536.0,,0.0,170.0,7.4,,8360.0,52.0,7.09,6.6,,,38.0,113.0,7.51,,12380.0,51.0,6.41,7.6,,,37.1,286.0,8.31,400.0,,,134.33,40.0,8.1,32.0,,,,,,,,,,,,,,,,,,,,,,,,,,
2019-02-20,102.54,18.0,11.45,131.99,6.84,4.04,2.73,4.05,127358.0,4480.0,773.7,,6.91,5.5,108.0,38.1,,,7.8,23912.0,4606.0,436.3,,2.52,1.13,2840.0,15784.0,64.4,5430.0,108.0,38.1,,,7.78,19971.0,4556.0,469.9,,2.48,1.16,2765.0,15688.0,63.8,5035.0,10465,312.0,8.28,4100.0,8.16,5760.0,2652.8,2361.0,,0.0,154.0,7.39,,8560.0,53.0,5.21,5.8,,,38.0,166.0,7.48,,9520.0,57.0,6.28,6.4,,,37.0,176.0,8.3,280.0,,,134.33,54.0,6.3,32.0,,,,,,,,,,,,,,,,,,,,,,,,,,
2019-02-21,79.08,90.53,19.41,189.02,7.14,2.45,1.49,4.02,165882.0,6172.0,1104.5,,6.78,5.28,108.0,38.1,,,7.95,22944.0,5037.0,511.2,,2.37,1.2,2788.0,15900.0,64.8,5421.0,108.0,38.1,,,7.92,20884.0,4455.0,464.6,,2.29,1.06,2805.0,15898.0,64.3,5066.0,10487,325.0,8.28,2780.0,8.18,9820.0,2760.4,2509.0,,0.0,191.0,7.42,,9120.0,62.0,6.23,6.9,,,37.9,176.0,7.5,,10400.0,84.0,7.79,7.2,,,37.5,250.0,8.31,460.0,,,142.36,53.0,5.6,32.0,,,,,,,,,,,,,,,,,,,,,,,,,,
2019-02-22,102.54,88.06,17.58,208.18,,,,,,,,,,,108.0,,,,,,,,,,,,,,5672.0,108.0,,,,,,,,,,,,,,5282.0,10954,275.0,,,,,,,,0.0,191.0,,,,,,,,,,178.0,,,,,,,,,,213.0,,,,,,,,32.0,,,,,,,,,,,,,,,,,,,,,,,,,,
2019-02-23,128.14,,16.42,144.56,,,,,,,,,,,108.0,,,,,,,,,,,,,,6034.0,108.0,,,,,,,,,,,,,,5610.0,11644,263.0,,,,,,,,0.0,189.0,,,,,,,,,,173.0,,,,,,,,,,280.0,,,,,,,,32.0,,,,,,,,,,,,,,,,,,,,,,,,,,
2019-02-24,,82.42,,82.42,,,,,,,,,,,108.0,,,,,,,,,,,,,,6357.0,108.0,,,,,,,,,,,,,,5886.0,12243,323.0,,,,,,,,0.0,183.0,,,,,,,,,,168.0,,,,,,,,,,227.0,,,,,,,,32.0,,,,,,,,,,,,,,,,,,,,,,,,,,
2019-02-25,127.09,37.95,22.44,187.48000000000002,6.66,3.64,2.59,3.95,167569.0,6100.0,1060.5,,6.85,3.64,108.0,38.0,,,7.88,25620.0,4898.0,472.5,3186.7,2.41,0.92,2885.0,15685.0,64.7,5518.0,108.0,38.0,,,7.87,24328.0,5538.0,584.6,3453.4,2.33,0.89,2868.0,15720.0,64.5,5107.0,10625,315.0,8.08,1920.0,8.11,4800.0,2721.6,2117.0,236.3,1544.4,180.0,7.49,138.24,7820.0,44.0,4.49,4.5,0.13,8.9,37.7,171.0,7.58,136.88,10580.0,50.0,3.46,4.3,0.1,8.1,37.1,275.0,8.34,360.0,106.0,,136.74,31.0,6.1,32.0,,,,,,,,,,,,,,,,,,,,,,,,,,
2019-02-26,104.67,88.32,15.47,208.46,6.74,3.93,2.68,4.32,127108.0,4857.0,844.3,,6.07,4.6,108.0,38.0,,,7.81,28653.0,4414.0,833.1,,2.47,1.0,2905.0,15425.0,64.6,5020.0,108.0,38.0,,,7.82,30742.0,6488.0,508.1,,2.5,0.88,2940.0,15480.0,64.5,4451.0,9471,360.0,8.13,4920.0,8.16,6740.0,2688.4,2146.0,,0.0,181.0,7.44,,8640.0,46.0,5.0,4.8,,,37.6,186.0,7.51,,10160.0,47.0,5.2,5.01,,,37.2,267.0,8.32,420.0,,,139.27,40.0,7.9,32.0,,,,,,,,,,,,,,,,,,,,,,,,,,
2019-02-27,127.5,129.54,11.85,268.89,7.08,2.92,1.87,4.01,135813.0,4646.0,721.1,,6.8,5.53,96.0,38.0,,,7.84,26636.0,5014.0,551.1,,2.32,1.02,2854.0,15548.0,64.7,5066.0,96.0,38.0,,,7.83,23950.0,4669.0,757.3,,2.32,0.98,2890.0,15490.0,64.6,4521.0,9587,362.0,8.18,3380.0,8.15,8160.0,2796.7,2460.0,,0.0,191.0,7.49,,6360.0,49.0,4.85,5.03,,,37.5,165.0,7.53,,10940.0,55.0,5.24,5.18,,,37.2,279.0,8.32,660.0,,,143.09,44.0,6.7,32.0,,,,,,,,,,,,,,,,,,,,,,,,,,
2019-02-28,106.03,78.25,20.28,204.56,6.8,2.66,1.69,3.97,121489.0,4735.0,786.0,,6.88,5.34,96.0,38.1,,,7.81,24221.0,4984.0,536.0,,2.24,0.89,2870.0,15482.0,64.8,4986.0,96.0,38.0,,,7.86,22817.0,4632.0,584.0,,2.37,0.96,2844.0,15660.0,64.7,4405.0,9391,243.0,8.1,4080.0,8.11,6440.0,2852.4,2471.0,,0.0,185.0,7.51,,8720.0,54.0,5.21,5.21,,,37.4,171.0,7.55,,10540.0,48.0,4.95,5.1,,,37.3,274.0,8.28,620.0,,,149.08,49.0,7.2,32.0,,,,,,,,,,,,,,,,,,,,,,,,,,
2019-03-01,74.26,,17.97,92.23,,,,,,,,,,,96.0,,,,,,,,,,,,,,4866.0,96.0,,,,,,,,,,,,,,4305.0,9171,284.0,,,,,,,,0.0,179.0,,,,,,,,,,165.0,,,,,,,,,,271.0,,,,,,,,32.0,,,,,,,,,,,,,,,,,,,,,,,,,,
2019-03-02,77.78,88.26,17.32,183.36,,,,,,,,,,,96.0,,,,,,,,,,,,,,5056.0,96.0,,,,,,,,,,,,,,4610.0,9666,247.0,,,,,,,,0.0,166.0,,,,,,,,,,184.0,,,,,,,,,,266.0,,,,,,,,32.0,,,,,,,,,,,,,,,,,,,,,,,,,,
2019-03-03,,,,,,,,,,,,,,,96.0,,,,,,,,,,,,,,5400.0,96.0,,,,,,,,,,,,,,4928.0,10328,328.0,,,,,,,,0.0,171.0,,,,,,,,,,154.0,,,,,,,,,,224.0,,,,,,,,32.0,,,,,,,,,,,,,,,,,,,,,,,,,,
2019-03-04,73.39,128.77,22.56,224.72000000000003,7.02,2.36,1.49,3.99,133504.0,4839.0,870.1,,6.86,5.4,91.0,38.0,,,7.91,23638.0,4577.0,573.5,3226.0,2.28,1.2,2755.0,15628.0,64.4,4847.0,91.0,37.9,,,7.89,22906.0,4455.0,485.0,3188.0,2.39,1.16,2840.0,15580.0,64.5,4426.0,9273,462.0,8.04,5200.0,8.13,7560.0,2418.0,2150.0,221.0,1835.2,156.0,7.48,115.84,8000.0,48.0,7.54,5.3,0.1,10.1,37.9,145.0,7.55,115.36,9860.0,50.0,4.21,5.6,0.13,8.6,37.1,201.0,8.11,440.0,108.0,,116.49,46.0,7.4,32.0,,,,,,,,,,,,,,,,,,,,,,,,,,
2019-03-05,101.54,95.23,15.01,211.78,6.69,3.5,2.36,3.99,140565.0,5146.0,887.9,,6.75,5.42,84.0,38.0,,,7.83,22808.0,4252.0,351.7,3226.0,2.28,1.1,2788.0,15544.0,64.5,4307.0,84.0,37.9,,,7.85,29532.0,5083.0,574.5,3188.0,2.57,1.06,2860.0,15490.0,64.5,3903.0,8210,198.0,8.05,4240.0,8.1,5940.0,2722.9,2169.0,,0.0,186.0,7.45,,8640.0,51.0,5.98,5.1,,,37.7,201.0,7.54,,10250.0,53.0,5.12,4.9,,,37.1,230.0,8.13,400.0,,,144.84,50.0,8.4,32.0,,,,,,,,,,,,,,,,,,,,,,,,,,
2019-03-06,151.87,38.38,12.31,202.56,6.6,4.67,2.97,4.2,127802.0,4458.0,869.1,,6.65,5.38,84.0,38.0,,,7.81,23637.0,4180.0,459.5,,2.37,1.02,2850.0,15500.0,64.5,4309.0,84.0,37.9,,,7.81,21340.0,4991.0,427.0,,2.56,1.06,2738.0,15475.0,64.6,3920.0,8229,266.0,8.07,2700.0,8.13,5300.0,2590.2,2026.0,,0.0,187.0,7.51,,8720.0,52.0,5.05,5.1,,,37.7,169.0,7.53,,10080.0,48.0,4.75,5.0,,,37.1,245.0,8.15,340.0,,,138.78,36.0,6.0,32.0,,,,,,,,,,,,,,,,,,,,,,,,,,
2019-03-07,131.41,86.3,20.85,238.55999999999997,7.0,3.74,2.5,4.0,135041.0,5615.0,852.3,,6.98,5.71,84.0,38.0,,,7.83,28829.0,5724.0,482.0,,2.45,1.14,2854.0,15455.0,64.6,4707.0,84.0,38.0,,,7.82,23521.0,4676.0,438.1,,2.57,1.06,2789.0,15521.0,64.8,4293.0,9000,236.0,8.13,3250.0,8.16,5040.0,2625.1,2067.0,,0.0,171.0,7.44,,8900.0,50.0,5.04,5.11,,,37.5,162.0,7.5,,10250.0,51.0,6.16,5.26,,,37.1,253.0,8.16,340.0,,,142.12,46.0,6.3,32.0,,,,,,,,,,,,,,,,,,,,,,,,,,
2019-03-08,153.14,108.62,17.23,278.99,7.02,1.85,1.18,4.29,129505.0,5432.0,869.0,,6.88,5.34,84.0,38.0,,,7.85,25788.0,4985.0,451.0,,2.5,0.97,2762.0,15527.0,64.5,4286.0,84.0,38.0,,,7.86,21831.0,4581.0,429.0,,2.47,1.06,2705.0,15605.0,64.7,4009.0,8295,288.0,8.14,2980.0,8.14,4740.0,2712.0,2154.0,,0.0,197.0,7.49,,9320.0,56.0,5.84,5.36,,,37.4,154.0,7.52,,9980.0,48.0,5.14,5.04,,,37.1,255.0,8.15,400.0,,,145.2,49.0,6.1,32.0,,,,,,,,,,,,,,,,,,,,,,,,,,
2019-03-09,104.37,18.93,16.89,140.19,,,,,,,,,,,80.0,,,,,,,,,,,,,,4157.0,80.0,,,,,,,,,,,,,,3866.0,8023,266.0,,,,,,,,0.0,163.0,,,,,,,,,,151.0,,,,,,,,,,244.0,,,,,,,,32.0,,,,,,,,,,,,,,,,,,,,,,,,,,
2019-03-10,,,,,,,,,,,,,,,72.0,,,,,,,,,,,,,,4274.0,72.0,,,,,,,,,,,,,,3951.0,8225,155.0,,,,,,,,0.0,166.0,,,,,,,,,,119.0,,,,,,,,,,200.0,,,,,,,,28.0,,,,,,,,,,,,,,,,,,,,,,,,,,
2019-03-11,100.0,102.16,21.31,223.47,6.48,5.52,3.91,3.84,140076.0,4386.0,464.6,1738.7,7.96,6.34,57.0,38.1,,,7.93,28015.0,4295.0,902.8,3051.0,2.29,1.21,2834.0,15580.0,64.4,3699.0,57.0,38.0,,,7.92,23156.0,4097.0,552.2,3411.0,2.41,1.17,2781.0,15649.0,64.4,3425.0,7124,204.0,7.96,2180.0,8.1,,,,,0.0,38.0,7.52,118.1,9240.0,42.0,4.73,5.08,0.11,5.1,37.1,58.0,7.49,118.6,10320.0,50.0,5.68,5.18,0.14,6.03,37.5,180.0,8.13,340.0,,,118.1,34.0,4.5,13.0,,,,,,,,,,,,,,,,,,,,,,,,,,
2019-03-12,76.09,41.64,14.96,132.69,6.38,5.03,3.41,4.04,132105.0,5062.0,981.7,2235.2,7.31,5.68,72.0,38.0,,,7.84,26704.0,4336.0,540.1,3334.6,2.3,1.01,2747.0,15430.0,64.5,4032.0,72.0,38.0,,,7.84,22815.0,4735.0,407.6,3656.6,2.4,0.97,2753.0,15485.0,64.4,3726.0,7758,280.0,8.09,4460.0,8.16,8800.0,2690.2,2403.0,,0.0,134.0,7.58,137.35,8960.0,51.0,4.1,5.4,,,37.6,123.0,7.55,135.3,9520.0,62.0,4.5,6.13,,,37.7,133.0,8.19,220.0,,,136.5,36.0,3.6,24.0,,,,,,,,,,,,,,,,,,,,,,,,,,
2019-03-13,126.32,87.95,11.6,225.86999999999998,6.41,4.22,2.92,4.12,138319.0,5338.0,995.7,2264.9,7.36,5.78,60.0,38.0,,,7.92,21550.0,4467.0,477.2,3239.6,2.57,1.26,2658.0,15550.0,64.4,3441.0,60.0,38.0,,,7.93,24175.0,5333.0,608.4,3533.4,2.61,1.28,2695.0,15628.0,64.3,3173.0,6614,204.0,8.14,4140.0,8.18,7680.0,2636.0,2241.0,,0.0,140.0,7.59,130.95,7680.0,42.0,5.08,5.13,,,37.4,126.0,7.51,130.74,9120.0,61.0,6.32,5.61,,,37.4,220.0,8.2,260.0,,,129.52,26.0,5.1,24.0,,,,,,,,,,,,,,,,,,,,,,,,,,
2019-03-14,104.6,141.25,20.11,265.96,6.74,2.73,2.06,4.05,128899.0,4958.0,989.0,2104.3,6.749,5.57,60.0,38.0,,,7.9,21333.0,4694.0,485.0,3640.5,2.36,1.29,2648.0,15485.0,64.5,3384.0,60.0,38.0,,,7.91,21131.0,4324.0,461.0,3495.2,2.29,1.25,2635.0,15527.0,64.6,3149.0,6533,157.0,8.17,1620.0,8.14,2300.0,1296.3,1753.0,,0.0,139.0,7.52,85.56,7780.0,133.0,5.56,9.2,1.55,,37.8,121.0,7.57,84.51,,117.0,5.24,5.8,1.34,,37.4,205.0,8.23,220.0,,,84.1,120.0,4.9,24.0,,,,,,,,,,,,,,,,,,,,,,,,,,
2019-03-15,126.59,35.45,18.05,180.09000000000003,6.88,3.4,2.36,4.03,122398.0,4594.0,784.5,1910.8,7.23,5.95,60.0,38.0,,,7.91,19150.0,4265.0,436.3,3300.9,2.25,0.89,2664.0,15505.0,64.5,3425.0,60.0,38.0,,,7.9,27335.0,4747.0,521.7,3664.0,2.33,0.98,2651.0,15684.0,64.4,3149.0,6574,217.0,8.15,2180.0,8.13,500.0,1095.4,1948.0,,0.0,155.0,7.67,135.77,7480.0,79.0,7.4,6.21,,,37.5,129.0,7.59,135.56,9230.0,59.0,5.8,5.45,,,37.6,258.0,8.27,340.0,,,135.68,46.0,3.8,30.0,,,,,,,,,,,,,,,,,,,,,,,,,,
2019-03-16,128.13,88.39,15.22,231.73999999999998,,,,,,,,,,,60.0,,,,,,,,,,,,,,3381.0,60.0,,,,,,,,,,,,,,3137.0,6518,319.0,,,,,,,,0.0,135.0,,,,,,,,,,135.0,,,,,,,,,,165.0,,,,,,,,32.0,,,,,,,,,,,,,,,,,,,,,,,,,,
2019-03-17,,,,,,,,,,,,,,,60.0,,,,,,,,,,,,,,3485.0,60.0,,,,,,,,,,,,,,3201.0,6686,146.0,,,,,,,,0.0,173.0,,,,,,,,,,106.0,,,,,,,,,,222.0,,,,,,,,32.0,,,,,,,,,,,,,,,,,,,,,,,,,,
2019-03-18,73.95,126.03,21.72,221.70000000000002,6.58,4.04,2.7,4.1,149285.0,5339.0,966.4,2291.5,7.4,5.93,77.0,37.9,,,7.99,22302.0,4359.0,712.1,3358.6,2.49,1.11,2638.0,15648.0,64.5,4271.0,77.0,37.9,,,7.96,22104.0,5241.0,683.9,3665.4,2.5,1.07,2595.0,15662.0,64.3,3888.0,8159,258.0,8.1,3460.0,8.15,2240.0,1800.0,1941.0,94.0,1681.1,135.0,7.48,116.72,7660.0,50.0,4.63,4.1,0.13,3.8,37.8,98.0,7.52,116.07,10300.0,58.0,4.87,5.1,0.15,5.2,37.4,218.0,8.23,340.0,100.0,,114.63,49.0,3.9,32.0,,,,,,,,,,,,,,,,,,,,,,,,,,
2019-03-19,129.23,39.05,15.24,183.51999999999998,6.8,2.84,1.88,4.2,133587.0,5903.0,820.1,2193.3,7.15,5.69,92.0,37.9,,,7.98,23188.0,4644.0,774.1,3718.7,2.4,1.21,2584.0,15517.0,64.4,4810.0,92.0,37.9,,,7.97,21327.0,4384.0,419.56,3605.2,2.34,1.09,2622.0,15430.0,64.2,4184.0,8994,264.0,8.16,5200.0,8.18,8980.0,2683.1,2494.0,,0.0,144.0,7.52,80.42,8680.0,88.0,3.33,3.5,,,38.0,121.0,7.62,115.06,11500.0,94.0,4.05,3.4,,,37.1,219.0,8.2,260.0,,,115.55,78.0,3.0,32.0,,,,,,,,,,,,,,,,,,,,,,,,,,
2019-03-20,100.13,79.74,11.55,191.42000000000002,6.78,3.67,2.41,4.18,113251.0,4130.0,738.7,1879.0,7.31,5.86,96.0,38.0,,,7.91,28145.0,4383.0,344.5,3150.8,2.58,1.21,2631.0,15488.0,64.5,5056.0,96.0,38.0,,,7.9,20433.0,4421.0,312.1,3290.6,2.65,1.06,2598.0,15380.0,64.4,4722.0,9778,155.0,,,8.2,7980.0,2616.6,2466.0,,0.0,142.0,7.58,134.6,8400.0,62.0,4.25,3.28,,,37.7,125.0,7.51,133.19,11460.0,56.0,4.02,3.1,,,37.2,150.0,8.23,260.0,,,130.99,45.0,3.3,32.0,,,,,,,,,,,,,,,,,,,,,,,,,,
2019-03-21,77.57,89.06,20.25,186.88,7.04,3.11,2.16,4.22,126182.0,4498.0,688.0,1905.0,6.93,5.57,96.0,37.9,,,7.92,24902.0,4327.0,658.0,3104.0,2.39,1.01,2588.0,15420.0,64.4,5082.0,96.0,38.0,,,7.93,22405.0,4461.0,527.0,3233.0,2.4,1.07,2560.0,15394.0,64.6,4731.0,9813,172.0,8.16,3880.0,8.18,7080.0,2674.0,2497.0,,0.0,138.0,7.63,118.9,8800.0,54.0,5.17,4.2,,,38.2,119.0,7.6,119.8,11820.0,59.0,4.83,3.9,,,37.8,152.0,8.25,340.0,,,119.1,50.0,4.1,32.0,,,,,,,,,,,,,,,,,,,,,,,,,,
2019-03-22,100.13,128.6,17.77,246.5,7.28,3.11,2.16,4.1,126182.0,4498.0,688.0,2186.8,6.93,5.57,96.0,37.9,,,7.9,24753.0,4128.0,402.2,3489.2,2.4,1.01,2643.0,15551.0,64.5,4860.0,96.0,37.9,,,7.91,24101.0,4731.0,1235.3,4128.9,2.37,0.87,2737.0,15440.0,64.5,4501.0,9361,264.0,8.18,2060.0,8.16,5680.0,2608.3,2454.0,,0.0,140.0,7.52,138.34,9020.0,68.0,9.49,7.4,,,37.7,122.0,7.61,138.04,10740.0,62.0,8.06,6.6,,,37.7,218.0,8.23,280.0,,,136.57,48.0,4.1,32.0,,,,,,,,,,,,,,,,,,,,,,,,,,
2019-03-23,128.09,,16.02,144.11,,,,,,,,,,,88.0,,,,,,,,,,,,,,4526.0,88.0,,,,,,,,,,,,,,4176.0,8702,283.0,,,,,,,,0.0,177.0,,,,,,,,,,123.0,,,,,,,,,,256.0,,,,,,,,30.0,,,,,,,,,,,,,,,,,,,,,,,,,,
2019-03-24,,82.77,,82.77,,,,,,,,,,,96.0,,,,,,,,,,,,,,5004.0,96.0,,,,,,,,,,,,,,4567.0,9571,245.0,,,,,,,,0.0,145.0,,,,,,,,,,127.0,,,,,,,,,,216.0,,,,,,,,32.0,,,,,,,,,,,,,,,,,,,,,,,,,,
2019-03-25,100.17,37.6,21.67,159.44,6.46,4.68,3.55,4.26,117626.0,4458.0,748.2,2068.6,6.5,5.4,96.0,38.0,37.9,38.2,7.92,31021.0,4277.0,376.2,3338.5,2.39,1.51,2721.0,15482.0,64.8,4923.0,96.0,38.2,38.1,38.1,7.91,22332.0,4543.0,486.3,3574.8,2.31,1.45,2755.0,15449.0,64.5,4525.0,9448,246.0,8.34,2920.0,8.34,4400.0,2487.2,2232.0,138.1,1807.7,144.0,7.92,151.66,8220.0,50.0,3.25,4.78,0.11,6.8,37.3,141.0,7.98,150.55,8780.0,48.0,3.84,5.01,0.14,5.6,37.4,120.0,8.35,320.0,98.0,,148.09,30.0,4.4,32.0,,,,,,,,,,,,,,,,,,,,,,,,,,
2019-03-26,75.49,87.96,14.69,178.14,6.58,3.47,2.31,4.38,111741.0,4538.0,736.8,1968.7,6.58,5.21,80.0,,37.8,38.1,8.02,34633.0,4405.0,373.3,3473.7,2.39,1.11,2805.0,15521.0,65.0,4188.0,80.0,,37.9,37.9,8.03,22616.0,4260.0,403.4,3589.6,2.33,0.98,2751.0,15544.0,65.2,3860.0,8048,218.0,8.33,2360.0,8.35,3580.0,1820.0,1611.0,,0.0,154.0,7.89,155.89,5440.0,72.0,8.17,5.21,,,,128.0,7.94,154.63,7440.0,57.0,7.76,4.86,,,,212.0,8.32,260.0,,,151.39,41.0,4.4,24.0,,,,,,,,,,,,,,,,,,,,,,,,,,
2019-03-27,125.52,84.17,12.27,221.96,7.25,2.55,1.39,4.33,111888.0,4065.0,725.0,1897.0,6.49,5.13,92.0,38.0,37.9,38.2,7.95,23816.0,3879.0,422.4,3117.0,2.39,1.01,2844.0,15468.0,64.3,4588.0,92.0,38.1,38.0,38.0,7.94,22086.0,4281.0,432.1,3475.2,2.39,0.97,2790.0,15491.0,63.9,4089.0,8677,323.0,8.15,6980.0,8.17,6500.0,2883.8,2300.0,,0.0,172.0,7.8,152.25,8200.0,174.0,4.49,38.46,0.24,,37.2,151.0,7.84,151.64,10460.0,132.0,4.91,26.1,0.31,,37.5,249.0,8.26,460.0,,,151.25,78.0,6.1,36.0,,,,,,,,,,,,,,,,,,,,,,,,,,
2019-03-28,128.57,78.93,20.58,228.07999999999998,7.0,2.8,1.91,4.32,123853.0,4610.0,846.3,2194.0,6.35,5.14,96.0,38.0,37.9,38.1,8.01,27238.0,4579.0,478.6,3590.0,2.19,1.21,2852.0,15688.0,64.6,4650.0,96.0,38.0,38.0,38.0,7.99,21339.0,5159.0,512.8,3708.0,2.24,1.18,2811.0,15621.0,64.5,4279.0,8929,266.0,8.4,4380.0,8.52,6640.0,2878.8,2260.0,,0.0,173.0,7.85,149.09,9680.0,104.0,4.83,12.0,,,37.6,146.0,7.89,149.77,11620.0,70.0,5.06,11.9,,,37.2,243.0,8.34,500.0,,,147.15,40.0,2.8,36.0,,,,,,,,,,,,,,,,,,,,,,,,,,
2019-03-29,126.15,0.0,17.65,143.8,7.0,2.89,1.91,4.32,109340.0,4205.0,798.0,1931.0,6.27,5.06,96.0,38.0,,,8.05,25439.0,4385.0,421.0,3298.0,2.29,1.11,2810.0,15805.0,65.1,4560.0,96.0,37.9,,,8.05,19566.0,4695.0,499.0,3621.0,2.64,1.29,2867.0,15788.0,65.0,4215.0,8775,209.0,8.4,3280.0,8.52,5440.0,2894.0,2350.0,,,155.0,,,,,,,,,,144.0,7.89,149.64,12340.0,54.0,4.82,5.21,,,37.1,248.0,8.34,460.0,,,148.8,49.0,2.8,36.0,,,,,,,,,,,,,,,,,,,,,,,,,,
2019-03-30,158.2,42.35,15.39,215.94,0.0,0.0,0.0,0.0,0.0,0.0,0.0,0.0,0.0,0.0,96.0,,,,0.0,0.0,0.0,0.0,0.0,0.0,0.0,0.0,0.0,63.6,4719.0,96.0,,,,,,,,,,,,,63.8,4339.0,9058,229.0,,,,,,,,,120.0,,,,,,,,,,132.0,,,,,,,,,,207.0,,,,,,,,40.0,,,,,,,,,,,,,,,,,,,,,,,,,,
2019-03-31,0.0,0.0,0.0,,0.0,0.0,0.0,0.0,0.0,0.0,0.0,0.0,0.0,0.0,96.0,,,,0.0,0.0,0.0,0.0,0.0,0.0,0.0,0.0,0.0,0.0,5026.0,96.0,,,,,,,,,,,,,,4621.0,9647,223.0,,,,,,,,,134.0,,,,,,,,,,126.0,,,,,,,,,,338.0,,,,,,,,40.0,,,,,,,,,,,,,,,,,,,,,,,,,,
2019-04-01,98.02,152.64,20.43,271.09,7.27,2.84,1.39,4.29,121200.0,4567.0,706.4,0.0,6.86,5.21,96.0,38.0,37.8,38.2,8.05,16344.0,3855.0,443.3,3137.4,2.6,1.02,2684.0,15854.0,65.5,4957.0,96.0,38.0,38.0,38.0,8.03,19373.0,4892.0,632.1,2019.3,2.54,1.09,2746.0,15821.0,65.2,4507.0,9464,255.0,8.15,2520.0,8.24,3380.0,2165.3,2156.0,97.0,,145.0,7.88,142.53,8960.0,233.0,4.42,23.1,0.28,106.1,37.7,153.0,7.71,140.39,12660.0,168.0,4.32,18.2,0.19,5.1,37.4,208.0,8.31,300.0,108.0,,137.95,139.0,4.8,40.0,,,,,,,,,,,,,,,,,,,,,,,,,,
2019-04-02,103.66,73.62,13.73,191.01,7.02,4.14,2.83,4.36,116308.0,4726.0,743.7,0.0,6.54,5.15,96.0,38.0,37.9,38.1,7.94,22219.0,4371.0,531.8,3201.5,2.48,1.01,2720.0,15644.0,65.6,4848.0,96.0,38.0,38.0,38.0,7.92,21551.0,4396.0,687.0,3455.2,2.47,1.16,2798.0,15742.0,65.3,4400.0,9248,184.0,8.17,3080.0,8.2,3640.0,2486.0,2204.0,,,150.0,7.69,144.49,9400.0,238.0,5.55,28.6,,,37.6,127.0,7.65,144.62,11760.0,177.0,6.07,19.36,,,37.8,151.0,8.34,340.0,,,142.56,169.0,2.6,40.0,,,,,,,,,,,,,,,,,,,,,,,,,,
2019-04-03,130.04,37.69,10.75,178.48,7.1,4.01,2.77,4.38,121606.0,4717.0,747.9,0.0,6.66,5.2,96.0,38.0,37.9,38.0,7.95,28484.0,4651.0,750.2,3500.0,2.33,1.18,2754.0,15688.0,65.4,4886.0,96.0,38.0,38.0,38.0,7.94,20813.0,4383.0,542.0,3486.0,2.23,1.08,2821.0,15769.0,65.2,4520.0,9406,213.0,8.18,3700.0,8.16,3220.0,2433.1,2300.0,,,139.0,7.88,152.19,9480.0,280.0,4.19,29.7,1.28,,37.2,99.0,7.82,152.28,11860.0,201.0,4.07,30.7,0.96,,37.8,156.0,8.3,260.0,,,149.38,177.0,3.1,40.0,,,,,,,,,,,,,,,,,,,,,,,,,,
2019-04-04,106.9,110.29,19.24,236.43,6.84,5.03,3.22,4.44,131532.0,4930.0,806.7,2311.2,6.85,5.27,99.0,38.0,37.8,38.1,8.0,23453.0,3850.0,384.8,3065.8,2.18,0.91,2643.0,15700.0,65.8,5134.0,100.0,38.0,38.0,38.1,7.99,23687.0,4501.0,492.6,3644.8,2.05,0.79,2664.0,15692.0,65.5,4824.0,9958,270.0,8.29,3760.0,8.24,3820.0,2300.7,4542.0,,,95.0,7.98,145.41,9500.0,220.0,3.81,3.86,,,37.4,163.0,7.86,145.6,13600.0,121.0,4.65,21.3,,,37.3,93.0,8.33,300.0,,,145.75,343.0,3.0,36.0,,,,,,,,,,,,,,,,,,,,,,,,,,
2019-04-05,127.23,82.4,18.07,227.7,7.26,2.52,1.6,4.41,125055.0,4601.0,716.8,2114.2,6.81,5.36,100.0,,38.0,38.2,7.92,24868.0,4440.0,666.4,3587.3,2.37,1.25,2663.0,15621.0,65.6,5334.0,100.0,,38.1,38.1,7.94,23912.0,4785.0,760.4,3928.1,2.29,1.06,2854.0,15540.0,65.4,4793.0,10127,356.0,8.4,1720.0,8.38,3160.0,2332.6,2254.0,,,120.0,7.92,147.99,8800.0,260.0,14.55,26.9,,,,189.0,7.85,147.49,10840.0,241.0,8.69,23.2,,,,122.0,8.35,1780.0,,,145.62,206.0,37.3,32.0,,,,,,,,,,,,,,,,,,,,,,,,,,
2019-04-06,127.12,0.0,15.93,143.05,0.0,0.0,0.0,0.0,0.0,0.0,0.0,0.0,0.0,0.0,102.0,,,,0.0,0.0,0.0,0.0,0.0,0.0,0.0,0.0,0.0,,5462.0,102.0,,,,,,,,,,,,,,5026.0,10488,258.0,,,,,,,,,105.0,,,,,,,,,,159.0,,,,,,,,,,214.0,,,,,,,,30.0,,,,,,,,,,,,,,,,,,,,,,,,,,
2019-04-07,0.0,42.11,0.0,42.11,0.0,0.0,0.0,0.0,0.0,0.0,0.0,0.0,0.0,0.0,102.0,,,,0.0,0.0,0.0,0.0,0.0,0.0,0.0,0.0,0.0,,5706.0,102.0,,,,,,,,,,,,,,5225.0,10931,360.0,,,,,,,,,159.0,,,,,,,,,,171.0,,,,,,,,,,350.0,,,,,,,,48.0,,,,,,,,,,,,,,,,,,,,,,,,,,
2019-04-08,74.97,38.57,22.07,135.60999999999999,7.16,3.12,1.97,4.22,131513.0,4724.0,849.3,2092.6,7.19,5.54,103.0,,37.8,38.1,8.01,22233.0,4086.0,605.0,3297.6,2.19,1.01,2623.0,15660.0,64.2,5801.0,103.0,,38.0,38.0,7.98,20432.0,4192.0,572.0,3455.3,2.13,0.88,2684.0,15482.0,64.0,5350.0,11151,240.0,8.19,1200.0,8.21,6940.0,2739.4,2583.0,226.0,,179.0,7.71,139.21,9080.0,227.0,4.23,175.4,2.63,3.9,,144.0,7.64,138.91,10500.0,219.0,7.28,190.1,1.02,3.6,,301.0,8.28,480.0,109.0,,138.81,215.0,3.4,48.0,,,,,,,,,,,,,,,,,,,,,,,,,,
2019-04-09,129.13,88.74,14.23,232.1,7.21,2.78,1.65,4.24,123569.0,4532.0,759.3,2152.2,7.09,5.57,108.0,38.0,37.9,38.1,7.97,22002.0,4485.0,374.6,3550.0,2.4,1.12,2664.0,15484.0,64.4,5705.0,108.0,38.0,38.0,38.0,7.95,30549.0,4632.0,397.9,3721.3,2.49,1.16,2629.0,15388.0,64.2,5179.0,10884,289.0,8.08,9180.0,8.15,6920.0,2717.3,2459.0,,,183.0,7.69,136.56,9780.0,172.0,4.45,129.2,1.05,,37.5,184.0,7.72,137.01,10260.0,194.0,8.13,154.3,1.01,,37.5,266.0,8.23,420.0,,,137.74,202.0,3.8,44.0,,,,,,,,,,,,,,,,,,,,,,,,,,
2019-04-10,152.77,130.2,14.38,297.35,7.02,2.22,1.46,4.53,154203.0,5495.0,1000.0,2655.0,6.38,4.87,108.0,38.0,38.0,38.1,7.99,20962.0,4713.0,380.8,3356.0,2.23,1.08,2598.0,15550.0,64.3,5287.0,108.0,38.0,38.0,38.0,7.98,22451.0,4792.0,372.6,3661.1,2.42,1.17,2614.0,15478.0,64.2,4919.0,10206,304.0,8.2,3000.0,8.24,6200.0,2741.2,2402.0,,,105.0,7.78,140.38,9880.0,77.0,3.16,22.6,1.24,,37.5,182.0,7.81,141.65,11040.0,197.0,7.25,123.7,0.98,,37.6,288.0,8.35,480.0,,,141.69,187.0,3.2,36.0,,,,,,,,,,,,,,,,,,,,,,,,,,
2019-04-11,79.77,79.04,16.95,175.76,6.89,4.08,2.73,6.32,118013.0,4899.0,762.0,2424.2,6.32,4.82,108.0,37.9,37.8,38.1,8.01,21534.0,4362.0,650.0,3219.1,2.17,0.9,2651.0,15740.0,65.0,5178.0,108.0,38.0,38.0,38.0,7.98,22069.0,4739.0,491.3,3518.1,2.43,0.99,2633.0,15445.0,64.8,4921.0,10099,257.0,8.18,2180.0,8.31,5100.0,2704.4,2382.0,,,181.0,7.75,143.54,9580.0,127.0,3.8,72.2,,,37.6,211.0,7.78,143.21,9380.0,164.0,6.53,100.5,,,38.0,213.0,8.32,500.0,,,143.35,130.0,4.9,36.0,,,,,,,,,,,,,,,,,,,,,,,,,,
2019-04-12,126.49,0.0,18.56,145.04999999999998,6.75,4.12,2.88,4.48,114691.0,4378.0,763.2,2125.5,6.23,4.95,108.0,38.0,37.9,38.0,7.98,25856.0,4526.0,521.0,3446.0,2.58,1.55,2734.0,15655.0,65.1,5136.0,108.0,38.0,38.0,38.1,7.94,31018.0,4626.0,456.0,3688.0,2.58,1.54,2755.0,15402.0,65.0,4867.0,10003,247.0,8.2,2340.0,8.28,4020.0,2731.9,2420.0,,,132.0,7.84,147.57,9080.0,83.0,4.32,25.2,,,37.5,179.0,7.75,146.46,10280.0,132.0,5.21,68.4,,,37.3,198.0,8.32,480.0,,,147.85,87.0,3.6,36.0,,,,,,,,,,,,,,,,,,,,,,,,,,
2019-04-13,178.95,110.42,16.07,305.44,0.0,0.0,0.0,0.0,,0.0,0.0,0.0,0.0,0.0,108.0,0.0,,,0.0,0.0,0.0,0.0,0.0,0.0,0.0,0.0,0.0,0.0,5236.0,108.0,0.0,,,0.0,0.0,0.0,0.0,0.0,0.0,0.0,0.0,0.0,0.0,4931.0,10167,197.0,0.0,0.0,0.0,0.0,,0.0,0.0,0.0,130.0,0.0,0.0,0.0,0.0,0.0,0.0,0.0,0.0,0.0,165.0,0.0,0.0,0.0,0.0,0.0,0.0,0.0,0.0,0.0,150.0,0.0,0.0,0.0,,0.0,0.0,0.0,36.0,,,,,,,,,,,,,,,,,,,,,,,,,,
2019-04-14,0.0,0.0,0.0,0.0,0.0,0.0,0.0,0.0,,0.0,0.0,0.0,0.0,0.0,108.0,0.0,,,0.0,0.0,0.0,0.0,0.0,0.0,0.0,0.0,0.0,0.0,5460.0,108.0,0.0,,,0.0,0.0,0.0,0.0,0.0,0.0,0.0,0.0,0.0,0.0,4996.0,10456,246.0,0.0,0.0,0.0,0.0,,0.0,0.0,0.0,160.0,0.0,0.0,0.0,0.0,0.0,0.0,0.0,0.0,0.0,200.0,0.0,0.0,0.0,0.0,0.0,0.0,0.0,0.0,0.0,215.0,0.0,0.0,0.0,,0.0,0.0,0.0,36.0,,,,,,,,,,,,,,,,,,,,,,,,,,
2019-04-15,126.49,0.0,18.56,145.04999999999998,6.75,4.12,2.88,4.48,114691.0,4378.0,763.2,2125.5,6.23,4.95,108.0,38.0,37.9,38.1,7.98,25856.0,4526.0,521.0,3446.0,2.58,1.55,2734.0,15655.0,65.1,5136.0,108.0,38.0,38.0,38.1,7.94,31018.0,4626.0,456.0,3688.0,2.58,1.54,2755.0,15402.0,65.0,4867.0,10003,247.0,8.2,2340.0,8.28,4020.0,2731.9,2420.0,0.0,0.0,132.0,7.84,147.57,9080.0,83.0,4.32,25.2,0.0,0.0,37.5,179.0,7.75,146.46,10280.0,132.0,5.21,68.4,0.0,0.0,37.3,198.0,8.32,480.0,0.0,,147.85,87.0,3.6,18.0,,,,,,,,,,,,,,,,,,,,,,,,,,
2019-04-16,77.85,80.29,15.65,173.79,6.95,2.24,1.38,4.36,126394.0,0.0,0.0,0.0,6.52,5.08,108.0,37.9,37.9,38.0,7.93,22043.0,0.0,0.0,0.0,2.3,1.11,2688.0,15420.0,65.0,5097.0,108.0,38.0,38.0,38.0,7.9,23305.0,0.0,0.0,0.0,2.41,1.07,2721.0,15474.0,64.8,4627.0,9724,277.0,8.28,3940.0,8.29,3420.0,2445.8,2223.0,0.0,0.0,147.0,7.72,140.55,7700.0,82.0,4.43,71.1,0.0,0.0,37.7,176.0,7.81,140.81,12520.0,174.0,4.15,170.1,0.0,0.0,37.2,345.0,8.35,260.0,0.0,,140.27,81.0,3.7,36.0,,,,,,,,,,,,,,,,,,,,,,,,,,
2019-04-17,153.25,35.92,11.42,200.59,7.15,4.46,2.82,4.37,112196.0,0.0,0.0,0.0,6.6,5.03,108.0,37.9,37.8,38.1,7.95,24462.0,0.0,0.0,0.0,2.45,1.0,2742.0,15380.0,64.8,5087.0,108.0,37.9,37.9,37.9,7.93,22762.0,0.0,0.0,0.0,2.47,0.96,2762.0,15588.0,64.7,4674.0,9761,340.0,8.5,5300.0,8.37,3082.0,2521.2,2359.0,0.0,0.0,162.0,7.94,143.21,8060.0,118.0,4.25,86.2,0.0,0.0,37.7,165.0,7.89,143.46,13280.0,205.0,5.36,181.2,0.0,0.0,37.2,292.0,8.37,520.0,0.0,,140.11,110.0,4.1,40.0,,,,,,,,,,,,,,,,,,,,,,,,,,
2019-04-18,151.71,89.59,21.46,262.76,7.15,4.46,2.82,4.37,112196.0,0.0,0.0,0.0,6.6,5.03,108.0,37.9,38.0,38.1,7.95,24462.0,0.0,0.0,0.0,2.45,1.0,2742.0,15380.0,64.8,5232.0,108.0,37.9,38.0,38.0,7.93,22762.0,0.0,0.0,0.0,2.47,0.96,2762.0,15588.0,64.7,4782.0,10014,267.0,8.5,5300.0,8.37,3082.0,2521.2,2359.0,0.0,0.0,147.0,7.94,143.21,8060.0,118.0,4.25,86.2,0.0,0.0,37.7,122.0,7.89,143.46,13280.0,205.0,5.36,181.2,0.0,0.0,37.2,316.0,8.37,520.0,0.0,,140.11,110.0,4.1,48.0,,,,,,,,,,,,,,,,,,,,,,,,,,
2019-04-19,145.41,130.77,19.53,295.71000000000004,7.24,2.73,1.87,4.28,112357.0,0.0,0.0,0.0,6.8,5.51,108.0,37.9,37.9,38.0,7.9,29202.0,0.0,0.0,0.0,2.36,1.43,2748.0,15440.0,65.0,5146.0,108.0,37.9,37.9,37.9,7.9,24590.0,0.0,0.0,0.0,2.45,1.43,2755.0,15505.0,64.8,4756.0,9902,245.0,8.3,5480.0,8.3,4480.0,2654.0,2468.0,0.0,0.0,159.0,7.85,0.0,8260.0,244.0,6.45,189.2,0.0,0.0,37.7,151.0,7.81,0.0,13840.0,302.0,6.23,232.2,0.0,0.0,37.2,253.0,8.4,380.0,0.0,,141.84,218.0,3.1,48.0,,,,,,,,,,,,,,,,,,,,,,,,,,
2019-04-20,152.37,0.0,15.71,168.08,0.0,0.0,0.0,0.0,,0.0,0.0,0.0,0.0,0.0,108.0,0.0,,,0.0,0.0,0.0,0.0,0.0,0.0,0.0,0.0,0.0,0.0,5340.0,108.0,0.0,,,0.0,0.0,0.0,0.0,0.0,0.0,0.0,0.0,0.0,0.0,4873.0,10213,332.0,0.0,0.0,0.0,0.0,,0.0,0.0,0.0,166.0,0.0,0.0,0.0,0.0,0.0,0.0,0.0,0.0,0.0,156.0,0.0,0.0,0.0,0.0,0.0,0.0,0.0,0.0,0.0,264.0,0.0,0.0,0.0,,0.0,0.0,0.0,48.0,,,,,,,,,,,,,,,,,,,,,,,,,,
2019-04-21,0.0,41.33,0.0,41.33,0.0,0.0,0.0,0.0,,0.0,0.0,0.0,0.0,0.0,108.0,0.0,,,0.0,0.0,0.0,0.0,0.0,0.0,0.0,0.0,0.0,0.0,5556.0,108.0,0.0,,,0.0,0.0,0.0,0.0,0.0,0.0,0.0,0.0,0.0,0.0,5092.0,10648,271.0,0.0,0.0,0.0,0.0,,0.0,0.0,0.0,127.0,0.0,0.0,0.0,0.0,0.0,0.0,0.0,0.0,0.0,142.0,0.0,0.0,0.0,0.0,0.0,0.0,0.0,0.0,0.0,313.0,0.0,0.0,0.0,,0.0,0.0,0.0,48.0,,,,,,,,,,,,,,,,,,,,,,,,,,
2019-04-22,124.2,59.45,22.57,206.22,7.26,2.15,1.18,4.23,130709.0,4804.0,826.1,2401.5,7.06,5.34,108.0,38.0,37.9,38.3,7.99,26903.0,4154.0,508.0,3321.0,2.38,1.01,2836.0,15511.0,63.8,5504.0,108.0,38.2,38.1,38.1,7.99,22665.0,4823.0,484.0,3624.0,2.29,0.87,2821.0,15504.0,64.1,5087.0,10591,298.0,8.3,1400.0,8.35,3880.0,2708.4,2501.0,287.0,1975.2,133.0,7.82,145.27,8900.0,268.0,4.54,201.4,1.02,6.4,37.1,144.0,7.85,145.14,11860.0,318.2,5.12,241.1,0.98,5.9,37.8,165.0,8.4,400.0,102.0,,141.08,261.0,3.2,48.0,,,,,,,,,,,,,,,,,,,,,,,,,,
2019-04-23,124.47,88.68,15.92,229.07,7.87,2.05,1.28,4.23,125947.0,0.0,0.0,0.0,6.78,5.41,108.0,38.0,37.9,38.1,7.95,31136.0,0.0,0.0,0.0,2.36,1.0,2854.0,15398.0,64.2,5546.0,108.0,38.0,38.0,38.0,7.93,36018.0,0.0,0.0,0.0,2.3,0.97,2861.0,15421.0,64.0,5015.0,10561,247.0,8.3,2420.0,8.18,4180.0,2970.5,2857.0,0.0,0.0,146.0,7.74,0.0,9620.0,307.0,21.87,257.7,0.0,0.0,37.4,140.0,7.76,0.0,12000.0,310.0,42.27,238.4,0.0,0.0,37.7,178.0,8.38,600.0,0.0,,155.27,258.0,5.9,64.0,,,,,,,,,,,,,,,,,,,,,,,,,,
2019-04-24,125.15,129.09,12.3,266.54,7.83,4.06,2.62,4.24,143424.0,0.0,0.0,0.0,7.28,5.73,108.0,38.0,38.0,38.1,7.9,23935.0,0.0,0.0,0.0,2.74,1.29,2875.0,15372.0,64.6,5603.0,108.0,38.0,38.0,38.0,7.89,26292.0,0.0,0.0,0.0,2.71,1.28,2841.0,15380.0,64.2,5088.0,10691,226.0,8.05,7640.0,7.9,4240.0,2801.8,2676.0,0.0,0.0,145.0,7.01,0.0,10260.0,288.0,4.17,248.7,0.0,0.0,37.8,143.0,7.07,0.0,12000.0,306.0,20.61,196.5,0.0,0.0,37.5,218.0,8.05,260.0,0.0,,144.34,264.0,6.1,60.0,,,,,,,,,,,,,,,,,,,,,,,,,,
2019-04-25,126.33,77.21,19.85,223.39,7.68,4.56,2.73,4.28,129016.0,0.0,0.0,0.0,7.14,5.48,108.0,38.0,38.0,38.1,8.03,35643.0,0.0,0.0,0.0,2.26,0.9,2821.0,15400.0,64.1,5666.0,108.0,38.0,38.0,38.0,8.0,20230.0,0.0,0.0,0.0,2.3,0.97,2856.0,15455.0,63.9,5157.0,10823,356.0,7.9,2740.0,7.85,4360.0,2778.0,2674.0,0.0,0.0,162.0,7.53,0.0,9780.0,229.0,5.19,191.0,0.0,0.0,37.5,155.0,7.3,0.0,10700.0,240.0,8.78,203.0,0.0,0.0,37.4,185.0,7.94,460.0,0.0,,147.0,258.0,7.0,60.0,,,,,,,,,,,,,,,,,,,,,,,,,,
2019-04-26,154.32,37.51,18.32,210.14999999999998,7.54,4.35,2.62,4.27,117783.0,0.0,0.0,0.0,7.15,5.51,108.0,38.0,37.9,38.1,7.97,24085.0,0.0,0.0,0.0,2.37,1.0,2794.0,15368.0,64.2,5791.0,108.0,38.0,38.0,38.0,7.92,24298.0,0.0,0.0,0.0,2.41,0.98,2805.0,15384.0,64.0,5329.0,11120,327.0,7.62,10300.0,7.58,4580.0,2832.4,2768.0,0.0,0.0,198.0,7.27,0.0,10780.0,228.0,4.73,178.7,0.0,0.0,37.8,187.0,7.56,0.0,12340.0,243.0,5.02,172.1,0.0,0.0,37.1,233.0,7.97,400.0,0.0,,145.3,240.0,3.2,49.0,,,,,,,,,,,,,,,,,,,,,,,,,,
2019-04-27,155.08,110.25,15.24,280.57000000000005,0.0,0.0,0.0,0.0,,0.0,0.0,0.0,0.0,0.0,108.0,0.0,,,0.0,0.0,0.0,0.0,0.0,0.0,0.0,0.0,0.0,0.0,5901.0,108.0,0.0,,,0.0,0.0,0.0,0.0,0.0,0.0,0.0,0.0,0.0,0.0,5458.0,11359,291.0,0.0,0.0,0.0,0.0,,0.0,0.0,0.0,135.0,0.0,0.0,0.0,0.0,0.0,0.0,0.0,0.0,0.0,191.0,0.0,0.0,0.0,0.0,0.0,0.0,0.0,0.0,0.0,203.0,0.0,0.0,0.0,,0.0,0.0,0.0,36.0,,,,,,,,,,,,,,,,,,,,,,,,,,
2019-04-28,0.0,0.0,0.0,0.0,0.0,0.0,0.0,0.0,,0.0,0.0,0.0,0.0,0.0,108.0,0.0,,,0.0,0.0,0.0,0.0,0.0,0.0,0.0,0.0,0.0,0.0,6289.0,108.0,0.0,,,0.0,0.0,0.0,0.0,0.0,0.0,0.0,0.0,0.0,0.0,5713.0,12002,324.0,0.0,0.0,0.0,0.0,,0.0,0.0,0.0,144.0,0.0,0.0,0.0,0.0,0.0,0.0,0.0,0.0,0.0,195.0,0.0,0.0,0.0,0.0,0.0,0.0,0.0,0.0,0.0,255.0,0.0,0.0,0.0,,0.0,0.0,0.0,36.0,,,,,,,,,,,,,,,,,,,,,,,,,,
2019-04-29,73.36,82.27,23.33,178.95999999999998,7.61,2.24,1.38,4.16,130374.0,4708.0,866.6,2024.6,7.43,5.42,108.0,38.0,38.2,37.9,8.02,26947.0,4670.0,473.2,3326.9,1.88,0.85,2761.0,15421.0,64.5,6184.0,108.0,38.1,38.0,38.0,7.99,25169.0,4651.0,675.5,3717.3,2.08,1.15,2772.0,15446.0,64.4,5644.0,11828,313.0,8.29,1960.0,8.14,3680.0,2628.2,2606.0,145.9,2042.2,153.0,7.78,142.92,10800.0,91.0,5.1,36.4,0.12,17.1,37.6,158.0,7.85,142.93,11160.0,111.0,4.32,65.4,0.14,28.7,37.4,239.0,8.14,180.0,102.0,,142.89,98.0,9.1,44.0,,,,,,,,,,,,,,,,,,,,,,,,,,
2019-04-30,176.72,77.95,15.56,270.23,7.56,3.99,2.57,4.23,123493.0,0.0,0.0,0.0,7.2,5.57,102.0,38.1,38.2,37.9,8.01,24679.0,0.0,0.0,0.0,2.32,0.88,2729.0,15384.0,64.7,5655.0,102.0,38.0,38.0,38.0,8.0,29153.0,0.0,0.0,0.0,2.29,0.97,2751.0,15328.0,64.5,5188.0,10843,330.0,8.3,4960.0,8.35,3320.0,2688.4,2765.0,0.0,0.0,152.0,7.73,0.0,9260.0,116.0,4.8,102.5,0.0,0.0,38.0,210.0,7.77,0.0,10100.0,139.0,5.66,125.6,0.0,0.0,37.4,288.0,8.2,380.0,0.0,,144.0,74.0,3.5,42.0,,,,,,,,,,,,,,,,,,,,,,,,,,
2019-05-01,149.99,35.88,15.06,200.93,7.64,2.88,1.9,4.28,141855.0,0.0,0.0,0.0,7.34,5.51,102.0,38.0,37.9,38.1,7.96,24034.0,0.0,0.0,0.0,2.43,0.92,2715.0,15309.0,64.8,5515.0,102.0,38.0,38.0,38.0,7.96,29103.0,0.0,0.0,0.0,2.38,0.98,2768.0,15424.0,64.7,5043.0,10558,313.0,8.14,2900.0,8.24,4700.0,2610.0,2715.0,0.0,0.0,159.0,7.69,0.0,9740.0,178.0,4.37,86.6,0.0,0.0,37.9,161.0,7.76,0.0,13280.0,210.0,18.21,161.3,0.0,0.0,37.9,350.0,8.24,520.0,0.0,,137.4,98.0,4.7,34.0,,,,,,,,,,,,,,,,,,,,,,,,,,
2019-05-02,52.65,88.24,17.12,158.01,7.56,3.6,2.46,4.24,145919.0,0.0,0.0,0.0,7.29,5.82,108.0,38.0,38.2,37.9,8.02,27946.0,0.0,0.0,0.0,2.64,1.29,2734.0,15402.0,63.8,5828.0,108.0,38.0,38.0,38.0,8.06,25220.0,0.0,0.0,0.0,2.39,1.5,2744.0,15400.0,63.5,5335.0,11163,359.0,8.1,3580.0,8.26,5520.0,2703.3,2728.0,0.0,0.0,179.0,7.65,0.0,9760.0,238.0,5.26,135.9,0.0,0.0,37.8,187.0,7.72,0.0,11580.0,231.0,10.45,205.1,0.0,0.0,37.3,350.0,8.27,480.0,0.0,,139.4,190.0,4.1,49.0,,,,,,,,,,,,,,,,,,,,,,,,,,
2019-05-03,176.35,129.16,20.77,326.28,7.63,3.27,2.04,4.27,137067.0,0.0,0.0,0.0,7.03,5.57,108.0,38.0,38.2,37.9,7.94,33240.0,0.0,0.0,0.0,2.55,1.1,2705.0,15326.0,64.0,5584.0,108.0,38.0,38.0,38.0,7.97,26061.0,0.0,0.0,0.0,2.57,1.06,2698.0,15346.0,63.8,5114.0,10698,360.0,8.12,5160.0,8.17,8340.0,2774.8,3008.0,0.0,0.0,212.0,7.7,0.0,11400.0,277.0,14.77,187.0,0.0,0.0,37.1,184.0,7.69,0.0,11160.0,221.0,7.39,187.4,0.0,0.0,37.7,350.0,8.23,480.0,0.0,,139.92,215.0,4.3,60.0,,,,,,,,,,,,,,,,,,,,,,,,,,
2019-05-04,176.41,39.53,18.01,233.95,0.0,0.0,0.0,0.0,0.0,0.0,0.0,0.0,0.0,0.0,108.0,0.0,,,0.0,0.0,0.0,0.0,0.0,0.0,0.0,0.0,0.0,0.0,5572.0,108.0,0.0,,,0.0,0.0,0.0,0.0,0.0,0.0,0.0,0.0,0.0,0.0,5116.0,10688,285.0,0.0,0.0,0.0,0.0,,0.0,0.0,0.0,165.0,0.0,0.0,0.0,0.0,0.0,0.0,0.0,0.0,0.0,172.0,0.0,0.0,0.0,0.0,0.0,0.0,0.0,0.0,0.0,268.0,0.0,0.0,0.0,,0.0,0.0,0.0,60.0,,,,,,,,,,,,,,,,,,,,,,,,,,
2019-05-05,0.0,41.37,0.0,41.37,0.0,0.0,0.0,0.0,0.0,0.0,0.0,0.0,0.0,0.0,108.0,0.0,,,0.0,0.0,0.0,0.0,0.0,0.0,0.0,0.0,0.0,0.0,5932.0,108.0,0.0,,,0.0,0.0,0.0,0.0,0.0,0.0,0.0,0.0,0.0,0.0,5366.0,11298,352.0,0.0,0.0,0.0,0.0,,0.0,0.0,0.0,148.0,0.0,0.0,0.0,0.0,0.0,0.0,0.0,0.0,0.0,173.0,0.0,0.0,0.0,0.0,0.0,0.0,0.0,0.0,0.0,274.0,0.0,0.0,0.0,,0.0,0.0,0.0,60.0,,,,,,,,,,,,,,,,,,,,,,,,,,
2019-05-06,149.93,36.45,24.99,211.37,7.7,2.41,1.55,4.26,118478.0,4437.0,825.2,2150.8,7.09,5.46,108.0,38.0,38.0,38.1,7.97,18149.0,4121.0,441.7,3473.6,2.27,1.2,2604.0,15389.0,64.4,5527.0,108.0,38.0,38.0,38.0,7.98,22041.0,4706.0,427.2,3794.9,2.39,1.26,2631.0,15371.0,64.3,5043.0,10570,359.0,7.78,3140.0,7.88,12460.0,2742.5,2798.0,375.2,2122.4,171.0,7.33,136.75,11860.0,118.0,5.37,114.6,0.16,3.8,0.0,201.0,7.39,136.84,10720.0,149.0,5.03,115.7,0.28,4.0,0.0,295.0,8.02,360.0,100.0,,136.77,126.0,3.6,54.0,,,,,,,,,,,,,,,,,,,,,,,,,,
2019-05-07,73.51,89.13,16.8,179.44,8.07,2.14,1.27,4.29,15136.0,0.0,0.0,0.0,6.76,5.22,108.0,38.1,38.1,37.9,8.0,23342.0,0.0,0.0,0.0,2.25,0.89,2648.0,15405.0,64.5,5382.0,108.0,38.0,38.0,38.0,7.99,22534.0,0.0,0.0,0.0,2.3,0.87,2654.0,15412.0,64.4,4912.0,10294,357.0,7.8,5060.0,7.85,11640.0,2572.8,2924.0,0.0,0.0,181.0,7.28,0.0,12060.0,93.0,4.58,77.5,0.0,0.0,37.8,204.0,7.34,0.0,11180.0,110.0,4.92,95.1,0.0,0.0,37.5,266.0,8.0,460.0,0.0,,128.75,123.0,4.0,48.0,,,,,,,,,,,,,,,,,,,,,,,,,,
2019-05-08,153.53,130.08,13.08,296.69,7.66,2.32,1.92,4.24,135433.0,4563.0,834.2,0.0,6.87,5.4,108.0,38.0,38.2,37.9,7.98,24323.0,0.0,0.0,0.0,2.2,0.87,2667.0,15328.0,64.5,5332.0,108.0,38.0,38.0,38.0,7.97,22683.0,0.0,0.0,0.0,2.26,0.93,2632.0,15384.0,64.3,4884.0,10216,286.0,7.87,4880.0,7.9,9860.0,2617.2,2845.0,0.0,0.0,217.0,7.34,0.0,11340.0,76.0,5.13,55.5,0.0,0.0,37.3,157.0,7.29,0.0,10280.0,84.5,5.21,74.5,0.0,0.0,37.8,272.0,8.05,400.0,0.0,,130.65,101.0,3.2,48.0,,,,,,,,,,,,,,,,,,,,,,,,,,
2019-05-09,45.92,78.19,22.72,146.82999999999998,7.49,4.79,1.55,4.25,118478.0,0.0,0.0,0.0,6.81,5.29,108.0,38.1,38.1,37.9,8.03,26269.0,0.0,0.0,0.0,2.56,1.28,2634.0,15475.0,64.8,5395.0,108.0,38.0,38.0,38.0,8.03,28839.0,0.0,0.0,0.0,2.26,1.25,2644.0,15474.0,64.9,4942.0,10337,161.0,7.78,6220.0,7.94,14300.0,2735.0,2867.0,0.0,0.0,183.0,7.36,0.0,13680.0,61.0,5.27,43.8,0.0,0.0,38.0,147.0,7.32,0.0,13560.0,65.0,5.11,50.2,0.0,0.0,37.3,256.0,8.1,240.0,0.0,,134.0,78.0,3.0,48.0,,,,,,,,,,,,,,,,,,,,,,,,,,
2019-05-10,151.28,79.27,20.46,251.01000000000002,0.0,0.0,0.0,0.0,0.0,0.0,0.0,0.0,0.0,0.0,108.0,0.0,,,0.0,0.0,0.0,0.0,0.0,0.0,0.0,0.0,0.0,0.0,5141.0,108.0,0.0,,,0.0,0.0,0.0,0.0,0.0,0.0,0.0,0.0,0.0,0.0,4674.0,9815,279.0,0.0,0.0,0.0,0.0,,0.0,0.0,0.0,176.0,0.0,0.0,0.0,0.0,0.0,0.0,0.0,0.0,0.0,141.0,0.0,0.0,0.0,0.0,0.0,0.0,0.0,0.0,0.0,192.0,0.0,0.0,0.0,,0.0,0.0,0.0,38.0,,,,,,,,,,,,,,,,,,,,,,,,,,
2019-05-11,154.8,47.62,17.59,220.01000000000002,0.0,0.0,0.0,0.0,0.0,0.0,0.0,0.0,0.0,0.0,108.0,0.0,,,0.0,0.0,0.0,0.0,0.0,0.0,0.0,0.0,0.0,0.0,5308.0,108.0,0.0,,,0.0,0.0,0.0,0.0,0.0,0.0,0.0,0.0,0.0,0.0,4859.0,10167,316.0,0.0,0.0,0.0,0.0,,0.0,0.0,0.0,134.0,0.0,0.0,0.0,0.0,0.0,0.0,0.0,0.0,0.0,138.0,0.0,0.0,0.0,0.0,0.0,0.0,0.0,0.0,0.0,199.0,0.0,0.0,0.0,,0.0,0.0,0.0,32.0,,,,,,,,,,,,,,,,,,,,,,,,,,
2019-05-12,23.55,0.0,0.0,23.55,0.0,0.0,0.0,0.0,0.0,0.0,0.0,0.0,0.0,0.0,108.0,0.0,,,0.0,0.0,0.0,0.0,0.0,0.0,0.0,0.0,0.0,0.0,5730.0,108.0,0.0,,,0.0,0.0,0.0,0.0,0.0,0.0,0.0,0.0,0.0,0.0,5209.0,10939,270.0,0.0,0.0,0.0,0.0,,0.0,0.0,0.0,132.0,0.0,0.0,0.0,0.0,0.0,0.0,0.0,0.0,0.0,143.0,0.0,0.0,0.0,0.0,0.0,0.0,0.0,0.0,0.0,111.0,0.0,0.0,0.0,,0.0,0.0,0.0,32.0,,,,,,,,,,,,,,,,,,,,,,,,,,
2019-05-13,146.77,130.72,24.9,302.39,7.63,4.32,2.79,4.31,130912.0,5016.0,972.4,1998.4,6.92,5.65,108.0,37.9,38.0,38.1,7.97,24404.0,4910.0,447.8,3654.8,2.48,1.01,2625.0,15388.0,63.6,5465.0,108.0,38.0,38.0,38.0,7.97,19710.0,4609.0,409.5,3532.3,2.5,0.98,2643.0,15394.0,63.5,5030.0,10495,319.0,8.1,3920.0,8.04,8100.0,2617.7,2373.0,272.3,1726.9,128.0,7.64,135.83,13700.0,38.0,6.87,20.3,0.11,6.9,37.7,132.0,7.51,135.4,12460.0,28.0,6.4,14.0,0.1,3.8,37.4,8.0,8.19,720.0,98.0,,135.87,43.0,8.8,34.0,,,,,,,,,,,,,,,,,,,,,,,,,,
2019-05-14,177.12,75.64,16.71,269.46999999999997,7.62,5.18,3.0,4.26,120947.0,0.0,0.0,0.0,6.84,5.13,108.0,38.0,38.0,38.1,7.98,26249.0,0.0,0.0,0.0,2.65,1.2,2657.0,15254.0,64.8,5375.0,108.0,38.0,38.0,38.0,7.98,22473.0,0.0,0.0,0.0,2.4,0.97,2635.0,15227.0,63.3,4903.0,10278,329.0,8.16,5180.0,8.18,6420.0,2471.6,2343.0,0.0,0.0,131.0,7.69,0.0,13200.0,77.0,5.4,11.4,0.0,0.0,37.6,165.0,7.61,0.0,12480.0,62.0,4.33,13.8,0.0,0.0,37.6,244.0,8.2,480.0,0.0,,125.7,78.0,4.0,36.0,,,,,,,,,,,,,,,,,,,,,,,,,,
2019-05-15,180.24,35.56,15.13,230.93,7.46,4.59,2.92,4.45,124242.0,0.0,0.0,0.0,6.7,5.09,108.0,38.0,38.0,38.1,7.99,30392.0,0.0,0.0,0.0,2.16,0.8,2638.0,15284.0,64.0,5488.0,108.0,38.0,38.0,38.0,8.0,24313.0,0.0,0.0,0.0,2.11,0.78,2645.0,15305.0,63.8,5009.0,10497,337.0,8.18,0.0,8.16,6300.0,2463.0,2321.0,0.0,0.0,172.0,7.58,0.0,12740.0,68.0,4.73,12.1,0.0,0.0,37.5,166.0,7.46,0.0,12820.0,64.0,5.11,11.6,0.0,0.0,37.8,345.0,8.24,0.0,0.0,,128.0,70.0,3.8,36.0,,,,,,,,,,,,,,,,,,,,,,,,,,
2019-05-16,75.9,88.01,19.19,183.10000000000002,8.08,2.42,1.27,4.25,135424.0,0.0,0.0,0.0,6.79,5.44,108.0,37.9,38.0,38.1,7.95,25679.0,0.0,0.0,0.0,2.38,0.91,2684.0,15443.0,64.2,5624.0,108.0,38.0,38.0,38.0,7.96,29622.0,0.0,0.0,0.0,2.28,1.06,2694.0,15484.0,64.1,5207.0,10831,358.0,8.2,4440.0,8.21,7020.0,2698.0,2384.0,0.0,0.0,151.0,7.61,0.0,12780.0,58.0,5.21,11.8,0.0,0.0,37.9,186.0,7.54,0.0,12280.0,66.0,5.41,13.6,0.0,0.0,37.6,115.0,8.3,400.0,0.0,,140.0,63.0,3.6,36.0,,,,,,,,,,,,,,,,,,,,,,,,,,
2019-05-17,180.27,146.07,18.91,345.25000000000006,0.0,0.0,0.0,0.0,0.0,0.0,0.0,0.0,0.0,0.0,108.0,0.0,,,0.0,0.0,0.0,0.0,0.0,0.0,0.0,0.0,0.0,0.0,5665.0,108.0,0.0,,,0.0,0.0,0.0,0.0,0.0,0.0,0.0,0.0,0.0,0.0,5201.0,10866,357.0,0.0,0.0,0.0,0.0,,0.0,0.0,0.0,199.0,0.0,0.0,0.0,0.0,0.0,0.0,0.0,0.0,0.0,192.0,0.0,0.0,0.0,0.0,0.0,0.0,0.0,0.0,0.0,329.0,0.0,0.0,0.0,,0.0,0.0,0.0,36.0,,,,,,,,,,,,,,,,,,,,,,,,,,
2019-05-18,127.08,39.3,18.11,184.49,0.0,0.0,0.0,0.0,0.0,0.0,0.0,0.0,0.0,0.0,110.0,0.0,,,0.0,0.0,0.0,0.0,0.0,0.0,0.0,0.0,0.0,0.0,5777.0,110.0,0.0,,,0.0,0.0,0.0,0.0,0.0,0.0,0.0,0.0,0.0,0.0,5275.0,11052,316.0,0.0,0.0,0.0,0.0,,0.0,0.0,0.0,170.0,0.0,0.0,0.0,0.0,0.0,0.0,0.0,0.0,0.0,147.0,0.0,0.0,0.0,0.0,0.0,0.0,0.0,0.0,0.0,337.0,0.0,0.0,0.0,,0.0,0.0,0.0,36.0,,,,,,,,,,,,,,,,,,,,,,,,,,
2019-05-19,23.91,0.0,0.0,23.91,0.0,0.0,0.0,0.0,0.0,0.0,0.0,0.0,0.0,0.0,113.0,0.0,,,0.0,0.0,0.0,0.0,0.0,0.0,0.0,0.0,0.0,0.0,6295.0,113.0,0.0,,,0.0,0.0,0.0,0.0,0.0,0.0,0.0,0.0,0.0,0.0,5698.0,11993,255.0,0.0,0.0,0.0,0.0,,0.0,0.0,0.0,190.0,0.0,0.0,0.0,0.0,0.0,0.0,0.0,0.0,0.0,183.0,0.0,0.0,0.0,0.0,0.0,0.0,0.0,0.0,0.0,337.0,0.0,0.0,0.0,,0.0,0.0,0.0,36.0,,,,,,,,,,,,,,,,,,,,,,,,,,
2019-05-20,75.0,38.82,22.08,135.89999999999998,7.27,5.15,3.53,4.2,138838.0,4467.0,877.0,1851.8,7.1,5.65,113.0,38.1,38.0,38.3,8.0,29320.0,4901.0,463.5,3966.6,2.38,1.31,2754.0,15305.0,63.1,6246.0,113.0,38.1,38.1,38.0,8.0,25993.0,4728.0,394.8,3821.3,2.78,1.26,2768.0,15468.0,63.2,5657.0,11903,194.0,8.29,2440.0,8.38,6380.0,2716.1,2549.0,204.4,2017.7,191.0,7.75,147.64,14620.0,150.0,4.41,142.7,0.54,3.3,37.3,141.0,7.61,147.51,13300.0,158.0,21.64,118.3,0.12,2.2,37.6,334.0,8.36,520.0,93.0,,147.36,107.0,3.0,36.0,,,,,,,,,,,,,,,,,,,,,,,,,,
2019-05-21,178.69,88.08,16.11,282.88,7.75,2.06,0.99,4.25,138463.0,0.0,0.0,0.0,6.87,5.31,114.0,38.0,38.0,38.1,8.04,24882.0,0.0,0.0,0.0,2.28,0.8,2701.0,15384.0,63.5,6054.0,114.0,38.0,38.0,38.0,8.04,25289.0,0.0,0.0,0.0,2.41,0.98,2723.0,15421.0,63.5,5473.0,11527,340.0,8.55,3120.0,8.33,7400.0,2638.5,2612.0,0.0,0.0,140.0,7.1,0.0,13240.0,187.0,3.96,191.4,0.0,0.0,37.8,173.0,7.17,0.0,11040.0,179.0,5.17,161.8,0.0,0.0,37.8,320.0,8.33,420.0,0.0,,133.16,125.0,3.8,46.0,,,,,,,,,,,,,,,,,,,,,,,,,,
2019-05-22,236.85,132.15,16.24,385.24,7.65,2.63,1.67,4.32,127114.0,0.0,0.0,0.0,6.92,5.35,114.0,38.0,38.0,38.1,7.99,21570.0,0.0,0.0,0.0,2.56,1.3,2671.0,15352.0,63.1,6020.0,114.0,38.0,38.0,38.0,7.98,22729.0,0.0,0.0,0.0,2.51,0.98,2734.0,15388.0,62.9,5441.0,11461,364.0,8.49,3860.0,8.35,8000.0,2745.8,2688.0,0.0,0.0,183.0,7.24,0.0,14100.0,217.0,3.8,200.4,0.0,0.0,37.6,142.0,7.14,0.0,12720.0,216.0,4.56,157.1,0.0,0.0,37.6,240.0,8.31,520.0,0.0,,136.23,182.0,3.2,48.0,,,,,,,,,,,,,,,,,,,,,,,,,,
2019-05-23,72.03,79.52,18.75,170.3,7.9,2.32,1.36,4.14,145475.0,0.0,0.0,0.0,7.24,5.35,114.0,38.0,38.0,38.1,7.96,30906.0,0.0,0.0,0.0,2.47,0.9,2721.0,15410.0,63.2,6096.0,114.0,38.0,38.0,38.0,7.93,21719.0,0.0,0.0,0.0,2.38,0.87,2745.0,15364.0,63.0,5549.0,11645,245.0,8.42,3340.0,8.29,9060.0,2652.2,2815.0,0.0,0.0,177.0,7.29,0.0,13960.0,226.0,4.77,215.5,0.0,0.0,37.9,180.0,7.21,0.0,12920.0,184.0,5.71,170.2,0.0,0.0,37.5,297.0,8.35,420.0,0.0,,131.1,186.0,2.0,48.0,,,,,,,,,,,,,,,,,,,,,,,,,,
2019-05-24,155.63,38.59,19.06,213.28,0.0,0.0,0.0,0.0,0.0,0.0,0.0,0.0,0.0,0.0,114.0,0.0,,,0.0,0.0,0.0,0.0,0.0,0.0,0.0,0.0,0.0,0.0,6005.0,114.0,0.0,,,0.0,0.0,0.0,0.0,0.0,0.0,0.0,0.0,0.0,0.0,5412.0,11417,358.0,0.0,0.0,0.0,0.0,,0.0,0.0,0.0,178.0,0.0,0.0,0.0,0.0,0.0,0.0,0.0,0.0,0.0,149.0,0.0,0.0,0.0,0.0,0.0,0.0,0.0,0.0,0.0,277.0,0.0,0.0,0.0,,0.0,0.0,0.0,48.0,,,,,,,,,,,,,,,,,,,,,,,,,,
2019-05-25,128.81,65.47,18.62,212.9,0.0,0.0,0.0,0.0,0.0,0.0,0.0,0.0,0.0,0.0,114.0,0.0,,,0.0,0.0,0.0,0.0,0.0,0.0,0.0,0.0,0.0,0.0,5942.0,114.0,0.0,,,0.0,0.0,0.0,0.0,0.0,0.0,0.0,0.0,0.0,0.0,5438.0,11380,358.0,0.0,0.0,0.0,0.0,,0.0,0.0,0.0,183.0,0.0,0.0,0.0,0.0,0.0,0.0,0.0,0.0,0.0,172.0,0.0,0.0,0.0,0.0,0.0,0.0,0.0,0.0,0.0,212.0,0.0,0.0,0.0,,0.0,0.0,0.0,48.0,,,,,,,,,,,,,,,,,,,,,,,,,,
2019-05-26,24.89,40.99,0.0,65.88,0.0,0.0,0.0,0.0,0.0,0.0,0.0,0.0,0.0,0.0,114.0,0.0,,,0.0,0.0,0.0,0.0,0.0,0.0,0.0,0.0,0.0,0.0,6102.0,114.0,0.0,,,0.0,0.0,0.0,0.0,0.0,0.0,0.0,0.0,0.0,0.0,5516.0,11618,293.0,0.0,0.0,0.0,0.0,,0.0,0.0,0.0,185.0,0.0,0.0,0.0,0.0,0.0,0.0,0.0,0.0,0.0,182.0,0.0,0.0,0.0,0.0,0.0,0.0,0.0,0.0,0.0,278.0,0.0,0.0,0.0,,0.0,0.0,0.0,48.0,,,,,,,,,,,,,,,,,,,,,,,,,,
2019-05-27,201.26,88.82,25.52,315.59999999999997,8.21,2.23,1.08,4.17,135293.0,4872.0,926.2,2015.6,7.01,5.1,115.0,38.0,38.0,38.1,7.98,42329.0,5299.0,806.0,3701.4,2.25,0.99,2784.0,15342.0,63.3,6206.0,115.0,38.0,38.0,38.0,8.0,33597.0,4873.0,578.5,3686.4,2.25,0.87,2762.0,15321.0,63.4,5660.0,11866,256.0,8.4,7920.0,8.38,8840.0,2834.0,2760.0,285.7,2046.2,160.0,7.46,141.67,14380.0,150.0,6.87,112.5,0.42,4.0,38.9,155.0,7.38,141.52,14100.0,120.0,7.21,83.6,0.15,4.3,38.4,294.0,8.37,440.0,95.0,,141.24,143.0,3.5,48.0,,,,,,,,,,,,,,,,,,,,,,,,,,
2019-05-28,223.29,78.21,15.18,316.68,7.94,2.72,1.38,4.16,128918.0,0.0,0.0,0.0,7.16,5.38,116.0,38.0,38.0,38.1,8.0,28995.0,0.0,0.0,0.0,2.76,1.1,2795.0,15362.0,63.4,6209.0,116.0,38.0,38.0,38.0,7.97,27800.0,0.0,0.0,0.0,2.48,1.16,2766.0,15284.0,63.5,5606.0,11815,217.0,8.38,6080.0,8.33,9140.0,2816.6,2817.0,0.0,0.0,149.0,7.35,0.0,15900.0,228.0,3.46,100.6,0.0,0.0,37.9,136.0,7.29,0.0,14140.0,150.0,5.35,48.0,0.0,0.0,38.5,292.0,8.35,320.0,0.0,,141.57,219.0,2.0,42.0,,,,,,,,,,,,,,,,,,,,,,,,,,
2019-05-29,126.01,39.12,12.12,177.25,7.62,1.45,0.39,4.18,130054.0,0.0,0.0,0.0,6.9,5.03,118.0,38.0,37.9,38.1,8.03,24352.0,0.0,0.0,0.0,2.18,1.1,2772.0,15315.0,64.0,6321.0,118.0,38.2,38.1,38.2,8.0,26452.0,0.0,0.0,0.0,2.29,1.07,2784.0,15352.0,63.4,5749.0,12070,362.0,8.29,6820.0,8.3,9340.0,2556.0,2967.0,0.0,0.0,182.0,7.35,0.0,14300.0,146.0,8.15,101.0,0.0,0.0,37.3,65.0,0.0,0.0,0.0,0.0,0.0,0.0,0.0,0.0,0.0,153.0,8.3,520.0,0.0,,130.0,119.0,5.8,40.0,,,,,,,,,,,,,,,,,,,,,,,,,,
2019-05-30,181.49,89.81,20.77,292.07,7.58,1.36,0.49,7.07,129474.0,0.0,0.0,0.0,7.43,5.61,120.0,38.0,37.9,38.1,7.99,28866.0,0.0,0.0,0.0,2.37,1.1,2744.0,15284.0,63.6,6494.0,120.0,38.1,38.1,38.1,8.03,20077.0,0.0,0.0,0.0,2.46,0.87,2764.0,15288.0,63.4,5972.0,12466,272.0,8.26,7880.0,8.34,11600.0,3078.0,3035.0,0.0,0.0,167.0,7.48,0.0,14080.0,129.0,6.0,98.6,0.0,0.0,37.1,163.0,7.37,0.0,13580.0,63.0,5.15,45.3,0.0,0.0,37.3,158.0,8.38,660.0,0.0,,157.0,81.0,4.0,40.0,,,,,,,,,,,,,,,,,,,,,,,,,,
2019-05-31,205.0,105.3,19.2,329.5,0.0,0.0,0.0,0.0,0.0,0.0,0.0,0.0,0.0,0.0,120.0,0.0,,,0.0,0.0,0.0,0.0,0.0,0.0,0.0,0.0,0.0,0.0,6730.0,120.0,0.0,,,0.0,0.0,0.0,0.0,0.0,0.0,0.0,0.0,0.0,0.0,6175.0,12905,364.0,0.0,0.0,0.0,0.0,,0.0,0.0,0.0,172.0,0.0,0.0,0.0,0.0,0.0,0.0,0.0,0.0,0.0,187.0,0.0,0.0,0.0,0.0,0.0,0.0,0.0,0.0,0.0,275.0,0.0,0.0,0.0,,0.0,0.0,0.0,40.0,,,,,,,,,,,,,,,,,,,,,,,,,,
2019-06-01,180.06,38.47,17.42,235.95,0.0,0.0,0.0,0.0,0.0,0.0,0.0,0.0,0.0,0.0,120.0,0.0,,,0.0,0.0,0.0,0.0,0.0,0.0,0.0,0.0,0.0,0.0,6830.0,120.0,0.0,,,0.0,0.0,0.0,0.0,0.0,0.0,0.0,0.0,0.0,0.0,6290.0,13120,320.0,0.0,0.0,0.0,0.0,,0.0,0.0,0.0,170.0,0.0,0.0,0.0,0.0,0.0,0.0,0.0,0.0,0.0,187.0,0.0,0.0,0.0,0.0,0.0,0.0,0.0,0.0,0.0,257.0,0.0,0.0,0.0,,0.0,0.0,0.0,40.0,,,,,,,,,,,,,,,,,,,,,,,,,,
2019-06-02,0.0,43.99,0.0,43.99,0.0,0.0,0.0,0.0,0.0,0.0,0.0,0.0,0.0,0.0,120.0,0.0,,,0.0,0.0,0.0,0.0,0.0,0.0,0.0,0.0,0.0,0.0,7302.0,120.0,0.0,,,0.0,0.0,0.0,0.0,0.0,0.0,0.0,0.0,0.0,0.0,6594.0,13896,308.0,0.0,0.0,0.0,0.0,,0.0,0.0,0.0,159.0,0.0,0.0,0.0,0.0,0.0,0.0,0.0,0.0,0.0,188.0,0.0,0.0,0.0,0.0,0.0,0.0,0.0,0.0,0.0,199.0,0.0,0.0,0.0,,0.0,0.0,0.0,40.0,,,,,,,,,,,,,,,,,,,,,,,,,,
2019-06-03,226.91,36.15,23.61,286.67,7.58,1.36,0.49,4.04,143908.0,4828.0,1042.0,2109.0,7.56,6.18,120.0,38.0,38.1,38.0,38.1,24700.0,4408.0,460.0,3617.0,2.47,1.1,2805.0,15324.0,63.8,7097.0,120.0,38.1,38.1,38.1,7.97,18144.0,4772.0,516.0,3643.0,2.3,0.87,2788.0,15326.0,63.6,6606.0,13703,365.0,8.31,4500.0,8.29,9080.0,2896.0,2569.0,277.0,1919.0,170.0,7.53,144.0,15120.0,84.0,4.7,57.3,0.15,4.4,37.6,190.0,7.33,143.0,3240.0,51.0,4.97,28.3,0.15,2.8,37.2,242.0,8.4,220.0,94.0,,143.0,39.0,3.1,40.0,,,,,,,,,,,,,,,,,,,,,,,,,,
2019-06-04,178.13,87.11,17.22,282.46000000000004,7.56,3.61,2.18,4.24,144252.0,0.0,0.0,0.0,7.77,5.97,120.0,38.0,38.4,37.9,38.2,23599.0,0.0,0.0,0.0,2.38,1.11,2834.0,15384.0,63.1,6939.0,120.0,38.4,38.4,38.4,7.97,20416.0,0.0,0.0,0.0,2.68,1.26,2805.0,15374.0,65.8,6379.0,13318,358.0,8.3,6880.0,8.25,8640.0,2825.0,2588.0,0.0,0.0,192.0,7.38,0.0,14880.0,52.0,5.12,34.2,0.0,0.0,37.8,156.0,7.25,0.0,12980.0,48.0,4.68,16.4,0.0,0.0,37.4,212.0,8.35,420.0,0.0,,141.0,42.0,2.0,40.0,,,,,,,,,,,,,,,,,,,,,,,,,,
2019-06-05,101.62,132.79,12.91,247.32,7.61,3.24,1.98,4.19,148356.0,0.0,0.0,0.0,7.69,6.05,120.0,38.0,38.3,37.9,38.2,24524.0,0.0,0.0,0.0,2.35,1.1,2809.0,15405.0,63.3,6905.0,120.0,38.3,38.3,38.3,7.98,23462.0,0.0,0.0,0.0,2.54,1.15,2747.0,15398.0,65.2,6324.0,13229,319.0,8.29,6080.0,8.29,7480.0,2795.4,2621.2,0.0,0.0,179.0,7.4,0.0,15080.0,67.0,5.2,38.4,0.0,0.0,38.2,202.0,7.34,0.0,13080.0,56.0,5.13,21.5,0.0,0.0,37.9,286.0,8.37,420.0,0.0,,138.27,50.0,3.2,40.0,,,,,,,,,,,,,,,,,,,,,,,,,,
2019-06-06,207.75,80.66,22.33,310.73999999999995,7.89,4.2,2.78,4.16,136071.0,0.0,0.0,0.0,7.32,5.78,120.0,37.9,38.4,37.8,38.1,22075.0,0.0,0.0,0.0,2.38,1.01,2784.0,15421.0,63.3,7024.0,120.0,38.4,38.4,38.3,7.98,20922.0,0.0,0.0,0.0,2.29,0.97,2684.0,15401.0,65.0,6430.0,13454,361.0,8.33,4700.0,8.34,9680.0,2801.3,2825.0,0.0,0.0,205.0,7.46,0.0,16060.0,124.0,5.92,63.5,0.0,0.0,38.3,202.0,7.38,0.0,12860.0,98.0,6.47,23.7,0.0,0.0,38.2,283.0,8.39,260.0,0.0,,141.09,83.0,3.1,40.0,,,,,,,,,,,,,,,,,,,,,,,,,,
2019-06-07,157.28,37.49,15.47,210.24,0.0,0.0,0.0,0.0,0.0,0.0,0.0,0.0,0.0,0.0,120.0,0.0,,,0.0,0.0,0.0,0.0,0.0,0.0,0.0,0.0,0.0,0.0,7214.0,120.0,0.0,,,0.0,0.0,0.0,0.0,0.0,0.0,0.0,0.0,0.0,0.0,6555.0,13769,362.0,0.0,0.0,0.0,0.0,,0.0,0.0,0.0,207.0,0.0,0.0,0.0,0.0,0.0,0.0,0.0,0.0,0.0,160.0,0.0,0.0,0.0,0.0,0.0,0.0,0.0,0.0,0.0,203.0,0.0,0.0,0.0,,0.0,0.0,0.0,40.0,,,,,,,,,,,,,,,,,,,,,,,,,,
2019-06-08,150.11,65.19,17.59,232.89000000000001,0.0,0.0,0.0,0.0,0.0,0.0,0.0,0.0,0.0,0.0,120.0,0.0,,,0.0,0.0,0.0,0.0,0.0,0.0,0.0,0.0,0.0,0.0,7326.0,120.0,0.0,,,0.0,0.0,0.0,0.0,0.0,0.0,0.0,0.0,0.0,0.0,6702.0,14028,363.0,0.0,0.0,0.0,0.0,,0.0,0.0,0.0,213.0,0.0,0.0,0.0,0.0,0.0,0.0,0.0,0.0,0.0,205.0,0.0,0.0,0.0,0.0,0.0,0.0,0.0,0.0,0.0,141.0,0.0,0.0,0.0,,0.0,0.0,0.0,40.0,,,,,,,,,,,,,,,,,,,,,,,,,,
2019-06-09,0.0,0.0,0.0,0.0,0.0,0.0,0.0,0.0,0.0,0.0,0.0,0.0,0.0,0.0,115.0,0.0,,,0.0,0.0,0.0,0.0,0.0,0.0,0.0,0.0,0.0,0.0,7270.0,115.0,0.0,,,0.0,0.0,0.0,0.0,0.0,0.0,0.0,0.0,0.0,0.0,6614.0,13884,366.0,0.0,0.0,0.0,0.0,,0.0,0.0,0.0,211.0,0.0,0.0,0.0,0.0,0.0,0.0,0.0,0.0,0.0,203.0,0.0,0.0,0.0,0.0,0.0,0.0,0.0,0.0,0.0,281.0,0.0,0.0,0.0,,0.0,0.0,0.0,40.0,,,,,,,,,,,,,,,,,,,,,,,,,,
2019-06-10,181.03,177.11,19.24,377.38,0.0,0.0,0.0,4.18,141408.0,4867.0,943.0,2106.0,7.58,5.68,122.0,37.9,,,8.1,20720.0,4634.0,405.0,3541.0,2.46,0.9,2764.0,15442.0,63.6,7028.0,120.0,38.1,,,8.02,19803.0,4885.0,467.0,3716.0,2.46,0.86,2798.0,15424.0,63.1,6433.0,13461,424.0,8.3,4480.0,8.36,8920.0,2974.0,2934.0,271.0,1804.0,218.0,7.52,150.0,18860.0,173.0,5.5,126.2,0.24,4.1,37.6,210.0,7.36,150.0,13040.0,74.0,5.13,38.5,0.24,3.8,38.0,285.0,8.34,400.0,97.0,,150.0,108.0,3.3,40.0,,,,,,,,,,,,,,,,,,,,,,,,,,
2019-06-11,208.0,58.01,16.45,282.46,0.0,0.0,0.0,4.21,127560.0,0.0,0.0,0.0,7.16,5.52,120.0,38.0,,,8.07,38002.0,0.0,0.0,0.0,2.78,1.04,2804.0,15431.0,63.7,6710.0,122.0,38.1,,,8.06,36033.0,0.0,0.0,0.0,2.31,0.88,2844.0,15462.0,63.2,6230.0,12940,358.0,8.25,4240.0,8.3,10160.0,2808.0,2887.0,0.0,0.0,212.0,7.46,0.0,15980.0,267.0,6.28,150.9,0.0,0.0,37.4,217.0,7.32,0.0,14340.0,161.0,7.76,54.6,0.0,0.0,38.0,272.0,8.32,160.0,0.0,,140.0,157.0,2.3,44.0,,,,,,,,,,,,,,,,,,,,,,,,,,
2019-06-12,153.62,38.86,16.95,209.43,0.0,0.0,0.0,4.18,140582.0,0.0,0.0,0.0,7.3,5.51,123.0,38.0,,,8.02,25512.0,0.0,0.0,0.0,2.62,1.2,2839.0,15467.0,63.8,6746.0,123.0,38.0,,,8.0,18783.0,0.0,0.0,0.0,2.58,1.16,2816.0,15421.0,63.2,6186.0,12932,426.0,8.26,11420.0,8.26,11580.0,2795.3,2712.0,0.0,0.0,176.0,7.32,0.0,16620.0,352.0,6.55,194.2,0.0,0.0,37.5,174.0,7.28,0.0,14860.0,193.0,7.5,72.5,0.0,0.0,37.8,297.0,8.3,480.0,0.0,,141.52,136.0,2.7,51.0,,,,,,,,,,,,,,,,,,,,,,,,,,
2019-06-13,184.26,88.65,19.6,292.51,0.0,0.0,0.0,4.24,132824.0,0.0,0.0,0.0,7.1,5.58,120.0,38.0,,,8.01,24057.0,0.0,0.0,0.0,2.26,1.09,2813.0,15384.0,64.7,6649.0,120.0,38.0,,,8.0,29665.0,0.0,0.0,0.0,2.38,1.15,2854.0,15384.0,64.5,6216.0,12865,278.0,8.2,3040.0,8.21,10280.0,2686.2,2586.0,0.0,0.0,214.0,7.34,0.0,14400.0,290.0,6.52,177.6,0.0,0.0,37.4,215.0,7.26,0.0,14060.0,175.0,4.79,101.4,0.0,0.0,37.8,301.0,8.31,480.0,0.0,,141.91,169.0,3.0,60.0,,,,,,,,,,,,,,,,,,,,,,,,,,
2019-06-14,132.99,60.71,15.88,209.58,0.0,0.0,0.0,4.17,133645.0,0.0,0.0,0.0,6.95,5.48,120.0,38.0,,,8.03,21789.0,0.0,0.0,0.0,2.37,1.02,2801.0,15421.0,63.9,6794.0,120.0,38.0,,,8.0,18967.0,0.0,0.0,0.0,2.4,1.08,2831.0,15400.0,63.4,6286.0,13080,327.0,8.23,3900.0,8.29,9260.0,2861.6,2737.0,0.0,0.0,206.0,7.36,0.0,15040.0,272.0,5.79,228.0,0.0,0.0,37.4,206.0,7.31,0.0,13320.0,121.0,5.05,90.7,0.0,0.0,37.8,305.0,8.35,540.0,0.0,,143.3,113.0,2.7,60.0,,,,,,,,,,,,,,,,,,,,,,,,,,
2019-06-15,181.49,59.21,16.49,257.19,0.0,0.0,0.0,0.0,0.0,0.0,0.0,0.0,0.0,0.0,120.0,0.0,,,0.0,0.0,0.0,0.0,0.0,0.0,0.0,0.0,0.0,0.0,6885.0,120.0,0.0,,,0.0,0.0,0.0,0.0,0.0,0.0,0.0,0.0,0.0,0.0,6385.0,13270,433.0,0.0,0.0,0.0,0.0,,0.0,0.0,0.0,161.0,0.0,0.0,0.0,0.0,0.0,0.0,0.0,0.0,0.0,166.0,0.0,0.0,0.0,0.0,0.0,0.0,0.0,0.0,0.0,306.0,0.0,0.0,0.0,,0.0,0.0,0.0,60.0,,,,,,,,,,,,,,,,,,,,,,,,,,
2019-06-16,23.71,43.03,0.0,66.74000000000001,0.0,0.0,0.0,0.0,0.0,0.0,0.0,0.0,0.0,0.0,120.0,0.0,,,0.0,0.0,0.0,0.0,0.0,0.0,0.0,0.0,0.0,0.0,7140.0,120.0,0.0,,,0.0,0.0,0.0,0.0,0.0,0.0,0.0,0.0,0.0,0.0,6557.0,13697,382.0,0.0,0.0,0.0,0.0,,0.0,0.0,0.0,218.0,0.0,0.0,0.0,0.0,0.0,0.0,0.0,0.0,0.0,219.0,0.0,0.0,0.0,0.0,0.0,0.0,0.0,0.0,0.0,305.0,0.0,0.0,0.0,,0.0,0.0,0.0,60.0,,,,,,,,,,,,,,,,,,,,,,,,,,
2019-06-17,234.85,36.85,18.69,290.39,0.0,0.0,0.0,4.1,139069.0,4610.0,943.5,1996.0,7.03,5.59,120.0,37.9,,,8.02,21228.0,4500.0,727.1,3511.6,2.37,1.1,2751.0,15462.0,64.0,6918.0,120.0,38.0,,,8.01,25446.0,4974.0,528.7,3857.9,2.31,0.97,2792.0,15410.0,63.3,6461.0,13379,364.0,8.2,4140.0,8.27,8780.0,2621.0,2686.0,366.0,2005.5,171.0,7.24,131.84,14260.0,233.0,4.35,170.2,0.16,3.2,39.1,184.0,7.32,132.52,14760.0,102.0,4.66,20.9,0.16,3.3,39.3,303.0,8.36,460.0,106.0,,130.59,120.0,3.0,60.0,,,,,,,,,,,,,,,,,,,,,,,,,,
2019-06-18,156.37,89.46,16.86,262.69,0.0,0.0,0.0,4.26,139020.0,0.0,0.0,0.0,7.11,5.47,120.0,38.0,,,8.04,25645.0,0.0,0.0,0.0,2.34,1.09,2731.0,15405.0,64.0,6786.0,120.0,38.0,,,8.03,25391.0,0.0,0.0,0.0,2.69,1.27,2816.0,15347.0,63.6,6232.0,13018,326.0,8.19,4640.0,8.25,8200.0,2827.1,2675.0,0.0,0.0,212.0,7.3,0.0,14680.0,162.0,7.9,134.4,0.0,0.0,39.1,207.0,7.24,0.0,13820.0,77.0,9.6,15.1,0.0,0.0,39.7,295.0,8.3,660.0,0.0,,147.61,136.0,7.2,60.0,,,,,,,,,,,,,,,,,,,,,,,,,,
2019-06-19,152.8,128.85,17.68,299.33,0.0,0.0,0.0,4.27,134262.0,0.0,0.0,0.0,7.02,5.41,120.0,38.0,,,8.01,18561.0,0.0,0.0,0.0,2.48,1.2,2764.0,15382.0,63.8,6690.0,120.0,38.0,,,8.02,17036.0,0.0,0.0,0.0,2.46,1.06,2745.0,15424.0,63.5,6286.0,12976,364.0,8.25,2640.0,8.21,9200.0,2648.1,2521.0,0.0,0.0,171.0,7.24,0.0,14740.0,180.0,6.95,85.7,0.0,0.0,39.1,205.0,7.29,0.0,13340.0,90.0,7.05,26.9,0.0,0.0,39.7,293.0,8.31,460.0,0.0,,135.32,93.0,2.6,60.0,,,,,,,,,,,,,,,,,,,,,,,,,,
2019-06-20,185.86,122.49,18.49,326.84000000000003,0.0,0.0,0.0,3.98,121330.0,0.0,0.0,0.0,6.94,5.29,120.0,37.9,,,7.85,29610.0,0.0,0.0,0.0,2.4,0.71,2824.0,15362.0,64.1,6492.0,120.0,38.0,,,7.8,27163.0,0.0,0.0,0.0,2.4,0.88,2804.0,15405.0,63.8,6127.0,12619,434.0,8.12,4020.0,8.14,8420.0,2644.1,2566.0,0.0,0.0,215.0,7.14,0.0,15300.0,87.0,4.38,45.7,0.0,0.0,39.1,204.0,7.16,0.0,14340.0,63.0,5.29,21.2,0.0,0.0,39.9,215.0,8.25,600.0,0.0,,136.4,67.0,2.6,60.0,,,,,,,,,,,,,,,,,,,,,,,,,,
2019-06-21,185.64,37.12,15.35,238.10999999999999,0.0,0.0,0.0,3.91,131582.0,0.0,0.0,0.0,7.01,5.4,120.0,38.0,,,7.87,24365.0,0.0,0.0,0.0,2.38,1.12,2798.0,15406.0,63.9,6582.0,120.0,38.0,,,7.83,22057.0,0.0,0.0,0.0,2.36,0.99,2821.0,15425.0,63.6,6054.0,12636,331.0,8.15,4400.0,8.15,8820.0,2652.0,2584.0,0.0,0.0,189.0,7.16,0.0,14640.0,54.0,5.12,22.5,0.0,0.0,39.1,192.0,7.19,0.0,13680.0,58.0,4.88,12.5,0.0,0.0,40.1,333.0,8.2,460.0,0.0,,132.42,54.0,3.1,60.0,,,,,,,,,,,,,,,,,,,,,,,,,,
2019-06-22,182.04,89.17,16.66,287.87,0.0,0.0,0.0,0.0,0.0,0.0,0.0,0.0,0.0,0.0,120.0,0.0,,,0.0,0.0,0.0,0.0,0.0,0.0,0.0,0.0,0.0,0.0,6634.0,120.0,0.0,,,0.0,0.0,0.0,0.0,0.0,0.0,0.0,0.0,0.0,0.0,6180.0,12814,368.0,0.0,0.0,0.0,0.0,,0.0,0.0,0.0,220.0,0.0,0.0,0.0,0.0,0.0,0.0,0.0,0.0,0.0,171.0,0.0,0.0,0.0,0.0,0.0,0.0,0.0,0.0,0.0,245.0,0.0,0.0,0.0,,0.0,0.0,0.0,58.0,,,,,,,,,,,,,,,,,,,,,,,,,,
2019-06-23,0.0,0.0,0.0,0.0,0.0,0.0,0.0,0.0,0.0,0.0,0.0,0.0,0.0,0.0,110.0,0.0,,,0.0,0.0,0.0,0.0,0.0,0.0,0.0,0.0,0.0,0.0,6488.0,110.0,0.0,,,0.0,0.0,0.0,0.0,0.0,0.0,0.0,0.0,0.0,0.0,6000.0,12488,369.0,0.0,0.0,0.0,0.0,,0.0,0.0,0.0,224.0,0.0,0.0,0.0,0.0,0.0,0.0,0.0,0.0,0.0,209.0,0.0,0.0,0.0,0.0,0.0,0.0,0.0,0.0,0.0,299.0,0.0,0.0,0.0,,0.0,0.0,0.0,57.0,,,,,,,,,,,,,,,,,,,,,,,,,,
2019-06-24,210.19,87.83,21.0,319.02,0.0,0.0,0.0,3.89,142051.0,4735.0,923.5,2115.2,7.09,5.42,120.0,38.0,,,7.85,25442.0,4621.0,524.0,3511.6,2.36,1.1,2764.0,15424.0,63.8,6569.0,120.0,38.0,,,7.84,24365.0,4856.0,598.0,3857.9,2.38,1.05,2843.0,15412.0,63.5,6124.0,12693,358.0,8.15,3880.0,8.13,7880.0,2678.0,2621.0,332.0,1924.5,220.0,7.16,135.24,15280.0,58.0,5.21,12.5,0.11,4.2,39.8,161.0,7.28,134.94,14380.0,52.0,4.88,17.2,0.11,3.8,39.7,287.0,8.23,480.0,102.0,,133.98,54.0,3.0,60.0,,,,,,,,,,,,,,,,,,,,,,,,,,
2019-06-25,183.54,121.57,17.92,323.03000000000003,0.0,0.0,0.0,0.0,0.0,0.0,0.0,0.0,0.0,0.0,120.0,0.0,,,0.0,0.0,0.0,0.0,0.0,0.0,0.0,0.0,0.0,0.0,6252.0,120.0,0.0,,,0.0,0.0,0.0,0.0,0.0,0.0,0.0,0.0,0.0,0.0,5720.0,11972,359.0,0.0,0.0,0.0,0.0,,0.0,0.0,0.0,218.0,0.0,0.0,0.0,0.0,0.0,0.0,0.0,0.0,0.0,205.0,0.0,0.0,0.0,0.0,0.0,0.0,0.0,0.0,0.0,216.0,0.0,0.0,0.0,,0.0,0.0,0.0,60.0,,,,,,,,,,,,,,,,,,,,,,,,,,
2019-06-26,151.53,38.61,16.98,207.11999999999998,0.0,0.0,0.0,0.0,0.0,0.0,0.0,0.0,0.0,0.0,120.0,0.0,,,0.0,0.0,0.0,0.0,0.0,0.0,0.0,0.0,0.0,0.0,6338.0,120.0,0.0,,,0.0,0.0,0.0,0.0,0.0,0.0,0.0,0.0,0.0,0.0,5821.0,12159,363.0,0.0,0.0,0.0,0.0,,0.0,0.0,0.0,175.0,0.0,0.0,0.0,0.0,0.0,0.0,0.0,0.0,0.0,163.0,0.0,0.0,0.0,0.0,0.0,0.0,0.0,0.0,0.0,203.0,0.0,0.0,0.0,,0.0,0.0,0.0,60.0,,,,,,,,,,,,,,,,,,,,,,,,,,
2019-06-27,185.27,89.84,18.93,294.04,0.0,0.0,0.0,4.2,127767.0,0.0,0.0,0.0,6.53,4.89,120.0,37.9,,,7.83,19326.0,0.0,0.0,0.0,2.54,1.09,2721.0,15342.0,68.8,6414.0,120.0,38.0,,,7.81,16225.0,0.0,0.0,0.0,2.4,0.97,2751.0,15465.0,68.7,5953.0,12367,364.0,8.2,7340.0,8.2,9840.0,2714.0,2629.0,0.0,0.0,217.0,7.21,0.0,14880.0,89.0,4.68,8.7,0.0,0.0,40.6,170.0,7.31,0.0,14600.0,76.0,5.9,6.0,0.0,0.0,40.4,332.0,8.28,680.0,0.0,,135.24,71.0,6.5,56.0,,,,,,,,,,,,,,,,,,,,,,,,,,
2019-06-28,157.66,131.46,19.63,308.75,0.0,0.0,0.0,4.14,130541.0,0.0,0.0,0.0,6.72,5.27,115.0,38.0,,,7.86,21542.0,0.0,0.0,0.0,2.42,1.05,2689.0,15421.0,67.7,6039.0,115.0,38.0,,,7.84,20347.0,0.0,0.0,0.0,2.4,1.01,2738.0,15384.0,67.5,5581.0,11620,397.0,8.14,5880.0,8.18,8420.0,2684.0,2598.0,0.0,0.0,214.0,7.29,0.0,14280.0,54.0,5.1,11.5,0.0,0.0,40.6,181.0,7.28,0.0,13480.0,64.0,4.85,5.1,0.0,0.0,40.5,335.0,8.22,620.0,0.0,,141.0,60.0,6.0,55.0,,,,,,,,,,,,,,,,,,,,,,,,,,
2019-06-29,207.02,19.46,20.08,246.56,0.0,0.0,0.0,0.0,0.0,0.0,0.0,0.0,0.0,0.0,120.0,0.0,,,0.0,0.0,0.0,0.0,0.0,0.0,0.0,0.0,0.0,0.0,6577.0,120.0,0.0,,,0.0,0.0,0.0,0.0,0.0,0.0,0.0,0.0,0.0,0.0,6091.0,12668,399.0,0.0,0.0,0.0,0.0,,0.0,0.0,0.0,211.0,0.0,0.0,0.0,0.0,0.0,0.0,0.0,0.0,0.0,201.0,0.0,0.0,0.0,0.0,0.0,0.0,0.0,0.0,0.0,199.0,0.0,0.0,0.0,,0.0,0.0,0.0,59.0,,,,,,,,,,,,,,,,,,,,,,,,,,
2019-06-30,0.0,63.33,0.0,63.33,0.0,0.0,0.0,0.0,0.0,0.0,0.0,0.0,0.0,0.0,120.0,0.0,,,0.0,0.0,0.0,0.0,0.0,0.0,0.0,0.0,0.0,0.0,6286.0,120.0,0.0,,,0.0,0.0,0.0,0.0,0.0,0.0,0.0,0.0,0.0,0.0,5750.0,12036,343.0,0.0,0.0,0.0,0.0,,0.0,0.0,0.0,213.0,0.0,0.0,0.0,0.0,0.0,0.0,0.0,0.0,0.0,207.0,0.0,0.0,0.0,0.0,0.0,0.0,0.0,0.0,0.0,305.0,0.0,0.0,0.0,,0.0,0.0,0.0,54.0,,,,,,,,,,,,,,,,,,,,,,,,,,
2019-07-01,210.37,54.74,20.27,285.38,7.68,2.39,1.45,4.43,146225.0,4830.0,910.0,2064.0,6.01,4.36,120.0,38.0,,,7.89,27548.0,4518.0,550.0,3276.0,2.36,1.0,2875.0,15388.0,67.5,6257.0,120.0,38.0,,,7.86,23608.0,4463.0,474.0,3492.0,2.46,1.06,2842.0,15352.0,67.4,5796.0,12053,360.0,8.17,12420.0,8.16,15380.0,2691.0,3138.0,717.0,1935.0,213.0,0.0,0.0,0.0,0.0,0.0,0.0,0.0,0.0,0.0,165.0,7.24,129.0,15300.0,55.0,5.5,5.1,0.0,3.2,40.4,230.0,8.3,1280.0,0.0,,154.0,83.0,16.7,60.0,,,,,,,,,,,,,,,,,,,,,,,,,,
2019-07-02,183.73,88.61,19.73,292.07,7.85,1.91,0.96,4.46,133939.0,0.0,0.0,0.0,5.67,4.1,120.0,38.0,,,7.76,20107.0,0.0,0.0,0.0,2.42,0.98,2731.0,15245.0,69.1,5884.0,120.0,38.0,,,7.78,18664.0,0.0,0.0,0.0,2.26,0.77,2698.0,15298.0,68.8,5378.0,11262,365.0,8.1,10220.0,8.18,11740.0,2615.1,2671.0,0.0,0.0,211.0,7.24,0.0,15860.0,73.0,4.54,30.2,0.0,0.0,40.3,208.0,7.3,0.0,14640.0,65.0,5.87,21.1,0.0,0.0,40.2,350.0,8.25,1000.0,0.0,,145.02,74.0,14.0,60.0,,,,,,,,,,,,,,,,,,,,,,,,,,
2019-07-03,154.37,131.33,18.38,304.08000000000004,7.65,3.88,2.36,4.48,122770.0,0.0,0.0,0.0,5.49,4.2,120.0,38.0,,,7.8,20000.0,0.0,0.0,0.0,2.28,1.1,2664.0,15321.0,69.4,5884.0,120.0,38.0,,,7.84,16513.0,0.0,0.0,0.0,2.4,1.07,2631.0,15388.0,69.2,5424.0,11308,385.0,8.12,9240.0,8.15,9980.0,2596.0,2643.0,0.0,0.0,212.0,7.18,0.0,15500.0,65.0,8.82,28.0,0.0,0.0,40.3,208.0,7.25,0.0,16060.0,62.0,3.9,26.4,0.0,0.0,40.2,350.0,8.2,760.0,0.0,,134.0,56.0,10.4,60.0,,,,,,,,,,,,,,,,,,,,,,,,,,
2019-07-04,188.31,81.16,19.59,289.06,7.72,2.54,1.62,4.42,125743.0,0.0,0.0,0.0,5.55,4.27,120.0,38.0,,,7.79,21240.0,0.0,0.0,0.0,2.38,1.08,2685.0,15354.0,69.5,5836.0,120.0,38.0,,,7.8,19284.0,0.0,0.0,0.0,2.42,1.05,2648.0,15424.0,69.4,5376.0,11212,384.0,8.15,5840.0,8.2,8240.0,2634.0,2678.0,0.0,0.0,197.0,7.2,0.0,15280.0,61.0,6.32,24.2,0.0,0.0,40.0,207.0,7.24,0.0,14880.0,68.0,5.12,24.2,0.0,0.0,40.1,350.0,8.28,580.0,0.0,,137.0,58.0,6.2,60.0,,,,,,,,,,,,,,,,,,,,,,,,,,
2019-07-05,158.37,38.53,16.95,213.85,7.48,4.06,2.74,4.64,136944.0,0.0,0.0,0.0,5.23,4.02,120.0,38.0,,,7.8,28455.0,0.0,0.0,0.0,2.68,1.41,2735.0,15257.0,69.2,5872.0,120.0,38.0,,,7.79,21159.0,0.0,0.0,0.0,2.69,1.36,2762.0,15388.0,69.1,5457.0,11329,404.0,8.12,8240.0,8.12,7880.0,2605.0,2614.0,0.0,0.0,190.0,7.14,0.0,14880.0,52.0,5.42,18.8,0.0,0.0,40.0,211.0,7.21,0.0,15240.0,59.0,6.11,23.5,0.0,0.0,40.1,350.0,8.21,460.0,0.0,,138.0,54.0,3.8,60.0,,,,,,,,,,,,,,,,,,,,,,,,,,
2019-07-06,205.86,46.4,17.6,269.86,0.0,0.0,0.0,0.0,0.0,0.0,0.0,0.0,0.0,0.0,120.0,0.0,,,0.0,0.0,0.0,0.0,0.0,0.0,0.0,0.0,0.0,0.0,5923.0,120.0,0.0,,,0.0,0.0,0.0,0.0,0.0,0.0,0.0,0.0,0.0,0.0,5546.0,11469,358.0,0.0,0.0,0.0,0.0,,0.0,0.0,0.0,218.0,0.0,0.0,0.0,0.0,0.0,0.0,0.0,0.0,0.0,210.0,0.0,0.0,0.0,0.0,0.0,0.0,0.0,0.0,0.0,197.0,0.0,0.0,0.0,,0.0,0.0,0.0,60.0,,,,,,,,,,,,,,,,,,,,,,,,,,
2019-07-07,0.0,41.12,0.0,41.12,0.0,0.0,0.0,0.0,0.0,0.0,0.0,0.0,0.0,0.0,120.0,0.0,,,0.0,0.0,0.0,0.0,0.0,0.0,0.0,0.0,0.0,0.0,6207.0,120.0,0.0,,,0.0,0.0,0.0,0.0,0.0,0.0,0.0,0.0,0.0,0.0,5760.0,11967,405.0,0.0,0.0,0.0,0.0,,0.0,0.0,0.0,215.0,0.0,0.0,0.0,0.0,0.0,0.0,0.0,0.0,0.0,209.0,0.0,0.0,0.0,0.0,0.0,0.0,0.0,0.0,0.0,273.0,0.0,0.0,0.0,,0.0,0.0,0.0,60.0,,,,,,,,,,,,,,,,,,,,,,,,,,
2019-07-08,210.99,129.94,20.65,361.58,7.48,4.98,3.08,5.02,120241.0,4476.0,889.5,2194.1,5.07,3.5,120.0,38.0,,,7.78,24783.0,4284.0,611.2,3241.3,2.49,1.11,2781.0,15324.0,69.8,5754.0,120.0,38.0,,,7.78,22772.0,4280.0,899.2,3483.2,2.63,1.24,2821.0,15325.0,69.7,5446.0,11200,357.0,8.16,9480.0,8.16,9100.0,2496.8,2176.0,318.3,1830.0,214.0,7.23,140.1,19200.0,122.0,4.74,77.0,0.14,6.8,40.1,164.0,7.28,139.2,16100.0,79.0,4.0,49.7,0.14,6.2,40.1,254.0,8.22,860.0,105.0,,138.0,84.0,10.2,60.0,,,,,,,,,,,,,,,,,,,,,,,,,,
2019-07-09,159.82,78.18,19.71,257.71,7.54,2.71,1.66,4.8,124524.0,0.0,0.0,0.0,5.33,3.65,120.0,38.0,,,7.8,23842.0,0.0,0.0,0.0,2.72,1.48,2864.0,15362.0,69.6,5434.0,120.0,38.0,,,7.79,21552.0,0.0,0.0,0.0,2.66,1.25,2842.0,15386.0,69.5,5061.0,10495,379.0,8.18,4680.0,8.19,7680.0,2528.4,2243.3,0.0,0.0,216.0,7.2,0.0,15480.0,84.0,5.21,58.0,0.0,0.0,39.6,209.0,7.24,0.0,16880.0,71.0,5.05,46.2,0.0,0.0,40.1,350.0,8.28,720.0,0.0,,224.5,108.0,8.4,60.0,,,,,,,,,,,,,,,,,,,,,,,,,,
2019-07-10,126.55,36.97,18.83,182.34999999999997,7.66,2.41,1.36,5.14,112872.0,0.0,0.0,0.0,4.98,3.41,120.0,38.0,,,7.83,17889.0,0.0,0.0,0.0,2.49,1.41,2821.0,15288.0,69.2,5338.0,120.0,38.0,,,7.84,18518.0,0.0,0.0,0.0,2.38,1.2,2805.0,15325.0,69.1,5028.0,10366,348.0,8.18,7020.0,8.21,7620.0,2501.0,2569.0,0.0,0.0,215.0,7.24,0.0,14360.0,152.0,5.59,99.7,0.0,0.0,39.6,207.0,7.2,0.0,16620.0,133.0,4.28,52.3,0.0,0.0,40.2,292.0,8.14,880.0,0.0,,158.0,144.0,12.5,60.0,,,,,,,,,,,,,,,,,,,,,,,,,,
2019-07-11,183.84,88.33,18.29,290.46000000000004,0.0,0.0,0.0,5.16,107720.0,0.0,0.0,0.0,5.29,3.81,120.0,38.0,,,7.84,16232.0,0.0,0.0,0.0,2.36,1.0,2854.0,15212.0,69.5,5312.0,120.0,38.0,,,7.8,16145.0,0.0,0.0,0.0,2.38,1.06,2842.0,15288.0,69.4,4989.0,10301,362.0,8.11,0.0,8.14,0.0,2443.0,2978.0,0.0,0.0,170.0,7.16,0.0,15140.0,147.0,5.05,124.0,0.0,0.0,40.0,200.0,7.22,0.0,18100.0,98.0,5.6,70.4,0.0,0.0,40.4,378.0,8.19,0.0,0.0,,136.0,104.0,13.8,60.0,,,,,,,,,,,,,,,,,,,,,,,,,,
2019-07-12,159.16,129.91,17.03,306.1,0.0,0.0,0.0,5.16,107720.0,0.0,0.0,0.0,5.29,3.81,120.0,38.0,,,7.84,16232.0,0.0,0.0,0.0,2.36,1.0,2854.0,15212.0,69.5,5255.0,120.0,38.0,,,7.8,16145.0,0.0,0.0,0.0,2.38,1.06,2842.0,15288.0,69.4,4977.0,10232,319.0,8.11,5740.0,8.14,7060.0,2443.0,2978.0,0.0,0.0,210.0,7.16,0.0,15140.0,147.0,5.08,124.0,0.0,0.0,40.0,161.0,7.22,0.0,18100.0,98.0,5.6,70.4,0.0,0.0,40.4,359.0,8.19,920.0,0.0,,136.0,104.0,13.8,60.0,,,,,,,,,,,,,,,,,,,,,,,,,,
2019-07-13,207.73,19.18,19.84,246.75,0.0,0.0,0.0,0.0,0.0,0.0,0.0,0.0,0.0,0.0,108.0,0.0,,,0.0,0.0,0.0,0.0,0.0,0.0,0.0,0.0,0.0,0.0,5206.0,106.0,0.0,,,0.0,0.0,0.0,0.0,0.0,0.0,0.0,0.0,0.0,0.0,4807.0,10013,285.0,0.0,0.0,0.0,0.0,,0.0,0.0,0.0,200.0,0.0,0.0,0.0,0.0,0.0,0.0,0.0,0.0,0.0,194.0,0.0,0.0,0.0,0.0,0.0,0.0,0.0,0.0,0.0,349.0,0.0,0.0,0.0,,0.0,0.0,0.0,59.0,,,,,,,,,,,,,,,,,,,,,,,,,,
2019-07-14,0.0,62.79,0.0,62.79,0.0,0.0,0.0,0.0,0.0,0.0,0.0,0.0,0.0,0.0,120.0,0.0,,,0.0,0.0,0.0,0.0,0.0,0.0,0.0,0.0,0.0,0.0,5880.0,120.0,0.0,,,0.0,0.0,0.0,0.0,0.0,0.0,0.0,0.0,0.0,0.0,5573.0,11453,285.0,0.0,0.0,0.0,0.0,,0.0,0.0,0.0,188.0,0.0,0.0,0.0,0.0,0.0,0.0,0.0,0.0,0.0,147.0,0.0,0.0,0.0,0.0,0.0,0.0,0.0,0.0,0.0,212.0,0.0,0.0,0.0,,0.0,0.0,0.0,60.0,,,,,,,,,,,,,,,,,,,,,,,,,,
2019-07-15,210.71,58.45,21.32,290.48,0.0,0.0,0.0,4.52,135200.0,4468.0,983.0,2084.0,6.42,4.68,118.0,38.0,,,7.84,18158.0,4476.0,420.0,3352.0,2.25,0.99,2864.0,15398.0,68.9,5576.0,118.0,38.0,,,7.82,18536.0,4559.0,494.0,3548.0,2.48,0.78,2882.0,15428.0,68.8,5207.0,10783,339.0,8.05,9260.0,8.12,7220.0,2452.0,2626.0,607.0,1943.0,192.0,7.28,123.0,15640.0,261.0,4.11,209.8,0.11,5.9,40.3,188.0,7.14,121.0,14940.0,177.0,5.53,113.7,0.23,5.2,40.6,238.0,8.19,480.0,123.0,,120.0,116.0,2.5,59.0,,,,,,,,,,,,,,,,,,,,,,,,,,
2019-07-16,159.13,89.47,21.58,270.18,0.0,0.0,0.0,4.48,139515.0,0.0,0.0,0.0,6.38,4.54,125.0,38.0,,,7.82,19848.0,0.0,0.0,0.0,2.38,1.05,2842.0,15405.0,68.5,5863.0,125.0,38.0,,,7.83,19645.0,0.0,0.0,0.0,2.34,1.08,2875.0,15405.0,68.4,5515.0,11378,277.0,8.01,5880.0,8.17,8210.0,2526.5,2689.0,0.0,0.0,183.0,7.19,0.0,14840.0,284.0,5.12,225.2,0.0,0.0,40.3,175.0,7.24,0.0,15180.0,185.0,4.98,130.4,0.0,0.0,40.6,300.0,8.21,460.0,0.0,,121.6,189.0,3.8,60.0,,,,,,,,,,,,,,,,,,,,,,,,,,
2019-07-17,155.2,89.35,18.58,263.13,0.0,0.0,0.0,4.14,111496.0,0.0,0.0,0.0,7.11,5.73,132.0,38.0,,,7.82,18538.0,0.0,0.0,0.0,2.48,1.11,2867.0,15424.0,67.3,6439.0,132.0,38.0,,,7.8,20700.0,0.0,0.0,0.0,2.38,0.97,2821.0,15352.0,67.2,6113.0,12552,224.0,8.1,4620.0,8.2,2720.0,1654.0,2356.0,0.0,0.0,150.0,7.16,0.0,15660.0,311.0,5.1,279.5,0.0,0.0,40.5,160.0,7.2,0.0,14980.0,213.0,4.84,195.1,0.0,0.0,40.5,283.0,8.27,580.0,0.0,,124.0,209.0,5.9,64.0,,,,,,,,,,,,,,,,,,,,,,,,,,
2019-07-18,186.01,125.03,24.08,335.11999999999995,0.0,0.0,0.0,4.1,123652.0,0.0,0.0,0.0,6.74,5.11,132.0,38.0,,,7.84,19346.0,0.0,0.0,0.0,2.4,1.05,2821.0,15484.0,67.2,6822.0,132.0,38.0,,,7.83,19532.0,0.0,0.0,0.0,2.42,1.05,2882.0,15401.0,67.1,6454.0,13276,285.0,8.15,6140.0,8.12,7440.0,2701.0,2649.0,0.0,0.0,141.0,7.2,0.0,15140.0,292.0,5.1,242.1,0.0,0.0,40.5,127.0,7.23,0.0,15280.0,226.0,5.24,200.2,0.0,0.0,40.5,312.0,8.25,480.0,0.0,,128.4,228.0,3.5,72.0,,,,,,,,,,,,,,,,,,,,,,,,,,
2019-07-19,158.82,38.37,19.0,216.19,0.0,0.0,0.0,0.0,0.0,0.0,0.0,0.0,0.0,0.0,124.0,0.0,,,0.0,0.0,0.0,0.0,0.0,0.0,0.0,0.0,0.0,0.0,6495.0,124.0,0.0,,,0.0,0.0,0.0,0.0,0.0,0.0,0.0,0.0,0.0,0.0,6270.0,12765,313.0,0.0,0.0,0.0,0.0,,0.0,0.0,0.0,117.0,0.0,0.0,0.0,0.0,0.0,0.0,0.0,0.0,0.0,166.0,0.0,0.0,0.0,0.0,0.0,0.0,0.0,0.0,0.0,233.0,0.0,0.0,0.0,,0.0,0.0,0.0,72.0,,,,,,,,,,,,,,,,,,,,,,,,,,
2019-07-20,206.36,83.3,19.72,309.38,0.0,0.0,0.0,0.0,0.0,0.0,0.0,0.0,0.0,0.0,120.0,0.0,,,0.0,0.0,0.0,0.0,0.0,0.0,0.0,0.0,0.0,0.0,6572.0,120.0,0.0,,,0.0,0.0,0.0,0.0,0.0,0.0,0.0,0.0,0.0,0.0,6283.0,12855,360.0,0.0,0.0,0.0,0.0,,0.0,0.0,0.0,161.0,0.0,0.0,0.0,0.0,0.0,0.0,0.0,0.0,0.0,173.0,0.0,0.0,0.0,0.0,0.0,0.0,0.0,0.0,0.0,273.0,0.0,0.0,0.0,,0.0,0.0,0.0,68.0,,,,,,,,,,,,,,,,,,,,,,,,,,
2019-07-21,0.0,0.0,0.0,0.0,0.0,0.0,0.0,0.0,0.0,0.0,0.0,0.0,0.0,0.0,123.0,0.0,,,0.0,0.0,0.0,0.0,0.0,0.0,0.0,0.0,0.0,0.0,6868.0,123.0,0.0,,,0.0,0.0,0.0,0.0,0.0,0.0,0.0,0.0,0.0,0.0,6690.0,13558,369.0,0.0,0.0,0.0,0.0,,0.0,0.0,0.0,181.0,0.0,0.0,0.0,0.0,0.0,0.0,0.0,0.0,0.0,145.0,0.0,0.0,0.0,0.0,0.0,0.0,0.0,0.0,0.0,283.0,0.0,0.0,0.0,,0.0,0.0,0.0,60.0,,,,,,,,,,,,,,,,,,,,,,,,,,
2019-07-22,210.53,137.4,22.05,369.98,0.0,0.0,0.0,4.25,105603.0,4039.0,653.0,1648.0,7.02,5.57,125.0,38.0,,,7.78,16686.0,4507.0,476.0,3206.0,2.25,0.99,2895.0,15388.0,66.8,5949.0,124.0,38.0,,,7.74,13823.0,4235.0,482.0,3367.0,2.37,0.87,2924.0,15364.0,66.3,5701.0,11650,361.0,8.15,7840.0,8.21,14240.0,2778.0,3115.0,546.0,1952.0,195.0,7.26,123.0,15300.0,81.0,3.36,33.5,0.14,5.0,41.6,157.0,0.0,0.0,680.0,0.0,0.0,0.0,0.0,0.0,0.0,291.0,8.27,0.0,95.0,,123.0,76.0,4.7,60.0,,,,,,,,,,,,,,,,,,,,,,,,,,
2019-07-23,157.57,82.58,21.76,261.90999999999997,0.0,0.0,0.0,3.92,139692.0,0.0,0.0,0.0,6.93,5.67,125.0,38.0,,,7.76,26891.0,0.0,0.0,0.0,2.54,1.29,2862.0,15354.0,66.5,5722.0,126.0,38.0,,,7.74,25028.0,0.0,0.0,0.0,2.83,1.53,2894.0,15326.0,66.1,5618.0,11340,338.0,8.11,7940.0,8.18,8880.0,2059.0,2496.0,0.0,0.0,162.0,7.2,0.0,16820.0,108.0,4.9,52.5,0.0,0.0,41.6,178.0,7.26,0.0,17860.0,69.0,5.21,28.5,0.0,0.0,43.1,284.0,8.2,880.0,0.0,,107.0,63.0,8.8,60.0,,,,,,,,,,,,,,,,,,,,,,,,,,
2019-07-24,155.45,37.01,21.5,213.95999999999998,0.0,0.0,0.0,3.89,117017.0,0.0,0.0,0.0,6.76,5.5,120.0,38.0,,,7.74,23241.0,0.0,0.0,0.0,2.24,1.37,2882.0,15364.0,66.8,5540.0,120.0,38.0,,,7.72,21723.0,0.0,0.0,0.0,2.09,1.25,2824.0,15317.0,66.3,5407.0,10947,335.0,8.05,6840.0,8.15,9320.0,2512.0,2369.0,0.0,0.0,191.0,7.16,0.0,13500.0,42.0,4.6,5.9,0.0,0.0,41.6,173.0,7.27,0.0,15680.0,41.0,7.89,1.3,0.0,0.0,43.0,129.0,8.25,0.0,0.0,,128.0,38.0,2.9,60.0,,,,,,,,,,,,,,,,,,,,,,,,,,
2019-07-25,186.48,89.2,23.81,299.49,0.0,0.0,0.0,3.92,143840.0,0.0,0.0,0.0,7.38,6.3,120.0,38.0,,,7.75,21352.0,0.0,0.0,0.0,2.65,1.19,2835.0,15405.0,66.1,5856.0,120.0,38.0,,,7.73,20554.0,0.0,0.0,0.0,2.59,1.07,2836.0,15411.0,65.7,5669.0,11525,295.0,8.16,3900.0,8.24,7520.0,2590.0,2511.0,0.0,0.0,200.0,7.3,0.0,15660.0,54.0,5.3,6.3,0.0,0.0,41.6,177.0,7.21,0.0,16620.0,59.0,5.3,4.6,0.0,0.0,42.5,163.0,8.3,1340.0,0.0,,126.0,45.0,16.8,60.0,,,,,,,,,,,,,,,,,,,,,,,,,,
2019-07-26,159.19,85.42,19.94,264.55,0.0,0.0,0.0,3.83,126970.0,0.0,0.0,0.0,7.36,6.03,120.0,38.0,,,7.72,19222.0,0.0,0.0,0.0,2.55,1.39,2892.0,15288.0,65.4,5984.0,120.0,38.0,,,7.7,16883.0,0.0,0.0,0.0,1.8,1.24,2954.0,15276.0,65.1,5869.0,11853,359.0,8.14,5400.0,8.2,9000.0,2307.0,2379.0,0.0,0.0,173.0,7.25,0.0,16040.0,62.0,4.63,9.4,0.0,0.0,41.6,147.0,7.25,0.0,17340.0,47.0,5.05,6.9,0.0,0.0,42.3,212.0,8.28,,0.0,,123.0,49.0,2.1,60.0,,,,,,,,,,,,,,,,,,,,,,,,,,
2019-07-27,208.32,19.52,24.92,252.76,0.0,0.0,0.0,0.0,0.0,0.0,0.0,0.0,0.0,0.0,120.0,0.0,,,0.0,0.0,0.0,0.0,0.0,0.0,0.0,0.0,0.0,0.0,6279.0,120.0,0.0,,,0.0,0.0,0.0,0.0,0.0,0.0,0.0,0.0,0.0,0.0,6089.0,12368,309.0,0.0,0.0,0.0,0.0,,0.0,0.0,0.0,209.0,0.0,0.0,0.0,0.0,0.0,0.0,0.0,0.0,0.0,189.0,0.0,0.0,0.0,0.0,0.0,0.0,0.0,0.0,0.0,175.0,0.0,0.0,0.0,,0.0,0.0,0.0,60.0,,,,,,,,,,,,,,,,,,,,,,,,,,
2019-07-28,0.0,84.53,0.0,84.53,0.0,0.0,0.0,0.0,0.0,0.0,0.0,0.0,0.0,0.0,120.0,0.0,,,0.0,0.0,0.0,0.0,0.0,0.0,0.0,0.0,0.0,0.0,6454.0,120.0,0.0,,,0.0,0.0,0.0,0.0,0.0,0.0,0.0,0.0,0.0,0.0,6347.0,12801,362.0,0.0,0.0,0.0,0.0,,0.0,0.0,0.0,206.0,0.0,0.0,0.0,0.0,0.0,0.0,0.0,0.0,0.0,139.0,0.0,0.0,0.0,0.0,0.0,0.0,0.0,0.0,0.0,207.0,0.0,0.0,0.0,,0.0,0.0,0.0,60.0,,,,,,,,,,,,,,,,,,,,,,,,,,
2019-07-29,211.58,56.93,22.35,290.86,0.0,0.0,0.0,3.81,128854.0,4354.0,742.0,2022.0,7.14,5.76,120.0,39.5,,,7.75,22429.0,4484.0,492.0,3489.0,2.48,1.38,2845.0,15142.0,65.2,5753.0,120.0,39.5,,,7.72,21546.0,4389.0,502.0,3421.0,2.31,1.16,2811.0,15299.0,65.0,5574.0,11327,335.0,8.1,8020.0,8.26,7880.0,2416.0,2436.0,583.0,1905.0,179.0,7.36,125.0,17840.0,56.0,5.1,8.6,0.2,6.9,42.4,192.0,7.23,125.0,18680.0,62.0,6.03,9.2,0.11,7.1,42.2,213.0,8.29,680.0,93.0,,124.0,54.0,6.2,60.0,,,,,,,,,,,,,,,,,,,,,,,,,,
2019-07-30,210.87,87.37,29.45,327.69,7.86,2.9,2.13,3.96,109254.0,0.0,0.0,0.0,6.75,5.13,120.0,39.4,,,7.8,20226.0,0.0,0.0,0.0,2.27,0.9,2721.0,15422.0,65.4,5657.0,120.0,39.6,,,7.78,17400.0,0.0,0.0,0.0,2.21,0.78,2756.0,15385.0,65.2,5522.0,11179,319.0,8.16,8420.0,8.21,8380.0,2381.0,2428.0,0.0,0.0,201.0,7.31,0.0,16740.0,101.0,4.49,73.5,0.0,0.0,42.2,190.0,7.26,0.0,17140.0,61.0,4.93,18.7,0.0,0.0,42.5,233.0,8.25,880.0,0.0,,123.0,58.0,10.6,60.0,,,,,,,,,,,,,,,,,,,,,,,,,,
2019-07-31,126.82,88.97,24.4,240.19,7.82,2.32,1.46,3.96,123065.0,0.0,0.0,0.0,6.83,5.39,120.0,39.4,,,7.79,22727.0,0.0,0.0,0.0,2.54,1.39,2829.0,15438.0,65.3,5647.0,120.0,39.5,,,7.78,19357.0,0.0,0.0,0.0,2.56,1.35,2846.0,15421.0,65.1,5526.0,11173,366.0,8.08,4080.0,8.19,8220.0,2299.0,2644.0,0.0,0.0,153.0,7.24,0.0,15580.0,124.0,4.91,80.1,0.0,0.0,42.0,193.0,7.17,0.0,16140.0,63.0,6.2,2.8,0.0,0.0,42.5,347.0,8.21,1000.0,0.0,,120.0,56.0,12.2,60.0,,,,,,,,,,,,,,,,,,,,,,,,,,
2019-08-01,161.72,121.4,17.45,300.57,7.65,2.16,1.33,4.03,116358.0,0.0,0.0,0.0,6.7,0.0,120.0,39.4,,,7.82,14385.0,0.0,0.0,0.0,1.96,0.89,2752.0,15462.0,65.6,5601.0,120.0,39.5,,,7.79,14947.0,0.0,0.0,0.0,2.56,0.96,2776.0,15377.0,65.4,5442.0,11043,346.0,8.14,4460.0,8.24,6620.0,2058.0,2614.0,0.0,0.0,198.0,7.19,0.0,15100.0,144.0,3.75,83.8,0.0,0.0,42.0,192.0,7.2,0.0,15580.0,81.0,4.54,29.5,0.0,0.0,42.5,350.0,8.25,960.0,0.0,,108.0,61.0,11.1,60.0,,,,,,,,,,,,,,,,,,,,,,,,,,
2019-08-02,177.78,39.06,21.93,238.77,0.0,0.0,0.0,0.0,0.0,0.0,0.0,0.0,0.0,0.0,120.0,0.0,,,0.0,0.0,0.0,0.0,0.0,0.0,0.0,0.0,0.0,0.0,5568.0,120.0,0.0,,,0.0,0.0,0.0,0.0,0.0,0.0,0.0,0.0,0.0,0.0,5465.0,11033,356.0,0.0,0.0,0.0,0.0,,0.0,0.0,0.0,162.0,0.0,0.0,0.0,0.0,0.0,0.0,0.0,0.0,0.0,199.0,0.0,0.0,0.0,0.0,0.0,0.0,0.0,0.0,0.0,350.0,0.0,0.0,0.0,,0.0,0.0,0.0,60.0,,,,,,,,,,,,,,,,,,,,,,,,,,
2019-08-03,132.02,89.31,8.34,229.67000000000002,0.0,0.0,0.0,0.0,0.0,0.0,0.0,0.0,0.0,0.0,120.0,0.0,,,0.0,0.0,0.0,0.0,0.0,0.0,0.0,0.0,0.0,0.0,5939.0,120.0,0.0,,,0.0,0.0,0.0,0.0,0.0,0.0,0.0,0.0,0.0,0.0,5753.0,11692,359.0,0.0,0.0,0.0,0.0,,0.0,0.0,0.0,201.0,0.0,0.0,0.0,0.0,0.0,0.0,0.0,0.0,0.0,195.0,0.0,0.0,0.0,0.0,0.0,0.0,0.0,0.0,0.0,350.0,0.0,0.0,0.0,,0.0,0.0,0.0,60.0,,,,,,,,,,,,,,,,,,,,,,,,,,
2019-08-04,0.0,0.0,0.0,0.0,0.0,0.0,0.0,0.0,0.0,0.0,0.0,0.0,0.0,0.0,120.0,0.0,,,0.0,0.0,0.0,0.0,0.0,0.0,0.0,0.0,0.0,0.0,5888.0,120.0,0.0,,,0.0,0.0,0.0,0.0,0.0,0.0,0.0,0.0,0.0,0.0,5839.0,11727,358.0,0.0,0.0,0.0,0.0,,0.0,0.0,0.0,203.0,0.0,0.0,0.0,0.0,0.0,0.0,0.0,0.0,0.0,147.0,0.0,0.0,0.0,0.0,0.0,0.0,0.0,0.0,0.0,350.0,0.0,0.0,0.0,,0.0,0.0,0.0,60.0,,,,,,,,,,,,,,,,,,,,,,,,,,
2019-08-05,211.26,129.84,29.71,370.81,7.88,2.18,1.24,4.34,118737.0,4170.0,829.0,1952.0,6.23,4.67,120.0,39.7,,,7.86,24325.0,3830.0,576.0,3011.0,2.05,1.08,2847.0,15486.0,66.8,5597.0,123.0,39.9,,,7.81,22435.0,4480.0,543.0,3533.0,2.35,1.24,2787.0,15426.0,66.3,5537.0,11134,351.0,8.16,13460.0,8.17,7160.0,2793.0,0.0,213.0,1855.0,160.0,7.34,129.0,13580.0,0.0,5.22,1.6,109.47,6.5,41.4,189.0,7.47,127.0,15540.0,0.0,5.15,1.3,0.13,6.3,42.6,350.0,8.48,780.0,93.0,,126.0,0.0,10.1,68.0,,,,,,,,,,,,,,,,,,,,,,,,,,
2019-08-06,160.8,79.05,27.29,267.14000000000004,7.72,2.87,1.64,4.5,113941.0,0.0,0.0,0.0,5.69,4.4,120.0,39.7,,,7.84,17426.0,0.0,0.0,0.0,2.44,0.89,2862.0,15421.0,67.8,5387.0,126.0,39.9,,,7.86,17227.0,0.0,0.0,0.0,2.5,0.88,2821.0,15262.0,67.3,5523.0,10910,310.0,8.1,3340.0,8.12,5100.0,2406.0,2396.0,0.0,0.0,161.0,7.31,0.0,12980.0,94.0,4.39,6.0,0.0,0.0,41.4,184.0,7.39,0.0,13520.0,63.0,4.94,5.0,0.0,0.0,42.6,350.0,8.35,760.0,0.0,,142.0,62.0,9.0,72.0,,,,,,,,,,,,,,,,,,,,,,,,,,
2019-08-07,128.03,38.49,0.0,166.52,7.88,2.52,1.37,4.66,108004.0,0.0,0.0,0.0,5.38,3.97,120.0,39.7,,,7.96,15633.0,0.0,0.0,0.0,2.53,1.28,2884.0,15534.0,68.5,5272.0,128.0,39.9,,,7.95,15600.0,0.0,0.0,0.0,2.5,1.07,2862.0,15346.0,68.1,5450.0,10722,333.0,8.16,7660.0,8.1,5160.0,2394.0,2340.0,0.0,0.0,192.0,7.27,0.0,13060.0,58.0,3.73,4.1,0.0,0.0,41.4,181.0,7.26,0.0,13880.0,52.0,5.01,3.5,0.0,0.0,42.4,350.0,8.32,880.0,0.0,,129.0,56.0,10.2,72.0,,,,,,,,,,,,,,,,,,,,,,,,,,
2019-08-08,162.75,88.85,0.0,251.6,7.76,1.8,0.95,5.04,107936.0,0.0,0.0,0.0,4.88,3.21,120.0,39.7,,,7.85,20396.0,0.0,0.0,0.0,2.28,0.8,2845.0,15328.0,68.6,5172.0,132.0,39.9,,,7.83,25063.0,0.0,0.0,0.0,2.37,0.77,2805.0,15244.0,68.0,5476.0,10648,304.0,8.1,4080.0,8.14,4820.0,2459.0,2281.0,0.0,0.0,152.0,7.47,0.0,12980.0,48.0,4.75,5.0,0.0,0.0,41.4,181.0,7.48,0.0,14680.0,55.0,6.28,5.2,0.0,0.0,42.5,347.0,8.19,820.0,0.0,,126.0,55.0,4.1,72.0,,,,,,,,,,,,,,,,,,,,,,,,,,
2019-08-09,128.11,130.73,20.57,279.41,7.7,3.98,2.55,5.2,141320.0,0.0,0.0,0.0,5.05,3.72,120.0,39.7,,,7.91,20816.0,0.0,0.0,0.0,2.19,0.92,2805.0,15369.0,69.3,5013.0,132.0,39.9,,,7.94,21337.0,0.0,0.0,0.0,2.36,1.25,2921.0,15341.0,69.1,5236.0,10249,359.0,8.26,1440.0,8.15,5840.0,2641.0,2276.0,0.0,0.0,189.0,7.88,0.0,13060.0,50.0,7.65,5.2,0.0,0.0,41.4,182.0,7.54,0.0,15040.0,56.0,5.12,5.0,0.0,0.0,42.6,138.0,8.16,680.0,0.0,,141.0,80.0,6.4,72.0,,,,,,,,,,,,,,,,,,,,,,,,,,
2019-08-10,237.33,39.08,24.48,300.89000000000004,0.0,0.0,0.0,0.0,0.0,0.0,0.0,0.0,0.0,0.0,120.0,0.0,,,0.0,0.0,0.0,0.0,0.0,0.0,0.0,0.0,0.0,0.0,5164.0,132.0,0.0,,,0.0,0.0,0.0,0.0,0.0,0.0,0.0,0.0,0.0,0.0,5385.0,10549,359.0,0.0,0.0,0.0,0.0,,0.0,0.0,0.0,164.0,0.0,0.0,0.0,0.0,0.0,0.0,0.0,0.0,0.0,143.0,0.0,0.0,0.0,0.0,0.0,0.0,0.0,0.0,0.0,350.0,0.0,0.0,0.0,,0.0,0.0,0.0,72.0,,,,,,,,,,,,,,,,,,,,,,,,,,
2019-08-11,27.68,41.35,0.0,69.03,0.0,0.0,0.0,0.0,0.0,0.0,0.0,0.0,0.0,0.0,128.0,0.0,,,0.0,0.0,0.0,0.0,0.0,0.0,0.0,0.0,0.0,0.0,5534.0,138.0,0.0,,,0.0,0.0,0.0,0.0,0.0,0.0,0.0,0.0,0.0,0.0,5816.0,11350,361.0,0.0,0.0,0.0,0.0,,0.0,0.0,0.0,197.0,0.0,0.0,0.0,0.0,0.0,0.0,0.0,0.0,0.0,181.0,0.0,0.0,0.0,0.0,0.0,0.0,0.0,0.0,0.0,226.0,0.0,0.0,0.0,,0.0,0.0,0.0,81.0,,,,,,,,,,,,,,,,,,,,,,,,,,
2019-08-12,186.28,58.85,21.48,266.61,7.85,2.5,1.46,5.26,102355.0,3626.0,733.0,2144.0,5.12,3.72,120.0,39.7,,,7.92,16595.0,3916.0,641.0,3411.0,2.24,1.19,2855.0,15384.0,68.7,5158.0,132.0,39.8,,,7.89,15891.0,4158.0,540.0,3652.0,2.47,1.16,2894.0,15362.0,69.1,5422.0,10580,360.0,8.31,3940.0,8.12,5560.0,2611.0,2357.0,186.0,2111.0,204.0,7.68,128.0,12940.0,47.0,4.96,5.4,0.13,8.2,41.4,148.0,7.51,127.0,12380.0,49.0,5.51,6.2,0.11,7.6,43.4,255.0,8.2,620.0,98.0,,127.0,53.0,6.2,72.0,,,,,,,,,,,,,,,,,,,,,,,,,,
2019-08-13,179.56,88.24,26.54,294.34000000000003,7.76,4.55,2.1,5.34,110988.0,0.0,0.0,0.0,4.89,3.44,120.0,39.7,,,7.95,18809.0,0.0,0.0,0.0,2.47,1.0,2764.0,15524.0,68.8,4932.0,132.0,39.8,,,7.92,19183.0,0.0,0.0,0.0,2.55,0.96,2806.0,15401.0,69.2,5254.0,10186,358.0,8.34,2780.0,8.18,4080.0,2285.0,2474.0,0.0,0.0,151.0,7.92,0.0,13440.0,54.0,5.91,5.1,0.21,0.0,42.1,176.0,7.87,0.0,12840.0,64.0,18.73,5.0,0.32,0.0,43.8,344.0,8.2,640.0,0.0,,122.0,54.0,6.1,72.0,,,,,,,,,,,,,,,,,,,,,,,,,,
2019-08-14,158.83,123.86,19.68,302.37,7.86,3.27,1.76,5.44,110466.0,0.0,0.0,0.0,4.84,3.16,120.0,39.6,,,7.98,26891.0,0.0,0.0,0.0,2.55,1.0,2721.0,15694.0,71.4,4988.0,132.0,39.8,,,7.98,25409.0,0.0,0.0,0.0,2.48,0.97,2784.0,15821.0,71.2,5343.0,10331,264.0,8.29,5600.0,8.15,4160.0,2426.0,2457.0,0.0,0.0,203.0,7.84,0.0,14740.0,59.0,5.11,4.6,0.0,0.0,42.1,155.0,7.81,0.0,14320.0,59.0,5.46,5.6,0.0,0.0,43.6,353.0,8.16,520.0,0.0,,141.0,56.0,4.3,72.0,,,,,,,,,,,,,,,,,,,,,,,,,,
2019-08-15,157.32,97.23,22.15,276.7,7.78,4.62,3.16,5.51,111670.0,0.0,0.0,0.0,4.79,3.57,126.0,39.6,,,8.02,21765.0,0.0,0.0,0.0,2.27,1.3,2746.0,15797.0,70.9,5309.0,132.0,39.8,,,8.01,18865.0,0.0,0.0,0.0,2.43,1.28,2752.0,5866.0,71.1,5428.0,10737,336.0,8.28,3100.0,8.17,5660.0,2451.0,2550.0,0.0,0.0,155.0,0.0,0.0,0.0,0.0,0.0,0.0,0.0,0.0,42.1,188.0,7.8,0.0,13340.0,95.0,32.5,4.1,0.0,0.0,43.5,340.0,8.21,480.0,0.0,,136.0,87.0,5.0,72.0,,,,,,,,,,,,,,,,,,,,,,,,,,
2019-08-16,179.59,19.43,18.85,217.87,7.75,5.74,3.62,5.61,110413.0,0.0,0.0,0.0,4.84,3.56,132.0,39.5,,,7.97,14385.0,0.0,0.0,0.0,2.46,1.39,2705.0,15769.0,71.9,5557.0,132.0,39.7,,,7.93,15835.0,0.0,0.0,0.0,2.45,1.15,2781.0,15769.0,71.8,5445.0,11002,361.0,8.28,4230.0,7.99,4780.0,2597.0,2595.0,0.0,0.0,163.0,7.88,0.0,13760.0,42.0,6.45,4.8,0.0,0.0,42.1,164.0,7.95,0.0,14540.0,41.0,6.66,4.6,0.0,0.0,43.3,215.0,8.21,860.0,0.0,,140.0,44.0,7.0,72.0,,,,,,,,,,,,,,,,,,,,,,,,,,
2019-08-17,156.19,89.26,0.0,245.45,0.0,0.0,0.0,0.0,0.0,0.0,0.0,0.0,0.0,0.0,132.0,0.0,,,0.0,0.0,0.0,0.0,0.0,0.0,0.0,0.0,0.0,0.0,5550.0,132.0,0.0,,,0.0,0.0,0.0,0.0,0.0,0.0,0.0,0.0,0.0,0.0,5334.0,10884,292.0,0.0,0.0,0.0,0.0,,0.0,0.0,0.0,169.0,0.0,0.0,0.0,0.0,0.0,0.0,0.0,0.0,0.0,189.0,0.0,0.0,0.0,0.0,0.0,0.0,0.0,0.0,0.0,351.0,0.0,0.0,0.0,,0.0,0.0,0.0,72.0,,,,,,,,,,,,,,,,,,,,,,,,,,
2019-08-18,0.0,0.0,0.0,0.0,0.0,0.0,0.0,0.0,0.0,0.0,0.0,0.0,0.0,0.0,132.0,0.0,,,0.0,0.0,0.0,0.0,0.0,0.0,0.0,0.0,0.0,0.0,5471.0,132.0,0.0,,,0.0,0.0,0.0,0.0,0.0,0.0,0.0,0.0,0.0,0.0,5346.0,10817,207.0,0.0,0.0,0.0,0.0,,0.0,0.0,0.0,170.0,0.0,0.0,0.0,0.0,0.0,0.0,0.0,0.0,0.0,181.0,0.0,0.0,0.0,0.0,0.0,0.0,0.0,0.0,0.0,350.0,0.0,0.0,0.0,,0.0,0.0,0.0,72.0,,,,,,,,,,,,,,,,,,,,,,,,,,
2019-08-19,186.2,132.03,22.15,340.38,8.05,0.0,0.0,5.64,104213.0,3913.0,764.0,2276.0,4.9,3.67,132.0,39.4,,,8.03,28910.0,4359.0,877.0,3538.0,2.53,1.31,2689.0,15723.0,72.3,5205.0,132.0,39.6,,,8.06,22159.0,4144.0,633.0,3666.0,2.5,1.2,2731.0,15705.0,72.1,4986.0,10191,194.0,8.25,4480.0,8.0,7320.0,2425.0,2582.0,265.0,2122.0,191.0,8.01,128.0,14960.0,37.0,4.86,4.2,0.13,8.1,42.3,147.0,7.9,127.9,16100.0,45.0,5.2,4.2,0.11,7.9,42.9,242.0,8.17,860.0,99.0,,127.7,55.0,7.2,72.0,,,,,,,,,,,,,,,,,,,,,,,,,,
2019-08-20,182.04,98.91,25.56,306.51,7.88,4.19,2.73,6.23,95634.0,0.0,0.0,0.0,4.63,3.42,132.0,39.5,,,8.05,11934.0,0.0,0.0,0.0,2.39,1.31,2692.0,15744.0,71.9,4986.0,132.0,39.7,,,8.04,13240.0,0.0,0.0,0.0,2.66,1.4,2759.0,15721.0,71.8,4814.0,9800,352.0,8.21,5400.0,8.12,9480.0,2772.6,2994.0,0.0,0.0,160.0,7.86,0.0,15300.0,34.0,4.51,3.9,0.0,0.0,42.2,164.0,7.81,0.0,17420.0,40.0,4.68,4.2,0.0,0.0,42.8,333.0,8.15,920.0,0.0,,145.83,40.0,8.4,72.0,,,,,,,,,,,,,,,,,,,,,,,,,,
2019-08-21,156.64,19.97,18.45,195.05999999999997,7.96,2.62,1.7,6.09,95209.0,0.0,0.0,0.0,4.73,3.41,132.0,39.3,,,8.03,16755.0,0.0,0.0,0.0,2.4,1.21,2708.0,15752.0,72.9,5104.0,132.0,39.6,,,8.02,26942.0,0.0,0.0,0.0,2.56,1.25,2722.0,15654.0,72.7,4986.0,10090,260.0,8.55,5120.0,8.38,8160.0,2753.0,2936.0,0.0,0.0,165.0,8.13,0.0,15820.0,51.0,4.92,4.5,0.0,0.0,42.2,137.0,0.0,0.0,0.0,0.0,0.0,0.0,0.0,0.0,0.0,239.0,8.23,760.0,0.0,,141.0,40.0,5.1,72.0,,,,,,,,,,,,,,,,,,,,,,,,,,
2019-08-22,157.98,88.91,0.0,246.89,8.24,2.21,1.26,5.93,118870.0,0.0,0.0,0.0,5.08,3.71,132.0,39.3,,,8.18,12058.0,0.0,0.0,0.0,2.29,1.31,2721.0,15740.0,72.7,5691.0,132.0,39.6,,,8.21,10362.0,0.0,0.0,0.0,2.34,1.18,2739.0,15751.0,72.5,5407.0,11098,317.0,8.23,0.0,8.25,7440.0,2735.0,2894.0,0.0,0.0,148.0,8.12,0.0,16320.0,54.0,5.12,4.6,0.0,0.0,42.2,139.0,7.86,0.0,16340.0,50.0,4.88,5.1,0.0,0.0,43.2,262.0,8.3,0.0,0.0,,142.0,49.0,6.4,72.0,,,,,,,,,,,,,,,,,,,,,,,,,,
2019-08-23,180.85,131.03,17.64,329.52,8.03,3.69,2.13,5.92,111220.0,0.0,0.0,0.0,5.1,3.71,132.0,39.9,,,8.07,9530.0,0.0,0.0,0.0,2.49,1.41,2675.0,15705.0,73.0,5813.0,132.0,39.6,,,8.07,10555.0,0.0,0.0,0.0,2.51,1.27,2754.0,15726.0,72.8,5505.0,11318,409.0,8.21,5020.0,8.2,6280.0,2624.0,2698.0,0.0,0.0,197.0,8.04,0.0,14880.0,36.0,4.64,4.5,0.0,0.0,43.1,183.0,7.92,0.0,15040.0,47.0,4.53,4.7,0.0,0.0,43.1,294.0,8.21,760.0,0.0,,139.0,37.0,6.5,72.0,,,,,,,,,,,,,,,,,,,,,,,,,,
2019-08-24,209.38,38.45,20.45,268.28,0.0,0.0,0.0,0.0,0.0,0.0,0.0,0.0,0.0,0.0,132.0,0.0,,,0.0,0.0,0.0,0.0,0.0,0.0,0.0,0.0,0.0,0.0,5786.0,132.0,0.0,,,0.0,0.0,0.0,0.0,0.0,0.0,0.0,0.0,0.0,0.0,5520.0,11306,278.0,0.0,0.0,0.0,0.0,,0.0,0.0,0.0,160.0,0.0,0.0,0.0,0.0,0.0,0.0,0.0,0.0,0.0,152.0,0.0,0.0,0.0,0.0,0.0,0.0,0.0,0.0,0.0,212.0,0.0,0.0,0.0,,0.0,0.0,0.0,72.0,,,,,,,,,,,,,,,,,,,,,,,,,,
2019-08-25,0.0,0.0,0.0,0.0,0.0,0.0,0.0,0.0,0.0,0.0,0.0,0.0,0.0,0.0,132.0,0.0,,,0.0,0.0,0.0,0.0,0.0,0.0,0.0,0.0,0.0,0.0,6081.0,132.0,0.0,,,0.0,0.0,0.0,0.0,0.0,0.0,0.0,0.0,0.0,0.0,5954.0,12035,364.0,0.0,0.0,0.0,0.0,,0.0,0.0,0.0,163.0,0.0,0.0,0.0,0.0,0.0,0.0,0.0,0.0,0.0,161.0,0.0,0.0,0.0,0.0,0.0,0.0,0.0,0.0,0.0,241.0,0.0,0.0,0.0,,0.0,0.0,0.0,72.0,,,,,,,,,,,,,,,,,,,,,,,,,,
2019-08-26,180.91,81.17,20.77,282.84999999999997,8.08,2.23,1.27,5.79,113476.0,4103.0,815.0,2224.0,5.02,3.63,132.0,39.7,,,8.1,15906.0,3967.0,206.0,3370.0,2.66,1.38,2684.0,15782.0,73.1,6158.0,140.0,39.3,,,8.07,11538.0,4032.0,191.0,3451.0,2.45,1.11,2792.0,15755.0,72.6,6129.0,12287,265.0,8.47,3740.0,8.08,5360.0,2616.0,2626.0,138.0,2015.0,177.0,8.1,126.2,15520.0,45.0,5.45,4.0,0.12,10.8,43.1,200.0,7.98,126.1,12520.0,50.0,6.1,4.7,0.15,11.2,42.4,275.0,8.01,820.0,106.0,,126.0,53.0,10.2,72.0,,,,,,,,,,,,,,,,,,,,,,,,,,
2019-08-27,182.29,89.31,23.5,295.1,8.21,1.8,1.05,5.83,115874.0,0.0,0.0,0.0,4.83,3.37,132.0,39.7,,,8.14,17984.0,0.0,0.0,0.0,2.19,1.21,2652.0,15756.0,72.9,5922.0,144.0,39.3,,,8.12,18561.0,0.0,0.0,0.0,2.37,1.15,2769.0,15743.0,72.5,6195.0,12117,363.0,8.25,3320.0,8.15,4600.0,2643.0,2762.0,0.0,0.0,202.0,8.12,0.0,15880.0,39.0,3.96,3.1,0.0,0.0,43.1,203.0,8.0,0.0,14660.0,48.0,15.02,3.5,0.0,0.0,42.8,274.0,8.12,820.0,0.0,,122.0,49.0,6.2,72.0,,,,,,,,,,,,,,,,,,,,,,,,,,
2019-08-28,182.13,131.52,17.56,331.21,8.2,2.75,1.72,5.97,109763.0,0.0,0.0,0.0,4.66,3.47,132.0,39.7,,,8.13,21414.0,0.0,0.0,0.0,2.28,1.11,2661.0,15721.0,73.3,5603.0,144.0,39.3,,,8.11,22462.0,0.0,0.0,0.0,2.37,1.25,2789.0,15734.0,72.9,5973.0,11576,362.0,8.2,8280.0,8.14,5820.0,2652.0,2725.0,0.0,0.0,205.0,8.02,0.0,16300.0,48.0,4.25,4.7,0.0,0.0,42.9,208.0,7.98,0.0,15300.0,52.0,5.88,3.9,0.0,0.0,43.0,184.0,8.38,920.0,0.0,,124.0,50.0,8.0,72.0,,,,,,,,,,,,,,,,,,,,,,,,,,
2019-08-29,175.32,103.09,17.69,296.09999999999997,8.05,2.85,1.73,5.99,147724.0,0.0,0.0,0.0,4.87,3.3,132.0,39.8,,,8.16,13301.0,0.0,0.0,0.0,2.33,1.13,2674.0,15776.0,73.5,5823.0,144.0,39.4,,,8.12,11049.0,0.0,0.0,0.0,2.33,0.95,2821.0,15721.0,73.1,6144.0,11967,333.0,8.44,3480.0,8.42,3980.0,2411.0,2721.0,0.0,0.0,156.0,8.12,0.0,16700.0,92.0,5.21,58.5,0.0,0.0,42.9,167.0,8.13,0.0,14280.0,108.0,4.98,70.2,0.0,0.0,43.3,279.0,8.16,1060.0,0.0,,133.0,82.0,14.3,72.0,,,,,,,,,,,,,,,,,,,,,,,,,,
2019-08-30,151.72,18.32,0.0,170.04,7.93,3.08,2.31,6.0,129235.0,0.0,0.0,0.0,5.28,4.17,132.0,39.6,,,8.23,13341.0,0.0,0.0,0.0,2.57,1.45,2694.0,15820.0,72.8,5896.0,144.0,39.5,,,8.23,17827.0,0.0,0.0,0.0,2.51,1.56,2894.0,15782.0,71.8,6444.0,12340,359.0,8.34,5120.0,8.44,3780.0,2279.0,2562.0,0.0,0.0,193.0,8.1,0.0,15060.0,45.0,4.55,5.1,0.0,0.0,42.9,215.0,8.04,0.0,13800.0,46.0,6.82,5.0,0.0,0.0,42.9,184.0,8.29,1020.0,0.0,,113.0,66.0,12.8,72.0,,,,,,,,,,,,,,,,,,,,,,,,,,
2019-08-31,179.14,82.52,23.83,285.48999999999995,0.0,0.0,0.0,0.0,0.0,0.0,0.0,0.0,0.0,0.0,132.0,0.0,,,0.0,0.0,0.0,0.0,0.0,0.0,0.0,0.0,0.0,0.0,5915.0,144.0,0.0,,,0.0,0.0,0.0,0.0,0.0,0.0,0.0,0.0,0.0,0.0,6614.0,12529,362.0,0.0,0.0,0.0,0.0,,0.0,0.0,0.0,158.0,0.0,0.0,0.0,0.0,0.0,0.0,0.0,0.0,0.0,202.0,0.0,0.0,0.0,0.0,0.0,0.0,0.0,0.0,0.0,296.0,0.0,0.0,0.0,,0.0,0.0,0.0,72.0,,,,,,,,,,,,,,,,,,,,,,,,,,
2019-09-01,0.0,0.0,0.0,0.0,0.0,0.0,0.0,0.0,0.0,0.0,0.0,0.0,0.0,0.0,132.0,0.0,,,0.0,0.0,0.0,0.0,0.0,0.0,0.0,0.0,0.0,0.0,5783.0,144.0,0.0,,,0.0,0.0,0.0,0.0,0.0,0.0,0.0,0.0,0.0,0.0,6746.0,12529,363.0,0.0,0.0,0.0,0.0,,0.0,0.0,0.0,160.0,0.0,0.0,0.0,0.0,0.0,0.0,0.0,0.0,0.0,155.0,0.0,0.0,0.0,0.0,0.0,0.0,0.0,0.0,0.0,283.0,0.0,0.0,0.0,,0.0,0.0,0.0,72.0,,,,,,,,,,,,,,,,,,,,,,,,,,
2019-09-02,210.5,94.75,20.18,325.43,8.16,2.04,1.31,5.88,122561.0,4251.0,985.0,2278.0,5.69,3.96,129.0,39.4,,,8.18,17413.0,3770.0,623.0,3206.0,2.36,1.19,3097.0,15424.0,70.4,5807.0,144.0,39.5,,,8.23,18433.0,3986.0,670.0,3376.0,2.35,1.14,2921.0,16098.0,72.0,6928.0,12735,358.0,8.41,2960.0,8.36,5080.0,2342.0,2498.0,177.0,1783.0,163.0,8.15,126.5,13160.0,33.0,5.61,0.1,0.11,8.4,41.0,203.0,8.02,126.1,13160.0,52.0,17.83,4.9,0.14,10.2,42.2,283.0,8.2,1060.0,94.0,,125.0,45.0,7.6,72.0,,,,,,,,,,,,,,,,,,,,,,,,,,
2019-09-03,128.06,80.51,17.84,226.41,8.38,1.8,1.11,5.48,157436.0,0.0,0.0,0.0,6.9,5.1,96.0,39.5,,,8.2,19769.0,0.0,0.0,0.0,2.5,0.32,3264.0,15528.0,70.0,5547.0,144.0,39.6,,,8.22,20532.0,0.0,0.0,0.0,2.4,1.21,2853.0,16055.0,71.5,7231.0,12778,331.0,8.36,3720.0,8.4,4780.0,2356.0,2481.0,0.0,0.0,206.0,8.1,0.0,13520.0,48.0,5.1,4.6,0.0,0.0,41.1,159.0,8.03,0.0,14020.0,54.0,4.8,4.2,0.0,0.0,42.0,343.0,8.22,760.0,0.0,,128.0,54.0,6.8,60.0,,,,,,,,,,,,,,,,,,,,,,,,,,
2019-09-04,235.51,77.87,19.61,332.99,8.24,2.11,1.45,5.73,125053.0,0.0,0.0,0.0,6.11,4.44,54.0,39.4,,,8.24,18157.0,0.0,0.0,0.0,2.65,1.59,3184.0,15484.0,71.3,4514.0,83.0,39.4,,,8.25,16670.0,0.0,0.0,0.0,2.68,1.45,2821.0,16105.0,72.5,6227.0,10741,275.0,8.34,2660.0,8.35,4540.0,2279.0,2588.0,0.0,0.0,173.0,8.16,0.0,13460.0,68.0,4.89,4.6,0.0,0.0,41.3,203.0,8.1,0.0,12240.0,48.0,6.41,4.5,0.0,0.0,42.0,259.0,8.3,1100.0,0.0,,116.0,60.0,12.9,42.0,,,,,,,,,,,,,,,,,,,,,,,,,,
2019-09-05,183.24,86.87,20.09,290.2,8.5,2.4,1.45,5.99,123971.0,0.0,0.0,0.0,5.99,4.39,76.0,39.4,,,8.31,19325.0,0.0,0.0,0.0,2.46,1.49,3154.0,15505.0,72.5,4559.0,96.0,39.4,,,8.32,17154.0,0.0,0.0,0.0,2.38,1.25,2758.0,16022.0,72.8,5063.0,9622,292.0,8.55,3540.0,8.42,5020.0,2275.0,2455.0,0.0,0.0,211.0,8.21,0.0,13920.0,60.0,4.33,5.9,0.0,0.0,41.9,176.0,8.13,0.0,12300.0,61.0,4.82,5.8,0.0,0.0,42.3,324.0,8.54,1080.0,0.0,,126.0,51.0,9.6,52.0,,,,,,,,,,,,,,,,,,,,,,,,,,
2019-09-06,180.61,88.45,18.61,287.67,8.41,2.11,1.35,5.95,134308.0,0.0,0.0,0.0,5.83,3.96,96.0,39.4,,,8.35,21687.0,0.0,0.0,0.0,2.59,1.17,3010.0,15544.0,73.6,4763.0,108.0,39.4,,,8.36,21179.0,0.0,0.0,0.0,2.61,1.27,2823.0,16076.0,72.0,5166.0,9929,340.0,8.45,2280.0,8.59,4240.0,2258.0,2302.0,0.0,0.0,205.0,8.45,0.0,14660.0,35.0,7.38,4.3,0.0,0.0,42.2,187.0,8.15,0.0,12140.0,47.0,16.26,6.6,0.0,0.0,42.5,277.0,8.48,980.0,0.0,,127.0,42.0,11.1,60.0,,,,,,,,,,,,,,,,,,,,,,,,,,
2019-09-07,211.2,123.86,20.69,355.75,0.0,0.0,0.0,0.0,0.0,0.0,0.0,0.0,0.0,0.0,96.0,0.0,,,0.0,0.0,0.0,0.0,0.0,0.0,0.0,0.0,0.0,0.0,4924.0,108.0,0.0,,,0.0,0.0,0.0,0.0,0.0,0.0,0.0,0.0,0.0,0.0,5182.0,10106,347.0,0.0,0.0,0.0,0.0,,0.0,0.0,0.0,158.0,0.0,0.0,0.0,0.0,0.0,0.0,0.0,0.0,0.0,202.0,0.0,0.0,0.0,0.0,0.0,0.0,0.0,0.0,0.0,330.0,0.0,0.0,0.0,,0.0,0.0,0.0,60.0,,,,,,,,,,,,,,,,,,,,,,,,,,
2019-09-08,0.0,0.0,0.0,0.0,0.0,0.0,0.0,0.0,0.0,0.0,0.0,0.0,0.0,0.0,96.0,0.0,,,0.0,0.0,0.0,0.0,0.0,0.0,0.0,0.0,0.0,0.0,4851.0,108.0,0.0,,,0.0,0.0,0.0,0.0,0.0,0.0,0.0,0.0,0.0,0.0,5236.0,10087,271.0,0.0,0.0,0.0,0.0,,0.0,0.0,0.0,206.0,0.0,0.0,0.0,0.0,0.0,0.0,0.0,0.0,0.0,215.0,0.0,0.0,0.0,0.0,0.0,0.0,0.0,0.0,0.0,273.0,0.0,0.0,0.0,,0.0,0.0,0.0,60.0,,,,,,,,,,,,,,,,,,,,,,,,,,
2019-09-09,211.81,38.0,20.98,270.79,8.18,2.35,1.52,5.96,117321.0,4275.0,858.0,3541.0,5.62,4.44,96.0,39.5,,,8.39,17283.0,4535.0,478.0,2164.0,2.56,1.5,2865.0,15444.0,71.7,4906.0,108.0,39.5,,,8.4,15497.0,4511.0,554.0,3625.0,2.65,1.44,2885.0,15892.0,70.7,5221.0,10127,262.0,8.59,2200.0,8.73,1160.0,,2157.0,35.0,1900.0,182.0,8.39,103.1,10680.0,40.0,5.22,5.1,0.12,5.1,42.4,176.0,8.35,103.0,11480.0,40.0,5.47,5.2,0.15,5.3,42.2,326.0,8.42,680.0,96.0,,103.0,30.0,5.3,60.0,,,,,,,,,,,,,,,,,,,,,,,,,,
2019-09-10,213.94,88.94,27.24,330.12,7.94,2.29,1.25,5.81,119066.0,0.0,0.0,0.0,5.82,4.21,96.0,39.5,,,8.21,16075.0,0.0,0.0,0.0,2.54,1.29,2926.0,16052.0,72.8,4877.0,108.0,39.5,,,8.27,22352.0,0.0,0.0,0.0,2.46,1.15,2821.0,16521.0,71.6,5127.0,10004,360.0,8.36,3780.0,8.54,6140.0,2058.0,2711.0,0.0,0.0,138.0,0.0,0.0,0.0,0.0,0.0,0.0,0.0,0.0,0.0,186.0,8.21,0.0,10280.0,92.0,4.95,50.4,0.0,0.0,42.3,217.0,8.26,6100.0,0.0,,1206.0,244.0,35.2,137.0,,,,,,,,,,,,,,,,,,,,,,,,,,
2019-09-11,158.6,89.28,19.48,267.36,8.01,1.96,1.04,5.89,131426.0,0.0,0.0,0.0,5.57,3.39,96.0,39.4,,,8.07,20357.0,0.0,0.0,0.0,2.37,1.2,3002.0,16444.0,70.7,4759.0,109.0,39.5,,,8.05,21442.0,0.0,0.0,0.0,2.54,1.05,3085.0,16942.0,70.3,5072.0,9831,317.0,8.57,5900.0,8.38,11320.0,4063.0,2895.0,0.0,0.0,164.0,8.04,0.0,11000.0,31.0,4.98,3.1,0.0,0.0,42.4,210.0,7.95,0.0,12480.0,33.0,5.79,3.4,0.0,0.0,42.5,326.0,8.28,820.0,0.0,,117.0,42.0,6.5,13.0,,,,,,,,,,,,,,,,,,,,,,,,,,
2019-09-12,185.55,78.83,43.75,308.13,0.0,0.0,0.0,0.0,0.0,0.0,0.0,0.0,0.0,0.0,112.0,0.0,,,0.0,0.0,0.0,0.0,0.0,0.0,0.0,0.0,0.0,0.0,5175.0,111.0,0.0,,,0.0,0.0,0.0,0.0,0.0,0.0,0.0,0.0,0.0,0.0,5251.0,10426,341.0,0.0,0.0,0.0,0.0,,0.0,0.0,0.0,161.0,0.0,0.0,0.0,0.0,0.0,0.0,0.0,0.0,0.0,149.0,0.0,0.0,0.0,0.0,0.0,0.0,0.0,0.0,0.0,261.0,0.0,0.0,0.0,,0.0,0.0,0.0,53.0,,,,,,,,,,,,,,,,,,,,,,,,,,
2019-09-13,0.0,0.0,0.0,0.0,0.0,0.0,0.0,0.0,0.0,0.0,0.0,0.0,0.0,0.0,120.0,0.0,,,0.0,0.0,0.0,0.0,0.0,0.0,0.0,0.0,0.0,0.0,5627.0,120.0,0.0,,,0.0,0.0,0.0,0.0,0.0,0.0,0.0,0.0,0.0,0.0,5910.0,11537,288.0,0.0,0.0,0.0,0.0,,0.0,0.0,0.0,127.0,0.0,0.0,0.0,0.0,0.0,0.0,0.0,0.0,0.0,148.0,0.0,0.0,0.0,0.0,0.0,0.0,0.0,0.0,0.0,321.0,0.0,0.0,0.0,,0.0,0.0,0.0,72.0,,,,,,,,,,,,,,,,,,,,,,,,,,
2019-09-14,210.48,0.0,0.0,210.48,0.0,0.0,0.0,0.0,0.0,0.0,0.0,0.0,0.0,0.0,120.0,0.0,,,0.0,0.0,0.0,0.0,0.0,0.0,0.0,0.0,0.0,0.0,6131.0,125.0,0.0,,,0.0,0.0,0.0,0.0,0.0,0.0,0.0,0.0,0.0,0.0,6427.0,12558,363.0,0.0,0.0,0.0,0.0,,0.0,0.0,0.0,168.0,0.0,0.0,0.0,0.0,0.0,0.0,0.0,0.0,0.0,197.0,0.0,0.0,0.0,0.0,0.0,0.0,0.0,0.0,0.0,304.0,0.0,0.0,0.0,,0.0,0.0,0.0,72.0,,,,,,,,,,,,,,,,,,,,,,,,,,
2019-09-15,0.0,82.45,25.97,108.42,0.0,0.0,0.0,0.0,0.0,0.0,0.0,0.0,0.0,0.0,120.0,0.0,,,0.0,0.0,0.0,0.0,0.0,0.0,0.0,0.0,0.0,0.0,6186.0,132.0,0.0,,,0.0,0.0,0.0,0.0,0.0,0.0,0.0,0.0,0.0,0.0,6742.0,12928,178.0,0.0,0.0,0.0,0.0,,0.0,0.0,0.0,176.0,0.0,0.0,0.0,0.0,0.0,0.0,0.0,0.0,0.0,143.0,0.0,0.0,0.0,0.0,0.0,0.0,0.0,0.0,0.0,315.0,0.0,0.0,0.0,,0.0,0.0,0.0,72.0,,,,,,,,,,,,,,,,,,,,,,,,,,
2019-09-16,239.6,138.3,19.26,397.15999999999997,8.1,2.17,1.05,5.94,135142.0,4914.0,931.0,2502.0,5.27,3.79,120.0,39.4,,,7.94,18605.0,4560.0,464.0,3350.0,2.59,1.01,2842.0,16186.0,72.2,6263.0,132.0,39.4,,,7.94,18936.0,4492.0,429.0,3322.0,2.47,0.87,2715.0,16844.0,72.4,6479.0,12742,334.0,8.4,8640.0,8.16,4420.0,2323.0,2678.0,119.0,2115.0,141.0,7.98,125.2,12400.0,33.0,5.2,4.2,0.13,13.6,41.6,146.0,7.81,123.6,14820.0,43.0,4.7,4.5,0.1,14.3,43.1,222.0,8.07,1000.0,89.0,,123.0,53.0,12.4,72.0,,,,,,,,,,,,,,,,,,,,,,,,,,
2019-09-17,158.94,19.8,22.95,201.69,7.96,1.99,1.24,5.89,130738.0,0.0,0.0,0.0,5.02,3.72,125.0,39.4,,,7.96,25849.0,0.0,0.0,0.0,2.61,1.32,3024.0,16284.0,73.0,6303.0,132.0,39.4,,,7.95,18593.0,0.0,0.0,0.0,2.49,1.26,2656.0,16705.0,73.6,6413.0,12716,302.0,8.54,3520.0,8.25,5240.0,2521.0,2628.0,0.0,0.0,170.0,8.01,0.0,14640.0,72.0,4.4,8.1,0.0,0.0,41.5,168.0,7.9,0.0,13120.0,62.0,6.8,3.4,0.0,0.0,43.4,307.0,8.18,400.0,0.0,,113.0,70.0,4.2,72.0,,,,,,,,,,,,,,,,,,,,,,,,,,
2019-09-18,184.8,0.0,18.9,203.70000000000002,7.48,1.91,1.15,5.58,127777.0,0.0,0.0,0.0,5.35,4.04,132.0,39.4,,,8.0,27151.0,0.0,0.0,0.0,2.35,1.19,3165.0,16052.0,72.1,6657.0,132.0,39.4,,,7.99,19589.0,0.0,0.0,0.0,2.38,1.16,2542.0,16688.0,73.4,6591.0,13248,323.0,8.5,4460.0,8.33,4220.0,2097.0,2834.0,0.0,0.0,169.0,7.96,0.0,13500.0,80.0,5.4,19.2,0.0,0.0,41.2,167.0,7.95,0.0,14860.0,90.0,6.2,34.2,0.0,0.0,43.2,233.0,8.08,620.0,0.0,,114.0,61.0,5.0,72.0,,,,,,,,,,,,,,,,,,,,,,,,,,
2019-09-19,212.51,189.91,20.17,422.59,7.64,2.08,1.19,5.61,146665.0,0.0,0.0,0.0,5.49,4.21,132.0,39.4,,,8.02,22733.0,0.0,0.0,0.0,2.38,1.09,3054.0,16422.0,72.9,6924.0,132.0,39.4,,,8.01,22030.0,0.0,0.0,0.0,2.4,1.19,2584.0,16411.0,73.1,6595.0,13519,364.0,8.48,4540.0,8.39,3980.0,2032.0,2665.0,0.0,0.0,146.0,7.98,0.0,11340.0,33.0,4.2,5.0,0.0,0.0,41.5,167.0,7.95,0.0,14220.0,43.0,4.8,4.9,0.0,0.0,42.5,296.0,8.12,480.0,0.0,,114.0,38.0,4.6,72.0,,,,,,,,,,,,,,,,,,,,,,,,,,
2019-09-20,181.39,90.01,17.58,288.97999999999996,8.02,2.82,1.62,5.34,129607.0,0.0,0.0,0.0,5.19,3.62,132.0,39.5,,,7.98,20294.0,0.0,0.0,0.0,2.47,1.2,2926.0,16232.0,73.9,6859.0,132.0,39.5,,,7.97,17953.0,0.0,0.0,0.0,2.55,1.25,2621.0,16324.0,73.3,6540.0,13399,348.0,8.37,3620.0,8.08,4980.0,2076.0,2695.0,0.0,0.0,166.0,7.95,0.0,13400.0,65.0,5.6,4.2,0.0,0.0,41.1,153.0,0.0,0.0,0.0,0.0,0.0,0.0,0.0,0.0,0.0,221.0,8.07,900.0,0.0,,12.0,62.0,9.8,72.0,,,,,,,,,,,,,,,,,,,,,,,,,,
2019-09-21,182.59,121.76,20.74,325.09000000000003,0.0,0.0,0.0,0.0,0.0,0.0,0.0,0.0,0.0,0.0,132.0,0.0,,,0.0,0.0,0.0,0.0,0.0,0.0,0.0,0.0,0.0,0.0,6739.0,132.0,0.0,,,0.0,0.0,0.0,0.0,0.0,0.0,0.0,0.0,0.0,0.0,6364.0,13103,363.0,0.0,0.0,0.0,0.0,,0.0,0.0,0.0,187.0,0.0,0.0,0.0,0.0,0.0,0.0,0.0,0.0,0.0,171.0,0.0,0.0,0.0,0.0,0.0,0.0,0.0,0.0,0.0,216.0,0.0,0.0,0.0,,0.0,0.0,0.0,72.0,,,,,,,,,,,,,,,,,,,,,,,,,,
2019-09-22,0.0,0.0,0.0,0.0,0.0,0.0,0.0,0.0,0.0,0.0,0.0,0.0,0.0,0.0,132.0,0.0,,,0.0,0.0,0.0,0.0,0.0,0.0,0.0,0.0,0.0,0.0,7094.0,132.0,0.0,,,0.0,0.0,0.0,0.0,0.0,0.0,0.0,0.0,0.0,0.0,6437.0,13531,363.0,0.0,0.0,0.0,0.0,,0.0,0.0,0.0,187.0,0.0,0.0,0.0,0.0,0.0,0.0,0.0,0.0,0.0,183.0,0.0,0.0,0.0,0.0,0.0,0.0,0.0,0.0,0.0,308.0,0.0,0.0,0.0,,0.0,0.0,0.0,72.0,,,,,,,,,,,,,,,,,,,,,,,,,,
2019-09-23,213.39,36.74,18.72,268.85,7.53,4.19,2.61,5.34,125967.0,4701.0,899.0,2271.0,5.26,37.2,132.0,39.2,,,8.0,17909.0,4708.0,609.0,3632.0,2.4,0.9,2587.0,16778.0,73.1,6787.0,132.0,39.3,,,7.98,16438.0,4438.0,544.0,3503.0,2.43,1.04,2403.0,17298.0,71.9,6517.0,13304,363.0,8.47,5460.0,8.29,4740.0,2225.0,2809.0,152.0,2668.0,189.0,8.01,116.8,13960.0,40.0,4.25,5.0,0.12,8.2,41.4,187.0,7.83,117.1,15320.0,40.0,7.42,5.5,0.14,8.1,42.4,303.0,8.13,1100.0,0.0,,116.0,37.0,7.8,72.0,,,,,,,,,,,,,,,,,,,,,,,,,,
2019-09-24,182.0,88.53,17.66,288.19,7.91,1.72,1.16,5.28,122979.0,0.0,0.0,0.0,5.28,3.9,132.0,39.1,,,7.97,20094.0,0.0,0.0,0.0,2.49,1.41,2632.0,16842.0,73.0,6471.0,132.0,39.5,,,7.94,20166.0,0.0,0.0,0.0,2.46,1.15,2355.0,17154.0,72.5,6193.0,12664,280.0,8.37,4220.0,8.2,4300.0,1963.0,2703.0,0.0,0.0,190.0,8.05,0.0,13050.0,35.0,5.12,4.8,0.0,0.0,41.4,145.0,7.87,0.0,14160.0,32.0,7.87,4.4,0.0,0.0,42.3,281.0,8.09,1080.0,0.0,,99.0,48.0,12.3,72.0,,,,,,,,,,,,,,,,,,,,,,,,,,
2019-09-25,183.17,0.0,17.78,200.95,7.97,2.19,1.25,5.54,115138.0,0.0,0.0,0.0,5.05,3.65,132.0,38.9,,,8.01,16252.0,0.0,0.0,0.0,2.45,1.38,2466.0,16218.0,73.2,6280.0,132.0,39.5,,,8.01,17098.0,0.0,0.0,0.0,2.49,1.26,2635.0,16978.0,72.7,6052.0,12332,296.0,7.89,4300.0,8.03,5200.0,2612.0,2712.0,0.0,0.0,188.0,7.9,0.0,12980.0,26.0,4.1,4.7,0.0,0.0,41.4,189.0,7.84,0.0,14560.0,26.0,5.14,5.1,0.0,0.0,42.1,235.0,8.07,1260.0,0.0,,114.0,60.0,14.5,72.0,,,,,,,,,,,,,,,,,,,,,,,,,,
2019-09-26,204.02,0.0,20.72,224.74,7.72,2.98,1.66,5.51,125655.0,0.0,0.0,0.0,4.86,3.55,132.0,39.1,,,8.01,18357.0,0.0,0.0,0.0,2.37,1.3,2495.0,16325.0,72.7,6215.0,132.0,39.3,,,8.0,20691.0,0.0,0.0,0.0,2.4,1.17,2534.0,16544.0,72.4,5924.0,12139,371.0,8.11,8800.0,7.95,5780.0,3840.0,3085.0,0.0,0.0,205.0,7.83,0.0,11060.0,73.0,5.61,4.1,0.0,0.0,41.4,195.0,7.82,0.0,13600.0,70.0,6.26,4.6,0.0,0.0,42.2,283.0,8.04,1040.0,0.0,,115.0,106.0,12.6,68.0,,,,,,,,,,,,,,,,,,,,,,,,,,
2019-09-27,153.64,0.0,17.67,171.31,7.98,4.46,2.57,5.57,134645.0,0.0,0.0,0.0,5.46,4.24,132.0,39.1,,,8.09,21579.0,0.0,0.0,0.0,2.62,1.66,2522.0,16330.0,72.5,6245.0,132.0,39.3,,,8.06,21023.0,0.0,0.0,0.0,2.9,1.66,2540.0,16551.0,72.2,6107.0,12352,362.0,8.15,7920.0,8.04,9200.0,4470.0,3402.0,0.0,0.0,203.0,7.9,0.0,13240.0,30.0,6.36,4.0,0.0,0.0,41.4,163.0,7.89,0.0,14600.0,33.0,7.26,5.3,0.0,0.0,42.8,283.0,8.06,1100.0,0.0,,123.0,41.0,7.6,60.0,,,,,,,,,,,,,,,,,,,,,,,,,,
2019-09-28,208.36,132.29,19.39,360.03999999999996,0.0,0.0,0.0,0.0,0.0,0.0,0.0,0.0,0.0,0.0,132.0,0.0,,,0.0,0.0,0.0,0.0,0.0,0.0,0.0,0.0,0.0,0.0,6448.0,132.0,0.0,,,0.0,0.0,0.0,0.0,0.0,0.0,0.0,0.0,0.0,0.0,6166.0,12614,363.0,0.0,0.0,0.0,0.0,,0.0,0.0,0.0,153.0,0.0,0.0,0.0,0.0,0.0,0.0,0.0,0.0,0.0,200.0,0.0,0.0,0.0,0.0,0.0,0.0,0.0,0.0,0.0,280.0,0.0,0.0,0.0,,0.0,0.0,0.0,60.0,,,,,,,,,,,,,,,,,,,,,,,,,,
2019-09-29,27.34,0.0,0.0,27.34,0.0,0.0,0.0,0.0,0.0,0.0,0.0,0.0,0.0,0.0,132.0,0.0,,,0.0,0.0,0.0,0.0,0.0,0.0,0.0,0.0,0.0,0.0,6610.0,132.0,0.0,,,0.0,0.0,0.0,0.0,0.0,0.0,0.0,0.0,0.0,0.0,6355.0,12965,211.0,0.0,0.0,0.0,0.0,,0.0,0.0,0.0,203.0,0.0,0.0,0.0,0.0,0.0,0.0,0.0,0.0,0.0,169.0,0.0,0.0,0.0,0.0,0.0,0.0,0.0,0.0,0.0,279.0,0.0,0.0,0.0,,0.0,0.0,0.0,60.0,,,,,,,,,,,,,,,,,,,,,,,,,,
2019-09-30,184.72,133.04,22.41,340.17,7.64,4.39,2.59,5.53,128980.0,4207.0,786.0,1880.0,5.22,3.73,132.0,38.9,,,7.9,25932.0,4270.0,543.0,3469.0,2.38,1.2,2464.0,16518.0,72.5,6471.0,132.0,39.3,,,7.88,21986.0,4509.0,575.0,3729.0,2.39,1.28,2372.0,16218.0,72.2,6199.0,12670,301.0,8.1,5300.0,8.05,12560.0,3070.0,3141.0,323.0,2948.0,153.0,7.88,121.0,13820.0,41.0,5.18,4.5,0.14,6.8,41.4,196.0,7.89,121.0,15740.0,39.0,5.71,4.6,0.11,6.9,43.7,277.0,8.02,880.0,76.0,,120.0,37.0,6.5,60.0,,,,,,,,,,,,,,,,,,,,,,,,,,
2019-10-01,184.38,97.87,23.85,306.1,7.84,5.23,3.25,5.7,124545.0,0.0,0.0,0.0,5.11,3.71,105.0,38.7,,,8.1,19139.0,0.0,0.0,0.16,2.71,1.42,2582.0,16424.0,72.7,5207.0,104.0,39.3,,,8.06,17404.0,0.0,0.0,0.14,2.61,1.23,2352.0,16382.0,72.4,4882.0,10089,363.0,8.12,6900.0,8.07,10680.0,4766.0,3751.0,0.0,0.0,152.0,8.05,0.0,13480.0,87.0,5.21,4.8,0.0,0.0,41.4,183.0,7.92,0.0,15380.0,76.0,5.5,4.6,0.0,0.0,42.9,276.0,8.1,1140.0,0.0,,127.0,81.0,8.2,45.0,,,,,,,,,,,,,,,,,,,,,,,,,,
2019-10-02,180.6,18.9,15.49,214.99,7.75,3.37,2.14,5.77,112096.0,0.0,0.0,0.0,4.62,3.41,132.0,39.3,,,8.03,18529.0,0.0,0.0,0.0,2.27,1.1,2497.0,17058.0,73.0,5717.0,132.0,39.5,,,8.0,18027.0,0.0,0.0,0.0,2.29,1.16,2469.0,17248.0,72.9,5516.0,11233,358.0,8.36,6860.0,8.1,10380.0,6643.0,3672.0,0.0,0.0,186.0,7.98,0.0,15280.0,41.0,4.98,4.2,0.0,0.0,41.4,184.0,7.99,0.0,16360.0,40.0,5.0,4.8,0.0,0.0,42.4,277.0,8.23,1120.0,0.0,,123.0,37.0,7.9,60.0,,,,,,,,,,,,,,,,,,,,,,,,,,
2019-10-03,183.01,136.64,15.56,335.21,8.16,2.96,1.55,5.86,113906.0,0.0,0.0,0.0,4.85,3.38,132.0,39.1,,,8.02,22286.0,0.0,0.0,0.0,2.15,0.89,2436.0,16921.0,72.6,5870.0,132.0,39.4,,,8.0,18866.0,0.0,0.0,0.0,2.46,1.05,2394.0,17023.0,72.5,5712.0,11582,363.0,8.33,6820.0,8.04,10480.0,5030.0,3244.0,0.0,0.0,153.0,8.03,0.0,15400.0,36.0,4.8,4.6,0.0,0.0,41.4,183.0,7.85,0.0,16340.0,40.0,4.9,5.1,0.0,0.0,41.9,285.0,8.13,960.0,0.0,,123.0,39.0,7.2,66.0,,,,,,,,,,,,,,,,,,,,,,,,,,
2019-10-04,205.21,41.44,17.53,264.18,7.55,5.06,3.06,5.92,107433.0,0.0,0.0,0.0,4.84,3.0,132.0,39.0,,,8.0,20020.0,0.0,0.0,0.0,2.33,0.88,2523.0,16982.0,73.6,5808.0,132.0,39.3,,,7.99,19082.0,0.0,0.0,0.0,2.32,1.14,2369.0,17154.0,73.3,5533.0,11341,363.0,8.17,3420.0,8.16,9280.0,5026.0,3023.0,0.0,0.0,187.0,7.94,0.0,15560.0,63.0,5.12,4.8,0.0,0.0,41.4,183.0,7.94,0.0,15920.0,72.0,5.26,4.9,0.0,0.0,41.3,288.0,8.08,680.0,0.0,,102.0,88.0,6.2,72.0,,,,,,,,,,,,,,,,,,,,,,,,,,
2019-10-05,208.65,37.21,20.42,266.28000000000003,0.0,0.0,0.0,0.0,0.0,0.0,0.0,0.0,0.0,0.0,132.0,0.0,,,0.0,0.0,0.0,0.0,0.0,0.0,0.0,0.0,0.0,0.0,5711.0,132.0,0.0,,,0.0,0.0,0.0,0.0,0.0,0.0,0.0,0.0,0.0,0.0,5600.0,11311,363.0,0.0,0.0,0.0,0.0,,0.0,0.0,0.0,159.0,0.0,0.0,0.0,0.0,0.0,0.0,0.0,0.0,0.0,183.0,0.0,0.0,0.0,0.0,0.0,0.0,0.0,0.0,0.0,284.0,0.0,0.0,0.0,,0.0,0.0,0.0,72.0,,,,,,,,,,,,,,,,,,,,,,,,,,
2019-10-06,0.0,0.0,0.0,0.0,0.0,0.0,0.0,0.0,0.0,0.0,0.0,0.0,0.0,0.0,132.0,0.0,,,0.0,0.0,0.0,0.0,0.0,0.0,0.0,0.0,0.0,0.0,5832.0,132.0,0.0,,,0.0,0.0,0.0,0.0,0.0,0.0,0.0,0.0,0.0,0.0,5566.0,11398,363.0,0.0,0.0,0.0,0.0,,0.0,0.0,0.0,188.0,0.0,0.0,0.0,0.0,0.0,0.0,0.0,0.0,0.0,184.0,0.0,0.0,0.0,0.0,0.0,0.0,0.0,0.0,0.0,277.0,0.0,0.0,0.0,,0.0,0.0,0.0,72.0,,,,,,,,,,,,,,,,,,,,,,,,,,
2019-10-07,185.56,78.01,21.75,285.32,7.94,2.75,1.25,5.89,108573.0,4687.0,588.0,2148.0,4.83,3.15,132.0,38.8,,,8.03,18844.0,4345.0,469.0,3576.0,2.07,0.96,2421.0,17242.0,73.1,5854.0,132.0,39.5,,,8.01,18704.0,4687.0,588.0,3809.0,2.02,1.01,2388.0,16983.0,72.9,5631.0,11485,363.0,8.1,3280.0,8.01,5240.0,4651.0,2988.0,197.0,2652.0,197.0,7.89,10.0,17300.0,36.0,4.97,5.1,0.15,6.4,41.5,166.0,7.86,104.0,14560.0,46.0,12.61,4.2,0.1,6.8,40.2,71.0,8.03,3400.0,82.0,,101.0,138.0,56.9,72.0,,,,,,,,,,,,,,,,,,,,,,,,,,
2019-10-08,216.31,136.55,16.5,369.36,7.88,4.17,2.37,5.9,119243.0,0.0,0.0,0.0,5.05,3.65,132.0,39.1,,,8.02,20136.0,0.0,0.0,0.0,2.41,0.98,2532.0,17136.0,72.9,5647.0,132.0,39.3,,,8.09,19543.0,0.0,0.0,0.0,2.86,1.26,2392.0,16979.0,72.6,5401.0,11048,358.0,8.18,7920.0,7.95,5280.0,6272.0,3855.0,0.0,0.0,206.0,8.05,0.0,15360.0,64.0,5.12,4.0,0.0,0.0,41.5,200.0,7.84,0.0,14620.0,92.0,32.5,4.6,0.0,0.0,40.0,291.0,8.01,1060.0,0.0,,134.0,128.0,11.8,72.0,,,,,,,,,,,,,,,,,,,,,,,,,,
2019-10-09,151.26,84.68,17.33,253.26999999999998,7.71,5.04,3.05,5.94,123551.0,0.0,0.0,0.0,5.56,3.96,132.0,39.1,,,8.03,19542.0,0.0,0.0,0.0,2.33,0.85,2418.0,17236.0,73.1,5556.0,132.0,39.3,,,8.01,18254.0,0.0,0.0,0.0,2.45,0.96,2534.0,17323.0,72.7,5256.0,10812,362.0,8.21,5240.0,7.98,9040.0,4223.0,2932.0,0.0,0.0,157.0,7.9,0.0,16280.0,155.0,5.92,5.2,69.2,0.0,41.4,199.0,7.81,0.0,16520.0,79.0,9.81,4.5,0.21,0.0,39.6,288.0,8.11,1160.0,0.0,,126.0,77.0,7.5,72.0,,,,,,,,,,,,,,,,,,,,,,,,,,
2019-10-10,207.06,98.85,17.88,323.78999999999996,7.91,1.87,0.99,5.91,121362.0,0.0,0.0,0.0,5.37,3.58,132.0,39.2,,,8.14,21532.0,0.0,0.0,0.0,2.87,1.26,2463.0,17352.0,72.8,5527.0,132.0,39.5,,,8.11,19423.0,0.0,0.0,0.0,2.66,1.06,2469.0,17136.0,72.5,5373.0,10900,362.0,8.15,3580.0,8.01,3580.0,4066.0,3293.0,0.0,0.0,203.0,7.84,0.0,15560.0,37.0,4.92,5.2,0.0,0.0,41.4,200.0,7.86,0.0,14160.0,40.0,5.1,4.6,0.0,0.0,39.6,286.0,8.12,1100.0,0.0,,128.0,70.0,7.1,72.0,,,,,,,,,,,,,,,,,,,,,,,,,,
2019-10-11,177.4,19.07,17.17,213.64,7.7,4.67,2.69,5.91,116232.0,0.0,0.0,0.0,4.97,3.47,132.0,39.2,,,8.03,20527.0,0.0,0.0,0.0,2.88,1.04,2405.0,17153.0,72.6,5679.0,132.0,39.5,,,8.04,19794.0,0.0,0.0,0.0,2.44,0.86,2499.0,17465.0,72.4,5373.0,11052,362.0,8.25,5420.0,8.07,10440.0,4845.0,3436.0,0.0,0.0,149.0,7.91,0.0,16000.0,26.0,4.7,4.5,0.0,0.0,41.5,196.0,7.98,0.0,14720.0,42.0,5.44,5.7,0.0,0.0,40.1,273.0,8.14,1040.0,0.0,,122.0,50.0,9.7,72.0,,,,,,,,,,,,,,,,,,,,,,,,,,
2019-10-12,205.74,41.58,19.0,266.32,0.0,0.0,0.0,0.0,0.0,0.0,0.0,0.0,0.0,0.0,132.0,0.0,,,0.0,0.0,0.0,0.0,0.0,0.0,0.0,0.0,0.0,0.0,5869.0,132.0,0.0,,,0.0,0.0,0.0,0.0,0.0,0.0,0.0,0.0,0.0,0.0,5712.0,11581,360.0,0.0,0.0,0.0,0.0,,0.0,0.0,0.0,185.0,0.0,0.0,0.0,0.0,0.0,0.0,0.0,0.0,0.0,198.0,0.0,0.0,0.0,0.0,0.0,0.0,0.0,0.0,0.0,278.0,0.0,0.0,0.0,,0.0,0.0,0.0,72.0,,,,,,,,,,,,,,,,,,,,,,,,,,
2019-10-13,25.94,47.59,0.0,73.53,0.0,0.0,0.0,0.0,0.0,0.0,0.0,0.0,0.0,0.0,132.0,0.0,,,0.0,0.0,0.0,0.0,0.0,0.0,0.0,0.0,0.0,0.0,6721.0,132.0,0.0,,,0.0,0.0,0.0,0.0,0.0,0.0,0.0,0.0,0.0,0.0,6579.0,13300,363.0,0.0,0.0,0.0,0.0,,0.0,0.0,0.0,186.0,0.0,0.0,0.0,0.0,0.0,0.0,0.0,0.0,0.0,197.0,0.0,0.0,0.0,0.0,0.0,0.0,0.0,0.0,0.0,281.0,0.0,0.0,0.0,,0.0,0.0,0.0,72.0,,,,,,,,,,,,,,,,,,,,,,,,,,
2019-10-14,203.37,131.34,21.0,355.71000000000004,8.0,1.26,0.78,5.53,151990.0,4297.0,912.0,1688.0,6.47,4.86,128.0,39.2,,,8.06,24052.0,4576.0,947.0,3816.0,2.87,1.65,2578.0,16668.0,70.4,6977.0,127.0,39.5,,,8.03,19244.0,4566.0,567.0,3795.0,2.4,1.07,2395.0,16548.0,71.4,6855.0,13832,363.0,7.9,4300.0,7.93,6720.0,4206.0,3329.0,253.0,2962.0,150.0,8.03,127.0,15560.0,33.0,6.03,3.9,0.12,8.6,41.4,194.0,7.83,127.0,16180.0,42.0,5.42,4.1,0.16,8.2,40.3,282.0,8.08,760.0,81.0,,127.0,42.0,7.9,72.0,,,,,,,,,,,,,,,,,,,,,,,,,,
2019-10-15,178.86,82.07,16.41,277.34000000000003,7.66,1.8,1.24,5.51,122264.0,0.0,0.0,0.0,5.98,5.41,126.0,38.4,,,7.98,21660.0,0.0,0.0,0.0,2.54,1.38,2621.0,16755.0,71.0,6630.0,126.0,39.4,,,7.98,25190.0,0.0,0.0,0.0,2.47,1.34,2425.0,16436.0,71.4,6251.0,12881,359.0,7.86,3150.0,7.91,7600.0,2517.0,3384.0,0.0,0.0,195.0,7.95,0.0,14840.0,106.0,3.84,12.2,3.73,0.0,41.5,197.0,7.86,0.0,16360.0,99.0,4.14,10.0,2.48,0.0,39.8,314.0,8.04,940.0,0.0,,107.0,91.0,7.2,72.0,,,,,,,,,,,,,,,,,,,,,,,,,,
2019-10-16,182.14,36.15,18.43,236.72,7.77,1.85,1.27,5.26,142304.0,0.0,0.0,0.0,6.26,4.87,126.0,38.3,,,8.11,19205.0,0.0,0.0,0.0,2.72,1.13,2550.0,16858.0,71.8,6790.0,126.0,39.6,,,8.12,18941.0,0.0,0.0,0.0,2.39,1.16,2610.0,17048.0,70.9,6393.0,13183,342.0,7.97,6140.0,7.99,6740.0,3545.0,3385.0,0.0,0.0,159.0,8.02,0.0,14720.0,34.0,4.62,4.7,0.0,0.0,41.4,204.0,7.87,0.0,16700.0,27.0,5.3,4.2,0.0,0.0,39.4,318.0,8.14,840.0,0.0,,118.0,35.0,6.8,72.0,,,,,,,,,,,,,,,,,,,,,,,,,,
2019-10-17,201.92,89.25,17.89,309.05999999999995,7.98,2.21,1.45,4.94,158464.0,0.0,0.0,0.0,7.0,5.54,117.0,38.4,,,8.04,22746.0,0.0,0.0,0.0,2.13,1.23,2689.0,16563.0,70.4,6804.0,116.0,39.5,,,8.05,11850.0,0.0,0.0,0.0,2.48,1.2,2673.0,16893.0,70.3,6425.0,13229,362.0,7.95,3240.0,7.94,8520.0,4418.0,3572.0,0.0,0.0,202.0,8.0,0.0,13580.0,29.0,4.56,4.8,0.0,0.0,41.4,206.0,7.81,0.0,17540.0,37.0,4.86,4.6,0.0,0.0,39.2,323.0,8.09,1040.0,0.0,,117.0,47.0,10.6,70.0,,,,,,,,,,,,,,,,,,,,,,,,,,
2019-10-18,180.89,89.04,16.36,286.29,7.93,2.04,1.27,4.46,163353.0,0.0,0.0,0.0,7.59,6.04,125.0,38.3,,,8.06,18161.0,0.0,0.0,0.0,3.0,1.34,1854.0,18098.0,68.2,7143.0,124.0,39.0,,,8.07,20865.0,0.0,0.0,0.0,2.45,1.15,1985.0,17548.0,68.5,6772.0,13915,363.0,8.41,2540.0,8.1,10300.0,4598.0,3699.0,0.0,0.0,173.0,7.95,0.0,14200.0,44.0,4.19,4.2,0.0,0.0,,161.0,,0.0,,,,,0.0,0.0,,335.0,8.1,1080.0,0.0,,122.0,49.0,10.9,48.0,,,,,,,,,,,,,,,,,,,,,,,,,,
2019-10-19,173.23,99.84,18.05,291.12,0.0,0.0,0.0,0.0,0.0,0.0,0.0,0.0,0.0,0.0,115.0,0.0,,,0.0,0.0,0.0,0.0,0.0,0.0,0.0,0.0,0.0,0.0,6967.0,115.0,0.0,,,0.0,0.0,0.0,0.0,0.0,0.0,0.0,0.0,0.0,0.0,6551.0,13518,319.0,0.0,0.0,0.0,0.0,,0.0,0.0,0.0,203.0,0.0,0.0,0.0,0.0,0.0,0.0,0.0,0.0,0.0,167.0,0.0,0.0,0.0,0.0,0.0,0.0,0.0,0.0,0.0,350.0,0.0,0.0,0.0,,0.0,0.0,0.0,72.0,,,,,,,,,,,,,,,,,,,,,,,,,,
2019-10-20,0.0,0.0,0.0,0.0,0.0,0.0,0.0,0.0,0.0,0.0,0.0,0.0,0.0,0.0,120.0,0.0,,,0.0,0.0,0.0,0.0,0.0,0.0,0.0,0.0,0.0,0.0,7065.0,120.0,0.0,,,0.0,0.0,0.0,0.0,0.0,0.0,0.0,0.0,0.0,0.0,6737.0,13802,364.0,0.0,0.0,0.0,0.0,,0.0,0.0,0.0,205.0,0.0,0.0,0.0,0.0,0.0,0.0,0.0,0.0,0.0,206.0,0.0,0.0,0.0,0.0,0.0,0.0,0.0,0.0,0.0,350.0,0.0,0.0,0.0,,0.0,0.0,0.0,72.0,,,,,,,,,,,,,,,,,,,,,,,,,,
2019-10-21,154.45,78.34,20.16,252.95,7.66,3.07,1.46,4.24,136711.0,4132.0,855.0,1631.0,7.69,5.72,118.0,39.3,,,7.94,18756.0,4451.0,517.0,3573.0,2.45,0.77,2864.0,16578.0,67.8,6957.0,118.0,39.4,,,7.94,19872.0,4631.0,663.0,3681.0,2.45,0.86,3052.0,16568.0,67.9,6593.0,13550,363.0,7.69,2680.0,7.85,17740.0,8117.0,3593.0,560.0,2779.0,156.0,7.88,145.0,13840.0,41.0,3.7,5.1,0.14,7.9,,168.0,7.76,144.0,18100.0,46.0,4.63,4.8,0.11,7.2,40.1,341.0,7.98,560.0,82.0,,143.0,46.0,7.2,71.0,,,,,,,,,,,,,,,,,,,,,,,,,,
2019-10-22,205.01,88.05,16.7,309.76,7.82,1.82,1.06,4.03,127077.0,0.0,0.0,0.0,7.79,6.16,120.0,38.9,,,7.92,27330.0,0.0,0.0,0.0,2.37,0.9,2952.0,16348.0,67.8,6632.0,120.0,39.3,,,7.92,25793.0,0.0,0.0,0.0,2.28,0.87,2957.0,16443.0,67.4,6317.0,12949,359.0,7.86,5080.0,7.9,10880.0,6855.0,3436.0,0.0,0.0,203.0,7.85,0.0,13480.0,45.0,4.8,4.3,0.0,0.0,,178.0,7.8,0.0,19480.0,41.0,5.13,5.0,0.0,0.0,40.1,259.0,7.95,720.0,0.0,,134.0,54.0,8.2,72.0,,,,,,,,,,,,,,,,,,,,,,,,,,
2019-10-23,180.35,89.07,17.76,287.17999999999995,7.79,1.83,1.17,4.03,136127.0,0.0,0.0,0.0,7.73,6.32,111.0,3.4,,,7.9,20442.0,0.0,0.0,0.0,2.64,1.29,2916.0,16285.0,66.7,6311.0,110.0,39.1,,,7.9,21066.0,0.0,0.0,0.0,2.56,1.34,3198.0,16243.0,67.2,5880.0,12191,332.0,7.82,4400.0,7.86,10140.0,4329.0,3321.0,0.0,0.0,159.0,7.76,0.0,14360.0,82.0,4.48,7.6,0.0,0.0,,209.0,7.84,0.0,21180.0,94.0,5.11,5.4,0.0,0.0,40.4,227.0,7.84,720.0,0.0,,126.7,67.0,8.4,70.0,,,,,,,,,,,,,,,,,,,,,,,,,,
2019-10-24,176.82,82.48,17.38,276.68,7.87,1.72,0.97,4.02,134049.0,0.0,0.0,0.0,7.68,5.85,108.0,39.3,,,7.96,15993.0,0.0,0.0,0.0,2.45,0.86,2826.0,16424.0,66.5,5890.0,108.0,0.0,,,0.0,0.0,0.0,0.0,0.0,0.0,0.0,0.0,0.0,67.1,5601.0,11491,343.0,7.98,3180.0,7.89,10700.0,4874.0,3439.0,0.0,0.0,161.0,7.78,0.0,14380.0,37.0,5.2,4.6,0.0,0.0,,208.0,7.88,0.0,20560.0,39.0,4.86,4.2,0.0,0.0,40.5,165.0,7.9,980.0,0.0,,112.5,61.0,9.1,72.0,,,,,,,,,,,,,,,,,,,,,,,,,,
2019-10-25,204.44,79.16,17.69,301.29,7.98,2.05,1.24,4.08,138460.0,0.0,0.0,0.0,7.6,5.94,108.0,39.3,,,7.94,17354.0,0.0,0.0,0.0,2.54,1.08,2943.0,16328.0,65.2,5786.0,108.0,39.1,,,7.92,20254.0,0.0,0.0,0.0,2.46,0.95,2894.0,16347.0,65.6,5542.0,11328,319.0,7.92,3420.0,7.93,9880.0,5221.0,3544.0,0.0,0.0,198.0,7.73,0.0,13950.0,42.0,4.5,5.3,0.0,0.0,,202.0,7.91,0.0,19840.0,33.0,4.22,5.2,0.0,0.0,41.2,350.0,7.94,760.0,0.0,,124.3,50.0,7.6,72.0,,,,,,,,,,,,,,,,,,,,,,,,,,
2019-10-26,173.58,89.82,18.74,282.14,0.0,0.0,0.0,0.0,0.0,0.0,0.0,0.0,0.0,0.0,108.0,0.0,,,0.0,0.0,0.0,0.0,0.0,0.0,0.0,0.0,0.0,0.0,5713.0,108.0,0.0,,,0.0,0.0,0.0,0.0,0.0,0.0,0.0,0.0,0.0,0.0,5488.0,11201,283.0,0.0,0.0,0.0,0.0,,0.0,0.0,0.0,156.0,0.0,0.0,0.0,0.0,0.0,0.0,0.0,0.0,0.0,199.0,0.0,0.0,0.0,0.0,0.0,0.0,0.0,0.0,0.0,286.0,0.0,0.0,0.0,,0.0,0.0,0.0,72.0,,,,,,,,,,,,,,,,,,,,,,,,,,
2019-10-27,0.0,0.0,0.0,0.0,0.0,0.0,0.0,0.0,0.0,0.0,0.0,0.0,0.0,0.0,108.0,0.0,,,0.0,0.0,0.0,0.0,0.0,0.0,0.0,0.0,0.0,0.0,5752.0,108.0,0.0,,,0.0,0.0,0.0,0.0,0.0,0.0,0.0,0.0,0.0,0.0,5537.0,11289,414.0,0.0,0.0,0.0,0.0,,0.0,0.0,0.0,166.0,0.0,0.0,0.0,0.0,0.0,0.0,0.0,0.0,0.0,153.0,0.0,0.0,0.0,0.0,0.0,0.0,0.0,0.0,0.0,280.0,0.0,0.0,0.0,,0.0,0.0,0.0,72.0,,,,,,,,,,,,,,,,,,,,,,,,,,
2019-10-28,154.36,88.91,19.12,262.39,7.9,1.43,0.67,4.07,131229.0,4646.0,882.0,1608.0,7.39,5.69,108.0,38.9,,,7.92,17714.0,4527.0,624.0,3384.0,2.46,0.9,2643.0,16288.0,67.8,5753.0,108.0,38.8,,,7.91,17089.0,4248.0,605.0,3379.0,2.47,1.06,2816.0,16112.0,67.6,5511.0,11264,316.0,8.0,3480.0,8.0,6400.0,3998.0,2955.0,246.0,2454.0,194.0,7.82,129.0,18760.0,29.0,6.68,4.3,0.11,7.1,,192.0,7.8,142.0,21940.0,42.0,5.21,5.3,0.31,9.4,41.0,323.0,7.9,880.0,95.0,,136.2,45.0,8.7,72.0,,,,,,,,,,,,,,,,,,,,,,,,,,
2019-10-29,202.6,98.7,16.42,317.72,7.95,2.01,1.26,4.02,130542.0,0.0,0.0,0.0,7.32,5.61,108.0,38.7,,,7.91,16542.0,0.0,0.0,0.0,2.38,0.92,2595.0,16496.0,67.1,5555.0,108.0,38.6,,,7.92,18542.0,0.0,0.0,0.0,2.35,0.95,2733.0,16242.0,66.9,5306.0,10861,315.0,7.98,3120.0,7.97,5840.0,4205.0,3227.0,0.0,0.0,194.0,7.76,0.0,19280.0,32.0,5.1,4.1,0.0,0.0,,192.0,7.76,0.0,21220.0,54.0,4.66,5.2,0.0,0.0,41.0,323.0,7.92,660.0,0.0,,141.2,41.0,5.2,72.0,,,,,,,,,,,,,,,,,,,,,,,,,,
2019-10-30,178.97,60.85,17.3,257.12,7.86,1.72,0.97,4.13,129851.0,0.0,0.0,0.0,7.22,5.69,108.0,38.9,,,7.97,18892.0,0.0,0.0,0.0,2.36,1.09,2563.0,16428.0,67.6,5687.0,108.0,39.0,,,8.0,15955.0,0.0,0.0,0.0,2.27,0.96,2757.0,16444.0,67.4,5440.0,11127,320.0,8.08,3880.0,8.1,5260.0,4825.0,3426.0,0.0,0.0,194.0,7.8,0.0,18840.0,46.0,5.2,4.3,0.0,0.0,,149.0,0.0,0.0,0.0,0.0,0.0,0.0,0.0,0.0,0.0,283.0,8.02,720.0,0.0,,128.4,50.0,8.2,72.0,,,,,,,,,,,,,,,,,,,,,,,,,,
2019-10-31,178.8,89.92,14.9,283.62,7.98,1.6,1.01,4.17,146575.0,0.0,0.0,0.0,7.66,5.84,108.0,38.9,,,8.03,20044.0,0.0,0.0,0.0,2.39,0.91,2489.0,16541.0,67.4,5896.0,108.0,38.9,,,8.0,19437.0,0.0,0.0,0.0,2.45,1.02,2643.0,16389.0,67.5,5658.0,11554,316.0,8.0,5660.0,7.98,5880.0,4685.0,3354.0,0.0,0.0,169.0,7.85,0.0,17720.0,52.0,4.6,5.4,0.0,0.0,,192.0,7.86,0.0,20080.0,45.0,5.05,5.1,0.0,0.0,40.5,258.0,7.98,820.0,0.0,,132.4,49.0,6.9,72.0,,,,,,,,,,,,,,,,,,,,,,,,,,
2019-11-01,174.83,128.98,17.28,321.09000000000003,7.94,1.63,0.77,4.12,132709.0,0.0,0.0,0.0,7.77,5.89,108.0,38.7,,,8.03,20168.0,0.0,0.0,0.0,2.27,0.8,2496.0,16487.0,67.3,5996.0,108.0,38.7,,,8.0,22674.0,0.0,0.0,0.0,2.36,0.77,2595.0,16284.0,67.5,5812.0,11808,363.0,8.08,6240.0,8.02,6380.0,5206.0,3584.0,0.0,0.0,175.0,7.89,0.0,17340.0,47.0,5.21,4.3,0.0,0.0,36.5,151.0,7.81,0.0,19880.0,50.0,4.86,5.0,0.0,0.0,40.5,239.0,8.05,620.0,0.0,,136.5,51.0,4.8,72.0,,,,,,,,,,,,,,,,,,,,,,,,,,
2019-11-02,204.91,56.0,18.48,279.39,0.0,0.0,0.0,0.0,0.0,0.0,0.0,0.0,0.0,0.0,108.0,0.0,,,0.0,0.0,0.0,0.0,0.0,0.0,0.0,0.0,0.0,0.0,5744.0,108.0,0.0,,,0.0,0.0,0.0,0.0,0.0,0.0,0.0,0.0,0.0,0.0,5651.0,11395,326.0,0.0,0.0,0.0,0.0,,0.0,0.0,0.0,194.0,0.0,0.0,0.0,0.0,0.0,0.0,0.0,0.0,0.0,191.0,0.0,0.0,0.0,0.0,0.0,0.0,0.0,0.0,0.0,351.0,0.0,0.0,0.0,,0.0,0.0,0.0,72.0,,,,,,,,,,,,,,,,,,,,,,,,,,
2019-11-03,0.0,0.0,0.0,0.0,0.0,0.0,0.0,0.0,0.0,0.0,0.0,0.0,0.0,0.0,108.0,0.0,,,0.0,0.0,0.0,0.0,0.0,0.0,0.0,0.0,0.0,0.0,5749.0,108.0,0.0,,,0.0,0.0,0.0,0.0,0.0,0.0,0.0,0.0,0.0,0.0,5639.0,11388,304.0,0.0,0.0,0.0,0.0,,0.0,0.0,0.0,152.0,0.0,0.0,0.0,0.0,0.0,0.0,0.0,0.0,0.0,154.0,0.0,0.0,0.0,0.0,0.0,0.0,0.0,0.0,0.0,283.0,0.0,0.0,0.0,,0.0,0.0,0.0,72.0,,,,,,,,,,,,,,,,,,,,,,,,,,
2019-11-04,178.28,79.27,15.67,273.22,7.59,4.49,3.14,4.12,0.0,0.0,0.0,0.0,7.39,8.53,109.0,38.9,,,8.21,0.0,0.0,0.0,0.0,2.52,1.08,0.0,0.0,66.6,6045.0,109.0,39.0,,,8.19,0.0,0.0,0.0,0.0,2.46,1.15,0.0,0.0,66.8,5800.0,11845,246.0,8.23,4260.0,8.27,5280.0,,0.0,0.0,0.0,153.0,8.11,0.0,14760.0,0.0,0.0,0.0,0.0,0.0,,191.0,,0.0,,0.0,0.0,0.0,0.0,0.0,,279.0,8.28,740.0,0.0,,0.0,0.0,0.0,72.0,,,,,,,,,,,,,,,,,,,,,,,,,,
2019-11-05,204.25,88.51,16.38,309.14,7.82,2.33,1.37,4.19,0.0,0.0,0.0,0.0,7.34,5.8,112.0,39.0,,,8.17,0.0,0.0,0.0,0.0,2.7,1.23,0.0,0.0,67.3,6217.0,112.0,39.0,,,8.14,0.0,0.0,0.0,0.0,2.44,1.05,0.0,0.0,67.2,5980.0,12197,363.0,8.3,2200.0,8.33,4960.0,,0.0,0.0,0.0,194.0,8.22,0.0,14900.0,0.0,0.0,0.0,0.0,0.0,0.0,163.0,8.16,0.0,23680.0,0.0,0.0,0.0,0.0,0.0,40.5,201.0,8.38,1140.0,0.0,,0.0,0.0,0.0,72.0,,,,,,,,,,,,,,,,,,,,,,,,,,
2019-11-06,150.88,176.81,17.19,344.88,8.03,2.06,1.29,4.23,0.0,0.0,0.0,0.0,7.52,6.04,112.0,39.1,,,8.04,0.0,0.0,0.0,0.0,2.44,1.03,0.0,0.0,67.0,6475.0,112.0,39.1,,,8.04,0.0,0.0,0.0,0.0,2.51,1.17,0.0,0.0,66.9,6198.0,12673,432.0,8.35,1580.0,8.36,4120.0,,0.0,0.0,0.0,157.0,8.03,0.0,14767.0,0.0,0.0,0.0,0.0,0.0,0.0,192.0,8.1,0.0,24433.0,0.0,0.0,0.0,0.0,0.0,0.0,252.0,8.29,780.0,0.0,,0.0,0.0,0.0,72.0,,,,,,,,,,,,,,,,,,,,,,,,,,
2019-11-07,148.24,77.55,18.87,244.66000000000003,7.8,3.51,2.31,4.23,0.0,0.0,0.0,0.0,7.61,6.07,112.0,38.8,,,7.99,0.0,0.0,0.0,0.0,2.58,1.07,0.0,0.0,67.9,6361.0,112.0,38.7,,,7.98,0.0,0.0,0.0,0.0,2.44,0.95,0.0,0.0,67.7,6032.0,12393,387.0,8.31,14860.0,8.4,4500.0,,0.0,0.0,0.0,194.0,8.21,0.0,15960.0,0.0,0.0,0.0,0.0,0.0,0.0,192.0,8.1,0.0,25620.0,0.0,0.0,0.0,0.0,0.0,0.0,157.0,8.15,760.0,0.0,,0.0,0.0,0.0,72.0,,,,,,,,,,,,,,,,,,,,,,,,,,
2019-11-08,209.16,82.1,16.98,308.24,7.95,1.7,0.88,4.29,146289.0,0.0,0.0,0.0,7.31,6.23,112.0,38.9,,,8.1,26488.0,0.0,0.0,0.0,2.47,1.49,2634.0,16951.0,67.7,6237.0,112.0,38.9,,,8.12,19298.0,0.0,0.0,0.0,2.45,1.43,2604.0,17242.0,67.4,5959.0,12196,334.0,8.11,3500.0,8.1,4480.0,2682.0,2451.0,0.0,0.0,194.0,7.88,0.0,13340.0,55.0,5.49,4.2,0.0,0.0,,191.0,7.8,0.0,19060.0,65.0,6.04,4.9,0.0,0.0,40.7,284.0,8.01,960.0,0.0,,141.1,58.0,8.9,72.0,,,,,,,,,,,,,,,,,,,,,,,,,,
2019-11-09,153.24,88.24,17.1,258.58000000000004,0.0,0.0,0.0,0.0,0.0,0.0,0.0,0.0,0.0,0.0,112.0,0.0,,,0.0,0.0,0.0,0.0,0.0,0.0,0.0,0.0,0.0,0.0,6181.0,112.0,0.0,,,0.0,0.0,0.0,0.0,0.0,0.0,0.0,0.0,0.0,0.0,5900.0,12081,362.0,0.0,0.0,0.0,0.0,,0.0,0.0,0.0,195.0,0.0,0.0,0.0,0.0,0.0,0.0,0.0,0.0,0.0,191.0,0.0,0.0,0.0,0.0,0.0,0.0,0.0,0.0,0.0,276.0,0.0,0.0,0.0,,0.0,0.0,0.0,72.0,,,,,,,,,,,,,,,,,,,,,,,,,,
2019-11-10,0.0,0.0,0.0,0.0,0.0,0.0,0.0,0.0,0.0,0.0,0.0,0.0,0.0,0.0,118.0,0.0,,,0.0,0.0,0.0,0.0,0.0,0.0,0.0,0.0,0.0,0.0,6435.0,118.0,0.0,,,0.0,0.0,0.0,0.0,0.0,0.0,0.0,0.0,0.0,0.0,6223.0,12658,385.0,0.0,0.0,0.0,0.0,,0.0,0.0,0.0,194.0,0.0,0.0,0.0,0.0,0.0,0.0,0.0,0.0,0.0,192.0,0.0,0.0,0.0,0.0,0.0,0.0,0.0,0.0,0.0,277.0,0.0,0.0,0.0,,0.0,0.0,0.0,72.0,,,,,,,,,,,,,,,,,,,,,,,,,,
2019-11-11,156.7,0.0,15.82,172.51999999999998,7.74,4.89,2.97,4.18,142108.0,4534.0,934.0,1552.0,7.53,5.64,120.0,38.7,,,8.1,19597.0,4644.0,603.0,3166.0,2.69,1.01,2842.0,17245.0,67.4,7287.0,120.0,38.8,,,8.06,19537.0,5113.0,473.0,3651.0,2.29,0.97,2543.0,17190.0,67.2,7012.0,14299,360.0,8.09,4080.0,8.08,5840.0,2699.0,2452.0,207.0,1885.0,194.0,7.94,134.0,11520.0,33.0,5.49,4.4,0.16,6.7,,192.0,7.85,133.0,19800.0,38.0,5.81,5.2,0.1,6.4,40.7,294.0,8.12,1040.0,0.0,,132.3,89.0,11.2,69.0,,,,,,,,,,,,,,,,,,,,,,,,,,
2019-11-12,149.02,0.0,15.35,164.37,7.8,4.33,2.76,4.34,157229.0,0.0,0.0,0.0,6.99,5.27,108.0,38.9,,,8.11,24551.0,0.0,0.0,0.0,2.04,0.79,2736.0,17158.0,68.0,6532.0,108.0,38.9,,,8.18,20440.0,0.0,0.0,0.0,2.09,0.87,2588.0,16984.0,67.9,6263.0,12795,363.0,8.12,4100.0,8.12,5580.0,2655.0,2421.0,0.0,0.0,195.0,7.98,0.0,12380.0,38.0,5.1,5.1,0.0,0.0,,192.0,7.9,0.0,19920.0,42.0,4.92,5.1,0.0,0.0,41.0,332.0,8.15,760.0,0.0,,138.5,54.0,5.3,72.0,,,,,,,,,,,,,,,,,,,,,,,,,,
2019-11-13,175.66,100.53,14.74,290.93,7.96,3.54,1.67,4.28,149855.0,0.0,0.0,0.0,6.85,5.1,108.0,38.7,,,8.14,23541.0,0.0,0.0,0.0,2.24,0.95,2845.0,17320.0,68.2,6830.0,108.0,38.7,,,8.17,21554.0,0.0,0.0,0.0,2.13,0.94,2654.0,17110.0,68.0,6547.0,13377,354.0,8.15,3680.0,8.14,5280.0,2737.0,2512.0,0.0,0.0,188.0,7.84,0.0,12540.0,52.0,4.8,5.1,0.0,0.0,,191.0,7.94,0.0,20340.0,35.0,4.4,4.6,0.0,0.0,40.9,302.0,8.17,680.0,0.0,,140.2,49.0,4.9,72.0,,,,,,,,,,,,,,,,,,,,,,,,,,
2019-11-14,172.42,108.54,10.76,291.71999999999997,7.73,2.42,1.37,3.55,156342.0,0.0,0.0,0.0,7.28,5.39,108.0,38.9,,,7.96,29718.0,0.0,0.0,0.0,1.65,0.98,2884.0,16980.0,67.1,6911.0,108.0,38.9,,,7.95,19870.0,0.0,0.0,0.0,2.1,0.77,2623.0,16887.0,67.3,6616.0,13527,243.0,7.85,3960.0,7.96,6060.0,2686.0,2541.0,0.0,0.0,184.0,7.74,0.0,13780.0,51.0,5.2,4.4,0.0,0.0,,188.0,7.85,0.0,18760.0,46.0,4.8,5.1,0.0,0.0,40.9,279.0,8.0,880.0,0.0,,136.4,48.0,7.2,72.0,,,,,,,,,,,,,,,,,,,,,,,,,,
2019-11-15,180.23,64.56,16.08,260.87,7.85,2.12,1.16,3.68,158435.0,0.0,0.0,0.0,7.42,5.46,108.0,38.8,,,7.94,24856.0,0.0,0.0,0.0,2.02,0.97,2736.0,16846.0,67.6,6445.0,108.0,38.7,,,7.97,21334.0,0.0,0.0,0.0,2.06,0.89,2687.0,16984.0,67.8,6117.0,12562,360.0,7.81,4280.0,7.92,5880.0,2654.0,2498.0,0.0,0.0,199.0,7.79,0.0,14060.0,46.0,5.8,4.1,0.0,0.0,,183.0,7.81,0.0,18120.0,50.0,4.6,5.4,0.0,0.0,40.6,255.0,7.98,620.0,0.0,,132.5,45.0,5.0,72.0,,,,,,,,,,,,,,,,,,,,,,,,,,
2019-11-16,208.0,92.15,8.15,308.29999999999995,0.0,0.0,0.0,0.0,0.0,0.0,0.0,0.0,0.0,0.0,108.0,0.0,,,0.0,0.0,0.0,0.0,0.0,0.0,0.0,0.0,0.0,0.0,6054.0,108.0,0.0,,,0.0,0.0,0.0,0.0,0.0,0.0,0.0,0.0,0.0,0.0,5785.0,11839,329.0,0.0,0.0,0.0,0.0,,0.0,0.0,0.0,180.0,0.0,0.0,0.0,0.0,0.0,0.0,0.0,0.0,0.0,179.0,0.0,0.0,0.0,0.0,0.0,0.0,0.0,0.0,0.0,178.0,0.0,0.0,0.0,,0.0,0.0,0.0,70.0,,,,,,,,,,,,,,,,,,,,,,,,,,
2019-11-17,27.94,0.0,0.0,27.94,0.0,0.0,0.0,0.0,0.0,0.0,0.0,0.0,0.0,0.0,80.0,0.0,,,0.0,0.0,0.0,0.0,0.0,0.0,0.0,0.0,0.0,0.0,4805.0,80.0,0.0,,,0.0,0.0,0.0,0.0,0.0,0.0,0.0,0.0,0.0,0.0,4621.0,9426,181.0,0.0,0.0,0.0,0.0,,0.0,0.0,0.0,176.0,0.0,0.0,0.0,0.0,0.0,0.0,0.0,0.0,0.0,158.0,0.0,0.0,0.0,0.0,0.0,0.0,0.0,0.0,0.0,344.0,0.0,0.0,0.0,,0.0,0.0,0.0,36.0,,,,,,,,,,,,,,,,,,,,,,,,,,
2019-11-18,180.78,80.95,15.5,277.23,7.7,2.43,1.28,3.76,135175.0,3899.0,640.0,1428.0,7.71,5.78,98.0,39.1,,,7.92,28499.0,4562.0,583.0,3533.0,1.87,1.09,2934.0,16548.0,66.8,5606.0,97.0,38.9,,,7.92,22112.0,4539.0,563.0,3663.0,2.19,0.77,2784.0,16854.0,66.9,5343.0,10949,312.0,7.82,6100.0,7.85,6360.0,2486.0,2264.0,227.0,1903.0,155.0,7.72,129.0,12220.0,28.0,18.34,4.6,0.2,7.2,,148.0,7.76,129.0,19480.0,31.0,8.42,5.1,0.11,6.9,41.1,293.0,7.82,720.0,0.0,,127.8,52.0,6.2,65.0,,,,,,,,,,,,,,,,,,,,,,,,,,
2019-11-19,181.76,113.22,17.5,312.48,7.98,2.11,1.12,3.7,140326.0,0.0,0.0,0.0,7.62,5.59,97.0,39.0,,,7.93,26346.0,0.0,0.0,0.0,2.04,1.11,3154.0,16674.0,67.1,5396.0,97.0,38.8,,,7.93,19854.0,0.0,0.0,0.0,2.15,0.84,2634.0,16669.0,67.2,5124.0,10520,338.0,7.81,3880.0,7.84,6620.0,2511.0,2321.0,0.0,0.0,181.0,7.74,0.0,11640.0,42.0,7.54,4.1,0.0,0.0,,153.0,7.81,0.0,18880.0,38.0,5.4,4.6,0.0,0.0,40.7,269.0,7.84,840.0,0.0,,131.3,43.0,7.1,64.0,,,,,,,,,,,,,,,,,,,,,,,,,,
2019-11-20,178.52,65.78,14.46,258.76,7.78,3.2,1.87,3.94,145322.0,0.0,0.0,0.0,7.05,5.5,98.0,38.9,,,7.98,25632.0,0.0,0.0,0.0,2.34,0.89,2943.0,16786.0,67.9,5222.0,98.0,38.7,,,7.98,21656.0,0.0,0.0,0.0,2.4,0.97,2778.0,17051.0,68.1,4982.0,10204,355.0,7.98,5340.0,7.9,7100.0,2644.0,2421.0,0.0,0.0,184.0,7.78,0.0,10940.0,51.0,4.9,5.3,0.0,0.0,,153.0,7.83,0.0,18340.0,45.0,6.2,4.1,0.0,0.0,40.2,273.0,7.9,860.0,0.0,,136.5,56.0,7.6,63.0,,,,,,,,,,,,,,,,,,,,,,,,,,
2019-11-21,178.95,81.61,5.02,265.58,7.87,2.84,1.48,4.05,142531.0,0.0,0.0,0.0,6.89,5.39,96.0,39.0,,,7.99,26443.0,0.0,0.0,0.0,2.12,0.92,2846.0,16954.0,68.7,5041.0,96.0,39.0,,,7.98,20571.0,0.0,0.0,0.0,2.38,0.96,2661.0,17255.0,68.8,4779.0,9820,252.0,7.92,5840.0,7.93,6880.0,2584.0,2398.0,0.0,0.0,152.0,7.62,0.0,11580.0,36.0,5.4,4.3,0.0,0.0,,149.0,7.79,0.0,17840.0,52.0,4.3,4.8,0.0,0.0,39.8,223.0,7.88,620.0,0.0,,128.5,48.0,5.2,64.0,,,,,,,,,,,,,,,,,,,,,,,,,,
2019-11-22,179.32,78.05,16.76,274.13,7.88,2.03,1.07,3.88,135844.0,0.0,0.0,0.0,7.07,5.47,96.0,38.9,,,7.95,23352.0,0.0,0.0,0.0,2.24,0.79,2756.0,16884.0,67.2,5201.0,96.0,38.8,,,7.94,18783.0,0.0,0.0,0.0,2.42,0.95,2621.0,17065.0,67.3,4991.0,10192,359.0,8.09,3420.0,8.07,0.0,2593.0,2366.0,0.0,0.0,192.0,0.0,0.0,0.0,0.0,0.0,0.0,0.0,0.0,0.0,150.0,8.01,0.0,18480.0,84.0,12.6,5.4,0.0,0.0,39.9,305.0,8.02,560.0,0.0,,132.8,72.0,4.2,64.0,,,,,,,,,,,,,,,,,,,,,,,,,,
2019-11-23,177.35,88.68,12.87,278.9,0.0,0.0,0.0,0.0,0.0,0.0,0.0,0.0,0.0,0.0,96.0,0.0,,,0.0,0.0,0.0,0.0,0.0,0.0,0.0,0.0,0.0,0.0,5288.0,96.0,0.0,,,0.0,0.0,0.0,0.0,0.0,0.0,0.0,0.0,0.0,0.0,5073.0,10361,272.0,0.0,0.0,0.0,0.0,,0.0,0.0,0.0,161.0,0.0,0.0,0.0,0.0,0.0,0.0,0.0,0.0,0.0,149.0,0.0,0.0,0.0,0.0,0.0,0.0,0.0,0.0,0.0,236.0,0.0,0.0,0.0,,0.0,0.0,0.0,64.0,,,,,,,,,,,,,,,,,,,,,,,,,,
2019-11-24,0.0,0.0,0.0,0.0,0.0,0.0,0.0,0.0,0.0,0.0,0.0,0.0,0.0,0.0,96.0,0.0,,,0.0,0.0,0.0,0.0,0.0,0.0,0.0,0.0,0.0,0.0,5598.0,96.0,0.0,,,0.0,0.0,0.0,0.0,0.0,0.0,0.0,0.0,0.0,0.0,5352.0,10950,327.0,0.0,0.0,0.0,0.0,,0.0,0.0,0.0,200.0,0.0,0.0,0.0,0.0,0.0,0.0,0.0,0.0,0.0,159.0,0.0,0.0,0.0,0.0,0.0,0.0,0.0,0.0,0.0,260.0,0.0,0.0,0.0,,0.0,0.0,0.0,64.0,,,,,,,,,,,,,,,,,,,,,,,,,,
2019-11-25,154.26,113.15,11.96,279.36999999999995,7.8,1.54,1.06,3.78,143406.0,4021.0,854.0,1476.0,7.81,6.56,101.0,39.0,,,7.96,19611.0,3519.0,475.0,3185.0,2.2,0.91,2691.0,16584.0,65.8,5647.0,98.0,39.0,,,7.95,23550.0,4860.0,545.0,3680.0,2.52,1.14,2846.0,16955.0,65.9,5349.0,10996,348.0,8.12,9840.0,8.12,5400.0,2686.0,2503.0,170.0,2351.0,169.0,7.81,130.0,11340.0,30.0,3.72,4.8,0.11,6.2,,175.0,7.88,132.0,16920.0,38.0,5.03,5.4,0.23,7.1,40.4,134.0,8.06,820.0,106.0,,142.1,59.0,7.9,66.0,,,,,,,,,,,,,,,,,,,,,,,,,,
2019-11-26,206.88,80.04,20.19,307.11,7.95,1.57,1.18,3.89,137639.0,0.0,0.0,0.0,7.18,6.1,103.0,39.1,,,7.96,24857.0,0.0,0.0,0.0,2.36,1.1,2754.0,16723.0,67.1,5346.0,89.0,38.9,,,7.92,24873.0,0.0,0.0,0.0,2.19,1.15,2766.0,17201.0,67.4,4630.0,9976,245.0,7.92,2660.0,8.1,4320.0,2526.0,2326.0,0.0,0.0,168.0,7.85,0.0,11340.0,61.0,6.4,5.1,0.0,0.0,,157.0,7.82,0.0,16360.0,69.0,5.1,4.8,0.0,0.0,40.6,252.0,8.08,500.0,0.0,,136.2,58.0,3.9,60.0,,,,,,,,,,,,,,,,,,,,,,,,,,
2019-11-27,180.32,80.95,20.64,281.90999999999997,7.75,1.94,1.08,3.85,138020.0,0.0,0.0,0.0,7.26,5.52,106.0,39.0,,,7.95,24215.0,0.0,0.0,0.0,2.26,0.7,2621.0,16845.0,67.1,5820.0,98.0,39.0,,,7.95,18964.0,0.0,0.0,0.0,2.28,0.77,2735.0,16922.0,67.0,5062.0,10882,363.0,7.89,5080.0,8.05,4620.0,2584.0,2389.0,0.0,0.0,169.0,7.77,0.0,11480.0,52.0,5.12,4.9,0.0,0.0,,173.0,7.84,0.0,16980.0,58.0,4.6,5.1,0.0,0.0,40.8,318.0,8.03,740.0,0.0,,132.5,54.0,6.1,68.0,,,,,,,,,,,,,,,,,,,,,,,,,,
2019-11-28,152.25,84.16,5.18,241.59,7.63,2.05,1.18,3.83,130941.0,0.0,0.0,0.0,7.33,5.6,102.0,39.1,,,7.93,21151.0,0.0,0.0,0.0,2.37,0.9,2584.0,16751.0,67.4,5545.0,102.0,39.0,,,7.92,20204.0,0.0,0.0,0.0,2.29,0.97,2692.0,16829.0,67.3,5294.0,10839,358.0,8.09,4880.0,8.11,5020.0,2601.0,2411.0,0.0,0.0,176.0,7.82,0.0,11880.0,43.0,4.3,5.1,0.0,0.0,,179.0,7.86,0.0,17360.0,51.0,5.3,4.9,0.0,0.0,38.6,282.0,8.1,620.0,0.0,,129.5,51.0,5.3,68.0,,,,,,,,,,,,,,,,,,,,,,,,,,
2019-11-29,233.01,44.65,17.67,295.33,7.58,2.06,1.57,3.91,123051.0,0.0,0.0,0.0,7.51,6.24,83.0,39.0,,,7.96,18458.0,0.0,0.0,0.0,2.11,1.12,2591.0,16921.0,67.7,4830.0,83.0,38.9,,,7.96,19874.0,0.0,0.0,0.0,2.31,1.26,2635.0,16754.0,67.6,4649.0,9479,240.0,7.9,4660.0,8.02,5220.0,2545.0,2386.0,0.0,0.0,176.0,7.76,0.0,11340.0,56.0,5.16,4.2,0.0,0.0,,161.0,7.81,0.0,16840.0,38.0,4.4,5.1,0.0,0.0,37.9,215.0,8.02,880.0,0.0,,124.5,48.0,7.5,52.0,,,,,,,,,,,,,,,,,,,,,,,,,,
2019-11-30,128.81,0.0,19.42,148.23000000000002,0.0,0.0,0.0,0.0,0.0,0.0,0.0,0.0,0.0,0.0,108.0,0.0,,,0.0,0.0,0.0,0.0,0.0,0.0,0.0,0.0,0.0,0.0,6278.0,107.0,0.0,,,0.0,0.0,0.0,0.0,0.0,0.0,0.0,0.0,0.0,0.0,5912.0,12190,359.0,0.0,0.0,0.0,0.0,0.0,0.0,0.0,0.0,177.0,0.0,0.0,0.0,0.0,0.0,0.0,0.0,0.0,0.0,158.0,0.0,0.0,0.0,0.0,0.0,0.0,0.0,0.0,0.0,322.0,0.0,0.0,0.0,,0.0,0.0,0.0,72.0,,,,,,,,,,,,,,,,,,,,,,,,,,
2019-12-01,0.0,0.0,0.0,0.0,0.0,0.0,0.0,0.0,0.0,0.0,0.0,0.0,0.0,0.0,108.0,0.0,,,0.0,0.0,0.0,0.0,0.0,0.0,0.0,0.0,0.0,0.0,6676.0,108.0,0.0,,,0.0,0.0,0.0,0.0,0.0,0.0,0.0,0.0,0.0,0.0,6443.0,13119,358.0,0.0,0.0,0.0,0.0,0.0,0.0,0.0,0.0,178.0,0.0,0.0,0.0,0.0,0.0,0.0,0.0,0.0,0.0,181.0,0.0,0.0,0.0,0.0,0.0,0.0,0.0,0.0,0.0,261.0,0.0,0.0,0.0,,0.0,0.0,0.0,72.0,,,,,,,,,,,,,,,,,,,,,,,,,,
2019-12-02,206.82,97.76,10.31,314.89,7.53,2.21,1.16,3.83,137073.0,3768.0,755.0,1216.0,7.71,5.67,102.0,39.0,,,7.93,23931.0,3951.0,515.0,3084.0,2.48,1.01,2771.0,15958.0,67.1,5792.0,102.0,39.0,,,7.92,24073.0,4583.0,592.0,3646.0,2.43,0.85,2404.0,15288.0,67.3,5591.0,11383,311.0,7.94,5160.0,8.02,5860.0,2795.0,2722.0,206.0,1866.0,186.0,7.82,138.0,10580.0,43.0,3.6,5.1,0.2,12.5,,179.0,7.73,139.0,17280.0,55.0,12.3,4.8,0.12,12.1,36.6,184.0,7.9,860.0,95.0,,140.1,53.0,11.8,68.0,,,,,,,,,,,,,,,,,,,,,,,,,,
2019-12-03,183.4,89.64,24.97,298.01,7.39,4.52,3.0,3.93,135521.0,0.0,0.0,0.0,7.46,5.61,96.0,39.0,,,7.96,21596.0,0.0,0.0,0.0,2.45,0.89,2585.0,15884.0,67.3,5575.0,96.0,39.0,,,7.96,19391.0,0.0,0.0,0.0,2.15,0.76,2451.0,15356.0,67.4,5135.0,10710,290.0,7.99,4620.0,8.0,4980.0,2728.0,2349.0,0.0,0.0,186.0,7.86,0.0,10240.0,36.0,3.8,4.2,0.0,0.0,,166.0,7.76,0.0,15140.0,49.0,5.4,4.9,0.0,0.0,37.4,260.0,7.95,760.0,0.0,,144.7,41.0,7.2,55.0,,,,,,,,,,,,,,,,,,,,,,,,,,
2019-12-04,179.85,89.24,14.07,283.15999999999997,7.8,3.33,1.99,3.83,141011.0,0.0,0.0,0.0,7.64,5.75,108.0,38.8,,,8.08,23027.0,0.0,0.0,0.0,2.42,0.79,2591.0,16090.0,67.6,5982.0,108.0,38.9,,,8.07,19211.0,0.0,0.0,0.0,2.47,0.96,2543.0,15525.0,67.0,5681.0,11663,358.0,8.16,8000.0,8.07,4460.0,2684.0,2452.0,0.0,0.0,185.0,8.08,0.0,11380.0,48.0,4.2,5.1,0.0,0.0,,200.0,,,,,,,0.0,0.0,,333.0,8.1,620.0,0.0,,139.2,45.0,5.5,72.0,,,,,,,,,,,,,,,,,,,,,,,,,,
2019-12-05,156.73,80.88,5.47,243.07999999999998,7.96,2.85,1.98,3.85,143420.0,0.0,0.0,0.0,7.65,6.18,108.0,39.0,,,8.16,26428.0,0.0,0.0,0.0,2.46,1.24,,,67.5,6023.0,108.0,38.9,,,8.15,19628.0,0.0,0.0,0.0,2.56,1.15,,,67.2,5622.0,11645,336.0,8.44,3600.0,8.38,3920.0,3264.0,2699.0,0.0,0.0,186.0,8.29,0.0,11280.0,30.0,4.1,3.4,0.0,0.0,,196.0,8.29,0.0,14760.0,37.0,5.97,4.1,0.0,0.0,,311.0,8.45,540.0,0.0,,132.0,32.0,5.9,72.0,,,,,,,,,,,,,,,,,,,,,,,,,,
2019-12-06,206.45,80.61,15.41,302.47,0.0,0.0,0.0,0.0,0.0,0.0,0.0,0.0,0.0,0.0,108.0,0.0,,,0.0,0.0,0.0,0.0,0.0,0.0,0.0,0.0,0.0,0.0,6064.0,108.0,0.0,,,0.0,0.0,0.0,0.0,0.0,0.0,0.0,0.0,0.0,0.0,5658.0,11722,359.0,0.0,0.0,0.0,0.0,0.0,0.0,0.0,0.0,185.0,0.0,0.0,0.0,0.0,0.0,0.0,0.0,0.0,0.0,133.0,0.0,0.0,0.0,0.0,0.0,0.0,0.0,0.0,0.0,311.0,0.0,0.0,0.0,,0.0,0.0,0.0,72.0,,,,,,,,,,,,,,,,,,,,,,,,,,
2019-12-07,181.27,0.0,10.52,191.79000000000002,0.0,0.0,0.0,0.0,0.0,0.0,0.0,0.0,0.0,0.0,108.0,0.0,,,0.0,0.0,0.0,0.0,0.0,0.0,0.0,0.0,0.0,0.0,6208.0,108.0,0.0,,,0.0,0.0,0.0,0.0,0.0,0.0,0.0,0.0,0.0,0.0,5806.0,12014,286.0,0.0,0.0,0.0,0.0,0.0,0.0,0.0,0.0,184.0,0.0,0.0,0.0,0.0,0.0,0.0,0.0,0.0,0.0,166.0,0.0,0.0,0.0,0.0,0.0,0.0,0.0,0.0,0.0,329.0,0.0,0.0,0.0,,0.0,0.0,0.0,72.0,,,,,,,,,,,,,,,,,,,,,,,,,,
2019-12-08,26.83,82.89,0.0,109.72,0.0,0.0,0.0,0.0,0.0,0.0,0.0,0.0,0.0,0.0,108.0,0.0,,,0.0,0.0,0.0,0.0,0.0,0.0,0.0,0.0,0.0,0.0,6825.0,108.0,0.0,,,0.0,0.0,0.0,0.0,0.0,0.0,0.0,0.0,0.0,0.0,6365.0,13190,323.0,0.0,0.0,0.0,0.0,0.0,0.0,0.0,0.0,213.0,0.0,0.0,0.0,0.0,0.0,0.0,0.0,0.0,0.0,141.0,0.0,0.0,0.0,0.0,0.0,0.0,0.0,0.0,0.0,350.0,0.0,0.0,0.0,,0.0,0.0,0.0,72.0,,,,,,,,,,,,,,,,,,,,,,,,,,
2019-12-09,153.34,71.61,11.66,236.60999999999999,7.55,3.69,2.27,3.83,127918.0,3955.0,750.0,1378.0,7.4,5.77,108.0,39.1,,,8.1,20054.0,4557.0,534.0,3583.0,2.1,0.92,2524.0,16548.0,66.9,6602.0,108.0,39.0,,,8.1,22733.0,4408.0,525.0,3495.0,2.38,0.96,2451.0,16326.0,66.8,6145.0,12747,330.0,8.25,3020.0,8.3,5620.0,2922.0,2527.0,176.0,1967.0,170.0,8.27,131.0,10800.0,42.0,5.17,4.6,0.14,7.6,37.1,166.0,8.1,132.0,15900.0,48.0,9.7,4.2,0.11,6.8,37.8,350.0,8.31,680.0,105.0,,128.5,47.0,6.8,72.0,,,,,,,,,,,,,,,,,,,,,,,,,,
2019-12-10,180.78,80.23,17.66,278.67,8.19,1.44,0.97,3.8,180604.0,0.0,0.0,0.0,8.6,7.02,108.0,39.0,,,8.08,33053.0,0.0,0.0,0.0,2.51,1.27,2786.0,15989.0,66.6,6694.0,108.0,39.0,,,8.1,31806.0,0.0,0.0,0.0,2.46,1.25,2688.0,15856.0,66.8,6251.0,12945,358.0,8.3,4560.0,8.27,4800.0,2789.0,2463.0,0.0,0.0,179.0,8.25,0.0,12300.0,46.0,4.9,5.0,0.0,0.0,36.9,166.0,8.14,0.0,16100.0,51.0,5.3,4.3,0.0,0.0,36.5,316.0,8.27,720.0,0.0,,129.4,49.0,7.1,72.0,,,,,,,,,,,,,,,,,,,,,,,,,,
2019-12-11,174.76,80.86,14.13,269.75,7.92,2.31,1.18,3.82,155408.0,0.0,0.0,0.0,8.12,6.54,108.0,39.0,,,8.07,26832.0,0.0,0.0,0.0,2.48,1.12,2811.0,16214.0,66.9,6814.0,108.0,39.0,,,8.08,24163.0,0.0,0.0,0.0,2.43,1.04,2648.0,16031.0,67.0,6319.0,13133,358.0,8.25,4880.0,8.24,5020.0,2729.0,2411.0,0.0,0.0,186.0,8.21,0.0,12580.0,34.0,4.4,4.8,0.0,0.0,36.9,166.0,8.16,0.0,15980.0,47.0,4.6,5.0,0.0,0.0,37.1,269.0,8.23,540.0,0.0,,130.5,42.0,4.1,72.0,,,,,,,,,,,,,,,,,,,,,,,,,,
2019-12-12,180.93,65.22,4.4,250.55,7.82,2.73,1.87,3.93,167831.0,0.0,0.0,0.0,8.24,6.77,108.0,39.0,,,8.1,25444.0,0.0,0.0,0.0,2.28,0.9,2588.0,16533.0,66.8,7031.0,108.0,39.0,,,8.09,31769.0,0.0,0.0,0.0,2.19,0.77,2562.0,16441.0,66.7,6389.0,13420,318.0,8.05,4280.0,8.13,5060.0,2754.0,2453.0,0.0,0.0,186.0,8.15,0.0,10480.0,46.0,5.1,4.3,0.0,0.0,36.8,174.0,8.12,0.0,15500.0,50.0,4.3,4.8,0.0,0.0,37.0,294.0,8.2,780.0,0.0,,126.2,48.0,7.1,72.0,,,,,,,,,,,,,,,,,,,,,,,,,,
2019-12-13,180.83,87.99,19.74,288.56,7.98,2.54,1.36,3.96,159591.0,0.0,0.0,0.0,8.18,6.61,108.0,39.0,,,8.12,26210.0,0.0,0.0,0.0,2.25,0.91,2532.0,16634.0,67.2,7515.0,108.0,39.0,,,8.11,29514.0,0.0,0.0,0.0,2.26,1.05,2638.0,16527.0,67.1,6671.0,14186,314.0,8.08,4260.0,8.1,4880.0,2734.0,2521.0,0.0,0.0,186.0,8.11,0.0,9980.0,50.0,5.2,4.2,0.0,0.0,36.6,175.0,8.15,0.0,14780.0,46.0,4.2,5.1,0.0,0.0,36.7,291.0,8.19,480.0,0.0,,125.4,51.0,4.5,72.0,,,,,,,,,,,,,,,,,,,,,,,,,,
2019-12-14,177.73,119.75,18.26,315.74,0.0,0.0,0.0,0.0,0.0,0.0,0.0,0.0,0.0,0.0,108.0,0.0,,,0.0,0.0,0.0,0.0,0.0,0.0,0.0,0.0,0.0,0.0,7239.0,108.0,0.0,,,0.0,0.0,0.0,0.0,0.0,0.0,0.0,0.0,0.0,0.0,6550.0,13789,296.0,0.0,0.0,0.0,0.0,0.0,0.0,0.0,0.0,154.0,0.0,0.0,0.0,0.0,0.0,0.0,0.0,0.0,0.0,175.0,0.0,0.0,0.0,0.0,0.0,0.0,0.0,0.0,0.0,326.0,0.0,0.0,0.0,,0.0,0.0,0.0,72.0,,,,,,,,,,,,,,,,,,,,,,,,,,
2019-12-15,0.0,0.0,0.0,0.0,0.0,0.0,0.0,0.0,0.0,0.0,0.0,0.0,0.0,0.0,108.0,0.0,,,0.0,0.0,0.0,0.0,0.0,0.0,0.0,0.0,0.0,0.0,7240.0,108.0,0.0,,,0.0,0.0,0.0,0.0,0.0,0.0,0.0,0.0,0.0,0.0,6637.0,13877,305.0,0.0,0.0,0.0,0.0,0.0,0.0,0.0,0.0,174.0,0.0,0.0,0.0,0.0,0.0,0.0,0.0,0.0,0.0,175.0,0.0,0.0,0.0,0.0,0.0,0.0,0.0,0.0,0.0,326.0,0.0,0.0,0.0,,0.0,0.0,0.0,72.0,,,,,,,,,,,,,,,,,,,,,,,,,,
2019-12-16,176.77,36.67,23.68,237.12,7.22,3.02,1.78,3.65,163117.0,4048.0,797.0,1281.0,8.37,6.55,108.0,39.0,,,7.82,30105.0,4490.0,556.0,3371.0,1.98,1.1,2456.0,15842.0,65.2,7439.0,108.0,39.0,,,7.8,24640.0,4465.0,669.0,3500.0,2.27,0.96,2567.0,16135.0,65.4,6836.0,14275,362.0,7.78,3660.0,7.92,4720.0,2609.0,2405.0,190.0,1994.0,150.0,0.0,0.0,0.0,0.0,0.0,0.0,0.0,0.0,0.0,185.0,7.98,120.0,15960.0,46.0,6.49,4.2,0.16,7.1,36.7,340.0,8.0,640.0,95.0,,118.4,48.0,6.5,72.0,,,,,,,,,,,,,,,,,,,,,,,,,,
2019-12-17,180.41,89.15,15.19,284.75,7.6,3.0,2.24,3.84,181254.0,0.0,0.0,0.0,9.11,7.59,105.0,39.0,,,8.0,34526.0,0.0,0.0,0.0,2.55,1.49,3054.0,16231.0,65.4,7688.0,105.0,39.0,,,8.01,31886.0,0.0,0.0,0.0,2.55,1.34,2984.0,16027.0,65.6,7102.0,14790,337.0,7.8,4000.0,7.9,4780.0,2638.4,2427.0,0.0,0.0,147.0,7.92,0.0,13200.0,47.0,4.5,4.7,0.0,0.0,37.7,187.0,7.95,0.0,17260.0,49.0,5.14,4.6,0.0,0.0,37.2,272.0,8.01,620.0,0.0,,120.5,48.0,6.7,69.0,,,,,,,,,,,,,,,,,,,,,,,,,,
2019-12-18,179.01,65.57,17.22,261.79999999999995,8.05,2.53,1.37,3.87,165543.0,0.0,0.0,0.0,8.27,6.8,96.0,39.0,,,8.02,31542.0,0.0,0.0,0.0,2.41,1.36,2854.0,16112.0,65.5,7328.0,96.0,39.0,,,8.03,28541.0,0.0,0.0,0.0,2.46,1.41,3067.0,16136.0,65.6,6847.0,14175,209.0,7.86,4240.0,7.95,4880.0,2684.0,2416.0,0.0,0.0,185.0,7.96,0.0,12180.0,51.0,5.2,4.2,0.0,0.0,37.7,146.0,7.91,0.0,15880.0,43.0,4.6,5.1,0.0,0.0,37.9,276.0,8.05,540.0,0.0,,125.2,46.0,4.5,60.0,,,,,,,,,,,,,,,,,,,,,,,,,,
2019-12-19,179.86,119.92,17.06,316.84000000000003,7.54,3.59,2.17,3.78,184427.0,0.0,0.0,0.0,8.61,6.51,96.0,39.0,,,8.1,35582.0,0.0,0.0,0.0,2.33,0.89,2921.0,16544.0,66.1,7213.0,96.0,39.0,,,8.09,24446.0,0.0,0.0,0.0,2.46,0.96,2895.0,16369.0,66.2,6848.0,14061,319.0,7.62,7660.0,7.59,7100.0,2582.0,2354.0,0.0,0.0,151.0,8.04,0.0,13420.0,46.0,5.16,4.6,0.0,0.0,36.7,150.0,8.1,0.0,17640.0,52.0,4.16,4.8,0.0,0.0,38.1,233.0,8.04,780.0,0.0,,122.1,51.0,6.8,62.0,,,,,,,,,,,,,,,,,,,,,,,,,,
2019-12-20,209.44,36.19,20.66,266.29,7.66,2.93,1.87,4.03,181624.0,0.0,0.0,0.0,8.49,7.01,96.0,39.0,,,8.15,36254.0,0.0,0.0,0.0,2.47,1.06,3105.0,16824.0,66.6,6821.0,96.0,39.0,,,8.14,29544.0,0.0,0.0,0.0,2.68,1.36,3081.0,16115.0,66.5,6543.0,13364,287.0,8.38,2560.0,7.68,7200.0,2521.0,2318.0,0.0,0.0,158.0,7.99,0.0,14780.0,52.0,4.12,5.1,0.0,0.0,37.1,152.0,8.05,0.0,17880.0,47.0,5.1,4.3,0.0,0.0,38.3,195.0,8.02,680.0,0.0,,124.5,53.0,7.1,72.0,,,,,,,,,,,,,,,,,,,,,,,,,,
2019-12-21,150.93,83.15,16.22,250.3,0.0,0.0,0.0,0.0,0.0,0.0,0.0,0.0,0.0,0.0,96.0,0.0,,,0.0,0.0,0.0,0.0,0.0,0.0,0.0,0.0,0.0,0.0,5982.0,96.0,0.0,,,0.0,0.0,0.0,0.0,0.0,0.0,0.0,0.0,0.0,0.0,6381.0,12363,286.0,0.0,0.0,0.0,0.0,0.0,0.0,0.0,0.0,185.0,0.0,0.0,0.0,0.0,0.0,0.0,0.0,0.0,0.0,191.0,0.0,0.0,0.0,0.0,0.0,0.0,0.0,0.0,0.0,340.0,0.0,0.0,0.0,,0.0,0.0,0.0,66.0,,,,,,,,,,,,,,,,,,,,,,,,,,
2019-12-22,0.0,0.0,0.0,0.0,0.0,0.0,0.0,0.0,0.0,0.0,0.0,0.0,0.0,0.0,99.0,0.0,,,0.0,0.0,0.0,0.0,0.0,0.0,0.0,0.0,0.0,0.0,3385.0,96.0,0.0,,,0.0,0.0,0.0,0.0,0.0,0.0,0.0,0.0,0.0,0.0,5104.0,8489,160.0,0.0,0.0,0.0,0.0,0.0,0.0,0.0,0.0,180.0,0.0,0.0,0.0,0.0,0.0,0.0,0.0,0.0,0.0,148.0,0.0,0.0,0.0,0.0,0.0,0.0,0.0,0.0,0.0,281.0,0.0,0.0,0.0,,0.0,0.0,0.0,66.0,,,,,,,,,,,,,,,,,,,,,,,,,,
2019-12-23,155.52,129.38,22.61,307.51,7.83,1.81,1.25,3.87,165140.0,4188.0,828.0,1431.0,8.62,6.85,108.0,38.3,,,8.18,20551.0,4725.0,470.0,3311.0,1.92,0.97,2389.0,17542.0,67.7,6034.0,96.0,39.0,,,8.17,23309.0,5129.0,494.0,3651.0,1.7,1.24,2755.0,16824.0,68.4,5606.0,11640,292.0,7.68,3500.0,7.59,6600.0,2418.0,2384.0,236.0,1787.0,185.0,7.86,121.0,15980.0,44.0,19.34,4.2,0.36,8.2,36.3,184.0,7.9,121.0,14680.0,39.0,6.86,4.3,0.17,7.9,38.9,266.0,7.99,660.0,102.0,,120.7,42.0,6.5,66.0,,,,,,,,,,,,,,,,,,,,,,,,,,
2019-12-24,206.31,97.8,14.63,318.74,7.6,2.52,1.66,4.01,183541.0,0.0,0.0,0.0,7.82,6.28,109.0,38.2,,,8.15,31193.0,0.0,0.0,0.0,2.42,1.08,2582.0,16987.0,67.5,6323.0,100.0,39.0,,,8.15,24611.0,0.0,0.0,0.0,2.36,1.15,2524.0,16966.0,67.0,5723.0,12046,305.0,7.7,5260.0,7.55,5540.0,2489.0,2412.0,0.0,0.0,183.0,7.82,0.0,15400.0,52.0,5.6,4.5,0.0,0.0,36.3,146.0,7.87,0.0,19540.0,41.0,5.15,4.1,0.0,0.0,39.0,309.0,7.95,720.0,0.0,,124.5,46.0,7.3,65.0,,,,,,,,,,,,,,,,,,,,,,,,,,
2019-12-25,152.16,18.04,15.57,185.76999999999998,7.61,2.9,1.95,4.07,161459.0,0.0,0.0,0.0,8.0,6.37,108.0,38.3,,,8.14,28132.0,0.0,0.0,0.0,2.43,1.41,2644.0,17124.0,66.8,6631.0,108.0,39.0,,,8.12,26404.0,0.0,0.0,0.0,2.55,1.25,2710.0,16843.0,66.9,6280.0,12911,240.0,7.97,4480.0,7.68,5680.0,2540.0,2486.0,0.0,0.0,143.0,7.91,0.0,15220.0,46.0,4.12,4.8,0.0,0.0,36.5,173.0,7.78,0.0,22040.0,51.0,5.3,4.3,0.0,0.0,39.1,275.0,8.04,820.0,0.0,,132.5,49.0,7.6,59.0,,,,,,,,,,,,,,,,,,,,,,,,,,
2019-12-26,152.73,88.44,17.34,258.51,7.9,3.24,1.62,4.06,163254.0,0.0,0.0,0.0,8.54,6.5,110.0,38.3,,,8.12,21542.0,0.0,0.0,0.0,2.25,0.8,2488.0,17026.0,66.1,7328.0,110.0,39.0,,,8.1,25411.0,0.0,0.0,0.0,2.36,0.86,2658.0,16788.0,66.0,6742.0,14070,288.0,7.94,3840.0,7.71,5820.0,2564.0,2451.0,0.0,0.0,164.0,7.95,0.0,15860.0,61.0,5.27,4.2,0.0,0.0,37.7,156.0,7.8,0.0,19720.0,54.0,6.26,5.1,0.0,0.0,37.3,279.0,8.1,660.0,0.0,,128.5,54.0,6.6,53.0,,,,,,,,,,,,,,,,,,,,,,,,,,
2019-12-27,184.0,64.88,17.93,266.81,0.0,0.0,0.0,0.0,0.0,0.0,0.0,0.0,0.0,0.0,113.0,0.0,,,0.0,0.0,0.0,0.0,0.0,0.0,0.0,0.0,0.0,0.0,7585.0,114.0,0.0,,,0.0,0.0,0.0,0.0,0.0,0.0,0.0,0.0,0.0,0.0,7054.0,14639,304.0,0.0,0.0,0.0,0.0,0.0,0.0,0.0,0.0,145.0,0.0,0.0,0.0,0.0,0.0,0.0,0.0,0.0,0.0,155.0,0.0,0.0,0.0,0.0,0.0,0.0,0.0,0.0,0.0,291.0,0.0,0.0,0.0,,0.0,0.0,0.0,42.0,,,,,,,,,,,,,,,,,,,,,,,,,,
2019-12-28,179.3,79.38,17.63,276.31,0.0,0.0,0.0,0.0,0.0,0.0,0.0,0.0,0.0,0.0,120.0,0.0,,,0.0,0.0,0.0,0.0,0.0,0.0,0.0,0.0,0.0,0.0,7820.0,120.0,0.0,,,0.0,0.0,0.0,0.0,0.0,0.0,0.0,0.0,0.0,0.0,7269.0,15089,261.0,0.0,0.0,0.0,0.0,0.0,0.0,0.0,0.0,176.0,0.0,0.0,0.0,0.0,0.0,0.0,0.0,0.0,0.0,158.0,0.0,0.0,0.0,0.0,0.0,0.0,0.0,0.0,0.0,250.0,0.0,0.0,0.0,,0.0,0.0,0.0,24.0,,,,,,,,,,,,,,,,,,,,,,,,,,
2019-12-29,0.0,0.0,0.0,0.0,0.0,0.0,0.0,0.0,0.0,0.0,0.0,0.0,0.0,0.0,120.0,0.0,,,0.0,0.0,0.0,0.0,0.0,0.0,0.0,0.0,0.0,0.0,7787.0,120.0,0.0,,,0.0,0.0,0.0,0.0,0.0,0.0,0.0,0.0,0.0,0.0,7301.0,15088,308.0,0.0,0.0,0.0,0.0,0.0,0.0,0.0,0.0,177.0,0.0,0.0,0.0,0.0,0.0,0.0,0.0,0.0,0.0,128.0,0.0,0.0,0.0,0.0,0.0,0.0,0.0,0.0,0.0,236.0,0.0,0.0,0.0,,0.0,0.0,0.0,24.0,,,,,,,,,,,,,,,,,,,,,,,,,,
2019-12-30,,,,0.0,,,,,,,,,,,,,,,,,,,,,,,,,,,,,,,,,,,,,,,,,0,,,,,,,,,,,,,,,,,,,,,,,,,,,,,,,,,,,,,,,,,,,,,,,,,,,,,,,,,,,,,,,,
2019-12-31,,,,0.0,,,,,,,,,,,,,,,,,,,,,,,,,,,,,,,,,,,,,,,,,0,,,,,,,,,,,,,,,,,,,,,,,,,,,,,,,,,,,,,,,,,,,,,,,,,,,,,,,,,,,,,,,,
2020-01-01,152.24,89.12,15.6,256.96000000000004,7.72,2.39,1.35,4.1,152913.0,0.0,0.0,0.0,7.96,6.29,120.0,39.0,,,8.02,28207.0,0.0,0.0,0.0,2.66,1.2,2584.0,16841.0,67.4,7206.0,120.0,39.0,,,7.99,24424.0,0.0,0.0,0.0,2.81,1.24,2661.0,16987.0,67.3,6817.0,14023,365.0,8.26,4000.0,8.28,7980.0,2614.0,2521.0,,,178.0,7.92,0.0,13760.0,51.0,5.12,4.1,0.0,0.0,37.5,149.0,,0.0,21240.0,44.0,5.31,4.6,0.0,0.0,36.9,273.0,8.16,520.0,,,135.4,47.0,4.8,23.0,1200.0,1596.0,,,,,,,,,,,,,,,,,,,,,,,,37.2
2020-01-02,155.12,80.28,13.96,249.36,7.64,2.94,1.88,4.02,141405.0,0.0,0.0,0.0,7.05,5.68,120.0,38.7,,,8.0,27625.0,0.0,0.0,0.0,2.27,1.39,2712.0,16942.0,66.8,7318.0,120.0,38.8,,,7.98,29259.0,0.0,0.0,0.0,2.16,1.23,2694.0,17049.0,66.9,6861.0,14179,346.0,8.39,4320.0,8.35,5000.0,2490.0,2286.0,,,177.0,7.86,0.0,13480.0,45.0,4.21,4.7,0.0,0.0,37.0,162.0,7.95,0.0,19340.0,36.0,5.01,4.1,0.0,0.0,37.0,188.0,8.12,640.0,,,127.4,52.0,6.7,24.0,800.0,1064.0,,,,,,,,,,,,,,,,,,,,,,,,37.0
2020-01-03,178.24,80.91,19.33,278.47999999999996,7.65,2.18,1.2,4.21,149511.0,0.0,0.0,0.0,7.87,6.23,105.0,39.0,,,8.0,25261.0,0.0,0.0,0.0,2.26,0.9,2845.0,16866.0,65.5,7001.0,105.0,38.9,,,7.99,26468.0,0.0,0.0,0.0,2.5,0.78,2624.0,16964.0,66.3,6396.0,13397,277.0,8.29,6540.0,8.38,4480.0,2454.0,2253.0,,,219.0,7.88,0.0,11200.0,48.0,4.54,4.6,0.0,0.0,36.5,165.0,7.91,0.0,20840.0,50.0,4.8,5.1,0.0,0.0,37.6,250.0,8.2,720.0,,,130.2,48.0,7.6,24.0,1007.5187969924809,1339.9999999999998,,,,,,,,,,,,,,,,,,,,,,,,37.05
2020-01-04,145.79,,18.24,164.03,0.0,0.0,0.0,0.0,0.0,0.0,0.0,0.0,0.0,0.0,93.0,0.0,,,0.0,0.0,0.0,0.0,0.0,0.0,0.0,0.0,0.0,,5992.0,93.0,0.0,,,0.0,0.0,0.0,0.0,0.0,0.0,0.0,0.0,0.0,,5769.0,11761,223.0,0.0,0.0,,,,,,,176.0,0.0,0.0,0.0,0.0,0.0,0.0,0.0,0.0,,154.0,0.0,0.0,0.0,0.0,0.0,0.0,0.0,0.0,,268.0,,,,,,,,24.0,800.0,1064.0,,,,,,,,,,,,,,,,,,,,,,,,
2020-01-05,,83.18,,83.18,0.0,0.0,0.0,0.0,0.0,0.0,0.0,0.0,0.0,0.0,120.0,0.0,,,0.0,0.0,0.0,0.0,0.0,0.0,0.0,0.0,0.0,,7453.0,120.0,0.0,,,0.0,0.0,0.0,0.0,0.0,0.0,0.0,0.0,0.0,,7006.0,14459,390.0,0.0,0.0,,,,,,,178.0,0.0,0.0,0.0,0.0,0.0,0.0,0.0,0.0,,158.0,0.0,0.0,0.0,0.0,0.0,0.0,0.0,0.0,,261.0,,,,,,,,24.0,800.0,1064.0,,,,,,,,,,,,,,,,,,,,,,,,
2020-01-06,178.38,72.02,23.88,274.28,7.79,1.83,1.07,4.12,152401.0,4391.0,874.0,1699.8,7.52,5.77,120.0,38.8,,,8.02,30201.0,4534.0,473.0,3235.0,2.39,1.11,3179.0,16139.0,66.5,7087.0,120.0,38.8,,,7.99,23490.0,5413.0,586.0,3416.0,2.5,0.94,2894.0,16537.0,66.6,6687.0,13774,308.0,8.32,6880.0,8.32,5680.0,2541.0,2349.0,191.0,1699.0,178.0,7.92,132.0,11440.0,45.0,4.77,4.1,0.13,6.8,36.8,165.0,7.95,133.0,19500.0,54.0,8.62,5.4,0.1,6.4,36.3,248.0,8.26,620.0,92.0,,131.4,46.0,5.9,24.0,800.0,1064.0,,,,,,,,,,,,,,,,,,,,,,,,36.55
2020-01-07,154.52,79.14,14.64,248.3,7.74,2.26,1.31,4.19,151752.0,0.0,0.0,0.0,7.81,6.19,112.0,38.9,,,8.01,27653.0,0.0,0.0,0.0,2.26,1.15,2951.0,16352.0,67.2,6874.0,112.0,39.0,,,7.98,24516.0,0.0,0.0,0.0,2.38,1.05,2755.0,16725.0,67.1,6408.0,13282,342.0,8.35,6280.0,8.36,6040.0,,,,,183.0,7.89,0.0,10880.0,42.0,5.05,4.3,0.0,0.0,37.9,168.0,7.98,0.0,19840.0,49.0,4.36,5.1,0.0,0.0,37.5,186.0,8.25,580.0,,,128.6,47.0,5.1,23.0,454.1353383458645,603.9999999999999,,,,,,,,,,,,,,,,,,,,,,,,37.7
2020-01-08,124.31,80.0,11.68,215.99,7.68,3.0,1.9,4.21,178142.0,0.0,0.0,0.0,7.1,5.33,120.0,38.9,,,8.0,26924.0,0.0,0.0,0.0,2.23,0.79,2984.0,16424.0,67.0,7036.0,120.0,38.9,,,7.99,24771.0,0.0,0.0,0.0,2.5,0.94,2717.0,16954.0,67.2,6548.0,13584,401.0,8.35,3660.0,8.31,5860.0,2524.0,2469.0,,,195.0,7.93,0.0,9820.0,46.0,4.18,5.3,0.0,0.0,36.2,204.0,8.01,0.0,16820.0,51.0,4.51,4.8,0.0,0.0,37.1,244.0,8.28,440.0,,,125.4,48.0,4.2,24.0,500.0,665.0,,,,,,,,,,,,,,,,,,,,,,,,36.650000000000006
2020-01-09,149.24,88.5,18.38,256.12,7.65,2.17,1.39,4.15,136683.0,0.0,0.0,0.0,7.14,5.38,120.0,39.0,,,8.02,27142.0,0.0,0.0,0.0,2.83,1.23,3166.0,16251.0,67.1,6963.0,120.0,39.0,,,8.01,19245.0,0.0,0.0,0.0,2.38,0.97,2731.0,16884.0,67.2,6549.0,13512,267.0,8.31,7800.0,8.25,5060.0,2401.0,2386.0,,,194.0,7.94,0.0,10080.0,53.0,5.27,4.6,0.0,0.0,37.3,169.0,8.04,0.0,15340.0,46.0,4.27,5.2,0.0,0.0,36.2,274.0,8.24,600.0,,,113.8,49.0,6.1,21.0,500.0,665.0,,,,,,,,,,,,,,,,,,,,,,,,36.75
2020-01-10,149.73,64.94,18.29,232.95999999999998,7.2,3.29,1.86,3.96,151663.0,0.0,0.0,0.0,7.71,5.73,120.0,38.9,,,7.74,25846.0,0.0,0.0,0.0,2.51,1.18,3247.0,16375.0,66.3,7093.0,120.0,38.9,,,7.72,21943.0,0.0,0.0,0.0,2.45,1.05,2884.0,16784.0,66.5,6663.0,13756,358.0,8.13,0.0,8.21,5680.0,2436.0,2345.0,,,221.0,7.91,0.0,9680.0,48.0,4.31,4.2,0.0,0.0,37.8,184.0,7.99,0.0,15880.0,51.0,5.24,4.6,0.0,0.0,37.2,266.0,8.2,480.0,,,126.4,51.0,4.5,24.0,0.0,0.0,,,,,,,,,,,,,,,,,,,,,,,,37.5
2020-01-11,181.73,,16.97,198.7,0.0,0.0,0.0,0.0,0.0,0.0,0.0,0.0,0.0,0.0,120.0,0.0,,,0.0,0.0,0.0,0.0,0.0,0.0,0.0,0.0,0.0,,7456.0,120.0,0.0,,,0.0,0.0,0.0,0.0,0.0,0.0,0.0,0.0,0.0,,6982.0,14438,373.0,0.0,0.0,,,,,,,195.0,0.0,0.0,0.0,0.0,0.0,0.0,0.0,0.0,,208.0,0.0,0.0,0.0,0.0,0.0,0.0,0.0,0.0,,299.0,,,,,,,,24.0,0.0,0.0,,,,,,,,,,,,,,,,,,,,,,,,
2020-01-12,,41.4,,41.4,0.0,0.0,0.0,0.0,0.0,0.0,0.0,0.0,0.0,0.0,115.0,0.0,,,0.0,0.0,0.0,0.0,0.0,0.0,0.0,0.0,0.0,,7381.0,115.0,0.0,,,0.0,0.0,0.0,0.0,0.0,0.0,0.0,0.0,0.0,,6857.0,14238,333.0,0.0,0.0,,,,,,,193.0,0.0,0.0,0.0,0.0,0.0,0.0,0.0,0.0,,182.0,0.0,0.0,0.0,0.0,0.0,0.0,0.0,0.0,,312.0,,,,,,,,34.0,0.0,0.0,,,,,,,,,,,,,,,,,,,,,,,,
2020-01-13,179.62,96.04,22.28,297.94000000000005,7.31,2.44,1.48,3.93,145649.0,4527.0,724.0,1539.0,7.26,5.41,108.0,39.5,,,7.72,22760.0,4736.0,538.0,3531.0,2.09,1.11,2671.0,15949.0,67.1,6146.0,108.0,39.6,,,7.72,23950.0,4947.0,622.0,3587.0,2.08,1.2,2732.0,16254.0,66.9,5815.0,11961,326.0,8.1,2780.0,8.16,7420.0,2687.0,2376.0,300.0,1687.0,193.0,7.83,140.0,10460.0,74.0,4.37,5.1,0.11,8.2,36.1,193.0,7.92,140.0,13340.0,57.0,6.01,4.5,0.21,7.7,37.5,317.0,8.06,640.0,94.0,,138.7,60.0,7.3,48.0,0.0,0.0,,,,,,,,,,,,,,,,,,,,,,,,36.8
2020-01-14,124.66,135.42,14.34,274.41999999999996,7.56,2.18,1.32,3.99,142611.0,0.0,0.0,0.0,7.04,5.51,108.0,39.6,,,7.78,24328.0,0.0,0.0,0.0,2.28,1.05,2664.0,15895.0,66.5,6492.0,108.0,39.7,,,7.77,21981.0,0.0,0.0,0.0,2.25,0.98,2751.0,16462.0,66.2,6124.0,12616,327.0,8.15,4680.0,8.18,6880.0,2624.0,2391.0,,,193.0,7.87,0.0,9820.0,54.0,6.21,4.8,0.0,0.0,37.3,211.0,7.96,0.0,13860.0,43.0,5.32,3.8,0.0,0.0,37.5,320.0,8.1,440.0,,,132.5,58.0,4.5,48.0,0.0,0.0,,,,,,,,,,,,,,,,,,,,,,,,37.4
2020-01-15,149.99,66.3,11.57,227.86,7.61,2.21,1.64,4.15,149103.0,0.0,0.0,0.0,7.56,6.29,108.0,39.5,,,7.85,28641.0,0.0,0.0,0.0,2.33,1.37,2813.0,16113.0,68.0,6584.0,108.0,39.7,,,7.85,20190.0,0.0,0.0,0.0,2.45,1.43,2688.0,16528.0,68.1,6164.0,12748,339.0,8.11,5540.0,8.1,5620.0,2584.0,2338.0,,,192.0,7.8,0.0,10400.0,51.0,4.26,5.2,0.0,0.0,36.2,182.0,7.87,0.0,13340.0,54.0,4.18,4.8,0.0,0.0,36.4,322.0,8.0,660.0,,,128.5,53.0,5.8,48.0,700.0,931.0,,,,,,,,,,,,,,,,,,,,,,,,36.3
2020-01-16,153.33,79.67,20.97,253.97,7.45,2.94,1.88,4.09,165045.0,0.0,0.0,0.0,7.33,5.67,108.0,39.6,,,7.82,39187.0,0.0,0.0,0.0,2.66,1.4,3147.0,15926.0,67.4,6707.0,108.0,39.8,,,7.81,27198.0,0.0,0.0,0.0,2.6,1.36,2741.0,16511.0,67.3,6291.0,12998,319.0,8.15,2660.0,8.12,4700.0,2538.0,2428.0,,,183.0,7.79,0.0,9840.0,46.0,5.13,4.3,0.0,0.0,37.3,152.0,7.82,0.0,14400.0,50.0,5.2,4.6,0.0,0.0,37.7,350.0,8.05,620.0,,,137.6,52.0,5.2,48.0,300.0,399.0,,,,,,,,,,,,,,,,,,,,,,,,37.5
2020-01-17,131.16,79.7,17.74,228.60000000000002,7.41,2.26,1.58,4.09,147231.0,0.0,0.0,0.0,7.63,6.05,100.0,39.9,,,7.84,26377.0,0.0,0.0,0.0,2.48,1.45,3037.0,16079.0,67.6,6451.0,100.0,40.0,,,7.84,25025.0,0.0,0.0,0.0,2.47,1.28,2793.0,16239.0,67.5,6092.0,12543,358.0,8.06,3020.0,8.05,5620.0,2622.0,2465.0,,,178.0,7.75,0.0,10520.0,48.0,4.12,5.3,0.0,0.0,36.2,158.0,7.8,0.0,13740.0,52.0,4.83,5.1,0.0,0.0,36.2,365.0,8.01,540.0,,,129.5,49.0,4.8,48.0,0.0,0.0,,,,,,,,,,,,,,,,,,,,,,,,36.2
2020-01-18,181.66,82.65,16.26,280.57,0.0,0.0,0.0,0.0,0.0,0.0,0.0,0.0,0.0,0.0,96.0,0.0,,,0.0,0.0,0.0,0.0,0.0,0.0,0.0,0.0,0.0,,6205.0,96.0,0.0,,,0.0,0.0,0.0,0.0,0.0,0.0,0.0,0.0,0.0,,5823.0,12028,277.0,0.0,0.0,,,,,,,176.0,0.0,0.0,0.0,0.0,0.0,0.0,0.0,0.0,,142.0,0.0,0.0,0.0,0.0,0.0,0.0,0.0,0.0,,339.0,,,,,,,,48.0,800.0,1064.0,,,,,,,,,,,,,,,,,,,,,,,,
2020-01-19,,,,,0.0,0.0,0.0,0.0,0.0,0.0,0.0,0.0,0.0,0.0,96.0,0.0,,,0.0,0.0,0.0,0.0,0.0,0.0,0.0,0.0,0.0,,5932.0,96.0,0.0,,,0.0,0.0,0.0,0.0,0.0,0.0,0.0,0.0,0.0,,5566.0,11498,357.0,0.0,0.0,,,,,,,177.0,0.0,0.0,0.0,0.0,0.0,0.0,0.0,0.0,,158.0,0.0,0.0,0.0,0.0,0.0,0.0,0.0,0.0,,337.0,,,,,,,,48.0,600.0,798.0,,,,,,,,,,,,,,,,,,,,,,,,
2020-01-20,147.37,71.53,22.8,241.70000000000002,0.0,0.0,0.0,0.0,0.0,0.0,0.0,0.0,0.0,0.0,96.0,0.0,,,0.0,0.0,0.0,0.0,0.0,0.0,0.0,0.0,0.0,,5889.0,96.0,0.0,,,0.0,0.0,0.0,0.0,0.0,0.0,0.0,0.0,0.0,,5465.0,11354,177.0,0.0,0.0,,,,,,,151.0,0.0,0.0,0.0,0.0,0.0,0.0,0.0,0.0,,148.0,0.0,0.0,0.0,0.0,0.0,0.0,0.0,0.0,,285.0,,,,,,,,48.0,412.7819548872176,548.9999999999994,,,,,,,,,,,,,,,,,,,,,,,,
2020-01-21,147.31,79.83,14.67,241.80999999999997,7.5,2.52,1.57,4.16,189231.0,4745.0,1565.0,1565.1,8.13,6.34,96.0,40.0,,,7.82,27887.0,3911.0,460.0,2977.0,2.26,0.99,2987.0,15849.0,67.5,6338.0,96.0,39.9,,,7.82,33089.0,4152.0,515.0,3309.0,2.35,0.95,2654.0,16133.0,67.4,5967.0,12305,296.0,7.97,7020.0,7.82,6580.0,2771.0,2305.0,251.0,2001.0,176.0,7.6,145.0,10140.0,63.0,3.84,6.2,0.16,11.1,37.0,181.0,7.63,144.0,15200.0,53.0,4.21,5.4,0.12,10.9,36.5,266.0,8.01,600.0,90.0,,142.5,45.0,9.4,48.0,500.0,665.0,,,,,,,,,,,,,,,,,,,,,,,,36.75
2020-01-22,174.69,79.06,13.07,266.82,7.7,3.33,1.79,4.05,160433.0,0.0,0.0,0.0,8.62,6.47,96.0,40.0,,,7.86,17978.0,0.0,0.0,0.0,2.46,0.9,3051.0,16024.0,66.8,6602.0,96.0,40.0,,,7.86,20553.0,0.0,0.0,0.0,2.31,0.88,2618.0,16325.0,66.7,6241.0,12843,202.0,7.68,7020.0,7.75,6020.0,2704.0,2394.0,,,174.0,7.58,0.0,10680.0,54.0,4.12,5.1,0.0,0.0,36.1,144.0,7.6,0.0,14840.0,48.0,5.13,4.7,0.0,0.0,37.7,286.0,8.0,640.0,,,138.6,51.0,6.9,48.0,500.0,665.0,,,,,,,,,,,,,,,,,,,,,,,,36.900000000000006
2020-01-23,149.27,87.32,21.98,258.57,7.34,2.25,1.58,4.03,146406.0,0.0,0.0,0.0,7.28,5.79,96.0,39.9,,,7.86,20831.0,0.0,0.0,0.0,2.08,1.2,2943.0,15882.0,67.6,6543.0,96.0,40.0,,,7.88,26557.0,0.0,0.0,0.0,2.6,1.27,2650.0,16287.0,67.4,6149.0,12692,281.0,7.63,6860.0,7.85,6680.0,2762.0,2436.0,,,168.0,7.63,0.0,10820.0,48.0,5.11,4.2,0.0,0.0,37.9,149.0,7.75,0.0,15620.0,50.0,4.18,4.6,0.0,0.0,36.8,257.0,7.92,540.0,,,133.6,47.0,5.2,48.0,500.0,665.0,,,,,,,,,,,,,,,,,,,,,,,,37.349999999999994
2020-01-24,227.48,41.4,38.82,307.7,0.0,0.0,0.0,0.0,0.0,0.0,0.0,0.0,0.0,0.0,96.0,0.0,,,0.0,0.0,0.0,0.0,0.0,0.0,0.0,0.0,0.0,,6810.0,96.0,0.0,,,0.0,0.0,0.0,0.0,0.0,0.0,0.0,0.0,0.0,,6365.0,13175,336.0,0.0,0.0,,,,,,,167.0,0.0,0.0,0.0,0.0,0.0,0.0,0.0,0.0,,150.0,0.0,0.0,0.0,0.0,0.0,0.0,0.0,0.0,,297.0,,,,,,,,48.0,500.0,665.0,,,,,,,,,,,,,,,,,,,,,,,,
2020-01-25,46.89,,,46.89,0.0,0.0,0.0,0.0,0.0,0.0,0.0,0.0,0.0,0.0,96.0,0.0,,,0.0,0.0,0.0,0.0,0.0,0.0,0.0,0.0,0.0,,6819.0,96.0,0.0,,,0.0,0.0,0.0,0.0,0.0,0.0,0.0,0.0,0.0,,6357.0,13176,252.0,0.0,0.0,,,,,,,160.0,0.0,0.0,0.0,0.0,0.0,0.0,0.0,0.0,,142.0,0.0,0.0,0.0,0.0,0.0,0.0,0.0,0.0,,295.0,,,,,,,,48.0,500.0,665.0,,,,,,,,,,,,,,,,,,,,,,,,
2020-01-26,,,,,0.0,0.0,0.0,0.0,0.0,0.0,0.0,0.0,0.0,0.0,96.0,0.0,,,0.0,0.0,0.0,0.0,0.0,0.0,0.0,0.0,0.0,,6654.0,96.0,0.0,,,0.0,0.0,0.0,0.0,0.0,0.0,0.0,0.0,0.0,,6226.0,12880,265.0,0.0,0.0,,,,,,,160.0,0.0,0.0,0.0,0.0,0.0,0.0,0.0,0.0,,135.0,0.0,0.0,0.0,0.0,0.0,0.0,0.0,0.0,,223.0,,,,,,,,48.0,500.0,665.0,,,,,,,,,,,,,,,,,,,,,,,,
2020-01-27,95.97,78.45,22.49,196.91000000000003,0.0,0.0,0.0,0.0,0.0,0.0,0.0,0.0,0.0,0.0,96.0,0.0,,,0.0,0.0,0.0,0.0,0.0,0.0,0.0,0.0,0.0,,6276.0,96.0,0.0,,,0.0,0.0,0.0,0.0,0.0,0.0,0.0,0.0,0.0,,5906.0,12182,290.0,0.0,0.0,,,,,,,121.0,0.0,0.0,0.0,0.0,0.0,0.0,0.0,0.0,,127.0,0.0,0.0,0.0,0.0,0.0,0.0,0.0,0.0,,229.0,,,,,,,,48.0,500.0,665.0,,,,,,,,,,,,,,,,,,,,,,,,
2020-01-28,153.71,88.61,16.79,259.11,7.11,3.21,2.45,4.05,152363.0,4436.0,718.0,1557.6,6.06,5.12,96.0,39.4,,,7.79,26192.0,4157.0,489.0,3106.0,2.17,1.09,2854.0,15836.0,68.0,5953.0,96.0,39.7,,,7.81,24916.0,4386.0,527.0,3441.0,2.3,1.35,2716.0,16054.0,67.9,5578.0,11531,193.0,,0.0,7.72,5300.0,2713.0,2486.0,285.0,2104.0,160.0,7.69,120.0,11200.0,42.0,3.59,4.3,0.18,9.4,37.8,142.0,7.76,121.0,17180.0,54.0,4.72,4.6,0.1,10.6,36.7,122.0,7.8,760.0,,,118.6,50.0,9.8,48.0,475.187969924812,632.0,,,,,,,,,,,,,,,,,,,,,,,,37.25
2020-01-29,200.58,89.29,15.96,305.83,7.62,2.8,1.66,4.05,157258.0,0.0,0.0,0.0,6.73,4.69,96.0,39.6,,,7.81,37516.0,0.0,0.0,0.0,2.18,0.8,2966.0,15793.0,67.5,6185.0,96.0,39.9,,,7.82,28698.0,0.0,0.0,0.0,2.3,0.88,2762.0,16116.0,67.4,5807.0,11992,363.0,7.68,4880.0,7.78,5400.0,2750.0,2519.0,,,173.0,7.73,0.0,10680.0,46.0,4.2,4.1,0.0,0.0,36.1,153.0,7.78,0.0,18220.0,50.0,4.16,5.1,0.0,0.0,36.7,357.0,7.83,680.0,,,120.4,49.0,6.3,48.0,500.0,665.0,,,,,,,,,,,,,,,,,,,,,,,,36.400000000000006
2020-01-30,152.76,,19.56,172.32,7.57,2.73,1.77,3.89,156560.0,0.0,0.0,0.0,7.58,5.72,96.0,39.6,,,7.86,27156.0,0.0,0.0,0.0,2.19,1.11,3041.0,15746.0,67.1,6554.0,96.0,39.9,,,7.82,20125.0,0.0,0.0,0.0,2.5,1.17,2734.0,15992.0,67.0,6173.0,12727,230.0,7.71,4880.0,7.8,5840.0,2602.0,2443.0,,,138.0,,0.0,0.0,0.0,0.0,0.0,0.0,0.0,0.0,159.0,7.74,0.0,17560.0,56.0,5.17,4.5,0.0,0.0,37.6,228.0,7.85,720.0,,,125.8,53.0,7.3,48.0,500.0,665.0,,,,,,,,,,,,,,,,,,,,,,,,
2020-01-31,199.99,85.02,17.63,302.64,7.79,1.75,1.17,4.0,154766.0,0.0,0.0,0.0,7.55,5.79,96.0,39.8,,,7.87,27082.0,0.0,0.0,0.0,2.13,0.79,2948.0,15849.0,66.6,6653.0,96.0,39.9,,,7.84,21673.0,0.0,0.0,0.0,2.21,0.87,2788.0,15489.0,66.7,6249.0,12902,288.0,7.56,4220.0,7.63,6720.0,2705.0,2450.0,,,177.0,7.76,0.0,10440.0,52.0,5.34,4.8,0.0,0.0,36.8,161.0,7.81,0.0,17360.0,50.0,4.28,5.1,0.0,0.0,36.6,204.0,7.95,540.0,,,118.4,53.0,5.2,48.0,700.0,931.0,,,,,,,,,,,,,,,,,,,,,,,,36.7
2020-02-01,153.63,88.96,23.2,265.78999999999996,0.0,0.0,0.0,0.0,0.0,0.0,0.0,0.0,0.0,0.0,96.0,0.0,,,0.0,0.0,0.0,0.0,0.0,0.0,0.0,0.0,0.0,,6078.0,96.0,0.0,,,0.0,0.0,0.0,0.0,0.0,0.0,0.0,0.0,0.0,,5669.0,11747,304.0,0.0,0.0,,,,,,,178.0,0.0,0.0,0.0,0.0,0.0,0.0,0.0,0.0,,159.0,0.0,0.0,0.0,0.0,0.0,0.0,0.0,0.0,,273.0,,,,,,,,48.0,700.0,931.0,,,,,,,,,,,,,,,,,,,,,,,,
2020-02-02,,,,,0.0,0.0,0.0,0.0,0.0,0.0,0.0,0.0,0.0,0.0,96.0,0.0,,,0.0,0.0,0.0,0.0,0.0,0.0,0.0,0.0,0.0,,5821.0,96.0,0.0,,,0.0,0.0,0.0,0.0,0.0,0.0,0.0,0.0,0.0,,5456.0,11277,279.0,0.0,0.0,,,,,,,142.0,0.0,0.0,0.0,0.0,0.0,0.0,0.0,0.0,,159.0,0.0,0.0,0.0,0.0,0.0,0.0,0.0,0.0,,243.0,,,,,,,,48.0,600.0,798.0,,,,,,,,,,,,,,,,,,,,,,,,
2020-02-03,177.99,84.99,23.94,286.92,7.62,2.38,1.2,4.09,158917.0,5008.0,821.0,1538.0,6.31,4.39,96.0,40.1,,,7.83,22938.0,4355.0,520.0,3309.0,2.38,0.91,2817.0,16069.0,67.2,5846.0,96.0,39.9,,,7.82,24641.0,4635.0,486.0,3376.0,2.36,1.15,2710.0,16207.0,67.1,5455.0,11301,247.0,0.0,2180.0,7.67,4840.0,2281.0,2184.0,187.0,1663.0,176.0,7.76,120.0,10820.0,47.0,3.6,4.1,0.1,7.4,36.6,150.0,8.0,119.0,19540.0,33.0,4.17,4.3,0.1,7.1,37.3,196.0,7.47,540.0,89.0,,117.9,45.0,6.6,48.0,477.4436090225563,634.9999999999999,,,,,,,,,,,,,,,,,,,,,,,,36.95
2020-02-04,180.35,117.32,14.76,312.42999999999995,7.53,2.64,1.48,4.15,143111.0,0.0,0.0,0.0,6.6,4.85,96.0,39.9,,,7.82,28343.0,0.0,0.0,0.0,2.34,0.93,2852.0,16038.0,67.4,5689.0,96.0,39.9,,,7.84,26551.0,0.0,0.0,0.0,2.39,0.97,2683.0,16288.0,67.3,5337.0,11026,271.0,7.7,7080.0,7.82,5220.0,2456.0,2386.0,,,175.0,7.7,0.0,10280.0,42.0,4.26,4.8,0.0,0.0,37.2,142.0,7.79,0.0,18160.0,47.0,5.14,4.1,0.0,0.0,36.9,298.0,8.02,600.0,,,120.5,44.0,7.1,48.0,600.0,798.0,,,,,,,,,,,,,,,,,,,,,,,,37.05
2020-02-05,176.48,37.49,15.77,229.74,7.48,3.62,2.22,4.23,151045.0,0.0,0.0,0.0,6.94,5.29,96.0,40.0,,,7.85,27725.0,0.0,0.0,0.0,2.41,1.02,2826.0,16154.0,67.6,5843.0,96.0,39.9,,,7.85,28802.0,0.0,0.0,0.0,2.35,1.14,2649.0,16311.0,67.5,5503.0,11346,230.0,7.78,2880.0,7.89,3640.0,2365.0,2304.0,,,170.0,7.74,0.0,10780.0,50.0,4.53,5.1,0.0,0.0,37.4,133.0,7.83,0.0,17820.0,46.0,4.16,4.9,0.0,0.0,37.6,227.0,8.06,640.0,,,122.2,47.0,6.8,48.0,700.0,931.0,,,,,,,,,,,,,,,,,,,,,,,,37.5
2020-02-06,127.27,88.9,15.24,231.41000000000003,7.67,2.06,1.09,4.17,147071.0,0.0,0.0,0.0,7.09,5.17,96.0,39.9,,,7.88,24399.0,0.0,0.0,0.0,2.18,0.9,2894.0,15859.0,67.3,6011.0,96.0,39.9,,,7.88,22135.0,0.0,0.0,0.0,2.12,0.98,2712.0,16208.0,67.4,5646.0,11657,344.0,7.76,1560.0,7.85,7480.0,2701.0,2516.0,,,161.0,7.72,0.0,9468.0,41.0,4.27,4.3,0.0,0.0,36.5,126.0,7.8,0.0,20380.0,39.0,4.61,4.4,0.0,0.0,36.3,250.0,8.02,580.0,,,142.0,42.0,5.7,48.0,700.0,931.0,,,,,,,,,,,,,,,,,,,,,,,,36.4
2020-02-07,126.82,89.02,19.72,235.55999999999997,7.72,2.18,1.14,4.11,153840.0,0.0,0.0,0.0,7.24,5.51,96.0,39.9,,,7.9,26243.0,0.0,0.0,0.0,2.24,0.95,2886.0,15776.0,67.0,6076.0,96.0,39.9,,,7.9,24310.0,0.0,0.0,0.0,2.3,1.01,2734.0,16105.0,66.9,5703.0,11779,289.0,7.79,5620.0,7.8,6880.0,2684.0,2480.0,,,159.0,7.76,0.0,10020.0,46.0,3.58,4.2,0.0,0.0,37.8,125.0,7.82,0.0,21060.0,35.0,4.81,4.6,0.0,0.0,37.5,144.0,8.05,540.0,,,138.5,41.0,5.9,48.0,600.0,798.0,,,,,,,,,,,,,,,,,,,,,,,,37.65
2020-02-08,180.06,77.02,17.81,274.89,0.0,0.0,0.0,0.0,0.0,0.0,0.0,0.0,0.0,0.0,96.0,0.0,,,0.0,0.0,0.0,0.0,0.0,0.0,0.0,0.0,0.0,,6241.0,96.0,0.0,,,0.0,0.0,0.0,0.0,0.0,0.0,0.0,0.0,0.0,,5888.0,12129,359.0,0.0,0.0,,,,,,,160.0,0.0,0.0,0.0,0.0,0.0,0.0,0.0,0.0,,127.0,0.0,0.0,0.0,0.0,0.0,0.0,0.0,0.0,,285.0,,,,,,,,48.0,600.0,798.0,,,,,,,,,,,,,,,,,,,,,,,,
2020-02-09,,41.95,,41.95,0.0,0.0,0.0,0.0,0.0,0.0,0.0,0.0,0.0,0.0,96.0,0.0,,,0.0,0.0,0.0,0.0,0.0,0.0,0.0,0.0,0.0,,6516.0,96.0,0.0,,,0.0,0.0,0.0,0.0,0.0,0.0,0.0,0.0,0.0,,6140.0,12656,362.0,0.0,0.0,,,,,,,173.0,0.0,0.0,0.0,0.0,0.0,0.0,0.0,0.0,,136.0,0.0,0.0,0.0,0.0,0.0,0.0,0.0,0.0,,241.0,,,,,,,,48.0,500.0,665.0,,,,,,,,,,,,,,,,,,,,,,,,
2020-02-10,177.34,36.25,22.55,236.14000000000001,7.29,3.58,2.64,4.09,175761.0,4004.0,863.0,1744.0,7.48,6.13,96.0,39.9,,,7.86,23827.0,4513.0,519.0,3499.0,2.34,1.19,2684.0,16527.0,67.4,6013.0,96.0,39.9,,,7.84,19313.0,4823.0,479.0,3813.0,2.35,1.24,2621.0,17054.0,67.3,5649.0,11662,289.0,7.7,10720.0,7.58,10360.0,2808.0,2319.0,366.0,1848.0,152.0,7.77,128.0,11360.0,43.0,3.36,5.5,0.2,8.2,37.9,149.0,7.68,127.0,18860.0,52.0,5.31,6.1,0.14,7.8,37.1,144.0,7.86,620.0,91.0,,125.2,49.0,6.5,48.0,66.165413533834,87.99999999999922,,,,,,,,,,,,,,,,,,,,,,,,37.5
2020-02-11,155.4,89.55,14.15,259.09999999999997,7.59,2.2,1.26,4.19,153972.0,0.0,0.0,0.0,7.73,5.73,96.0,39.9,,,7.88,31035.0,0.0,0.0,0.0,2.25,0.8,2641.0,16551.0,67.1,5885.0,96.0,39.9,,,7.86,27469.0,0.0,0.0,0.0,2.29,0.78,2667.0,17122.0,67.1,5609.0,11494,281.0,7.68,1780.0,7.63,10240.0,2784.0,2341.0,,,157.0,7.79,0.0,11160.0,56.0,4.18,5.1,0.0,0.0,36.9,149.0,7.69,0.0,18980.0,46.0,3.48,5.7,0.0,0.0,37.2,191.0,7.91,560.0,,,122.4,47.0,6.1,48.0,800.0,1064.0,,,,,,,,,,,,,,,,,,,,,,,,37.05
2020-02-12,127.64,86.12,14.31,228.07,7.61,1.92,1.16,4.08,172810.0,0.0,0.0,0.0,7.4,5.43,96.0,39.9,,,7.83,22903.0,0.0,0.0,0.0,2.47,1.0,2736.0,16328.0,66.7,5800.0,96.0,39.9,,,7.81,26190.0,0.0,0.0,0.0,2.36,0.96,2741.0,16854.0,66.8,5542.0,11342,253.0,7.7,4680.0,7.65,9140.0,2721.0,2328.0,,,185.0,7.82,0.0,11460.0,48.0,3.54,4.6,0.0,0.0,36.8,150.0,7.71,0.0,19320.0,52.0,4.74,4.8,0.0,0.0,38.0,232.0,7.95,680.0,,,120.4,51.0,7.1,48.0,600.0,798.0,,,,,,,,,,,,,,,,,,,,,,,,37.4
2020-02-13,152.08,121.53,15.68,289.29,6.61,4.51,3.12,4.15,151270.0,0.0,0.0,0.0,6.73,4.8,96.0,40.1,,,7.83,25665.0,0.0,0.0,0.0,2.22,0.78,2792.0,16424.0,66.4,5547.0,96.0,39.8,,,7.8,29542.0,0.0,0.0,0.0,2.43,0.86,2785.0,16926.0,66.6,5248.0,10795,331.0,7.85,2400.0,7.75,7740.0,2645.0,2354.0,,,186.0,7.72,0.0,11680.0,41.0,3.82,4.4,0.0,0.0,37.2,150.0,7.77,0.0,20320.0,44.0,4.16,4.2,0.0,0.0,37.5,266.0,8.0,760.0,,,132.0,42.0,8.2,48.0,700.0,931.0,,,,,,,,,,,,,,,,,,,,,,,,37.35
2020-02-14,150.21,38.61,19.14,207.95999999999998,6.54,4.34,3.49,4.14,152293.0,0.0,0.0,0.0,6.56,5.56,96.0,40.1,,,7.82,24120.0,0.0,0.0,0.0,2.37,1.04,2728.0,16579.0,66.6,5697.0,96.0,39.9,,,7.8,28887.0,0.0,0.0,0.0,2.4,1.11,2694.0,17058.0,66.8,5457.0,11154,318.0,7.81,2620.0,7.68,6880.0,2552.0,2387.0,,,184.0,7.7,0.0,10840.0,46.0,4.26,4.1,0.0,0.0,36.9,149.0,7.74,0.0,19880.0,48.0,3.54,3.8,0.0,0.0,37.4,232.0,7.97,640.0,,,128.4,45.0,6.7,48.0,600.0,798.0,,,,,,,,,,,,,,,,,,,,,,,,37.15
2020-02-15,179.95,82.22,18.28,280.44999999999993,0.0,0.0,0.0,0.0,0.0,0.0,0.0,0.0,0.0,0.0,96.0,0.0,,,0.0,0.0,0.0,0.0,0.0,0.0,0.0,0.0,0.0,,5992.0,96.0,0.0,,,0.0,0.0,0.0,0.0,0.0,0.0,0.0,0.0,0.0,,5725.0,11717,362.0,0.0,0.0,,,,,,,186.0,0.0,0.0,0.0,0.0,0.0,0.0,0.0,0.0,,140.0,0.0,0.0,0.0,0.0,0.0,0.0,0.0,0.0,,183.0,,,,,,,,48.0,500.0,665.0,,,,,,,,,,,,,,,,,,,,,,,,
2020-02-16,,,,,0.0,0.0,0.0,0.0,0.0,0.0,0.0,0.0,0.0,0.0,96.0,0.0,,,0.0,0.0,0.0,0.0,0.0,0.0,0.0,0.0,0.0,,6086.0,96.0,0.0,,,0.0,0.0,0.0,0.0,0.0,0.0,0.0,0.0,0.0,,5842.0,11928,326.0,0.0,0.0,,,,,,,213.0,0.0,0.0,0.0,0.0,0.0,0.0,0.0,0.0,,163.0,0.0,0.0,0.0,0.0,0.0,0.0,0.0,0.0,,196.0,,,,,,,,48.0,0.0,0.0,,,,,,,,,,,,,,,,,,,,,,,,
2020-02-17,177.03,103.03,21.17,301.23,6.93,3.21,1.92,4.1,177376.0,5498.0,991.0,1843.0,6.25,4.47,96.0,40.0,,,7.89,25782.0,5116.0,535.0,3857.0,2.34,0.82,2657.0,16752.0,67.2,5805.0,96.0,40.0,,,7.87,23374.0,4930.0,525.0,3442.0,2.05,0.67,2628.0,17154.0,67.2,5576.0,11381,314.0,7.85,1360.0,7.64,6480.0,2610.0,2299.0,236.0,1679.0,185.0,7.76,129.0,11900.0,33.0,6.15,4.1,0.23,9.2,37.1,159.0,7.72,128.0,18780.0,45.0,7.62,4.5,0.1,8.3,37.6,201.0,7.98,420.0,93.0,,126.7,42.0,6.3,48.0,1200.0,1596.0,,,,,,,,,,,,,,,,,,,,,,,,37.35
2020-02-18,160.54,117.78,14.36,292.68,7.88,3.14,1.83,4.14,180446.0,0.0,0.0,0.0,7.28,5.59,96.0,0.0,,,7.86,26150.0,0.0,0.0,0.0,2.32,1.03,2721.0,16854.0,66.8,5517.0,96.0,0.0,,,7.85,25248.0,0.0,0.0,0.0,2.41,1.03,2676.0,17105.0,66.7,5255.0,10772,263.0,8.0,1520.0,7.78,7480.0,2748.0,2306.0,,,186.0,7.57,0.0,12420.0,41.0,5.14,4.6,0.0,0.0,36.4,167.0,7.69,0.0,19860.0,47.0,6.23,5.1,0.0,0.0,36.9,272.0,8.04,780.0,,,131.2,41.0,7.8,48.0,527.8195488721803,701.9999999999999,,,,,,,,,,,,,,,,,,,,,,,,36.65
2020-02-19,123.02,18.28,14.93,156.23000000000002,7.94,2.85,1.61,4.19,178699.0,0.0,0.0,0.0,7.41,5.68,96.0,39.9,,,7.85,27252.0,0.0,0.0,0.0,2.38,1.1,2784.0,16754.0,65.8,5621.0,96.0,39.9,,,7.86,26328.0,0.0,0.0,0.0,2.31,0.99,2702.0,17011.0,65.9,5395.0,11016,334.0,7.91,4020.0,7.75,6880.0,2652.0,2384.0,,,176.0,7.65,0.0,14240.0,39.0,5.21,4.2,0.0,0.0,37.6,166.0,7.71,0.0,18700.0,42.0,5.51,4.5,0.0,0.0,36.4,260.0,7.99,640.0,,,128.8,43.0,6.9,48.0,600.0,798.0,,,,,,,,,,,,,,,,,,,,,,,,37.0
2020-02-20,125.75,65.0,15.06,205.81,7.25,3.4,2.12,4.14,185544.0,0.0,0.0,0.0,6.71,5.37,96.0,39.8,,,7.83,28430.0,0.0,0.0,0.0,2.43,1.06,2852.0,16824.0,67.0,5431.0,96.0,40.0,,,7.86,27800.0,0.0,0.0,0.0,2.19,0.95,2769.0,17203.0,67.0,5171.0,10602,281.0,7.87,1780.0,7.72,7780.0,2636.0,2386.0,,,168.0,7.68,0.0,12020.0,46.0,4.28,5.3,0.0,0.0,36.5,160.0,7.73,0.0,17920.0,52.0,4.26,5.1,0.0,0.0,37.2,286.0,8.0,380.0,,,131.5,47.0,4.3,48.0,500.0,665.0,,,,,,,,,,,,,,,,,,,,,,,,36.85
2020-02-21,148.75,147.6,17.76,314.11,7.82,2.17,1.33,4.33,182315.0,0.0,0.0,0.0,6.49,5.01,96.0,39.9,,,7.86,29234.0,0.0,0.0,0.0,2.46,1.19,2815.0,16804.0,66.4,5465.0,96.0,39.9,,,7.87,28241.0,0.0,0.0,0.0,2.39,1.12,2791.0,17154.0,66.5,5249.0,10714,347.0,7.96,2020.0,7.7,6940.0,2684.0,2401.0,,,194.0,7.66,0.0,12200.0,51.0,6.21,4.2,0.0,0.0,37.4,169.0,7.7,0.0,20680.0,42.0,4.17,4.6,0.0,0.0,37.6,321.0,7.97,560.0,,,129.3,50.0,5.8,48.0,500.0,665.0,,,,,,,,,,,,,,,,,,,,,,,,37.5
2020-02-22,74.24,35.64,15.37,125.25,0.0,0.0,0.0,0.0,0.0,0.0,0.0,0.0,0.0,0.0,96.0,0.0,,,0.0,0.0,0.0,0.0,0.0,0.0,0.0,0.0,0.0,,6108.0,96.0,0.0,,,0.0,0.0,0.0,0.0,0.0,0.0,0.0,0.0,0.0,,5816.0,11924,363.0,0.0,0.0,,,,,,,193.0,0.0,0.0,0.0,0.0,0.0,0.0,0.0,0.0,,148.0,0.0,0.0,0.0,0.0,0.0,0.0,0.0,0.0,,339.0,,,,,,,,48.0,500.0,665.0,,,,,,,,,,,,,,,,,,,,,,,,
2020-02-23,,,,,0.0,0.0,0.0,0.0,0.0,0.0,0.0,0.0,0.0,0.0,96.0,0.0,,,0.0,0.0,0.0,0.0,0.0,0.0,0.0,0.0,0.0,,6423.0,96.0,0.0,,,0.0,0.0,0.0,0.0,0.0,0.0,0.0,0.0,0.0,,6140.0,12563,356.0,0.0,0.0,,,,,,,194.0,0.0,0.0,0.0,0.0,0.0,0.0,0.0,0.0,,173.0,0.0,0.0,0.0,0.0,0.0,0.0,0.0,0.0,,289.0,,,,,,,,48.0,500.0,665.0,,,,,,,,,,,,,,,,,,,,,,,,
2020-02-24,126.58,37.18,21.34,185.1,7.43,3.67,2.5,4.02,189006.0,7912.0,1348.0,2370.0,8.72,7.24,96.0,40.0,,,7.87,34952.0,6071.0,678.0,4224.0,2.35,1.19,2904.0,17013.0,68.6,6794.0,96.0,40.0,,,7.86,27276.0,6063.0,596.0,4314.0,2.22,1.22,2849.0,17148.0,68.5,6467.0,13261,205.0,7.94,3300.0,7.84,7960.0,2871.0,2536.0,248.0,1841.0,193.0,7.83,134.0,12700.0,38.0,5.69,3.7,0.16,7.9,36.5,174.0,7.83,132.0,20840.0,49.0,5.62,4.2,0.43,8.4,36.7,263.0,7.98,580.0,95.0,,130.3,49.0,6.2,48.0,500.0,665.0,,,,,,,,,,,,,,,,,,,,,,,,36.6
2020-02-25,156.13,20.58,,176.70999999999998,7.3,3.56,2.28,3.85,184049.0,6690.0,1183.0,0.0,9.48,7.55,96.0,39.9,,,7.87,31122.0,5410.0,595.0,0.0,2.41,1.08,2862.0,16943.0,68.3,7430.0,96.0,39.9,,,7.83,35750.0,5210.0,0.0,0.0,2.34,0.91,2887.0,17026.0,68.3,7010.0,14440,358.0,7.84,6300.0,7.8,6580.0,2675.0,2494.0,,,194.0,7.8,0.0,12060.0,42.0,4.18,4.5,0.0,0.0,37.4,175.0,7.72,0.0,20980.0,52.0,4.93,4.1,0.0,0.0,36.9,252.0,8.0,580.0,,,131.6,48.0,6.8,48.0,0.0,0.0,,,,,,,,,,,,,,,,,,,,,,,,37.15
2020-02-26,101.37,199.32,21.21,321.9,7.99,2.95,1.83,4.3,183185.0,5824.0,0.0,0.0,7.67,5.87,96.0,39.9,,,7.89,36098.0,5781.0,0.0,0.0,2.28,1.06,2894.0,17024.0,67.9,7021.0,96.0,39.9,,,7.86,33700.0,5366.0,0.0,0.0,2.33,1.04,2921.0,17104.0,67.8,6566.0,13587,285.0,7.8,4000.0,7.84,8500.0,2813.0,2757.0,,,194.0,7.75,0.0,12020.0,54.0,5.82,4.9,0.0,0.0,36.5,175.0,7.65,0.0,20820.0,59.0,5.21,5.1,0.0,0.0,37.1,300.0,8.08,520.0,,,132.6,52.0,6.4,48.0,500.0,665.0,,,,,,,,,,,,,,,,,,,,,,,,36.8
2020-02-27,104.94,79.08,14.5,198.51999999999998,7.88,2.19,1.34,4.22,182662.0,5725.0,0.0,0.0,6.91,5.66,96.0,39.9,,,7.88,25087.0,5264.0,0.0,0.0,2.13,0.88,2817.0,17102.0,67.3,6245.0,96.0,39.9,,,7.86,26280.0,5589.0,0.0,0.0,2.41,1.13,2846.0,17205.0,67.4,5913.0,12158,298.0,7.85,3100.0,7.8,6740.0,2793.0,2292.0,,,193.0,7.77,0.0,11700.0,47.0,4.27,4.3,0.0,0.0,36.5,134.0,7.82,0.0,20200.0,44.0,4.31,5.5,0.0,0.0,37.2,264.0,7.01,720.0,,,134.9,51.0,7.2,48.0,369.92481203007446,491.9999999999991,,,,,,,,,,,,,,,,,,,,,,,,36.85
2020-02-28,151.47,38.83,19.92,210.22000000000003,7.46,2.33,1.56,4.21,171796.0,0.0,0.0,0.0,6.95,5.57,96.0,39.9,,,7.92,20694.0,0.0,0.0,0.0,2.32,1.27,2786.0,17069.0,67.7,5691.0,96.0,39.9,,,7.91,22340.0,0.0,0.0,0.0,2.28,1.15,2793.0,17153.0,67.8,5462.0,11153,258.0,7.87,1920.0,7.85,7480.0,2825.0,2486.0,,,186.0,7.7,0.0,11820.0,51.0,5.39,4.1,0.0,0.0,36.8,167.0,7.79,0.0,18980.0,46.0,6.38,4.5,0.0,0.0,37.1,288.0,7.99,620.0,,,139.5,49.0,5.9,48.0,500.0,665.0,,,,,,,,,,,,,,,,,,,,,,,,36.95
2020-02-29,116.43,41.22,13.64,171.29000000000002,0.0,0.0,0.0,0.0,0.0,0.0,0.0,0.0,0.0,0.0,96.0,0.0,,,0.0,0.0,0.0,0.0,0.0,0.0,0.0,0.0,0.0,,5762.0,96.0,0.0,,,0.0,0.0,0.0,0.0,0.0,0.0,0.0,0.0,0.0,,5496.0,11258,282.0,0.0,0.0,,,,,,,181.0,0.0,0.0,0.0,0.0,0.0,0.0,0.0,0.0,,125.0,0.0,0.0,0.0,0.0,0.0,0.0,0.0,0.0,,319.0,,,,,,,,48.0,500.0,665.0,,,,,,,,,,,,,,,,,,,,,,,,
2020-03-01,,,,,0.0,0.0,0.0,0.0,0.0,0.0,0.0,0.0,0.0,0.0,96.0,0.0,,,0.0,0.0,0.0,0.0,0.0,0.0,0.0,0.0,0.0,,5916.0,96.0,0.0,,,0.0,0.0,0.0,0.0,0.0,0.0,0.0,0.0,0.0,,5681.0,11597,363.0,0.0,0.0,,,,,,,176.0,0.0,0.0,0.0,0.0,0.0,0.0,0.0,0.0,,159.0,0.0,0.0,0.0,0.0,0.0,0.0,0.0,0.0,,285.0,,,,,,,,48.0,600.0,798.0,,,,,,,,,,,,,,,,,,,,,,,,
2020-03-02,119.3,113.65,18.95,251.89999999999998,7.45,3.09,1.86,4.26,159182.0,5207.0,984.0,0.0,6.27,4.52,96.0,39.9,,,7.91,21563.0,4809.0,483.0,3387.0,2.4,0.97,2745.0,17104.0,67.1,5511.0,96.0,39.9,,,7.88,21560.0,5065.0,460.0,3689.0,2.42,0.94,2762.0,17095.0,67.2,5264.0,10775,358.0,7.82,1780.0,7.88,7920.0,2803.0,2815.0,273.0,1783.0,176.0,7.74,138.0,10400.0,62.0,7.25,5.1,0.31,8.7,36.9,160.0,7.81,139.0,18500.0,54.0,4.21,5.4,0.15,7.2,37.7,223.0,8.0,740.0,98.0,,137.7,56.0,7.6,48.0,400.0,532.0,,,,,,,,,,,,,,,,,,,,,,,,37.3
2020-03-03,127.3,79.22,13.65,220.17,7.84,2.0,1.06,4.17,177147.0,0.0,0.0,0.0,6.85,4.86,96.0,39.9,,,7.95,26231.0,0.0,0.0,0.0,2.21,0.75,2728.0,17155.0,67.0,5404.0,96.0,39.9,,,7.94,27520.0,0.0,0.0,0.0,2.27,0.77,2751.0,17064.0,66.9,5095.0,10499,363.0,8.01,1540.0,7.92,8540.0,2520.0,2388.0,,,181.0,7.77,0.0,14280.0,53.0,5.15,3.9,0.0,0.0,37.3,164.0,7.84,0.0,17640.0,53.0,4.62,5.1,0.0,0.0,36.6,209.0,7.98,680.0,,,122.6,58.0,7.1,48.0,500.0,665.0,,,,,,,,,,,,,,,,,,,,,,,,36.95
2020-03-04,102.25,36.46,9.55,148.26000000000002,7.52,3.08,2.04,4.25,147960.0,0.0,0.0,0.0,6.36,4.8,96.0,40.0,,,7.92,22891.0,0.0,0.0,0.0,2.4,1.07,2762.0,17104.0,67.1,5201.0,96.0,40.0,,,7.93,22448.0,0.0,0.0,0.0,2.37,1.15,2812.0,17011.0,67.3,4927.0,10128,347.0,8.08,1420.0,7.93,8900.0,2722.0,2431.0,,,182.0,7.84,0.0,14300.0,50.0,4.23,4.1,0.0,0.0,36.3,163.0,7.88,0.0,17940.0,48.0,5.04,4.8,0.0,0.0,37.5,190.0,8.0,720.0,,,126.2,51.0,7.5,48.0,500.0,665.0,,,,,,,,,,,,,,,,,,,,,,,,36.9
2020-03-05,101.63,60.82,13.56,176.01,7.47,4.25,2.87,4.27,152131.0,0.0,0.0,0.0,6.89,5.28,96.0,39.9,,,7.95,34470.0,0.0,0.0,0.0,2.44,1.09,2821.0,17025.0,67.9,5303.0,96.0,40.0,,,7.95,31578.0,0.0,0.0,0.0,2.39,0.93,2841.0,17032.0,67.7,5039.0,10342,284.0,8.04,1220.0,7.95,8700.0,2712.0,2384.0,,,172.0,7.82,0.0,14260.0,67.0,6.34,5.6,0.0,0.0,37.2,182.0,7.85,0.0,17520.0,58.0,4.88,5.2,0.0,0.0,36.9,276.0,8.03,620.0,,,128.3,61.0,7.2,48.0,400.0,532.0,,,,,,,,,,,,,,,,,,,,,,,,37.05
2020-03-06,75.36,123.21,17.94,216.51,7.66,3.55,2.24,4.25,136435.0,0.0,0.0,0.0,6.8,5.17,93.0,39.7,,,7.92,29269.0,0.0,0.0,0.0,2.34,0.99,2796.0,17103.0,67.4,5169.0,93.0,39.9,,,7.92,32690.0,0.0,0.0,0.0,2.51,1.04,2863.0,17029.0,67.2,4866.0,10035,282.0,8.07,6240.0,7.88,8880.0,2786.0,2410.0,,,166.0,7.8,0.0,11600.0,54.0,4.37,4.8,0.0,0.0,36.6,211.0,7.82,0.0,16560.0,52.0,5.21,5.3,0.0,0.0,36.8,235.0,8.01,640.0,,,130.2,52.0,6.9,46.0,354.8872180451126,471.9999999999998,,,,,,,,,,,,,,,,,,,,,,,,36.7
2020-03-07,105.16,51.64,15.15,171.95000000000002,0.0,0.0,0.0,0.0,0.0,0.0,0.0,0.0,0.0,0.0,84.0,0.0,,,0.0,0.0,0.0,0.0,0.0,0.0,0.0,0.0,0.0,,4532.0,84.0,0.0,,,0.0,0.0,0.0,0.0,0.0,0.0,0.0,0.0,0.0,,4252.0,8784,327.0,0.0,0.0,,,,,,,168.0,0.0,0.0,0.0,0.0,0.0,0.0,0.0,0.0,,183.0,0.0,0.0,0.0,0.0,0.0,0.0,0.0,0.0,,255.0,,,,,,,,40.0,500.0,665.0,,,,,,,,,,,,,,,,,,,,,,,,
2020-03-08,,,,,0.0,0.0,0.0,0.0,0.0,0.0,0.0,0.0,0.0,0.0,84.0,0.0,,,0.0,0.0,0.0,0.0,0.0,0.0,0.0,0.0,0.0,,4747.0,84.0,0.0,,,0.0,0.0,0.0,0.0,0.0,0.0,0.0,0.0,0.0,,4541.0,9288,362.0,0.0,0.0,,,,,,,169.0,0.0,0.0,0.0,0.0,0.0,0.0,0.0,0.0,,183.0,0.0,0.0,0.0,0.0,0.0,0.0,0.0,0.0,,257.0,,,,,,,,40.0,100.0,133.0,,,,,,,,,,,,,,,,,,,,,,,,
2020-03-09,78.92,36.01,18.35,133.28,7.42,2.69,1.93,5.11,176154.0,5231.0,1083.0,1846.0,7.11,5.01,62.0,40.0,,,7.89,23050.0,4748.0,544.0,3836.0,2.35,1.24,2724.0,17021.0,68.0,3778.0,62.0,40.0,,,7.87,25612.0,5168.0,608.0,4174.0,2.47,1.02,2784.0,16951.0,67.9,3519.0,7297,245.0,,,8.13,7700.0,2685.0,2248.0,269.0,1801.0,169.0,7.91,136.0,14420.0,58.0,4.93,5.4,0.15,10.5,36.0,183.0,7.74,138.0,15760.0,51.0,5.18,4.6,0.26,9.8,36.1,230.0,8.06,520.0,93.0,,136.2,52.0,5.8,31.0,0.0,0.0,,,,,,,,,,,,,,,,,,,,,,,,36.05
2020-03-10,105.79,87.62,13.2,206.61,7.56,3.38,2.05,4.39,136457.0,0.0,0.0,0.0,6.19,4.58,72.0,40.0,,,7.93,25792.0,0.0,0.0,0.0,2.26,1.09,2707.0,17093.0,67.7,3661.0,72.0,40.0,,,7.91,27651.0,0.0,0.0,0.0,2.35,0.95,2758.0,17004.0,67.6,3510.0,7171,249.0,8.29,4580.0,8.15,7720.0,2675.0,2318.0,,,168.0,7.93,0.0,13880.0,54.0,6.21,4.8,0.0,0.0,37.6,200.0,7.75,0.0,15340.0,49.0,4.81,4.2,0.0,0.0,36.1,224.0,8.09,560.0,,,138.4,56.0,6.1,36.0,400.0,532.0,,,,,,,,,,,,,,,,,,,,,,,,36.85
2020-03-11,79.69,109.1,8.95,197.73999999999998,7.96,2.72,1.7,4.49,183538.0,0.0,0.0,0.0,6.27,4.8,72.0,39.9,,,8.06,23087.0,0.0,0.0,0.0,2.39,0.97,2687.0,17123.0,67.3,3249.0,72.0,39.9,,,8.05,28821.0,0.0,0.0,0.0,2.33,1.04,2736.0,16955.0,67.5,3102.0,6351,286.0,8.49,7860.0,8.22,10620.0,2794.0,2416.0,,,128.0,7.8,0.0,14640.0,61.0,4.3,6.2,0.0,0.0,36.7,133.0,7.83,0.0,14660.0,54.0,4.27,5.7,0.0,0.0,37.6,240.0,8.15,740.0,,,134.1,52.0,7.1,36.0,400.0,532.0,,,,,,,,,,,,,,,,,,,,,,,,37.150000000000006
2020-03-12,108.75,120.16,13.06,241.97,7.82,2.37,1.44,4.6,168296.0,0.0,0.0,0.0,5.97,4.55,72.0,39.8,,,8.02,22429.0,0.0,0.0,0.0,,0.97,2667.0,17090.0,67.8,3134.0,72.0,39.8,,,8.03,26387.0,0.0,0.0,0.0,2.35,1.05,2751.0,17026.0,67.6,2987.0,6121,200.0,8.51,2840.0,8.06,10880.0,2644.0,2619.0,,,161.0,7.94,0.0,15320.0,45.0,8.41,4.6,0.0,0.0,36.9,206.0,7.82,0.0,17320.0,47.0,5.44,3.9,0.0,0.0,36.5,252.0,8.13,740.0,,,133.1,56.0,7.6,36.0,600.0,798.0,,,,,,,,,,,,,,,,,,,,,,,,36.7
2020-03-13,75.61,,18.88,94.49,7.63,2.93,2.0,4.45,163053.0,0.0,0.0,0.0,6.56,5.24,72.0,39.9,,,8.02,26474.0,0.0,0.0,0.0,2.35,1.19,2649.0,17058.0,67.9,3436.0,72.0,40.0,,,8.02,24001.0,0.0,0.0,0.0,2.39,1.21,2718.0,16994.0,67.6,3234.0,6670,363.0,8.48,10320.0,8.1,10980.0,2695.0,2627.0,,,152.0,7.95,0.0,15040.0,43.0,5.31,4.4,0.0,0.0,37.3,176.0,7.85,0.0,15360.0,46.0,4.17,5.1,0.0,0.0,36.9,254.0,8.11,560.0,,,135.2,46.0,5.9,36.0,400.0,532.0,,,,,,,,,,,,,,,,,,,,,,,,37.099999999999994
2020-03-14,79.69,82.98,14.72,177.39000000000001,0.0,0.0,0.0,0.0,0.0,0.0,0.0,0.0,0.0,0.0,72.0,0.0,,,0.0,0.0,0.0,0.0,0.0,0.0,0.0,0.0,0.0,,3894.0,72.0,0.0,,,0.0,0.0,0.0,0.0,0.0,0.0,0.0,0.0,0.0,,3662.0,7556,183.0,0.0,0.0,,,,,,,151.0,0.0,0.0,0.0,0.0,0.0,0.0,0.0,0.0,,170.0,0.0,0.0,0.0,0.0,0.0,0.0,0.0,0.0,,285.0,,,,,,,,36.0,400.0,532.0,,,,,,,,,,,,,,,,,,,,,,,,
2020-03-15,,,,,0.0,0.0,0.0,0.0,0.0,0.0,0.0,0.0,0.0,0.0,72.0,0.0,,,0.0,0.0,0.0,0.0,0.0,0.0,0.0,0.0,0.0,,4346.0,72.0,0.0,,,0.0,0.0,0.0,0.0,0.0,0.0,0.0,0.0,0.0,,4078.0,8424,362.0,0.0,0.0,,,,,,,151.0,0.0,0.0,0.0,0.0,0.0,0.0,0.0,0.0,,166.0,0.0,0.0,0.0,0.0,0.0,0.0,0.0,0.0,,247.0,,,,,,,,36.0,500.0,665.0,,,,,,,,,,,,,,,,,,,,,,,,
2020-03-16,76.36,106.32,18.05,200.73000000000002,8.22,2.4,1.55,4.81,179098.0,6018.0,1389.0,2369.0,8.45,6.66,72.0,40.0,,,8.07,23779.0,5030.0,522.0,3815.0,2.27,1.15,2605.0,17107.0,69.5,4853.0,72.0,40.0,,,8.08,25042.0,5069.0,538.0,4116.0,2.33,1.04,2662.0,17102.0,69.2,4512.0,9365,213.0,8.41,8020.0,8.2,6640.0,2567.0,2113.0,271.0,1556.0,141.0,7.84,130.0,14700.0,41.0,3.73,4.1,0.22,9.4,36.0,161.0,7.9,131.0,14380.0,42.0,6.89,4.5,0.11,8.9,36.3,232.0,8.03,610.0,97.0,,128.5,43.0,5.7,36.0,500.0,665.0,,,,,,,,,,,,,,,,,,,,,,,,36.15
2020-03-17,154.57,116.11,13.22,283.90000000000003,8.4,3.2,1.72,4.94,183920.0,0.0,0.0,0.0,8.57,6.71,72.0,39.9,,,8.02,30211.0,0.0,0.0,0.0,2.36,0.96,2629.0,17096.0,70.2,5020.0,72.0,39.9,,,8.01,25636.0,0.0,0.0,0.0,2.47,1.02,2681.0,17045.0,70.0,4756.0,9776,321.0,8.38,3300.0,8.22,7360.0,2635.0,2217.0,,,137.0,7.95,0.0,14220.0,44.0,4.23,5.1,0.0,0.0,37.1,165.0,7.92,0.0,13160.0,47.0,5.31,4.2,0.0,0.0,37.3,181.0,8.01,620.0,,,129.4,44.0,6.2,30.0,0.142857142856883,0.1899999999996544,,,,,,,,,,,,,,,,,,,,,,,,37.2
2020-03-18,80.34,,10.69,91.03,7.53,3.2,2.0,4.89,185521.0,0.0,0.0,0.0,7.74,5.71,72.0,39.8,,,8.08,32886.0,0.0,0.0,0.0,2.54,0.99,2661.0,17120.0,66.8,5323.0,72.0,40.0,,,8.06,30873.0,0.0,0.0,0.0,2.4,0.85,2706.0,17040.0,66.7,5063.0,10386,218.0,8.05,4360.0,8.11,7420.0,2584.0,2138.0,,,137.0,7.91,0.0,14400.0,47.0,3.94,4.5,0.0,0.0,36.9,174.0,7.88,0.0,14140.0,51.0,4.85,3.9,0.0,0.0,36.7,226.0,8.03,760.0,,,128.1,48.0,7.1,30.0,257.0,341.81,,,,,,,,,,,,,,,,,,,,,,,,36.8
2020-03-19,150.2,63.88,13.96,228.04,7.69,3.14,1.83,4.72,157136.0,0.0,0.0,0.0,6.95,5.08,72.0,39.9,,,8.03,34881.0,0.0,0.0,0.0,2.24,0.79,2693.0,17084.0,71.0,5229.0,72.0,40.0,,,8.01,33750.0,0.0,0.0,0.0,2.15,0.85,2747.0,17995.0,70.7,4987.0,10216,263.0,8.26,3900.0,8.14,6240.0,2533.0,2017.0,,,131.0,7.76,0.0,13460.0,45.0,4.11,5.4,0.0,0.0,36.7,172.0,7.78,0.0,13880.0,48.0,4.69,6.8,0.0,0.0,37.0,219.0,7.82,760.0,,,132.5,49.0,7.3,30.0,500.0,665.0,,,,,,,,,,,,,,,,,,,,,,,,36.85
2020-03-20,79.66,107.88,17.74,205.28,7.93,2.57,1.64,4.68,174332.0,0.0,0.0,0.0,6.74,5.23,72.0,40.0,,,8.07,32524.0,0.0,0.0,0.0,2.5,1.07,2642.0,17104.0,70.9,5007.0,72.0,40.0,,,8.06,26022.0,0.0,0.0,0.0,2.3,1.12,2709.0,16998.0,70.6,4757.0,9764,291.0,8.3,3220.0,8.18,6460.0,2594.0,2104.0,,,133.0,7.82,0.0,13680.0,49.0,5.04,4.5,0.0,0.0,37.6,138.0,7.85,0.0,14000.0,51.0,3.97,5.4,0.0,0.0,37.4,204.0,7.99,680.0,,,131.6,50.0,6.7,30.0,600.0,798.0,,,,,,,,,,,,,,,,,,,,,,,,37.5
2020-03-21,78.45,36.97,17.03,132.45,0.0,0.0,0.0,0.0,0.0,0.0,0.0,0.0,0.0,0.0,72.0,0.0,,,0.0,0.0,0.0,0.0,0.0,0.0,0.0,0.0,0.0,,4579.0,72.0,0.0,,,0.0,0.0,0.0,0.0,0.0,0.0,0.0,0.0,0.0,,4396.0,8975,256.0,0.0,0.0,,,,,,,145.0,0.0,0.0,0.0,0.0,0.0,0.0,0.0,0.0,,137.0,0.0,0.0,0.0,0.0,0.0,0.0,0.0,0.0,,192.0,,,,,,,,30.0,600.0,798.0,,,,,,,,,,,,,,,,,,,,,,,,
2020-03-22,,41.78,,41.78,0.0,0.0,0.0,0.0,0.0,0.0,0.0,0.0,0.0,0.0,72.0,0.0,,,0.0,0.0,0.0,0.0,0.0,0.0,0.0,0.0,0.0,,4292.0,72.0,0.0,,,0.0,0.0,0.0,0.0,0.0,0.0,0.0,0.0,0.0,,4105.0,8397,260.0,0.0,0.0,,,,,,,124.0,0.0,0.0,0.0,0.0,0.0,0.0,0.0,0.0,,137.0,0.0,0.0,0.0,0.0,0.0,0.0,0.0,0.0,,246.0,,,,,,,,30.0,500.0,665.0,,,,,,,,,,,,,,,,,,,,,,,,
2020-03-23,80.48,38.4,20.69,139.57,7.67,4.45,2.79,4.65,157933.0,5589.0,1061.0,2493.0,6.27,4.44,72.0,40.1,,,8.02,28431.0,5222.0,567.0,4010.0,2.17,0.77,2613.0,17026.0,69.7,4235.0,72.0,40.0,,,8.0,28281.0,4972.0,472.0,4129.0,2.23,0.94,2676.0,16971.0,69.7,3998.0,8233,227.0,8.17,6140.0,8.12,7140.0,2858.0,2247.0,255.0,1771.0,124.0,7.86,138.0,14240.0,55.0,6.78,4.6,0.17,10.1,37.9,137.0,7.82,140.0,14900.0,54.0,5.95,3.5,0.41,9.4,36.8,216.0,8.06,660.0,94.0,,136.4,52.0,6.1,30.0,300.0,399.0,,,,,,,,,,,,,,,,,,,,,,,,37.349999999999994
2020-03-24,100.58,64.08,14.1,178.76,7.78,3.27,2.08,4.68,148999.0,0.0,0.0,0.0,6.13,4.65,72.0,40.1,,,8.07,30633.0,0.0,0.0,0.0,2.16,1.09,2672.0,17076.0,69.5,4008.0,72.0,40.0,,,8.05,26484.0,0.0,0.0,0.0,2.1,1.2,2712.0,16954.0,69.6,3791.0,7799,212.0,8.18,5680.0,8.03,8600.0,2822.0,2307.0,,,125.0,7.9,0.0,14060.0,43.0,4.83,4.1,0.0,0.0,36.2,157.0,7.91,0.0,14180.0,50.0,4.58,4.6,0.0,0.0,36.2,162.0,8.1,560.0,,,134.5,49.0,5.7,30.0,300.0,399.0,,,,,,,,,,,,,,,,,,,,,,,,36.2
2020-03-25,75.8,130.16,11.87,217.82999999999998,7.7,4.84,2.96,4.74,179185.0,0.0,0.0,0.0,6.36,4.83,72.0,40.2,,,8.09,21277.0,0.0,0.0,0.0,2.65,1.12,2644.0,17101.0,69.8,4090.0,72.0,40.1,,,8.08,31832.0,0.0,0.0,0.0,2.42,1.04,2766.0,16983.0,69.7,3943.0,8033,231.0,8.16,24808.0,7.98,8560.0,2786.0,2284.0,,,124.0,7.86,0.0,13440.0,51.0,4.65,4.3,0.0,0.0,37.2,130.0,7.92,0.0,13160.0,48.0,5.13,4.6,0.0,0.0,37.5,224.0,8.12,720.0,,,132.4,47.0,4.9,30.0,0.0,0.0,,,,,,,,,,,,,,,,,,,,,,,,37.35
2020-03-26,108.03,73.44,12.75,194.22,7.97,2.74,1.76,4.83,187122.0,0.0,0.0,0.0,5.99,4.56,72.0,40.0,,,8.12,34496.0,0.0,0.0,0.0,2.29,0.97,2704.0,17028.0,70.2,3957.0,72.0,40.0,,,8.14,36614.0,0.0,0.0,0.0,2.6,1.04,2833.0,16945.0,69.8,3745.0,7702,223.0,8.27,4200.0,8.11,8700.0,2704.0,2616.0,,,124.0,7.91,0.0,13380.0,59.0,6.56,5.4,0.0,0.0,37.6,137.0,7.88,0.0,14300.0,51.0,4.83,5.1,0.0,0.0,36.8,187.0,8.18,640.0,,,136.4,52.0,6.1,30.0,312.7819548872176,415.99999999999943,,,,,,,,,,,,,,,,,,,,,,,,37.2
2020-03-27,103.34,40.08,18.74,162.16000000000003,7.71,3.2,2.09,4.84,149089.0,0.0,0.0,0.0,6.43,4.77,72.0,40.0,,,8.11,21355.0,0.0,0.0,0.0,2.51,1.17,2676.0,17084.0,70.1,3987.0,72.0,40.0,,,8.11,23322.0,0.0,0.0,0.0,2.49,1.12,2807.0,17024.0,69.8,3770.0,7757,102.0,8.29,5880.0,8.18,8440.0,2725.0,2641.0,,,123.0,7.94,0.0,13060.0,62.0,8.41,4.5,0.0,0.0,36.2,163.0,7.9,0.0,13860.0,53.0,4.26,5.6,0.0,0.0,37.9,174.0,8.2,420.0,,,134.2,55.0,5.1,30.0,500.0,665.0,,,,,,,,,,,,,,,,,,,,,,,,37.05
2020-03-28,105.09,41.71,15.56,162.36,0.0,0.0,0.0,0.0,0.0,0.0,0.0,0.0,0.0,0.0,72.0,0.0,,,0.0,0.0,0.0,0.0,0.0,0.0,0.0,0.0,0.0,,3924.0,72.0,0.0,,,0.0,0.0,0.0,0.0,0.0,0.0,0.0,0.0,0.0,,3713.0,7637,238.0,0.0,0.0,,,,,,,124.0,0.0,0.0,0.0,0.0,0.0,0.0,0.0,0.0,,137.0,0.0,0.0,0.0,0.0,0.0,0.0,0.0,0.0,,135.0,,,,,,,,30.0,0.0,0.0,,,,,,,,,,,,,,,,,,,,,,,,
2020-03-29,0.0,0.0,0.0,,0.0,0.0,0.0,0.0,0.0,0.0,0.0,0.0,0.0,0.0,72.0,0.0,,,0.0,0.0,0.0,0.0,0.0,0.0,0.0,0.0,0.0,,4040.0,72.0,0.0,,,0.0,0.0,0.0,0.0,0.0,0.0,0.0,0.0,0.0,,3819.0,7859,280.0,0.0,0.0,,,,,,,125.0,0.0,0.0,0.0,0.0,0.0,0.0,0.0,0.0,,166.0,0.0,0.0,0.0,0.0,0.0,0.0,0.0,0.0,,205.0,,,,,,,,30.0,300.0,399.0,,,,,,,,,,,,,,,,,,,,,,,,
2020-03-30,77.92,108.22,19.61,205.75,7.5,5.44,3.35,4.76,165953.0,5182.0,1088.0,2854.0,6.52,4.63,75.0,40.0,,,8.13,36363.0,5048.0,557.0,4078.0,2.57,1.06,2741.0,17121.0,70.2,4148.0,75.0,40.0,,,8.13,33393.0,5217.0,519.0,4277.0,2.47,1.02,2784.0,16959.0,69.8,3979.0,8127,225.0,8.58,3060.0,8.22,9220.0,2522.0,2488.0,308.0,1840.0,124.0,7.82,128.0,12760.0,38.0,4.05,4.1,0.13,7.6,36.4,138.0,7.86,130.0,13920.0,42.0,4.67,5.3,0.11,8.0,37.7,157.0,8.09,680.0,89.0,,128.1,39.0,6.3,32.0,400.0,532.0,,,,,,,,,,,,,,,,,,,,,,,,37.05
2020-03-31,153.37,94.46,14.6,262.43,0.0,0.0,0.0,0.0,0.0,0.0,0.0,0.0,0.0,0.0,84.0,0.0,,,0.0,0.0,0.0,0.0,0.0,0.0,0.0,0.0,0.0,,4602.0,84.0,0.0,,,0.0,0.0,0.0,0.0,0.0,0.0,0.0,0.0,0.0,,4371.0,8973,293.0,0.0,0.0,,,,,,,124.0,0.0,0.0,0.0,0.0,0.0,0.0,0.0,0.0,,163.0,0.0,0.0,0.0,0.0,0.0,0.0,0.0,0.0,,118.0,,,,,,,,36.0,300.0,399.0,,,,,,,,,,,,,,,,,,,,,,,,
2020-04-01,78.12,41.92,11.5,131.54000000000002,7.52,4.85,2.93,4.91,171275.0,0.0,0.0,0.0,6.45,4.58,84.0,40.0,,,8.18,31042.0,0.0,0.0,0.0,2.36,0.96,2719.0,17098.0,69.5,4575.0,84.0,39.9,,,8.16,32113.0,0.0,0.0,0.0,2.39,0.93,2742.0,17053.0,69.7,4331.0,8906,275.0,8.52,2740.0,8.33,10440.0,2796.0,2616.0,,,124.0,7.85,0.0,11660.0,45.0,3.61,4.1,0.0,0.0,36.7,142.0,7.74,0.0,12160.0,49.0,4.38,4.6,0.0,0.0,36.8,246.0,8.18,680.0,,,130.6,48.0,6.1,36.0,300.0,399.0,,,,,,,,,,,,,,,,,,,,,,,,36.75
2020-04-02,79.33,64.32,14.41,158.05999999999997,7.39,4.38,2.71,5.02,143722.0,0.0,0.0,0.0,6.15,4.43,84.0,40.0,,,8.16,28887.0,0.0,0.0,0.0,2.48,1.06,2674.0,17124.0,69.4,4396.0,84.0,40.0,,,8.15,31102.0,0.0,0.0,0.0,2.5,1.13,2764.0,17028.0,69.6,4154.0,8550,288.0,8.5,3520.0,8.26,7380.0,2710.0,2326.0,,,125.0,7.86,0.0,11500.0,54.0,4.85,5.1,0.0,0.0,36.6,158.0,7.74,0.0,13140.0,50.0,5.41,4.4,0.0,0.0,37.2,164.0,8.1,760.0,,,138.7,51.0,7.8,36.0,700.0,931.0,,,,,,,,,,,,,,,,,,,,,,,,36.900000000000006
2020-04-03,103.42,128.87,19.31,251.60000000000002,7.54,3.18,2.01,4.81,156791.0,0.0,0.0,0.0,6.17,4.68,84.0,39.9,,,8.12,27133.0,0.0,0.0,0.0,2.41,1.08,2598.0,17048.0,,4381.0,84.0,39.9,,,8.09,23189.0,0.0,0.0,0.0,2.39,1.03,2642.0,16928.0,69.6,4209.0,8590,225.0,8.2,3360.0,8.17,7300.0,2699.0,2412.0,,,138.0,7.8,0.0,12560.0,51.0,4.38,4.5,0.0,0.0,37.6,149.0,7.7,0.0,13080.0,52.0,4.95,4.2,0.0,0.0,36.2,192.0,7.99,660.0,,,137.0,52.0,7.5,36.0,300.0,399.0,,,,,,,,,,,,,,,,,,,,,,,,36.900000000000006
2020-04-04,78.57,78.42,14.58,171.57000000000002,0.0,0.0,0.0,0.0,0.0,0.0,0.0,0.0,0.0,0.0,84.0,0.0,,,0.0,0.0,0.0,0.0,0.0,0.0,0.0,0.0,0.0,,4505.0,84.0,0.0,,,0.0,0.0,0.0,0.0,0.0,0.0,0.0,0.0,0.0,,4269.0,8774,266.0,0.0,0.0,,,,,,,129.0,0.0,0.0,0.0,0.0,0.0,0.0,0.0,0.0,,137.0,0.0,0.0,0.0,0.0,0.0,0.0,0.0,0.0,,228.0,,,,,,,,36.0,900.0,1197.0,,,,,,,,,,,,,,,,,,,,,,,,
2020-04-05,0.0,0.0,0.0,,0.0,0.0,0.0,0.0,0.0,0.0,0.0,0.0,0.0,0.0,84.0,0.0,,,0.0,0.0,0.0,0.0,0.0,0.0,0.0,0.0,0.0,,4553.0,84.0,0.0,,,0.0,0.0,0.0,0.0,0.0,0.0,0.0,0.0,0.0,,4351.0,8904,281.0,0.0,0.0,,,,,,,147.0,0.0,0.0,0.0,0.0,0.0,0.0,0.0,0.0,,137.0,0.0,0.0,0.0,0.0,0.0,0.0,0.0,0.0,,192.0,,,,,,,,36.0,0.0,0.0,,,,,,,,,,,,,,,,,,,,,,,,
2020-04-06,104.47,38.37,19.89,162.73000000000002,7.21,3.21,2.04,4.23,153946.0,5901.0,1120.0,2724.0,6.53,4.66,88.0,39.8,,,7.74,26847.0,5558.0,728.0,4338.0,2.6,1.08,2564.0,17164.0,69.6,4804.0,88.0,39.8,,,7.75,27412.0,5743.0,546.0,4394.0,2.46,1.02,2667.0,16994.0,69.5,4544.0,9348,313.0,8.01,4060.0,7.95,6860.0,2802.0,2408.0,249.0,1892.0,134.0,7.61,136.0,14120.0,56.0,4.38,5.6,0.1,8.9,37.8,147.0,7.5,135.0,13220.0,49.0,6.43,5.1,0.18,8.1,37.9,174.0,7.71,560.0,84.0,,134.9,53.0,5.4,38.0,0.0,0.0,,,,,,,,,,,,,,,,,,,,,,,,37.849999999999994
2020-04-07,127.81,42.05,13.54,183.4,7.47,2.83,1.62,4.21,165824.0,0.0,0.0,0.0,6.3,4.62,92.0,39.8,,,7.73,24908.0,0.0,0.0,0.0,2.33,1.04,2539.0,17099.0,69.4,4836.0,92.0,39.8,,,7.73,29454.0,0.0,0.0,0.0,2.43,1.04,2618.0,16962.0,69.2,4644.0,9480,226.0,7.91,2640.0,7.88,6300.0,2618.0,2388.0,,,167.0,7.56,0.0,13940.0,41.0,3.86,5.4,0.0,0.0,36.4,152.0,7.47,0.0,12000.0,46.0,5.35,4.7,0.0,0.0,36.5,171.0,7.8,680.0,,,138.3,48.0,6.2,38.0,637.5939849624065,848.0000000000007,,,,,,,,,,,,,,,,,,,,,,,,36.45
2020-04-08,23.56,131.34,12.02,166.92000000000002,7.67,2.94,1.73,4.13,179214.0,0.0,0.0,0.0,6.46,4.93,96.0,39.9,,,7.73,27353.0,0.0,0.0,0.0,2.49,1.16,2601.0,17083.0,69.3,4961.0,96.0,39.9,,,7.72,25068.0,0.0,0.0,0.0,2.33,1.04,2643.0,17025.0,69.1,4702.0,9663,354.0,8.0,2500.0,7.87,5660.0,2585.0,2394.0,,,141.0,7.44,0.0,12320.0,46.0,3.91,5.1,0.0,0.0,37.5,177.0,7.51,0.0,12080.0,42.0,4.31,4.3,0.0,0.0,36.9,220.0,7.81,580.0,,,132.8,46.0,5.3,40.0,500.0,665.0,,,,,,,,,,,,,,,,,,,,,,,,37.2
2020-04-09,76.76,116.9,13.27,206.93000000000004,7.95,3.06,1.98,4.37,179328.0,0.0,0.0,0.0,5.86,4.52,96.0,39.8,,,7.72,30846.0,0.0,0.0,0.0,2.58,0.97,2643.0,17106.0,69.0,4571.0,96.0,39.8,,,7.71,30016.0,0.0,0.0,0.0,2.49,1.03,2704.0,17084.0,69.1,4385.0,8956,153.0,7.95,3740.0,7.85,5900.0,2601.0,2451.0,,,169.0,7.48,0.0,13260.0,51.0,4.51,4.6,0.0,0.0,36.4,152.0,7.53,0.0,11580.0,48.0,4.75,5.2,0.0,0.0,37.4,194.0,7.82,600.0,,,130.5,49.0,6.7,40.0,200.0,266.0,,,,,,,,,,,,,,,,,,,,,,,,36.9
2020-04-10,130.43,0.0,18.9,149.33,7.25,2.45,1.8,4.36,150839.0,0.0,0.0,0.0,5.79,4.52,96.0,39.8,,,7.74,23915.0,0.0,0.0,0.0,2.41,1.36,2688.0,17131.0,69.2,4437.0,96.0,39.8,,,7.73,30378.0,0.0,0.0,0.0,2.24,1.22,2746.0,17106.0,69.3,4210.0,8647,280.0,7.89,4180.0,7.8,6140.0,2526.0,2369.0,,,140.0,7.47,0.0,12940.0,46.0,5.26,4.1,0.0,0.0,37.0,181.0,7.5,0.0,11620.0,54.0,4.88,5.6,0.0,0.0,37.4,250.0,7.8,680.0,,,131.5,51.0,6.4,40.0,600.0,798.0,,,,,,,,,,,,,,,,,,,,,,,,37.2
2020-04-11,102.11,41.21,15.6,158.92,0.0,0.0,0.0,0.0,0.0,0.0,0.0,0.0,0.0,0.0,96.0,0.0,,,0.0,0.0,0.0,0.0,0.0,0.0,0.0,0.0,0.0,,4647.0,96.0,0.0,,,0.0,0.0,0.0,0.0,0.0,0.0,0.0,0.0,0.0,,4449.0,9096,362.0,0.0,0.0,,,,,,,139.0,0.0,0.0,0.0,0.0,0.0,0.0,0.0,0.0,,153.0,0.0,0.0,0.0,0.0,0.0,0.0,0.0,0.0,,267.0,,,,,,,,40.0,500.0,665.0,,,,,,,,,,,,,,,,,,,,,,,,
2020-04-12,,,,,0.0,0.0,0.0,0.0,0.0,0.0,0.0,0.0,0.0,0.0,96.0,0.0,,,0.0,0.0,0.0,0.0,0.0,0.0,0.0,0.0,0.0,,4847.0,96.0,0.0,,,0.0,0.0,0.0,0.0,0.0,0.0,0.0,0.0,0.0,,4611.0,9458,267.0,0.0,0.0,,,,,,,172.0,0.0,0.0,0.0,0.0,0.0,0.0,0.0,0.0,,185.0,0.0,0.0,0.0,0.0,0.0,0.0,0.0,0.0,,206.0,,,,,,,,40.0,400.0,532.0,,,,,,,,,,,,,,,,,,,,,,,,
2020-04-13,105.07,107.07,19.76,231.89999999999998,7.41,3.5,2.26,4.39,153098.0,5948.0,1101.0,2646.0,6.52,4.75,96.0,40.0,,,7.75,25151.0,5177.0,487.0,4219.0,2.32,0.88,2737.0,16928.0,68.5,4934.0,96.0,40.0,,,7.74,28497.0,5236.0,507.0,4284.0,2.5,1.13,2784.0,17068.0,68.4,4723.0,9657,329.0,8.11,2200.0,7.93,8080.0,2806.0,2754.0,324.0,2011.0,141.0,7.45,133.0,11840.0,62.0,5.27,5.9,0.31,9.2,37.3,153.0,7.48,135.0,11020.0,56.0,4.88,5.2,0.14,9.7,36.9,273.0,7.76,700.0,84.0,,132.3,58.0,7.6,40.0,0.0,0.0,,,,,,,,,,,,,,,,,,,,,,,,37.099999999999994
2020-04-14,155.88,118.55,14.29,288.72,7.39,3.03,1.73,4.39,147531.0,0.0,0.0,0.0,6.47,4.53,96.0,39.9,,,7.74,19184.0,0.0,0.0,0.0,2.6,1.07,2897.0,17054.0,69.2,5096.0,96.0,40.0,,,7.73,23066.0,0.0,0.0,0.0,2.49,0.94,2827.0,16818.0,68.9,4842.0,9938,269.0,8.04,4880.0,7.9,6140.0,2660.0,2429.0,,,139.0,7.48,0.0,11960.0,51.0,4.86,5.3,0.0,0.0,36.8,170.0,7.5,0.0,11560.0,46.0,3.74,4.6,0.0,0.0,37.2,226.0,7.88,640.0,,,137.6,45.0,6.2,40.0,500.0,665.0,,,,,,,,,,,,,,,,,,,,,,,,37.0
2020-04-15,78.45,,6.42,84.87,7.64,2.57,1.44,4.43,170801.0,0.0,0.0,0.0,6.7,4.91,96.0,39.8,,,7.86,25069.0,0.0,0.0,0.0,2.49,1.12,2631.0,17215.0,68.8,5113.0,96.0,39.9,,,7.85,26106.0,0.0,0.0,0.0,2.39,1.03,2584.0,16962.0,68.8,4902.0,10015,185.0,8.02,5180.0,7.92,7900.0,2683.0,2440.0,,,139.0,7.42,0.0,11940.0,55.0,5.31,4.8,0.0,0.0,36.7,169.0,7.52,0.0,11600.0,48.0,4.11,4.9,0.0,0.0,36.1,238.0,7.88,740.0,,,134.3,49.0,7.9,40.0,400.0,532.0,,,,,,,,,,,,,,,,,,,,,,,,36.400000000000006
2020-04-16,103.89,64.97,17.45,186.31,7.39,2.49,1.35,4.41,133791.0,0.0,0.0,0.0,6.52,4.84,96.0,40.1,,,7.75,21832.0,0.0,0.0,0.0,2.57,1.0,2704.0,17196.0,68.9,5023.0,96.0,39.9,,,7.74,23635.0,0.0,0.0,0.0,2.49,0.94,2682.0,17054.0,68.8,4783.0,9806,290.0,8.09,5660.0,7.89,8780.0,2829.0,2619.0,,,140.0,7.47,0.0,12120.0,49.0,3.89,4.3,0.0,0.0,37.8,152.0,7.46,0.0,11840.0,53.0,5.31,4.6,0.0,0.0,37.9,223.0,7.88,720.0,,,145.8,51.0,7.0,40.0,400.0,532.0,,,,,,,,,,,,,,,,,,,,,,,,37.849999999999994
2020-04-17,179.8,64.12,17.24,261.16,7.73,2.84,1.63,4.39,141047.0,0.0,0.0,0.0,6.74,5.09,96.0,39.9,,,7.72,22214.0,0.0,0.0,0.0,2.42,1.08,2689.0,17084.0,68.8,5038.0,96.0,39.9,,,7.73,32447.0,0.0,0.0,0.0,2.65,1.2,2649.0,17062.0,68.8,4860.0,9898,313.0,8.09,5300.0,7.93,9200.0,2814.0,2654.0,,,140.0,7.46,0.0,13560.0,59.0,5.41,5.3,0.0,0.0,36.1,153.0,7.51,0.0,12300.0,52.0,4.67,5.1,0.0,0.0,36.8,230.0,7.98,720.0,,,142.7,56.0,7.2,40.0,500.0,665.0,,,,,,,,,,,,,,,,,,,,,,,,36.45
2020-04-18,150.98,119.4,14.95,285.33,0.0,0.0,0.0,0.0,0.0,0.0,0.0,0.0,0.0,0.0,96.0,0.0,,,0.0,0.0,0.0,0.0,0.0,0.0,0.0,0.0,0.0,,5172.0,96.0,0.0,,,0.0,0.0,0.0,0.0,0.0,0.0,0.0,0.0,0.0,,4938.0,10110,275.0,0.0,0.0,,,,,,,139.0,0.0,0.0,0.0,0.0,0.0,0.0,0.0,0.0,,152.0,0.0,0.0,0.0,0.0,0.0,0.0,0.0,0.0,,238.0,,,,,,,,40.0,400.0,532.0,,,,,,,,,,,,,,,,,,,,,,,,
2020-04-19,,,,,0.0,0.0,0.0,0.0,0.0,0.0,0.0,0.0,0.0,0.0,96.0,0.0,,,0.0,0.0,0.0,0.0,0.0,0.0,0.0,0.0,0.0,,5294.0,96.0,0.0,,,0.0,0.0,0.0,0.0,0.0,0.0,0.0,0.0,0.0,,5109.0,10403,210.0,0.0,0.0,,,,,,,140.0,0.0,0.0,0.0,0.0,0.0,0.0,0.0,0.0,,153.0,0.0,0.0,0.0,0.0,0.0,0.0,0.0,0.0,,197.0,,,,,,,,40.0,0.0,0.0,,,,,,,,,,,,,,,,,,,,,,,,
2020-04-20,128.82,38.65,18.75,186.22,7.12,3.58,2.31,4.2,144049.0,5194.0,960.0,2389.0,6.75,4.9,96.0,40.0,,,7.77,25633.0,4660.0,514.0,3619.0,2.48,0.97,2618.0,17114.0,67.9,5423.0,96.0,40.0,,,7.76,29629.0,5288.0,543.0,4129.0,2.49,1.03,2653.0,17108.0,67.8,5181.0,10604,363.0,8.13,2660.0,8.01,7980.0,2666.0,2604.0,349.0,2026.0,140.0,7.56,131.0,13200.0,58.0,4.26,5.1,0.12,8.7,36.9,154.0,7.61,130.0,12400.0,54.0,5.36,5.3,0.19,9.1,37.1,233.0,8.13,740.0,88.0,,128.2,53.0,7.6,40.0,415.03759398496186,551.9999999999993,,,,,,,,,,,,,,,,,,,,,,,,37.0
2020-04-21,184.27,41.66,14.09,240.02,7.46,2.76,1.63,4.18,147799.0,0.0,0.0,0.0,7.02,4.97,96.0,39.2,,,7.73,23534.0,0.0,0.0,0.0,2.45,0.9,2676.0,17283.0,67.0,5306.0,96.0,39.9,,,7.72,24091.0,0.0,0.0,0.0,2.56,0.93,2713.0,17182.0,67.0,5120.0,10426,232.0,8.01,4420.0,7.95,8040.0,2694.0,2574.0,,,147.0,7.53,0.0,11780.0,62.0,5.7,5.4,0.0,0.0,37.3,158.0,7.59,0.0,12280.0,58.0,4.63,6.2,0.0,0.0,36.0,210.0,8.09,720.0,,,130.6,56.0,6.9,40.0,500.0,665.0,,,,,,,,,,,,,,,,,,,,,,,,36.65
2020-04-22,129.34,130.9,15.08,275.32,7.39,3.33,2.15,4.22,160738.0,0.0,0.0,0.0,7.16,5.34,98.0,39.5,,,7.74,20490.0,0.0,0.0,0.0,2.62,0.99,2621.0,17247.0,67.2,5430.0,98.0,40.0,,,7.73,20875.0,0.0,0.0,0.0,2.58,1.12,2683.0,17149.0,67.2,5191.0,10621,306.0,7.99,4640.0,7.84,6100.0,2582.0,2421.0,,,156.0,7.57,0.0,12000.0,51.0,4.88,5.6,0.0,0.0,36.6,169.0,7.63,0.0,12880.0,49.0,4.27,4.8,0.0,0.0,37.8,110.0,7.95,680.0,,,129.4,52.0,6.6,40.0,600.0,798.0,,,,,,,,,,,,,,,,,,,,,,,,37.2
2020-04-23,49.06,119.55,9.83,178.44000000000003,7.46,3.21,2.01,4.24,182974.0,0.0,0.0,0.0,6.85,5.09,98.0,40.0,,,7.76,33757.0,0.0,0.0,0.0,2.55,1.19,2586.0,17155.0,67.1,5490.0,98.0,40.0,,,7.74,30038.0,0.0,0.0,0.0,2.48,1.03,2649.0,17172.0,67.1,5276.0,10766,280.0,7.98,1760.0,7.93,6320.0,2563.0,2307.0,,,118.0,7.68,0.0,12140.0,54.0,4.65,4.8,0.0,0.0,37.0,131.0,,0.0,,,,,0.0,0.0,,181.0,7.87,660.0,,,127.5,56.0,6.2,40.0,500.0,665.0,,,,,,,,,,,,,,,,,,,,,,,,37.0
2020-04-24,105.39,,20.45,125.84,7.54,2.63,1.52,4.21,168546.0,0.0,0.0,0.0,6.79,4.96,98.0,40.0,,,7.77,28543.0,0.0,0.0,0.0,2.5,1.02,2639.0,17204.0,67.3,5385.0,98.0,40.0,,,7.75,23629.0,0.0,0.0,0.0,2.48,0.98,2692.0,17087.0,67.3,5121.0,10506,334.0,7.9,2440.0,7.86,5880.0,2542.0,2341.0,,,165.0,7.64,0.0,12080.0,61.0,4.58,7.2,0.0,0.0,36.1,176.0,7.69,0.0,12920.0,53.0,3.83,4.6,0.0,0.0,36.8,291.0,7.91,620.0,,,124.8,51.0,6.5,40.0,400.0,532.0,,,,,,,,,,,,,,,,,,,,,,,,36.45
2020-04-25,127.36,41.38,15.54,184.28,0.0,0.0,0.0,0.0,0.0,0.0,0.0,0.0,0.0,0.0,100.0,0.0,,,0.0,0.0,0.0,0.0,0.0,0.0,0.0,0.0,0.0,,5309.0,100.0,0.0,,,0.0,0.0,0.0,0.0,0.0,0.0,0.0,0.0,0.0,,5084.0,10393,264.0,0.0,0.0,,,,,,,167.0,0.0,0.0,0.0,0.0,0.0,0.0,0.0,0.0,,144.0,0.0,0.0,0.0,0.0,0.0,0.0,0.0,0.0,,252.0,,,,,,,,42.0,500.0,665.0,,,,,,,,,,,,,,,,,,,,,,,,
2020-04-26,,,,,0.0,0.0,0.0,0.0,0.0,0.0,0.0,0.0,0.0,0.0,100.0,0.0,,,0.0,0.0,0.0,0.0,0.0,0.0,0.0,0.0,0.0,,5197.0,100.0,0.0,,,0.0,0.0,0.0,0.0,0.0,0.0,0.0,0.0,0.0,,4947.0,10144,331.0,0.0,0.0,,,,,,,132.0,0.0,0.0,0.0,0.0,0.0,0.0,0.0,0.0,,183.0,0.0,0.0,0.0,0.0,0.0,0.0,0.0,0.0,,215.0,,,,,,,,42.0,500.0,665.0,,,,,,,,,,,,,,,,,,,,,,,,
2020-04-27,104.89,127.41,19.68,251.98000000000002,7.44,2.93,1.75,4.31,161391.0,5426.0,1028.0,2294.0,6.57,4.74,100.0,40.2,,,7.82,25645.0,4696.0,519.0,3737.0,2.55,1.0,2541.0,17828.0,67.2,5144.0,100.0,39.9,,,7.8,24812.0,5351.0,471.0,4300.0,2.31,0.84,2615.0,17325.0,67.2,4935.0,10079,251.0,8.15,2940.0,8.02,5160.0,2605.0,2320.0,183.0,1947.0,164.0,7.72,136.0,13580.0,56.0,5.27,4.6,0.18,8.4,37.2,178.0,7.67,134.0,11500.0,48.0,3.93,5.8,0.17,7.9,37.1,213.0,8.02,560.0,90.0,,132.2,49.0,5.9,42.0,602.2556390977443,800.9999999999999,,,,,,,,,,,,,,,,,,,,,,,,37.150000000000006
2020-04-28,161.44,114.31,14.38,290.13,7.5,4.04,2.57,4.48,146894.0,0.0,0.0,0.0,6.57,4.81,98.0,40.0,,,7.86,30168.0,0.0,0.0,0.0,2.54,0.99,2563.0,17626.0,67.5,5010.0,98.0,39.9,,,7.84,26354.0,0.0,0.0,0.0,2.41,1.03,2667.0,17469.0,67.5,4750.0,9760,363.0,8.13,3000.0,8.05,4740.0,2585.0,2451.0,,,168.0,7.74,0.0,12280.0,49.0,7.12,5.4,0.0,0.0,36.8,144.0,7.69,0.0,12420.0,52.0,5.88,3.8,0.0,0.0,37.5,234.0,8.05,480.0,,,128.7,51.0,5.6,42.0,600.0,798.0,,,,,,,,,,,,,,,,,,,,,,,,37.15
2020-04-29,129.39,,16.18,145.57,7.22,3.44,2.13,4.36,141457.0,0.0,0.0,0.0,7.06,5.3,98.0,39.0,,,7.79,28407.0,0.0,0.0,0.0,2.51,1.08,2593.0,17598.0,67.6,5192.0,98.0,39.0,,,7.77,26395.0,0.0,0.0,0.0,2.59,1.03,2642.0,17418.0,67.6,4923.0,10115,247.0,8.02,4020.0,7.76,5080.0,2683.0,2517.0,,,137.0,7.7,0.0,12180.0,63.0,9.32,4.9,0.0,0.0,37.0,183.0,7.64,0.0,12840.0,56.0,4.77,5.4,0.0,0.0,36.5,202.0,7.99,520.0,,,131.7,55.0,5.8,40.0,600.0,798.0,,,,,,,,,,,,,,,,,,,,,,,,36.75
2020-04-30,26.07,41.2,12.22,79.49000000000001,7.11,4.88,3.08,4.34,56362.0,0.0,0.0,0.0,7.04,5.17,98.0,39.4,,,7.86,25118.0,0.0,0.0,0.0,2.49,1.01,2604.0,17469.0,67.3,5134.0,98.0,40.1,,,7.83,31373.0,0.0,0.0,0.0,2.74,1.06,2683.0,17502.0,67.3,4878.0,10012,341.0,8.1,3120.0,7.97,5840.0,2595.0,2396.0,,,169.0,7.65,0.0,11080.0,61.0,5.94,5.6,0.0,0.0,37.0,184.0,7.67,0.0,11360.0,55.0,5.31,4.2,0.0,0.0,36.8,139.0,7.99,720.0,,,138.4,59.0,7.1,40.0,500.0,665.0,,,,,,,,,,,,,,,,,,,,,,,,36.9
2020-05-01,130.36,130.99,19.94,281.29,7.49,4.99,3.13,4.52,147937.0,0.0,0.0,0.0,6.64,5.07,98.0,39.6,,,7.84,25103.0,0.0,0.0,0.0,2.64,1.29,2586.0,17438.0,67.2,4853.0,98.0,40.0,,,7.81,29739.0,0.0,0.0,0.0,2.55,1.2,2669.0,17452.0,67.2,4634.0,9487,301.0,8.16,2160.0,8.05,5680.0,2586.0,2261.0,,,170.0,7.63,0.0,11660.0,64.0,5.16,5.3,0.0,0.0,36.1,153.0,7.69,0.0,11220.0,58.0,5.42,5.1,0.0,0.0,37.8,183.0,7.98,640.0,,,134.2,57.0,6.5,40.0,500.0,665.0,,,,,,,,,,,,,,,,,,,,,,,,36.95
2020-05-02,98.28,36.16,15.76,150.2,0.0,0.0,0.0,0.0,0.0,0.0,0.0,0.0,0.0,0.0,92.0,0.0,,,0.0,0.0,0.0,0.0,0.0,0.0,0.0,0.0,0.0,,4825.0,92.0,0.0,,,0.0,0.0,0.0,0.0,0.0,0.0,0.0,0.0,0.0,,4588.0,9413,230.0,0.0,0.0,,,,,,,168.0,0.0,0.0,0.0,0.0,0.0,0.0,0.0,0.0,,182.0,0.0,0.0,0.0,0.0,0.0,0.0,0.0,0.0,,296.0,,,,,,,,38.0,500.0,665.0,,,,,,,,,,,,,,,,,,,,,,,,
2020-05-03,,36.62,,36.62,0.0,0.0,0.0,0.0,0.0,0.0,0.0,0.0,0.0,0.0,72.0,0.0,,,0.0,0.0,0.0,0.0,0.0,0.0,0.0,0.0,0.0,,4106.0,72.0,0.0,,,0.0,0.0,0.0,0.0,0.0,0.0,0.0,0.0,0.0,,3917.0,8023,314.0,0.0,0.0,,,,,,,166.0,0.0,0.0,0.0,0.0,0.0,0.0,0.0,0.0,,174.0,0.0,0.0,0.0,0.0,0.0,0.0,0.0,0.0,,233.0,,,,,,,,32.0,400.0,532.0,,,,,,,,,,,,,,,,,,,,,,,,
2020-05-04,148.83,37.73,21.77,208.33,7.0,4.92,2.96,4.41,141359.0,5889.0,1051.0,2429.0,7.0,5.05,72.0,39.9,,,7.8,28667.0,4803.0,560.0,3806.0,2.52,1.08,2496.0,17278.0,67.1,4076.0,72.0,39.9,,,7.79,29646.0,5624.0,609.0,4381.0,2.45,0.92,2564.0,17388.0,67.1,3874.0,7950,287.0,8.33,3480.0,8.22,6380.0,2371.0,2154.0,216.0,1574.0,147.0,7.54,129.0,10300.0,54.0,5.38,5.6,0.11,8.7,36.2,165.0,7.64,131.0,10860.0,51.0,5.22,4.9,0.13,8.9,37.4,268.0,8.01,680.0,92.0,,128.4,54.0,6.4,32.0,420.3007518796994,559.0000000000002,,,,,,,,,,,,,,,,,,,,,,,,36.8
2020-05-05,105.84,41.34,15.19,162.37,0.0,0.0,0.0,0.0,0.0,0.0,0.0,0.0,0.0,0.0,72.0,0.0,,,0.0,0.0,0.0,0.0,0.0,0.0,0.0,0.0,0.0,,3931.0,72.0,0.0,,,0.0,0.0,0.0,0.0,0.0,0.0,0.0,0.0,0.0,,3741.0,7672,171.0,0.0,0.0,,,,,,,142.0,0.0,0.0,0.0,0.0,0.0,0.0,0.0,0.0,,178.0,0.0,0.0,0.0,0.0,0.0,0.0,0.0,0.0,,244.0,,,,,,,,32.0,700.0,931.0,,,,,,,,,,,,,,,,,,,,,,,,
2020-05-06,75.17,172.1,16.16,263.43,7.64,3.94,2.06,4.48,138759.0,0.0,0.0,0.0,6.93,4.91,72.0,39.9,,,7.77,19513.0,0.0,0.0,0.0,2.66,1.1,2488.0,17231.0,66.9,3787.0,72.0,39.9,,,7.75,22955.0,0.0,0.0,0.0,2.57,0.93,2529.0,17252.0,66.9,3600.0,7387,219.0,8.26,4520.0,8.12,1260.0,2105.0,1982.0,,,62.0,,0.0,,,,,0.0,0.0,37.1,143.0,7.83,0.0,10500.0,54.0,3.59,6.1,0.0,0.0,36.9,47.0,7.83,760.0,,,130.2,51.0,7.4,32.0,300.0,399.0,,,,,,,,,,,,,,,,,,,,,,,,37.0
2020-05-07,54.2,75.35,12.78,142.33,7.31,4.06,2.59,4.77,145568.0,0.0,0.0,0.0,6.16,4.58,72.0,39.9,,,7.78,26334.0,0.0,0.0,0.0,2.53,0.99,2493.0,17249.0,67.2,3445.0,72.0,39.9,,,7.78,29005.0,0.0,0.0,0.0,2.58,1.12,2508.0,17351.0,67.2,3234.0,6679,363.0,8.05,3780.0,7.89,6820.0,2646.0,2531.0,,,107.0,7.6,0.0,11240.0,51.0,4.24,5.3,0.0,0.0,36.0,165.0,7.8,0.0,11120.0,47.0,5.24,3.6,0.0,0.0,37.0,304.0,7.98,580.0,,,126.2,50.0,6.0,32.0,300.0,399.0,,,,,,,,,,,,,,,,,,,,,,,,36.5
2020-05-08,130.36,,22.48,152.84,7.14,4.88,3.15,4.71,167832.0,0.0,0.0,0.0,6.41,4.97,72.0,39.9,,,7.84,26701.0,0.0,0.0,0.0,2.58,1.12,2481.0,17395.0,67.5,3520.0,72.0,39.9,,,7.83,30173.0,0.0,0.0,0.0,2.49,1.08,2542.0,17403.0,67.5,3075.0,6595,288.0,8.21,4460.0,8.04,6640.0,2605.0,2609.0,,,139.0,7.66,0.0,11040.0,72.0,5.31,8.8,0.0,0.0,37.4,151.0,7.78,0.0,10920.0,63.0,3.22,5.9,0.0,0.0,37.6,296.0,8.05,640.0,,,139.6,62.0,6.1,32.0,600.0,798.0,,,,,,,,,,,,,,,,,,,,,,,,37.5
2020-05-09,51.73,41.5,17.18,110.41,0.0,0.0,0.0,0.0,0.0,0.0,0.0,0.0,0.0,0.0,72.0,0.0,,,0.0,0.0,0.0,0.0,0.0,0.0,0.0,0.0,0.0,,3672.0,72.0,0.0,,,0.0,0.0,0.0,0.0,0.0,0.0,0.0,0.0,0.0,,3527.0,7199,127.0,0.0,0.0,,,,,,,139.0,0.0,0.0,0.0,0.0,0.0,0.0,0.0,0.0,,152.0,0.0,0.0,0.0,0.0,0.0,0.0,0.0,0.0,,224.0,,,,,,,,32.0,500.0,665.0,,,,,,,,,,,,,,,,,,,,,,,,
2020-05-10,,,,,0.0,0.0,0.0,0.0,0.0,0.0,0.0,0.0,0.0,0.0,72.0,0.0,,,0.0,0.0,0.0,0.0,0.0,0.0,0.0,0.0,0.0,,3677.0,72.0,0.0,,,0.0,0.0,0.0,0.0,0.0,0.0,0.0,0.0,0.0,,3508.0,7185,202.0,0.0,0.0,,,,,,,98.0,0.0,0.0,0.0,0.0,0.0,0.0,0.0,0.0,,146.0,0.0,0.0,0.0,0.0,0.0,0.0,0.0,0.0,,192.0,,,,,,,,32.0,500.0,665.0,,,,,,,,,,,,,,,,,,,,,,,,
2020-05-11,76.77,133.31,20.99,231.07,7.77,3.63,2.07,4.68,0.0,5012.0,921.0,2620.0,6.23,4.3,72.0,39.9,,,7.92,25912.0,4791.0,344.0,3670.0,2.5,0.94,2514.0,17128.0,67.9,3637.0,72.0,39.9,,,7.93,22657.0,4766.0,379.0,4007.0,2.46,0.98,2498.0,17346.0,67.9,3476.0,7113,115.0,7.95,1660.0,8.11,1020.0,1540.0,1777.0,165.0,1697.0,56.0,7.7,0.0,10320.0,61.0,6.83,4.6,0.0,0.0,37.7,148.0,7.78,0.0,10240.0,57.0,5.36,5.6,0.0,0.0,36.2,269.0,7.99,720.0,92.0,,141.9,59.0,6.8,32.0,400.0,532.0,,,,,,,,,,,,,,,,,,,,,,,,36.95
2020-05-12,104.58,116.93,15.71,237.22,7.77,3.94,2.29,4.79,126182.0,0.0,0.0,0.0,6.2,4.28,72.0,39.9,,,7.88,20488.0,0.0,0.0,0.0,2.49,0.95,2486.0,17094.0,67.4,3530.0,72.0,40.1,,,7.88,20665.0,0.0,0.0,0.0,2.36,0.86,2482.0,17289.0,67.4,3359.0,6889,157.0,8.13,2020.0,8.14,2200.0,1825.0,1986.0,,,16.0,,0.0,,,,,0.0,0.0,37.4,151.0,7.76,0.0,9600.0,49.0,2.96,5.1,0.0,0.0,37.5,213.0,8.0,760.0,,,136.5,52.0,7.2,32.0,496.24060150375954,660.0000000000002,,,,,,,,,,,,,,,,,,,,,,,,37.45
2020-05-13,129.82,,16.23,146.04999999999998,7.26,4.0,2.64,4.76,132320.0,0.0,0.0,0.0,6.44,4.91,72.0,39.9,,,7.86,23755.0,0.0,0.0,0.0,2.45,0.95,2497.0,17079.0,67.9,3600.0,72.0,39.9,,,7.86,24164.0,0.0,0.0,0.0,2.49,0.99,2512.0,17268.0,67.9,3382.0,6982,137.0,,0.0,8.14,4240.0,2280.0,2187.0,,,16.0,,0.0,,,,,0.0,0.0,37.4,105.0,7.75,0.0,9880.0,45.0,3.83,4.8,0.0,0.0,37.2,94.0,8.02,660.0,,,132.4,50.0,6.3,32.0,500.0,665.0,,,,,,,,,,,,,,,,,,,,,,,,37.3
2020-05-14,26.03,66.48,13.3,105.81,7.54,3.59,2.1,4.73,121497.0,0.0,0.0,0.0,6.42,5.15,72.0,39.9,,,7.87,24852.0,0.0,0.0,0.0,2.43,1.08,2521.0,17102.0,67.5,3680.0,72.0,39.9,,,7.87,22956.0,0.0,0.0,0.0,2.51,1.02,2583.0,17316.0,67.5,3476.0,7156,191.0,8.11,2840.0,8.12,3880.0,2126.0,2037.0,,,39.0,,0.0,,,,,0.0,0.0,36.0,106.0,7.77,0.0,10640.0,42.0,3.69,4.5,0.0,0.0,36.2,84.0,8.04,540.0,,,128.7,46.0,5.6,32.0,500.0,665.0,,,,,,,,,,,,,,,,,,,,,,,,36.1
2020-05-15,103.47,104.72,20.53,228.72,0.0,0.0,0.0,0.0,0.0,0.0,0.0,0.0,0.0,0.0,72.0,0.0,,,0.0,0.0,0.0,0.0,0.0,0.0,0.0,0.0,0.0,,3534.0,72.0,0.0,,,0.0,0.0,0.0,0.0,0.0,0.0,0.0,0.0,0.0,,3338.0,6872,174.0,0.0,0.0,,,,,,,108.0,0.0,0.0,0.0,0.0,0.0,0.0,0.0,0.0,,59.0,0.0,0.0,0.0,0.0,0.0,0.0,0.0,0.0,,82.0,,,,,,,,32.0,500.0,665.0,,,,,,,,,,,,,,,,,,,,,,,,
2020-05-16,55.79,37.87,15.38,109.03999999999999,0.0,0.0,0.0,0.0,0.0,0.0,0.0,0.0,0.0,0.0,72.0,0.0,,,0.0,0.0,0.0,0.0,0.0,0.0,0.0,0.0,0.0,,3529.0,72.0,0.0,,,0.0,0.0,0.0,0.0,0.0,0.0,0.0,0.0,0.0,,3349.0,6878,84.0,0.0,0.0,,,,,,,93.0,0.0,0.0,0.0,0.0,0.0,0.0,0.0,0.0,,105.0,0.0,0.0,0.0,0.0,0.0,0.0,0.0,0.0,,126.0,,,,,,,,32.0,500.0,665.0,,,,,,,,,,,,,,,,,,,,,,,,
2020-05-17,,44.0,,44.0,0.0,0.0,0.0,0.0,0.0,0.0,0.0,0.0,0.0,0.0,72.0,0.0,,,0.0,0.0,0.0,0.0,0.0,0.0,0.0,0.0,0.0,,3568.0,72.0,0.0,,,0.0,0.0,0.0,0.0,0.0,0.0,0.0,0.0,0.0,,3322.0,6890,204.0,0.0,0.0,,,,,,,103.0,0.0,0.0,0.0,0.0,0.0,0.0,0.0,0.0,,128.0,0.0,0.0,0.0,0.0,0.0,0.0,0.0,0.0,,124.0,,,,,,,,32.0,500.0,665.0,,,,,,,,,,,,,,,,,,,,,,,,
2020-05-18,106.54,37.86,22.42,166.82,7.37,2.83,1.63,4.81,118286.0,5263.0,973.0,2974.0,5.89,4.07,72.0,39.8,,,7.89,24612.0,4832.0,634.0,3914.0,2.55,1.0,2436.0,17186.0,67.7,3497.0,72.0,39.8,,,7.91,23688.0,4980.0,583.0,4053.0,2.61,1.05,2501.0,17341.0,67.7,3266.0,6763,266.0,8.35,3940.0,8.19,5200.0,2600.0,2401.0,172.0,1988.0,109.0,7.63,138.0,11060.0,56.0,7.21,5.8,0.18,9.3,36.9,106.0,,0.0,,,,,,,,175.0,7.85,620.0,97.0,,135.7,51.0,6.1,32.0,500.0,665.0,,,,,,,,,,,,,,,,,,,,,,,,36.9
2020-05-19,128.73,91.72,15.46,235.91,7.78,3.63,2.08,4.87,116282.0,0.0,0.0,0.0,5.7,3.81,72.0,39.7,,,7.86,23941.0,0.0,0.0,0.0,2.52,0.99,2429.0,17143.0,67.2,3395.0,72.0,39.8,,,7.87,21629.0,0.0,0.0,0.0,2.5,0.85,2486.0,17248.0,67.2,3210.0,6605,169.0,8.25,3820.0,8.18,7340.0,2613.0,2385.0,,,115.0,7.6,0.0,10660.0,49.0,4.36,5.3,0.0,0.0,37.9,116.0,7.69,0.0,13380.0,54.0,4.62,5.1,0.0,0.0,37.5,185.0,7.98,660.0,,,131.4,52.0,6.4,32.0,443.6090225563912,590.0000000000003,,,,,,,,,,,,,,,,,,,,,,,,37.7
2020-05-20,185.31,133.04,19.7,338.05,8.07,3.37,1.99,4.71,137548.0,0.0,0.0,0.0,5.94,4.25,72.0,39.7,,,7.83,22370.0,0.0,0.0,0.0,2.77,1.26,2484.0,17107.0,68.3,3477.0,72.0,39.7,,,7.84,21691.0,0.0,0.0,0.0,2.56,1.02,2514.0,17196.0,68.3,3280.0,6757,264.0,8.39,4360.0,8.23,5180.0,2698.0,2486.0,,,119.0,7.65,0.0,9960.0,58.0,5.82,5.1,0.0,0.0,36.4,114.0,7.73,0.0,11300.0,52.0,3.91,4.8,0.0,0.0,36.5,191.0,7.96,680.0,,,134.5,56.0,6.8,32.0,500.0,665.0,,,,,,,,,,,,,,,,,,,,,,,,36.45
2020-05-21,78.54,120.52,9.86,208.92000000000002,7.81,2.73,1.52,4.66,122670.0,0.0,0.0,0.0,5.85,3.95,74.0,39.7,,,7.85,23395.0,0.0,0.0,0.0,2.45,0.9,2458.0,17124.0,68.5,3590.0,74.0,39.7,,,7.85,21855.0,0.0,0.0,0.0,2.49,0.94,2492.0,17207.0,68.5,3376.0,6966,181.0,8.35,2860.0,8.2,4680.0,2451.0,2269.0,,,115.0,7.66,0.0,10660.0,52.0,4.28,4.5,0.0,0.0,37.6,139.0,7.74,0.0,12360.0,49.0,5.13,4.6,0.0,0.0,36.5,175.0,7.99,840.0,,,138.6,55.0,7.7,32.0,500.0,665.0,,,,,,,,,,,,,,,,,,,,,,,,37.05
2020-05-22,159.88,,21.37,181.25,7.51,4.64,2.98,4.53,121846.0,0.0,0.0,0.0,6.17,4.56,76.0,39.6,,,7.67,22854.0,0.0,0.0,0.0,2.63,1.09,2468.0,17095.0,68.2,3748.0,76.0,39.6,,,7.65,22043.0,0.0,0.0,0.0,2.5,1.04,2529.0,17188.0,68.2,3598.0,7346,295.0,8.17,3740.0,8.04,6120.0,2635.0,2413.0,,,136.0,7.52,0.0,10240.0,49.0,5.31,5.7,0.0,0.0,36.2,113.0,7.61,0.0,10240.0,53.0,4.72,4.6,0.0,0.0,38.0,137.0,7.89,720.0,,,130.5,51.0,6.6,34.0,500.0,665.0,,,,,,,,,,,,,,,,,,,,,,,,37.1
2020-05-23,55.07,83.03,15.05,153.15,0.0,0.0,0.0,0.0,0.0,0.0,0.0,0.0,0.0,0.0,78.0,0.0,,,0.0,0.0,0.0,0.0,0.0,0.0,0.0,0.0,0.0,,3982.0,78.0,0.0,,,0.0,0.0,0.0,0.0,0.0,0.0,0.0,0.0,0.0,,3772.0,7754,199.0,0.0,0.0,,,,,,,118.0,0.0,0.0,0.0,0.0,0.0,0.0,0.0,0.0,,118.0,0.0,0.0,0.0,0.0,0.0,0.0,0.0,0.0,,221.0,,,,,,,,34.0,500.0,665.0,,,,,,,,,,,,,,,,,,,,,,,,
2020-05-24,,,,,0.0,0.0,0.0,0.0,0.0,0.0,0.0,0.0,0.0,0.0,80.0,0.0,,,0.0,0.0,0.0,0.0,0.0,0.0,0.0,0.0,0.0,,4034.0,80.0,0.0,,,0.0,0.0,0.0,0.0,0.0,0.0,0.0,0.0,0.0,,3817.0,7851,253.0,0.0,0.0,,,,,,,122.0,0.0,0.0,0.0,0.0,0.0,0.0,0.0,0.0,,119.0,0.0,0.0,0.0,0.0,0.0,0.0,0.0,0.0,,152.0,,,,,,,,34.0,500.0,665.0,,,,,,,,,,,,,,,,,,,,,,,,
2020-05-25,102.19,132.13,23.33,257.65,7.22,4.58,2.63,4.54,125713.0,5392.0,947.0,2768.0,5.57,3.66,82.0,39.5,,,7.78,18786.0,4764.0,429.0,3652.0,2.53,0.89,2431.0,17138.0,68.0,4019.0,82.0,39.5,,,7.78,25502.0,5106.0,471.0,3944.0,2.54,0.96,2489.0,17164.0,68.0,3838.0,7857,288.0,8.0,3660.0,7.84,3920.0,2167.0,2333.0,135.0,1985.0,134.0,7.5,134.0,10680.0,63.0,4.91,7.3,0.21,7.5,36.7,141.0,7.56,136.0,12600.0,58.0,5.31,5.9,0.14,8.3,37.6,181.0,7.95,720.0,89.0,,132.8,56.0,7.0,36.0,500.0,665.0,,,,,,,,,,,,,,,,,,,,,,,,37.150000000000006
2020-05-26,157.84,56.47,16.12,230.43,7.61,2.82,1.71,4.6,128824.0,0.0,0.0,0.0,5.47,3.8,84.0,39.5,,,7.78,21737.0,0.0,0.0,0.0,2.56,1.06,2476.0,17118.0,68.2,4016.0,84.0,39.5,,,7.78,23577.0,0.0,0.0,0.0,2.42,1.04,2531.0,17082.0,68.2,3802.0,7818,233.0,7.85,2200.0,7.71,6280.0,2613.0,2439.0,,,146.0,7.62,0.0,10620.0,49.0,4.18,5.4,0.0,0.0,37.7,144.0,7.65,0.0,11580.0,55.0,6.21,4.9,0.0,0.0,37.2,270.0,8.0,580.0,,,129.5,51.0,5.8,40.0,500.0,665.0,,,,,,,,,,,,,,,,,,,,,,,,37.45
2020-05-27,187.43,19.22,11.55,218.20000000000002,7.24,3.17,1.98,4.56,124156.0,0.0,0.0,0.0,5.62,3.97,88.0,39.1,,,7.76,26636.0,0.0,0.0,0.0,2.62,1.24,2527.0,17079.0,68.1,4221.0,88.0,39.4,,,7.76,26610.0,0.0,0.0,0.0,2.59,1.13,2553.0,17064.0,68.1,3961.0,8182,254.0,7.88,2340.0,7.71,9180.0,2493.0,2705.0,,,147.0,7.55,0.0,10520.0,86.0,5.31,41.6,0.0,0.0,36.1,149.0,7.63,0.0,12160.0,97.0,4.82,50.4,0.0,0.0,36.7,182.0,7.88,740.0,,,128.0,84.0,7.3,40.0,491.729323308271,654.0000000000005,,,,,,,,,,,,,,,,,,,,,,,,36.400000000000006
2020-05-28,134.22,65.42,21.12,220.76,7.2,4.24,2.4,4.5,124625.0,0.0,0.0,0.0,5.69,3.9,92.0,39.0,,,7.75,24100.0,0.0,0.0,0.0,2.39,0.87,2554.0,17140.0,67.9,4548.0,92.0,39.3,,,7.76,27950.0,0.0,0.0,0.0,2.44,0.95,2581.0,17120.0,67.9,4297.0,8845,328.0,8.02,2160.0,7.74,6540.0,2504.0,2535.0,,,126.0,7.49,0.0,10840.0,101.0,3.12,80.3,0.0,0.0,37.9,160.0,7.56,0.0,11120.0,52.0,5.46,28.2,0.0,0.0,36.6,211.0,7.82,860.0,,,130.0,68.0,8.2,42.0,500.0,665.0,,,,,,,,,,,,,,,,,,,,,,,,37.25
2020-05-29,108.05,107.38,20.31,235.74,7.21,5.16,3.16,4.46,126681.0,0.0,0.0,0.0,6.24,4.52,96.0,39.0,,,7.74,22925.0,0.0,0.0,0.0,2.52,0.98,2571.0,17178.0,67.6,4823.0,96.0,39.2,,,7.74,22392.0,0.0,0.0,0.0,2.44,1.14,2554.0,17154.0,67.6,4601.0,9424,257.0,7.78,1960.0,7.73,9100.0,2379.0,2696.0,,,162.0,7.47,0.0,11700.0,109.0,4.23,89.0,0.0,0.0,36.1,159.0,7.53,0.0,10600.0,70.0,3.97,22.4,0.0,0.0,36.5,220.0,7.81,780.0,,,131.1,92.0,7.9,44.0,500.0,665.0,,,,,,,,,,,,,,,,,,,,,,,,36.3
2020-05-30,28.4,37.59,15.89,81.88000000000001,0.0,0.0,0.0,0.0,0.0,0.0,0.0,0.0,0.0,0.0,102.0,0.0,,,0.0,0.0,0.0,0.0,0.0,0.0,0.0,0.0,0.0,,5041.0,102.0,0.0,,,0.0,0.0,0.0,0.0,0.0,0.0,0.0,0.0,0.0,,4780.0,9821,354.0,0.0,0.0,,,,,,,164.0,0.0,0.0,0.0,0.0,0.0,0.0,0.0,0.0,,127.0,0.0,0.0,0.0,0.0,0.0,0.0,0.0,0.0,,289.0,,,,,,,,46.0,400.0,532.0,,,,,,,,,,,,,,,,,,,,,,,,
2020-05-31,,42.65,,42.65,0.0,0.0,0.0,0.0,0.0,0.0,0.0,0.0,0.0,0.0,108.0,0.0,,,0.0,0.0,0.0,0.0,0.0,0.0,0.0,0.0,0.0,,5478.0,108.0,0.0,,,0.0,0.0,0.0,0.0,0.0,0.0,0.0,0.0,0.0,,5223.0,10701,244.0,0.0,0.0,,,,,,,140.0,0.0,0.0,0.0,0.0,0.0,0.0,0.0,0.0,,161.0,0.0,0.0,0.0,0.0,0.0,0.0,0.0,0.0,,208.0,,,,,,,,48.0,,,,,,,,,,,,,,,,,,,,,,,,,,
2020-06-01,183.17,38.89,22.76,244.82,6.91,4.23,2.3,4.6,130909.0,6185.0,1020.0,2944.0,5.75,3.94,108.0,38.4,,,7.73,24131.0,4881.0,487.0,3829.0,2.6,1.08,2585.0,17238.0,68.2,5782.0,108.0,39.2,,,7.73,27400.0,5263.0,531.0,4116.0,2.52,0.85,2617.0,17192.0,68.2,5418.0,11200,363.0,8.04,2080.0,7.89,7200.0,2708.0,2642.0,271.0,2011.0,167.0,7.42,142.0,10240.0,135.0,5.39,104.6,0.12,3.5,36.8,133.0,7.61,141.0,9920.0,75.0,4.83,27.6,0.16,4.3,36.8,220.0,7.92,680.0,95.0,,136.5,108.0,6.9,48.0,800.0,1064.0,,,,,,,,,,,,,,,,,,,,,,,,36.8
2020-06-02,155.87,89.27,15.99,261.13,7.76,2.84,1.54,4.66,117008.0,0.0,0.0,0.0,6.15,4.25,116.0,38.4,,,7.74,22757.0,0.0,0.0,0.0,2.51,0.98,2593.0,17251.0,68.8,5726.0,116.0,39.1,,,7.73,23126.0,0.0,0.0,0.0,2.55,1.05,2634.0,17228.0,68.8,5434.0,11160,282.0,7.86,2600.0,7.82,7820.0,2678.0,2623.0,,,175.0,7.54,0.0,11020.0,100.0,5.21,75.9,0.0,0.0,37.4,178.0,7.56,0.0,10280.0,64.0,4.88,17.9,0.0,0.0,36.7,163.0,7.76,720.0,,,138.2,71.0,6.8,48.0,684.2105263157891,909.9999999999997,,,,,,,,,,,,,,,,,,,,,,,,37.05
2020-06-03,182.11,81.16,16.1,279.37,7.69,2.88,1.6,4.6,137484.0,0.0,0.0,0.0,5.89,4.19,120.0,38.3,,,7.71,23456.0,0.0,0.0,0.0,2.65,1.1,2631.0,17228.0,68.7,6060.0,120.0,39.0,,,7.7,22982.0,0.0,0.0,0.0,2.58,1.03,2688.0,17354.0,68.7,5767.0,11827,325.0,7.9,2840.0,7.85,7680.0,2685.0,2638.0,,,179.0,7.56,0.0,10890.0,88.0,3.94,63.4,0.0,0.0,36.0,140.0,7.59,0.0,10240.0,59.0,5.04,7.5,0.0,0.0,37.2,257.0,7.82,620.0,,,134.6,64.0,6.2,52.0,700.0,931.0,,,,,,,,,,,,,,,,,,,,,,,,36.6
2020-06-04,187.77,121.34,14.13,323.24,7.5,2.97,1.65,4.51,142042.0,0.0,0.0,0.0,6.33,4.31,120.0,38.4,,,7.7,24461.0,0.0,0.0,0.0,2.59,0.98,2787.0,17668.0,68.1,6317.0,120.0,38.9,,,7.7,25736.0,0.0,0.0,0.0,2.64,0.96,2739.0,17528.0,68.1,5941.0,12258,359.0,8.01,3840.0,7.93,8240.0,2714.0,2681.0,,,181.0,7.59,0.0,10280.0,74.0,5.62,22.6,0.0,0.0,36.7,148.0,7.62,0.0,10020.0,51.0,4.52,5.9,0.0,0.0,37.6,251.0,7.92,760.0,,,130.8,59.0,7.4,55.0,700.0,931.0,,,,,,,,,,,,,,,,,,,,,,,,37.150000000000006
2020-06-05,157.64,,22.56,180.2,7.46,2.84,1.56,4.59,141556.0,0.0,0.0,0.0,6.27,4.42,120.0,38.4,,,7.71,24178.0,0.0,0.0,0.0,2.56,1.05,2753.0,17581.0,67.7,6462.0,120.0,38.8,,,7.71,24817.0,0.0,0.0,0.0,2.53,0.98,2775.0,17492.0,67.7,6075.0,12537,359.0,7.99,3660.0,7.92,8180.0,2699.0,2662.0,,,148.0,7.57,0.0,9980.0,61.0,3.18,6.6,0.0,0.0,37.9,168.0,7.63,0.0,10420.0,53.0,4.67,4.5,0.0,0.0,38.3,269.0,7.96,560.0,,,128.5,56.0,6.0,56.0,700.0,931.0,,,,,,,,,,,,,,,,,,,,,,,,38.099999999999994
2020-06-06,108.86,41.79,17.12,167.77,0.0,0.0,0.0,0.0,0.0,0.0,0.0,0.0,0.0,0.0,120.0,0.0,,,0.0,0.0,0.0,0.0,0.0,0.0,0.0,0.0,0.0,,6545.0,120.0,0.0,,,0.0,0.0,0.0,0.0,0.0,0.0,0.0,0.0,0.0,,6166.0,12711,359.0,0.0,0.0,,,,,,,193.0,0.0,0.0,0.0,0.0,0.0,0.0,0.0,0.0,,200.0,0.0,0.0,0.0,0.0,0.0,0.0,0.0,0.0,,283.0,,,,,,,,56.0,500.0,665.0,,,,,,,,,,,,,,,,,,,,,,,,
2020-06-07,,,,,0.0,0.0,0.0,0.0,0.0,0.0,0.0,0.0,0.0,0.0,120.0,0.0,,,0.0,0.0,0.0,0.0,0.0,0.0,0.0,0.0,0.0,,6362.0,120.0,0.0,,,0.0,0.0,0.0,0.0,0.0,0.0,0.0,0.0,0.0,,6063.0,12425,358.0,0.0,0.0,,,,,,,194.0,0.0,0.0,0.0,0.0,0.0,0.0,0.0,0.0,,212.0,0.0,0.0,0.0,0.0,0.0,0.0,0.0,0.0,,233.0,,,,,,,,56.0,500.0,665.0,,,,,,,,,,,,,,,,,,,,,,,,
2020-06-08,160.01,130.1,24.16,314.27000000000004,7.89,2.81,1.61,4.4,147083.0,4735.0,1013.0,2516.0,6.54,4.67,120.0,38.6,,,7.71,28303.0,4742.0,482.0,4192.0,2.47,1.0,2967.0,17948.0,68.0,6462.0,120.0,38.9,,,7.7,27570.0,4923.0,501.0,4355.0,2.5,0.94,2925.0,17875.0,68.0,6124.0,12586,304.0,7.88,6000.0,7.83,8240.0,2655.0,2686.0,335.0,2055.0,151.0,7.56,139.0,10460.0,68.0,6.3,26.8,0.14,7.7,36.7,198.0,7.55,139.0,9700.0,63.0,6.5,20.7,0.11,7.9,39.1,243.0,7.8,620.0,,,136.5,62.0,6.5,56.0,700.0,931.0,,,,,,,,,,,,,,,,,,,,,,,,37.900000000000006
2020-06-09,186.28,136.85,16.47,339.6,7.37,2.93,1.53,4.45,138440.0,0.0,0.0,0.0,6.38,4.47,120.0,38.6,,,7.7,22750.0,0.0,0.0,0.0,2.74,1.09,3002.0,18021.0,68.5,6207.0,120.0,38.9,,,7.7,25838.0,0.0,0.0,0.0,2.64,1.05,2983.0,17942.0,68.5,5837.0,12044,363.0,7.91,3780.0,7.76,11240.0,2689.0,2883.0,,,150.0,7.5,0.0,10180.0,73.0,6.1,29.9,0.0,0.0,37.1,151.0,7.53,0.0,10820.0,62.0,5.4,11.3,0.0,0.0,39.6,249.0,7.83,720.0,,,132.4,65.0,7.1,56.0,616.541353383458,819.9999999999992,,,,,,,,,,,,,,,,,,,,,,,,38.35
2020-06-10,159.02,,16.18,175.20000000000002,7.1,3.13,1.96,4.34,148996.0,0.0,0.0,0.0,6.26,4.63,120.0,38.7,,,7.62,27201.0,0.0,0.0,0.0,2.44,1.09,2854.0,17608.0,68.1,6353.0,120.0,38.8,,,7.61,25949.0,0.0,0.0,0.0,2.5,1.13,2837.0,17624.0,68.1,5961.0,12314,362.0,7.89,3200.0,7.73,9380.0,2713.0,2767.0,,,158.0,7.48,0.0,10220.0,81.0,5.8,48.2,0.0,0.0,37.1,157.0,,0.0,,,,,0.0,0.0,39.3,270.0,7.8,720.0,,,128.7,75.0,6.9,56.0,700.0,931.0,,,,,,,,,,,,,,,,,,,,,,,,38.2
2020-06-11,131.65,65.56,13.92,211.13,7.32,3.32,2.02,4.29,155674.0,5360.0,0.0,0.0,6.62,4.73,120.0,38.5,,,7.6,26321.0,0.0,0.0,0.0,2.6,1.08,2795.0,17641.0,67.4,6555.0,120.0,38.9,,,7.59,28311.0,0.0,0.0,0.0,2.59,1.03,2768.0,17653.0,67.4,6107.0,12662,383.0,7.84,3480.0,7.75,9060.0,2658.0,2775.0,,,194.0,7.51,0.0,10660.0,96.0,4.6,69.5,0.0,0.0,37.6,192.0,7.56,0.0,11200.0,71.0,3.8,24.8,0.0,0.0,40.2,301.0,7.81,640.0,,,134.3,80.0,6.1,56.0,700.0,931.0,,,,,,,,,,,,,,,,,,,,,,,,38.900000000000006
2020-06-12,135.48,149.41,23.05,307.94,0.0,0.0,0.0,0.0,0.0,0.0,0.0,0.0,0.0,0.0,120.0,0.0,,,0.0,0.0,0.0,0.0,0.0,0.0,0.0,0.0,0.0,,6613.0,120.0,0.0,,,0.0,0.0,0.0,0.0,0.0,0.0,0.0,0.0,0.0,,6132.0,12745,408.0,0.0,0.0,,,,,,,170.0,0.0,0.0,0.0,0.0,0.0,0.0,0.0,0.0,,170.0,0.0,0.0,0.0,0.0,0.0,0.0,0.0,0.0,,319.0,,,,,,,,56.0,500.0,665.0,,,,,,,,,,,,,,,,,,,,,,,,
2020-06-13,80.29,38.59,17.81,136.69,0.0,0.0,0.0,0.0,0.0,0.0,0.0,0.0,0.0,0.0,120.0,0.0,,,0.0,0.0,0.0,0.0,0.0,0.0,0.0,0.0,0.0,,6443.0,120.0,0.0,,,0.0,0.0,0.0,0.0,0.0,0.0,0.0,0.0,0.0,,5920.0,12363,399.0,0.0,0.0,,,,,,,203.0,0.0,0.0,0.0,0.0,0.0,0.0,0.0,0.0,,169.0,0.0,0.0,0.0,0.0,0.0,0.0,0.0,0.0,,346.0,,,,,,,,56.0,500.0,665.0,,,,,,,,,,,,,,,,,,,,,,,,
2020-06-14,,,,,0.0,0.0,0.0,0.0,0.0,0.0,0.0,0.0,0.0,0.0,120.0,0.0,,,0.0,0.0,0.0,0.0,0.0,0.0,0.0,0.0,0.0,,6046.0,120.0,0.0,,,0.0,0.0,0.0,0.0,0.0,0.0,0.0,0.0,0.0,,5572.0,11618,362.0,0.0,0.0,,,,,,,194.0,0.0,0.0,0.0,0.0,0.0,0.0,0.0,0.0,,178.0,0.0,0.0,0.0,0.0,0.0,0.0,0.0,0.0,,307.0,,,,,,,,56.0,500.0,665.0,,,,,,,,,,,,,,,,,,,,,,,,
2020-06-15,78.34,,23.81,102.15,6.94,4.81,2.94,4.66,136603.0,4821.0,1076.0,2958.0,6.14,4.3,80.0,38.5,,,7.59,23403.0,4582.0,504.0,3953.0,2.69,1.17,2649.0,17848.0,68.1,6262.0,80.0,38.9,,,7.61,24407.0,4629.0,555.0,3949.0,2.64,1.05,2727.0,17814.0,68.1,6248.0,12510,271.0,7.0,5820.0,7.54,4020.0,2375.0,2889.0,149.0,2185.0,133.0,7.48,129.0,9940.0,106.0,6.61,64.1,0.21,10.4,37.3,181.0,7.73,131.0,11120.0,79.0,25.77,15.3,0.14,11.7,40.0,274.0,7.7,680.0,98.0,,127.3,84.0,7.0,40.0,0.0,0.0,,,,,,,,,,,,,,,,,,,,,,,,38.65
2020-06-16,81.59,41.51,18.38,141.48,0.0,0.0,0.0,0.0,0.0,0.0,0.0,0.0,0.0,0.0,0.0,0.0,,,0.0,0.0,0.0,0.0,0.0,0.0,0.0,0.0,0.0,,3413.0,0.0,0.0,,,0.0,0.0,0.0,0.0,0.0,0.0,0.0,0.0,0.0,,2676.0,6089,255.0,0.0,0.0,,,,,,,130.0,0.0,0.0,0.0,0.0,0.0,0.0,0.0,0.0,,159.0,0.0,0.0,0.0,0.0,0.0,0.0,0.0,0.0,,268.0,,,,,,,,0.0,0.0,0.0,,,,,,,,,,,,,,,,,,,,,,,,
2020-06-17,79.82,134.19,20.66,234.67,0.0,0.0,0.0,0.0,0.0,0.0,0.0,0.0,0.0,0.0,0.0,0.0,,,0.0,0.0,0.0,0.0,0.0,0.0,0.0,0.0,0.0,,3354.0,0.0,0.0,,,0.0,0.0,0.0,0.0,0.0,0.0,0.0,0.0,0.0,,3416.0,6770,98.0,0.0,0.0,,,,,,,139.0,0.0,0.0,0.0,0.0,0.0,0.0,0.0,0.0,,191.0,0.0,0.0,0.0,0.0,0.0,0.0,0.0,0.0,,350.0,,,,,,,,0.0,0.0,0.0,,,,,,,,,,,,,,,,,,,,,,,,
2020-06-18,270.18,137.61,12.72,420.51000000000005,7.46,2.48,1.35,5.54,121834.0,4845.0,887.0,3244.0,4.78,2.83,65.0,38.4,,,7.72,28745.0,5617.0,628.0,4443.0,2.64,0.86,3041.0,17408.0,72.8,4215.0,65.0,38.8,,,7.7,25806.0,5091.0,573.0,4175.0,2.52,0.85,2994.0,17453.0,72.8,3733.0,7948,325.0,7.87,2760.0,7.56,13120.0,2885.0,3142.0,418.0,2887.0,140.0,7.5,0.0,11960.0,41.0,5.99,4.6,0.11,0.0,37.0,166.0,7.51,0.0,15840.0,47.0,8.29,2.3,0.21,0.0,39.9,293.0,7.73,720.0,,,120.0,51.0,7.3,0.0,800.0,1064.0,,,,,,,,,,,,,,,,,,,,,,,,38.45
2020-06-19,264.49,41.66,18.76,324.90999999999997,7.0,2.99,1.85,4.28,132661.0,0.0,0.0,0.0,6.65,4.84,96.0,38.4,,,7.69,22080.0,0.0,0.0,0.0,2.48,0.87,2984.0,17486.0,70.3,4610.0,96.0,38.7,,,7.68,23722.0,0.0,0.0,0.0,2.63,0.95,3031.0,17495.0,70.3,4352.0,8962,246.0,7.89,1820.0,7.7,7200.0,2710.0,2737.0,,,138.0,7.55,0.0,10740.0,51.0,5.4,4.2,0.0,0.0,37.0,118.0,7.57,0.0,14120.0,49.0,4.8,3.9,0.0,0.0,40.0,233.0,7.8,640.0,,,122.5,52.0,6.8,18.0,610.5263157894733,811.9999999999995,,,,,,,,,,,,,,,,,,,,,,,,38.5
2020-06-20,152.68,48.05,16.52,217.25000000000003,0.0,0.0,0.0,0.0,0.0,0.0,0.0,0.0,0.0,0.0,96.0,0.0,,,0.0,0.0,0.0,0.0,0.0,0.0,0.0,0.0,0.0,,4931.0,96.0,0.0,,,0.0,0.0,0.0,0.0,0.0,0.0,0.0,0.0,0.0,,4525.0,9456,146.0,0.0,0.0,,,,,,,142.0,0.0,0.0,0.0,0.0,0.0,0.0,0.0,0.0,,117.0,0.0,0.0,0.0,0.0,0.0,0.0,0.0,0.0,,240.0,,,,,,,,24.0,600.0,798.0,,,,,,,,,,,,,,,,,,,,,,,,
2020-06-21,,,,,0.0,0.0,0.0,0.0,0.0,0.0,0.0,0.0,0.0,0.0,96.0,0.0,,,0.0,0.0,0.0,0.0,0.0,0.0,0.0,0.0,0.0,,4882.0,96.0,0.0,,,0.0,0.0,0.0,0.0,0.0,0.0,0.0,0.0,0.0,,4537.0,9419,215.0,0.0,0.0,,,,,,,122.0,0.0,0.0,0.0,0.0,0.0,0.0,0.0,0.0,,106.0,0.0,0.0,0.0,0.0,0.0,0.0,0.0,0.0,,212.0,,,,,,,,24.0,500.0,665.0,,,,,,,,,,,,,,,,,,,,,,,,
2020-06-22,183.75,81.85,24.52,290.12,7.26,3.49,1.78,4.3,123709.0,4488.0,834.0,2521.0,6.34,4.57,104.0,38.8,,,7.63,23236.0,4287.0,472.0,3832.0,2.56,0.96,3075.0,17568.0,66.5,4993.0,104.0,39.1,,,7.65,22723.0,4728.0,490.0,4071.0,2.69,1.05,3114.0,17463.0,66.5,4674.0,9667,285.0,7.88,9200.0,7.9,7580.0,2545.0,2684.0,364.0,2035.0,121.0,7.23,132.0,10300.0,50.0,6.33,4.3,0.15,8.9,37.2,124.0,7.38,0.0,13500.0,48.0,7.12,3.3,0.12,8.1,38.7,139.0,7.67,740.0,,,130.7,53.0,7.6,30.0,1000.0,1330.0,,,,,,,,,,,,,,,,,,,,,,,,37.95
2020-06-23,161.9,119.1,19.37,300.37,7.41,3.19,1.72,4.34,120800.0,0.0,0.0,0.0,6.16,4.25,111.0,38.8,,,7.61,22984.0,0.0,0.0,0.0,2.6,0.98,2988.0,17592.0,66.9,5273.0,111.0,39.1,,,7.61,22015.0,0.0,0.0,0.0,2.43,0.86,3062.0,17528.0,66.9,4960.0,10233,171.0,7.78,7080.0,7.95,6440.0,2595.0,2631.0,,,135.0,7.52,0.0,10940.0,44.0,5.12,4.1,0.0,0.0,37.5,122.0,7.53,0.0,13260.0,49.0,4.64,4.6,0.0,0.0,38.4,97.0,7.75,720.0,,,128.4,50.0,7.1,40.0,1000.0,1330.0,,,,,,,,,,,,,,,,,,,,,,,,37.95
2020-06-24,157.65,,13.85,171.5,6.99,4.07,2.63,4.34,123213.0,0.0,0.0,0.0,6.32,4.82,120.0,38.8,,,7.58,23248.0,0.0,0.0,0.0,2.68,1.36,2914.0,17488.0,66.4,5827.0,120.0,39.2,,,7.58,26974.0,0.0,0.0,0.0,2.59,1.22,2936.0,17493.0,66.4,5482.0,11309,233.0,7.81,9940.0,7.92,1940.0,2035.0,1987.0,,,126.0,7.5,0.0,11020.0,46.0,4.18,3.9,0.0,0.0,36.9,105.0,7.58,0.0,14200.0,41.0,3.84,4.4,0.0,0.0,38.7,192.0,7.8,660.0,,,121.7,45.0,6.9,48.0,804.5112781954886,1069.9999999999998,,,,,,,,,,,,,,,,,,,,,,,,37.8
2020-06-25,186.64,65.1,14.93,266.66999999999996,7.01,3.24,1.76,4.36,125118.0,0.0,0.0,0.0,6.2,4.28,120.0,38.8,,,7.66,21482.0,0.0,0.0,0.0,2.55,1.0,2836.0,17564.0,66.5,5989.0,120.0,39.1,,,7.66,22797.0,0.0,0.0,0.0,2.54,0.96,2813.0,17588.0,66.5,5626.0,11615,256.0,7.94,3700.0,8.0,15380.0,2604.0,3236.0,,,110.0,7.38,0.0,12260.0,92.0,3.84,42.6,0.0,0.0,36.0,103.0,7.53,0.0,13580.0,71.0,4.82,26.4,0.0,0.0,38.4,138.0,7.81,580.0,,,130.4,67.0,6.2,42.0,700.0,931.0,,,,,,,,,,,,,,,,,,,,,,,,37.2
2020-06-26,212.21,102.37,21.9,336.48,7.26,2.86,1.69,4.37,127416.0,0.0,0.0,0.0,6.28,4.36,120.0,38.7,,,7.65,22461.0,0.0,0.0,0.0,2.6,0.98,2784.0,17593.0,67.1,5942.0,120.0,39.0,,,7.65,22618.0,0.0,0.0,0.0,2.58,1.04,2831.0,17517.0,67.1,5572.0,11514,301.0,7.92,4880.0,8.02,11880.0,2657.0,2817.0,,,111.0,7.4,0.0,12840.0,124.0,5.28,80.2,0.0,0.0,36.6,107.0,7.54,0.0,13420.0,93.0,6.81,46.6,0.0,0.0,38.4,143.0,7.83,720.0,,,125.9,102.0,6.9,44.0,700.0,931.0,,,,,,,,,,,,,,,,,,,,,,,,37.5
2020-06-27,133.29,37.38,18.7,189.36999999999998,0.0,0.0,0.0,0.0,0.0,0.0,0.0,0.0,0.0,0.0,120.0,0.0,,,0.0,0.0,0.0,0.0,0.0,0.0,0.0,0.0,0.0,,5939.0,120.0,0.0,,,0.0,0.0,0.0,0.0,0.0,0.0,0.0,0.0,0.0,,5580.0,11519,250.0,0.0,0.0,,,,,,,134.0,0.0,0.0,0.0,0.0,0.0,0.0,0.0,0.0,,112.0,0.0,0.0,0.0,0.0,0.0,0.0,0.0,0.0,,153.0,,,,,,,,48.0,600.0,798.0,,,,,,,,,,,,,,,,,,,,,,,,
2020-06-28,,42.68,,42.68,0.0,0.0,0.0,0.0,0.0,0.0,0.0,0.0,0.0,0.0,124.0,0.0,,,0.0,0.0,0.0,0.0,0.0,0.0,0.0,0.0,0.0,,6056.0,124.0,0.0,,,0.0,0.0,0.0,0.0,0.0,0.0,0.0,0.0,0.0,,5730.0,11786,265.0,0.0,0.0,,,,,,,116.0,0.0,0.0,0.0,0.0,0.0,0.0,0.0,0.0,,113.0,0.0,0.0,0.0,0.0,0.0,0.0,0.0,0.0,,159.0,,,,,,,,56.0,600.0,798.0,,,,,,,,,,,,,,,,,,,,,,,,
2020-06-29,186.83,38.25,24.29,249.37,7.51,2.66,1.35,4.52,119475.0,4605.0,872.0,2462.0,5.82,3.99,128.0,38.8,,,7.64,26703.0,4733.0,497.0,3794.0,2.59,0.97,2828.0,17852.0,67.5,5964.0,128.0,39.3,,,7.67,30275.0,4653.0,523.0,3772.0,2.63,1.05,2803.0,17769.0,67.5,5499.0,11463,316.0,7.94,1740.0,7.93,5280.0,2491.0,2710.0,191.0,2106.0,134.0,7.49,132.0,12080.0,98.0,7.49,47.0,0.12,10.2,37.1,133.0,7.51,131.0,15580.0,91.0,7.29,22.4,0.56,9.4,38.8,172.0,7.8,580.0,93.0,,130.4,86.0,6.3,60.0,727.0676691729323,967.0,,,,,,,,,,,,,,,,,,,,,,,,37.95
2020-06-30,156.15,88.87,17.37,262.39,7.48,2.82,1.61,4.49,123416.0,0.0,0.0,0.0,5.98,4.14,132.0,38.8,,,7.64,25340.0,0.0,0.0,0.0,2.6,0.98,2853.0,17877.0,67.6,6014.0,132.0,39.3,,,7.66,24839.0,0.0,0.0,0.0,2.59,1.02,2840.0,17822.0,67.6,5653.0,11667,263.0,7.92,3620.0,7.91,4980.0,2545.0,2653.0,,,117.0,7.47,0.0,11980.0,86.0,5.73,34.2,0.0,0.0,37.6,143.0,7.5,0.0,14920.0,79.0,6.85,18.7,0.0,0.0,39.1,196.0,7.81,640.0,,,126.4,74.0,6.6,60.0,600.0,798.0,,,,,,,,,,,,,,,,,,,,,,,,38.35
2020-07-01,212.57,84.64,14.59,311.79999999999995,7.52,3.01,1.68,4.54,115940.0,5100.0,0.0,0.0,5.62,3.98,132.0,38.9,,,7.66,32612.0,0.0,0.0,0.0,2.77,1.17,2904.0,17910.0,68.2,5970.0,132.0,39.2,,,7.67,24666.0,0.0,0.0,0.0,2.53,0.95,2893.0,17883.0,68.2,5651.0,11621,325.0,7.84,1680.0,7.83,5080.0,2605.0,2983.0,,,151.0,7.42,0.0,10540.0,62.0,6.82,9.5,0.0,0.0,37.7,150.0,7.49,0.0,13360.0,85.0,7.13,12.3,0.0,0.0,39.3,161.0,7.73,620.0,,,110.9,74.0,5.9,60.0,700.0,931.0,,,,,,,,,,,,,,,,,,,,,,,,38.5
2020-07-02,159.91,116.81,17.65,294.37,7.65,2.16,1.32,4.45,133442.0,4790.0,0.0,0.0,5.79,4.18,132.0,38.7,,,7.63,25002.0,0.0,0.0,0.0,2.41,1.07,2824.0,17748.0,68.3,6088.0,132.0,39.3,,,7.64,24744.0,0.0,0.0,0.0,2.5,1.03,2816.0,17796.0,68.3,5704.0,11792,354.0,7.89,4460.0,7.85,8200.0,2620.0,3061.0,,,131.0,7.45,0.0,9720.0,53.0,8.87,4.5,0.0,0.0,37.7,126.0,7.63,0.0,12120.0,60.0,5.83,6.7,0.0,0.0,39.4,230.0,7.67,740.0,,,120.4,59.0,7.5,60.0,600.0,798.0,,,,,,,,,,,,,,,,,,,,,,,,38.55
2020-07-03,158.96,,20.96,179.92000000000002,7.32,2.84,1.91,4.38,137520.0,0.0,0.0,0.0,6.1,4.69,132.0,38.8,,,7.67,33738.0,0.0,0.0,0.0,2.74,1.29,2981.0,17693.0,67.4,6405.0,132.0,39.2,,,7.67,23233.0,0.0,0.0,0.0,2.8,1.23,2954.0,17718.0,67.4,5960.0,12365,326.0,7.94,2600.0,7.88,5160.0,2138.0,2973.0,,,173.0,7.4,0.0,10980.0,114.0,5.78,48.6,0.0,0.0,37.9,170.0,7.59,0.0,13400.0,134.0,11.48,60.1,0.0,0.0,39.4,266.0,7.64,780.0,,,126.2,106.0,7.8,60.0,700.0,931.0,,,,,,,,,,,,,,,,,,,,,,,,38.65
2020-07-04,159.95,41.16,,201.10999999999999,0.0,0.0,0.0,0.0,0.0,0.0,0.0,0.0,0.0,0.0,132.0,0.0,,,0.0,0.0,0.0,0.0,0.0,0.0,0.0,0.0,0.0,,6463.0,132.0,0.0,,,0.0,0.0,0.0,0.0,0.0,0.0,0.0,0.0,0.0,,5965.0,12428,331.0,0.0,0.0,,,,,,,155.0,0.0,0.0,0.0,0.0,0.0,0.0,0.0,0.0,,181.0,0.0,0.0,0.0,0.0,0.0,0.0,0.0,0.0,,270.0,,,,,,,,60.0,600.0,798.0,,,,,,,,,,,,,,,,,,,,,,,,
2020-07-05,,41.24,,41.24,0.0,0.0,0.0,0.0,0.0,0.0,0.0,0.0,0.0,0.0,132.0,0.0,,,0.0,0.0,0.0,0.0,0.0,0.0,0.0,0.0,0.0,,6272.0,132.0,0.0,,,0.0,0.0,0.0,0.0,0.0,0.0,0.0,0.0,0.0,,5756.0,12028,292.0,0.0,0.0,,,,,,,185.0,0.0,0.0,0.0,0.0,0.0,0.0,0.0,0.0,,142.0,0.0,0.0,0.0,0.0,0.0,0.0,0.0,0.0,,243.0,,,,,,,,60.0,500.0,665.0,,,,,,,,,,,,,,,,,,,,,,,,
2020-07-06,103.26,90.55,42.64,236.45,7.83,3.33,1.69,4.88,113796.0,4786.0,777.0,2726.0,5.2,3.59,132.0,38.7,,,7.68,27013.0,5217.0,456.0,3858.0,2.7,1.08,3189.0,17928.0,68.0,5938.0,132.0,39.1,,,7.66,27440.0,5366.0,515.0,4029.0,2.73,1.2,3142.0,17864.0,68.9,5309.0,11247,235.0,7.91,1820.0,7.77,7280.0,2701.0,2835.0,260.0,2214.0,180.0,,136.0,10820.0,47.0,6.87,4.8,0.21,7.5,38.7,137.0,7.64,135.0,12740.0,54.0,10.35,4.2,0.15,7.1,40.8,260.0,7.89,620.0,89.0,,134.1,51.0,6.1,60.0,724.812030075188,964.0000000000001,,,,,,,,,,,,,,,,,,,,,,,,39.75
2020-07-07,162.27,81.49,18.24,262.0,7.69,3.04,1.61,4.82,119532.0,0.0,0.0,0.0,5.45,3.84,132.0,38.7,,,7.69,25836.0,0.0,0.0,0.0,2.68,1.12,3024.0,18043.0,70.6,5073.0,132.0,39.1,,,7.67,28428.0,0.0,0.0,0.0,2.7,1.08,2963.0,17894.0,70.6,4444.0,9517,245.0,7.94,3880.0,7.8,6860.0,2724.0,2816.0,,,137.0,7.63,0.0,11640.0,42.0,4.11,4.3,0.0,0.0,39.0,157.0,7.65,0.0,13160.0,61.0,6.31,5.1,0.0,0.0,41.3,239.0,7.86,820.0,,,128.3,54.0,8.1,60.0,600.0,798.0,,,,,,,,,,,,,,,,,,,,,,,,40.15
2020-07-08,189.49,37.81,14.44,241.74,7.19,3.38,1.72,5.58,109811.0,4559.0,0.0,0.0,4.14,2.4,132.0,37.8,,,7.75,25677.0,0.0,0.0,0.0,2.71,1.08,3079.0,18169.0,71.5,4954.0,132.0,39.1,,,7.73,27572.0,0.0,0.0,0.0,2.49,0.85,3026.0,18088.0,71.5,4460.0,9414,315.0,7.94,1820.0,7.91,5180.0,2619.0,2794.0,,,140.0,7.78,0.0,11000.0,73.0,12.16,10.4,0.0,0.0,39.0,159.0,7.7,0.0,15000.0,54.0,3.17,6.9,0.0,0.0,41.4,283.0,7.82,760.0,,,130.4,58.0,7.8,60.0,500.0,665.0,,,,,,,,,,,,,,,,,,,,,,,,40.2
2020-07-09,158.95,65.41,18.37,242.73,7.49,3.01,1.72,5.61,114587.0,5103.0,0.0,3205.0,4.36,2.89,132.0,37.8,,,7.75,20174.0,0.0,0.0,3874.0,2.49,0.97,2925.0,17928.0,72.1,5175.0,132.0,39.1,,,7.73,23170.0,0.0,0.0,4020.0,2.59,1.13,2961.0,17894.0,72.1,4733.0,9908,298.0,7.94,2380.0,7.89,4080.0,2475.0,2723.0,,,169.0,7.52,0.0,11600.0,82.0,6.22,9.8,0.0,0.0,38.8,155.0,7.65,0.0,14640.0,63.0,6.88,8.0,0.0,0.0,41.2,238.0,7.86,760.0,,,128.9,70.0,7.6,60.0,700.0,931.0,,,,,,,,,,,,,,,,,,,,,,,,40.0
2020-07-10,186.45,109.13,21.93,317.51,7.57,3.14,1.93,5.62,126240.0,5088.0,0.0,3268.0,4.56,3.0,132.0,37.7,,,7.76,19194.0,0.0,0.0,0.0,2.63,1.09,2867.0,17992.0,72.5,5385.0,132.0,39.0,,,7.75,21681.0,0.0,0.0,0.0,2.64,1.05,2936.0,18061.0,72.5,4873.0,10258,325.0,8.0,2740.0,7.98,5340.0,2507.0,2781.0,,,170.0,7.58,0.0,10860.0,71.0,7.12,10.1,0.0,0.0,38.6,151.0,7.74,0.0,15060.0,59.0,4.39,8.4,0.0,0.0,41.1,259.0,7.85,580.0,,,126.8,66.0,5.8,60.0,500.0,665.0,,,,,,,,,,,,,,,,,,,,,,,,39.85
2020-07-11,158.93,38.44,17.59,214.96,0.0,0.0,0.0,0.0,0.0,0.0,0.0,0.0,0.0,0.0,132.0,0.0,,,0.0,0.0,0.0,0.0,0.0,0.0,0.0,0.0,0.0,,5377.0,132.0,0.0,,,0.0,0.0,0.0,0.0,0.0,0.0,0.0,0.0,0.0,,4865.0,10242,363.0,0.0,0.0,,,,,,,141.0,0.0,0.0,0.0,0.0,0.0,0.0,0.0,0.0,,123.0,0.0,0.0,0.0,0.0,0.0,0.0,0.0,0.0,,306.0,,,,,,,,60.0,500.0,665.0,,,,,,,,,,,,,,,,,,,,,,,,
2020-07-12,,38.01,,38.01,0.0,0.0,0.0,0.0,0.0,0.0,0.0,0.0,0.0,0.0,132.0,0.0,,,0.0,0.0,0.0,0.0,0.0,0.0,0.0,0.0,0.0,,5483.0,132.0,0.0,,,0.0,0.0,0.0,0.0,0.0,0.0,0.0,0.0,0.0,,4907.0,10390,357.0,0.0,0.0,,,,,,,141.0,0.0,0.0,0.0,0.0,0.0,0.0,0.0,0.0,,151.0,0.0,0.0,0.0,0.0,0.0,0.0,0.0,0.0,,261.0,,,,,,,,60.0,600.0,798.0,,,,,,,,,,,,,,,,,,,,,,,,
2020-07-13,187.73,37.27,24.15,249.15,7.66,3.56,1.63,6.14,114083.0,4806.0,863.0,3228.0,3.88,2.31,132.0,37.6,,,7.82,20731.0,5198.0,506.0,4064.0,2.64,0.89,2754.0,17968.0,73.9,5160.0,132.0,38.9,,,7.81,29907.0,5312.0,536.0,4207.0,2.54,1.05,2796.0,18102.0,73.9,4667.0,9827,350.0,7.98,2440.0,8.04,4640.0,2582.0,2801.0,164.0,2747.0,167.0,7.51,121.0,9860.0,57.0,6.09,4.9,0.13,4.8,37.9,157.0,7.56,123.0,14360.0,66.0,6.89,5.2,0.17,5.3,40.5,238.0,7.91,640.0,86.0,,120.3,58.0,6.4,60.0,578.1954887218044,768.9999999999999,,,,,,,,,,,,,,,,,,,,,,,,39.2
2020-07-14,186.99,41.54,17.39,245.92000000000002,7.64,2.51,1.32,6.08,104767.0,4620.0,880.0,3255.0,4.01,2.65,134.0,37.6,,,7.74,24992.0,4687.0,455.0,3782.0,2.49,1.17,2783.0,17924.0,74.5,4895.0,135.0,38.9,,,7.74,26323.0,5360.0,548.0,4491.0,2.73,1.2,2842.0,18031.0,74.5,4526.0,9421,316.0,7.87,1560.0,7.9,5300.0,2261.0,2562.0,166.0,,171.0,,0.0,,,,,0.0,,,160.0,7.65,0.0,14340.0,75.0,7.12,10.4,0.0,,40.4,210.0,7.89,780.0,,,115.9,67.0,7.9,60.0,400.0,532.0,,,,,,,,,,,,,,,,,,,,,,,,40.4
2020-07-15,183.71,130.9,15.67,330.28000000000003,7.52,4.36,2.33,5.93,117000.0,4728.0,0.0,3123.0,4.19,2.61,138.0,36.9,,,7.76,20806.0,4596.0,0.0,3650.0,2.49,1.07,2729.0,17868.0,74.7,5130.0,138.0,38.7,,,7.76,27718.0,5217.0,0.0,4340.0,2.8,1.23,2773.0,17911.0,74.7,4651.0,9781,363.0,7.83,3080.0,7.82,4500.0,2064.0,2491.0,,,178.0,7.5,0.0,10940.0,49.0,6.89,4.2,0.0,0.0,37.8,140.0,7.61,0.0,15080.0,54.0,6.87,5.1,0.0,0.0,40.3,248.0,7.85,480.0,,,116.1,56.0,6.1,60.0,500.0,665.0,,,,,,,,,,,,,,,,,,,,,,,,39.05
2020-07-16,159.05,98.62,18.78,276.45000000000005,7.4,2.35,1.61,5.8,121039.0,4639.0,0.0,2930.0,4.45,2.89,138.0,36.9,,,7.79,29078.0,0.0,0.0,0.0,2.5,1.17,2848.0,17764.0,74.6,5390.0,138.0,38.7,,,7.77,29227.0,0.0,0.0,0.0,2.51,1.13,2807.0,17798.0,74.6,4821.0,10211,363.0,7.85,2620.0,7.88,6380.0,2267.0,2758.0,,,186.0,7.54,0.0,10600.0,88.0,7.86,12.5,0.0,0.0,37.7,174.0,7.57,0.0,13200.0,91.0,9.6,37.5,0.0,0.0,40.2,272.0,7.78,840.0,,,118.3,79.0,8.4,60.0,600.0,798.0,,,,,,,,,,,,,,,,,,,,,,,,38.95
2020-07-17,159.31,18.01,23.21,200.53,7.5,2.64,1.41,5.72,125041.0,0.0,0.0,2826.0,4.67,3.05,138.0,38.3,,,7.8,26337.0,0.0,0.0,0.0,2.58,1.15,2924.0,17739.0,74.0,5666.0,138.0,38.6,,,7.78,28733.0,0.0,0.0,0.0,2.56,1.19,2901.0,17718.0,74.0,5080.0,10746,357.0,7.88,3260.0,7.84,6560.0,2332.0,2688.0,,,190.0,7.56,0.0,10440.0,82.0,6.81,10.7,0.0,0.0,37.6,180.0,7.59,0.0,13680.0,103.0,8.01,36.2,0.0,0.0,40.3,279.0,7.8,740.0,,,120.4,83.0,7.1,60.0,721.8045112781947,959.999999999999,,,,,,,,,,,,,,,,,,,,,,,,38.95
2020-07-18,157.62,41.41,19.8,218.83,0.0,0.0,0.0,0.0,0.0,0.0,0.0,0.0,0.0,0.0,138.0,0.0,,,0.0,0.0,0.0,0.0,0.0,0.0,0.0,0.0,0.0,,5832.0,138.0,0.0,,,0.0,0.0,0.0,0.0,0.0,0.0,0.0,0.0,0.0,,5280.0,11112,363.0,0.0,0.0,,,,,,,156.0,0.0,0.0,0.0,0.0,0.0,0.0,0.0,0.0,,182.0,0.0,0.0,0.0,0.0,0.0,0.0,0.0,0.0,,240.0,,,,,,,,60.0,600.0,798.0,,,,,,,,,,,,,,,,,,,,,,,,
2020-07-19,,,,,0.0,0.0,0.0,0.0,0.0,0.0,0.0,0.0,0.0,0.0,138.0,0.0,,,0.0,0.0,0.0,0.0,0.0,0.0,0.0,0.0,0.0,,5898.0,138.0,0.0,,,0.0,0.0,0.0,0.0,0.0,0.0,0.0,0.0,0.0,,5389.0,11287,363.0,0.0,0.0,,,,,,,193.0,0.0,0.0,0.0,0.0,0.0,0.0,0.0,0.0,,182.0,0.0,0.0,0.0,0.0,0.0,0.0,0.0,0.0,,284.0,,,,,,,,60.0,900.0,1197.0,,,,,,,,,,,,,,,,,,,,,,,,
2020-07-20,162.87,133.32,25.38,321.57,7.75,3.58,1.57,6.06,116179.0,4962.0,952.0,2945.0,4.43,2.59,138.0,38.3,,,7.86,29557.0,4840.0,525.0,3761.0,2.85,1.1,3087.0,17866.0,74.7,5637.0,138.0,38.6,,,7.84,26397.0,4772.0,606.0,4147.0,2.59,1.03,2954.0,17958.0,74.7,5352.0,10989,339.0,7.97,2340.0,7.96,9060.0,2383.0,3086.0,265.0,2476.0,157.0,7.69,118.0,10110.0,49.0,13.65,3.8,0.1,10.8,39.2,183.0,7.66,121.0,12660.0,55.0,7.76,5.3,0.16,10.2,41.6,227.0,8.05,820.0,82.0,,118.3,57.0,7.9,60.0,300.0,399.0,,,,,,,,,,,,,,,,,,,,,,,,40.400000000000006
2020-07-21,186.53,99.68,18.82,305.03000000000003,7.51,3.26,1.89,5.94,117209.0,4944.0,0.0,3106.0,3.93,2.56,138.0,38.3,,,7.83,22251.0,0.0,0.0,0.0,2.36,1.15,3112.0,17824.0,75.1,5356.0,138.0,38.6,,,7.82,28458.0,0.0,0.0,0.0,2.58,1.21,3018.0,17894.0,75.1,5138.0,10494,347.0,8.05,1820.0,7.97,7780.0,2448.0,2773.0,,2673.0,191.0,7.69,0.0,9660.0,65.0,7.3,5.6,0.0,0.0,39.6,170.0,7.72,0.0,15080.0,45.0,8.13,3.8,0.0,0.0,41.9,323.0,8.0,680.0,,,125.9,49.0,7.0,60.0,500.0,665.0,,,,,,,,,,,,,,,,,,,,,,,,40.75
2020-07-22,186.11,18.6,23.04,227.75,7.44,2.75,1.58,5.7,121017.0,0.0,0.0,0.0,4.33,2.78,138.0,38.4,,,7.81,20559.0,0.0,0.0,0.0,2.68,1.26,3017.0,17796.0,74.2,5627.0,138.0,38.5,,,7.79,23176.0,0.0,0.0,0.0,2.68,1.12,2922.0,17867.0,74.2,5350.0,10977,347.0,7.95,2240.0,8.01,7800.0,2257.0,2864.0,,,172.0,7.68,0.0,11040.0,101.0,6.05,37.2,0.0,0.0,39.8,167.0,7.8,0.0,15120.0,71.0,9.0,7.8,0.0,0.0,41.9,321.0,7.98,760.0,,,118.1,77.0,8.1,60.0,500.0,665.0,,,,,,,,,,,,,,,,,,,,,,,,40.849999999999994
2020-07-23,183.9,65.15,16.12,265.17,7.64,3.34,1.91,5.62,121153.0,4800.0,0.0,3132.0,4.3,2.66,138.0,38.4,,,7.86,24364.0,4620.0,0.0,3763.0,2.52,0.98,2960.0,17923.0,73.6,5784.0,138.0,38.5,,,7.87,30264.0,4697.0,0.0,3804.0,2.43,0.85,2893.0,17961.0,73.6,5461.0,11245,363.0,7.97,3840.0,7.96,9040.0,2440.0,2953.0,,2581.0,171.0,7.65,0.0,10360.0,98.0,9.56,28.1,0.0,0.0,40.0,168.0,7.8,0.0,14980.0,81.0,21.63,11.0,0.0,0.0,40.7,315.0,8.02,600.0,,,123.0,86.0,5.5,60.0,500.0,665.0,,,,,,,,,,,,,,,,,,,,,,,,40.35
2020-07-24,181.45,107.51,22.19,311.15,7.73,2.85,1.52,5.58,122049.0,0.0,0.0,0.0,4.22,2.68,138.0,38.4,,,7.85,23118.0,0.0,0.0,0.0,2.62,1.18,2913.0,17904.0,,5956.0,138.0,38.4,,,7.86,26715.0,0.0,0.0,0.0,2.51,1.05,2867.0,18024.0,,5545.0,11501,363.0,7.95,2880.0,7.95,7880.0,2427.0,2833.0,,,187.0,7.62,0.0,11260.0,87.0,7.81,13.6,0.0,0.0,39.3,129.0,7.78,0.0,14240.0,63.0,7.56,7.4,0.0,0.0,41.4,295.0,7.98,620.0,,,124.2,69.0,6.0,60.0,500.0,665.0,,,,,,,,,,,,,,,,,,,,,,,,40.349999999999994
2020-07-25,131.51,38.9,19.98,190.39,0.0,0.0,0.0,0.0,0.0,0.0,0.0,0.0,0.0,0.0,138.0,0.0,,,0.0,0.0,0.0,0.0,0.0,0.0,0.0,0.0,0.0,,5957.0,138.0,0.0,,,0.0,0.0,0.0,0.0,0.0,0.0,0.0,0.0,0.0,,5696.0,11653,343.0,0.0,0.0,,,,,,,186.0,0.0,0.0,0.0,0.0,0.0,0.0,0.0,0.0,,96.0,0.0,0.0,0.0,0.0,0.0,0.0,0.0,0.0,,299.0,,,,,,,,60.0,500.0,665.0,,,,,,,,,,,,,,,,,,,,,,,,
2020-07-26,,43.21,,43.21,0.0,0.0,0.0,0.0,0.0,0.0,0.0,0.0,0.0,0.0,138.0,0.0,,,0.0,0.0,0.0,0.0,0.0,0.0,0.0,0.0,0.0,,5911.0,138.0,0.0,,,0.0,0.0,0.0,0.0,0.0,0.0,0.0,0.0,0.0,,5644.0,11555,383.0,0.0,0.0,,,,,,,193.0,0.0,0.0,0.0,0.0,0.0,0.0,0.0,0.0,,96.0,0.0,0.0,0.0,0.0,0.0,0.0,0.0,0.0,,250.0,,,,,,,,60.0,500.0,665.0,,,,,,,,,,,,,,,,,,,,,,,,
2020-07-27,160.14,36.54,26.61,223.28999999999996,0.0,0.0,0.0,0.0,0.0,0.0,0.0,0.0,0.0,0.0,138.0,0.0,,,0.0,0.0,0.0,0.0,0.0,0.0,0.0,0.0,0.0,,6086.0,138.0,0.0,,,0.0,0.0,0.0,0.0,0.0,0.0,0.0,0.0,0.0,,5960.0,12046,350.0,0.0,0.0,,,,,,,193.0,0.0,0.0,0.0,0.0,0.0,0.0,0.0,0.0,,174.0,0.0,0.0,0.0,0.0,0.0,0.0,0.0,0.0,,215.0,,,,,,,,60.0,600.0,798.0,,,,,,,,,,,,,,,,,,,,,,,,
2020-07-28,187.48,41.46,20.36,249.3,7.46,2.35,1.33,5.38,116995.0,4068.0,801.0,2776.0,4.78,3.21,138.0,38.1,,,7.87,21129.0,4135.0,466.0,3779.0,2.69,1.27,2888.0,17818.0,71.9,6165.0,138.0,38.1,,,7.84,24232.0,4621.0,487.0,3928.0,2.42,1.04,2726.0,17969.0,71.9,6203.0,12368,334.0,8.12,3680.0,7.97,10360.0,3192.0,3277.0,236.0,2955.0,151.0,7.68,128.0,12040.0,84.0,10.6,10.2,0.29,6.2,37.4,138.0,7.84,126.0,16080.0,67.0,12.65,5.7,0.14,6.8,41.5,282.0,8.02,640.0,,,126.3,62.0,5.8,60.0,353.3834586466164,469.9999999999999,,,,,,,,,,,,,,,,,,,,,,,,39.45
2020-07-29,156.8,132.04,23.34,312.18,7.7,2.66,1.82,5.4,110861.0,0.0,0.0,0.0,5.09,3.52,134.0,38.1,,,7.85,20291.0,0.0,0.0,0.0,2.69,1.17,2972.0,17782.0,70.8,6098.0,134.0,38.1,,,7.84,22791.0,0.0,0.0,0.0,2.64,1.24,2846.0,17927.0,70.8,6336.0,12434,354.0,7.84,4880.0,7.92,9840.0,3088.0,3076.0,,,194.0,7.65,0.0,10820.0,78.0,8.2,12.3,0.0,0.0,39.5,175.0,7.82,0.0,15020.0,58.0,10.4,6.2,0.0,0.0,41.8,208.0,8.0,620.0,,,128.3,61.0,6.1,60.0,500.0,665.0,,,,,,,,,,,,,,,,,,,,,,,,40.65
2020-07-30,209.58,119.39,15.94,344.91,7.4,2.87,1.62,5.66,117464.0,0.0,0.0,0.0,4.5,2.92,132.0,38.1,,,7.86,22877.0,0.0,0.0,0.0,2.4,0.88,2913.0,17804.0,71.8,5653.0,132.0,38.2,,,7.89,27044.0,0.0,0.0,0.0,2.53,1.04,3027.0,17728.0,71.8,6023.0,11676,362.0,7.82,7000.0,7.95,6000.0,3146.0,3588.0,,,151.0,0.0,0.0,0.0,0.0,0.0,0.0,0.0,0.0,0.0,174.0,7.87,0.0,14000.0,84.0,8.49,3.8,0.0,0.0,41.8,307.0,7.98,800.0,,,102.8,87.0,8.2,60.0,600.0,798.0,,,,,,,,,,,,,,,,,,,,,,,,
2020-07-31,182.89,,23.36,206.25,7.4,3.21,1.82,5.7,118209.0,0.0,0.0,0.0,4.97,3.21,132.0,38.2,,,7.84,21694.0,0.0,0.0,0.0,2.71,1.27,2956.0,17832.0,71.8,5613.0,132.0,38.2,,,7.85,25715.0,0.0,0.0,0.0,2.76,1.23,3062.0,17892.0,71.8,5904.0,11517,364.0,8.09,4500.0,8.01,10000.0,3206.0,3302.0,,,194.0,7.62,0.0,9000.0,86.0,11.2,15.4,0.0,0.0,39.9,175.0,7.85,0.0,13000.0,78.0,7.73,6.9,0.0,0.0,41.8,280.0,8.01,740.0,,,122.5,72.0,7.7,60.0,700.0,931.0,,,,,,,,,,,,,,,,,,,,,,,,40.849999999999994
2020-08-01,158.28,89.19,18.02,265.49,0.0,0.0,0.0,0.0,0.0,0.0,0.0,0.0,0.0,0.0,130.0,0.0,,,0.0,0.0,0.0,0.0,0.0,0.0,0.0,0.0,0.0,,5447.0,130.0,0.0,,,0.0,0.0,0.0,0.0,0.0,0.0,0.0,0.0,0.0,,5727.0,11174,363.0,0.0,0.0,,,,,,,194.0,0.0,0.0,0.0,0.0,0.0,0.0,0.0,0.0,,174.0,0.0,0.0,0.0,0.0,0.0,0.0,0.0,0.0,,274.0,,,,,,,,60.0,700.0,931.0,,,,,,,,,,,,,,,,,,,,,,,,
2020-08-02,,,,,0.0,0.0,0.0,0.0,0.0,0.0,0.0,0.0,0.0,0.0,130.0,0.0,,,0.0,0.0,0.0,0.0,0.0,0.0,0.0,0.0,0.0,,5520.0,130.0,0.0,,,0.0,0.0,0.0,0.0,0.0,0.0,0.0,0.0,0.0,,5794.0,11314,363.0,0.0,0.0,,,,,,,153.0,0.0,0.0,0.0,0.0,0.0,0.0,0.0,0.0,,174.0,0.0,0.0,0.0,0.0,0.0,0.0,0.0,0.0,,283.0,,,,,,,,60.0,500.0,665.0,,,,,,,,,,,,,,,,,,,,,,,,
2020-08-03,182.16,84.38,32.68,299.21999999999997,7.62,2.44,1.24,5.33,143069.0,5223.0,974.0,2382.0,5.8,4.07,128.0,38.3,,,7.81,23191.0,4318.0,499.0,3490.0,2.81,1.18,3116.0,17668.0,71.5,5660.0,128.0,38.3,,,7.81,23468.0,4575.0,495.0,3788.0,2.62,1.05,3028.0,17714.0,71.5,5904.0,11564,392.0,8.11,3130.0,7.97,10820.0,3285.0,3561.0,273.0,2919.0,194.0,7.78,134.0,12530.0,127.0,15.85,51.8,0.21,6.9,41.4,175.0,7.92,130.0,16560.0,101.0,13.55,23.9,0.17,10.7,44.1,286.0,8.1,780.0,91.0,,129.2,94.0,7.4,60.0,554.8872180451126,737.9999999999998,,,,,,,,,,,,,,,,,,,,,,,,42.75
2020-08-04,189.01,99.93,21.46,310.4,7.53,3.41,2.2,5.19,137694.0,0.0,0.0,0.0,6.16,4.41,124.0,35.3,,,7.82,20572.0,0.0,0.0,0.0,2.66,1.35,3224.0,17754.0,70.3,5580.0,124.0,38.3,,,7.82,26981.0,0.0,0.0,0.0,2.71,1.32,3082.0,17861.0,70.3,6019.0,11599,363.0,7.86,4220.0,7.98,8860.0,3269.0,3426.0,,,157.0,7.76,0.0,11920.0,94.0,9.82,38.6,0.0,0.0,41.6,172.0,7.93,0.0,16040.0,87.0,10.59,26.4,0.0,0.0,43.7,276.0,8.08,640.0,,,125.8,82.0,6.0,58.0,500.0,665.0,,,,,,,,,,,,,,,,,,,,,,,,42.650000000000006
2020-08-05,185.19,19.11,23.16,227.46,7.55,3.02,1.72,5.52,121343.0,0.0,0.0,0.0,5.46,3.61,120.0,38.4,,,7.83,27732.0,0.0,0.0,0.0,2.73,1.19,3184.0,17728.0,70.1,5637.0,120.0,38.4,,,7.83,26624.0,0.0,0.0,0.0,2.44,0.95,3015.0,17767.0,70.3,6107.0,11744,359.0,7.9,3700.0,7.96,6000.0,3783.0,3449.0,,,193.0,7.72,0.0,11330.0,124.0,12.41,47.2,0.0,0.0,41.9,210.0,7.95,0.0,18240.0,97.0,8.49,34.8,0.0,0.0,43.8,350.0,8.1,400.0,,,123.3,87.0,4.6,56.0,500.0,665.0,,,,,,,,,,,,,,,,,,,,,,,,42.849999999999994
2020-08-06,212.71,65.6,16.44,294.75,7.69,3.25,1.94,5.72,125381.0,0.0,0.0,0.0,5.5,3.64,120.0,38.3,,,7.84,26517.0,0.0,0.0,0.0,2.55,1.0,3036.0,17654.0,67.4,5384.0,120.0,38.4,,,7.85,25839.0,0.0,0.0,0.0,2.53,1.05,2931.0,17702.0,67.7,5943.0,11327,331.0,8.03,1900.0,7.86,12640.0,4064.0,2687.0,,,194.0,7.76,0.0,12150.0,137.0,7.62,68.4,0.0,0.0,42.4,169.0,7.98,0.0,17600.0,99.0,14.3,12.9,0.0,0.0,43.9,348.0,8.12,600.0,,,130.4,78.0,5.4,55.0,500.0,665.0,,,,,,,,,,,,,,,,,,,,,,,,43.15
2020-08-07,184.6,125.58,23.31,333.49,7.74,2.98,1.69,5.68,132448.0,0.0,0.0,0.0,5.82,4.12,114.0,38.3,,,7.85,23146.0,0.0,0.0,0.0,2.69,1.24,2984.0,17617.0,67.3,5329.0,114.0,38.3,,,7.86,26218.0,0.0,0.0,0.0,2.51,0.98,2962.0,17628.0,67.5,5867.0,11196,360.0,8.07,2400.0,7.92,11880.0,3507.0,3602.0,,,188.0,7.74,0.0,12880.0,121.0,18.61,59.2,0.0,0.0,42.6,166.0,7.96,0.0,17460.0,78.0,12.72,16.4,0.0,0.0,43.6,334.0,8.09,420.0,,,121.5,81.0,5.1,52.0,700.0,931.0,,,,,,,,,,,,,,,,,,,,,,,,43.1
2020-08-08,154.09,37.21,22.11,213.41000000000003,0.0,0.0,0.0,0.0,0.0,0.0,0.0,0.0,0.0,0.0,108.0,0.0,,,0.0,0.0,0.0,0.0,0.0,0.0,0.0,0.0,0.0,,4960.0,108.0,0.0,,,0.0,0.0,0.0,0.0,0.0,0.0,0.0,0.0,0.0,,5371.0,10331,324.0,0.0,0.0,,,,,,,186.0,0.0,0.0,0.0,0.0,0.0,0.0,0.0,0.0,,166.0,0.0,0.0,0.0,0.0,0.0,0.0,0.0,0.0,,348.0,,,,,,,,48.0,600.0,798.0,,,,,,,,,,,,,,,,,,,,,,,,
2020-08-09,,,,,0.0,0.0,0.0,0.0,0.0,0.0,0.0,0.0,0.0,0.0,108.0,0.0,,,0.0,0.0,0.0,0.0,0.0,0.0,0.0,0.0,0.0,,5125.0,108.0,0.0,,,0.0,0.0,0.0,0.0,0.0,0.0,0.0,0.0,0.0,,5590.0,10715,296.0,0.0,0.0,,,,,,,156.0,0.0,0.0,0.0,0.0,0.0,0.0,0.0,0.0,,166.0,0.0,0.0,0.0,0.0,0.0,0.0,0.0,0.0,,350.0,,,,,,,,48.0,500.0,665.0,,,,,,,,,,,,,,,,,,,,,,,,
2020-08-10,186.2,80.06,25.8,292.06,7.53,3.76,2.1,5.84,129970.0,4288.0,889.0,2453.0,4.94,3.1,108.0,38.2,,,7.89,25307.0,4319.0,632.0,3887.0,3.07,1.37,2966.0,17428.0,67.4,5205.0,108.0,38.2,,,7.86,23887.0,5152.0,683.0,4283.0,2.7,1.23,2868.0,17249.0,67.8,5706.0,10911,362.0,7.96,2600.0,7.9,9550.0,7363.0,3224.0,363.0,2844.0,186.0,7.87,154.0,11400.0,81.0,7.64,18.7,0.12,7.6,42.5,166.0,7.91,160.0,19950.0,104.0,12.22,11.4,0.27,20.9,44.0,315.0,8.11,720.0,104.0,,154.2,69.0,7.1,48.0,609.0225563909771,809.9999999999997,,,,,,,,,,,,,,,,,,,,,,,,43.25
2020-08-11,190.06,41.08,22.73,253.86999999999998,0.0,0.0,0.0,0.0,0.0,0.0,0.0,0.0,0.0,0.0,108.0,0.0,,,0.0,0.0,0.0,0.0,0.0,0.0,0.0,0.0,0.0,,4911.0,108.0,0.0,,,0.0,0.0,0.0,0.0,0.0,0.0,0.0,0.0,0.0,,5445.0,10356,302.0,0.0,0.0,,,,,,,185.0,0.0,0.0,0.0,0.0,0.0,0.0,0.0,0.0,,166.0,0.0,0.0,0.0,0.0,0.0,0.0,0.0,0.0,,279.0,,,,,,,,48.0,600.0,798.0,,,,,,,,,,,,,,,,,,,,,,,,
2020-08-12,212.25,149.42,22.58,384.24999999999994,7.63,3.63,1.9,5.81,146529.0,0.0,0.0,0.0,5.04,3.23,108.0,38.3,,,7.92,24112.0,0.0,0.0,0.0,2.81,1.28,3134.0,17546.0,68.2,4704.0,108.0,38.3,,,7.89,25655.0,0.0,0.0,0.0,2.79,1.23,2978.0,17261.0,68.5,5241.0,9945,362.0,8.06,3600.0,7.97,10730.0,6964.0,4643.0,,,186.0,7.87,0.0,13960.0,98.0,11.27,21.6,0.0,0.0,42.0,166.0,7.95,0.0,17000.0,95.0,9.41,12.8,0.0,0.0,44.3,263.0,8.04,700.0,,,273.0,81.0,7.4,48.0,600.0,798.0,,,,,,,,,,,,,,,,,,,,,,,,43.15
2020-08-13,185.45,101.83,14.43,301.71,7.53,3.53,2.08,5.87,123061.0,0.0,0.0,0.0,4.79,3.06,108.0,38.3,,,7.95,27597.0,0.0,0.0,0.0,2.45,1.01,3073.0,17419.0,68.0,4567.0,108.0,38.3,,,7.91,28814.0,0.0,0.0,0.0,2.33,0.97,2949.0,17191.0,68.2,5100.0,9667,286.0,8.07,2300.0,8.0,8900.0,4362.0,3260.0,,2648.0,186.0,7.91,0.0,12060.0,79.0,18.33,8.5,0.0,0.0,41.5,156.0,,0.0,,,,,0.0,0.0,,,8.06,480.0,,,164.2,66.0,5.2,48.0,500.0,665.0,,,,,,,,,,,,,,,,,,,,,,,,41.5
2020-08-14,239.91,19.2,24.97,284.08000000000004,7.45,2.08,1.24,5.58,120692.0,0.0,0.0,0.0,4.24,2.74,108.0,38.3,,,7.84,26318.0,0.0,0.0,0.0,2.44,1.09,2892.0,17421.0,68.5,4626.0,108.0,38.3,,,7.83,27448.0,0.0,0.0,0.0,2.52,1.04,2911.0,17258.0,68.7,5181.0,9807,358.0,8.08,2100.0,8.02,8160.0,3926.0,3385.0,,,185.0,7.88,0.0,11800.0,71.0,15.18,4.6,0.0,0.0,41.1,120.0,7.98,0.0,16460.0,109.0,38.69,10.5,0.0,0.0,45.6,0.0,8.09,640.0,,,148.4,69.0,6.2,48.0,500.0,665.0,,,,,,,,,,,,,,,,,,,,,,,,43.35
2020-08-15,106.74,113.89,23.18,243.81,0.0,0.0,0.0,0.0,0.0,0.0,0.0,0.0,0.0,0.0,108.0,0.0,,,0.0,0.0,0.0,0.0,0.0,0.0,0.0,0.0,0.0,,4475.0,108.0,0.0,,,0.0,0.0,0.0,0.0,0.0,0.0,0.0,0.0,0.0,,5044.0,9519,362.0,0.0,0.0,,,,,,,144.0,0.0,0.0,0.0,0.0,0.0,0.0,0.0,0.0,,154.0,0.0,0.0,0.0,0.0,0.0,0.0,0.0,0.0,,334.0,,,,,,,,48.0,500.0,665.0,,,,,,,,,,,,,,,,,,,,,,,,
2020-08-16,,,,,0.0,0.0,0.0,0.0,0.0,0.0,0.0,0.0,0.0,0.0,108.0,0.0,,,0.0,0.0,0.0,0.0,0.0,0.0,0.0,0.0,0.0,,4382.0,108.0,0.0,,,0.0,0.0,0.0,0.0,0.0,0.0,0.0,0.0,0.0,,4990.0,9372,306.0,0.0,0.0,,,,,,,185.0,0.0,0.0,0.0,0.0,0.0,0.0,0.0,0.0,,135.0,0.0,0.0,0.0,0.0,0.0,0.0,0.0,0.0,,348.0,,,,,,,,48.0,500.0,665.0,,,,,,,,,,,,,,,,,,,,,,,,
2020-08-17,185.21,84.67,25.96,295.84,7.64,2.45,1.14,5.59,111141.0,4847.0,702.0,2905.0,4.12,2.57,108.0,38.6,,,7.7,21564.0,4475.0,519.0,3553.0,2.67,1.06,2688.0,17214.0,68.4,4303.0,108.0,38.6,,,7.69,25460.0,4754.0,503.0,3842.0,2.68,1.03,2706.0,17102.0,68.8,4916.0,9219,364.0,7.82,1980.0,7.73,13400.0,9443.0,4584.0,410.0,2704.0,186.0,7.7,534.0,11100.0,139.0,11.05,8.1,0.32,14.7,40.6,165.0,7.86,531.0,15750.0,152.0,11.97,7.5,0.24,11.7,42.7,347.0,7.98,640.0,180.0,,384.6,121.0,6.5,48.0,500.0,665.0,,,,,,,,,,,,,,,,,,,,,,,,41.650000000000006
2020-08-18,213.21,99.32,24.87,337.4,7.58,2.08,1.05,5.56,109436.0,0.0,0.0,0.0,3.9,2.22,108.0,38.9,,,7.69,23158.0,0.0,0.0,0.0,2.72,1.18,2613.0,17189.0,68.6,4207.0,108.0,38.9,,,7.69,24983.0,0.0,0.0,0.0,2.52,0.95,2687.0,17076.0,68.3,4744.0,8951,210.0,0.0,0.0,7.75,10640.0,6853.0,3886.0,,,185.0,7.72,0.0,11660.0,,,,0.0,0.0,40.3,165.0,7.87,0.0,15060.0,121.0,10.28,5.9,0.0,0.0,42.0,327.0,8.0,740.0,,,231.7,109.0,7.0,48.0,537.5939849624065,715.0000000000007,,,,,,,,,,,,,,,,,,,,,,,,41.15
2020-08-19,187.32,19.48,21.11,227.90999999999997,7.53,2.43,1.32,5.69,97845.0,0.0,0.0,0.0,3.95,2.63,108.0,39.0,,,7.72,19530.0,0.0,0.0,0.0,2.5,1.07,2588.0,17124.0,68.8,4217.0,108.0,39.0,,,7.72,20417.0,0.0,0.0,0.0,2.41,1.03,2669.0,16894.0,68.5,4721.0,8938,363.0,7.97,1900.0,7.8,9260.0,,,,,145.0,7.75,0.0,12300.0,86.0,10.59,5.8,0.0,0.0,40.1,141.0,7.88,0.0,16020.0,94.0,9.16,8.9,0.0,0.0,41.7,178.0,8.04,780.0,,,145.2,87.0,7.5,48.0,500.0,665.0,,,,,,,,,,,,,,,,,,,,,,,,40.900000000000006
2020-08-20,214.18,65.3,14.65,294.13,7.49,3.27,1.58,5.73,104548.0,0.0,0.0,2651.0,4.07,2.6,112.0,39.0,,,7.74,24523.0,0.0,0.0,0.0,3.05,1.17,2649.0,17128.0,69.0,4469.0,112.0,39.0,,,7.74,22096.0,0.0,0.0,0.0,2.49,0.94,2625.0,17044.0,68.8,4998.0,9467,363.0,8.04,3300.0,7.89,9860.0,4965.0,3136.0,,2493.0,186.0,7.8,0.0,12000.0,130.0,11.93,14.5,0.0,0.0,39.8,166.0,7.89,0.0,16800.0,124.0,13.51,9.6,0.0,0.0,41.4,248.0,7.91,840.0,,,198.5,97.0,10.2,50.0,600.0,798.0,,,,,,,,,,,,,,,,,,,,,,,,40.599999999999994
2020-08-21,185.99,63.89,22.98,272.86,7.57,4.7,2.74,5.74,126883.0,0.0,0.0,0.0,4.3,3.19,112.0,39.1,,,7.76,21698.0,0.0,0.0,0.0,2.6,1.37,2804.0,17352.0,69.0,4844.0,112.0,39.1,,,7.76,23525.0,0.0,0.0,0.0,2.47,1.25,2677.0,17185.0,68.7,5389.0,10233,359.0,7.97,4300.0,7.87,12400.0,5388.0,3695.0,,,186.0,7.83,0.0,12200.0,124.0,12.62,16.1,0.0,0.0,39.6,180.0,7.86,0.0,17200.0,117.0,10.5,11.6,0.0,0.0,40.8,237.0,7.89,760.0,,,152.6,95.0,7.8,50.0,400.0,532.0,,,,,,,,,,,,,,,,,,,,,,,,40.2
2020-08-22,132.28,121.75,20.73,274.76,0.0,0.0,0.0,0.0,0.0,0.0,0.0,0.0,0.0,0.0,112.0,0.0,,,0.0,0.0,0.0,0.0,0.0,0.0,0.0,0.0,0.0,,4910.0,112.0,0.0,,,0.0,0.0,0.0,0.0,0.0,0.0,0.0,0.0,0.0,,5516.0,10426,323.0,0.0,0.0,,,,,,,185.0,0.0,0.0,0.0,0.0,0.0,0.0,0.0,0.0,,183.0,0.0,0.0,0.0,0.0,0.0,0.0,0.0,0.0,,314.0,,,,,,,,50.0,800.0,1064.0,,,,,,,,,,,,,,,,,,,,,,,,
2020-08-23,,,,,0.0,0.0,0.0,0.0,0.0,0.0,0.0,0.0,0.0,0.0,112.0,0.0,,,0.0,0.0,0.0,0.0,0.0,0.0,0.0,0.0,0.0,,4810.0,112.0,0.0,,,0.0,0.0,0.0,0.0,0.0,0.0,0.0,0.0,0.0,,5418.0,10228,358.0,0.0,0.0,,,,,,,185.0,0.0,0.0,0.0,0.0,0.0,0.0,0.0,0.0,,182.0,0.0,0.0,0.0,0.0,0.0,0.0,0.0,0.0,,310.0,,,,,,,,50.0,500.0,665.0,,,,,,,,,,,,,,,,,,,,,,,,
2020-08-24,182.65,59.24,24.58,266.47,7.34,3.4,2.01,5.53,118835.0,4467.0,792.0,2837.0,4.55,2.99,112.0,35.5,,,7.85,21508.0,4281.0,458.0,3438.0,2.58,1.07,2867.0,16842.0,68.3,4962.0,112.0,39.5,,,7.83,23445.0,4512.0,478.0,3770.0,2.46,0.96,2791.0,16915.0,68.0,5583.0,10545,363.0,8.04,2100.0,7.94,8900.0,6925.0,3078.0,300.0,2634.0,185.0,7.84,325.0,11660.0,97.0,12.24,7.4,0.25,10.8,39.3,142.0,7.75,302.0,14500.0,123.0,13.29,10.0,0.31,14.6,41.5,178.0,7.96,720.0,,,184.8,92.0,8.5,50.0,500.0,665.0,,,,,,,,,,,,,,,,,,,,,,,,40.4
2020-08-25,186.67,20.84,17.6,225.10999999999999,7.45,2.88,1.49,5.6,124336.0,0.0,0.0,0.0,4.71,3.06,112.0,35.6,,,7.84,23269.0,0.0,0.0,0.0,2.51,1.02,2894.0,16884.0,68.5,4989.0,112.0,39.6,,,7.84,21594.0,0.0,0.0,0.0,2.45,0.98,2866.0,16876.0,68.2,5615.0,10604,322.0,8.01,3400.0,7.96,8540.0,5456.0,3122.0,,,185.0,7.86,0.0,11380.0,88.0,10.72,6.9,0.0,0.0,39.3,157.0,7.77,0.0,14980.0,105.0,12.81,10.4,0.0,0.0,41.7,230.0,7.98,640.0,,,158.6,87.0,7.2,50.0,339.09774436090265,451.00000000000057,,,,,,,,,,,,,,,,,,,,,,,,40.5
2020-08-26,198.66,156.18,16.78,371.62,7.88,2.52,1.23,5.6,116776.0,0.0,0.0,0.0,4.39,2.52,112.0,35.6,,,7.82,23122.0,0.0,0.0,0.0,2.41,0.88,2829.0,16839.0,68.1,4968.0,112.0,39.7,,,7.82,22349.0,0.0,0.0,0.0,2.45,0.95,2870.0,16857.0,67.8,5650.0,10618,350.0,7.98,3200.0,7.95,8200.0,5308.0,3051.0,,,185.0,7.83,477.0,12560.0,91.0,9.41,7.8,0.0,0.0,39.7,168.0,7.78,526.0,16400.0,85.0,837.0,6.7,0.0,0.0,42.1,215.0,8.01,700.0,,,138.0,79.0,7.4,50.0,1000.0,1330.0,,,,,,,,,,,,,,,,,,,,,,,,40.900000000000006
2020-08-27,207.98,101.08,16.87,325.93,7.6,2.41,1.37,5.68,125339.0,0.0,0.0,0.0,4.84,2.85,112.0,35.7,,,7.8,20238.0,0.0,0.0,0.0,2.41,0.88,2743.0,17021.0,68.5,5049.0,112.0,39.8,,,7.8,21302.0,0.0,0.0,0.0,2.42,0.94,2778.0,17104.0,68.3,5697.0,10746,308.0,7.99,5500.0,7.9,8300.0,4114.0,2977.0,,,180.0,7.8,0.0,13300.0,84.0,10.26,5.4,0.0,0.0,39.9,160.0,7.75,0.0,17200.0,89.0,9.46,6.9,0.0,0.0,42.2,267.0,7.98,680.0,,,135.3,76.0,7.0,50.0,700.0,931.0,,,,,,,,,,,,,,,,,,,,,,,,41.05
2020-08-28,183.47,19.53,21.12,224.12,7.44,2.62,1.28,5.71,129427.0,0.0,0.0,0.0,4.92,3.01,112.0,39.8,,,7.79,21594.0,0.0,0.0,0.0,2.46,0.92,2714.0,17094.0,68.7,5188.0,112.0,39.8,,,7.79,22419.0,0.0,0.0,0.0,2.49,0.98,2755.0,17152.0,68.5,5864.0,11052,319.0,7.95,2860.0,7.85,7980.0,3870.0,3026.0,,,181.0,7.82,0.0,14060.0,85.0,12.45,6.2,0.0,0.0,40.0,160.0,7.76,0.0,17840.0,97.0,11.5,7.2,0.0,0.0,42.2,286.0,8.02,740.0,,,140.9,82.0,8.1,50.0,600.0,798.0,,,,,,,,,,,,,,,,,,,,,,,,41.1
2020-08-29,125.26,89.57,19.18,234.01,0.0,0.0,0.0,0.0,0.0,0.0,0.0,0.0,0.0,0.0,112.0,0.0,,,0.0,0.0,0.0,0.0,0.0,0.0,0.0,0.0,0.0,,5220.0,112.0,0.0,,,0.0,0.0,0.0,0.0,0.0,0.0,0.0,0.0,0.0,,5873.0,11093,363.0,0.0,0.0,,,,,,,185.0,0.0,0.0,0.0,0.0,0.0,0.0,0.0,0.0,,170.0,0.0,0.0,0.0,0.0,0.0,0.0,0.0,0.0,,298.0,,,,,,,,50.0,500.0,665.0,,,,,,,,,,,,,,,,,,,,,,,,
2020-08-30,,20.87,,20.87,0.0,0.0,0.0,0.0,0.0,0.0,0.0,0.0,0.0,0.0,112.0,0.0,,,0.0,0.0,0.0,0.0,0.0,0.0,0.0,0.0,0.0,,5132.0,112.0,0.0,,,0.0,0.0,0.0,0.0,0.0,0.0,0.0,0.0,0.0,,5787.0,10919,360.0,0.0,0.0,,,,,,,185.0,0.0,0.0,0.0,0.0,0.0,0.0,0.0,0.0,,160.0,0.0,0.0,0.0,0.0,0.0,0.0,0.0,0.0,,287.0,,,,,,,,50.0,500.0,665.0,,,,,,,,,,,,,,,,,,,,,,,,
2020-08-31,156.2,110.22,23.94,290.35999999999996,7.64,1.96,1.13,5.6,149001.0,4575.0,865.0,3034.0,5.12,3.19,112.0,40.0,,,7.81,20301.0,4177.0,486.0,0.0,2.51,0.98,2744.0,16658.0,68.4,5248.0,112.0,40.0,,,7.81,22643.0,4221.0,457.0,0.0,2.43,1.04,2718.0,16826.0,68.2,5922.0,11170,364.0,7.88,1900.0,7.89,5980.0,5476.0,2773.0,318.0,2644.0,181.0,7.79,423.0,16200.0,95.0,13.75,8.4,0.19,12.2,39.9,180.0,7.74,486.0,14400.0,117.0,13.77,6.8,0.28,14.2,42.2,319.0,7.99,700.0,152.0,,148.5,78.0,7.4,50.0,542.105263157895,721.0000000000005,,,,,,,,,,,,,,,,,,,,,,,,41.05
2020-09-01,209.43,102.3,17.4,329.13,0.0,0.0,0.0,0.0,0.0,0.0,0.0,0.0,0.0,0.0,112.0,0.0,,,0.0,0.0,0.0,0.0,0.0,0.0,0.0,0.0,0.0,,5239.0,112.0,0.0,,,0.0,0.0,0.0,0.0,0.0,0.0,0.0,0.0,0.0,,5902.0,11141,362.0,0.0,0.0,,,,,,,178.0,0.0,0.0,0.0,0.0,0.0,0.0,0.0,0.0,,176.0,0.0,0.0,0.0,0.0,0.0,0.0,0.0,0.0,,292.0,,,,,,,,50.0,700.0,931.0,,,,,,,,,,,,,,,,,,,,,,,,
2020-09-02,179.96,19.47,15.68,215.11,7.49,2.9,1.8,5.52,130585.0,0.0,0.0,0.0,4.99,3.23,112.0,40.0,,,7.84,19242.0,0.0,0.0,0.0,2.41,0.88,2698.0,16824.0,68.2,5396.0,112.0,39.9,,,7.83,20072.0,0.0,0.0,0.0,2.35,0.95,2635.0,16797.0,68.0,6057.0,11453,363.0,7.9,2400.0,7.84,6440.0,4529.0,2964.0,,,179.0,7.75,0.0,16880.0,82.0,9.24,5.4,0.0,0.0,39.7,176.0,7.77,0.0,15060.0,91.0,10.71,6.9,0.0,0.0,42.1,304.0,8.03,640.0,,,139.5,79.0,7.6,50.0,800.0,1064.0,,,,,,,,,,,,,,,,,,,,,,,,40.900000000000006
2020-09-03,104.79,65.16,15.61,185.56,7.46,3.12,1.69,5.63,136544.0,0.0,0.0,0.0,4.87,2.35,115.0,39.9,,,7.83,19991.0,0.0,0.0,0.0,2.43,1.08,2629.0,16953.0,68.3,5463.0,114.0,39.9,,,7.82,21237.0,0.0,0.0,0.0,2.37,1.06,2597.0,16842.0,68.1,6047.0,11510,322.0,7.93,2400.0,7.9,5800.0,3105.0,3423.0,,,178.0,7.82,0.0,15580.0,98.0,12.24,9.7,0.0,0.0,37.9,175.0,7.8,0.0,13800.0,101.0,13.94,10.3,0.0,0.0,42.2,244.0,7.98,660.0,,,203.5,80.0,7.2,50.0,700.0,931.0,,,,,,,,,,,,,,,,,,,,,,,,40.05
2020-09-04,158.03,109.05,19.63,286.71,7.54,2.57,1.26,5.57,132691.0,0.0,0.0,0.0,4.71,2.84,112.0,39.9,,,7.82,20381.0,0.0,0.0,0.0,2.45,1.04,2573.0,17022.0,68.5,5227.0,112.0,39.9,,,7.82,21699.0,0.0,0.0,0.0,2.4,0.96,2584.0,16907.0,68.3,5834.0,11061,362.0,7.95,2160.0,7.94,5480.0,3525.0,3043.0,,,141.0,7.8,0.0,14720.0,85.0,10.11,6.9,0.0,0.0,39.2,176.0,7.79,0.0,13100.0,93.0,12.23,7.9,0.0,0.0,41.8,305.0,8.0,520.0,,,169.6,74.0,6.3,50.0,500.0,665.0,,,,,,,,,,,,,,,,,,,,,,,,40.5
2020-09-05,157.87,101.55,18.67,278.09000000000003,0.0,0.0,0.0,0.0,0.0,0.0,0.0,0.0,0.0,0.0,112.0,0.0,,,0.0,0.0,0.0,0.0,0.0,0.0,0.0,0.0,0.0,,5214.0,112.0,0.0,,,0.0,0.0,0.0,0.0,0.0,0.0,0.0,0.0,0.0,,5805.0,11019,363.0,0.0,0.0,,,,,,,178.0,0.0,0.0,0.0,0.0,0.0,0.0,0.0,0.0,,175.0,0.0,0.0,0.0,0.0,0.0,0.0,0.0,0.0,,300.0,,,,,,,,50.0,600.0,798.0,,,,,,,,,,,,,,,,,,,,,,,,
2020-09-06,,,,,0.0,0.0,0.0,0.0,0.0,0.0,0.0,0.0,0.0,0.0,112.0,0.0,,,0.0,0.0,0.0,0.0,0.0,0.0,0.0,0.0,0.0,,5420.0,112.0,0.0,,,0.0,0.0,0.0,0.0,0.0,0.0,0.0,0.0,0.0,,6026.0,11446,423.0,0.0,0.0,,,,,,,178.0,0.0,0.0,0.0,0.0,0.0,0.0,0.0,0.0,,176.0,0.0,0.0,0.0,0.0,0.0,0.0,0.0,0.0,,264.0,,,,,,,,50.0,400.0,532.0,,,,,,,,,,,,,,,,,,,,,,,,
2020-09-07,128.1,39.02,22.49,189.61,7.64,2.08,1.05,5.74,153021.0,5059.0,932.0,2521.0,5.0,3.13,110.0,39.8,,,7.98,23462.0,4787.0,457.0,3830.0,2.42,0.89,2482.0,17128.0,67.9,5764.0,110.0,39.8,,,7.99,23820.0,5174.0,496.0,4044.0,2.36,0.89,2516.0,17049.0,67.8,6560.0,12324,364.0,8.1,1460.0,8.15,6730.0,3976.0,3372.0,227.0,2915.0,178.0,8.15,320.0,17000.0,111.0,6.73,10.0,0.24,15.8,39.5,175.0,8.19,248.0,12500.0,119.0,9.12,8.3,0.16,12.7,41.5,234.0,8.24,700.0,106.0,,194.7,101.0,10.9,48.0,552.6315789473683,734.9999999999999,,,,,,,,,,,,,,,,,,,,,,,,40.5
2020-09-08,182.01,89.83,14.18,286.02,7.54,2.97,1.69,5.7,133256.0,0.0,0.0,0.0,4.88,3.12,108.0,40.0,,,8.0,27513.0,0.0,0.0,0.0,2.5,1.02,2504.0,17141.0,68.1,4940.0,108.0,39.9,,,7.99,20699.0,0.0,0.0,0.0,2.37,0.96,2542.0,17102.0,68.3,5641.0,10581,363.0,8.08,1800.0,8.11,4480.0,3516.0,3107.0,,,161.0,8.12,0.0,15500.0,121.0,7.28,12.3,0.0,0.0,38.5,176.0,8.15,0.0,12200.0,107.0,11.02,9.4,0.0,0.0,41.5,288.0,8.2,640.0,,,171.4,98.0,7.3,48.0,700.0,931.0,,,,,,,,,,,,,,,,,,,,,,,,40.0
2020-09-09,157.61,133.56,14.93,306.1,7.62,2.57,1.38,5.65,136410.0,0.0,0.0,0.0,4.94,3.26,108.0,39.9,,,8.01,24166.0,0.0,0.0,0.0,2.45,0.92,2472.0,17069.0,68.2,4780.0,108.0,39.9,,,8.0,21375.0,0.0,0.0,0.0,2.4,0.95,2518.0,17127.0,68.3,5464.0,10244,403.0,8.11,1680.0,8.13,4840.0,3643.0,3286.0,,,162.0,8.1,0.0,14880.0,105.0,6.12,10.3,0.0,0.0,35.8,209.0,8.13,0.0,12620.0,94.0,5.83,8.7,0.0,0.0,41.6,290.0,8.15,620.0,,,182.6,87.0,6.9,48.0,800.0,1064.0,,,,,,,,,,,,,,,,,,,,,,,,38.7
2020-09-10,185.54,101.18,16.98,303.70000000000005,7.84,2.69,1.58,5.73,129673.0,0.0,0.0,0.0,4.78,3.09,108.0,39.8,,,8.0,22794.0,0.0,0.0,0.0,2.41,0.9,2553.0,17201.0,68.0,4767.0,108.0,39.3,,,7.99,21866.0,0.0,0.0,0.0,2.39,1.01,2493.0,17155.0,68.1,5427.0,10194,363.0,8.09,1820.0,8.08,4260.0,3235.0,2983.0,,,178.0,8.08,0.0,14020.0,94.0,7.13,8.6,0.0,0.0,0.0,175.0,8.1,0.0,12280.0,101.0,6.4,9.1,0.0,0.0,0.0,324.0,8.16,580.0,,,164.2,85.0,6.2,48.0,700.0,931.0,,,,,,,,,,,,,,,,,,,,,,,,
2020-09-11,181.3,19.66,20.95,221.91,7.61,2.4,1.31,5.62,136107.0,0.0,0.0,0.0,4.97,3.18,106.0,39.7,,,8.01,25442.0,0.0,0.0,0.0,2.48,0.95,2518.0,17153.0,68.0,4757.0,105.0,38.3,,,8.0,22698.0,0.0,0.0,0.0,2.4,0.91,2457.0,17096.0,67.9,5410.0,10167,405.0,8.1,1520.0,8.1,4820.0,3522.0,3297.0,,,181.0,8.11,0.0,14640.0,98.0,10.2,6.2,0.0,0.0,38.5,213.0,8.12,0.0,13360.0,91.0,7.21,8.4,0.0,0.0,41.7,314.0,8.12,680.0,,,204.8,86.0,7.4,46.0,700.0,931.0,,,,,,,,,,,,,,,,,,,,,,,,40.1
2020-09-12,48.45,110.34,15.79,174.58,0.0,0.0,0.0,0.0,0.0,0.0,0.0,0.0,0.0,0.0,102.0,0.0,,,0.0,0.0,0.0,0.0,0.0,0.0,0.0,0.0,0.0,,4428.0,102.0,0.0,,,0.0,0.0,0.0,0.0,0.0,0.0,0.0,0.0,0.0,,5001.0,9429,363.0,0.0,0.0,,,,,,,178.0,0.0,0.0,0.0,0.0,0.0,0.0,0.0,0.0,,175.0,0.0,0.0,0.0,0.0,0.0,0.0,0.0,0.0,,329.0,,,,,,,,46.0,658.6466165413531,875.9999999999997,,,,,,,,,,,,,,,,,,,,,,,,
2020-09-13,53.4,,,53.4,0.0,0.0,0.0,0.0,0.0,0.0,0.0,0.0,0.0,0.0,102.0,0.0,,,0.0,0.0,0.0,0.0,0.0,0.0,0.0,0.0,0.0,,5253.0,102.0,0.0,,,0.0,0.0,0.0,0.0,0.0,0.0,0.0,0.0,0.0,,5984.0,11237,366.0,0.0,0.0,,,,,,,178.0,0.0,0.0,0.0,0.0,0.0,0.0,0.0,0.0,,187.0,0.0,0.0,0.0,0.0,0.0,0.0,0.0,0.0,,305.0,,,,,,,,46.0,500.0,665.0,,,,,,,,,,,,,,,,,,,,,,,,
2020-09-14,156.73,113.04,22.49,292.26,7.7,1.61,0.86,5.34,136285.0,5027.0,1205.0,2393.0,5.68,3.58,102.0,39.7,,,7.98,22527.0,4704.0,737.0,3823.0,2.61,0.98,2784.0,17218.0,67.7,5327.0,102.0,38.5,,,7.98,20103.0,4546.0,481.0,3789.0,2.43,0.85,2696.0,17157.0,67.6,6060.0,11387,355.0,8.2,1480.0,8.23,10300.0,4547.0,2969.0,180.0,2530.0,178.0,8.14,401.0,17700.0,99.0,8.53,10.1,0.18,12.7,38.5,203.0,8.1,390.0,12800.0,104.0,20.85,8.3,0.31,11.4,41.6,310.0,8.16,780.0,120.0,,186.3,85.0,7.9,46.0,600.0,798.0,,,,,,,,,,,,,,,,,,,,,,,,40.05
2020-09-15,156.33,21.78,15.28,193.39000000000001,7.76,2.24,1.19,5.41,133053.0,0.0,0.0,0.0,5.49,3.45,99.0,39.7,,,7.97,23018.0,0.0,0.0,0.0,2.58,0.94,2839.0,17245.0,67.2,5283.0,99.0,38.5,,,7.97,22334.0,0.0,0.0,0.0,2.46,0.92,2741.0,17203.0,67.3,5984.0,11267,363.0,8.15,1520.0,8.19,8820.0,4184.0,3073.0,,,164.0,8.12,0.0,17240.0,102.0,9.24,11.3,0.0,0.0,38.4,175.0,8.08,0.0,13020.0,94.0,8.56,9.2,0.0,0.0,42.0,260.0,8.13,620.0,,,159.3,91.0,7.0,48.0,700.0,931.0,,,,,,,,,,,,,,,,,,,,,,,,40.2
2020-09-16,103.98,65.64,15.83,185.45000000000002,7.61,2.91,1.9,5.2,128559.0,0.0,0.0,0.0,6.05,4.25,92.0,39.6,,,8.0,22246.0,0.0,0.0,0.0,2.64,1.15,2805.0,17329.0,66.4,5072.0,92.0,38.2,,,8.0,22232.0,0.0,0.0,0.0,2.44,1.14,2783.0,17251.0,66.2,5718.0,10790,363.0,8.16,1020.0,8.11,8140.0,4484.0,3164.0,,,161.0,8.07,0.0,16800.0,87.0,6.37,10.3,0.0,0.0,38.6,216.0,8.12,0.0,13300.0,91.0,7.83,9.6,0.0,0.0,42.2,317.0,8.17,720.0,,,207.5,83.0,7.5,44.0,700.0,931.0,,,,,,,,,,,,,,,,,,,,,,,,40.400000000000006
2020-09-17,137.25,44.95,16.63,198.82999999999998,7.46,2.86,1.82,5.34,118019.0,0.0,0.0,0.0,5.89,4.04,90.0,39.6,,,7.98,20171.0,0.0,0.0,0.0,2.66,0.97,2717.0,17213.0,66.7,4455.0,86.0,38.2,,,7.98,24746.0,0.0,0.0,0.0,2.53,1.14,2658.0,17453.0,66.5,4933.0,9388,371.0,8.12,3300.0,8.1,7260.0,4033.0,2969.0,,,178.0,8.08,0.0,18020.0,91.0,9.51,9.6,0.0,0.0,39.0,143.0,8.1,0.0,14400.0,87.0,6.74,8.7,0.0,0.0,42.3,316.0,8.14,640.0,,,192.6,80.0,7.8,44.0,770.6766917293226,1024.999999999999,,,,,,,,,,,,,,,,,,,,,,,,40.65
2020-09-18,157.19,89.42,17.3,263.91,7.83,2.91,1.69,5.4,120973.0,0.0,0.0,0.0,5.78,3.96,88.0,35.5,,,7.97,22602.0,0.0,0.0,0.0,2.61,1.01,2782.0,17154.0,67.1,4622.0,88.0,38.1,,,7.97,23068.0,0.0,0.0,0.0,2.51,1.08,2616.0,17393.0,66.9,5416.0,10038,361.0,8.15,2860.0,8.19,7440.0,3958.0,2918.0,,,179.0,8.11,0.0,18380.0,83.0,6.83,11.2,0.0,0.0,38.7,177.0,8.14,0.0,15120.0,95.0,10.18,8.2,0.0,0.0,42.3,283.0,8.16,580.0,,,253.4,79.0,6.4,44.0,700.0,931.0,,,,,,,,,,,,,,,,,,,,,,,,40.5
2020-09-19,77.51,37.4,15.69,130.6,0.0,0.0,0.0,0.0,0.0,0.0,0.0,0.0,0.0,0.0,84.0,0.0,,,0.0,0.0,0.0,0.0,0.0,0.0,0.0,0.0,0.0,,4691.0,84.0,0.0,,,0.0,0.0,0.0,0.0,0.0,0.0,0.0,0.0,0.0,,5422.0,10113,305.0,0.0,0.0,,,,,,,178.0,0.0,0.0,0.0,0.0,0.0,0.0,0.0,0.0,,183.0,0.0,0.0,0.0,0.0,0.0,0.0,0.0,0.0,,305.0,,,,,,,,44.0,600.0,798.0,,,,,,,,,,,,,,,,,,,,,,,,
2020-09-20,,45.0,,45.0,0.0,0.0,0.0,0.0,0.0,0.0,0.0,0.0,0.0,0.0,76.0,0.0,,,0.0,0.0,0.0,0.0,0.0,0.0,0.0,0.0,0.0,,3814.0,76.0,0.0,,,0.0,0.0,0.0,0.0,0.0,0.0,0.0,0.0,0.0,,4346.0,8160,119.0,0.0,0.0,,,,,,,156.0,0.0,0.0,0.0,0.0,0.0,0.0,0.0,0.0,,122.0,0.0,0.0,0.0,0.0,0.0,0.0,0.0,0.0,,244.0,,,,,,,,42.0,400.0,532.0,,,,,,,,,,,,,,,,,,,,,,,,
2020-09-21,106.24,38.38,23.54,168.16,7.57,4.4,2.63,5.44,0.0,0.0,0.0,0.0,6.01,4.34,62.0,0.0,,,8.01,0.0,0.0,0.0,0.0,2.62,1.18,0.0,0.0,,3484.0,62.0,0.0,,,7.98,0.0,0.0,0.0,0.0,2.77,1.22,0.0,0.0,,3877.0,7361,272.0,0.0,0.0,8.1,9900.0,,,,,143.0,8.08,0.0,19750.0,0.0,0.0,0.0,0.0,0.0,37.7,137.0,8.1,0.0,14050.0,0.0,0.0,0.0,0.0,0.0,42.2,224.0,8.14,960.0,,,,,,38.0,500.0,665.0,,,,,,,,,,,,,,,,,,,,,,,,39.95
2020-09-22,132.28,121.75,20.73,274.76,7.77,3.85,2.35,5.58,0.0,0.0,0.0,0.0,5.84,4.49,48.0,0.0,,,7.98,0.0,0.0,0.0,0.0,2.57,1.16,0.0,0.0,,2947.0,48.0,0.0,,,7.97,0.0,0.0,0.0,0.0,2.64,1.15,0.0,0.0,,3324.0,6271,21.0,0.0,0.0,8.3,5697.0,,,,,46.0,8.08,0.0,19700.0,0.0,0.0,0.0,0.0,0.0,37.5,143.0,8.15,0.0,14867.0,0.0,0.0,0.0,0.0,0.0,42.0,259.0,8.19,970.0,,,,,,36.0,500.0,665.0,,,,,,,,,,,,,,,,,,,,,,,,39.75
2020-09-23,104.07,157.55,15.94,277.56,7.84,1.77,0.94,5.35,141923.0,5597.0,1198.0,0.0,5.98,3.91,48.0,35.3,,,8.14,17473.0,5080.0,677.0,4067.0,2.67,1.07,2348.0,17728.0,66.9,2833.0,48.0,38.2,,,8.11,20998.0,5334.0,652.0,4384.0,2.46,0.74,2187.0,17695.0,66.5,3483.0,6316,138.0,7.91,1600.0,8.24,2200.0,3435.0,3172.0,163.0,2837.0,28.0,8.13,290.0,21900.0,83.0,8.63,6.9,0.13,12.3,37.3,113.0,8.14,328.0,17000.0,94.0,20.69,5.4,0.18,14.7,41.7,109.0,8.18,900.0,,,307.1,92.0,10.6,36.0,500.0,665.0,,,,,,,,,,,,,,,,,,,,,,,,39.5
2020-09-24,183.47,100.75,16.96,301.18,7.69,2.43,1.32,5.47,114925.0,0.0,0.0,0.0,5.41,3.34,54.0,39.3,,,8.1,22912.0,0.0,0.0,0.0,2.71,1.01,2416.0,17806.0,67.5,2928.0,54.0,38.2,,,8.09,23381.0,0.0,0.0,0.0,2.55,0.83,2221.0,17928.0,67.3,3491.0,6419,277.0,7.93,1400.0,8.19,11700.0,4222.0,3254.0,,,27.0,8.11,0.0,19740.0,87.0,7.15,5.8,0.0,0.0,37.2,133.0,8.11,0.0,15440.0,89.0,8.63,6.9,0.0,0.0,41.4,80.0,8.14,820.0,,,198.3,81.0,9.5,36.0,500.0,665.0,,,,,,,,,,,,,,,,,,,,,,,,39.3
2020-09-25,156.35,19.21,18.51,194.07,7.76,2.04,1.05,5.38,120381.0,0.0,0.0,0.0,5.28,3.28,60.0,39.2,,,8.09,21841.0,0.0,0.0,0.0,2.68,1.02,2384.0,17694.0,67.7,3014.0,60.0,38.1,,,8.07,22715.0,0.0,0.0,0.0,2.49,0.89,2482.0,17863.0,67.4,3735.0,6749,291.0,0.0,1620.0,8.14,8540.0,3967.0,3172.0,,,48.0,8.1,0.0,18260.0,92.0,6.49,7.1,0.0,0.0,36.9,144.0,8.09,0.0,14280.0,84.0,5.73,5.9,0.0,0.0,41.7,97.0,8.11,780.0,,,213.5,80.0,8.1,38.0,533.082706766917,708.9999999999997,,,,,,,,,,,,,,,,,,,,,,,,39.3
2020-09-26,50.93,88.84,16.52,156.29000000000002,0.0,0.0,0.0,0.0,0.0,0.0,0.0,0.0,0.0,0.0,66.0,0.0,,,0.0,0.0,0.0,0.0,0.0,0.0,0.0,0.0,0.0,,3241.0,66.0,0.0,,,0.0,0.0,0.0,0.0,0.0,0.0,0.0,0.0,0.0,,4052.0,7293,204.0,0.0,0.0,,,,,,,76.0,0.0,0.0,0.0,0.0,0.0,0.0,0.0,0.0,,150.0,0.0,0.0,0.0,0.0,0.0,0.0,0.0,0.0,,115.0,,,,,,,,38.0,600.0,798.0,,,,,,,,,,,,,,,,,,,,,,,,
2020-09-27,,,,,0.0,0.0,0.0,0.0,0.0,0.0,0.0,0.0,0.0,0.0,72.0,0.0,,,0.0,0.0,0.0,0.0,0.0,0.0,0.0,0.0,0.0,,3394.0,72.0,0.0,,,0.0,0.0,0.0,0.0,0.0,0.0,0.0,0.0,0.0,,4060.0,7454,290.0,0.0,0.0,,,,,,,76.0,0.0,0.0,0.0,0.0,0.0,0.0,0.0,0.0,,146.0,0.0,0.0,0.0,0.0,0.0,0.0,0.0,0.0,,76.0,,,,,,,,40.0,500.0,665.0,,,,,,,,,,,,,,,,,,,,,,,,
2020-09-28,106.23,156.0,26.31,288.54,7.34,3.12,1.71,5.61,129567.0,5238.0,961.0,2721.0,5.82,3.86,72.0,39.2,,,8.03,31313.0,5283.0,860.0,4290.0,2.39,0.84,2519.0,17968.0,68.5,3453.0,72.0,38.1,,,8.0,26016.0,5409.0,674.0,4420.0,2.39,0.84,2561.0,17908.0,68.3,4073.0,7526,219.0,7.85,1300.0,8.11,4120.0,2658.0,2792.0,165.0,2584.0,135.0,8.07,226.0,18040.0,96.0,10.45,9.4,0.11,14.2,37.1,149.0,8.11,241.0,16800.0,86.0,8.92,8.7,0.16,12.8,41.8,166.0,8.15,840.0,134.0,,194.2,85.0,9.4,40.0,400.0,532.0,,,,,,,,,,,,,,,,,,,,,,,,39.45
2020-09-29,128.95,146.02,16.77,291.74,7.59,2.62,1.51,5.61,115741.0,0.0,0.0,0.0,4.44,2.79,72.0,39.0,,,7.99,19010.0,0.0,0.0,0.0,2.77,1.17,2610.0,17893.0,68.6,3244.0,72.0,38.0,,,7.97,22956.0,0.0,0.0,0.0,2.58,1.05,2518.0,17924.0,68.5,3811.0,7055,315.0,7.88,1740.0,8.09,3500.0,2624.0,2924.0,,,127.0,8.05,0.0,18700.0,85.0,6.41,10.6,0.0,0.0,37.5,151.0,8.1,0.0,17830.0,89.0,7.16,9.4,0.0,0.0,41.5,159.0,8.11,720.0,,,228.3,81.0,8.1,40.0,500.0,665.0,,,,,,,,,,,,,,,,,,,,,,,,39.5
2020-09-30,155.99,19.25,41.19,216.43,7.28,2.97,1.88,5.63,126768.0,0.0,0.0,0.0,4.73,3.27,72.0,39.0,,,7.97,18973.0,0.0,0.0,0.0,2.46,1.06,2692.0,17843.0,68.2,3212.0,72.0,38.2,,,7.95,22793.0,0.0,0.0,0.0,2.31,1.03,2631.0,17883.0,67.9,3788.0,7000,314.0,7.98,1440.0,8.11,3640.0,2812.0,2961.0,,,156.0,8.1,0.0,17960.0,102.0,11.28,16.2,0.0,0.0,37.0,152.0,8.11,0.0,16760.0,94.0,9.37,10.9,0.0,0.0,41.6,212.0,8.19,820.0,,,258.7,92.0,9.1,40.0,600.0,798.0,,,,,,,,,,,,,,,,,,,,,,,,39.3
2020-10-01,0.0,0.0,0.0,,0.0,0.0,0.0,0.0,0.0,0.0,0.0,0.0,0.0,0.0,72.0,0.0,,,0.0,0.0,0.0,0.0,0.0,0.0,0.0,0.0,0.0,,3213.0,72.0,0.0,,,0.0,0.0,0.0,0.0,0.0,0.0,0.0,0.0,0.0,,3767.0,6980,314.0,0.0,0.0,,,,,,,155.0,0.0,,,,,0.0,0.0,,,153.0,0.0,0.0,0.0,0.0,0.0,0.0,0.0,0.0,,202.0,,,,,,,,40.0,400.0,532.0,,,,,,,,,,,,,,,,,,,,,,,,
2020-10-02,75.95,72.32,0.0,148.26999999999998,0.0,0.0,0.0,0.0,0.0,0.0,0.0,0.0,0.0,0.0,72.0,0.0,,,0.0,0.0,0.0,0.0,0.0,0.0,0.0,0.0,0.0,,3430.0,72.0,0.0,,,0.0,0.0,0.0,0.0,0.0,0.0,0.0,0.0,0.0,,4157.0,7587,315.0,0.0,0.0,,,,,,,166.0,0.0,,,,,0.0,0.0,,,153.0,0.0,0.0,0.0,0.0,0.0,0.0,0.0,0.0,,210.0,,,,,,,,40.0,500.0,665.0,,,,,,,,,,,,,,,,,,,,,,,,
2020-10-03,104.7,39.42,4.35,148.47,0.0,0.0,0.0,0.0,0.0,0.0,0.0,0.0,0.0,0.0,72.0,0.0,,,0.0,0.0,0.0,0.0,0.0,0.0,0.0,0.0,0.0,,3643.0,72.0,0.0,,,0.0,0.0,0.0,0.0,0.0,0.0,0.0,0.0,0.0,,4326.0,7969,314.0,0.0,0.0,,,,,,,168.0,0.0,,,,,0.0,0.0,,,153.0,0.0,0.0,0.0,0.0,0.0,0.0,0.0,0.0,,253.0,,,,,,,,40.0,500.0,665.0,,,,,,,,,,,,,,,,,,,,,,,,
2020-10-04,26.38,86.85,21.99,135.22,0.0,0.0,0.0,0.0,0.0,0.0,0.0,0.0,0.0,0.0,72.0,0.0,,,0.0,0.0,0.0,0.0,0.0,0.0,0.0,0.0,0.0,,3601.0,72.0,0.0,,,0.0,0.0,0.0,0.0,0.0,0.0,0.0,0.0,0.0,,4168.0,7769,291.0,0.0,0.0,,,,,,,153.0,0.0,,,,,0.0,0.0,,,152.0,0.0,0.0,0.0,0.0,0.0,0.0,0.0,0.0,,251.0,,,,,,,,40.0,400.0,532.0,,,,,,,,,,,,,,,,,,,,,,,,
2020-10-05,132.1,38.59,25.94,196.63,7.51,3.26,1.69,5.85,122101.0,5412.0,961.0,2759.0,4.77,3.14,76.0,38.8,,,8.02,24372.0,5666.0,706.0,4577.0,2.53,0.99,2434.0,18058.0,69.1,3460.0,76.0,38.5,,,8.0,22235.0,5134.0,622.0,4063.0,2.66,1.02,2542.0,17969.0,68.9,4086.0,7546,235.0,8.0,1270.0,8.02,8840.0,6778.0,3577.0,477.0,2868.0,150.0,8.14,321.22,15560.0,71.0,7.94,6.2,0.16,11.4,36.7,153.0,8.11,396.0,17000.0,85.0,20.82,5.7,0.12,15.3,37.7,199.0,8.34,860.0,150.0,,294.4,72.0,10.4,40.0,460.15037593984925,611.9999999999995,,,,,,,,,,,,,,,,,,,,,,,,37.2
2020-10-06,183.74,41.56,16.37,241.67000000000002,7.78,2.08,1.14,5.92,109549.0,0.0,0.0,0.0,4.86,3.32,76.0,38.8,,,7.99,20574.0,0.0,0.0,0.0,2.39,1.07,2505.0,17931.0,69.4,3417.0,76.0,38.4,,,7.98,23802.0,0.0,0.0,0.0,2.61,1.14,2593.0,17883.0,68.1,4027.0,7444,314.0,7.98,1170.0,7.97,6740.0,4826.0,3316.0,,,150.0,8.09,,16860.0,78.0,6.26,6.8,0.0,,37.8,153.0,8.07,0.0,17230.0,69.0,4.61,5.2,0.0,0.0,36.9,233.0,8.23,870.0,,,267.2,74.0,11.2,40.0,500.0,665.0,,,,,,,,,,,,,,,,,,,,,,,,37.349999999999994
2020-10-07,155.21,158.76,18.76,332.73,7.66,3.43,1.82,5.98,108647.0,0.0,0.0,0.0,4.66,2.91,80.0,38.7,,,8.01,18744.0,0.0,0.0,0.0,2.72,1.08,2543.0,18016.0,69.3,3547.0,80.0,38.4,,,8.01,20735.0,0.0,0.0,0.0,2.71,1.14,2551.0,17905.0,69.2,4280.0,7827,198.0,7.96,1460.0,8.02,3800.0,2926.0,3149.0,,,153.0,8.04,,14760.0,82.0,7.39,8.6,0.0,,37.2,153.0,8.08,0.0,18020.0,73.0,5.82,6.1,0.0,0.0,36.6,228.0,8.26,720.0,,,302.5,71.0,8.5,42.0,500.0,665.0,,,,,,,,,,,,,,,,,,,,,,,,36.900000000000006
2020-10-08,135.1,101.42,17.43,253.95,7.61,2.33,1.32,5.89,126086.0,0.0,0.0,0.0,4.81,3.16,80.0,38.7,,,7.98,21187.0,0.0,0.0,0.0,2.56,1.1,2468.0,17638.0,69.5,3612.0,80.0,38.3,,,7.98,24483.0,0.0,0.0,0.0,2.62,1.04,2477.0,17796.0,69.3,4141.0,7753,314.0,7.95,1640.0,8.0,8040.0,4258.0,2806.0,,,155.0,8.06,,14870.0,83.0,5.71,7.8,0.0,,37.6,152.0,8.1,0.0,16600.0,83.0,6.24,5.9,0.0,0.0,36.5,258.0,8.2,900.0,,,269.6,84.0,12.1,42.0,500.0,665.0,,,,,,,,,,,,,,,,,,,,,,,,37.05
2020-10-09,177.33,19.54,18.74,215.61,7.69,2.54,1.48,5.82,123816.0,0.0,0.0,0.0,4.92,3.28,84.0,38.7,,,7.97,22697.0,0.0,0.0,0.0,2.55,1.07,2526.0,17754.0,69.4,3845.0,84.0,38.3,,,7.97,23058.0,0.0,0.0,0.0,2.64,1.12,2493.0,17728.0,69.4,4414.0,8259,315.0,8.01,1720.0,8.03,7240.0,3968.0,2914.0,,,156.0,8.04,,14280.0,79.0,5.28,6.9,0.0,,36.7,153.0,8.09,0.0,16940.0,76.0,4.85,4.9,0.0,0.0,36.7,239.0,8.23,780.0,,,224.9,74.0,9.5,40.0,500.0,665.0,,,,,,,,,,,,,,,,,,,,,,,,36.7
2020-10-10,103.01,89.34,16.48,208.83,0.0,0.0,0.0,0.0,0.0,0.0,0.0,0.0,0.0,0.0,84.0,0.0,,,0.0,0.0,0.0,0.0,0.0,0.0,0.0,0.0,0.0,,3899.0,84.0,0.0,,,0.0,0.0,0.0,0.0,0.0,0.0,0.0,0.0,0.0,,4539.0,8438,315.0,0.0,0.0,,,,,,,143.0,0.0,,,,,0.0,0.0,,,153.0,0.0,0.0,0.0,0.0,0.0,0.0,0.0,0.0,,232.0,,,,,,,,40.0,500.0,665.0,,,,,,,,,,,,,,,,,,,,,,,,
2020-10-11,0.0,0.0,0.0,,0.0,0.0,0.0,0.0,0.0,0.0,0.0,0.0,0.0,0.0,84.0,0.0,,,0.0,0.0,0.0,0.0,0.0,0.0,0.0,0.0,0.0,,3979.0,84.0,0.0,,,0.0,0.0,0.0,0.0,0.0,0.0,0.0,0.0,0.0,,4547.0,8526,315.0,0.0,0.0,,,,,,,147.0,0.0,,,,,0.0,0.0,,,154.0,0.0,0.0,0.0,0.0,0.0,0.0,0.0,0.0,,169.0,,,,,,,,40.0,500.0,665.0,,,,,,,,,,,,,,,,,,,,,,,,
2020-10-12,132.78,134.45,23.81,291.04,8.02,1.32,0.67,5.85,135035.0,5014.0,802.0,2412.0,4.56,2.9,84.0,38.4,,,8.0,25616.0,4659.0,741.0,3957.0,2.63,1.11,2527.0,17549.0,69.6,4029.0,84.0,38.1,,,7.98,24050.0,5372.0,586.0,4471.0,2.64,1.05,2582.0,17328.0,69.5,4615.0,8644,315.0,8.05,1480.0,8.1,4980.0,6580.0,3381.0,341.0,2786.0,159.0,8.08,121.05,17700.0,71.0,4.93,5.2,0.11,10.8,37.0,122.0,8.12,126.0,18560.0,65.0,5.11,4.2,0.16,9.1,36.6,205.0,8.28,720.0,190.0,,120.4,68.0,7.9,40.0,490.2255639097748,652.0000000000005,,,,,,,,,,,,,,,,,,,,,,,,36.8
2020-10-13,160.76,101.78,15.97,278.51,7.41,2.26,1.29,5.91,126226.0,0.0,0.0,0.0,4.59,2.92,84.0,38.4,,,7.99,23095.0,0.0,0.0,0.0,2.4,0.88,2493.0,17496.0,69.9,3847.0,84.0,38.1,,,7.98,23563.0,0.0,0.0,0.0,2.54,0.96,2547.0,17388.0,69.8,4448.0,8295,182.0,8.09,1840.0,7.98,7270.0,5464.0,3427.0,,,171.0,8.05,,15900.0,77.0,5.16,4.9,0.0,,36.3,165.0,8.08,0.0,17100.0,73.0,4.92,6.4,0.0,0.0,36.8,259.0,8.2,600.0,,,145.7,70.0,6.5,40.0,600.0,798.0,,,,,,,,,,,,,,,,,,,,,,,,36.55
2020-10-14,156.74,19.62,17.01,193.37,7.58,2.77,1.68,5.74,122339.0,0.0,0.0,0.0,4.51,3.12,84.0,38.3,,,8.03,21307.0,0.0,0.0,0.0,2.47,1.15,2564.0,17621.0,69.7,3915.0,84.0,38.0,,,8.02,19920.0,0.0,0.0,0.0,2.43,0.95,2573.0,17426.0,69.6,4496.0,8411,314.0,7.97,1200.0,8.01,4780.0,4638.0,3326.0,,,168.0,8.07,,16700.0,69.0,4.58,4.3,0.0,,37.3,102.0,8.09,0.0,16900.0,71.0,5.31,4.7,0.0,0.0,36.6,243.0,8.23,680.0,,,138.7,67.0,7.1,40.0,600.0,798.0,,,,,,,,,,,,,,,,,,,,,,,,36.95
2020-10-15,156.33,21.78,15.28,193.39000000000001,7.64,2.97,1.69,5.83,134774.0,0.0,0.0,0.0,4.7,3.15,84.0,38.3,,,8.03,31455.0,0.0,0.0,0.0,2.57,0.97,2422.0,17827.0,69.5,3992.0,84.0,38.0,,,8.01,25958.0,0.0,0.0,0.0,2.4,0.84,2495.0,17928.0,69.7,4520.0,8512,315.0,8.27,770.0,,,,,,,175.0,8.14,,16200.0,88.0,6.83,0.0,0.0,,,137.0,8.1,0.0,16200.0,88.0,6.83,5.6,0.0,0.0,,246.0,8.07,770.0,,,,82.0,10.9,40.0,600.0,798.0,,,,,,,,,,,,,,,,,,,,,,,,
2020-10-16,154.58,111.21,20.86,286.65000000000003,7.45,2.89,1.78,5.89,130335.0,0.0,0.0,0.0,5.21,3.53,84.0,38.3,,,8.02,25857.0,0.0,0.0,0.0,2.39,1.16,2561.0,17816.0,69.1,4127.0,84.0,38.0,,,8.0,23619.0,0.0,0.0,0.0,2.41,1.04,2469.0,17908.0,69.3,4672.0,8799,315.0,8.05,880.0,8.0,3980.0,3212.0,2948.0,,,178.0,8.12,,15840.0,74.0,5.33,5.9,0.0,,36.5,205.0,8.11,0.0,18160.0,67.0,4.52,5.1,0.0,0.0,37.2,189.0,8.3,700.0,,,196.2,71.0,7.5,40.0,600.0,798.0,,,,,,,,,,,,,,,,,,,,,,,,36.85
2020-10-17,81.01,82.94,16.87,180.82,0.0,0.0,0.0,0.0,0.0,0.0,0.0,0.0,0.0,0.0,84.0,0.0,,,0.0,0.0,0.0,0.0,0.0,0.0,0.0,0.0,0.0,,4199.0,84.0,0.0,,,0.0,0.0,0.0,0.0,0.0,0.0,0.0,0.0,0.0,,4805.0,9004,315.0,0.0,0.0,,,,,,,175.0,0.0,,,,,0.0,0.0,,,161.0,0.0,0.0,0.0,0.0,0.0,0.0,0.0,0.0,,253.0,,,,,,,,40.0,600.0,798.0,,,,,,,,,,,,,,,,,,,,,,,,
2020-10-18,0.0,0.0,0.0,,0.0,0.0,0.0,0.0,0.0,0.0,0.0,0.0,0.0,0.0,84.0,0.0,,,0.0,0.0,0.0,0.0,0.0,0.0,0.0,0.0,0.0,,4260.0,84.0,0.0,,,0.0,0.0,0.0,0.0,0.0,0.0,0.0,0.0,0.0,,4792.0,9052,315.0,0.0,0.0,,,,,,,177.0,0.0,,,,,0.0,0.0,,,170.0,0.0,0.0,0.0,0.0,0.0,0.0,0.0,0.0,,228.0,,,,,,,,40.0,600.0,798.0,,,,,,,,,,,,,,,,,,,,,,,,
2020-10-19,154.86,84.25,23.0,262.11,7.48,2.8,1.51,3.82,0.0,0.0,0.0,0.0,5.22,3.39,84.0,38.1,,,7.92,23672.0,4524.0,535.0,3874.0,2.59,0.88,2694.0,17439.0,69.1,4251.0,84.0,38.0,,,7.9,25844.0,5146.0,615.0,4281.0,2.63,1.02,2573.0,17421.0,69.0,4759.0,9010,222.0,8.31,800.0,,,,,,,178.0,8.11,176.7,15870.0,94.0,8.59,0.0,0.0,9.2,,172.0,8.14,177.0,15870.0,94.0,8.59,8.9,0.14,9.2,,247.0,8.07,800.0,,,140.0,74.0,12.4,40.0,722.5563909774428,960.999999999999,,,,,,,,,,,,,,,,,,,,,,,,
2020-10-20,183.61,62.34,16.29,262.24,7.67,2.78,1.5,3.83,0.0,0.0,0.0,0.0,4.92,3.05,84.0,38.1,,,8.01,19701.0,0.0,0.0,0.0,2.41,0.79,2626.0,17532.0,69.5,4137.0,84.0,38.0,,,8.0,21665.0,0.0,0.0,0.0,2.4,0.84,2513.0,17519.0,69.6,5049.0,9186,397.0,8.28,760.0,7.55,,,,,,172.0,8.09,,16500.0,87.0,6.9,0.0,0.0,,,174.0,8.15,0.0,16500.0,87.0,6.9,9.4,0.0,0.0,36.7,259.0,8.1,760.0,,,,72.0,8.2,40.0,700.0,931.0,,,,,,,,,,,,,,,,,,,,,,,,
2020-10-21,158.61,134.41,16.75,309.77,7.41,2.23,1.59,3.59,0.0,0.0,0.0,0.0,5.12,3.47,84.0,38.1,,,7.96,20215.0,0.0,0.0,0.0,2.56,1.26,2705.0,17284.0,69.3,4206.0,84.0,38.0,,,7.95,21204.0,0.0,0.0,0.0,2.48,1.06,2663.0,17325.0,69.4,4686.0,8892,257.0,8.26,800.0,,,,,,,177.0,8.15,,15540.0,89.0,5.24,0.0,0.0,,,174.0,8.02,0.0,15540.0,89.0,5.24,8.0,0.0,0.0,,265.0,8.0,800.0,,,,74.0,10.3,40.0,800.0,1064.0,,,,,,,,,,,,,,,,,,,,,,,,
2020-10-22,134.89,102.11,11.9,248.9,7.61,3.04,1.85,3.77,0.0,0.0,0.0,0.0,5.33,3.3,84.0,38.1,,,8.0,30201.0,0.0,0.0,0.0,2.47,0.87,2752.0,17054.0,69.5,4233.0,84.0,38.0,,,7.5,23954.0,0.0,0.0,0.0,2.68,1.08,2621.0,17094.0,69.6,4567.0,8800,325.0,8.24,730.0,8.15,,,,,,178.0,8.19,,17100.0,78.0,5.13,0.0,0.0,,,175.0,8.05,0.0,17100.0,78.0,5.13,9.8,0.0,0.0,36.8,302.0,8.04,730.0,,,,76.0,8.5,40.0,800.0,1064.0,,,,,,,,,,,,,,,,,,,,,,,,
2020-10-23,132.71,19.72,19.74,172.17000000000002,7.54,2.73,1.54,3.69,0.0,0.0,0.0,0.0,5.84,3.72,84.0,38.0,,,8.02,26135.0,0.0,0.0,0.0,2.52,0.98,2815.0,17152.0,69.7,4226.0,50.0,38.0,,,7.98,22693.0,0.0,0.0,0.0,2.5,1.02,2738.0,17025.0,69.4,5213.0,9439,280.0,8.28,620.0,8.07,,,,,,140.0,8.11,,16640.0,72.0,6.8,0.0,0.0,,,131.0,8.08,0.0,16640.0,72.0,6.8,8.4,0.0,0.0,36.2,285.0,8.06,620.0,,,,69.0,7.2,40.0,741.3533834586469,986.0000000000005,,,,,,,,,,,,,,,,,,,,,,,,
2020-10-24,52.83,41.77,18.23,112.83,0.0,0.0,0.0,0.0,0.0,0.0,0.0,0.0,,,84.0,0.0,,,0.0,0.0,0.0,0.0,0.0,0.0,0.0,0.0,0.0,,4198.0,84.0,0.0,,,0.0,0.0,0.0,0.0,0.0,0.0,0.0,0.0,0.0,,5292.0,9490,411.0,0.0,0.0,,,,,,,167.0,0.0,,,,,0.0,0.0,,,129.0,0.0,0.0,0.0,0.0,0.0,0.0,0.0,0.0,,262.0,,,,,,,,40.0,700.0,931.0,,,,,,,,,,,,,,,,,,,,,,,,
2020-10-25,0.0,0.0,0.0,,0.0,0.0,0.0,0.0,0.0,0.0,0.0,0.0,,,84.0,0.0,,,0.0,0.0,0.0,0.0,0.0,0.0,0.0,0.0,0.0,,4169.0,84.0,0.0,,,0.0,0.0,0.0,0.0,0.0,0.0,0.0,0.0,0.0,,5301.0,9470,312.0,0.0,0.0,,,,,,,174.0,0.0,,,,,0.0,0.0,,,171.0,0.0,0.0,0.0,0.0,0.0,0.0,0.0,0.0,,222.0,,,,,,,,40.0,700.0,931.0,,,,,,,,,,,,,,,,,,,,,,,,
2020-10-26,133.43,134.06,23.08,290.57,7.81,2.1,1.06,3.78,0.0,0.0,0.0,0.0,4.96,3.25,84.0,37.8,,,7.99,35479.0,7403.0,752.0,6077.0,2.48,0.93,2746.0,17628.0,70.4,4216.0,84.0,37.8,,,8.0,33766.0,7710.0,933.0,6143.0,3.01,1.63,3116.0,17838.0,70.5,5029.0,9245,315.0,8.36,530.0,8.16,,,,,,172.0,8.32,218.6,17900.0,104.0,7.6,0.0,0.0,14.2,,133.0,8.1,219.0,17900.0,104.0,7.6,13.5,0.21,14.2,37.1,241.0,8.18,530.0,,,197.0,88.0,12.2,40.0,700.0,931.0,,,,,,,,,,,,,,,,,,,,,,,,
2020-10-27,133.77,103.55,14.58,251.9,7.63,3.11,1.71,3.93,0.0,0.0,0.0,0.0,4.71,2.95,84.0,38.0,,,7.98,42173.0,7131.0,719.0,5704.0,2.59,1.04,3045.0,17945.0,70.6,4039.0,84.0,38.0,,,7.96,52038.0,7196.0,918.0,5806.0,2.79,1.32,3394.0,18028.0,70.7,4996.0,9035,315.0,8.31,660.0,7.9,,,,,,175.0,8.25,,17000.0,84.0,8.86,0.0,0.0,,,172.0,8.13,0.0,17000.0,84.0,8.86,9.3,0.0,0.0,37.5,224.0,8.2,660.0,,,,62.0,8.4,40.0,600.0,798.0,,,,,,,,,,,,,,,,,,,,,,,,
2020-10-28,75.98,19.76,15.32,111.06,7.52,2.96,1.81,5.85,176757.0,7077.0,0.0,0.0,4.9,3.23,84.0,38.0,,,7.97,29168.0,6932.0,0.0,0.0,2.3,0.93,2927.0,17839.0,70.4,4090.0,84.0,37.9,,,7.98,29513.0,7653.0,0.0,0.0,2.43,1.1,3174.0,17955.0,70.2,5270.0,9360,363.0,7.95,1240.0,8.04,5040.0,3893.0,4126.0,,,174.0,8.11,,17530.0,95.0,7.62,15.2,0.0,,36.4,172.0,8.16,0.0,22360.0,85.0,8.37,7.6,0.0,0.0,36.6,224.0,8.24,800.0,,,178.3,79.0,10.5,40.0,691.729323308271,920.0000000000005,,,,,,,,,,,,,,,,,,,,,,,,36.5
2020-10-29,132.42,65.52,16.57,214.51,7.54,3.01,1.75,3.9,0.0,0.0,0.0,0.0,4.89,3.22,84.0,38.0,,,7.97,28448.0,7415.0,0.0,5647.0,2.5,1.03,2883.0,17862.0,70.7,4075.0,84.0,37.9,,,7.98,28940.0,7568.0,0.0,5811.0,2.54,1.1,3026.0,17968.0,70.4,5030.0,9105,351.0,8.28,560.0,7.51,,,,,,176.0,8.1,,15760.0,74.0,5.36,0.0,0.0,,,174.0,8.1,0.0,15760.0,74.0,5.36,12.8,0.0,0.0,37.1,257.0,8.14,560.0,,,,61.0,9.6,40.0,700.0,931.0,,,,,,,,,,,,,,,,,,,,,,,,
2020-10-30,157.0,110.34,18.76,286.1,0.0,0.0,0.0,0.0,0.0,0.0,0.0,0.0,,,84.0,0.0,,,0.0,0.0,0.0,0.0,0.0,0.0,0.0,0.0,0.0,,4082.0,84.0,0.0,,,0.0,0.0,0.0,0.0,0.0,0.0,0.0,0.0,0.0,,4853.0,8935,333.0,0.0,0.0,,,,,,,205.0,0.0,,,,,0.0,0.0,,,190.0,0.0,0.0,0.0,0.0,0.0,0.0,0.0,0.0,,278.0,,,,,,,,40.0,800.0,1064.0,,,,,,,,,,,,,,,,,,,,,,,,
2020-10-31,107.82,84.0,16.46,208.28,0.0,0.0,0.0,0.0,0.0,0.0,0.0,0.0,,,84.0,0.0,,,0.0,0.0,0.0,0.0,0.0,0.0,0.0,0.0,0.0,,3933.0,84.0,0.0,,,0.0,0.0,0.0,0.0,0.0,0.0,0.0,0.0,0.0,,4796.0,8729,340.0,0.0,0.0,,,,,,,178.0,0.0,,,,,0.0,0.0,,,185.0,0.0,0.0,0.0,0.0,0.0,0.0,0.0,0.0,,265.0,,,,,,,,40.0,600.0,798.0,,,,,,,,,,,,,,,,,,,,,,,,
2020-11-01,0.0,0.0,0.0,,0.0,0.0,0.0,0.0,0.0,0.0,0.0,0.0,,,84.0,0.0,,,0.0,0.0,0.0,0.0,0.0,0.0,0.0,0.0,0.0,,3983.0,84.0,0.0,,,0.0,0.0,0.0,0.0,0.0,0.0,0.0,0.0,0.0,,4719.0,8702,342.0,0.0,0.0,,,,,,,177.0,0.0,,,,,0.0,0.0,,,176.0,0.0,0.0,0.0,0.0,0.0,0.0,0.0,0.0,,246.0,,,,,,,,40.0,600.0,798.0,,,,,,,,,,,,,,,,,,,,,,,,
2020-11-02,131.22,39.38,21.67,192.26999999999998,7.56,2.95,1.54,3.85,0.0,0.0,0.0,0.0,4.84,2.98,84.0,38.0,,,7.94,26730.0,0.0,0.0,0.0,2.58,0.94,2975.0,17904.0,69.5,4051.0,84.0,37.9,,,7.94,39066.0,0.0,0.0,0.0,2.77,1.09,3254.0,17878.0,69.3,4695.0,8746,338.0,8.28,760.0,7.73,,,,,,178.0,8.07,,16300.0,,,0.0,0.0,,,176.0,8.21,0.0,16300.0,0.0,0.0,0.0,0.0,0.0,36.5,265.0,8.18,760.0,,,,,,40.0,700.0,931.0,,,,,,,,,,,,,,,,,,,,,,,,
2020-11-03,107.29,41.66,15.07,164.01999999999998,7.53,3.23,1.87,5.95,0.0,0.0,0.0,0.0,4.59,2.71,84.0,38.0,,,7.95,0.0,0.0,0.0,0.0,2.57,1.03,2863.0,17978.0,70.3,3982.0,84.0,37.9,,,7.96,0.0,0.0,0.0,0.0,2.61,1.05,3082.0,17921.0,70.1,4625.0,8607,332.0,8.05,1540.0,8.12,7840.0,,,,,150.0,8.16,,15500.0,,,0.0,0.0,,37.0,175.0,8.12,0.0,19700.0,0.0,0.0,0.0,0.0,0.0,36.1,264.0,8.24,900.0,104.0,,,,,40.0,700.0,931.0,,,,,,,,,,,,,,,,,,,,,,,,36.55
2020-11-04,180.9,99.51,16.21,296.62,0.0,0.0,0.0,0.0,0.0,0.0,0.0,0.0,0.0,0.0,84.0,0.0,,,0.0,0.0,0.0,0.0,0.0,0.0,0.0,0.0,0.0,,3950.0,84.0,0.0,,,0.0,0.0,0.0,0.0,0.0,0.0,0.0,0.0,0.0,,4584.0,8534,338.0,0.0,0.0,,,,,,,179.0,0.0,,,,,0.0,0.0,,,116.0,0.0,0.0,0.0,0.0,0.0,0.0,0.0,0.0,,260.0,,,,,,,,40.0,590.2255639097748,785.0000000000006,,,,,,,,,,,,,,,,,,,,,,,,
2020-11-05,133.69,103.89,11.24,248.82,7.7,2.84,1.49,5.87,0.0,0.0,0.0,0.0,4.97,3.13,84.0,38.0,,,7.92,0.0,0.0,0.0,0.0,2.89,1.28,2926.0,18185.0,69.6,4004.0,84.0,38.0,,,7.92,0.0,0.0,0.0,0.0,2.39,0.9,3281.0,18328.0,68.8,4675.0,8679,338.0,8.17,1370.0,8.3,6500.0,,,,,177.0,8.23,,14430.0,,,0.0,0.0,,36.4,176.0,8.13,0.0,19340.0,0.0,0.0,0.0,0.0,0.0,37.3,261.0,8.35,560.0,,,,,,40.0,600.0,798.0,,,,,,,,,,,,,,,,,,,,,,,,36.849999999999994
2020-11-06,126.63,19.75,19.5,165.88,7.61,2.65,1.7,5.89,0.0,0.0,0.0,0.0,4.89,3.49,84.0,38.0,,,7.93,0.0,0.0,0.0,0.0,2.89,1.32,3014.0,18220.0,69.4,4072.0,84.0,38.0,,,7.92,0.0,0.0,0.0,0.0,2.64,1.25,3158.0,18295.0,68.9,4744.0,8816,339.0,8.28,1600.0,8.31,5400.0,,,,,178.0,8.32,,14400.0,,,0.0,0.0,,36.8,175.0,8.14,0.0,18860.0,0.0,0.0,0.0,0.0,0.0,36.9,241.0,8.36,600.0,,,,,,40.0,600.0,798.0,,,,,,,,,,,,,,,,,,,,,,,,36.849999999999994
2020-11-07,81.38,41.24,18.23,140.85,0.0,0.0,0.0,0.0,0.0,0.0,0.0,0.0,0.0,0.0,84.0,0.0,,,0.0,0.0,0.0,0.0,0.0,0.0,0.0,0.0,0.0,,4075.0,84.0,0.0,,,0.0,0.0,0.0,0.0,0.0,0.0,0.0,0.0,0.0,,4781.0,8856,339.0,0.0,0.0,,,,,,,204.0,0.0,,,,,0.0,0.0,,,174.0,0.0,0.0,0.0,0.0,0.0,0.0,0.0,0.0,,253.0,,,,,,,,40.0,600.0,798.0,,,,,,,,,,,,,,,,,,,,,,,,
2020-11-08,0.0,0.0,0.0,,0.0,0.0,0.0,0.0,0.0,0.0,0.0,0.0,0.0,0.0,84.0,0.0,,,0.0,0.0,0.0,0.0,0.0,0.0,0.0,0.0,0.0,,3983.0,84.0,0.0,,,0.0,0.0,0.0,0.0,0.0,0.0,0.0,0.0,0.0,,4592.0,8575,339.0,0.0,0.0,,,,,,,174.0,0.0,,,,,0.0,0.0,,,172.0,0.0,0.0,0.0,0.0,0.0,0.0,0.0,0.0,,248.0,,,,,,,,40.0,600.0,798.0,,,,,,,,,,,,,,,,,,,,,,,,
2020-11-09,130.38,86.4,22.56,239.34,7.68,2.28,1.11,3.91,0.0,0.0,0.0,0.0,4.66,2.94,84.0,37.9,,,7.97,0.0,0.0,0.0,0.0,2.58,0.94,2884.0,17864.0,69.8,4105.0,84.0,37.8,,,7.96,0.0,0.0,0.0,0.0,2.79,1.19,3261.0,17728.0,69.7,4626.0,8731,339.0,8.29,680.0,7.62,,,,,,176.0,8.03,,13860.0,,,0.0,0.0,,,174.0,8.12,0.0,18100.0,0.0,0.0,0.0,0.0,0.0,37.2,251.0,8.1,680.0,,,,,,40.0,600.0,798.0,,,,,,,,,,,,,,,,,,,,,,,,
2020-11-10,155.73,84.04,15.65,255.42,7.55,3.05,1.82,3.9,0.0,0.0,0.0,0.0,4.59,2.93,84.0,38.0,,,7.96,0.0,0.0,0.0,0.0,2.71,1.19,2942.0,17788.0,69.4,4047.0,84.0,37.9,,,7.98,0.0,0.0,0.0,0.0,2.8,1.24,3392.0,17549.0,69.4,4515.0,8562,339.0,8.33,620.0,7.7,,,,,,179.0,7.97,,13000.0,,,0.0,0.0,,,156.0,8.22,0.0,17000.0,0.0,0.0,0.0,0.0,0.0,37.1,284.0,7.96,620.0,,,,,,40.0,600.0,798.0,,,,,,,,,,,,,,,,,,,,,,,,
2020-11-11,101.84,39.31,16.49,157.64000000000001,7.57,2.56,1.48,5.89,,,,,4.52,2.91,84.0,32.7,38.0,38.2,7.98,,,,,2.4,0.94,2988.0,17452.0,69.3,3968.0,84.0,38.0,37.9,37.9,7.99,,,,,2.62,1.1,3164.0,17228.0,69.2,4494.0,8462,331.0,,,8.0,5240.0,,,,,178.0,8.15,,13660.0,,,,,,36.5,163.0,8.02,,18140.0,,,,,,37.7,306.0,8.31,570.0,,,,,,40.0,607.5187969924809,807.9999999999997,,,,,,,,,,,,,,,,,,,,,,,,37.1
2020-11-12,159.68,41.79,14.72,216.19,7.48,5.06,2.92,5.85,,,,,4.69,2.9,84.0,32.7,38.0,38.2,8.0,,,,,2.59,1.03,2835.0,17361.0,69.3,3992.0,84.0,38.0,37.9,37.9,7.98,,,,,2.49,0.9,2976.0,17043.0,69.4,4486.0,8478,313.0,,,8.02,6000.0,,,,,177.0,8.15,,13840.0,,,,,,37.9,134.0,7.98,,20060.0,,,,,,38.3,256.0,8.31,660.0,,,,,,40.0,500.0,665.0,,,,,,,,,,,,,,,,,,,,,,,,38.099999999999994
2020-11-13,101.35,88.03,18.56,207.94,7.75,2.41,1.62,5.88,147025.0,4507.7,1176.4,,4.35,3.27,84.0,32.6,38.3,38.1,8.01,24648.8,4611.6,822.9,,2.51,1.2,2734.0,17168.0,69.2,3921.0,84.0,38.1,38.0,38.0,7.99,36810.9,4940.9,960.7,,2.82,1.28,2668.0,17151.0,69.0,4518.0,8439,187.0,,,8.0,6640.0,2846.2,2547.5,498.2,,175.0,8.13,131.6,14250.0,58.4,,,,,36.4,176.0,7.99,129.2,20900.0,60.2,,,,,37.4,294.0,8.28,720.0,,,110.4,52.19,14.18,40.0,500.0,665.0,,,,,,,,,,,,,,,,,,,,,,,,36.9
2020-11-14,158.7,37.01,17.62,213.32999999999998,,,,,,,,,,,84.0,,,,,,,,,,,,,,3800.0,84.0,,,,,,,,,,,,,,4413.0,8213,339.0,,,,,,,,,171.0,,,,,,,,,,174.0,,,,,,,,,,262.0,,,,,,,,40.0,600.0,798.0,,,,,,,,,,,,,,,,,,,,,,,,
2020-11-15,0.0,46.07,0.0,46.07,,,,,,,,,,,84.0,,,,,,,,,,,,,,3870.0,84.0,,,,,,,,,,,,,,4499.0,8369,338.0,,,,,,,,,168.0,,,,,,,,,,171.0,,,,,,,,,,260.0,,,,,,,,40.0,500.0,665.0,,,,,,,,,,,,,,,,,,,,,,,,
2020-11-16,128.42,84.0,23.08,235.5,7.57,5.68,3.07,5.83,155545.0,5026.0,975.0,,4.81,2.87,84.0,32.5,38.0,38.2,8.0,20681.0,4821.9,450.6,,2.89,1.1,2861.0,17488.0,69.1,4031.0,84.0,38.0,37.9,37.9,8.01,27826.0,4626.1,480.9,,2.6,0.91,2976.0,17563.0,69.0,4516.0,8547,338.0,,,8.17,6600.0,2947.3,2694.2,264.85,,166.0,8.15,149.2,13600.0,52.4,,,,,36.6,170.0,8.02,138.7,18860.0,55.1,,,,,36.7,268.0,8.15,660.0,132.0,,125.1,48.4,10.8,40.0,600.0,798.0,,,,,,,,,,,,,,,,,,,,,,,,36.650000000000006
2020-11-17,180.77,41.47,18.24,240.48000000000002,7.65,2.72,1.65,5.86,123396.0,,,,4.34,2.82,84.0,32.5,37.9,38.1,8.01,25833.0,,,,2.48,1.12,2783.0,17568.0,69.3,4018.0,84.0,38.0,37.9,37.9,8.02,28963.0,,,,2.71,1.28,2947.0,17734.0,69.2,4395.0,8413,339.0,,,8.15,5980.0,3112.5,2843.0,,,167.0,8.13,,13280.0,56.5,,,,,37.0,170.0,8.04,,18320.0,51.3,,,,,36.6,269.0,8.16,580.0,,,120.8,46.8,8.6,40.0,600.0,798.0,,,,,,,,,,,,,,,,,,,,,,,,36.8
2020-11-18,131.06,115.2,18.14,264.4,7.78,3.1,1.94,5.81,140262.0,5552.0,,,4.49,2.8,84.0,32.4,38.0,38.1,8.03,24306.0,4397.0,,,2.71,1.23,2839.0,17721.0,69.4,4029.0,84.0,38.0,37.9,37.9,8.04,27066.0,4528.0,,,2.61,1.1,2884.0,17821.0,69.3,4552.0,8581,337.0,,,8.15,7240.0,5120.4,2658.0,,,166.0,8.14,,14630.0,49.6,,,,,37.5,171.0,8.08,,18740.0,46.5,,,,,37.6,251.0,8.31,620.0,,,143.8,42.6,7.8,40.0,594.7368421052633,791.0000000000003,,,,,,,,,,,,,,,,,,,,,,,,37.55
2020-11-19,186.86,56.84,16.79,260.49,7.76,3.3,2.04,5.78,149463.0,4364.0,776.0,,4.7,3.0,87.0,32.4,38.0,38.1,8.01,21849.0,4607.0,412.85,,2.45,1.05,2802.0,17622.0,69.1,4213.0,87.0,38.0,37.9,37.9,8.02,29974.0,4562.0,553.3,,2.72,1.29,2859.0,17885.0,69.2,4740.0,8953,311.0,,,8.37,6100.0,4001.0,2564.4,303.9,,167.0,8.2,,14160.0,45.2,,,,,36.8,214.0,8.18,,18460.0,49.3,,,,,37.5,289.0,8.38,570.0,,,101.5,41.9,7.6,42.0,600.0,798.0,,,,,,,,,,,,,,,,,,,,,,,,37.15
2020-11-20,182.97,86.82,18.61,288.4,7.62,2.84,1.63,5.8,145742.0,,,,4.78,2.95,92.0,32.3,38.0,38.1,8.02,23842.0,,,,2.52,1.1,2859.0,17715.0,69.2,4376.0,92.0,37.9,37.9,37.9,8.02,27599.0,,,,2.65,1.13,2782.0,17816.0,69.4,4770.0,9146,338.0,,,8.29,6580.0,4827.2,2716.7,,,194.0,8.21,,13980.0,51.7,,,,,36.9,172.0,8.2,,18080.0,44.7,,,,,36.7,258.0,8.32,680.0,,,109.5,43.5,8.3,44.0,600.0,798.0,,,,,,,,,,,,,,,,,,,,,,,,36.8
2020-11-21,106.84,41.34,18.27,166.45000000000002,,,,,,,,,,,96.0,,,,,,,,,,,,,,4665.0,96.0,,,,,,,,,,,,,,4967.0,9632,352.0,,,,,,,,,172.0,,,,,,,,,,171.0,,,,,,,,,,241.0,,,,,,,,46.0,600.0,798.0,,,,,,,,,,,,,,,,,,,,,,,,
2020-11-22,0.0,45.43,0.0,45.43,,,,,,,,,,,100.0,,,,,,,,,,,,,,4744.0,100.0,,,,,,,,,,,,,,4950.0,9694,386.0,,,,,,,,,167.0,,,,,,,,,,170.0,,,,,,,,,,271.0,,,,,,,,46.0,700.0,931.0,,,,,,,,,,,,,,,,,,,,,,,,
2020-11-23,183.56,90.19,25.35,299.1,7.64,2.35,1.37,5.7,171124.0,4682.0,754.8,,4.49,2.62,104.0,32.2,38.0,38.1,7.99,23699.0,4682.0,491.0,,2.42,0.95,2984.0,17368.0,69.1,4908.0,104.0,38.0,38.0,38.0,8.01,30842.0,4820.0,524.0,,2.62,1.01,3061.0,17513.0,69.2,4893.0,9801,399.0,,,8.18,7030.0,4613.1,2564.1,352.6,,169.0,8.18,206.4,12300.0,44.5,,,,,37.9,174.0,8.19,181.7,15200.0,48.2,,,,,36.1,256.0,8.28,540.0,126.0,,157.6,42.5,8.9,48.0,600.0,798.0,,,,,,,,,,,,,,,,,,,,,,,,37.0
2020-11-24,161.08,99.33,18.35,278.76000000000005,7.56,2.69,1.45,5.75,158269.0,,,,4.63,2.85,108.0,32.2,38.0,38.1,8.0,22765.0,,,,2.45,1.02,2896.0,17281.0,69.2,4949.0,108.0,38.0,37.9,37.9,8.01,28442.0,,,,2.63,1.12,2938.0,17465.0,69.1,4877.0,9826,312.0,,,8.21,6880.0,4034.8,2651.7,,,170.0,8.15,,12560.0,49.2,,,,,36.1,165.0,8.2,,15940.0,55.2,,,,,37.3,286.0,8.32,820.0,,,320.8,47.2,12.3,48.0,600.0,798.0,,,,,,,,,,,,,,,,,,,,,,,,36.7
2020-11-25,207.19,67.07,16.31,290.57,7.39,2.38,1.48,5.76,152832.0,,,,4.13,2.52,112.0,32.2,37.9,38.0,8.0,24263.0,,,,2.11,0.65,2692.0,17325.0,69.8,5032.0,112.0,38.0,38.0,38.0,8.0,24212.0,,,,2.37,0.83,2877.0,17610.0,69.9,5148.0,10180,346.0,,,8.17,5040.0,4913.2,2597.5,,,170.0,8.18,,12160.0,53.7,,,,,37.7,173.0,8.16,,15500.0,47.3,,,,,36.8,267.0,8.26,570.0,,,160.2,49.3,8.1,50.0,546.6165413533836,727.0000000000002,,,,,,,,,,,,,,,,,,,,,,,,37.25
2020-11-26,234.37,83.11,18.56,336.04,7.29,2.84,1.69,5.61,164195.0,4890.0,,,4.33,2.44,116.0,32.1,38.0,38.0,7.99,25978.0,4479.0,,,2.41,0.85,2767.0,17628.0,69.8,5191.0,116.0,38.0,38.0,38.0,8.01,30192.0,4510.0,,,2.44,0.74,2915.0,17804.0,69.7,5150.0,10341,392.0,,,8.15,2740.0,3815.6,2677.0,,,169.0,8.14,,11880.0,51.8,,,,,36.7,172.0,8.14,,16040.0,56.2,,,,,36.6,304.0,8.2,540.0,,,138.7,42.8,7.2,50.0,700.0,931.0,,,,,,,,,,,,,,,,,,,,,,,,36.650000000000006
2020-11-27,183.72,0.0,21.4,205.12,7.48,2.75,1.64,5.67,155621.0,,,,4.25,2.51,120.0,32.1,38.0,38.0,8.01,24864.0,,,,2.47,0.94,2932.0,17715.0,70.0,5347.0,120.0,38.0,38.0,38.0,8.02,28376.0,,,,2.51,0.99,3108.0,17875.0,69.9,5117.0,10464,363.0,,,8.12,3660.0,3486.4,2532.7,,,177.0,8.12,,12420.0,43.7,,,,,37.3,168.0,8.13,,16420.0,45.2,,,,,37.1,350.0,8.23,520.0,,,116.81,41.7,6.9,54.0,700.0,931.0,,,,,,,,,,,,,,,,,,,,,,,,37.2
2020-11-28,155.33,38.13,20.07,213.53,,,,,,,,,,,120.0,,,,,,,,,,,,,,5338.0,120.0,,,,,,,,,,,,,,5318.0,10656,363.0,,,,,,,,,178.0,,,,,,,,,,185.0,,,,,,,,,,350.0,,,,,,,,54.0,500.0,665.0,,,,,,,,,,,,,,,,,,,,,,,,
2020-11-29,0.0,0.0,0.0,,,,,,,,,,,,120.0,,,,,,,,,,,,,,5525.0,120.0,,,,,,,,,,,,,,5488.0,11013,312.0,,,,,,,,,176.0,,,,,,,,,,183.0,,,,,,,,,,254.0,,,,,,,,54.0,500.0,665.0,,,,,,,,,,,,,,,,,,,,,,,,
2020-11-30,155.36,84.0,26.35,265.71000000000004,7.73,3.59,1.6,5.65,149246.0,4689.0,719.0,,4.42,2.68,120.0,32.0,38.0,38.0,7.91,24278.0,4512.0,514.0,,2.33,0.85,2684.0,17258.0,69.4,5522.0,120.0,38.0,38.0,38.0,7.93,21213.0,4868.0,553.0,,2.37,0.83,2781.0,17340.0,69.5,5439.0,10961,362.0,,,7.69,6830.0,5685.8,2946.0,225.0,,160.0,7.8,,14740.0,60.07,,,,,39.3,136.0,7.81,,16120.0,50.61,,,,,37.2,316.0,7.89,620.0,,,131.8,52.4,9.8,54.0,600.0,798.0,,,,,,,,,,,,,,,,,,,,,,,,38.25
2020-12-01,159.59,41.63,20.74,221.96,7.85,2.42,1.27,5.71,149740.0,,,,4.63,2.95,120.0,32.0,38.0,38.0,7.99,23539.0,,,,2.43,1.04,2670.0,17196.0,69.8,5368.0,120.0,38.0,38.0,38.0,7.99,27788.0,,,,2.42,1.0,2694.0,17364.0,69.8,5462.0,10830,327.0,,,7.64,7240.0,5028.3,2755.0,,,178.0,7.83,,14020.0,57.5,,,,,40.0,199.0,7.8,,15840.0,46.7,,,,,36.1,283.0,7.9,540.0,140.0,,126.3,49.7,6.9,54.0,600.0,798.0,,,,,,,,,,,,,,,,,,,,,,,,38.05
2020-12-02,207.96,136.09,17.62,361.67,7.76,3.43,1.79,5.76,156915.0,,,,5.01,3.22,120.0,31.8,38.0,38.3,7.96,22983.0,,,,2.56,1.02,2585.0,17041.0,69.7,5295.0,120.0,38.1,38.1,38.1,7.97,28433.0,,,,2.81,1.11,2647.0,17293.0,69.6,5446.0,10741,339.0,,,7.82,6640.0,4171.5,2614.0,,,178.0,7.92,,14300.0,59.3,,,,,40.3,180.0,7.9,,14240.0,47.2,,,,,37.9,309.0,8.1,720.0,,,135.4,48.9,7.8,54.0,716.541353383458,952.9999999999992,,,,,,,,,,,,,,,,,,,,,,,,39.099999999999994
2020-12-03,185.87,38.54,19.58,243.99,7.56,2.51,1.41,5.7,151638.0,,,,5.02,3.22,120.0,31.8,38.0,38.3,8.07,36682.0,,,,2.45,0.86,2593.0,16969.0,69.1,5412.0,120.0,38.1,38.0,38.0,8.1,32164.0,,,,2.44,0.92,2615.0,17215.0,69.0,5647.0,11059,378.0,,,7.91,6260.0,4328.1,2687.0,,,177.0,7.96,,15200.0,46.3,,,,,38.2,176.0,7.95,,15360.0,51.8,,,,,36.9,315.0,8.2,760.0,,,110.4,45.2,9.1,54.0,700.0,931.0,,,,,,,,,,,,,,,,,,,,,,,,37.55
2020-12-04,182.87,38.89,19.15,240.91,7.49,2.43,1.39,5.74,158343.0,,,,4.87,3.1,120.0,31.7,38.1,38.2,8.05,31482.0,,,,2.49,0.92,2617.0,17115.0,69.3,5336.0,120.0,38.0,38.0,38.0,8.07,30226.0,,,,2.39,0.95,2667.0,17188.0,69.1,5598.0,10934,385.0,,,7.93,5860.0,3968.2,2719.0,,,184.0,7.95,,15620.0,62.4,,,,,36.5,184.0,7.98,,16040.0,43.2,,,,,36.4,281.0,8.17,560.0,,,131.7,51.9,8.4,54.0,700.0,931.0,,,,,,,,,,,,,,,,,,,,,,,,36.45
2020-12-05,98.86,91.78,18.77,209.41,,,,,,,,,,,120.0,,,,,,,,,,,,,,5185.0,120.0,,,,,,,,,,,,,,5428.0,10613,384.0,,,,,,,,,185.0,,,,,,,,,,157.0,,,,,,,,,,276.0,,,,,,,,54.0,700.0,931.0,,,,,,,,,,,,,,,,,,,,,,,,
2020-12-06,0.0,45.68,0.0,45.68,,,,,,,,,,,120.0,,,,,,,,,,,,,,5235.0,120.0,,,,,,,,,,,,,,5421.0,10656,404.0,,,,,,,,,182.0,,,,,,,,,,179.0,,,,,,,,,,299.0,,,,,,,,54.0,600.0,798.0,,,,,,,,,,,,,,,,,,,,,,,,
2020-12-07,129.48,134.75,25.15,289.38,7.53,2.82,1.66,5.52,138424.0,4672.0,891.0,,4.63,2.83,118.0,31.2,37.7,38.0,7.9,31407.0,4440.0,696.0,,3.03,1.45,2481.0,16495.0,69.0,5244.0,118.0,38.0,38.0,38.0,7.94,30168.0,4508.0,601.0,,2.62,1.1,2583.0,16726.0,69.1,5293.0,10537,397.0,,,7.78,5600.0,6919.7,2832.0,332.0,,119.0,7.95,,16530.0,49.6,,,,,36.2,138.0,8.01,,16230.0,36.8,,,,,37.2,288.0,8.21,680.0,121.0,,239.5,43.7,10.2,53.0,800.0,1064.0,,,,,,,,,,,,,,,,,,,,,,,,36.7
2020-12-08,158.16,103.58,17.12,278.86,7.71,2.69,1.21,5.58,143516.0,,,,4.82,2.99,116.0,31.1,37.9,37.8,7.91,29341.0,,,,2.53,1.06,2543.0,16350.0,69.1,5271.0,116.0,38.0,38.0,38.0,7.93,31725.0,,,,2.58,1.05,2617.0,16488.0,69.2,5211.0,10482,375.0,,,7.82,4840.0,5140.6,2799.0,,,213.0,7.93,,17020.0,45.2,,,,,37.4,189.0,7.99,,16740.0,41.7,,,,,37.7,350.0,8.2,520.0,,,135.6,41.9,7.4,45.0,500.0,665.0,,,,,,,,,,,,,,,,,,,,,,,,37.55
2020-12-09,105.73,0.0,11.69,117.42,7.36,2.92,1.57,5.45,131548.0,,,,4.95,3.32,114.0,31.2,37.7,38.0,7.85,27324.0,,,,2.29,0.87,2618.0,16169.0,69.0,5374.0,114.0,38.0,38.0,38.0,7.85,29688.0,,,,2.29,0.74,2535.0,16215.0,69.1,5340.0,10714,388.0,,,7.73,4000.0,4261.0,2716.0,,,185.0,7.85,,15820.0,41.5,,,,,37.2,182.0,7.84,,15360.0,49.6,,,,,37.0,350.0,8.09,500.0,,,141.8,43.2,6.2,51.0,733.8345864661651,975.9999999999997,,,,,,,,,,,,,,,,,,,,,,,,37.1
2020-12-10,156.35,41.69,22.2,220.23999999999998,7.28,2.74,1.67,5.34,135115.0,,,,4.64,2.93,112.0,31.2,37.9,38.0,7.84,28316.0,,,,2.45,0.95,2569.0,16278.0,68.3,5632.0,112.0,38.0,38.0,38.0,7.86,29612.0,,,,2.47,1.02,2597.0,16708.0,68.4,5483.0,11115,335.0,,,7.8,3600.0,3873.1,2694.0,,,184.0,7.87,,16640.0,52.3,,,,,36.6,181.0,7.85,,15840.0,46.1,,,,,36.6,350.0,8.13,540.0,,,154.3,47.6,7.1,50.0,700.0,931.0,,,,,,,,,,,,,,,,,,,,,,,,36.6
2020-12-11,156.48,86.97,19.71,263.15999999999997,,,,,,,,,,,110.0,,,,,,,,,,,,,,5641.0,110.0,,,,,,,,,,,,,,5521.0,11162,345.0,,,,,,,,,216.0,,,,,,,,,,179.0,,,,,,,,,,350.0,,,,,,,,49.0,600.0,798.0,,,,,,,,,,,,,,,,,,,,,,,,
2020-12-12,95.6,38.72,17.0,151.32,,,,,,,,,,,108.0,,,,,,,,,,,,,,5512.0,108.0,,,,,,,,,,,,,,5573.0,11085,263.0,,,,,,,,,184.0,,,,,,,,,,178.0,,,,,,,,,,350.0,,,,,,,,48.0,700.0,931.0,,,,,,,,,,,,,,,,,,,,,,,,
2020-12-13,0.0,45.8,0.0,45.8,,,,,,,,,,,106.0,,,,,,,,,,,,,,5757.0,106.0,,,,,,,,,,,,,,5842.0,11599,339.0,,,,,,,,,173.0,,,,,,,,,,172.0,,,,,,,,,,350.0,,,,,,,,47.0,600.0,798.0,,,,,,,,,,,,,,,,,,,,,,,,
2020-12-14,159.19,39.37,22.32,220.88,7.38,2.92,1.75,5.51,144466.0,4875.0,906.0,,4.6,3.14,104.0,31.1,37.8,38.0,7.88,29523.0,4630.0,673.0,,2.55,1.4,2340.0,16688.0,69.6,5771.0,104.0,38.0,38.0,38.0,7.9,28590.0,4695.0,693.0,,2.58,1.31,2464.0,16578.0,69.5,5720.0,11491,338.0,,,7.95,10340.0,7854.3,2817.6,368.0,,167.0,7.93,311.4,15800.0,58.6,,,,,37.0,165.0,7.95,347.2,17660.0,53.4,,,,,36.4,350.0,8.18,720.0,108.0,,185.1,51.7,11.1,46.0,600.0,798.0,,,,,,,,,,,,,,,,,,,,,,,,36.7
2020-12-15,157.18,90.49,14.38,262.05,7.69,2.84,1.65,5.46,141737.0,,,,4.49,2.94,102.0,31.0,37.9,38.0,7.89,27954.0,,,,2.49,1.12,2417.0,16743.0,69.9,5695.0,102.0,38.0,38.0,38.0,7.9,29645.0,,,,2.61,1.18,2451.0,16742.0,70.0,5590.0,11285,338.0,,,7.89,8860.0,6538.0,2819.3,,,134.0,7.92,,16040.0,54.8,,,,,36.3,131.0,7.96,,17240.0,58.1,,,,,36.3,319.0,8.15,580.0,,,178.5,52.3,7.6,46.0,600.0,798.0,,,,,,,,,,,,,,,,,,,,,,,,36.3
2020-12-16,132.6,136.4,12.83,281.83,7.54,2.76,1.53,5.54,139662.0,,,,4.56,3.04,102.0,31.0,37.9,38.0,7.87,30164.0,,,,2.45,0.95,2398.0,16715.0,69.7,5823.0,102.0,37.9,37.9,37.9,7.89,28874.0,,,,2.52,1.1,2481.0,16801.0,69.8,5688.0,11511,269.0,,,7.83,8340.0,6823.4,2735.1,,,170.0,7.94,,15460.0,48.6,,,,,37.9,167.0,7.93,,16880.0,50.3,,,,,37.7,262.0,8.2,540.0,,,204.6,46.7,8.2,46.0,612.7819548872176,814.9999999999994,,,,,,,,,,,,,,,,,,,,,,,,37.8
2020-12-17,131.46,122.44,15.87,269.77,7.82,3.3,1.95,5.49,154561.0,,,,5.16,3.58,102.0,30.1,38.0,38.2,7.88,32188.0,,,,2.66,1.22,2637.0,16764.0,69.5,5839.0,102.0,38.0,37.9,37.9,7.89,28775.0,,,,2.55,1.11,2516.0,16773.0,69.3,5850.0,11689,301.0,,,7.88,7840.0,5324.3,2762.3,,,170.0,7.89,,16040.0,56.3,,,,,36.6,168.0,7.9,,15980.0,48.8,,,,,36.9,256.0,8.13,460.0,,,227.2,49.7,6.1,46.0,600.0,798.0,,,,,,,,,,,,,,,,,,,,,,,,36.75
2020-12-18,104.4,0.0,17.32,121.72,,,,,,,,,,,102.0,,,,,,,,,,,,,,5864.0,102.0,,,,,,,,,,,,,,5860.0,11724,339.0,,,,,,,,,170.0,,,,,,,,,,169.0,,,,,,,,,,287.0,,,,,,,,46.0,600.0,798.0,,,,,,,,,,,,,,,,,,,,,,,,
2020-12-19,83.0,91.04,16.91,190.95000000000002,,,,,,,,,,,102.0,,,,,,,,,,,,,,5707.0,102.0,,,,,,,,,,,,,,5787.0,11494,340.0,,,,,,,,,171.0,,,,,,,,,,173.0,,,,,,,,,,279.0,,,,,,,,46.0,600.0,798.0,,,,,,,,,,,,,,,,,,,,,,,,
2020-12-20,0.0,0.0,0.0,,,,,,,,,,,,102.0,,,,,,,,,,,,,,5606.0,102.0,,,,,,,,,,,,,,5502.0,11108,266.0,,,,,,,,,170.0,,,,,,,,,,168.0,,,,,,,,,,260.0,,,,,,,,46.0,600.0,798.0,,,,,,,,,,,,,,,,,,,,,,,,
2020-12-21,129.62,137.5,20.94,288.06,7.67,3.78,2.11,5.53,,,,,5.27,3.39,100.0,29.6,38.0,38.3,7.85,,,,,2.64,1.05,2296.0,16598.0,69.8,5376.0,100.0,38.2,38.2,38.1,7.84,,,,,2.62,1.01,2321.0,16642.0,69.5,5083.0,10459,290.0,,,7.85,9260.0,,,,,171.0,7.77,,16760.0,,,,,,37.6,129.0,7.84,,18840.0,,,,,,36.4,278.0,7.91,660.0,,,,,,45.0,600.0,798.0,,,,,,,,,,,,,,,,,,,,,,,,37.0
2020-12-22,130.72,122.83,14.1,267.65000000000003,7.77,3.38,1.81,5.63,,,,,6.17,4.29,98.0,29.5,38.0,38.3,7.85,,,,,2.51,1.04,2473.0,16634.0,69.0,5658.0,45.0,38.1,38.1,38.0,7.86,,,,,2.76,0.94,2535.0,16779.0,68.8,5221.0,10879,251.0,,,7.76,7400.0,,,,,153.0,7.73,,16140.0,,,,,,36.2,167.0,7.74,,19120.0,,,,,,36.9,277.0,7.94,740.0,,,,,,45.0,635.3383458646613,844.9999999999995,,,,,,,,,,,,,,,,,,,,,,,,36.55
2020-12-23,78.81,19.59,14.18,112.58000000000001,7.56,2.95,1.59,5.61,,,,,5.84,3.91,96.0,29.5,38.0,38.2,7.89,,,,,2.61,1.04,2491.0,16824.0,68.8,5660.0,96.0,38.0,37.9,37.9,7.88,,,,,2.62,1.01,2517.0,16931.0,68.6,5992.0,11652,357.0,,,7.84,8560.0,,,,,152.0,7.77,,17030.0,,,,,,38.0,129.0,7.8,,19830.0,,,,,,37.4,259.0,7.99,720.0,,,,,,44.0,600.0,798.0,,,,,,,,,,,,,,,,,,,,,,,,37.7
2020-12-24,105.46,41.65,14.09,161.2,,,,,,,,,,,92.0,,,,,,,,,,,,,,5654.0,92.0,,,,,,,,,,,,,,6052.0,11706,339.0,,,,,,,,,166.0,,,,,,,,,,164.0,,,,,,,,,,292.0,,,,,,,,44.0,700.0,931.0,,,,,,,,,,,,,,,,,,,,,,,,
2020-12-25,103.42,88.05,13.82,205.29,,,,,,,,,,,88.0,,,,,,,,,,,,,,5300.0,88.0,,,,,,,,,,,,,,5660.0,10960,265.0,,,,,,,,,141.0,,,,,,,,,,164.0,,,,,,,,,,311.0,,,,,,,,42.0,600.0,798.0,,,,,,,,,,,,,,,,,,,,,,,,
2020-12-26,73.45,39.4,17.51,130.35999999999999,,,,,,,,,,,84.0,,,,,,,,,,,,,,4953.0,84.0,,,,,,,,,,,,,,5306.0,10259,300.0,,,,,,,,,167.0,,,,,,,,,,157.0,,,,,,,,,,274.0,,,,,,,,40.0,600.0,798.0,,,,,,,,,,,,,,,,,,,,,,,,
2020-12-27,0.0,46.13,0.0,46.13,,,,,,,,,,,80.0,,,,,,,,,,,,,,4664.0,80.0,,,,,,,,,,,,,,4863.0,9527,253.0,,,,,,,,,167.0,,,,,,,,,,128.0,,,,,,,,,,245.0,,,,,,,,40.0,600.0,798.0,,,,,,,,,,,,,,,,,,,,,,,,
2020-12-28,126.51,39.4,20.81,186.72,,,,,,,,,,,76.0,,,,,,,,,,,,,,4332.0,76.0,,,,,,,,,,,,,,4550.0,8882,265.0,,,,,,,,,154.0,,,,,,,,,,155.0,,,,,,,,,,238.0,,,,,,,,38.0,537.5939849624065,715.0000000000007,,,,,,,,,,,,,,,,,,,,,,,,
2020-12-29,51.73,41.37,14.91,108.00999999999999,,,,,,,,,,,78.0,,,,,,,,,,,,,,4286.0,78.0,,,,,,,,,,,,,,4604.0,8890,185.0,,,,,,,,,152.0,,,,,,,,,,149.0,,,,,,,,,,113.0,,,,,,,,20.0,500.0,665.0,,,,,,,,,,,,,,,,,,,,,,,,
2020-12-30,126.28,108.52,15.06,249.86,7.81,2.75,1.39,5.22,,,,,5.65,3.81,80.0,29.0,37.9,38.0,7.87,,,,,2.7,1.08,2317.0,17418.0,69.0,4589.0,80.0,38.0,37.9,37.9,7.86,,,,,2.82,1.11,2408.0,17169.0,68.9,4877.0,9466,288.0,,,7.94,7880.0,,,,,150.0,8.02,,18940.0,,,,,,37.4,117.0,7.87,,16400.0,,,,,,36.4,239.0,8.08,560.0,,,,,,18.0,500.0,665.0,,,,,,,,,,,,,,,,,,,,,,,,36.9
2020-12-31,80.04,102.97,9.51,192.51999999999998,7.78,2.48,1.39,4.92,,,,,6.17,4.29,76.0,28.6,38.1,38.4,7.89,,,,,2.61,1.01,2521.0,17525.0,66.9,4603.0,76.0,37.9,37.9,37.9,7.89,,,,,2.77,1.0,2587.0,17362.0,66.6,4863.0,9466,234.0,,,8.17,7560.0,,,,,147.0,8.05,,18380.0,,,,,,36.3,112.0,7.92,,17060.0,,,,,,37.5,249.0,8.04,380.0,,,,,,20.0,500.0,665.0,,,,,,,,,,,,,,,,,,,,,,,,36.9
2021-01-01,26.3,0.0,15.47,41.77,0.0,0.0,0.0,0.0,0.0,0.0,0.0,0.0,0.0,0.0,72.0,0.0,,,0.0,0.0,0.0,0.0,0.0,0.0,0.0,0.0,0.0,,4343.0,72.0,,,,0.0,0.0,0.0,0.0,0.0,0.0,0.0,0.0,0.0,,4617.0,8960,211.0,0.0,0.0,0.0,0.0,0.0,0.0,0.0,0.0,148.0,0.0,0.0,0.0,0.0,0.0,0.0,0.0,0.0,0.0,124.0,0.0,0.0,0.0,0.0,0.0,0.0,0.0,0.0,0.0,164.0,0.0,0.0,0.0,,0.0,0.0,0.0,24.0,665.0,884.45,,,,,,8960.0,,,,,,,,,,,,,,,,,,
2021-01-02,103.8,41.91,14.82,160.53,0.0,0.0,0.0,0.0,0.0,0.0,0.0,0.0,0.0,0.0,72.0,0.0,,,0.0,0.0,0.0,0.0,0.0,0.0,0.0,0.0,0.0,,3685.0,72.0,,,,0.0,0.0,0.0,0.0,0.0,0.0,0.0,0.0,0.0,,3972.0,7657,227.0,0.0,0.0,0.0,0.0,0.0,0.0,0.0,0.0,148.0,0.0,0.0,0.0,0.0,0.0,0.0,0.0,0.0,0.0,135.0,0.0,0.0,0.0,0.0,0.0,0.0,0.0,0.0,0.0,168.0,0.0,0.0,0.0,,0.0,0.0,0.0,24.0,665.0,884.45,,,,,,7657.0,,,,,,,,,,,,,,,,,,
2021-01-03,0.0,0.0,0.0,0.0,0.0,0.0,0.0,0.0,0.0,0.0,0.0,0.0,0.0,0.0,72.0,0.0,,,0.0,0.0,0.0,0.0,0.0,0.0,0.0,0.0,0.0,,3738.0,72.0,,,,0.0,0.0,0.0,0.0,0.0,0.0,0.0,0.0,0.0,,3988.0,7726,235.0,0.0,0.0,0.0,0.0,0.0,0.0,0.0,0.0,144.0,0.0,0.0,0.0,0.0,0.0,0.0,0.0,0.0,0.0,142.0,0.0,0.0,0.0,0.0,0.0,0.0,0.0,0.0,0.0,174.0,0.0,0.0,0.0,,0.0,0.0,0.0,24.0,665.0,884.45,,,,,,7726.0,,,,,,,,,,,,,,,,,,
2021-01-04,104.29,87.8,20.99,213.07999999999998,7.82,2.68,1.31,4.71,0.0,0.0,0.0,0.0,5.59,3.7,72.0,38.1,,,7.99,0.0,0.0,0.0,0.0,2.48,0.87,2338.0,17702.0,64.4,3910.0,72.0,37.9,,,8.0,0.0,0.0,0.0,0.0,2.63,0.92,2462.0,17525.0,64.7,4108.0,8018,241.0,7.98,2560.0,8.13,7530.0,0.0,0.0,0.0,0.0,128.0,7.74,0.0,16540.0,0.0,0.0,0.0,0.0,0.0,36.4,118.0,7.79,0.0,19240.0,0.0,0.0,0.0,0.0,0.0,36.0,165.0,7.98,660.0,96.0,,0.0,0.0,0.0,24.0,665.0,884.45,64.4,64.7,64.55000000000001,35.43999999999998,0.01,8018.0,0.4260300000000001,0.6485519999999997,0.00014099999999999998,1.0747229999999997,8617.129013999996,3415.908540000001,853.9771350000002,6831817.080000002,,,,,,,,,,
2021-01-05,105.89,123.93,16.57,246.39,7.66,0.0,1.28,4.76,0.0,0.0,0.0,0.0,6.26,4.44,72.0,38.1,,,8.0,0.0,0.0,0.0,0.0,2.6,1.08,2497.0,17736.0,64.3,3806.0,72.0,37.9,,,8.01,0.0,0.0,0.0,0.0,2.76,1.09,2544.0,17463.0,64.5,4062.0,7868,249.0,8.03,1940.0,8.15,7240.0,0.0,0.0,0.0,0.0,128.0,7.78,0.0,17260.0,0.0,0.0,0.0,0.0,0.0,36.7,118.0,7.78,0.0,18930.0,0.0,0.0,0.0,0.0,0.0,36.8,147.0,8.04,640.0,0.0,,0.0,0.0,0.0,24.0,665.0,884.45,64.3,64.5,64.4,35.58999999999999,0.01,7868.0,0.42504000000000003,0.6512969999999999,0.00014099999999999998,1.0764779999999998,8469.728903999998,3344.2147200000004,836.0536800000001,6688429.44,,,,,,,,,,
2021-01-06,102.52,19.16,14.02,135.7,7.56,0.0,1.56,4.5,0.0,0.0,0.0,0.0,6.65,5.25,72.0,38.0,,,8.0,0.0,0.0,0.0,0.0,2.42,1.23,2606.0,17645.0,64.0,3964.0,72.0,38.0,,,7.98,0.0,0.0,0.0,0.0,2.71,1.27,2681.0,17506.0,64.1,4261.0,8225,249.0,7.96,2740.0,8.1,6000.0,0.0,0.0,0.0,0.0,127.0,7.8,0.0,15440.0,0.0,0.0,0.0,0.0,0.0,36.8,118.0,7.81,0.0,18760.0,0.0,0.0,0.0,0.0,0.0,37.1,203.0,8.09,560.0,0.0,,0.0,0.0,0.0,24.0,595.0000000000001,791.3500000000003,64.0,64.1,64.05,35.94,0.01,8225.0,0.42273000000000005,0.657702,0.00014099999999999998,1.080573,8887.712925,3476.9542500000002,869.2385625000001,6953908.5,,,,,,,,,,
2021-01-07,80.05,41.34,11.38,132.77,7.55,3.53,2.26,4.46,0.0,0.0,0.0,0.0,6.8,5.23,72.0,38.1,,,8.01,0.0,0.0,0.0,0.0,2.44,1.05,2575.0,17673.0,64.0,4066.0,72.0,38.1,,,8.0,0.0,0.0,0.0,0.0,2.47,0.93,2536.0,17483.0,64.2,4397.0,8463,232.0,8.06,2940.0,8.18,7540.0,0.0,0.0,0.0,0.0,128.0,7.83,0.0,14940.0,0.0,0.0,0.0,0.0,0.0,36.9,125.0,7.75,0.0,18400.0,0.0,0.0,0.0,0.0,0.0,37.3,185.0,8.09,500.0,0.0,,0.0,0.0,0.0,24.0,665.0,884.45,64.0,64.2,64.1,35.89,0.01,8463.0,0.42306,0.656787,0.00014099999999999998,1.079988,9139.938444,3580.35678,895.089195,7160713.5600000005,,,,,,,,,,
2021-01-08,28.06,41.73,11.05,80.84,0.0,0.0,0.0,0.0,0.0,0.0,0.0,0.0,0.0,0.0,59.0,0.0,,,0.0,0.0,0.0,0.0,0.0,0.0,0.0,0.0,0.0,,3202.0,59.0,,,,0.0,0.0,0.0,0.0,0.0,0.0,0.0,0.0,0.0,,3480.0,6682,135.0,0.0,0.0,0.0,0.0,0.0,0.0,0.0,0.0,130.0,0.0,0.0,0.0,0.0,0.0,0.0,0.0,0.0,0.0,149.0,0.0,0.0,0.0,0.0,0.0,0.0,0.0,0.0,0.0,142.0,0.0,0.0,0.0,,0.0,0.0,0.0,16.0,665.0,884.45,,,,,,6682.0,,,,,,,,,,,,,,,,,,
2021-01-09,126.22,0.0,11.98,138.2,0.0,0.0,0.0,0.0,0.0,0.0,0.0,0.0,0.0,0.0,58.0,0.0,,,0.0,0.0,0.0,0.0,0.0,0.0,0.0,0.0,0.0,,3469.0,58.0,,,,0.0,0.0,0.0,0.0,0.0,0.0,0.0,0.0,0.0,,3704.0,7173,196.0,0.0,0.0,0.0,0.0,0.0,0.0,0.0,0.0,130.0,0.0,0.0,0.0,0.0,0.0,0.0,0.0,0.0,0.0,121.0,0.0,0.0,0.0,0.0,0.0,0.0,0.0,0.0,0.0,231.0,0.0,0.0,0.0,,0.0,0.0,0.0,16.0,931.0,1238.23,,,,,,7173.0,,,,,,,,,,,,,,,,,,
2021-01-10,0.0,90.25,0.0,90.25,0.0,0.0,0.0,0.0,0.0,0.0,0.0,0.0,0.0,0.0,64.0,0.0,,,0.0,0.0,0.0,0.0,0.0,0.0,0.0,0.0,0.0,,3692.0,64.0,,,,0.0,0.0,0.0,0.0,0.0,0.0,0.0,0.0,0.0,,3957.0,7649,221.0,0.0,0.0,0.0,0.0,0.0,0.0,0.0,0.0,130.0,0.0,0.0,0.0,0.0,0.0,0.0,0.0,0.0,0.0,120.0,0.0,0.0,0.0,0.0,0.0,0.0,0.0,0.0,0.0,183.0,0.0,0.0,0.0,,0.0,0.0,0.0,16.0,399.0,530.6700000000001,,,,,,7649.0,,,,,,,,,,,,,,,,,,
2021-01-11,80.88,38.78,17.37,137.03,7.76,0.0,1.5,4.47,147474.0,5591.0,1421.0,0.0,6.22,4.56,68.0,38.0,,,7.99,24395.0,5802.0,553.0,0.0,2.6,0.95,2541.0,17329.0,64.4,3433.0,68.0,38.0,,,8.02,28931.0,5803.0,640.0,0.0,2.46,0.93,2493.0,17526.0,64.5,3695.0,7128,290.0,7.98,1800.0,8.15,7760.0,0.0,3051.0,633.0,1309.0,131.0,7.65,0.0,15230.0,126.0,4.7,115.0,0.15,32.1,36.9,122.0,7.45,0.0,16830.0,195.0,5.2,134.8,0.12,39.9,37.8,176.0,7.93,600.0,108.0,,0.0,186.0,14.2,22.0,798.0,1061.3400000000001,64.4,64.5,64.45,35.53999999999999,0.01,7128.0,0.4253700000000001,0.6503819999999999,0.00014099999999999998,1.075893,7668.965304,3032.0373600000007,758.0093400000002,6064074.720000002,,,,,,,,,,
2021-01-12,78.02,41.43,13.07,132.51999999999998,7.86,0.0,1.65,4.96,145530.0,0.0,0.0,0.0,5.54,4.21,68.0,38.0,,,8.0,26494.0,0.0,0.0,0.0,2.32,0.94,2487.0,17421.0,63.9,3006.0,68.0,38.1,,,8.01,30260.0,0.0,0.0,0.0,2.44,1.01,2551.0,17629.0,63.8,3327.0,6333,188.0,0.0,0.0,8.18,6940.0,4181.0,3778.0,0.0,0.0,130.0,7.63,146.0,15500.0,214.0,12.6,93.2,,0.0,36.9,128.0,7.41,154.0,16300.0,305.0,8.6,131.5,,0.0,37.9,186.0,7.9,520.0,0.0,,124.0,221.0,18.1,40.0,665.0,884.45,63.9,63.8,63.849999999999994,36.14000000000001,0.01,6333.0,0.42141,0.6613620000000001,0.00014099999999999998,1.082913,6858.0880290000005,2668.78953,667.1973825,5337579.06,,,,,,,,,,
2021-01-13,101.33,136.07,12.62,250.01999999999998,8.14,2.67,1.4,5.31,149535.0,0.0,0.0,0.0,5.36,4.06,68.0,38.0,,,8.02,27489.0,0.0,0.0,0.0,2.35,1.14,2413.0,17506.0,63.3,2979.0,68.0,38.0,,,8.03,31841.0,0.0,0.0,0.0,2.36,1.1,2594.0,17594.0,63.3,3127.0,6106,232.0,7.85,4980.0,8.04,6670.0,3014.0,3127.0,0.0,0.0,130.0,7.66,0.0,16900.0,186.0,6.9,122.4,,0.0,36.9,139.0,7.38,0.0,17000.0,274.0,9.2,145.5,,0.0,36.7,155.0,7.84,600.0,0.0,,120.0,203.0,11.8,40.0,665.0,884.45,63.3,63.3,63.3,36.690000000000005,0.01,6106.0,0.41778,0.671427,0.00014099999999999998,1.089348,6651.558888,2550.96468,637.74117,5101929.36,,,,,,,,,,
2021-01-14,103.44,100.78,17.64,221.86,7.74,0.0,1.49,4.71,138725.0,0.0,0.0,0.0,6.34,4.67,68.0,38.1,,,8.02,30109.0,0.0,0.0,0.0,2.5,0.94,2386.0,17458.0,62.8,3183.0,68.0,38.0,,,8.04,28314.0,0.0,0.0,0.0,2.7,1.1,2564.0,17483.0,62.9,3416.0,6599,291.0,7.82,2460.0,8.09,6240.0,3216.0,3259.0,0.0,0.0,131.0,7.7,0.0,16240.0,141.0,5.3,86.5,,0.0,37.1,117.0,7.36,0.0,17640.0,232.0,10.7,100.7,,0.0,36.9,154.0,7.88,540.0,0.0,,115.0,166.0,9.8,36.0,515.9999999999994,686.2799999999993,62.8,62.9,62.849999999999994,37.14000000000001,0.01,6599.0,0.41481,0.6796620000000001,0.00014099999999999998,1.094613,7223.351187,2737.33119,684.3327975,5474662.38,,,,,,,,,,
2021-01-15,81.05,128.24,17.79,227.07999999999998,7.6,0.0,1.71,4.34,142180.0,0.0,0.0,0.0,6.81,4.85,68.0,38.0,,,8.02,29436.0,0.0,0.0,0.0,2.33,1.12,2467.0,17328.0,62.4,3605.0,68.0,38.0,,,8.03,30735.0,0.0,0.0,0.0,2.46,1.15,2608.0,17514.0,62.5,3919.0,7524,299.0,7.83,1140.0,7.99,5800.0,3611.0,2996.0,0.0,0.0,134.0,7.74,0.0,15540.0,148.0,6.2,91.4,,0.0,37.4,130.0,7.4,0.0,17340.0,196.0,6.3,93.8,,0.0,36.9,184.0,7.8,640.0,0.0,,204.0,151.0,12.7,34.0,665.0,884.45,62.4,62.5,62.45,37.54,0.01,7524.0,0.41217000000000004,0.686982,0.00014099999999999998,1.099293,8271.080532,3101.16708,775.29177,6202334.16,,,,,,,,,,
2021-01-16,25.58,0.0,16.15,41.73,0.0,0.0,0.0,0.0,0.0,0.0,0.0,0.0,0.0,0.0,68.0,0.0,,,0.0,0.0,0.0,0.0,0.0,0.0,0.0,0.0,0.0,,3387.0,68.0,,,,0.0,0.0,0.0,0.0,0.0,0.0,0.0,0.0,0.0,,3692.0,7079,294.0,0.0,0.0,0.0,0.0,0.0,0.0,0.0,0.0,103.0,0.0,0.0,0.0,0.0,0.0,0.0,0.0,0.0,0.0,131.0,0.0,0.0,0.0,0.0,0.0,0.0,0.0,0.0,0.0,189.0,0.0,0.0,0.0,,0.0,0.0,0.0,32.0,1064.0,1415.1200000000001,,,,,,7079.0,,,,,,,,,,,,,,,,,,
2021-01-17,0.0,0.0,0.0,0.0,0.0,0.0,0.0,0.0,0.0,0.0,0.0,0.0,0.0,0.0,68.0,0.0,,,0.0,0.0,0.0,0.0,0.0,0.0,0.0,0.0,0.0,,3263.0,68.0,,,,0.0,0.0,0.0,0.0,0.0,0.0,0.0,0.0,0.0,,3518.0,6781,160.0,0.0,0.0,0.0,0.0,0.0,0.0,0.0,0.0,133.0,0.0,0.0,0.0,0.0,0.0,0.0,0.0,0.0,0.0,131.0,0.0,0.0,0.0,0.0,0.0,0.0,0.0,0.0,0.0,188.0,0.0,0.0,0.0,,0.0,0.0,0.0,32.0,665.0,884.45,,,,,,6781.0,,,,,,,,,,,,,,,,,,
2021-01-18,52.21,158.73,18.73,229.67,7.56,0.0,2.08,4.6,138511.0,5485.0,954.0,1593.0,5.96,4.47,68.0,38.1,,,8.05,24880.0,5692.0,587.0,2026.0,2.55,1.2,2563.0,17512.0,61.7,3190.0,68.0,38.4,,,8.05,23372.0,5326.0,571.0,1948.0,2.5,1.09,2516.0,17643.0,61.4,3532.0,6722,314.0,7.92,2060.0,7.98,5960.0,2945.0,3184.0,415.0,1264.0,144.0,7.79,153.0,14900.0,179.0,3.4,95.7,0.25,10.9,36.9,142.0,7.77,148.0,15400.0,270.0,3.3,136.8,0.17,10.0,36.8,172.0,8.0,640.0,112.0,,143.0,184.0,8.6,32.0,665.0,884.45,61.7,61.4,61.55,38.440000000000005,0.01,6722.0,0.40623,0.7034520000000001,0.00014099999999999998,1.109823,7460.230206,2730.6780599999997,682.6695149999999,5461356.119999999,,,,,,,,,,
2021-01-19,76.46,122.73,11.57,210.76,7.96,2.58,1.42,5.05,140283.0,0.0,0.0,0.0,5.87,4.26,68.0,38.0,,,8.07,25382.0,0.0,0.0,0.0,2.53,1.12,2593.0,17607.0,61.8,2921.0,68.0,38.1,,,8.07,26195.0,0.0,0.0,0.0,2.45,1.02,2487.0,17688.0,61.6,3056.0,5977,205.0,7.96,2400.0,8.03,5240.0,3328.0,3046.0,0.0,0.0,147.0,7.82,0.0,15060.0,183.0,5.9,89.4,,0.0,36.8,144.0,7.8,0.0,15840.0,248.0,3.8,121.5,,0.0,37.4,173.0,8.05,740.0,0.0,,207.0,169.0,12.5,32.0,665.0,884.45,61.8,61.6,61.7,38.29,0.01,5977.0,0.40722,0.700707,0.00014099999999999998,1.108068,6622.922436000001,2433.9539400000003,608.4884850000001,4867907.880000001,,,,,,,,,,
2021-01-20,77.17,18.62,11.46,107.25,7.65,0.0,1.89,4.83,134711.0,0.0,0.0,0.0,5.72,4.13,68.0,38.1,,,8.08,21544.0,0.0,0.0,0.0,2.32,0.94,2451.0,17762.0,61.5,2941.0,68.0,37.9,,,8.08,26376.0,0.0,0.0,0.0,2.45,0.92,2386.0,17728.0,61.4,3105.0,6046,311.0,7.95,1400.0,7.94,7560.0,3862.0,3122.0,0.0,0.0,136.0,,0.0,,0.0,,,0.0,0.0,,149.0,7.84,0.0,15960.0,201.0,5.8,82.7,0.0,0.0,37.0,175.0,8.07,680.0,0.0,,302.0,169.0,10.3,32.0,665.0,884.45,61.5,61.4,61.45,38.54,0.01,6046.0,0.40557000000000004,0.705282,0.00014099999999999998,1.110993,6717.0636779999995,2452.0762200000004,613.0190550000001,4904152.44,,,,,,,,,,
2021-01-21,129.75,41.77,13.44,184.96,7.76,0.0,1.86,4.8,142226.0,0.0,0.0,0.0,5.93,4.42,68.0,38.0,,,8.11,26423.0,0.0,0.0,0.0,2.52,1.04,2399.0,17802.0,61.2,3025.0,68.0,38.1,,,8.1,28363.0,0.0,0.0,0.0,2.53,0.92,2363.0,17713.0,61.1,3227.0,6252,302.0,8.03,1240.0,8.09,6960.0,9956.0,3976.0,0.0,0.0,146.0,7.87,0.0,19660.0,115.0,6.5,22.6,0.0,0.0,37.7,157.0,7.88,0.0,18130.0,114.0,3.9,19.0,0.0,0.0,36.5,164.0,8.25,540.0,0.0,,234.0,222.0,8.2,32.0,715.9999999999994,952.2799999999993,61.2,61.1,61.150000000000006,38.839999999999996,0.01,6252.0,0.4035900000000001,0.710772,0.00014099999999999998,1.114503,6967.872756,2523.2446800000007,630.8111700000002,5046489.360000001,,,,,,,,,,
2021-01-22,109.07,87.46,17.28,213.81,7.83,2.31,1.21,4.85,145113.0,0.0,0.0,0.0,6.08,4.41,68.0,38.1,,,8.12,24657.0,0.0,0.0,0.0,2.64,1.15,2327.0,17782.0,61.0,3142.0,68.0,38.1,,,8.11,26645.0,0.0,0.0,0.0,2.63,1.11,2381.0,17861.0,61.0,3391.0,6533,157.0,,0.0,8.1,7680.0,9422.0,4103.0,0.0,0.0,155.0,,0.0,,,,,0.0,0.0,,129.0,7.87,0.0,17540.0,87.0,5.1,6.4,0.0,0.0,37.5,192.0,8.21,500.0,0.0,,271.0,118.0,9.7,32.0,532.0,707.5600000000001,61.0,61.0,61.0,38.99,0.01,6533.0,0.40260000000000007,0.7135170000000001,0.00014099999999999998,1.116258,7292.513514,2630.1858000000007,657.5464500000002,5260371.6000000015,,,,,,,,,,
2021-01-23,48.95,38.2,15.9,103.05000000000001,0.0,0.0,0.0,0.0,0.0,0.0,0.0,0.0,0.0,0.0,68.0,0.0,,,0.0,0.0,0.0,0.0,0.0,0.0,0.0,0.0,0.0,,3284.0,68.0,,,,0.0,0.0,0.0,0.0,0.0,0.0,0.0,0.0,0.0,,3568.0,6852,289.0,0.0,0.0,0.0,0.0,0.0,0.0,0.0,0.0,152.0,0.0,0.0,0.0,0.0,0.0,0.0,0.0,0.0,0.0,149.0,0.0,0.0,0.0,0.0,0.0,0.0,0.0,0.0,0.0,201.0,0.0,0.0,0.0,,0.0,0.0,0.0,32.0,532.0,707.5600000000001,,,,,,6852.0,,,,,,,,,,,,,,,,,,
2021-01-24,0.0,45.15,0.0,45.15,0.0,0.0,0.0,0.0,0.0,0.0,0.0,0.0,0.0,0.0,68.0,0.0,,,0.0,0.0,0.0,0.0,0.0,0.0,0.0,0.0,0.0,,3219.0,68.0,,,,0.0,0.0,0.0,0.0,0.0,0.0,0.0,0.0,0.0,,3473.0,6692,259.0,0.0,0.0,0.0,0.0,0.0,0.0,0.0,0.0,152.0,0.0,0.0,0.0,0.0,0.0,0.0,0.0,0.0,0.0,149.0,0.0,0.0,0.0,0.0,0.0,0.0,0.0,0.0,0.0,210.0,0.0,0.0,0.0,,0.0,0.0,0.0,32.0,532.0,707.5600000000001,,,,,,6692.0,,,,,,,,,,,,,,,,,,
2021-01-25,52.73,38.8,21.94,113.47,7.82,2.84,1.67,4.65,145547.0,5516.0,1015.0,1568.0,6.24,4.69,70.0,38.1,,,8.11,23580.0,5436.0,655.0,1971.0,2.63,1.05,2417.0,17832.0,61.4,3359.0,70.0,38.1,,,8.11,25664.0,5395.0,663.0,2007.0,2.55,1.02,2358.0,17803.0,61.2,3622.0,6981,246.0,8.02,1540.0,8.14,8400.0,8465.0,3018.0,354.0,1170.0,141.0,7.85,163.0,15340.0,81.0,3.0,14.7,0.17,8.9,37.7,150.0,7.89,152.0,14800.0,121.0,2.4,38.9,0.25,6.7,37.7,229.0,8.19,540.0,136.0,,149.0,91.0,7.8,32.0,665.0,884.45,61.4,61.2,61.3,38.690000000000005,0.01,6981.0,0.40458,0.7080270000000002,0.00014099999999999998,1.112748,7768.093788,2824.37298,706.093245,5648745.96,,,,,,,,,,
2021-01-26,101.87,89.71,13.99,205.57,7.79,0.0,1.57,4.72,140834.0,0.0,0.0,0.0,6.16,4.49,70.0,37.9,,,8.1,26137.0,0.0,0.0,0.0,2.59,1.09,2362.0,17863.0,64.6,3299.0,70.0,38.0,,,8.1,24883.0,0.0,0.0,0.0,2.61,1.05,2418.0,17786.0,64.4,3534.0,6833,304.0,8.07,1440.0,8.1,7260.0,9167.0,3461.0,0.0,0.0,132.0,7.87,0.0,15680.0,86.0,5.1,12.7,0.0,0.0,37.7,149.0,7.87,0.0,14540.0,98.0,3.9,24.3,0.0,0.0,36.8,230.0,8.24,620.0,0.0,,213.0,83.0,6.9,32.0,665.0,884.45,64.6,64.4,64.5,35.489999999999995,0.01,6833.0,0.4257,0.6494669999999999,0.00014099999999999998,1.075308,7347.579564,2908.8081,727.202025,5817616.2,,,,,,,,,,
2021-01-27,108.18,111.74,13.2,233.12,8.04,0.0,1.56,4.9,148270.0,0.0,0.0,0.0,6.22,4.67,70.0,38.0,,,8.13,30126.0,0.0,0.0,0.0,2.43,1.04,2346.0,17657.0,61.6,3297.0,70.0,38.1,,,8.13,28658.0,0.0,0.0,0.0,2.54,0.92,2393.0,17515.0,61.4,3597.0,6894,281.0,8.15,2880.0,8.2,5640.0,7554.0,3256.0,0.0,0.0,153.0,7.94,0.0,15800.0,63.0,3.29,19.4,0.0,0.0,37.4,150.0,7.9,0.0,17980.0,83.0,2.73,38.3,0.0,0.0,36.6,251.0,8.29,420.0,0.0,,329.0,60.0,6.7,32.0,665.0,884.45,61.6,61.4,61.5,38.49,0.01,6894.0,0.40590000000000004,0.704367,0.00014099999999999998,1.1104079999999998,7655.152751999999,2798.2746,699.56865,5596549.2,,,,,,,,,,
2021-01-28,53.32,122.21,14.61,190.14,7.92,2.52,1.54,4.69,156875.0,0.0,0.0,0.0,6.77,5.12,70.0,38.1,,,8.14,23706.0,0.0,0.0,0.0,2.45,1.05,2393.0,17705.0,61.8,3639.0,70.0,38.0,,,8.14,24421.0,0.0,0.0,0.0,2.58,1.12,2361.0,17496.0,61.6,3956.0,7595,236.0,8.13,2680.0,8.18,5400.0,4495.0,3137.0,0.0,0.0,151.0,7.92,0.0,14460.0,72.0,8.64,15.1,0.0,0.0,36.5,149.0,7.93,0.0,17060.0,85.0,6.31,29.4,0.0,0.0,37.4,233.0,8.25,440.0,0.0,,236.0,66.0,7.1,32.0,665.0,884.45,61.8,61.6,61.7,38.29,0.01,7595.0,0.40722,0.700707,0.00014099999999999998,1.108068,8415.776460000001,3092.8359,773.208975,6185671.8,,,,,,,,,,
2021-01-29,129.35,41.61,12.15,183.10999999999999,7.84,0.0,1.61,4.73,153492.0,0.0,0.0,0.0,6.82,5.15,70.0,38.0,,,8.14,26132.0,0.0,0.0,0.0,2.48,1.02,2465.0,17643.0,62.1,3624.0,70.0,38.0,,,8.14,25942.0,0.0,0.0,0.0,2.58,1.07,2412.0,17428.0,62.0,3969.0,7593,315.0,8.11,2420.0,8.15,5820.0,5120.0,3215.0,0.0,0.0,152.0,7.93,0.0,15040.0,64.0,6.73,9.4,0.0,0.0,36.8,150.0,7.91,0.0,17320.0,72.0,8.44,19.8,0.0,0.0,36.4,229.0,8.21,520.0,0.0,,305.0,68.0,8.7,32.0,617.9999999999993,821.9399999999991,62.1,62.0,62.05,37.940000000000005,0.01,7593.0,0.40953,0.6943020000000001,0.00014099999999999998,1.103973,8382.466989,3109.56129,777.3903225,6219122.58,,,,,,,,,,
2021-01-30,53.21,0.0,12.89,66.1,0.0,0.0,0.0,0.0,0.0,0.0,0.0,0.0,0.0,0.0,72.0,0.0,,,0.0,0.0,0.0,0.0,0.0,0.0,0.0,0.0,0.0,,3881.0,72.0,,,,0.0,0.0,0.0,0.0,0.0,0.0,0.0,0.0,0.0,,4179.0,8060,264.0,0.0,0.0,0.0,0.0,0.0,0.0,0.0,0.0,152.0,0.0,0.0,0.0,0.0,0.0,0.0,0.0,0.0,0.0,149.0,0.0,0.0,0.0,0.0,0.0,0.0,0.0,0.0,0.0,217.0,0.0,0.0,0.0,,0.0,0.0,0.0,32.0,665.0,884.45,,,,,,8060.0,,,,,,,,,,,,,,,,,,
2021-01-31,0.0,0.0,0.0,0.0,0.0,0.0,0.0,0.0,0.0,0.0,0.0,0.0,0.0,0.0,72.0,0.0,,,0.0,0.0,0.0,0.0,0.0,0.0,0.0,0.0,0.0,,3885.0,72.0,,,,0.0,0.0,0.0,0.0,0.0,0.0,0.0,0.0,0.0,,4168.0,8053,245.0,0.0,0.0,0.0,0.0,0.0,0.0,0.0,0.0,151.0,0.0,0.0,0.0,0.0,0.0,0.0,0.0,0.0,0.0,149.0,0.0,0.0,0.0,0.0,0.0,0.0,0.0,0.0,0.0,178.0,0.0,0.0,0.0,,0.0,0.0,0.0,32.0,931.0,1238.23,,,,,,8053.0,,,,,,,,,,,,,,,,,,
2021-02-01,80.52,111.12,22.97,214.61,7.9,3.34,1.88,4.77,173261.0,5448.0,1100.0,3140.0,6.62,4.78,74.0,38.1,,,8.16,32731.0,5907.0,761.0,3936.0,2.51,0.98,2533.0,17308.0,61.4,4058.0,74.0,38.0,,,8.15,26971.0,6230.0,547.0,3942.0,2.38,0.93,2517.0,17379.0,61.4,4358.0,8416,329.0,8.09,3480.0,8.28,7700.0,8811.0,2909.0,287.0,2260.0,152.0,7.98,320.0,12600.0,68.0,6.28,6.2,0.16,10.3,36.6,149.0,7.96,284.0,15440.0,98.0,11.11,28.4,0.31,9.3,36.8,245.0,8.28,620.0,153.0,,241.0,72.0,8.6,32.0,399.0,530.6700000000001,61.4,61.4,61.4,38.59,0.01,8416.0,0.40524,0.7061970000000001,0.00014099999999999998,1.111578,9355.040448,3410.49984,852.62496,6820999.68,,,,,,,,,,
2021-02-02,100.87,123.35,13.48,237.7,7.52,0.0,1.67,4.56,162488.0,5396.0,0.0,3074.0,6.24,4.69,74.0,38.0,,,8.03,28934.0,5753.0,0.0,3695.0,2.52,1.01,2594.0,17362.0,62.1,3948.0,74.0,38.0,,,8.03,26411.0,5869.0,0.0,3751.0,2.53,1.08,2486.0,17266.0,62.0,4248.0,8196,339.0,7.88,2920.0,8.0,7560.0,7947.0,3108.0,0.0,0.0,153.0,7.71,0.0,12300.0,71.0,6.82,5.9,0.0,0.0,36.1,150.0,7.74,0.0,13640.0,86.0,8.36,14.3,0.0,0.0,36.3,271.0,8.1,720.0,0.0,,316.0,69.0,7.4,34.0,399.0,530.6700000000001,62.1,62.0,62.05,37.940000000000005,0.01,8196.0,0.40953,0.6943020000000001,0.00014099999999999998,1.103973,9048.162708000002,3356.50788,839.12697,6713015.76,,,,,,,,,,
2021-02-03,81.9,0.0,13.28,95.18,7.58,0.0,1.61,4.66,159998.0,0.0,0.0,0.0,6.42,4.64,76.0,38.0,,,8.01,32307.0,0.0,0.0,0.0,2.52,0.95,2612.0,17405.0,62.5,3971.0,76.0,38.0,,,8.01,31643.0,0.0,0.0,0.0,2.57,0.93,2519.0,17327.0,62.4,4330.0,8301,248.0,7.97,3880.0,8.01,6900.0,10344.0,2501.0,0.0,0.0,151.0,7.74,0.0,12760.0,58.0,8.82,21.0,0.0,0.0,36.7,149.0,7.75,0.0,15360.0,94.0,6.67,41.1,0.0,0.0,36.9,269.0,8.17,500.0,0.0,,419.0,65.0,13.9,34.0,532.0,707.5600000000001,62.5,62.4,62.45,37.54,0.01,8301.0,0.41217000000000004,0.686982,0.00014099999999999998,1.099293,9125.231193000001,3421.4231700000005,855.3557925000001,6842846.340000001,,,,,,,,,,
2021-02-04,103.89,41.53,14.46,159.88,7.68,3.05,2.05,4.46,190863.0,0.0,0.0,0.0,6.76,5.36,76.0,38.0,,,8.02,31297.0,0.0,0.0,0.0,2.43,1.14,2624.0,17468.0,62.1,4453.0,76.0,38.0,,,8.01,33566.0,0.0,0.0,0.0,2.64,1.2,2588.0,17894.0,62.2,4727.0,9180,247.0,,0.0,8.1,6800.0,8125.0,2784.0,0.0,0.0,152.0,7.73,0.0,12580.0,65.0,7.35,19.2,0.0,0.0,36.3,149.0,7.76,0.0,16300.0,87.0,8.91,29.7,0.0,0.0,36.5,275.0,8.15,560.0,0.0,,362.0,67.0,10.5,34.0,532.0,707.5600000000001,62.1,62.2,62.150000000000006,37.839999999999996,0.01,9180.0,0.41019000000000005,0.692472,0.00014099999999999998,1.102803,10123.73154,3765.5442000000003,941.3860500000001,7531088.4,,,,,,,,,,
2021-02-05,79.98,0.0,15.18,95.16,7.7,0.0,2.02,4.28,197251.0,0.0,0.0,0.0,6.94,5.61,76.0,38.0,,,8.03,29161.0,0.0,0.0,0.0,2.49,1.03,2577.0,17492.0,61.9,4765.0,76.0,38.0,,,8.02,28925.0,0.0,0.0,0.0,2.55,0.99,2469.0,17611.0,61.8,5174.0,9939,315.0,8.01,4220.0,8.15,6240.0,7639.0,2845.0,0.0,0.0,151.0,7.76,0.0,12960.0,61.0,9.13,12.7,0.0,0.0,37.0,150.0,7.79,0.0,15940.0,79.0,6.82,23.9,0.0,0.0,36.3,222.0,8.16,520.0,0.0,,275.0,58.0,9.3,34.0,532.0,707.5600000000001,61.9,61.8,61.849999999999994,38.14000000000001,0.01,9939.0,0.40820999999999996,0.6979620000000001,0.00014099999999999998,1.1063129999999999,10995.644906999998,4057.19919,1014.2997975,8114398.38,,,,,,,,,,
2021-02-06,76.34,0.0,0.0,76.34,0.0,0.0,0.0,0.0,0.0,0.0,0.0,0.0,0.0,0.0,76.0,0.0,,,0.0,0.0,0.0,0.0,0.0,0.0,0.0,0.0,0.0,,5132.0,76.0,,,,0.0,0.0,0.0,0.0,0.0,0.0,0.0,0.0,0.0,,5517.0,10649,315.0,0.0,0.0,0.0,0.0,0.0,0.0,0.0,0.0,152.0,0.0,0.0,0.0,0.0,0.0,0.0,0.0,0.0,0.0,149.0,0.0,0.0,0.0,0.0,0.0,0.0,0.0,0.0,0.0,238.0,0.0,0.0,0.0,,0.0,0.0,0.0,34.0,1064.0,1415.1200000000001,,,,,,10649.0,,,,,,,,,,,,,,,,,,
2021-02-07,0.0,90.98,0.0,90.98,0.0,0.0,0.0,0.0,0.0,0.0,0.0,0.0,0.0,0.0,76.0,0.0,,,0.0,0.0,0.0,0.0,0.0,0.0,0.0,0.0,0.0,,5358.0,76.0,,,,0.0,0.0,0.0,0.0,0.0,0.0,0.0,0.0,0.0,,5747.0,11105,304.0,0.0,0.0,0.0,0.0,0.0,0.0,0.0,0.0,153.0,0.0,0.0,0.0,0.0,0.0,0.0,0.0,0.0,0.0,150.0,0.0,0.0,0.0,0.0,0.0,0.0,0.0,0.0,0.0,248.0,0.0,0.0,0.0,,0.0,0.0,0.0,34.0,266.0,353.78000000000003,,,,,,11105.0,,,,,,,,,,,,,,,,,,
2021-02-08,106.24,77.73,33.51,217.48000000000002,7.47,0.0,2.3,4.5,173111.0,5994.0,1174.0,2732.0,6.79,4.99,76.0,38.0,,,8.05,24592.0,5650.0,480.0,4451.0,2.55,1.05,2589.0,17428.0,62.0,4497.0,76.0,38.0,,,8.04,30281.0,5969.0,429.0,4728.0,2.61,1.01,2617.0,17583.0,61.8,4787.0,9284,219.0,7.96,1230.0,8.09,6900.0,4358.0,3497.0,308.0,2975.0,151.0,7.9,218.0,13040.0,58.0,9.53,4.2,0.12,9.7,37.5,149.0,7.82,194.0,13060.0,75.0,8.2,11.2,0.14,10.5,36.5,222.0,8.12,670.0,140.0,,169.0,64.0,9.2,34.0,532.0,707.5600000000001,62.0,61.8,61.9,38.09,0.01,9284.0,0.40854,0.697047,0.00014099999999999998,1.1057279999999998,10265.578751999998,3792.88536,948.22134,7585770.720000001,,,,,,,,,,
2021-02-09,129.28,160.84,14.46,304.58000000000004,7.99,0.0,1.6,4.88,161583.0,6762.0,0.0,0.0,6.04,4.38,76.0,38.0,,,8.07,31332.0,6149.0,0.0,0.0,2.43,1.04,2641.0,17627.0,61.8,3943.0,76.0,38.0,,,8.06,29449.0,6348.0,0.0,0.0,2.45,0.83,2683.0,17625.0,61.6,4221.0,8164,291.0,8.16,2240.0,8.09,5200.0,2933.0,3142.0,0.0,0.0,152.0,7.87,0.0,12900.0,73.0,8.39,14.3,0.0,0.0,37.5,149.0,7.88,0.0,13740.0,81.0,7.82,11.6,0.0,0.0,36.5,196.0,8.18,640.0,0.0,,268.0,73.0,10.3,34.0,532.0,707.5600000000001,61.8,61.6,61.7,38.29,0.01,8164.0,0.40722,0.700707,0.00014099999999999998,1.108068,9046.267152,3324.54408,831.13602,6649088.16,,,,,,,,,,
2021-02-10,159.42,108.7,14.61,282.73,8.17,4.0,2.37,4.66,170079.0,5928.0,0.0,0.0,6.35,4.69,76.0,38.0,,,8.05,26248.0,5135.0,0.0,0.0,2.4,0.84,2586.0,17395.0,61.6,4010.0,76.0,38.0,,,8.05,31206.0,5526.0,0.0,0.0,2.55,0.93,2492.0,17516.0,62.4,4309.0,8319,280.0,8.16,2740.0,8.16,5260.0,3112.0,3668.0,0.0,0.0,153.0,7.86,0.0,13660.0,79.0,7.17,12.6,0.0,0.0,37.5,150.0,7.86,0.0,14120.0,85.0,6.82,14.3,0.0,0.0,36.5,229.0,8.21,440.0,0.0,,214.0,78.0,8.6,34.0,585.9999999999993,779.3799999999991,61.6,62.4,62.0,37.99,0.01,8319.0,0.4092,0.6952170000000001,0.00014099999999999998,1.1045580000000002,9188.818002000002,3404.1348000000003,851.0337000000001,6808269.600000001,,,,,,,,,,
2021-02-11,77.66,199.59,37.87,315.12,0.0,0.0,0.0,0.0,0.0,0.0,0.0,0.0,0.0,0.0,78.0,0.0,,,0.0,0.0,0.0,0.0,0.0,0.0,0.0,0.0,0.0,,4099.0,78.0,,,,0.0,0.0,0.0,0.0,0.0,0.0,0.0,0.0,0.0,,4418.0,8517,257.0,0.0,0.0,0.0,0.0,0.0,0.0,0.0,0.0,151.0,0.0,0.0,0.0,0.0,0.0,0.0,0.0,0.0,0.0,149.0,0.0,0.0,0.0,0.0,0.0,0.0,0.0,0.0,0.0,241.0,0.0,0.0,0.0,,0.0,0.0,0.0,36.0,798.0,1061.3400000000001,,,,,,8517.0,,,,,,,,,,,,,,,,,,
2021-02-12,0.0,0.0,0.0,0.0,0.0,0.0,0.0,0.0,0.0,0.0,0.0,0.0,0.0,0.0,78.0,0.0,,,0.0,0.0,0.0,0.0,0.0,0.0,0.0,0.0,0.0,,3844.0,78.0,,,,0.0,0.0,0.0,0.0,0.0,0.0,0.0,0.0,0.0,,4123.0,7967,136.0,0.0,0.0,0.0,0.0,0.0,0.0,0.0,0.0,152.0,0.0,0.0,0.0,0.0,0.0,0.0,0.0,0.0,0.0,149.0,0.0,0.0,0.0,0.0,0.0,0.0,0.0,0.0,0.0,229.0,0.0,0.0,0.0,,0.0,0.0,0.0,36.0,665.0,884.45,,,,,,7967.0,,,,,,,,,,,,,,,,,,
2021-02-13,49.65,41.58,0.0,91.22999999999999,0.0,0.0,0.0,0.0,0.0,0.0,0.0,0.0,0.0,0.0,78.0,0.0,,,0.0,0.0,0.0,0.0,0.0,0.0,0.0,0.0,0.0,,3669.0,78.0,,,,0.0,0.0,0.0,0.0,0.0,0.0,0.0,0.0,0.0,,3961.0,7630,166.0,0.0,0.0,0.0,0.0,0.0,0.0,0.0,0.0,148.0,0.0,0.0,0.0,0.0,0.0,0.0,0.0,0.0,0.0,148.0,0.0,0.0,0.0,0.0,0.0,0.0,0.0,0.0,0.0,236.0,0.0,0.0,0.0,,0.0,0.0,0.0,36.0,665.0,884.45,,,,,,7630.0,,,,,,,,,,,,,,,,,,
2021-02-14,0.0,0.0,0.0,0.0,0.0,0.0,0.0,0.0,0.0,0.0,0.0,0.0,0.0,0.0,78.0,0.0,,,0.0,0.0,0.0,0.0,0.0,0.0,0.0,0.0,0.0,,3910.0,78.0,,,,0.0,0.0,0.0,0.0,0.0,0.0,0.0,0.0,0.0,,4128.0,8038,315.0,0.0,0.0,0.0,0.0,0.0,0.0,0.0,0.0,122.0,0.0,0.0,0.0,0.0,0.0,0.0,0.0,0.0,0.0,134.0,0.0,0.0,0.0,0.0,0.0,0.0,0.0,0.0,0.0,238.0,0.0,0.0,0.0,,0.0,0.0,0.0,36.0,665.0,884.45,,,,,,8038.0,,,,,,,,,,,,,,,,,,
2021-02-15,104.82,131.44,26.63,262.89,7.82,0.0,1.69,4.68,169606.0,6546.0,1098.0,3121.0,6.43,4.77,78.0,38.0,,,8.08,29597.0,5864.0,754.0,4230.0,2.61,1.14,2813.0,17712.0,60.9,4130.0,78.0,38.0,,,8.09,35016.0,6329.0,751.0,4990.0,2.56,1.11,2687.0,17828.0,61.2,4363.0,8493,134.0,0.0,0.0,8.29,1670.0,913.0,3274.0,118.0,2764.0,104.0,7.92,211.0,12300.0,108.0,1.18,53.2,0.22,10.4,37.5,121.0,7.87,220.0,17900.0,124.0,5.22,61.9,0.19,16.0,36.8,191.0,8.28,560.0,128.0,,194.0,118.0,12.1,36.0,798.0,1061.3400000000001,60.9,61.2,61.05,38.940000000000005,0.01,8493.0,0.40293,0.7126020000000001,0.00014099999999999998,1.115673,9475.410789,3422.08449,855.5211225,6844168.98,,,,,,,,,,
2021-02-16,133.01,84.02,18.13,235.15999999999997,7.78,3.48,2.05,4.92,157968.0,0.0,0.0,0.0,6.17,4.5,80.0,38.0,,,8.1,32844.0,0.0,0.0,0.0,2.42,1.04,2735.0,17734.0,61.3,4082.0,80.0,38.0,,,8.1,30466.0,0.0,0.0,0.0,2.51,0.91,2593.0,17792.0,61.6,4316.0,8398,206.0,8.15,2940.0,8.24,1880.0,1124.0,3188.0,0.0,0.0,122.0,7.94,0.0,13220.0,99.0,4.37,45.6,0.0,0.0,37.5,65.0,,0.0,,,,,0.0,0.0,,135.0,8.3,480.0,0.0,,221.0,104.0,10.6,36.0,798.0,1061.3400000000001,61.3,61.6,61.45,38.54,0.01,8398.0,0.40557000000000004,0.705282,0.00014099999999999998,1.110993,9330.119213999998,3405.97686,851.494215,6811953.720000001,,,,,,,,,,
2021-02-17,129.61,39.3,16.62,185.53000000000003,7.73,0.0,2.42,4.86,170674.0,0.0,0.0,0.0,6.46,4.79,80.0,38.0,,,8.12,30230.0,0.0,0.0,0.0,2.4,0.94,2872.0,17628.0,61.3,4236.0,80.0,38.0,,,8.14,31664.0,0.0,0.0,0.0,2.64,1.02,2719.0,17653.0,61.5,4531.0,8767,236.0,8.13,1240.0,8.21,10140.0,6634.0,4230.0,0.0,0.0,121.0,7.99,0.0,13100.0,103.0,3.27,34.8,0.0,0.0,37.5,95.0,7.92,0.0,18340.0,140.0,3.18,54.4,0.0,0.0,36.9,309.0,8.31,600.0,0.0,,261.0,110.0,9.0,38.0,801.9999999999999,1066.6599999999999,61.3,61.5,61.4,38.59,0.01,8767.0,0.40524,0.7061970000000001,0.00014099999999999998,1.111578,9745.204326,3552.73908,888.18477,7105478.159999999,,,,,,,,,,
2021-02-18,99.75,86.94,10.43,197.12,7.86,0.0,1.68,4.79,165210.0,0.0,0.0,0.0,6.37,4.69,82.0,38.0,,,8.13,30834.0,0.0,0.0,0.0,2.45,1.01,2924.0,17569.0,61.7,4462.0,82.0,38.0,,,8.14,30908.0,0.0,0.0,0.0,2.58,1.07,2776.0,17615.0,61.9,4732.0,9194,315.0,8.16,1860.0,8.19,8280.0,4042.0,3831.0,0.0,0.0,129.0,7.99,0.0,13320.0,89.0,5.14,26.1,0.0,0.0,37.5,103.0,7.94,0.0,17660.0,111.0,4.81,39.2,0.0,0.0,36.6,124.0,8.29,520.0,0.0,,218.0,94.0,10.3,38.0,665.0,884.45,61.7,61.9,61.8,38.190000000000005,0.01,9194.0,0.40787999999999996,0.6988770000000001,0.00014099999999999998,1.106898,10176.820211999999,3750.04872,937.51218,7500097.4399999995,,,,,,,,,,
2021-02-19,80.09,87.45,13.84,181.38,0.0,0.0,0.0,0.0,0.0,0.0,0.0,0.0,0.0,0.0,82.0,0.0,,,0.0,0.0,0.0,0.0,0.0,0.0,0.0,0.0,0.0,,4607.0,82.0,38.0,,,0.0,0.0,0.0,0.0,0.0,0.0,0.0,0.0,0.0,,4842.0,9449,208.0,0.0,0.0,0.0,0.0,0.0,0.0,0.0,0.0,128.0,0.0,0.0,0.0,0.0,0.0,0.0,0.0,0.0,0.0,123.0,0.0,0.0,0.0,0.0,0.0,0.0,0.0,0.0,0.0,291.0,0.0,0.0,0.0,,0.0,0.0,0.0,38.0,665.0,884.45,,,,,,9449.0,,,,,,,,,,,,,,,,,,
2021-02-20,76.28,58.31,18.47,153.06,0.0,0.0,0.0,0.0,0.0,0.0,0.0,0.0,0.0,0.0,82.0,0.0,,,0.0,0.0,0.0,0.0,0.0,0.0,0.0,0.0,0.0,,4504.0,82.0,,,,0.0,0.0,0.0,0.0,0.0,0.0,0.0,0.0,0.0,,4804.0,9308,315.0,0.0,0.0,0.0,0.0,0.0,0.0,0.0,0.0,102.0,0.0,0.0,0.0,0.0,0.0,0.0,0.0,0.0,0.0,127.0,0.0,0.0,0.0,0.0,0.0,0.0,0.0,0.0,0.0,210.0,0.0,0.0,0.0,,0.0,0.0,0.0,38.0,665.0,884.45,,,,,,9308.0,,,,,,,,,,,,,,,,,,
2021-02-21,0.0,0.0,0.0,0.0,0.0,0.0,0.0,0.0,0.0,0.0,0.0,0.0,0.0,0.0,82.0,0.0,,,0.0,0.0,0.0,0.0,0.0,0.0,0.0,0.0,0.0,,4596.0,82.0,,,,0.0,0.0,0.0,0.0,0.0,0.0,0.0,0.0,0.0,,4896.0,9492,261.0,0.0,0.0,0.0,0.0,0.0,0.0,0.0,0.0,126.0,0.0,0.0,0.0,0.0,0.0,0.0,0.0,0.0,0.0,126.0,0.0,0.0,0.0,0.0,0.0,0.0,0.0,0.0,0.0,271.0,0.0,0.0,0.0,,0.0,0.0,0.0,38.0,665.0,884.45,,,,,,9492.0,,,,,,,,,,,,,,,,,,
2021-02-22,108.99,39.47,21.05,169.51,0.0,0.0,0.0,0.0,0.0,0.0,0.0,0.0,0.0,0.0,82.0,0.0,,,0.0,0.0,0.0,0.0,0.0,0.0,0.0,0.0,0.0,,4720.0,82.0,,,,0.0,0.0,0.0,0.0,0.0,0.0,0.0,0.0,0.0,,4977.0,9697,250.0,0.0,0.0,0.0,0.0,0.0,0.0,0.0,0.0,135.0,0.0,0.0,0.0,0.0,0.0,0.0,0.0,0.0,0.0,129.0,0.0,0.0,0.0,0.0,0.0,0.0,0.0,0.0,0.0,252.0,0.0,0.0,0.0,,0.0,0.0,0.0,38.0,665.0,884.45,,,,,,9697.0,,,,,,,,,,,,,,,,,,
2021-02-23,77.37,45.35,14.62,137.34,7.49,0.0,3.02,4.48,183812.0,5912.0,1105.0,2801.0,7.05,5.23,80.0,38.0,,,8.08,26889.0,5613.0,563.0,4217.0,2.53,0.95,2549.0,17128.0,62.0,4873.0,80.0,38.0,,,8.08,32605.0,5849.0,613.0,4562.0,2.65,0.92,2642.0,17283.0,62.1,5171.0,10044,245.0,8.2,2160.0,8.17,9000.0,4538.0,4021.0,398.0,2916.0,143.0,7.98,0.0,12000.0,67.0,6.13,4.1,0.15,11.3,37.5,139.0,8.01,0.0,14760.0,81.0,4.27,10.6,0.11,12.6,37.0,264.0,8.32,580.0,116.0,,164.0,71.0,8.4,36.0,665.0,884.45,62.0,62.1,62.05,37.940000000000005,0.01,10044.0,0.40953,0.6943020000000001,0.00014099999999999998,1.103973,11088.304812,4113.31932,1028.32983,8226638.64,,,,,,,,,,
2021-02-24,105.0,65.46,15.06,185.51999999999998,7.5,0.0,2.84,4.31,190441.0,0.0,0.0,0.0,7.64,5.93,76.0,38.0,,,8.1,28161.0,0.0,0.0,0.0,2.5,1.03,2713.0,17105.0,62.2,5038.0,76.0,38.0,,,8.1,30275.0,0.0,0.0,0.0,2.34,0.91,2613.0,17168.0,62.1,5347.0,10385,242.0,0.0,0.0,8.19,9640.0,5010.0,4823.0,0.0,0.0,143.0,7.95,0.0,12740.0,82.0,10.31,5.8,0.0,0.0,37.5,142.0,7.99,0.0,17120.0,106.0,4.18,7.6,0.0,0.0,37.0,195.0,8.29,600.0,0.0,,238.0,89.0,9.9,36.0,525.0000000000002,698.2500000000003,62.2,62.1,62.150000000000006,37.839999999999996,0.01,10385.0,0.41019000000000005,0.692472,0.00014099999999999998,1.102803,11452.609155,4259.82315,1064.9557875,8519646.3,,,,,,,,,,
2021-02-25,78.06,56.64,14.63,149.3,7.68,2.85,1.77,4.41,206301.0,0.0,0.0,0.0,7.66,5.77,72.0,38.0,,,8.1,34616.0,0.0,0.0,0.0,2.62,1.14,2803.0,17086.0,62.3,4650.0,72.0,38.0,,,8.11,34904.0,0.0,0.0,0.0,2.52,1.0,2761.0,17128.0,62.5,4989.0,9639,146.0,0.0,0.0,8.23,10280.0,6134.0,4382.0,0.0,0.0,138.0,7.99,0.0,13160.0,112.0,31.2,7.3,0.0,0.0,37.5,126.0,8.02,0.0,17980.0,121.0,16.2,5.7,0.0,0.0,37.0,248.0,8.35,480.0,0.0,,219.0,119.0,8.8,36.0,1330.0,1768.9,62.3,62.5,62.4,37.59,0.01,9639.0,0.41184,0.6878970000000001,0.00014099999999999998,1.0998780000000001,10601.724042000002,3969.72576,992.43144,7939451.52,,,,,,,,,,
2021-02-26,125.18,147.27,15.33,287.78000000000003,7.79,0.0,1.57,4.72,140834.0,0.0,0.0,0.0,6.16,4.49,72.0,37.9,,,8.1,26137.0,0.0,0.0,0.0,2.59,1.09,2362.0,17863.0,64.6,3933.0,72.0,38.0,,,8.1,24883.0,0.0,0.0,0.0,2.61,1.05,2418.0,17786.0,64.4,4176.0,8109,251.0,8.07,1440.0,8.1,7260.0,9167.0,3461.0,0.0,0.0,135.0,7.87,0.0,15680.0,86.0,5.1,12.7,0.0,0.0,37.7,143.0,7.87,0.0,14540.0,98.0,3.9,24.3,0.0,0.0,36.8,260.0,8.24,620.0,0.0,,213.0,83.0,6.9,36.0,665.0,884.45,64.6,64.4,64.5,35.489999999999995,0.01,8109.0,0.4257,0.6494669999999999,0.00014099999999999998,1.075308,8719.672572,3452.0013000000004,863.0003250000001,6904002.600000001,,,,,,,,,,
2021-02-27,75.02,48.38,17.23,140.63,8.04,0.0,1.56,4.9,148270.0,0.0,0.0,0.0,6.22,4.67,72.0,38.0,,,8.13,30126.0,0.0,0.0,0.0,2.43,1.04,2346.0,17657.0,61.6,3694.0,72.0,,,,8.13,28658.0,0.0,0.0,0.0,2.54,0.92,2393.0,17515.0,61.4,3969.0,7663,168.0,8.15,2880.0,8.2,5640.0,7554.0,3256.0,0.0,0.0,125.0,7.94,0.0,15800.0,63.0,3.29,19.4,0.0,0.0,37.4,125.0,7.9,0.0,17980.0,83.0,2.73,38.3,0.0,0.0,36.6,219.0,8.29,420.0,0.0,,329.0,60.0,6.7,36.0,665.0,884.45,61.6,61.4,61.5,38.49,0.01,7663.0,0.40590000000000004,0.704367,0.00014099999999999998,1.1104079999999998,8509.056503999998,3110.4117,777.602925,6220823.4,,,,,,,,,,
2021-02-28,0.0,0.0,0.0,0.0,7.92,2.52,1.54,4.69,156875.0,0.0,0.0,0.0,6.77,5.12,72.0,38.1,,,8.14,23706.0,0.0,0.0,0.0,2.45,1.05,2393.0,17705.0,61.8,3678.0,72.0,,,,8.14,24421.0,0.0,0.0,0.0,2.58,1.12,2361.0,17496.0,61.6,3901.0,7579,213.0,8.13,2680.0,8.18,5400.0,4495.0,3137.0,0.0,0.0,122.0,7.92,0.0,14460.0,72.0,8.64,15.1,0.0,0.0,36.5,119.0,7.93,0.0,17060.0,85.0,6.31,29.4,0.0,0.0,37.4,228.0,8.25,440.0,0.0,,236.0,66.0,7.1,36.0,665.0,884.45,61.8,61.6,61.7,38.29,0.01,7579.0,0.40722,0.700707,0.00014099999999999998,1.108068,8398.047372,3086.32038,771.580095,6172640.76,,,,,,,,,,
2021-03-01,152.68,136.4,19.77,308.85,0.0,0.0,0.0,0.0,0.0,0.0,0.0,0.0,0.0,0.0,72.0,0.0,,,0.0,0.0,0.0,0.0,0.0,0.0,0.0,0.0,0.0,,3726.0,72.0,,,,0.0,0.0,0.0,0.0,0.0,0.0,0.0,0.0,0.0,,3949.0,7675,111.0,0.0,0.0,0.0,0.0,0.0,0.0,0.0,0.0,116.0,0.0,0.0,0.0,0.0,0.0,0.0,0.0,0.0,0.0,116.0,0.0,0.0,0.0,0.0,0.0,0.0,0.0,0.0,0.0,205.0,0.0,0.0,0.0,,0.0,0.0,0.0,36.0,665.0,884.45,,,,,,7675.0,,,,,,,,,,,,,,,,,,
2021-03-02,73.41,122.89,11.7,208.0,7.78,0.0,2.39,4.75,152027.0,5662.0,1005.0,3040.0,6.22,4.51,72.0,37.9,,,8.19,35664.0,5825.0,541.0,4635.0,2.54,0.99,2512.0,17619.0,60.6,3721.0,72.0,37.9,,,8.19,31224.0,6348.0,823.0,4968.0,2.7,0.95,2425.0,17599.0,60.7,3962.0,7683,247.0,0.0,0.0,7.96,3140.0,3622.0,0.0,0.0,2691.0,109.0,8.03,313.0,15740.0,0.0,6.97,3.9,0.11,0.0,37.5,91.0,8.14,226.0,14000.0,0.0,14.94,6.3,0.21,0.0,37.0,211.0,8.41,540.0,0.0,,237.0,0.0,0.0,34.0,798.0,1061.3400000000001,60.6,60.7,60.650000000000006,39.339999999999996,0.01,7683.0,0.40029000000000003,0.719922,0.00014099999999999998,1.120353,8607.672099,3075.4280700000004,768.8570175000001,6150856.140000001,,,,,,,,,,
2021-03-03,81.28,0.0,13.17,94.45,7.51,0.0,1.94,4.51,155139.0,0.0,0.0,0.0,6.24,4.6,72.0,37.9,,,8.01,32583.0,0.0,0.0,0.0,2.6,1.13,2656.0,17139.0,60.6,3821.0,72.0,38.0,,,7.98,31617.0,0.0,0.0,0.0,2.77,1.18,2594.0,17361.0,60.4,4095.0,7916,150.0,0.0,0.0,8.01,3880.0,3573.0,3287.0,0.0,0.0,83.0,7.89,0.0,16140.0,59.0,5.43,5.1,0.0,0.0,37.5,104.0,7.95,0.0,14460.0,63.0,6.36,4.9,0.0,0.0,37.0,224.0,8.2,560.0,0.0,,212.0,61.0,8.9,24.0,665.0,884.45,60.6,60.4,60.5,39.49,0.01,7916.0,0.3993,0.722667,0.00014099999999999998,1.1221079999999999,8882.606928,3160.8588,790.2147,6321717.6,,,,,,,,,,
2021-03-04,67.86,41.62,16.16,125.64,7.68,3.01,1.79,4.59,160432.0,0.0,0.0,0.0,6.57,4.86,72.0,38.0,,,8.02,30876.0,0.0,0.0,0.0,2.62,1.09,2573.0,17095.0,60.7,3821.0,72.0,38.0,,,8.0,32049.0,0.0,0.0,0.0,2.78,1.15,2704.0,17459.0,60.8,4096.0,7917,234.0,,0.0,7.96,2960.0,3429.0,3148.0,0.0,0.0,87.0,7.91,0.0,15620.0,61.0,6.31,4.7,0.0,0.0,37.5,107.0,7.92,0.0,15280.0,67.0,5.9,7.1,0.0,0.0,37.0,186.0,8.24,640.0,0.0,,195.0,59.0,11.7,32.0,560.999999999999,746.1299999999986,60.7,60.8,60.75,39.24,0.01,7917.0,0.40095,0.7180920000000001,0.00014099999999999998,1.119183,8860.571811,3174.3211499999998,793.5802874999999,6348642.3,,,,,,,,,,
2021-03-05,108.13,136.16,16.3,260.59000000000003,7.85,0.0,2.03,4.66,164279.0,0.0,0.0,0.0,6.38,4.64,76.0,38.0,,,7.99,31351.0,0.0,0.0,0.0,2.63,1.07,2445.0,17260.0,60.9,3900.0,76.0,38.0,,,8.0,39186.0,0.0,0.0,0.0,2.7,1.01,2761.0,17375.0,61.1,4155.0,8055,163.0,,0.0,8.1,8460.0,4841.0,4105.0,0.0,0.0,108.0,7.92,0.0,16360.0,75.0,4.84,9.3,0.0,0.0,37.5,106.0,7.89,0.0,15820.0,61.0,3.18,6.5,0.0,0.0,37.0,174.0,8.19,680.0,0.0,,226.0,68.0,10.5,38.0,798.0,1061.3400000000001,60.9,61.1,61.0,38.99,0.01,8055.0,0.40260000000000007,0.7135170000000001,0.00014099999999999998,1.116258,8991.45819,3242.9430000000007,810.7357500000002,6485886.000000001,,,,,,,,,,
2021-03-06,78.29,57.62,16.05,151.96,0.0,0.0,0.0,0.0,0.0,0.0,0.0,0.0,0.0,0.0,80.0,0.0,,,0.0,0.0,0.0,0.0,0.0,0.0,0.0,0.0,0.0,,4045.0,80.0,,,,0.0,0.0,0.0,0.0,0.0,0.0,0.0,0.0,0.0,,4320.0,8365,243.0,0.0,0.0,0.0,0.0,0.0,0.0,0.0,0.0,88.0,0.0,0.0,0.0,0.0,0.0,0.0,0.0,0.0,0.0,106.0,0.0,0.0,0.0,0.0,0.0,0.0,0.0,0.0,0.0,229.0,0.0,0.0,0.0,,0.0,0.0,0.0,40.0,798.0,1061.3400000000001,,,,,,8365.0,,,,,,,,,,,,,,,,,,
2021-03-07,0.0,45.41,0.0,45.41,0.0,0.0,0.0,0.0,0.0,0.0,0.0,0.0,0.0,0.0,84.0,0.0,,,0.0,0.0,0.0,0.0,0.0,0.0,0.0,0.0,0.0,,4174.0,84.0,,,,0.0,0.0,0.0,0.0,0.0,0.0,0.0,0.0,0.0,,4469.0,8643,245.0,0.0,0.0,0.0,0.0,0.0,0.0,0.0,0.0,109.0,0.0,0.0,0.0,0.0,0.0,0.0,0.0,0.0,0.0,106.0,0.0,0.0,0.0,0.0,0.0,0.0,0.0,0.0,0.0,215.0,0.0,0.0,0.0,,0.0,0.0,0.0,40.0,665.0,884.45,,,,,,8643.0,,,,,,,,,,,,,,,,,,
2021-03-08,104.57,39.19,19.46,163.22,0.0,0.0,0.0,0.0,0.0,0.0,0.0,0.0,0.0,0.0,83.0,0.0,,,0.0,0.0,0.0,0.0,0.0,0.0,0.0,0.0,0.0,61.4,4212.0,84.0,,,,0.0,0.0,0.0,0.0,0.0,0.0,0.0,0.0,0.0,61.5,4438.0,8650,225.0,0.0,0.0,0.0,0.0,0.0,0.0,0.0,0.0,110.0,0.0,0.0,0.0,0.0,0.0,0.0,0.0,0.0,0.0,113.0,0.0,0.0,0.0,0.0,0.0,0.0,0.0,0.0,0.0,192.0,0.0,0.0,131.0,,0.0,0.0,0.0,40.0,665.0,884.45,61.4,61.5,61.45,38.54,0.01,8650.0,0.40557000000000004,0.705282,0.00014099999999999998,1.110993,9610.08945,3508.1805000000004,877.0451250000001,7016361.000000001,,,,,,,,,,
2021-03-09,74.79,88.5,13.37,176.66000000000003,7.34,0.0,2.12,4.68,123552.0,4984.0,881.0,2468.0,6.23,4.68,84.0,38.0,,,7.94,29959.0,6352.0,708.0,5236.0,2.75,1.3,2813.0,17068.0,61.6,4183.0,84.0,38.0,,,7.94,33369.0,6812.0,712.0,5401.0,2.87,1.28,2893.0,17242.0,61.7,4459.0,8642,326.0,7.91,2160.0,7.94,4260.0,2936.0,4210.0,204.0,3215.0,119.0,7.74,261.0,13200.0,66.0,11.95,4.3,0.16,11.3,37.5,120.0,7.86,277.0,17000.0,67.0,13.54,6.3,0.12,10.9,37.0,195.0,8.09,440.0,0.0,,259.0,67.0,11.4,40.0,665.0,884.45,61.6,61.7,61.650000000000006,38.339999999999996,0.01,8642.0,0.4068900000000001,0.701622,0.00014099999999999998,1.108653,9580.979226000001,3516.3433800000007,879.0858450000002,7032686.760000002,,,,,,,,,,
2021-03-10,105.01,135.99,13.15,254.15000000000003,7.34,4.02,2.42,4.66,197768.0,5243.0,0.0,2611.0,6.2,4.86,84.0,38.0,,,8.0,30944.0,5915.0,649.0,4963.0,2.69,0.98,2739.0,16927.0,61.6,4215.0,84.0,38.0,,,8.0,31720.0,6536.0,685.0,5243.0,2.74,1.02,2871.0,17198.0,61.6,4482.0,8697,229.0,0.0,0.0,7.98,,4028.0,4154.0,0.0,3017.0,139.0,7.75,0.0,12980.0,71.0,8.47,6.1,0.0,0.0,37.5,124.0,7.84,0.0,17420.0,84.0,10.27,8.3,0.0,0.0,37.0,189.0,8.13,460.0,0.0,,234.0,68.0,10.3,40.0,665.0,884.45,61.6,61.6,61.6,38.39,0.01,8697.0,0.40656000000000003,0.7025370000000001,0.00014099999999999998,1.1092380000000002,9647.042886000001,3535.8523200000004,883.9630800000001,7071704.640000001,,,,,,,,,,
2021-03-11,77.84,79.83,12.85,170.51999999999998,7.61,0.0,2.16,4.7,169188.0,6130.0,0.0,0.0,6.63,4.56,84.0,38.0,,,7.97,29517.0,5744.0,632.0,0.0,2.64,1.15,2586.0,16529.0,61.7,4331.0,84.0,38.0,,,7.97,26961.0,5744.0,608.0,0.0,2.59,1.03,2649.0,16836.0,61.9,4625.0,8956,321.0,7.85,1770.0,8.05,5400.0,5742.0,3291.0,0.0,0.0,141.0,7.79,0.0,12160.0,82.0,10.21,5.8,0.0,0.0,36.0,132.0,7.86,0.0,17040.0,82.0,6.48,7.1,0.0,0.0,36.0,172.0,8.12,720.0,0.0,,193.0,62.0,6.8,20.0,655.0000000000005,871.1500000000007,61.7,61.9,61.8,38.190000000000005,0.01,8956.0,0.40787999999999996,0.6988770000000001,0.00014099999999999998,1.106898,9913.378488,3652.9732799999997,913.2433199999999,7305946.56,,,,,,,,,,
2021-03-12,182.93,87.85,14.99,285.77,7.47,0.0,2.48,4.7,159108.0,6130.0,0.0,0.0,6.67,5.04,84.0,38.0,,,7.96,26385.0,5240.0,0.0,0.0,2.51,1.23,2427.0,16488.0,61.5,4367.0,84.0,38.0,,,7.96,28003.0,5798.0,0.0,0.0,2.67,1.21,2672.0,16758.0,61.7,4642.0,9009,233.0,7.95,2560.0,8.16,5540.0,5160.0,3196.0,0.0,0.0,139.0,7.76,0.0,11920.0,72.0,5.67,6.1,0.0,0.0,36.0,138.0,7.83,0.0,17500.0,89.0,7.12,5.9,0.0,0.0,36.0,237.0,8.16,680.0,0.0,,224.0,69.0,8.4,40.0,665.0,884.45,61.5,61.7,61.6,38.39,0.01,9009.0,0.40656000000000003,0.7025370000000001,0.00014099999999999998,1.1092380000000002,9993.125142,3662.6990400000004,915.6747600000001,7325398.080000001,,,,,,,,,,
2021-03-13,77.62,91.44,15.42,184.48000000000002,0.0,0.0,0.0,0.0,0.0,0.0,0.0,0.0,0.0,0.0,84.0,0.0,,,0.0,0.0,0.0,0.0,0.0,0.0,0.0,0.0,0.0,,4441.0,84.0,,,,0.0,0.0,0.0,0.0,0.0,0.0,0.0,0.0,0.0,,4707.0,9148,316.0,0.0,0.0,0.0,0.0,0.0,0.0,0.0,0.0,142.0,0.0,0.0,0.0,0.0,0.0,0.0,0.0,0.0,0.0,140.0,0.0,0.0,0.0,0.0,0.0,0.0,0.0,0.0,0.0,194.0,0.0,0.0,0.0,,0.0,0.0,0.0,40.0,665.0,884.45,,,,,,9148.0,,,,,,,,,,,,,,,,,,
2021-03-14,0.0,0.0,0.0,0.0,0.0,0.0,0.0,0.0,0.0,0.0,0.0,0.0,0.0,0.0,84.0,0.0,,,0.0,0.0,0.0,0.0,0.0,0.0,0.0,0.0,0.0,,4500.0,84.0,,,,0.0,0.0,0.0,0.0,0.0,0.0,0.0,0.0,0.0,,4812.0,9312,329.0,0.0,0.0,0.0,0.0,0.0,0.0,0.0,0.0,142.0,0.0,0.0,0.0,0.0,0.0,0.0,0.0,0.0,0.0,140.0,0.0,0.0,0.0,0.0,0.0,0.0,0.0,0.0,0.0,226.0,0.0,0.0,0.0,,0.0,0.0,0.0,40.0,665.0,884.45,,,,,,9312.0,,,,,,,,,,,,,,,,,,
2021-03-15,131.37,110.48,20.02,261.87,7.47,0.0,2.71,4.7,167012.0,6794.0,0.0,3051.0,6.8,4.78,84.0,38.0,,,8.04,28264.0,5694.0,658.0,4725.0,2.51,1.14,2376.0,16980.0,61.4,4578.0,84.0,38.0,,,8.01,30265.0,5969.0,673.0,4905.0,2.53,1.01,2538.0,17120.0,61.3,4877.0,9455,267.0,7.85,2000.0,8.03,6860.0,7395.0,4162.0,318.0,3158.0,144.0,7.72,244.0,15160.0,82.0,7.39,8.2,0.12,9.0,36.0,141.0,7.79,214.0,17630.0,74.0,5.25,4.9,0.21,7.9,36.0,249.0,8.15,5600.0,131.0,,198.0,69.0,6.9,40.0,798.0,1061.3400000000001,61.4,61.3,61.349999999999994,38.64000000000001,0.01,9455.0,0.40491,0.7071120000000002,0.00014099999999999998,1.112163,10515.501165,3828.42405,957.1060125,7656848.100000001,,,,,,,,,,
2021-03-16,128.97,57.6,14.12,200.69,7.53,3.88,2.42,4.79,158421.0,0.0,0.0,0.0,6.67,4.85,84.0,37.9,,,7.92,29581.0,0.0,0.0,0.0,2.6,1.16,2578.0,16825.0,61.1,4481.0,84.0,38.0,,,7.95,31064.0,0.0,0.0,0.0,2.52,1.02,2642.0,16950.0,61.0,4788.0,9269,286.0,7.81,1560.0,7.95,7100.0,6548.0,3936.0,0.0,0.0,152.0,7.74,0.0,12530.0,88.0,10.29,6.8,0.0,0.0,36.0,150.0,7.76,0.0,18100.0,81.0,7.57,6.1,0.0,0.0,36.0,218.0,8.12,740.0,0.0,,261.0,74.0,10.8,40.0,798.0,1061.3400000000001,61.1,61.0,61.05,38.940000000000005,0.01,9269.0,0.40293,0.7126020000000001,0.00014099999999999998,1.115673,10341.173036999999,3734.75817,933.6895425,7469516.34,,,,,,,,,,
2021-03-17,103.59,64.8,12.46,180.85,7.37,0.0,2.11,4.73,164951.0,0.0,0.0,0.0,6.72,4.79,84.0,37.9,,,7.99,30146.0,0.0,0.0,0.0,2.39,0.97,2613.0,16914.0,61.2,4450.0,84.0,38.0,,,7.96,30667.0,0.0,0.0,0.0,2.53,1.01,2690.0,16994.0,61.1,4777.0,9227,290.0,7.8,2160.0,7.98,7420.0,5860.0,4073.0,0.0,0.0,152.0,7.77,0.0,12860.0,79.0,8.31,5.3,0.0,0.0,36.0,149.0,7.81,0.0,17880.0,69.0,5.31,4.2,0.0,0.0,36.0,246.0,8.5,480.0,0.0,,203.0,66.0,6.2,40.0,798.0,1061.3400000000001,61.2,61.1,61.150000000000006,38.839999999999996,0.01,9227.0,0.4035900000000001,0.710772,0.00014099999999999998,1.114503,10283.519181,3723.924930000001,930.9812325000003,7447849.860000002,,,,,,,,,,
2021-03-18,131.36,41.83,14.0,187.19,0.0,0.0,0.0,0.0,0.0,0.0,0.0,0.0,0.0,0.0,84.0,0.0,,,0.0,0.0,0.0,0.0,0.0,0.0,0.0,0.0,0.0,,4490.0,84.0,,,,0.0,0.0,0.0,0.0,0.0,0.0,0.0,0.0,0.0,,4797.0,9287,315.0,0.0,0.0,0.0,0.0,0.0,0.0,0.0,0.0,156.0,0.0,0.0,0.0,0.0,0.0,0.0,0.0,0.0,0.0,155.0,0.0,0.0,0.0,0.0,0.0,0.0,0.0,0.0,0.0,251.0,0.0,0.0,0.0,,0.0,0.0,0.0,40.0,847.0000000000007,1126.510000000001,,,,,,9287.0,,,,,,,,,,,,,,,,,,
2021-03-19,107.29,179.61,15.77,302.67,7.42,3.06,1.79,4.66,194396.0,7756.0,0.0,0.0,6.34,4.65,84.0,38.0,,,7.95,36825.0,0.0,0.0,0.0,2.41,1.03,2725.0,17069.0,60.5,4370.0,84.0,38.0,,,7.94,32333.0,0.0,0.0,0.0,2.27,0.83,2583.0,17115.0,60.6,4691.0,9061,315.0,7.97,2570.0,7.85,4080.0,3472.0,4340.0,0.0,0.0,159.0,7.85,0.0,12040.0,181.0,64.55,17.1,0.0,0.0,36.0,157.0,8.0,0.0,16000.0,168.0,77.13,7.8,0.0,0.0,36.0,288.0,8.19,600.0,0.0,,286.0,149.0,8.6,40.0,798.0,1061.3400000000001,60.5,60.6,60.55,39.440000000000005,0.01,9061.0,0.39963,0.7217520000000002,0.00014099999999999998,1.121523,10162.119903,3621.04743,905.2618575,7242094.86,,,,,,,,,,
2021-03-20,77.98,56.65,16.53,151.16000000000003,0.0,0.0,0.0,0.0,0.0,0.0,0.0,0.0,0.0,0.0,84.0,0.0,,,0.0,0.0,0.0,0.0,0.0,0.0,0.0,0.0,0.0,,4358.0,84.0,,,,0.0,0.0,0.0,0.0,0.0,0.0,0.0,0.0,0.0,,4637.0,8995,260.0,0.0,0.0,0.0,0.0,0.0,0.0,0.0,0.0,162.0,0.0,0.0,0.0,0.0,0.0,0.0,0.0,0.0,0.0,159.0,0.0,0.0,0.0,0.0,0.0,0.0,0.0,0.0,0.0,190.0,0.0,0.0,0.0,,0.0,0.0,0.0,40.0,665.0,884.45,,,,,,8995.0,,,,,,,,,,,,,,,,,,
2021-03-21,0.0,0.0,0.0,0.0,0.0,0.0,0.0,0.0,0.0,0.0,0.0,0.0,0.0,0.0,84.0,0.0,,,0.0,0.0,0.0,0.0,0.0,0.0,0.0,0.0,0.0,,4405.0,84.0,,,,0.0,0.0,0.0,0.0,0.0,0.0,0.0,0.0,0.0,,4708.0,9113,338.0,0.0,0.0,0.0,0.0,0.0,0.0,0.0,0.0,167.0,0.0,0.0,0.0,0.0,0.0,0.0,0.0,0.0,0.0,165.0,0.0,0.0,0.0,0.0,0.0,0.0,0.0,0.0,0.0,312.0,0.0,0.0,0.0,,0.0,0.0,0.0,40.0,665.0,884.45,,,,,,9113.0,,,,,,,,,,,,,,,,,,
2021-03-22,156.39,85.08,18.7,260.16999999999996,0.0,0.0,0.0,0.0,0.0,0.0,0.0,0.0,0.0,0.0,84.0,0.0,,,0.0,0.0,0.0,0.0,0.0,0.0,0.0,0.0,0.0,,4391.0,84.0,,,,0.0,0.0,0.0,0.0,0.0,0.0,0.0,0.0,0.0,,4671.0,9062,339.0,0.0,0.0,0.0,0.0,0.0,0.0,0.0,0.0,167.0,0.0,0.0,0.0,0.0,0.0,0.0,0.0,0.0,0.0,164.0,0.0,0.0,0.0,0.0,0.0,0.0,0.0,0.0,0.0,315.0,0.0,0.0,0.0,,0.0,0.0,0.0,40.0,798.0,1061.3400000000001,,,,,,9062.0,,,,,,,,,,,,,,,,,,
2021-03-23,157.17,66.39,13.65,237.20999999999998,0.0,0.0,0.0,0.0,0.0,0.0,0.0,0.0,0.0,0.0,83.0,0.0,,,0.0,0.0,0.0,0.0,0.0,0.0,0.0,0.0,0.0,,4346.0,82.0,,,,0.0,0.0,0.0,0.0,0.0,0.0,0.0,0.0,0.0,,4629.0,8975,299.0,0.0,0.0,0.0,0.0,0.0,0.0,0.0,0.0,167.0,0.0,0.0,0.0,0.0,0.0,0.0,0.0,0.0,0.0,165.0,0.0,0.0,0.0,0.0,0.0,0.0,0.0,0.0,0.0,260.0,0.0,0.0,0.0,,0.0,0.0,0.0,40.0,798.0,1061.3400000000001,,,,,,8975.0,,,,,,,,,,,,,,,,,,
2021-03-24,186.78,41.41,14.63,242.82,0.0,0.0,0.0,0.0,0.0,0.0,0.0,0.0,0.0,0.0,80.0,0.0,,,0.0,0.0,0.0,0.0,0.0,0.0,0.0,0.0,0.0,,4233.0,80.0,,,,0.0,0.0,0.0,0.0,0.0,0.0,0.0,0.0,0.0,,4516.0,8749,339.0,0.0,0.0,0.0,0.0,0.0,0.0,0.0,0.0,151.0,0.0,0.0,0.0,0.0,0.0,0.0,0.0,0.0,0.0,137.0,0.0,0.0,0.0,0.0,0.0,0.0,0.0,0.0,0.0,334.0,0.0,0.0,0.0,,0.0,0.0,0.0,38.0,798.0,1061.3400000000001,,,,,,8749.0,,,,,,,,,,,,,,,,,,
2021-03-25,105.91,57.82,13.56,177.29,7.59,3.01,1.57,4.64,184378.0,6965.0,1017.0,3218.0,6.85,4.85,80.0,37.9,,,7.89,35467.0,5813.0,639.0,4911.0,2.6,1.04,2831.0,16848.0,61.5,4247.0,80.0,38.0,,,7.91,34256.0,6048.0,682.0,5108.0,2.66,1.08,2794.0,16752.0,61.4,4525.0,8772,338.0,7.82,2420.0,7.88,5860.0,4216.0,4107.0,305.0,3088.0,151.0,7.79,295.0,13160.0,9.0,8.34,16.3,0.15,8.6,36.0,156.0,7.87,245.0,16880.0,74.0,6.18,5.3,0.13,7.5,36.0,292.0,8.13,540.0,0.0,,215.0,75.0,7.2,38.0,1006.9999999999997,1339.3099999999997,61.5,61.4,61.45,38.54,0.01,8772.0,0.40557000000000004,0.705282,0.00014099999999999998,1.110993,9745.630595999999,3557.66004,889.41501,7115320.08,,,,,,,,,,
2021-03-26,211.82,19.41,14.4,245.63,7.65,0.0,1.68,4.7,175924.0,0.0,0.0,0.0,6.57,4.71,80.0,38.0,,,7.88,34251.0,0.0,0.0,0.0,2.58,1.02,2784.0,16912.0,61.2,4209.0,80.0,38.0,,,7.9,32618.0,0.0,0.0,0.0,2.62,1.04,2839.0,16628.0,61.2,4428.0,8637,339.0,7.9,2140.0,7.98,6240.0,3826.0,3910.0,0.0,0.0,168.0,7.76,0.0,12680.0,76.0,5.49,20.1,0.0,0.0,36.0,164.0,7.87,0.0,16140.0,81.0,4.32,11.3,0.0,0.0,36.0,292.0,8.17,680.0,0.0,,189.0,68.0,6.4,38.0,931.0,1238.23,61.2,61.2,61.2,38.79,0.01,8637.0,0.40392000000000006,0.709857,0.00014099999999999998,1.113918,9620.909765999999,3488.6570400000005,872.1642600000001,6977314.080000001,,,,,,,,,,
2021-03-27,76.85,89.83,15.4,182.07999999999998,0.0,0.0,0.0,0.0,0.0,0.0,0.0,0.0,0.0,0.0,80.0,0.0,,,0.0,0.0,0.0,0.0,0.0,0.0,0.0,0.0,0.0,,4295.0,80.0,,,,0.0,0.0,0.0,0.0,0.0,0.0,0.0,0.0,0.0,,4514.0,8809,240.0,0.0,0.0,0.0,0.0,0.0,0.0,0.0,0.0,165.0,0.0,0.0,0.0,0.0,0.0,0.0,0.0,0.0,0.0,163.0,0.0,0.0,0.0,0.0,0.0,0.0,0.0,0.0,0.0,285.0,0.0,0.0,0.0,,0.0,0.0,0.0,38.0,931.0,1238.23,,,,,,8809.0,,,,,,,,,,,,,,,,,,
2021-03-28,0.0,0.0,0.0,0.0,0.0,0.0,0.0,0.0,0.0,0.0,0.0,0.0,0.0,0.0,80.0,0.0,,,0.0,0.0,0.0,0.0,0.0,0.0,0.0,0.0,0.0,,4323.0,80.0,,,,0.0,0.0,0.0,0.0,0.0,0.0,0.0,0.0,0.0,,4574.0,8897,339.0,0.0,0.0,0.0,0.0,0.0,0.0,0.0,0.0,159.0,0.0,0.0,0.0,0.0,0.0,0.0,0.0,0.0,0.0,157.0,0.0,0.0,0.0,0.0,0.0,0.0,0.0,0.0,0.0,214.0,0.0,0.0,0.0,,0.0,0.0,0.0,38.0,931.0,1238.23,,,,,,8897.0,,,,,,,,,,,,,,,,,,
2021-03-29,158.45,110.88,20.63,289.96,7.56,0.0,1.78,4.49,178145.0,6227.0,1089.0,2913.0,6.52,4.77,80.0,38.4,,,7.94,28884.0,5936.0,591.0,4987.0,2.64,1.15,2631.0,17154.0,60.6,4534.0,80.0,37.9,,,7.94,29894.0,6084.0,636.0,5097.0,2.6,1.09,2728.0,17005.0,60.8,4791.0,9325,339.0,7.88,1980.0,7.84,5440.0,3867.0,4021.0,331.0,2976.0,160.0,7.72,315.0,13520.0,84.0,6.12,12.3,0.16,12.7,36.0,155.0,7.82,262.0,17240.0,69.0,4.85,9.1,0.11,11.5,36.0,243.0,8.14,620.0,0.0,,243.0,63.0,7.5,38.0,931.0,1238.23,60.6,60.8,60.7,39.29,0.01,9325.0,0.40062000000000003,0.719007,0.00014099999999999998,1.1197679999999999,10441.836599999999,3735.7815000000005,933.9453750000001,7471563.000000001,,,,,,,,,,
2021-03-30,212.14,103.8,13.03,328.96999999999997,0.0,0.0,0.0,0.0,0.0,0.0,0.0,0.0,0.0,0.0,81.0,0.0,,,0.0,0.0,0.0,0.0,0.0,0.0,0.0,0.0,0.0,,4438.0,83.0,,,,0.0,0.0,0.0,0.0,0.0,0.0,0.0,0.0,0.0,,4759.0,9197,230.0,0.0,0.0,0.0,0.0,0.0,0.0,0.0,0.0,160.0,0.0,0.0,0.0,0.0,0.0,0.0,0.0,0.0,0.0,148.0,0.0,0.0,0.0,0.0,0.0,0.0,0.0,0.0,0.0,245.0,0.0,0.0,0.0,,0.0,0.0,0.0,38.0,767.9999999999999,1021.4399999999999,,,,,,9197.0,,,,,,,,,,,,,,,,,,
2021-03-31,214.34,19.4,13.23,246.97,7.51,2.88,1.6,4.5,172678.0,0.0,0.0,0.0,6.65,4.81,84.0,38.2,,,7.93,30944.0,0.0,0.0,0.0,2.68,1.03,2704.0,17283.0,61.0,4630.0,84.0,38.1,,,7.91,31104.0,0.0,0.0,0.0,2.51,1.0,2814.0,17169.0,60.8,4931.0,9561,331.0,7.94,2460.0,7.94,6860.0,4016.0,3894.0,0.0,0.0,167.0,7.78,0.0,12870.0,93.0,5.13,6.9,0.0,0.0,36.0,152.0,7.86,0.0,17840.0,79.0,6.72,5.4,0.0,0.0,36.0,239.0,8.19,720.0,0.0,,264.0,78.0,8.2,38.0,1064.0,1415.1200000000001,61.0,60.8,60.9,39.09,0.01,9561.0,0.40194,0.7153470000000002,0.00014099999999999998,1.117428,10683.729108000001,3842.9483400000004,960.7370850000001,7685896.680000001,,,,,,,,,,
2021-04-01,160.3,65.3,15.53,241.13,0.0,0.0,0.0,0.0,0.0,0.0,0.0,0.0,0.0,0.0,84.0,0.0,,,0.0,0.0,0.0,0.0,0.0,0.0,0.0,0.0,0.0,,4276.0,84.0,,,,0.0,0.0,0.0,0.0,0.0,0.0,0.0,0.0,0.0,,4614.0,8890,362.0,0.0,0.0,0.0,0.0,0.0,0.0,0.0,0.0,165.0,0.0,0.0,0.0,0.0,0.0,0.0,0.0,0.0,0.0,163.0,0.0,0.0,0.0,0.0,0.0,0.0,0.0,0.0,0.0,218.0,0.0,0.0,0.0,,0.0,0.0,0.0,38.0,1064.0,1415.1200000000001,,,,,,8890.0,,,,,,,,,,,,,,,,,,
2021-04-02,215.26,133.25,15.34,363.85,7.53,0.0,1.52,4.44,179790.0,0.0,0.0,0.0,7.2,5.22,85.0,38.1,,,7.89,35234.0,0.0,0.0,0.0,2.75,1.15,2897.0,17064.0,60.6,4386.0,85.0,37.9,,,7.92,34075.0,0.0,0.0,0.0,2.75,1.12,2934.0,17145.0,60.7,4685.0,9071,363.0,7.97,1900.0,7.83,8040.0,3875.0,3904.0,0.0,0.0,157.0,7.72,0.0,13560.0,87.0,4.95,8.1,0.0,0.0,36.0,175.0,7.79,0.0,14980.0,81.0,4.19,5.8,0.0,0.0,36.0,226.0,8.12,640.0,0.0,,238.0,71.0,6.9,38.0,931.0,1238.23,60.6,60.7,60.650000000000006,39.339999999999996,0.01,9071.0,0.40029000000000003,0.719922,0.00014099999999999998,1.120353,10162.722063,3631.0305900000003,907.7576475000001,7262061.180000001,,,,,,,,,,
2021-04-03,76.59,79.95,15.44,171.98000000000002,0.0,0.0,0.0,0.0,0.0,0.0,0.0,0.0,0.0,0.0,86.0,0.0,,,0.0,0.0,0.0,0.0,0.0,0.0,0.0,0.0,0.0,,4469.0,86.0,,,,0.0,0.0,0.0,0.0,0.0,0.0,0.0,0.0,0.0,,4827.0,9296,313.0,0.0,0.0,0.0,0.0,0.0,0.0,0.0,0.0,156.0,0.0,0.0,0.0,0.0,0.0,0.0,0.0,0.0,0.0,159.0,0.0,0.0,0.0,0.0,0.0,0.0,0.0,0.0,0.0,212.0,0.0,0.0,0.0,,0.0,0.0,0.0,28.0,931.0,1238.23,,,,,,9296.0,,,,,,,,,,,,,,,,,,
2021-04-04,0.0,0.0,0.0,0.0,0.0,0.0,0.0,0.0,0.0,0.0,0.0,0.0,0.0,0.0,86.0,0.0,,,0.0,0.0,0.0,0.0,0.0,0.0,0.0,0.0,0.0,,4385.0,86.0,,,,0.0,0.0,0.0,0.0,0.0,0.0,0.0,0.0,0.0,,4812.0,9197,304.0,0.0,0.0,0.0,0.0,0.0,0.0,0.0,0.0,156.0,0.0,0.0,0.0,0.0,0.0,0.0,0.0,0.0,0.0,154.0,0.0,0.0,0.0,0.0,0.0,0.0,0.0,0.0,0.0,310.0,0.0,0.0,0.0,,0.0,0.0,0.0,0.0,931.0,1238.23,,,,,,9197.0,,,,,,,,,,,,,,,,,,
2021-04-05,212.0,38.94,20.43,271.37,7.16,0.0,1.88,4.52,172061.0,7322.0,1164.0,3329.0,6.61,4.63,88.0,38.0,,,7.93,40907.0,6474.0,615.0,4693.0,2.48,0.93,3645.0,17458.0,61.3,4481.0,87.0,38.0,,,7.94,34822.0,6622.0,676.0,5481.0,2.42,0.91,3363.0,17188.0,61.2,4650.0,9131,298.0,8.1,1430.0,7.93,9700.0,8111.0,4093.0,354.0,4093.0,162.0,7.65,284.0,13760.0,123.0,5.27,64.9,0.13,11.9,36.0,164.0,7.61,304.0,15960.0,217.0,21.3,97.9,0.19,13.2,36.0,282.0,8.13,680.0,0.0,,234.0,147.0,7.8,0.0,665.0,884.45,61.3,61.2,61.25,38.74,0.01,9131.0,0.40425000000000005,0.7089420000000001,0.00014099999999999998,1.1133330000000001,10165.843623,3691.2067500000003,922.8016875000001,7382413.500000001,,,,,,,,,,
2021-04-06,134.08,90.18,12.86,237.12,7.51,0.0,2.15,4.48,186548.0,5085.0,0.0,3455.0,6.85,5.0,90.0,38.0,,,7.95,27607.0,6044.0,0.0,4863.0,2.66,1.21,2949.0,17118.0,61.2,4769.0,90.0,38.0,,,7.98,32873.0,6301.0,0.0,5244.0,2.42,0.96,3040.0,17848.0,61.1,5100.0,9869,267.0,8.04,1540.0,7.86,8760.0,6973.0,4721.0,0.0,3529.0,166.0,7.67,0.0,13540.0,163.0,6.36,72.6,0.0,0.0,36.0,127.0,7.59,0.0,13760.0,224.0,2.9,126.7,0.0,0.0,36.0,256.0,8.11,600.0,0.0,,251.0,140.0,6.9,0.0,841.9999999999997,1119.8599999999997,61.2,61.1,61.150000000000006,38.839999999999996,0.01,9869.0,0.4035900000000001,0.710772,0.00014099999999999998,1.114503,10999.030107,3983.029710000001,995.7574275000003,7966059.420000003,,,,,,,,,,
2021-04-07,210.7,158.08,13.9,382.68,7.58,3.23,1.91,4.53,178902.0,5421.0,0.0,3271.0,6.67,5.0,92.0,37.9,,,7.96,30132.0,5938.0,0.0,4765.0,2.52,1.13,2753.0,17261.0,60.8,5014.0,92.0,37.9,,,7.97,32839.0,6272.0,0.0,5082.0,2.69,1.18,2993.0,17615.0,60.8,5316.0,10330,319.0,8.08,1440.0,7.91,8140.0,7638.0,4165.0,0.0,0.0,139.0,7.69,0.0,13280.0,141.0,4.62,67.3,0.0,0.0,36.0,169.0,7.63,0.0,14060.0,195.0,3.81,100.7,0.0,0.0,36.0,259.0,8.16,720.0,0.0,,227.0,126.0,7.1,0.0,1064.0,1415.1200000000001,60.8,60.8,60.8,39.190000000000005,0.01,10330.0,0.40128,0.7171770000000001,0.00014099999999999998,1.118598,11555.11734,4145.222400000001,1036.3056000000001,8290444.800000001,,,,,,,,,,
2021-04-08,107.04,80.04,13.53,200.61,7.23,0.0,2.31,4.4,171369.0,0.0,0.0,0.0,6.65,4.68,90.0,38.0,,,7.93,34880.0,0.0,0.0,0.0,2.6,1.04,2817.0,17490.0,61.0,5013.0,90.0,38.0,,,7.93,33132.0,0.0,0.0,0.0,2.66,1.08,2848.0,17362.0,61.0,5323.0,10336,308.0,8.11,1660.0,7.87,7880.0,4695.0,3967.0,0.0,0.0,178.0,7.66,0.0,12960.0,97.0,5.39,35.1,0.0,0.0,36.0,175.0,7.65,0.0,14680.0,141.0,4.72,61.8,0.0,0.0,36.0,280.0,8.15,620.0,0.0,,198.0,97.0,6.5,0.0,798.0,1061.3400000000001,61.0,61.0,61.0,38.99,0.01,10336.0,0.40260000000000007,0.7135170000000001,0.00014099999999999998,1.116258,11537.642688,4161.2736,1040.3184,8322547.200000001,,,,,,,,,,
2021-04-09,135.14,19.16,15.35,169.64999999999998,7.42,0.0,1.84,4.16,180621.0,0.0,0.0,0.0,6.81,4.96,92.0,38.0,,,7.92,33876.0,0.0,0.0,0.0,2.62,1.09,2742.0,17525.0,60.9,5138.0,92.0,38.0,,,7.93,32690.0,0.0,0.0,0.0,2.62,1.1,2896.0,17716.0,60.8,5448.0,10586,280.0,8.09,1620.0,7.83,8240.0,5146.0,4083.0,0.0,0.0,177.0,7.7,0.0,13380.0,108.0,3.97,31.5,0.0,0.0,36.0,176.0,7.67,0.0,14040.0,154.0,5.81,50.1,0.0,0.0,36.0,304.0,8.18,580.0,0.0,,239.0,95.0,6.2,0.0,665.0,884.45,60.9,60.8,60.849999999999994,39.14000000000001,0.01,10586.0,0.40161,0.7162620000000001,0.00014099999999999998,1.1180130000000001,11835.285618000002,4251.44346,1062.860865,8502886.92,,,,,,,,,,
2021-04-10,77.21,91.9,16.52,185.63,0.0,0.0,0.0,0.0,0.0,0.0,0.0,0.0,0.0,0.0,92.0,0.0,,,0.0,0.0,0.0,0.0,0.0,0.0,0.0,0.0,0.0,,5217.0,92.0,,,,0.0,0.0,0.0,0.0,0.0,0.0,0.0,0.0,0.0,,5528.0,10745,299.0,0.0,0.0,0.0,0.0,0.0,0.0,0.0,0.0,178.0,0.0,0.0,0.0,0.0,0.0,0.0,0.0,0.0,0.0,149.0,0.0,0.0,0.0,0.0,0.0,0.0,0.0,0.0,0.0,294.0,0.0,0.0,0.0,,0.0,0.0,0.0,0.0,665.0,884.45,,,,,,10745.0,,,,,,,,,,,,,,,,,,
2021-04-11,0.0,45.38,0.0,45.38,0.0,0.0,0.0,0.0,0.0,0.0,0.0,0.0,0.0,0.0,92.0,0.0,,,0.0,0.0,0.0,0.0,0.0,0.0,0.0,0.0,0.0,,5372.0,92.0,,,,0.0,0.0,0.0,0.0,0.0,0.0,0.0,0.0,0.0,,5681.0,11053,362.0,0.0,0.0,0.0,0.0,0.0,0.0,0.0,0.0,178.0,0.0,0.0,0.0,0.0,0.0,0.0,0.0,0.0,0.0,163.0,0.0,0.0,0.0,0.0,0.0,0.0,0.0,0.0,0.0,296.0,0.0,0.0,0.0,,0.0,0.0,0.0,0.0,798.0,1061.3400000000001,,,,,,11053.0,,,,,,,,,,,,,,,,,,
2021-04-12,161.98,91.17,20.19,273.34,7.57,0.0,1.91,4.31,178540.0,5638.0,1124.0,3394.0,6.79,4.88,92.0,38.0,,,7.91,31508.0,5826.0,642.0,4661.0,2.61,1.12,2607.0,17296.0,61.2,5262.0,92.0,38.0,,,7.92,32870.0,6028.0,654.0,4854.0,2.57,1.08,2638.0,17527.0,61.1,5577.0,10839,219.0,0.0,0.0,7.91,5880.0,3984.0,3862.0,361.0,3044.0,148.0,7.75,302.0,12780.0,84.0,4.39,12.5,0.11,12.5,36.0,156.0,7.71,286.0,14560.0,105.0,5.75,20.8,0.21,11.7,36.0,340.0,8.2,540.0,0.0,,216.0,75.0,8.1,0.0,798.0,1061.3400000000001,61.2,61.1,61.150000000000006,38.839999999999996,0.01,10839.0,0.4035900000000001,0.710772,0.00014099999999999998,1.114503,12080.098017,4374.512010000001,1093.6280025000003,8749024.020000003,,,,,,,,,,
2021-04-13,134.98,102.66,9.98,247.62,7.39,3.7,2.29,4.56,178376.0,0.0,0.0,0.0,6.85,5.03,92.0,38.0,,,7.89,28271.0,0.0,0.0,0.0,2.68,1.14,2551.0,17146.0,60.9,5249.0,92.0,38.1,,,7.9,28009.0,0.0,0.0,0.0,2.77,1.27,2683.0,17605.0,60.8,5553.0,10802,328.0,8.15,2340.0,7.98,6460.0,4232.0,3916.0,0.0,0.0,178.0,7.77,0.0,13100.0,91.0,6.18,10.1,0.0,0.0,36.0,160.0,7.74,0.0,13540.0,89.0,3.79,15.7,0.0,0.0,36.0,320.0,8.17,630.0,0.0,,241.0,72.0,7.5,0.0,795.0000000000001,1057.3500000000001,60.9,60.8,60.849999999999994,39.14000000000001,0.01,10802.0,0.40161,0.7162620000000001,0.00014099999999999998,1.1180130000000001,12076.776426000002,4338.191220000001,1084.5478050000002,8676382.440000001,,,,,,,,,,
2021-04-14,161.97,63.55,18.56,244.07999999999998,7.33,0.0,2.32,4.51,193228.0,0.0,0.0,0.0,6.88,5.14,92.0,38.0,,,7.91,33764.0,0.0,0.0,0.0,2.47,1.06,2695.0,17224.0,60.7,5252.0,92.0,38.0,,,7.92,35155.0,0.0,0.0,0.0,2.53,1.01,2571.0,17703.0,60.6,5570.0,10822,197.0,8.17,1900.0,8.05,7640.0,4200.0,4026.0,0.0,0.0,175.0,7.8,0.0,14960.0,86.0,5.34,9.6,0.0,0.0,36.0,173.0,7.75,0.0,13800.0,107.0,6.14,21.9,0.0,0.0,36.0,307.0,8.18,640.0,0.0,,238.0,82.0,8.5,14.0,665.0,884.45,60.7,60.6,60.650000000000006,39.339999999999996,0.01,10822.0,0.40029000000000003,0.719922,0.00014099999999999998,1.120353,12124.460165999999,4331.9383800000005,1082.9845950000001,8663876.760000002,,,,,,,,,,
2021-04-15,80.67,65.91,11.37,157.95,7.57,0.0,1.79,4.46,188261.0,0.0,0.0,0.0,6.81,4.98,92.0,38.0,,,7.92,32615.0,0.0,0.0,0.0,2.53,1.04,2499.0,17371.0,61.0,5336.0,92.0,38.0,,,7.93,33843.0,0.0,0.0,0.0,2.58,1.07,2538.0,17544.0,61.0,5640.0,10976,311.0,8.12,1840.0,8.01,6880.0,4624.0,4087.0,0.0,0.0,172.0,7.78,0.0,15020.0,95.0,7.13,12.7,0.0,0.0,36.0,136.0,7.76,0.0,14240.0,87.0,4.39,12.4,0.0,0.0,36.0,340.0,8.16,580.0,0.0,,252.0,77.0,6.9,40.0,665.0,884.45,61.0,61.0,61.0,38.99,0.01,10976.0,0.40260000000000007,0.7135170000000001,0.00014099999999999998,1.116258,12252.047808,4418.937600000001,1104.7344000000003,8837875.200000003,,,,,,,,,,
2021-04-16,161.29,88.6,15.71,265.6,7.43,3.64,2.11,4.39,177682.0,0.0,0.0,0.0,6.69,4.86,92.0,38.0,,,7.94,34047.0,0.0,0.0,0.0,2.59,1.1,2562.0,14516.0,61.2,5436.0,92.0,38.0,,,7.94,33271.0,0.0,0.0,0.0,2.61,1.09,2488.0,17595.0,61.1,5753.0,11189,307.0,8.11,1640.0,7.96,7260.0,3983.0,3966.0,0.0,0.0,171.0,7.76,0.0,14860.0,79.0,3.51,8.9,0.0,0.0,36.0,165.0,7.77,0.0,14860.0,91.0,5.29,14.5,0.0,0.0,36.0,330.0,8.14,680.0,0.0,,195.0,72.0,7.6,40.0,665.0,884.45,61.2,61.1,61.150000000000006,38.839999999999996,0.01,11189.0,0.4035900000000001,0.710772,0.00014099999999999998,1.114503,12470.174067,4515.768510000002,1128.9421275000004,9031537.020000003,,,,,,,,,,
2021-04-17,73.05,57.31,15.15,145.51,0.0,0.0,0.0,0.0,0.0,0.0,0.0,0.0,0.0,0.0,92.0,0.0,,,0.0,0.0,0.0,0.0,0.0,0.0,0.0,0.0,0.0,,5560.0,92.0,,,,0.0,0.0,0.0,0.0,0.0,0.0,0.0,0.0,0.0,,5867.0,11427,314.0,0.0,0.0,0.0,0.0,0.0,0.0,0.0,0.0,171.0,0.0,0.0,0.0,0.0,0.0,0.0,0.0,0.0,0.0,168.0,0.0,0.0,0.0,0.0,0.0,0.0,0.0,0.0,0.0,313.0,0.0,0.0,0.0,,0.0,0.0,0.0,40.0,665.0,884.45,,,,,,11427.0,,,,,,,,,,,,,,,,,,
2021-04-18,0.0,46.04,0.0,46.04,0.0,0.0,0.0,0.0,0.0,0.0,0.0,0.0,0.0,0.0,92.0,0.0,,,0.0,0.0,0.0,0.0,0.0,0.0,0.0,0.0,0.0,,5626.0,92.0,,,,0.0,0.0,0.0,0.0,0.0,0.0,0.0,0.0,0.0,,5943.0,11569,233.0,0.0,0.0,0.0,0.0,0.0,0.0,0.0,0.0,131.0,0.0,0.0,0.0,0.0,0.0,0.0,0.0,0.0,0.0,125.0,0.0,0.0,0.0,0.0,0.0,0.0,0.0,0.0,0.0,304.0,0.0,0.0,0.0,,0.0,0.0,0.0,40.0,665.0,884.45,,,,,,11569.0,,,,,,,,,,,,,,,,,,
2021-04-19,183.05,37.61,20.75,241.41000000000003,7.43,2.99,2.11,4.54,199849.0,7391.0,1391.0,3293.0,6.99,5.36,92.0,38.1,,,7.88,35276.0,6140.0,738.0,5209.0,2.7,1.28,2935.0,17135.0,61.0,5537.0,92.0,38.1,,,7.85,35124.0,6603.0,820.0,5585.0,2.42,1.27,2788.0,17290.0,60.9,5838.0,11375,280.0,7.89,2140.0,7.89,7360.0,6318.0,4540.0,518.0,3751.0,164.0,7.72,268.0,16800.0,394.0,82.35,213.5,0.16,9.8,36.4,168.0,7.74,298.0,16900.0,351.0,70.26,175.7,0.15,9.4,36.5,310.0,8.1,720.0,168.0,,234.0,254.0,8.9,40.0,665.0,884.45,61.0,60.9,60.95,39.04,0.01,11375.0,0.40227,0.7144320000000001,0.00014099999999999998,1.116843,12704.089125,4575.82125,1143.9553125,9151642.5,,,,,,,,,,
2021-04-20,160.38,41.99,13.49,215.86,7.78,0.0,1.27,4.47,199886.0,6782.0,0.0,3596.0,7.21,5.31,92.0,38.1,,,7.88,36158.0,6172.0,0.0,5481.0,2.62,1.14,2799.0,17305.0,61.1,5289.0,92.0,38.0,,,7.89,31399.0,6292.0,0.0,5331.0,2.6,1.0,2651.0,17452.0,61.0,5651.0,10940,255.0,7.91,1670.0,8.1,6000.0,20.77,3155.0,0.0,2668.0,146.0,7.15,0.0,15260.0,529.0,93.09,416.2,0.0,0.0,36.8,138.0,7.14,0.0,15860.0,585.0,148.1,431.7,0.0,0.0,36.6,134.0,7.21,760.0,0.0,,296.0,269.0,9.2,52.0,778.9999999999995,1036.0699999999995,61.1,61.0,61.05,38.940000000000005,0.01,10940.0,0.40293,0.7126020000000001,0.00014099999999999998,1.115673,12205.462619999998,4408.0542000000005,1102.0135500000001,8816108.4,,,,,,,,,,
2021-04-21,81.25,180.92,13.95,276.12,7.75,0.0,1.83,4.48,181397.0,7646.0,0.0,0.0,7.24,5.36,92.0,38.0,,,7.9,39088.0,6210.0,0.0,0.0,2.73,1.24,2869.0,17424.0,61.5,4986.0,92.0,37.9,,,7.9,36796.0,6219.0,0.0,0.0,2.67,1.27,2618.0,17541.0,61.4,5490.0,10476,354.0,7.85,1940.0,7.97,2880.0,2660.0,3575.0,0.0,0.0,131.0,,0.0,,,,,0.0,0.0,0.0,163.0,6.74,0.0,13900.0,609.0,121.0,385.9,0.0,0.0,36.6,263.0,7.23,740.0,0.0,,288.0,589.0,8.7,50.0,798.0,1061.3400000000001,61.5,61.4,61.45,38.54,0.01,10476.0,0.40557000000000004,0.705282,0.00014099999999999998,1.110993,11638.762668,4248.75132,1062.18783,8497502.64,,,,,,,,,,
2021-04-22,107.64,56.86,14.39,178.89,7.36,3.87,2.29,4.44,192667.0,7249.0,0.0,0.0,7.16,5.31,92.0,38.0,,,7.87,31451.0,6714.0,0.0,0.0,2.57,1.16,2938.0,17269.0,61.4,4965.0,92.0,38.0,,,7.87,36325.0,6623.0,0.0,0.0,2.61,1.1,2538.0,17427.0,61.3,5511.0,10476,321.0,7.88,1860.0,7.98,7240.0,3646.0,3687.0,0.0,0.0,139.0,6.76,0.0,14430.0,382.0,6.12,269.0,0.0,0.0,37.0,171.0,6.92,0.0,13160.0,539.0,103.55,356.0,0.0,0.0,38.4,306.0,7.56,540.0,0.0,,235.0,497.0,9.1,48.0,798.0,1061.3400000000001,61.4,61.3,61.349999999999994,38.64000000000001,0.01,10476.0,0.40491,0.7071120000000002,0.00014099999999999998,1.112163,11651.019588000001,4241.83716,1060.45929,8483674.32,,,,,,,,,,
2021-04-23,183.32,19.3,15.75,218.37,7.52,0.0,2.18,4.46,189045.0,0.0,0.0,0.0,7.05,5.24,92.0,38.0,,,7.88,32641.0,0.0,0.0,0.0,2.61,1.18,2873.0,17371.0,61.6,4941.0,92.0,38.0,,,7.88,34485.0,0.0,0.0,0.0,2.62,1.1,2629.0,17493.0,61.4,5496.0,10437,281.0,7.93,1620.0,8.05,4240.0,3892.0,3715.0,0.0,0.0,178.0,7.21,0.0,14260.0,251.0,5.48,177.0,0.0,0.0,36.9,136.0,7.35,0.0,13540.0,387.0,65.3,241.0,0.0,0.0,38.3,203.0,7.61,820.0,0.0,,259.0,219.0,10.4,48.0,798.0,1061.3400000000001,61.6,61.4,61.5,38.49,0.01,10437.0,0.40590000000000004,0.704367,0.00014099999999999998,1.1104079999999998,11589.328295999998,4236.3783,1059.094575,8472756.600000001,,,,,,,,,,
2021-04-24,77.02,41.68,14.8,133.5,0.0,0.0,0.0,0.0,0.0,0.0,0.0,0.0,0.0,0.0,92.0,0.0,,,0.0,0.0,0.0,0.0,0.0,0.0,0.0,0.0,0.0,,4975.0,92.0,,,,0.0,0.0,0.0,0.0,0.0,0.0,0.0,0.0,0.0,,5493.0,10468,301.0,0.0,0.0,0.0,0.0,0.0,0.0,0.0,0.0,143.0,0.0,0.0,0.0,0.0,0.0,0.0,0.0,0.0,0.0,176.0,0.0,0.0,0.0,0.0,0.0,0.0,0.0,0.0,0.0,203.0,0.0,0.0,0.0,,0.0,0.0,0.0,48.0,665.0,884.45,,,,,,10468.0,,,,,,,,,,,,,,,,,,
2021-04-25,0.0,0.0,0.0,0.0,0.0,0.0,0.0,0.0,0.0,0.0,0.0,0.0,0.0,0.0,92.0,0.0,,,0.0,0.0,0.0,0.0,0.0,0.0,0.0,0.0,0.0,,4877.0,92.0,,,,0.0,0.0,0.0,0.0,0.0,0.0,0.0,0.0,0.0,,5434.0,10311,338.0,0.0,0.0,0.0,0.0,0.0,0.0,0.0,0.0,179.0,0.0,0.0,0.0,0.0,0.0,0.0,0.0,0.0,0.0,176.0,0.0,0.0,0.0,0.0,0.0,0.0,0.0,0.0,0.0,227.0,0.0,0.0,0.0,,0.0,0.0,0.0,48.0,665.0,884.45,,,,,,10311.0,,,,,,,,,,,,,,,,,,
2021-04-26,192.07,158.71,19.76,370.53999999999996,7.71,0.0,2.11,4.5,185943.0,6848.0,1188.0,3017.0,6.85,4.91,92.0,38.0,,,7.92,33527.0,6683.0,715.0,5512.0,2.7,1.04,2849.0,17569.0,60.6,4811.0,92.0,38.0,,,7.92,34106.0,6775.0,796.0,5672.0,2.74,1.14,2731.0,17694.0,60.8,5332.0,10143,258.0,0.0,0.0,8.01,6840.0,6552.0,4276.0,483.0,3308.0,176.0,7.92,229.0,13880.0,173.0,5.742,84.3,0.14,12.6,37.3,137.0,7.68,294.0,13260.0,232.0,10.5,126.0,0.17,,38.3,217.0,8.12,680.0,179.0,,227.0,238.0,8.5,48.0,798.0,1061.3400000000001,60.6,60.8,60.7,39.29,0.01,10143.0,0.40062000000000003,0.719007,0.00014099999999999998,1.1197679999999999,11357.806824,4063.4886600000004,1015.8721650000001,8126977.320000001,,,,,,,,,,
2021-04-27,137.62,81.47,13.12,232.21,7.64,0.0,1.98,4.54,180660.0,0.0,0.0,0.0,6.75,4.88,92.0,0.0,,,7.91,31680.0,0.0,0.0,0.0,2.67,1.08,2738.0,17723.0,60.5,4692.0,92.0,38.0,,,7.9,33643.0,0.0,0.0,0.0,2.7,1.11,2673.0,17625.0,60.6,5179.0,9871,250.0,7.95,1840.0,8.08,7260.0,5621.0,4188.0,0.0,0.0,148.0,7.9,0.0,13460.0,121.0,4.36,46.3,0.0,0.0,37.0,174.0,7.71,0.0,13160.0,,14.7,79.0,0.0,0.0,37.6,245.0,8.1,720.0,0.0,,236.0,151.0,7.8,48.0,864.0000000000001,1149.1200000000001,60.5,60.6,60.55,39.440000000000005,0.01,9871.0,0.39963,0.7217520000000002,0.00014099999999999998,1.121523,11070.553533,3944.74773,986.1869325,7889495.46,,,,,,,,,,
2021-04-28,132.63,18.76,13.86,165.25,7.62,3.04,1.72,4.55,176425.0,0.0,0.0,0.0,6.88,4.99,92.0,38.0,,,7.92,38316.0,0.0,0.0,0.0,2.79,1.32,2927.0,17695.0,60.8,4672.0,92.0,38.0,,,7.91,36658.0,0.0,0.0,0.0,2.69,1.28,2795.0,17548.0,60.9,5161.0,9833,161.0,0.0,0.0,7.94,12000.0,6116.0,4155.0,0.0,0.0,165.0,7.88,0.0,14760.0,65.0,4.83,9.7,0.0,0.0,37.0,156.0,7.8,0.0,13260.0,111.0,6.34,36.2,0.0,0.0,37.5,298.0,8.03,600.0,0.0,,302.0,87.0,7.3,36.0,798.0,1061.3400000000001,60.8,60.9,60.849999999999994,39.14000000000001,0.01,9833.0,0.40161,0.7162620000000001,0.00014099999999999998,1.1180130000000001,10993.421829,3949.0311300000003,987.2577825000001,7898062.260000001,,,,,,,,,,
2021-04-29,108.02,65.57,14.06,187.64999999999998,7.58,0.0,1.82,4.59,179432.0,0.0,0.0,0.0,6.91,5.01,92.0,37.9,,,7.93,36846.0,0.0,0.0,0.0,2.75,1.24,2897.0,17718.0,60.6,4688.0,92.0,37.9,,,7.92,35724.0,0.0,0.0,0.0,2.71,1.16,2761.0,17682.0,60.7,5215.0,9903,346.0,7.98,2060.0,8.02,9240.0,5867.0,4205.0,0.0,0.0,151.0,7.9,0.0,14280.0,69.0,5.4,6.9,0.0,0.0,36.7,120.0,7.82,0.0,13580.0,72.0,3.84,12.5,0.0,0.0,37.7,303.0,8.08,740.0,0.0,,259.0,69.0,8.7,48.0,798.0,1061.3400000000001,60.6,60.7,60.650000000000006,39.339999999999996,0.01,9903.0,0.40029000000000003,0.719922,0.00014099999999999998,1.120353,11094.855759,3964.07187,991.0179675,7928143.74,,,,,,,,,,
2021-04-30,135.32,87.22,17.19,239.73,7.73,0.0,1.54,4.52,174976.0,0.0,0.0,0.0,6.79,4.86,92.0,38.0,,,7.92,32642.0,0.0,0.0,0.0,2.68,1.19,2815.0,17649.0,61.0,4690.0,92.0,38.0,,,7.91,64118.0,0.0,0.0,0.0,2.64,1.1,2697.0,17763.0,60.9,5138.0,9828,264.0,0.0,0.0,8.05,7880.0,4937.0,4082.0,0.0,0.0,151.0,7.86,0.0,13640.0,75.0,4.27,7.1,0.0,0.0,36.5,149.0,7.81,0.0,13140.0,79.0,5.21,8.4,0.0,0.0,38.9,306.0,8.1,680.0,0.0,,212.0,68.0,7.9,48.0,665.0,884.45,61.0,60.9,60.95,39.04,0.01,9828.0,0.40227,0.7144320000000001,0.00014099999999999998,1.116843,10976.333004,3953.50956,988.37739,7907019.12,,,,,,,,,,
2021-05-01,46.22,37.43,14.23,97.88,0.0,0.0,0.0,0.0,0.0,0.0,0.0,0.0,0.0,0.0,74.0,0.0,,,0.0,0.0,0.0,0.0,0.0,0.0,0.0,0.0,0.0,,3732.0,41.0,,,,0.0,0.0,0.0,0.0,0.0,0.0,0.0,0.0,0.0,,3054.0,6786,434.0,0.0,0.0,0.0,0.0,0.0,0.0,0.0,0.0,168.0,0.0,0.0,0.0,0.0,0.0,0.0,0.0,0.0,0.0,160.0,0.0,0.0,0.0,0.0,0.0,0.0,0.0,0.0,0.0,122.0,0.0,0.0,0.0,,0.0,0.0,0.0,22.0,798.0,1061.3400000000001,,,,,,6786.0,,,,,,,,,,,,,,,,,,
2021-05-02,0.0,0.0,0.0,0.0,0.0,0.0,0.0,0.0,0.0,0.0,0.0,0.0,0.0,0.0,76.0,0.0,,,0.0,0.0,0.0,0.0,0.0,0.0,0.0,0.0,0.0,,3872.0,96.0,,,,0.0,0.0,0.0,0.0,0.0,0.0,0.0,0.0,0.0,,4448.0,8320,186.0,0.0,0.0,0.0,0.0,0.0,0.0,0.0,0.0,176.0,0.0,0.0,0.0,0.0,0.0,0.0,0.0,0.0,0.0,175.0,0.0,0.0,0.0,0.0,0.0,0.0,0.0,0.0,0.0,1.0,0.0,0.0,0.0,,0.0,0.0,0.0,48.0,665.0,884.45,,,,,,8320.0,,,,,,,,,,,,,,,,,,
2021-05-03,155.85,79.22,21.71,256.78,0.0,0.0,0.0,0.0,0.0,0.0,0.0,0.0,0.0,0.0,80.0,0.0,,,0.0,0.0,0.0,0.0,0.0,0.0,0.0,0.0,0.0,,4112.0,98.0,,,,0.0,0.0,0.0,0.0,0.0,0.0,0.0,0.0,0.0,,4859.0,8971,353.0,0.0,0.0,0.0,0.0,0.0,0.0,0.0,0.0,136.0,0.0,0.0,0.0,0.0,0.0,0.0,0.0,0.0,0.0,149.0,0.0,0.0,0.0,0.0,0.0,0.0,0.0,0.0,0.0,172.0,0.0,0.0,0.0,,0.0,0.0,0.0,48.0,798.0,1061.3400000000001,,,,,,8971.0,,,,,,,,,,,,,,,,,,
2021-05-04,161.99,113.5,10.63,286.12,7.88,4.44,2.59,4.72,267578.0,0.0,0.0,0.0,6.65,4.65,84.0,37.8,,,8.05,29779.0,0.0,0.0,0.0,2.98,1.27,2170.0,16351.0,61.9,4188.0,100.0,38.0,,,7.91,30369.0,0.0,0.0,0.0,3.12,1.31,2892.0,17851.0,61.3,5039.0,9227,235.0,0.0,0.0,0.0,0.0,0.0,0.0,0.0,0.0,172.0,0.0,0.0,0.0,0.0,0.0,0.0,0.0,0.0,0.0,161.0,0.0,0.0,0.0,0.0,0.0,0.0,0.0,0.0,0.0,325.0,0.0,0.0,0.0,,0.0,0.0,0.0,48.0,785.9999999999993,1045.3799999999992,61.9,61.3,61.599999999999994,38.39000000000001,0.01,9227.0,0.40656,0.7025370000000002,0.00014099999999999998,1.1092380000000002,10234.939026000002,3751.32912,937.83228,7502658.239999999,,,,,,,,,,
2021-05-05,126.89,86.89,17.27,231.05,7.64,0.0,3.57,4.64,178328.0,7648.0,1349.0,3647.0,6.45,4.69,88.0,37.9,,,7.89,30813.0,5765.0,990.0,4896.0,2.78,1.22,2469.0,16843.0,61.6,4420.0,102.0,38.0,,,7.91,32268.0,6302.0,734.0,5750.0,2.83,1.21,2784.0,17814.0,61.4,5290.0,9710,339.0,7.92,1760.0,7.84,11340.0,5875.0,3569.0,430.0,3245.0,172.0,7.64,290.0,14860.0,123.0,9.75,44.1,0.15,7.4,36.4,169.0,7.76,301.0,12100.0,169.0,6.34,78.1,0.11,6.5,36.6,321.0,8.29,640.0,0.0,,283.0,151.0,6.6,48.0,399.0,530.6700000000001,61.6,61.4,61.5,38.49,0.01,9710.0,0.40590000000000004,0.704367,0.00014099999999999998,1.1104079999999998,10782.061679999999,3941.289,985.32225,7882578.0,,,,,,,,,,
2021-05-06,80.86,127.02,12.64,220.51999999999998,7.46,0.0,1.95,4.59,180132.0,7395.0,1243.0,0.0,6.59,4.89,92.0,37.8,,,7.9,33996.0,5982.0,599.0,0.0,2.94,1.4,2657.0,17312.0,60.9,4598.0,102.0,37.9,,,7.91,38718.0,6775.0,686.0,0.0,2.71,1.28,2694.0,17694.0,60.9,5345.0,9943,329.0,8.01,3560.0,7.89,10340.0,4064.0,3890.0,409.0,0.0,175.0,7.66,0.0,14640.0,108.0,17.82,21.6,0.0,7.4,36.3,172.0,7.77,0.0,15660.0,155.0,5.02,54.4,0.0,6.8,37.0,309.0,8.24,580.0,0.0,,251.0,122.0,7.4,48.0,1197.0,1592.01,60.9,60.9,60.9,39.09,0.01,9943.0,0.40194,0.7153470000000002,0.00014099999999999998,1.117428,11110.586604,3996.4894200000003,999.1223550000001,7992978.840000001,,,,,,,,,,
2021-05-07,137.65,66.57,20.16,224.38,7.59,3.16,1.79,4.54,185962.0,7017.0,1261.0,0.0,6.71,4.91,96.0,37.9,,,7.91,34843.0,6184.0,652.0,0.0,2.8,1.29,2782.0,17596.0,60.8,4829.0,102.0,38.0,,,7.92,36882.0,6861.0,685.0,0.0,2.78,1.22,2635.0,17751.0,60.8,5425.0,10254,339.0,7.98,2460.0,7.92,9860.0,4507.0,4019.0,0.0,0.0,178.0,7.69,0.0,15080.0,,,38.2,0.0,0.0,36.7,176.0,7.76,0.0,14960.0,171.0,6.12,75.2,0.0,0.0,37.0,294.0,8.28,680.0,0.0,,236.0,135.0,6.2,48.0,798.0,1061.3400000000001,60.8,60.8,60.8,39.190000000000005,0.01,10254.0,0.40128,0.7171770000000001,0.00014099999999999998,1.118598,11470.103892,4114.72512,1028.68128,8229450.24,,,,,,,,,,
2021-05-08,53.62,41.52,15.95,111.09,0.0,0.0,0.0,0.0,0.0,0.0,0.0,0.0,0.0,0.0,96.0,0.0,,,0.0,0.0,0.0,0.0,0.0,0.0,0.0,0.0,0.0,,4900.0,102.0,,,,0.0,0.0,0.0,0.0,0.0,0.0,0.0,0.0,0.0,,5449.0,10349,238.0,0.0,0.0,0.0,0.0,0.0,0.0,0.0,0.0,155.0,0.0,0.0,0.0,0.0,0.0,0.0,0.0,0.0,0.0,175.0,0.0,0.0,0.0,0.0,0.0,0.0,0.0,0.0,0.0,288.0,0.0,0.0,0.0,,0.0,0.0,0.0,48.0,665.0,884.45,,,,,,10349.0,,,,,,,,,,,,,,,,,,
2021-05-09,0.0,0.0,0.0,0.0,0.0,0.0,0.0,0.0,0.0,0.0,0.0,0.0,0.0,0.0,96.0,0.0,,,0.0,0.0,0.0,0.0,0.0,0.0,0.0,0.0,0.0,,4712.0,102.0,,,,0.0,0.0,0.0,0.0,0.0,0.0,0.0,0.0,0.0,,5281.0,9993,334.0,0.0,0.0,0.0,0.0,0.0,0.0,0.0,0.0,162.0,0.0,0.0,0.0,0.0,0.0,0.0,0.0,0.0,0.0,175.0,0.0,0.0,0.0,0.0,0.0,0.0,0.0,0.0,0.0,284.0,0.0,0.0,0.0,,0.0,0.0,0.0,48.0,665.0,884.45,,,,,,9993.0,,,,,,,,,,,,,,,,,,
2021-05-10,161.41,111.43,22.83,295.66999999999996,7.64,4.29,2.45,4.69,168099.0,7124.0,1275.0,3571.0,6.1,4.71,96.0,37.9,,,7.97,35856.0,6878.0,819.0,5736.0,2.96,1.38,2937.0,17750.0,60.9,4773.0,100.0,38.0,,,7.96,32998.0,7413.0,827.0,5683.0,2.79,1.21,2596.0,17845.0,60.9,5280.0,10053,321.0,7.89,2360.0,7.86,19100.0,7742.0,3725.0,649.0,2951.0,175.0,7.71,270.0,14560.0,81.0,7.95,9.5,0.11,9.0,36.5,172.0,7.73,276.0,12060.0,85.0,11.39,9.5,0.13,8.6,37.0,281.0,8.19,620.0,0.0,,238.0,75.0,7.1,48.0,798.0,1061.3400000000001,60.9,60.9,60.9,39.09,0.01,10053.0,0.40194,0.7153470000000002,0.00014099999999999998,1.117428,11233.503684000001,4040.70282,1010.175705,8081405.64,,,,,,,,,,
2021-05-11,80.48,121.98,11.72,214.18,7.56,0.0,2.17,4.64,171392.0,0.0,0.0,0.0,6.22,4.61,96.0,38.0,,,7.96,34745.0,0.0,0.0,0.0,2.92,1.27,2869.0,17619.0,61.1,4902.0,98.0,38.0,,,7.96,35122.0,0.0,0.0,0.0,2.81,1.26,2538.0,17616.0,61.0,5224.0,10126,312.0,7.94,2640.0,7.91,14060.0,6523.0,3860.0,0.0,0.0,171.0,7.73,0.0,15120.0,74.0,5.61,6.9,0.0,0.0,36.2,158.0,7.77,0.0,12380.0,91.0,7.92,13.5,0.0,0.0,37.3,279.0,8.25,720.0,0.0,,254.0,71.0,8.1,48.0,771.9999999999998,1026.7599999999998,61.1,61.0,61.05,38.940000000000005,0.01,10126.0,0.40293,0.7126020000000001,0.00014099999999999998,1.115673,11297.304798,4080.06918,1020.017295,8160138.36,,,,,,,,,,
2021-05-12,134.22,46.2,17.09,197.51,0.0,0.0,0.0,0.0,0.0,0.0,0.0,0.0,0.0,0.0,96.0,0.0,,,0.0,0.0,0.0,0.0,0.0,0.0,0.0,0.0,0.0,,4934.0,96.0,,,,0.0,0.0,0.0,0.0,0.0,0.0,0.0,0.0,0.0,,5266.0,10200,357.0,0.0,0.0,0.0,0.0,0.0,0.0,0.0,0.0,144.0,0.0,0.0,0.0,0.0,0.0,0.0,0.0,0.0,0.0,181.0,0.0,0.0,0.0,0.0,0.0,0.0,0.0,0.0,0.0,221.0,0.0,0.0,0.0,,0.0,0.0,0.0,48.0,798.0,1061.3400000000001,,,,,,10200.0,,,,,,,,,,,,,,,,,,
2021-05-13,81.07,41.58,11.89,134.54,7.68,3.27,1.96,4.59,180435.0,6973.0,1227.0,3318.0,6.43,4.7,94.0,38.0,,,7.92,31672.0,7045.0,684.0,5632.0,2.86,1.21,2766.0,17472.0,61.4,4877.0,94.0,38.0,,,7.92,32488.0,7182.0,716.0,5814.0,2.76,1.26,2661.0,17582.0,61.5,5202.0,10079,275.0,7.92,2460.0,7.84,6880.0,4134.0,3697.0,494.0,3117.0,162.0,7.75,264.0,14260.0,84.0,4.18,15.1,0.1,11.2,37.0,161.0,7.8,254.0,14680.0,79.0,6.73,9.7,0.15,10.2,36.9,310.0,8.17,740.0,0.0,,238.0,78.0,8.5,48.0,798.0,1061.3400000000001,61.4,61.5,61.45,38.54,0.01,10079.0,0.40557000000000004,0.705282,0.00014099999999999998,1.110993,11197.698446999999,4087.7400300000004,1021.9350075000001,8175480.0600000005,,,,,,,,,,
2021-05-14,109.42,134.3,19.12,262.84000000000003,7.83,0.0,2.25,4.66,176124.0,0.0,0.0,0.0,6.57,4.82,92.0,38.0,,,7.93,30764.0,0.0,0.0,0.0,2.79,1.24,2739.0,17637.0,61.7,4757.0,92.0,38.0,,,7.93,31669.0,0.0,0.0,0.0,2.71,1.18,2494.0,17469.0,62.6,5047.0,9804,336.0,7.95,2180.0,7.96,4840.0,3865.0,3715.0,0.0,0.0,170.0,7.71,0.0,13680.0,76.0,6.37,8.1,0.0,0.0,36.9,169.0,7.78,0.0,15060.0,91.0,7.36,10.5,0.0,0.0,37.6,316.0,8.25,640.0,0.0,,253.0,72.0,7.5,48.0,798.0,1061.3400000000001,61.7,62.6,62.150000000000006,37.839999999999996,0.01,9804.0,0.41019000000000005,0.692472,0.00014099999999999998,1.102803,10811.880611999999,4021.5027600000003,1005.3756900000001,8043005.5200000005,,,,,,,,,,
2021-05-15,52.96,54.79,13.74,121.49000000000001,0.0,0.0,0.0,0.0,0.0,0.0,0.0,0.0,0.0,0.0,90.0,0.0,,,0.0,0.0,0.0,0.0,0.0,0.0,0.0,0.0,0.0,,4536.0,90.0,,,,0.0,0.0,0.0,0.0,0.0,0.0,0.0,0.0,0.0,,4806.0,9342,336.0,0.0,0.0,0.0,0.0,0.0,0.0,0.0,0.0,174.0,0.0,0.0,0.0,0.0,0.0,0.0,0.0,0.0,0.0,172.0,0.0,0.0,0.0,0.0,0.0,0.0,0.0,0.0,0.0,294.0,0.0,0.0,0.0,,0.0,0.0,0.0,48.0,798.0,1061.3400000000001,,,,,,9342.0,,,,,,,,,,,,,,,,,,
2021-05-16,0.0,46.33,0.0,46.33,0.0,0.0,0.0,0.0,0.0,0.0,0.0,0.0,0.0,0.0,88.0,0.0,,,0.0,0.0,0.0,0.0,0.0,0.0,0.0,0.0,0.0,,4284.0,88.0,,,,0.0,0.0,0.0,0.0,0.0,0.0,0.0,0.0,0.0,,4509.0,8793,335.0,0.0,0.0,0.0,0.0,0.0,0.0,0.0,0.0,158.0,0.0,0.0,0.0,0.0,0.0,0.0,0.0,0.0,0.0,172.0,0.0,0.0,0.0,0.0,0.0,0.0,0.0,0.0,0.0,303.0,0.0,0.0,0.0,,0.0,0.0,0.0,46.0,798.0,1061.3400000000001,,,,,,8793.0,,,,,,,,,,,,,,,,,,
2021-05-17,138.12,37.48,22.2,197.8,7.75,0.0,1.82,7.85,178156.0,6848.0,1195.0,3260.0,6.48,4.71,86.0,38.0,,,7.95,30725.0,6619.0,653.0,5547.0,2.72,1.16,2458.0,17869.0,61.6,4207.0,86.0,38.0,,,7.95,31069.0,6754.0,693.0,5663.0,2.75,1.19,2376.0,17613.0,61.5,4418.0,8625,339.0,7.92,1860.0,7.95,4260.0,3972.0,3732.0,391.0,3044.0,138.0,7.72,,14380.0,,,,,,37.3,187.0,7.75,261.0,13980.0,86.0,3.79,7.5,0.18,9.7,37.8,285.0,8.19,640.0,0.0,,231.0,74.0,7.9,44.0,798.0,1061.3400000000001,61.6,61.5,61.55,38.440000000000005,0.01,8625.0,0.40623,0.7034520000000001,0.00014099999999999998,1.109823,9572.223375,3503.73375,875.9334375,7007467.5,,,,,,,,,,
2021-05-18,110.29,89.61,9.22,209.12,7.69,0.0,1.91,4.51,183425.0,0.0,0.0,0.0,6.54,4.83,84.0,38.0,,,7.93,31504.0,0.0,0.0,0.0,2.78,1.2,2501.0,17762.0,61.4,4294.0,84.0,38.0,,,7.94,32923.0,0.0,0.0,0.0,2.72,1.16,2404.0,17667.0,61.3,4682.0,8976,267.0,7.98,1460.0,7.98,4840.0,3768.0,3615.0,0.0,0.0,171.0,7.7,0.0,15230.0,72.0,3.67,6.1,0.0,0.0,37.1,175.0,7.72,0.0,14620.0,79.0,5.15,8.4,0.0,0.0,37.7,240.0,8.15,680.0,0.0,,256.0,69.0,6.5,40.0,754.9999999999992,1004.149999999999,61.4,61.3,61.349999999999994,38.64000000000001,0.01,8976.0,0.40491,0.7071120000000002,0.00014099999999999998,1.112163,9982.775088,3634.47216,908.61804,7268944.319999999,,,,,,,,,,
2021-05-19,107.51,134.57,22.33,264.40999999999997,0.0,0.0,0.0,0.0,0.0,0.0,0.0,0.0,0.0,0.0,84.0,0.0,,,0.0,0.0,0.0,0.0,0.0,0.0,0.0,0.0,0.0,,4329.0,84.0,,,,0.0,0.0,0.0,0.0,0.0,0.0,0.0,0.0,0.0,,4549.0,8878,216.0,0.0,0.0,0.0,0.0,0.0,0.0,0.0,0.0,164.0,0.0,0.0,0.0,0.0,0.0,0.0,0.0,0.0,0.0,168.0,0.0,0.0,0.0,0.0,0.0,0.0,0.0,0.0,0.0,281.0,0.0,0.0,0.0,,0.0,0.0,0.0,40.0,532.0,707.5600000000001,,,,,,8878.0,,,,,,,,,,,,,,,,,,
2021-05-20,81.6,75.58,10.96,168.14,7.38,0.0,2.26,4.57,176912.0,7064.0,0.0,0.0,6.5,4.58,84.0,38.0,,,7.96,32465.0,7069.0,0.0,0.0,2.88,1.13,2434.0,17815.0,61.5,4227.0,84.0,38.0,,,7.97,33839.0,7032.0,0.0,0.0,2.74,1.08,2495.0,17716.0,61.4,4456.0,8683,235.0,8.04,1700.0,7.96,14200.0,5681.0,4202.0,0.0,0.0,158.0,7.72,0.0,16060.0,91.0,5.32,18.4,0.0,0.0,37.1,163.0,7.78,0.0,15200.0,135.0,2.95,14.7,0.0,0.0,37.7,295.0,8.17,600.0,0.0,,237.0,124.0,7.1,40.0,798.0,1061.3400000000001,61.5,61.4,61.45,38.54,0.01,8683.0,0.40557000000000004,0.705282,0.00014099999999999998,1.110993,9646.752219,3521.56431,880.3910775,7043128.62,,,,,,,,,,
2021-05-21,163.28,0.0,13.86,177.14,7.54,0.0,2.15,4.59,172864.0,0.0,0.0,0.0,6.41,4.51,84.0,38.0,,,7.95,31873.0,0.0,0.0,0.0,2.82,1.15,2538.0,17852.0,61.6,4303.0,84.0,38.0,,,7.96,32348.0,0.0,0.0,0.0,2.76,1.11,2581.0,17690.0,61.6,4482.0,8785,311.0,8.01,2160.0,7.98,10240.0,5137.0,4133.0,0.0,0.0,131.0,7.75,0.0,15680.0,86.0,4.39,10.2,0.0,0.0,36.7,153.0,7.76,0.0,15640.0,117.0,5.24,18.4,0.0,0.0,37.5,258.0,8.16,640.0,0.0,,248.0,102.0,8.2,40.0,798.0,1061.3400000000001,61.6,61.6,61.6,38.39,0.01,8785.0,0.40656000000000003,0.7025370000000001,0.00014099999999999998,1.1092380000000002,9744.655830000002,3571.6296,892.9074,7143259.2,,,,,,,,,,
2021-05-22,54.13,91.25,20.12,165.5,0.0,0.0,0.0,0.0,0.0,0.0,0.0,0.0,0.0,0.0,84.0,0.0,,,0.0,0.0,0.0,0.0,0.0,0.0,0.0,0.0,0.0,,4242.0,84.0,,,,0.0,0.0,0.0,0.0,0.0,0.0,0.0,0.0,0.0,,4482.0,8724,331.0,0.0,0.0,0.0,0.0,0.0,0.0,0.0,0.0,157.0,0.0,0.0,0.0,0.0,0.0,0.0,0.0,0.0,0.0,144.0,0.0,0.0,0.0,0.0,0.0,0.0,0.0,0.0,0.0,200.0,0.0,0.0,0.0,,0.0,0.0,0.0,40.0,798.0,1061.3400000000001,,,,,,8724.0,,,,,,,,,,,,,,,,,,
2021-05-23,0.0,0.0,0.0,0.0,0.0,0.0,0.0,0.0,0.0,0.0,0.0,0.0,0.0,0.0,84.0,0.0,,,0.0,0.0,0.0,0.0,0.0,0.0,0.0,0.0,0.0,,4005.0,84.0,,,,0.0,0.0,0.0,0.0,0.0,0.0,0.0,0.0,0.0,,4206.0,8211,339.0,0.0,0.0,0.0,0.0,0.0,0.0,0.0,0.0,156.0,0.0,0.0,0.0,0.0,0.0,0.0,0.0,0.0,0.0,161.0,0.0,0.0,0.0,0.0,0.0,0.0,0.0,0.0,0.0,188.0,0.0,0.0,0.0,,0.0,0.0,0.0,40.0,798.0,1061.3400000000001,,,,,,8211.0,,,,,,,,,,,,,,,,,,
2021-05-24,165.29,135.02,24.34,324.65,7.59,0.0,3.04,4.49,180612.0,6794.0,1282.0,3185.0,6.69,4.65,84.0,38.0,,,7.94,30485.0,7157.0,694.0,5583.0,2.82,1.15,2352.0,17964.0,61.9,4214.0,84.0,38.0,,,7.95,32436.0,6988.0,723.0,5419.0,2.78,1.18,2571.0,17849.0,62.0,4463.0,8677,391.0,8.06,2420.0,7.89,8460.0,4883.0,4028.0,451.0,3261.0,154.0,,,,,,,,,,162.0,7.71,282.0,14060.0,69.0,3.34,6.2,0.21,12.4,37.5,246.0,8.15,580.0,180.0,,226.0,63.0,6.8,40.0,665.0,884.45,61.9,62.0,61.95,38.04,0.01,8677.0,0.40887,0.6961320000000001,0.00014099999999999998,1.105143,9589.325811,3547.76499,886.9412475,7095529.98,,,,,,,,,,
2021-05-25,108.57,102.0,10.55,221.12,7.79,3.24,1.86,4.53,178619.0,0.0,0.0,0.0,6.73,4.72,84.0,38.0,,,7.95,31227.0,0.0,0.0,0.0,2.79,1.13,2453.0,17827.0,61.8,4165.0,84.0,38.0,,,7.94,31843.0,0.0,0.0,0.0,2.71,1.1,2467.0,17750.0,61.8,4419.0,8584,308.0,7.99,1840.0,7.84,5820.0,4507.0,4105.0,0.0,0.0,156.0,7.74,0.0,14420.0,102.0,5.21,16.5,,0.0,36.2,162.0,7.73,0.0,14380.0,84.0,7.32,5.8,,0.0,37.1,211.0,8.12,720.0,0.0,,251.0,79.0,8.4,40.0,665.0,884.45,61.8,61.8,61.8,38.190000000000005,0.01,8584.0,0.40787999999999996,0.6988770000000001,0.00014099999999999998,1.106898,9501.612432,3501.2419199999995,875.3104799999999,7002483.839999999,,,,,,,,,,
2021-05-26,107.91,17.98,18.42,144.31,7.65,0.0,1.84,4.59,175340.0,0.0,0.0,0.0,6.62,4.61,84.0,38.0,,,7.92,32082.0,0.0,0.0,0.0,2.84,1.17,2518.0,17763.0,61.8,4185.0,84.0,38.0,,,7.93,31762.0,0.0,0.0,0.0,2.75,1.14,2494.0,17813.0,61.7,4451.0,8636,225.0,8.05,2620.0,7.91,4280.0,3827.0,3810.0,0.0,0.0,139.0,7.77,0.0,15060.0,121.0,4.85,21.5,0.0,0.0,36.7,163.0,7.75,0.0,14420.0,118.0,5.61,15.3,0.0,0.0,36.8,167.0,8.16,620.0,0.0,,214.0,95.0,6.9,40.0,665.0,884.45,61.8,61.7,61.75,38.24,0.01,8636.0,0.40755,0.6997920000000001,0.00014099999999999998,1.107483,9564.223188,3519.6018000000004,879.9004500000001,7039203.600000001,,,,,,,,,,
2021-05-27,110.39,88.98,14.91,214.28,7.62,0.0,2.13,4.77,173462.0,0.0,0.0,0.0,6.35,4.41,84.0,38.0,,,7.93,31461.0,0.0,0.0,0.0,2.74,1.15,2563.0,17792.0,61.5,4169.0,84.0,38.0,,,7.92,32350.0,0.0,0.0,0.0,2.89,1.18,2418.0,17760.0,61.5,4554.0,8723,300.0,7.96,1660.0,7.9,9900.0,3738.0,4606.0,0.0,0.0,173.0,7.71,0.0,13030.0,164.0,4.09,14.5,0.0,0.0,36.1,168.0,7.79,0.0,15800.0,184.0,4.73,13.8,0.0,0.0,37.1,102.0,8.1,740.0,0.0,,247.0,152.0,8.9,40.0,671.9999999999998,893.7599999999998,61.5,61.5,61.5,38.49,0.01,8723.0,0.40590000000000004,0.704367,0.00014099999999999998,1.1104079999999998,9686.088983999998,3540.6657000000005,885.1664250000001,7081331.400000001,,,,,,,,,,
2021-05-28,136.25,41.63,14.86,192.74,7.56,3.59,2.19,4.8,175973.0,0.0,0.0,0.0,6.43,4.47,84.0,38.0,,,7.95,32610.0,6180.0,0.0,0.0,2.68,1.22,2673.0,17885.0,61.8,4097.0,84.0,38.0,,,7.94,34826.0,6165.0,0.0,0.0,2.75,1.17,2536.0,17629.0,61.8,4361.0,8458,315.0,8.03,1940.0,7.96,6760.0,4179.0,3668.0,0.0,0.0,167.0,7.76,0.0,15960.0,66.0,7.37,12.4,0.0,0.0,36.8,169.0,7.82,0.0,14200.0,72.0,5.03,9.5,0.0,0.0,37.4,350.0,8.17,760.0,0.0,,291.0,59.0,8.5,40.0,665.0,884.45,61.8,61.8,61.8,38.190000000000005,0.01,8458.0,0.40787999999999996,0.6988770000000001,0.00014099999999999998,1.106898,9362.143284,3449.8490399999996,862.4622599999999,6899698.079999999,,,,,,,,,,
2021-05-29,53.71,146.48,19.2,219.39,0.0,0.0,0.0,0.0,0.0,0.0,0.0,0.0,0.0,0.0,84.0,0.0,,,0.0,0.0,0.0,0.0,0.0,0.0,0.0,0.0,0.0,60.6,4062.0,84.0,,,,0.0,0.0,0.0,0.0,0.0,0.0,0.0,0.0,0.0,60.7,4291.0,8353,315.0,0.0,0.0,0.0,0.0,0.0,0.0,0.0,0.0,171.0,0.0,0.0,0.0,0.0,0.0,0.0,0.0,0.0,0.0,168.0,0.0,0.0,0.0,0.0,0.0,0.0,0.0,0.0,0.0,269.0,0.0,0.0,0.0,,0.0,0.0,0.0,40.0,798.0,1061.3400000000001,60.6,60.7,60.650000000000006,39.339999999999996,0.01,8353.0,0.40029000000000003,0.719922,0.00014099999999999998,1.120353,9358.308609,3343.6223700000005,835.9055925000001,6687244.740000001,,,,,,,,,,
2021-05-30,0.0,0.0,0.0,0.0,0.0,0.0,0.0,0.0,0.0,0.0,0.0,0.0,0.0,0.0,84.0,0.0,,,0.0,0.0,0.0,0.0,0.0,0.0,0.0,0.0,0.0,,3841.0,84.0,,,,0.0,0.0,0.0,0.0,0.0,0.0,0.0,0.0,0.0,,4065.0,7906,333.0,0.0,0.0,0.0,0.0,0.0,0.0,0.0,0.0,178.0,0.0,0.0,0.0,0.0,0.0,0.0,0.0,0.0,0.0,176.0,0.0,0.0,0.0,0.0,0.0,0.0,0.0,0.0,0.0,218.0,0.0,0.0,0.0,,0.0,0.0,0.0,40.0,665.0,884.45,,,,,,7906.0,,,,,,,,,,,,,,,,,,
2021-05-31,138.55,35.98,21.46,195.99,0.0,0.0,0.0,0.0,0.0,0.0,0.0,0.0,0.0,0.0,84.0,0.0,,,0.0,0.0,0.0,0.0,0.0,0.0,0.0,0.0,0.0,,3779.0,84.0,,,,0.0,0.0,0.0,0.0,0.0,0.0,0.0,0.0,0.0,,4018.0,7797,339.0,0.0,0.0,0.0,0.0,0.0,0.0,0.0,0.0,188.0,0.0,0.0,0.0,0.0,0.0,0.0,0.0,0.0,0.0,179.0,0.0,0.0,0.0,0.0,0.0,0.0,0.0,0.0,0.0,249.0,0.0,0.0,0.0,,0.0,0.0,0.0,40.0,665.0,884.45,,,,,,7797.0,,,,,,,,,,,,,,,,,,
2021-06-01,136.81,65.82,12.35,214.98,8.08,2.94,1.53,4.84,152307.0,7421.0,1235.0,3746.0,5.7,3.76,84.0,38.0,,,7.98,32818.0,6257.0,609.0,5329.0,2.6,1.04,2472.0,17625.0,61.2,3814.0,84.0,38.0,,,7.99,35629.0,6320.0,623.0,5542.0,2.87,1.01,2316.0,17719.0,62.1,4046.0,7860,338.0,8.16,1780.0,8.02,9080.0,3645.0,3466.0,282.0,3044.0,182.0,7.81,216.0,14000.0,65.0,10.26,8.6,0.14,6.5,36.3,180.0,7.92,224.0,16900.0,70.0,6.2,10.7,0.12,7.6,38.2,265.0,8.26,540.0,160.0,,166.0,54.0,6.0,40.0,665.0,884.45,61.2,62.1,61.650000000000006,38.339999999999996,0.01,7860.0,0.4068900000000001,0.701622,0.00014099999999999998,1.108653,8714.01258,3198.1554000000006,799.5388500000001,6396310.800000001,,,,,,,,,,
2021-06-02,81.76,202.75,22.84,307.35,7.86,0.0,1.62,4.82,156901.0,0.0,0.0,0.0,5.62,3.72,84.0,38.0,,,7.97,31924.0,0.0,0.0,0.0,2.59,1.01,2393.0,17724.0,61.5,3745.0,84.0,38.0,,,7.98,33734.0,0.0,0.0,0.0,2.78,1.03,2382.0,17673.0,61.4,3978.0,7723,323.0,8.18,1640.0,8.05,8640.0,4274.0,3518.0,0.0,0.0,183.0,7.84,0.0,13680.0,71.0,6.34,5.1,0.0,0.0,36.4,180.0,7.93,0.0,16640.0,65.0,4.41,6.5,0.0,0.0,38.0,285.0,8.24,560.0,0.0,,201.0,63.0,6.3,40.0,738.9999999999998,982.8699999999998,61.5,61.4,61.45,38.54,0.01,7723.0,0.40557000000000004,0.705282,0.00014099999999999998,1.110993,8580.198939,3132.2171100000005,783.0542775000001,6264434.220000001,,,,,,,,,,
2021-06-03,80.48,56.82,11.39,148.69,7.73,0.0,1.69,4.76,0.0,0.0,0.0,0.0,5.68,3.69,84.0,38.0,,,7.98,32520.0,0.0,0.0,0.0,2.58,1.03,2352.0,17811.0,61.0,3487.0,84.0,38.0,,,7.98,32793.0,0.0,0.0,0.0,2.73,1.05,2442.0,17825.0,61.1,3711.0,7198,377.0,8.13,1840.0,8.08,6880.0,3925.0,3485.0,0.0,0.0,170.0,7.83,0.0,13260.0,62.0,7.21,4.5,0.0,0.0,36.5,180.0,7.94,0.0,15920.0,68.0,3.62,5.8,0.0,0.0,38.1,287.0,8.15,520.0,0.0,,185.0,59.0,7.1,40.0,665.0,884.45,61.0,61.1,61.05,38.940000000000005,0.01,7198.0,0.40293,0.7126020000000001,0.00014099999999999998,1.115673,8030.614253999999,2900.29014,725.072535,5800580.28,,,,,,,,,,
2021-06-04,137.35,17.38,14.43,169.16,7.51,3.08,1.57,4.72,159524.0,0.0,0.0,0.0,5.51,3.54,84.0,38.0,,,7.96,31981.0,0.0,0.0,0.0,2.61,1.02,2196.0,17724.0,61.8,3471.0,84.0,38.0,,,7.97,34138.0,0.0,0.0,0.0,2.81,1.05,2276.0,17725.0,61.8,3666.0,7137,388.0,8.1,2160.0,8.13,4840.0,4832.0,3814.0,0.0,0.0,160.0,7.86,0.0,13920.0,88.0,6.28,8.1,0.0,0.0,36.3,184.0,7.92,0.0,16600.0,74.0,3.42,6.7,0.0,0.0,38.0,283.0,8.22,680.0,0.0,,231.0,69.0,6.8,40.0,665.0,884.45,61.8,61.8,61.8,38.190000000000005,0.01,7137.0,0.40787999999999996,0.6988770000000001,0.00014099999999999998,1.106898,7899.931025999999,2911.0395599999997,727.7598899999999,5822079.119999999,,,,,,,,,,
2021-06-05,53.65,41.93,19.87,115.44999999999999,0.0,0.0,0.0,0.0,0.0,0.0,0.0,0.0,0.0,0.0,91.0,0.0,,,0.0,0.0,0.0,0.0,0.0,0.0,0.0,0.0,0.0,,3610.0,91.0,,,,0.0,0.0,0.0,0.0,0.0,0.0,0.0,0.0,0.0,,3802.0,7412,399.0,0.0,0.0,0.0,0.0,0.0,0.0,0.0,0.0,186.0,0.0,0.0,0.0,0.0,0.0,0.0,0.0,0.0,0.0,185.0,0.0,0.0,0.0,0.0,0.0,0.0,0.0,0.0,0.0,294.0,0.0,0.0,0.0,,0.0,0.0,0.0,40.0,399.0,530.6700000000001,,,,,,7412.0,,,,,,,,,,,,,,,,,,
2021-06-06,0.0,0.0,0.0,0.0,0.0,0.0,0.0,0.0,0.0,0.0,0.0,0.0,0.0,0.0,84.0,0.0,,,0.0,0.0,0.0,0.0,0.0,0.0,0.0,0.0,0.0,,3333.0,84.0,,,,0.0,0.0,0.0,0.0,0.0,0.0,0.0,0.0,0.0,,3512.0,6845,339.0,0.0,0.0,0.0,0.0,0.0,0.0,0.0,0.0,187.0,0.0,0.0,0.0,0.0,0.0,0.0,0.0,0.0,0.0,183.0,0.0,0.0,0.0,0.0,0.0,0.0,0.0,0.0,0.0,325.0,0.0,0.0,0.0,,0.0,0.0,0.0,40.0,1064.0,1415.1200000000001,,,,,,6845.0,,,,,,,,,,,,,,,,,,
2021-06-07,165.75,128.45,22.53,316.73,8.1,3.19,2.03,4.89,140613.0,6428.0,1125.0,3092.0,4.58,2.98,86.0,38.1,,,8.01,30280.0,5948.0,584.0,4738.0,2.75,1.25,2515.0,17439.0,63.9,3471.0,86.0,38.0,,,8.0,32195.0,6135.0,606.0,4921.0,2.72,1.29,2439.0,17561.0,63.7,3649.0,7120,248.0,8.15,1460.0,8.05,8840.0,5735.0,4724.0,363.0,3513.0,182.0,7.72,304.0,15640.0,69.0,9.32,3.2,0.12,8.3,37.1,183.0,7.8,278.0,17380.0,83.0,6.96,6.3,0.17,7.5,38.3,286.0,8.16,580.0,175.0,,241.0,68.0,6.5,40.0,665.0,884.45,63.9,63.7,63.8,36.190000000000005,0.01,7120.0,0.42107999999999995,0.6622770000000001,0.00014099999999999998,1.083498,7714.505760000001,2998.0896,749.5224,5996179.199999999,,,,,,,,,,
2021-06-08,159.65,125.69,14.19,299.53,7.98,0.0,1.62,4.83,142844.0,0.0,0.0,0.0,4.63,3.02,88.0,38.1,,,8.02,29407.0,0.0,0.0,0.0,2.69,1.17,2507.0,17620.0,64.7,3823.0,88.0,38.0,,,8.02,31428.0,0.0,0.0,0.0,2.75,1.21,2383.0,17624.0,64.5,3989.0,7812,315.0,8.16,1860.0,8.11,9620.0,4827.0,4601.0,0.0,0.0,150.0,7.68,0.0,15940.0,89.0,6.71,10.1,0.0,0.0,37.4,174.0,7.82,0.0,16840.0,106.0,5.38,17.6,0.0,0.0,38.7,298.0,8.12,620.0,0.0,,236.0,75.0,7.2,40.0,665.0,884.45,64.7,64.5,64.6,35.39,0.01,7812.0,0.42635999999999996,0.647637,0.00014099999999999998,1.0741379999999998,8391.166055999998,3330.72432,832.68108,6661448.64,,,,,,,,,,
2021-06-09,107.71,89.66,21.39,218.76,8.14,0.0,1.86,5.07,167549.0,0.0,0.0,0.0,4.6,2.76,90.0,38.1,,,8.04,32509.0,6175.0,0.0,0.0,2.81,1.24,2582.0,17716.0,65.2,3946.0,90.0,38.0,,,8.04,36844.0,6552.0,0.0,0.0,2.91,1.24,2491.0,17829.0,65.1,4161.0,8107,273.0,7.73,1140.0,7.89,6300.0,3150.0,4016.0,0.0,0.0,161.0,7.81,0.0,13460.0,145.0,6.67,54.0,0.0,0.0,37.3,165.0,7.9,0.0,14560.0,140.0,4.63,44.5,0.0,0.0,38.9,350.0,8.05,640.0,0.0,,234.0,127.0,6.7,42.0,665.0,884.45,65.2,65.1,65.15,34.83999999999999,0.01,8107.0,0.42999000000000004,0.6375719999999998,0.00014099999999999998,1.0677029999999998,8655.868220999999,3485.9289300000005,871.4822325000001,6971857.860000001,,,,,,,,,,
2021-06-10,109.1,87.71,10.98,207.79,0.0,0.0,0.0,0.0,0.0,0.0,0.0,0.0,0.0,0.0,92.0,0.0,,,0.0,0.0,0.0,0.0,0.0,0.0,0.0,0.0,0.0,,4135.0,92.0,,,,0.0,0.0,0.0,0.0,0.0,0.0,0.0,0.0,0.0,,4347.0,8482,196.0,0.0,0.0,0.0,0.0,0.0,0.0,0.0,0.0,152.0,0.0,0.0,0.0,0.0,0.0,0.0,0.0,0.0,0.0,144.0,0.0,0.0,0.0,0.0,0.0,0.0,0.0,0.0,0.0,281.0,0.0,0.0,0.0,,0.0,0.0,0.0,42.0,665.0,884.45,,,,,,8482.0,,,,,,,,,,,,,,,,,,
2021-06-11,137.34,87.85,18.03,243.22,0.0,0.0,0.0,0.0,0.0,0.0,0.0,0.0,0.0,0.0,94.0,0.0,,,0.0,0.0,0.0,0.0,0.0,0.0,0.0,0.0,0.0,,4276.0,94.0,,,,0.0,0.0,0.0,0.0,0.0,0.0,0.0,0.0,0.0,,4512.0,8788,242.0,0.0,0.0,0.0,0.0,0.0,0.0,0.0,0.0,135.0,0.0,0.0,0.0,0.0,0.0,0.0,0.0,0.0,0.0,134.0,0.0,0.0,0.0,0.0,0.0,0.0,0.0,0.0,0.0,173.0,0.0,0.0,0.0,,0.0,0.0,0.0,42.0,651.0000000000006,865.8300000000008,,,,,,8788.0,,,,,,,,,,,,,,,,,,
2021-06-12,54.97,51.88,15.06,121.91,0.0,0.0,0.0,0.0,0.0,0.0,0.0,0.0,0.0,0.0,94.0,0.0,,,0.0,0.0,0.0,0.0,0.0,0.0,0.0,0.0,0.0,,4434.0,94.0,,,,0.0,0.0,0.0,0.0,0.0,0.0,0.0,0.0,0.0,,4602.0,9036,243.0,0.0,0.0,0.0,0.0,0.0,0.0,0.0,0.0,135.0,0.0,0.0,0.0,0.0,0.0,0.0,0.0,0.0,0.0,133.0,0.0,0.0,0.0,0.0,0.0,0.0,0.0,0.0,0.0,181.0,0.0,0.0,0.0,,0.0,0.0,0.0,42.0,665.0,884.45,,,,,,9036.0,,,,,,,,,,,,,,,,,,
2021-06-13,0.0,0.0,0.0,0.0,0.0,0.0,0.0,0.0,0.0,0.0,0.0,0.0,0.0,0.0,96.0,0.0,,,0.0,0.0,0.0,0.0,0.0,0.0,0.0,0.0,0.0,,4317.0,96.0,,,,0.0,0.0,0.0,0.0,0.0,0.0,0.0,0.0,0.0,,4590.0,8907,291.0,0.0,0.0,0.0,0.0,0.0,0.0,0.0,0.0,109.0,0.0,0.0,0.0,0.0,0.0,0.0,0.0,0.0,0.0,133.0,0.0,0.0,0.0,0.0,0.0,0.0,0.0,0.0,0.0,158.0,0.0,0.0,0.0,,0.0,0.0,0.0,44.0,665.0,884.45,,,,,,8907.0,,,,,,,,,,,,,,,,,,
2021-06-14,128.29,218.69,26.81,373.78999999999996,7.85,0.0,2.34,5.14,152793.0,6872.0,1137.0,3408.0,5.13,3.18,96.0,38.0,,,8.08,31164.0,6352.0,634.0,5249.0,2.9,1.24,2438.0,17938.0,67.9,4402.0,96.0,38.0,,,8.09,33754.0,6627.0,683.0,5436.0,2.94,1.27,2611.0,18102.0,67.7,4623.0,9025,316.0,8.02,1060.0,8.09,9600.0,4028.0,3807.0,402.0,3214.0,142.0,7.86,287.0,12840.0,81.0,7.25,8.4,0.11,7.6,37.5,112.0,7.93,275.0,16200.0,93.0,5.33,11.3,0.15,8.1,39.2,152.0,8.18,720.0,165.0,,258.0,79.0,7.6,44.0,665.0,884.45,67.9,67.7,67.80000000000001,32.18999999999998,0.01,9025.0,0.4474800000000001,0.5890769999999997,0.00014099999999999998,1.0366979999999997,9356.199449999996,4038.507000000001,1009.6267500000002,8077014.000000002,,,,,,,,,,
2021-06-15,187.55,113.54,15.98,317.07000000000005,8.1,0.0,2.05,5.18,160135.0,0.0,0.0,0.0,5.37,3.44,96.0,38.0,,,8.07,32445.0,0.0,0.0,0.0,2.86,1.21,2639.0,18027.0,67.3,4464.0,96.0,38.0,,,8.08,34169.0,0.0,0.0,0.0,2.92,1.21,2535.0,18272.0,67.3,4748.0,9212,321.0,8.05,1240.0,8.15,7480.0,4890.0,4182.0,0.0,0.0,149.0,7.84,0.0,12560.0,76.0,9.27,5.2,0.0,0.0,37.4,146.0,7.95,0.0,15560.0,103.0,10.2,15.4,0.0,0.0,39.2,175.0,8.13,620.0,0.0,,239.0,72.0,6.4,44.0,665.0,884.45,67.3,67.3,67.3,32.69,0.01,9212.0,0.44418,0.598227,0.00014099999999999998,1.0425479999999998,9603.952175999999,4091.78616,1022.94654,8183572.32,,,,,,,,,,
2021-06-16,163.35,111.21,18.06,292.62,0.0,0.0,0.0,0.0,0.0,0.0,0.0,0.0,0.0,0.0,98.0,0.0,,,0.0,0.0,0.0,0.0,0.0,0.0,0.0,0.0,0.0,,4822.0,98.0,,,,0.0,0.0,0.0,0.0,0.0,0.0,0.0,0.0,0.0,,5074.0,9896,360.0,0.0,0.0,0.0,0.0,0.0,0.0,0.0,0.0,157.0,0.0,0.0,0.0,0.0,0.0,0.0,0.0,0.0,0.0,158.0,0.0,0.0,0.0,0.0,0.0,0.0,0.0,0.0,0.0,150.0,0.0,0.0,0.0,,0.0,0.0,0.0,44.0,665.0,884.45,,,,,,9896.0,,,,,,,,,,,,,,,,,,
2021-06-17,135.96,57.64,13.41,207.01,0.0,0.0,0.0,0.0,0.0,0.0,0.0,0.0,0.0,0.0,98.0,0.0,,,0.0,0.0,0.0,0.0,0.0,0.0,0.0,0.0,0.0,,5147.0,98.0,,,,0.0,0.0,0.0,0.0,0.0,0.0,0.0,0.0,0.0,,5513.0,10660,395.0,0.0,0.0,0.0,0.0,0.0,0.0,0.0,0.0,168.0,0.0,0.0,0.0,0.0,0.0,0.0,0.0,0.0,0.0,167.0,0.0,0.0,0.0,0.0,0.0,0.0,0.0,0.0,0.0,182.0,0.0,0.0,0.0,,0.0,0.0,0.0,44.0,665.0,884.45,,,,,,10660.0,,,,,,,,,,,,,,,,,,
2021-06-18,164.5,18.26,14.09,196.85,0.0,0.0,0.0,0.0,0.0,0.0,0.0,0.0,0.0,0.0,100.0,0.0,,,0.0,0.0,0.0,0.0,0.0,0.0,0.0,0.0,0.0,,5486.0,100.0,,,,0.0,0.0,0.0,0.0,0.0,0.0,0.0,0.0,0.0,,5784.0,11270,332.0,0.0,0.0,0.0,0.0,0.0,0.0,0.0,0.0,146.0,0.0,0.0,0.0,0.0,0.0,0.0,0.0,0.0,0.0,173.0,0.0,0.0,0.0,0.0,0.0,0.0,0.0,0.0,0.0,245.0,0.0,0.0,0.0,,0.0,0.0,0.0,44.0,626.0000000000002,832.5800000000004,,,,,,11270.0,,,,,,,,,,,,,,,,,,
2021-06-19,105.8,88.82,20.27,214.89,0.0,0.0,0.0,0.0,0.0,0.0,0.0,0.0,0.0,0.0,100.0,0.0,,,0.0,0.0,0.0,0.0,0.0,0.0,0.0,0.0,0.0,,5352.0,100.0,,,,0.0,0.0,0.0,0.0,0.0,0.0,0.0,0.0,0.0,,5705.0,11057,281.0,0.0,0.0,0.0,0.0,0.0,0.0,0.0,0.0,178.0,0.0,0.0,0.0,0.0,0.0,0.0,0.0,0.0,0.0,176.0,0.0,0.0,0.0,0.0,0.0,0.0,0.0,0.0,0.0,293.0,0.0,0.0,0.0,,0.0,0.0,0.0,44.0,665.0,884.45,,,,,,11057.0,,,,,,,,,,,,,,,,,,
2021-06-20,0.0,0.0,0.0,0.0,0.0,0.0,0.0,0.0,0.0,0.0,0.0,0.0,0.0,0.0,100.0,0.0,,,0.0,0.0,0.0,0.0,0.0,0.0,0.0,0.0,0.0,,5228.0,100.0,,,,0.0,0.0,0.0,0.0,0.0,0.0,0.0,0.0,0.0,,5589.0,10817,349.0,0.0,0.0,0.0,0.0,0.0,0.0,0.0,0.0,178.0,0.0,0.0,0.0,0.0,0.0,0.0,0.0,0.0,0.0,164.0,0.0,0.0,0.0,0.0,0.0,0.0,0.0,0.0,0.0,266.0,0.0,0.0,0.0,,0.0,0.0,0.0,44.0,665.0,884.45,,,,,,10817.0,,,,,,,,,,,,,,,,,,
2021-06-21,218.94,134.98,24.69,378.61,0.0,0.0,0.0,0.0,0.0,0.0,0.0,0.0,0.0,0.0,100.0,0.0,,,0.0,0.0,0.0,0.0,0.0,0.0,0.0,0.0,0.0,,5383.0,100.0,,,,0.0,0.0,0.0,0.0,0.0,0.0,0.0,0.0,0.0,,5659.0,11042,335.0,0.0,0.0,0.0,0.0,0.0,0.0,0.0,0.0,179.0,0.0,0.0,0.0,0.0,0.0,0.0,0.0,0.0,0.0,149.0,0.0,0.0,0.0,0.0,0.0,0.0,0.0,0.0,0.0,288.0,0.0,0.0,0.0,,0.0,0.0,0.0,44.0,798.0,1061.3400000000001,,,,,,11042.0,,,,,,,,,,,,,,,,,,
2021-06-22,163.7,103.05,17.68,284.42999999999995,7.93,4.66,2.76,5.17,213489.0,8353.0,1546.0,4170.0,7.2,4.95,100.0,38.1,,,8.12,36154.0,6830.0,1043.0,4387.0,2.89,1.23,2719.0,18260.0,62.0,5156.0,100.0,38.0,,,8.13,35500.0,6892.0,727.0,4642.0,3.16,1.47,3028.0,18441.0,61.8,5520.0,10676,282.0,7.94,1340.0,8.01,9900.0,3949.0,4338.0,332.0,3404.0,178.0,7.89,248.0,14260.0,112.0,9.42,15.7,0.19,7.0,38.0,176.0,7.98,239.0,16300.0,96.0,11.61,12.2,0.14,7.6,40.3,297.0,8.19,680.0,0.0,,224.0,110.0,5.6,44.0,931.0,1238.23,62.0,61.8,61.9,38.09,0.01,10676.0,0.40854,0.697047,0.00014099999999999998,1.1057279999999998,11804.752127999998,4361.57304,1090.39326,8723146.08,,,,,,,,,,
2021-06-23,108.15,64.21,18.46,190.82,7.92,0.0,1.64,5.09,184399.0,7035.0,0.0,0.0,6.86,5.03,100.0,38.1,,,8.14,33312.0,6585.0,0.0,0.0,2.54,1.05,2649.0,18415.0,62.0,5191.0,100.0,38.0,,,8.15,35489.0,6972.0,0.0,0.0,2.79,1.28,2834.0,18162.0,61.9,5483.0,10674,302.0,8.12,1240.0,8.13,5060.0,3363.0,3543.0,0.0,0.0,176.0,7.95,0.0,13940.0,90.0,6.49,13.8,0.0,0.0,38.1,173.0,8.02,0.0,13700.0,106.0,10.41,26.5,0.0,0.0,40.2,266.0,8.23,740.0,0.0,,261.0,95.0,6.8,44.0,798.0,1061.3400000000001,62.0,61.9,61.95,38.04,0.01,10674.0,0.40887,0.6961320000000001,0.00014099999999999998,1.105143,11796.296382,4364.27838,1091.069595,8728556.76,,,,,,,,,,
2021-06-24,135.31,89.07,14.17,238.55,8.02,0.0,1.87,5.12,173429.0,0.0,0.0,0.0,6.69,4.74,100.0,38.1,,,8.15,32694.0,0.0,0.0,0.0,2.61,1.08,2773.0,18158.0,62.1,4980.0,100.0,38.0,,,8.15,34242.0,0.0,0.0,0.0,2.87,1.21,2871.0,17953.0,62.0,5269.0,10249,271.0,8.15,1080.0,8.15,6880.0,3825.0,3864.0,0.0,0.0,174.0,7.97,0.0,14340.0,106.0,7.16,22.8,0.0,0.0,38.2,172.0,8.05,0.0,14680.0,121.0,9.82,34.7,0.0,0.0,40.0,255.0,8.21,720.0,0.0,,257.0,104.0,7.1,44.0,798.0,1061.3400000000001,62.1,62.0,62.05,37.940000000000005,0.01,10249.0,0.40953,0.6943020000000001,0.00014099999999999998,1.103973,11314.619277000002,4197.27297,1049.3182425,8394545.94,,,,,,,,,,
2021-06-25,164.51,89.37,14.97,268.85,8.19,2.6,1.54,5.32,176869.0,6412.0,0.0,0.0,6.45,4.69,98.0,38.1,,,8.16,35845.0,6224.0,0.0,0.0,2.67,1.22,2849.0,18372.0,62.1,4653.0,98.0,38.0,,,8.16,35422.0,7009.0,0.0,0.0,2.54,1.01,2619.0,18235.0,61.9,5013.0,9666,333.0,8.28,1460.0,8.2,12100.0,4302.0,3526.0,0.0,0.0,175.0,8.02,0.0,13860.0,47.0,3.82,4.9,0.0,0.0,38.3,137.0,8.08,0.0,16360.0,51.0,4.29,4.1,0.0,0.0,40.3,251.0,8.29,640.0,0.0,,241.0,46.0,7.8,44.0,895.0000000000001,1190.3500000000001,62.1,61.9,62.0,37.99,0.01,9666.0,0.4092,0.6952170000000001,0.00014099999999999998,1.1045580000000002,10676.657628,3955.3272,988.8318,7910654.4,,,,,,,,,,
2021-06-26,48.57,0.0,20.58,69.15,0.0,0.0,0.0,0.0,0.0,0.0,0.0,0.0,0.0,0.0,96.0,0.0,,,0.0,0.0,0.0,0.0,0.0,0.0,0.0,0.0,0.0,,4241.0,96.0,,,,0.0,0.0,0.0,0.0,0.0,0.0,0.0,0.0,0.0,,4464.0,8705,246.0,0.0,0.0,0.0,0.0,0.0,0.0,0.0,0.0,174.0,0.0,0.0,0.0,0.0,0.0,0.0,0.0,0.0,0.0,172.0,0.0,0.0,0.0,0.0,0.0,0.0,0.0,0.0,0.0,241.0,0.0,0.0,0.0,,0.0,0.0,0.0,44.0,931.0,1238.23,,,,,,8705.0,,,,,,,,,,,,,,,,,,
2021-06-27,0.0,45.79,0.0,45.79,0.0,0.0,0.0,0.0,0.0,0.0,0.0,0.0,0.0,0.0,96.0,0.0,,,0.0,0.0,0.0,0.0,0.0,0.0,0.0,0.0,0.0,,4202.0,96.0,,,,0.0,0.0,0.0,0.0,0.0,0.0,0.0,0.0,0.0,,4423.0,8625,364.0,0.0,0.0,0.0,0.0,0.0,0.0,0.0,0.0,157.0,0.0,0.0,0.0,0.0,0.0,0.0,0.0,0.0,0.0,156.0,0.0,0.0,0.0,0.0,0.0,0.0,0.0,0.0,0.0,251.0,0.0,0.0,0.0,,0.0,0.0,0.0,44.0,798.0,1061.3400000000001,,,,,,8625.0,,,,,,,,,,,,,,,,,,
2021-06-28,273.36,93.08,24.7,391.14,8.1,3.12,1.68,5.16,167746.0,6538.0,1227.0,3238.0,5.62,3.67,96.0,38.0,,,8.1,34605.0,6472.0,742.0,4592.0,2.57,1.06,2684.0,18517.0,62.7,4069.0,96.0,38.0,,,8.11,33796.0,6638.0,636.0,4724.0,2.64,1.1,2731.0,18617.0,62.6,4328.0,8397,246.0,,0.0,8.18,7420.0,3859.0,3912.0,358.0,3205.0,156.0,7.95,279.0,14690.0,78.0,5.16,10.6,0.14,7.5,38.7,153.0,8.01,263.0,15920.0,86.0,8.29,13.5,0.18,8.1,40.3,242.0,8.24,620.0,154.0,,236.0,72.0,6.9,44.0,931.0,1238.23,62.7,62.6,62.650000000000006,37.339999999999996,0.01,8397.0,0.41349,0.683322,0.00014099999999999998,1.0969529999999998,9211.114340999999,3472.07553,868.0188825,6944151.0600000005,,,,,,,,,,
2021-06-29,111.22,89.5,16.03,216.75,7.94,0.0,1.79,5.27,170642.0,0.0,0.0,0.0,5.84,3.89,96.0,38.1,,,8.11,33640.0,0.0,0.0,0.0,2.62,1.09,2792.0,18354.0,63.1,3941.0,96.0,38.0,,,8.12,34661.0,0.0,0.0,0.0,2.71,1.05,2699.0,18381.0,62.9,4095.0,8036,238.0,8.21,1520.0,8.13,6440.0,3649.0,3601.0,0.0,0.0,157.0,7.97,0.0,15840.0,84.0,6.28,5.2,0.0,0.0,38.7,124.0,8.03,0.0,15560.0,73.0,4.94,7.8,0.0,0.0,40.2,226.0,8.26,740.0,0.0,,251.0,64.0,7.1,44.0,931.0,1238.23,63.1,62.9,63.0,36.99,0.01,8036.0,0.41580000000000006,0.6769170000000001,0.00014099999999999998,1.092858,8782.206888,3341.3688000000006,835.3422000000002,6682737.6000000015,,,,,,,,,,
2021-06-30,163.85,110.4,18.91,293.15999999999997,8.06,0.0,1.94,5.19,158408.0,0.0,0.0,0.0,5.49,3.42,96.0,38.1,,,8.14,32189.0,0.0,0.0,0.0,2.63,1.05,2612.0,18295.0,63.5,3822.0,96.0,38.0,,,8.16,33275.0,0.0,0.0,0.0,2.74,1.12,2774.0,18154.0,63.3,4017.0,7839,306.0,8.19,1440.0,8.17,6820.0,4104.0,3836.0,0.0,0.0,155.0,7.94,0.0,15120.0,66.0,3.76,4.2,0.0,0.0,38.8,154.0,7.99,0.0,14980.0,72.0,6.38,5.6,0.0,0.0,40.1,262.0,8.19,680.0,0.0,,262.0,69.0,6.9,44.0,798.0,1061.3400000000001,63.5,63.3,63.4,36.59,0.01,7839.0,0.41844000000000003,0.6695970000000001,0.00014099999999999998,1.088178,8530.227342,3280.1511600000003,820.0377900000001,6560302.32,,,,,,,,,,
2021-07-01,136.92,18.32,15.59,170.82999999999998,7.53,5.78,3.66,5.66,142085.0,0.0,0.0,0.0,4.55,3.08,98.0,38.1,,,7.87,36130.0,0.0,0.0,0.0,2.83,1.35,2819.0,18162.0,64.6,3838.0,98.0,,,,7.85,34705.0,0.0,0.0,0.0,2.76,1.27,2634.0,18236.0,64.5,3967.0,7805,363.0,7.94,1860.0,7.88,7820.0,4627.0,3981.0,0.0,0.0,122.0,7.78,0.0,14360.0,59.0,4.16,5.4,0.0,0.0,38.6,154.0,7.86,0.0,15620.0,67.0,5.72,6.5,0.0,0.0,39.9,322.0,8.02,720.0,0.0,,247.0,61.0,7.5,44.0,798.0,1061.3400000000001,64.6,64.5,64.55,35.44,0.01,7805.0,0.42603,0.648552,0.00014099999999999998,1.0747229999999999,8388.213015,3325.16415,831.2910375,6650328.3,,,,,,,,,,
2021-07-02,162.29,56.54,15.17,234.0,7.88,0.0,1.74,5.46,150639.0,0.0,0.0,0.0,5.27,3.36,104.0,38.0,,,7.88,31269.0,0.0,0.0,0.0,2.65,1.08,2533.0,18127.0,63.2,4126.0,104.0,38.0,,,7.86,34495.0,0.0,0.0,0.0,2.76,1.16,2762.0,17950.0,63.2,4317.0,8443,278.0,7.98,1560.0,7.94,7220.0,4527.0,4073.0,0.0,0.0,156.0,7.81,0.0,15260.0,75.0,3.94,5.3,0.0,0.0,38.6,153.0,7.94,0.0,16270.0,84.0,5.39,8.7,0.0,0.0,40.5,275.0,8.06,720.0,0.0,,239.0,75.0,7.5,44.0,1686.999999999999,2243.709999999999,63.2,63.2,63.2,36.79,0.01,8443.0,0.41712000000000005,0.673257,0.00014099999999999998,1.090518,9207.243474,3521.74416,880.43604,7043488.32,,,,,,,,,,
2021-07-03,80.61,89.01,21.23,190.85000000000002,0.0,0.0,0.0,0.0,0.0,0.0,0.0,0.0,0.0,0.0,108.0,0.0,,,0.0,0.0,0.0,0.0,0.0,0.0,0.0,0.0,0.0,,4388.0,108.0,,,,0.0,0.0,0.0,0.0,0.0,0.0,0.0,0.0,0.0,,4587.0,8975,381.0,0.0,0.0,0.0,0.0,0.0,0.0,0.0,0.0,163.0,0.0,0.0,0.0,0.0,0.0,0.0,0.0,0.0,0.0,149.0,0.0,0.0,0.0,0.0,0.0,0.0,0.0,0.0,0.0,325.0,0.0,0.0,0.0,,0.0,0.0,0.0,48.0,0.0,0.0,,,,,,8975.0,,,,,,,,,,,,,,,,,,
2021-07-04,0.0,67.63,0.0,67.63,0.0,0.0,0.0,0.0,0.0,0.0,0.0,0.0,0.0,0.0,108.0,0.0,,,0.0,0.0,0.0,0.0,0.0,0.0,0.0,0.0,0.0,,4247.0,108.0,,,,0.0,0.0,0.0,0.0,0.0,0.0,0.0,0.0,0.0,,4398.0,8645,363.0,0.0,0.0,0.0,0.0,0.0,0.0,0.0,0.0,170.0,0.0,0.0,0.0,0.0,0.0,0.0,0.0,0.0,0.0,151.0,0.0,0.0,0.0,0.0,0.0,0.0,0.0,0.0,0.0,239.0,0.0,0.0,0.0,,0.0,0.0,0.0,48.0,665.0,884.45,,,,,,8645.0,,,,,,,,,,,,,,,,,,
2021-07-05,218.69,159.13,27.19,405.01,7.54,0.0,2.58,5.84,133911.0,7351.0,1128.0,3443.0,4.62,2.27,108.0,38.0,,,7.96,37956.0,6742.0,685.0,6244.0,2.9,1.23,2738.0,17965.0,64.5,4035.0,108.0,38.0,,,8.0,34765.0,6461.0,638.0,6002.0,2.95,1.18,2841.0,18152.0,64.4,4236.0,8271,347.0,8.01,1140.0,8.04,15600.0,5115.0,4655.0,469.0,3863.0,184.0,7.79,284.0,12930.0,88.0,4.43,23.2,0.16,7.1,39.0,179.0,7.73,273.0,13340.0,114.0,23.21,13.5,0.12,8.2,41.7,248.0,7.97,670.0,0.0,,233.0,73.0,6.8,48.0,798.0,1061.3400000000001,64.5,64.4,64.45,35.53999999999999,0.01,8271.0,0.4253700000000001,0.6503819999999999,0.00014099999999999998,1.075893,8898.711003,3518.2352700000006,879.5588175000001,7036470.540000001,,,,,,,,,,
2021-07-06,218.51,79.22,15.09,312.82,7.87,0.0,2.12,5.78,142715.0,0.0,0.0,0.0,4.76,2.94,108.0,38.0,,,7.95,35482.0,0.0,0.0,0.0,2.85,1.18,2837.0,18142.0,63.9,4186.0,108.0,38.0,,,8.01,33854.0,0.0,0.0,0.0,2.91,1.15,2875.0,18036.0,63.8,4242.0,8428,374.0,8.04,1260.0,8.01,9460.0,4680.0,4127.0,0.0,0.0,153.0,,0.0,,,,,0.0,0.0,39.2,185.0,7.76,0.0,12960.0,86.0,6.94,16.7,0.0,0.0,41.8,122.0,8.01,680.0,0.0,,229.0,78.0,7.1,48.0,798.0,1061.3400000000001,63.9,63.8,63.849999999999994,36.14000000000001,0.01,8428.0,0.42141,0.6613620000000001,0.00014099999999999998,1.082913,9126.790764,3551.64348,887.91087,7103286.96,,,,,,,,,,
2021-07-07,22.16,18.66,162.82,203.64,7.92,3.16,1.71,5.69,138355.0,0.0,0.0,0.0,4.58,2.79,109.0,38.0,,,7.97,36236.0,0.0,0.0,0.0,2.84,1.17,2866.0,18352.0,64.0,4245.0,110.0,38.0,,,8.0,33614.0,0.0,0.0,0.0,2.89,1.12,2783.0,18169.0,63.9,4417.0,8662,386.0,7.98,1440.0,7.99,5680.0,4021.0,3864.0,0.0,0.0,183.0,7.69,0.0,13560.0,72.0,3.62,4.9,0.0,0.0,39.4,189.0,7.72,0.0,13680.0,77.0,7.21,8.4,0.0,0.0,40.5,307.0,7.96,580.0,0.0,,246.0,69.0,6.5,50.0,798.0,1061.3400000000001,64.0,63.9,63.95,36.04,0.01,8662.0,0.42207,0.659532,0.00014099999999999998,1.081743,9370.057866,3655.97034,913.992585,7311940.68,,,,,,,,,,
2021-07-08,185.0,88.58,12.36,285.94,7.68,0.0,1.89,5.74,145290.0,0.0,0.0,0.0,4.27,2.55,112.0,38.0,,,7.98,34338.0,0.0,0.0,0.0,2.89,1.2,2792.0,18217.0,64.2,4637.0,112.0,38.0,,,8.01,35192.0,0.0,0.0,0.0,2.78,1.09,2650.0,18315.0,64.1,4820.0,9457,411.0,7.94,1280.0,8.03,6220.0,4268.0,3937.0,0.0,0.0,194.0,7.71,0.0,14020.0,81.0,4.94,7.2,0.0,0.0,38.5,191.0,7.76,0.0,12540.0,69.0,3.76,5.1,0.0,0.0,40.2,350.0,7.94,540.0,0.0,,251.0,73.0,6.9,50.0,798.0,1061.3400000000001,64.2,64.1,64.15,35.83999999999999,0.01,9457.0,0.42339000000000004,0.6558719999999998,0.00014099999999999998,1.079403,10207.914170999999,4003.9992300000004,1000.9998075000001,8007998.460000001,,,,,,,,,,
2021-07-09,136.53,111.72,16.93,265.18,7.75,0.0,1.82,5.77,140260.0,0.0,0.0,0.0,4.84,2.98,114.0,38.0,,,8.0,33164.0,0.0,0.0,0.0,2.91,1.19,2947.0,18055.0,63.6,5304.0,114.0,,,,8.02,36965.0,0.0,0.0,0.0,2.92,1.16,2899.0,18046.0,63.5,5430.0,10734,437.0,7.98,1660.0,8.02,4660.0,3852.0,3712.0,0.0,0.0,196.0,7.66,0.0,14020.0,69.0,4.27,4.1,0.0,0.0,37.6,193.0,7.74,0.0,13120.0,79.0,8.12,4.9,0.0,0.0,39.4,350.0,7.95,640.0,0.0,,235.0,72.0,7.2,50.0,832.0,1106.56,63.6,63.5,63.55,36.440000000000005,0.01,10734.0,0.41942999999999997,0.6668520000000001,0.00014099999999999998,1.0864230000000001,11661.664482000002,4502.16162,1125.540405,9004323.24,,,,,,,,,,
2021-07-10,128.98,54.09,22.21,205.28,0.0,0.0,0.0,0.0,0.0,0.0,0.0,0.0,0.0,0.0,101.0,0.0,,,0.0,0.0,0.0,0.0,0.0,0.0,0.0,0.0,0.0,,5599.0,105.0,,,,0.0,0.0,0.0,0.0,0.0,0.0,0.0,0.0,0.0,,5321.0,10920,402.0,0.0,0.0,0.0,0.0,0.0,0.0,0.0,0.0,200.0,0.0,0.0,0.0,0.0,0.0,0.0,0.0,0.0,0.0,199.0,0.0,0.0,0.0,0.0,0.0,0.0,0.0,0.0,0.0,350.0,0.0,0.0,0.0,,0.0,0.0,0.0,48.0,1330.0,1768.9,,,,,,10920.0,,,,,,,,,,,,,,,,,,
2021-07-11,0.0,69.45,0.0,69.45,0.0,0.0,0.0,0.0,0.0,0.0,0.0,0.0,0.0,0.0,116.0,0.0,,,0.0,0.0,0.0,0.0,0.0,0.0,0.0,0.0,0.0,,6077.0,116.0,,,,0.0,0.0,0.0,0.0,0.0,0.0,0.0,0.0,0.0,,5745.0,11822,394.0,0.0,0.0,0.0,0.0,0.0,0.0,0.0,0.0,162.0,0.0,0.0,0.0,0.0,0.0,0.0,0.0,0.0,0.0,199.0,0.0,0.0,0.0,0.0,0.0,0.0,0.0,0.0,0.0,350.0,0.0,0.0,0.0,,0.0,0.0,0.0,52.0,532.0,707.5600000000001,,,,,,11822.0,,,,,,,,,,,,,,,,,,
2021-07-12,137.56,37.12,27.65,202.32999999999998,7.82,0.0,1.95,5.81,156275.0,6818.0,1207.0,3329.0,5.15,3.18,116.0,38.0,,,8.05,32068.0,6351.0,664.0,5849.0,2.86,1.15,2849.0,18164.0,64.6,6252.0,116.0,38.0,,,8.03,33811.0,6439.0,687.0,5954.0,2.95,1.19,2933.0,18264.0,64.5,5677.0,11929,362.0,7.94,2160.0,8.08,8860.0,4528.0,4052.0,417.0,3362.0,202.0,7.58,291.0,16240.0,104.0,5.36,13.9,0.31,7.5,37.0,200.0,7.65,286.0,15560.0,82.0,4.39,8.4,0.16,7.1,39.6,349.0,7.9,620.0,0.0,,251.0,81.0,6.8,52.0,798.0,1061.3400000000001,64.6,64.5,64.55,35.44,0.01,11929.0,0.42603,0.648552,0.00014099999999999998,1.0747229999999999,12820.370667,5082.111870000001,1270.5279675000002,10164223.740000002,,,,,,,,,,
2021-07-13,192.63,88.87,17.18,298.68,7.84,2.41,1.26,6.07,178226.0,0.0,0.0,0.0,6.46,4.28,116.0,38.0,,,7.99,34625.0,0.0,0.0,0.0,3.05,1.26,3095.0,17940.0,65.1,6392.0,116.0,38.0,,,8.01,36344.0,0.0,0.0,0.0,3.02,1.22,3264.0,18052.0,65.3,5739.0,12131,341.0,7.86,2560.0,7.98,7480.0,4091.0,4138.0,0.0,0.0,174.0,7.49,0.0,14600.0,168.0,7.28,71.2,0.0,0.0,37.2,153.0,7.56,0.0,15860.0,153.0,6.32,58.3,0.0,0.0,40.0,350.0,8.14,760.0,0.0,,263.0,121.0,7.4,52.0,1064.0,1415.1200000000001,65.1,65.3,65.19999999999999,34.790000000000006,0.01,12131.0,0.43032,0.6366570000000001,0.00014099999999999998,1.067118,12945.208458000001,5220.21192,1305.05298,10440423.84,,,,,,,,,,
2021-07-14,189.79,182.85,23.79,396.42999999999995,7.83,0.0,2.08,6.33,174314.0,6428.0,0.0,0.0,5.78,4.14,116.0,38.0,,,7.96,34050.0,6149.0,0.0,0.0,3.24,1.45,3427.0,17860.0,66.2,6300.0,116.0,38.0,,,8.0,34984.0,6441.0,0.0,0.0,2.9,1.38,3195.0,18154.0,66.5,5502.0,11802,339.0,8.13,3400.0,8.02,4460.0,3581.0,4209.0,0.0,0.0,191.0,7.35,0.0,14100.0,247.0,4.01,143.0,,0.0,37.7,198.0,7.47,0.0,15900.0,237.0,27.45,131.0,,0.0,40.6,350.0,7.99,4600.0,0.0,,208.0,204.0,6.2,60.0,931.0,1238.23,66.2,66.5,66.35,33.64,0.01,11802.0,0.43790999999999997,0.615612,0.00014099999999999998,1.053663,12435.330726,5168.21382,1292.053455,10336427.64,,,,,,,,,,
2021-07-15,159.97,76.04,15.48,251.49,7.79,0.0,1.9,6.38,168829.0,0.0,0.0,0.0,5.42,3.56,116.0,38.0,,,7.95,33825.0,0.0,0.0,0.0,3.09,1.35,3264.0,17956.0,66.1,6304.0,116.0,38.0,,,7.99,35160.0,0.0,0.0,0.0,2.9,1.29,3018.0,18384.0,66.3,5425.0,11729,343.0,8.08,2880.0,7.97,6420.0,4159.0,4167.0,0.0,0.0,174.0,7.48,0.0,13880.0,314.0,6.51,196.0,0.0,0.0,38.3,151.0,7.51,0.0,16240.0,295.0,12.21,174.0,0.0,0.0,40.8,350.0,8.04,640.0,0.0,,217.0,224.0,6.9,60.0,931.0,1238.23,66.1,66.3,66.19999999999999,33.790000000000006,0.01,11729.0,0.4369199999999999,0.6183570000000002,0.00014099999999999998,1.055418,12378.997722,5124.634679999999,1281.1586699999998,10249269.359999998,,,,,,,,,,
2021-07-16,165.84,0.0,17.5,183.34,7.88,3.17,1.84,6.26,155394.0,0.0,0.0,0.0,5.16,3.37,116.0,0.0,,,7.95,35281.0,0.0,0.0,0.0,3.07,1.29,3188.0,18072.0,66.2,6415.0,116.0,38.0,,,8.0,33582.0,0.0,0.0,0.0,2.93,1.26,2959.0,18169.0,66.5,5489.0,11904,364.0,8.04,2060.0,7.95,7240.0,5805.0,4286.0,0.0,0.0,184.0,7.45,0.0,14260.0,292.0,4.25,198.0,0.0,0.0,38.5,191.0,7.53,0.0,15880.0,269.0,5.37,168.0,0.0,0.0,41.4,350.0,8.08,680.0,0.0,,241.0,216.0,7.1,60.0,773.9999999999997,1029.4199999999996,66.2,66.5,66.35,33.64,0.01,11904.0,0.43790999999999997,0.615612,0.00014099999999999998,1.053663,12542.804352000001,5212.880639999999,1303.2201599999999,10425761.28,,,,,,,,,,
2021-07-17,161.46,158.06,23.45,342.97,0.0,0.0,0.0,0.0,0.0,0.0,0.0,0.0,0.0,0.0,116.0,0.0,,,0.0,0.0,0.0,0.0,0.0,0.0,0.0,0.0,0.0,,6524.0,116.0,,,,0.0,0.0,0.0,0.0,0.0,0.0,0.0,0.0,0.0,,5666.0,12190,503.0,0.0,0.0,0.0,0.0,0.0,0.0,0.0,0.0,195.0,0.0,0.0,0.0,0.0,0.0,0.0,0.0,0.0,0.0,192.0,0.0,0.0,0.0,0.0,0.0,0.0,0.0,0.0,0.0,350.0,0.0,0.0,0.0,,0.0,0.0,0.0,60.0,798.0,1061.3400000000001,,,,,,12190.0,,,,,,,,,,,,,,,,,,
2021-07-18,0.0,44.95,0.0,44.95,0.0,0.0,0.0,0.0,0.0,0.0,0.0,0.0,0.0,0.0,116.0,0.0,,,0.0,0.0,0.0,0.0,0.0,0.0,0.0,0.0,0.0,,6369.0,116.0,,,,0.0,0.0,0.0,0.0,0.0,0.0,0.0,0.0,0.0,,5452.0,11821,380.0,0.0,0.0,0.0,0.0,0.0,0.0,0.0,0.0,194.0,0.0,0.0,0.0,0.0,0.0,0.0,0.0,0.0,0.0,154.0,0.0,0.0,0.0,0.0,0.0,0.0,0.0,0.0,0.0,350.0,0.0,0.0,0.0,,0.0,0.0,0.0,60.0,931.0,1238.23,,,,,,11821.0,,,,,,,,,,,,,,,,,,
2021-07-19,219.68,41.74,29.24,290.66,7.97,0.0,1.46,6.49,148872.0,6516.0,1268.0,0.0,5.09,3.48,116.0,38.0,,,8.04,32880.0,6137.0,629.0,5740.0,2.92,1.34,3229.0,18260.0,66.5,6080.0,116.0,38.0,,,8.08,34492.0,6272.0,661.0,5835.0,3.17,1.48,3484.0,17829.0,66.3,5098.0,11178,362.0,7.8,0.0,7.6,1220.0,5460.0,4416.0,,0.0,194.0,7.91,273.0,10940.0,79.0,5.21,7.2,0.21,7.6,39.9,192.0,8.03,263.0,15240.0,85.0,6.28,9.4,0.12,8.1,43.2,350.0,8.35,720.0,0.0,,250.0,76.0,7.1,60.0,931.0,1238.23,66.5,66.3,66.4,33.58999999999999,0.01,11178.0,0.4382400000000001,0.6146969999999998,0.00014099999999999998,1.053078,11771.305884,4898.646720000001,1224.6616800000002,9797293.440000001,,,,,,,,,,
2021-07-20,216.3,57.56,19.86,293.72,7.85,0.0,1.43,6.37,143520.0,0.0,0.0,0.0,4.9,2.97,116.0,38.0,,,8.02,36720.0,0.0,0.0,0.0,3.21,1.54,3520.0,18016.0,66.2,5946.0,116.0,38.0,,,8.07,35461.0,0.0,0.0,0.0,3.19,1.45,3610.0,17750.0,66.4,5119.0,11065,369.0,7.91,2680.0,7.74,8260.0,4225.0,4135.0,0.0,0.0,157.0,7.88,0.0,11360.0,86.0,7.49,10.4,0.0,0.0,40.1,196.0,7.98,0.0,14860.0,112.0,10.51,16.8,0.0,0.0,43.4,321.0,8.26,640.0,0.0,,236.0,84.0,6.5,60.0,931.0,1238.23,66.2,66.4,66.30000000000001,33.68999999999998,0.01,11065.0,0.4375800000000001,0.6165269999999997,0.00014099999999999998,1.0542479999999996,11665.254119999996,4841.822700000001,1210.4556750000002,9683645.4,,,,,,,,,,
2021-07-21,185.72,61.27,23.78,270.77,7.76,3.14,1.69,6.41,156028.0,0.0,0.0,0.0,5.12,3.36,118.0,38.0,,,8.05,35162.0,0.0,0.0,0.0,3.15,1.45,3350.0,18530.0,65.7,6104.0,118.0,38.0,,,8.08,35830.0,0.0,0.0,0.0,3.14,1.39,3472.0,18063.0,65.9,5383.0,11487,366.0,7.96,2880.0,7.8,5240.0,4316.0,4194.0,0.0,0.0,179.0,7.84,0.0,12060.0,92.0,6.94,14.3,0.0,0.0,39.9,159.0,7.96,0.0,15080.0,98.0,5.36,12.4,0.0,0.0,43.7,251.0,8.19,680.0,0.0,,244.0,87.0,6.9,60.0,874.9999999999997,1163.7499999999995,65.7,65.9,65.80000000000001,34.18999999999998,0.01,11487.0,0.4342800000000001,0.6256769999999997,0.00014099999999999998,1.0600979999999998,12177.345725999998,4988.574360000001,1247.1435900000004,9977148.720000003,,,,,,,,,,
2021-07-22,190.72,64.38,17.01,272.11,7.63,0.0,2.43,5.97,144920.0,0.0,0.0,0.0,4.8,3.19,118.0,38.0,,,8.07,34152.0,0.0,0.0,0.0,3.16,1.51,3431.0,18420.0,66.3,6159.0,118.0,38.0,,,8.1,34708.0,0.0,0.0,0.0,3.06,1.46,3340.0,18211.0,66.6,5530.0,11689,394.0,7.71,2460.0,7.72,8840.0,4861.0,4338.0,0.0,0.0,187.0,7.83,0.0,11560.0,,13.5,6.7,0.0,0.0,39.9,200.0,7.92,0.0,14240.0,94.0,9.42,5.7,0.0,0.0,43.7,301.0,8.14,760.0,0.0,,252.0,82.0,7.2,60.0,931.0,1238.23,66.3,66.6,66.44999999999999,33.540000000000006,0.01,11689.0,0.4385699999999999,0.6137820000000002,0.00014099999999999998,1.052493,12302.590676999998,5126.444729999999,1281.6111824999998,10252889.459999999,,,,,,,,,,
2021-07-23,189.61,134.84,18.91,343.36,7.79,0.0,2.17,6.12,153861.0,0.0,0.0,0.0,4.86,3.12,116.0,38.0,,,8.07,32306.0,0.0,0.0,0.0,3.18,1.46,3293.0,18696.0,66.2,6229.0,116.0,38.0,,,8.1,35279.0,0.0,0.0,0.0,3.11,1.42,3473.0,18305.0,66.7,5578.0,11807,464.0,7.8,2140.0,7.79,4620.0,3825.0,4015.0,0.0,0.0,175.0,,0.0,,,,,0.0,0.0,39.8,200.0,7.95,0.0,14620.0,121.0,20.5,5.2,0.0,0.0,43.8,255.0,8.2,660.0,0.0,,228.0,98.0,6.8,58.0,931.0,1238.23,66.2,66.7,66.45,33.53999999999999,0.01,11807.0,0.43857000000000007,0.6137819999999998,0.00014099999999999998,1.052493,12426.784850999999,5178.195990000001,1294.5489975000003,10356391.980000002,,,,,,,,,,
2021-07-24,164.21,102.46,24.77,291.44,0.0,0.0,0.0,0.0,0.0,0.0,0.0,0.0,0.0,0.0,116.0,0.0,,,0.0,0.0,0.0,0.0,0.0,0.0,0.0,0.0,0.0,,6280.0,116.0,,,,0.0,0.0,0.0,0.0,0.0,0.0,0.0,0.0,0.0,,5689.0,11969,438.0,0.0,0.0,0.0,0.0,0.0,0.0,0.0,0.0,209.0,0.0,0.0,0.0,0.0,0.0,0.0,0.0,0.0,0.0,188.0,0.0,0.0,0.0,0.0,0.0,0.0,0.0,0.0,0.0,300.0,0.0,0.0,0.0,,0.0,0.0,0.0,56.0,665.0,884.45,,,,,,11969.0,,,,,,,,,,,,,,,,,,
2021-07-25,24.14,0.0,0.0,24.14,0.0,0.0,0.0,0.0,0.0,0.0,0.0,0.0,0.0,0.0,114.0,0.0,,,0.0,0.0,0.0,0.0,0.0,0.0,0.0,0.0,0.0,,6338.0,113.0,,,,0.0,0.0,0.0,0.0,0.0,0.0,0.0,0.0,0.0,,5680.0,12018,464.0,0.0,0.0,0.0,0.0,0.0,0.0,0.0,0.0,209.0,0.0,0.0,0.0,0.0,0.0,0.0,0.0,0.0,0.0,180.0,0.0,0.0,0.0,0.0,0.0,0.0,0.0,0.0,0.0,350.0,0.0,0.0,0.0,,0.0,0.0,0.0,56.0,931.0,1238.23,,,,,,12018.0,,,,,,,,,,,,,,,,,,
2021-07-26,211.47,37.73,30.45,279.65,7.69,0.0,1.7,5.69,192433.0,6638.0,1205.0,0.0,5.21,3.26,111.0,38.0,,,8.11,37070.0,6299.0,595.0,5543.0,2.87,1.13,3140.0,18305.0,66.1,6384.0,112.0,38.0,,,8.14,36384.0,6535.0,617.0,5727.0,2.74,0.99,3072.0,18139.0,66.3,5777.0,12161,439.0,7.88,4300.0,8.05,7740.0,5718.0,4845.0,429.0,3926.0,208.0,7.83,279.0,12160.0,124.0,6.27,6.4,0.25,7.4,40.0,200.0,7.94,285.0,13460.0,112.0,10.2,8.4,0.16,7.8,42.8,350.0,8.16,680.0,0.0,,264.0,96.0,7.2,56.0,931.0,1238.23,66.1,66.3,66.19999999999999,33.790000000000006,0.01,12161.0,0.4369199999999999,0.6183570000000002,0.00014099999999999998,1.055418,12834.938298,5313.384119999999,1328.3460299999997,10626768.239999998,,,,,,,,,,
2021-07-27,218.11,91.45,17.67,327.23,7.74,3.27,1.84,5.83,169540.0,0.0,0.0,0.0,5.46,3.48,108.0,38.0,,,8.1,37643.0,0.0,0.0,0.0,3.05,1.28,3361.0,18472.0,65.9,6538.0,110.0,38.0,,,8.12,37120.0,0.0,0.0,0.0,2.95,1.14,3165.0,18205.0,66.1,5937.0,12475,379.0,7.83,3840.0,8.01,6860.0,5283.0,4430.0,0.0,0.0,208.0,7.81,0.0,12820.0,102.0,7.39,4.5,0.0,0.0,40.0,199.0,7.9,0.0,14120.0,120.0,5.84,11.6,0.0,0.0,42.7,350.0,8.21,720.0,0.0,,239.0,87.0,7.5,53.0,997.0000000000001,1326.0100000000002,65.9,66.1,66.0,33.989999999999995,0.01,12475.0,0.43560000000000004,0.6220169999999999,0.00014099999999999998,1.057758,13195.53105,5434.110000000001,1358.5275000000001,10868220.000000002,,,,,,,,,,
2021-07-28,209.63,133.48,26.33,369.44,7.98,0.0,2.13,5.76,173852.0,0.0,0.0,0.0,5.68,3.56,112.0,38.0,,,8.12,,0.0,0.0,0.0,3.14,1.48,3472.0,18275.0,65.1,6866.0,112.0,38.0,,,8.15,36731.0,0.0,0.0,0.0,3.08,1.26,3328.0,18192.0,65.2,6213.0,13079,429.0,7.88,2860.0,8.07,4220.0,4360.0,4173.0,0.0,0.0,210.0,,0.0,,,,,0.0,0.0,40.0,200.0,7.95,0.0,13840.0,116.0,6.81,4.8,0.0,0.0,42.4,346.0,8.15,760.0,0.0,,273.0,92.0,8.1,54.0,931.0,1238.23,65.1,65.2,65.15,34.83999999999999,0.01,13079.0,0.42999000000000004,0.6375719999999998,0.00014099999999999998,1.0677029999999998,13964.487536999997,5623.83921,1405.9598025,11247678.42,,,,,,,,,,
2021-07-29,241.33,84.5,16.66,342.49,0.0,0.0,0.0,0.0,0.0,0.0,0.0,0.0,0.0,0.0,112.0,0.0,,,0.0,0.0,0.0,0.0,0.0,0.0,0.0,0.0,0.0,,6956.0,112.0,,,,0.0,0.0,0.0,0.0,0.0,0.0,0.0,0.0,0.0,,6239.0,13195,441.0,0.0,0.0,0.0,0.0,0.0,0.0,0.0,0.0,208.0,0.0,0.0,0.0,0.0,0.0,0.0,0.0,0.0,0.0,199.0,0.0,0.0,0.0,0.0,0.0,0.0,0.0,0.0,0.0,350.0,0.0,0.0,0.0,,0.0,0.0,0.0,54.0,931.0,1238.23,,,,,,13195.0,,,,,,,,,,,,,,,,,,
2021-07-30,218.34,84.22,18.24,320.8,0.0,0.0,0.0,0.0,0.0,0.0,0.0,0.0,0.0,0.0,112.0,0.0,,,0.0,0.0,0.0,0.0,0.0,0.0,0.0,0.0,0.0,,7144.0,112.0,,,,0.0,0.0,0.0,0.0,0.0,0.0,0.0,0.0,0.0,,6450.0,13594,481.0,0.0,0.0,0.0,0.0,0.0,0.0,0.0,0.0,209.0,0.0,0.0,0.0,0.0,0.0,0.0,0.0,0.0,0.0,199.0,0.0,0.0,0.0,0.0,0.0,0.0,0.0,0.0,0.0,350.0,0.0,0.0,0.0,,0.0,0.0,0.0,54.0,798.0,1061.3400000000001,,,,,,13594.0,,,,,,,,,,,,,,,,,,
2021-07-31,135.51,89.49,26.45,251.45,0.0,0.0,0.0,0.0,0.0,0.0,0.0,0.0,0.0,0.0,112.0,0.0,,,0.0,0.0,0.0,0.0,0.0,0.0,0.0,0.0,0.0,,7157.0,112.0,,,,0.0,0.0,0.0,0.0,0.0,0.0,0.0,0.0,0.0,,6448.0,13605,430.0,0.0,0.0,0.0,0.0,0.0,0.0,0.0,0.0,210.0,0.0,0.0,0.0,0.0,0.0,0.0,0.0,0.0,0.0,199.0,0.0,0.0,0.0,0.0,0.0,0.0,0.0,0.0,0.0,350.0,0.0,0.0,0.0,,0.0,0.0,0.0,54.0,931.0,1238.23,,,,,,13605.0,,,,,,,,,,,,,,,,,,
2021-08-01,28.57,46.39,0.0,74.96000000000001,0.0,0.0,0.0,0.0,0.0,0.0,0.0,0.0,0.0,0.0,112.0,0.0,,,0.0,0.0,0.0,0.0,0.0,0.0,0.0,0.0,0.0,,7256.0,112.0,,,,0.0,0.0,0.0,0.0,0.0,0.0,0.0,0.0,0.0,,6586.0,13842,442.0,0.0,0.0,0.0,0.0,0.0,0.0,0.0,0.0,208.0,0.0,0.0,0.0,0.0,0.0,0.0,0.0,0.0,0.0,200.0,0.0,0.0,0.0,0.0,0.0,0.0,0.0,0.0,0.0,350.0,0.0,0.0,0.0,,0.0,0.0,0.0,54.0,665.0,884.45,,,,,,13842.0,,,,,,,,,,,,,,,,,,
2021-08-02,220.32,90.09,28.66,339.07,7.87,0.0,1.17,4.59,182973.0,6438.0,1315.0,3129.0,7.44,5.52,110.0,38.0,,,7.98,36059.0,6147.0,636.0,5739.0,2.91,1.15,3266.0,17890.0,61.1,7130.0,110.0,38.0,,,8.02,35742.0,6285.0,596.0,5862.0,2.85,1.18,3425.0,18163.0,61.2,6398.0,13528,399.0,7.79,2640.0,7.92,6440.0,6231.0,4729.0,513.0,3754.0,165.0,7.76,265.0,13440.0,102.0,4.26,3.9,0.16,6.8,41.3,199.0,7.85,286.0,14690.0,128.0,8.4,5.3,0.26,7.3,43.0,350.0,8.1,640.0,0.0,,252.0,83.0,6.5,56.0,931.0,1238.23,61.1,61.2,61.150000000000006,38.839999999999996,0.01,13528.0,0.4035900000000001,0.710772,0.00014099999999999998,1.114503,15076.996584,5459.765520000002,1364.9413800000004,10919531.040000003,,,,,,,,,,
2021-08-03,178.46,76.86,16.95,272.27,7.78,0.0,1.65,4.75,169720.0,0.0,0.0,0.0,6.85,5.1,108.0,38.0,,,8.0,37295.0,0.0,0.0,0.0,2.98,1.21,3196.0,17724.0,61.6,6850.0,108.0,38.0,,,8.04,36280.0,0.0,0.0,0.0,2.91,1.15,3361.0,17905.0,61.8,6086.0,12936,429.0,7.79,3120.0,7.85,7680.0,5613.0,4537.0,0.0,0.0,208.0,7.72,0.0,12860.0,115.0,6.94,7.6,0.0,0.0,41.4,200.0,7.82,0.0,14240.0,119.0,4.8,11.6,0.0,0.0,42.7,350.0,8.17,620.0,0.0,,243.0,98.0,6.8,56.0,1040.9999999999998,1384.5299999999997,61.6,61.8,61.7,38.29,0.01,12936.0,0.40722,0.700707,0.00014099999999999998,1.108068,14333.967648,5267.79792,1316.94948,10535595.84,,,,,,,,,,
2021-08-04,216.44,92.33,26.25,335.02,7.85,3.16,1.68,4.84,175205.0,0.0,0.0,0.0,6.58,4.81,108.0,38.0,,,8.02,35830.0,0.0,0.0,0.0,2.96,1.16,3042.0,17938.0,61.5,6828.0,108.0,38.8,,,8.05,36493.0,0.0,0.0,0.0,2.98,1.21,3220.0,18097.0,61.6,6063.0,12891,466.0,7.86,2480.0,7.95,6960.0,5160.0,4195.0,0.0,0.0,206.0,7.71,0.0,12420.0,95.0,7.24,5.2,0.0,0.0,41.3,200.0,7.79,0.0,13520.0,107.0,5.19,8.4,0.0,0.0,42.8,350.0,8.23,740.0,0.0,,263.0,84.0,7.2,56.0,1064.0,1415.1200000000001,61.5,61.6,61.55,38.440000000000005,0.01,12891.0,0.40623,0.7034520000000001,0.00014099999999999998,1.109823,14306.728293,5236.71093,1309.1777325,10473421.860000001,,,,,,,,,,
2021-08-05,216.45,89.31,17.16,322.91999999999996,7.99,0.0,1.92,4.33,193605.0,0.0,0.0,0.0,7.5,5.84,108.0,38.0,,,8.03,37443.0,0.0,0.0,0.0,3.05,1.29,3276.0,17769.0,61.1,6866.0,108.0,38.8,,,8.07,35196.0,0.0,0.0,0.0,2.86,1.24,3452.0,17872.0,61.2,6050.0,12916,404.0,8.05,2440.0,7.95,14220.0,8740.0,5064.0,0.0,0.0,207.0,7.79,0.0,14860.0,132.0,10.3,8.6,0.0,0.0,41.3,200.0,7.85,0.0,15720.0,167.0,32.6,7.5,0.0,0.0,43.0,350.0,8.21,720.0,0.0,,281.0,112.0,7.6,56.0,931.0,1238.23,61.1,61.2,61.150000000000006,38.839999999999996,0.01,12916.0,0.4035900000000001,0.710772,0.00014099999999999998,1.114503,14394.920748,5212.768440000002,1303.1921100000004,10425536.880000003,,,,,,,,,,
2021-08-06,235.4,87.75,18.67,341.82,7.99,0.0,1.35,4.32,156748.0,5299.0,0.0,0.0,7.28,5.43,108.0,38.0,,,8.06,41480.0,0.0,0.0,0.0,2.8,1.07,3394.0,17625.0,60.7,6923.0,108.0,38.8,,,8.1,39745.0,0.0,0.0,0.0,2.73,1.05,3134.0,17699.0,60.9,6185.0,13108,409.0,7.88,3260.0,7.86,9840.0,6631.0,4625.0,0.0,0.0,166.0,7.76,0.0,15360.0,118.0,5.34,6.9,0.0,0.0,41.4,199.0,7.86,0.0,16220.0,139.0,10.3,8.2,0.0,0.0,43.1,350.0,8.19,680.0,0.0,,269.0,104.0,7.1,56.0,931.0,1238.23,60.7,60.9,60.8,39.190000000000005,0.01,13108.0,0.40128,0.7171770000000001,0.00014099999999999998,1.118598,14662.582584,5259.97824,1314.99456,10519956.48,,,,,,,,,,
2021-08-07,78.1,56.42,25.92,160.44,0.0,0.0,0.0,0.0,0.0,0.0,0.0,0.0,0.0,0.0,108.0,0.0,,,0.0,0.0,0.0,0.0,0.0,0.0,0.0,0.0,0.0,,7009.0,108.0,,,,0.0,0.0,0.0,0.0,0.0,0.0,0.0,0.0,0.0,,6274.0,13283,416.0,0.0,0.0,0.0,0.0,0.0,0.0,0.0,0.0,209.0,0.0,0.0,0.0,0.0,0.0,0.0,0.0,0.0,0.0,200.0,0.0,0.0,0.0,0.0,0.0,0.0,0.0,0.0,0.0,350.0,0.0,0.0,0.0,,0.0,0.0,0.0,56.0,931.0,1238.23,,,,,,13283.0,,,,,,,,,,,,,,,,,,
2021-08-08,25.04,0.0,0.0,25.04,0.0,0.0,0.0,0.0,0.0,0.0,0.0,0.0,0.0,0.0,108.0,0.0,,,0.0,0.0,0.0,0.0,0.0,0.0,0.0,0.0,0.0,,6964.0,108.0,,,,0.0,0.0,0.0,0.0,0.0,0.0,0.0,0.0,0.0,,6111.0,13075,459.0,0.0,0.0,0.0,0.0,0.0,0.0,0.0,0.0,208.0,0.0,0.0,0.0,0.0,0.0,0.0,0.0,0.0,0.0,200.0,0.0,0.0,0.0,0.0,0.0,0.0,0.0,0.0,0.0,350.0,0.0,0.0,0.0,,0.0,0.0,0.0,56.0,931.0,1238.23,,,,,,13075.0,,,,,,,,,,,,,,,,,,
2021-08-09,212.98,38.42,28.0,279.4,7.89,0.0,1.56,4.34,187167.0,6588.0,1212.0,2724.0,7.33,5.56,108.0,38.0,,,8.01,37196.0,6330.0,827.0,5334.0,3.01,1.26,3475.0,17389.0,60.8,6969.0,108.0,38.8,,,8.05,36484.0,6848.0,862.0,5754.0,2.85,1.0,3192.0,17627.0,60.9,6097.0,13066,406.0,7.87,2400.0,7.79,18100.0,5709.0,5428.0,718.0,4209.0,209.0,7.99,304.0,18300.0,206.0,6.73,9.8,0.31,13.4,41.7,200.0,8.0,212.0,16300.0,113.0,5.28,16.0,0.17,9.2,43.3,350.0,8.31,760.0,169.0,,248.0,149.0,6.8,56.0,907.9999999999997,1207.6399999999996,60.8,60.9,60.849999999999994,39.14000000000001,0.01,13066.0,0.40161,0.7162620000000001,0.00014099999999999998,1.1180130000000001,14607.957858000002,5247.43626,1311.859065,10494872.520000001,,,,,,,,,,
2021-08-10,185.56,89.49,17.87,292.92,7.92,3.12,1.98,4.41,176442.0,0.0,0.0,0.0,7.41,5.48,108.0,38.0,,,8.02,36609.0,0.0,0.0,0.0,3.06,1.22,3232.0,17461.0,60.9,6927.0,108.0,38.8,,,8.05,37168.0,0.0,0.0,0.0,2.96,1.17,3416.0,17814.0,61.1,6123.0,13050,363.0,7.79,2640.0,7.83,12260.0,5432.0,4896.0,0.0,0.0,195.0,7.94,0.0,18120.0,153.0,7.41,14.3,0.0,0.0,41.9,195.0,7.97,0.0,15890.0,131.0,4.36,10.2,0.0,0.0,43.5,350.0,8.25,780.0,0.0,,267.0,129.0,7.5,56.0,931.0,1238.23,60.9,61.1,61.0,38.99,0.01,13050.0,0.40260000000000007,0.7135170000000001,0.00014099999999999998,1.116258,14567.1669,5253.930000000001,1313.4825000000003,10507860.000000002,,,,,,,,,,
2021-08-11,215.93,134.36,24.22,374.51,7.88,0.0,1.37,4.35,194811.0,6423.0,0.0,0.0,7.38,5.49,108.0,38.0,,,8.04,33947.0,6086.0,0.0,0.0,2.84,1.03,3048.0,17829.0,61.0,6840.0,108.0,38.8,,,8.06,33908.0,,0.0,0.0,2.87,1.09,3218.0,18044.0,61.3,6189.0,13029,431.0,7.81,2880.0,7.9,13500.0,6019.0,4537.0,0.0,0.0,194.0,7.9,0.0,18400.0,164.0,5.28,10.9,0.0,0.0,42.0,192.0,7.98,0.0,16760.0,125.0,8.25,14.7,0.0,0.0,43.5,350.0,8.28,720.0,0.0,,275.0,108.0,0.0,54.0,931.0,1238.23,61.0,61.3,61.15,38.84,0.01,13029.0,0.40359,0.7107720000000001,0.00014099999999999998,1.114503,14520.859587,5258.37411,1314.5935275,10516748.219999999,,,,,,,,,,
2021-08-12,176.96,83.41,17.43,277.8,7.82,0.0,1.52,4.43,188295.0,0.0,0.0,0.0,7.24,5.32,108.0,38.0,,,8.04,34192.0,0.0,0.0,0.0,2.91,1.13,2937.0,18039.0,61.2,6924.0,108.0,38.8,,,8.05,35229.0,0.0,0.0,0.0,2.94,1.15,3155.0,17815.0,61.5,6112.0,13036,485.0,7.85,2160.0,7.92,8740.0,4579.0,4428.0,0.0,0.0,193.0,7.89,0.0,17960.0,145.0,4.39,12.8,0.0,0.0,42.3,193.0,7.94,0.0,16680.0,138.0,6.71,10.5,0.0,0.0,43.6,350.0,8.24,680.0,0.0,,251.0,119.0,6.9,52.0,798.0,1061.3400000000001,61.2,61.5,61.35,38.64,0.01,13036.0,0.40491,0.7071120000000001,0.00014099999999999998,1.112163,14498.156868,5278.40676,1319.60169,10556813.52,,,,,,,,,,
2021-08-13,183.75,38.64,18.18,240.57,7.75,2.84,1.62,4.39,185435.0,0.0,0.0,0.0,7.17,5.28,108.0,38.0,,,8.03,35628.0,0.0,0.0,0.0,2.95,1.08,3128.0,18264.0,61.1,6927.0,108.0,38.8,,,8.05,34463.0,0.0,0.0,0.0,2.89,1.04,3091.0,17950.0,61.3,6201.0,13128,444.0,7.9,2680.0,7.95,6460.0,4827.0,4090.0,0.0,0.0,189.0,7.88,0.0,17240.0,124.0,7.1,15.2,0.0,0.0,42.5,196.0,7.9,0.0,15980.0,146.0,4.61,11.9,0.0,0.0,43.6,336.0,8.2,740.0,0.0,,242.0,113.0,7.5,48.0,798.0,1061.3400000000001,61.1,61.3,61.2,38.79,0.01,13128.0,0.40392000000000006,0.709857,0.00014099999999999998,1.113918,14623.515503999999,5302.661760000001,1325.6654400000002,10605323.520000001,,,,,,,,,,
2021-08-14,128.5,90.09,24.68,243.27,0.0,0.0,0.0,0.0,0.0,0.0,0.0,0.0,0.0,0.0,108.0,0.0,,,0.0,0.0,0.0,0.0,0.0,0.0,0.0,0.0,0.0,,6890.0,108.0,,,,0.0,0.0,0.0,0.0,0.0,0.0,0.0,0.0,0.0,,6056.0,12946,427.0,0.0,0.0,0.0,0.0,0.0,0.0,0.0,0.0,169.0,0.0,0.0,0.0,0.0,0.0,0.0,0.0,0.0,0.0,194.0,0.0,0.0,0.0,0.0,0.0,0.0,0.0,0.0,0.0,306.0,0.0,0.0,0.0,,0.0,0.0,0.0,48.0,798.0,1061.3400000000001,,,,,,12946.0,,,,,,,,,,,,,,,,,,
2021-08-15,24.86,0.0,0.0,24.86,0.0,0.0,0.0,0.0,0.0,0.0,0.0,0.0,0.0,0.0,108.0,0.0,,,0.0,0.0,0.0,0.0,0.0,0.0,0.0,0.0,0.0,,6646.0,108.0,,,,0.0,0.0,0.0,0.0,0.0,0.0,0.0,0.0,0.0,,5825.0,12471,379.0,0.0,0.0,0.0,0.0,0.0,0.0,0.0,0.0,194.0,0.0,0.0,0.0,0.0,0.0,0.0,0.0,0.0,0.0,191.0,0.0,0.0,0.0,0.0,0.0,0.0,0.0,0.0,0.0,310.0,0.0,0.0,0.0,,0.0,0.0,0.0,48.0,798.0,1061.3400000000001,,,,,,12471.0,,,,,,,,,,,,,,,,,,
2021-08-16,217.61,110.82,26.19,354.62,0.0,0.0,0.0,0.0,0.0,0.0,0.0,0.0,0.0,0.0,108.0,0.0,,,0.0,0.0,0.0,0.0,0.0,0.0,0.0,0.0,0.0,,6710.0,108.0,,,,0.0,0.0,0.0,0.0,0.0,0.0,0.0,0.0,0.0,,5804.0,12514,443.0,0.0,0.0,0.0,0.0,0.0,0.0,0.0,0.0,194.0,0.0,0.0,0.0,0.0,0.0,0.0,0.0,0.0,0.0,192.0,0.0,0.0,0.0,0.0,0.0,0.0,0.0,0.0,0.0,350.0,0.0,0.0,0.0,,0.0,0.0,0.0,48.0,798.0,1061.3400000000001,,,,,,12514.0,,,,,,,,,,,,,,,,,,
2021-08-17,211.73,102.99,16.36,331.08,7.85,0.0,1.09,4.42,169939.0,6143.0,1138.0,2566.0,6.41,4.6,108.0,38.0,,,8.0,35627.0,6135.0,695.0,5415.0,2.73,1.15,2837.0,18069.0,61.6,6772.0,108.0,38.8,,,8.04,30101.0,5983.0,737.0,5571.0,2.61,1.01,2946.0,18169.0,61.8,5794.0,12566,477.0,7.95,3200.0,8.07,6740.0,3804.0,4093.0,516.0,3555.0,194.0,7.93,283.0,16530.0,63.0,9.36,7.2,0.21,11.7,40.8,192.0,8.06,318.0,16060.0,64.0,5.32,10.2,0.15,12.9,42.8,301.0,8.16,640.0,0.0,,262.0,58.0,6.2,48.0,906.9999999999997,1206.3099999999997,61.6,61.8,61.7,38.29,0.01,12566.0,0.40722,0.700707,0.00014099999999999998,1.108068,13923.982488000001,5117.126520000001,1279.2816300000002,10234253.040000001,,,,,,,,,,
2021-08-18,184.07,18.96,24.56,227.58999999999997,7.92,0.0,1.54,4.39,162367.0,0.0,0.0,0.0,6.27,4.49,108.0,38.0,,,8.01,34492.0,0.0,0.0,0.0,2.78,1.14,2792.0,17835.0,62.1,6719.0,108.0,38.8,,,8.05,33524.0,0.0,0.0,0.0,2.71,1.05,2896.0,18032.0,62.0,5809.0,12528,399.0,7.81,2980.0,8.02,5460.0,4173.0,3928.0,0.0,0.0,193.0,7.91,0.0,16240.0,81.0,11.24,6.4,0.0,0.0,40.0,191.0,8.03,0.0,15460.0,62.0,6.91,8.6,0.0,0.0,41.9,265.0,8.12,720.0,0.0,,249.0,61.0,6.7,48.0,931.0,1238.23,62.1,62.0,62.05,37.940000000000005,0.01,12528.0,0.40953,0.6943020000000001,0.00014099999999999998,1.103973,13830.573744000001,5130.59184,1282.64796,10261183.68,,,,,,,,,,
2021-08-19,161.08,88.84,15.95,265.87,7.76,2.83,1.59,4.35,152840.0,0.0,0.0,0.0,6.15,4.39,108.0,38.1,,,8.0,36019.0,0.0,0.0,0.0,2.82,1.17,2893.0,18160.0,62.3,6754.0,108.0,38.8,,,8.03,32734.0,0.0,0.0,0.0,2.75,1.12,2735.0,17806.0,62.3,5685.0,12439,377.0,7.86,3120.0,8.05,6220.0,4516.0,4120.0,0.0,0.0,195.0,7.88,0.0,15940.0,72.0,6.25,7.6,0.0,0.0,39.3,195.0,7.96,0.0,15760.0,85.0,10.27,9.2,0.0,0.0,41.3,304.0,8.2,680.0,0.0,,270.0,68.0,6.1,48.0,931.0,1238.23,62.3,62.3,62.3,37.690000000000005,0.01,12439.0,0.41118000000000005,0.6897270000000002,0.00014099999999999998,1.1010480000000002,13695.936072000002,5114.668020000001,1278.6670050000002,10229336.040000003,,,,,,,,,,
2021-08-20,163.96,88.92,15.04,267.92,7.85,0.0,1.42,4.51,162552.0,0.0,0.0,0.0,5.94,4.21,108.0,38.1,,,8.02,32142.0,0.0,0.0,0.0,2.73,1.12,2753.0,17869.0,62.6,6763.0,108.0,38.8,,,8.04,31493.0,0.0,0.0,0.0,2.65,1.05,2815.0,18042.0,62.7,5632.0,12395,460.0,7.91,2880.0,8.1,5280.0,3762.0,3845.0,0.0,0.0,197.0,7.91,0.0,15560.0,65.0,4.97,5.2,0.0,0.0,38.8,196.0,7.9,0.0,14980.0,78.0,7.25,6.1,0.0,0.0,40.7,334.0,8.16,640.0,0.0,,262.0,64.0,7.1,44.0,1010.9999999999995,1344.6299999999994,62.6,62.7,62.650000000000006,37.339999999999996,0.01,12395.0,0.41349,0.683322,0.00014099999999999998,1.0969529999999998,13596.732434999998,5125.20855,1281.3021375,10250417.100000001,,,,,,,,,,
2021-08-21,135.81,56.56,22.56,214.93,0.0,0.0,0.0,0.0,0.0,0.0,0.0,0.0,0.0,0.0,103.0,0.0,,,0.0,0.0,0.0,0.0,0.0,0.0,0.0,0.0,0.0,,6678.0,102.0,,,,0.0,0.0,0.0,0.0,0.0,0.0,0.0,0.0,0.0,,5344.0,12022,444.0,0.0,0.0,0.0,0.0,0.0,0.0,0.0,0.0,196.0,0.0,0.0,0.0,0.0,0.0,0.0,0.0,0.0,0.0,195.0,0.0,0.0,0.0,0.0,0.0,0.0,0.0,0.0,0.0,362.0,0.0,0.0,0.0,,0.0,0.0,0.0,44.0,931.0,1238.23,,,,,,12022.0,,,,,,,,,,,,,,,,,,
2021-08-22,27.45,45.23,0.0,72.67999999999999,0.0,0.0,0.0,0.0,0.0,0.0,0.0,0.0,0.0,0.0,108.0,0.0,,,0.0,0.0,0.0,0.0,0.0,0.0,0.0,0.0,0.0,,6565.0,108.0,,,,0.0,0.0,0.0,0.0,0.0,0.0,0.0,0.0,0.0,,5443.0,12008,416.0,0.0,0.0,0.0,0.0,0.0,0.0,0.0,0.0,197.0,0.0,0.0,0.0,0.0,0.0,0.0,0.0,0.0,0.0,196.0,0.0,0.0,0.0,0.0,0.0,0.0,0.0,0.0,0.0,350.0,0.0,0.0,0.0,,0.0,0.0,0.0,44.0,931.0,1238.23,,,,,,12008.0,,,,,,,,,,,,,,,,,,
2021-08-23,195.06,84.33,25.22,304.61,7.88,0.0,1.62,4.62,158027.0,5976.0,1086.0,2638.0,5.45,3.98,104.0,39.0,,,8.0,35915.0,6027.0,625.0,5384.0,2.78,1.21,2912.0,18044.0,63.7,6474.0,104.0,39.4,,,8.01,33613.0,6238.0,662.0,5613.0,2.84,1.36,3170.0,18202.0,63.9,5297.0,11771,376.0,7.94,3160.0,8.04,6440.0,4208.0,4150.0,608.0,3360.0,197.0,7.78,278.0,16490.0,79.0,6.25,8.1,0.16,10.9,38.3,196.0,7.85,289.0,15490.0,84.0,5.37,6.3,0.21,11.6,40.9,350.0,8.5,720.0,0.0,,258.0,71.0,6.8,44.0,931.0,1238.23,63.7,63.9,63.8,36.190000000000005,0.01,11771.0,0.42107999999999995,0.6622770000000001,0.00014099999999999998,1.083498,12753.854958000002,4956.532679999999,1239.1331699999998,9913065.36,,,,,,,,,,
2021-08-24,140.55,81.54,17.76,239.85000000000002,7.75,0.0,1.49,4.56,149170.0,0.0,0.0,0.0,5.62,4.09,100.0,39.0,,,8.02,33750.0,0.0,0.0,0.0,2.72,1.18,2728.0,17692.0,64.0,6198.0,100.0,39.4,,,8.03,32080.0,0.0,0.0,0.0,2.8,1.24,2912.0,18130.0,64.2,5082.0,11280,422.0,7.98,2640.0,8.11,7240.0,4651.0,3894.0,0.0,0.0,186.0,7.75,0.0,16060.0,71.0,4.21,6.2,0.0,0.0,38.0,193.0,7.84,0.0,14880.0,79.0,6.37,4.9,0.0,0.0,41.7,350.0,8.18,660.0,0.0,,238.0,67.0,6.2,42.0,931.0,1238.23,64.0,64.2,64.1,35.89,0.01,11280.0,0.42306,0.656787,0.00014099999999999998,1.079988,12182.26464,4772.1168,1193.0292,9544233.6,,,,,,,,,,
2021-08-25,111.74,132.92,22.24,266.9,7.82,2.93,1.51,4.49,156308.0,0.0,0.0,0.0,5.49,4.01,96.0,39.0,,,8.03,32407.0,0.0,0.0,0.0,2.71,1.15,2762.0,17843.0,64.3,5809.0,96.0,39.4,,,8.04,33719.0,0.0,0.0,0.0,2.77,1.19,2885.0,18040.0,64.4,4744.0,10553,288.0,7.96,3240.0,8.08,6260.0,4194.0,4086.0,0.0,0.0,193.0,7.71,0.0,15860.0,86.0,3.16,10.5,0.0,0.0,37.8,191.0,7.81,0.0,15240.0,102.0,11.26,6.1,0.0,0.0,41.3,330.0,8.2,680.0,0.0,,254.0,76.0,7.2,40.0,798.0,1061.3400000000001,64.3,64.4,64.35,35.64,0.01,10553.0,0.42471,0.6522120000000001,0.00014099999999999998,1.077063,11366.245839000001,4481.9646299999995,1120.4911574999999,8963929.26,,,,,,,,,,
2021-08-26,134.8,130.66,13.34,278.8,0.0,0.0,0.0,0.0,0.0,0.0,0.0,0.0,0.0,0.0,96.0,0.0,,,0.0,0.0,0.0,0.0,0.0,0.0,0.0,0.0,0.0,,5349.0,96.0,,,,0.0,0.0,0.0,0.0,0.0,0.0,0.0,0.0,0.0,,4587.0,9936,361.0,0.0,0.0,0.0,0.0,0.0,0.0,0.0,0.0,183.0,0.0,0.0,0.0,0.0,0.0,0.0,0.0,0.0,0.0,176.0,0.0,0.0,0.0,0.0,0.0,0.0,0.0,0.0,0.0,348.0,0.0,0.0,0.0,,0.0,0.0,0.0,40.0,798.0,1061.3400000000001,,,,,,9936.0,,,,,,,,,,,,,,,,,,
2021-08-27,219.28,38.08,16.6,273.96,0.0,0.0,0.0,0.0,0.0,0.0,0.0,0.0,0.0,0.0,96.0,0.0,,,0.0,0.0,0.0,0.0,0.0,0.0,0.0,0.0,0.0,,5116.0,96.0,,,,0.0,0.0,0.0,0.0,0.0,0.0,0.0,0.0,0.0,,4366.0,9482,356.0,0.0,0.0,0.0,0.0,0.0,0.0,0.0,0.0,178.0,0.0,0.0,0.0,0.0,0.0,0.0,0.0,0.0,0.0,169.0,0.0,0.0,0.0,0.0,0.0,0.0,0.0,0.0,0.0,350.0,0.0,0.0,0.0,,0.0,0.0,0.0,40.0,958.0000000000002,1274.1400000000003,,,,,,9482.0,,,,,,,,,,,,,,,,,,
2021-08-28,82.59,88.54,22.69,193.82,0.0,0.0,0.0,0.0,0.0,0.0,0.0,0.0,0.0,0.0,96.0,0.0,,,0.0,0.0,0.0,0.0,0.0,0.0,0.0,0.0,0.0,,4780.0,96.0,,,,0.0,0.0,0.0,0.0,0.0,0.0,0.0,0.0,0.0,,4211.0,8991,320.0,0.0,0.0,0.0,0.0,0.0,0.0,0.0,0.0,177.0,0.0,0.0,0.0,0.0,0.0,0.0,0.0,0.0,0.0,150.0,0.0,0.0,0.0,0.0,0.0,0.0,0.0,0.0,0.0,296.0,0.0,0.0,0.0,,0.0,0.0,0.0,40.0,798.0,1061.3400000000001,,,,,,8991.0,,,,,,,,,,,,,,,,,,
2021-08-29,0.0,53.4,0.0,53.4,0.0,0.0,0.0,0.0,0.0,0.0,0.0,0.0,0.0,0.0,96.0,0.0,,,0.0,0.0,0.0,0.0,0.0,0.0,0.0,0.0,0.0,,4535.0,96.0,,,,0.0,0.0,0.0,0.0,0.0,0.0,0.0,0.0,0.0,,3952.0,8487,358.0,0.0,0.0,0.0,0.0,0.0,0.0,0.0,0.0,169.0,0.0,0.0,0.0,0.0,0.0,0.0,0.0,0.0,0.0,156.0,0.0,0.0,0.0,0.0,0.0,0.0,0.0,0.0,0.0,299.0,0.0,0.0,0.0,,0.0,0.0,0.0,40.0,798.0,1061.3400000000001,,,,,,8487.0,,,,,,,,,,,,,,,,,,
2021-08-30,196.09,181.27,25.77,403.13,7.86,0.0,1.18,5.46,140624.0,5215.0,949.0,3120.0,4.57,2.97,96.0,39.1,,,8.05,31291.0,6062.0,682.0,4813.0,2.85,1.21,2683.0,18165.0,65.8,4658.0,96.0,39.3,,,8.04,29433.0,6478.0,660.0,5333.0,2.87,1.19,2754.0,18062.0,65.9,4024.0,8682,370.0,8.1,2840.0,8.24,5260.0,2429.0,4748.0,351.0,3685.0,139.0,7.24,268.0,15100.0,326.0,3.04,205.0,0.15,6.6,36.8,168.0,7.32,275.0,19350.0,322.0,4.05,235.0,0.18,8.0,39.1,264.0,8.1,580.0,186.0,,251.0,164.0,6.1,48.0,798.0,1061.3400000000001,65.8,65.9,65.85,34.14,0.01,8682.0,0.43461,0.624762,0.00014099999999999998,1.059513,9198.691866,3773.28402,943.321005,7546568.04,,,,,,,,,,
2021-08-31,165.5,38.28,16.23,220.01,7.78,2.52,1.45,5.29,145217.0,0.0,0.0,0.0,4.72,3.14,96.0,39.1,,,8.04,30685.0,0.0,0.0,0.0,2.79,1.18,2576.0,18038.0,66.1,4554.0,96.0,39.3,,,8.03,29835.0,0.0,0.0,0.0,2.84,1.21,2683.0,17892.0,66.2,4004.0,8558,422.0,8.06,2660.0,8.2,5300.0,1073.0,3421.0,0.0,0.0,169.0,7.21,0.0,15760.0,540.0,3.84,388.0,0.0,0.0,36.5,168.0,7.28,0.0,16040.0,545.0,3.12,412.0,0.0,0.0,39.2,265.0,8.08,640.0,0.0,,268.0,183.0,6.9,72.0,798.0,1061.3400000000001,66.1,66.2,66.15,33.83999999999999,0.01,8558.0,0.43659000000000003,0.6192719999999998,0.00014099999999999998,1.0560029999999998,9037.273673999998,3736.3372200000003,934.0843050000001,7472674.44,,,,,,,,,,
2021-09-01,135.49,35.46,21.76,192.71,7.82,2.49,1.38,5.34,139627.0,0.0,0.0,0.0,4.87,3.22,96.0,39.1,,,8.02,31054.0,0.0,0.0,0.0,2.81,1.21,2635.0,18134.0,65.8,4648.0,96.0,39.3,,,8.02,30615.0,0.0,0.0,0.0,2.79,1.15,2717.0,17934.0,65.9,3966.0,8614,319.0,7.91,2540.0,8.08,6240.0,3087.0,4055.0,0.0,0.0,170.0,7.23,0.0,15260.0,528.0,5.16,359.0,0.0,0.0,36.5,170.0,8.25,0.0,16560.0,560.0,3.54,406.0,0.0,0.0,39.1,280.0,8.04,620.0,0.0,,258.0,145.0,5.8,60.0,798.0,1061.3400000000001,65.8,65.9,65.85,34.14,0.01,8614.0,0.43461,0.624762,0.00014099999999999998,1.059513,9126.644982,3743.73054,935.932635,7487461.08,,,,,,,,,,
2021-09-02,188.93,89.88,12.83,291.64,7.9,0.0,1.028,5.61,135970.0,5924.0,0.0,0.0,4.65,2.97,96.0,39.1,,,8.03,32455.0,5869.0,0.0,0.0,2.87,1.13,2539.0,18084.0,65.7,4480.0,96.0,39.3,,,8.05,27729.0,5478.0,0.0,0.0,2.76,1.12,2661.0,17845.0,65.9,3917.0,8397,389.0,8.14,940.0,8.16,4760.0,2668.0,3963.0,0.0,0.0,171.0,7.56,0.0,16800.0,363.0,4.84,218.0,0.0,0.0,36.5,175.0,7.51,0.0,17410.0,368.0,6.49,231.0,0.0,0.0,39.1,325.0,8.14,720.0,0.0,,278.0,180.0,6.5,60.0,798.0,1061.3400000000001,65.7,65.9,65.80000000000001,34.18999999999998,0.01,8397.0,0.4342800000000001,0.6256769999999997,0.00014099999999999998,1.0600979999999998,8901.642905999997,3646.649160000001,911.6622900000002,7293298.320000002,,,,,,,,,,
2021-09-03,135.12,190.39,16.11,341.62,7.82,0.0,1.38,5.52,140150.0,0.0,0.0,0.0,4.73,3.02,96.0,39.1,,,8.03,31462.0,0.0,0.0,0.0,2.84,1.15,2576.0,18115.0,65.6,4673.0,96.0,39.3,,,8.04,28382.0,0.0,0.0,0.0,2.79,1.12,2435.0,17762.0,65.8,3984.0,8657,373.0,8.16,1440.0,8.13,4620.0,3125.0,3624.0,0.0,0.0,170.0,7.69,0.0,16460.0,235.0,3.52,106.0,0.0,0.0,36.4,176.0,7.62,0.0,17860.0,218.0,4.24,115.0,0.0,0.0,39.0,298.0,8.18,680.0,0.0,,265.0,142.0,6.2,56.0,747.9999999999994,994.8399999999993,65.6,65.8,65.69999999999999,34.290000000000006,0.01,8657.0,0.43361999999999995,0.6275070000000001,0.00014099999999999998,1.061268,9187.397076000001,3753.8483399999996,938.4620849999999,7507696.679999999,,,,,,,,,,
2021-09-04,109.19,103.09,23.2,235.48000000000002,0.0,0.0,0.0,0.0,0.0,0.0,0.0,0.0,0.0,0.0,96.0,0.0,,,0.0,0.0,0.0,0.0,0.0,0.0,0.0,0.0,0.0,,4680.0,96.0,,,,0.0,0.0,0.0,0.0,0.0,0.0,0.0,0.0,0.0,,4103.0,8783,355.0,0.0,0.0,0.0,0.0,0.0,0.0,0.0,0.0,170.0,0.0,0.0,0.0,0.0,0.0,0.0,0.0,0.0,0.0,175.0,0.0,0.0,0.0,0.0,0.0,0.0,0.0,0.0,0.0,305.0,0.0,0.0,0.0,,0.0,0.0,0.0,52.0,798.0,1061.3400000000001,,,,,,8783.0,,,,,,,,,,,,,,,,,,
2021-09-05,73.96,0.0,0.0,73.96,0.0,0.0,0.0,0.0,0.0,0.0,0.0,0.0,0.0,0.0,96.0,0.0,,,0.0,0.0,0.0,0.0,0.0,0.0,0.0,0.0,0.0,61.1,4596.0,96.0,,,,0.0,0.0,0.0,0.0,0.0,0.0,0.0,0.0,0.0,61.2,3959.0,8555,382.0,0.0,0.0,0.0,0.0,0.0,0.0,0.0,0.0,170.0,0.0,0.0,0.0,0.0,0.0,0.0,0.0,0.0,0.0,175.0,0.0,0.0,0.0,0.0,0.0,0.0,0.0,0.0,0.0,309.0,0.0,0.0,0.0,,0.0,0.0,0.0,52.0,798.0,1061.3400000000001,61.1,61.2,61.150000000000006,38.839999999999996,0.01,8555.0,0.4035900000000001,0.710772,0.00014099999999999998,1.114503,9534.573165,3452.712450000001,863.1781125000002,6905424.900000002,,,,,,,,,,
2021-09-06,193.9,37.26,26.34,257.5,7.64,0.0,1.73,5.47,151639.0,5937.0,1021.0,2982.0,5.25,3.59,96.0,39.1,,,8.03,30573.0,5916.0,634.0,4987.0,2.8,1.14,2685.0,17769.0,65.4,4881.0,96.0,39.2,,,8.05,29370.0,5884.0,653.0,4974.0,2.79,1.18,2510.0,17850.0,65.6,4252.0,9133,346.0,8.28,900.0,8.12,11160.0,5139.0,4852.0,689.0,3931.0,169.0,7.75,263.0,15040.0,104.0,4.98,11.6,0.12,7.2,36.4,176.0,7.7,271.0,14360.0,92.0,3.42,7.3,0.17,6.9,39.1,293.0,8.32,740.0,181.0,,259.0,85.0,6.1,52.0,798.0,1061.3400000000001,65.4,65.6,65.5,34.489999999999995,0.01,9133.0,0.4323,0.6311669999999999,0.00014099999999999998,1.0636079999999999,9713.931863999998,3948.1959,987.048975,7896391.800000001,,,,,,,,,,
2021-09-07,217.96,91.89,15.29,325.14,7.81,2.28,1.25,5.41,157092.0,0.0,0.0,0.0,5.42,3.7,96.0,39.1,,,8.02,29837.0,0.0,0.0,0.0,2.79,1.12,2637.0,17942.0,65.2,5203.0,96.0,39.2,,,8.04,29590.0,0.0,0.0,0.0,2.74,1.14,2569.0,17820.0,65.4,4568.0,9771,390.0,8.25,1240.0,8.15,8240.0,4690.0,4125.0,0.0,0.0,171.0,7.8,0.0,15660.0,85.0,6.51,7.2,0.0,0.0,36.7,176.0,7.74,0.0,14520.0,105.0,5.36,8.5,0.0,0.0,39.4,294.0,8.29,680.0,0.0,,248.0,81.0,5.9,52.0,798.0,1061.3400000000001,65.2,65.4,65.30000000000001,34.68999999999998,0.01,9771.0,0.4309800000000001,0.6348269999999997,0.00014099999999999998,1.0659479999999997,10415.377907999997,4211.105580000001,1052.7763950000003,8422211.160000002,,,,,,,,,,
2021-09-08,135.88,134.74,21.01,291.63,7.83,0.0,1.82,5.04,168320.0,0.0,0.0,0.0,6.47,4.64,96.0,39.1,,,8.02,31048.0,0.0,0.0,0.0,2.69,1.13,2789.0,17738.0,64.8,5548.0,96.0,39.2,,,8.03,30294.0,0.0,0.0,0.0,2.78,1.0,2658.0,17689.0,64.9,4774.0,10322,375.0,7.89,2670.0,8.1,4340.0,3272.0,3584.0,0.0,0.0,172.0,7.84,0.0,15040.0,92.0,3.88,8.4,0.0,0.0,36.9,176.0,7.79,0.0,15360.0,113.0,6.31,5.2,0.0,0.0,39.6,291.0,8.25,640.0,0.0,,251.0,88.0,6.4,48.0,798.0,1061.3400000000001,64.8,64.9,64.85,35.14,0.01,10322.0,0.42800999999999995,0.643062,0.00014099999999999998,1.071213,11057.060586,4417.91922,1104.479805,8835838.44,,,,,,,,,,
2021-09-09,190.0,131.18,13.14,334.32,7.76,0.0,1.51,5.11,164937.0,0.0,0.0,0.0,6.21,4.31,96.0,39.1,,,8.03,30886.0,0.0,0.0,0.0,2.71,1.14,2835.0,17645.0,64.5,5831.0,96.0,39.2,,,8.04,31248.0,0.0,0.0,0.0,2.73,1.12,2749.0,17731.0,64.6,5130.0,10961,383.0,7.92,2460.0,8.08,5240.0,3924.0,3625.0,0.0,0.0,178.0,7.86,0.0,15440.0,82.0,5.61,4.1,0.0,0.0,36.9,175.0,7.81,0.0,14960.0,79.0,3.55,4.9,0.0,0.0,39.8,323.0,8.3,580.0,0.0,,271.0,72.0,5.9,48.0,1064.0,1415.1200000000001,64.5,64.6,64.55,35.44,0.01,10961.0,0.42603,0.648552,0.00014099999999999998,1.0747229999999999,11780.038803,4669.71483,1167.4287075,9339429.66,,,,,,,,,,
2021-09-10,188.87,38.96,14.76,242.59,7.84,2.51,1.36,5.29,166054.0,0.0,0.0,0.0,6.62,4.54,96.0,39.1,,,8.02,31642.0,0.0,0.0,0.0,2.76,1.17,2893.0,17731.0,63.7,6728.0,96.0,39.2,,,8.03,31173.0,0.0,0.0,0.0,2.79,1.15,2751.0,17639.0,63.8,5781.0,12509,393.0,8.25,2180.0,8.13,4880.0,3516.0,3844.0,0.0,0.0,177.0,7.82,0.0,14860.0,112.0,4.68,10.4,0.0,0.0,37.1,176.0,7.83,0.0,15780.0,86.0,3.26,8.3,0.0,0.0,39.8,334.0,8.33,620.0,0.0,,264.0,81.0,6.2,49.0,798.0,1061.3400000000001,63.7,63.8,63.75,36.24,0.01,12509.0,0.42075,0.6631920000000001,0.00014099999999999998,1.0840830000000001,13560.794247000002,5263.16175,1315.7904375,10526323.5,,,,,,,,,,
2021-09-11,130.38,90.17,23.04,243.59,0.0,0.0,0.0,0.0,0.0,0.0,0.0,0.0,0.0,0.0,96.0,0.0,,,0.0,0.0,0.0,0.0,0.0,0.0,0.0,0.0,0.0,,6774.0,96.0,,,,0.0,0.0,0.0,0.0,0.0,0.0,0.0,0.0,0.0,,5852.0,12626,387.0,0.0,0.0,0.0,0.0,0.0,0.0,0.0,0.0,178.0,0.0,0.0,0.0,0.0,0.0,0.0,0.0,0.0,0.0,182.0,0.0,0.0,0.0,0.0,0.0,0.0,0.0,0.0,0.0,339.0,0.0,0.0,0.0,,0.0,0.0,0.0,47.0,931.0,1238.23,,,,,,12626.0,,,,,,,,,,,,,,,,,,
2021-09-12,49.82,0.0,0.0,49.82,0.0,0.0,0.0,0.0,0.0,0.0,0.0,0.0,0.0,0.0,96.0,0.0,,,0.0,0.0,0.0,0.0,0.0,0.0,0.0,0.0,0.0,,6682.0,96.0,,,,0.0,0.0,0.0,0.0,0.0,0.0,0.0,0.0,0.0,,5738.0,12420,338.0,0.0,0.0,0.0,0.0,0.0,0.0,0.0,0.0,185.0,0.0,0.0,0.0,0.0,0.0,0.0,0.0,0.0,0.0,184.0,0.0,0.0,0.0,0.0,0.0,0.0,0.0,0.0,0.0,337.0,0.0,0.0,0.0,,0.0,0.0,0.0,48.0,798.0,1061.3400000000001,,,,,,12420.0,,,,,,,,,,,,,,,,,,
2021-09-13,217.8,134.91,26.43,379.14,0.0,0.0,0.0,0.0,0.0,0.0,0.0,0.0,0.0,0.0,96.0,0.0,,,0.0,0.0,0.0,0.0,0.0,0.0,0.0,0.0,0.0,,6602.0,96.0,,,,0.0,0.0,0.0,0.0,0.0,0.0,0.0,0.0,0.0,,5771.0,12373,389.0,0.0,0.0,0.0,0.0,0.0,0.0,0.0,0.0,185.0,0.0,0.0,0.0,0.0,0.0,0.0,0.0,0.0,0.0,183.0,0.0,0.0,0.0,0.0,0.0,0.0,0.0,0.0,0.0,313.0,0.0,0.0,0.0,,0.0,0.0,0.0,48.0,1064.0,1415.1200000000001,,,,,,12373.0,,,,,,,,,,,,,,,,,,
2021-09-14,192.94,103.54,16.01,312.49,7.56,0.0,1.4,4.18,254913.0,6613.0,1319.0,2673.0,7.66,5.79,96.0,33.4,,,7.98,29112.0,6105.0,845.0,5116.0,2.74,1.1,2814.0,17425.0,61.7,6731.0,96.0,39.1,,,7.98,33269.0,6304.0,721.0,5476.0,2.79,1.01,2937.0,17729.0,61.9,5739.0,12470,419.0,8.24,211.0,8.01,4960.0,2877.0,4589.0,417.0,3802.0,185.0,8.02,189.0,14560.0,90.0,2.95,22.5,0.21,10.8,37.7,184.0,8.06,210.0,15800.0,102.0,16.64,11.2,0.14,14.6,40.7,276.0,8.36,560.0,0.0,,183.0,84.0,7.0,48.0,931.0,1238.23,61.7,61.9,61.8,38.190000000000005,0.01,12470.0,0.40787999999999996,0.6988770000000001,0.00014099999999999998,1.106898,13803.018059999999,5086.263599999999,1271.5658999999998,10172527.2,,,,,,,,,,
2021-09-15,163.17,66.16,22.21,251.54,7.76,0.0,1.48,4.32,198027.0,0.0,0.0,0.0,7.44,5.56,96.0,39.0,,,7.97,31618.0,0.0,0.0,0.0,2.81,1.14,2796.0,17459.0,61.2,6671.0,96.0,39.1,,,7.97,32090.0,0.0,0.0,0.0,2.84,1.1,2815.0,17520.0,61.4,5808.0,12479,371.0,8.22,2380.0,8.08,5280.0,3243.0,4269.0,0.0,0.0,185.0,8.05,226.0,15170.0,76.0,4.26,6.4,0.0,0.0,37.8,184.0,8.05,231.0,15240.0,82.0,6.85,5.3,0.0,0.0,40.7,326.0,8.29,620.0,0.0,,217.0,72.0,6.8,48.0,931.0,1238.23,61.2,61.4,61.3,38.690000000000005,0.01,12479.0,0.40458,0.7080270000000002,0.00014099999999999998,1.112748,13885.982292,5048.75382,1262.188455,10097507.64,,,,,,,,,,
2021-09-16,215.77,88.26,15.74,319.77,7.83,2.52,1.55,4.12,231049.0,0.0,0.0,0.0,7.99,5.79,96.0,39.0,,,7.97,31927.0,0.0,0.0,0.0,2.81,1.05,2838.0,17279.0,60.8,6695.0,96.0,39.1,,,7.97,33142.0,0.0,0.0,0.0,2.78,1.16,2962.0,17402.0,60.9,5773.0,12468,362.0,8.21,2860.0,7.99,6880.0,5190.0,4512.0,0.0,0.0,185.0,8.07,0.0,14840.0,88.0,3.39,5.2,0.0,0.0,37.7,184.0,8.08,0.0,15640.0,74.0,5.29,4.6,0.0,0.0,40.5,328.0,8.28,580.0,0.0,,205.0,71.0,6.5,48.0,798.0,1061.3400000000001,60.8,60.9,60.849999999999994,39.14000000000001,0.01,12468.0,0.40161,0.7162620000000001,0.00014099999999999998,1.1180130000000001,13939.386084000002,5007.27348,1251.81837,10014546.959999999,,,,,,,,,,
2021-09-17,186.77,88.84,16.03,291.64,7.74,0.0,1.28,4.25,210520.0,0.0,0.0,0.0,7.65,5.59,96.0,39.0,,,7.96,32271.0,0.0,0.0,0.0,2.79,1.06,2912.0,17340.0,60.6,6772.0,96.0,39.1,,,7.96,32845.0,0.0,0.0,0.0,2.81,1.14,3125.0,17343.0,60.7,5875.0,12647,433.0,8.18,2160.0,8.06,5920.0,4860.0,4634.0,0.0,0.0,184.0,8.04,0.0,15620.0,94.0,4.51,3.8,0.0,0.0,38.0,184.0,8.09,0.0,14920.0,106.0,4.61,6.2,0.0,0.0,40.8,324.0,8.31,640.0,0.0,,241.0,83.0,6.8,48.0,133.0,176.89000000000001,60.6,60.7,60.650000000000006,39.339999999999996,0.01,12647.0,0.40029000000000003,0.719922,0.00014099999999999998,1.120353,14169.104390999999,5062.46763,1265.6169075,10124935.26,,,,,,,,,,
2021-09-18,129.65,56.77,24.42,210.84,0.0,0.0,0.0,0.0,0.0,0.0,0.0,0.0,0.0,0.0,96.0,0.0,,,0.0,0.0,0.0,0.0,0.0,0.0,0.0,0.0,0.0,,6715.0,96.0,,,,0.0,0.0,0.0,0.0,0.0,0.0,0.0,0.0,0.0,,5789.0,12504,383.0,0.0,0.0,0.0,0.0,0.0,0.0,0.0,0.0,185.0,0.0,0.0,0.0,0.0,0.0,0.0,0.0,0.0,0.0,183.0,0.0,0.0,0.0,0.0,0.0,0.0,0.0,0.0,0.0,333.0,0.0,0.0,0.0,,0.0,0.0,0.0,48.0,1372.9999999999998,1826.0899999999997,,,,,,12504.0,,,,,,,,,,,,,,,,,,
2021-09-19,0.0,0.0,0.0,0.0,0.0,0.0,0.0,0.0,0.0,0.0,0.0,0.0,0.0,0.0,96.0,0.0,,,0.0,0.0,0.0,0.0,0.0,0.0,0.0,0.0,0.0,,6787.0,96.0,,,,0.0,0.0,0.0,0.0,0.0,0.0,0.0,0.0,0.0,,5825.0,12612,375.0,0.0,0.0,0.0,0.0,0.0,0.0,0.0,0.0,185.0,0.0,0.0,0.0,0.0,0.0,0.0,0.0,0.0,0.0,188.0,0.0,0.0,0.0,0.0,0.0,0.0,0.0,0.0,0.0,333.0,0.0,0.0,0.0,,0.0,0.0,0.0,48.0,798.0,1061.3400000000001,,,,,,12612.0,,,,,,,,,,,,,,,,,,
2021-09-20,193.9,80.74,49.67,324.31,0.0,0.0,0.0,0.0,0.0,0.0,0.0,0.0,0.0,0.0,96.0,0.0,,,0.0,0.0,0.0,0.0,0.0,0.0,0.0,0.0,0.0,,6676.0,96.0,,,,0.0,0.0,0.0,0.0,0.0,0.0,0.0,0.0,0.0,,5798.0,12474,451.0,0.0,0.0,0.0,0.0,0.0,0.0,0.0,0.0,184.0,0.0,0.0,0.0,0.0,0.0,0.0,0.0,0.0,0.0,184.0,0.0,0.0,0.0,0.0,0.0,0.0,0.0,0.0,0.0,259.0,0.0,0.0,0.0,,0.0,0.0,0.0,48.0,931.0,1238.23,,,,,,12474.0,,,,,,,,,,,,,,,,,,
2021-09-21,0.0,0.0,0.0,0.0,0.0,0.0,0.0,0.0,0.0,0.0,0.0,0.0,0.0,0.0,96.0,0.0,,,0.0,0.0,0.0,0.0,0.0,0.0,0.0,0.0,0.0,,6586.0,96.0,,,,0.0,0.0,0.0,0.0,0.0,0.0,0.0,0.0,0.0,,5765.0,12351,384.0,0.0,0.0,0.0,0.0,0.0,0.0,0.0,0.0,185.0,0.0,0.0,0.0,0.0,0.0,0.0,0.0,0.0,0.0,183.0,0.0,0.0,0.0,0.0,0.0,0.0,0.0,0.0,0.0,306.0,0.0,0.0,0.0,,0.0,0.0,0.0,48.0,931.0,1238.23,,,,,,12351.0,,,,,,,,,,,,,,,,,,
2021-09-22,55.5,184.53,0.0,240.03,0.0,0.0,0.0,0.0,0.0,0.0,0.0,0.0,0.0,0.0,96.0,0.0,,,0.0,0.0,0.0,0.0,0.0,0.0,0.0,0.0,0.0,,6571.0,96.0,,,,0.0,0.0,0.0,0.0,0.0,0.0,0.0,0.0,0.0,,5621.0,12192,446.0,0.0,0.0,0.0,0.0,0.0,0.0,0.0,0.0,185.0,0.0,0.0,0.0,0.0,0.0,0.0,0.0,0.0,0.0,185.0,0.0,0.0,0.0,0.0,0.0,0.0,0.0,0.0,0.0,283.0,0.0,0.0,0.0,,0.0,0.0,0.0,48.0,798.0,1061.3400000000001,,,,,,12192.0,,,,,,,,,,,,,,,,,,
2021-09-23,300.78,102.82,21.41,425.01,8.1,0.0,1.0,4.13,202209.0,6408.0,1257.0,2892.0,7.35,5.4,96.0,38.6,,,7.99,37006.0,6251.0,827.0,5324.0,2.77,1.17,3272.0,17690.0,60.7,6279.0,96.0,38.9,,,8.05,32905.0,6406.0,805.0,5412.0,2.9,1.38,3508.0,17592.0,60.8,5264.0,11543,341.0,8.19,2240.0,8.18,6420.0,5630.0,4826.0,639.0,3691.0,185.0,7.92,267.0,14690.0,84.0,3.51,8.7,0.16,8.6,38.5,183.0,7.98,259.0,15840.0,92.0,5.42,4.9,0.21,9.1,41.0,280.0,8.26,640.0,0.0,,235.0,79.0,6.8,48.0,974.9999999999997,1296.7499999999995,60.7,60.8,60.75,39.24,0.01,11543.0,0.40095,0.7180920000000001,0.00014099999999999998,1.119183,12918.729369,4628.165849999999,1157.0414624999999,9256331.7,,,,,,,,,,
2021-09-24,215.67,65.59,22.86,304.12,7.95,0.0,1.26,4.21,213824.0,0.0,0.0,0.0,7.49,5.51,96.0,38.6,,,7.97,36144.0,0.0,0.0,0.0,2.81,1.19,3326.0,17384.0,60.2,6187.0,96.0,38.9,,,8.04,34723.0,0.0,0.0,0.0,2.92,1.29,3442.0,17317.0,60.4,5342.0,11529,455.0,8.22,2480.0,8.2,8240.0,5108.0,4961.0,0.0,0.0,184.0,7.96,0.0,15420.0,108.0,6.73,12.5,0.0,0.0,38.2,184.0,7.95,0.0,16180.0,106.0,10.54,6.2,0.0,0.0,40.8,293.0,8.28,680.0,0.0,,251.0,84.0,7.1,48.0,931.0,1238.23,60.2,60.4,60.3,39.690000000000005,0.01,11529.0,0.39798,0.7263270000000002,0.00014099999999999998,1.1244480000000001,12963.760992000001,4588.31142,1147.077855,9176622.84,,,,,,,,,,
2021-09-25,211.17,132.97,26.76,370.9,0.0,0.0,0.0,0.0,0.0,0.0,0.0,0.0,0.0,0.0,96.0,0.0,,,0.0,0.0,0.0,0.0,0.0,0.0,0.0,0.0,0.0,,6329.0,96.0,,,,0.0,0.0,0.0,0.0,0.0,0.0,0.0,0.0,0.0,,5375.0,11704,450.0,0.0,0.0,0.0,0.0,0.0,0.0,0.0,0.0,185.0,0.0,0.0,0.0,0.0,0.0,0.0,0.0,0.0,0.0,184.0,0.0,0.0,0.0,0.0,0.0,0.0,0.0,0.0,0.0,313.0,0.0,0.0,0.0,,0.0,0.0,0.0,48.0,931.0,1238.23,,,,,,11704.0,,,,,,,,,,,,,,,,,,
2021-09-26,25.22,0.0,0.0,25.22,0.0,0.0,0.0,0.0,0.0,0.0,0.0,0.0,0.0,0.0,96.0,0.0,,,0.0,0.0,0.0,0.0,0.0,0.0,0.0,0.0,0.0,,6282.0,96.0,,,,0.0,0.0,0.0,0.0,0.0,0.0,0.0,0.0,0.0,,5452.0,11734,431.0,0.0,0.0,0.0,0.0,0.0,0.0,0.0,0.0,183.0,0.0,0.0,0.0,0.0,0.0,0.0,0.0,0.0,0.0,183.0,0.0,0.0,0.0,0.0,0.0,0.0,0.0,0.0,0.0,344.0,0.0,0.0,0.0,,0.0,0.0,0.0,48.0,931.0,1238.23,,,,,,11734.0,,,,,,,,,,,,,,,,,,
2021-09-27,246.27,93.35,28.37,367.99,7.57,2.82,1.65,4.06,180051.0,6526.0,1238.0,3061.0,7.72,5.88,96.0,38.6,,,7.97,33957.0,6068.0,743.0,4937.0,2.79,1.16,3158.0,17416.0,60.5,6579.0,96.0,38.6,,,8.01,29340.0,6175.0,795.0,5172.0,2.72,1.2,3495.0,17264.0,60.6,5674.0,12253,433.0,7.77,6360.0,7.94,13600.0,3972.0,4214.0,694.0,3785.0,185.0,7.97,240.0,15830.0,82.0,6.73,7.5,0.12,8.1,38.0,227.0,7.98,275.0,17960.0,104.0,4.13,10.2,0.18,8.8,38.4,326.0,8.2,620.0,0.0,,232.0,76.0,6.5,48.0,931.0,1238.23,60.5,60.6,60.55,39.440000000000005,0.01,12253.0,0.39963,0.7217520000000002,0.00014099999999999998,1.121523,13742.021319000001,4896.666389999999,1224.1665974999999,9793332.78,,,,,,,,,,
2021-09-28,192.19,77.44,15.98,285.61,7.83,0.0,1.42,4.12,186297.0,0.0,0.0,0.0,7.48,5.59,96.0,38.6,,,7.98,33285.0,0.0,0.0,0.0,2.76,1.17,3291.0,17825.0,60.7,6649.0,96.0,38.6,,,8.0,32469.0,0.0,0.0,0.0,2.81,1.23,3408.0,17442.0,60.8,5730.0,12379,378.0,7.91,3860.0,7.98,12460.0,4230.0,4408.0,0.0,0.0,184.0,8.0,0.0,15460.0,104.0,5.31,14.8,0.0,0.0,38.1,184.0,8.02,0.0,17120.0,126.0,3.81,20.7,0.0,0.0,38.4,316.0,8.23,720.0,0.0,,256.0,92.0,6.9,48.0,907.9999999999997,1207.6399999999996,60.7,60.8,60.75,39.24,0.01,12379.0,0.40095,0.7180920000000001,0.00014099999999999998,1.119183,13854.366357,4963.360049999999,1240.8400124999998,9926720.099999998,,,,,,,,,,
2021-09-29,138.29,0.0,21.7,159.98999999999998,7.79,0.0,1.31,4.16,173804.0,0.0,0.0,0.0,7.29,5.4,96.0,38.6,,,7.97,32691.0,0.0,0.0,0.0,2.8,1.19,3425.0,17619.0,60.6,6743.0,96.0,38.6,,,7.99,31058.0,0.0,0.0,0.0,2.84,1.26,3172.0,17382.0,60.7,5773.0,12516,398.0,8.02,2440.0,8.05,6860.0,4690.0,4230.0,0.0,0.0,185.0,8.02,0.0,14920.0,78.0,3.46,5.4,0.0,0.0,38.1,184.0,8.04,0.0,16820.0,96.0,3.49,12.8,0.0,0.0,38.4,273.0,8.26,680.0,0.0,,244.0,86.0,0.0,48.0,931.0,1238.23,60.6,60.7,60.650000000000006,39.339999999999996,0.01,12516.0,0.40029000000000003,0.719922,0.00014099999999999998,1.120353,14022.338147999999,5010.029640000001,1252.5074100000002,10020059.280000001,,,,,,,,,,
2021-09-30,212.4,88.92,15.11,316.43,7.86,2.94,1.72,4.23,176135.0,0.0,0.0,0.0,7.08,5.25,96.0,38.6,,,7.98,31725.0,0.0,0.0,0.0,2.74,1.15,3192.0,17662.0,61.0,6638.0,96.0,38.6,,,8.0,32449.0,0.0,0.0,0.0,2.82,1.2,3043.0,17275.0,61.2,5698.0,12336,468.0,8.06,2160.0,8.01,8420.0,4208.0,4621.0,0.0,0.0,184.0,7.95,0.0,15440.0,112.0,3.85,15.2,0.0,0.0,38.3,181.0,7.96,0.0,16090.0,101.0,4.62,20.4,0.0,0.0,38.8,261.0,8.21,720.0,0.0,,264.0,91.0,6.8,48.0,931.0,1238.23,61.0,61.2,61.1,38.89,0.01,12336.0,0.40326,0.711687,0.00014099999999999998,1.1150879999999999,13755.725567999998,4974.61536,1243.65384,9949230.719999999,,,,,,,,,,
2021-10-01,161.56,181.66,16.32,359.53999999999996,0.0,0.0,0.0,0.0,0.0,0.0,0.0,0.0,0.0,0.0,96.0,0.0,,,0.0,0.0,0.0,0.0,0.0,0.0,0.0,0.0,0.0,,6673.0,96.0,,,,0.0,0.0,0.0,0.0,0.0,0.0,0.0,0.0,0.0,,5669.0,12342,376.0,0.0,0.0,0.0,0.0,0.0,0.0,0.0,0.0,184.0,0.0,0.0,0.0,0.0,0.0,0.0,0.0,0.0,0.0,183.0,0.0,0.0,0.0,0.0,0.0,0.0,0.0,0.0,0.0,302.0,0.0,0.0,0.0,,0.0,0.0,0.0,48.0,931.0,1238.23,,,,,,12342.0,,,,,,,,,,,,,,,,,,
2021-10-02,83.61,54.68,22.61,160.89999999999998,0.0,0.0,0.0,0.0,0.0,0.0,0.0,0.0,0.0,0.0,96.0,0.0,,,0.0,0.0,0.0,0.0,0.0,0.0,0.0,0.0,0.0,,6595.0,96.0,,,,0.0,0.0,0.0,0.0,0.0,0.0,0.0,0.0,0.0,,5537.0,12132,437.0,0.0,0.0,0.0,0.0,0.0,0.0,0.0,0.0,187.0,0.0,0.0,0.0,0.0,0.0,0.0,0.0,0.0,0.0,188.0,0.0,0.0,0.0,0.0,0.0,0.0,0.0,0.0,0.0,317.0,0.0,0.0,0.0,,0.0,0.0,0.0,48.0,931.0,1238.23,,,,,,12132.0,,,,,,,,,,,,,,,,,,
2021-10-03,0.0,0.0,0.0,0.0,0.0,0.0,0.0,0.0,0.0,0.0,0.0,0.0,0.0,0.0,96.0,0.0,,,0.0,0.0,0.0,0.0,0.0,0.0,0.0,0.0,0.0,,6474.0,96.0,,,,0.0,0.0,0.0,0.0,0.0,0.0,0.0,0.0,0.0,,5384.0,11858,403.0,0.0,0.0,0.0,0.0,0.0,0.0,0.0,0.0,197.0,0.0,0.0,0.0,0.0,0.0,0.0,0.0,0.0,0.0,191.0,0.0,0.0,0.0,0.0,0.0,0.0,0.0,0.0,0.0,257.0,0.0,0.0,0.0,,0.0,0.0,0.0,48.0,798.0,1061.3400000000001,,,,,,11858.0,,,,,,,,,,,,,,,,,,
2021-10-04,240.97,132.42,24.96,398.35,7.56,2.39,1.48,4.39,16705.0,6160.0,1135.0,2773.0,6.78,4.86,96.0,38.3,,,7.99,32409.0,6134.0,769.0,5238.0,2.82,1.15,3069.0,17825.0,61.4,6374.0,96.0,38.3,,,7.99,33262.0,6358.0,783.0,5384.0,2.81,1.2,3375.0,17549.0,61.6,5520.0,11894,318.0,7.54,3460.0,7.85,25640.0,7465.0,4916.0,598.0,3815.0,223.0,7.94,271.0,16260.0,115.0,4.27,6.9,0.18,7.2,37.1,192.0,7.92,263.0,21500.0,103.0,5.43,5.4,0.16,8.1,38.2,301.0,8.18,660.0,0.0,,259.0,92.0,7.1,48.0,798.0,1061.3400000000001,61.4,61.6,61.5,38.49,0.01,11894.0,0.40590000000000004,0.704367,0.00014099999999999998,1.1104079999999998,13207.192751999997,4827.774600000001,1206.9436500000002,9655549.200000001,,,,,,,,,,
2021-10-05,164.57,91.32,14.76,270.65,7.7,0.0,2.2,4.46,180852.0,0.0,0.0,0.0,6.75,4.84,96.0,38.3,,,7.97,38486.0,0.0,0.0,0.0,2.89,1.04,3162.0,17739.0,61.3,6211.0,96.0,38.3,,,7.99,37702.0,0.0,0.0,0.0,2.81,1.11,3279.0,17608.0,61.5,5548.0,11759,377.0,7.77,3400.0,7.84,26700.0,4841.0,4497.0,0.0,0.0,193.0,7.98,0.0,16600.0,180.0,2.84,13.4,0.0,0.0,37.5,192.0,7.96,0.0,15640.0,187.0,19.26,6.3,0.0,0.0,38.6,350.0,8.19,600.0,0.0,,290.0,136.0,7.2,48.0,858.0000000000002,1141.1400000000003,61.3,61.5,61.4,38.59,0.01,11759.0,0.40524,0.7061970000000001,0.00014099999999999998,1.111578,13071.045702,4765.21716,1191.30429,9530434.32,,,,,,,,,,
2021-10-06,193.98,88.7,22.35,305.03,7.81,0.0,1.69,4.35,184437.0,0.0,0.0,0.0,6.91,4.98,100.0,38.3,,,7.98,36745.0,0.0,0.0,0.0,2.87,1.05,3042.0,17651.0,61.0,6381.0,100.0,38.3,,,8.0,37193.0,0.0,0.0,0.0,2.84,1.15,3371.0,17843.0,61.1,5685.0,12066,397.0,7.92,3160.0,7.91,18960.0,5060.0,4537.0,0.0,0.0,179.0,8.01,0.0,16180.0,168.0,3.19,10.5,0.0,0.0,37.7,191.0,7.98,0.0,16230.0,151.0,4.69,7.2,0.0,0.0,38.9,233.0,8.24,720.0,0.0,,286.0,131.0,6.9,48.0,798.0,1061.3400000000001,61.0,61.1,61.05,38.940000000000005,0.01,12066.0,0.40293,0.7126020000000001,0.00014099999999999998,1.115673,13461.710417999999,4861.75338,1215.438345,9723506.76,,,,,,,,,,
2021-10-07,162.57,76.49,14.18,253.23999999999998,7.64,2.58,1.57,4.5,209007.0,0.0,0.0,0.0,6.68,4.86,100.0,38.3,,,8.0,37951.0,0.0,0.0,0.0,2.94,1.25,3419.0,17762.0,61.7,6444.0,100.0,38.3,,,8.01,38253.0,0.0,0.0,0.0,2.89,1.01,3025.0,17775.0,61.9,5770.0,12214,399.0,7.51,3640.0,7.88,12420.0,4662.0,4287.0,0.0,0.0,164.0,7.96,0.0,16340.0,134.0,5.24,8.5,0.0,0.0,37.9,192.0,7.94,0.0,15880.0,118.0,3.36,5.4,0.0,0.0,39.2,279.0,8.21,740.0,0.0,,268.0,116.0,6.5,48.0,798.0,1061.3400000000001,61.7,61.9,61.8,38.190000000000005,0.01,12214.0,0.40787999999999996,0.6988770000000001,0.00014099999999999998,1.106898,13519.652172,4981.84632,1245.46158,9963692.639999999,,,,,,,,,,
2021-10-08,164.99,0.0,14.99,179.98000000000002,7.79,0.0,1.61,4.45,192515.0,0.0,0.0,0.0,6.77,4.92,100.0,38.3,,,8.01,37421.0,0.0,0.0,0.0,2.91,1.16,3258.0,17549.0,61.2,6549.0,100.0,38.3,,,8.0,36959.0,0.0,0.0,0.0,2.87,1.13,3127.0,17643.0,61.3,5771.0,12320,418.0,7.88,3440.0,7.92,14690.0,5138.0,4592.0,0.0,0.0,198.0,7.99,0.0,16820.0,126.0,3.82,4.9,0.0,0.0,38.4,192.0,7.96,0.0,16340.0,112.0,4.27,11.2,0.0,0.0,39.4,266.0,8.16,680.0,0.0,,279.0,105.0,7.4,48.0,798.0,1061.3400000000001,61.2,61.3,61.25,38.74,0.01,12320.0,0.40425000000000005,0.7089420000000001,0.00014099999999999998,1.1133330000000001,13716.262560000001,4980.360000000001,1245.0900000000001,9960720.000000002,,,,,,,,,,
2021-10-09,134.2,89.04,23.09,246.32999999999998,0.0,0.0,0.0,0.0,0.0,0.0,0.0,0.0,0.0,0.0,100.0,0.0,,,0.0,0.0,0.0,0.0,0.0,0.0,0.0,0.0,0.0,,6508.0,100.0,,,,0.0,0.0,0.0,0.0,0.0,0.0,0.0,0.0,0.0,,5795.0,12303,384.0,0.0,0.0,0.0,0.0,0.0,0.0,0.0,0.0,231.0,0.0,0.0,0.0,0.0,0.0,0.0,0.0,0.0,0.0,186.0,0.0,0.0,0.0,0.0,0.0,0.0,0.0,0.0,0.0,261.0,0.0,0.0,0.0,,0.0,0.0,0.0,48.0,798.0,1061.3400000000001,,,,,,12303.0,,,,,,,,,,,,,,,,,,
2021-10-10,49.08,0.0,0.0,49.08,0.0,0.0,0.0,0.0,0.0,0.0,0.0,0.0,0.0,0.0,100.0,0.0,,,0.0,0.0,0.0,0.0,0.0,0.0,0.0,0.0,0.0,,6378.0,100.0,,,,0.0,0.0,0.0,0.0,0.0,0.0,0.0,0.0,0.0,,5727.0,12105,403.0,0.0,0.0,0.0,0.0,0.0,0.0,0.0,0.0,194.0,0.0,0.0,0.0,0.0,0.0,0.0,0.0,0.0,0.0,146.0,0.0,0.0,0.0,0.0,0.0,0.0,0.0,0.0,0.0,311.0,0.0,0.0,0.0,,0.0,0.0,0.0,48.0,798.0,1061.3400000000001,,,,,,12105.0,,,,,,,,,,,,,,,,,,
2021-10-11,192.04,136.4,25.79,354.23,0.0,0.0,0.0,0.0,0.0,0.0,0.0,0.0,0.0,0.0,100.0,0.0,,,0.0,0.0,0.0,0.0,0.0,0.0,0.0,0.0,0.0,,6457.0,100.0,,,,0.0,0.0,0.0,0.0,0.0,0.0,0.0,0.0,0.0,,5660.0,12117,452.0,0.0,0.0,0.0,0.0,0.0,0.0,0.0,0.0,195.0,0.0,0.0,0.0,0.0,0.0,0.0,0.0,0.0,0.0,192.0,0.0,0.0,0.0,0.0,0.0,0.0,0.0,0.0,0.0,240.0,0.0,0.0,0.0,,0.0,0.0,0.0,48.0,798.0,1061.3400000000001,,,,,,12117.0,,,,,,,,,,,,,,,,,,
2021-10-12,165.11,103.49,13.97,282.57,7.88,0.0,0.91,4.66,189725.0,6021.0,1137.0,2603.0,5.91,4.08,100.0,38.3,,,7.99,37965.0,5974.0,716.0,5216.0,2.85,1.35,3612.0,17244.0,62.1,6427.0,100.0,38.3,,,8.05,29609.0,5988.0,659.0,5143.0,,1.18,3118.0,17729.0,62.1,5525.0,11952,448.0,6.9,14000.0,7.89,15060.0,9965.0,4228.0,635.0,3550.0,195.0,7.82,288.0,13800.0,147.0,4.68,6.4,0.14,7.2,38.5,192.0,7.92,296.0,15460.0,157.0,4.23,4.9,0.12,7.2,39.2,320.0,8.19,400.0,0.0,,276.0,130.0,6.5,48.0,1058.0000000000002,1407.1400000000003,62.1,62.1,62.1,37.89,0.01,11952.0,0.40986000000000006,0.693387,0.00014099999999999998,1.103388,13187.693376000001,4898.646720000001,1224.6616800000002,9797293.440000001,,,,,,,,,,
2021-10-13,190.63,65.45,21.21,277.28999999999996,7.75,1.81,1.0,4.66,167489.0,0.0,0.0,0.0,5.84,4.0,101.0,38.3,,,8.0,34817.0,0.0,0.0,0.0,2.86,1.16,3351.0,17421.0,62.3,6424.0,104.0,38.3,,,8.06,31318.0,0.0,0.0,0.0,2.68,1.09,2967.0,17644.0,62.5,5586.0,12010,430.0,7.66,8040.0,7.78,15560.0,8448.0,4321.0,0.0,0.0,194.0,7.88,0.0,15140.0,161.0,5.38,4.9,0.0,0.0,37.9,192.0,7.98,0.0,17360.0,142.0,3.32,6.5,0.0,0.0,38.9,305.0,8.21,740.0,0.0,,265.0,135.0,6.9,48.0,1064.0,1415.1200000000001,62.3,62.5,62.4,37.59,0.01,12010.0,0.41184,0.6878970000000001,0.00014099999999999998,1.0998780000000001,13209.534780000002,4946.1984,1236.5496,9892396.8,,,,,,,,,,
2021-10-14,189.16,89.16,14.04,292.36,7.75,0.0,1.64,4.68,176337.0,0.0,0.0,0.0,5.56,3.98,102.0,38.3,,,7.99,34473.0,0.0,0.0,0.0,2.9,1.25,3409.0,17562.0,62.7,6443.0,108.0,38.2,,,8.05,32710.0,0.0,0.0,0.0,2.86,1.09,3062.0,17725.0,62.9,5689.0,12132,442.0,7.62,13760.0,7.94,15840.0,6825.0,4182.0,0.0,0.0,198.0,7.92,0.0,15540.0,128.0,3.27,6.5,0.0,0.0,37.7,198.0,8.0,0.0,17900.0,146.0,10.14,4.2,0.0,0.0,38.9,302.0,8.27,620.0,0.0,,283.0,119.0,6.2,48.0,1330.0,1768.9,62.7,62.9,62.8,37.190000000000005,0.01,12132.0,0.41448,0.6805770000000001,0.00014099999999999998,1.0951980000000001,13286.942136000001,5028.4713600000005,1257.1178400000001,10056942.72,,,,,,,,,,
2021-10-15,190.58,135.02,15.69,341.29,7.86,0.0,1.82,4.51,180482.0,0.0,0.0,0.0,6.12,4.25,102.0,38.3,,,7.98,35212.0,0.0,0.0,0.0,3.06,1.28,3544.0,17405.0,62.8,6463.0,108.0,38.2,,,8.04,32165.0,0.0,0.0,0.0,2.96,1.14,3170.0,17502.0,62.8,5666.0,12129,471.0,7.71,10240.0,7.86,13880.0,7462.0,4507.0,0.0,0.0,202.0,7.9,0.0,15940.0,140.0,5.38,4.9,0.0,0.0,37.7,200.0,8.02,0.0,18260.0,168.0,4.53,8.6,0.0,0.0,38.8,305.0,8.23,720.0,0.0,,274.0,142.0,7.2,48.0,1351.9999999999993,1798.1599999999992,62.8,62.8,62.8,37.190000000000005,0.01,12129.0,0.41448,0.6805770000000001,0.00014099999999999998,1.0951980000000001,13283.656542,5027.22792,1256.80698,10054455.84,,,,,,,,,,
2021-10-16,133.92,104.13,21.77,259.82,0.0,0.0,0.0,0.0,0.0,0.0,0.0,0.0,0.0,0.0,104.0,0.0,,,0.0,0.0,0.0,0.0,0.0,0.0,0.0,0.0,0.0,,6434.0,108.0,,,,0.0,0.0,0.0,0.0,0.0,0.0,0.0,0.0,0.0,,5629.0,12063,495.0,0.0,0.0,0.0,0.0,0.0,0.0,0.0,0.0,201.0,0.0,0.0,0.0,0.0,0.0,0.0,0.0,0.0,0.0,200.0,0.0,0.0,0.0,0.0,0.0,0.0,0.0,0.0,0.0,317.0,0.0,0.0,0.0,,0.0,0.0,0.0,48.0,931.0,1238.23,,,,,,12063.0,,,,,,,,,,,,,,,,,,
2021-10-17,49.88,0.0,0.0,49.88,0.0,0.0,0.0,0.0,0.0,0.0,0.0,0.0,0.0,0.0,104.0,0.0,,,0.0,0.0,0.0,0.0,0.0,0.0,0.0,0.0,0.0,,6410.0,108.0,,,,0.0,0.0,0.0,0.0,0.0,0.0,0.0,0.0,0.0,,5736.0,12146,447.0,0.0,0.0,0.0,0.0,0.0,0.0,0.0,0.0,200.0,0.0,0.0,0.0,0.0,0.0,0.0,0.0,0.0,0.0,200.0,0.0,0.0,0.0,0.0,0.0,0.0,0.0,0.0,0.0,322.0,0.0,0.0,0.0,,0.0,0.0,0.0,48.0,1064.0,1415.1200000000001,,,,,,12146.0,,,,,,,,,,,,,,,,,,
2021-10-18,193.31,38.56,23.85,255.72,7.53,0.0,1.66,4.6,181862.0,6340.0,1172.0,2484.0,5.92,4.3,106.0,38.0,,,7.97,37848.0,6009.0,742.0,5038.0,2.86,1.26,3319.0,17238.0,62.4,6592.0,108.0,37.9,,,8.03,39495.0,5939.0,683.0,4937.0,2.6,1.09,2964.0,17410.0,62.5,5964.0,12556,496.0,7.94,1060.0,8.12,4860.0,2092.0,3307.0,374.0,2983.0,202.0,8.01,256.0,13760.0,198.0,3.18,34.6,0.19,7.8,37.4,199.0,8.05,241.0,14900.0,184.0,4.29,34.9,0.12,7.5,36.4,342.0,8.29,640.0,175.0,,236.0,152.0,7.1,48.0,931.0,1238.23,62.4,62.5,62.45,37.54,0.01,12556.0,0.41217000000000004,0.686982,0.00014099999999999998,1.099293,13802.722908000002,5175.206520000001,1293.8016300000002,10350413.040000001,,,,,,,,,,
2021-10-19,218.43,91.58,11.22,321.23,7.58,3.42,1.83,4.57,175198.0,0.0,0.0,0.0,5.79,4.03,106.0,38.0,,,7.97,43032.0,0.0,0.0,0.0,3.03,1.22,3508.0,17162.0,62.1,6943.0,108.0,37.9,,,8.02,40239.0,0.0,0.0,0.0,3.19,1.18,3241.0,17269.0,62.2,6093.0,13036,393.0,7.56,6860.0,8.08,8420.0,4862.0,4084.0,0.0,0.0,202.0,7.98,0.0,14320.0,156.0,10.27,20.5,0.0,0.0,37.0,199.0,8.02,0.0,14620.0,149.0,3.42,18.7,0.0,0.0,36.6,350.0,8.19,720.0,0.0,,248.0,141.0,7.4,48.0,931.0,1238.23,62.1,62.2,62.150000000000006,37.839999999999996,0.01,13036.0,0.41019000000000005,0.692472,0.00014099999999999998,1.102803,14376.139908,5347.2368400000005,1336.8092100000001,10694473.680000002,,,,,,,,,,
2021-10-20,187.25,136.06,22.42,345.73,7.82,0.0,1.58,4.51,181947.0,6319.0,1179.0,3003.0,6.27,4.51,108.0,38.0,,,7.97,36316.0,6033.0,631.0,4727.0,2.84,1.16,3421.0,17075.0,62.0,7124.0,108.0,37.9,,,8.01,29873.0,6063.0,612.0,4718.0,2.55,1.11,3184.0,17342.0,62.0,6038.0,13162,463.0,7.89,3640.0,8.14,6440.0,3775.0,3677.0,377.0,3063.0,202.0,8.0,0.0,13760.0,108.0,10.07,16.6,0.0,0.0,36.2,200.0,8.03,0.0,14660.0,125.0,3.25,32.3,0.0,0.0,37.5,350.0,8.24,680.0,0.0,,264.0,105.0,6.6,48.0,931.0,1238.23,62.0,62.0,62.0,37.99,0.01,13162.0,0.4092,0.6952170000000001,0.00014099999999999998,1.1045580000000002,14538.192396000002,5385.8904,1346.4726,10771780.8,,,,,,,,,,
2021-10-21,186.8,102.31,13.34,302.45000000000005,7.56,0.0,1.48,4.46,177683.0,0.0,0.0,0.0,6.22,4.47,108.0,37.9,,,7.96,34838.0,0.0,0.0,0.0,2.72,1.15,3462.0,16834.0,62.0,7213.0,108.0,38.0,,,8.0,31788.0,0.0,0.0,0.0,2.83,1.17,3295.0,17238.0,61.9,6136.0,13349,450.0,8.01,4260.0,8.12,6860.0,4215.0,3848.0,0.0,0.0,202.0,8.04,0.0,13940.0,112.0,5.84,15.2,0.0,0.0,37.8,202.0,8.06,0.0,14290.0,121.0,4.61,20.1,0.0,0.0,36.9,350.0,8.2,740.0,0.0,,247.0,103.0,6.9,48.0,1054.0000000000005,1401.8200000000006,62.0,61.9,61.95,38.04,0.01,13349.0,0.40887,0.6961320000000001,0.00014099999999999998,1.105143,14752.553907,5458.005630000001,1364.5014075000001,10916011.260000002,,,,,,,,,,
2021-10-22,161.39,19.26,14.24,194.89,7.76,2.62,1.53,4.58,180275.0,0.0,0.0,0.0,6.28,4.52,110.0,38.0,,,7.97,35419.0,0.0,0.0,0.0,2.81,1.18,3640.0,16972.0,61.6,7230.0,110.0,38.0,,,8.0,32621.0,0.0,0.0,0.0,2.75,1.13,3338.0,17482.0,61.7,6144.0,13374,486.0,8.1,3280.0,8.16,5020.0,3960.0,4064.0,0.0,0.0,171.0,8.08,0.0,14240.0,88.0,3.93,7.9,0.0,0.0,36.7,200.0,8.0,0.0,14860.0,105.0,6.17,11.5,0.0,0.0,36.6,350.0,8.26,580.0,0.0,,238.0,92.0,7.2,50.0,1064.0,1415.1200000000001,61.6,61.7,61.650000000000006,38.339999999999996,0.01,13374.0,0.4068900000000001,0.701622,0.00014099999999999998,1.108653,14827.125222,5441.746860000001,1360.4367150000003,10883493.720000003,,,,,,,,,,
2021-10-23,159.22,91.18,21.35,271.75,0.0,0.0,0.0,0.0,0.0,0.0,0.0,0.0,0.0,0.0,110.0,0.0,,,0.0,0.0,0.0,0.0,0.0,0.0,0.0,0.0,0.0,,7173.0,110.0,,,,0.0,0.0,0.0,0.0,0.0,0.0,0.0,0.0,0.0,,6139.0,13312,481.0,0.0,0.0,0.0,0.0,0.0,0.0,0.0,0.0,191.0,0.0,0.0,0.0,0.0,0.0,0.0,0.0,0.0,0.0,200.0,0.0,0.0,0.0,0.0,0.0,0.0,0.0,0.0,0.0,350.0,0.0,0.0,0.0,,0.0,0.0,0.0,51.0,1064.0,1415.1200000000001,,,,,,13312.0,,,,,,,,,,,,,,,,,,
2021-10-24,24.05,0.0,0.0,24.05,0.0,0.0,0.0,0.0,0.0,0.0,0.0,0.0,0.0,0.0,110.0,0.0,,,0.0,0.0,0.0,0.0,0.0,0.0,0.0,0.0,0.0,,7313.0,110.0,,,,0.0,0.0,0.0,0.0,0.0,0.0,0.0,0.0,0.0,,6202.0,13515,428.0,0.0,0.0,0.0,0.0,0.0,0.0,0.0,0.0,201.0,0.0,0.0,0.0,0.0,0.0,0.0,0.0,0.0,0.0,199.0,0.0,0.0,0.0,0.0,0.0,0.0,0.0,0.0,0.0,350.0,0.0,0.0,0.0,,0.0,0.0,0.0,51.0,1064.0,1415.1200000000001,,,,,,13515.0,,,,,,,,,,,,,,,,,,
2021-10-25,192.82,135.1,25.17,353.09,7.61,3.9,2.41,4.31,199734.0,6225.0,1241.0,2849.0,6.71,4.87,110.0,38.0,,,8.03,34219.0,6134.0,662.0,4836.0,3.02,1.15,3461.0,17205.0,61.1,7531.0,110.0,38.0,,,8.06,32026.0,6074.0,649.0,4738.0,2.97,1.28,3551.0,17861.0,61.3,6267.0,13798,442.0,7.98,3840.0,8.1,6260.0,4690.0,3927.0,412.0,3310.0,200.0,8.12,271.0,14960.0,92.0,12.46,5.2,0.14,7.1,36.5,200.0,8.08,268.0,16120.0,84.0,6.17,10.8,0.29,7.8,36.4,350.0,8.19,680.0,169.0,,249.0,51.0,7.4,51.0,1064.0,1415.1200000000001,61.1,61.3,61.2,38.79,0.01,13798.0,0.40392000000000006,0.709857,0.00014099999999999998,1.113918,15369.840564,5573.288160000001,1393.3220400000002,11146576.320000002,,,,,,,,,,
2021-10-26,190.24,123.51,10.82,324.57000000000005,7.75,0.0,1.88,4.38,189305.0,0.0,0.0,0.0,6.65,4.74,110.0,38.0,,,8.02,36241.0,0.0,0.0,0.0,3.06,1.18,3729.0,17042.0,61.2,7549.0,110.0,38.0,,,8.05,33410.0,0.0,0.0,0.0,3.0,1.24,3508.0,17483.0,61.3,6412.0,13961,479.0,8.05,4160.0,8.16,4940.0,3569.0,3644.0,0.0,0.0,199.0,8.14,0.0,15640.0,104.0,6.37,7.6,0.0,0.0,37.5,200.0,8.1,0.0,15490.0,112.0,16.19,9.2,0.0,0.0,36.6,298.0,8.25,780.0,0.0,,238.0,88.0,7.5,51.0,1064.0,1415.1200000000001,61.2,61.3,61.25,38.74,0.01,13961.0,0.40425000000000005,0.7089420000000001,0.00014099999999999998,1.1133330000000001,15543.242013000001,5643.73425,1410.9335625,11287468.5,,,,,,,,,,
2021-10-27,160.43,0.0,22.53,182.96,7.45,0.0,2.13,4.33,194823.0,0.0,0.0,0.0,6.6,4.79,130.0,38.0,,,7.99,41338.0,0.0,0.0,0.0,3.0,1.24,3925.0,16860.0,60.3,7608.0,110.0,38.0,,,7.98,47081.0,0.0,0.0,0.0,3.07,1.29,3740.0,17118.0,60.5,6546.0,14154,425.0,8.01,1400.0,8.12,9300.0,4083.0,4217.0,0.0,0.0,202.0,8.07,0.0,13200.0,142.0,10.47,28.8,0.0,0.0,37.6,199.0,8.02,0.0,15900.0,138.0,8.47,21.4,0.0,0.0,37.0,350.0,8.21,720.0,0.0,,254.0,119.0,6.9,51.0,915.9999999999994,1218.2799999999993,60.3,60.5,60.4,39.59,0.01,14154.0,0.39864000000000005,0.7244970000000001,0.00014099999999999998,1.123278,15898.876812,5642.350560000001,1410.5876400000002,11284701.120000001,,,,,,,,,,
2021-10-28,186.95,88.99,14.54,290.48,7.24,3.84,2.05,4.27,183913.0,0.0,0.0,0.0,6.7,5.02,110.0,38.0,,,7.98,38266.0,0.0,0.0,0.0,2.81,1.05,3749.0,17135.0,60.7,7610.0,110.0,38.0,,,7.97,40207.0,0.0,0.0,0.0,2.72,0.92,3561.0,17097.0,60.9,6506.0,14116,452.0,7.68,3880.0,8.18,8420.0,3829.0,4108.0,0.0,0.0,201.0,7.99,0.0,13820.0,154.0,5.83,19.4,0.0,0.0,36.7,200.0,7.98,0.0,15460.0,127.0,6.49,14.5,0.0,0.0,37.5,350.0,8.25,740.0,0.0,,239.0,106.0,7.5,50.0,1064.0,1415.1200000000001,60.7,60.9,60.8,39.190000000000005,0.01,14116.0,0.40128,0.7171770000000001,0.00014099999999999998,1.118598,15790.129368,5664.46848,1416.11712,11328936.96,,,,,,,,,,
2021-10-29,188.44,89.18,14.71,292.33000000000004,7.54,0.0,1.98,4.41,179617.0,0.0,0.0,0.0,6.58,4.77,110.0,38.0,,,7.97,37395.0,0.0,0.0,0.0,2.91,1.12,3646.0,17082.0,61.1,7514.0,110.0,38.0,,,7.96,39617.0,0.0,0.0,0.0,2.81,1.05,3372.0,17269.0,61.2,6495.0,14009,521.0,7.94,3960.0,8.06,8690.0,4316.0,3875.0,0.0,0.0,203.0,7.95,0.0,13460.0,134.0,7.27,11.2,0.0,0.0,36.3,200.0,7.97,0.0,14980.0,115.0,5.31,16.8,0.0,0.0,37.7,350.0,8.19,580.0,0.0,,261.0,109.0,6.2,50.0,1064.0,1415.1200000000001,61.1,61.2,61.150000000000006,38.839999999999996,0.01,14009.0,0.4035900000000001,0.710772,0.00014099999999999998,1.114503,15613.072527,5653.892310000002,1413.4730775000005,11307784.620000005,,,,,,,,,,
2021-10-30,108.12,57.79,21.62,187.53,0.0,0.0,0.0,0.0,0.0,0.0,0.0,0.0,0.0,0.0,110.0,0.0,,,0.0,0.0,0.0,0.0,0.0,0.0,0.0,0.0,0.0,,7442.0,110.0,,,,0.0,0.0,0.0,0.0,0.0,0.0,0.0,0.0,0.0,,6478.0,13920,429.0,0.0,0.0,0.0,0.0,0.0,0.0,0.0,0.0,201.0,0.0,0.0,0.0,0.0,0.0,0.0,0.0,0.0,0.0,199.0,0.0,0.0,0.0,0.0,0.0,0.0,0.0,0.0,0.0,350.0,0.0,0.0,0.0,,0.0,0.0,0.0,50.0,1064.0,1415.1200000000001,,,,,,13920.0,,,,,,,,,,,,,,,,,,
2021-10-31,24.96,0.0,0.0,24.96,0.0,0.0,0.0,0.0,0.0,0.0,0.0,0.0,0.0,0.0,110.0,0.0,,,0.0,0.0,0.0,0.0,0.0,0.0,0.0,0.0,0.0,,7310.0,110.0,,,,0.0,0.0,0.0,0.0,0.0,0.0,0.0,0.0,0.0,,6438.0,13748,509.0,0.0,0.0,0.0,0.0,0.0,0.0,0.0,0.0,199.0,0.0,0.0,0.0,0.0,0.0,0.0,0.0,0.0,0.0,200.0,0.0,0.0,0.0,0.0,0.0,0.0,0.0,0.0,0.0,342.0,0.0,0.0,0.0,,0.0,0.0,0.0,50.0,1064.0,1415.1200000000001,,,,,,13748.0,,,,,,,,,,,,,,,,,,
2021-11-01,216.9,106.89,24.89,348.68,0.0,0.0,0.0,0.0,0.0,0.0,0.0,0.0,0.0,0.0,109.0,0.0,,,0.0,0.0,0.0,0.0,0.0,0.0,0.0,0.0,0.0,,7275.0,109.0,,,,0.0,0.0,0.0,0.0,0.0,0.0,0.0,0.0,0.0,,6438.0,13713,444.0,0.0,0.0,0.0,0.0,0.0,0.0,0.0,0.0,200.0,0.0,0.0,0.0,0.0,0.0,0.0,0.0,0.0,0.0,200.0,0.0,0.0,0.0,0.0,0.0,0.0,0.0,0.0,0.0,350.0,0.0,0.0,0.0,,0.0,0.0,0.0,48.0,1064.0,1415.1200000000001,,,,,,13713.0,,,,,,,,,,,,,,,,,,
2021-11-02,188.52,89.24,10.37,288.13,7.56,0.0,1.35,4.31,196932.0,6018.0,1179.0,2891.0,7.09,5.47,108.0,38.0,,,8.04,32482.0,6256.0,614.0,5221.0,2.81,1.33,3849.0,16694.0,61.1,7315.0,108.0,38.2,,,8.06,31629.0,6520.0,639.0,5552.0,2.88,1.37,3511.0,16947.0,61.3,6469.0,13784,446.0,7.66,4360.0,7.82,11100.0,5854.0,3716.0,743.0,3277.0,207.0,7.97,245.0,14540.0,60.0,16.9,7.5,0.21,5.2,36.7,199.0,8.06,225.0,17040.0,66.0,3.7,12.9,0.12,5.8,39.7,349.0,8.12,460.0,0.0,,218.0,58.0,5.1,48.0,931.0,1238.23,61.1,61.3,61.2,38.79,0.01,13784.0,0.40392000000000006,0.709857,0.00014099999999999998,1.113918,15354.245712,5567.633280000001,1391.9083200000002,11135266.560000002,,,,,,,,,,
2021-11-03,162.89,158.25,23.21,344.35,0.0,0.0,0.0,0.0,0.0,0.0,0.0,0.0,0.0,0.0,105.0,0.0,,,0.0,0.0,0.0,0.0,0.0,0.0,0.0,0.0,0.0,,7200.0,105.0,,,,0.0,0.0,0.0,0.0,0.0,0.0,0.0,0.0,0.0,,6383.0,13583,433.0,0.0,0.0,0.0,0.0,0.0,0.0,0.0,0.0,199.0,0.0,0.0,0.0,0.0,0.0,0.0,0.0,0.0,0.0,200.0,0.0,0.0,0.0,0.0,0.0,0.0,0.0,0.0,0.0,261.0,0.0,0.0,0.0,,0.0,0.0,0.0,46.0,993.0000000000002,1320.6900000000003,,,,,,13583.0,,,,,,,,,,,,,,,,,,
2021-11-04,183.99,77.36,15.12,276.47,7.62,3.38,1.95,4.15,184490.0,0.0,0.0,0.0,7.3,5.45,94.0,38.0,,,7.98,30779.0,0.0,0.0,0.0,2.9,1.37,3683.0,16971.0,61.7,7764.0,93.0,38.1,,,8.0,30381.0,0.0,0.0,0.0,3.05,1.28,3752.0,16528.0,61.9,5976.0,13740,292.0,7.71,3680.0,7.88,8690.0,6064.0,3904.0,0.0,0.0,192.0,7.85,0.0,14160.0,82.0,6.45,12.5,0.0,0.0,37.0,197.0,7.96,0.0,16220.0,74.0,5.19,8.4,0.0,0.0,40.4,357.0,8.08,540.0,0.0,,235.0,71.0,6.2,44.0,931.0,1238.23,61.7,61.9,61.8,38.190000000000005,0.01,13740.0,0.40787999999999996,0.6988770000000001,0.00014099999999999998,1.106898,15208.77852,5604.271199999999,1401.0677999999998,11208542.399999999,,,,,,,,,,
2021-11-05,213.0,0.0,15.05,228.05,7.98,0.0,1.62,4.21,188248.0,0.0,0.0,0.0,7.19,5.31,81.0,38.0,,,7.99,33249.0,0.0,0.0,0.0,2.87,1.29,3445.0,17175.0,61.4,4872.0,81.0,38.1,,,8.01,32605.0,0.0,0.0,0.0,2.98,1.25,3583.0,16871.0,61.5,5089.0,9961,355.0,7.65,3860.0,7.95,9440.0,5238.0,4062.0,0.0,0.0,193.0,7.92,0.0,14820.0,68.0,4.29,6.1,0.0,0.0,37.5,190.0,8.01,0.0,16880.0,81.0,7.14,10.2,0.0,0.0,40.5,212.0,8.18,620.0,0.0,,252.0,72.0,5.8,40.0,931.0,1238.23,61.4,61.5,61.45,38.54,0.01,9961.0,0.40557000000000004,0.705282,0.00014099999999999998,1.110993,11066.601272999998,4039.8827700000006,1009.9706925000002,8079765.540000001,,,,,,,,,,
2021-11-06,77.35,128.89,21.58,227.81999999999996,0.0,0.0,0.0,0.0,0.0,0.0,0.0,0.0,0.0,0.0,84.0,0.0,,,0.0,0.0,0.0,0.0,0.0,0.0,0.0,0.0,0.0,,5736.0,84.0,,,,0.0,0.0,0.0,0.0,0.0,0.0,0.0,0.0,0.0,,4961.0,10697,284.0,0.0,0.0,0.0,0.0,0.0,0.0,0.0,0.0,185.0,0.0,0.0,0.0,0.0,0.0,0.0,0.0,0.0,0.0,181.0,0.0,0.0,0.0,0.0,0.0,0.0,0.0,0.0,0.0,315.0,0.0,0.0,0.0,,0.0,0.0,0.0,40.0,931.0,1238.23,,,,,,10697.0,,,,,,,,,,,,,,,,,,
2021-11-07,27.66,0.0,0.0,27.66,0.0,0.0,0.0,0.0,0.0,0.0,0.0,0.0,0.0,0.0,90.0,0.0,,,0.0,0.0,0.0,0.0,0.0,0.0,0.0,0.0,0.0,,5703.0,90.0,,,,0.0,0.0,0.0,0.0,0.0,0.0,0.0,0.0,0.0,,4995.0,10698,471.0,0.0,0.0,0.0,0.0,0.0,0.0,0.0,0.0,181.0,0.0,0.0,0.0,0.0,0.0,0.0,0.0,0.0,0.0,178.0,0.0,0.0,0.0,0.0,0.0,0.0,0.0,0.0,0.0,355.0,0.0,0.0,0.0,,0.0,0.0,0.0,42.0,931.0,1238.23,,,,,,10698.0,,,,,,,,,,,,,,,,,,
2021-11-08,213.29,88.04,24.51,325.84000000000003,7.67,0.0,1.39,4.32,179451.0,6172.0,1124.0,0.0,7.14,5.24,96.0,38.0,,,8.02,32645.0,6084.0,641.0,0.0,2.88,1.21,3173.0,16848.0,61.1,6385.0,96.0,38.0,,,8.05,31825.0,6192.0,654.0,0.0,2.91,1.24,2954.0,16475.0,61.2,5563.0,11948,551.0,7.89,3420.0,7.98,8660.0,6249.0,0.0,0.0,0.0,192.0,7.99,0.0,13860.0,4137.0,6.42,8.4,0.0,542.0,36.2,188.0,8.04,0.0,15690.0,79.0,12.4,4.9,0.0,0.0,41.7,252.0,8.21,480.0,0.0,,249.0,102.0,0.0,44.0,931.0,1238.23,61.1,61.2,61.150000000000006,38.839999999999996,0.01,11948.0,0.4035900000000001,0.710772,0.00014099999999999998,1.114503,13316.081844,4822.093320000002,1205.5233300000004,9644186.640000004,,,,,,,,,,
2021-11-09,188.57,77.25,10.57,276.39,7.76,2.22,1.43,4.31,183462.0,0.0,0.0,0.0,6.81,5.09,96.0,38.0,,,7.99,32477.0,0.0,0.0,0.0,2.72,1.33,3384.0,16952.0,61.2,6520.0,96.0,38.0,,,8.01,37197.0,0.0,0.0,0.0,2.85,1.27,3037.0,16768.0,61.3,5625.0,12145,649.0,7.64,9240.0,7.76,11040.0,6620.0,4450.0,0.0,0.0,202.0,7.83,0.0,14620.0,132.0,12.4,31.5,0.0,0.0,38.0,203.0,7.89,0.0,16320.0,121.0,10.8,16.7,0.0,0.0,40.9,301.0,8.19,560.0,0.0,,262.0,102.0,6.4,44.0,1017.9999999999993,1353.9399999999991,61.2,61.3,61.25,38.74,0.01,12145.0,0.40425000000000005,0.7089420000000001,0.00014099999999999998,1.1133330000000001,13521.429285000002,4909.616250000001,1227.4040625000002,9819232.500000002,,,,,,,,,,
2021-11-10,155.39,46.91,22.81,225.10999999999999,0.0,0.0,0.0,0.0,0.0,0.0,0.0,0.0,0.0,0.0,98.0,0.0,,,0.0,0.0,0.0,0.0,0.0,0.0,0.0,0.0,0.0,,6592.0,98.0,,,,0.0,0.0,0.0,0.0,0.0,0.0,0.0,0.0,0.0,,5649.0,12241,424.0,0.0,0.0,0.0,0.0,0.0,0.0,0.0,0.0,179.0,0.0,0.0,0.0,0.0,0.0,0.0,0.0,0.0,0.0,200.0,0.0,0.0,0.0,0.0,0.0,0.0,0.0,0.0,0.0,279.0,0.0,0.0,0.0,,0.0,0.0,0.0,44.0,798.0,1061.3400000000001,,,,,,12241.0,,,,,,,,,,,,,,,,,,
2021-11-11,179.93,88.44,14.76,283.13,7.61,0.0,1.1,4.18,184682.0,5830.0,0.0,0.0,6.84,5.11,100.0,38.0,,,7.99,35401.0,6662.0,0.0,0.0,2.91,1.33,3394.0,16715.0,61.1,6673.0,100.0,38.0,,,7.99,39152.0,6583.0,0.0,0.0,2.72,1.2,3274.0,16837.0,61.2,5765.0,12438,397.0,8.21,6300.0,7.83,25300.0,5935.0,5166.0,0.0,0.0,186.0,7.78,0.0,16040.0,46.0,3.62,6.5,0.0,0.0,36.6,199.0,7.94,0.0,16840.0,58.0,4.19,5.2,0.0,0.0,39.0,152.0,8.14,520.0,0.0,,281.0,51.0,4.9,46.0,665.0,884.45,61.1,61.2,61.150000000000006,38.839999999999996,0.01,12438.0,0.4035900000000001,0.710772,0.00014099999999999998,1.114503,13862.188314,5019.852420000001,1254.9631050000003,10039704.840000002,,,,,,,,,,
2021-11-12,187.19,133.65,14.43,335.27,7.82,3.68,2.15,4.13,177504.0,0.0,0.0,0.0,6.63,4.79,100.0,38.0,,,7.99,33431.0,0.0,0.0,0.0,2.79,1.08,3144.0,16385.0,61.2,6594.0,100.0,38.1,,,8.0,30698.0,0.0,0.0,0.0,2.62,1.1,3031.0,17015.0,61.3,5779.0,12373,468.0,7.52,8960.0,7.78,22690.0,7138.0,5075.0,0.0,0.0,202.0,7.62,0.0,16520.0,94.0,12.26,11.8,0.0,0.0,36.1,200.0,7.83,0.0,17040.0,106.0,8.02,13.5,0.0,0.0,38.6,283.0,8.08,620.0,0.0,,304.0,88.0,6.1,46.0,665.0,884.45,61.2,61.3,61.25,38.74,0.01,12373.0,0.40425000000000005,0.7089420000000001,0.00014099999999999998,1.1133330000000001,13775.269209000002,5001.785250000001,1250.4463125000002,10003570.500000002,,,,,,,,,,
2021-11-13,128.3,103.93,21.17,253.40000000000003,0.0,0.0,0.0,0.0,0.0,0.0,0.0,0.0,0.0,0.0,102.0,0.0,,,0.0,0.0,0.0,0.0,0.0,0.0,0.0,0.0,0.0,,6733.0,102.0,,,,0.0,0.0,0.0,0.0,0.0,0.0,0.0,0.0,0.0,,5876.0,12609,371.0,0.0,0.0,0.0,0.0,0.0,0.0,0.0,0.0,202.0,0.0,0.0,0.0,0.0,0.0,0.0,0.0,0.0,0.0,199.0,0.0,0.0,0.0,0.0,0.0,0.0,0.0,0.0,0.0,309.0,0.0,0.0,0.0,,0.0,0.0,0.0,46.0,798.0,1061.3400000000001,,,,,,12609.0,,,,,,,,,,,,,,,,,,
2021-11-14,24.08,0.0,0.0,24.08,0.0,0.0,0.0,0.0,0.0,0.0,0.0,0.0,0.0,0.0,102.0,0.0,,,0.0,0.0,0.0,0.0,0.0,0.0,0.0,0.0,0.0,,6982.0,102.0,,,,0.0,0.0,0.0,0.0,0.0,0.0,0.0,0.0,0.0,,5924.0,12906,466.0,0.0,0.0,0.0,0.0,0.0,0.0,0.0,0.0,202.0,0.0,0.0,0.0,0.0,0.0,0.0,0.0,0.0,0.0,200.0,0.0,0.0,0.0,0.0,0.0,0.0,0.0,0.0,0.0,261.0,0.0,0.0,0.0,,0.0,0.0,0.0,46.0,798.0,1061.3400000000001,,,,,,12906.0,,,,,,,,,,,,,,,,,,
2021-11-15,214.07,39.06,25.7,278.83,7.58,2.71,1.28,4.14,211512.0,6748.0,1225.0,0.0,7.38,5.31,102.0,38.0,,,7.94,35253.0,6041.0,575.0,0.0,2.8,1.15,3419.0,16542.0,60.8,7178.0,102.0,38.1,,,7.93,34559.0,6410.0,565.0,0.0,2.86,1.18,3184.0,16779.0,60.9,6053.0,13231,399.0,7.89,6860.0,7.73,25940.0,6047.0,4030.0,440.0,0.0,202.0,7.91,182.0,16230.0,76.0,11.84,5.2,0.0,6.9,36.6,200.0,7.94,190.0,17240.0,56.0,4.61,4.9,0.0,6.2,38.4,318.0,8.21,480.0,159.0,,179.0,53.0,5.8,44.0,931.0,1238.23,60.8,60.9,60.849999999999994,39.14000000000001,0.01,13231.0,0.40161,0.7162620000000001,0.00014099999999999998,1.1180130000000001,14792.430003000001,5313.701910000001,1328.4254775000002,10627403.820000002,,,,,,,,,,
2021-11-16,162.19,89.08,11.35,262.62,0.0,0.0,0.0,0.0,0.0,0.0,0.0,0.0,0.0,0.0,102.0,0.0,,,0.0,0.0,0.0,0.0,0.0,0.0,0.0,0.0,0.0,,6934.0,102.0,,,,0.0,0.0,0.0,0.0,0.0,0.0,0.0,0.0,0.0,,6028.0,12962,410.0,0.0,0.0,0.0,0.0,0.0,0.0,0.0,0.0,171.0,0.0,0.0,0.0,0.0,0.0,0.0,0.0,0.0,0.0,152.0,0.0,0.0,0.0,0.0,0.0,0.0,0.0,0.0,0.0,258.0,0.0,0.0,0.0,,0.0,0.0,0.0,44.0,841.9999999999997,1119.8599999999997,,,,,,12962.0,,,,,,,,,,,,,,,,,,
2021-11-17,186.43,135.37,23.98,345.78,7.62,0.0,1.93,4.0,189440.0,0.0,0.0,0.0,6.92,5.06,102.0,38.0,,,7.95,34904.0,0.0,0.0,0.0,2.84,1.23,3648.0,16219.0,61.1,6962.0,102.0,38.0,,,7.94,35047.0,0.0,0.0,0.0,2.96,1.27,3428.0,16568.0,61.2,6090.0,13052,502.0,7.82,8420.0,7.81,23720.0,6417.0,4216.0,0.0,0.0,201.0,7.69,0.0,15840.0,84.0,6.38,4.2,0.0,0.0,37.8,200.0,7.71,0.0,16820.0,75.0,10.27,6.3,0.0,0.0,38.3,300.0,8.16,580.0,0.0,,243.0,69.0,6.5,44.0,798.0,1061.3400000000001,61.1,61.2,61.150000000000006,38.839999999999996,0.01,13052.0,0.4035900000000001,0.710772,0.00014099999999999998,1.114503,14546.493156,5267.656680000002,1316.9141700000005,10535313.360000003,,,,,,,,,,
2021-11-18,153.55,126.79,13.62,293.96000000000004,7.92,1.74,0.92,4.21,175939.0,0.0,0.0,0.0,6.84,5.19,102.0,38.3,,,7.94,40326.0,0.0,0.0,0.0,2.79,1.23,3629.0,16134.0,61.1,6943.0,102.0,38.3,,,7.98,31215.0,0.0,0.0,0.0,2.79,1.28,3317.0,16839.0,61.1,5973.0,12916,502.0,7.53,10760.0,7.64,21430.0,6630.0,4102.0,0.0,0.0,203.0,7.64,0.0,17260.0,71.0,4.39,6.2,0.0,0.0,37.1,200.0,7.81,0.0,16840.0,62.0,5.6,3.2,0.0,0.0,38.5,350.0,8.19,640.0,0.0,,265.0,61.0,6.2,44.0,1064.0,1415.1200000000001,61.1,61.1,61.1,38.89,0.01,12916.0,0.40326,0.711687,0.00014099999999999998,1.1150879999999999,14402.476607999999,5208.50616,1302.12654,10417012.32,,,,,,,,,,
2021-11-19,212.78,19.65,15.17,247.6,7.83,0.0,1.14,4.26,71537.0,0.0,0.0,0.0,6.76,4.98,102.0,38.6,,,7.95,38708.0,0.0,0.0,0.0,2.82,1.21,3431.0,16471.0,60.9,6780.0,102.0,38.7,,,7.99,32885.0,0.0,0.0,0.0,2.75,1.19,3129.0,16727.0,60.9,6000.0,12780,413.0,7.61,9660.0,7.71,19040.0,5937.0,3964.0,0.0,0.0,201.0,7.66,0.0,16960.0,92.0,9.34,4.5,0.0,0.0,36.7,200.0,,0.0,,,,,0.0,0.0,0.0,349.0,8.12,620.0,0.0,,245.0,74.0,5.8,44.0,798.0,1061.3400000000001,60.9,60.9,60.9,39.09,0.01,12780.0,0.40194,0.7153470000000002,0.00014099999999999998,1.117428,14280.729840000002,5136.7932,1284.1983,10273586.4,,,,,,,,,,
2021-11-20,131.51,89.28,22.91,243.7,0.0,0.0,0.0,0.0,0.0,0.0,0.0,0.0,0.0,0.0,102.0,0.0,,,0.0,0.0,0.0,0.0,0.0,0.0,0.0,0.0,0.0,,6793.0,102.0,,,,0.0,0.0,0.0,0.0,0.0,0.0,0.0,0.0,0.0,,5923.0,12716,428.0,0.0,0.0,0.0,0.0,0.0,0.0,0.0,0.0,202.0,0.0,0.0,0.0,0.0,0.0,0.0,0.0,0.0,0.0,156.0,0.0,0.0,0.0,0.0,0.0,0.0,0.0,0.0,0.0,331.0,0.0,0.0,0.0,,0.0,0.0,0.0,44.0,798.0,1061.3400000000001,,,,,,12716.0,,,,,,,,,,,,,,,,,,
2021-11-21,23.95,0.0,0.0,23.95,0.0,0.0,0.0,0.0,0.0,0.0,0.0,0.0,0.0,0.0,102.0,0.0,,,0.0,0.0,0.0,0.0,0.0,0.0,0.0,0.0,0.0,,6908.0,102.0,,,,0.0,0.0,0.0,0.0,0.0,0.0,0.0,0.0,0.0,,5998.0,12906,477.0,0.0,0.0,0.0,0.0,0.0,0.0,0.0,0.0,202.0,0.0,0.0,0.0,0.0,0.0,0.0,0.0,0.0,0.0,200.0,0.0,0.0,0.0,0.0,0.0,0.0,0.0,0.0,0.0,306.0,0.0,0.0,0.0,,0.0,0.0,0.0,44.0,665.0,884.45,,,,,,12906.0,,,,,,,,,,,,,,,,,,
2021-11-22,216.06,161.22,27.28,404.56,7.62,0.0,1.1,4.05,185516.0,5410.0,1162.0,2341.0,6.81,5.0,102.0,38.1,,,7.93,31264.0,5423.0,525.0,4708.0,2.72,1.05,3209.0,16118.0,61.0,6909.0,102.0,38.1,,,7.95,30547.0,5579.0,542.0,5044.0,2.7,1.01,3073.0,16827.0,61.1,5934.0,12843,434.0,7.22,8000.0,7.62,17640.0,8015.0,3934.0,416.0,3327.0,200.0,7.95,202.0,15740.0,47.0,4.46,4.1,0.11,6.5,36.4,206.0,8.02,189.0,17560.0,45.0,5.19,3.8,0.14,5.9,38.7,336.0,8.13,480.0,175.0,,184.0,43.0,5.1,44.0,921.9999999999992,1226.259999999999,61.0,61.1,61.05,38.940000000000005,0.01,12843.0,0.40293,0.7126020000000001,0.00014099999999999998,1.115673,14328.588338999998,5174.82999,1293.7074975,10349659.98,,,,,,,,,,
2021-11-23,211.66,78.02,13.23,302.90999999999997,0.0,0.0,0.0,0.0,0.0,0.0,0.0,0.0,0.0,0.0,105.0,0.0,,,0.0,0.0,0.0,0.0,0.0,0.0,0.0,0.0,0.0,,6878.0,105.0,,,,0.0,0.0,0.0,0.0,0.0,0.0,0.0,0.0,0.0,,5959.0,12837,420.0,0.0,0.0,0.0,0.0,0.0,0.0,0.0,0.0,201.0,0.0,0.0,0.0,0.0,0.0,0.0,0.0,0.0,0.0,216.0,0.0,0.0,0.0,0.0,0.0,0.0,0.0,0.0,0.0,203.0,0.0,0.0,0.0,,0.0,0.0,0.0,44.0,1064.0,1415.1200000000001,,,,,,12837.0,,,,,,,,,,,,,,,,,,
2021-11-24,128.58,0.0,24.8,153.38000000000002,7.69,2.63,1.29,4.08,179101.0,0.0,0.0,0.0,6.92,5.11,108.0,38.1,,,7.98,33499.0,0.0,0.0,0.0,2.7,1.04,3065.0,16582.0,61.0,7277.0,108.0,38.1,,,7.97,33854.0,0.0,0.0,0.0,2.85,1.09,2862.0,16637.0,61.2,6243.0,13520,425.0,7.91,4700.0,7.92,16440.0,7445.0,4028.0,0.0,0.0,160.0,7.87,0.0,20560.0,51.0,3.84,4.5,0.0,0.0,37.5,221.0,7.9,0.0,16800.0,46.0,4.61,5.2,0.0,0.0,38.2,273.0,8.18,520.0,0.0,,171.0,44.0,5.6,44.0,665.0,884.45,61.0,61.2,61.1,38.89,0.01,13520.0,0.40326,0.711687,0.00014099999999999998,1.1150879999999999,15075.989759999999,5452.0752,1363.0188,10904150.4,,,,,,,,,,
2021-11-25,185.34,89.05,16.75,291.14,7.54,0.0,1.95,4.08,184689.0,0.0,0.0,0.0,7.14,5.41,108.0,38.1,,,7.97,34430.0,0.0,0.0,0.0,2.83,1.25,3483.0,16772.0,60.8,7292.0,108.0,38.1,,,7.95,34118.0,0.0,0.0,0.0,2.7,1.01,2690.0,16522.0,60.9,6335.0,13627,330.0,8.05,4480.0,7.99,14280.0,6952.0,4103.0,0.0,0.0,193.0,7.82,0.0,18960.0,57.0,4.26,5.1,0.0,0.0,36.5,185.0,7.86,0.0,17160.0,,,,0.0,0.0,37.9,350.0,8.16,580.0,0.0,,192.0,48.0,6.1,44.0,1330.0,1768.9,60.8,60.9,60.849999999999994,39.14000000000001,0.01,13627.0,0.40161,0.7162620000000001,0.00014099999999999998,1.1180130000000001,15235.163151000002,5472.73947,1368.1848675,10945478.940000001,,,,,,,,,,
2021-11-26,184.8,89.19,16.82,290.81,7.71,0.0,1.15,4.21,178408.0,0.0,0.0,0.0,6.83,5.02,108.0,38.0,,,7.98,35806.0,0.0,0.0,0.0,2.79,1.21,3371.0,17025.0,61.0,7160.0,108.0,38.0,,,7.96,32446.0,0.0,0.0,0.0,2.71,1.05,2965.0,16942.0,61.1,6297.0,13457,438.0,7.98,5120.0,7.86,12260.0,6724.0,3952.0,0.0,0.0,186.0,7.79,0.0,18140.0,68.0,3.9,4.6,0.0,0.0,36.8,165.0,7.82,0.0,16460.0,,,,0.0,0.0,37.5,327.0,8.19,620.0,0.0,,204.0,55.0,5.8,44.0,1197.0,1592.01,61.0,61.1,61.05,38.940000000000005,0.01,13457.0,0.40293,0.7126020000000001,0.00014099999999999998,1.115673,15013.611561,5422.22901,1355.5572525,10844458.02,,,,,,,,,,
2021-11-27,158.58,103.11,24.19,285.88,0.0,0.0,0.0,0.0,0.0,0.0,0.0,0.0,0.0,0.0,110.0,0.0,,,0.0,0.0,0.0,0.0,0.0,0.0,0.0,0.0,0.0,,7423.0,110.0,,,,0.0,0.0,0.0,0.0,0.0,0.0,0.0,0.0,0.0,,6516.0,13939,369.0,0.0,0.0,0.0,0.0,0.0,0.0,0.0,0.0,186.0,0.0,0.0,0.0,0.0,0.0,0.0,0.0,0.0,0.0,192.0,0.0,0.0,0.0,0.0,0.0,0.0,0.0,0.0,0.0,350.0,0.0,0.0,0.0,,0.0,0.0,0.0,42.0,399.0,530.6700000000001,,,,,,13939.0,,,,,,,,,,,,,,,,,,
2021-11-28,0.0,0.0,0.0,0.0,0.0,0.0,0.0,0.0,0.0,0.0,0.0,0.0,0.0,0.0,110.0,0.0,,,0.0,0.0,0.0,0.0,0.0,0.0,0.0,0.0,0.0,,7391.0,110.0,,,,0.0,0.0,0.0,0.0,0.0,0.0,0.0,0.0,0.0,,6332.0,13723,354.0,0.0,0.0,0.0,0.0,0.0,0.0,0.0,0.0,187.0,0.0,0.0,0.0,0.0,0.0,0.0,0.0,0.0,0.0,192.0,0.0,0.0,0.0,0.0,0.0,0.0,0.0,0.0,0.0,350.0,0.0,0.0,0.0,,0.0,0.0,0.0,46.0,798.0,1061.3400000000001,,,,,,13723.0,,,,,,,,,,,,,,,,,,
2021-11-29,214.42,130.81,28.62,373.85,7.7,0.0,1.31,4.22,198972.0,6037.0,1219.0,0.0,7.21,5.25,112.0,38.0,,,7.96,31818.0,5862.0,512.0,0.0,2.66,1.06,3021.0,16944.0,61.2,7351.0,112.0,38.0,,,7.98,21152.0,5767.0,543.0,0.0,2.77,1.0,2816.0,17150.0,61.4,6525.0,13876,410.0,7.78,6440.0,7.76,8940.0,5138.0,4217.0,604.0,0.0,184.0,7.69,261.0,17560.0,71.0,12.6,3.8,0.15,7.2,37.0,192.0,7.73,245.0,16860.0,65.0,4.8,5.1,0.11,6.8,37.2,350.0,8.11,580.0,152.0,,218.0,59.0,6.1,42.0,901.9999999999999,1199.6599999999999,61.2,61.4,61.3,38.690000000000005,0.01,13876.0,0.40458,0.7080270000000002,0.00014099999999999998,1.112748,15440.491248,5613.95208,1403.48802,11227904.16,,,,,,,,,,
2021-11-30,162.52,91.15,19.98,273.65000000000003,7.67,3.08,1.74,4.24,188406.0,0.0,0.0,0.0,7.07,5.09,112.0,38.0,,,7.98,35803.0,0.0,0.0,0.0,2.79,1.23,3531.0,17165.0,61.0,7548.0,112.0,38.0,,,8.01,30575.0,0.0,0.0,0.0,2.69,1.0,2903.0,17047.0,61.2,6604.0,14152,383.0,7.72,4680.0,7.72,8260.0,5420.0,4085.0,0.0,0.0,187.0,7.71,0.0,16940.0,64.0,6.35,5.1,0.0,0.0,36.8,194.0,7.74,0.0,17280.0,68.0,5.31,4.2,0.0,0.0,37.1,350.0,8.15,540.0,0.0,,232.0,61.0,5.6,44.0,798.0,1061.3400000000001,61.0,61.2,61.1,38.89,0.01,14152.0,0.40326,0.711687,0.00014099999999999998,1.1150879999999999,15780.725375999999,5706.93552,1426.73388,11413871.04,,,,,,,,,,
2021-12-01,208.26,135.2,23.14,366.59999999999997,7.69,3.1,1.85,4.19,194166.0,0.0,0.0,0.0,7.03,5.15,112.0,38.0,,,8.0,40031.0,0.0,0.0,0.0,2.57,1.06,3436.0,17405.0,61.7,7325.0,112.0,38.0,,,8.01,36498.0,0.0,0.0,0.0,2.68,1.18,3264.0,17244.0,61.9,6415.0,13740,416.0,7.57,4800.0,7.72,9280.0,4320.0,4264.0,0.0,0.0,190.0,7.81,0.0,15860.0,75.0,5.29,10.2,0.0,0.0,36.8,196.0,7.77,0.0,16040.0,79.0,4.31,8.4,0.0,0.0,36.6,350.0,8.21,620.0,0.0,,246.0,68.0,6.4,46.0,798.0,1061.3400000000001,61.7,61.9,61.8,38.190000000000005,0.01,13740.0,0.40787999999999996,0.6988770000000001,0.00014099999999999998,1.106898,15208.77852,5604.271199999999,1401.0677999999998,11208542.399999999,,,,,,,,,,
2021-12-02,183.46,38.41,13.41,235.28,7.61,0.0,1.64,4.2,183234.0,0.0,0.0,0.0,7.01,5.22,112.0,38.0,,,7.98,40240.0,0.0,0.0,0.0,2.68,1.03,3228.0,17065.0,61.5,7242.0,112.0,38.0,,,7.98,33524.0,0.0,0.0,0.0,2.8,1.1,3147.0,17198.0,61.6,6365.0,13607,469.0,7.81,4260.0,7.85,7660.0,4184.0,4026.0,0.0,0.0,190.0,7.79,0.0,15480.0,68.0,4.14,6.7,0.0,0.0,37.4,196.0,7.74,0.0,15860.0,82.0,3.15,10.7,0.0,0.0,36.8,326.0,8.19,560.0,0.0,,228.0,74.0,5.9,48.0,798.0,1061.3400000000001,61.5,61.6,61.55,38.440000000000005,0.01,13607.0,0.40623,0.7034520000000001,0.00014099999999999998,1.109823,15101.361561,5527.57161,1381.8929025,11055143.22,,,,,,,,,,
2021-12-03,186.99,36.74,14.41,238.14000000000001,7.74,0.0,1.71,4.18,181206.0,0.0,0.0,0.0,6.95,5.12,112.0,38.0,,,7.99,39265.0,0.0,0.0,0.0,2.72,1.1,3419.0,17208.0,61.3,7350.0,112.0,38.1,,,8.0,35136.0,0.0,0.0,0.0,2.78,1.06,3244.0,17092.0,61.5,6485.0,13835,427.0,7.85,5240.0,7.86,7240.0,4061.0,3943.0,0.0,0.0,189.0,7.76,0.0,14980.0,71.0,4.73,5.9,0.0,0.0,36.3,196.0,7.72,0.0,15660.0,75.0,5.37,4.2,0.0,0.0,37.2,345.0,8.24,640.0,0.0,,216.0,68.0,6.2,48.0,798.0,1061.3400000000001,61.3,61.5,61.4,38.59,0.01,13835.0,0.40524,0.7061970000000001,0.00014099999999999998,1.111578,15378.68163,5606.4954,1401.62385,11212990.799999999,,,,,,,,,,
2021-12-04,185.27,178.25,22.55,386.07000000000005,0.0,0.0,0.0,0.0,0.0,0.0,0.0,0.0,0.0,0.0,114.0,0.0,,,0.0,0.0,0.0,0.0,0.0,0.0,0.0,0.0,0.0,,7521.0,114.0,,,,0.0,0.0,0.0,0.0,0.0,0.0,0.0,0.0,0.0,,6531.0,14052,442.0,0.0,0.0,0.0,0.0,0.0,0.0,0.0,0.0,189.0,0.0,0.0,0.0,0.0,0.0,0.0,0.0,0.0,0.0,196.0,0.0,0.0,0.0,0.0,0.0,0.0,0.0,0.0,0.0,275.0,0.0,0.0,0.0,,0.0,0.0,0.0,48.0,798.0,1061.3400000000001,,,,,,14052.0,,,,,,,,,,,,,,,,,,
2021-12-05,28.74,0.0,0.0,28.74,0.0,0.0,0.0,0.0,0.0,0.0,0.0,0.0,0.0,0.0,114.0,0.0,,,0.0,0.0,0.0,0.0,0.0,0.0,0.0,0.0,0.0,,7393.0,114.0,,,,0.0,0.0,0.0,0.0,0.0,0.0,0.0,0.0,0.0,,6667.0,14060,432.0,0.0,0.0,0.0,0.0,0.0,0.0,0.0,0.0,189.0,0.0,0.0,0.0,0.0,0.0,0.0,0.0,0.0,0.0,206.0,0.0,0.0,0.0,0.0,0.0,0.0,0.0,0.0,0.0,350.0,0.0,0.0,0.0,,0.0,0.0,0.0,48.0,931.0,1238.23,,,,,,14060.0,,,,,,,,,,,,,,,,,,
2021-12-06,216.15,91.43,28.18,335.76,7.75,0.0,1.12,4.06,192062.0,6238.0,1195.0,2792.0,7.29,5.37,114.0,38.0,,,7.96,36449.0,5945.0,565.0,5037.0,2.73,1.15,3347.0,16836.0,60.7,7624.0,114.0,38.0,,,7.98,34618.0,5821.0,529.0,4936.0,2.73,1.16,2980.0,17245.0,60.9,6623.0,14247,419.0,7.71,3760.0,7.85,8340.0,4521.0,3890.0,562.0,3016.0,189.0,7.85,231.0,13460.0,54.0,3.83,4.9,0.12,6.1,37.3,239.0,7.8,525.0,13460.0,61.0,5.39,6.8,0.12,6.5,36.8,350.0,8.15,520.0,135.0,,232.0,51.0,5.8,48.0,1211.9999999999995,1611.9599999999996,60.7,60.9,60.8,39.190000000000005,0.01,14247.0,0.40128,0.7171770000000001,0.00014099999999999998,1.118598,15936.665706,5717.036160000001,1429.2590400000001,11434072.32,,,,,,,,,,
2021-12-07,183.2,76.89,14.82,274.90999999999997,7.64,2.42,1.21,4.1,189665.0,0.0,0.0,0.0,7.16,5.21,114.0,38.0,,,7.97,38504.0,0.0,0.0,0.0,2.76,1.1,3529.0,17180.0,61.0,7547.0,114.0,38.0,,,7.99,33610.0,0.0,0.0,0.0,2.76,1.12,3251.0,16940.0,61.1,6617.0,14164,367.0,7.77,3480.0,7.82,7460.0,4093.0,4167.0,0.0,0.0,190.0,7.83,0.0,14180.0,46.0,4.14,3.8,0.0,0.0,36.9,200.0,7.81,0.0,13890.0,59.0,3.29,5.4,0.0,0.0,36.6,350.0,8.21,640.0,0.0,,210.0,48.0,6.1,48.0,931.0,1238.23,61.0,61.1,61.05,38.940000000000005,0.01,14164.0,0.40293,0.7126020000000001,0.00014099999999999998,1.115673,15802.392371999998,5707.10052,1426.77513,11414201.04,,,,,,,,,,
2021-12-08,217.58,0.0,21.21,238.79000000000002,0.0,0.0,0.0,0.0,0.0,0.0,0.0,0.0,0.0,0.0,114.0,0.0,,,0.0,0.0,0.0,0.0,0.0,0.0,0.0,0.0,0.0,,7573.0,114.0,,,,0.0,0.0,0.0,0.0,0.0,0.0,0.0,0.0,0.0,,6755.0,14328,425.0,0.0,0.0,0.0,0.0,0.0,0.0,0.0,0.0,190.0,0.0,0.0,0.0,0.0,0.0,0.0,0.0,0.0,0.0,259.0,0.0,0.0,0.0,0.0,0.0,0.0,0.0,0.0,0.0,350.0,0.0,0.0,0.0,,0.0,0.0,0.0,48.0,931.0,1238.23,,,,,,14328.0,,,,,,,,,,,,,,,,,,
2021-12-09,183.51,131.12,14.01,328.64,7.72,0.0,2.01,3.99,188198.0,5251.0,0.0,0.0,7.6,5.76,114.0,38.0,,,7.93,32226.0,6155.0,0.0,0.0,2.86,1.09,3614.0,16745.0,60.4,7918.0,114.0,38.0,,,7.97,33354.0,6180.0,0.0,0.0,2.81,1.02,3248.0,17193.0,60.5,7094.0,15012,395.0,7.96,6400.0,7.99,9260.0,3067.0,3894.0,0.0,0.0,185.0,7.63,0.0,15160.0,69.0,5.13,10.2,0.0,0.0,37.8,249.0,7.62,0.0,12400.0,127.0,4.97,21.9,0.0,0.0,37.4,350.0,8.14,590.0,0.0,,261.0,64.0,6.4,48.0,931.0,1238.23,60.4,60.5,60.45,39.54,0.01,15012.0,0.39897000000000005,0.723582,0.00014099999999999998,1.122693,16853.867316,5989.337640000001,1497.3344100000002,11978675.280000001,,,,,,,,,,
2021-12-10,160.36,180.68,14.35,355.39,7.9,2.92,1.66,4.01,217986.0,0.0,0.0,0.0,7.61,5.71,114.0,37.8,,,7.9,40394.0,0.0,0.0,0.0,2.69,1.32,3466.0,16593.0,60.7,7898.0,114.0,38.0,,,7.95,37183.0,0.0,0.0,0.0,2.83,1.08,3351.0,16927.0,60.8,7190.0,15088,454.0,8.05,6200.0,8.05,7640.0,2294.0,3942.0,0.0,0.0,186.0,7.7,0.0,15160.0,141.0,3.27,30.5,0.0,0.0,37.2,191.0,7.71,0.0,13640.0,206.0,8.32,88.0,0.0,0.0,37.6,350.0,8.21,560.0,0.0,,238.0,124.0,5.4,48.0,1065.0,1416.45,60.7,60.8,60.75,39.24,0.01,15088.0,0.40095,0.7180920000000001,0.00014099999999999998,1.119183,16886.233104,6049.5336,1512.3834,12099067.2,,,,,,,,,,
2021-12-11,133.12,52.99,20.97,207.08,0.0,0.0,0.0,0.0,0.0,0.0,0.0,0.0,0.0,0.0,114.0,0.0,,,0.0,0.0,0.0,0.0,0.0,0.0,0.0,0.0,0.0,61.1,7905.0,114.0,,,,0.0,0.0,0.0,0.0,0.0,0.0,0.0,0.0,0.0,61.2,7121.0,15026,369.0,0.0,0.0,0.0,0.0,0.0,0.0,0.0,0.0,185.0,0.0,0.0,0.0,0.0,0.0,0.0,0.0,0.0,0.0,184.0,0.0,0.0,0.0,0.0,0.0,0.0,0.0,0.0,0.0,350.0,0.0,0.0,0.0,,0.0,0.0,0.0,48.0,931.0,1238.23,61.1,61.2,61.150000000000006,38.839999999999996,0.01,15026.0,0.4035900000000001,0.710772,0.00014099999999999998,1.114503,16746.522078,6064.343340000002,1516.0858350000005,12128686.680000003,,,,,,,,,,
2021-12-12,0.0,0.0,0.0,0.0,0.0,0.0,0.0,0.0,0.0,0.0,0.0,0.0,0.0,0.0,112.0,0.0,,,0.0,0.0,0.0,0.0,0.0,0.0,0.0,0.0,0.0,,7893.0,112.0,,,,0.0,0.0,0.0,0.0,0.0,0.0,0.0,0.0,0.0,,7071.0,14964,401.0,0.0,0.0,0.0,0.0,0.0,0.0,0.0,0.0,181.0,0.0,0.0,0.0,0.0,0.0,0.0,0.0,0.0,0.0,185.0,0.0,0.0,0.0,0.0,0.0,0.0,0.0,0.0,0.0,350.0,0.0,0.0,0.0,,0.0,0.0,0.0,48.0,798.0,1061.3400000000001,,,,,,14964.0,,,,,,,,,,,,,,,,,,
2021-12-13,214.53,39.12,24.9,278.55,7.42,3.81,2.3,4.11,193566.0,5087.0,1137.0,2471.0,7.54,5.81,112.0,38.1,,,7.93,41275.0,6082.0,610.0,5104.0,2.64,1.05,3219.0,16372.0,61.3,8130.0,112.0,38.0,,,7.93,35697.0,6243.0,564.0,5280.0,2.87,1.01,2962.0,16712.0,61.4,7155.0,15285,424.0,8.0,1960.0,7.65,6800.0,2547.0,3618.0,501.0,3517.0,174.0,7.97,202.0,12940.0,58.0,2.47,23.5,0.14,6.8,36.2,180.0,7.91,198.0,13690.0,103.0,1.78,34.3,0.11,7.1,37.2,350.0,8.02,600.0,0.0,,192.0,54.0,6.2,48.0,798.0,1061.3400000000001,61.3,61.4,61.349999999999994,38.64000000000001,0.01,15285.0,0.40491,0.7071120000000002,0.00014099999999999998,1.112163,16999.411455,6189.04935,1547.2623375,12378098.700000001,,,,,,,,,,
2021-12-14,159.1,89.01,10.91,259.02,7.19,0.0,3.41,4.16,192534.0,0.0,0.0,0.0,7.91,5.98,110.0,38.0,,,7.93,32716.0,0.0,0.0,0.0,2.7,1.13,3436.0,16296.0,61.0,8228.0,110.0,38.0,,,7.93,32630.0,0.0,0.0,0.0,2.86,1.09,3142.0,16490.0,61.2,7289.0,15517,385.0,7.84,1300.0,8.04,4860.0,2028.0,3835.0,0.0,0.0,174.0,8.03,0.0,12740.0,71.0,18.81,7.4,0.0,0.0,37.0,185.0,7.97,0.0,15060.0,155.0,4.08,81.9,0.0,0.0,36.9,354.0,8.22,460.0,0.0,,153.0,124.0,5.8,48.0,798.0,1061.3400000000001,61.0,61.2,61.1,38.89,0.01,15517.0,0.40326,0.711687,0.00014099999999999998,1.1150879999999999,17302.820495999997,6257.3854200000005,1564.3463550000001,12514770.840000002,,,,,,,,,,
2021-12-15,188.7,181.61,22.01,392.32,7.69,0.0,1.03,4.19,177827.0,0.0,0.0,0.0,7.63,5.63,110.0,38.0,,,7.95,32626.0,0.0,0.0,0.0,2.71,1.14,3341.0,16508.0,61.2,7922.0,110.0,38.0,,,7.93,33128.0,0.0,0.0,0.0,2.44,1.01,2822.0,16415.0,61.4,6966.0,14888,336.0,8.14,4840.0,7.92,5040.0,2622.0,3589.0,0.0,0.0,186.0,7.87,0.0,13460.0,73.0,2.43,31.6,0.0,0.0,37.7,187.0,7.81,0.0,15800.0,179.0,3.0,79.5,0.0,0.0,36.7,342.0,8.19,380.0,0.0,,143.0,102.0,5.6,48.0,798.0,1061.3400000000001,61.2,61.4,61.3,38.690000000000005,0.01,14888.0,0.40458,0.7080270000000002,0.00014099999999999998,1.112748,16566.592224,6023.38704,1505.84676,12046774.08,,,,,,,,,,
2021-12-16,182.37,125.64,12.42,320.43,0.0,0.0,0.0,0.0,0.0,0.0,0.0,0.0,0.0,0.0,110.0,0.0,,,0.0,0.0,0.0,0.0,0.0,0.0,0.0,0.0,0.0,,7629.0,110.0,,,,0.0,0.0,0.0,0.0,0.0,0.0,0.0,0.0,0.0,,6792.0,14421,382.0,0.0,0.0,0.0,0.0,0.0,0.0,0.0,0.0,182.0,0.0,0.0,0.0,0.0,0.0,0.0,0.0,0.0,0.0,183.0,0.0,0.0,0.0,0.0,0.0,0.0,0.0,0.0,0.0,350.0,0.0,0.0,0.0,,0.0,0.0,0.0,48.0,798.0,1061.3400000000001,,,,,,14421.0,,,,,,,,,,,,,,,,,,
2021-12-17,184.99,0.0,12.86,197.85000000000002,7.63,0.0,1.49,3.99,180704.0,6322.0,0.0,0.0,7.6,5.77,110.0,38.0,,,7.87,34812.0,5675.0,0.0,0.0,2.67,1.07,3319.0,16251.0,61.4,7449.0,110.0,38.1,,,7.87,36948.0,5650.0,0.0,0.0,2.87,1.21,3643.0,16377.0,61.6,6721.0,14170,408.0,8.01,3160.0,7.73,8640.0,3413.0,4025.0,0.0,0.0,181.0,7.84,0.0,13440.0,61.0,18.69,8.5,0.0,0.0,36.2,175.0,7.78,0.0,17460.0,114.0,3.8,56.0,0.0,0.0,37.0,350.0,8.23,640.0,0.0,,222.0,72.0,6.1,46.0,1064.0,1415.1200000000001,61.4,61.6,61.5,38.49,0.01,14170.0,0.40590000000000004,0.704367,0.00014099999999999998,1.1104079999999998,15734.481359999998,5751.603000000001,1437.9007500000002,11503206.000000002,,,,,,,,,,
2021-12-18,98.78,174.74,17.64,291.15999999999997,0.0,0.0,0.0,0.0,0.0,0.0,0.0,0.0,0.0,0.0,110.0,0.0,,,0.0,0.0,0.0,0.0,0.0,0.0,0.0,0.0,0.0,,7526.0,110.0,,,,0.0,0.0,0.0,0.0,0.0,0.0,0.0,0.0,0.0,,6659.0,14185,365.0,0.0,0.0,0.0,0.0,0.0,0.0,0.0,0.0,176.0,0.0,0.0,0.0,0.0,0.0,0.0,0.0,0.0,0.0,172.0,0.0,0.0,0.0,0.0,0.0,0.0,0.0,0.0,0.0,350.0,0.0,0.0,0.0,,0.0,0.0,0.0,46.0,798.0,1061.3400000000001,,,,,,14185.0,,,,,,,,,,,,,,,,,,
2021-12-19,212.78,19.65,15.17,247.6,0.0,0.0,0.0,0.0,0.0,0.0,0.0,0.0,0.0,0.0,110.0,0.0,,,0.0,0.0,0.0,0.0,0.0,0.0,0.0,0.0,0.0,,7561.0,110.0,,,,0.0,0.0,0.0,0.0,0.0,0.0,0.0,0.0,0.0,,6619.0,14180,369.0,0.0,0.0,0.0,0.0,0.0,0.0,0.0,0.0,174.0,0.0,0.0,0.0,0.0,0.0,0.0,0.0,0.0,0.0,191.0,0.0,0.0,0.0,0.0,0.0,0.0,0.0,0.0,0.0,337.0,0.0,0.0,0.0,,0.0,0.0,0.0,46.0,931.0,1238.23,,,,,,14180.0,,,,,,,,,,,,,,,,,,
2021-12-20,213.96,41.5,22.04,277.5,7.31,0.0,1.69,3.88,192536.0,5154.0,1132.0,2551.0,7.44,5.38,110.0,38.0,,,7.77,33782.0,5767.0,605.0,4477.0,2.8,1.18,3812.0,16038.0,60.9,7226.0,110.0,38.0,,,7.78,30627.0,5460.0,461.0,4595.0,3.06,1.01,3645.0,16199.0,61.0,6365.0,13591,398.0,7.5,5860.0,7.74,18240.0,6547.0,4165.0,649.0,3461.0,175.0,7.8,264.0,13140.0,123.0,17.7,4.3,0.16,9.5,36.6,191.0,7.79,305.0,14360.0,88.0,3.95,13.5,0.12,12.1,36.1,258.0,8.03,560.0,128.0,,251.0,71.0,7.8,44.0,931.0,1238.23,60.9,61.0,60.95,39.04,0.01,13591.0,0.40227,0.7144320000000001,0.00014099999999999998,1.116843,15179.013213,5467.25157,1366.8128925,10934503.14,,,,,,,,,,
2021-12-21,178.78,77.83,10.38,266.99,7.36,0.0,1.38,3.96,178799.0,0.0,0.0,0.0,7.76,5.78,108.0,38.0,,,7.78,31585.0,0.0,0.0,0.0,2.89,1.23,3775.0,16351.0,61.1,7427.0,108.0,38.0,,,7.78,36113.0,0.0,0.0,0.0,2.9,1.2,3916.0,16170.0,61.3,6441.0,13868,336.0,8.05,3480.0,7.98,16360.0,5690.0,4082.0,0.0,0.0,176.0,7.83,0.0,13580.0,86.0,4.36,4.1,0.0,0.0,36.2,166.0,7.81,0.0,13940.0,71.0,2.61,3.7,0.0,0.0,37.3,294.0,8.11,480.0,0.0,,234.0,65.0,6.2,44.0,1064.0,1415.1200000000001,61.1,61.3,61.2,38.79,0.01,13868.0,0.40392000000000006,0.709857,0.00014099999999999998,1.113918,15447.814824,5601.562560000001,1400.3906400000003,11203125.120000003,,,,,,,,,,
2021-12-22,107.12,96.24,22.77,226.13,7.56,3.46,1.85,4.05,193161.0,0.0,0.0,0.0,8.03,6.02,108.0,37.9,,,7.77,32200.0,0.0,0.0,0.0,2.65,1.06,3492.0,16137.0,61.4,7487.0,108.0,38.0,,,7.75,35864.0,0.0,0.0,0.0,2.86,1.0,3360.0,15890.0,61.5,6615.0,14102,307.0,7.27,1170.0,7.72,10960.0,3637.0,3941.0,0.0,0.0,176.0,7.79,0.0,12360.0,70.0,3.12,3.8,0.0,0.0,37.0,168.0,7.73,0.0,14860.0,96.0,5.66,8.4,0.0,0.0,36.6,349.0,7.98,520.0,0.0,,194.0,72.0,6.1,44.0,931.0,1238.23,61.4,61.5,61.45,38.54,0.01,14102.0,0.40557000000000004,0.705282,0.00014099999999999998,1.110993,15667.223285999999,5719.348140000001,1429.8370350000002,11438696.280000001,,,,,,,,,,
2021-12-23,182.77,65.8,11.87,260.44,7.61,0.0,2.21,4.15,169981.0,0.0,0.0,0.0,7.84,6.02,108.0,37.9,,,7.79,34123.0,0.0,0.0,0.0,2.69,1.07,3549.0,16388.0,61.2,7475.0,108.0,38.0,,,7.79,32391.0,0.0,0.0,0.0,3.1,1.26,3619.0,16208.0,61.3,6662.0,14137,309.0,7.5,5560.0,7.61,8440.0,4828.0,4236.0,0.0,0.0,170.0,7.86,0.0,11760.0,39.0,2.17,3.1,0.0,0.0,37.5,158.0,7.0,0.0,12740.0,45.0,3.26,2.7,0.0,0.0,36.8,332.0,7.92,620.0,0.0,,218.0,42.0,6.6,44.0,798.0,1061.3400000000001,61.2,61.3,61.25,38.74,0.01,14137.0,0.40425000000000005,0.7089420000000001,0.00014099999999999998,1.1133330000000001,15739.188621000001,5714.882250000001,1428.7205625000001,11429764.500000002,,,,,,,,,,
2021-12-24,126.48,65.64,13.89,206.01,0.0,0.0,0.0,0.0,0.0,0.0,0.0,0.0,0.0,0.0,108.0,0.0,,,0.0,0.0,0.0,0.0,0.0,0.0,0.0,0.0,0.0,,7845.0,108.0,,,,0.0,0.0,0.0,0.0,0.0,0.0,0.0,0.0,0.0,,6669.0,14514,339.0,0.0,0.0,0.0,0.0,0.0,0.0,0.0,0.0,177.0,0.0,0.0,0.0,0.0,0.0,0.0,0.0,0.0,0.0,171.0,0.0,0.0,0.0,0.0,0.0,0.0,0.0,0.0,0.0,308.0,0.0,0.0,0.0,,0.0,0.0,0.0,42.0,874.9999999999997,1163.7499999999995,,,,,,14514.0,,,,,,,,,,,,,,,,,,
2021-12-25,97.49,104.44,21.15,223.07999999999998,0.0,0.0,0.0,0.0,0.0,0.0,0.0,0.0,0.0,0.0,108.0,0.0,,,0.0,0.0,0.0,0.0,0.0,0.0,0.0,0.0,0.0,,7106.0,108.0,,,,0.0,0.0,0.0,0.0,0.0,0.0,0.0,0.0,0.0,,6233.0,13339,386.0,0.0,0.0,0.0,0.0,0.0,0.0,0.0,0.0,169.0,0.0,0.0,0.0,0.0,0.0,0.0,0.0,0.0,0.0,164.0,0.0,0.0,0.0,0.0,0.0,0.0,0.0,0.0,0.0,223.0,0.0,0.0,0.0,,0.0,0.0,0.0,44.0,798.0,1061.3400000000001,,,,,,13339.0,,,,,,,,,,,,,,,,,,
2021-12-26,0.0,0.0,0.0,0.0,0.0,0.0,0.0,0.0,0.0,0.0,0.0,0.0,0.0,0.0,108.0,0.0,,,0.0,0.0,0.0,0.0,0.0,0.0,0.0,0.0,0.0,,6779.0,108.0,,,,0.0,0.0,0.0,0.0,0.0,0.0,0.0,0.0,0.0,,5858.0,12637,310.0,0.0,0.0,0.0,0.0,0.0,0.0,0.0,0.0,167.0,0.0,0.0,0.0,0.0,0.0,0.0,0.0,0.0,0.0,193.0,0.0,0.0,0.0,0.0,0.0,0.0,0.0,0.0,0.0,309.0,0.0,0.0,0.0,,0.0,0.0,0.0,44.0,1064.0,1415.1200000000001,,,,,,12637.0,,,,,,,,,,,,,,,,,,
2021-12-27,130.18,131.1,18.17,279.45,7.59,3.91,2.15,4.49,180337.0,5676.0,1091.0,2890.0,7.13,5.34,102.0,38.0,,,7.9,29804.0,5403.0,453.0,4416.0,2.71,1.91,3049.0,16608.0,63.2,6542.0,102.0,38.0,,,7.9,32713.0,6334.0,458.0,5163.0,2.66,1.08,3275.0,16519.0,63.3,5704.0,12246,387.0,8.06,4860.0,7.89,1700.0,1205.0,3294.0,84.0,2165.0,167.0,7.91,156.0,11640.0,53.0,2.17,8.7,0.11,8.0,36.5,165.0,7.85,176.0,10600.0,71.0,1.71,16.8,0.12,9.1,36.8,320.0,8.14,640.0,132.0,,164.0,51.0,5.8,32.0,798.0,1061.3400000000001,,,,,,,,,,,,,,,,,,,,,,,,
2021-12-28,107.48,113.18,11.14,231.8,7.94,0.0,1.88,4.54,156405.0,0.0,0.0,0.0,6.89,5.23,96.0,38.0,,,7.88,28719.0,0.0,0.0,0.0,2.75,1.34,2949.0,16749.0,62.9,6037.0,96.0,38.0,,,7.87,34853.0,0.0,0.0,0.0,2.71,1.28,3179.0,16824.0,63.1,5402.0,11439,310.0,7.68,6860.0,7.95,19600.0,2145.0,4104.0,0.0,0.0,168.0,7.76,0.0,11960.0,158.0,2.23,39.5,0.0,0.0,36.7,165.0,7.72,0.0,13740.0,130.0,3.45,30.9,0.0,0.0,36.1,268.0,8.09,600.0,0.0,,158.0,90.0,5.6,44.0,798.0,1061.3400000000001,,,,,,,,,,,,,,,,,,,,,,,,
2021-12-29,213.65,91.56,19.01,324.22,7.89,0.0,1.87,4.4,169150.0,0.0,0.0,0.0,7.03,5.21,92.0,38.0,,,7.88,32341.0,0.0,0.0,0.0,2.73,1.24,2864.0,16943.0,62.7,5728.0,92.0,38.0,,,7.87,34739.0,0.0,0.0,0.0,2.69,1.09,2936.0,17109.0,62.8,5076.0,10804,316.0,7.58,1500.0,7.92,4860.0,2209.0,3358.0,0.0,0.0,167.0,7.89,0.0,12340.0,113.0,1.8,44.3,0.0,0.0,37.6,155.0,7.82,0.0,12960.0,105.0,2.37,47.5,0.0,0.0,37.0,319.0,8.16,440.0,0.0,,186.0,70.0,5.9,44.0,874.9999999999997,1163.7499999999995,,,,,,,,,,,,,,,,,,,,,,,,
2021-12-30,180.24,126.13,10.33,316.70000000000005,7.78,3.24,1.88,4.27,164450.0,0.0,0.0,0.0,7.5,5.51,96.0,38.0,,,7.87,32466.0,0.0,0.0,0.0,2.59,0.94,2715.0,16728.0,62.9,6123.0,96.0,38.0,,,7.86,31387.0,0.0,0.0,0.0,2.44,0.92,2769.0,16988.0,62.9,5495.0,11618,316.0,7.61,1600.0,7.88,12480.0,5420.0,3946.0,0.0,0.0,166.0,7.86,0.0,12200.0,121.0,2.14,32.1,0.0,0.0,36.6,174.0,7.81,0.0,13140.0,110.0,1.86,51.2,0.0,0.0,36.1,323.0,8.14,600.0,0.0,,173.0,81.0,6.2,44.0,798.0,1061.3400000000001,,,,,,,,,,,,,,,,,,,,,,,,
2021-12-31,128.79,0.0,12.09,140.88,0.0,0.0,0.0,0.0,0.0,0.0,0.0,0.0,0.0,0.0,96.0,0.0,,,0.0,0.0,0.0,0.0,0.0,0.0,0.0,0.0,0.0,,6480.0,96.0,,,,0.0,0.0,0.0,0.0,0.0,0.0,0.0,0.0,0.0,,5684.0,12164,271.0,0.0,0.0,0.0,0.0,0.0,0.0,0.0,0.0,166.0,0.0,0.0,0.0,0.0,0.0,0.0,0.0,0.0,0.0,163.0,0.0,0.0,0.0,0.0,0.0,0.0,0.0,0.0,0.0,349.0,0.0,0.0,0.0,,0.0,0.0,0.0,44.0,798.0,1061.3400000000001,,,,,,,,,,,,,,,,,,,,,,,,
2022-01-01,50.87,62.3,18.38,131.54999999999998,0.0,0.0,0.0,0.0,0.0,0.0,0.0,0.0,0.0,0.0,90.0,0.0,,,0.0,0.0,0.0,0.0,0.0,0.0,0.0,0.0,0.0,0.0,6183.0,90.0,0.0,,,0.0,0.0,0.0,0.0,0.0,0.0,0.0,0.0,0.0,0.0,5615.0,11798,315.0,0.0,0.0,0.0,0.0,0.0,0.0,0.0,0.0,169.0,0.0,0.0,0.0,0.0,0.0,0.0,0.0,0.0,0.0,192.0,0.0,0.0,0.0,0.0,0.0,0.0,0.0,0.0,0.0,299.0,0.0,0.0,0.0,,0.0,0.0,0.0,44.0,798.0,1061.3400000000001,798.0,1061.3400000000001,,,,11798.0,,,,,,,,,,,,,,,,,,
2022-01-02,0.0,0.0,0.0,0.0,0.0,0.0,0.0,0.0,0.0,0.0,0.0,0.0,0.0,0.0,96.0,0.0,,,0.0,0.0,0.0,0.0,0.0,0.0,0.0,0.0,0.0,0.0,7006.0,96.0,0.0,,,0.0,0.0,0.0,0.0,0.0,0.0,0.0,0.0,0.0,0.0,6243.0,13249,252.0,0.0,0.0,0.0,0.0,0.0,0.0,0.0,0.0,187.0,0.0,0.0,0.0,0.0,0.0,0.0,0.0,0.0,0.0,166.0,0.0,0.0,0.0,0.0,0.0,0.0,0.0,0.0,0.0,193.0,0.0,0.0,0.0,,0.0,0.0,0.0,44.0,798.0,1061.3400000000001,798.0,1061.3400000000001,,,,13249.0,,,,,,,,,,,,,,,,,,
2022-01-03,136.75,113.41,20.83,270.99,7.86,0.0,1.38,4.69,150802.0,5822.0,1088.0,2920.0,6.6,5.0,96.0,38.0,,,7.93,31262.0,5717.0,509.0,4496.0,2.72,1.29,2644.0,17301.0,63.1,6008.0,96.0,38.0,,,7.89,33891.0,6080.0,468.0,4664.0,2.7,1.19,2519.0,17134.0,63.2,5291.0,11299,215.0,,0.0,7.92,3900.0,1541.0,3551.0,291.0,3283.0,90.0,7.92,199.0,11160.0,126.0,2.8,57.9,0.14,13.1,36.8,86.0,7.9,194.0,12940.0,154.0,17.85,55.1,0.21,13.4,37.1,350.0,8.1,560.0,142.0,,161.0,114.0,9.1,44.0,798.0,1061.34,798.0,1061.3400000000001,,,,11299.0,,,,,,,,,,,,,,,,,,
2022-01-04,176.61,124.38,13.17,314.15999999999997,7.58,2.83,1.53,4.44,193239.0,0.0,0.0,0.0,7.54,5.65,96.0,38.0,,,7.91,35259.0,0.0,0.0,0.0,2.72,1.05,2549.0,17135.0,63.3,5974.0,96.0,38.0,,,7.88,36719.0,0.0,0.0,0.0,2.85,1.09,2605.0,17279.0,63.4,5351.0,11325,289.0,8.11,1400.0,7.95,4070.0,2037.0,3246.0,0.0,0.0,141.0,7.86,0.0,12860.0,152.0,3.14,61.8,0.0,0.0,37.3,137.0,7.84,0.0,13760.0,168.0,2.31,75.2,0.0,0.0,36.3,267.0,8.06,640.0,0.0,,0.0,139.0,0.0,44.0,798.0,1061.3400000000001,63.3,63.4,63.349999999999994,36.64000000000001,0.01,11325.0,0.41811,0.6705120000000002,0.00014099999999999998,1.0887630000000001,12330.240975000002,4735.0957499999995,1183.7739374999999,9470191.499999998,,,,,,,,,,
2022-01-05,227.37,92.84,19.86,340.07,7.47,0.0,1.8,4.56,154239.0,0.0,0.0,0.0,7.16,5.49,96.0,38.0,,,7.89,29233.0,0.0,0.0,0.0,2.76,1.24,2719.0,17039.0,63.3,5987.0,96.0,38.0,,,7.86,31670.0,0.0,0.0,0.0,2.65,1.21,2689.0,17144.0,63.2,5349.0,11336,202.0,7.92,1040.0,7.86,4620.0,2145.0,3480.0,0.0,0.0,114.0,7.84,0.0,12480.0,148.0,2.34,49.5,0.0,0.0,37.9,104.0,7.81,0.0,13260.0,152.0,3.17,63.0,0.0,0.0,37.7,231.0,8.02,680.0,0.0,,168.0,141.0,0.0,44.0,798.0,1061.3400000000001,63.3,63.2,63.25,36.74,0.01,11336.0,0.41745000000000004,0.672342,0.00014099999999999998,1.089933,12355.480488000001,4732.2132,1183.0533,9464426.4,,,,,,,,,,
2022-01-06,180.76,109.81,10.36,300.93,7.75,0.0,2.21,4.75,145332.0,0.0,0.0,0.0,6.57,4.78,92.0,38.0,,,7.86,29698.0,0.0,0.0,0.0,2.68,1.13,2584.0,16899.0,63.6,5548.0,93.0,38.0,,,7.84,32855.0,0.0,0.0,0.0,2.65,1.02,2543.0,16919.0,63.8,4895.0,10443,311.0,7.55,9040.0,7.81,3460.0,2201.0,3402.0,0.0,0.0,135.0,7.82,0.0,12300.0,104.0,2.61,28.6,0.0,0.0,36.2,133.0,7.77,0.0,13840.0,114.0,2.54,32.8,0.0,0.0,36.2,257.0,8.06,420.0,0.0,,154.0,92.0,7.2,44.0,904.9999999999998,1203.6499999999999,63.6,63.8,63.7,36.29,0.01,10443.0,0.42042,0.664107,0.00014099999999999998,1.084668,11327.187924,4390.44606,1097.611515,8780892.120000001,,,,,,,,,,
2022-01-07,182.66,90.27,10.7,283.63,7.84,2.57,1.49,4.68,141950.0,0.0,0.0,0.0,6.15,4.45,88.0,38.0,,,7.86,28409.0,0.0,0.0,0.0,2.71,1.18,2638.0,17239.0,63.5,4803.0,88.0,38.0,,,7.85,31952.0,0.0,0.0,0.0,2.68,1.12,2739.0,17084.0,63.6,4185.0,8988,315.0,7.86,2060.0,7.82,3620.0,2138.0,3314.0,0.0,0.0,140.0,7.84,0.0,12640.0,115.0,2.21,35.2,0.0,0.0,37.2,137.0,7.76,0.0,13260.0,132.0,3.59,46.8,0.0,0.0,37.2,268.0,8.03,540.0,0.0,,158.0,102.0,7.8,44.0,798.0,1061.3400000000001,63.5,63.6,63.55,36.440000000000005,0.01,8988.0,0.41942999999999997,0.6668520000000001,0.00014099999999999998,1.0864230000000001,9764.769924000002,3769.83684,942.45921,7539673.68,,,,,,,,,,
2022-01-08,101.23,57.54,17.77,176.54000000000002,0.0,0.0,0.0,0.0,0.0,0.0,0.0,0.0,0.0,0.0,84.0,0.0,,,0.0,0.0,0.0,0.0,0.0,0.0,0.0,0.0,0.0,0.0,4218.0,84.0,0.0,,,0.0,0.0,0.0,0.0,0.0,0.0,0.0,0.0,0.0,0.0,3777.0,7995,266.0,0.0,0.0,0.0,0.0,0.0,0.0,0.0,0.0,142.0,0.0,0.0,0.0,0.0,0.0,0.0,0.0,0.0,0.0,139.0,0.0,0.0,0.0,0.0,0.0,0.0,0.0,0.0,0.0,257.0,0.0,0.0,0.0,,0.0,0.0,0.0,44.0,798.0,1061.3400000000001,,,,,,7995.0,,,,,,,,,,,,,,,,,,
2022-01-09,0.0,0.0,0.0,0.0,0.0,0.0,0.0,0.0,0.0,0.0,0.0,0.0,0.0,0.0,82.0,0.0,,,0.0,0.0,0.0,0.0,0.0,0.0,0.0,0.0,0.0,0.0,4349.0,82.0,0.0,,,0.0,0.0,0.0,0.0,0.0,0.0,0.0,0.0,0.0,0.0,3823.0,8172,383.0,0.0,0.0,0.0,0.0,0.0,0.0,0.0,0.0,145.0,0.0,0.0,0.0,0.0,0.0,0.0,0.0,0.0,0.0,145.0,0.0,0.0,0.0,0.0,0.0,0.0,0.0,0.0,0.0,184.0,0.0,0.0,0.0,,0.0,0.0,0.0,44.0,798.0,1061.3400000000001,,,,,,8172.0,,,,,,,,,,,,,,,,,,
2022-01-10,206.97,39.15,21.89,268.01,7.58,3.15,1.88,4.91,133665.0,4420.0,898.0,0.0,6.35,4.54,80.0,38.0,,,7.85,30975.0,5603.0,386.0,0.0,2.67,1.06,2499.0,17516.0,64.1,4336.0,80.0,38.0,,,7.88,33527.0,4984.0,380.0,0.0,2.56,1.11,2569.0,17351.0,64.2,3866.0,8202,370.0,8.19,7340.0,7.97,1480.0,1430.0,3187.0,445.0,0.0,158.0,7.55,270.0,12200.0,150.0,13.09,73.5,0.16,11.05,37.0,153.0,7.57,266.0,15760.0,245.0,3.0,104.0,0.15,10.3,36.2,311.0,8.0,480.0,110.0,,245.0,184.0,8.9,44.0,798.0,1061.3400000000001,,,,,,8202.0,,,,,,,,,,,,,,,,,,
2022-01-11,179.4,91.17,10.0,280.57,7.83,0.0,1.8,5.08,131080.0,0.0,0.0,0.0,6.33,4.55,80.0,38.0,,,7.88,31362.0,0.0,0.0,0.0,2.66,1.1,2574.0,17849.0,64.3,4389.0,80.0,38.0,,,7.91,32650.0,0.0,0.0,0.0,2.75,1.12,2490.0,17634.0,64.5,3881.0,8270,270.0,0.0,0.0,8.04,2460.0,1984.0,3273.0,0.0,0.0,149.0,7.59,0.0,12620.0,143.0,2.51,59.4,0.0,0.0,37.9,117.0,7.53,0.0,14600.0,268.0,2.18,115.0,0.0,0.0,36.8,211.0,7.98,620.0,0.0,,221.0,172.0,8.1,44.0,798.0,1061.3400000000001,64.3,64.5,64.4,35.58999999999999,0.01,8270.0,0.42504000000000003,0.6512969999999999,0.00014099999999999998,1.0764779999999998,8902.473059999998,3515.0808,878.7702,7030161.600000001,,,,,,,,,,
2022-01-12,212.5,195.23,20.15,427.88,7.94,0.0,1.69,4.99,142709.0,0.0,0.0,0.0,6.51,4.69,78.0,38.0,,,7.9,30542.0,0.0,0.0,0.0,2.64,1.05,2429.0,17635.0,64.4,4693.0,78.0,38.0,,,7.93,31401.0,0.0,0.0,0.0,2.69,1.11,2509.0,17829.0,64.3,4151.0,8844,315.0,8.17,1840.0,8.16,2280.0,2271.0,3326.0,0.0,0.0,150.0,7.54,0.0,12160.0,168.0,2.87,65.2,0.0,0.0,36.2,147.0,7.48,0.0,14160.0,239.0,3.41,122.0,0.0,0.0,37.2,297.0,7.99,580.0,0.0,,235.0,179.0,7.5,46.0,960.0000000000002,1276.8000000000004,64.4,64.3,64.35,35.64,0.01,8844.0,0.42471,0.6522120000000001,0.00014099999999999998,1.077063,9525.545172,3756.1352399999996,939.0338099999999,7512270.4799999995,,,,,,,,,,
2022-01-13,184.27,75.73,9.76,269.76,7.53,2.76,1.64,4.69,149287.0,0.0,0.0,0.0,6.5,4.85,76.0,38.0,,,7.97,27440.0,0.0,0.0,0.0,2.71,1.18,2631.0,17771.0,64.2,4542.0,76.0,38.0,,,7.96,27013.0,0.0,0.0,0.0,2.91,1.12,2713.0,18041.0,64.1,4099.0,8641,314.0,8.04,1120.0,7.93,3400.0,1552.0,2961.0,0.0,0.0,150.0,7.55,256.0,12500.0,242.0,16.1,95.9,0.0,0.0,37.0,149.0,7.53,234.0,14900.0,281.0,2.7,137.7,0.0,0.0,36.3,332.0,8.06,640.0,0.0,,219.0,231.0,7.8,48.0,798.0,1061.3400000000001,64.2,64.1,64.15,35.83999999999999,0.01,8641.0,0.42339000000000004,0.6558719999999998,0.00014099999999999998,1.079403,9327.121323,3658.51299,914.6282475,7317025.98,,,,,,,,,,
2022-01-14,184.78,69.42,10.94,265.14,7.86,0.0,1.57,4.56,153026.0,0.0,0.0,0.0,6.71,4.98,76.0,38.0,,,7.95,29816.0,0.0,0.0,0.0,2.69,1.09,2497.0,17819.0,64.2,5112.0,76.0,38.0,,,7.95,30381.0,0.0,0.0,0.0,2.86,1.15,2603.0,17889.0,63.3,4437.0,9549,347.0,8.09,6840.0,8.03,2960.0,2167.0,3150.0,0.0,0.0,156.0,7.59,0.0,11240.0,218.0,3.56,78.2,0.0,0.0,37.8,183.0,7.54,0.0,14260.0,259.0,2.45,116.0,0.0,0.0,37.2,328.0,8.11,680.0,0.0,,231.0,204.0,8.1,48.0,798.0,1061.3400000000001,64.2,63.3,63.75,36.24,0.01,9549.0,0.42075,0.6631920000000001,0.00014099999999999998,1.0840830000000001,10351.908567,4017.74175,1004.4354375,8035483.5,,,,,,,,,,
2022-01-15,154.36,41.63,19.68,215.67000000000002,0.0,0.0,0.0,0.0,0.0,0.0,0.0,0.0,0.0,0.0,76.0,0.0,,,0.0,0.0,0.0,0.0,0.0,0.0,0.0,0.0,0.0,0.0,5125.0,76.0,0.0,,,0.0,0.0,0.0,0.0,0.0,0.0,0.0,0.0,0.0,0.0,4550.0,9675,326.0,0.0,0.0,0.0,0.0,0.0,0.0,0.0,0.0,156.0,0.0,0.0,0.0,0.0,0.0,0.0,0.0,0.0,0.0,152.0,0.0,0.0,0.0,0.0,0.0,0.0,0.0,0.0,0.0,279.0,0.0,0.0,0.0,,0.0,0.0,0.0,48.0,798.0,1061.3400000000001,0.0,0.0,0.0,99.99,0.01,9675.0,0.0,1.8298169999999998,0.00014099999999999998,1.8299579999999998,17704.84365,0.0,0.0,0.0,,,,,,,,,,
2022-01-16,0.0,0.0,0.0,0.0,0.0,0.0,0.0,0.0,0.0,0.0,0.0,0.0,0.0,0.0,76.0,0.0,,,0.0,0.0,0.0,0.0,0.0,0.0,0.0,0.0,0.0,0.0,4864.0,76.0,0.0,,,0.0,0.0,0.0,0.0,0.0,0.0,0.0,0.0,0.0,0.0,4343.0,9207,361.0,0.0,0.0,0.0,0.0,0.0,0.0,0.0,0.0,156.0,0.0,0.0,0.0,0.0,0.0,0.0,0.0,0.0,0.0,152.0,0.0,0.0,0.0,0.0,0.0,0.0,0.0,0.0,0.0,275.0,0.0,0.0,0.0,,0.0,0.0,0.0,48.0,798.0,1061.3400000000001,,,,,,9207.0,,,,,,,,,,,,,,,,,,
2022-01-17,180.48,157.93,21.17,359.58000000000004,7.91,0.0,1.81,4.6,145832.0,5674.0,930.0,0.0,6.72,4.97,76.0,38.1,,,7.9,31057.0,5260.0,388.0,0.0,2.63,0.99,2419.0,17765.0,63.2,5003.0,76.0,38.0,,,7.9,32703.0,5819.0,409.0,0.0,2.83,1.21,2615.0,17824.0,63.3,4375.0,9378,446.0,8.16,2840.0,7.87,5500.0,1819.0,3253.0,233.0,0.0,164.0,7.66,234.0,12640.0,190.0,10.33,94.6,0.14,18.0,37.9,162.0,7.63,210.0,14140.0,236.0,4.75,124.7,0.16,18.1,36.2,277.0,8.16,680.0,151.0,,197.0,212.0,9.2,48.0,798.0,1061.3400000000001,,,,,,9378.0,,,,,,,,,,,,,,,,,,
2022-01-18,235.87,170.6,8.59,415.06,7.72,0.0,1.82,4.3,171437.0,0.0,0.0,0.0,7.43,5.68,76.0,38.1,,,7.91,26367.0,0.0,0.0,0.0,2.64,1.15,2573.0,17848.0,62.9,5331.0,76.0,38.0,,,7.92,26951.0,0.0,0.0,0.0,2.68,1.03,2569.0,17915.0,62.8,4720.0,10051,357.0,8.1,3460.0,7.94,4460.0,2216.0,3415.0,0.0,0.0,167.0,7.62,0.0,12280.0,201.0,3.17,89.1,0.0,0.0,36.4,164.0,7.66,0.0,13860.0,245.0,2.87,115.0,0.0,0.0,37.1,283.0,8.15,620.0,0.0,,208.0,208.0,8.9,48.0,931.0,1238.23,62.9,62.8,62.849999999999994,37.14000000000001,0.01,10051.0,0.41481,0.6796620000000001,0.00014099999999999998,1.094613,11001.955263,4169.2553100000005,1042.3138275000001,8338510.620000001,,,,,,,,,,
2022-01-19,184.97,0.0,18.36,203.32999999999998,7.46,3.6,2.12,4.42,140792.0,0.0,0.0,0.0,7.11,5.31,76.0,38.0,,,7.89,29787.0,0.0,0.0,0.0,2.63,1.18,2719.0,17388.0,62.5,5093.0,76.0,38.0,,,7.9,39162.0,0.0,0.0,0.0,2.59,0.85,2537.0,17519.0,62.6,4499.0,9592,406.0,8.14,5740.0,8.02,4820.0,2095.0,3374.0,0.0,0.0,167.0,7.65,0.0,12180.0,219.0,2.37,82.8,0.0,0.0,37.2,165.0,7.64,0.0,14220.0,261.0,2.31,129.0,0.0,0.0,37.9,325.0,8.19,720.0,0.0,,183.0,224.0,9.4,48.0,798.0,1061.3400000000001,62.5,62.6,62.55,37.440000000000005,0.01,9592.0,0.41283000000000003,0.6851520000000001,0.00014099999999999998,1.098123,10533.195816,3959.8653600000002,989.9663400000001,7919730.720000001,,,,,,,,,,
2022-01-20,158.22,65.41,11.7,235.32999999999998,7.44,0.0,2.09,4.34,148749.0,0.0,0.0,0.0,7.11,5.34,76.0,38.0,,,7.89,26812.0,0.0,0.0,0.0,2.61,1.18,2661.0,17619.0,62.6,5026.0,76.0,38.0,,,7.89,26887.0,0.0,0.0,0.0,2.63,1.1,2470.0,17470.0,62.5,4403.0,9429,312.0,8.06,2460.0,7.96,3680.0,1876.0,3116.0,0.0,0.0,168.0,7.62,0.0,11960.0,195.0,2.81,76.4,0.0,0.0,37.9,166.0,7.61,0.0,13740.0,236.0,2.29,102.0,0.0,0.0,36.4,348.0,8.11,640.0,0.0,,192.0,206.0,8.4,48.0,744.9999999999995,990.8499999999995,62.6,62.5,62.55,37.440000000000005,0.01,9429.0,0.41283000000000003,0.6851520000000001,0.00014099999999999998,1.098123,10354.201767,3892.57407,973.1435175,7785148.140000001,,,,,,,,,,
2022-01-21,185.03,180.17,12.66,377.86,7.63,0.0,1.95,4.41,156803.0,0.0,0.0,0.0,7.28,5.45,74.0,38.0,,,7.9,27314.0,0.0,0.0,0.0,2.64,1.14,2569.0,17810.0,62.3,4478.0,74.0,38.0,,,7.9,26841.0,0.0,0.0,0.0,2.71,1.11,2612.0,17662.0,62.4,3989.0,8467,309.0,8.05,2680.0,8.06,3460.0,2441.0,3279.0,0.0,0.0,170.0,7.68,0.0,12460.0,204.0,2.34,87.9,0.0,0.0,36.4,167.0,7.68,0.0,13940.0,251.0,2.17,131.0,0.0,0.0,37.2,345.0,8.15,580.0,0.0,,202.0,218.0,7.9,48.0,798.0,1061.3400000000001,62.3,62.4,62.349999999999994,37.64000000000001,0.01,8467.0,0.41151,0.6888120000000002,0.00014099999999999998,1.1004630000000002,9317.620221000001,3484.25517,871.0637925,6968510.34,,,,,,,,,,
2022-01-22,171.67,53.53,18.68,243.88,0.0,0.0,0.0,0.0,0.0,0.0,0.0,0.0,0.0,0.0,74.0,0.0,,,0.0,0.0,0.0,0.0,0.0,0.0,0.0,0.0,0.0,0.0,3989.0,74.0,0.0,,,0.0,0.0,0.0,0.0,0.0,0.0,0.0,0.0,0.0,0.0,3553.0,7542,307.0,0.0,0.0,0.0,0.0,0.0,0.0,0.0,0.0,170.0,0.0,0.0,0.0,0.0,0.0,0.0,0.0,0.0,0.0,179.0,0.0,0.0,0.0,0.0,0.0,0.0,0.0,0.0,0.0,349.0,0.0,0.0,0.0,,0.0,0.0,0.0,48.0,665.0,884.45,0.0,0.0,0.0,99.99,0.01,7542.0,0.0,1.8298169999999998,0.00014099999999999998,1.8299579999999998,13801.543235999998,0.0,0.0,0.0,,,,,,,,,,
2022-01-23,0.0,0.0,0.0,0.0,0.0,0.0,0.0,0.0,0.0,0.0,0.0,0.0,0.0,0.0,74.0,0.0,,,0.0,0.0,0.0,0.0,0.0,0.0,0.0,0.0,0.0,0.0,3643.0,74.0,0.0,,,0.0,0.0,0.0,0.0,0.0,0.0,0.0,0.0,0.0,0.0,3179.0,6822,316.0,0.0,0.0,0.0,0.0,0.0,0.0,0.0,0.0,168.0,0.0,0.0,0.0,0.0,0.0,0.0,0.0,0.0,0.0,153.0,0.0,0.0,0.0,0.0,0.0,0.0,0.0,0.0,0.0,336.0,0.0,0.0,0.0,,0.0,0.0,0.0,48.0,665.0,884.45,,,,,,6822.0,,,,,,,,,,,,,,,,,,
2022-01-24,161.32,39.12,23.33,223.76999999999998,7.79,0.0,1.23,5.05,117353.0,5012.0,802.0,0.0,5.44,3.91,74.0,38.0,,,7.92,25067.0,5313.0,356.0,0.0,2.52,1.18,2446.0,17949.0,63.3,3437.0,74.0,38.0,,,7.92,25223.0,5242.0,433.0,0.0,2.47,1.02,2538.0,17835.0,63.2,3054.0,6491,388.0,7.89,4050.0,7.95,3000.0,2078.0,2717.0,139.0,0.0,164.0,7.75,187.0,12180.0,154.0,2.19,43.6,0.11,14.8,36.8,164.0,7.72,185.0,14160.0,171.0,2.63,60.8,0.12,15.3,36.8,349.0,8.18,560.0,163.0,,180.0,137.0,10.1,48.0,798.0,1061.3400000000001,,,,,,6491.0,,,,,,,,,,,,,,,,,,
2022-01-25,257.93,90.91,10.11,358.95,7.87,2.42,1.13,5.08,116098.0,0.0,0.0,0.0,5.41,3.8,78.0,38.0,,,7.9,35709.0,0.0,0.0,0.0,2.56,1.16,2539.0,18162.0,63.5,3451.0,78.0,38.0,,,7.9,32523.0,0.0,0.0,0.0,2.53,1.1,2609.0,17796.0,63.4,3075.0,6526,320.0,7.4,1140.0,7.65,9040.0,4345.0,3912.0,0.0,0.0,168.0,7.69,0.0,12160.0,145.0,8.41,41.6,0.0,0.0,37.0,165.0,7.73,0.0,13740.0,134.0,3.91,36.3,0.0,0.0,36.5,350.0,8.04,540.0,138.0,,176.0,126.0,8.9,48.0,798.0,1061.3400000000001,63.5,63.4,63.45,36.54,0.01,6526.0,0.41877000000000003,0.668682,0.00014099999999999998,1.087593,7097.631918,2732.89302,683.223255,5465786.04,,,,,,,,,,
2022-01-26,185.34,138.14,18.85,342.33,7.91,0.0,1.32,4.82,132705.0,0.0,0.0,0.0,5.66,4.06,80.0,38.0,,,7.93,32832.0,0.0,0.0,0.0,2.54,1.09,2419.0,18319.0,63.3,3801.0,80.0,38.0,,,7.93,32010.0,0.0,0.0,0.0,2.57,1.03,2486.0,18037.0,63.2,3357.0,7158,302.0,8.18,2860.0,7.79,5640.0,3817.0,3592.0,0.0,0.0,165.0,7.72,0.0,12340.0,152.0,4.46,38.3,0.0,0.0,36.3,164.0,7.76,0.0,13480.0,125.0,3.36,40.5,0.0,0.0,37.6,350.0,8.09,680.0,0.0,,184.0,131.0,9.2,49.0,798.0,1061.3400000000001,63.3,63.2,63.25,36.74,0.01,7158.0,0.41745000000000004,0.672342,0.00014099999999999998,1.089933,7801.740414,2988.1071,747.026775,5976214.2,,,,,,,,,,
2022-01-27,211.6,129.45,14.23,355.28,0.0,0.0,0.0,0.0,0.0,0.0,0.0,0.0,0.0,0.0,80.0,0.0,,,0.0,0.0,0.0,0.0,0.0,0.0,0.0,0.0,0.0,0.0,3949.0,80.0,0.0,,,0.0,0.0,0.0,0.0,0.0,0.0,0.0,0.0,0.0,0.0,3464.0,7413,493.0,0.0,0.0,0.0,0.0,0.0,0.0,0.0,0.0,194.0,0.0,0.0,0.0,0.0,0.0,0.0,0.0,0.0,0.0,165.0,0.0,0.0,0.0,0.0,0.0,0.0,0.0,0.0,0.0,282.0,0.0,0.0,0.0,,0.0,0.0,0.0,47.0,728.0000000000001,968.2400000000002,0.0,0.0,0.0,99.99,0.01,7413.0,0.0,1.8298169999999998,0.00014099999999999998,1.8299579999999998,13565.478653999999,0.0,0.0,0.0,,,,,,,,,,
2022-01-28,185.03,78.0,13.8,276.83,0.0,0.0,0.0,0.0,0.0,0.0,0.0,0.0,0.0,0.0,80.0,0.0,,,0.0,0.0,0.0,0.0,0.0,0.0,0.0,0.0,0.0,0.0,4042.0,80.0,0.0,,,0.0,0.0,0.0,0.0,0.0,0.0,0.0,0.0,0.0,0.0,3546.0,7588,315.0,0.0,0.0,0.0,0.0,0.0,0.0,0.0,0.0,167.0,0.0,0.0,0.0,0.0,0.0,0.0,0.0,0.0,0.0,132.0,0.0,0.0,0.0,0.0,0.0,0.0,0.0,0.0,0.0,350.0,0.0,0.0,0.0,,0.0,0.0,0.0,48.0,798.0,1061.3400000000001,0.0,0.0,0.0,99.99,0.01,7588.0,0.0,1.8298169999999998,0.00014099999999999998,1.8299579999999998,13885.721303999999,0.0,0.0,0.0,,,,,,,,,,
2022-01-29,153.56,83.43,20.73,257.72,0.0,0.0,0.0,0.0,0.0,0.0,0.0,0.0,0.0,0.0,80.0,0.0,,,0.0,0.0,0.0,0.0,0.0,0.0,0.0,0.0,0.0,0.0,3847.0,80.0,0.0,,,0.0,0.0,0.0,0.0,0.0,0.0,0.0,0.0,0.0,0.0,3350.0,7197,404.0,0.0,0.0,0.0,0.0,0.0,0.0,0.0,0.0,169.0,0.0,0.0,0.0,0.0,0.0,0.0,0.0,0.0,0.0,164.0,0.0,0.0,0.0,0.0,0.0,0.0,0.0,0.0,0.0,350.0,0.0,0.0,0.0,,0.0,0.0,0.0,48.0,798.0,1061.3400000000001,0.0,0.0,0.0,99.99,0.01,7197.0,0.0,1.8298169999999998,0.00014099999999999998,1.8299579999999998,13170.207725999999,0.0,0.0,0.0,,,,,,,,,,
2022-01-30,0.0,0.0,0.0,0.0,0.0,0.0,0.0,0.0,0.0,0.0,0.0,0.0,0.0,0.0,80.0,0.0,,,0.0,0.0,0.0,0.0,0.0,0.0,0.0,0.0,0.0,0.0,3649.0,80.0,0.0,,,0.0,0.0,0.0,0.0,0.0,0.0,0.0,0.0,0.0,0.0,3335.0,6984,258.0,0.0,0.0,0.0,0.0,0.0,0.0,0.0,0.0,166.0,0.0,0.0,0.0,0.0,0.0,0.0,0.0,0.0,0.0,165.0,0.0,0.0,0.0,0.0,0.0,0.0,0.0,0.0,0.0,350.0,0.0,0.0,0.0,,0.0,0.0,0.0,48.0,798.0,1061.3400000000001,,,,,,6984.0,,,,,,,,,,,,,,,,,,
2022-01-31,129.79,0.0,44.3,174.08999999999997,0.0,0.0,0.0,0.0,0.0,0.0,0.0,0.0,0.0,0.0,82.0,0.0,,,0.0,0.0,0.0,0.0,0.0,0.0,0.0,0.0,0.0,0.0,3870.0,82.0,0.0,,,0.0,0.0,0.0,0.0,0.0,0.0,0.0,0.0,0.0,0.0,3420.0,7290,208.0,0.0,0.0,0.0,0.0,0.0,0.0,0.0,0.0,138.0,0.0,0.0,0.0,0.0,0.0,0.0,0.0,0.0,0.0,163.0,0.0,0.0,0.0,0.0,0.0,0.0,0.0,0.0,0.0,226.0,0.0,0.0,0.0,,0.0,0.0,0.0,48.0,798.0,1061.3400000000001,,,,,,7290.0,,,,,,,,,,,,,,,,,,
2022-02-01,0.0,0.0,0.0,0.0,0.0,0.0,0.0,0.0,0.0,0.0,0.0,0.0,0.0,0.0,82.0,0.0,,,0.0,0.0,0.0,0.0,0.0,0.0,0.0,0.0,0.0,0.0,3849.0,82.0,0.0,,,0.0,0.0,0.0,0.0,0.0,0.0,0.0,0.0,0.0,0.0,3379.0,7228,215.0,0.0,0.0,0.0,0.0,0.0,0.0,0.0,0.0,164.0,0.0,0.0,0.0,0.0,0.0,0.0,0.0,0.0,0.0,160.0,0.0,0.0,0.0,0.0,0.0,0.0,0.0,0.0,0.0,276.0,0.0,0.0,0.0,,0.0,0.0,0.0,48.0,798.0,1061.3400000000001,0.0,0.0,0.0,99.99,0.01,7228.0,0.0,1.8298169999999998,0.00014099999999999998,1.8299579999999998,13226.936423999998,0.0,0.0,0.0,,,,,,,,,,
2022-02-02,80.67,0.0,0.0,80.67,0.0,0.0,0.0,0.0,0.0,0.0,0.0,0.0,0.0,0.0,82.0,0.0,,,0.0,0.0,0.0,0.0,0.0,0.0,0.0,0.0,0.0,0.0,3969.0,82.0,0.0,,,0.0,0.0,0.0,0.0,0.0,0.0,0.0,0.0,0.0,0.0,3524.0,7493,198.0,0.0,0.0,0.0,0.0,0.0,0.0,0.0,0.0,139.0,0.0,0.0,0.0,0.0,0.0,0.0,0.0,0.0,0.0,161.0,0.0,0.0,0.0,0.0,0.0,0.0,0.0,0.0,0.0,290.0,0.0,0.0,0.0,,0.0,0.0,0.0,48.0,798.0,1061.3400000000001,0.0,0.0,0.0,99.99,0.01,7493.0,0.0,1.8298169999999998,0.00014099999999999998,1.8299579999999998,13711.875293999998,0.0,0.0,0.0,,,,,,,,,,
2022-02-03,212.25,65.18,20.51,297.94,7.9,0.0,1.7,4.59,253392.0,11139.0,1672.0,0.0,6.24,4.46,82.0,38.0,,,7.89,27650.0,5334.0,806.0,0.0,2.66,1.1,2573.0,17969.0,63.1,4021.0,82.0,38.0,,,7.9,25840.0,6062.0,462.0,0.0,2.75,1.03,2639.0,18129.0,62.9,3558.0,7579,271.0,,,7.62,28600.0,11372.0,7819.0,2305.0,0.0,154.0,7.77,182.0,13140.0,53.0,3.23,10.6,0.15,12.3,37.4,150.0,7.76,190.0,13940.0,86.0,2.64,19.6,0.12,12.3,37.6,256.0,7.88,520.0,0.0,,175.0,56.0,10.6,48.0,798.0,1061.3400000000001,63.1,62.9,63.0,36.99,0.01,7579.0,0.41580000000000006,0.6769170000000001,0.00014099999999999998,1.092858,8282.770782000001,3151.3482000000004,787.8370500000001,6302696.4,,,,,,,,,,
2022-02-04,185.27,181.61,14.81,381.69000000000005,7.99,2.72,1.24,4.56,140585.0,5298.0,820.0,0.0,6.13,4.51,84.0,38.0,,,7.9,31692.0,5090.0,0.0,0.0,2.79,1.2,2639.0,17825.0,62.9,4143.0,84.0,38.0,,,7.91,32056.0,5872.0,0.0,0.0,2.87,1.13,2743.0,17959.0,62.7,3693.0,7836,226.0,8.06,6840.0,7.68,48100.0,11835.0,4424.0,0.0,0.0,87.0,7.75,0.0,14100.0,56.0,2.16,8.4,0.0,0.0,36.7,112.0,7.75,0.0,15460.0,61.0,3.16,5.9,0.0,0.0,36.2,203.0,8.05,480.0,0.0,,184.0,52.0,9.5,44.0,801.9999999999999,1066.6599999999999,62.9,62.7,62.8,37.190000000000005,0.01,7836.0,0.41448,0.6805770000000001,0.00014099999999999998,1.0951980000000001,8581.971528,3247.86528,811.96632,6495730.56,,,,,,,,,,
2022-02-05,51.4,57.25,19.67,128.32,0.0,0.0,0.0,0.0,0.0,0.0,0.0,0.0,0.0,0.0,86.0,0.0,,,0.0,0.0,0.0,0.0,0.0,0.0,0.0,0.0,0.0,0.0,4414.0,86.0,0.0,,,0.0,0.0,0.0,0.0,0.0,0.0,0.0,0.0,0.0,0.0,3906.0,8320,234.0,0.0,0.0,0.0,0.0,0.0,0.0,0.0,0.0,129.0,0.0,0.0,0.0,0.0,0.0,0.0,0.0,0.0,0.0,112.0,0.0,0.0,0.0,0.0,0.0,0.0,0.0,0.0,0.0,157.0,0.0,0.0,0.0,,0.0,0.0,0.0,42.0,665.0,884.45,0.0,0.0,0.0,99.99,0.01,8320.0,0.0,1.8298169999999998,0.00014099999999999998,1.8299579999999998,15225.250559999999,0.0,0.0,0.0,,,,,,,,,,
2022-02-06,0.0,0.0,0.0,0.0,0.0,0.0,0.0,0.0,0.0,0.0,0.0,0.0,0.0,0.0,88.0,0.0,,,0.0,0.0,0.0,0.0,0.0,0.0,0.0,0.0,0.0,0.0,4681.0,88.0,0.0,,,0.0,0.0,0.0,0.0,0.0,0.0,0.0,0.0,0.0,0.0,3928.0,8609,273.0,0.0,0.0,0.0,0.0,0.0,0.0,0.0,0.0,106.0,0.0,0.0,0.0,0.0,0.0,0.0,0.0,0.0,0.0,129.0,0.0,0.0,0.0,0.0,0.0,0.0,0.0,0.0,0.0,103.0,0.0,0.0,0.0,,0.0,0.0,0.0,40.0,665.0,884.45,,,,,,8609.0,,,,,,,,,,,,,,,,,,
2022-02-07,162.6,39.01,20.93,222.54,7.74,3.04,1.41,4.48,156719.0,5196.0,787.0,2473.0,6.56,4.8,90.0,38.0,,,7.91,26582.0,5070.0,387.0,3947.0,2.52,0.99,2499.0,18136.0,62.2,4872.0,90.0,38.0,,,7.9,29410.0,5902.0,562.0,4761.0,2.62,0.83,2436.0,18043.0,62.3,4188.0,9060,208.0,7.67,1140.0,7.9,43360.0,6692.0,0.0,1605.0,3724.0,135.0,,,,0.0,,,,,,132.0,7.73,222.0,13800.0,0.0,19.05,2.1,0.14,9.8,36.5,307.0,8.05,540.0,0.0,,192.0,0.0,8.4,40.0,665.0,884.45,,,,,,9060.0,,,,,,,,,,,,,,,,,,
2022-02-08,157.43,89.64,10.92,257.99,7.58,0.0,1.98,4.52,167737.0,0.0,0.0,0.0,6.45,4.6,90.0,38.0,,,7.9,32677.0,0.0,0.0,0.0,2.46,1.1,2648.0,17953.0,62.0,4883.0,90.0,38.0,,,7.89,64012.0,0.0,0.0,0.0,2.57,0.93,2619.0,18109.0,62.1,4332.0,9215,511.0,8.12,1100.0,8.1,5700.0,3275.0,3163.0,0.0,0.0,140.0,7.87,0.0,14600.0,115.0,5.29,18.9,0.0,0.0,37.5,137.0,7.8,0.0,14020.0,95.0,3.38,15.6,0.0,0.0,36.8,129.0,8.2,620.0,0.0,,201.0,79.0,9.1,40.0,665.0,884.45,62.0,62.1,62.05,37.940000000000005,0.01,9215.0,0.40953,0.6943020000000001,0.00014099999999999998,1.103973,10173.111195000001,3773.81895,943.4547375,7547637.899999999,,,,,,,,,,
2022-02-09,80.28,205.33,21.27,306.88,7.85,0.0,1.68,4.46,159550.0,0.0,0.0,0.0,6.52,4.71,90.0,38.0,,,7.89,34053.0,0.0,0.0,0.0,2.51,1.14,2589.0,18040.0,62.2,5128.0,90.0,38.0,,,7.88,32965.0,0.0,0.0,0.0,2.61,1.08,2669.0,17849.0,62.1,4496.0,9624,282.0,8.1,1240.0,8.05,6240.0,3475.0,3360.0,0.0,0.0,145.0,7.84,0.0,15080.0,94.0,2.48,10.6,0.0,0.0,36.3,142.0,7.82,0.0,13760.0,88.0,4.16,19.1,0.0,0.0,36.6,178.0,8.18,580.0,0.0,,189.0,75.0,8.6,40.0,665.0,884.45,62.2,62.1,62.150000000000006,37.839999999999996,0.01,9624.0,0.41019000000000005,0.692472,0.00014099999999999998,1.102803,10613.376072,3947.6685600000005,986.9171400000001,7895337.120000001,,,,,,,,,,
2022-02-10,106.05,77.13,11.61,194.79,7.66,2.21,1.3,4.42,149523.0,0.0,0.0,0.0,6.47,4.8,90.0,38.0,,,7.91,31258.0,0.0,0.0,0.0,2.59,1.07,2460.0,18209.0,61.8,4930.0,90.0,38.0,,,7.9,33659.0,0.0,0.0,0.0,2.74,1.11,2734.0,18074.0,61.9,4355.0,9285,161.0,0.0,0.0,8.12,12260.0,3096.0,3636.0,0.0,0.0,144.0,7.88,211.0,13400.0,140.0,4.64,32.5,0.0,0.0,37.1,143.0,7.84,192.0,14600.0,108.0,3.67,25.3,0.0,0.0,37.0,322.0,8.19,640.0,0.0,,189.0,104.0,8.9,40.0,665.0,884.45,61.8,61.9,61.849999999999994,38.14000000000001,0.01,9285.0,0.40820999999999996,0.6979620000000001,0.00014099999999999998,1.1063129999999999,10272.116204999998,3790.2298499999997,947.5574624999999,7580459.699999999,,,,,,,,,,
2022-02-11,129.85,0.0,12.24,142.09,7.75,0.0,1.31,4.38,153082.0,0.0,0.0,0.0,6.51,4.72,90.0,38.0,,,7.92,32496.0,0.0,0.0,0.0,2.61,1.09,2644.0,18099.0,61.9,4816.0,90.0,38.0,,,7.91,34087.0,0.0,0.0,0.0,2.69,1.08,2690.0,18464.0,62.0,4248.0,9064,314.0,8.05,1440.0,8.16,6840.0,3580.0,3402.0,0.0,0.0,147.0,7.83,0.0,13260.0,121.0,3.26,16.8,0.0,0.0,37.2,143.0,7.81,0.0,13860.0,82.0,2.19,12.4,0.0,0.0,36.7,211.0,8.16,680.0,0.0,,196.0,81.0,9.4,40.0,726.0000000000002,965.5800000000004,,,,,,9064.0,,,,,,,,,,,,,,,,,,
2022-02-12,52.57,88.2,21.53,162.3,0.0,0.0,0.0,0.0,0.0,0.0,0.0,0.0,0.0,0.0,90.0,0.0,,,0.0,0.0,0.0,0.0,0.0,0.0,0.0,0.0,0.0,0.0,4904.0,90.0,0.0,,,0.0,0.0,0.0,0.0,0.0,0.0,0.0,0.0,0.0,0.0,4328.0,9232,278.0,0.0,0.0,0.0,0.0,0.0,0.0,0.0,0.0,144.0,0.0,0.0,0.0,0.0,0.0,0.0,0.0,0.0,0.0,143.0,0.0,0.0,0.0,0.0,0.0,0.0,0.0,0.0,0.0,164.0,0.0,0.0,0.0,,0.0,0.0,0.0,40.0,665.0,884.45,,,,,,9232.0,,,,,,,,,,,,,,,,,,
2022-02-13,0.0,0.0,0.0,0.0,0.0,0.0,0.0,0.0,0.0,0.0,0.0,0.0,0.0,0.0,90.0,0.0,,,0.0,0.0,0.0,0.0,0.0,0.0,0.0,0.0,0.0,0.0,4754.0,90.0,0.0,,,0.0,0.0,0.0,0.0,0.0,0.0,0.0,0.0,0.0,0.0,4074.0,8828,232.0,0.0,0.0,0.0,0.0,0.0,0.0,0.0,0.0,147.0,0.0,0.0,0.0,0.0,0.0,0.0,0.0,0.0,0.0,125.0,0.0,0.0,0.0,0.0,0.0,0.0,0.0,0.0,0.0,186.0,0.0,0.0,0.0,,0.0,0.0,0.0,40.0,798.0,1061.3400000000001,,,,,,8828.0,,,,,,,,,,,,,,,,,,
2022-02-14,109.19,133.68,21.88,264.75,7.91,0.0,1.14,4.43,131237.0,5592.0,854.0,2697.0,6.23,4.64,90.0,38.0,,,7.9,25856.0,5631.0,503.0,4279.0,2.64,0.89,2519.0,17869.0,61.7,4636.0,90.0,38.0,,,7.89,28169.0,5990.0,524.0,4741.0,2.5,0.94,2634.0,18072.0,61.8,4098.0,8734,279.0,8.26,2600.0,7.86,21200.0,8257.0,4121.0,1636.0,4204.0,145.0,7.84,217.0,12040.0,58.0,3.19,13.1,0.14,8.6,36.8,138.0,7.9,184.0,14840.0,48.0,12.58,5.6,0.11,8.3,36.7,216.0,8.18,580.0,133.0,,182.0,52.0,7.8,38.0,665.0,884.45,,,,,,8734.0,,,,,,,,,,,,,,,,,,
2022-02-15,158.59,83.51,11.01,253.11,7.74,0.0,1.79,4.59,132075.0,0.0,0.0,0.0,5.97,4.36,90.0,38.0,,,7.92,26565.0,0.0,0.0,0.0,2.59,1.07,2439.0,18163.0,62.1,4395.0,90.0,38.0,,,7.91,31371.0,0.0,0.0,0.0,2.32,0.94,2484.0,17939.0,62.2,3854.0,8249,279.0,0.0,0.0,8.02,11680.0,3784.0,3392.0,0.0,0.0,142.0,7.81,0.0,12280.0,52.0,2.37,8.4,0.0,0.0,36.3,145.0,7.85,0.0,14160.0,56.0,6.39,10.2,0.0,0.0,37.3,199.0,8.2,620.0,0.0,,179.0,54.0,8.5,38.0,665.0,884.45,62.1,62.2,62.150000000000006,37.839999999999996,0.01,8249.0,0.41019000000000005,0.692472,0.00014099999999999998,1.102803,9097.021947,3383.6573100000005,845.9143275000001,6767314.620000001,,,,,,,,,,
2022-02-16,52.86,38.74,19.63,111.23,7.59,4.36,2.7,4.46,129206.0,0.0,0.0,0.0,5.99,4.45,88.0,38.0,,,7.94,28756.0,0.0,0.0,0.0,2.79,1.12,2576.0,18230.0,62.3,4524.0,89.0,38.0,,,7.93,32415.0,0.0,0.0,0.0,2.12,1.03,2399.0,18082.0,62.4,3973.0,8497,321.0,8.12,7260.0,8.05,1300.0,1088.0,2660.0,0.0,0.0,152.0,7.79,0.0,12540.0,124.0,1.14,23.9,0.0,0.0,37.3,140.0,7.81,0.0,14960.0,141.0,2.98,20.8,0.0,0.0,37.2,252.0,8.17,540.0,0.0,,166.0,106.0,7.9,39.0,665.0,884.45,62.3,62.4,62.349999999999994,37.64000000000001,0.01,8497.0,0.41151,0.6888120000000002,0.00014099999999999998,1.1004630000000002,9350.634111000001,3496.60047,874.1501175,6993200.9399999995,,,,,,,,,,
2022-02-17,105.67,65.26,8.71,179.64,7.86,0.0,1.46,4.54,101747.0,0.0,0.0,0.0,6.21,4.47,90.0,38.0,,,7.99,30214.0,0.0,0.0,0.0,2.29,0.91,2389.0,18170.0,62.7,4573.0,90.0,38.0,,,7.98,27334.0,0.0,0.0,0.0,2.63,0.96,2419.0,18296.0,62.9,3963.0,8536,208.0,7.86,2860.0,7.89,4280.0,2460.0,3054.0,0.0,0.0,140.0,7.77,0.0,12160.0,168.0,2.51,58.2,0.0,0.0,37.7,140.0,7.83,0.0,14620.0,189.0,2.83,65.3,0.0,0.0,36.4,327.0,8.21,480.0,0.0,,188.0,147.0,7.1,40.0,665.0,884.45,62.7,62.9,62.8,37.190000000000005,0.01,8536.0,0.41448,0.6805770000000001,0.00014099999999999998,1.0951980000000001,9348.610128,3538.00128,884.50032,7076002.56,,,,,,,,,,
2022-02-18,79.64,134.6,12.1,226.33999999999997,7.88,0.0,1.75,4.76,106129.0,0.0,0.0,0.0,5.9,4.47,90.0,38.0,,,7.98,28776.0,0.0,0.0,0.0,2.61,1.18,2439.0,17903.0,62.6,4429.0,90.0,38.0,,,7.97,26333.0,0.0,0.0,0.0,2.68,1.13,2324.0,17819.0,62.7,3845.0,8274,297.0,7.91,0.0,7.86,6880.0,3250.0,3460.0,0.0,0.0,136.0,7.8,0.0,12820.0,128.0,2.31,46.1,0.0,0.0,36.4,133.0,7.82,0.0,13980.0,151.0,8.46,56.8,0.0,0.0,36.6,317.0,8.18,680.0,0.0,,176.0,124.0,8.2,40.0,665.0,884.45,62.6,62.7,62.650000000000006,37.339999999999996,0.01,8274.0,0.41349,0.683322,0.00014099999999999998,1.0969529999999998,9076.189121999998,3421.21626,855.304065,6842432.5200000005,,,,,,,,,,
2022-02-19,77.39,104.31,18.06,199.76,0.0,0.0,0.0,0.0,0.0,0.0,0.0,0.0,0.0,0.0,90.0,0.0,,,0.0,0.0,0.0,0.0,0.0,0.0,0.0,0.0,0.0,0.0,4385.0,90.0,0.0,,,0.0,0.0,0.0,0.0,0.0,0.0,0.0,0.0,0.0,0.0,3782.0,8167,346.0,0.0,0.0,0.0,0.0,0.0,0.0,0.0,0.0,143.0,0.0,0.0,0.0,0.0,0.0,0.0,0.0,0.0,0.0,141.0,0.0,0.0,0.0,0.0,0.0,0.0,0.0,0.0,0.0,233.0,0.0,0.0,0.0,,0.0,0.0,0.0,40.0,665.0,884.45,,,,,,8167.0,,,,,,,,,,,,,,,,,,
2022-02-20,0.0,0.0,0.0,0.0,0.0,0.0,0.0,0.0,0.0,0.0,0.0,0.0,0.0,0.0,90.0,0.0,,,0.0,0.0,0.0,0.0,0.0,0.0,0.0,0.0,0.0,0.0,4088.0,90.0,0.0,,,0.0,0.0,0.0,0.0,0.0,0.0,0.0,0.0,0.0,0.0,3536.0,7624,291.0,0.0,0.0,0.0,0.0,0.0,0.0,0.0,0.0,151.0,0.0,0.0,0.0,0.0,0.0,0.0,0.0,0.0,0.0,143.0,0.0,0.0,0.0,0.0,0.0,0.0,0.0,0.0,0.0,199.0,0.0,0.0,0.0,,0.0,0.0,0.0,40.0,665.0,884.45,,,,,,7624.0,,,,,,,,,,,,,,,,,,
2022-02-21,82.33,84.99,21.55,188.87,7.69,0.0,1.54,4.87,109222.0,4798.0,676.0,0.0,6.11,4.32,90.0,38.0,,,8.04,23816.0,4617.0,374.0,0.0,2.62,1.08,2319.0,18136.0,63.1,4294.0,90.0,38.0,,,8.04,24976.0,5180.0,319.0,0.0,2.57,0.87,2389.0,18004.0,63.3,3719.0,8013,315.0,8.3,700.0,8.02,1260.0,1061.0,2421.0,161.0,0.0,139.0,7.8,161.0,12260.0,123.0,1.5,58.0,0.12,14.4,36.9,143.0,7.76,154.0,14860.0,134.0,1.7,56.8,0.19,10.1,,286.0,8.19,560.0,118.0,,151.0,118.0,8.4,40.0,666.0,885.7800000000001,,,,,,8013.0,,,,,,,,,,,,,,,,,,
2022-02-22,158.06,114.93,10.19,283.18,7.63,3.19,1.84,4.82,93696.0,0.0,0.0,0.0,6.2,4.37,90.0,38.0,,,8.02,30275.0,0.0,0.0,0.0,2.52,0.98,2384.0,18659.0,63.2,4443.0,90.0,38.0,,,8.02,28525.0,0.0,0.0,0.0,2.34,0.95,2460.0,18289.0,63.2,3855.0,8298,283.0,8.05,1080.0,7.94,3280.0,1848.0,2680.0,0.0,0.0,147.0,7.78,0.0,12540.0,141.0,1.82,72.5,0.0,0.0,36.9,143.0,7.73,0.0,14220.0,165.0,4.27,84.3,0.0,0.0,35.8,203.0,8.15,540.0,0.0,,164.0,138.0,7.8,39.0,665.0,884.45,,,,,,8298.0,,,,,,,,,,,,,,,,,,
2022-02-23,0.0,135.64,16.69,152.32999999999998,7.78,0.0,1.54,4.74,97519.0,0.0,0.0,0.0,6.34,4.59,90.0,38.0,,,8.0,22238.0,0.0,0.0,0.0,2.44,1.09,2475.0,18349.0,62.5,4603.0,90.0,38.0,,,8.01,25094.0,0.0,0.0,0.0,2.61,1.14,2340.0,18069.0,62.7,3904.0,8507,311.0,8.12,8240.0,8.01,1240.0,1228.0,2950.0,0.0,0.0,126.0,7.76,0.0,11540.0,206.0,4.31,108.2,0.0,0.0,37.0,146.0,7.75,0.0,13360.0,244.0,2.61,148.6,0.0,0.0,37.6,265.0,8.2,640.0,0.0,,168.0,192.0,8.5,40.0,665.0,884.45,62.5,62.7,62.6,37.39,0.01,8507.0,0.41316,0.684237,0.00014099999999999998,1.097538,9336.755765999998,3514.75212,878.68803,7029504.24,,,,,,,,,,
2022-02-24,130.54,147.3,12.14,289.98,7.76,0.0,1.72,5.01,101036.0,0.0,0.0,0.0,5.77,4.51,90.0,38.0,,,8.01,26596.0,0.0,0.0,0.0,2.45,1.19,2374.0,18179.0,62.8,4350.0,90.0,38.0,,,8.01,20582.0,0.0,0.0,0.0,2.51,1.13,2287.0,18109.0,62.9,3751.0,8101,432.0,8.14,4200.0,8.13,6240.0,2403.0,2759.0,0.0,0.0,185.0,7.79,0.0,11240.0,247.0,2.86,151.3,0.0,0.0,37.6,158.0,7.73,0.0,14100.0,234.0,1.84,141.5,0.0,0.0,36.5,295.0,8.24,580.0,0.0,,282.0,230.0,9.2,40.0,665.0,884.45,62.8,62.9,62.849999999999994,37.14000000000001,0.01,8101.0,0.41481,0.6796620000000001,0.00014099999999999998,1.094613,8867.459913,3360.37581,840.0939525,6720751.62,,,,,,,,,,
2022-02-25,80.76,0.0,12.96,93.72,7.48,3.05,1.84,4.8,110217.0,0.0,0.0,0.0,5.88,4.27,90.0,38.0,,,8.02,25893.0,0.0,0.0,0.0,2.55,1.1,2460.0,18420.0,62.6,4450.0,90.0,38.0,,,8.02,23614.0,0.0,0.0,0.0,2.54,0.96,2294.0,18289.0,62.6,3896.0,8346,308.0,8.15,5240.0,8.09,5880.0,2437.0,2663.0,0.0,0.0,160.0,7.77,0.0,11680.0,228.0,1.39,125.4,0.0,0.0,36.6,158.0,7.75,0.0,13860.0,219.0,5.14,132.2,0.0,0.0,37.4,274.0,8.21,620.0,0.0,,238.0,213.0,8.8,40.0,665.0,884.45,62.6,62.6,62.6,37.39,0.01,8346.0,0.41316,0.684237,0.00014099999999999998,1.097538,9160.052147999999,3448.23336,862.05834,6896466.720000001,,,,,,,,,,
2022-02-26,103.83,109.12,18.88,231.82999999999998,0.0,0.0,0.0,0.0,0.0,0.0,0.0,0.0,0.0,0.0,90.0,0.0,,,0.0,0.0,0.0,0.0,0.0,0.0,0.0,0.0,0.0,0.0,4529.0,90.0,0.0,,,0.0,0.0,0.0,0.0,0.0,0.0,0.0,0.0,0.0,0.0,3876.0,8405,317.0,0.0,0.0,0.0,0.0,0.0,0.0,0.0,0.0,161.0,0.0,0.0,0.0,0.0,0.0,0.0,0.0,0.0,0.0,158.0,0.0,0.0,0.0,0.0,0.0,0.0,0.0,0.0,0.0,187.0,0.0,0.0,0.0,,0.0,0.0,0.0,40.0,665.0,884.45,0.0,0.0,0.0,99.99,0.01,8405.0,0.0,1.8298169999999998,0.00014099999999999998,1.8299579999999998,15380.796989999997,0.0,0.0,0.0,,,,,,,,,,
2022-02-27,0.0,0.0,0.0,0.0,0.0,0.0,0.0,0.0,0.0,0.0,0.0,0.0,0.0,0.0,90.0,0.0,,,0.0,0.0,0.0,0.0,0.0,0.0,0.0,0.0,0.0,0.0,4600.0,90.0,0.0,,,0.0,0.0,0.0,0.0,0.0,0.0,0.0,0.0,0.0,0.0,3894.0,8494,374.0,0.0,0.0,0.0,0.0,0.0,0.0,0.0,0.0,160.0,0.0,0.0,0.0,0.0,0.0,0.0,0.0,0.0,0.0,157.0,0.0,0.0,0.0,0.0,0.0,0.0,0.0,0.0,0.0,346.0,0.0,0.0,0.0,,0.0,0.0,0.0,40.0,665.0,884.45,0.0,0.0,0.0,99.99,0.01,8494.0,0.0,1.8298169999999998,0.00014099999999999998,1.8299579999999998,15543.663251999998,0.0,0.0,0.0,,,,,,,,,,
2022-02-28,136.45,70.47,20.58,227.5,7.66,3.08,1.76,4.64,108086.0,4525.0,689.0,0.0,5.96,4.24,90.0,38.0,,,8.02,24796.0,5144.0,417.0,0.0,2.53,1.08,2465.0,18119.0,62.4,4621.0,90.0,38.0,,,7.99,24825.0,4787.0,374.0,0.0,2.59,0.94,2418.0,18059.0,62.4,3957.0,8578,391.0,8.18,600.0,8.19,4740.0,2574.0,2658.0,180.0,0.0,164.0,7.82,209.0,13200.0,269.0,12.24,129.0,0.15,14.1,36.8,161.0,7.8,173.0,14960.0,312.0,1.51,119.0,0.11,12.6,38.3,273.0,8.26,620.0,116.0,,154.0,263.0,8.9,40.0,707.9999999999997,941.6399999999996,62.4,62.4,62.4,37.59,0.01,8578.0,0.41184,0.6878970000000001,0.00014099999999999998,1.0998780000000001,9434.753484,3532.76352,883.19088,7065527.04,,,,,,,,,,
2022-03-01,130.22,146.35,11.71,288.28,8.1,3.16,1.65,4.66,113787.0,0.0,0.0,0.0,6.21,4.51,90.0,38.0,,,8.03,23193.0,0.0,0.0,0.0,2.43,0.89,2399.0,18310.0,62.0,4809.0,90.0,38.0,,,8.02,26656.0,0.0,0.0,0.0,2.55,0.96,2326.0,18182.0,61.9,4048.0,8857,205.0,8.31,2440.0,8.14,5480.0,2762.0,2875.0,0.0,0.0,168.0,7.84,0.0,13560.0,246.0,3.72,116.0,0.0,0.0,36.6,164.0,7.81,0.0,15380.0,273.0,2.42,131.0,0.0,0.0,37.9,302.0,8.21,520.0,0.0,,149.0,241.0,8.1,40.0,931.0,1238.23,,,,,,8857.0,,,,,,,,,,,,,,,,,,
2022-03-02,53.83,66.68,16.12,136.63,7.43,0.0,2.21,4.69,125639.0,0.0,0.0,0.0,6.14,4.52,90.0,38.0,,,8.03,24709.0,0.0,0.0,0.0,2.62,1.05,2448.0,18189.0,62.1,4729.0,90.0,38.0,,,8.01,27554.0,0.0,0.0,0.0,2.44,0.95,2286.0,18209.0,62.2,4029.0,8758,61.0,0.0,0.0,8.18,3860.0,2292.0,2537.0,0.0,0.0,74.0,7.81,0.0,12640.0,289.0,1.64,161.0,0.0,0.0,37.6,89.0,7.77,0.0,15460.0,272.0,1.86,154.0,0.0,0.0,34.8,309.0,8.25,580.0,0.0,,163.0,268.0,7.5,40.0,798.0,1061.3400000000001,62.1,62.2,62.150000000000006,37.839999999999996,0.01,8758.0,0.41019000000000005,0.692472,0.00014099999999999998,1.102803,9658.348673999999,3592.4440200000004,898.1110050000001,7184888.040000001,,,,,,,,,,
2022-03-03,79.15,88.56,12.89,180.60000000000002,7.75,0.0,1.52,4.72,122836.0,0.0,0.0,0.0,6.26,4.56,90.0,38.0,,,8.04,25306.0,0.0,0.0,0.0,2.58,1.05,2390.0,18419.0,62.3,4835.0,90.0,38.0,,,8.02,26375.0,0.0,0.0,0.0,2.52,0.99,2469.0,18139.0,62.1,4134.0,8969,244.0,0.0,0.0,8.05,7280.0,3182.0,2976.0,0.0,0.0,77.0,7.83,0.0,12240.0,202.0,2.38,105.0,0.0,0.0,37.9,63.0,8.8,0.0,14860.0,231.0,1.88,121.0,0.0,0.0,35.4,170.0,8.21,640.0,0.0,,182.0,193.0,8.1,40.0,798.0,1061.3400000000001,62.3,62.1,62.2,37.79,0.01,8969.0,0.41052000000000005,0.691557,0.00014099999999999998,1.102218,9885.793242,3681.9538800000005,920.4884700000001,7363907.760000001,,,,,,,,,,
2022-03-04,106.89,89.18,13.18,209.25,7.84,3.35,2.08,4.66,127762.0,0.0,0.0,0.0,6.39,4.71,90.0,38.0,,,8.02,27709.0,0.0,0.0,0.0,2.64,1.08,2439.0,18439.0,62.1,4793.0,90.0,38.0,,,8.0,30865.0,0.0,0.0,0.0,2.62,1.04,2383.0,18050.0,62.3,4099.0,8892,316.0,7.91,1200.0,8.08,2100.0,1764.0,2638.0,0.0,0.0,143.0,7.85,0.0,13140.0,239.0,1.27,121.0,0.0,0.0,36.5,140.0,7.81,0.0,12860.0,251.0,2.31,146.0,0.0,0.0,36.8,122.0,8.24,540.0,0.0,,161.0,218.0,7.4,40.0,798.0,1061.3400000000001,62.1,62.3,62.2,37.79,0.01,8892.0,0.41052000000000005,0.691557,0.00014099999999999998,1.102218,9800.922455999998,3650.3438400000005,912.5859600000001,7300687.680000001,,,,,,,,,,
2022-03-05,79.18,57.08,19.04,155.3,0.0,0.0,0.0,0.0,0.0,0.0,0.0,0.0,0.0,0.0,90.0,0.0,,,0.0,0.0,0.0,0.0,0.0,0.0,0.0,0.0,0.0,0.0,4570.0,90.0,0.0,,,0.0,0.0,0.0,0.0,0.0,0.0,0.0,0.0,0.0,0.0,3904.0,8474,285.0,0.0,0.0,0.0,0.0,0.0,0.0,0.0,0.0,146.0,0.0,0.0,0.0,0.0,0.0,0.0,0.0,0.0,0.0,139.0,0.0,0.0,0.0,0.0,0.0,0.0,0.0,0.0,0.0,163.0,0.0,0.0,0.0,,0.0,0.0,0.0,40.0,532.0,707.5600000000001,0.0,0.0,0.0,99.99,0.01,8474.0,0.0,1.8298169999999998,0.00014099999999999998,1.8299579999999998,15507.064091999999,0.0,0.0,0.0,,,,,,,,,,
2022-03-06,0.0,0.0,0.0,0.0,0.0,0.0,0.0,0.0,0.0,0.0,0.0,0.0,0.0,0.0,90.0,0.0,,,0.0,0.0,0.0,0.0,0.0,0.0,0.0,0.0,0.0,0.0,4772.0,90.0,0.0,,,0.0,0.0,0.0,0.0,0.0,0.0,0.0,0.0,0.0,0.0,4070.0,8842,288.0,0.0,0.0,0.0,0.0,0.0,0.0,0.0,0.0,173.0,0.0,0.0,0.0,0.0,0.0,0.0,0.0,0.0,0.0,162.0,0.0,0.0,0.0,0.0,0.0,0.0,0.0,0.0,0.0,325.0,0.0,0.0,0.0,,0.0,0.0,0.0,40.0,798.0,1061.3400000000001,,,,,,8842.0,,,,,,,,,,,,,,,,,,
2022-03-07,104.92,38.25,19.93,163.1,0.0,0.0,0.0,0.0,0.0,0.0,0.0,0.0,0.0,0.0,90.0,0.0,,,0.0,0.0,0.0,0.0,0.0,0.0,0.0,0.0,0.0,62.2,5006.0,90.0,0.0,,,0.0,0.0,0.0,0.0,0.0,0.0,0.0,0.0,0.0,62.3,4352.0,9358,302.0,0.0,0.0,0.0,0.0,0.0,0.0,0.0,0.0,177.0,0.0,0.0,0.0,0.0,0.0,0.0,0.0,0.0,0.0,139.0,0.0,0.0,0.0,0.0,0.0,0.0,0.0,0.0,0.0,333.0,0.0,0.0,0.0,,0.0,0.0,0.0,40.0,862.0000000000001,1146.4600000000003,,,,,,9358.0,,,,,,,,,,,,,,,,,,
2022-03-08,126.91,91.43,9.07,227.41,7.81,0.0,1.94,4.69,116827.0,5719.0,763.0,0.0,6.33,4.8,90.0,38.1,,,7.93,22530.0,4720.0,435.0,0.0,2.48,1.11,2269.0,17939.0,62.9,4841.0,90.0,38.0,,,7.95,26426.0,5137.0,408.0,0.0,2.54,1.14,2485.0,17819.0,62.8,4154.0,8995,186.0,0.0,0.0,7.95,1000.0,1394.0,2798.0,58.0,0.0,58.0,7.81,196.0,13660.0,203.0,19.96,78.1,0.12,14.1,36.9,52.0,6.94,157.0,15740.0,355.0,17.04,138.5,0.16,16.4,39.1,320.0,7.95,560.0,0.0,,161.0,248.0,15.3,40.0,798.0,1061.3400000000001,62.9,62.8,62.849999999999994,37.14000000000001,0.01,8995.0,0.41481,0.6796620000000001,0.00014099999999999998,1.094613,9846.043935,3731.2159500000002,932.8039875000001,7462431.9,,,,,,,,,,
2022-03-09,54.06,178.92,17.12,250.1,7.79,0.0,1.83,4.72,132448.0,0.0,0.0,0.0,6.51,4.87,87.0,38.1,,,8.0,26051.0,0.0,0.0,0.0,2.56,1.1,2450.0,17839.0,62.7,4803.0,87.0,38.0,,,7.99,26764.0,0.0,0.0,0.0,2.35,0.95,2547.0,17860.0,62.6,4119.0,8922,316.0,7.52,1040.0,8.1,1500.0,1637.0,3108.0,0.0,0.0,152.0,7.66,0.0,12500.0,287.0,8.76,105.0,0.0,0.0,36.9,82.0,7.04,0.0,14900.0,433.0,22.83,135.0,0.0,0.0,40.3,69.0,7.64,480.0,0.0,,215.0,349.0,10.5,40.0,798.0,1061.3400000000001,62.7,62.6,62.650000000000006,37.339999999999996,0.01,8922.0,0.41349,0.683322,0.00014099999999999998,1.0969529999999998,9787.014666,3689.15778,922.289445,7378315.56,,,,,,,,,,
2022-03-10,53.84,77.06,14.34,145.24,7.48,3.82,2.42,4.76,123223.0,0.0,0.0,0.0,6.58,4.86,84.0,38.1,,,8.01,33713.0,0.0,0.0,0.0,2.65,1.19,2488.0,17860.0,62.3,4603.0,84.0,38.0,,,8.0,33571.0,0.0,0.0,0.0,2.43,1.04,2648.0,17969.0,62.4,4001.0,8604,312.0,0.0,7860.0,7.65,3560.0,1859.0,2908.0,0.0,0.0,145.0,6.81,0.0,12800.0,213.0,1.84,116.0,0.0,0.0,37.8,141.0,7.91,0.0,13260.0,387.0,9.33,141.0,0.0,0.0,41.5,210.0,7.74,620.0,0.0,,187.0,292.0,12.1,40.0,665.0,884.45,62.3,62.4,62.349999999999994,37.64000000000001,0.01,8604.0,0.41151,0.6888120000000002,0.00014099999999999998,1.1004630000000002,9468.383652000002,3540.63204,885.15801,7081264.08,,,,,,,,,,
2022-03-11,133.72,0.0,13.18,146.9,7.81,0.0,1.96,4.72,129152.0,0.0,0.0,0.0,6.64,4.91,81.0,38.1,,,8.02,31493.0,0.0,0.0,0.0,2.58,1.12,2386.0,17919.0,62.3,4288.0,81.0,38.0,,,8.01,30944.0,0.0,0.0,0.0,2.49,1.08,2570.0,18219.0,62.2,3794.0,8082,297.0,7.92,1240.0,8.06,2680.0,1688.0,2837.0,0.0,0.0,148.0,7.68,0.0,12680.0,249.0,3.17,122.0,0.0,0.0,36.3,123.0,6.73,0.0,13880.0,451.0,10.12,185.0,0.0,0.0,42.4,252.0,7.82,520.0,0.0,,204.0,358.0,9.8,38.0,931.0,1238.23,62.3,62.2,62.25,37.74,0.01,8082.0,0.41085,0.690642,0.00014099999999999998,1.1016329999999999,8903.397905999998,3320.4897,830.122425,6640979.4,,,,,,,,,,
2022-03-12,81.12,136.87,17.51,235.5,0.0,0.0,0.0,0.0,0.0,0.0,0.0,0.0,0.0,0.0,78.0,0.0,,,0.0,0.0,0.0,0.0,0.0,0.0,0.0,0.0,0.0,0.0,4182.0,78.0,0.0,,,0.0,0.0,0.0,0.0,0.0,0.0,0.0,0.0,0.0,0.0,3617.0,7799,311.0,0.0,0.0,0.0,0.0,0.0,0.0,0.0,0.0,149.0,0.0,0.0,0.0,0.0,0.0,0.0,0.0,0.0,0.0,114.0,0.0,0.0,0.0,0.0,0.0,0.0,0.0,0.0,0.0,298.0,0.0,0.0,0.0,,0.0,0.0,0.0,38.0,665.0,884.45,0.0,0.0,0.0,99.99,0.01,7799.0,0.0,1.8298169999999998,0.00014099999999999998,1.8299579999999998,14271.842441999997,0.0,0.0,0.0,,,,,,,,,,
2022-03-13,0.0,0.0,0.0,0.0,0.0,0.0,0.0,0.0,0.0,0.0,0.0,0.0,0.0,0.0,75.0,0.0,,,0.0,0.0,0.0,0.0,0.0,0.0,0.0,0.0,0.0,0.0,4055.0,75.0,0.0,,,0.0,0.0,0.0,0.0,0.0,0.0,0.0,0.0,0.0,0.0,3409.0,7464,227.0,0.0,0.0,0.0,0.0,0.0,0.0,0.0,0.0,169.0,0.0,0.0,0.0,0.0,0.0,0.0,0.0,0.0,0.0,146.0,0.0,0.0,0.0,0.0,0.0,0.0,0.0,0.0,0.0,293.0,0.0,0.0,0.0,,0.0,0.0,0.0,38.0,798.0,1061.3400000000001,,,,,,7464.0,,,,,,,,,,,,,,,,,,
2022-03-14,107.78,155.81,19.93,283.52,8.09,0.0,1.75,4.77,108386.0,5190.0,699.0,0.0,6.21,4.76,72.0,38.1,,,8.01,24458.0,5517.0,393.0,0.0,2.42,1.18,2345.0,18160.0,62.1,3783.0,72.0,38.0,,,8.02,26336.0,5334.0,353.0,0.0,2.43,1.14,2446.0,17969.0,62.3,3283.0,7066,249.0,7.77,4740.0,8.1,7440.0,2169.0,3255.0,254.0,0.0,129.0,7.69,217.0,12360.0,181.0,2.45,69.5,0.18,15.6,37.2,118.0,6.79,197.0,14800.0,432.0,14.15,114.0,2.42,16.1,38.1,301.0,7.88,580.0,129.0,,183.0,321.0,10.5,36.0,665.0,884.45,,,,,,7066.0,,,,,,,,,,,,,,,,,,
2022-03-15,160.13,76.93,10.55,247.61,7.69,0.0,1.83,4.69,115704.0,0.0,0.0,0.0,6.05,4.42,72.0,38.1,,,8.03,30470.0,0.0,0.0,0.0,2.31,0.98,2468.0,17839.0,62.0,3796.0,72.0,38.0,,,8.03,34015.0,0.0,0.0,0.0,2.47,1.15,2361.0,17919.0,62.1,3140.0,6936,213.0,8.13,1940.0,8.18,4640.0,1712.0,2651.0,0.0,0.0,135.0,7.76,0.0,13300.0,164.0,5.71,61.7,0.0,0.0,36.9,141.0,7.8,0.0,14960.0,396.0,12.28,140.6,0.0,0.0,36.8,259.0,7.91,540.0,0.0,,205.0,294.0,8.9,36.0,754.9999999999992,1004.149999999999,62.0,62.1,62.05,37.940000000000005,0.01,6936.0,0.40953,0.6943020000000001,0.00014099999999999998,1.103973,7657.156728000001,2840.5000800000003,710.1250200000001,5681000.16,,,,,,,,,,
2022-03-16,104.89,0.0,16.48,121.37,7.91,3.15,2.03,4.51,119701.0,0.0,0.0,0.0,6.53,5.0,72.0,38.1,,,8.05,23258.0,0.0,0.0,0.0,2.65,1.24,2362.0,18269.0,61.8,4077.0,72.0,38.0,,,8.04,30241.0,0.0,0.0,0.0,2.47,1.11,2561.0,18110.0,61.7,3499.0,7576,316.0,8.18,3240.0,8.09,4280.0,1948.0,2863.0,0.0,0.0,123.0,7.74,0.0,13060.0,129.0,3.47,46.5,0.0,0.0,36.8,121.0,6.85,0.0,15240.0,341.0,8.44,164.0,0.0,0.0,35.9,221.0,7.95,620.0,0.0,,189.0,263.0,9.2,36.0,532.0,707.5600000000001,61.8,61.7,61.75,38.24,0.01,7576.0,0.40755,0.6997920000000001,0.00014099999999999998,1.107483,8390.291208,3087.5988,771.8997,6175197.600000001,,,,,,,,,,
2022-03-17,81.79,88.3,13.41,183.5,8.16,0.0,1.87,4.51,139994.0,0.0,0.0,0.0,6.48,4.85,72.0,38.1,,,8.0,32106.0,0.0,0.0,0.0,2.72,1.28,2514.0,18030.0,62.4,3884.0,72.0,38.0,,,7.99,29226.0,0.0,0.0,0.0,2.72,1.15,2435.0,17940.0,62.5,3338.0,7222,126.0,0.0,0.0,7.69,14700.0,4966.0,4824.0,0.0,0.0,121.0,7.79,0.0,13760.0,211.0,2.43,59.2,0.0,0.0,36.5,92.0,6.91,0.0,15340.0,439.0,7.97,236.4,0.0,0.0,36.6,206.0,7.94,580.0,0.0,,155.0,275.0,8.5,36.0,931.0,1238.23,62.4,62.5,62.45,37.54,0.01,7222.0,0.41217000000000004,0.686982,0.00014099999999999998,1.099293,7939.094046,2976.69174,744.172935,5953383.48,,,,,,,,,,
2022-03-18,109.61,179.01,13.63,302.25,7.96,0.0,7.75,4.58,128605.0,0.0,0.0,0.0,6.39,4.66,72.0,38.1,,,8.01,30646.0,0.0,0.0,0.0,2.69,1.19,2357.0,18279.0,62.2,3635.0,72.0,38.0,,,8.0,31794.0,0.0,0.0,0.0,2.58,1.14,2634.0,18119.0,62.4,3175.0,6810,267.0,0.0,0.0,7.78,10460.0,3424.0,3687.0,0.0,0.0,123.0,7.81,0.0,13360.0,165.0,1.39,61.0,0.0,0.0,37.2,120.0,7.07,0.0,14840.0,385.0,4.26,227.0,0.0,0.0,35.9,270.0,8.02,640.0,0.0,,169.0,261.0,10.2,36.0,665.0,884.45,,,,,,6810.0,,,,,,,,,,,,,,,,,,
2022-03-19,104.3,58.06,17.12,179.48000000000002,0.0,0.0,0.0,0.0,0.0,0.0,0.0,0.0,0.0,0.0,72.0,0.0,,,0.0,0.0,0.0,0.0,0.0,0.0,0.0,0.0,0.0,0.0,3711.0,72.0,0.0,,,0.0,0.0,0.0,0.0,0.0,0.0,0.0,0.0,0.0,0.0,3332.0,7043,254.0,0.0,0.0,0.0,0.0,0.0,0.0,0.0,0.0,122.0,0.0,0.0,0.0,0.0,0.0,0.0,0.0,0.0,0.0,120.0,0.0,0.0,0.0,0.0,0.0,0.0,0.0,0.0,0.0,166.0,0.0,0.0,0.0,,0.0,0.0,0.0,36.0,798.0,1061.3400000000001,0.0,0.0,0.0,99.99,0.01,7043.0,0.0,1.8298169999999998,0.00014099999999999998,1.8299579999999998,12888.394193999999,0.0,0.0,0.0,,,,,,,,,,
2022-03-20,0.0,0.0,0.0,0.0,0.0,0.0,0.0,0.0,0.0,0.0,0.0,0.0,0.0,0.0,72.0,0.0,,,0.0,0.0,0.0,0.0,0.0,0.0,0.0,0.0,0.0,0.0,3875.0,72.0,0.0,,,0.0,0.0,0.0,0.0,0.0,0.0,0.0,0.0,0.0,0.0,3225.0,7100,250.0,0.0,0.0,0.0,0.0,0.0,0.0,0.0,0.0,128.0,0.0,0.0,0.0,0.0,0.0,0.0,0.0,0.0,0.0,120.0,0.0,0.0,0.0,0.0,0.0,0.0,0.0,0.0,0.0,194.0,0.0,0.0,0.0,,0.0,0.0,0.0,36.0,665.0,884.45,,,,,,7100.0,,,,,,,,,,,,,,,,,,
2022-03-21,131.26,130.62,21.37,283.25,7.48,0.0,2.08,4.73,134567.0,5673.0,767.0,0.0,6.44,4.57,72.0,38.1,,,8.05,20901.0,5086.0,456.0,0.0,2.55,1.09,2289.0,17969.0,62.6,3903.0,72.0,38.0,,,8.05,21815.0,4890.0,386.0,0.0,2.41,0.85,2366.0,18009.0,62.6,3375.0,7278,153.0,0.0,0.0,7.95,9360.0,2941.0,3008.0,176.0,0.0,135.0,7.99,107.0,12040.0,75.0,10.9,21.0,0.11,13.3,36.8,119.0,6.98,95.0,15900.0,424.0,11.9,256.0,3.12,24.6,36.2,190.0,7.89,700.0,140.0,,68.0,210.0,14.3,36.0,665.0,884.45,,,,,,7278.0,,,,,,,,,,,,,,,,,,
2022-03-22,0.0,0.0,0.0,0.0,0.0,0.0,0.0,0.0,0.0,0.0,0.0,0.0,0.0,0.0,72.0,0.0,,,0.0,0.0,0.0,0.0,0.0,0.0,0.0,0.0,0.0,0.0,4031.0,72.0,0.0,,,0.0,0.0,0.0,0.0,0.0,0.0,0.0,0.0,0.0,0.0,3439.0,7470,237.0,0.0,0.0,0.0,0.0,0.0,0.0,0.0,0.0,81.0,0.0,0.0,0.0,0.0,0.0,0.0,0.0,0.0,0.0,124.0,0.0,0.0,0.0,0.0,0.0,0.0,0.0,0.0,0.0,166.0,0.0,0.0,0.0,,0.0,0.0,0.0,36.0,775.9999999999997,1032.0799999999997,,,,,,7470.0,,,,,,,,,,,,,,,,,,
2022-03-23,81.06,89.32,17.53,187.91,8.03,3.12,1.82,4.75,137410.0,0.0,0.0,0.0,6.64,4.93,72.0,38.1,,,8.11,30209.0,0.0,0.0,0.0,2.51,1.08,2406.0,16978.0,62.4,4237.0,72.0,38.0,,,8.12,25509.0,0.0,0.0,0.0,2.44,1.24,2644.0,17268.0,62.3,3569.0,7806,198.0,0.0,4040.0,7.86,5400.0,1526.0,3528.0,0.0,0.0,101.0,7.88,0.0,12180.0,71.0,4.23,20.5,0.0,0.0,36.3,66.0,6.86,0.0,14260.0,341.0,10.34,190.1,0.0,0.0,36.6,97.0,7.84,760.0,0.0,,171.0,198.0,13.1,36.0,798.0,1061.3400000000001,,,,,,7806.0,,,,,,,,,,,,,,,,,,
2022-03-24,81.31,75.46,14.03,170.8,8.03,0.0,1.46,4.87,139200.0,0.0,0.0,0.0,6.56,4.96,72.0,38.0,,,8.12,30187.0,0.0,0.0,0.0,2.47,1.15,3029.0,17569.0,62.3,3832.0,72.0,38.14,,,8.14,26531.0,0.0,0.0,0.0,2.73,1.21,2866.0,17769.0,62.4,3392.0,7224,182.0,8.12,1460.0,7.97,8060.0,2113.0,2480.0,0.0,0.0,122.0,7.82,0.0,11340.0,40.0,1.36,13.1,0.0,6.8,37.3,120.0,6.87,0.0,13400.0,170.0,7.87,157.0,0.0,15.9,36.0,159.0,8.15,480.0,0.0,,186.0,145.0,6.4,36.0,665.0,884.45,,,,,,7224.0,,,,,,,,,,,,,,,,,,
2022-03-25,133.06,23.38,13.41,169.85,7.75,0.0,2.41,4.76,141464.0,0.0,0.0,0.0,6.92,5.14,72.0,38.0,,,8.11,31942.0,0.0,0.0,0.0,2.6,1.17,3017.0,17328.0,62.1,3984.0,72.0,38.1,,,8.1,25480.0,0.0,0.0,0.0,2.75,1.03,2742.0,17668.0,62.2,3435.0,7419,214.0,7.59,1060.0,7.92,2060.0,1031.0,2750.0,67.0,0.0,120.0,7.88,0.0,12540.0,69.0,4.65,12.0,0.0,13.0,36.2,95.0,6.78,0.0,14960.0,292.0,5.53,134.0,0.0,22.1,35.9,95.0,8.09,540.0,0.0,,186.0,139.0,10.4,36.0,665.0,884.45,62.1,62.2,62.150000000000006,37.839999999999996,0.01,7419.0,0.41019000000000005,0.692472,0.00014099999999999998,1.102803,8181.695457,3043.1996100000006,760.7999025000001,6086399.220000002,,,,,,,,,,
2022-03-26,108.27,91.7,20.7,220.67000000000002,0.0,0.0,0.0,0.0,0.0,0.0,0.0,0.0,0.0,0.0,72.0,0.0,,,0.0,0.0,0.0,0.0,0.0,0.0,0.0,0.0,0.0,0.0,4099.0,72.0,0.0,,,0.0,0.0,0.0,0.0,0.0,0.0,0.0,0.0,0.0,0.0,3495.0,7594,198.0,0.0,0.0,0.0,0.0,0.0,0.0,0.0,0.0,20.0,0.0,0.0,0.0,0.0,0.0,0.0,0.0,0.0,0.0,79.0,0.0,0.0,0.0,0.0,0.0,0.0,0.0,0.0,0.0,182.0,0.0,0.0,0.0,,0.0,0.0,0.0,36.0,665.0,884.45,0.0,0.0,0.0,99.99,0.01,7594.0,0.0,1.8298169999999998,0.00014099999999999998,1.8299579999999998,13896.701051999999,0.0,0.0,0.0,,,,,,,,,,
2022-03-27,0.0,0.0,0.0,0.0,0.0,0.0,0.0,0.0,0.0,0.0,0.0,0.0,0.0,0.0,72.0,0.0,,,0.0,0.0,0.0,0.0,0.0,0.0,0.0,0.0,0.0,0.0,3879.0,72.0,0.0,,,0.0,0.0,0.0,0.0,0.0,0.0,0.0,0.0,0.0,0.0,3348.0,7227,235.0,0.0,0.0,0.0,0.0,0.0,0.0,0.0,0.0,104.0,0.0,0.0,0.0,0.0,0.0,0.0,0.0,0.0,0.0,64.0,0.0,0.0,0.0,0.0,0.0,0.0,0.0,0.0,0.0,67.0,0.0,0.0,0.0,,0.0,0.0,0.0,36.0,665.0,884.45,,,,,,7227.0,,,,,,,,,,,,,,,,,,
2022-03-28,105.41,181.13,21.59,308.13,7.77,0.0,2.2,4.88,114639.0,4937.0,742.0,0.0,5.88,4.16,72.0,38.0,,,8.05,30613.0,5201.0,366.0,0.0,2.52,1.08,2848.0,17619.0,63.0,3719.0,72.0,38.1,,,8.04,21804.0,5128.0,313.0,0.0,2.33,0.76,2490.0,17768.0,63.1,3220.0,6939,264.0,0.0,0.0,7.82,8260.0,3772.0,3228.0,225.0,0.0,100.0,7.88,101.0,12040.0,66.0,1.09,18.6,0.18,10.0,36.2,103.0,7.01,131.0,16460.0,272.0,2.45,124.0,2.85,15.8,36.7,178.0,8.06,560.0,161.0,,67.0,175.0,9.9,36.0,931.0,1238.23,,,,,,6939.0,,,,,,,,,,,,,,,,,,
2022-03-29,157.06,56.66,9.75,223.47,7.66,3.46,2.14,4.91,123181.0,0.0,0.0,0.0,5.78,4.18,72.0,38.0,,,8.04,31155.0,0.0,0.0,0.0,2.59,1.17,2769.0,17435.0,63.1,3881.0,72.0,38.0,,,8.04,28524.0,0.0,0.0,0.0,2.69,1.13,2413.0,17669.0,63.3,3284.0,7165,246.0,8.14,1240.0,7.88,6440.0,2736.0,2975.0,0.0,0.0,141.0,7.91,0.0,12320.0,57.0,2.31,8.7,0.0,0.0,37.2,127.0,7.13,0.0,15680.0,226.0,1.58,92.0,0.0,0.0,36.5,214.0,8.11,540.0,0.0,,128.0,159.0,8.2,36.0,665.0,884.45,63.1,63.3,63.2,36.79,0.01,7165.0,0.41712000000000005,0.673257,0.00014099999999999998,1.090518,7813.561470000001,2988.6648000000005,747.1662000000001,5977329.600000001,,,,,,,,,,
2022-03-30,135.03,42.26,17.71,195.0,7.72,0.0,2.14,4.84,111367.0,0.0,0.0,0.0,5.89,4.26,74.0,38.0,,,8.04,28146.0,0.0,0.0,0.0,2.52,1.08,2848.0,17379.0,63.3,4081.0,74.0,38.1,,,8.05,27611.0,0.0,0.0,0.0,2.55,1.05,2396.0,17898.0,63.2,3532.0,7613,225.0,8.16,1820.0,8.0,9400.0,1814.0,3727.0,0.0,0.0,146.0,7.95,0.0,11460.0,80.0,0.59,14.9,0.0,0.0,36.3,136.0,7.08,0.0,13160.0,255.0,4.2,96.0,0.0,0.0,37.3,224.0,8.14,420.0,0.0,,100.0,95.0,6.5,74.0,779.9999999999994,1037.3999999999994,,,,,,7613.0,,,,,,,,,,,,,,,,,,
2022-03-31,53.89,83.45,14.42,151.76,7.54,0.0,2.65,4.81,124384.0,0.0,0.0,0.0,5.81,4.26,79.0,38.0,,,8.04,27956.0,0.0,0.0,0.0,2.53,1.18,3049.0,17538.0,62.8,4364.0,80.0,38.1,,,8.05,25406.0,0.0,0.0,0.0,2.61,1.15,2631.0,17998.0,62.9,3772.0,8136,285.0,7.82,1300.0,8.07,3640.0,1776.0,2591.0,0.0,0.0,146.0,8.07,0.0,12440.0,125.0,0.11,23.9,0.0,0.0,37.2,135.0,7.01,0.0,15200.0,302.0,11.87,117.0,0.0,0.0,36.9,282.0,8.05,680.0,0.0,,121.0,167.0,8.1,0.0,665.0,884.45,62.8,62.9,62.849999999999994,37.14000000000001,0.01,8136.0,0.41481,0.6796620000000001,0.00014099999999999998,1.094613,8905.771368,3374.8941600000003,843.7235400000001,6749788.32,,,,,,,,,,
2022-04-01,133.97,134.56,12.72,281.25,7.94,4.21,2.84,4.78,129345.0,0.0,0.0,0.0,5.91,4.29,84.0,38.0,,,8.05,28427.0,0.0,0.0,0.0,2.56,1.12,2798.0,17628.0,62.9,4608.0,84.0,38.1,,,8.05,27765.0,0.0,0.0,0.0,2.64,1.16,2438.0,17798.0,63.1,3967.0,8575,313.0,8.15,3220.0,8.08,3280.0,1581.0,2736.0,0.0,0.0,146.0,8.04,0.0,12080.0,161.0,1.21,54.2,0.0,0.0,36.2,137.0,6.95,0.0,15480.0,321.0,8.42,151.0,0.0,0.0,36.8,276.0,8.09,560.0,0.0,,142.0,182.0,7.5,40.0,665.0,884.45,,,,,,8575.0,,,,,,,,,,,,,,,,,,
2022-04-02,81.7,57.32,19.48,158.5,0.0,0.0,0.0,0.0,0.0,0.0,0.0,0.0,0.0,0.0,84.0,0.0,,,0.0,0.0,0.0,0.0,0.0,0.0,0.0,0.0,0.0,0.0,4660.0,84.0,0.0,,,0.0,0.0,0.0,0.0,0.0,0.0,0.0,0.0,0.0,0.0,4056.0,8716,311.0,0.0,0.0,0.0,0.0,0.0,0.0,0.0,0.0,146.0,0.0,0.0,0.0,0.0,0.0,0.0,0.0,0.0,0.0,132.0,0.0,0.0,0.0,0.0,0.0,0.0,0.0,0.0,0.0,176.0,0.0,0.0,0.0,,0.0,0.0,0.0,40.0,798.0,1061.3400000000001,0.0,0.0,0.0,99.99,0.01,8716.0,0.0,1.8298169999999998,0.00014099999999999998,1.8299579999999998,15949.913927999998,0.0,0.0,0.0,,,,,,,,,,
2022-04-03,0.0,46.31,0.0,46.31,0.0,0.0,0.0,0.0,0.0,0.0,0.0,0.0,0.0,0.0,84.0,0.0,,,0.0,0.0,0.0,0.0,0.0,0.0,0.0,0.0,0.0,0.0,4504.0,84.0,0.0,,,0.0,0.0,0.0,0.0,0.0,0.0,0.0,0.0,0.0,0.0,3856.0,8360,260.0,0.0,0.0,0.0,0.0,0.0,0.0,0.0,0.0,142.0,0.0,0.0,0.0,0.0,0.0,0.0,0.0,0.0,0.0,112.0,0.0,0.0,0.0,0.0,0.0,0.0,0.0,0.0,0.0,330.0,0.0,0.0,0.0,,0.0,0.0,0.0,40.0,665.0,884.45,,,,,,8360.0,,,,,,,,,,,,,,,,,,
2022-04-04,160.03,38.62,21.17,219.82,0.0,0.0,0.0,0.0,0.0,0.0,0.0,0.0,0.0,0.0,87.0,0.0,,,0.0,0.0,0.0,0.0,0.0,0.0,0.0,0.0,0.0,0.0,4744.0,87.0,0.0,,,0.0,0.0,0.0,0.0,0.0,0.0,0.0,0.0,0.0,0.0,4155.0,8899,274.0,0.0,0.0,0.0,0.0,0.0,0.0,0.0,0.0,137.0,0.0,0.0,0.0,0.0,0.0,0.0,0.0,0.0,0.0,131.0,0.0,0.0,0.0,0.0,0.0,0.0,0.0,0.0,0.0,324.0,0.0,0.0,0.0,,0.0,0.0,0.0,40.0,665.0,884.45,,,,,,8899.0,,,,,,,,,,,,,,,,,,
2022-04-05,183.32,91.45,12.61,287.38,0.0,0.0,0.0,0.0,0.0,0.0,0.0,0.0,0.0,0.0,90.0,0.0,,,0.0,0.0,0.0,0.0,0.0,0.0,0.0,0.0,0.0,0.0,5217.0,90.0,0.0,,,0.0,0.0,0.0,0.0,0.0,0.0,0.0,0.0,0.0,0.0,4538.0,9755,267.0,0.0,0.0,0.0,0.0,0.0,0.0,0.0,0.0,136.0,0.0,0.0,0.0,0.0,0.0,0.0,0.0,0.0,0.0,126.0,0.0,0.0,0.0,0.0,0.0,0.0,0.0,0.0,0.0,215.0,0.0,0.0,0.0,,0.0,0.0,0.0,42.0,798.0,1061.3400000000001,0.0,0.0,0.0,99.99,0.01,9755.0,0.0,1.8298169999999998,0.00014099999999999998,1.8299579999999998,17851.240289999998,0.0,0.0,0.0,,,,,,,,,,
2022-04-06,80.68,181.47,18.71,280.86,7.74,0.0,3.19,4.75,123738.0,5327.0,808.0,0.0,6.18,4.48,90.0,38.0,,,8.08,21627.0,5482.0,384.0,0.0,2.64,1.24,2865.0,18019.0,62.8,5402.0,90.0,38.0,,,8.08,28064.0,5549.0,362.0,0.0,2.61,1.32,3042.0,18118.0,63.0,4582.0,9984,314.0,7.9,840.0,8.15,7300.0,3185.0,3403.0,287.0,0.0,109.0,7.94,161.0,11840.0,139.0,1.57,31.6,0.43,11.2,37.3,127.0,6.92,154.0,13600.0,249.0,1.27,136.0,3.58,19.6,37.4,221.0,8.14,540.0,0.0,,138.0,104.0,8.2,42.0,798.0,1061.3400000000001,62.8,63.0,62.9,37.09,0.01,9984.0,0.41514,0.678747,0.00014099999999999998,1.094028,10922.775552,4144.75776,1036.18944,8289515.5200000005,,,,,,,,,,
2022-04-07,105.23,77.0,13.53,195.76,7.75,2.76,1.83,4.74,129269.0,0.0,0.0,0.0,6.3,4.45,90.0,38.0,,,8.08,27610.0,0.0,0.0,0.0,2.51,1.08,2658.0,17809.0,62.6,5534.0,90.0,38.0,,,8.09,31110.0,0.0,0.0,0.0,2.53,1.14,2949.0,18048.0,62.9,4727.0,10261,326.0,8.09,1040.0,8.11,2840.0,1014.0,3215.0,0.0,0.0,137.0,8.0,0.0,11680.0,103.0,2.14,38.2,0.0,0.0,36.4,127.0,6.76,0.0,13180.0,296.0,6.61,158.4,0.0,0.0,36.4,282.0,8.02,680.0,0.0,,88.0,145.0,10.2,42.0,821.9999999999992,1093.259999999999,62.6,62.9,62.75,37.24,0.01,10261.0,0.41415,0.6814920000000001,0.00014099999999999998,1.0957830000000002,11243.829363000003,4249.593150000001,1062.3982875000002,8499186.3,,,,,,,,,,
2022-04-08,133.65,0.0,13.56,147.21,7.88,0.0,1.9,4.7,138880.0,5173.0,955.0,0.0,6.48,4.57,90.0,37.7,,,8.07,31467.0,5199.0,427.0,0.0,2.62,1.08,2739.0,17939.0,63.0,5555.0,90.0,38.0,,,8.08,27125.0,5136.0,471.0,0.0,2.69,1.04,2689.0,18038.0,63.2,4748.0,10303,321.0,7.59,1540.0,8.19,1800.0,1342.0,3446.0,206.0,0.0,139.0,7.82,164.0,11300.0,77.0,1.15,37.0,1.05,10.0,36.2,125.0,6.86,184.0,13860.0,372.0,58.5,148.0,2.34,18.6,36.9,181.0,8.32,740.0,147.0,,144.0,177.0,8.4,42.0,798.0,1061.3400000000001,63.0,63.2,63.1,36.89,0.01,10303.0,0.41646,0.675087,0.00014099999999999998,1.091688,11247.661464,4290.78738,1072.696845,8581574.76,,,,,,,,,,
2022-04-09,109.4,91.34,20.29,221.03,0.0,0.0,0.0,0.0,0.0,0.0,0.0,0.0,0.0,0.0,90.0,0.0,,,0.0,0.0,0.0,0.0,0.0,0.0,0.0,0.0,0.0,0.0,5561.0,90.0,0.0,,,0.0,0.0,0.0,0.0,0.0,0.0,0.0,0.0,0.0,0.0,4854.0,10415,311.0,0.0,0.0,0.0,0.0,0.0,0.0,0.0,0.0,141.0,0.0,0.0,0.0,0.0,0.0,0.0,0.0,0.0,0.0,119.0,0.0,0.0,0.0,0.0,0.0,0.0,0.0,0.0,0.0,260.0,0.0,0.0,0.0,,0.0,0.0,0.0,42.0,798.0,1061.3400000000001,0.0,0.0,0.0,99.99,0.01,10415.0,0.0,1.8298169999999998,0.00014099999999999998,1.8299579999999998,19059.01257,0.0,0.0,0.0,,,,,,,,,,
2022-04-10,0.0,0.0,0.0,0.0,0.0,0.0,0.0,0.0,0.0,0.0,0.0,0.0,0.0,0.0,90.0,0.0,,,0.0,0.0,0.0,0.0,0.0,0.0,0.0,0.0,0.0,0.0,5485.0,90.0,0.0,,,0.0,0.0,0.0,0.0,0.0,0.0,0.0,0.0,0.0,0.0,4732.0,10217,312.0,0.0,0.0,0.0,0.0,0.0,0.0,0.0,0.0,142.0,0.0,0.0,0.0,0.0,0.0,0.0,0.0,0.0,0.0,120.0,0.0,0.0,0.0,0.0,0.0,0.0,0.0,0.0,0.0,161.0,0.0,0.0,0.0,,0.0,0.0,0.0,42.0,798.0,1061.3400000000001,,,,,,10217.0,,,,,,,,,,,,,,,,,,
2022-04-11,187.66,131.93,23.33,342.91999999999996,7.88,3.56,1.9,4.7,138880.0,5173.0,955.0,0.0,6.48,4.57,90.0,37.7,,,8.07,31467.0,5199.0,427.0,0.0,2.62,1.08,2739.0,17939.0,63.0,5403.0,90.0,38.0,,,8.08,27125.0,5136.0,471.0,0.0,2.69,1.04,2689.0,18038.0,63.2,4712.0,10115,312.0,7.59,1540.0,8.19,1800.0,1342.0,3466.0,206.0,0.0,141.0,7.82,164.0,11300.0,77.0,1.15,37.0,1.05,10.0,36.2,98.0,6.86,184.0,13860.0,372.0,58.5,148.0,2.34,18.6,36.9,206.0,8.32,740.0,147.0,,144.0,177.0,8.4,42.0,798.0,1061.3400000000001,,,,,,10115.0,,,,,,,,,,,,,,,,,,
2022-04-12,185.08,77.56,13.79,276.43,7.69,0.0,1.81,4.65,132470.0,0.0,0.0,0.0,6.56,4.71,90.0,37.7,,,8.06,30351.0,0.0,0.0,0.0,2.6,1.1,2818.0,17768.0,62.9,5764.0,90.0,38.0,,,8.06,29318.0,0.0,0.0,0.0,2.59,1.09,2734.0,18629.0,63.1,4879.0,10643,316.0,7.82,1680.0,8.15,1640.0,1183.0,3127.0,0.0,0.0,150.0,7.8,0.0,11640.0,91.0,1.36,41.0,0.0,0.0,37.4,123.0,6.82,0.0,13480.0,319.0,10.49,131.0,0.0,0.0,37.8,224.0,8.25,640.0,0.0,,0.0,181.0,11.2,42.0,931.0,1238.23,62.9,63.1,63.0,36.99,0.01,10643.0,0.41580000000000006,0.6769170000000001,0.00014099999999999998,1.092858,11631.287694,4425.3594,1106.33985,8850718.8,,,,,,,,,,
2022-04-13,134.54,0.0,14.06,148.6,7.54,0.0,1.72,4.47,137360.0,0.0,0.0,0.0,7.2,5.22,93.0,37.9,,,8.07,25503.0,0.0,0.0,0.0,2.67,0.97,2995.0,17839.0,62.2,6100.0,93.0,38.1,,,8.06,24454.0,0.0,0.0,0.0,2.71,1.05,2849.0,18148.0,62.3,5216.0,11316,316.0,8.0,1240.0,8.05,1060.0,925.0,2846.0,0.0,0.0,153.0,7.85,0.0,11280.0,82.0,2.36,38.0,0.0,0.0,36.2,123.0,6.56,0.0,13060.0,397.0,5.87,189.0,0.0,0.0,36.6,295.0,8.19,840.0,0.0,,0.0,219.0,7.2,44.0,931.0,1238.23,62.2,62.3,62.25,37.74,0.01,11316.0,0.41085,0.690642,0.00014099999999999998,1.1016329999999999,12466.079027999998,4649.1786,1162.29465,9298357.200000001,,,,,,,,,,
2022-04-14,133.9,130.36,18.4,282.66,7.63,2.45,1.52,4.33,159517.0,0.0,0.0,0.0,7.27,5.39,96.0,37.9,,,8.0,22536.0,0.0,0.0,0.0,2.43,1.18,3069.0,18040.0,61.7,6552.0,96.0,38.1,,,8.02,22530.0,0.0,0.0,0.0,2.53,1.05,2939.0,17849.0,61.7,5605.0,12157,315.0,7.29,800.0,7.74,2140.0,1553.0,3213.0,0.0,0.0,117.0,7.41,0.0,11760.0,104.0,0.54,36.0,0.0,0.0,37.4,120.0,6.25,0.0,12000.0,360.0,60.92,159.0,0.0,0.0,36.4,293.0,8.39,540.0,0.0,,214.0,188.0,6.8,44.0,974.9999999999997,1296.7499999999995,61.7,61.7,61.7,38.29,0.01,12157.0,0.40722,0.700707,0.00014099999999999998,1.108068,13470.782676,4950.57354,1237.643385,9901147.08,,,,,,,,,,
2022-04-15,189.02,135.0,13.24,337.26,7.72,0.0,2.1,4.13,162014.0,0.0,0.0,0.0,7.43,5.63,96.0,38.1,,,7.85,24755.0,0.0,0.0,0.0,2.49,1.07,3115.0,17629.0,62.1,6599.0,96.0,38.1,,,7.85,29739.0,0.0,0.0,0.0,2.59,1.03,2980.0,18049.0,62.0,5735.0,12334,315.0,7.97,1040.0,7.69,1840.0,1468.0,3129.0,0.0,0.0,152.0,7.45,0.0,11540.0,102.0,1.59,30.0,0.0,0.0,36.4,102.0,6.42,0.0,12460.0,347.0,55.0,152.0,0.0,0.0,37.3,315.0,8.25,580.0,0.0,,192.0,251.0,12.6,44.0,931.0,1238.23,62.1,62.0,62.05,37.940000000000005,0.01,12334.0,0.40953,0.6943020000000001,0.00014099999999999998,1.103973,13616.402982000001,5051.14302,1262.785755,10102286.040000001,,,,,,,,,,
2022-04-16,138.76,56.18,20.18,215.12,0.0,0.0,0.0,0.0,0.0,0.0,0.0,0.0,0.0,0.0,96.0,0.0,,,0.0,0.0,0.0,0.0,0.0,0.0,0.0,0.0,0.0,0.0,6578.0,96.0,0.0,,,0.0,0.0,0.0,0.0,0.0,0.0,0.0,0.0,0.0,0.0,5692.0,12270,316.0,0.0,0.0,0.0,0.0,0.0,0.0,0.0,0.0,156.0,0.0,0.0,0.0,0.0,0.0,0.0,0.0,0.0,0.0,119.0,0.0,0.0,0.0,0.0,0.0,0.0,0.0,0.0,0.0,313.0,0.0,0.0,0.0,,0.0,0.0,0.0,44.0,931.0,1238.23,0.0,0.0,0.0,99.99,0.01,12270.0,0.0,1.8298169999999998,0.00014099999999999998,1.8299579999999998,22453.584659999997,0.0,0.0,0.0,,,,,,,,,,
2022-04-17,0.0,0.0,0.0,0.0,0.0,0.0,0.0,0.0,0.0,0.0,0.0,0.0,0.0,0.0,96.0,0.0,,,0.0,0.0,0.0,0.0,0.0,0.0,0.0,0.0,0.0,0.0,6539.0,96.0,0.0,,,0.0,0.0,0.0,0.0,0.0,0.0,0.0,0.0,0.0,0.0,5694.0,12233,315.0,0.0,0.0,0.0,0.0,0.0,0.0,0.0,0.0,151.0,0.0,0.0,0.0,0.0,0.0,0.0,0.0,0.0,0.0,211.0,0.0,0.0,0.0,0.0,0.0,0.0,0.0,0.0,0.0,292.0,0.0,0.0,0.0,,0.0,0.0,0.0,44.0,931.0,1238.23,,,,,,12233.0,,,,,,,,,,,,,,,,,,
2022-04-18,185.58,38.77,22.33,246.68,7.36,0.0,2.29,4.14,158113.0,5692.0,1090.0,0.0,7.4,5.76,96.0,38.0,,,7.78,24394.0,5538.0,457.0,0.0,2.73,1.34,3319.0,17425.0,62.1,6653.0,96.0,38.0,,,7.78,33799.0,5416.0,460.0,0.0,2.59,1.22,3248.0,17589.0,62.3,5792.0,12445,243.0,7.75,2200.0,7.83,840.0,1187.0,3161.0,66.0,0.0,159.0,7.68,166.0,10840.0,100.0,19.87,39.8,0.84,15.2,36.8,23.0,6.54,143.0,13740.0,249.0,0.47,122.3,0.51,16.5,37.1,295.0,8.28,560.0,151.0,,131.0,161.0,11.9,44.0,931.0,1238.23,,,,,,12445.0,,,,,,,,,,,,,,,,,,
2022-04-19,182.53,89.29,10.56,282.38,7.38,0.0,1.42,4.12,149601.0,0.0,0.0,0.0,7.35,5.73,92.0,38.0,,,7.71,26934.0,0.0,0.0,0.0,2.8,1.21,3648.0,17290.0,62.3,6483.0,92.0,38.0,,,7.71,31757.0,0.0,0.0,0.0,2.95,1.22,3319.0,17449.0,62.5,5563.0,12046,339.0,7.94,1240.0,7.65,1440.0,1766.0,3014.0,0.0,0.0,118.0,7.74,0.0,11260.0,89.0,5.32,26.7,0.0,0.0,36.3,121.0,6.73,0.0,12980.0,234.0,1.51,101.0,0.0,0.0,37.6,294.0,8.06,620.0,0.0,,146.0,145.0,12.5,42.0,931.0,1238.23,62.3,62.5,62.4,37.59,0.01,12046.0,0.41184,0.6878970000000001,0.00014099999999999998,1.0998780000000001,13249.130388000001,4961.02464,1240.25616,9922049.28,,,,,,,,,,
2022-04-20,80.13,183.55,18.57,282.25,7.61,2.92,1.62,4.13,148075.0,0.0,0.0,0.0,7.59,5.62,84.0,38.0,,,7.79,24756.0,0.0,0.0,0.0,2.5,1.07,3269.0,17529.0,62.5,6021.0,84.0,38.0,,,7.8,27729.0,0.0,0.0,0.0,2.62,1.04,3158.0,17539.0,62.7,5171.0,11192,339.0,7.98,1060.0,7.81,1260.0,1342.0,3127.0,0.0,0.0,151.0,7.73,0.0,11080.0,104.0,24.3,15.2,0.0,0.0,36.5,120.0,6.98,0.0,12690.0,195.0,0.34,72.8,0.0,0.0,38.0,282.0,8.14,580.0,0.0,,138.0,126.0,10.5,40.0,852.9999999999992,1134.489999999999,62.5,62.7,62.6,37.39,0.01,11192.0,0.41316,0.684237,0.00014099999999999998,1.097538,12283.645295999999,4624.08672,1156.02168,9248173.440000001,,,,,,,,,,
2022-04-21,159.85,77.42,11.77,249.04,7.48,3.61,2.12,4.08,147295.0,0.0,0.0,0.0,7.64,5.66,84.0,38.0,,,7.77,20782.0,0.0,0.0,0.0,2.52,1.08,3068.0,17695.0,62.2,5983.0,84.0,38.0,,,7.78,25894.0,0.0,0.0,0.0,2.61,0.95,2949.0,17338.0,62.3,5153.0,11136,339.0,7.88,1500.0,7.79,860.0,819.0,1026.0,0.0,0.0,152.0,7.69,0.0,11040.0,69.0,24.05,17.5,0.0,0.0,36.9,120.0,7.29,0.0,13340.0,163.0,1.88,92.0,0.0,0.0,38.2,258.0,7.79,460.0,,115.0,347.0,89.0,13.3,40.0,931.0,1238.23,62.2,62.3,62.25,37.74,0.01,11136.0,0.41085,0.690642,0.00014099999999999998,1.1016329999999999,12267.785087999999,4575.2256,1143.8064,9150451.2,,,,,,,,,,
2022-04-22,77.8,41.51,16.3,135.61,7.61,2.84,1.56,4.05,150639.0,0.0,0.0,0.0,7.58,5.61,84.0,38.0,,,7.79,23886.0,0.0,0.0,0.0,2.56,1.11,3119.0,17583.0,62.4,5865.0,84.0,38.0,,,7.79,26150.0,0.0,0.0,0.0,2.59,1.06,2838.0,17469.0,62.5,5044.0,10909,333.0,7.91,1340.0,7.82,1080.0,1095.0,2814.0,0.0,0.0,159.0,7.72,0.0,10780.0,73.0,15.68,8.2,0.0,0.0,36.3,120.0,7.41,0.0,12860.0,218.0,0.75,103.5,0.0,0.0,38.3,301.0,8.12,620.0,,128.0,286.0,165.0,14.6,40.0,798.0,1061.3400000000001,62.4,62.5,62.45,37.54,0.01,10909.0,0.41217000000000004,0.686982,0.00014099999999999998,1.099293,11992.187337000001,4496.36253,1124.0906325,8992725.06,,,,,,,,,,
2022-04-23,53.09,71.3,20.99,145.38,0.0,0.0,0.0,0.0,0.0,0.0,0.0,0.0,0.0,0.0,86.0,0.0,,,0.0,0.0,0.0,0.0,0.0,0.0,0.0,0.0,0.0,0.0,5745.0,86.0,0.0,,,0.0,0.0,0.0,0.0,0.0,0.0,0.0,0.0,0.0,0.0,4970.0,10715,336.0,0.0,0.0,0.0,0.0,0.0,0.0,0.0,0.0,150.0,0.0,0.0,0.0,0.0,0.0,0.0,0.0,0.0,0.0,120.0,0.0,0.0,0.0,0.0,0.0,0.0,0.0,0.0,0.0,208.0,0.0,0.0,,0.0,0.0,0.0,0.0,40.0,798.0,1061.3400000000001,0.0,0.0,0.0,99.99,0.01,10715.0,0.0,1.8298169999999998,0.00014099999999999998,1.8299579999999998,19607.999969999997,0.0,0.0,0.0,,,,,,,,,,
2022-04-24,0.0,0.0,0.0,0.0,0.0,0.0,0.0,0.0,0.0,0.0,0.0,0.0,0.0,0.0,88.0,0.0,,,0.0,0.0,0.0,0.0,0.0,0.0,0.0,0.0,0.0,0.0,5655.0,88.0,0.0,,,0.0,0.0,0.0,0.0,0.0,0.0,0.0,0.0,0.0,0.0,4889.0,10544,264.0,0.0,0.0,0.0,0.0,0.0,0.0,0.0,0.0,148.0,0.0,0.0,0.0,0.0,0.0,0.0,0.0,0.0,0.0,145.0,0.0,0.0,0.0,0.0,0.0,0.0,0.0,0.0,0.0,228.0,0.0,0.0,,0.0,0.0,0.0,0.0,40.0,798.0,1061.3400000000001,,,,,,10544.0,,,,,,,,,,,,,,,,,,
2022-04-25,184.23,91.59,22.59,298.40999999999997,7.8,3.2,1.63,4.43,160450.0,4807.0,866.0,0.0,6.57,4.78,90.0,38.0,,,7.91,26210.0,5076.0,459.0,0.0,2.5,1.07,2879.0,17915.0,62.7,5456.0,90.0,38.0,,,7.91,26982.0,5446.0,409.0,0.0,2.59,1.03,2679.0,17669.0,62.9,4677.0,10133,270.0,8.13,1080.0,7.91,1480.0,1541.0,3015.0,171.0,0.0,143.0,7.88,154.0,11240.0,58.0,1.38,5.6,0.34,16.0,36.8,131.0,7.55,168.0,12480.0,139.0,2.38,77.1,0.87,26.0,38.4,180.0,8.05,620.0,,139.0,158.0,96.0,17.3,42.0,798.0,1061.3400000000001,,,,,,10133.0,,,,,,,,,,,,,,,,,,
2022-04-26,155.62,128.29,12.11,296.02,7.7,3.52,1.93,4.64,126155.0,0.0,0.0,0.0,6.39,4.57,90.0,38.0,,,7.93,30381.0,0.0,0.0,0.0,2.6,1.17,2749.0,18052.0,62.6,5303.0,90.0,38.0,,,7.93,30361.0,0.0,0.0,0.0,2.58,0.94,2848.0,17845.0,62.7,4625.0,9928,428.0,8.18,6440.0,7.96,1860.0,1446.0,2981.0,0.0,0.0,136.0,7.85,0.0,10860.0,52.0,1.51,4.2,0.0,0.0,36.5,130.0,7.6,0.0,12260.0,105.0,1.38,51.9,0.0,0.0,38.0,247.0,8.11,580.0,,80.5,119.0,71.0,13.7,42.0,798.0,1061.3400000000001,62.6,62.7,62.650000000000006,37.339999999999996,0.01,9928.0,0.41349,0.683322,0.00014099999999999998,1.0969529999999998,10890.549383999998,4105.128720000001,1026.2821800000002,8210257.440000001,,,,,,,,,,
2022-04-27,107.25,38.86,22.73,168.84,7.62,3.24,1.58,4.59,140391.0,0.0,0.0,0.0,6.31,4.52,90.0,38.0,,,7.94,28946.0,0.0,0.0,0.0,2.58,1.12,2669.0,17869.0,62.8,5228.0,90.0,38.0,,,7.94,29648.0,0.0,0.0,0.0,2.62,1.05,2775.0,17926.0,63.0,4634.0,9862,304.0,7.98,1280.0,7.92,1280.0,1046.0,3104.0,0.0,0.0,116.0,7.87,0.0,11480.0,64.0,4.47,10.2,0.0,0.0,36.1,131.0,7.66,0.0,12080.0,85.0,0.61,33.2,0.0,0.0,37.9,303.0,8.15,640.0,,95.4,131.0,75.0,14.8,42.0,851.0000000000006,1131.8300000000008,62.8,63.0,62.9,37.09,0.01,9862.0,0.41514,0.678747,0.00014099999999999998,1.094028,10789.304136,4094.1106800000002,1023.5276700000001,8188221.36,,,,,,,,,,
2022-04-28,132.02,89.02,9.92,230.96,0.0,0.0,0.0,0.0,0.0,0.0,0.0,0.0,0.0,0.0,90.0,0.0,,,0.0,0.0,0.0,0.0,0.0,0.0,0.0,0.0,0.0,0.0,5230.0,90.0,0.0,,,0.0,0.0,0.0,0.0,0.0,0.0,0.0,0.0,0.0,0.0,4706.0,9936,523.0,0.0,0.0,0.0,0.0,0.0,0.0,0.0,0.0,144.0,0.0,0.0,0.0,0.0,0.0,0.0,0.0,0.0,0.0,136.0,0.0,0.0,0.0,0.0,0.0,0.0,0.0,0.0,0.0,275.0,0.0,0.0,,0.0,0.0,0.0,0.0,42.0,1197.0,1592.01,0.0,0.0,0.0,99.99,0.01,9936.0,0.0,1.8298169999999998,0.00014099999999999998,1.8299579999999998,18182.462687999996,0.0,0.0,0.0,,,,,,,,,,
2022-04-29,107.3,181.71,16.88,305.89,0.0,0.0,0.0,0.0,0.0,0.0,0.0,0.0,0.0,0.0,90.0,0.0,,,0.0,0.0,0.0,0.0,0.0,0.0,0.0,0.0,0.0,0.0,5331.0,90.0,0.0,,,0.0,0.0,0.0,0.0,0.0,0.0,0.0,0.0,0.0,0.0,4782.0,10113,363.0,0.0,0.0,0.0,0.0,0.0,0.0,0.0,0.0,152.0,0.0,0.0,0.0,0.0,0.0,0.0,0.0,0.0,0.0,129.0,0.0,0.0,0.0,0.0,0.0,0.0,0.0,0.0,0.0,316.0,0.0,0.0,,0.0,0.0,0.0,0.0,42.0,665.0,884.45,0.0,0.0,0.0,99.99,0.01,10113.0,0.0,1.8298169999999998,0.00014099999999999998,1.8299579999999998,18506.365253999997,0.0,0.0,0.0,,,,,,,,,,
2022-04-30,79.49,56.78,20.23,156.5,0.0,0.0,0.0,0.0,0.0,0.0,0.0,0.0,0.0,0.0,90.0,0.0,,,0.0,0.0,0.0,0.0,0.0,0.0,0.0,0.0,0.0,0.0,5559.0,90.0,0.0,,,0.0,0.0,0.0,0.0,0.0,0.0,0.0,0.0,0.0,0.0,4896.0,10455,363.0,0.0,0.0,0.0,0.0,0.0,0.0,0.0,0.0,142.0,0.0,0.0,0.0,0.0,0.0,0.0,0.0,0.0,0.0,132.0,0.0,0.0,0.0,0.0,0.0,0.0,0.0,0.0,0.0,308.0,0.0,0.0,,0.0,0.0,0.0,0.0,42.0,798.0,1061.3400000000001,0.0,0.0,0.0,99.99,0.01,10455.0,0.0,1.8298169999999998,0.00014099999999999998,1.8299579999999998,19132.21089,0.0,0.0,0.0,,,,,,,,,,
2022-05-01,0.0,0.0,0.0,0.0,0.0,0.0,0.0,0.0,0.0,0.0,0.0,0.0,0.0,0.0,90.0,0.0,,,0.0,0.0,0.0,0.0,0.0,0.0,0.0,0.0,0.0,0.0,5486.0,90.0,0.0,,,0.0,0.0,0.0,0.0,0.0,0.0,0.0,0.0,0.0,0.0,4835.0,10321,308.0,0.0,0.0,0.0,0.0,0.0,0.0,0.0,0.0,141.0,0.0,0.0,0.0,0.0,0.0,0.0,0.0,0.0,0.0,138.0,0.0,0.0,0.0,0.0,0.0,0.0,0.0,0.0,0.0,266.0,0.0,0.0,,0.0,0.0,0.0,0.0,42.0,665.0,884.45,,,,,,10321.0,,,,,,,,,,,,,,,,,,
2022-05-02,184.76,113.31,10.4,308.47,7.84,3.19,1.61,4.37,156158.0,5240.0,884.0,0.0,6.36,4.58,90.0,38.0,,,7.98,26384.0,5238.0,428.0,0.0,2.61,1.11,2769.0,18351.0,63.2,5445.0,90.0,38.0,,,7.98,28649.0,5516.0,458.0,0.0,2.64,1.18,2918.0,18045.0,63.4,4860.0,10305,338.0,8.08,1640.0,8.01,2880.0,1538.0,2954.0,194.0,0.0,143.0,7.82,161.0,11860.0,64.0,2.49,8.2,0.15,16.8,36.5,129.0,7.79,158.0,12640.0,71.0,1.35,6.9,0.21,18.2,36.5,228.0,8.21,480.0,,121.0,146.0,62.0,14.2,42.0,798.0,1061.3400000000001,,,,,,10305.0,,,,,,,,,,,,,,,,,,
2022-05-03,158.48,82.91,21.22,262.61,7.38,3.86,2.3,4.48,148674.0,0.0,0.0,0.0,6.99,5.04,90.0,38.0,,,8.01,24959.0,0.0,0.0,0.0,2.49,1.08,2668.0,18119.0,63.1,5498.0,90.0,38.0,,,8.01,27219.0,0.0,0.0,0.0,2.39,0.94,2619.0,17949.0,63.2,4921.0,10419,340.0,8.1,5880.0,8.06,4640.0,1650.0,3770.0,0.0,0.0,143.0,7.77,0.0,12060.0,84.0,4.5,36.5,0.0,0.0,36.1,133.0,7.71,0.0,13040.0,112.0,0.19,49.8,0.0,0.0,37.0,305.0,8.02,520.0,,105.0,121.0,79.0,13.0,42.0,798.0,1061.3400000000001,,,,,,10419.0,,,,,,,,,,,,,,,,,,
2022-05-04,105.95,135.41,22.44,263.8,7.44,3.81,2.54,4.5,173224.0,0.0,0.0,0.0,7.26,5.42,90.0,38.0,,,8.0,23782.0,0.0,0.0,0.0,2.56,1.18,2845.0,17839.0,62.7,5624.0,90.0,38.0,,,7.99,27882.0,0.0,0.0,0.0,2.64,1.19,2779.0,17885.0,62.9,5067.0,10691,338.0,8.09,2200.0,8.02,5840.0,1569.0,3688.0,0.0,0.0,142.0,7.73,0.0,11260.0,158.0,0.67,76.4,0.0,0.0,37.0,133.0,7.58,0.0,12160.0,201.0,1.9,114.0,0.0,0.0,36.9,312.0,8.02,460.0,,131.0,150.0,148.0,11.4,42.0,831.0,1105.23,62.7,62.9,62.8,37.190000000000005,0.01,10691.0,0.41448,0.6805770000000001,0.00014099999999999998,1.0951980000000001,11708.761818,4431.20568,1107.80142,8862411.36,,,,,,,,,,
2022-05-05,158.05,78.54,9.32,245.91000000000003,7.33,3.62,2.35,4.42,157118.0,0.0,0.0,0.0,7.26,5.57,90.0,38.0,,,7.95,24458.0,0.0,0.0,0.0,2.78,1.26,2831.0,17619.0,62.8,5715.0,90.0,38.0,,,7.95,25144.0,0.0,0.0,0.0,2.6,1.23,2915.0,17839.0,63.0,5151.0,10866,250.0,,0.0,8.04,5460.0,1483.0,3582.0,0.0,0.0,109.0,7.74,0.0,10660.0,183.0,1.32,99.2,0.0,0.0,37.1,133.0,7.54,0.0,10860.0,231.0,0.84,128.0,0.0,0.0,37.3,319.0,8.05,640.0,,125.0,161.0,201.0,12.8,42.0,798.0,1061.3400000000001,62.8,63.0,62.9,37.09,0.01,10866.0,0.41514,0.678747,0.00014099999999999998,1.094028,11887.708248,4510.91124,1127.72781,9021822.48,,,,,,,,,,
2022-05-06,107.12,41.55,16.69,165.36,7.38,2.82,1.71,4.37,148712.0,0.0,0.0,0.0,7.14,5.18,90.0,38.0,,,7.96,32683.0,0.0,0.0,0.0,2.63,1.09,2695.0,17689.0,63.0,5835.0,90.0,38.0,,,7.96,30148.0,0.0,0.0,0.0,2.57,1.03,2845.0,17619.0,63.1,5120.0,10955,339.0,7.96,6040.0,7.95,11740.0,7117.0,3903.0,0.0,0.0,149.0,7.69,0.0,12200.0,169.0,1.19,112.0,0.0,0.0,36.7,133.0,7.54,0.0,11600.0,202.0,4.92,125.0,0.0,0.0,37.1,320.0,7.86,460.0,,205.0,327.0,171.0,15.2,42.0,665.0,884.45,63.0,63.1,63.05,36.940000000000005,0.01,10955.0,0.41613,0.6760020000000001,0.00014099999999999998,1.092273,11965.850715,4558.70415,1139.6760375,9117408.299999999,,,,,,,,,,
2022-05-07,104.84,48.08,21.92,174.84,0.0,0.0,0.0,0.0,0.0,0.0,0.0,0.0,0.0,0.0,90.0,0.0,,,0.0,0.0,0.0,0.0,0.0,0.0,0.0,0.0,0.0,0.0,5914.0,90.0,0.0,,,0.0,0.0,0.0,0.0,0.0,0.0,0.0,0.0,0.0,0.0,5119.0,11033,338.0,0.0,0.0,0.0,0.0,0.0,0.0,0.0,0.0,143.0,0.0,0.0,0.0,0.0,0.0,0.0,0.0,0.0,0.0,134.0,0.0,0.0,0.0,0.0,0.0,0.0,0.0,0.0,0.0,232.0,0.0,0.0,,0.0,0.0,0.0,0.0,42.0,665.0,884.45,0.0,0.0,0.0,99.99,0.01,11033.0,0.0,1.8298169999999998,0.00014099999999999998,1.8299579999999998,20189.926613999996,0.0,0.0,0.0,,,,,,,,,,
2022-05-08,27.21,0.0,0.0,27.21,0.0,0.0,0.0,0.0,0.0,0.0,0.0,0.0,0.0,0.0,90.0,0.0,,,0.0,0.0,0.0,0.0,0.0,0.0,0.0,0.0,0.0,0.0,5983.0,90.0,0.0,,,0.0,0.0,0.0,0.0,0.0,0.0,0.0,0.0,0.0,0.0,5215.0,11198,339.0,0.0,0.0,0.0,0.0,0.0,0.0,0.0,0.0,120.0,0.0,0.0,0.0,0.0,0.0,0.0,0.0,0.0,0.0,132.0,0.0,0.0,0.0,0.0,0.0,0.0,0.0,0.0,0.0,301.0,0.0,0.0,,0.0,0.0,0.0,0.0,42.0,1064.0,1415.1200000000001,,,,,,11198.0,,,,,,,,,,,,,,,,,,
2022-05-09,185.68,181.41,24.26,391.35,7.74,3.38,1.91,4.36,176254.0,6477.0,915.0,0.0,7.03,5.16,90.0,38.0,,,7.95,30144.0,5432.0,398.0,0.0,2.52,1.18,2873.0,17829.0,62.9,6126.0,90.0,38.0,,,7.95,31891.0,5977.0,436.0,0.0,2.49,1.03,2728.0,17719.0,63.1,5072.0,11198,331.0,7.97,960.0,8.03,11200.0,4546.0,3579.0,679.0,0.0,124.0,7.62,261.0,11840.0,128.0,0.37,56.2,0.0,0.0,36.5,132.0,7.7,284.0,11460.0,168.0,1.52,81.5,0.0,0.0,37.9,316.0,7.98,460.0,,110.0,129.0,141.0,9.6,42.0,798.0,1061.3400000000001,,,,,,11198.0,,,,,,,,,,,,,,,,,,
2022-05-10,185.15,77.13,13.16,275.44,7.3,4.82,2.99,4.35,140670.0,0.0,0.0,0.0,6.89,5.28,90.0,38.0,,,7.98,28980.0,0.0,0.0,0.0,3.07,1.18,2786.0,17769.0,63.1,6153.0,90.0,38.0,,,7.97,27381.0,0.0,0.0,0.0,2.63,1.05,2814.0,17889.0,63.3,5109.0,11262,411.0,8.08,2160.0,7.97,1400.0,1331.0,3384.0,0.0,0.0,138.0,7.67,0.0,11100.0,145.0,0.17,79.1,0.0,0.0,36.3,134.0,7.76,0.0,11460.0,128.0,0.1,75.0,0.0,0.0,37.9,317.0,7.91,540.0,,102.0,131.0,144.0,10.4,42.0,798.0,1061.3400000000001,63.1,63.3,63.2,36.79,0.01,11262.0,0.41712000000000005,0.673257,0.00014099999999999998,1.090518,12281.413716000001,4697.60544,1174.40136,9395210.88,,,,,,,,,,
2022-05-11,130.82,0.0,22.38,153.2,7.22,3.79,2.25,4.37,160349.0,0.0,0.0,0.0,7.37,5.5,90.0,38.0,,,7.95,30555.0,0.0,0.0,0.0,2.6,1.07,2815.0,17649.0,63.1,6126.0,90.0,38.0,,,7.95,30949.0,0.0,0.0,0.0,2.69,1.13,2949.0,17739.0,63.2,5206.0,11332,413.0,8.06,4640.0,7.82,22140.0,9608.0,4685.0,0.0,0.0,154.0,7.82,0.0,13700.0,205.0,1.04,39.6,0.0,0.0,36.3,136.0,7.73,0.0,12340.0,232.0,2.46,65.4,0.0,0.0,38.0,305.0,7.89,480.0,,149.0,181.0,236.0,11.5,42.0,825.0000000000002,1097.2500000000005,63.1,63.2,63.150000000000006,36.839999999999996,0.01,11332.0,0.4167900000000001,0.674172,0.00014099999999999998,1.0911030000000002,12364.379196000002,4723.064280000001,1180.7660700000004,9446128.560000002,,,,,,,,,,
2022-05-12,53.76,88.5,11.09,153.35,7.98,3.83,2.18,4.32,164914.0,0.0,0.0,0.0,7.79,5.58,90.0,38.0,,,7.98,30248.0,0.0,0.0,0.0,2.73,1.09,3051.0,17889.0,62.7,6376.0,90.0,38.0,,,7.98,29527.0,0.0,0.0,0.0,2.94,1.03,3125.0,17815.0,62.8,5562.0,11938,346.0,7.95,2440.0,7.85,8680.0,3762.0,4238.0,0.0,0.0,120.0,7.78,0.0,12960.0,168.0,0.84,51.2,0.0,0.0,36.4,141.0,7.75,0.0,12580.0,185.0,1.82,71.5,0.0,0.0,38.5,325.0,7.92,580.0,,151.0,202.0,179.0,9.5,42.0,665.0,884.45,,,,,,11938.0,,,,,,,,,,,,,,,,,,
2022-05-13,110.03,180.09,16.31,306.43,7.85,3.42,2.04,4.41,170215.0,0.0,0.0,0.0,7.54,5.45,90.0,38.0,,,7.99,29625.0,0.0,0.0,0.0,2.78,1.11,2891.0,17789.0,0.0,6444.0,90.0,38.0,,,7.99,30562.0,0.0,0.0,0.0,2.89,1.05,2966.0,17885.0,0.0,5657.0,12101,315.0,7.98,2180.0,7.81,5840.0,2938.0,3752.0,0.0,0.0,143.0,7.75,0.0,12480.0,126.0,2.13,35.1,0.0,0.0,36.8,139.0,7.72,0.0,12640.0,161.0,2.72,58.6,0.0,0.0,39.4,251.0,7.89,620.0,,138.0,172.0,138.0,10.8,42.0,665.0,884.45,0.0,0.0,0.0,99.99,0.01,12101.0,0.0,1.8298169999999998,0.00014099999999999998,1.8299579999999998,22144.321758,0.0,0.0,0.0,,,,,,,,,,
2022-05-14,133.0,57.19,20.49,210.68,0.0,0.0,0.0,0.0,0.0,0.0,0.0,0.0,0.0,0.0,90.0,0.0,,,0.0,0.0,0.0,0.0,0.0,0.0,0.0,0.0,0.0,0.0,5986.0,90.0,0.0,,,0.0,0.0,0.0,0.0,0.0,0.0,0.0,0.0,0.0,0.0,5165.0,11151,420.0,0.0,0.0,0.0,0.0,0.0,0.0,0.0,0.0,147.0,0.0,0.0,0.0,0.0,0.0,0.0,0.0,0.0,0.0,140.0,0.0,0.0,0.0,0.0,0.0,0.0,0.0,0.0,0.0,223.0,0.0,0.0,,0.0,0.0,0.0,0.0,42.0,665.0,884.45,0.0,0.0,0.0,99.99,0.01,11151.0,0.0,1.8298169999999998,0.00014099999999999998,1.8299579999999998,20405.861657999998,0.0,0.0,0.0,,,,,,,,,,
2022-05-15,27.43,0.0,0.0,27.43,0.0,0.0,0.0,0.0,0.0,0.0,0.0,0.0,0.0,0.0,90.0,0.0,,,0.0,0.0,0.0,0.0,0.0,0.0,0.0,0.0,0.0,0.0,5841.0,90.0,0.0,,,0.0,0.0,0.0,0.0,0.0,0.0,0.0,0.0,0.0,0.0,5049.0,10890,365.0,0.0,0.0,0.0,0.0,0.0,0.0,0.0,0.0,145.0,0.0,0.0,0.0,0.0,0.0,0.0,0.0,0.0,0.0,140.0,0.0,0.0,0.0,0.0,0.0,0.0,0.0,0.0,0.0,258.0,0.0,0.0,,0.0,0.0,0.0,0.0,42.0,665.0,884.45,,,,,,10890.0,,,,,,,,,,,,,,,,,,
2022-05-16,186.63,38.98,22.07,247.68,7.61,3.24,1.89,4.5,189153.0,5657.0,1072.0,0.0,7.14,5.12,82.0,38.0,,,7.94,27983.0,5007.0,483.0,0.0,2.58,0.92,2748.0,18019.0,63.8,5504.0,86.0,38.0,,,7.95,29842.0,5052.0,478.0,0.0,2.76,1.03,2894.0,17829.0,63.9,4940.0,10444,291.0,,,7.9,7140.0,1919.0,3286.0,285.0,0.0,151.0,7.64,165.0,12340.0,75.0,1.6,23.9,0.24,10.1,36.6,143.0,7.67,157.0,12600.0,79.0,1.26,21.6,0.12,9.2,38.4,124.0,7.89,500.0,,128.0,144.0,65.0,7.4,42.0,665.0,884.45,,,,,,10444.0,,,,,,,,,,,,,,,,,,
2022-05-17,158.58,89.61,10.93,259.12,7.76,3.08,1.89,4.43,179840.0,0.0,0.0,0.0,7.16,5.27,90.0,38.0,,,7.93,28469.0,0.0,0.0,0.0,2.69,1.17,2895.0,17859.0,,5950.0,90.0,38.0,,,7.92,30461.0,0.0,0.0,0.0,2.59,0.94,2761.0,17919.0,,5156.0,11106,315.0,7.86,2640.0,7.88,5840.0,2448.0,3561.0,0.0,0.0,156.0,7.67,0.0,12860.0,105.0,0.56,39.4,0.0,0.0,36.1,147.0,7.64,0.0,12360.0,121.0,1.18,41.5,0.0,0.0,38.3,299.0,7.88,540.0,,133.0,156.0,106.0,6.8,42.0,665.0,884.45,,,,,0.01,11106.0,,,0.00014099999999999998,,,,,,,,,,,,,,,
2022-05-18,159.12,178.95,22.45,360.52,7.82,3.16,1.89,4.31,163764.0,0.0,0.0,0.0,7.56,5.71,90.0,38.0,,,7.91,27794.0,0.0,0.0,0.0,2.6,1.07,2941.0,17685.0,63.6,6201.0,90.0,38.0,,,7.91,27399.0,0.0,0.0,0.0,2.8,1.14,2926.0,17845.0,63.5,5359.0,11560,317.0,7.81,1440.0,7.92,12360.0,3938.0,4142.0,0.0,0.0,154.0,7.72,0.0,12060.0,96.0,0.21,32.1,0.0,0.0,36.9,147.0,7.71,0.0,11660.0,105.0,0.94,45.2,0.0,0.0,38.3,265.0,7.91,440.0,,125.0,138.0,101.0,8.1,43.0,765.0,1017.45,63.6,63.5,63.55,36.440000000000005,0.01,11560.0,0.41942999999999997,0.6668520000000001,0.00014099999999999998,1.0864230000000001,12559.049880000002,4848.6107999999995,1212.1526999999999,9697221.6,,,,,,,,,,
2022-05-19,81.93,77.38,8.43,167.74,7.32,4.18,2.55,4.29,165771.0,0.0,0.0,0.0,7.63,5.59,88.0,38.0,,,7.94,25803.0,0.0,0.0,0.0,2.51,1.17,2846.0,17756.0,63.2,6161.0,87.0,38.0,,,7.94,27538.0,0.0,0.0,0.0,2.83,1.21,3049.0,17586.0,63.3,5285.0,11446,243.0,,,7.88,6440.0,2895.0,3642.0,0.0,0.0,121.0,7.75,0.0,11880.0,112.0,1.41,45.3,0.0,0.0,37.0,139.0,7.73,0.0,12040.0,141.0,0.52,66.4,0.0,0.0,38.5,294.0,7.95,640.0,,141.0,129.0,116.0,9.4,39.0,798.0,1061.3400000000001,,,,,,11446.0,,,,,,,,,,,,,,,,,,
2022-05-20,161.82,23.67,15.44,200.93,7.59,3.2,1.81,4.35,161843.0,0.0,0.0,0.0,7.13,5.13,87.0,38.0,,,7.94,26614.0,0.0,0.0,0.0,2.63,1.09,2879.0,17439.0,63.3,5726.0,87.0,38.0,,,7.95,28351.0,0.0,0.0,0.0,2.98,1.23,3114.0,17519.0,63.2,4919.0,10645,311.0,7.85,4880.0,7.85,5480.0,1845.0,3518.0,0.0,0.0,149.0,7.78,0.0,12160.0,151.0,0.86,74.5,0.0,0.0,36.5,140.0,7.74,0.0,12440.0,208.0,1.46,116.0,0.0,0.0,38.6,221.0,7.98,680.0,,151.0,183.0,142.0,9.2,38.0,665.0,884.45,63.3,63.2,63.25,36.74,0.01,10645.0,0.41745000000000004,0.672342,0.00014099999999999998,1.089933,11602.336785000001,4443.75525,1110.9388125,8887510.5,,,,,,,,,,
2022-05-21,137.05,91.68,22.49,251.22000000000003,0.0,0.0,0.0,0.0,0.0,0.0,0.0,0.0,0.0,0.0,90.0,0.0,,,0.0,0.0,0.0,0.0,0.0,0.0,0.0,0.0,0.0,0.0,5812.0,90.0,0.0,,,0.0,0.0,0.0,0.0,0.0,0.0,0.0,0.0,0.0,0.0,4970.0,10782,449.0,0.0,0.0,0.0,0.0,0.0,0.0,0.0,0.0,151.0,0.0,0.0,0.0,0.0,0.0,0.0,0.0,0.0,0.0,142.0,0.0,0.0,0.0,0.0,0.0,0.0,0.0,0.0,0.0,208.0,0.0,0.0,,0.0,0.0,0.0,0.0,42.0,665.0,884.45,0.0,0.0,0.0,99.99,0.01,10782.0,0.0,1.8298169999999998,0.00014099999999999998,1.8299579999999998,19730.607156,0.0,0.0,0.0,,,,,,,,,,
2022-05-22,26.98,0.0,0.0,26.98,0.0,0.0,0.0,0.0,0.0,0.0,0.0,0.0,0.0,0.0,90.0,0.0,,,0.0,0.0,0.0,0.0,0.0,0.0,0.0,0.0,0.0,0.0,5680.0,90.0,0.0,,,0.0,0.0,0.0,0.0,0.0,0.0,0.0,0.0,0.0,0.0,4906.0,10586,314.0,0.0,0.0,0.0,0.0,0.0,0.0,0.0,0.0,151.0,0.0,0.0,0.0,0.0,0.0,0.0,0.0,0.0,0.0,143.0,0.0,0.0,0.0,0.0,0.0,0.0,0.0,0.0,0.0,215.0,0.0,0.0,,0.0,0.0,0.0,0.0,42.0,931.0,1238.23,,,,,,10586.0,,,,,,,,,,,,,,,,,,
2022-05-23,215.44,133.12,22.31,370.87,7.48,4.32,2.58,4.52,164809.0,6655.0,1143.0,0.0,6.86,5.05,90.0,38.0,,,7.95,26043.0,5125.0,483.0,0.0,2.78,1.27,2698.0,17615.0,63.6,5639.0,90.0,38.0,,,7.94,28554.0,5335.0,531.0,0.0,2.79,1.14,2876.0,17404.0,63.8,4861.0,10500,338.0,8.06,3800.0,8.01,2160.0,2072.0,3407.0,138.0,0.0,151.0,7.83,161.0,11860.0,54.0,1.25,6.8,0.12,8.4,36.6,144.0,7.87,174.0,11160.0,73.0,2.37,10.5,0.24,6.6,38.1,209.0,7.99,460.0,,112.0,135.0,49.0,6.8,42.0,798.0,1061.3400000000001,,,,,,10500.0,,,,,,,,,,,,,,,,,,
2022-05-24,185.47,77.88,10.82,274.16999999999996,7.49,3.79,2.21,4.43,169480.0,0.0,0.0,0.0,7.02,5.1,90.0,38.0,,,7.96,27153.0,0.0,0.0,0.0,2.62,1.05,2765.0,17569.0,63.5,5750.0,90.0,38.0,,,7.96,28795.0,0.0,0.0,0.0,2.7,1.08,2925.0,17639.0,63.7,5017.0,10767,317.0,7.95,5260.0,7.95,6840.0,2946.0,3613.0,0.0,0.0,125.0,7.8,0.0,11940.0,71.0,0.92,14.2,0.0,0.0,37.0,147.0,7.82,0.0,11560.0,64.0,1.86,8.9,0.0,0.0,38.1,193.0,7.97,420.0,,125.0,151.0,58.0,6.2,42.0,798.0,1061.3400000000001,63.5,63.7,63.6,36.39,0.01,10767.0,0.4197600000000001,0.665937,0.00014099999999999998,1.085838,11691.217746,4519.555920000001,1129.8889800000002,9039111.840000002,,,,,,,,,,
2022-05-25,129.84,0.0,23.09,152.93,7.84,3.31,2.02,4.34,181578.0,0.0,0.0,0.0,7.07,5.26,90.0,38.0,,,7.94,29869.0,0.0,0.0,0.0,2.67,1.16,2685.0,17849.0,63.8,5982.0,90.0,38.0,,,7.93,24062.0,0.0,0.0,0.0,2.62,1.04,2719.0,17585.0,63.8,5240.0,11222,321.0,8.08,4800.0,7.96,5760.0,2079.0,3753.0,0.0,0.0,155.0,7.86,0.0,12680.0,103.0,2.11,24.1,0.0,0.0,37.2,151.0,7.83,0.0,12440.0,124.0,1.58,36.3,0.0,0.0,38.4,215.0,8.04,460.0,,126.0,148.0,116.0,6.2,42.0,739.9999999999998,984.1999999999997,63.8,63.8,63.8,36.190000000000005,0.01,11222.0,0.42107999999999995,0.6622770000000001,0.00014099999999999998,1.083498,12159.014556,4725.359759999999,1181.3399399999998,9450719.52,,,,,,,,,,
2022-05-26,79.59,88.95,11.83,180.37,0.0,0.0,0.0,0.0,0.0,0.0,0.0,0.0,0.0,0.0,90.0,0.0,,,0.0,0.0,0.0,0.0,0.0,0.0,0.0,0.0,0.0,0.0,6125.0,90.0,0.0,,,0.0,0.0,0.0,0.0,0.0,0.0,0.0,0.0,0.0,0.0,5322.0,11447,325.0,0.0,0.0,0.0,0.0,0.0,0.0,0.0,0.0,153.0,0.0,0.0,0.0,0.0,0.0,0.0,0.0,0.0,0.0,154.0,0.0,0.0,0.0,0.0,0.0,0.0,0.0,0.0,0.0,275.0,0.0,0.0,,0.0,0.0,0.0,0.0,42.0,399.0,530.6700000000001,0.0,0.0,0.0,99.99,0.01,11447.0,0.0,1.8298169999999998,0.00014099999999999998,1.8299579999999998,20947.529226,0.0,0.0,0.0,,,,,,,,,,
2022-05-27,162.25,158.03,12.92,333.2,7.64,3.72,2.26,4.51,140784.0,0.0,0.0,0.0,6.8,4.91,90.0,0.0,,,7.98,30784.0,0.0,0.0,0.0,2.71,1.18,2841.0,17685.0,64.1,5962.0,90.0,0.0,,,7.99,24188.0,0.0,0.0,0.0,2.68,1.22,2905.0,17509.0,64.0,5229.0,11191,321.0,7.94,4260.0,8.06,4860.0,4527.0,3798.0,0.0,0.0,156.0,7.82,0.0,12880.0,67.0,6.89,16.5,0.0,0.0,37.3,154.0,7.8,0.0,12840.0,120.0,0.66,48.6,0.0,0.0,38.4,330.0,8.09,520.0,,114.0,126.0,63.0,7.6,42.0,798.0,1061.3400000000001,64.1,64.0,64.05,35.94,0.01,11191.0,0.42273000000000005,0.657702,0.00014099999999999998,1.080573,12092.692443,4730.771430000001,1182.6928575000002,9461542.860000001,,,,,,,,,,
2022-05-28,135.69,79.12,20.35,235.16,0.0,0.0,0.0,0.0,0.0,0.0,0.0,0.0,0.0,0.0,90.0,0.0,,,0.0,0.0,0.0,0.0,0.0,0.0,0.0,0.0,0.0,0.0,6090.0,90.0,0.0,,,0.0,0.0,0.0,0.0,0.0,0.0,0.0,0.0,0.0,0.0,5284.0,11374,314.0,0.0,0.0,0.0,0.0,0.0,0.0,0.0,0.0,155.0,0.0,0.0,0.0,0.0,0.0,0.0,0.0,0.0,0.0,154.0,0.0,0.0,0.0,0.0,0.0,0.0,0.0,0.0,0.0,321.0,0.0,0.0,,0.0,0.0,0.0,0.0,42.0,798.0,1061.3400000000001,0.0,0.0,0.0,99.99,0.01,11374.0,0.0,1.8298169999999998,0.00014099999999999998,1.8299579999999998,20813.942291999996,0.0,0.0,0.0,,,,,,,,,,
2022-05-29,0.0,0.0,0.0,0.0,0.0,0.0,0.0,0.0,0.0,0.0,0.0,0.0,0.0,0.0,90.0,0.0,,,0.0,0.0,0.0,0.0,0.0,0.0,0.0,0.0,0.0,0.0,6137.0,90.0,0.0,,,0.0,0.0,0.0,0.0,0.0,0.0,0.0,0.0,0.0,0.0,5392.0,11529,321.0,0.0,0.0,0.0,0.0,0.0,0.0,0.0,0.0,144.0,0.0,0.0,0.0,0.0,0.0,0.0,0.0,0.0,0.0,152.0,0.0,0.0,0.0,0.0,0.0,0.0,0.0,0.0,0.0,249.0,0.0,0.0,,0.0,0.0,0.0,0.0,42.0,665.0,884.45,0.0,0.0,0.0,99.99,0.01,11529.0,0.0,1.8298169999999998,0.00014099999999999998,1.8299579999999998,21097.585782,0.0,0.0,0.0,,,,,,,,,,
2022-05-30,214.58,37.7,24.81,277.09000000000003,7.49,3.15,1.74,4.08,156555.0,6334.0,1146.0,0.0,6.86,4.87,90.0,38.0,,,8.07,23714.0,5394.0,458.0,0.0,2.78,1.17,2716.0,17588.0,63.7,6177.0,90.0,38.0,,,8.07,29512.0,5926.0,472.0,0.0,3.07,1.23,2941.0,17869.0,63.8,5426.0,11603,339.0,8.09,4200.0,7.96,12040.0,3521.0,3781.0,563.0,0.0,134.0,7.92,122.0,12360.0,93.0,2.07,39.9,0.15,11.7,37.8,153.0,7.86,165.0,12240.0,117.0,2.08,67.4,0.12,8.4,39.0,276.0,8.02,560.0,,130.0,162.0,86.0,7.6,42.0,1064.0,1415.1200000000001,,,,,,11603.0,,,,,,,,,,,,,,,,,,
2022-05-31,157.97,112.49,9.82,280.28,7.51,2.89,1.6,4.07,164180.0,0.0,0.0,0.0,7.41,5.31,90.0,38.0,,,7.97,26340.0,0.0,0.0,0.0,2.6,1.08,2869.0,17249.0,63.7,6217.0,90.0,38.0,,,7.97,28735.0,0.0,0.0,0.0,2.62,0.95,2671.0,17725.0,63.9,5474.0,11691,320.0,8.02,5440.0,8.02,8680.0,3248.0,3686.0,0.0,0.0,154.0,7.89,0.0,12040.0,108.0,1.38,41.6,0.0,0.0,37.9,154.0,7.88,0.0,12620.0,98.0,0.82,49.1,0.0,0.0,39.0,212.0,8.05,640.0,,122.0,154.0,102.0,8.1,42.0,665.0,884.45,,,,,,11691.0,,,,,,,,,,,,,,,,,,
2022-06-01,105.59,181.16,22.86,309.61,0.0,0.0,0.0,0.0,0.0,0.0,0.0,0.0,0.0,0.0,90.0,0.0,,,0.0,0.0,0.0,0.0,0.0,0.0,0.0,0.0,0.0,0.0,6479.0,90.0,0.0,,,0.0,0.0,0.0,0.0,0.0,0.0,0.0,0.0,0.0,0.0,5662.0,12141,365.0,0.0,0.0,0.0,0.0,0.0,0.0,0.0,0.0,154.0,0.0,0.0,0.0,0.0,0.0,0.0,0.0,0.0,0.0,154.0,0.0,0.0,0.0,0.0,0.0,0.0,0.0,0.0,0.0,235.0,0.0,0.0,,0.0,0.0,0.0,0.0,42.0,798.0,1061.3400000000001,0.0,0.0,0.0,99.99,0.01,12141.0,0.0,1.8298169999999998,0.00014099999999999998,1.8299579999999998,22217.520077999998,0.0,0.0,0.0,,,,,,,,,,
2022-06-02,133.88,76.01,10.85,220.74,7.39,3.18,1.89,4.1,148326.0,0.0,0.0,0.0,7.18,5.19,90.0,38.0,,,7.95,28316.0,0.0,0.0,0.0,2.51,0.98,2665.0,17639.0,63.5,6184.0,90.0,38.0,,,7.96,22826.0,0.0,0.0,0.0,2.58,1.03,2713.0,17658.0,63.6,5428.0,11612,408.0,8.0,6560.0,7.96,5100.0,3757.0,3161.0,0.0,0.0,125.0,7.85,0.0,13060.0,81.0,1.41,31.4,0.0,0.0,38.1,154.0,7.8,0.0,12360.0,105.0,2.26,45.3,0.0,0.0,38.4,322.0,8.03,500.0,,135.0,141.0,64.0,8.5,42.0,721.9999999999992,960.259999999999,63.5,63.6,63.55,36.440000000000005,0.01,11612.0,0.41942999999999997,0.6668520000000001,0.00014099999999999998,1.0864230000000001,12615.543876000002,4870.42116,1217.60529,9740842.32,,,,,,,,,,
2022-06-03,136.68,0.0,16.2,152.88,7.54,3.29,1.78,4.13,150668.0,0.0,0.0,0.0,7.25,5.24,90.0,38.0,,,7.96,26683.0,0.0,0.0,0.0,2.56,1.04,2721.0,17435.0,63.4,5768.0,90.0,38.0,,,7.96,25781.0,0.0,0.0,0.0,2.61,1.02,2852.0,17764.0,63.5,5107.0,10875,417.0,8.05,5880.0,8.01,4260.0,2961.0,3386.0,0.0,0.0,160.0,7.82,0.0,13360.0,98.0,2.51,40.2,0.0,0.0,38.3,156.0,7.84,0.0,12080.0,121.0,1.83,54.9,0.0,0.0,38.4,280.0,8.08,540.0,,110.0,125.0,91.0,7.9,42.0,931.0,1238.23,63.4,63.5,63.45,36.54,0.01,10875.0,0.41877000000000003,0.668682,0.00014099999999999998,1.087593,11827.573875,4554.123750000001,1138.5309375000002,9108247.500000002,,,,,,,,,,
2022-06-04,135.02,91.7,20.02,246.74,0.0,0.0,0.0,0.0,0.0,0.0,0.0,0.0,0.0,0.0,90.0,0.0,,,0.0,0.0,0.0,0.0,0.0,0.0,0.0,0.0,0.0,0.0,5785.0,90.0,0.0,,,0.0,0.0,0.0,0.0,0.0,0.0,0.0,0.0,0.0,0.0,5114.0,10899,298.0,0.0,0.0,0.0,0.0,0.0,0.0,0.0,0.0,159.0,0.0,0.0,0.0,0.0,0.0,0.0,0.0,0.0,0.0,160.0,0.0,0.0,0.0,0.0,0.0,0.0,0.0,0.0,0.0,199.0,0.0,0.0,,0.0,0.0,0.0,0.0,42.0,665.0,884.45,0.0,0.0,0.0,99.99,0.01,10899.0,0.0,1.8298169999999998,0.00014099999999999998,1.8299579999999998,19944.712241999998,0.0,0.0,0.0,,,,,,,,,,
2022-06-05,0.0,0.0,0.0,0.0,0.0,0.0,0.0,0.0,0.0,0.0,0.0,0.0,0.0,0.0,90.0,0.0,,,0.0,0.0,0.0,0.0,0.0,0.0,0.0,0.0,0.0,0.0,5917.0,90.0,0.0,,,0.0,0.0,0.0,0.0,0.0,0.0,0.0,0.0,0.0,0.0,5265.0,11182,301.0,0.0,0.0,0.0,0.0,0.0,0.0,0.0,0.0,160.0,0.0,0.0,0.0,0.0,0.0,0.0,0.0,0.0,0.0,160.0,0.0,0.0,0.0,0.0,0.0,0.0,0.0,0.0,0.0,186.0,0.0,0.0,,0.0,0.0,0.0,0.0,42.0,798.0,1061.3400000000001,,,,,,11182.0,,,,,,,,,,,,,,,,,,
2022-06-06,186.97,180.04,22.05,389.06,7.63,4.82,2.75,4.29,143862.0,5204.0,993.0,0.0,6.55,4.55,90.0,0.0,,,7.97,29089.0,5410.0,428.0,0.0,2.68,1.12,2615.0,18038.0,63.5,5949.0,90.0,0.0,,,7.96,29731.0,5587.0,538.0,0.0,2.7,1.13,2688.0,17795.0,63.7,5215.0,11164,466.0,7.88,3760.0,7.93,5600.0,3248.0,2940.0,250.0,0.0,165.0,7.85,191.0,12740.0,65.0,1.41,10.6,0.12,9.8,39.1,160.0,7.83,182.0,11700.0,55.0,2.12,5.1,0.14,11.1,38.9,156.0,8.24,640.0,,125.0,146.0,52.0,10.2,42.0,931.0,1238.23,,,,,,11164.0,,,,,,,,,,,,,,,,,,
2022-06-07,156.84,76.6,10.0,243.44,7.34,4.28,2.55,4.42,142291.0,0.0,0.0,0.0,6.57,4.66,90.0,38.0,,,7.99,26232.0,0.0,0.0,0.0,2.69,1.07,2671.0,17885.0,63.9,5654.0,90.0,38.2,,,7.99,26656.0,0.0,0.0,0.0,2.63,1.03,2645.0,18129.0,64.1,4968.0,10622,257.0,7.97,1060.0,7.88,22600.0,6648.0,5961.0,0.0,0.0,170.0,7.87,0.0,12640.0,53.0,2.09,12.9,0.0,0.0,39.0,168.0,7.8,0.0,12040.0,82.0,2.77,44.2,0.0,0.0,38.6,268.0,8.2,700.0,,138.0,181.0,56.0,9.8,42.0,798.0,1061.3400000000001,63.9,64.1,64.0,35.989999999999995,0.01,10622.0,0.4224,0.658617,0.00014099999999999998,1.081158,11484.060276,4486.7328,1121.6832,8973465.6,,,,,,,,,,
2022-06-08,181.7,0.0,23.9,205.6,7.34,3.75,2.19,4.33,0.0,0.0,0.0,0.0,6.61,4.79,90.0,38.0,,,8.0,28861.0,0.0,0.0,0.0,2.86,1.18,2853.0,18109.0,64.1,5828.0,90.0,38.1,,,8.01,27675.0,0.0,0.0,0.0,2.94,1.22,2746.0,18045.0,64.3,5119.0,10947,398.0,7.92,5840.0,7.91,12540.0,4186.0,3952.0,0.0,0.0,174.0,7.84,0.0,12880.0,62.0,1.83,15.1,0.0,0.0,39.0,174.0,7.82,0.0,12420.0,74.0,1.64,28.1,0.0,0.0,38.6,246.0,8.25,580.0,,152.0,204.0,64.0,11.6,42.0,785.9999999999993,1045.3799999999992,64.1,64.3,64.19999999999999,35.790000000000006,0.01,10947.0,0.42371999999999993,0.6549570000000001,0.00014099999999999998,1.078818,11809.820646,4638.462839999999,1159.6157099999998,9276925.679999998,,,,,,,,,,
2022-06-09,134.02,88.8,12.43,235.25,7.65,4.23,2.53,4.32,150916.0,0.0,0.0,0.0,6.59,4.79,90.0,38.0,,,7.99,27801.0,0.0,0.0,0.0,2.73,1.09,2725.0,18428.0,64.4,5850.0,90.0,38.1,,,7.98,30433.0,0.0,0.0,0.0,2.84,1.03,2638.0,18119.0,64.5,5108.0,10958,281.0,,0.0,7.89,4280.0,0.0,3004.0,0.0,0.0,174.0,7.81,0.0,12260.0,126.0,2.61,49.5,0.0,0.0,39.2,173.0,7.78,0.0,12980.0,141.0,1.87,68.4,0.0,0.0,38.5,319.0,8.18,540.0,,122.0,151.0,108.0,9.2,42.0,665.0,884.45,64.4,64.5,64.45,35.53999999999999,0.01,10958.0,0.4253700000000001,0.6503819999999999,0.00014099999999999998,1.075893,11789.635494,4661.204460000001,1165.3011150000002,9322408.920000002,,,,,,,,,,
2022-06-10,188.03,158.21,14.87,361.11,7.88,3.26,1.8,4.32,153805.0,0.0,0.0,0.0,6.81,5.01,90.0,38.0,,,7.98,28417.0,0.0,0.0,0.0,2.72,1.09,2789.0,18159.0,64.2,5907.0,90.0,38.1,,,7.99,31291.0,0.0,0.0,0.0,2.81,1.24,2804.0,17929.0,64.2,5176.0,11083,444.0,7.88,4840.0,7.94,4660.0,1252.0,3294.0,0.0,0.0,174.0,7.78,0.0,11960.0,181.0,1.49,105.3,0.0,0.0,39.5,143.0,7.76,0.0,12260.0,218.0,2.15,121.9,0.0,0.0,38.5,290.0,8.08,580.0,,101.0,138.0,172.0,9.6,42.0,1064.0,1415.1200000000001,,,,,,11083.0,,,,,,,,,,,,,,,,,,
2022-06-11,107.76,79.55,21.42,208.73000000000002,0.0,0.0,0.0,0.0,0.0,0.0,0.0,0.0,0.0,0.0,92.0,0.0,,,0.0,0.0,0.0,0.0,0.0,0.0,0.0,0.0,0.0,0.0,6165.0,92.0,0.0,,,0.0,0.0,0.0,0.0,0.0,0.0,0.0,0.0,0.0,0.0,5392.0,11557,314.0,0.0,0.0,0.0,0.0,0.0,0.0,0.0,0.0,134.0,0.0,0.0,0.0,0.0,0.0,0.0,0.0,0.0,0.0,168.0,0.0,0.0,0.0,0.0,0.0,0.0,0.0,0.0,0.0,0.0,0.0,0.0,,0.0,0.0,0.0,0.0,42.0,798.0,1061.3400000000001,,,,,,11557.0,,,,,,,,,,,,,,,,,,
2022-06-12,0.0,0.0,0.0,0.0,0.0,0.0,0.0,0.0,0.0,0.0,0.0,0.0,0.0,0.0,94.0,0.0,,,0.0,0.0,0.0,0.0,0.0,0.0,0.0,0.0,0.0,0.0,6287.0,94.0,0.0,,,0.0,0.0,0.0,0.0,0.0,0.0,0.0,0.0,0.0,0.0,5508.0,11795,348.0,0.0,0.0,0.0,0.0,0.0,0.0,0.0,0.0,175.0,0.0,0.0,0.0,0.0,0.0,0.0,0.0,0.0,0.0,175.0,0.0,0.0,0.0,0.0,0.0,0.0,0.0,0.0,0.0,0.0,0.0,0.0,,0.0,0.0,0.0,0.0,42.0,798.0,1061.3400000000001,,,,,,11795.0,,,,,,,,,,,,,,,,,,
2022-06-13,188.45,82.13,22.66,293.24,7.4,3.3,1.91,4.38,177596.0,5937.0,1028.0,0.0,6.47,4.56,98.0,38.0,,,,25033.0,5349.0,462.0,0.0,2.71,1.08,2885.0,17939.0,63.9,6244.0,98.0,38.1,,,8.02,24296.0,5518.0,521.0,0.0,2.7,1.13,2789.0,18129.0,64.1,5525.0,11769,343.0,8.13,3740.0,8.01,2700.0,2001.0,3262.0,87.0,0.0,184.0,7.91,215.0,13460.0,112.0,22.54,12.4,0.28,7.4,40.4,173.0,7.88,307.0,12360.0,144.0,6.24,36.3,0.18,6.9,39.1,237.0,8.32,740.0,,154.0,211.0,235.0,6.2,42.0,798.0,1061.3400000000001,,,,,,11769.0,,,,,,,,,,,,,,,,,,
2022-06-14,239.92,91.7,9.58,341.2,7.61,3.65,2.05,4.31,180243.0,0.0,0.0,0.0,6.51,4.68,102.0,38.0,,,8.01,27387.0,0.0,0.0,0.0,2.68,1.1,2652.0,17749.0,63.8,6572.0,102.0,38.1,,,8.01,26691.0,0.0,0.0,0.0,2.81,1.14,2814.0,17872.0,63.9,5765.0,12337,453.0,8.1,5040.0,8.05,3860.0,2518.0,2940.0,0.0,0.0,163.0,7.86,0.0,12960.0,106.0,5.42,20.6,0.0,0.0,40.8,149.0,7.89,0.0,12080.0,126.0,2.49,28.5,0.0,0.0,39.3,350.0,8.26,580.0,,130.0,162.0,172.0,6.9,44.0,931.0,1238.23,63.8,63.9,63.849999999999994,36.14000000000001,0.01,12337.0,0.42141,0.6613620000000001,0.00014099999999999998,1.082913,13359.897681,5198.93517,1299.7337925,10397870.34,,,,,,,,,,
2022-06-15,157.1,180.12,20.19,357.40999999999997,0.0,0.0,0.0,0.0,0.0,0.0,0.0,0.0,0.0,0.0,102.0,0.0,,,0.0,0.0,0.0,0.0,0.0,0.0,0.0,0.0,0.0,0.0,6842.0,102.0,0.0,,,0.0,0.0,0.0,0.0,0.0,0.0,0.0,0.0,0.0,0.0,6058.0,12900,347.0,0.0,0.0,0.0,0.0,0.0,0.0,0.0,0.0,165.0,0.0,0.0,0.0,0.0,0.0,0.0,0.0,0.0,0.0,167.0,0.0,0.0,0.0,0.0,0.0,0.0,0.0,0.0,0.0,323.0,0.0,0.0,,0.0,0.0,0.0,0.0,44.0,788.0000000000005,1048.0400000000006,0.0,0.0,0.0,99.99,0.01,12900.0,0.0,1.8298169999999998,0.00014099999999999998,1.8299579999999998,23606.458199999997,0.0,0.0,0.0,,,,,,,,,,
2022-06-16,187.57,75.35,7.91,270.83,7.58,3.19,1.9,4.22,145869.0,0.0,0.0,0.0,6.98,5.07,102.0,0.0,,,8.05,32117.0,0.0,0.0,0.0,2.71,1.08,3039.0,18238.0,63.2,7211.0,102.0,0.0,,,8.04,30972.0,0.0,0.0,0.0,2.77,1.13,3141.0,18119.0,63.1,6397.0,13608,377.0,8.05,5160.0,7.98,6600.0,1101.0,3542.0,0.0,0.0,156.0,7.85,0.0,12340.0,110.0,14.78,18.1,0.0,0.0,41.7,186.0,7.83,0.0,11460.0,139.0,3.32,48.9,0.0,0.0,42.6,350.0,8.21,660.0,,115.0,151.0,108.0,8.2,44.0,931.0,1238.23,,,,,,13608.0,,,,,,,,,,,,,,,,,,
2022-06-17,137.45,44.9,16.72,199.07,7.51,3.08,2.07,4.18,160825.0,0.0,0.0,0.0,7.13,5.58,102.0,38.0,,,8.0,31954.0,0.0,0.0,0.0,2.82,1.28,3252.0,17869.0,64.3,7011.0,102.0,38.0,,,7.99,31106.0,0.0,0.0,0.0,2.81,1.27,3091.0,17960.0,64.2,6211.0,13222,315.0,7.98,3880.0,7.93,5440.0,2036.0,3615.0,0.0,0.0,182.0,7.87,0.0,12660.0,94.0,4.26,20.1,0.0,0.0,41.8,186.0,7.8,0.0,18680.0,141.0,2.78,39.5,0.0,0.0,40.1,350.0,8.19,540.0,,120.0,141.0,110.0,7.6,44.0,931.0,1238.23,,,,,,13222.0,,,,,,,,,,,,,,,,,,
2022-06-18,108.99,136.85,20.56,266.4,0.0,0.0,0.0,0.0,0.0,0.0,0.0,0.0,0.0,0.0,104.0,0.0,,,0.0,0.0,0.0,0.0,0.0,0.0,0.0,0.0,0.0,0.0,7022.0,104.0,0.0,,,0.0,0.0,0.0,0.0,0.0,0.0,0.0,0.0,0.0,0.0,6179.0,13201,403.0,0.0,0.0,0.0,0.0,0.0,0.0,0.0,0.0,178.0,0.0,0.0,0.0,0.0,0.0,0.0,0.0,0.0,0.0,187.0,0.0,0.0,0.0,0.0,0.0,0.0,0.0,0.0,0.0,350.0,0.0,0.0,,0.0,0.0,0.0,0.0,44.0,931.0,1238.23,,,,,,13201.0,,,,,,,,,,,,,,,,,,
2022-06-19,27.4,0.0,0.0,27.4,0.0,0.0,0.0,0.0,0.0,0.0,0.0,0.0,0.0,0.0,106.0,0.0,,,0.0,0.0,0.0,0.0,0.0,0.0,0.0,0.0,0.0,0.0,7014.0,106.0,0.0,,,0.0,0.0,0.0,0.0,0.0,0.0,0.0,0.0,0.0,0.0,6173.0,13187,339.0,0.0,0.0,0.0,0.0,0.0,0.0,0.0,0.0,134.0,0.0,0.0,0.0,0.0,0.0,0.0,0.0,0.0,0.0,151.0,0.0,0.0,0.0,0.0,0.0,0.0,0.0,0.0,0.0,350.0,0.0,0.0,,0.0,0.0,0.0,0.0,44.0,931.0,1238.23,,,,,,13187.0,,,,,,,,,,,,,,,,,,
2022-06-20,190.32,131.86,24.99,347.17,7.72,2.61,1.42,4.18,163623.0,6913.0,1013.0,0.0,6.65,4.66,108.0,38.0,,,7.95,26551.0,5667.0,507.0,0.0,2.72,1.19,3311.0,17425.0,63.6,6960.0,108.0,38.0,,,7.96,23552.0,5950.0,504.0,0.0,2.72,1.02,3429.0,17669.0,63.7,6133.0,13093,385.0,7.93,2740.0,7.97,19060.0,5974.0,4302.0,647.0,0.0,143.0,7.81,228.0,12820.0,126.0,6.38,39.2,0.16,7.9,40.7,187.0,7.76,216.0,11740.0,151.0,3.1,57.4,0.18,8.3,41.2,327.0,8.15,520.0,,139.0,187.0,121.0,7.5,46.0,931.0,1238.23,,,,,,13093.0,,,,,,,,,,,,,,,,,,
2022-06-21,186.58,75.43,10.68,272.69000000000005,7.4,3.28,1.86,4.28,170816.0,0.0,0.0,0.0,6.72,4.68,108.0,38.0,,,7.98,28462.0,0.0,0.0,0.0,2.83,1.25,3159.0,17755.0,63.8,7005.0,108.0,38.0,,,7.98,26720.0,0.0,0.0,0.0,2.79,1.19,3235.0,17859.0,64.0,5902.0,12907,317.0,7.92,3300.0,8.05,12680.0,4839.0,4126.0,0.0,0.0,151.0,7.83,0.0,12480.0,104.0,2.42,26.5,0.0,0.0,40.0,131.0,7.8,0.0,12900.0,98.0,1.94,32.1,0.0,0.0,41.4,238.0,8.19,460.0,,151.0,204.0,102.0,7.9,46.0,800.9999999999999,1065.33,,,,,,12907.0,,,,,,,,,,,,,,,,,,
2022-06-22,130.66,0.0,21.86,152.51999999999998,7.74,3.04,1.64,4.27,175869.0,0.0,0.0,0.0,6.63,4.89,108.0,38.0,,,8.0,27810.0,0.0,0.0,0.0,2.84,1.29,3309.0,17629.0,63.4,8406.0,108.0,38.0,,,8.0,28491.0,0.0,0.0,0.0,2.64,1.12,3167.0,18094.0,63.7,5845.0,14251,316.0,7.97,3660.0,8.01,14240.0,4298.0,3974.0,0.0,0.0,185.0,7.86,0.0,12840.0,108.0,4.9,24.9,0.0,0.0,39.5,165.0,7.84,0.0,13180.0,162.0,5.17,76.3,0.0,0.0,41.8,350.0,8.18,560.0,,145.0,218.0,124.0,8.2,46.0,931.0,1238.23,63.4,63.7,63.55,36.440000000000005,0.01,14251.0,0.41942999999999997,0.6668520000000001,0.00014099999999999998,1.0864230000000001,15482.614173000002,5977.2969299999995,1494.3242324999999,11954593.86,,,,,,,,,,
2022-06-23,134.75,88.83,13.73,237.31,7.61,3.92,2.24,4.38,144672.0,0.0,0.0,0.0,6.15,4.59,108.0,38.0,,,8.01,23457.0,0.0,0.0,0.0,2.69,1.27,2986.0,17419.0,63.2,9090.0,108.0,38.0,,,8.03,24507.0,0.0,0.0,0.0,2.74,1.15,3349.0,17750.0,63.5,6042.0,15132,315.0,7.94,1700.0,8.03,11860.0,2067.0,3966.0,0.0,0.0,151.0,7.79,0.0,13660.0,184.0,6.86,71.9,0.0,0.0,39.4,194.0,7.8,0.0,13560.0,135.0,4.84,52.4,0.0,0.0,42.1,350.0,8.15,560.0,,134.0,168.0,156.0,7.3,46.0,798.0,1061.3400000000001,63.2,63.5,63.35,36.64,0.01,15132.0,0.41811,0.6705120000000001,0.00014099999999999998,1.088763,16475.161716,6326.84052,1581.71013,12653681.04,,,,,,,,,,
2022-06-24,165.87,88.17,14.9,268.94,8.09,3.58,2.11,4.59,151648.0,0.0,0.0,0.0,6.04,4.39,110.0,38.0,,,8.03,25372.0,0.0,0.0,0.0,2.98,1.56,3548.0,17719.0,63.5,8940.0,105.0,38.0,,,8.06,26361.0,0.0,0.0,0.0,2.79,1.26,3280.0,17464.0,64.4,5597.0,14537,422.0,7.95,3240.0,8.05,12460.0,4125.0,4023.0,0.0,0.0,192.0,7.8,0.0,13940.0,152.0,5.49,54.2,0.0,0.0,39.4,191.0,7.76,0.0,13840.0,161.0,6.27,68.2,0.0,0.0,42.5,350.0,8.18,480.0,,115.0,143.0,148.0,7.5,48.0,1330.0,1768.9,63.5,64.4,63.95,36.04,0.01,14537.0,0.42207,0.659532,0.00014099999999999998,1.081743,15725.297990999998,6135.63159,1533.9078975,12271263.18,,,,,,,,,,
2022-06-25,135.56,54.63,22.33,212.52,0.0,0.0,0.0,0.0,0.0,0.0,0.0,0.0,0.0,0.0,112.0,0.0,,,0.0,0.0,0.0,0.0,0.0,0.0,0.0,0.0,0.0,0.0,8211.0,112.0,0.0,,,0.0,0.0,0.0,0.0,0.0,0.0,0.0,0.0,0.0,0.0,5207.0,13418,391.0,0.0,0.0,0.0,0.0,0.0,0.0,0.0,0.0,152.0,0.0,0.0,0.0,0.0,0.0,0.0,0.0,0.0,0.0,192.0,0.0,0.0,0.0,0.0,0.0,0.0,0.0,0.0,0.0,350.0,0.0,0.0,,0.0,0.0,0.0,0.0,48.0,798.0,1061.3400000000001,0.0,0.0,0.0,99.99,0.01,13418.0,0.0,1.8298169999999998,0.00014099999999999998,1.8299579999999998,24554.376443999998,0.0,0.0,0.0,,,,,,,,,,
2022-06-26,28.0,0.0,0.0,28.0,0.0,0.0,0.0,0.0,0.0,0.0,0.0,0.0,0.0,0.0,112.0,0.0,,,0.0,0.0,0.0,0.0,0.0,0.0,0.0,0.0,0.0,0.0,8364.0,112.0,0.0,,,0.0,0.0,0.0,0.0,0.0,0.0,0.0,0.0,0.0,0.0,5463.0,13827,339.0,0.0,0.0,0.0,0.0,0.0,0.0,0.0,0.0,193.0,0.0,0.0,0.0,0.0,0.0,0.0,0.0,0.0,0.0,195.0,0.0,0.0,0.0,0.0,0.0,0.0,0.0,0.0,0.0,350.0,0.0,0.0,,0.0,0.0,0.0,0.0,48.0,931.0,1238.23,,,,,,13827.0,,,,,,,,,,,,,,,,,,
2022-06-27,215.98,38.63,27.14,281.75,7.58,5.41,3.35,5.45,122746.0,5460.0,784.0,0.0,4.77,2.95,112.0,38.2,,,8.06,25345.0,5144.0,513.0,0.0,2.89,1.23,3260.0,18036.0,67.5,8561.0,112.0,39.0,,,8.1,28213.0,5573.0,568.0,0.0,2.73,1.15,2869.0,17825.0,68.4,5388.0,13949,450.0,8.02,5400.0,8.07,3200.0,0.0,3537.0,218.0,0.0,194.0,7.88,0.0,14360.0,282.0,11.82,130.1,0.12,8.0,39.0,196.0,7.81,0.0,13600.0,302.0,12.08,118.3,0.16,7.8,41.9,350.0,8.21,500.0,,104.0,138.0,173.0,7.7,48.0,798.0,1061.3400000000001,,,,,,13949.0,,,,,,,,,,,,,,,,,,
2022-06-28,218.4,90.7,11.79,320.89,7.75,3.77,1.97,5.59,125980.0,0.0,0.0,0.0,5.08,2.98,103.0,38.2,,,8.08,23707.0,0.0,0.0,0.0,2.88,1.08,3421.0,18219.0,68.6,8054.0,112.0,39.0,,,8.05,26999.0,0.0,0.0,0.0,2.59,0.94,2738.0,18024.0,69.3,5045.0,13099,327.0,8.04,3600.0,8.12,1800.0,6025.0,3552.0,0.0,0.0,162.0,7.42,0.0,14900.0,333.0,12.77,177.8,0.0,0.0,39.2,142.0,7.61,0.0,13860.0,412.0,10.82,216.2,0.0,0.0,41.6,350.0,8.19,720.0,,131.0,188.0,212.0,7.2,48.0,785.0000000000006,1044.0500000000009,68.6,69.3,68.94999999999999,31.040000000000006,0.01,13099.0,0.45507,0.5680320000000001,0.00014099999999999998,1.0232430000000001,13403.460057000002,5960.9619299999995,1490.2404824999999,11921923.86,,,,,,,,,,
2022-06-29,214.93,89.77,22.6,327.3,7.85,3.28,1.85,5.65,134087.0,0.0,0.0,0.0,5.46,3.37,80.0,38.2,,,8.06,25167.0,0.0,0.0,0.0,2.89,1.18,2889.0,18095.0,69.4,7373.0,112.0,39.0,,,8.08,24482.0,0.0,0.0,0.0,2.95,1.13,2563.0,18236.0,70.1,5264.0,12637,315.0,8.06,3440.0,8.05,3640.0,4209.0,3741.0,0.0,0.0,171.0,7.51,0.0,15360.0,401.0,8.49,228.0,0.0,0.0,39.2,165.0,7.58,0.0,14380.0,384.0,10.26,230.5,0.0,0.0,41.3,350.0,8.17,640.0,,148.0,179.0,243.0,8.1,48.0,931.0,1238.23,69.4,70.1,69.75,30.239999999999995,0.01,12637.0,0.46035000000000004,0.5533919999999999,0.00014099999999999998,1.0138829999999999,12812.439470999998,5817.442950000001,1454.3607375000001,11634885.9,,,,,,,,,,
2022-06-30,187.87,82.11,14.11,284.09000000000003,7.93,2.77,1.5,5.82,135316.0,0.0,0.0,0.0,5.08,3.16,87.0,38.2,,,8.07,24528.0,0.0,0.0,0.0,2.71,1.08,2931.0,18169.0,69.6,5562.0,112.0,39.0,,,8.06,24047.0,0.0,0.0,0.0,2.49,1.03,2688.0,18054.0,70.5,5352.0,10914,343.0,8.06,12340.0,8.07,11460.0,3573.0,3466.0,0.0,0.0,174.0,7.45,0.0,14160.0,331.0,13.9,185.0,0.0,0.0,39.4,146.0,7.66,0.0,14240.0,226.0,3.33,151.0,0.0,0.0,41.4,347.0,8.2,440.0,,102.0,125.0,203.0,7.5,48.0,798.0,1061.3400000000001,69.6,70.5,70.05,29.939999999999998,0.01,10914.0,0.46232999999999996,0.547902,0.00014099999999999998,1.010373,11027.210922,5045.8696199999995,1261.4674049999999,10091739.239999998,,,,,,,,,,
2022-07-01,192.12,85.22,17.09,294.43,7.64,3.04,1.59,5.86,140814.0,0.0,0.0,0.0,5.33,3.43,112.0,38.2,,,8.04,25691.0,0.0,0.0,0.0,2.88,1.27,3104.0,18026.0,69.8,5624.0,112.0,39.0,,,8.04,26174.0,0.0,0.0,0.0,2.8,1.14,2829.0,18115.0,70.1,5241.0,10865,312.0,8.02,4160.0,8.05,5860.0,3173.0,3610.0,0.0,0.0,179.0,7.44,0.0,14380.0,296.0,10.84,171.0,0.0,0.0,39.7,188.0,7.62,0.0,13960.0,208.0,5.51,139.0,0.0,0.0,41.3,330.0,8.16,480.0,,98.0,104.0,200.0,6.9,48.0,798.0,1061.3400000000001,69.8,70.1,69.94999999999999,30.040000000000006,0.01,10865.0,0.46166999999999997,0.5497320000000001,0.00014099999999999998,1.011543,10990.414695000001,5016.04455,1254.0111375,10032089.1,,,,,,,,,,
2022-07-02,136.1,89.15,21.83,247.07999999999998,0.0,0.0,0.0,0.0,0.0,0.0,0.0,0.0,0.0,0.0,112.0,0.0,,,0.0,0.0,0.0,0.0,0.0,0.0,0.0,0.0,0.0,0.0,5741.0,112.0,0.0,,,0.0,0.0,0.0,0.0,0.0,0.0,0.0,0.0,0.0,0.0,5318.0,11059,315.0,0.0,0.0,0.0,0.0,0.0,0.0,0.0,0.0,179.0,0.0,0.0,0.0,0.0,0.0,0.0,0.0,0.0,0.0,149.0,0.0,0.0,0.0,0.0,0.0,0.0,0.0,0.0,0.0,331.0,0.0,0.0,,0.0,0.0,0.0,0.0,48.0,931.0,1238.23,0.0,0.0,0.0,99.99,0.01,11059.0,0.0,1.8298169999999998,0.00014099999999999998,1.8299579999999998,20237.505521999996,0.0,0.0,0.0,,,,,,,,,,
2022-07-03,27.95,0.0,0.0,27.95,0.0,0.0,0.0,0.0,0.0,0.0,0.0,0.0,0.0,0.0,112.0,0.0,,,0.0,0.0,0.0,0.0,0.0,0.0,0.0,0.0,0.0,0.0,5667.0,112.0,0.0,,,0.0,0.0,0.0,0.0,0.0,0.0,0.0,0.0,0.0,0.0,5291.0,10958,316.0,0.0,0.0,0.0,0.0,0.0,0.0,0.0,0.0,178.0,0.0,0.0,0.0,0.0,0.0,0.0,0.0,0.0,0.0,188.0,0.0,0.0,0.0,0.0,0.0,0.0,0.0,0.0,0.0,296.0,0.0,0.0,,0.0,0.0,0.0,0.0,48.0,665.0,884.45,,,,,,10958.0,,,,,,,,,,,,,,,,,,
2022-07-04,187.57,89.47,28.19,305.23,7.73,2.49,1.21,5.65,142140.0,5161.0,969.0,0.0,5.39,3.38,112.0,38.5,,,8.02,28400.0,5295.0,469.0,0.0,2.83,1.19,2919.0,18140.0,69.2,5716.0,112.0,39.4,,,8.01,25588.0,5251.0,555.0,0.0,2.67,1.03,2774.0,18299.0,69.3,5310.0,11026,315.0,8.06,4000.0,8.21,12430.0,6422.0,3620.0,402.0,0.0,137.0,7.53,164.0,15760.0,341.0,1.59,181.0,0.18,12.5,40.2,152.0,7.71,158.0,15700.0,242.0,4.48,116.0,0.12,11.9,41.2,285.0,8.23,600.0,,138.0,155.0,208.0,10.5,48.0,854.9999999999992,1137.149999999999,,,,,,11026.0,,,,,,,,,,,,,,,,,,
2022-07-05,161.59,82.65,18.47,262.71000000000004,7.86,2.89,1.63,5.9,146252.0,0.0,0.0,0.0,5.45,3.7,112.0,38.5,,,8.04,27318.0,0.0,0.0,0.0,2.9,1.28,3105.0,18284.0,68.7,5570.0,112.0,39.4,,,8.03,26375.0,0.0,0.0,0.0,2.88,1.23,2949.0,18150.0,68.8,5187.0,10757,351.0,8.01,3160.0,8.15,6860.0,3721.0,3549.0,0.0,0.0,138.0,7.59,0.0,16040.0,305.0,3.28,164.0,0.0,0.0,40.1,187.0,7.74,0.0,15680.0,191.0,2.62,101.0,0.0,0.0,41.4,269.0,8.19,540.0,,144.0,171.0,217.0,8.8,48.0,798.0,1061.3400000000001,68.7,68.8,68.75,31.239999999999995,0.01,10757.0,0.45375,0.5716919999999999,0.00014099999999999998,1.025583,11032.196331,4880.9887499999995,1220.2471874999999,9761977.499999998,,,,,,,,,,
2022-07-06,187.78,84.39,21.23,293.4,7.79,2.62,1.39,5.61,150614.0,0.0,0.0,0.0,5.51,3.76,108.0,38.5,,,8.05,25472.0,0.0,0.0,0.0,2.88,1.18,2946.0,17943.0,68.3,5478.0,109.0,39.4,,,8.04,27123.0,0.0,0.0,0.0,2.81,1.15,2768.0,18518.0,68.5,5072.0,10550,321.0,8.03,3880.0,8.16,8440.0,4938.0,3729.0,0.0,0.0,181.0,7.57,0.0,16380.0,282.0,4.63,168.0,0.0,0.0,39.4,185.0,7.7,0.0,16020.0,156.0,5.34,70.5,0.0,0.0,41.4,255.0,8.2,600.0,,129.0,151.0,184.0,9.1,47.0,798.0,1061.3400000000001,68.3,68.5,68.4,31.58999999999999,0.01,10550.0,0.45144000000000006,0.5780969999999999,0.00014099999999999998,1.0296779999999999,10863.102899999998,4762.692000000001,1190.6730000000002,9525384.000000002,,,,,,,,,,
2022-07-07,137.89,87.48,13.2,238.57,7.19,2.56,1.66,5.94,133961.0,0.0,0.0,0.0,5.37,3.72,109.0,38.5,,,8.06,28694.0,0.0,0.0,0.0,2.88,1.28,3176.0,18260.0,68.7,5593.0,110.0,39.4,,,8.06,27332.0,0.0,0.0,0.0,2.86,1.31,3099.0,18331.0,68.8,5145.0,10738,337.0,7.96,5140.0,8.04,8800.0,4771.0,3692.0,0.0,0.0,177.0,7.56,0.0,15120.0,319.0,4.9,171.0,0.0,0.0,39.4,162.0,7.74,0.0,14680.0,208.0,13.44,90.2,0.0,0.0,,254.0,8.13,720.0,,154.0,205.0,184.0,8.5,48.0,798.0,1061.3400000000001,68.7,68.8,68.75,31.239999999999995,0.01,10738.0,0.45375,0.5716919999999999,0.00014099999999999998,1.025583,11012.710254,4872.3675,1218.091875,9744735.0,,,,,,,,,,
2022-07-08,192.32,41.63,16.31,250.26,7.87,2.88,1.69,6.01,141093.0,0.0,0.0,0.0,5.44,3.41,108.0,38.5,,,8.07,30315.0,0.0,0.0,0.0,2.91,1.31,3349.0,18045.0,68.5,5356.0,108.0,39.4,,,8.07,26807.0,0.0,0.0,0.0,2.92,1.28,3165.0,18238.0,68.8,5113.0,10469,339.0,7.94,10640.0,7.98,9240.0,5028.0,3562.0,0.0,0.0,174.0,7.6,0.0,14880.0,274.0,2.15,155.2,0.0,0.0,39.5,188.0,7.76,0.0,14360.0,186.0,5.15,106.4,0.0,0.0,,267.0,8.15,520.0,,141.0,186.0,171.0,7.9,48.0,798.0,1061.3400000000001,68.5,68.8,68.65,31.33999999999999,0.01,10469.0,0.45309000000000005,0.5735219999999999,0.00014099999999999998,1.0267529999999998,10749.077156999998,4743.3992100000005,1185.8498025000001,9486798.420000002,,,,,,,,,,
2022-07-09,136.62,149.06,23.57,309.25,0.0,0.0,0.0,0.0,0.0,0.0,0.0,0.0,0.0,0.0,103.0,0.0,,,0.0,0.0,0.0,0.0,0.0,0.0,0.0,0.0,0.0,0.0,5216.0,103.0,0.0,,,0.0,0.0,0.0,0.0,0.0,0.0,0.0,0.0,0.0,0.0,5080.0,10296,332.0,0.0,0.0,0.0,0.0,0.0,0.0,0.0,0.0,142.0,0.0,0.0,0.0,0.0,0.0,0.0,0.0,0.0,0.0,187.0,0.0,0.0,0.0,0.0,0.0,0.0,0.0,0.0,0.0,274.0,0.0,0.0,,0.0,0.0,0.0,0.0,47.0,798.0,1061.3400000000001,0.0,0.0,0.0,99.99,0.01,10296.0,0.0,1.8298169999999998,0.00014099999999999998,1.8299579999999998,18841.247568,0.0,0.0,0.0,,,,,,,,,,
2022-07-10,26.53,0.0,0.0,26.53,0.0,0.0,0.0,0.0,0.0,0.0,0.0,0.0,0.0,0.0,112.0,0.0,,,0.0,0.0,0.0,0.0,0.0,0.0,0.0,0.0,0.0,0.0,5283.0,112.0,0.0,,,0.0,0.0,0.0,0.0,0.0,0.0,0.0,0.0,0.0,0.0,4967.0,10250,364.0,0.0,0.0,0.0,0.0,0.0,0.0,0.0,0.0,182.0,0.0,0.0,0.0,0.0,0.0,0.0,0.0,0.0,0.0,189.0,0.0,0.0,0.0,0.0,0.0,0.0,0.0,0.0,0.0,274.0,0.0,0.0,,0.0,0.0,0.0,0.0,48.0,532.0,707.5600000000001,,,,,,10250.0,,,,,,,,,,,,,,,,,,
2022-07-11,188.02,38.32,28.18,254.52,7.77,2.71,1.42,5.85,143079.0,6027.0,812.0,0.0,4.83,2.9,112.0,38.3,,,8.09,22072.0,5646.0,498.0,0.0,2.66,0.97,2925.0,18169.0,69.3,5497.0,112.0,39.3,,,8.09,24762.0,5905.0,524.0,0.0,2.6,0.94,2794.0,18362.0,69.4,5205.0,10702,337.0,7.95,5500.0,8.04,3060.0,3131.0,3738.0,81.0,0.0,169.0,,,,,,,,,,188.0,7.89,144.0,15000.0,213.0,19.45,93.0,0.28,9.8,,276.0,8.1,540.0,,135.0,164.0,244.0,8.2,48.0,798.0,1061.3400000000001,,,,,,10702.0,,,,,,,,,,,,,,,,,,
2022-07-12,241.98,91.71,15.67,349.36,7.69,3.07,1.7,5.83,138381.0,0.0,0.0,0.0,5.09,3.13,104.0,38.3,,,8.1,23410.0,0.0,0.0,0.0,2.69,1.07,2719.0,18364.0,69.3,5128.0,104.0,39.3,,,8.1,24381.0,0.0,0.0,0.0,2.62,1.05,2548.0,18461.0,69.2,4929.0,10057,370.0,7.92,4880.0,8.09,5840.0,4080.0,3669.0,0.0,0.0,173.0,7.71,0.0,14640.0,248.0,3.62,139.0,0.0,0.0,40.1,187.0,7.84,0.0,15380.0,188.0,2.47,82.0,0.0,0.0,,269.0,8.14,600.0,,151.0,175.0,231.0,9.1,48.0,585.0000000000006,778.0500000000008,69.3,69.2,69.25,30.739999999999995,0.01,10057.0,0.45705000000000007,0.5625419999999999,0.00014099999999999998,1.0197329999999998,10255.454780999999,4596.551850000001,1149.1379625000002,9193103.700000001,,,,,,,,,,
2022-07-13,212.17,178.78,20.16,411.11,7.93,4.23,2.62,5.85,145063.0,0.0,0.0,0.0,5.32,3.58,112.0,38.3,,,8.1,28628.0,0.0,0.0,0.0,2.95,1.19,2961.0,18195.0,68.8,5600.0,112.0,39.3,,,8.1,26738.0,0.0,0.0,0.0,2.87,1.13,2729.0,18226.0,68.7,5197.0,10797,328.0,7.97,5500.0,8.04,28300.0,7156.0,5648.0,0.0,0.0,177.0,7.76,0.0,14300.0,196.0,2.94,92.4,0.0,0.0,40.4,188.0,7.78,0.0,15300.0,169.0,4.17,86.5,0.0,0.0,,289.0,8.21,600.0,,141.0,208.0,208.0,8.6,48.0,798.0,1061.3400000000001,68.8,68.7,68.75,31.239999999999995,0.01,10797.0,0.45375,0.5716919999999999,0.00014099999999999998,1.025583,11073.219651,4899.13875,1224.7846875,9798277.5,,,,,,,,,,
2022-07-14,165.83,77.39,13.87,257.09000000000003,7.66,3.99,2.27,5.85,157809.0,0.0,0.0,0.0,5.34,3.31,112.0,38.3,,,8.09,22585.0,0.0,0.0,0.0,2.57,0.97,2844.0,18313.0,68.5,5846.0,112.0,39.3,,,8.09,28393.0,0.0,0.0,0.0,2.59,1.03,2596.0,18169.0,68.8,5491.0,11337,386.0,8.01,4940.0,8.08,20560.0,2190.0,4861.0,0.0,0.0,178.0,7.56,0.0,13860.0,231.0,3.79,124.0,0.0,0.0,41.0,188.0,7.67,0.0,14860.0,208.0,1.42,118.0,0.0,0.0,,337.0,8.16,680.0,,175.0,249.0,216.0,9.2,48.0,798.0,1061.3400000000001,68.5,68.8,68.65,31.33999999999999,0.01,11337.0,0.45309000000000005,0.5735219999999999,0.00014099999999999998,1.0267529999999998,11640.298760999998,5136.68133,1284.1703325,10273362.66,,,,,,,,,,
2022-07-15,138.09,0.0,16.61,154.7,7.66,3.24,1.88,5.87,152430.0,0.0,0.0,0.0,5.31,3.57,112.0,38.3,,,8.1,24160.0,0.0,0.0,0.0,2.72,1.08,2762.0,18099.0,68.9,6042.0,112.0,39.3,,,8.1,26820.0,0.0,0.0,0.0,2.49,1.03,2674.0,18216.0,68.9,5638.0,11680,309.0,7.95,4460.0,8.06,16480.0,3246.0,4566.0,0.0,0.0,175.0,7.51,0.0,14080.0,286.0,5.31,169.0,0.0,0.0,41.6,187.0,7.62,0.0,15240.0,226.0,3.45,131.0,0.0,0.0,,340.0,8.2,640.0,,156.0,192.0,179.0,8.5,48.0,798.0,1061.3400000000001,68.9,68.9,68.9,31.08999999999999,0.01,11680.0,0.45474000000000003,0.5689469999999998,0.00014099999999999998,1.0238279999999997,11958.311039999997,5311.363200000001,1327.8408000000002,10622726.400000002,,,,,,,,,,
2022-07-16,110.08,88.33,24.8,223.20999999999998,0.0,0.0,0.0,0.0,0.0,0.0,0.0,0.0,0.0,0.0,112.0,0.0,,,0.0,0.0,0.0,0.0,0.0,0.0,0.0,0.0,0.0,0.0,6018.0,112.0,0.0,,,0.0,0.0,0.0,0.0,0.0,0.0,0.0,0.0,0.0,0.0,5622.0,11640,313.0,0.0,0.0,0.0,0.0,0.0,0.0,0.0,0.0,175.0,0.0,0.0,0.0,0.0,0.0,0.0,0.0,0.0,0.0,184.0,0.0,0.0,0.0,0.0,0.0,0.0,0.0,0.0,0.0,340.0,0.0,0.0,,0.0,0.0,0.0,0.0,48.0,798.0,1061.3400000000001,0.0,0.0,0.0,99.99,0.01,11640.0,0.0,1.8298169999999998,0.00014099999999999998,1.8299579999999998,21300.711119999996,0.0,0.0,0.0,,,,,,,,,,
2022-07-17,0.0,0.0,0.0,0.0,0.0,0.0,0.0,0.0,0.0,0.0,0.0,0.0,0.0,0.0,112.0,0.0,,,0.0,0.0,0.0,0.0,0.0,0.0,0.0,0.0,0.0,0.0,5924.0,112.0,0.0,,,0.0,0.0,0.0,0.0,0.0,0.0,0.0,0.0,0.0,0.0,5632.0,11556,363.0,0.0,0.0,0.0,0.0,0.0,0.0,0.0,0.0,174.0,0.0,0.0,0.0,0.0,0.0,0.0,0.0,0.0,0.0,184.0,0.0,0.0,0.0,0.0,0.0,0.0,0.0,0.0,0.0,335.0,0.0,0.0,,0.0,0.0,0.0,0.0,48.0,798.0,1061.3400000000001,,,,,,11556.0,,,,,,,,,,,,,,,,,,
2022-07-18,187.44,180.58,29.96,397.98,7.77,1.59,0.94,5.57,157256.0,5363.0,885.0,0.0,5.11,3.09,112.0,38.5,,,8.14,23080.0,5914.0,613.0,0.0,2.61,0.98,2719.0,18428.0,68.8,5856.0,112.0,39.6,,,8.16,31523.0,5329.0,548.0,0.0,2.59,0.85,2574.0,18392.0,68.9,5551.0,11407,334.0,8.23,6300.0,8.17,6840.0,1568.0,3745.0,358.0,0.0,173.0,7.61,0.0,14240.0,218.0,15.42,140.0,0.21,12.3,43.1,184.0,7.91,0.0,15200.0,151.0,15.02,79.0,0.39,11.8,,331.0,8.18,540.0,,194.0,277.0,194.0,10.8,48.0,692.0000000000002,920.3600000000004,,,,,,11407.0,,,,,,,,,,,,,,,,,,
2022-07-19,239.39,77.16,17.92,334.46999999999997,7.48,4.26,2.62,5.89,150835.0,0.0,0.0,0.0,5.12,3.29,108.0,38.5,,,8.12,24304.0,0.0,0.0,0.0,2.7,1.17,2865.0,18175.0,69.2,5430.0,108.0,39.6,,,8.14,26632.0,0.0,0.0,0.0,2.61,1.04,2661.0,17288.0,69.4,5272.0,10702,406.0,8.19,5840.0,8.12,7420.0,2062.0,3619.0,0.0,0.0,172.0,7.66,0.0,14620.0,185.0,2.96,121.0,0.0,0.0,43.5,183.0,7.89,0.0,14980.0,164.0,5.49,71.0,0.0,0.0,,329.0,8.21,620.0,,185.0,249.0,161.0,9.6,48.0,798.0,1061.3400000000001,69.2,69.4,69.30000000000001,30.689999999999984,0.01,10702.0,0.45738000000000006,0.5616269999999998,0.00014099999999999998,1.0191479999999997,10906.921895999996,4894.880760000001,1223.7201900000002,9789761.520000001,,,,,,,,,,
2022-07-20,161.55,0.0,21.94,183.49,7.99,2.95,1.4,5.91,156906.0,0.0,0.0,0.0,5.19,3.24,112.0,38.5,,,8.12,23416.0,0.0,0.0,0.0,2.67,0.97,2659.0,18352.0,69.5,5654.0,112.0,39.6,,,8.13,26884.0,0.0,0.0,0.0,2.69,0.94,2835.0,18041.0,69.8,5264.0,10918,315.0,7.98,7480.0,8.09,5680.0,2208.0,3582.0,0.0,0.0,178.0,7.68,0.0,13960.0,204.0,5.61,102.0,0.0,0.0,42.6,148.0,7.82,0.0,15080.0,149.0,3.86,81.0,0.0,0.0,,307.0,8.19,600.0,,149.0,216.0,173.0,10.2,48.0,798.0,1061.3400000000001,69.5,69.8,69.65,30.33999999999999,0.01,10918.0,0.4596900000000001,0.5552219999999999,0.00014099999999999998,1.015053,11082.348654,5018.895420000001,1254.7238550000002,10037790.840000002,,,,,,,,,,
2022-07-21,137.46,87.59,15.97,241.02,8.19,2.66,1.21,5.99,156434.0,0.0,0.0,0.0,5.1,3.09,112.0,38.5,,,8.13,29796.0,0.0,0.0,0.0,2.56,0.77,2486.0,18117.0,68.9,5727.0,112.0,39.6,,,8.12,28833.0,0.0,0.0,0.0,2.48,0.75,2625.0,18385.0,69.1,5291.0,11018,283.0,8.12,4300.0,8.09,4760.0,3144.0,1059.0,0.0,0.0,156.0,7.75,0.0,13260.0,174.0,1.71,90.5,0.0,0.0,42.0,177.0,7.88,0.0,14280.0,129.0,2.54,39.5,0.0,0.0,,226.0,8.15,540.0,,131.0,164.0,196.0,8.9,48.0,798.0,1061.3400000000001,68.9,69.1,69.0,30.989999999999995,0.01,11018.0,0.45539999999999997,0.567117,0.00014099999999999998,1.0226579999999998,11267.645843999999,5017.597199999999,1254.3992999999998,10035194.399999999,,,,,,,,,,
2022-07-22,137.33,180.32,17.18,334.83000000000004,7.92,3.64,2.09,5.97,160450.0,0.0,0.0,0.0,5.31,3.39,112.0,38.5,,,8.15,27934.0,0.0,0.0,0.0,2.48,0.97,2667.0,18394.0,69.4,5546.0,112.0,39.6,,,8.14,30391.0,0.0,0.0,0.0,2.8,1.14,2940.0,18574.0,69.6,5181.0,10727,423.0,8.15,4860.0,8.16,5860.0,2867.0,3810.0,0.0,0.0,149.0,7.79,0.0,12880.0,142.0,2.62,74.5,0.0,0.0,41.6,176.0,7.9,0.0,13860.0,102.0,1.87,31.2,0.0,0.0,,333.0,8.2,640.0,,126.0,181.0,158.0,9.2,48.0,1330.0,1768.9,69.4,69.6,69.5,30.489999999999995,0.01,10727.0,0.45870000000000005,0.557967,0.00014099999999999998,1.016808,10907.299416,4920.4749,1230.118725,9840949.8,,,,,,,,,,
2022-07-23,108.14,56.02,23.6,187.76,0.0,0.0,0.0,0.0,0.0,0.0,0.0,0.0,0.0,0.0,112.0,0.0,,,0.0,0.0,0.0,0.0,0.0,0.0,0.0,0.0,0.0,0.0,5382.0,112.0,0.0,,,0.0,0.0,0.0,0.0,0.0,0.0,0.0,0.0,0.0,0.0,4055.0,9437,384.0,0.0,0.0,0.0,0.0,0.0,0.0,0.0,0.0,144.0,0.0,0.0,0.0,0.0,0.0,0.0,0.0,0.0,0.0,175.0,0.0,0.0,0.0,0.0,0.0,0.0,0.0,0.0,0.0,313.0,0.0,0.0,,0.0,0.0,0.0,0.0,48.0,931.0,1238.23,0.0,0.0,0.0,99.99,0.01,9437.0,0.0,1.8298169999999998,0.00014099999999999998,1.8299579999999998,17269.313646,0.0,0.0,0.0,,,,,,,,,,
2022-07-24,0.0,0.0,0.0,0.0,0.0,0.0,0.0,0.0,0.0,0.0,0.0,0.0,0.0,0.0,112.0,0.0,,,0.0,0.0,0.0,0.0,0.0,0.0,0.0,0.0,0.0,0.0,5323.0,112.0,0.0,,,0.0,0.0,0.0,0.0,0.0,0.0,0.0,0.0,0.0,0.0,6019.0,11342,319.0,0.0,0.0,0.0,0.0,0.0,0.0,0.0,0.0,144.0,0.0,0.0,0.0,0.0,0.0,0.0,0.0,0.0,0.0,176.0,0.0,0.0,0.0,0.0,0.0,0.0,0.0,0.0,0.0,324.0,0.0,0.0,,0.0,0.0,0.0,0.0,48.0,798.0,1061.3400000000001,,,,,,11342.0,,,,,,,,,,,,,,,,,,
2022-07-25,215.96,38.57,28.77,283.3,7.87,3.35,1.7,5.68,126459.0,5641.0,925.0,0.0,4.67,2.82,116.0,39.2,,,8.16,2272.0,5674.0,614.0,0.0,2.49,0.97,2518.0,18502.0,69.6,5163.0,116.0,40.1,,,8.17,29097.0,6198.0,651.0,0.0,2.6,0.85,2654.0,18321.0,69.9,4856.0,10019,197.0,,0.0,8.27,8100.0,2301.0,3695.0,409.0,0.0,167.0,7.88,281.0,16940.0,128.0,11.12,20.4,0.54,10.8,41.2,131.0,8.03,264.0,16800.0,88.0,3.67,27.6,1.14,9.8,,237.0,8.25,640.0,,211.0,250.0,57.0,9.6,40.0,825.0000000000002,1097.2500000000005,,,,,,10019.0,,,,,,,,,,,,,,,,,,
2022-07-26,185.71,91.39,18.15,295.25,7.84,4.16,2.45,5.54,140251.0,0.0,0.0,0.0,5.1,3.37,120.0,39.2,,,8.13,28446.0,0.0,0.0,0.0,2.68,1.08,2436.0,18137.0,69.1,5475.0,120.0,40.2,,,8.14,30416.0,0.0,0.0,0.0,2.76,1.12,2839.0,17984.0,69.2,5060.0,10535,291.0,8.17,4060.0,8.21,7900.0,3046.0,3510.0,0.0,0.0,161.0,7.9,0.0,16600.0,96.0,5.16,15.2,0.0,0.0,41.0,164.0,7.99,0.0,16460.0,76.0,1.93,20.2,0.0,0.0,,185.0,8.21,740.0,,196.0,221.0,81.0,10.2,36.0,798.0,1061.3400000000001,69.1,69.2,69.15,30.83999999999999,0.01,10535.0,0.45639,0.5643719999999999,0.00014099999999999998,1.020903,10755.213104999999,4808.06865,1202.0171625,9616137.3,,,,,,,,,,
2022-07-27,187.46,179.4,22.35,389.21000000000004,7.86,2.8,1.61,5.67,144183.0,0.0,0.0,0.0,4.99,3.19,115.0,39.2,,,8.12,30426.0,0.0,0.0,0.0,2.75,1.16,2764.0,18270.0,68.8,5547.0,115.0,40.2,,,8.12,29088.0,0.0,0.0,0.0,2.62,1.05,2604.0,18116.0,68.6,5082.0,10629,291.0,8.08,4640.0,8.12,5440.0,2693.0,3752.0,0.0,0.0,148.0,7.86,0.0,15980.0,102.0,7.31,25.8,0.0,0.0,40.6,151.0,8.01,0.0,16180.0,68.0,3.26,9.7,0.0,0.0,,177.0,8.23,860.0,,145.0,188.0,88.0,10.8,36.0,798.0,1061.3400000000001,68.8,68.6,68.69999999999999,31.290000000000006,0.01,10629.0,0.45341999999999993,0.5726070000000001,0.00014099999999999998,1.026168,10907.139672,4819.401179999999,1204.8502949999997,9638802.359999998,,,,,,,,,,
2022-07-28,138.91,76.79,15.34,231.04000000000002,7.69,1.95,1.22,5.81,170974.0,0.0,0.0,0.0,4.91,3.27,120.0,39.2,,,8.12,30476.0,0.0,0.0,0.0,2.7,1.08,2697.0,18430.0,68.4,5664.0,120.0,40.2,,,8.12,32388.0,0.0,0.0,0.0,2.59,1.04,2801.0,18307.0,68.3,5225.0,10889,246.0,,0.0,8.05,1060.0,1023.0,2681.0,0.0,0.0,147.0,7.8,0.0,16530.0,110.0,3.65,40.8,0.0,0.0,40.3,151.0,7.89,0.0,16860.0,110.0,1.75,42.4,0.0,0.0,,226.0,8.18,780.0,,111.0,140.0,98.0,9.9,36.0,798.0,1061.3400000000001,68.4,68.3,68.35,31.64,0.01,10889.0,0.45110999999999996,0.5790120000000001,0.00014099999999999998,1.030263,11218.533807,4912.13679,1228.0341975,9824273.579999998,,,,,,,,,,
2022-07-29,138.35,0.0,17.28,155.63,7.71,2.38,1.29,5.94,188356.0,0.0,0.0,0.0,5.05,3.28,120.0,39.2,,,8.13,29518.0,0.0,0.0,0.0,2.72,1.12,2812.0,18540.0,68.8,5704.0,120.0,40.2,,,8.13,30895.0,0.0,0.0,0.0,2.61,1.1,2697.0,18290.0,68.8,5151.0,10855,197.0,8.05,6520.0,7.97,3680.0,2308.0,2914.0,0.0,0.0,143.0,7.82,0.0,16380.0,121.0,5.08,36.2,0.0,0.0,40.1,150.0,7.85,0.0,16540.0,102.0,3.74,38.9,0.0,0.0,,174.0,8.19,680.0,,129.0,153.0,104.0,8.6,36.0,798.0,1061.3400000000001,,,,,,10855.0,,,,,,,,,,,,,,,,,,
2022-07-30,138.54,135.88,24.83,299.25,0.0,0.0,0.0,0.0,0.0,0.0,0.0,0.0,0.0,0.0,120.0,0.0,,,0.0,0.0,0.0,0.0,0.0,0.0,0.0,0.0,0.0,0.0,5688.0,120.0,0.0,,,0.0,0.0,0.0,0.0,0.0,0.0,0.0,0.0,0.0,0.0,5191.0,10879,187.0,0.0,0.0,0.0,0.0,0.0,0.0,0.0,0.0,144.0,0.0,0.0,0.0,0.0,0.0,0.0,0.0,0.0,0.0,184.0,0.0,0.0,0.0,0.0,0.0,0.0,0.0,0.0,0.0,133.0,0.0,0.0,,0.0,0.0,0.0,0.0,36.0,798.0,1061.3400000000001,,,,,,10879.0,,,,,,,,,,,,,,,,,,
2022-07-31,0.0,0.0,0.0,0.0,0.0,0.0,0.0,0.0,0.0,0.0,0.0,0.0,0.0,0.0,120.0,0.0,,,0.0,0.0,0.0,0.0,0.0,0.0,0.0,0.0,0.0,0.0,5617.0,120.0,0.0,,,0.0,0.0,0.0,0.0,0.0,0.0,0.0,0.0,0.0,0.0,5173.0,10790,272.0,0.0,0.0,0.0,0.0,0.0,0.0,0.0,0.0,170.0,0.0,0.0,0.0,0.0,0.0,0.0,0.0,0.0,0.0,151.0,0.0,0.0,0.0,0.0,0.0,0.0,0.0,0.0,0.0,263.0,0.0,0.0,,0.0,0.0,0.0,0.0,36.0,0.0,0.0,,,,,,10790.0,,,,,,,,,,,,,,,,,,
2022-08-01,215.88,109.79,29.47,355.14,8.03,2.41,1.04,5.88,139245.0,5152.0,913.0,0.0,4.67,2.87,120.0,39.3,,,8.1,27766.0,6148.0,594.0,0.0,2.68,1.07,2997.0,18841.0,69.1,5522.0,120.0,40.2,,,8.1,27678.0,6190.0,637.0,0.0,2.74,1.06,3108.0,18530.0,68.9,5052.0,10574,242.0,8.03,1340.0,8.19,3940.0,3293.0,2719.0,266.0,0.0,136.0,7.94,239.0,14700.0,91.0,1.67,30.4,0.14,11.1,40.0,145.0,7.98,224.0,18040.0,73.0,3.96,19.5,0.85,13.3,,164.0,8.21,720.0,,151.0,196.0,82.0,10.8,36.0,877.9999999999995,1167.7399999999996,,,,,,10574.0,,,,,,,,,,,,,,,,,,
2022-08-02,183.8,84.24,17.07,285.11,7.75,2.88,1.69,6.0,146203.0,0.0,0.0,0.0,4.96,2.97,120.0,39.3,,,8.1,26917.0,0.0,0.0,0.0,2.79,1.19,3285.0,18530.0,68.9,5345.0,120.0,40.2,,,8.1,28138.0,0.0,0.0,0.0,2.87,1.27,2980.0,18337.0,68.7,4958.0,10303,331.0,8.06,3840.0,8.15,2000.0,2837.0,2980.0,0.0,0.0,136.0,7.92,0.0,14760.0,102.0,1.12,28.6,0.0,0.0,40.0,144.0,7.94,0.0,19140.0,68.0,1.64,15.6,0.0,0.0,,224.0,8.25,760.0,,184.0,211.0,75.0,10.5,36.0,1064.0,1415.1200000000001,68.9,68.7,68.80000000000001,31.189999999999984,0.01,10303.0,0.4540800000000001,0.5707769999999998,0.00014099999999999998,1.0249979999999999,10560.554393999999,4678.386240000001,1169.5965600000002,9356772.480000002,,,,,,,,,,
2022-08-03,214.29,38.76,22.28,275.33,7.6,2.23,1.22,5.72,142904.0,0.0,0.0,0.0,4.85,3.0,120.0,39.3,,,8.08,28106.0,0.0,0.0,0.0,2.66,1.06,3221.0,18173.0,69.3,5439.0,120.0,40.2,,,8.08,31614.0,0.0,0.0,0.0,2.49,0.94,3184.0,18281.0,69.1,4906.0,10345,241.0,8.01,1300.0,8.08,26000.0,6495.0,3718.0,0.0,0.0,137.0,7.96,0.0,14360.0,78.0,2.51,14.6,0.0,0.0,40.1,144.0,7.95,0.0,18880.0,59.0,1.35,7.3,0.0,0.0,,257.0,8.19,720.0,,192.0,236.0,61.0,9.4,36.0,1064.0,1415.1200000000001,69.3,69.1,69.19999999999999,30.790000000000006,0.01,10345.0,0.45671999999999996,0.5634570000000001,0.00014099999999999998,1.020318,10555.18971,4724.7684,1181.1921,9449536.8,,,,,,,,,,
2022-08-04,138.64,88.31,16.73,243.68,0.0,0.0,0.0,0.0,0.0,0.0,0.0,0.0,0.0,0.0,120.0,0.0,,,0.0,0.0,0.0,0.0,0.0,0.0,0.0,0.0,0.0,0.0,5418.0,120.0,0.0,,,0.0,0.0,0.0,0.0,0.0,0.0,0.0,0.0,0.0,0.0,4951.0,10369,269.0,0.0,0.0,0.0,0.0,0.0,0.0,0.0,0.0,137.0,0.0,0.0,0.0,0.0,0.0,0.0,0.0,0.0,0.0,119.0,0.0,0.0,0.0,0.0,0.0,0.0,0.0,0.0,0.0,190.0,0.0,0.0,,0.0,0.0,0.0,0.0,36.0,1064.0,1415.1200000000001,0.0,0.0,0.0,99.99,0.01,10369.0,0.0,1.8298169999999998,0.00014099999999999998,1.8299579999999998,18974.834501999998,0.0,0.0,0.0,,,,,,,,,,
2022-08-05,110.11,64.61,18.03,192.75,7.86,3.86,2.34,5.63,139438.0,0.0,0.0,0.0,4.64,2.98,120.0,39.3,,,8.07,29770.0,0.0,0.0,0.0,2.79,1.17,3008.0,18440.0,68.6,5435.0,120.0,40.2,,,8.06,27094.0,0.0,0.0,0.0,2.75,1.12,3361.0,18562.0,68.3,5013.0,10448,352.0,8.18,5560.0,8.18,8430.0,2026.0,3473.0,0.0,0.0,146.0,7.95,0.0,15960.0,171.0,3.35,91.0,0.0,0.0,40.4,151.0,7.99,0.0,16860.0,132.0,2.54,62.0,0.0,0.0,,288.0,8.24,620.0,,139.0,181.0,108.0,9.1,36.0,1007.9999999999997,1340.6399999999996,68.6,68.3,68.44999999999999,31.540000000000006,0.01,10448.0,0.45176999999999995,0.5771820000000001,0.00014099999999999998,1.029093,10751.963664,4720.092959999999,1180.0232399999998,9440185.919999998,,,,,,,,,,
2022-08-06,109.92,148.88,25.58,284.38,0.0,0.0,0.0,0.0,0.0,0.0,0.0,0.0,0.0,0.0,120.0,0.0,,,0.0,0.0,0.0,0.0,0.0,0.0,0.0,0.0,0.0,0.0,5307.0,120.0,0.0,,,0.0,0.0,0.0,0.0,0.0,0.0,0.0,0.0,0.0,0.0,4906.0,10213,224.0,0.0,0.0,0.0,0.0,0.0,0.0,0.0,0.0,146.0,0.0,0.0,0.0,0.0,0.0,0.0,0.0,0.0,0.0,141.0,0.0,0.0,0.0,0.0,0.0,0.0,0.0,0.0,0.0,231.0,0.0,0.0,,0.0,0.0,0.0,0.0,36.0,931.0,1238.23,0.0,0.0,0.0,99.99,0.01,10213.0,0.0,1.8298169999999998,0.00014099999999999998,1.8299579999999998,18689.361053999997,0.0,0.0,0.0,,,,,,,,,,
2022-08-07,0.0,0.0,0.0,0.0,0.0,0.0,0.0,0.0,0.0,0.0,0.0,0.0,0.0,0.0,120.0,0.0,,,0.0,0.0,0.0,0.0,0.0,0.0,0.0,0.0,0.0,0.0,5401.0,120.0,0.0,,,0.0,0.0,0.0,0.0,0.0,0.0,0.0,0.0,0.0,0.0,4862.0,10263,362.0,0.0,0.0,0.0,0.0,0.0,0.0,0.0,0.0,149.0,0.0,0.0,0.0,0.0,0.0,0.0,0.0,0.0,0.0,161.0,0.0,0.0,0.0,0.0,0.0,0.0,0.0,0.0,0.0,192.0,0.0,0.0,,0.0,0.0,0.0,0.0,36.0,931.0,1238.23,,,,,,10263.0,,,,,,,,,,,,,,,,,,
2022-08-08,187.59,131.42,30.77,349.78,7.57,3.42,1.88,5.6,118986.0,5379.0,800.0,0.0,4.74,2.9,120.0,39.8,,,8.08,20437.0,5166.0,510.0,0.0,2.5,0.78,2461.0,18518.0,68.9,5340.0,120.0,40.2,,,8.04,23514.0,5294.0,523.0,0.0,2.71,1.04,2847.0,18235.0,68.7,4881.0,10221,320.0,8.2,1800.0,8.18,13300.0,4446.0,4266.0,552.0,0.0,163.0,7.86,204.0,13240.0,194.0,6.5,112.0,0.11,5.9,41.2,168.0,7.9,205.0,15430.0,161.0,4.54,84.0,0.35,6.5,,255.0,8.31,460.0,,156.0,185.0,126.0,5.8,36.0,931.0,1238.23,,,,,,10221.0,,,,,,,,,,,,,,,,,,
2022-08-09,184.8,91.76,18.12,294.68,7.82,2.98,1.71,5.66,140952.0,0.0,0.0,0.0,5.01,3.14,120.0,39.8,,,8.07,23641.0,0.0,0.0,0.0,2.61,0.95,2713.0,18395.0,68.2,5366.0,120.0,40.2,,,8.03,26442.0,0.0,0.0,0.0,2.68,1.07,2576.0,18409.0,67.9,4958.0,10324,200.0,,0.0,8.15,11640.0,3897.0,4085.0,0.0,0.0,168.0,7.81,0.0,13620.0,215.0,3.27,131.0,0.0,0.0,41.5,173.0,7.85,0.0,14960.0,136.0,1.27,71.0,0.0,0.0,,244.0,8.26,540.0,,132.0,166.0,139.0,6.2,36.0,931.0,1238.23,68.2,67.9,68.05000000000001,31.939999999999984,0.01,10324.0,0.4491300000000001,0.5845019999999997,0.00014099999999999998,1.0337729999999998,10672.672451999999,4636.818120000001,1159.2045300000002,9273636.240000002,,,,,,,,,,
2022-08-10,133.67,130.43,22.51,286.61,7.74,3.34,2.16,5.52,153147.0,0.0,0.0,0.0,5.12,3.54,120.0,39.8,,,8.06,26095.0,0.0,0.0,0.0,2.69,1.15,3011.0,18164.0,67.3,5412.0,120.0,40.2,,,8.02,25783.0,0.0,0.0,0.0,2.75,1.21,3207.0,18009.0,67.1,4881.0,10293,302.0,7.95,10140.0,8.06,17100.0,5062.0,4514.0,0.0,0.0,156.0,7.71,0.0,12240.0,248.0,1.87,168.0,0.0,0.0,44.1,174.0,7.8,0.0,15700.0,192.0,3.83,119.0,0.0,0.0,41.7,197.0,8.19,760.0,,184.0,204.0,181.0,9.1,36.0,798.0,1061.3400000000001,67.3,67.1,67.19999999999999,32.790000000000006,0.01,10293.0,0.44351999999999997,0.6000570000000001,0.00014099999999999998,1.043718,10742.989373999999,4565.15136,1141.28784,9130302.719999999,,,,,,,,,,
2022-08-11,166.14,155.5,14.33,335.97,7.76,3.47,2.04,5.77,142366.0,0.0,0.0,0.0,5.04,3.05,120.0,39.8,,,8.06,21073.0,0.0,0.0,0.0,2.59,0.98,2637.0,18449.0,67.4,5511.0,120.0,40.2,,,8.01,25968.0,0.0,0.0,0.0,2.67,1.03,3075.0,18194.0,67.2,4910.0,10421,147.0,,,8.02,28460.0,11884.0,4041.0,0.0,0.0,138.0,7.76,0.0,13700.0,243.0,1.03,113.0,0.0,0.0,44.5,160.0,7.83,0.0,15600.0,197.0,1.17,107.0,0.0,0.0,41.9,191.0,8.26,800.0,,201.0,224.0,224.0,8.9,36.0,798.0,1061.3400000000001,67.4,67.2,67.30000000000001,32.68999999999998,0.01,10421.0,0.4441800000000001,0.5982269999999997,0.00014099999999999998,1.0425479999999998,10864.392707999998,4628.799780000001,1157.1999450000003,9257599.560000002,,,,,,,,,,
2022-08-12,110.14,0.0,17.91,128.05,7.9,2.86,1.95,5.73,158835.0,0.0,0.0,0.0,5.61,3.99,114.0,39.8,,,8.08,23644.0,0.0,0.0,0.0,2.72,1.19,3261.0,18208.0,67.9,5425.0,114.0,40.2,,,8.03,29861.0,0.0,0.0,0.0,2.88,1.27,3494.0,18372.0,67.7,4879.0,10304,269.0,7.92,8460.0,7.95,8540.0,2637.0,3869.0,0.0,0.0,148.0,7.8,0.0,14060.0,226.0,1.29,141.0,0.0,0.0,44.7,155.0,7.88,0.0,15280.0,171.0,0.82,91.0,0.0,0.0,41.8,295.0,8.29,640.0,,169.0,201.0,208.0,8.2,34.0,951.9999999999993,1266.1599999999992,67.9,67.7,67.80000000000001,32.18999999999998,0.01,10304.0,0.4474800000000001,0.5890769999999997,0.00014099999999999998,1.0366979999999997,10682.136191999996,4610.833920000001,1152.7084800000002,9221667.840000002,,,,,,,,,,
2022-08-13,109.87,177.54,23.89,311.3,0.0,0.0,0.0,0.0,0.0,0.0,0.0,0.0,0.0,0.0,108.0,0.0,,,0.0,0.0,0.0,0.0,0.0,0.0,0.0,0.0,0.0,0.0,5339.0,108.0,0.0,,,0.0,0.0,0.0,0.0,0.0,0.0,0.0,0.0,0.0,0.0,4764.0,10103,256.0,0.0,0.0,0.0,0.0,0.0,0.0,0.0,0.0,155.0,0.0,0.0,0.0,0.0,0.0,0.0,0.0,0.0,0.0,161.0,0.0,0.0,0.0,0.0,0.0,0.0,0.0,0.0,0.0,241.0,0.0,0.0,,0.0,0.0,0.0,0.0,32.0,798.0,1061.3400000000001,0.0,0.0,0.0,99.99,0.01,10103.0,0.0,1.8298169999999998,0.00014099999999999998,1.8299579999999998,18488.065673999998,0.0,0.0,0.0,,,,,,,,,,
2022-08-14,0.0,0.0,0.0,0.0,0.0,0.0,0.0,0.0,0.0,0.0,0.0,0.0,0.0,0.0,96.0,0.0,,,0.0,0.0,0.0,0.0,0.0,0.0,0.0,0.0,0.0,0.0,5026.0,96.0,0.0,,,0.0,0.0,0.0,0.0,0.0,0.0,0.0,0.0,0.0,0.0,4527.0,9553,298.0,0.0,0.0,0.0,0.0,0.0,0.0,0.0,0.0,151.0,0.0,0.0,0.0,0.0,0.0,0.0,0.0,0.0,0.0,132.0,0.0,0.0,0.0,0.0,0.0,0.0,0.0,0.0,0.0,250.0,0.0,0.0,,0.0,0.0,0.0,0.0,32.0,798.0,1061.3400000000001,,,,,,9553.0,,,,,,,,,,,,,,,,,,
2022-08-15,134.05,163.71,30.12,327.88,0.0,0.0,0.0,0.0,0.0,0.0,0.0,0.0,0.0,0.0,96.0,0.0,,,0.0,0.0,0.0,0.0,0.0,0.0,0.0,0.0,0.0,0.0,4795.0,96.0,0.0,,,0.0,0.0,0.0,0.0,0.0,0.0,0.0,0.0,0.0,0.0,4322.0,9117,206.0,0.0,0.0,0.0,0.0,0.0,0.0,0.0,0.0,119.0,0.0,0.0,0.0,0.0,0.0,0.0,0.0,0.0,0.0,173.0,0.0,0.0,0.0,0.0,0.0,0.0,0.0,0.0,0.0,205.0,0.0,0.0,,0.0,0.0,0.0,0.0,32.0,798.0,1061.3400000000001,,,,,,9117.0,,,,,,,,,,,,,,,,,,
2022-08-16,209.23,0.0,15.25,224.48,7.69,2.53,1.51,5.82,112511.0,4176.0,646.0,0.0,4.89,3.03,90.0,39.8,,,8.16,30902.0,5320.0,521.0,0.0,2.77,1.16,2863.0,18639.0,68.4,4322.0,90.0,40.2,,,8.09,27498.0,5648.0,517.0,0.0,2.84,1.25,3341.0,18175.0,68.2,4182.0,8504,0.0,,0.0,,,,0.0,0.0,0.0,87.0,,0.0,,0.0,,,,0.0,,40.0,,0.0,,0.0,,,,0.0,,0.0,,,,,,0.0,0.0,32.0,798.0,1061.3400000000001,,,,,,8504.0,,,,,,,,,,,,,,,,,,
2022-08-17,181.08,0.0,23.31,204.39000000000001,8.09,2.83,1.02,5.74,105736.0,0.0,0.0,0.0,4.69,2.78,84.0,0.0,,,8.14,28495.0,0.0,0.0,0.0,2.51,0.94,2569.0,18348.0,68.6,4005.0,84.0,0.0,,,8.08,25952.0,0.0,0.0,0.0,2.48,0.91,2837.0,18331.0,68.5,3906.0,7911,0.0,,0.0,,,,0.0,0.0,0.0,0.0,7.78,0.0,16740.0,265.0,4.99,120.0,,56.9,44.3,0.0,,0.0,,0.0,,,,0.0,,0.0,,,,,,0.0,0.0,24.0,798.0,1061.3400000000001,68.6,68.5,68.55,31.439999999999998,0.01,7911.0,0.45243,0.575352,0.00014099999999999998,1.027923,8131.898853,3579.17373,894.7934325,7158347.46,,,,,,,,,,
2022-08-18,129.24,0.0,16.61,145.85000000000002,8.15,2.66,1.3,5.9,140404.0,0.0,0.0,0.0,5.05,3.24,90.0,0.0,,,8.13,26230.0,0.0,0.0,0.0,2.72,1.14,2763.0,18218.0,69.1,3998.0,90.0,0.0,,,8.08,25975.0,0.0,0.0,0.0,2.71,1.09,3052.0,17895.0,68.9,3835.0,7833,93.0,,0.0,,,,0.0,0.0,0.0,0.0,,0.0,,0.0,,,,0.0,,0.0,,0.0,,0.0,,,,0.0,,95.0,,,,,,0.0,0.0,24.0,798.0,1061.3400000000001,69.1,68.9,69.0,30.989999999999995,0.01,7833.0,0.45539999999999997,0.567117,0.00014099999999999998,1.0226579999999998,8010.480113999999,3567.1481999999996,891.7870499999999,7134296.399999999,,,,,,,,,,
2022-08-19,103.65,180.52,17.59,301.76,8.06,3.19,1.46,5.92,134381.0,0.0,0.0,0.0,5.24,3.16,96.0,0.0,,,8.16,26860.0,0.0,0.0,0.0,2.83,1.19,2972.0,18493.0,68.5,4320.0,96.0,0.0,,,8.12,26205.0,0.0,0.0,0.0,2.76,1.12,3208.0,18210.0,68.6,3884.0,8204,212.0,8.21,2860.0,,0.0,0.0,0.0,0.0,0.0,68.0,,0.0,0.0,0.0,0.0,0.0,0.0,0.0,0.0,82.0,,0.0,0.0,0.0,0.0,0.0,0.0,0.0,0.0,160.0,8.24,540.0,,142.0,185.0,112.0,11.4,28.0,849.9999999999993,1130.499999999999,68.5,68.6,68.55,31.439999999999998,0.01,8204.0,0.45243,0.575352,0.00014099999999999998,1.027923,8433.080291999999,3711.73572,927.93393,7423471.44,,,,,,,,,,
2022-08-20,109.79,56.42,24.22,190.43,0.0,0.0,0.0,0.0,0.0,0.0,0.0,0.0,0.0,0.0,102.0,0.0,,,0.0,0.0,0.0,0.0,0.0,0.0,0.0,0.0,0.0,0.0,4448.0,102.0,0.0,,,0.0,0.0,0.0,0.0,0.0,0.0,0.0,0.0,0.0,0.0,3974.0,8422,271.0,0.0,0.0,0.0,0.0,0.0,0.0,0.0,0.0,128.0,0.0,0.0,0.0,0.0,0.0,0.0,0.0,0.0,0.0,134.0,0.0,0.0,0.0,0.0,0.0,0.0,0.0,0.0,0.0,130.0,0.0,0.0,,0.0,0.0,0.0,0.0,32.0,798.0,1061.3400000000001,0.0,0.0,0.0,99.99,0.01,8422.0,0.0,1.8298169999999998,0.00014099999999999998,1.8299579999999998,15411.906275999998,0.0,0.0,0.0,,,,,,,,,,
2022-08-21,0.0,0.0,0.0,0.0,0.0,0.0,0.0,0.0,0.0,0.0,0.0,0.0,0.0,0.0,102.0,0.0,,,0.0,0.0,0.0,0.0,0.0,0.0,0.0,0.0,0.0,0.0,4486.0,102.0,0.0,,,0.0,0.0,0.0,0.0,0.0,0.0,0.0,0.0,0.0,0.0,3962.0,8448,291.0,0.0,0.0,0.0,0.0,0.0,0.0,0.0,0.0,124.0,0.0,0.0,0.0,0.0,0.0,0.0,0.0,0.0,0.0,134.0,0.0,0.0,0.0,0.0,0.0,0.0,0.0,0.0,0.0,169.0,0.0,0.0,,0.0,0.0,0.0,0.0,36.0,798.0,1061.3400000000001,,,,,,8448.0,,,,,,,,,,,,,,,,,,
2022-08-22,130.3,39.69,30.61,200.60000000000002,7.72,2.67,1.49,5.67,152872.0,4759.0,1065.0,0.0,5.02,3.19,102.0,40.1,,,8.13,28668.0,5491.0,625.0,0.0,2.58,1.07,3095.0,18635.0,68.3,4605.0,102.0,40.4,,,8.05,33515.0,5890.0,835.0,0.0,2.58,1.03,2762.0,217994.0,68.4,4045.0,8650,260.0,8.31,840.0,8.33,7940.0,2433.0,4088.0,268.0,0.0,109.0,,,,,,,,,,134.0,7.75,243.0,15400.0,250.0,2.4,136.1,0.18,21.1,37.2,165.0,8.26,640.0,,135.0,187.0,202.0,13.1,40.0,798.0,1061.3400000000001,,,,,,8650.0,,,,,,,,,,,,,,,,,,
2022-08-23,242.47,183.72,14.71,440.9,8.04,2.69,1.5,5.75,146037.0,0.0,0.0,0.0,4.89,3.25,102.0,40.1,,,8.15,29401.0,0.0,0.0,0.0,2.68,1.19,2912.0,18387.0,68.0,4662.0,102.0,40.4,,,8.07,31844.0,0.0,0.0,0.0,2.78,1.22,3291.0,17852.0,67.9,4064.0,8726,287.0,8.17,960.0,8.3,1940.0,1806.0,3227.0,,0.0,139.0,7.52,219.0,15540.0,231.0,6.31,135.2,0.21,18.4,39.7,139.0,7.66,226.0,14900.0,278.0,1.31,159.8,0.11,19.5,37.9,113.0,8.26,600.0,,156.0,201.0,222.0,11.8,40.0,798.0,1061.3400000000001,68.0,67.9,67.95,32.03999999999999,0.01,8726.0,0.44847000000000004,0.5863319999999999,0.00014099999999999998,1.034943,9030.912618,3913.3492200000005,978.3373050000001,7826698.440000001,,,,,,,,,,
2022-08-24,106.43,88.41,20.41,215.25,7.71,2.93,1.67,5.76,139406.0,0.0,0.0,0.0,5.0,2.98,102.0,40.1,,,8.15,27418.0,0.0,0.0,0.0,2.49,0.88,2662.0,18419.0,67.6,4692.0,102.0,40.4,,,8.08,28951.0,0.0,0.0,0.0,2.75,1.03,2840.0,18116.0,67.8,4093.0,8785,347.0,8.21,10840.0,8.31,2900.0,2124.0,3639.0,0.0,0.0,152.0,7.4,,16340.0,328.0,4.77,197.0,0.0,0.0,39.0,153.0,7.59,,15660.0,295.0,3.52,186.0,0.0,0.0,38.0,39.0,8.23,720.0,,137.0,223.0,191.0,10.2,44.0,798.0,1061.3400000000001,67.6,67.8,67.69999999999999,32.290000000000006,0.01,8785.0,0.44681999999999994,0.5909070000000001,0.00014099999999999998,1.037868,9117.67038,3925.3136999999992,981.3284249999998,7850627.3999999985,,,,,,,,,,
2022-08-25,110.12,97.1,14.35,221.57,7.84,2.1,1.29,5.76,145644.0,0.0,0.0,0.0,4.84,3.22,93.0,40.1,,,8.15,26860.0,0.0,0.0,0.0,2.58,1.07,2389.0,18118.0,68.2,4580.0,94.0,40.4,,,8.07,32627.0,0.0,0.0,0.0,2.46,1.02,2519.0,17967.0,68.4,4088.0,8668,371.0,8.2,3000.0,8.24,3460.0,2272.0,3717.0,0.0,0.0,159.0,7.39,,15000.0,327.0,1.91,217.0,0.0,0.0,39.9,165.0,7.48,,15660.0,299.0,0.44,193.0,0.0,0.0,38.1,284.0,8.29,360.0,,119.0,168.0,217.0,8.7,44.0,798.0,1061.3400000000001,68.2,68.4,68.30000000000001,31.689999999999984,0.01,8668.0,0.4507800000000001,0.5799269999999997,0.00014099999999999998,1.0308479999999998,8935.390463999998,3907.361040000001,976.8402600000003,7814722.080000002,,,,,,,,,,
2022-08-26,135.85,0.0,16.69,152.54,7.76,2.84,1.61,5.81,150294.0,0.0,0.0,0.0,4.79,3.09,102.0,40.1,,,8.16,28043.0,0.0,0.0,0.0,2.61,1.09,2537.0,18342.0,68.2,4592.0,102.0,40.4,,,8.09,29905.0,0.0,0.0,0.0,2.54,1.05,2475.0,18239.0,68.5,4269.0,8861,256.0,8.15,3640.0,8.14,5640.0,2749.0,3827.0,0.0,0.0,145.0,7.49,0.0,15880.0,296.0,2.32,184.0,0.0,0.0,40.2,169.0,7.56,0.0,15200.0,254.0,1.58,167.0,0.0,0.0,38.3,255.0,8.25,520.0,,135.0,184.0,261.0,9.5,48.0,821.9999999999992,1093.259999999999,,,,,,8861.0,,,,,,,,,,,,,,,,,,
2022-08-27,82.34,113.25,23.73,219.32,0.0,0.0,0.0,0.0,0.0,0.0,0.0,0.0,0.0,0.0,102.0,0.0,,,0.0,0.0,0.0,0.0,0.0,0.0,0.0,0.0,0.0,0.0,4618.0,102.0,0.0,,,0.0,0.0,0.0,0.0,0.0,0.0,0.0,0.0,0.0,0.0,4431.0,9049,291.0,0.0,0.0,0.0,0.0,0.0,0.0,0.0,0.0,150.0,0.0,0.0,0.0,0.0,0.0,0.0,0.0,0.0,0.0,169.0,0.0,0.0,0.0,0.0,0.0,0.0,0.0,0.0,0.0,241.0,0.0,0.0,,0.0,0.0,0.0,0.0,48.0,1197.0,1592.01,,,,,,9049.0,,,,,,,,,,,,,,,,,,
2022-08-28,0.0,0.0,0.0,0.0,0.0,0.0,0.0,0.0,0.0,0.0,0.0,0.0,0.0,0.0,102.0,0.0,,,0.0,0.0,0.0,0.0,0.0,0.0,0.0,0.0,0.0,0.0,4515.0,102.0,0.0,,,0.0,0.0,0.0,0.0,0.0,0.0,0.0,0.0,0.0,0.0,4552.0,9067,203.0,0.0,0.0,0.0,0.0,0.0,0.0,0.0,0.0,155.0,0.0,0.0,0.0,0.0,0.0,0.0,0.0,0.0,0.0,168.0,0.0,0.0,0.0,0.0,0.0,0.0,0.0,0.0,0.0,246.0,0.0,0.0,,0.0,0.0,0.0,0.0,48.0,798.0,1061.3400000000001,,,,,,9067.0,,,,,,,,,,,,,,,,,,
2022-08-29,154.99,181.36,27.96,364.31000000000006,0.0,0.0,0.0,0.0,0.0,0.0,0.0,0.0,0.0,0.0,102.0,0.0,,,0.0,0.0,0.0,0.0,0.0,0.0,0.0,0.0,0.0,0.0,4453.0,102.0,0.0,,,0.0,0.0,0.0,0.0,0.0,0.0,0.0,0.0,0.0,0.0,4748.0,9201,303.0,0.0,0.0,0.0,0.0,0.0,0.0,0.0,0.0,120.0,0.0,0.0,0.0,0.0,0.0,0.0,0.0,0.0,0.0,131.0,0.0,0.0,0.0,0.0,0.0,0.0,0.0,0.0,0.0,221.0,0.0,0.0,,0.0,0.0,0.0,0.0,48.0,931.0,1238.23,,,,,,9201.0,,,,,,,,,,,,,,,,,,
2022-08-30,212.2,78.05,15.37,305.62,7.84,2.12,1.21,5.38,124961.0,5064.0,879.0,0.0,5.5,3.58,102.0,40.0,,,8.11,32200.0,5483.0,728.0,0.0,2.69,0.98,3294.0,18680.0,69.9,4527.0,102.0,40.9,,,8.08,28846.0,6079.0,625.0,0.0,2.68,1.03,3116.0,18448.0,69.8,4892.0,9419,307.0,8.2,1240.0,8.07,2400.0,1924.0,3988.0,169.0,0.0,146.0,,,,,,,,,40.2,174.0,7.37,248.0,15860.0,329.0,3.21,201.9,0.28,13.6,38.7,201.0,8.03,640.0,,126.0,195.0,265.0,12.5,48.0,798.0,1061.3400000000001,69.9,69.8,69.85,30.14,0.01,9419.0,0.46101,0.5515620000000001,0.00014099999999999998,1.012713,9538.743747,4342.253189999999,1085.5632974999999,8684506.379999999,,,,,,,,,,
2022-08-31,76.81,0.0,19.41,96.22,7.88,2.2,1.2,5.3,161378.0,0.0,0.0,0.0,6.1,4.22,102.0,40.0,,,8.1,29461.0,0.0,0.0,0.0,2.58,0.97,3462.0,18592.0,66.4,4528.0,102.0,40.9,,,8.08,30547.0,0.0,0.0,0.0,2.66,1.12,3286.0,18211.0,66.3,5171.0,9699,311.0,8.11,1160.0,8.06,2760.0,2246.0,4091.0,0.0,0.0,161.0,7.56,0.0,16040.0,318.0,1.34,206.0,0.0,0.0,41.2,169.0,7.53,0.0,16160.0,291.0,0.85,191.0,0.0,0.0,39.7,321.0,8.05,560.0,,152.0,211.0,241.0,13.4,48.0,798.0,1061.3400000000001,66.4,66.3,66.35,33.64,0.01,9699.0,0.43790999999999997,0.615612,0.00014099999999999998,1.053663,10219.477437,4247.289089999999,1061.8222724999998,8494578.179999998,,,,,,,,,,
2022-09-01,134.77,88.72,15.1,238.59,8.26,2.94,1.58,5.45,139596.0,0.0,0.0,0.0,5.83,3.84,102.0,40.0,,,8.13,30337.0,0.0,0.0,0.0,2.56,1.06,3145.0,18209.0,66.3,4465.0,102.0,40.9,,,8.11,32423.0,0.0,0.0,0.0,2.59,0.94,2837.0,18019.0,66.1,5215.0,9680,253.0,8.14,4260.0,8.1,4040.0,2072.0,3312.0,0.0,0.0,166.0,7.63,0.0,16360.0,265.0,7.62,172.0,0.0,0.0,41.5,135.0,7.86,0.0,16740.0,242.0,5.25,148.0,0.0,0.0,39.9,130.0,8.03,680.0,,164.0,191.0,221.0,10.8,48.0,798.0,1061.3400000000001,66.3,66.1,66.19999999999999,33.790000000000006,0.01,9680.0,0.4369199999999999,0.6183570000000002,0.00014099999999999998,1.055418,10216.44624,4229.3856,1057.3464,8458771.2,,,,,,,,,,
2022-09-02,51.95,181.3,16.7,249.95,7.92,2.42,1.36,5.52,141210.0,0.0,0.0,0.0,5.49,3.61,99.0,40.0,,,8.15,29835.0,0.0,0.0,0.0,2.6,1.08,2862.0,18739.0,66.9,4074.0,99.0,40.9,,,8.13,31169.0,0.0,0.0,0.0,2.65,1.06,3064.0,18355.0,66.7,5020.0,9094,216.0,8.16,3840.0,8.16,3860.0,2280.0,3684.0,0.0,0.0,129.0,7.81,0.0,16640.0,211.0,2.47,146.0,0.0,0.0,41.6,176.0,7.85,0.0,16080.0,228.0,2.94,139.0,0.0,0.0,40.2,329.0,8.08,580.0,,158.0,219.0,249.0,11.2,46.0,867.9999999999999,1154.4399999999998,66.9,66.7,66.80000000000001,33.18999999999998,0.01,9094.0,0.4408800000000001,0.6073769999999997,0.00014099999999999998,1.0483979999999997,9534.131411999997,4009.362720000001,1002.3406800000002,8018725.440000002,,,,,,,,,,
2022-09-03,83.14,57.59,22.17,162.9,0.0,0.0,0.0,0.0,0.0,0.0,0.0,0.0,0.0,0.0,96.0,0.0,,,0.0,0.0,0.0,0.0,0.0,0.0,0.0,0.0,0.0,0.0,3942.0,96.0,0.0,,,0.0,0.0,0.0,0.0,0.0,0.0,0.0,0.0,0.0,0.0,4869.0,8811,316.0,0.0,0.0,0.0,0.0,0.0,0.0,0.0,0.0,166.0,0.0,0.0,0.0,0.0,0.0,0.0,0.0,0.0,0.0,176.0,0.0,0.0,0.0,0.0,0.0,0.0,0.0,0.0,0.0,330.0,0.0,0.0,,0.0,0.0,0.0,0.0,44.0,798.0,1061.3400000000001,0.0,0.0,0.0,99.99,0.01,8811.0,0.0,1.8298169999999998,0.00014099999999999998,1.8299579999999998,16123.759937999997,0.0,0.0,0.0,,,,,,,,,,
2022-09-04,0.0,0.0,0.0,0.0,0.0,0.0,0.0,0.0,0.0,0.0,0.0,0.0,0.0,0.0,96.0,0.0,,,0.0,0.0,0.0,0.0,0.0,0.0,0.0,0.0,0.0,0.0,3869.0,96.0,0.0,,,0.0,0.0,0.0,0.0,0.0,0.0,0.0,0.0,0.0,0.0,4670.0,8539,315.0,0.0,0.0,0.0,0.0,0.0,0.0,0.0,0.0,162.0,0.0,0.0,0.0,0.0,0.0,0.0,0.0,0.0,0.0,171.0,0.0,0.0,0.0,0.0,0.0,0.0,0.0,0.0,0.0,230.0,0.0,0.0,,0.0,0.0,0.0,0.0,44.0,798.0,1061.3400000000001,,,,,,8539.0,,,,,,,,,,,,,,,,,,
2022-09-05,182.91,134.95,28.7,346.55999999999995,8.05,2.03,1.12,5.94,127955.0,5733.0,791.0,0.0,4.92,3.37,96.0,39.8,,,8.15,26176.0,6043.0,607.0,0.0,2.49,0.97,2381.0,18924.0,68.4,3846.0,96.0,39.9,,,8.2,30951.0,6136.0,674.0,0.0,2.39,1.03,2511.0,18733.0,68.2,4547.0,8393,316.0,7.49,5000.0,8.1,6160.0,2877.0,3725.0,251.0,0.0,157.0,8.01,,15140.0,63.0,10.17,10.5,0.14,13.9,42.6,152.0,,,,,0.0,0.0,0.0,,,311.0,8.15,380.0,,132.0,148.0,121.0,8.4,44.0,798.0,1061.3400000000001,68.4,68.2,68.30000000000001,31.689999999999984,0.01,8393.0,0.4507800000000001,0.5799269999999997,0.00014099999999999998,1.0308479999999998,8651.907263999998,3783.396540000001,945.8491350000003,7566793.080000002,,,,,,,,,,
2022-09-06,130.65,88.78,9.5,228.93,8.31,1.95,1.2,5.92,131172.0,0.0,0.0,0.0,4.98,3.53,96.0,39.8,,,8.17,28049.0,0.0,0.0,0.0,2.57,1.14,2674.0,18506.0,67.9,3942.0,96.0,39.9,,,8.22,29378.0,0.0,0.0,0.0,2.57,1.12,2755.0,19041.0,67.6,4464.0,8406,262.0,,0.0,8.02,4260.0,1986.0,3241.0,0.0,0.0,137.0,8.05,,15480.0,58.0,2.52,13.4,,0.0,42.5,176.0,7.96,,16100.0,84.0,1.31,36.8,,0.0,41.5,245.0,8.2,560.0,,129.0,161.0,95.0,9.6,44.0,1064.0,1415.1200000000001,67.9,67.6,67.75,32.239999999999995,0.01,8406.0,0.44715000000000005,0.589992,0.00014099999999999998,1.037283,8719.400898,3758.7429,939.685725,7517485.800000001,,,,,,,,,,
2022-09-07,130.65,173.98,24.31,328.94,8.16,2.33,132.0,5.96,169381.0,0.0,0.0,0.0,5.15,3.59,96.0,39.8,,,8.13,27333.0,0.0,0.0,0.0,2.69,1.17,2535.0,18710.0,67.6,3767.0,96.0,39.9,,,8.25,30094.0,0.0,0.0,0.0,2.7,1.13,2481.0,18851.0,67.4,4263.0,8030,315.0,8.17,8430.0,7.93,51700.0,10487.0,5780.0,0.0,0.0,166.0,8.08,,16100.0,85.0,4.11,25.2,,0.0,42.1,139.0,7.92,,16940.0,75.0,9.38,21.9,,0.0,41.2,253.0,8.25,400.0,,141.0,126.0,93.0,8.8,44.0,798.0,1061.3400000000001,67.6,67.4,67.5,32.489999999999995,0.01,8030.0,0.44550000000000006,0.594567,0.00014099999999999998,1.040208,8352.87024,3577.3650000000007,894.3412500000002,7154730.000000001,,,,,,,,,,
2022-09-08,132.99,84.08,15.66,232.73000000000002,7.37,4.92,2.66,5.87,143688.0,0.0,0.0,0.0,4.81,3.01,96.0,39.8,,,8.0,31151.0,0.0,0.0,0.0,2.57,0.97,2462.0,18710.0,68.1,3711.0,96.0,39.9,,,8.11,34803.0,0.0,0.0,0.0,2.49,1.03,2329.0,19114.0,67.9,4029.0,7740,315.0,7.74,3800.0,7.62,46240.0,11382.0,6799.0,0.0,0.0,155.0,7.8,0.0,16360.0,50.0,2.41,8.3,0.0,0.0,41.7,177.0,7.86,0.0,15560.0,53.0,1.95,11.3,0.0,0.0,40.6,308.0,7.98,440.0,,187.0,198.0,59.0,8.5,44.0,870.9999999999998,1158.4299999999998,68.1,67.9,68.0,31.989999999999995,0.01,7740.0,0.44880000000000003,0.585417,0.00014099999999999998,1.0343579999999999,8005.930919999999,3473.7120000000004,868.4280000000001,6947424.000000001,,,,,,,,,,
2022-09-09,187.54,84.92,42.44,314.9,0.0,0.0,0.0,0.0,0.0,0.0,0.0,0.0,0.0,0.0,96.0,0.0,,,0.0,0.0,0.0,0.0,0.0,0.0,0.0,0.0,0.0,0.0,3659.0,96.0,0.0,,,0.0,0.0,0.0,0.0,0.0,0.0,0.0,0.0,0.0,0.0,3856.0,7515,267.0,0.0,0.0,0.0,0.0,0.0,0.0,0.0,0.0,144.0,0.0,0.0,0.0,0.0,0.0,0.0,0.0,0.0,0.0,176.0,0.0,0.0,0.0,0.0,0.0,0.0,0.0,0.0,0.0,152.0,0.0,0.0,,0.0,0.0,0.0,0.0,44.0,798.0,1061.3400000000001,0.0,0.0,0.0,99.99,0.01,7515.0,0.0,1.8298169999999998,0.00014099999999999998,1.8299579999999998,13752.134369999998,0.0,0.0,0.0,,,,,,,,,,
2022-09-10,0.0,0.0,0.0,0.0,0.0,0.0,0.0,0.0,0.0,0.0,0.0,0.0,0.0,0.0,96.0,0.0,,,0.0,0.0,0.0,0.0,0.0,0.0,0.0,0.0,0.0,0.0,3690.0,96.0,0.0,,,0.0,0.0,0.0,0.0,0.0,0.0,0.0,0.0,0.0,0.0,3766.0,7456,221.0,0.0,0.0,0.0,0.0,0.0,0.0,0.0,0.0,165.0,0.0,0.0,0.0,0.0,0.0,0.0,0.0,0.0,0.0,175.0,0.0,0.0,0.0,0.0,0.0,0.0,0.0,0.0,0.0,216.0,0.0,0.0,,0.0,0.0,0.0,0.0,44.0,798.0,1061.3400000000001,0.0,0.0,0.0,99.99,0.01,7456.0,0.0,1.8298169999999998,0.00014099999999999998,1.8299579999999998,13644.166847999999,0.0,0.0,0.0,,,,,,,,,,
2022-09-11,0.0,0.0,0.0,0.0,0.0,0.0,0.0,0.0,0.0,0.0,0.0,0.0,0.0,0.0,96.0,0.0,,,0.0,0.0,0.0,0.0,0.0,0.0,0.0,0.0,0.0,0.0,3711.0,96.0,0.0,,,0.0,0.0,0.0,0.0,0.0,0.0,0.0,0.0,0.0,0.0,3750.0,7461,288.0,0.0,0.0,0.0,0.0,0.0,0.0,0.0,0.0,154.0,0.0,0.0,0.0,0.0,0.0,0.0,0.0,0.0,0.0,176.0,0.0,0.0,0.0,0.0,0.0,0.0,0.0,0.0,0.0,223.0,0.0,0.0,,0.0,0.0,0.0,0.0,44.0,798.0,1061.3400000000001,,,,,,7461.0,,,,,,,,,,,,,,,,,,
2022-09-12,208.65,91.08,28.31,328.04,7.7,2.9,1.29,5.95,142450.0,5831.0,718.0,0.0,4.55,2.89,96.0,39.8,,,7.62,31454.0,5030.0,536.0,0.0,2.8,1.18,2633.0,18630.0,68.6,3843.0,96.0,39.8,,,7.69,30670.0,6029.0,619.0,0.0,2.66,1.12,2482.0,18835.0,68.7,3807.0,7650,351.0,7.75,960.0,7.72,8600.0,3782.0,3406.0,511.0,0.0,156.0,7.6,0.0,13740.0,87.0,1.64,12.9,0.11,8.9,40.6,176.0,7.52,0.0,12840.0,80.0,2.67,15.4,1.82,8.0,39.5,233.0,7.86,640.0,,148.0,169.0,91.0,9.1,44.0,665.0,884.45,,,,,,7650.0,,,,,,,,,,,,,,,,,,
2022-09-13,158.35,77.5,10.68,246.53,7.44,2.2,1.02,5.69,126579.0,0.0,0.0,0.0,5.07,3.12,96.0,39.8,,,7.63,32753.0,0.0,0.0,0.0,2.82,1.05,2496.0,18367.0,68.5,3943.0,96.0,39.8,,,7.69,28355.0,0.0,0.0,0.0,2.73,1.2,2781.0,18590.0,68.4,3561.0,7504,405.0,7.79,8140.0,7.75,8540.0,4318.0,3344.0,0.0,0.0,159.0,7.77,0.0,14360.0,77.0,5.42,9.5,0.0,0.0,40.5,177.0,7.72,0.0,12660.0,78.0,3.41,6.4,0.0,0.0,39.4,241.0,7.92,760.0,,134.0,151.0,82.0,9.8,44.0,798.0,1061.3400000000001,,,,,,7504.0,,,,,,,,,,,,,,,,,,
2022-09-14,161.17,47.47,23.91,232.54999999999998,7.88,2.64,1.41,5.74,130922.0,0.0,0.0,0.0,4.86,3.04,96.0,39.7,,,7.65,30438.0,0.0,0.0,0.0,2.78,1.08,2357.0,18209.0,68.7,4157.0,96.0,39.6,,,7.7,29572.0,0.0,0.0,0.0,2.7,1.13,2466.0,18172.0,68.5,3947.0,8104,371.0,7.82,4120.0,7.81,5640.0,3073.0,3267.0,0.0,0.0,161.0,7.71,0.0,14180.0,92.0,2.49,20.1,0.0,0.0,40.2,178.0,7.65,0.0,13080.0,102.0,1.86,25.2,0.0,0.0,39.0,296.0,7.9,680.0,,169.0,146.0,91.0,10.4,44.0,798.0,1061.3400000000001,68.7,68.5,68.6,31.39,0.01,8104.0,0.45275999999999994,0.574437,0.00014099999999999998,1.0273379999999999,8325.547152,3669.1670399999994,917.2917599999998,7338334.079999999,,,,,,,,,,
2022-09-15,160.19,88.59,16.02,264.8,7.49,1.38,0.74,5.37,156873.0,0.0,0.0,0.0,4.63,2.83,96.0,39.7,,,7.64,32242.0,0.0,0.0,0.0,2.87,1.16,2612.0,17948.0,68.4,4371.0,96.0,39.6,,,7.69,31849.0,0.0,0.0,0.0,2.64,0.98,2363.0,17880.0,68.7,4143.0,8514,355.0,7.83,6900.0,7.83,6440.0,2851.0,3160.0,0.0,0.0,170.0,7.46,0.0,13740.0,163.0,5.17,66.1,0.0,0.0,40.1,185.0,,0.0,,,,,0.0,0.0,,315.0,7.92,780.0,,157.0,193.0,116.0,12.8,44.0,848.0000000000007,1127.840000000001,68.4,68.7,68.55000000000001,31.439999999999984,0.01,8514.0,0.4524300000000001,0.5753519999999998,0.00014099999999999998,1.0279229999999997,8751.736421999998,3851.989020000001,962.9972550000002,7703978.040000002,,,,,,,,,,
2022-09-16,109.0,133.22,22.74,264.96000000000004,7.67,3.51,2.06,5.35,167180.0,0.0,0.0,0.0,4.85,3.13,96.0,39.7,,,7.66,31529.0,0.0,0.0,0.0,2.81,1.19,2437.0,17825.0,68.4,4677.0,96.0,39.6,,,7.71,32145.0,0.0,0.0,0.0,2.76,1.16,2665.0,17964.0,68.4,4260.0,8937,386.0,7.87,4820.0,7.85,7420.0,3125.0,3387.0,0.0,0.0,176.0,7.61,,13560.0,118.0,2.34,36.2,0.0,0.0,40.1,186.0,,,,,,,0.0,0.0,,284.0,7.89,620.0,,141.0,162.0,127.0,11.9,44.0,798.0,1061.3400000000001,68.4,68.4,68.4,31.58999999999999,0.01,8937.0,0.45144000000000006,0.5780969999999999,0.00014099999999999998,1.0296779999999999,9202.232285999999,4034.5192800000004,1008.6298200000001,8069038.5600000005,,,,,,,,,,
2022-09-17,55.25,57.28,18.48,131.01,0.0,0.0,0.0,0.0,0.0,0.0,0.0,0.0,0.0,0.0,96.0,0.0,,,0.0,0.0,0.0,0.0,0.0,0.0,0.0,0.0,0.0,0.0,4854.0,96.0,0.0,,,0.0,0.0,0.0,0.0,0.0,0.0,0.0,0.0,0.0,0.0,4398.0,9252,363.0,0.0,0.0,0.0,0.0,0.0,0.0,0.0,0.0,177.0,0.0,0.0,0.0,0.0,0.0,0.0,0.0,0.0,0.0,192.0,0.0,0.0,0.0,0.0,0.0,0.0,0.0,0.0,0.0,232.0,0.0,0.0,,0.0,0.0,0.0,0.0,44.0,798.0,1061.3400000000001,0.0,0.0,0.0,99.99,0.01,9252.0,0.0,1.8298169999999998,0.00014099999999999998,1.8299579999999998,16930.771415999996,0.0,0.0,0.0,,,,,,,,,,
2022-09-18,0.0,0.0,0.0,0.0,0.0,0.0,0.0,0.0,0.0,0.0,0.0,0.0,0.0,0.0,92.0,0.0,,,0.0,0.0,0.0,0.0,0.0,0.0,0.0,0.0,0.0,0.0,5086.0,92.0,0.0,,,0.0,0.0,0.0,0.0,0.0,0.0,0.0,0.0,0.0,0.0,4230.0,9316,313.0,0.0,0.0,0.0,0.0,0.0,0.0,0.0,0.0,176.0,0.0,0.0,0.0,0.0,0.0,0.0,0.0,0.0,0.0,151.0,0.0,0.0,0.0,0.0,0.0,0.0,0.0,0.0,0.0,299.0,0.0,0.0,,0.0,0.0,0.0,0.0,44.0,1064.0,1415.1200000000001,,,,,,9316.0,,,,,,,,,,,,,,,,,,
2022-09-19,143.57,39.36,28.05,210.98,7.52,2.65,1.48,5.3,169359.0,5956.0,883.0,0.0,5.07,3.25,96.0,39.4,,,7.76,32468.0,5617.0,527.0,0.0,2.67,1.16,2548.0,17948.0,68.7,5268.0,96.0,39.4,,,7.75,32278.0,5488.0,491.0,0.0,2.74,1.12,2719.0,17674.0,68.9,4563.0,9831,363.0,7.83,3840.0,7.93,1240.0,1283.0,3276.0,114.0,0.0,176.0,7.34,0.0,13140.0,285.0,5.38,170.0,0.17,12.9,40.3,192.0,7.32,0.0,14100.0,309.0,2.12,188.0,0.31,11.4,39.0,183.0,7.83,740.0,,125.0,173.0,193.0,9.2,44.0,665.0,884.45,,,,,,9831.0,,,,,,,,,,,,,,,,,,
2022-09-20,78.64,91.96,11.95,182.55,7.45,3.05,1.5,5.44,219258.0,0.0,0.0,0.0,4.91,3.08,96.0,39.4,,,7.78,34007.0,0.0,0.0,0.0,2.58,1.07,2607.0,17759.0,69.1,5158.0,96.0,39.4,,,7.76,29026.0,0.0,0.0,0.0,2.57,1.12,2568.0,17711.0,69.3,4583.0,9741,363.0,7.9,4160.0,7.91,2160.0,1962.0,3512.0,0.0,0.0,178.0,7.4,0.0,12600.0,304.0,3.93,181.0,0.0,0.0,39.8,196.0,7.38,0.0,13560.0,291.0,4.14,192.0,0.0,0.0,38.5,333.0,7.68,400.0,,119.0,142.0,203.0,8.4,44.0,798.0,1061.3400000000001,,,,,,9741.0,,,,,,,,,,,,,,,,,,
2022-09-21,77.99,156.92,21.81,256.71999999999997,7.62,3.13,1.77,5.43,186370.0,0.0,0.0,0.0,5.1,3.37,96.0,39.4,,,7.79,31905.0,0.0,0.0,0.0,2.49,0.97,2478.0,17830.0,69.4,5083.0,96.0,39.4,,,7.77,30312.0,0.0,0.0,0.0,2.58,1.03,2710.0,17915.0,69.7,4361.0,9444,341.0,7.84,2880.0,7.88,3460.0,2461.0,3362.0,0.0,0.0,175.0,7.32,0.0,13080.0,294.0,2.65,198.0,0.0,0.0,39.2,158.0,7.12,0.0,13460.0,351.0,1.49,226.0,0.0,0.0,37.9,334.0,7.62,520.0,,115.0,161.0,212.0,9.1,44.0,798.0,1061.3400000000001,,,,,,9444.0,,,,,,,,,,,,,,,,,,
2022-09-22,53.21,100.12,13.23,166.56,7.61,2.48,1.3,5.61,125805.0,0.0,0.0,0.0,4.84,3.19,96.0,39.3,,,7.82,30496.0,0.0,0.0,0.0,2.76,1.03,2417.0,17927.0,69.2,4899.0,96.0,39.3,,,7.8,31479.0,0.0,0.0,0.0,2.68,0.97,2519.0,17695.0,69.4,4258.0,9157,334.0,0.0,0.0,7.81,26540.0,10744.0,5585.0,0.0,0.0,174.0,7.22,0.0,12960.0,354.0,2.47,212.0,0.0,0.0,38.8,189.0,7.09,0.0,13000.0,395.0,1.29,235.0,0.0,0.0,37.5,333.0,7.6,640.0,,105.0,143.0,268.0,9.5,44.0,841.9999999999997,1119.8599999999997,,,,,,9157.0,,,,,,,,,,,,,,,,,,
2022-09-23,164.12,41.38,14.21,219.71,7.33,2.93,1.67,5.65,135963.0,0.0,0.0,0.0,5.15,3.53,96.0,39.3,,,7.81,28019.0,0.0,0.0,0.0,2.65,1.06,2631.0,17748.0,69.7,4540.0,96.0,39.3,,,7.79,25836.0,0.0,0.0,0.0,2.67,1.12,2740.0,17558.0,69.9,4083.0,8623,363.0,7.81,3260.0,7.9,11080.0,4823.0,3480.0,0.0,0.0,139.0,7.11,0.0,13380.0,412.0,4.9,268.0,0.0,0.0,38.9,196.0,7.1,0.0,13280.0,432.0,2.46,291.0,0.0,0.0,37.7,313.0,7.6,620.0,,110.0,141.0,257.0,8.9,44.0,665.0,884.45,69.7,69.9,69.80000000000001,30.189999999999984,0.01,8623.0,0.46068000000000014,0.5524769999999998,0.00014099999999999998,1.0132979999999998,8737.668654,3972.4436400000013,993.1109100000003,7944887.280000003,,,,,,,,,,
2022-09-24,54.6,95.63,21.02,171.25,0.0,0.0,0.0,0.0,0.0,0.0,0.0,0.0,0.0,0.0,96.0,0.0,,,0.0,0.0,0.0,0.0,0.0,0.0,0.0,0.0,0.0,0.0,4506.0,96.0,0.0,,,0.0,0.0,0.0,0.0,0.0,0.0,0.0,0.0,0.0,0.0,4174.0,8680,338.0,0.0,0.0,0.0,0.0,0.0,0.0,0.0,0.0,167.0,0.0,0.0,0.0,0.0,0.0,0.0,0.0,0.0,0.0,188.0,0.0,0.0,0.0,0.0,0.0,0.0,0.0,0.0,0.0,266.0,0.0,0.0,,0.0,0.0,0.0,0.0,44.0,665.0,884.45,0.0,0.0,0.0,99.99,0.01,8680.0,0.0,1.8298169999999998,0.00014099999999999998,1.8299579999999998,15884.035439999998,0.0,0.0,0.0,,,,,,,,,,
2022-09-25,0.0,0.0,0.0,0.0,0.0,0.0,0.0,0.0,0.0,0.0,0.0,0.0,0.0,0.0,96.0,0.0,,,0.0,0.0,0.0,0.0,0.0,0.0,0.0,0.0,0.0,0.0,4434.0,96.0,0.0,,,0.0,0.0,0.0,0.0,0.0,0.0,0.0,0.0,0.0,0.0,4224.0,8658,227.0,0.0,0.0,0.0,0.0,0.0,0.0,0.0,0.0,166.0,0.0,0.0,0.0,0.0,0.0,0.0,0.0,0.0,0.0,187.0,0.0,0.0,0.0,0.0,0.0,0.0,0.0,0.0,0.0,291.0,0.0,0.0,,0.0,0.0,0.0,0.0,44.0,798.0,1061.3400000000001,,,,,,8658.0,,,,,,,,,,,,,,,,,,
2022-09-26,184.79,134.03,25.7,344.52,7.6,2.2,1.11,5.42,123901.0,5070.0,799.0,0.0,4.96,3.11,96.0,39.0,,,7.8,26677.0,5687.0,444.0,0.0,2.7,1.18,2539.0,17683.0,68.8,4407.0,96.0,39.0,,,7.78,26337.0,5455.0,511.0,0.0,2.78,1.13,2690.0,17451.0,68.7,4210.0,8617,363.0,7.63,1800.0,7.74,27100.0,9893.0,4697.0,901.0,0.0,167.0,7.19,0.0,13900.0,368.0,8.99,233.0,0.21,9.6,38.9,159.0,7.17,0.0,13600.0,359.0,4.71,234.0,0.18,10.6,38.3,222.0,7.58,540.0,,98.0,113.0,264.0,10.2,44.0,798.0,1061.3400000000001,,,,,,8617.0,,,,,,,,,,,,,,,,,,
2022-09-27,131.54,78.25,10.93,220.72,7.64,2.12,1.12,5.55,136118.0,0.0,0.0,0.0,5.17,3.17,96.0,39.0,,,7.81,27438.0,0.0,0.0,0.0,2.47,0.92,2415.0,17942.0,68.8,4321.0,96.0,39.0,,,7.8,25538.0,0.0,0.0,0.0,2.58,0.94,2598.0,17741.0,68.9,4160.0,8481,363.0,7.69,2840.0,7.79,15840.0,7426.0,4280.0,0.0,0.0,162.0,7.38,0.0,14260.0,271.0,4.52,151.0,0.0,0.0,39.4,187.0,7.31,0.0,13420.0,294.0,2.66,176.0,0.0,0.0,38.9,279.0,7.64,520.0,,121.0,138.0,234.0,9.4,44.0,798.0,1061.3400000000001,68.8,68.9,68.85,31.14,0.01,8481.0,0.45441,0.5698620000000001,0.00014099999999999998,1.024413,8688.046653,3853.85121,963.4628025,7707702.42,,,,,,,,,,
2022-09-28,103.91,0.0,18.88,122.78999999999999,7.58,2.39,1.26,5.61,140376.0,0.0,0.0,0.0,5.38,3.36,96.0,39.0,,,7.82,26326.0,0.0,0.0,0.0,2.58,1.04,2674.0,18103.0,68.0,4488.0,96.0,39.0,,,7.81,27884.0,0.0,0.0,0.0,2.61,1.05,2716.0,17922.0,68.1,4326.0,8814,305.0,7.73,2460.0,7.81,12860.0,5215.0,3840.0,0.0,0.0,163.0,7.45,0.0,13880.0,195.0,2.84,102.0,0.0,0.0,39.8,189.0,7.38,0.0,13840.0,231.0,1.77,144.0,0.0,0.0,39.3,289.0,7.68,680.0,,149.0,161.0,214.0,9.8,44.0,798.0,1061.3400000000001,68.0,68.1,68.05,31.939999999999998,0.01,8814.0,0.44913,0.584502,0.00014099999999999998,1.0337729999999998,9111.675221999998,3958.6318199999996,989.6579549999999,7917263.64,,,,,,,,,,
2022-09-29,110.51,88.73,16.59,215.83,0.0,0.0,0.0,0.0,0.0,0.0,0.0,0.0,0.0,0.0,96.0,0.0,,,0.0,0.0,0.0,0.0,0.0,0.0,0.0,0.0,0.0,0.0,4441.0,96.0,0.0,,,0.0,0.0,0.0,0.0,0.0,0.0,0.0,0.0,0.0,0.0,4299.0,8740,406.0,0.0,0.0,0.0,0.0,0.0,0.0,0.0,0.0,164.0,0.0,0.0,0.0,0.0,0.0,0.0,0.0,0.0,0.0,186.0,0.0,0.0,0.0,0.0,0.0,0.0,0.0,0.0,0.0,245.0,0.0,0.0,,0.0,0.0,0.0,0.0,44.0,629.0000000000001,836.5700000000002,0.0,0.0,0.0,99.99,0.01,8740.0,0.0,1.8298169999999998,0.00014099999999999998,1.8299579999999998,15993.832919999997,0.0,0.0,0.0,,,,,,,,,,
2022-09-30,56.48,89.2,14.1,159.78,0.0,0.0,0.0,0.0,0.0,0.0,0.0,0.0,0.0,0.0,96.0,0.0,,,0.0,0.0,0.0,0.0,0.0,0.0,0.0,0.0,0.0,0.0,4337.0,96.0,0.0,,,0.0,0.0,0.0,0.0,0.0,0.0,0.0,0.0,0.0,0.0,4187.0,8524,305.0,0.0,0.0,0.0,0.0,0.0,0.0,0.0,0.0,169.0,0.0,0.0,0.0,0.0,0.0,0.0,0.0,0.0,0.0,188.0,0.0,0.0,0.0,0.0,0.0,0.0,0.0,0.0,0.0,225.0,0.0,0.0,,0.0,0.0,0.0,0.0,44.0,665.0,884.45,0.0,0.0,0.0,99.99,0.01,8524.0,0.0,1.8298169999999998,0.00014099999999999998,1.8299579999999998,15598.561991999997,0.0,0.0,0.0,,,,,,,,,,
2022-10-01,81.4,147.31,23.18,251.89000000000001,0.0,0.0,0.0,0.0,0.0,0.0,0.0,0.0,0.0,0.0,96.0,0.0,,,0.0,0.0,0.0,0.0,0.0,0.0,0.0,0.0,0.0,0.0,4251.0,96.0,0.0,,,0.0,0.0,0.0,0.0,0.0,0.0,0.0,0.0,0.0,0.0,4093.0,8344,253.0,0.0,0.0,0.0,0.0,0.0,0.0,0.0,0.0,158.0,0.0,0.0,0.0,0.0,0.0,0.0,0.0,0.0,0.0,188.0,0.0,0.0,0.0,0.0,0.0,0.0,0.0,0.0,0.0,324.0,0.0,0.0,0.0,0.0,0.0,0.0,0.0,44.0,600.0,798.0,,,,,,,,,,,,,,,,,,,,,,,,
2022-10-02,0.0,0.0,0.0,0.0,0.0,0.0,0.0,0.0,0.0,0.0,0.0,0.0,0.0,0.0,96.0,0.0,,,0.0,0.0,0.0,0.0,0.0,0.0,0.0,0.0,0.0,0.0,4228.0,96.0,0.0,,,0.0,0.0,0.0,0.0,0.0,0.0,0.0,0.0,0.0,0.0,4109.0,8337,409.0,0.0,0.0,0.0,0.0,0.0,0.0,0.0,0.0,152.0,0.0,0.0,0.0,0.0,0.0,0.0,0.0,0.0,0.0,189.0,0.0,0.0,0.0,0.0,0.0,0.0,0.0,0.0,0.0,236.0,0.0,0.0,0.0,0.0,0.0,0.0,0.0,44.0,300.0,399.0,,,,,,,,,,,,,,,,,,,,,,,,
2022-10-03,133.05,39.5,25.28,197.83,0.0,0.0,0.0,0.0,0.0,0.0,0.0,0.0,0.0,0.0,96.0,0.0,,,0.0,0.0,0.0,0.0,0.0,0.0,0.0,0.0,0.0,0.0,4361.0,96.0,0.0,,,0.0,0.0,0.0,0.0,0.0,0.0,0.0,0.0,0.0,0.0,4201.0,8562,363.0,0.0,0.0,0.0,0.0,0.0,0.0,0.0,0.0,153.0,0.0,0.0,0.0,0.0,0.0,0.0,0.0,0.0,0.0,188.0,0.0,0.0,0.0,0.0,0.0,0.0,0.0,0.0,0.0,250.0,0.0,0.0,0.0,0.0,0.0,0.0,0.0,44.0,500.0,665.0,,,,,,,,,,,,,,,,,,,,,,,,
2022-10-04,148.1,89.32,9.98,247.39999999999998,0.0,0.0,0.0,0.0,0.0,0.0,0.0,0.0,0.0,0.0,96.0,0.0,,,0.0,0.0,0.0,0.0,0.0,0.0,0.0,0.0,0.0,0.0,4355.0,96.0,0.0,,,0.0,0.0,0.0,0.0,0.0,0.0,0.0,0.0,0.0,0.0,4240.0,8595,291.0,0.0,0.0,0.0,0.0,0.0,0.0,0.0,0.0,167.0,0.0,0.0,0.0,0.0,0.0,0.0,0.0,0.0,0.0,188.0,0.0,0.0,0.0,0.0,0.0,0.0,0.0,0.0,0.0,282.0,0.0,0.0,0.0,0.0,0.0,0.0,0.0,44.0,700.0,931.0,,,,,,,,,,,,,,,,,,,,,,,,
2022-10-05,102.26,183.9,18.9,305.06,0.0,0.0,0.0,0.0,0.0,0.0,0.0,0.0,0.0,0.0,96.0,0.0,,,0.0,0.0,0.0,0.0,0.0,0.0,0.0,0.0,0.0,0.0,4415.0,96.0,0.0,,,0.0,0.0,0.0,0.0,0.0,0.0,0.0,0.0,0.0,0.0,4268.0,8683,230.0,0.0,0.0,0.0,0.0,0.0,0.0,0.0,0.0,169.0,0.0,0.0,0.0,0.0,0.0,0.0,0.0,0.0,0.0,187.0,0.0,0.0,0.0,0.0,0.0,0.0,0.0,0.0,0.0,299.0,0.0,0.0,128.0,0.0,0.0,0.0,0.0,44.0,400.0,532.0,,,,,,,,,,,,,,,,,,,,,,,,
2022-10-06,131.74,77.62,17.63,226.99,7.46,3.04,1.87,5.69,141126.0,5382.0,828.0,0.0,5.38,3.35,96.0,32.7,,,7.81,24838.0,5715.0,416.0,0.0,2.66,1.24,2471.0,17684.0,67.6,4414.0,96.0,38.7,,,7.81,27432.0,5591.0,483.0,0.0,2.8,1.28,2576.0,17539.0,67.8,4286.0,8700,378.0,7.76,3430.0,7.93,11100.0,4212.0,3675.0,518.0,0.0,166.0,7.78,7.78,14500.0,84.0,5.15,18.4,0.14,11.5,38.9,144.0,7.69,7.69,15240.0,96.0,3.24,26.9,0.25,12.3,38.9,266.0,7.91,500.0,0.0,154.0,171.0,81.0,9.6,44.0,700.0,931.0,,,,,,,,,,,,,,,,,,,,,,,,
2022-10-07,137.52,0.0,14.59,152.11,7.68,2.39,1.26,5.62,139407.0,0.0,0.0,0.0,5.27,3.29,96.0,32.7,,,7.82,25136.0,0.0,0.0,0.0,2.62,1.12,2397.0,17492.0,67.9,4292.0,96.0,38.7,,,7.82,26631.0,0.0,0.0,0.0,2.74,1.16,2597.0,17637.0,68.0,4163.0,8455,277.0,7.79,3860.0,7.91,8960.0,3875.0,3402.0,0.0,0.0,129.0,7.84,7.84,14260.0,61.0,2.14,9.36,0.0,0.0,38.3,188.0,7.75,7.75,14860.0,75.0,1.46,13.5,0.0,0.0,38.5,215.0,7.95,620.0,0.0,149.0,183.0,76.0,9.2,44.0,484.96240601503723,644.9999999999995,,,,,,,,,,,,,,,,,,,,,,,,
2022-10-08,107.41,178.87,23.49,309.77,0.0,0.0,0.0,0.0,0.0,0.0,0.0,0.0,0.0,0.0,96.0,0.0,,,0.0,0.0,0.0,0.0,0.0,0.0,0.0,0.0,0.0,0.0,4301.0,96.0,0.0,,,0.0,0.0,0.0,0.0,0.0,0.0,0.0,0.0,,0.0,4149.0,8450,296.0,0.0,0.0,0.0,0.0,0.0,0.0,0.0,0.0,164.0,0.0,0.0,0.0,0.0,0.0,0.0,0.0,0.0,0.0,188.0,0.0,0.0,0.0,0.0,0.0,0.0,0.0,0.0,0.0,275.0,0.0,0.0,0.0,0.0,0.0,0.0,0.0,44.0,600.0,798.0,,,,,,,,,,,,,,,,,,,,,,,,
2022-10-09,0.0,0.0,0.0,0.0,0.0,0.0,0.0,0.0,0.0,0.0,0.0,0.0,0.0,0.0,96.0,0.0,,,0.0,0.0,0.0,0.0,0.0,0.0,0.0,0.0,0.0,0.0,4380.0,96.0,0.0,,,0.0,0.0,0.0,0.0,0.0,0.0,0.0,0.0,,0.0,4234.0,8614,363.0,0.0,0.0,0.0,0.0,0.0,0.0,0.0,0.0,166.0,0.0,0.0,0.0,0.0,0.0,0.0,0.0,0.0,0.0,188.0,0.0,0.0,0.0,0.0,0.0,0.0,0.0,0.0,0.0,184.0,0.0,0.0,0.0,0.0,0.0,0.0,0.0,44.0,600.0,798.0,,,,,,8614.0,,,,,,,,,,,,,,,,,,
2022-10-10,201.18,90.92,24.48,316.58000000000004,7.77,2.48,1.3,5.57,139928.0,5294.0,731.0,0.0,5.07,3.35,96.0,32.6,,,7.85,32532.0,5121.0,545.0,0.0,2.67,1.07,2583.0,17637.0,68.4,4413.0,96.0,38.5,,,7.83,28498.0,5178.0,568.0,0.0,2.67,1.12,2663.0,17519.0,68.3,4238.0,8651,319.0,7.96,9540.0,7.82,4700.0,1503.0,2991.0,188.0,0.0,167.0,7.57,7.57,14540.0,151.0,2.71,114.0,0.21,8.8,38.0,189.0,7.54,7.54,15140.0,132.0,1.06,92.0,0.18,7.9,37.7,292.0,8.05,560.0,0.0,105.0,129.0,129.0,7.1,44.0,600.0,798.0,,,,,,8651.0,,,,,,,,,,,,,,,,,,
2022-10-11,103.52,76.81,13.89,194.21999999999997,7.98,2.08,1.04,5.6,143809.0,0.0,0.0,0.0,5.31,3.48,96.0,32.6,,,7.85,29829.0,0.0,0.0,0.0,2.64,1.09,2335.0,17825.0,67.8,4488.0,96.0,38.5,,,7.84,27319.0,0.0,0.0,0.0,2.71,1.15,2737.0,17841.0,67.9,4391.0,8879,321.0,7.93,4260.0,7.88,5640.0,2508.0,3124.0,0.0,0.0,137.0,7.52,7.52,14260.0,146.0,1.27,105.0,0.0,0.0,37.5,188.0,7.49,7.49,14960.0,163.0,3.88,119.0,0.0,0.0,37.7,233.0,8.01,480.0,0.0,127.0,151.0,138.0,6.8,44.0,600.0,798.0,,,,,,8879.0,,,,,,,,,,,,,,,,,,
2022-10-12,128.17,47.62,16.37,192.16,0.0,0.0,0.0,0.0,0.0,0.0,0.0,0.0,0.0,0.0,96.0,0.0,,,0.0,0.0,0.0,0.0,0.0,0.0,0.0,0.0,0.0,0.0,4701.0,96.0,0.0,,,0.0,0.0,0.0,0.0,0.0,0.0,0.0,0.0,,0.0,4529.0,9230,267.0,0.0,0.0,0.0,0.0,0.0,0.0,0.0,0.0,168.0,0.0,0.0,0.0,0.0,0.0,0.0,0.0,0.0,0.0,188.0,0.0,0.0,0.0,0.0,0.0,0.0,0.0,0.0,0.0,247.0,0.0,0.0,104.0,0.0,0.0,0.0,0.0,44.0,600.0,798.0,0.0,0.0,0.0,99.99,0.01,9230.0,0.0,1.8298169999999998,0.00014099999999999998,1.8299579999999998,16890.512339999997,0.0,0.0,0.0,,,,,,,,,,
2022-10-13,155.37,89.53,15.6,260.5,7.49,3.22,1.96,5.34,138775.0,0.0,0.0,0.0,5.3,3.66,96.0,32.6,,,7.75,30574.0,0.0,0.0,0.0,2.67,1.28,2712.0,17427.0,66.3,4667.0,96.0,38.5,,,7.75,28387.0,0.0,0.0,0.0,2.85,1.32,2935.0,17338.0,66.4,4519.0,9186,335.0,7.86,6240.0,7.72,3160.0,1362.0,3066.0,0.0,0.0,147.0,7.57,7.57,14700.0,131.0,0.84,57.9,0.0,0.0,37.6,189.0,7.57,7.57,15260.0,146.0,1.21,66.1,0.0,0.0,38.2,278.0,8.01,560.0,0.0,101.0,104.0,108.0,7.8,44.0,600.0,798.0,66.3,66.4,66.35,33.64,0.01,9186.0,0.43790999999999997,0.615612,0.00014099999999999998,1.053663,9678.948318,4022.64126,1005.660315,8045282.52,,,,,,,,,,
2022-10-14,106.01,134.13,16.18,256.32,7.68,2.56,1.39,5.41,142165.0,0.0,0.0,0.0,5.12,3.42,96.0,32.6,,,7.77,29638.0,0.0,0.0,0.0,2.65,1.23,2593.0,17326.0,66.7,4550.0,96.0,38.4,,,7.77,27746.0,0.0,0.0,0.0,2.77,1.27,2745.0,17416.0,66.9,4543.0,9093,322.0,7.9,5440.0,7.78,4240.0,1695.0,2958.0,0.0,0.0,161.0,7.54,7.54,14360.0,153.0,1.89,78.2,0.0,0.0,37.7,191.0,7.51,7.51,15160.0,161.0,4.27,89.2,0.0,0.0,38.5,248.0,7.99,520.0,0.0,121.0,130.0,128.0,7.4,44.0,549.624060150376,731.0000000000001,66.7,66.9,66.80000000000001,33.18999999999998,0.01,9093.0,0.4408800000000001,0.6073769999999997,0.00014099999999999998,1.0483979999999997,9533.083013999998,4008.921840000001,1002.2304600000002,8017843.680000002,,,,,,,,,,
2022-10-15,128.15,102.8,22.7,253.64999999999998,0.0,0.0,0.0,0.0,0.0,0.0,0.0,0.0,0.0,0.0,96.0,0.0,,,0.0,0.0,0.0,0.0,0.0,0.0,0.0,0.0,0.0,0.0,4449.0,96.0,0.0,,,0.0,0.0,0.0,0.0,0.0,0.0,0.0,0.0,,0.0,4230.0,8679,267.0,0.0,0.0,0.0,0.0,0.0,0.0,0.0,0.0,181.0,0.0,0.0,0.0,0.0,0.0,0.0,0.0,0.0,0.0,195.0,0.0,0.0,0.0,0.0,0.0,0.0,0.0,0.0,0.0,255.0,0.0,0.0,0.0,0.0,0.0,0.0,0.0,44.0,500.0,665.0,0.0,0.0,0.0,99.99,0.01,8679.0,0.0,1.8298169999999998,0.00014099999999999998,1.8299579999999998,15882.205481999998,0.0,0.0,0.0,,,,,,,,,,
2022-10-16,0.0,0.0,0.0,0.0,0.0,0.0,0.0,0.0,0.0,0.0,0.0,0.0,0.0,0.0,96.0,0.0,,,0.0,0.0,0.0,0.0,0.0,0.0,0.0,0.0,0.0,0.0,4484.0,96.0,0.0,,,0.0,0.0,0.0,0.0,0.0,0.0,0.0,0.0,,0.0,4317.0,8801,267.0,0.0,0.0,0.0,0.0,0.0,0.0,0.0,0.0,142.0,0.0,0.0,0.0,0.0,0.0,0.0,0.0,0.0,0.0,151.0,0.0,0.0,0.0,0.0,0.0,0.0,0.0,0.0,0.0,212.0,0.0,0.0,0.0,0.0,0.0,0.0,0.0,44.0,400.0,532.0,,,,,,8801.0,,,,,,,,,,,,,,,,,,
2022-10-17,103.25,39.37,24.11,166.73000000000002,7.59,2.85,1.58,5.73,142326.0,5634.0,1114.0,0.0,5.33,3.4,96.0,32.0,,,7.76,26249.0,5439.0,856.0,0.0,2.64,1.06,2646.0,17512.0,67.6,4544.0,96.0,38.5,,,7.77,30264.0,5432.0,898.0,0.0,2.59,1.03,2432.0,17291.0,67.9,4484.0,9028,267.0,7.78,10460.0,7.65,18840.0,7876.0,3816.0,841.0,0.0,177.0,7.66,7.66,14400.0,58.0,2.59,14.6,0.19,21.4,38.0,186.0,7.64,7.64,15740.0,69.0,1.29,27.3,0.31,25.8,40.0,250.0,8.02,560.0,0.0,131.0,124.0,86.0,9.0,44.0,500.0,665.0,,,,,,9028.0,,,,,,,,,,,,,,,,,,
2022-10-18,207.36,41.49,11.23,260.08000000000004,7.47,4.21,2.29,5.87,141009.0,0.0,0.0,0.0,5.02,3.15,96.0,32.0,,,7.78,27018.0,0.0,0.0,0.0,2.69,1.07,2486.0,17702.0,67.9,4419.0,96.0,38.5,,,7.78,29315.0,0.0,0.0,0.0,2.71,1.05,2615.0,17584.0,67.8,4280.0,8699,267.0,7.75,15240.0,7.69,12640.0,5280.0,3541.0,0.0,0.0,171.0,7.71,7.71,14240.0,49.0,1.83,9.21,0.0,0.0,37.6,187.0,7.68,7.68,15560.0,64.0,3.49,19.6,0.0,0.0,39.7,241.0,8.05,540.0,0.0,138.0,151.0,68.0,8.4,44.0,300.0,399.0,67.9,67.8,67.85,32.14,0.01,8699.0,0.44781,0.5881620000000001,0.00014099999999999998,1.036113,9013.146987,3895.49919,973.8747975,7790998.38,,,,,,,,,,
2022-10-19,107.47,180.56,19.83,307.85999999999996,7.62,2.61,1.42,5.88,139284.0,0.0,0.0,0.0,4.97,3.09,96.0,31.9,,,7.79,26178.0,0.0,0.0,0.0,2.62,1.09,2631.0,17589.0,68.1,4431.0,96.0,38.4,,,7.79,28531.0,0.0,0.0,0.0,2.68,1.12,2498.0,17827.0,67.9,4291.0,8722,344.0,7.72,6460.0,7.72,12080.0,6164.0,3649.0,0.0,0.0,175.0,7.75,7.75,14060.0,56.0,4.16,5.44,0.0,0.0,37.3,188.0,0.0,0.0,0.0,0.0,0.0,0.0,0.0,0.0,0.0,207.0,8.01,480.0,0.0,156.0,179.0,61.0,9.5,44.0,400.0,532.0,68.1,67.9,68.0,31.989999999999995,0.01,8722.0,0.44880000000000003,0.585417,0.00014099999999999998,1.0343579999999999,9021.670476,3914.4336000000003,978.6084000000001,7828867.2,,,,,,,,,,
2022-10-20,100.72,77.31,11.47,189.5,7.56,2.35,1.33,5.85,127289.0,0.0,0.0,0.0,5.28,3.42,96.0,31.9,,,7.77,26324.0,0.0,0.0,0.0,2.52,0.99,2351.0,17794.0,68.3,4382.0,96.0,38.4,,,7.78,31873.0,0.0,0.0,0.0,2.51,1.04,2611.0,17426.0,68.1,4099.0,8481,363.0,7.69,6800.0,7.66,12860.0,7367.0,3715.0,0.0,0.0,168.0,7.81,7.81,14460.0,52.0,0.89,4.14,0.0,0.0,37.7,157.0,0.0,0.0,0.0,0.0,0.0,0.0,0.0,0.0,0.0,244.0,8.06,620.0,0.0,171.0,194.0,41.0,6.8,44.0,400.0,532.0,68.3,68.1,68.19999999999999,31.790000000000006,0.01,8481.0,0.4501199999999999,0.5817570000000001,0.00014099999999999998,1.0320179999999999,8752.544657999999,3817.467719999999,954.3669299999998,7634935.439999999,,,,,,,,,,
2022-10-21,135.34,0.0,16.4,151.74,7.69,2.589,1.36,5.79,133071.0,0.0,0.0,0.0,5.14,3.34,96.0,31.9,,,7.76,27661.0,0.0,0.0,0.0,2.58,1.03,2608.0,17819.0,67.9,4483.0,96.0,38.4,,,7.77,30544.0,0.0,0.0,0.0,2.54,1.12,2496.0,17674.0,67.9,4266.0,8749,404.0,7.75,8420.0,7.74,10440.0,5938.0,3586.0,0.0,0.0,171.0,7.79,7.79,14880.0,48.0,1.32,3.26,0.0,0.0,37.6,196.0,0.0,0.0,0.0,0.0,0.0,0.0,0.0,0.0,0.0,167.0,8.03,680.0,0.0,154.0,185.0,46.0,7.2,44.0,400.0,532.0,67.9,67.9,67.9,32.08999999999999,0.01,8749.0,0.4481400000000001,0.5872469999999999,0.00014099999999999998,1.035528,9059.834472,3920.776860000001,980.1942150000002,7841553.720000002,,,,,,,,,,
2022-10-22,80.48,87.59,22.19,190.26,0.0,0.0,0.0,0.0,0.0,0.0,0.0,0.0,0.0,0.0,96.0,0.0,,,0.0,0.0,0.0,0.0,0.0,0.0,0.0,0.0,0.0,0.0,4684.0,96.0,0.0,,,0.0,0.0,0.0,0.0,0.0,0.0,0.0,0.0,,0.0,4303.0,8987,362.0,0.0,0.0,0.0,0.0,0.0,0.0,0.0,0.0,178.0,0.0,0.0,0.0,0.0,0.0,0.0,0.0,0.0,0.0,171.0,0.0,0.0,0.0,0.0,0.0,0.0,0.0,0.0,0.0,205.0,0.0,0.0,0.0,0.0,0.0,0.0,0.0,44.0,400.0,532.0,0.0,0.0,0.0,99.99,0.01,8987.0,0.0,1.8298169999999998,0.00014099999999999998,1.8299579999999998,16445.832545999998,0.0,0.0,0.0,,,,,,,,,,
2022-10-23,0.0,0.0,0.0,0.0,0.0,0.0,0.0,0.0,0.0,0.0,0.0,0.0,0.0,0.0,92.0,0.0,,,0.0,0.0,0.0,0.0,0.0,0.0,0.0,0.0,0.0,0.0,4646.0,92.0,0.0,,,0.0,0.0,0.0,0.0,0.0,0.0,0.0,0.0,,0.0,4244.0,8890,342.0,0.0,0.0,0.0,0.0,0.0,0.0,0.0,0.0,171.0,0.0,0.0,0.0,0.0,0.0,0.0,0.0,0.0,0.0,198.0,0.0,0.0,0.0,0.0,0.0,0.0,0.0,0.0,0.0,176.0,0.0,0.0,0.0,0.0,0.0,0.0,0.0,44.0,400.0,532.0,,,,,,8890.0,,,,,,,,,,,,,,,,,,
2022-10-24,155.39,88.95,23.57,267.90999999999997,0.0,0.0,0.0,0.0,0.0,0.0,0.0,0.0,0.0,0.0,92.0,0.0,,,0.0,0.0,0.0,0.0,0.0,0.0,0.0,0.0,0.0,0.0,4396.0,92.0,0.0,,,0.0,0.0,0.0,0.0,0.0,0.0,0.0,0.0,,0.0,4075.0,8471,365.0,0.0,0.0,0.0,0.0,0.0,0.0,0.0,0.0,160.0,0.0,0.0,0.0,0.0,0.0,0.0,0.0,0.0,0.0,204.0,0.0,0.0,0.0,0.0,0.0,0.0,0.0,0.0,0.0,150.0,0.0,0.0,0.0,0.0,0.0,0.0,0.0,42.0,565.4135338345859,751.9999999999993,,,,,,8471.0,,,,,,,,,,,,,,,,,,
2022-10-25,203.19,128.43,15.09,346.71,7.88,3.32,1.78,5.67,126572.0,5566.0,965.0,0.0,5.36,3.36,96.0,31.3,,,8.1,29155.0,6117.0,542.0,0.0,2.73,0.99,2842.0,18429.0,67.3,4479.0,96.0,37.9,,,8.09,30440.0,6188.0,583.0,0.0,2.96,1.1,2913.0,18370.0,67.4,4284.0,8763,363.0,8.04,5660.0,8.06,12860.0,4807.0,3537.0,806.0,0.0,165.0,7.82,7.82,14300.0,136.0,0.36,74.7,0.13,6.5,37.2,172.0,0.0,0.0,0.0,0.0,0.0,0.0,0.0,0.0,0.0,304.0,8.2,400.0,0.0,287.0,346.0,50.0,7.8,42.0,600.0,798.0,67.3,67.4,67.35,32.64,0.01,8763.0,0.44451,0.5973120000000001,0.00014099999999999998,1.041963,9130.721769,3895.2411300000003,973.8102825000001,7790482.260000001,,,,,,,,,,
2022-10-26,103.2,38.19,15.66,157.04999999999998,7.86,2.23,1.22,5.61,135047.0,0.0,0.0,0.0,5.56,3.74,96.0,31.3,,,8.05,30736.0,0.0,0.0,0.0,2.781,1.05,3135.0,18216.0,66.9,4442.0,96.0,37.9,,,8.0,29264.0,0.0,0.0,0.0,2.47,0.93,2897.0,18041.0,67.1,4376.0,8818,363.0,8.01,4240.0,8.04,14000.0,5694.0,3680.0,0.0,0.0,161.0,7.81,7.81,14840.0,94.0,1.25,40.9,0.0,0.0,37.7,174.0,0.0,0.0,0.0,0.0,0.0,0.0,0.0,0.0,0.0,234.0,8.15,640.0,0.0,212.0,254.0,95.0,7.1,42.0,600.0,798.0,66.9,67.1,67.0,32.989999999999995,0.01,8818.0,0.4422,0.603717,0.00014099999999999998,1.046058,9224.139443999999,3899.3196,974.8299,7798639.199999999,,,,,,,,,,
2022-10-27,156.04,89.26,15.45,260.75,8.37,2.96,1.69,5.7,120453.0,0.0,0.0,0.0,5.37,3.74,96.0,31.5,,,8.04,27956.0,0.0,0.0,0.0,2.69,1.17,3347.0,18082.0,66.5,4392.0,96.0,38.0,,,7.97,27616.0,0.0,0.0,0.0,2.69,1.22,2967.0,17864.0,66.7,4373.0,8765,347.0,7.96,5260.0,7.92,8700.0,1083.0,3192.0,0.0,0.0,163.0,7.74,7.74,14460.0,165.0,1.76,80.7,0.0,0.0,37.4,173.0,7.72,7.72,13900.0,175.0,1.28,87.0,0.0,0.0,38.2,310.0,8.03,800.0,0.0,128.0,141.0,121.0,9.2,42.0,600.0,798.0,66.5,66.7,66.6,33.39,0.01,8765.0,0.43955999999999995,0.611037,0.00014099999999999998,1.050738,9209.718569999999,3852.7433999999994,963.1858499999998,7705486.799999999,,,,,,,,,,
2022-10-28,137.4,89.03,15.64,242.07,8.02,3.98,2.35,5.98,117329.0,0.0,0.0,0.0,5.14,3.39,96.0,31.5,,,8.05,28761.0,0.0,0.0,0.0,2.79,1.17,3095.0,17768.0,67.2,4255.0,96.0,38.1,,,8.01,29033.0,0.0,0.0,0.0,2.88,1.23,2812.0,18165.0,67.1,4156.0,8411,267.0,7.95,4460.0,7.89,6880.0,1264.0,3305.0,0.0,0.0,133.0,7.61,7.61,14860.0,231.0,0.86,145.2,0.0,0.0,37.5,181.0,7.56,7.56,14340.0,261.0,3.41,169.2,0.0,0.0,38.3,315.0,7.96,580.0,0.0,107.0,128.0,195.0,8.4,44.0,600.0,798.0,67.2,67.1,67.15,32.83999999999999,0.01,8411.0,0.44319000000000003,0.6009719999999998,0.00014099999999999998,1.0443029999999998,8783.632532999998,3727.6710900000003,931.9177725000001,7455342.180000001,,,,,,,,,,
2022-10-29,78.6,149.74,21.18,249.52,0.0,0.0,0.0,0.0,0.0,0.0,0.0,0.0,0.0,0.0,96.0,0.0,,,0.0,0.0,0.0,0.0,0.0,0.0,0.0,0.0,0.0,0.0,4412.0,96.0,0.0,,,0.0,0.0,0.0,0.0,0.0,0.0,0.0,0.0,,0.0,4314.0,8726,257.0,0.0,0.0,0.0,0.0,0.0,0.0,0.0,0.0,170.0,0.0,0.0,0.0,0.0,0.0,0.0,0.0,0.0,0.0,213.0,0.0,0.0,0.0,0.0,0.0,0.0,0.0,0.0,0.0,303.0,0.0,0.0,0.0,0.0,0.0,0.0,0.0,46.0,600.0,798.0,0.0,0.0,0.0,99.99,0.01,8726.0,0.0,1.8298169999999998,0.00014099999999999998,1.8299579999999998,15968.213507999997,0.0,0.0,0.0,,,,,,,,,,
2022-10-30,0.0,0.0,0.0,0.0,0.0,0.0,0.0,0.0,0.0,0.0,0.0,0.0,0.0,0.0,96.0,0.0,,,0.0,0.0,0.0,0.0,0.0,0.0,0.0,0.0,0.0,0.0,4660.0,96.0,0.0,,,0.0,0.0,0.0,0.0,0.0,0.0,0.0,0.0,,0.0,4405.0,9065,282.0,0.0,0.0,0.0,0.0,0.0,0.0,0.0,0.0,174.0,0.0,0.0,0.0,0.0,0.0,0.0,0.0,0.0,0.0,158.0,0.0,0.0,0.0,0.0,0.0,0.0,0.0,0.0,0.0,317.0,0.0,0.0,0.0,0.0,0.0,0.0,0.0,48.0,600.0,798.0,,,,,,9065.0,,,,,,,,,,,,,,,,,,
2022-10-31,153.84,39.02,25.54,218.4,7.9,3.04,1.68,5.88,131978.0,4945.0,903.0,0.0,5.31,3.2,96.0,31.6,,,8.08,26793.0,4924.0,573.0,0.0,2.61,0.98,2572.0,18319.0,67.4,4740.0,96.0,38.1,,,8.01,27831.0,5353.0,620.0,0.0,2.72,1.05,2732.0,18049.0,67.5,4480.0,9220,274.0,7.98,4960.0,8.04,10060.0,4021.0,3157.0,478.0,0.0,170.0,7.48,7.48,13040.0,229.0,3.9,156.0,0.26,10.2,37.8,187.0,7.45,7.45,13880.0,202.0,1.41,131.0,0.14,9.4,39.1,314.0,8.05,460.0,0.0,139.0,155.0,181.0,6.9,48.0,609.0225563909771,809.9999999999997,,,,,,9220.0,,,,,,,,,,,,,,,,,,
2022-11-01,126.24,91.72,10.33,228.29,7.85,3.78,2.06,6.04,134063.0,0.0,0.0,0.0,5.59,3.58,98.0,31.6,,,8.07,27044.0,0.0,0.0,0.0,2.73,1.05,2394.0,18067.0,67.6,4667.0,98.0,38.1,,,8.02,28316.0,0.0,0.0,0.0,2.79,1.13,2709.0,18217.0,67.8,4639.0,9306,277.0,0.0,0.0,8.01,12440.0,4503.0,3389.0,0.0,0.0,170.0,7.52,7.52,13660.0,186.0,1.67,121.0,0.0,0.0,37.4,188.0,7.46,7.46,14040.0,211.0,0.87,129.0,0.0,0.0,39.3,314.0,8.01,540.0,0.0,125.0,148.0,190.0,7.6,48.0,600.0,798.0,,,,,,9306.0,,,,,,,,,,,,,,,,,,
2022-11-02,128.59,89.13,18.63,236.35,7.97,3.42,1.78,5.93,154959.0,0.0,0.0,0.0,5.78,3.96,100.0,31.5,,,8.06,25557.0,0.0,0.0,0.0,2.64,1.05,2678.0,17894.0,67.7,4909.0,100.0,38.0,,,8.02,28890.0,0.0,0.0,0.0,2.68,1.22,3046.0,17916.0,67.9,4748.0,9657,253.0,7.95,6040.0,8.08,25600.0,9092.0,4139.0,0.0,0.0,178.0,7.46,7.46,13880.0,231.0,0.87,164.0,0.0,0.0,37.5,148.0,0.0,0.0,0.0,0.0,0.0,0.0,0.0,0.0,0.0,255.0,7.98,500.0,0.0,136.0,184.0,245.0,8.1,48.0,600.0,798.0,67.7,67.9,67.80000000000001,32.18999999999998,0.01,9657.0,0.4474800000000001,0.5890769999999997,0.00014099999999999998,1.0366979999999997,10011.392585999996,4321.314360000001,1080.3285900000003,8642628.720000003,,,,,,,,,,
2022-11-03,104.39,130.06,18.16,252.60999999999999,7.92,3.34,1.88,5.92,143838.0,0.0,0.0,0.0,5.68,3.67,102.0,31.5,,,8.08,33713.0,0.0,0.0,0.0,2.69,0.98,2455.0,18227.0,67.7,5077.0,102.0,38.0,,,8.04,31446.0,0.0,0.0,0.0,2.7,1.04,2602.0,18348.0,68.0,4943.0,10020,283.0,8.01,4840.0,7.94,8400.0,3616.0,3505.0,0.0,0.0,168.0,7.29,7.29,13040.0,279.0,0.11,183.0,0.0,0.0,37.4,188.0,7.34,7.34,14300.0,246.0,0.16,186.0,0.0,0.0,39.5,260.0,8.04,640.0,0.0,119.0,170.0,177.0,7.2,48.0,600.0,798.0,,,,,,10020.0,,,,,,,,,,,,,,,,,,
2022-11-04,163.52,39.18,14.83,217.53000000000003,0.0,0.0,0.0,0.0,0.0,0.0,0.0,0.0,0.0,0.0,102.0,0.0,,,0.0,0.0,0.0,0.0,0.0,0.0,0.0,0.0,0.0,0.0,5004.0,102.0,0.0,,,0.0,0.0,0.0,0.0,0.0,0.0,0.0,0.0,,0.0,4796.0,9800,285.0,0.0,0.0,0.0,0.0,0.0,0.0,0.0,0.0,172.0,0.0,0.0,0.0,0.0,0.0,0.0,0.0,0.0,0.0,188.0,0.0,0.0,0.0,0.0,0.0,0.0,0.0,0.0,0.0,307.0,0.0,0.0,0.0,0.0,0.0,0.0,0.0,48.0,600.0,798.0,0.0,0.0,0.0,99.99,0.01,9800.0,0.0,1.8298169999999998,0.00014099999999999998,1.8299579999999998,17933.588399999997,0.0,0.0,0.0,,,,,,,,,,
2022-11-05,79.79,89.06,21.05,189.90000000000003,0.0,0.0,0.0,0.0,0.0,0.0,0.0,0.0,0.0,0.0,102.0,0.0,,,0.0,0.0,0.0,0.0,0.0,0.0,0.0,0.0,0.0,0.0,5011.0,102.0,0.0,,,0.0,0.0,0.0,0.0,0.0,0.0,0.0,0.0,,0.0,4797.0,9808,260.0,0.0,0.0,0.0,0.0,0.0,0.0,0.0,0.0,172.0,0.0,0.0,0.0,0.0,0.0,0.0,0.0,0.0,0.0,149.0,0.0,0.0,0.0,0.0,0.0,0.0,0.0,0.0,0.0,275.0,0.0,0.0,0.0,0.0,0.0,0.0,0.0,48.0,600.0,798.0,0.0,0.0,0.0,99.99,0.01,9808.0,0.0,1.8298169999999998,0.00014099999999999998,1.8299579999999998,17948.228064,0.0,0.0,0.0,,,,,,,,,,
2022-11-06,0.0,0.0,0.0,0.0,0.0,0.0,0.0,0.0,0.0,0.0,0.0,0.0,0.0,0.0,102.0,0.0,,,0.0,0.0,0.0,0.0,0.0,0.0,0.0,0.0,0.0,0.0,4940.0,102.0,0.0,,,0.0,0.0,0.0,0.0,0.0,0.0,0.0,0.0,,0.0,4714.0,9654,242.0,0.0,0.0,0.0,0.0,0.0,0.0,0.0,0.0,166.0,0.0,0.0,0.0,0.0,0.0,0.0,0.0,0.0,0.0,188.0,0.0,0.0,0.0,0.0,0.0,0.0,0.0,0.0,0.0,279.0,0.0,0.0,0.0,0.0,0.0,0.0,0.0,48.0,600.0,798.0,,,,,,9654.0,,,,,,,,,,,,,,,,,,
2022-11-07,155.48,87.19,21.65,264.32,0.0,0.0,0.0,0.0,0.0,0.0,0.0,0.0,0.0,0.0,102.0,0.0,,,0.0,0.0,0.0,0.0,0.0,0.0,0.0,0.0,0.0,0.0,4766.0,102.0,0.0,,,0.0,0.0,0.0,0.0,0.0,0.0,0.0,0.0,,0.0,4582.0,9348,268.0,0.0,0.0,0.0,0.0,0.0,0.0,0.0,0.0,166.0,0.0,0.0,0.0,0.0,0.0,0.0,0.0,0.0,0.0,152.0,0.0,0.0,0.0,0.0,0.0,0.0,0.0,0.0,0.0,213.0,0.0,0.0,0.0,0.0,0.0,0.0,0.0,48.0,628.5714285714284,835.9999999999999,,,,,,9348.0,,,,,,,,,,,,,,,,,,
2022-11-08,184.73,168.8,16.28,369.80999999999995,0.0,0.0,0.0,0.0,0.0,0.0,0.0,0.0,0.0,0.0,102.0,0.0,,,0.0,0.0,0.0,0.0,0.0,0.0,0.0,0.0,0.0,0.0,4633.0,102.0,0.0,,,0.0,0.0,0.0,0.0,0.0,0.0,0.0,0.0,,0.0,4504.0,9137,273.0,0.0,0.0,0.0,0.0,0.0,0.0,0.0,0.0,155.0,0.0,0.0,0.0,0.0,0.0,0.0,0.0,0.0,0.0,188.0,0.0,0.0,0.0,0.0,0.0,0.0,0.0,0.0,0.0,301.0,0.0,0.0,0.0,0.0,0.0,0.0,0.0,48.0,600.0,798.0,0.0,0.0,0.0,99.99,0.01,9137.0,0.0,1.8298169999999998,0.00014099999999999998,1.8299579999999998,16720.326245999997,0.0,0.0,0.0,,,,,,,,,,
2022-11-09,49.96,0.0,16.19,66.15,0.0,0.0,0.0,0.0,0.0,0.0,0.0,0.0,0.0,0.0,102.0,0.0,,,0.0,0.0,0.0,0.0,0.0,0.0,0.0,0.0,0.0,0.0,4672.0,102.0,0.0,,,0.0,0.0,0.0,0.0,0.0,0.0,0.0,0.0,,0.0,4636.0,9308,272.0,0.0,0.0,0.0,0.0,0.0,0.0,0.0,0.0,150.0,0.0,0.0,0.0,0.0,0.0,0.0,0.0,0.0,0.0,159.0,0.0,0.0,0.0,0.0,0.0,0.0,0.0,0.0,0.0,301.0,0.0,0.0,0.0,0.0,0.0,0.0,0.0,48.0,700.0,931.0,0.0,0.0,0.0,99.99,0.01,9308.0,0.0,1.8298169999999998,0.00014099999999999998,1.8299579999999998,17033.249063999996,0.0,0.0,0.0,,,,,,,,,,
2022-11-10,128.68,88.78,17.1,234.56,0.0,0.0,0.0,0.0,0.0,0.0,0.0,0.0,0.0,0.0,102.0,0.0,,,0.0,0.0,0.0,0.0,0.0,0.0,0.0,0.0,0.0,0.0,4617.0,102.0,0.0,,,0.0,0.0,0.0,0.0,0.0,0.0,0.0,0.0,,0.0,4448.0,9065,265.0,0.0,0.0,0.0,0.0,0.0,0.0,0.0,0.0,168.0,0.0,0.0,0.0,0.0,0.0,0.0,0.0,0.0,0.0,189.0,0.0,0.0,0.0,0.0,0.0,0.0,0.0,0.0,0.0,276.0,0.0,0.0,0.0,0.0,0.0,0.0,0.0,48.0,700.0,931.0,,,,,,9065.0,,,,,,,,,,,,,,,,,,
2022-11-11,162.72,88.4,16.52,267.64,8.23,2.48,1.21,6.13,109616.0,4568.0,535.0,0.0,5.16,3.25,102.0,30.0,,,8.09,30270.0,6019.0,614.0,0.0,2.58,0.97,2713.0,18096.0,67.9,4521.0,102.0,38.0,,,8.03,35867.0,6023.0,535.0,0.0,2.78,1.13,3263.0,17768.0,67.6,4494.0,9015,266.0,8.22,7900.0,8.04,27600.0,9306.0,4449.0,705.0,0.0,176.0,0.0,0.0,0.0,0.0,0.0,0.0,0.0,0.0,0.0,188.0,7.14,7.14,14660.0,368.0,2.9,195.0,0.31,17.0,39.5,265.0,7.95,340.0,0.0,126.0,186.0,247.0,8.8,48.0,700.0,931.0,67.9,67.6,67.75,32.239999999999995,0.01,9015.0,0.44715000000000005,0.589992,0.00014099999999999998,1.037283,9351.106244999999,4031.0572500000003,1007.7643125000001,8062114.500000001,,,,,,,,,,
2022-11-12,129.81,148.79,21.24,299.84000000000003,0.0,0.0,0.0,0.0,0.0,0.0,0.0,0.0,0.0,0.0,102.0,0.0,,,0.0,0.0,0.0,0.0,0.0,0.0,0.0,0.0,0.0,0.0,4672.0,102.0,0.0,,,0.0,0.0,0.0,0.0,0.0,0.0,0.0,0.0,,0.0,5024.0,9696,269.0,0.0,0.0,0.0,0.0,0.0,0.0,0.0,0.0,136.0,0.0,0.0,0.0,0.0,0.0,0.0,0.0,0.0,0.0,188.0,0.0,0.0,0.0,0.0,0.0,0.0,0.0,0.0,0.0,284.0,0.0,0.0,0.0,0.0,0.0,0.0,0.0,48.0,700.0,931.0,0.0,0.0,0.0,99.99,0.01,9696.0,0.0,1.8298169999999998,0.00014099999999999998,1.8299579999999998,17743.272768,0.0,0.0,0.0,,,,,,,,,,
2022-11-13,0.0,0.0,0.0,0.0,0.0,0.0,0.0,0.0,0.0,0.0,0.0,0.0,0.0,0.0,102.0,0.0,,,0.0,0.0,0.0,0.0,0.0,0.0,0.0,0.0,0.0,0.0,4934.0,102.0,0.0,,,0.0,0.0,0.0,0.0,0.0,0.0,0.0,0.0,,0.0,4860.0,9794,263.0,0.0,0.0,0.0,0.0,0.0,0.0,0.0,0.0,175.0,0.0,0.0,0.0,0.0,0.0,0.0,0.0,0.0,0.0,186.0,0.0,0.0,0.0,0.0,0.0,0.0,0.0,0.0,0.0,253.0,0.0,0.0,0.0,0.0,0.0,0.0,0.0,48.0,700.0,931.0,,,,,,9794.0,,,,,,,,,,,,,,,,,,
2022-11-14,157.2,39.41,25.66,222.26999999999998,7.5,3.82,1.65,5.82,163872.0,5192.0,605.0,0.0,5.25,3.16,102.0,29.8,,,8.13,29994.0,5742.0,579.0,0.0,2.77,1.07,2968.0,18513.0,67.5,5049.0,102.0,38.0,,,8.1,26704.0,5435.0,554.0,0.0,2.83,1.12,3058.0,18002.0,67.4,4925.0,9974,184.0,0.0,0.0,8.02,24260.0,8914.0,4389.0,930.0,0.0,133.0,0.0,0.0,0.0,0.0,0.0,0.0,0.0,0.0,0.0,147.0,6.91,6.91,15440.0,312.0,5.09,166.0,0.19,13.7,0.0,139.0,7.78,860.0,0.0,151.0,215.0,222.0,10.2,48.0,742.8571428571422,987.9999999999992,,,,,,9974.0,,,,,,,,,,,,,,,,,,
2022-11-15,183.67,91.21,11.77,286.65,7.67,4.06,2.35,5.65,159026.0,0.0,0.0,0.0,5.31,3.29,92.0,29.8,,,8.14,30541.0,0.0,0.0,0.0,2.72,1.19,3219.0,18366.0,67.5,4644.0,92.0,38.0,,,8.1,28735.0,0.0,0.0,0.0,2.59,1.03,2857.0,18129.0,67.4,4508.0,9152,214.0,8.18,8640.0,7.99,25140.0,9004.0,4268.0,0.0,0.0,164.0,7.05,7.05,14860.0,302.0,2.43,179.0,0.0,0.0,0.0,188.0,6.98,6.98,14980.0,286.0,0.52,171.0,0.0,0.0,0.0,277.0,7.82,680.0,0.0,149.0,197.0,241.0,9.5,44.0,700.0,931.0,67.5,67.4,67.45,32.53999999999999,0.01,9152.0,0.44517,0.5954819999999998,0.00014099999999999998,1.0407929999999999,9525.337536,4074.1958400000003,1018.5489600000001,8148391.680000001,,,,,,,,,,
2022-11-16,51.21,88.72,23.06,162.99,7.74,3.82,2.27,5.51,165542.0,0.0,0.0,0.0,5.6,3.8,87.0,29.7,,,8.11,33950.0,0.0,0.0,0.0,2.8,1.18,3520.0,17936.0,67.2,4838.0,86.0,37.9,,,8.07,31670.0,0.0,0.0,0.0,2.7,1.13,3117.0,17668.0,67.3,4765.0,9603,256.0,8.08,9140.0,8.04,17940.0,6179.0,3888.0,0.0,0.0,136.0,7.01,7.01,13980.0,412.0,0.66,261.0,0.0,0.0,0.0,147.0,0.0,0.0,0.0,0.0,0.0,0.0,0.0,0.0,0.0,277.0,7.76,600.0,0.0,126.0,139.0,259.0,10.6,41.0,700.0,931.0,,,,,,9603.0,,,,,,,,,,,,,,,,,,
2022-11-17,130.95,83.16,14.2,228.30999999999997,7.68,3.14,1.78,5.74,140747.0,0.0,0.0,0.0,5.51,3.68,96.0,29.7,,,8.12,30455.0,0.0,0.0,0.0,2.79,1.17,3183.0,18024.0,67.5,4618.0,97.0,37.7,,,8.09,27541.0,0.0,0.0,0.0,2.69,1.13,2908.0,17939.0,67.6,4493.0,9111,248.0,8.03,6800.0,8.06,15300.0,5101.0,3841.0,0.0,0.0,165.0,7.29,7.29,13440.0,376.0,1.54,223.0,0.0,0.0,0.0,189.0,7.09,7.09,14140.0,391.0,3.92,255.0,0.0,0.0,0.0,251.0,7.79,540.0,0.0,104.0,115.0,262.0,11.4,46.0,700.0,931.0,67.5,67.6,67.55,32.44,0.01,9111.0,0.44583,0.5936520000000001,0.00014099999999999998,1.039623,9472.005153,4061.9571300000002,1015.4892825000001,8123914.260000001,,,,,,,,,,
2022-11-18,109.42,85.05,15.7,210.17,0.0,0.0,0.0,0.0,0.0,0.0,0.0,0.0,0.0,0.0,72.0,0.0,,,0.0,0.0,0.0,0.0,0.0,0.0,0.0,0.0,0.0,0.0,4224.0,80.0,0.0,,,0.0,0.0,0.0,0.0,0.0,0.0,0.0,0.0,,0.0,4253.0,8477,248.0,0.0,0.0,0.0,0.0,0.0,0.0,0.0,0.0,139.0,0.0,0.0,0.0,0.0,0.0,0.0,0.0,0.0,0.0,188.0,0.0,0.0,0.0,0.0,0.0,0.0,0.0,0.0,0.0,207.0,0.0,0.0,0.0,0.0,0.0,0.0,0.0,37.0,1909.7744360902252,2539.9999999999995,0.0,0.0,0.0,99.99,0.01,8477.0,0.0,1.8298169999999998,0.00014099999999999998,1.8299579999999998,15512.553965999998,0.0,0.0,0.0,,,,,,,,,,
2022-11-19,135.67,88.86,23.69,248.21999999999997,0.0,0.0,0.0,0.0,0.0,0.0,0.0,0.0,0.0,0.0,99.0,0.0,,,0.0,0.0,0.0,0.0,0.0,0.0,0.0,0.0,0.0,0.0,4752.0,99.0,0.0,,,0.0,0.0,0.0,0.0,0.0,0.0,0.0,0.0,,0.0,4523.0,9275,248.0,0.0,0.0,0.0,0.0,0.0,0.0,0.0,0.0,176.0,0.0,0.0,0.0,0.0,0.0,0.0,0.0,0.0,0.0,188.0,0.0,0.0,0.0,0.0,0.0,0.0,0.0,0.0,0.0,263.0,0.0,0.0,0.0,0.0,0.0,0.0,0.0,48.0,500.0,665.0,0.0,0.0,0.0,99.99,0.01,9275.0,0.0,1.8298169999999998,0.00014099999999999998,1.8299579999999998,16972.860449999996,0.0,0.0,0.0,,,,,,,,,,
2022-11-20,0.0,0.0,0.0,0.0,0.0,0.0,0.0,0.0,0.0,0.0,0.0,0.0,0.0,0.0,98.0,0.0,,,0.0,0.0,0.0,0.0,0.0,0.0,0.0,0.0,0.0,0.0,4984.0,98.0,0.0,,,0.0,0.0,0.0,0.0,0.0,0.0,0.0,0.0,,0.0,4602.0,9586,250.0,0.0,0.0,0.0,0.0,0.0,0.0,0.0,0.0,178.0,0.0,0.0,0.0,0.0,0.0,0.0,0.0,0.0,0.0,153.0,0.0,0.0,0.0,0.0,0.0,0.0,0.0,0.0,0.0,261.0,0.0,0.0,0.0,0.0,0.0,0.0,0.0,44.0,500.0,665.0,,,,,,9586.0,,,,,,,,,,,,,,,,,,
2022-11-21,182.84,180.76,29.01,392.61,8.04,3.06,1.6,5.89,138084.0,4841.0,856.0,0.0,5.35,3.32,102.0,29.5,,,8.14,31288.0,5583.0,645.0,0.0,2.81,0.99,2679.0,18418.0,67.2,5154.0,102.0,37.9,,,8.09,27484.0,5795.0,510.0,0.0,2.69,0.85,2536.0,18258.0,67.3,4784.0,9938,247.0,7.99,6600.0,7.96,21500.0,12021.0,4544.0,1176.0,0.0,170.0,7.67,7.67,15240.0,256.0,1.35,149.0,0.21,11.8,0.0,184.0,7.44,7.44,14860.0,362.0,8.42,194.0,0.16,10.1,0.0,269.0,7.96,460.0,0.0,121.0,118.0,254.0,8.4,48.0,600.0,798.0,,,,,,9938.0,,,,,,,,,,,,,,,,,,
2022-11-22,132.69,77.26,16.27,226.22,7.81,2.89,1.7,5.96,142716.0,0.0,0.0,0.0,5.43,3.5,102.0,29.4,,,8.14,30614.0,0.0,0.0,0.0,2.86,1.07,2708.0,18268.0,67.1,5257.0,102.0,37.9,,,8.1,28526.0,0.0,0.0,0.0,2.78,1.13,2639.0,18518.0,67.2,4917.0,10174,246.0,8.05,6300.0,7.9,25800.0,7302.0,4597.0,0.0,0.0,141.0,7.6,7.6,15440.0,308.0,1.68,123.0,0.0,0.0,0.0,152.0,7.5,7.5,15940.0,376.0,4.91,153.0,0.0,0.0,0.0,288.0,8.02,740.0,0.0,106.0,120.0,267.0,9.1,48.0,600.0,798.0,67.1,67.2,67.15,32.83999999999999,0.01,10174.0,0.44319000000000003,0.6009719999999998,0.00014099999999999998,1.0443029999999998,10624.738721999998,4509.015060000001,1127.2537650000002,9018030.120000001,,,,,,,,,,
2022-11-23,131.18,0.0,22.44,153.62,7.75,2.53,1.51,5.9,131281.0,0.0,0.0,0.0,5.36,3.61,102.0,29.4,,,8.13,26662.0,0.0,0.0,0.0,2.69,1.17,2603.0,18024.0,67.2,5455.0,102.0,37.9,,,8.08,32327.0,0.0,0.0,0.0,2.63,1.21,2945.0,18230.0,67.4,5129.0,10584,245.0,8.01,7440.0,7.88,22130.0,7020.0,4204.0,0.0,0.0,140.0,7.68,7.68,14460.0,237.0,3.9,129.0,0.0,0.0,0.0,189.0,7.61,7.61,15640.0,307.0,6.26,161.0,0.0,0.0,0.0,289.0,8.05,460.0,0.0,139.0,153.0,251.0,9.5,48.0,600.0,798.0,,,,,,10584.0,,,,,,,,,,,,,,,,,,
2022-11-24,51.15,89.02,17.96,158.13,8.16,3.18,1.66,5.84,154453.0,0.0,0.0,0.0,5.33,3.43,102.0,29.4,,,8.14,31920.0,0.0,0.0,0.0,2.68,1.17,2916.0,18468.0,67.3,5523.0,102.0,38.0,,,8.09,33186.0,0.0,0.0,0.0,2.66,1.03,2577.0,18006.0,67.6,4946.0,10469,191.0,7.98,1460.0,7.94,18500.0,5136.0,4133.0,0.0,0.0,138.0,7.8,7.8,16000.0,131.0,1.08,54.3,0.0,0.0,0.0,177.0,7.74,7.74,14940.0,182.0,2.88,116.4,0.0,0.0,0.0,285.0,8.1,540.0,0.0,128.0,139.0,175.0,8.6,44.0,600.0,798.0,67.3,67.6,67.44999999999999,32.540000000000006,0.01,10469.0,0.44516999999999995,0.5954820000000002,0.00014099999999999998,1.040793,10896.061917,4660.484729999999,1165.1211824999998,9320969.459999999,,,,,,,,,,
2022-11-25,216.26,87.97,17.09,321.32,8.26,3.22,1.77,5.95,149160.0,0.0,0.0,0.0,5.12,3.29,102.0,29.3,,,8.16,30670.0,0.0,0.0,0.0,2.76,1.16,2792.0,18616.0,67.7,5482.0,102.0,37.9,,,8.1,32016.0,0.0,0.0,0.0,2.94,1.21,3038.0,18348.0,67.9,4855.0,10337,246.0,7.97,1260.0,7.9,15460.0,5640.0,4088.0,0.0,0.0,125.0,7.83,7.83,15260.0,82.0,2.11,10.46,0.0,0.0,0.0,169.0,7.78,7.78,14680.0,121.0,0.54,52.0,0.0,0.0,0.0,187.0,8.14,500.0,0.0,141.0,163.0,115.0,8.9,46.0,578.1954887218044,768.9999999999999,67.7,67.9,67.80000000000001,32.18999999999998,0.01,10337.0,0.4474800000000001,0.5890769999999997,0.00014099999999999998,1.0366979999999997,10716.347225999996,4625.600760000001,1156.4001900000003,9251201.520000003,,,,,,,,,,
2022-11-26,133.04,103.23,24.11,260.38,0.0,0.0,0.0,0.0,0.0,0.0,0.0,0.0,0.0,0.0,102.0,0.0,,,0.0,0.0,0.0,0.0,0.0,0.0,0.0,0.0,0.0,0.0,5642.0,102.0,0.0,,,0.0,0.0,0.0,0.0,0.0,0.0,0.0,0.0,,0.0,4822.0,10464,161.0,0.0,0.0,0.0,0.0,0.0,0.0,0.0,0.0,143.0,0.0,0.0,0.0,0.0,0.0,0.0,0.0,0.0,0.0,161.0,0.0,0.0,0.0,0.0,0.0,0.0,0.0,0.0,0.0,187.0,0.0,0.0,0.0,0.0,0.0,0.0,0.0,46.0,600.0,798.0,0.0,0.0,0.0,99.99,0.01,10464.0,0.0,1.8298169999999998,0.00014099999999999998,1.8299579999999998,19148.680512,0.0,0.0,0.0,,,,,,,,,,
2022-11-27,0.0,0.0,0.0,0.0,0.0,0.0,0.0,0.0,0.0,0.0,0.0,0.0,0.0,0.0,102.0,0.0,,,0.0,0.0,0.0,0.0,0.0,0.0,0.0,0.0,0.0,0.0,6053.0,102.0,0.0,,,0.0,0.0,0.0,0.0,0.0,0.0,0.0,0.0,,0.0,4722.0,10775,243.0,0.0,0.0,0.0,0.0,0.0,0.0,0.0,0.0,164.0,0.0,0.0,0.0,0.0,0.0,0.0,0.0,0.0,0.0,195.0,0.0,0.0,0.0,0.0,0.0,0.0,0.0,0.0,0.0,259.0,0.0,0.0,0.0,0.0,0.0,0.0,0.0,46.0,600.0,798.0,,,,,,10775.0,,,,,,,,,,,,,,,,,,
2022-11-28,185.09,85.23,29.34,299.65999999999997,7.97,3.15,1.69,5.85,123025.0,6508.0,789.4,0.0,4.88,3.02,102.0,29.3,,,8.11,34381.0,5529.0,499.0,0.0,2.7,1.08,2506.0,18166.0,67.8,6191.0,102.0,37.9,,,8.1,35854.0,5852.0,482.0,0.0,2.61,1.04,3084.0,18248.0,68.2,4852.0,11043,243.0,8.01,6000.0,7.96,27940.0,10955.0,4047.0,644.0,0.0,133.0,8.03,8.03,13860.0,68.0,5.58,15.1,0.16,8.9,38.9,161.0,8.03,8.03,13800.0,118.0,1.05,37.5,0.21,10.6,37.5,213.0,8.19,760.0,0.0,186.0,193.0,59.0,10.5,46.0,700.0,931.0,,,,,,11043.0,,,,,,,,,,,,,,,,,,
2022-11-29,212.86,91.54,21.67,326.07000000000005,7.85,2.77,1.4,6.04,129546.0,0.0,0.0,0.0,4.97,2.87,102.0,29.3,,,8.13,35789.0,0.0,0.0,0.0,2.85,1.07,2790.0,18328.0,68.4,5587.0,102.0,37.9,,,8.07,31395.0,0.0,0.0,0.0,2.95,1.13,2971.0,17908.0,68.6,4754.0,10341,243.0,7.89,6900.0,7.94,12400.0,4132.0,3341.0,0.0,0.0,170.0,7.84,7.84,13840.0,76.0,2.42,13.6,0.0,0.0,38.9,173.0,7.83,7.83,14340.0,101.0,5.86,40.8,0.0,0.0,37.8,189.0,8.21,600.0,0.0,142.0,144.0,78.0,9.7,44.0,700.0,931.0,68.4,68.6,68.5,31.489999999999995,0.01,10341.0,0.4521,0.576267,0.00014099999999999998,1.028508,10635.801228,4675.1661,1168.791525,9350332.200000001,,,,,,,,,,
2022-11-30,103.0,88.61,19.8,211.41000000000003,0.0,0.0,0.0,0.0,0.0,0.0,0.0,0.0,0.0,0.0,105.0,0.0,,,0.0,0.0,0.0,0.0,0.0,0.0,0.0,0.0,0.0,0.0,5238.0,105.0,0.0,,,0.0,0.0,0.0,0.0,0.0,0.0,0.0,0.0,,0.0,4356.0,9594,294.0,0.0,0.0,0.0,0.0,0.0,0.0,0.0,0.0,175.0,0.0,0.0,0.0,0.0,0.0,0.0,0.0,0.0,0.0,185.0,0.0,0.0,0.0,0.0,0.0,0.0,0.0,0.0,0.0,251.0,0.0,0.0,0.0,0.0,0.0,0.0,0.0,48.0,700.0,931.0,0.0,0.0,0.0,99.99,0.01,9594.0,0.0,1.8298169999999998,0.00014099999999999998,1.8299579999999998,17556.617051999998,0.0,0.0,0.0,,,,,,,,,,
2022-12-01,132.38,77.05,17.59,227.02,7.89,3.84,1.73,6.07,152224.0,0.0,0.0,0.0,4.8,2.97,104.0,29.2,,,8.15,36724.0,0.0,0.0,0.0,2.67,1.26,2945.0,18168.0,68.1,5415.0,105.0,37.9,,,8.09,39541.0,0.0,0.0,0.0,2.67,1.03,3262.0,17648.0,68.2,4561.0,9976,408.0,8.05,5560.0,7.99,18000.0,8466.0,3843.0,0.0,0.0,144.0,8.01,8.01,13140.0,62.0,14.38,12.8,0.0,0.0,37.7,188.0,7.96,7.96,13640.0,82.2,1.42,31.4,0.0,0.0,37.0,217.0,8.25,360.0,0.0,151.0,164.0,52.0,8.7,48.0,700.0,931.0,68.1,68.2,68.15,31.83999999999999,0.01,9976.0,0.4497900000000001,0.5826719999999999,0.00014099999999999998,1.032603,10301.247528,4487.10504,1121.77626,8974210.08,,,,,,,,,,
2022-12-02,242.34,47.57,15.72,305.63000000000005,8.15,3.65,1.54,6.08,145163.0,0.0,0.0,0.0,4.91,3.08,99.0,29.1,,,8.15,33948.0,0.0,0.0,0.0,2.58,1.07,2765.0,18460.0,67.9,5357.0,105.0,37.9,,,8.12,36083.0,0.0,0.0,0.0,2.68,1.12,3315.0,17848.0,68.1,4661.0,10018,378.0,7.98,6420.0,8.03,14660.0,6240.0,3608.0,0.0,0.0,186.0,7.95,7.95,13460.0,58.0,7.24,10.5,0.0,0.0,37.4,193.0,7.92,7.92,13960.0,72.0,3.29,16.8,0.0,0.0,37.4,307.0,8.22,520.0,0.0,148.0,153.0,56.0,9.1,46.0,664.6616541353378,883.9999999999993,67.9,68.1,68.0,31.989999999999995,0.01,10018.0,0.44880000000000003,0.585417,0.00014099999999999998,1.0343579999999999,10362.198444,4496.0784,1124.0196,8992156.8,,,,,,,,,,
2022-12-03,130.84,41.9,26.45,199.19,0.0,0.0,0.0,0.0,0.0,0.0,0.0,0.0,0.0,0.0,96.0,0.0,,,0.0,0.0,0.0,0.0,0.0,0.0,0.0,0.0,0.0,0.0,5116.0,108.0,0.0,,,0.0,0.0,0.0,0.0,0.0,0.0,0.0,0.0,,0.0,4820.0,9936,330.0,0.0,0.0,0.0,0.0,0.0,0.0,0.0,0.0,187.0,0.0,0.0,0.0,0.0,0.0,0.0,0.0,0.0,0.0,199.0,0.0,0.0,0.0,0.0,0.0,0.0,0.0,0.0,0.0,307.0,0.0,0.0,0.0,0.0,0.0,0.0,0.0,48.0,700.0,931.0,0.0,0.0,0.0,99.99,0.01,9936.0,0.0,1.8298169999999998,0.00014099999999999998,1.8299579999999998,18182.462687999996,0.0,0.0,0.0,,,,,,,,,,
2022-12-04,0.0,89.59,0.0,89.59,0.0,0.0,0.0,0.0,0.0,0.0,0.0,0.0,0.0,0.0,94.0,0.0,,,0.0,0.0,0.0,0.0,0.0,0.0,0.0,0.0,0.0,0.0,5012.0,106.0,0.0,,,0.0,0.0,0.0,0.0,0.0,0.0,0.0,0.0,,0.0,4939.0,9951,338.0,0.0,0.0,0.0,0.0,0.0,0.0,0.0,0.0,187.0,0.0,0.0,0.0,0.0,0.0,0.0,0.0,0.0,0.0,202.0,0.0,0.0,0.0,0.0,0.0,0.0,0.0,0.0,0.0,310.0,0.0,0.0,0.0,0.0,0.0,0.0,0.0,48.0,700.0,931.0,,,,,,9951.0,,,,,,,,,,,,,,,,,,
2022-12-05,240.81,42.02,30.35,313.18,7.68,3.43,1.97,5.86,144972.0,4594.0,859.0,0.0,4.77,2.86,94.0,29.0,,,8.25,28259.0,5670.0,511.0,0.0,2.58,0.97,2588.0,18698.0,67.5,5294.0,105.0,37.9,,,8.18,31953.0,5171.0,513.0,0.0,2.67,1.21,3240.0,18240.0,67.6,4926.0,10220,395.0,7.98,5660.0,8.07,5640.0,2704.0,3199.0,182.0,0.0,190.0,7.95,7.95,14160.0,51.0,2.16,4.72,0.12,13.4,37.2,202.0,7.92,7.92,13840.0,112.0,8.64,21.9,0.18,14.4,37.3,313.0,8.29,800.0,0.0,201.0,196.0,48.0,11.4,48.0,700.0,931.0,,,,,,10220.0,,,,,,,,,,,,,,,,,,
2022-12-06,186.49,129.88,12.7,329.07,0.0,0.0,0.0,0.0,0.0,0.0,0.0,0.0,0.0,0.0,96.0,0.0,,,0.0,0.0,0.0,0.0,0.0,0.0,0.0,0.0,0.0,0.0,5528.0,108.0,0.0,,,0.0,0.0,0.0,0.0,0.0,0.0,0.0,0.0,,0.0,5027.0,10555,360.0,0.0,0.0,0.0,0.0,0.0,0.0,0.0,0.0,195.0,0.0,0.0,0.0,0.0,0.0,0.0,0.0,0.0,0.0,204.0,0.0,0.0,0.0,0.0,0.0,0.0,0.0,0.0,0.0,285.0,0.0,0.0,0.0,0.0,0.0,0.0,0.0,48.0,700.0,931.0,0.0,0.0,0.0,99.99,0.01,10555.0,0.0,1.8298169999999998,0.00014099999999999998,1.8299579999999998,19315.20669,0.0,0.0,0.0,,,,,,,,,,
2022-12-07,128.9,87.05,19.26,235.20999999999998,8.33,3.45,1.71,5.71,138418.0,0.0,0.0,0.0,4.67,2.76,100.0,28.9,,,8.23,40753.0,0.0,0.0,0.0,2.75,1.25,3640.0,18950.0,67.2,5263.0,108.0,38.0,,,8.18,33414.0,0.0,0.0,0.0,2.63,1.05,3164.0,18468.0,67.4,5303.0,10566,350.0,8.0,9200.0,7.99,9540.0,7621.0,3951.0,0.0,0.0,192.0,7.85,7.85,13300.0,110.0,2.1,34.6,0.0,0.0,37.2,203.0,7.87,7.87,13400.0,152.0,5.44,62.4,0.0,0.0,36.3,296.0,8.25,680.0,0.0,186.0,239.0,99.0,12.1,48.0,700.0,931.0,67.2,67.4,67.30000000000001,32.68999999999998,0.01,10566.0,0.4441800000000001,0.5982269999999997,0.00014099999999999998,1.0425479999999998,11015.562167999999,4693.20588,1173.30147,9386411.760000002,,,,,,,,,,
2022-12-08,105.54,130.03,17.48,253.04999999999998,8.11,2.72,1.52,5.7,134565.0,0.0,0.0,0.0,4.98,3.22,112.0,28.9,,,8.2,24957.0,0.0,0.0,0.0,2.84,1.25,3745.0,18478.0,66.7,5628.0,112.0,38.0,,,8.17,25482.0,0.0,0.0,0.0,2.66,1.03,2960.0,18530.0,67.0,5293.0,10921,382.0,8.12,3860.0,8.02,6800.0,3981.0,3434.0,0.0,0.0,188.0,7.81,7.81,12960.0,127.0,3.37,32.0,0.0,0.0,36.5,203.0,7.82,7.82,12860.0,152.0,2.12,65.2,0.0,0.0,37.1,311.0,8.31,440.0,0.0,163.0,214.0,99.0,10.8,48.0,670.6766917293235,892.0000000000002,,,,,,10921.0,,,,,,,,,,,,,,,,,,
2022-12-09,161.02,70.16,17.19,248.37,8.26,2.21,1.16,5.75,140412.0,0.0,0.0,0.0,4.84,3.08,112.0,28.8,,,8.17,28461.0,0.0,0.0,0.0,2.81,1.22,3572.0,18218.0,66.9,5579.0,112.0,37.9,,,8.15,27944.0,0.0,0.0,0.0,2.68,1.12,3310.0,18108.0,67.1,5387.0,10966,340.0,8.1,4220.0,8.05,5860.0,3685.0,3317.0,0.0,0.0,180.0,7.78,7.78,13140.0,141.0,1.95,49.5,0.0,0.0,36.5,199.0,7.75,7.75,12840.0,161.0,4.21,59.4,0.0,0.0,37.3,311.0,8.28,560.0,0.0,149.0,191.0,112.0,9.8,48.0,800.0,1064.0,66.9,67.1,67.0,32.989999999999995,0.01,10966.0,0.4422,0.603717,0.00014099999999999998,1.046058,11471.072027999999,4849.1651999999995,1212.2912999999999,9698330.399999999,,,,,,,,,,
2022-12-10,131.6,57.07,23.36,212.02999999999997,0.0,0.0,0.0,0.0,0.0,0.0,0.0,0.0,0.0,0.0,112.0,0.0,,,0.0,0.0,0.0,0.0,0.0,0.0,0.0,0.0,0.0,0.0,5611.0,112.0,0.0,,,0.0,0.0,0.0,0.0,0.0,0.0,0.0,0.0,,0.0,5446.0,11057,359.0,0.0,0.0,0.0,0.0,0.0,0.0,0.0,0.0,177.0,0.0,0.0,0.0,0.0,0.0,0.0,0.0,0.0,0.0,195.0,0.0,0.0,0.0,0.0,0.0,0.0,0.0,0.0,0.0,310.0,0.0,0.0,0.0,0.0,0.0,0.0,0.0,48.0,600.0,798.0,0.0,0.0,0.0,99.99,0.01,11057.0,0.0,1.8298169999999998,0.00014099999999999998,1.8299579999999998,20233.845606,0.0,0.0,0.0,,,,,,,,,,
2022-12-11,0.0,0.0,0.0,0.0,0.0,0.0,0.0,0.0,0.0,0.0,0.0,0.0,0.0,0.0,112.0,0.0,,,0.0,0.0,0.0,0.0,0.0,0.0,0.0,0.0,0.0,0.0,5421.0,112.0,0.0,,,0.0,0.0,0.0,0.0,0.0,0.0,0.0,0.0,,0.0,5245.0,10666,380.0,0.0,0.0,0.0,0.0,0.0,0.0,0.0,0.0,181.0,0.0,0.0,0.0,0.0,0.0,0.0,0.0,0.0,0.0,196.0,0.0,0.0,0.0,0.0,0.0,0.0,0.0,0.0,0.0,311.0,0.0,0.0,0.0,0.0,0.0,0.0,0.0,48.0,700.0,931.0,0.0,0.0,0.0,99.99,0.01,10666.0,0.0,1.8298169999999998,0.00014099999999999998,1.8299579999999998,19518.332027999997,0.0,0.0,0.0,,,,,,,,,,
2022-12-12,182.12,175.09,26.18,383.39000000000004,7.55,3.81,2.36,5.57,168405.0,6558.0,1106.0,0.0,5.35,3.26,112.0,28.3,,,8.14,38175.0,5274.0,674.0,0.0,2.88,1.17,3735.0,18418.0,67.1,5518.0,112.0,38.0,,,8.15,27960.0,5274.0,674.0,0.0,2.93,1.12,3467.0,18330.0,67.2,5381.0,10899,338.0,7.82,2160.0,7.78,28640.0,11379.0,6315.0,1668.0,0.0,183.0,7.78,7.78,13900.0,62.0,1.27,5.62,0.21,13.5,36.4,196.0,7.89,7.89,13200.0,81.0,3.16,10.59,0.16,11.5,37.0,285.0,8.16,560.0,0.0,145.0,171.0,50.0,10.6,48.0,700.0,931.0,,,,,,10899.0,,,,,,,,,,,,,,,,,,
2022-12-13,177.73,91.77,11.04,280.54,7.69,3.91,2.37,5.72,160239.0,0.0,0.0,0.0,5.25,3.41,112.0,28.2,,,8.15,33464.0,0.0,0.0,0.0,2.68,1.07,3917.0,18068.0,66.4,5544.0,112.0,37.9,,,8.14,28602.0,0.0,0.0,0.0,2.97,1.13,3620.0,18148.0,66.5,5685.0,11229,370.0,7.82,6240.0,7.73,16440.0,8681.0,4136.0,0.0,0.0,139.0,7.82,7.82,13840.0,81.0,1.62,19.4,0.0,0.0,36.6,196.0,7.83,7.83,13460.0,109.0,2.38,26.9,0.0,0.0,36.2,306.0,8.14,640.0,0.0,180.0,196.0,72.0,11.5,48.0,700.0,931.0,66.4,66.5,66.45,33.53999999999999,0.01,11229.0,0.43857000000000007,0.6137819999999998,0.00014099999999999998,1.052493,11818.443897,4924.7025300000005,1231.1756325000001,9849405.06,,,,,,,,,,
2022-12-14,127.11,89.73,19.55,236.39000000000001,0.0,0.0,0.0,0.0,0.0,0.0,0.0,0.0,0.0,0.0,112.0,0.0,,,0.0,0.0,0.0,0.0,0.0,0.0,0.0,0.0,0.0,0.0,5930.0,112.0,0.0,,,0.0,0.0,0.0,0.0,0.0,0.0,0.0,0.0,,0.0,5634.0,11564,386.0,0.0,0.0,0.0,0.0,0.0,0.0,0.0,0.0,176.0,0.0,0.0,0.0,0.0,0.0,0.0,0.0,0.0,0.0,196.0,0.0,0.0,0.0,0.0,0.0,0.0,0.0,0.0,0.0,299.0,0.0,0.0,0.0,0.0,0.0,0.0,0.0,48.0,700.0,931.0,0.0,0.0,0.0,99.99,0.01,11564.0,0.0,1.8298169999999998,0.00014099999999999998,1.8299579999999998,21161.634312,0.0,0.0,0.0,,,,,,,,,,
2022-12-15,105.36,77.78,14.23,197.36999999999998,0.0,0.0,0.0,0.0,0.0,0.0,0.0,0.0,0.0,0.0,108.0,0.0,,,0.0,0.0,0.0,0.0,0.0,0.0,0.0,0.0,0.0,0.0,5723.0,108.0,0.0,,,0.0,0.0,0.0,0.0,0.0,0.0,0.0,0.0,,0.0,5653.0,11376,368.0,0.0,0.0,0.0,0.0,0.0,0.0,0.0,0.0,181.0,0.0,0.0,0.0,0.0,0.0,0.0,0.0,0.0,0.0,195.0,0.0,0.0,0.0,0.0,0.0,0.0,0.0,0.0,0.0,288.0,0.0,0.0,0.0,0.0,0.0,0.0,0.0,46.0,612.7819548872176,814.9999999999994,0.0,0.0,0.0,99.99,0.01,11376.0,0.0,1.8298169999999998,0.00014099999999999998,1.8299579999999998,20817.602207999997,0.0,0.0,0.0,,,,,,,,,,
2022-12-16,104.69,0.0,21.74,126.42999999999999,0.0,0.0,0.0,0.0,0.0,0.0,0.0,0.0,0.0,0.0,105.0,0.0,,,0.0,0.0,0.0,0.0,0.0,0.0,0.0,0.0,0.0,0.0,5557.0,105.0,0.0,,,0.0,0.0,0.0,0.0,0.0,0.0,0.0,0.0,,0.0,5599.0,11156,361.0,0.0,0.0,0.0,0.0,0.0,0.0,0.0,0.0,176.0,0.0,0.0,0.0,0.0,0.0,0.0,0.0,0.0,0.0,196.0,0.0,0.0,0.0,0.0,0.0,0.0,0.0,0.0,0.0,301.0,0.0,0.0,0.0,0.0,0.0,0.0,0.0,46.0,900.0,1197.0,,,,,,11156.0,,,,,,,,,,,,,,,,,,
2022-12-17,156.27,88.06,16.2,260.53000000000003,0.0,0.0,0.0,0.0,0.0,0.0,0.0,0.0,0.0,0.0,102.0,0.0,,,0.0,0.0,0.0,0.0,0.0,0.0,0.0,0.0,0.0,0.0,5451.0,102.0,0.0,,,0.0,0.0,0.0,0.0,0.0,0.0,0.0,0.0,,0.0,5376.0,10827,364.0,0.0,0.0,0.0,0.0,0.0,0.0,0.0,0.0,144.0,0.0,0.0,0.0,0.0,0.0,0.0,0.0,0.0,0.0,195.0,0.0,0.0,0.0,0.0,0.0,0.0,0.0,0.0,0.0,223.0,0.0,0.0,0.0,0.0,0.0,0.0,0.0,44.0,600.0,798.0,0.0,0.0,0.0,99.99,0.01,10827.0,0.0,1.8298169999999998,0.00014099999999999998,1.8299579999999998,19812.955265999997,0.0,0.0,0.0,,,,,,,,,,
2022-12-18,0.0,0.0,0.0,0.0,0.0,0.0,0.0,0.0,0.0,0.0,0.0,0.0,0.0,0.0,102.0,0.0,,,0.0,0.0,0.0,0.0,0.0,0.0,0.0,0.0,0.0,0.0,5139.0,102.0,0.0,,,0.0,0.0,0.0,0.0,0.0,0.0,0.0,0.0,,0.0,4972.0,10111,339.0,0.0,0.0,0.0,0.0,0.0,0.0,0.0,0.0,178.0,0.0,0.0,0.0,0.0,0.0,0.0,0.0,0.0,0.0,195.0,0.0,0.0,0.0,0.0,0.0,0.0,0.0,0.0,0.0,312.0,0.0,0.0,0.0,0.0,0.0,0.0,0.0,44.0,500.0,665.0,,,,,,10111.0,,,,,,,,,,,,,,,,,,
2022-12-19,210.14,133.49,20.97,364.6,7.91,2.5,1.31,5.85,132827.0,6515.0,785.0,0.0,4.72,2.88,102.0,28.0,,,8.23,40080.0,5576.0,685.0,0.0,2.74,1.09,3673.0,18738.0,66.8,5080.0,102.0,37.9,,,8.21,27133.0,5564.0,595.0,0.0,2.76,1.03,3285.0,18418.0,66.9,4859.0,9939,373.0,8.11,4800.0,8.07,13240.0,4969.0,5199.0,475.0,0.0,182.0,7.84,7.84,14100.0,55.0,1.58,5.91,0.14,12.9,37.3,201.0,8.04,8.04,13700.0,65.0,1.39,8.46,0.22,12.3,37.9,314.0,8.33,560.0,0.0,165.0,159.0,51.0,12.1,44.0,600.0,798.0,,,,,,9939.0,,,,,,,,,,,,,,,,,,
2022-12-20,130.79,76.91,10.76,218.45999999999998,8.08,2.84,1.58,5.85,161105.0,0.0,0.0,0.0,5.47,3.65,102.0,28.0,,,8.22,36276.0,0.0,0.0,0.0,2.65,0.96,3090.0,18590.0,66.8,5061.0,102.0,37.9,,,8.19,25328.0,0.0,0.0,0.0,2.49,0.94,3125.0,18648.0,66.8,4894.0,9955,338.0,7.98,6240.0,8.01,15440.0,5581.0,5720.0,0.0,0.0,189.0,7.78,7.78,13860.0,81.0,1.31,21.6,0.0,0.0,36.5,202.0,7.86,7.86,13500.0,102.0,2.84,28.3,0.0,0.0,36.1,282.0,8.25,480.0,0.0,136.0,142.0,72.0,11.4,44.0,600.0,798.0,66.8,66.8,66.8,33.19,0.01,9955.0,0.44088,0.607377,0.00014099999999999998,1.048398,10436.80209,4388.9604,1097.2401,8777920.8,,,,,,,,,,
2022-12-21,127.79,47.9,18.91,194.6,0.0,0.0,0.0,0.0,0.0,0.0,0.0,0.0,0.0,0.0,102.0,0.0,,,0.0,0.0,0.0,0.0,0.0,0.0,0.0,0.0,0.0,0.0,5190.0,102.0,0.0,,,0.0,0.0,0.0,0.0,0.0,0.0,0.0,0.0,,0.0,4999.0,10189,364.0,0.0,0.0,0.0,0.0,0.0,0.0,0.0,0.0,189.0,0.0,0.0,0.0,0.0,0.0,0.0,0.0,0.0,0.0,203.0,0.0,0.0,0.0,0.0,0.0,0.0,0.0,0.0,0.0,299.0,0.0,0.0,0.0,0.0,0.0,0.0,0.0,44.0,592.4812030075191,788.0000000000005,0.0,0.0,0.0,99.99,0.01,10189.0,0.0,1.8298169999999998,0.00014099999999999998,1.8299579999999998,18645.442062,0.0,0.0,0.0,,,,,,,,,,
2022-12-22,131.58,88.04,16.31,235.93,8.03,3.08,1.61,5.63,128335.0,5187.0,0.0,0.0,5.11,3.31,102.0,28.0,,,8.23,27187.0,6707.0,0.0,0.0,2.66,0.97,3135.0,18818.0,66.7,5069.0,102.0,37.9,,,8.15,27945.0,5962.0,0.0,0.0,2.58,0.94,3446.0,18140.0,66.6,4819.0,9888,364.0,8.04,4860.0,8.11,8900.0,4348.0,3484.0,0.0,0.0,186.0,7.96,7.96,13760.0,107.0,11.06,2.06,0.0,0.0,36.7,158.0,7.95,7.95,13540.0,133.0,2.59,8.1,0.0,0.0,37.8,260.0,8.24,720.0,0.0,122.0,119.0,89.0,14.2,44.0,600.0,798.0,66.7,66.6,66.65,33.33999999999999,0.01,9888.0,0.43989000000000006,0.6101219999999998,0.00014099999999999998,1.050153,10383.912863999998,4349.632320000001,1087.4080800000002,8699264.64,,,,,,,,,,
2022-12-23,133.67,88.68,13.05,235.4,8.18,2.69,1.41,5.5,135490.0,0.0,0.0,0.0,5.65,3.9,102.0,27.8,,,8.25,28301.0,0.0,0.0,0.0,2.65,1.06,3324.0,18930.0,66.5,5003.0,102.0,37.5,,,8.2,26502.0,0.0,0.0,0.0,2.52,1.13,3518.0,18418.0,66.4,4790.0,9793,370.0,8.1,4640.0,8.18,8460.0,4109.0,3272.0,0.0,0.0,148.0,7.92,7.92,13680.0,89.0,6.36,10.9,0.0,0.0,38.5,203.0,7.96,7.96,13840.0,105.0,3.64,21.4,0.0,0.0,39.2,329.0,8.29,640.0,0.0,131.0,138.0,76.0,12.5,44.0,600.0,798.0,66.5,66.4,66.45,33.53999999999999,0.01,9793.0,0.43857000000000007,0.6137819999999998,0.00014099999999999998,1.052493,10307.063949,4294.916010000001,1073.7290025000002,8589832.020000001,,,,,,,,,,
2022-12-24,126.35,148.56,17.3,292.21,0.0,0.0,0.0,0.0,0.0,0.0,0.0,0.0,0.0,0.0,102.0,0.0,,,0.0,0.0,0.0,0.0,0.0,0.0,0.0,0.0,0.0,0.0,5102.0,102.0,0.0,,,0.0,0.0,0.0,0.0,0.0,0.0,0.0,0.0,,0.0,4925.0,10027,338.0,0.0,0.0,0.0,0.0,0.0,0.0,0.0,0.0,186.0,0.0,0.0,0.0,0.0,0.0,0.0,0.0,0.0,0.0,202.0,0.0,0.0,0.0,0.0,0.0,0.0,0.0,0.0,0.0,327.0,0.0,0.0,0.0,0.0,0.0,0.0,0.0,44.0,600.0,798.0,,,,,,10027.0,,,,,,,,,,,,,,,,,,
2022-12-25,0.0,0.0,0.0,0.0,0.0,0.0,0.0,0.0,0.0,0.0,0.0,0.0,0.0,0.0,102.0,0.0,,,0.0,0.0,0.0,0.0,0.0,0.0,0.0,0.0,0.0,0.0,5139.0,102.0,0.0,,,0.0,0.0,0.0,0.0,0.0,0.0,0.0,0.0,,0.0,5008.0,10147,355.0,0.0,0.0,0.0,0.0,0.0,0.0,0.0,0.0,181.0,0.0,0.0,0.0,0.0,0.0,0.0,0.0,0.0,0.0,240.0,0.0,0.0,0.0,0.0,0.0,0.0,0.0,0.0,0.0,331.0,0.0,0.0,0.0,0.0,0.0,0.0,0.0,44.0,500.0,665.0,,,,,,10147.0,,,,,,,,,,,,,,,,,,
2022-12-26,181.43,38.68,21.37,241.48000000000002,7.83,3.07,1.79,4.85,141109.0,4923.0,1054.0,0.0,6.09,4.32,102.0,27.6,,,8.13,29818.0,4997.0,526.0,0.0,2.53,0.99,3505.0,18318.0,63.6,5070.0,102.0,37.8,,,8.11,29323.0,6038.0,599.0,0.0,2.58,1.03,3614.0,18108.0,63.7,5046.0,10116,393.0,8.09,6040.0,8.07,16640.0,9527.0,3374.0,519.0,0.0,183.0,7.9,7.9,13940.0,43.0,2.61,1.32,0.16,15.6,36.6,195.0,7.91,7.91,14700.0,41.0,1.98,1.51,0.12,15.6,36.4,284.0,8.35,640.0,0.0,181.0,173.0,45.0,14.1,44.0,600.0,798.0,,,,,,10116.0,,,,,,,,,,,,,,,,,,
2022-12-27,154.17,78.97,10.97,244.10999999999999,0.0,0.0,0.0,4.82,162405.0,0.0,0.0,0.0,6.75,4.78,102.0,27.6,,,8.15,27940.0,0.0,0.0,0.0,2.47,0.97,3420.0,18268.0,63.1,5268.0,102.0,37.8,,,8.13,31605.0,0.0,0.0,0.0,2.66,1.12,3662.0,18068.0,63.2,4967.0,10235,382.0,8.13,4460.0,8.14,12660.0,8839.0,3502.0,0.0,0.0,188.0,7.85,7.85,13640.0,58.0,1.37,4.59,0.0,0.0,37.6,215.0,7.87,7.87,14860.0,52.0,3.36,1.24,0.0,0.0,37.6,253.0,8.32,740.0,0.0,169.0,180.0,49.0,14.6,44.0,668.4210526315783,888.9999999999992,,,,,,,,,,,,,,,,,,,,,,,,
2022-12-28,76.85,91.81,18.69,187.35,7.75,3.51,2.03,4.64,179784.0,0.0,0.0,0.0,7.32,5.45,100.0,27.5,,,8.11,26161.0,0.0,0.0,0.0,2.62,1.28,3738.0,18020.0,62.3,5498.0,100.0,38.2,,,8.08,35182.0,0.0,0.0,0.0,2.69,1.23,4169.0,17848.0,62.1,5408.0,10906,338.0,8.06,7340.0,8.05,9660.0,4254.0,3041.0,0.0,0.0,184.0,7.86,7.86,12560.0,96.0,2.65,17.4,0.0,0.0,37.0,206.0,7.91,7.91,14340.0,71.0,1.29,15.0,0.0,0.0,36.3,197.0,8.29,820.0,0.0,212.0,253.0,79.0,15.1,44.0,1400.0,1862.0,,,,,,,,,,,,,,,,,,,,,,,,
2022-12-29,185.12,129.75,16.27,331.14,7.83,3.55,1.9,4.51,144747.0,0.0,0.0,0.0,7.22,5.11,90.0,27.5,,,8.1,31728.0,0.0,0.0,0.0,2.68,0.97,4090.0,17848.0,61.4,5396.0,90.0,38.0,,,8.06,29057.0,0.0,0.0,0.0,2.53,0.95,4622.0,17710.0,61.2,5251.0,10647,338.0,7.88,10200.0,7.98,15860.0,5165.0,4146.0,0.0,0.0,181.0,8.06,8.06,13600.0,105.0,3.12,24.8,0.0,0.0,37.1,203.0,8.01,8.01,14860.0,95.0,1.16,21.7,0.0,0.0,37.6,322.0,8.34,560.0,0.0,131.0,114.0,81.0,10.8,42.0,300.0,399.0,,,,,,,,,,,,,,,,,,,,,,,,
2022-12-30,134.55,38.94,12.38,185.87,0.0,0.0,0.0,4.51,141930.0,0.0,0.0,0.0,7.4,5.45,84.0,27.5,,,8.12,24653.0,0.0,0.0,0.0,2.6,1.17,3375.0,18168.0,61.8,5067.0,84.0,38.0,,,8.1,33622.0,0.0,0.0,0.0,2.59,1.22,3936.0,17948.0,61.6,4915.0,9982,395.0,7.92,6000.0,7.91,10260.0,5158.0,3386.0,0.0,0.0,182.0,7.92,7.92,14400.0,70.0,5.14,10.6,0.0,0.0,37.3,204.0,7.98,7.98,14660.0,72.0,1.88,13.6,0.0,0.0,36.2,324.0,8.26,500.0,0.0,169.0,186.0,61.0,9.7,40.0,700.0,931.0,,,,,,,,,,,,,,,,,,,,,,,,
2022-12-31,104.43,88.41,20.59,213.43,0.0,0.0,0.0,0.0,0.0,0.0,0.0,0.0,0.0,0.0,87.0,0.0,,,0.0,0.0,0.0,0.0,0.0,0.0,0.0,0.0,0.0,0.0,5355.0,87.0,0.0,,,0.0,0.0,0.0,0.0,0.0,0.0,0.0,0.0,,0.0,5120.0,10475,280.0,0.0,0.0,0.0,0.0,0.0,0.0,0.0,0.0,186.0,0.0,0.0,0.0,0.0,0.0,0.0,0.0,0.0,0.0,199.0,0.0,0.0,0.0,0.0,0.0,0.0,0.0,0.0,0.0,321.0,0.0,0.0,0.0,0.0,0.0,0.0,0.0,40.0,700.0,931.0,,,,,,,,,,,,,,,,,,,,,,,,
