date,year,month,dow,intake_total_tpd,intake_foodww_tpd,intake_manure_tpd,intake_food_tpd,leach_pH,leach_TS_pct,leach_VS_pct,acid_pH,acid_TS_pct,acid_VS_pct,acid_CODcr_mgL,acid_TN_mgL,acid_NH3N_mgL,feed_A_tpd,feed_B_tpd,dig_T_A_C,dig_T_B_C,dig_pH_A,dig_pH_B,VFA_A_mgL,ALK_A_mgL,VFA_B_mgL,ALK_B_mgL,NH3N_A_mgL,NH3N_B_mgL,dig_TS_A_pct,dig_VS_A_pct,dig_TS_B_pct,dig_VS_B_pct,dig_CODcr_A_mgL,dig_CODcr_B_mgL,dig_TN_A_mgL,biogas_A_m3d,biogas_B_m3d,biogas_AB_raw_m3d,CH4_A_pct,CH4_B_pct,gasconc_CH4_pct,gasconc_CO2_pct,dewater_tpd,flag_TA_sensor_fault,flag_TB_sensor_fault,flag_ALKB_corrupted,flag_feed_frozen,flag_regime_2018,feed_AB_tpd,biogas_AB_m3d,CH4_pct,CH4_m3d,VFA_ALK_A,VFA_ALK_B,VS_load_tpd,HRT_d,OLR_kgVS_m3d,gas_per_VS_m3tVS,FAN_A_mgL,FAN_B_mgL
2018-01-01,2018,1,0,203.81,183.62,0.0,20.19,,,,,,,,,,67.0,68.0,38.0,37.9,,,,,,,,,,,,,,,,4662.0,4711.0,9373.0,,,,,327.0,0,0,0,0,1,135.0,9373.0,,,,,,59.259259,,,,
2018-01-02,2018,1,1,186.01,129.71,41.03,15.27,6.71,2.52,1.63,4.09,7.3,6.54,91843.0,,,93.0,94.0,37.9,38.0,7.84,7.8,3359.0,16068.0,3440.0,16218.0,2814.0,2821.0,2.93,1.39,2.7,1.27,25587.0,25809.0,4053.0,6447.0,6830.0,13277.0,64.3,63.7,,,317.0,0,0,0,0,1,187.0,13277.0,64.0,8497.28,0.209049,0.21211,12.2298,42.780749,1.528725,1085.626911,241.902635,224.188948
2018-01-03,2018,1,2,216.24,158.23,41.56,16.45,6.71,2.64,1.68,4.2,7.91,6.69,,,,100.0,99.0,38.0,37.9,7.88,7.83,3277.0,15778.0,3399.0,15828.0,,,2.84,1.29,2.82,1.38,,,,6653.0,6804.0,13457.0,65.1,63.9,,,430.0,0,0,0,0,1,199.0,13457.0,64.5,8679.765,0.207694,0.214746,13.3131,40.201005,1.664138,1010.808903,,
2018-01-04,2018,1,3,221.86,125.76,79.04,17.06,7.21,2.44,1.28,4.26,7.22,5.92,,,,108.0,108.0,37.6,37.5,7.84,7.8,3359.0,15868.0,3420.0,15918.0,,,2.94,1.3,2.94,1.3,,,,6479.0,6367.0,12846.0,65.6,65.4,,,492.0,0,0,0,0,1,216.0,12846.0,65.5,8414.13,0.211684,0.214851,12.7872,37.037037,1.5984,1004.598348,,
2018-01-05,2018,1,4,215.39,157.38,39.15,18.86,,,,,,,,,,102.0,102.0,,,,,,,,,,,,,,,,,,5825.0,5489.0,11314.0,,,,,334.0,0,0,0,0,1,204.0,11314.0,,,,,,39.215686,,,,
2018-01-06,2018,1,5,211.29,155.49,40.8,15.0,,,,,,,,,,75.0,75.0,,,,,,,,,,,,,,,,,,4178.0,4094.0,8272.0,,,,,360.0,0,0,0,0,1,150.0,8272.0,,,,,,53.333333,,,,
2018-01-07,2018,1,6,0.0,,,,,,,,,,,,,69.0,69.0,,,,,,,,,,,,,,,,,,4328.0,4162.0,8490.0,,,,,197.0,0,0,0,0,1,138.0,8490.0,,,,,,57.971014,,,,
2018-01-08,2018,1,0,242.79,132.54,86.65,23.6,7.16,2.79,1.84,4.11,7.45,6.27,98722.0,,,56.0,55.0,38.0,38.1,7.9,7.88,3318.0,16248.0,3357.0,16368.0,2837.0,2743.0,2.85,1.3,2.61,1.08,19281.0,23758.0,3956.0,2991.0,3086.0,6077.0,64.1,64.5,,,334.0,0,0,0,0,1,111.0,6077.0,64.3,3907.511,0.20421,0.205095,6.9597,72.072072,0.869962,873.169821,278.115118,259.45645
2018-01-09,2018,1,1,213.87,157.48,41.02,15.37,6.94,2.93,2.04,4.26,6.88,5.56,,,,105.0,106.0,38.0,38.2,7.89,7.88,3379.0,16028.0,3338.0,15908.0,,,2.75,1.29,2.58,1.16,,,,5252.0,5194.0,10446.0,63.9,63.6,,,387.0,0,0,0,0,1,211.0,10446.0,63.75,6659.325,0.210819,0.209832,11.7316,37.914692,1.46645,890.41563,,
2018-01-10,2018,1,2,208.93,155.3,39.53,14.1,6.57,1.76,1.28,4.18,6.73,5.62,,,,76.0,75.0,38.2,38.2,7.85,7.85,3298.0,15708.0,3277.0,15778.0,,,2.76,1.2,2.74,1.3,,,,4047.0,4106.0,8153.0,64.1,64.2,,,200.0,0,0,0,0,1,151.0,8153.0,64.15,5230.1495,0.209957,0.207694,8.4862,52.980132,1.060775,960.736254,,
2018-01-11,2018,1,3,170.45,157.94,0.0,12.51,6.76,1.88,1.29,4.17,7.28,6.19,,,,101.0,104.0,38.2,37.9,7.86,7.82,3357.0,16338.0,3399.0,16398.0,,,2.81,1.33,2.85,1.4,,,,5488.0,5464.0,10952.0,64.3,64.1,,,422.0,0,0,0,0,1,205.0,10952.0,64.2,7031.184,0.205472,0.207281,12.6895,39.02439,1.586188,863.075771,,
2018-01-12,2018,1,4,189.0,152.95,20.82,15.23,,,,,,,,,,108.0,108.0,,,,,,,,,,,,,,,,,,5969.0,5957.0,11926.0,,,,,432.0,0,0,0,0,1,216.0,11926.0,,,,,,37.037037,,,,
2018-01-13,2018,1,5,185.93,129.92,42.09,13.92,,,,,,,,,,84.0,83.0,,,,,,,,,,,,,,,,,,5354.0,5487.0,10841.0,,,,,327.0,0,0,0,0,1,167.0,10841.0,,,,,,47.904192,,,,
2018-01-14,2018,1,6,0.0,,,,,,,,,,,,,48.0,49.0,,,,,,,,,,,,,,,,,,3607.0,3796.0,7403.0,,,,,295.0,0,0,0,0,1,97.0,7403.0,,,,,,82.474227,,,,
2018-01-15,2018,1,0,217.96,132.97,61.44,23.55,6.97,2.6,1.75,3.92,7.71,6.45,111529.0,,,57.0,57.0,38.2,38.1,8.0,7.97,3297.0,15888.0,3357.0,15958.0,2568.0,2395.0,2.72,1.38,2.72,1.38,22378.0,21917.0,4004.0,3342.0,3494.0,6836.0,63.0,63.9,,,349.0,0,0,0,0,1,114.0,6836.0,63.45,4337.442,0.207515,0.210365,7.353,70.175439,0.919125,929.688562,312.628022,272.76362
2018-01-16,2018,1,1,163.72,105.36,40.94,17.42,7.11,2.13,1.27,4.0,7.62,6.41,,,,99.0,104.0,38.0,38.1,7.96,7.94,3358.0,15918.0,3378.0,16218.0,,,2.59,1.17,2.62,1.15,,,,5687.0,5634.0,11321.0,63.2,63.3,,,343.0,0,0,0,0,1,203.0,11321.0,63.25,7160.5325,0.210956,0.208287,13.0123,39.408867,1.626538,870.022978,,
2018-01-17,2018,1,2,196.26,156.84,22.23,17.19,7.11,2.5,1.71,4.09,7.14,5.92,,,,85.0,87.0,37.9,38.0,7.98,7.95,3378.0,15728.0,3359.0,15928.0,,,2.64,1.29,2.69,1.36,,,,4999.0,4970.0,9969.0,63.2,63.2,,,256.0,0,0,0,0,1,172.0,9969.0,63.2,6300.408,0.214776,0.210886,10.1824,46.511628,1.2728,979.042269,,
2018-01-18,2018,1,3,160.06,105.0,39.35,15.71,6.78,2.81,1.83,4.12,7.16,5.95,,,,44.0,44.0,37.8,38.2,7.85,7.84,3338.0,15848.0,3337.0,15828.0,,,2.63,1.19,2.61,1.18,,,,2801.0,2790.0,5591.0,63.7,63.8,,,200.0,0,0,0,0,1,88.0,5591.0,63.75,3564.2625,0.210626,0.210829,5.236,90.909091,0.6545,1067.799847,,
2018-01-19,2018,1,4,151.14,133.18,,17.96,,,,,,,,,,95.0,94.0,,,,,,,,,,,,,,,,,,4563.0,4650.0,9213.0,,,,,355.0,0,0,0,0,1,189.0,9213.0,,,,,,42.328042,,,,
2018-01-20,2018,1,5,42.07,26.5,,15.57,,,,,,,,,,85.0,84.0,,,,,,,,,,,,,,,,,,4591.0,4656.0,9247.0,,,,,412.0,0,0,0,0,1,169.0,9247.0,,,,,,47.337278,,,,
2018-01-21,2018,1,6,0.0,,,,,,,,,,,,,60.0,60.0,,,,,,,,,,,,,,,,,,3697.0,3712.0,7409.0,,,,,268.0,0,0,0,0,1,120.0,7409.0,,,,,,66.666667,,,,
2018-01-22,2018,1,0,214.42,104.25,86.44,23.73,6.67,3.07,2.1,4.15,7.11,5.99,96621.0,,,38.0,37.0,38.2,38.3,7.92,7.87,3277.0,15818.0,3297.0,15888.0,2889.0,2777.0,2.47,1.2,2.62,1.28,18312.0,20069.0,3943.0,2027.0,2088.0,4115.0,63.3,63.6,,,223.0,0,0,0,0,1,75.0,4115.0,63.45,2610.9675,0.207169,0.207515,4.4925,106.666667,0.561562,915.971063,298.653485,260.290345
2018-01-23,2018,1,1,258.5,183.83,58.82,15.85,6.73,3.23,2.14,4.17,6.99,5.89,,,,92.0,94.0,37.9,38.0,7.97,7.95,3215.0,15568.0,3266.0,15748.0,,,2.62,1.28,2.63,1.19,,,,4473.0,4517.0,8990.0,63.2,63.4,,,422.0,0,0,0,0,1,186.0,8990.0,63.3,5690.67,0.206513,0.207391,10.9554,43.010753,1.369425,820.599887,,
2018-01-24,2018,1,2,85.96,72.3,,13.66,6.83,4.05,2.83,4.11,7.52,6.26,,,,76.0,76.0,38.4,38.1,7.86,7.86,3278.0,15958.0,3236.0,16018.0,,,2.61,1.22,2.79,1.27,,,,4076.0,4172.0,8248.0,62.0,63.5,,,296.0,0,0,0,0,1,152.0,8248.0,62.75,5175.62,0.205414,0.202023,9.5152,52.631579,1.1894,866.823609,,
2018-01-25,2018,1,3,36.89,26.3,,10.59,6.88,3.71,2.57,4.2,7.46,6.17,,,,35.0,35.0,38.0,38.1,8.01,8.0,3216.0,15928.0,3277.0,15978.0,,,2.75,1.2,2.69,1.17,,,,2568.0,2553.0,5121.0,63.6,63.7,,,236.0,0,0,0,0,1,70.0,5121.0,63.65,3259.5165,0.201909,0.205095,4.319,114.285714,0.539875,1185.691132,,
2018-01-26,2018,1,4,26.53,26.53,,,,,,,,,,,,50.0,50.0,,,,,,,,,,,,,,,,,,2522.0,2483.0,5005.0,,,,,346.0,0,0,0,0,1,100.0,5005.0,,,,,,80.0,,,,
2018-01-27,2018,1,5,25.16,25.16,,,,,,,,,,,,96.0,96.0,,,,,,,,,,,,,,,,,,4697.0,4694.0,9391.0,,,,,436.0,0,0,0,0,1,192.0,9391.0,,,,,,41.666667,,,,
2018-01-28,2018,1,6,0.0,,,,,,,,,,,,,82.0,88.0,,,,,,,,,,,,,,,,,,4715.0,4263.0,8978.0,,,,,550.0,0,0,0,0,1,170.0,8978.0,,,,,,47.058824,,,,
2018-01-29,2018,1,0,169.04,105.31,41.71,22.02,6.87,2.83,1.81,4.47,6.66,5.57,95718.0,,,104.0,104.0,38.0,38.0,7.88,7.89,3114.0,16048.0,3256.0,16688.0,2792.0,2613.0,2.53,1.28,2.53,1.14,20365.0,21868.0,4062.0,4808.0,4690.0,9498.0,63.9,64.0,,,454.0,0,0,0,0,1,208.0,9498.0,63.95,6073.971,0.194043,0.19511,11.5856,38.461538,1.4482,819.8108,262.543387,250.885099
2018-01-30,2018,1,1,210.93,133.62,64.18,13.13,7.27,3.59,2.22,4.54,6.2,4.99,,,,116.0,115.0,38.1,38.1,7.94,7.92,3155.0,15948.0,3195.0,15898.0,,,2.75,1.2,2.49,1.07,,,,4889.0,4918.0,9807.0,64.4,64.4,,,469.0,0,0,0,0,1,231.0,9807.0,64.4,6315.708,0.19783,0.200969,11.5269,34.632035,1.440863,850.792494,,
2018-01-31,2018,1,2,133.46,79.2,41.29,12.97,7.45,1.85,0.98,4.56,6.13,5.01,,,,120.0,120.0,37.9,37.8,7.85,7.83,3033.0,15738.0,3012.0,15468.0,,,2.66,1.2,2.56,1.16,,,,4846.0,4917.0,9763.0,64.4,64.4,,,341.0,0,0,0,0,1,240.0,9763.0,64.4,6287.372,0.192718,0.194725,12.024,33.333333,1.503,811.959415,,
2018-02-01,2018,2,3,259.48,130.26,110.05,19.17,7.43,2.3,1.41,4.54,6.09,4.85,,,,122.0,122.0,38.0,38.0,7.85,7.84,3055.0,15218.0,3034.0,15318.0,,,2.57,1.1,2.53,1.09,,,,4846.0,4912.0,9758.0,64.4,64.4,,,355.0,0,0,0,0,1,244.0,9758.0,64.4,6284.152,0.200749,0.198068,11.834,32.786885,1.47925,824.573263,,
2018-02-02,2018,2,4,136.67,105.69,14.04,16.94,,,,,,,,,,,119.0,,,,,,,,,,,,,,,,,,4962.0,5046.0,10008.0,,,,,404.0,0,0,0,0,1,119.0,10008.0,,,,,,67.226891,,,,
2018-02-03,2018,2,5,210.12,154.26,41.55,14.31,,,,,,,,,,,78.0,,,,,,,,,,,,,,,,,,3926.0,3975.0,7901.0,,,,,360.0,0,0,0,0,1,78.0,7901.0,,,,,,102.564103,,,,
2018-02-04,2018,2,6,0.0,,,,,,,,,,,,,,66.0,,,,,,,,,,,,,,,,,,3525.0,3636.0,7161.0,,,,,323.0,0,0,0,0,1,66.0,7161.0,,,,,,121.212121,,,,
2018-02-05,2018,2,0,168.2,107.27,41.54,19.39,7.15,2.54,1.77,4.28,7.07,5.87,98484.0,,,67.0,67.0,38.2,38.3,7.97,7.95,3033.0,15108.0,3155.0,15738.0,2786.0,2684.0,2.53,1.09,2.49,1.07,18680.0,19588.0,3920.0,3167.0,3191.0,6358.0,63.9,64.0,,,317.0,0,0,0,0,1,134.0,6358.0,63.95,4065.941,0.200755,0.20047,7.8658,59.701493,0.983225,808.30939,319.122422,296.830304
2018-02-06,2018,2,1,238.76,129.16,98.92,10.68,7.1,3.28,2.24,4.36,6.84,5.72,,,,67.0,68.0,37.9,38.0,7.85,7.83,3033.0,15248.0,3014.0,15348.0,,,2.47,1.1,2.5,1.17,,,,3485.0,3579.0,7064.0,64.4,64.4,,,328.0,0,0,0,0,1,135.0,7064.0,64.4,4549.216,0.198911,0.196377,7.722,59.259259,0.96525,914.788915,,
2018-02-07,2018,2,2,183.77,132.74,41.88,9.15,7.43,2.52,1.73,4.24,7.0,5.79,,,,80.0,80.0,37.8,38.1,7.99,7.96,3115.0,15338.0,3216.0,15698.0,,,2.56,1.2,2.49,1.17,,,,4028.0,4273.0,8301.0,64.0,64.2,,,333.0,0,0,0,0,1,160.0,8301.0,64.1,5320.941,0.20309,0.204867,9.264,50.0,1.158,896.049223,,
2018-02-08,2018,2,3,140.83,105.8,20.42,14.61,7.42,2.72,1.96,4.2,7.36,6.22,,,,80.0,81.0,37.6,37.7,7.84,7.82,3134.0,15348.0,3073.0,15688.0,,,2.56,1.2,2.69,1.17,,,,4406.0,4550.0,8956.0,64.3,64.4,,,326.0,0,0,0,0,1,161.0,8956.0,64.35,5763.186,0.204196,0.195882,10.0142,49.689441,1.251775,894.330051,,
2018-02-09,2018,2,4,112.71,53.54,40.95,18.22,,,,,,,,,,63.0,64.0,,,,,,,,,,,,,,,,,,3850.0,3838.0,7688.0,,,,,281.0,0,0,0,0,1,127.0,7688.0,,,,,,62.992126,,,,
2018-02-10,2018,2,5,168.47,106.71,41.91,19.85,,,,,,,,,,59.0,58.0,,,,,,,,,,,,,,,,,,3259.0,3330.0,6589.0,,,,,226.0,0,0,0,0,1,117.0,6589.0,,,,,,68.376068,,,,
2018-02-11,2018,2,6,0.0,,,,,,,,,,,,,4.0,4.0,,,,,,,,,,,,,,,,,,1149.0,1135.0,2284.0,,,,,0.0,0,0,0,0,1,8.0,2284.0,,,,,,1000.0,,,,
2018-02-12,2018,2,0,0.0,,,,7.08,1.93,1.22,4.25,7.14,5.93,100803.0,3576.0,,54.0,55.0,38.1,38.2,7.84,7.82,3318.0,15478.0,3216.0,15458.0,2545.0,2504.0,2.57,1.2,2.54,1.09,17932.0,18667.0,3909.0,2444.0,2455.0,4899.0,64.2,64.2,,,204.0,0,0,0,0,1,109.0,4899.0,64.2,3145.158,0.214369,0.208048,6.4637,73.394495,0.807962,757.925027,221.389035,210.081454
2018-02-13,2018,2,1,95.92,78.98,,16.94,6.89,2.27,1.49,4.22,6.92,5.82,,,,95.0,95.0,37.9,38.0,7.89,7.87,3094.0,15708.0,3073.0,15658.0,,,2.58,1.11,2.59,1.19,,,,4411.0,4513.0,8924.0,64.0,63.7,,,246.0,0,0,0,0,1,190.0,8924.0,63.85,5697.974,0.19697,0.196258,11.058,42.105263,1.38225,807.017544,,
2018-02-14,2018,2,2,101.67,79.67,,22.0,7.08,2.05,1.38,4.34,7.17,6.08,,,,65.0,65.0,38.1,38.1,8.01,7.98,3073.0,15618.0,3135.0,15598.0,,,2.62,1.08,2.58,1.26,,,,3129.0,3129.0,6258.0,63.6,63.8,,,206.0,0,0,0,0,1,130.0,6258.0,63.7,3986.346,0.19676,0.200987,7.904,61.538462,0.988,791.751012,,
2018-02-15,2018,2,3,82.88,,41.79,41.09,,,,,,,,,,63.0,62.0,,,,,,,,,,,,,,,,,,3089.0,3186.0,6275.0,,,,,230.0,0,0,0,0,1,125.0,6275.0,,,,,,64.0,,,,
2018-02-16,2018,2,4,27.65,27.65,,,,,,,,,,,,13.0,13.0,,,,,,,,,,,,,,,,,,1229.0,1238.0,2467.0,,,,,43.0,0,0,0,0,1,26.0,2467.0,,,,,,307.692308,,,,
2018-02-17,2018,2,5,26.97,26.97,,,,,,,,,,,,62.0,62.0,,,,,,,,,,,,,,,,,,2269.0,2336.0,4605.0,,,,,331.0,0,0,0,0,1,124.0,4605.0,,,,,,64.516129,,,,
2018-02-18,2018,2,6,3.99,,,3.99,,,,,,,,,,110.0,109.0,,,,,,,,,,,,,,,,,,3947.0,4115.0,8062.0,,,,,285.0,0,0,0,0,1,219.0,8062.0,,,,,,36.52968,,,,
2018-02-19,2018,2,0,175.75,104.08,41.23,30.44,7.27,1.52,0.71,4.58,6.82,5.9,69555.0,,,95.0,95.0,38.0,38.0,7.88,7.87,3134.0,15598.0,3175.0,15528.0,2755.0,2723.0,2.55,1.1,2.47,1.15,20461.0,16315.0,3806.0,3350.0,3475.0,6825.0,63.5,63.5,,,371.0,0,0,0,0,1,190.0,6825.0,63.5,4333.875,0.200923,0.204469,11.21,42.105263,1.40125,608.831401,259.064123,250.763259
2018-02-20,2018,2,1,186.5,79.34,83.21,23.95,7.19,3.5,2.36,4.6,5.57,4.53,,,,117.0,105.0,37.9,38.0,7.84,7.83,3095.0,15398.0,3136.0,5318.0,,,2.77,1.21,2.77,1.21,,,,3095.0,4111.0,7206.0,63.9,63.6,,,332.0,0,0,0,0,1,222.0,7206.0,63.75,4593.825,0.201,0.589695,10.0566,36.036036,1.257075,716.544359,,
2018-02-21,2018,2,2,206.87,130.51,62.23,14.13,7.15,3.22,2.27,4.63,5.49,4.47,,,,102.0,102.0,37.8,37.9,7.92,7.92,3360.0,15668.0,3299.0,15688.0,,,2.45,1.09,2.58,1.16,,,,3575.0,3641.0,7216.0,64.2,63.9,,,235.0,0,0,0,0,1,204.0,7216.0,64.05,4621.848,0.21445,0.210288,9.1188,39.215686,1.13985,791.332193,,
2018-02-22,2018,2,3,185.83,130.68,41.11,14.04,7.04,3.57,2.44,4.58,5.7,4.67,,,,52.0,52.0,38.0,38.1,7.85,7.84,3034.0,15178.0,3014.0,15258.0,,,2.48,1.01,2.51,1.08,,,,3034.0,2503.0,5537.0,63.6,,,,203.0,0,0,0,0,1,104.0,5537.0,63.6,3521.532,0.199895,0.197536,4.8568,76.923077,0.6071,1140.051062,,
2018-02-23,2018,2,4,146.33,106.45,21.19,18.69,,,,,,,,,,67.0,67.0,,,,,,,,,,,,,,,,,,2743.0,2800.0,5543.0,,,,,319.0,0,0,0,0,1,134.0,5543.0,,,,,,59.701493,,,,
2018-02-24,2018,2,5,214.32,159.24,39.37,15.71,,,,,,,,,,94.0,94.0,,,,,,,,,,,,,,,,,,4341.0,4321.0,8662.0,,,,,390.0,0,0,0,0,1,188.0,8662.0,,,,,,42.553191,,,,
2018-02-25,2018,2,6,0.0,,,,,,,,,,,,,33.0,33.0,,,,,,,,,,,,,,,,,,2152.0,2213.0,4365.0,,,,,97.0,0,0,0,0,1,66.0,4365.0,,,,,,121.212121,,,,
2018-02-26,2018,2,0,233.53,131.57,79.28,22.68,6.72,3.24,2.38,4.27,7.35,6.24,97197.0,3539.0,,88.0,89.0,37.8,37.8,7.84,7.81,3115.0,15328.0,3157.0,15478.0,,,2.45,1.19,2.48,1.06,20976.0,18252.0,3802.0,4238.0,4145.0,8383.0,64.1,63.8,,,402.0,0,0,0,0,1,177.0,8383.0,63.95,5360.9285,0.203223,0.203967,11.0448,45.19774,1.3806,758.99971,,
2018-02-27,2018,2,1,216.77,158.83,41.49,16.45,7.05,3.54,2.58,4.45,7.14,5.85,,,,95.0,96.0,38.0,38.1,8.04,8.0,3196.0,15338.0,3135.0,15328.0,,,2.46,1.05,2.58,1.07,,,,4761.0,4685.0,9446.0,63.5,63.4,,,371.0,0,0,0,0,1,191.0,9446.0,63.45,5993.487,0.208371,0.204528,11.1735,41.884817,1.396687,845.393118,,
2018-02-28,2018,2,2,138.93,105.78,20.76,12.39,6.95,3.23,2.14,4.36,7.59,6.39,,,,9.0,96.0,38.1,38.2,7.88,7.87,3135.0,15388.0,3197.0,15483.0,,,2.61,1.18,2.5,1.07,,,,5243.0,5064.0,10307.0,63.7,63.6,,,348.0,0,0,0,0,1,105.0,10307.0,63.65,6560.4055,0.20373,0.206485,6.7095,76.190476,0.838687,1536.180043,,
2018-03-01,2018,3,3,233.08,131.78,81.34,19.96,,,,,,,,,,110.0,111.0,,,,,,,,,,,,,,,,,,5810.0,5745.0,11555.0,,,,,452.0,0,0,0,0,1,221.0,11555.0,,,,,,36.199095,,,,
2018-03-02,2018,3,4,209.18,133.46,60.84,14.88,,,,,,,,,,102.0,102.0,,,,,,,,,,,,,,,,,,5196.0,5167.0,10363.0,,,,,390.0,0,0,0,0,1,204.0,10363.0,,,,,,39.215686,,,,
2018-03-03,2018,3,5,111.12,54.65,39.95,16.52,,,,,,,,,,95.0,96.0,,,,,,,,,,,,,,,,,,5168.0,5153.0,10321.0,,,,,338.0,0,0,0,0,1,191.0,10321.0,,,,,,41.884817,,,,
2018-03-04,2018,3,6,0.0,,,,,,,,,,,,,80.0,79.0,,,,,,,,,,,,,,,,,,4868.0,4894.0,9762.0,,,,,409.0,0,0,0,0,1,159.0,9762.0,,,,,,50.314465,,,,
2018-03-05,2018,3,0,243.01,132.22,87.03,23.76,6.83,3.48,2.63,4.41,7.94,6.78,109763.0,,,96.0,96.0,37.9,37.9,8.06,8.04,3217.0,15438.0,3095.0,15388.0,2614.0,3063.0,2.47,1.1,2.58,1.26,18911.0,18777.0,3890.0,6316.0,6179.0,12495.0,63.9,63.7,,,454.0,0,0,0,0,1,192.0,12495.0,63.8,7971.81,0.208382,0.201131,13.0176,41.666667,1.6272,959.854351,352.914976,397.336546
2018-03-06,2018,3,1,204.61,105.98,82.96,15.67,6.86,3.47,2.47,4.61,6.92,5.71,,,,56.0,64.0,38.0,38.1,8.11,8.09,3095.0,15338.0,3197.0,15248.0,,,2.54,1.19,2.53,1.18,,,,4513.0,4371.0,8884.0,66.2,65.5,,,381.0,0,0,0,0,1,120.0,8884.0,65.85,5850.114,0.201786,0.209667,6.852,66.666667,0.8565,1296.55575,,
2018-03-07,2018,3,2,265.52,158.83,95.15,11.54,6.97,2.42,1.52,4.69,6.45,5.24,,,,108.0,108.0,38.0,38.0,8.08,8.06,3176.0,15248.0,3216.0,15308.0,,,2.48,1.11,2.5,1.07,,,,5468.0,5484.0,10952.0,66.5,66.2,,,488.0,0,0,0,0,1,216.0,10952.0,66.35,7266.652,0.20829,0.210086,11.3184,37.037037,1.4148,967.627933,,
2018-03-08,2018,3,3,164.15,107.9,40.81,15.44,7.02,3.14,2.05,4.59,6.84,5.58,,,,109.0,109.0,38.0,,8.01,8.02,3197.0,15418.0,3237.0,15378.0,,,2.46,1.0,2.52,1.02,,,,5292.0,5462.0,10754.0,63.8,63.7,,,463.0,0,0,0,0,1,218.0,10754.0,63.75,6855.675,0.207355,0.210496,12.1644,36.697248,1.52055,884.055112,,
2018-03-09,2018,3,4,188.39,132.89,41.5,14.0,,,,,,,,,,118.0,119.0,,,,,,,,,,,,,,,,,,5495.0,5446.0,10941.0,,,,,354.0,0,0,0,0,1,237.0,10941.0,,,,,,33.755274,,,,
2018-03-10,2018,3,5,113.11,53.6,41.66,17.85,,,,,,,,,,120.0,120.0,,,,,,,,,,,,,,,,,,5527.0,5667.0,11194.0,,,,,433.0,0,0,0,0,1,240.0,11194.0,,,,,,33.333333,,,,
2018-03-11,2018,3,6,0.0,,,,,,,,,,,,,106.0,99.0,,,,,,,,,,,,,,,,,,6313.0,6664.0,12977.0,,,,,326.0,0,0,0,0,1,205.0,12977.0,,,,,,39.02439,,,,
2018-03-12,2018,3,0,254.56,131.46,101.29,21.81,6.95,2.61,1.82,4.43,6.62,5.48,98971.0,,,99.0,98.0,37.9,38.0,7.78,7.8,3460.0,15280.0,3562.0,15198.0,3032.0,2734.0,3.47,1.86,2.49,1.17,32206.0,21656.0,3850.0,7252.0,7900.0,15152.0,63.9,63.5,,,311.0,0,0,0,0,1,197.0,15152.0,63.7,9651.824,0.22644,0.234373,10.7956,40.609137,1.34945,1403.534773,229.556727,217.274932
2018-03-13,2018,3,1,209.48,156.66,40.86,11.96,6.83,2.84,1.85,4.4,8.05,6.6,,,,95.0,95.0,38.0,38.0,7.83,7.84,3257.0,15018.0,3114.0,14908.0,,,2.57,1.2,2.59,1.26,,,,7864.0,8305.0,16169.0,63.8,63.7,,,353.0,0,0,0,0,1,190.0,16169.0,63.75,10307.7375,0.216873,0.208881,12.54,42.105263,1.5675,1289.393939,,
2018-03-14,2018,3,2,138.88,79.96,40.75,18.17,6.52,2.9,2.12,4.37,7.07,6.42,,,,108.0,108.0,38.2,38.1,7.9,7.87,3034.0,15128.0,3054.0,15248.0,,,2.62,1.28,2.59,1.21,,,,8451.0,8728.0,17179.0,66.6,66.2,,,409.0,0,0,0,0,1,216.0,17179.0,66.4,11406.856,0.200555,0.200289,13.8672,37.037037,1.7334,1238.822545,,
2018-03-15,2018,3,3,342.56,209.35,118.81,14.4,7.01,2.86,1.99,4.44,7.03,5.82,,,,107.0,108.0,38.0,37.9,7.9,7.89,3135.0,14988.0,3095.0,14918.0,,,2.63,1.28,2.54,1.19,,,,7695.0,7824.0,15519.0,66.7,66.4,,,405.0,0,0,0,0,1,215.0,15519.0,66.55,10327.8945,0.209167,0.207467,12.513,37.209302,1.564125,1240.230161,,
2018-03-16,2018,3,4,249.27,133.36,99.41,16.5,,,,,,,,,,108.0,108.0,,,,,,,,,,,,,,,,,,6829.0,6843.0,13672.0,,,,,385.0,0,0,0,0,1,216.0,13672.0,,,,,,37.037037,,,,
2018-03-17,2018,3,5,110.72,53.45,40.54,16.73,,,,,,,,,,108.0,108.0,,,,,,,,,,,,,,,,,,6736.0,6526.0,13262.0,,,,,380.0,0,0,0,0,1,216.0,13262.0,,,,,,37.037037,,,,
2018-03-18,2018,3,6,0.0,,,,,,,,,,,,,76.0,77.0,,,,,,,,,,,,,,,,,,7617.0,7163.0,14780.0,,,,,285.0,0,0,0,0,1,153.0,14780.0,,,,,,52.287582,,,,
2018-03-19,2018,3,0,238.85,133.29,85.55,20.01,6.67,4.68,3.5,4.25,7.17,5.86,,,,20.0,19.0,38.3,38.1,7.82,7.8,2871.0,15198.0,2994.0,14998.0,2843.0,2816.0,2.58,1.26,2.46,1.2,,,3890.0,3772.0,3618.0,7390.0,,,,,182.0,0,0,0,0,1,39.0,7390.0,,,0.188906,0.199627,2.2854,205.128205,0.285675,3233.569616,239.943272,225.132357
2018-03-20,2018,3,1,238.63,104.92,118.8,14.91,6.74,3.95,2.92,4.46,7.13,5.85,,,,87.0,86.0,38.0,38.0,7.9,7.9,2992.0,14868.0,2872.0,14938.0,,,2.68,1.31,2.59,1.36,,,,7189.0,7081.0,14270.0,,,,,372.0,0,0,0,0,1,173.0,14270.0,,,0.201238,0.192261,10.1205,46.242775,1.265062,1410.009387,,
2018-03-21,2018,3,2,254.24,183.47,60.11,10.66,6.76,3.45,2.36,4.45,8.43,7.03,,,,108.0,108.0,38.0,38.0,7.86,7.83,3073.0,15048.0,3134.0,15008.0,,,2.53,1.23,2.54,1.19,,,,8397.0,8224.0,16621.0,,,,,459.0,0,0,0,0,1,216.0,16621.0,,,0.204213,0.208822,15.1848,37.037037,1.8981,1094.581424,,
2018-03-22,2018,3,3,211.73,155.39,40.95,15.39,6.79,4.66,2.04,4.43,7.75,6.65,,,,100.0,61.0,38.0,37.9,7.93,7.9,3257.0,15208.0,3216.0,15088.0,,,2.53,1.18,2.47,1.15,,,,6183.0,7535.0,13718.0,,,,,377.0,0,0,0,0,1,161.0,13718.0,,,0.214164,0.21315,10.7065,49.689441,1.338312,1281.277728,,
2018-03-23,2018,3,4,235.67,182.07,41.39,12.21,,,,,,,,,,112.0,104.0,,,,,,,,,,,,,,,,,,7750.0,7830.0,15580.0,,,,,435.0,0,0,0,0,1,216.0,15580.0,,,,,,37.037037,,,,
2018-03-24,2018,3,5,160.52,100.83,39.15,20.54,,,,,,,,,,104.0,104.0,,,,,,,,,,,,,,,,,,6731.0,6549.0,13280.0,,,,,278.0,0,0,0,0,1,208.0,13280.0,,,,,,38.461538,,,,
2018-03-25,2018,3,6,0.0,,,,,,,,,,,,,92.0,87.0,,,,,,,,,,,,,,,,,,6457.0,6339.0,12796.0,,,,,422.0,0,0,0,0,1,179.0,12796.0,,,,,,44.692737,,,,
2018-03-26,2018,3,0,260.59,157.55,81.05,21.99,6.55,3.28,2.31,4.17,8.48,7.07,145780.0,,,85.0,86.0,37.9,37.9,7.8,7.82,3094.0,14728.0,3175.0,15628.0,2773.0,2603.0,2.56,1.15,2.59,1.31,23501.0,24449.0,4052.0,8081.0,8245.0,16326.0,,,,,212.0,0,0,0,0,1,171.0,16326.0,,,0.210076,0.203161,12.0897,46.783626,1.511212,1350.405717,219.060372,214.523179
2018-03-27,2018,3,1,253.89,127.83,109.76,16.3,6.62,4.21,2.94,4.34,10.15,8.97,,,,108.0,108.0,38.0,38.0,7.84,7.82,3237.0,15478.0,3156.0,14728.0,,,2.84,1.39,2.54,1.29,,,,8779.0,8915.0,17694.0,,,,,472.0,0,0,0,0,1,216.0,17694.0,,,0.209136,0.214286,19.3752,37.037037,2.4219,913.229283,,
2018-03-28,2018,3,2,163.35,151.89,,11.46,6.69,4.25,2.91,4.36,6.58,5.18,,,,103.0,102.0,38.1,38.2,7.84,7.82,3135.0,14888.0,3217.0,15408.0,,,2.58,1.26,2.65,1.3,,,,7580.0,7700.0,15280.0,,,,,304.0,0,0,0,0,1,205.0,15280.0,,,0.210572,0.208788,10.619,39.02439,1.327375,1438.930219,,
2018-03-29,2018,3,3,213.53,159.06,36.67,17.8,6.66,4.66,3.36,4.42,11.38,10.2,,,,108.0,108.0,37.9,38.0,7.84,7.86,3177.0,15368.0,3217.0,15118.0,,,2.62,1.28,2.63,1.28,,,,7894.0,7809.0,15703.0,,,,,418.0,0,0,0,0,1,216.0,15703.0,,,0.206728,0.212793,22.032,37.037037,2.754,712.73602,,
2018-03-30,2018,3,4,357.41,259.98,79.94,17.49,,,,,,,,,,91.0,93.0,,,,,,,,,,,,,,,,,,7251.0,6977.0,14228.0,,,,,256.0,0,0,0,0,1,184.0,14228.0,,,,,,43.478261,,,,
2018-03-31,2018,3,5,285.91,207.17,61.59,17.15,,,,,,,,,,97.0,98.0,,,,,,,,,,,,,,,,,,6520.0,6350.0,12870.0,,,,,358.0,0,0,0,0,1,195.0,12870.0,,,,,,41.025641,,,,
2018-04-01,2018,4,6,0.0,,,,,,,,,,,,,104.0,103.0,,,,,,,,,,,,,,,,,,6013.0,5895.0,11908.0,,,,,306.0,0,0,0,0,1,207.0,11908.0,,,,,,38.647343,,,,
2018-04-02,2018,4,0,267.63,134.22,112.42,20.99,6.91,2.26,1.48,4.08,8.07,6.71,113092.0,,,101.0,97.0,38.1,38.1,7.93,7.91,3094.0,15368.0,3054.0,14818.0,2382.0,2281.0,2.5,1.22,2.53,1.14,21835.0,18694.0,3821.0,5547.0,5587.0,11134.0,66.9,67.3,,,341.0,0,0,0,0,1,198.0,11134.0,67.1,7470.914,0.201327,0.206101,13.2858,40.40404,1.660725,838.037604,249.917515,229.633835
2018-04-03,2018,4,1,256.53,157.98,82.61,15.94,6.63,3.51,2.43,4.7,5.85,4.64,,,,98.0,97.0,38.0,38.0,7.84,7.82,3054.0,15048.0,3135.0,15198.0,,,2.51,1.18,2.54,1.09,,,,4799.0,4834.0,9633.0,68.0,67.9,,,335.0,0,0,0,0,1,195.0,9633.0,67.95,6545.6235,0.202951,0.206277,9.048,41.025641,1.131,1064.655172,,
2018-04-04,2018,4,2,269.86,184.21,75.02,10.63,6.66,3.25,2.25,4.64,6.29,5.46,,,,84.0,89.0,38.0,38.0,7.82,7.86,3156.0,15158.0,2992.0,15288.0,,,2.57,1.2,2.49,1.17,,,,4152.0,4015.0,8167.0,67.9,68.1,,,354.0,0,0,0,0,1,173.0,8167.0,68.0,5553.56,0.208207,0.195709,9.4458,46.242775,1.180725,864.617078,,
2018-04-05,2018,4,3,263.94,184.07,63.25,16.62,6.73,2.79,1.91,4.76,5.76,4.64,,,,82.0,83.0,38.1,38.1,7.78,7.82,3033.0,15108.0,3175.0,15008.0,,,2.54,1.19,2.46,1.1,,,,3557.0,3531.0,7088.0,67.6,67.5,,,296.0,0,0,0,0,1,165.0,7088.0,67.55,4787.944,0.200755,0.211554,7.656,48.484848,0.957,925.809822,,
2018-04-06,2018,4,4,289.81,213.92,64.02,11.87,,,,,,,,,,91.0,95.0,,,,,,,,,,,,,,,,,,3776.0,3687.0,7463.0,,,,,369.0,0,0,0,0,1,186.0,7463.0,,,,,,43.010753,,,,
2018-04-07,2018,4,5,176.85,157.09,,19.76,,,,,,,,,,87.0,87.0,,,,,,,,,,,,,,,,,,3661.0,3595.0,7256.0,,,,,378.0,0,0,0,0,1,174.0,7256.0,,,,,,45.977011,,,,
2018-04-08,2018,4,6,41.66,,41.66,,,,,,,,,,,80.0,82.0,,,,,,,,,,,,,,,,,,3715.0,3740.0,7455.0,,,,,358.0,0,0,0,0,1,162.0,7455.0,,,,,,49.382716,,,,
2018-04-09,2018,4,0,189.97,134.08,35.38,20.51,6.58,3.49,2.59,4.21,6.21,4.9,93714.0,4053.0,,62.0,62.0,38.0,38.1,7.86,7.83,3155.0,15228.0,3054.0,15098.0,2948.0,2810.0,2.47,1.1,2.51,1.18,20599.0,19332.0,3986.0,2842.0,2803.0,5645.0,66.5,66.4,,,217.0,0,0,0,0,1,124.0,5645.0,66.45,3751.1025,0.207184,0.202278,6.076,64.516129,0.7595,929.065174,265.861276,239.351114
2018-04-10,2018,4,1,286.19,158.61,112.04,15.54,6.52,3.98,2.89,4.91,6.25,5.14,,,,71.0,69.0,37.9,38.1,7.84,7.83,3196.0,15158.0,3135.0,15118.0,,,2.36,1.1,2.51,1.08,,,,3052.0,3199.0,6251.0,67.0,67.4,,,356.0,0,0,0,0,1,140.0,6251.0,67.2,4200.672,0.210846,0.207369,7.196,57.142857,0.8995,868.677043,,
2018-04-11,2018,4,2,154.41,76.96,65.31,12.14,,,,,,,,,,84.0,87.0,,,,,,,,,,,,,,,,,,4065.0,3962.0,8027.0,,,,,287.0,0,0,0,0,1,171.0,8027.0,,,,,,46.783626,,,,
2018-04-12,2018,4,3,339.12,238.45,83.27,17.4,6.87,5.56,4.13,4.62,6.4,5.19,,,,85.0,85.0,37.9,37.9,7.89,7.86,3054.0,15148.0,3176.0,15428.0,,,2.54,1.19,2.35,1.09,,,,3748.0,3761.0,7509.0,66.5,66.4,,,288.0,0,0,0,0,1,170.0,7509.0,66.45,4989.7305,0.201611,0.205859,8.823,47.058824,1.102875,851.071064,,
2018-04-13,2018,4,4,149.55,132.67,,16.88,,,,,,,,,,95.0,95.0,,,,,,,,,,,,,,,,,,4156.0,4157.0,8313.0,,,,,429.0,0,0,0,0,1,190.0,8313.0,,,,,,42.105263,,,,
2018-04-14,2018,4,5,261.93,183.19,70.27,8.47,,,,,,,,,,112.0,110.0,,,,,,,,,,,,,,,,,,5110.0,5381.0,10491.0,,,,,458.0,0,0,0,0,1,222.0,10491.0,,,,,,36.036036,,,,
2018-04-15,2018,4,6,0.0,,,,,,,,,,,,,108.0,108.0,,,,,,,,,,,,,,,,,,4926.0,4984.0,9910.0,,,,,397.0,0,0,0,0,1,216.0,9910.0,,,,,,37.037037,,,,
2018-04-16,2018,4,0,293.77,161.42,106.9,25.45,6.64,3.09,2.18,4.64,6.11,4.87,81740.0,,,62.0,62.0,38.0,38.0,7.85,7.83,3256.0,15488.0,3135.0,15168.0,2973.0,2724.0,2.44,1.09,2.48,1.16,18738.0,19756.0,3936.0,2871.0,2967.0,5838.0,66.6,66.4,,,284.0,0,0,0,0,1,124.0,5838.0,66.5,3882.27,0.210227,0.206685,6.0388,64.516129,0.75485,966.748361,262.551778,230.651767
2018-04-17,2018,4,1,283.24,187.96,79.11,16.17,6.84,3.38,2.48,4.82,5.59,4.48,,,,108.0,108.0,38.0,38.0,7.86,7.84,3196.0,15368.0,3155.0,15268.0,,,2.45,1.09,2.49,1.07,,,,4114.0,4160.0,8274.0,66.3,66.1,,,432.0,0,0,0,0,1,216.0,8274.0,66.2,5477.388,0.207965,0.206641,9.6768,37.037037,1.2096,855.034722,,
2018-04-18,2018,4,2,221.21,130.7,78.8,11.71,7.03,3.31,2.43,4.75,5.84,4.61,,,,98.0,97.0,37.9,37.9,7.87,7.86,3134.0,15758.0,3074.0,15688.0,,,2.44,1.13,2.38,1.06,,,,3776.0,3843.0,7619.0,66.6,66.5,,,422.0,0,0,0,0,1,195.0,7619.0,66.55,5070.4445,0.198883,0.195946,8.9895,41.025641,1.123688,847.544357,,
2018-04-19,2018,4,3,244.0,185.19,41.29,17.52,6.65,3.73,2.8,4.87,5.59,4.49,,,,108.0,108.0,37.9,35.4,7.86,7.85,3074.0,15875.0,3095.0,15398.0,,,2.36,1.1,2.51,1.08,,,,4079.0,4187.0,8266.0,66.8,66.5,,,365.0,0,0,0,0,1,216.0,8266.0,66.65,5509.289,0.193638,0.201,9.6984,37.037037,1.2123,852.305535,,
2018-04-20,2018,4,4,268.42,185.69,65.95,16.78,,,,,,,,,,108.0,108.0,,,,,,,,,,,,,,,,,,4071.0,4043.0,8114.0,,,,,444.0,0,0,0,0,1,216.0,8114.0,,,,,,37.037037,,,,
2018-04-21,2018,4,5,219.71,161.29,40.97,17.45,,,,,,,,,,108.0,108.0,,,,,,,,,,,,,,,,,,4032.0,4147.0,8179.0,,,,,465.0,0,0,0,0,1,216.0,8179.0,,,,,,37.037037,,,,
2018-04-22,2018,4,6,0.0,,,,,,,,,,,,,109.0,109.0,,,,,,,,,,,,,,,,,,4217.0,4138.0,8355.0,,,,,476.0,0,0,0,0,1,218.0,8355.0,,,,,,36.697248,,,,
2018-04-23,2018,4,0,235.37,133.71,81.72,19.94,6.88,3.04,1.98,4.99,5.22,4.08,79893.0,,,96.0,97.0,38.4,38.1,7.98,7.97,3155.0,15688.0,3195.0,15418.0,2793.0,2677.0,2.37,1.0,2.41,1.08,17986.0,23539.0,3880.0,3518.0,3598.0,7116.0,66.7,66.9,,,445.0,0,0,0,0,1,193.0,7116.0,66.8,4753.488,0.201109,0.207225,7.8744,41.450777,0.9843,903.6879,330.260635,304.880255
2018-04-24,2018,4,1,214.79,104.75,94.49,15.55,6.87,2.63,1.67,4.78,5.96,4.83,,,,110.0,109.0,38.0,38.0,7.9,7.88,3216.0,15628.0,3237.0,15338.0,,,2.44,1.09,2.53,1.09,,,,4210.0,4297.0,8507.0,66.9,66.9,,,455.0,0,0,0,0,1,219.0,8507.0,66.9,5691.183,0.205784,0.211044,10.5777,36.52968,1.322212,804.239107,,
2018-04-25,2018,4,2,277.48,159.06,107.57,10.85,7.45,2.72,1.76,4.72,6.52,5.21,,,,108.0,108.0,38.0,38.0,7.89,7.86,3135.0,15088.0,3216.0,15308.0,,,2.37,1.1,2.39,1.06,,,,4451.0,4501.0,8952.0,66.9,66.8,,,397.0,0,0,0,0,1,216.0,8952.0,66.85,5984.412,0.207781,0.210086,11.2536,37.037037,1.4067,795.47878,,
2018-04-26,2018,4,3,227.07,131.57,77.55,17.95,7.3,3.71,2.57,4.77,6.53,5.33,,,,108.0,108.0,38.0,38.1,8.13,8.12,3155.0,15198.0,3237.0,15208.0,,,2.4,0.98,2.54,1.19,,,,4733.0,4909.0,9642.0,66.8,66.7,,,408.0,0,0,0,0,1,216.0,9642.0,66.75,6436.035,0.207593,0.212849,11.5128,37.037037,1.4391,837.502606,,
2018-04-27,2018,4,4,182.92,107.27,71.56,4.09,,,,,,,,,,108.0,108.0,,,,,,,,,,,,,,,,,,6307.0,6522.0,12829.0,,,,,393.0,0,0,0,0,1,216.0,12829.0,,,,,,37.037037,,,,
2018-04-28,2018,4,5,289.17,156.74,108.97,23.46,,,,,,,,,,104.0,100.0,,,,,,,,,,,,,,,,,,5850.0,6259.0,12109.0,,,,,364.0,0,0,0,0,1,204.0,12109.0,,,,,,39.215686,,,,
2018-04-29,2018,4,6,0.0,,,,,,,,,,,,,111.0,107.0,,,,,,,,,,,,,,,,,,6098.0,6471.0,12569.0,,,,,412.0,0,0,0,0,1,218.0,12569.0,,,,,,36.697248,,,,
2018-04-30,2018,4,0,196.78,134.18,40.94,21.66,6.84,3.82,2.62,5.06,6.55,5.25,105869.0,4237.0,,106.0,101.0,38.0,37.9,8.03,8.04,2972.0,15638.0,2890.0,15408.0,2706.0,2687.0,2.55,1.2,2.47,1.16,19356.0,18998.0,3709.0,5680.0,5969.0,11649.0,67.6,67.7,,,498.0,0,0,0,0,1,207.0,11649.0,67.65,7880.5485,0.19005,0.187565,10.8675,38.647343,1.358438,1071.911663,346.006777,348.561312
2018-05-01,2018,5,1,245.97,131.9,97.13,16.94,,,,,,,,,,108.0,108.0,,,,,,,,,,,,,,,,,,5233.0,5370.0,10603.0,,,,,416.0,0,0,0,0,1,216.0,10603.0,,,,,,37.037037,,,,
2018-05-02,2018,5,2,295.67,186.97,100.91,7.79,7.09,4.52,3.23,4.92,7.07,5.77,,,,104.0,104.0,37.9,38.0,7.92,7.92,2871.0,15368.0,2666.0,14868.0,,,2.53,1.18,2.51,1.22,,,,5047.0,4998.0,10045.0,69.1,69.0,,,361.0,0,0,0,0,1,208.0,10045.0,69.05,6936.0725,0.186817,0.179311,12.0016,38.461538,1.5002,836.971737,,
2018-05-03,2018,5,3,240.39,106.09,121.48,12.82,7.14,4.68,3.33,4.85,7.68,6.39,,,,108.0,108.0,37.5,38.0,8.08,8.05,3052.0,15558.0,3033.0,15078.0,,,2.71,1.18,2.54,0.99,,,,5713.0,5785.0,11498.0,67.9,67.7,,,416.0,0,0,0,0,1,216.0,11498.0,67.8,7795.644,0.196169,0.201154,13.8024,37.037037,1.7253,833.043529,,
2018-05-04,2018,5,4,252.37,159.88,82.98,9.51,,,,,,,,,,108.0,108.0,,,,,,,,,,,,,,,,,,7119.0,7099.0,14218.0,,,,,386.0,0,0,0,0,1,216.0,14218.0,,,,,,37.037037,,,,
2018-05-05,2018,5,5,187.33,130.59,38.78,17.96,,,,,,,,,,110.0,100.0,,,,,,,,,,,,,,,,,,9058.0,9799.0,18857.0,,,,,340.0,0,0,0,0,1,210.0,18857.0,,,,,,38.095238,,,,
2018-05-06,2018,5,6,0.0,,,,,,,,,,,,,72.0,72.0,,,,,,,,,,,,,,,,,,9355.0,9911.0,19266.0,,,,,337.0,0,0,0,0,1,144.0,19266.0,,,,,,55.555556,,,,
2018-05-07,2018,5,0,228.68,135.0,77.42,16.26,,,,,,,,,,73.0,77.0,,,,,,,,,,,,,,,,,,9717.0,9678.0,19395.0,,,,,371.0,0,0,0,0,1,150.0,19395.0,,,,,,53.333333,,,,
2018-05-08,2018,5,1,289.9,160.79,114.08,15.03,6.97,3.7,2.53,4.88,6.91,5.71,,,,99.0,98.0,37.9,38.3,7.96,7.96,3053.0,15458.0,3073.0,15348.0,,,2.7,1.42,2.8,1.42,,,,9092.0,9014.0,18106.0,71.2,71.0,,,342.0,0,0,0,0,1,197.0,18106.0,71.1,12873.366,0.197503,0.200222,11.2487,40.609137,1.406088,1609.608221,,
2018-05-09,2018,5,2,284.84,186.95,84.94,12.95,6.94,3.65,2.57,4.85,7.06,5.77,106974.0,,,96.0,95.0,38.3,38.0,7.98,7.96,3073.0,15638.0,3073.0,15428.0,,,2.84,1.39,2.88,1.36,28388.0,23303.0,3771.0,7559.0,7264.0,14823.0,71.0,71.1,,,298.0,0,0,0,0,1,191.0,14823.0,71.05,10531.7415,0.196509,0.199183,11.0207,41.884817,1.377588,1345.014382,,
2018-05-10,2018,5,3,254.04,130.52,102.68,20.84,6.92,4.25,3.01,4.79,6.84,5.55,,,,86.0,86.0,38.1,38.0,7.96,7.94,3135.0,15688.0,3194.0,15828.0,,,2.61,1.28,2.71,1.18,,,,5907.0,5757.0,11664.0,70.1,70.2,,,363.0,0,0,0,0,1,172.0,11664.0,70.15,8182.296,0.199834,0.201794,9.546,46.511628,1.19325,1221.873036,,
2018-05-11,2018,5,4,267.9,156.53,98.15,13.22,,,,,,,,,,69.0,68.0,,,,,,,,,,,,,,,,,,4274.0,4819.0,9093.0,,,,,308.0,0,0,0,0,1,137.0,9093.0,,,,,,58.394161,,,,
2018-05-12,2018,5,5,261.55,128.68,113.77,19.1,,,,,,,,,,88.0,88.0,,,,,,,,,,,,,,,,,,5002.0,5532.0,10534.0,,,,,245.0,0,0,0,0,1,176.0,10534.0,,,,,,45.454545,,,,
2018-05-13,2018,5,6,0.0,,,,,,,,,,,,,63.0,62.0,,,,,,,,,,,,,,,,,,4140.0,4364.0,8504.0,,,,,195.0,0,0,0,0,1,125.0,8504.0,,,,,,64.0,,,,
2018-05-14,2018,5,0,266.02,161.59,86.76,17.67,7.19,4.01,2.84,4.79,6.77,5.49,94229.0,3807.0,,52.0,50.0,38.0,38.1,8.09,8.1,3134.0,15778.0,3074.0,15158.0,,,2.54,1.09,2.49,1.16,19031.0,20039.0,3926.0,2568.0,2805.0,5373.0,67.0,67.1,,,310.0,0,0,0,0,1,102.0,5373.0,67.05,3602.5965,0.198631,0.202797,5.5998,78.431373,0.699975,959.498554,,
2018-05-15,2018,5,1,276.32,159.39,98.68,18.25,7.08,3.61,2.64,4.79,6.64,5.35,,,,81.0,81.0,38.1,38.2,8.05,8.03,2786.0,15918.0,2868.0,15748.0,,,2.71,1.28,2.64,1.29,,,,3800.0,3965.0,7765.0,66.4,66.2,,,260.0,0,0,0,0,1,162.0,7765.0,66.3,5148.195,0.175022,0.182118,8.667,49.382716,1.083375,895.92708,,
2018-05-16,2018,5,2,242.38,188.55,37.04,16.79,7.2,4.05,2.9,4.81,7.0,5.7,,,,69.0,67.0,38.1,38.2,7.92,7.91,2991.0,15818.0,3073.0,15848.0,,,2.61,1.18,2.66,1.16,,,,3447.0,3596.0,7043.0,66.0,66.1,,,308.0,0,0,0,0,1,136.0,7043.0,66.05,4651.9015,0.189088,0.193905,7.752,58.823529,0.969,908.539732,,
2018-05-17,2018,5,3,217.6,133.97,83.63,,7.22,4.35,3.18,4.5,8.6,7.24,,,,108.0,108.0,38.0,38.1,8.05,8.04,2870.0,15798.0,2828.0,15788.0,,,2.62,1.18,2.79,1.27,,,,6185.0,6353.0,12538.0,64.9,64.6,,,466.0,0,0,0,0,1,216.0,12538.0,64.75,8118.355,0.181669,0.179123,15.6384,37.037037,1.9548,801.744424,,
2018-05-18,2018,5,4,235.4,161.79,63.02,10.59,,,,,,,,,,108.0,108.0,,,,,,,,,,,,,,,,,,6897.0,7162.0,14059.0,,,,,354.0,0,0,0,0,1,216.0,14059.0,,,,,,37.037037,,,,
2018-05-19,2018,5,5,274.14,160.64,94.34,19.16,,,,,,,,,,102.0,101.0,,,,,,,,,,,,,,,,,,6647.0,6844.0,13491.0,,,,,381.0,0,0,0,0,1,203.0,13491.0,,,,,,39.408867,,,,
2018-05-20,2018,5,6,0.0,,,,,,,,,,,,,105.0,104.0,,,,,,,,,,,,,,,,,,7141.0,7366.0,14507.0,,,,,391.0,0,0,0,0,1,209.0,14507.0,,,,,,38.277512,,,,
2018-05-21,2018,5,0,231.82,131.86,99.96,,7.24,3.9,2.67,4.63,8.42,6.95,129786.0,,,85.0,84.0,38.0,38.1,7.96,7.94,2889.0,16378.0,3032.0,16308.0,2885.0,2807.0,2.74,1.39,2.58,1.16,23468.0,16766.0,3871.0,6372.0,6374.0,12746.0,68.5,67.7,,,265.0,0,0,0,0,1,169.0,12746.0,68.1,8680.026,0.176395,0.185921,11.7455,47.337278,1.468188,1085.181559,320.07288,300.633435
2018-05-22,2018,5,1,313.42,186.83,109.83,16.76,,,,,,,,,,71.0,73.0,,,,,,,,,,,,,,,,,,5168.0,5230.0,10398.0,,,,,381.0,0,0,0,0,1,144.0,10398.0,,,,,,55.555556,,,,
2018-05-23,2018,5,2,287.75,185.39,89.81,12.55,7.17,4.34,2.97,4.65,8.47,6.99,,,,96.0,96.0,38.1,37.9,8.03,8.01,3133.0,16548.0,3092.0,16328.0,,,2.63,1.18,2.58,1.17,,,,6459.0,6534.0,12993.0,67.8,67.7,,,280.0,0,0,0,0,1,192.0,12993.0,67.75,8802.7575,0.189328,0.189368,13.4208,41.666667,1.6776,968.124106,,
2018-05-24,2018,5,3,243.59,131.1,93.74,18.75,7.38,4.08,2.85,4.6,8.02,6.63,,,,81.0,84.0,38.0,37.9,7.97,7.97,3032.0,15918.0,2990.0,15768.0,,,2.9,1.28,2.7,1.27,,,,5572.0,5576.0,11148.0,68.3,67.8,,,458.0,0,0,0,0,1,165.0,11148.0,68.05,7586.214,0.190476,0.189625,10.9395,48.484848,1.367438,1019.059372,,
2018-05-25,2018,5,4,140.49,129.33,,11.16,,,,,,,,,,106.0,106.0,,,,,,,,,,,,,,,,,,6965.0,7091.0,14056.0,,,,,330.0,0,0,0,0,1,212.0,14056.0,,,,,,37.735849,,,,
2018-05-26,2018,5,5,263.78,134.44,112.04,17.3,,,,,,,,,,106.0,106.0,,,,,,,,,,,,,,,,,,7003.0,7108.0,14111.0,,,,,357.0,0,0,0,0,1,212.0,14111.0,,,,,,37.735849,,,,
2018-05-27,2018,5,6,0.0,,,,,,,,,,,,,80.0,80.0,,,,,,,,,,,,,,,,,,5924.0,6147.0,12071.0,,,,,231.0,0,0,0,0,1,160.0,12071.0,,,,,,50.0,,,,
2018-05-28,2018,5,0,307.08,158.03,131.32,17.73,7.21,3.26,2.2,4.68,7.66,6.4,109810.0,,,83.0,82.0,38.0,37.9,7.98,7.97,3153.0,16798.0,3091.0,16548.0,3173.0,2888.0,2.65,1.19,2.85,1.35,21054.0,20793.0,4021.0,4963.0,5163.0,10126.0,67.3,67.1,,,387.0,0,0,0,0,1,165.0,10126.0,67.2,6804.672,0.187701,0.18679,10.56,48.484848,1.32,958.901515,366.697786,325.145099
2018-05-29,2018,5,1,210.56,134.09,58.79,17.68,7.51,3.73,2.58,4.71,7.07,5.8,,,,108.0,108.0,38.0,38.0,7.98,7.97,3479.0,16978.0,3439.0,16898.0,,,2.53,1.18,2.78,1.27,,,,5811.0,5930.0,11741.0,66.6,66.7,,,329.0,0,0,0,0,1,216.0,11741.0,66.65,7825.3765,0.204912,0.203515,12.528,37.037037,1.566,937.180715,,
2018-05-30,2018,5,2,300.89,189.74,98.8,12.35,7.5,3.12,2.1,4.69,7.02,5.73,,,,108.0,108.0,38.1,38.0,7.98,7.96,3215.0,16568.0,3214.0,16468.0,,,2.72,1.19,2.62,1.18,,,,5650.0,5834.0,11484.0,65.2,65.3,,,372.0,0,0,0,0,1,216.0,11484.0,65.25,7493.31,0.194049,0.195166,12.3768,37.037037,1.5471,927.865038,,
2018-05-31,2018,5,3,251.69,108.46,122.97,20.26,7.48,3.61,2.47,4.74,6.78,5.5,,,,104.0,104.0,38.0,38.0,8.08,8.08,3215.0,16498.0,3257.0,16478.0,,,2.81,1.28,2.79,1.37,,,,5250.0,5339.0,10589.0,66.2,66.0,,,426.0,0,0,0,0,1,208.0,10589.0,66.1,6999.329,0.194872,0.197657,11.44,38.461538,1.43,925.611888,,
2018-06-01,2018,6,4,274.93,160.5,103.64,10.79,,,,,,,,,,108.0,108.0,,,,,,,,,,,,,,,,,,5360.0,5515.0,10875.0,,,,,290.0,0,0,0,0,1,216.0,10875.0,,,,,,37.037037,,,,
2018-06-02,2018,6,5,222.03,161.59,43.06,17.38,,,,,,,,,,108.0,108.0,,,,,,,,,,,,,,,,,,5268.0,5438.0,10706.0,,,,,359.0,0,0,0,0,1,216.0,10706.0,,,,,,37.037037,,,,
2018-06-03,2018,6,6,63.63,,63.63,,,,,,,,,,,108.0,108.0,,,,,,,,,,,,,,,,,,5973.0,6107.0,12080.0,,,,,329.0,0,0,0,0,1,216.0,12080.0,,,,,,37.037037,,,,
2018-06-04,2018,6,0,189.31,134.34,36.41,18.56,7.46,3.51,2.43,4.76,7.14,5.75,105290.0,,,108.0,108.0,37.9,37.9,7.97,7.98,3335.0,17418.0,3355.0,17168.0,3014.0,2696.0,2.81,1.28,2.85,1.26,20007.0,22894.0,3794.0,5785.0,5972.0,11757.0,66.0,65.6,,,347.0,0,0,0,0,1,216.0,11757.0,65.8,7736.106,0.191469,0.195422,12.42,37.037037,1.5525,946.618357,339.330793,309.786503
2018-06-05,2018,6,1,268.083,162.68,87.62,17.783,7.69,2.46,1.65,4.77,6.87,5.55,,,,108.0,108.0,37.9,38.0,8.0,7.98,3274.0,17158.0,3336.0,17188.0,,,2.73,1.28,2.62,1.18,,,,5341.0,5365.0,10706.0,66.5,66.5,,,360.0,0,0,0,0,1,216.0,10706.0,66.5,7119.49,0.190815,0.194089,11.988,37.037037,1.4985,893.059726,,
2018-06-06,2018,6,2,316.75,189.58,113.73,13.44,,,,,,,,,,113.0,113.0,,,,,,,,,,,,,,,,,,4914.0,5115.0,10029.0,,,,,334.0,0,0,0,0,1,226.0,10029.0,,,,,,35.39823,,,,
2018-06-07,2018,6,3,242.33,108.74,114.31,19.28,7.76,3.76,2.61,4.87,6.59,5.38,,,,108.0,108.0,38.0,38.0,8.05,8.04,3235.0,17148.0,3274.0,17078.0,,,2.73,1.29,2.84,1.29,,,,4897.0,5087.0,9984.0,65.3,65.0,,,360.0,0,0,0,0,1,216.0,9984.0,65.15,6504.576,0.188652,0.191709,11.6208,37.037037,1.4526,859.149112,,
2018-06-08,2018,6,4,250.14,159.62,78.32,12.2,,,,,,,,,,104.0,104.0,,,,,,,,,,,,,,,,,,5781.0,5835.0,11616.0,,,,,360.0,0,0,0,0,1,208.0,11616.0,,,,,,38.461538,,,,
2018-06-09,2018,6,5,294.96,161.81,113.69,19.46,,,,,,,,,,108.0,108.0,,,,,,,,,,,,,,,,,,7366.0,7311.0,14677.0,,,,,385.0,0,0,0,0,1,216.0,14677.0,,,,,,37.037037,,,,
2018-06-10,2018,6,6,0.0,,,,,,,,,,,,,113.0,113.0,,,,,,,,,,,,,,,,,,9910.0,10141.0,20051.0,,,,,366.0,0,0,0,0,1,226.0,20051.0,,,,,,35.39823,,,,
2018-06-11,2018,6,0,257.78,134.36,106.94,16.48,7.64,3.68,2.42,4.99,7.38,6.16,118329.0,,,75.0,74.0,37.8,37.9,8.05,8.03,3357.0,16718.0,3398.0,16778.0,3160.0,2881.0,2.73,1.38,2.78,1.36,20012.0,19949.0,3940.0,7117.0,7263.0,14380.0,65.1,65.3,,,383.0,0,0,0,0,1,149.0,14380.0,65.2,9375.76,0.200802,0.202527,9.1784,53.691275,1.1473,1566.721869,415.851552,366.301809
2018-06-12,2018,6,1,298.95,159.96,122.21,16.78,7.73,4.28,2.76,5.12,5.92,4.6,,,,108.0,108.0,37.8,37.9,8.05,8.05,3418.0,16938.0,3378.0,16878.0,,,2.88,1.36,2.74,1.29,,,,5702.0,6011.0,11713.0,69.6,69.9,,,383.0,0,0,0,0,1,216.0,11713.0,69.75,8169.8175,0.201795,0.200142,9.936,37.037037,1.242,1178.844605,,
2018-06-13,2018,6,2,233.78,184.1,36.65,13.03,,,,,,,,,,104.0,104.0,,,,,,,,,,,,,,,,,,4405.0,4539.0,8944.0,,,,,306.0,0,0,0,0,1,208.0,8944.0,,,,,,38.461538,,,,
2018-06-14,2018,6,3,187.49,102.77,65.68,19.04,7.74,4.16,2.81,5.0,5.72,4.4,,,,99.0,99.0,37.9,38.0,8.01,8.0,3255.0,16908.0,3235.0,16878.0,,,2.61,1.18,2.61,1.18,,,,4103.0,4247.0,8350.0,69.5,69.7,,,378.0,0,0,0,0,1,198.0,8350.0,69.6,5811.6,0.192512,0.19167,8.712,40.40404,1.089,958.448118,,
2018-06-15,2018,6,4,310.42,209.06,89.3,12.06,,,,,,,,,,81.0,77.0,,,,,,,,,,,,,,,,,,3598.0,3776.0,7374.0,,,,,305.0,0,0,0,0,1,158.0,7374.0,,,,,,50.632911,,,,
2018-06-16,2018,6,5,161.19,105.46,36.94,18.79,,,,,,,,,,87.0,86.0,,,,,,,,,,,,,,,,,,3934.0,4140.0,8074.0,,,,,328.0,0,0,0,0,1,173.0,8074.0,,,,,,46.242775,,,,
2018-06-17,2018,6,6,0.0,0.0,0.0,0.0,,,,,,,,,,104.0,104.0,,,,,,,,,,,,,,,,,,4184.0,4310.0,8494.0,,,,,232.0,0,0,0,0,1,208.0,8494.0,,,,,,38.461538,,,,
2018-06-18,2018,6,0,303.71,134.17,152.45,17.09,7.54,3.45,2.7,5.72,4.51,3.27,81128.0,,,63.0,63.0,38.1,38.1,8.03,8.02,3356.0,17368.0,3417.0,17038.0,3187.0,3024.0,2.63,1.19,2.59,1.17,25583.0,20899.0,4040.0,2400.0,2467.0,4867.0,68.5,68.4,,,365.0,0,0,0,0,1,126.0,4867.0,68.45,3331.4615,0.193229,0.200552,4.1202,63.492063,0.515025,1181.253337,409.822936,381.126439
2018-06-19,2018,6,1,261.08,154.76,85.26,21.06,7.79,5.02,3.4,5.81,4.38,3.22,,,,104.0,103.0,38.1,38.1,8.05,8.04,3275.0,17318.0,3336.0,17268.0,,,2.87,1.36,2.5,1.17,,,,3341.0,3455.0,6796.0,68.5,68.3,,,381.0,0,0,0,0,1,207.0,6796.0,68.4,4648.464,0.18911,0.19319,6.6654,38.647343,0.833175,1019.593723,,
2018-06-20,2018,6,2,311.28,185.76,114.21,11.31,7.49,4.23,2.89,5.85,4.18,2.96,,,,108.0,108.0,38.0,38.0,8.07,8.06,3315.0,17238.0,3417.0,17298.0,,,2.67,1.2,2.68,1.26,,,,3551.0,3644.0,7195.0,68.1,67.9,,,352.0,0,0,0,0,1,216.0,7195.0,68.0,4892.6,0.192308,0.197537,6.3936,37.037037,0.7992,1125.344094,,
2018-06-21,2018,6,3,222.98,103.26,100.39,19.33,7.62,4.12,2.85,5.88,4.73,3.5,,,,105.0,104.0,37.9,37.9,8.08,8.06,3133.0,16838.0,3153.0,16608.0,,,2.65,1.29,2.61,1.18,,,,3530.0,3664.0,7194.0,69.4,69.2,,,321.0,0,0,0,0,1,209.0,7194.0,69.3,4985.442,0.186067,0.189848,7.315,38.277512,0.914375,983.458647,,
2018-06-22,2018,6,4,296.36,185.57,99.18,11.61,,,,,,,,,,112.0,113.0,,,,,,,,,,,,,,,,,,4199.0,4208.0,8407.0,,,,,352.0,0,0,0,0,1,225.0,8407.0,,,,,,35.555556,,,,
2018-06-23,2018,6,5,259.98,135.52,103.9,20.56,,,,,,,,,,111.0,111.0,,,,,,,,,,,,,,,,,,4582.0,4666.0,9248.0,,,,,413.0,0,0,0,0,1,222.0,9248.0,,,,,,36.036036,,,,
2018-06-24,2018,6,6,0.0,0.0,0.0,0.0,,,,,,,,,,110.0,111.0,,,,,,,,,,,,,,,,,,4408.0,4435.0,8843.0,,,,,220.0,0,0,0,0,1,221.0,8843.0,,,,,,36.199095,,,,
2018-06-25,2018,6,0,277.41,161.7,95.81,19.9,7.88,2.65,1.68,6.02,4.16,3.03,79780.0,,,104.0,108.0,37.8,37.9,8.19,8.18,3356.0,17188.0,3397.0,17238.0,3305.0,2822.0,2.48,1.11,2.6,1.27,26096.0,20189.0,3471.0,4380.0,4320.0,8700.0,69.3,69.0,,,419.0,0,0,0,0,1,212.0,8700.0,69.15,6016.05,0.195253,0.197065,6.4236,37.735849,0.80295,1354.380721,571.754256,481.560276
2018-06-26,2018,6,1,332.67,133.74,179.7,19.23,8.22,4.17,2.75,6.04,7.24,6.03,,,,108.0,108.0,37.8,37.9,8.14,8.13,3700.0,17728.0,3761.0,17748.0,,,2.57,1.1,2.63,1.19,,,,4578.0,4718.0,9296.0,70.7,69.9,,,365.0,0,0,0,0,1,216.0,9296.0,70.3,6535.088,0.208709,0.211911,13.0248,37.037037,1.6281,713.715374,,
2018-06-27,2018,6,2,224.91,186.14,20.14,18.63,7.82,4.89,3.25,6.0,5.73,4.31,,,,108.0,107.0,37.7,37.8,8.05,8.06,3499.0,16698.0,3479.0,16428.0,,,2.63,1.19,2.5,1.17,,,,4717.0,4777.0,9494.0,70.6,69.7,,,434.0,0,0,0,0,1,215.0,9494.0,70.15,6660.041,0.209546,0.211773,9.2665,37.209302,1.158312,1024.550801,,
2018-06-28,2018,6,3,191.81,108.56,65.0,18.25,7.74,4.75,3.29,6.14,5.01,3.88,,,,108.0,108.0,38.0,38.1,8.07,8.07,3600.0,16778.0,3661.0,16858.0,,,2.52,1.18,2.62,1.28,,,,4707.0,4905.0,9612.0,69.1,68.9,,,376.0,0,0,0,0,1,216.0,9612.0,69.0,6632.28,0.214567,0.217167,8.3808,37.037037,1.0476,1146.907216,,
2018-06-29,2018,6,4,289.43,187.16,90.03,12.24,,,,,,,,,,108.0,108.0,,,,,,,,,,,,,,,,,,4673.0,4712.0,9385.0,,,,,449.0,0,0,0,0,1,216.0,9385.0,,,,,,37.037037,,,,
2018-06-30,2018,6,5,213.01,135.86,56.83,20.32,,,,,,,,,,95.0,95.0,,,,,,,,,,,,,,,,,,4015.0,4183.0,8198.0,,,,,339.0,0,0,0,0,1,190.0,8198.0,,,,,,42.105263,,,,
2018-07-01,2018,7,6,96.44,0.0,96.44,0.0,,,,,,,,,,104.0,104.0,,,,,,,,,,,,,,,,,,4459.0,4519.0,8978.0,,,,,336.0,0,0,0,0,1,208.0,8978.0,,,,,,38.461538,,,,
2018-07-02,2018,7,0,239.04,161.69,57.68,19.67,7.06,4.95,3.36,5.6,6.26,4.75,94492.0,,,70.0,70.0,37.8,37.9,7.61,7.59,3258.0,15558.0,3278.0,15668.0,3192.0,2957.0,2.64,1.29,2.73,1.13,22522.0,19054.0,3748.0,3497.0,3567.0,7064.0,71.6,71.3,,,349.0,0,0,0,0,1,140.0,7064.0,71.45,5047.228,0.20941,0.209216,6.65,57.142857,0.83125,1062.255639,166.468623,148.532859
2018-07-03,2018,7,1,243.74,135.85,89.43,18.46,7.08,4.83,3.34,5.58,4.57,3.35,,,,108.0,106.0,37.7,37.8,,7.56,3175.0,15868.0,3156.0,15768.0,,,2.38,1.06,2.51,1.17,,,,4551.0,4762.0,9313.0,71.0,71.1,,,388.0,0,0,0,0,1,214.0,9313.0,71.05,6616.8865,0.200088,0.200152,7.169,37.383178,0.896125,1299.065421,,
2018-07-04,2018,7,2,295.37,189.87,87.39,18.11,6.98,3.9,2.7,5.63,5.01,3.69,,,,110.0,109.0,37.8,37.8,7.43,7.42,3196.0,16308.0,3257.0,16648.0,,,2.55,1.15,2.96,1.36,,,,4518.0,4606.0,9124.0,70.4,70.0,,,397.0,0,0,0,0,1,219.0,9124.0,70.2,6405.048,0.195977,0.195639,8.0811,36.52968,1.010137,1129.054213,,
2018-07-05,2018,7,3,246.48,106.86,120.64,18.98,7.07,3.77,2.61,5.75,4.28,3.25,,,,108.0,108.0,37.7,37.9,7.63,7.62,3196.0,15938.0,3156.0,15918.0,,,2.58,1.16,2.74,1.39,,,,4333.0,4541.0,8874.0,71.1,71.2,,,394.0,0,0,0,0,1,216.0,8874.0,71.15,6313.851,0.200527,0.198266,7.02,37.037037,0.8775,1264.102564,,
2018-07-06,2018,7,4,278.94,187.3,78.03,13.61,,,,,,,,,,108.0,108.0,,,,,,,,,,,,,,,,,,4412.0,4511.0,8923.0,,,,,360.0,0,0,0,0,1,216.0,8923.0,,,,,,37.037037,,,,
2018-07-07,2018,7,5,177.0,135.15,20.89,20.96,,,,,,,,,,113.0,115.0,,,,,,,,,,,,,,,,,,4430.0,4574.0,9004.0,,,,,421.0,0,0,0,0,1,228.0,9004.0,,,,,,35.087719,,,,
2018-07-08,2018,7,6,62.92,0.0,62.92,0.0,,,,,,,,,,108.0,107.0,,,,,,,,,,,,,,,,,,4421.0,4571.0,8992.0,,,,,359.0,0,0,0,0,1,215.0,8992.0,,,,,,37.209302,,,,
2018-07-09,2018,7,0,335.0,133.52,181.03,20.45,7.18,4.17,2.66,5.71,2.87,1.51,122443.0,,,104.0,106.0,37.7,37.7,7.68,7.65,3136.0,15818.0,3176.0,15768.0,3231.0,3231.0,2.53,1.09,2.81,1.38,22905.0,24308.0,4454.0,4158.0,4287.0,8445.0,71.2,71.2,,,476.0,0,0,0,0,1,210.0,8445.0,71.2,6012.84,0.198255,0.201421,3.171,38.095238,0.396375,2663.197729,194.98886,182.71016
2018-07-10,2018,7,1,221.05,162.43,39.87,18.75,7.21,3.26,2.1,5.87,4.0,2.86,,,,109.0,109.0,37.8,37.8,7.78,7.73,3135.0,15828.0,3217.0,15888.0,,,2.6,1.36,2.8,1.47,,,,4092.0,4168.0,8260.0,70.7,70.6,,,377.0,0,0,0,0,1,218.0,8260.0,70.65,5835.69,0.198067,0.20248,6.2348,36.697248,0.77935,1324.821967,,
2018-07-11,2018,7,2,304.25,188.44,96.18,19.63,7.1,4.08,2.63,5.78,4.27,3.19,,,,111.0,113.0,37.8,37.8,7.79,7.78,3092.0,15848.0,3032.0,15908.0,,,2.76,1.4,2.88,1.57,,,,4149.0,4220.0,8369.0,70.5,70.3,,,330.0,0,0,0,0,1,224.0,8369.0,70.4,5891.776,0.195103,0.190596,7.1456,35.714286,0.8932,1171.210255,,
2018-07-12,2018,7,3,163.56,80.51,63.84,19.21,7.0,4.1,2.84,5.88,4.18,3.26,,,,112.0,113.0,37.8,37.8,7.86,7.84,3135.0,15368.0,3155.0,15808.0,,,2.68,1.26,2.73,1.34,,,,4211.0,4351.0,8562.0,70.4,70.4,,,362.0,0,0,0,0,1,225.0,8562.0,70.4,6027.648,0.203995,0.199582,7.335,35.555556,0.916875,1167.280164,,
2018-07-13,2018,7,4,230.76,131.58,85.09,14.09,,,,,,,,,,113.0,113.0,,,,,,,,,,,,,,,,,,4418.0,4468.0,8886.0,,,,,409.0,0,0,0,0,1,226.0,8886.0,,,,,,35.39823,,,,
2018-07-14,2018,7,5,309.8,190.67,97.05,22.08,,,,,,,,,,113.0,111.0,,,,,,,,,,,,,,,,,,4177.0,4371.0,8548.0,,,,,351.0,0,0,0,0,1,224.0,8548.0,,,,,,35.714286,,,,
2018-07-15,2018,7,6,0.0,0.0,0.0,0.0,,,,,,,,,,108.0,108.0,,,,,,,,,,,,,,,,,,4270.0,4325.0,8595.0,,,,,339.0,0,0,0,0,1,216.0,8595.0,,,,,,37.037037,,,,
2018-07-16,2018,7,0,252.53,134.35,96.08,22.1,7.12,3.25,2.09,5.79,4.06,3.01,101135.0,,,108.0,108.0,37.9,38.0,7.6,7.58,3177.0,16168.0,3114.0,15928.0,3327.0,3420.0,2.65,1.39,2.63,1.38,19954.0,19866.0,3447.0,4115.0,4292.0,8407.0,69.1,69.0,,,421.0,0,0,0,0,1,216.0,8407.0,69.05,5805.0335,0.196499,0.195505,6.5016,37.037037,0.8127,1293.066322,170.811135,169.112529
2018-07-17,2018,7,1,295.89,162.07,113.28,20.54,6.78,3.47,2.21,5.8,3.82,2.87,,,,108.0,108.0,37.9,38.0,7.68,7.67,3095.0,15808.0,3135.0,15488.0,,,2.88,1.51,2.61,1.37,,,,3946.0,4037.0,7983.0,69.8,69.5,,,364.0,0,0,0,0,1,216.0,7983.0,69.65,5560.1595,0.195787,0.202415,6.1992,37.037037,0.7749,1287.746806,,
2018-07-18,2018,7,2,358.14,187.64,150.08,20.42,6.97,3.73,2.35,5.76,4.04,2.92,,,,104.0,105.0,38.0,,,,,,,,,,,,,,,,,3801.0,3877.0,7678.0,,,,,346.0,0,0,0,0,1,209.0,7678.0,,,,,6.1028,38.277512,0.76285,1258.111031,,
2018-07-19,2018,7,3,358.14,187.64,150.08,20.42,6.97,3.73,2.35,5.76,4.04,2.92,,,,104.0,105.0,38.0,38.1,7.65,7.64,3074.0,15768.0,3095.0,15498.0,,,2.64,1.48,2.75,1.44,,,,3801.0,3877.0,7678.0,69.7,69.4,,,,0,0,0,0,1,209.0,7678.0,69.55,5340.049,0.194952,0.199703,6.1028,38.277512,0.76285,1258.111031,,
2018-07-20,2018,7,4,191.74,108.86,59.2,23.68,7.03,3.47,2.4,5.84,4.36,3.31,,,,104.0,104.0,38.0,38.2,7.68,7.67,3127.0,15928.0,3090.0,15728.0,,,2.61,1.23,2.8,1.37,,,,3748.0,3893.0,7641.0,69.8,69.3,,,,0,0,0,0,1,208.0,7641.0,69.55,5314.3155,0.196321,0.196465,6.8848,38.461538,0.8606,1109.836161,,
2018-07-21,2018,7,5,203.37,135.78,43.4,24.19,,,,,,,,,,107.0,109.0,,,,,,,,,,,,,,,,,,4088.0,4228.0,8316.0,,,,,,0,0,0,0,1,216.0,8316.0,,,,,,37.037037,,,,
2018-07-22,2018,7,6,40.08,0.0,40.08,0.0,,,,,,,,,,113.0,113.0,,,,,,,,,,,,,,,,,,4597.0,4638.0,9235.0,,,,,,0,0,0,0,1,226.0,9235.0,,,,,,35.39823,,,,
2018-07-23,2018,7,0,295.9,132.62,138.2,25.08,7.4,3.26,2.2,6.09,3.96,2.83,77850.0,,,113.0,113.0,38.4,38.5,7.86,7.84,3049.0,15248.0,3089.0,15058.0,2942.9,2835.4,2.77,1.45,2.56,1.2,24354.0,25686.0,3384.0,4033.0,4200.0,8233.0,69.5,69.2,,,,0,0,0,0,1,226.0,8233.0,69.35,5709.5855,0.199961,0.20514,6.3958,35.39823,0.799475,1287.251008,271.731306,252.550944
2018-07-24,2018,7,1,352.64,163.9,162.69,26.05,7.2,3.42,2.37,5.8,3.9,2.86,,,,114.0,114.0,38.5,38.6,7.56,7.54,3085.0,15808.0,3126.0,15908.0,,,2.35,1.09,2.51,1.18,,,,3996.0,4053.0,8049.0,69.7,69.6,,,,0,0,0,0,1,228.0,8049.0,69.65,5606.1285,0.195154,0.196505,6.5208,35.087719,0.8151,1234.357748,,
2018-07-25,2018,7,2,222.76,185.51,18.54,18.71,7.13,4.1,3.01,5.83,3.91,2.87,,,,113.0,113.0,38.6,38.7,7.55,7.55,3107.0,15788.0,3065.0,15708.0,,,2.92,1.48,3.23,1.64,,,,4045.0,4241.0,8286.0,69.7,69.4,,,,0,0,0,0,1,226.0,8286.0,69.55,5762.913,0.196795,0.195124,6.4862,35.39823,0.810775,1277.481422,,
2018-07-26,2018,7,3,189.74,108.68,60.72,20.34,7.15,5.2,3.7,5.76,5.25,4.04,,,,112.0,112.0,38.6,38.7,7.65,7.64,3085.0,15268.0,3106.0,15188.0,,,2.37,1.1,2.37,1.06,,,,4465.0,4536.0,9001.0,69.0,68.5,,,,0,0,0,0,1,224.0,9001.0,68.75,6188.1875,0.202057,0.204504,9.0496,35.714286,1.1312,994.629597,,
2018-07-27,2018,7,4,262.41,132.83,110.55,19.03,,,,,,,,,,108.0,108.0,,,,,,,,,,,,,,,,,,4085.0,4241.0,8326.0,,,,,,0,0,0,0,1,216.0,8326.0,,,,,,37.037037,,,,
2018-07-28,2018,7,5,187.06,164.46,0.0,22.6,,,,,,,,,,108.0,108.0,,,,,,,,,,,,,,,,,,3898.0,4045.0,7943.0,,,,,,0,0,0,0,1,216.0,7943.0,,,,,,37.037037,,,,
2018-07-29,2018,7,6,136.02,0.0,136.02,0.0,,,,,,,,,,108.0,108.0,,,,,,,,,,,,,,,,,,3880.0,3917.0,7797.0,,,,,,0,0,0,0,1,216.0,7797.0,,,,,,37.037037,,,,
2018-07-30,2018,7,0,192.14,131.51,36.64,23.99,7.09,3.93,2.75,5.89,3.41,2.46,68268.0,,,85.0,85.0,39.1,39.4,7.9,7.89,3025.0,15098.0,3066.0,15168.0,3029.3,2994.0,2.45,1.09,3.17,1.56,28753.0,20098.0,3360.0,2929.0,3049.0,5978.0,69.4,69.2,,,,0,0,0,0,1,170.0,5978.0,69.3,4142.754,0.200358,0.202136,4.182,47.058824,0.52275,1429.459589,316.582157,311.856953
2018-07-31,2018,7,1,275.8,162.55,88.04,25.21,7.09,3.38,2.21,5.83,3.63,2.67,,,,86.0,87.0,39.2,39.4,7.58,7.57,3087.0,15248.0,3005.0,15368.0,,,2.63,1.28,2.32,1.08,,,,2894.0,2895.0,5789.0,69.4,69.3,,,,0,0,0,0,1,173.0,5789.0,69.35,4014.6715,0.202453,0.195536,4.6191,46.242775,0.577388,1253.274447,,
2018-08-01,2018,8,2,382.81,187.17,177.14,18.5,7.21,2.35,1.48,5.79,3.72,2.67,,,,109.0,109.0,39.3,39.5,7.64,7.62,3106.0,15888.0,3168.0,16218.0,,,2.54,1.09,2.54,1.14,,,,3358.0,3476.0,6834.0,69.5,69.3,,,,0,0,0,0,1,218.0,6834.0,69.4,4742.796,0.195493,0.195339,5.8206,36.697248,0.727575,1174.105762,,
2018-08-02,2018,8,3,175.44,136.42,18.97,20.05,7.29,4.01,2.74,5.69,4.11,2.97,,,,90.0,90.0,39.4,39.7,7.6,7.59,3067.0,15388.0,3088.0,15188.0,,,2.44,1.09,2.58,1.26,,,,3198.0,3206.0,6404.0,69.4,69.2,,,,0,0,0,0,1,180.0,6404.0,69.3,4437.972,0.199311,0.203318,5.346,44.444444,0.66825,1197.904976,,
2018-08-03,2018,8,4,220.43,104.86,96.97,18.6,,,,,,,,,,115.0,115.0,,,,,,,,,,,,,,,,,,4176.0,4250.0,8426.0,,,,,,0,0,0,0,1,230.0,8426.0,,,,,,34.782609,,,,
2018-08-04,2018,8,5,200.54,137.15,41.78,21.61,,,,,,,,,,116.0,117.0,,,,,,,,,,,,,,,,,,4096.0,4240.0,8336.0,,,,,,0,0,0,0,1,233.0,8336.0,,,,,,34.334764,,,,
2018-08-05,2018,8,6,125.05,53.93,71.12,0.0,,,,,,,,,,115.0,115.0,,,,,,,,,,,,,,,,,,4014.0,4090.0,8104.0,,,,,,0,0,0,0,1,230.0,8104.0,,,,,,34.782609,,,,
2018-08-06,2018,8,0,301.21,132.78,148.42,20.01,7.17,4.23,2.99,5.67,3.88,2.84,66433.0,,,113.0,113.0,39.8,40.0,7.59,5.59,3046.0,14978.0,3218.0,13388.0,2625.7,2527.2,2.41,1.17,2.56,1.25,13470.0,13578.0,3280.0,3620.0,3700.0,7320.0,68.5,68.3,,,,0,0,0,0,1,226.0,7320.0,68.4,5006.88,0.203365,0.240365,6.4184,35.39823,0.8023,1140.471145,148.136531,1.529626
2018-08-07,2018,8,1,309.41,162.41,120.68,26.32,6.97,3.73,2.65,5.62,3.92,2.78,,,,113.0,113.0,39.9,40.1,7.53,7.54,3030.0,14988.0,3070.0,15098.0,,,2.75,1.44,2.4,1.17,,,,3624.0,3781.0,7405.0,69.3,69.4,,,,0,0,0,0,1,226.0,7405.0,69.35,5135.3675,0.202162,0.203338,6.2828,35.39823,0.78535,1178.61463,,
2018-08-08,2018,8,2,205.43,187.8,0.0,17.63,6.85,3.46,2.43,5.46,3.9,2.73,,,,115.0,115.0,39.9,40.1,7.52,7.51,3068.0,15868.0,3090.0,16428.0,,,2.82,1.28,2.55,1.24,,,,3720.0,3734.0,7454.0,69.1,68.9,,,,0,0,0,0,1,230.0,7454.0,69.0,5143.26,0.193345,0.188093,6.279,34.782609,0.784875,1187.131709,,
2018-08-09,2018,8,3,299.49,136.91,144.6,17.98,6.91,2.32,1.16,5.4,4.36,3.24,,,,113.0,113.0,40.0,40.2,7.36,7.35,3070.0,15470.0,3149.0,15928.0,,,2.15,0.89,2.17,0.96,,,,3797.0,3958.0,7755.0,68.9,68.8,,,,0,0,0,0,1,226.0,7755.0,68.85,5339.3175,0.198449,0.197702,7.3224,35.39823,0.9153,1059.07899,,
2018-08-10,2018,8,4,286.05,159.7,111.54,14.81,,,,,,,,,,110.0,110.0,,,,,,,,,,,,,,,,,,3867.0,3889.0,7756.0,,,,,,0,0,0,0,1,220.0,7756.0,,,,,,36.363636,,,,
2018-08-11,2018,8,5,245.03,189.88,33.81,21.34,,,,,,,,,,90.0,97.0,,,,,,,,,,,,,,,,,,3758.0,3723.0,7481.0,,,,,,0,0,0,0,1,187.0,7481.0,,,,,,42.780749,,,,
2018-08-12,2018,8,6,21.93,0.0,21.93,0.0,,,,,,,,,,104.0,104.0,,,,,,,,,,,,,,,,,,4649.0,4524.0,9173.0,,,,,,0,0,0,0,1,208.0,9173.0,,,,,,38.461538,,,,
2018-08-13,2018,8,0,249.0,131.75,96.04,21.21,7.16,3.17,2.33,5.44,4.11,3.65,93726.0,,,112.0,112.0,40.0,40.2,7.52,7.55,3413.0,16938.0,3292.0,16158.0,2843.0,2732.0,2.07,1.49,2.26,1.19,18041.0,23854.0,3321.0,4537.0,4546.0,9083.0,68.4,68.1,,,,0,0,0,0,1,224.0,9083.0,68.25,6199.1475,0.2015,0.203738,8.176,35.714286,1.022,1110.934442,139.365907,144.747662
2018-08-14,2018,8,1,225.62,162.28,41.46,21.88,7.38,3.27,1.91,6.1,4.58,3.47,,,,113.0,113.0,40.0,40.3,7.86,7.83,3051.0,15528.0,3072.0,15388.0,,,2.41,1.17,2.48,0.97,,,,3739.0,3887.0,7626.0,69.0,68.8,,,,0,0,0,0,1,226.0,7626.0,68.9,5254.314,0.196484,0.199636,7.8422,35.39823,0.980275,972.431206,,
2018-08-15,2018,8,2,224.67,159.56,47.85,17.26,,,,,,,,,,117.0,118.0,40.0,40.3,,,,,,,,,,,,,,,,3831.0,3799.0,7630.0,69.1,69.2,,,,0,0,0,0,1,235.0,7630.0,69.15,5276.145,,,,34.042553,,,,
2018-08-16,2018,8,3,218.74,159.74,40.57,18.43,7.07,1.35,0.68,5.43,3.61,2.56,,,,110.0,110.0,40.1,40.3,7.56,7.57,2887.0,14728.0,3010.0,14878.0,,,2.09,0.8,2.14,0.99,,,,3872.0,4038.0,7910.0,68.9,68.6,,,,0,0,0,0,1,220.0,7910.0,68.75,5438.125,0.196021,0.202312,5.632,36.363636,0.704,1404.474432,,
2018-08-17,2018,8,4,156.34,105.42,36.77,14.15,,,,,,,,,,108.0,108.0,,,,,,,,,,,,,,,,,,3746.0,3782.0,7528.0,,,,,,0,0,0,0,1,216.0,7528.0,,,,,,37.037037,,,,
2018-08-18,2018,8,5,248.5,185.67,41.68,21.15,,,,,,,,,,108.0,108.0,,,,,,,,,,,,,,,,,,3855.0,4010.0,7865.0,,,,,,0,0,0,0,1,216.0,7865.0,,,,,,37.037037,,,,
2018-08-19,2018,8,6,55.85,55.85,0.0,0.0,,,,,,,,,,108.0,108.0,,,,,,,,,,,,,,,,,,4514.0,4562.0,9076.0,,,,,,0,0,0,0,1,216.0,9076.0,,,,,,37.037037,,,,
2018-08-20,2018,8,0,224.08,157.7,46.71,19.67,6.91,3.2,2.25,5.49,8.27,6.74,203525.0,,,90.0,97.0,40.0,40.2,7.54,7.52,2907.0,14878.0,3009.0,14768.0,,,2.35,1.19,2.09,1.25,19640.0,22972.0,3529.0,4936.0,4782.0,9718.0,68.6,68.5,,,,0,0,0,0,1,187.0,9718.0,68.55,6661.689,0.195389,0.203751,12.6038,42.780749,1.575475,771.037306,,
2018-08-21,2018,8,1,222.03,136.49,63.14,22.4,7.06,3.24,2.02,5.71,4.22,2.88,,,,104.0,99.0,40.0,42.0,7.52,7.55,3067.0,16528.0,3249.0,16128.0,,,2.2,0.91,2.45,0.96,,,,4195.0,4353.0,8548.0,68.9,68.8,,,,0,0,0,0,1,203.0,8548.0,68.85,5885.298,0.185564,0.201451,5.8464,39.408867,0.7308,1462.096333,,
2018-08-22,2018,8,2,263.01,190.88,54.29,17.84,7.03,3.66,2.34,5.81,8.48,6.62,,,,108.0,108.0,40.0,40.3,7.56,7.57,3006.0,15248.0,3067.0,15478.0,,,2.19,0.91,2.28,0.87,,,,4270.0,4115.0,8385.0,68.3,68.3,,,,0,0,0,0,1,216.0,8385.0,68.3,5726.955,0.197141,0.198152,14.2992,37.037037,1.7874,586.396442,,
2018-08-23,2018,8,3,100.34,81.67,0.0,18.67,7.16,1.53,0.77,5.89,4.42,3.12,,,,90.0,94.0,40.0,40.3,7.53,7.54,3068.0,15408.0,3130.0,15328.0,,,2.68,1.11,2.3,0.87,,,,3608.0,3389.0,6997.0,68.1,68.8,,,,0,0,0,0,1,184.0,6997.0,68.45,4789.4465,0.199117,0.204201,5.7408,43.478261,0.7176,1218.819677,,
2018-08-24,2018,8,4,292.99,187.09,89.9,16.0,,,,,,,,,,95.0,95.0,,,,,,,,,,,,,,,,,,3130.0,2918.0,6048.0,,,,,,0,0,0,0,1,190.0,6048.0,,,,,,42.105263,,,,
2018-08-25,2018,8,5,177.64,159.32,0.0,18.32,,,,,,,,,,102.0,101.0,,,,,,,,,,,,,,,,,,2796.0,2793.0,5589.0,,,,,,0,0,0,0,1,203.0,5589.0,,,,,,39.408867,,,,
2018-08-26,2018,8,6,117.63,53.91,63.72,0.0,,,,,,,,,,112.0,111.0,,,,,,,,,,,,,,,,,,2835.0,2912.0,5747.0,,,,,,0,0,0,0,1,223.0,5747.0,,,,,,35.874439,,,,
2018-08-27,2018,8,0,204.0,132.05,54.38,17.57,7.38,3.75,2.34,5.94,4.33,3.28,105159.0,,,113.0,109.0,40.0,40.2,7.74,7.75,3290.0,16778.0,3210.0,16518.0,3227.0,3320.0,2.44,1.28,3.35,1.66,19994.0,22310.0,2760.0,2764.0,2853.0,5617.0,68.2,68.5,,,,0,0,0,0,1,222.0,5617.0,68.35,3839.2195,0.19609,0.194333,7.2816,36.036036,0.9102,771.396396,254.307204,270.405124
2018-08-28,2018,8,1,271.83,162.63,90.18,19.02,,,,,,,,,,110.0,110.0,,,,,,,,,,,,,,,,,,2590.0,2755.0,5345.0,,,,,,0,0,0,0,1,220.0,5345.0,,,,,,36.363636,,,,
2018-08-29,2018,8,2,294.85,190.25,86.55,18.05,6.98,4.82,2.95,5.97,4.09,2.86,,,,110.0,110.0,39.9,40.2,7.66,7.7,2850.0,14578.0,3052.0,14928.0,,,2.27,1.0,2.9,0.87,,,,2592.0,2665.0,5257.0,60.2,59.5,,,,0,0,0,0,1,220.0,5257.0,59.85,3146.3145,0.1955,0.204448,6.292,36.363636,0.7865,835.505404,,
2018-08-30,2018,8,3,236.08,136.6,80.05,19.43,7.04,2.57,1.63,5.81,4.44,3.13,,,,108.0,108.0,39.9,40.2,7.62,7.68,4498.0,15278.0,4457.0,15168.0,3016.0,3167.0,2.11,1.0,2.21,1.07,25774.0,23008.0,,2631.0,2785.0,5416.0,59.1,58.5,,,,0,0,0,0,1,216.0,5416.0,58.8,3184.608,0.29441,0.293842,6.7608,37.037037,0.8451,801.088629,182.691271,222.240212
2018-08-31,2018,8,4,273.03,188.99,71.57,12.47,,,,,,,,,,108.0,108.0,,,,,,,,,,,,,,,,,,2642.0,2800.0,5442.0,,,,,,0,0,0,0,1,216.0,5442.0,,,,,,37.037037,,,,
2018-09-01,2018,9,5,218.92,109.52,90.07,19.33,,,,,,,,,,108.0,108.0,,,,,,,,,,,,,,,,,,2687.0,2866.0,5553.0,,,,,,0,0,0,0,1,216.0,5553.0,,,,,,37.037037,,,,
2018-09-02,2018,9,6,26.2,26.2,0.0,0.0,,,,,,,,,,90.0,91.0,,,,,,,,,,,,,,,,,,3054.0,3279.0,6333.0,,,,,,0,0,0,0,1,181.0,6333.0,,,,,,44.198895,,,,
2018-09-03,2018,9,0,237.97,131.82,86.36,19.79,7.27,1.98,1.14,5.78,4.59,3.3,95019.0,,,82.0,85.0,40.1,40.4,7.66,7.67,8955.0,15238.0,8631.0,15268.0,3121.7,2934.8,2.77,1.5,2.46,1.15,24848.0,22255.0,3571.0,2924.0,3228.0,6152.0,59.3,57.1,,,,0,0,0,0,1,167.0,6152.0,58.2,3580.464,0.587676,0.5653,5.511,47.904192,0.688875,1116.312829,208.614647,203.995426
2018-09-04,2018,9,1,235.55,136.46,80.92,18.17,7.25,1.9,1.06,5.8,4.35,3.04,,,,63.0,62.0,40.1,40.4,7.6,7.62,7980.0,14518.0,7837.0,14428.0,,,2.85,1.35,2.51,1.17,,,,2547.0,2917.0,5464.0,64.0,62.9,,,,0,0,0,0,1,125.0,5464.0,63.45,3466.908,0.549662,0.54318,3.8,64.0,0.475,1437.894737,,
2018-09-05,2018,9,2,199.56,108.42,77.15,13.99,7.31,2.34,1.05,5.69,4.07,2.85,,,,60.0,60.0,40.2,40.5,7.61,7.59,7043.0,14838.0,7103.0,14913.0,,,2.17,1.28,2.28,1.13,,,,2423.0,2828.0,5251.0,67.1,63.9,,,,0,0,0,0,1,120.0,5251.0,65.5,3439.405,0.47466,0.476296,3.42,66.666667,0.4275,1535.380117,,
2018-09-06,2018,9,3,216.7,109.91,85.88,20.91,7.23,3.84,2.9,5.89,3.85,2.92,,,,60.0,60.0,40.2,40.5,7.69,7.61,6474.0,13859.0,7227.0,14478.0,,,2.19,0.91,2.28,1.06,,,,2595.0,2998.0,5593.0,69.3,65.8,,,,0,0,0,0,1,120.0,5593.0,67.55,3778.0715,0.467133,0.499171,3.504,66.666667,0.438,1596.175799,,
2018-09-07,2018,9,4,188.25,82.75,88.82,16.68,,,,,,,,,,60.0,60.0,,,,,,,,,,,,,,,,,,2449.0,3260.0,5709.0,,,,,,0,0,0,0,1,120.0,5709.0,,,,,,66.666667,,,,
2018-09-08,2018,9,5,169.85,132.48,34.79,2.58,,,,,,,,,,62.0,60.0,,,,,,,,,,,,,,,,,,2904.0,3526.0,6430.0,,,,,,0,0,0,0,1,122.0,6430.0,,,,,,65.57377,,,,
2018-09-09,2018,9,6,36.48,0.0,36.48,0.0,,,,,,,,,,60.0,60.0,,,,,,,,,,,,,,,,,,3275.0,3785.0,7060.0,,,,,,0,0,0,0,1,120.0,7060.0,,,,,,66.666667,,,,
2018-09-10,2018,9,0,210.36,107.37,79.0,23.99,7.31,3.51,2.21,5.8,3.91,2.8,112540.0,,,60.0,60.0,40.1,40.5,7.69,7.71,5090.0,15348.0,6920.0,14328.0,4557.0,4471.0,2.23,0.98,2.46,0.96,31072.0,31940.0,5325.0,3509.0,3885.0,7394.0,76.8,74.5,,,,0,0,0,0,1,120.0,7394.0,75.65,5593.561,0.331639,0.48297,3.36,66.666667,0.42,2200.595238,324.759544,340.493611
2018-09-11,2018,9,1,238.88,132.77,86.75,19.36,7.33,4.27,2.89,5.81,3.95,3.01,,,,78.0,63.0,40.1,40.6,8.05,8.0,3256.0,15228.0,4376.0,14228.0,,,3.54,1.7,3.04,1.45,,,,3724.0,4056.0,7780.0,77.4,76.2,,,,0,0,0,0,1,141.0,7780.0,76.8,5975.04,0.213817,0.307563,4.2441,56.737589,0.530512,1833.133055,,
2018-09-12,2018,9,2,236.66,134.52,88.98,13.16,7.26,4.19,2.83,5.96,4.29,3.09,,,,91.0,66.0,40.0,40.5,7.97,7.99,3216.0,15108.0,3967.0,14648.0,,,2.07,1.09,2.96,1.41,,,,3891.0,4268.0,8159.0,77.3,77.6,,,,0,0,0,0,1,157.0,8159.0,77.45,6319.1455,0.212867,0.270822,4.8513,50.955414,0.606412,1681.817245,,
2018-09-13,2018,9,3,213.33,134.59,78.74,0.0,7.24,5.72,3.73,5.74,5.35,4.09,,,,102.0,84.0,40.0,40.5,8.01,7.99,2951.0,16908.0,3663.0,16748.0,,,2.54,1.29,2.6,1.17,,,,4137.0,4480.0,8617.0,76.1,77.5,,,,0,0,0,0,1,186.0,8617.0,76.8,6617.856,0.174533,0.218713,7.6074,43.010753,0.950925,1132.712885,,
2018-09-14,2018,9,4,201.11,108.51,77.39,15.21,,,,,,,,,,108.0,95.0,,,,,,,,,,,,,,,,,,4302.0,4542.0,8844.0,,,,,,0,0,0,0,1,203.0,8844.0,,,,,,39.408867,,,,
2018-09-15,2018,9,5,216.01,109.29,88.57,18.15,,,,,,,,,,108.0,95.0,,,,,,,,,,,,,,,,,,4413.0,4722.0,9135.0,,,,,,0,0,0,0,1,203.0,9135.0,,,,,,39.408867,,,,
2018-09-16,2018,9,6,41.2,0.0,41.2,0.0,,,,,,,,,,108.0,104.0,,,,,,,,,,,,,,,,,,5442.0,6197.0,11639.0,,,,,,0,0,0,0,1,212.0,11639.0,,,,,,37.735849,,,,
2018-09-17,2018,9,0,266.51,159.61,86.93,19.97,6.87,3.34,2.22,5.62,6.1,4.63,118453.0,,,103.0,108.0,39.6,40.2,7.85,7.86,2849.0,15128.0,3054.0,15108.0,5028.1,5474.9,2.48,1.16,3.03,1.44,39276.0,38953.0,6393.0,5905.0,6371.0,12276.0,69.0,69.1,,,,0,0,0,0,1,211.0,12276.0,69.05,8476.578,0.188326,0.202145,9.7693,37.914692,1.221162,1256.58952,487.700373,561.273931
2018-09-18,2018,9,1,228.04,133.89,76.69,17.46,7.16,3.36,2.23,5.51,4.9,3.6,,,,108.0,108.0,39.4,40.0,7.85,7.8,2891.0,14678.0,3054.0,15428.0,,,2.5,1.12,2.76,1.35,,,,5795.0,6087.0,11882.0,71.6,70.8,,,,0,0,0,0,1,216.0,11882.0,71.2,8459.984,0.196961,0.197952,7.776,37.037037,0.972,1528.034979,,
2018-09-19,2018,9,2,279.2,187.07,77.16,14.97,7.09,3.71,2.31,5.64,4.54,3.35,,,,108.0,108.0,39.3,39.9,7.77,7.77,2748.0,16428.0,2807.0,16278.0,,,2.48,1.3,2.43,1.18,,,,5891.0,5979.0,11870.0,72.0,71.4,,,,0,0,0,0,1,216.0,11870.0,71.7,8510.79,0.167275,0.172441,7.236,37.037037,0.9045,1640.409066,,
2018-09-20,2018,9,3,279.91,136.46,121.08,22.37,7.0,3.9,2.51,5.64,4.84,3.72,,,,110.0,108.0,39.1,39.7,7.81,7.87,2851.0,15928.0,2646.0,14748.0,,,2.27,1.0,2.36,1.05,,,,5930.0,5918.0,11848.0,72.1,72.1,,,,0,0,0,0,1,218.0,11848.0,72.1,8542.408,0.178993,0.179414,8.1096,36.697248,1.0137,1460.984512,,
2018-09-21,2018,9,4,289.25,186.91,88.92,13.42,,,,,,,,,,108.0,108.0,,,,,,,,,,,,,,,,,,6111.0,6110.0,12221.0,,,,,,0,0,0,0,1,216.0,12221.0,,,,,,37.037037,,,,
2018-09-22,2018,9,5,267.82,131.21,114.09,22.52,,,,,,,,,,108.0,108.0,,,,,,,,,,,,,,,,,,5672.0,5682.0,11354.0,,,,,,0,0,0,0,1,216.0,11354.0,,,,,,37.037037,,,,
2018-09-23,2018,9,6,20.17,0.0,0.0,20.17,,,,,,,,,,108.0,108.0,,,,,,,,,,,,,,,,,,6354.0,6503.0,12857.0,,,,,,0,0,0,0,1,216.0,12857.0,,,,,,37.037037,,,,
2018-09-24,2018,9,0,0.0,0.0,0.0,0.0,,,,,,,,,,108.0,108.0,,,,,,,,,,,,,,,,,,7185.0,7639.0,14824.0,,,,,,0,0,0,0,1,216.0,14824.0,,,,,,37.037037,,,,
2018-09-25,2018,9,1,268.96,131.88,137.08,0.0,,,,,,,,,,77.0,77.0,,,,,,,,,,,,,,,,,,7011.0,7170.0,14181.0,,,,,,0,0,0,0,1,154.0,14181.0,,,,,,51.948052,,,,
2018-09-26,2018,9,2,298.19,185.28,81.1,31.81,7.28,2.25,1.6,5.64,4.84,3.75,110698.0,,,108.0,108.0,37.9,38.5,8.01,8.03,3011.0,16108.0,3155.0,15758.0,3484.1,3886.3,2.8,1.42,2.74,1.44,18222.0,22828.0,4241.0,6221.0,6239.0,12460.0,72.2,72.4,,,,0,0,0,0,1,216.0,12460.0,72.3,9008.58,0.186926,0.200216,8.1,37.037037,1.0125,1538.271605,425.479628,511.144565
2018-09-27,2018,9,3,234.72,132.7,77.86,24.16,6.58,4.12,2.82,5.44,5.64,4.2,,,,108.0,108.0,38.1,38.3,7.93,7.94,2952.0,15778.0,3135.0,15628.0,,,2.45,1.09,2.63,1.24,,,,5884.0,5993.0,11877.0,70.9,70.9,,,,0,0,0,0,1,216.0,11877.0,70.9,8420.793,0.187096,0.200601,9.072,37.037037,1.134,1309.193122,,
2018-09-28,2018,9,4,233.21,182.53,36.84,13.84,,,,,,,,,,108.0,108.0,,,,,,,,,,,,,,,,,,5557.0,5654.0,11211.0,,,,,,0,0,0,0,1,216.0,11211.0,,,,,,37.037037,,,,
2018-09-29,2018,9,5,263.44,154.94,87.26,21.24,,,,,,,,,,108.0,108.0,,,,,,,,,,,,,,,,,,5361.0,5609.0,10970.0,,,,,,0,0,0,0,1,216.0,10970.0,,,,,,37.037037,,,,
2018-09-30,2018,9,6,0.0,0.0,0.0,0.0,,,,,,,,,,108.0,108.0,,,,,,,,,,,,,,,,,,5963.0,6127.0,12090.0,,,,,,0,0,0,0,1,216.0,12090.0,,,,,,37.037037,,,,
2018-10-01,2018,10,0,240.2,129.89,86.58,23.73,6.68,2.57,1.73,5.54,5.27,3.77,23301.0,,,105.0,105.0,,,7.93,7.92,2850.0,15378.0,2911.0,15428.0,4317.6,4437.4,2.55,1.19,2.69,1.17,15130.0,21576.0,4408.0,5960.0,6083.0,12043.0,69.4,69.6,,,,0,0,0,0,1,210.0,12043.0,69.5,8369.885,0.18533,0.188683,7.917,38.095238,0.989625,1521.157004,450.374084,453.410932
2018-10-02,2018,10,1,293.2,157.34,116.9,18.96,,,,,,,,,,108.0,108.0,,,,,,,,,,,,,,,,,,5424.0,5366.0,10790.0,,,,,,0,0,0,0,1,216.0,10790.0,,,,,,37.037037,,,,
2018-10-03,2018,10,2,240.4,184.64,37.2,18.56,6.89,3.67,2.66,5.51,4.96,3.81,,,,108.0,108.0,38.0,38.7,7.82,7.81,2951.0,15608.0,3053.0,15158.0,,,2.57,1.3,2.6,1.23,,,,5386.0,5390.0,10776.0,70.2,69.4,,,,0,0,0,0,1,216.0,10776.0,69.8,7521.648,0.18907,0.201412,8.2296,37.037037,1.0287,1309.419656,,
2018-10-04,2018,10,3,240.23,133.22,89.32,17.69,6.7,5.64,3.67,5.96,10.47,8.26,,,,108.0,108.0,38.3,38.5,7.86,7.88,3012.0,15278.0,3155.0,15468.0,,,2.98,1.46,2.62,1.42,,,,5713.0,5738.0,11451.0,69.3,69.4,,,,0,0,0,0,1,216.0,11451.0,69.35,7941.2685,0.197146,0.203969,17.8416,37.037037,2.2302,641.814635,,
2018-10-05,2018,10,4,257.28,156.23,87.71,13.34,,,,,,,,,,108.0,108.0,,,,,,,,,,,,,,,,,,5531.0,5441.0,10972.0,,,,,,0,0,0,0,1,216.0,10972.0,,,,,,37.037037,,,,
2018-10-06,2018,10,5,227.07,155.74,54.31,17.02,,,,,,,,,,102.0,102.0,,,,,,,,,,,,,,,,,,5141.0,5167.0,10308.0,,,,,,0,0,0,0,1,204.0,10308.0,,,,,,39.215686,,,,
2018-10-07,2018,10,6,0.0,0.0,0.0,0.0,,,,,,,,,,108.0,108.0,,,,,,,,,,,,,,,,,,6284.0,6407.0,12691.0,,,,,,0,0,0,0,1,216.0,12691.0,,,,,,37.037037,,,,
2018-10-08,2018,10,0,210.55,129.38,61.56,19.61,6.76,4.02,2.43,5.64,27.68,25.47,156060.0,,,108.0,108.0,38.0,38.0,7.8,7.73,3073.0,15388.0,3154.0,15108.0,4320.0,4785.0,2.74,1.29,3.02,1.44,21884.0,26860.0,3653.0,8995.0,9443.0,18438.0,66.1,65.0,,,,0,0,0,0,1,216.0,18438.0,65.55,12086.109,0.199701,0.208764,55.0152,37.037037,6.8769,335.143742,343.316645,327.537863
2018-10-09,2018,10,1,343.27,237.07,88.61,17.59,7.0,2.76,2.01,5.62,4.03,3.12,,,,108.0,108.0,38.0,38.1,7.94,7.93,2952.0,15598.0,3033.0,15278.0,,,2.83,1.48,2.57,1.25,,,,7582.0,7493.0,15075.0,70.6,71.1,,,,0,0,0,0,1,216.0,15075.0,70.85,10680.6375,0.189255,0.198521,6.7392,37.037037,0.8424,2236.912393,,
2018-10-10,2018,10,2,287.18,182.48,86.98,17.72,7.03,3.78,2.49,5.68,6.05,4.58,,,,108.0,108.0,37.9,38.0,7.92,7.95,2951.0,15938.0,3094.0,15778.0,,,2.85,1.5,2.73,1.34,,,,7228.0,7581.0,14809.0,70.1,70.6,,,,0,0,0,0,1,216.0,14809.0,70.35,10418.1315,0.185155,0.196096,9.8928,37.037037,1.2366,1496.947275,,
2018-10-11,2018,10,3,250.53,155.72,77.23,17.58,6.75,3.11,2.16,5.21,22.33,20.37,,,,111.0,101.0,37.9,37.9,7.84,7.85,2951.0,15758.0,3013.0,15878.0,,,2.76,1.3,2.75,1.25,,,,8207.0,9147.0,17354.0,68.1,68.9,,,,0,0,0,0,1,212.0,17354.0,68.5,11887.49,0.18727,0.189759,43.1844,37.735849,5.39805,401.858078,,
2018-10-12,2018,10,4,249.4,155.1,78.91,15.39,,,,,,,,,,117.0,110.0,,,,,,,,,,,,,,,,,,10128.0,11055.0,21183.0,,,,,,0,0,0,0,1,227.0,21183.0,,,,,,35.242291,,,,
2018-10-13,2018,10,5,285.27,179.44,88.39,17.44,,,,,,,,,,120.0,115.0,,,,,,,,,,,,,,,,,,11129.0,12256.0,23385.0,,,,,,0,0,0,0,1,235.0,23385.0,,,,,,34.042553,,,,
2018-10-14,2018,10,6,0.0,0.0,0.0,0.0,,,,,,,,,,104.0,90.0,,,,,,,,,,,,,,,,,,12331.0,13600.0,25931.0,,,,,,0,0,0,0,1,194.0,25931.0,,,,,,41.237113,,,,
2018-10-15,2018,10,0,210.33,103.53,88.28,18.52,7.16,1.79,1.23,5.25,3.78,2.86,,,,96.0,81.0,38.138,38.0,7.85,7.83,3033.0,16078.0,3094.0,15778.0,4066.0,4467.0,3.16,1.65,2.94,1.26,25129.0,33427.0,4391.0,11605.0,13171.0,24776.0,70.9,72.3,,,,0,0,0,0,1,177.0,24776.0,71.6,17739.616,0.188643,0.196096,5.0622,45.19774,0.632775,4894.314725,362.019578,378.238416
2018-10-16,2018,10,1,278.73,181.03,80.55,17.15,7.08,2.13,1.49,4.9,26.15,25.03,,,,82.0,83.0,38.0,38.0,7.8,7.79,3074.0,15508.0,3237.0,15168.0,3942.0,3570.0,3.06,1.6,3.24,1.36,30602.0,29230.0,5046.0,11067.0,11213.0,22280.0,71.5,68.7,,,,0,0,0,0,1,165.0,22280.0,70.1,15618.28,0.19822,0.21341,41.2995,48.484848,5.162437,539.473844,313.276439,277.757424
2018-10-17,2018,10,2,253.25,156.61,77.33,19.31,7.01,2.83,1.84,4.95,20.78,18.96,,,,103.0,104.0,,,7.82,7.81,2952.0,15628.0,3074.0,15338.0,4082.0,4855.0,3.32,1.73,3.41,1.69,25166.0,44148.0,,11943.0,12734.0,24677.0,71.6,69.4,,,,0,0,0,0,1,207.0,24677.0,70.5,17397.285,0.188892,0.200417,39.2472,38.647343,4.9059,628.75823,338.423535,394.09158
2018-10-18,2018,10,3,263.62,156.58,89.56,17.48,6.69,3.58,2.48,4.86,14.05,12.36,,,,81.0,81.0,37.9,38.0,7.85,7.84,2809.0,15728.0,2952.0,15638.0,,,3.19,1.67,3.45,1.9,,,,11918.0,12626.0,24544.0,70.8,71.1,,,,0,0,0,0,1,162.0,24544.0,70.95,17413.968,0.178599,0.188771,20.0232,49.382716,2.5029,1225.778097,,
2018-10-19,2018,10,4,278.89,178.37,89.02,11.5,,,,,,,,,,96.0,98.0,,,,,,,,,,,,,,,,,,11700.0,12199.0,23899.0,,,,,,0,0,0,0,1,194.0,23899.0,,,,,,41.237113,,,,
2018-10-20,2018,10,5,279.53,182.82,78.71,18.0,,,,,,,,,,92.0,92.0,,,,,,,,,,,,,,,,,,11276.0,11420.0,22696.0,,,,,,0,0,0,0,1,184.0,22696.0,,,,,,43.478261,,,,
2018-10-21,2018,10,6,0.0,0.0,0.0,0.0,,,,,,,,,,59.0,59.0,,,,,,,,,,,,,,,,,,9716.0,9136.0,18852.0,,,,,,0,0,0,0,1,118.0,18852.0,,,,,,67.79661,,,,
2018-10-22,2018,10,0,174.8,78.66,77.39,18.75,6.98,2.42,1.5,4.29,11.14,9.6,180516.0,,,93.0,93.0,38.0,38.0,7.77,7.77,3135.0,15928.0,3073.0,15498.0,3925.0,3896.0,3.05,1.5,3.04,1.59,36084.0,34967.0,5004.0,10168.0,10544.0,20712.0,67.9,68.4,,,,0,0,0,0,1,186.0,20712.0,68.15,14115.228,0.196823,0.198284,17.856,43.010753,2.232,1159.946237,292.658113,290.495798
2018-10-23,2018,10,1,232.52,128.97,85.64,17.91,6.97,2.14,1.41,4.29,10.75,9.97,,,,66.0,66.0,38.0,38.0,7.8,7.82,2911.0,16078.0,3012.0,15818.0,,,3.32,1.78,3.17,1.7,,,,8281.0,8483.0,16764.0,68.6,68.4,,,,0,0,0,0,1,132.0,16764.0,68.5,11483.34,0.181055,0.190416,13.1604,60.606061,1.64505,1273.821464,,
2018-10-24,2018,10,2,290.03,182.52,89.17,18.34,6.83,3.04,1.92,4.32,10.43,8.78,,,,76.0,76.0,38.0,38.0,7.8,7.81,3094.0,15908.0,3012.0,15848.0,,,3.1,1.43,3.16,1.51,,,,8240.0,8717.0,16957.0,69.3,69.4,,,,0,0,0,0,1,152.0,16957.0,69.35,11759.6795,0.194493,0.190056,13.3456,52.631579,1.6682,1270.606042,,
2018-10-25,2018,10,3,225.56,130.36,77.98,17.22,7.25,1.24,0.77,4.22,9.83,8.27,,,,74.0,74.0,38.1,38.0,7.85,7.85,3012.0,15908.0,3033.0,15958.0,,,3.16,1.71,3.02,1.45,,,,8218.0,8653.0,16871.0,67.0,67.8,,,,0,0,0,0,1,148.0,16871.0,67.4,11371.054,0.189339,0.190061,12.2396,54.054054,1.52995,1378.394719,,
2018-10-26,2018,10,4,237.82,182.72,40.63,14.47,6.85,3.96,2.55,4.16,10.02,8.3,,,,59.0,59.0,38.0,38.0,7.87,7.85,,,,,,,3.36,1.54,3.33,1.51,,,,6684.0,6989.0,13673.0,67.3,67.8,,,,0,0,0,0,1,118.0,13673.0,67.55,9236.1115,,,9.794,67.79661,1.22425,1396.058812,,
2018-10-27,2018,10,5,148.83,131.49,0.0,17.34,,,,,,,,,,96.0,96.0,,,,,,,,,,,,,,,,,,8876.0,9673.0,18549.0,,,,,,0,0,0,0,1,192.0,18549.0,,,,,,41.666667,,,,
2018-10-28,2018,10,6,47.53,0.0,47.53,0.0,,,,,,,,,,96.0,96.0,,,,,,,,,,,,,,,,,,9452.0,10216.0,19668.0,,,,,,0,0,0,0,1,192.0,19668.0,,,,,,41.666667,,,,
2018-10-29,2018,10,0,225.29,103.07,110.12,12.1,6.7,2.9,1.95,4.02,10.11,8.74,179077.0,,,104.0,103.0,38.0,38.0,7.84,7.8,3074.0,15778.0,2952.0,15848.0,3680.0,4314.0,3.23,1.59,3.1,1.62,24705.0,28049.0,4922.0,9461.0,10242.0,19703.0,67.3,67.2,,,,0,0,0,0,1,207.0,19703.0,67.25,13250.2675,0.194828,0.18627,18.0918,38.647343,2.261475,1089.056921,318.230487,342.839817
2018-10-30,2018,10,1,270.23,157.46,95.46,17.31,7.05,1.8,1.24,4.17,9.12,7.75,,,,108.0,108.0,38.0,38.0,7.81,7.82,3074.0,15248.0,3013.0,15378.0,,,3.17,1.51,3.11,1.72,,,,8991.0,9677.0,18668.0,67.4,67.3,,,,0,0,0,0,1,216.0,18668.0,67.35,12572.898,0.2016,0.195929,16.74,37.037037,2.0925,1115.173238,,
2018-10-31,2018,10,2,267.99,155.68,99.15,13.16,,,,,,,,,,108.0,108.0,,,,,,,,,,,,,,,,,,7892.0,8523.0,16415.0,,,,,,0,0,0,0,1,216.0,16415.0,,,,,,37.037037,,,,
2018-11-01,2018,11,3,279.33,156.36,108.81,14.16,6.87,2.51,1.69,4.21,7.88,6.52,,,,108.0,108.0,38.0,38.1,7.79,7.77,3114.0,16508.0,3073.0,15888.0,,,2.9,1.28,2.97,1.41,,,,7485.0,8010.0,15495.0,66.7,66.5,,,,0,0,0,0,1,216.0,15495.0,66.6,10319.67,0.188636,0.193416,14.0832,37.037037,1.7604,1100.247103,,
2018-11-02,2018,11,4,236.23,182.75,42.42,11.06,,,,,,,,,,77.0,78.0,,,,,,,,,,,,,,,,,,6202.0,6598.0,12800.0,,,,,,0,0,0,0,1,155.0,12800.0,,,,,,51.612903,,,,
2018-11-03,2018,11,5,93.54,76.33,0.0,17.21,,,,,,,,,,103.0,102.0,,,,,,,,,,,,,,,,,,6671.0,7299.0,13970.0,,,,,,0,0,0,0,1,205.0,13970.0,,,,,,39.02439,,,,
2018-11-04,2018,11,6,60.81,0.0,60.81,0.0,,,,,,,,,,120.0,120.0,,,,,,,,,,,,,,,,,,8393.0,9214.0,17607.0,,,,,,0,0,0,0,1,240.0,17607.0,,,,,,33.333333,,,,
2018-11-05,2018,11,0,172.05,103.26,55.94,12.85,6.79,3.52,2.47,4.18,8.0,6.59,185151.0,,,113.0,113.0,37.9,37.9,7.86,7.86,3058.0,16050.0,3180.0,15652.0,3851.0,4051.0,3.16,1.5,3.2,1.53,31963.0,41585.0,5327.0,8212.0,8897.0,17109.0,66.3,66.2,,,,0,0,0,0,1,226.0,17109.0,66.25,11334.7125,0.19053,0.203169,14.8934,35.39823,1.861675,1148.763882,345.250325,363.18075
2018-11-06,2018,11,1,289.09,184.05,88.13,16.91,6.8,3.43,2.48,4.3,7.79,6.42,,,,110.0,110.0,38.0,38.0,7.91,7.92,2938.0,16248.0,3010.0,16057.0,,,3.08,1.556,3.0,1.57,,,,7365.0,7958.0,15323.0,66.5,66.3,,,,0,0,0,0,1,220.0,15323.0,66.4,10174.472,0.180822,0.187457,14.124,36.363636,1.7655,1084.890966,,
2018-11-07,2018,11,2,261.52,156.52,86.53,18.47,6.75,3.76,2.48,4.32,7.46,5.84,,,,120.0,120.0,38.0,37.9,7.9,7.89,3152.0,16508.0,3059.0,16237.0,,,3.06,1.6,3.01,1.43,,,,7701.0,8281.0,15982.0,65.8,65.5,,,,0,0,0,0,1,240.0,15982.0,65.65,10492.183,0.190938,0.188397,14.016,33.333333,1.752,1140.268265,,
2018-11-08,2018,11,3,249.25,155.85,80.1,13.3,6.73,3.86,2.61,4.18,7.39,6.11,,,,120.0,120.0,38.0,38.0,7.87,7.87,3210.0,16312.0,3185.0,16190.0,,,3.03,1.44,3.04,1.45,,,,7644.0,8278.0,15922.0,65.9,65.3,,,,0,0,0,0,1,240.0,15922.0,65.6,10444.832,0.196788,0.196726,14.664,33.333333,1.833,1085.788325,,
2018-11-09,2018,11,4,291.36,156.76,120.45,14.15,,,,,,,,,,120.0,120.0,,,,,,,,,,,,,,,,,,7650.0,8310.0,15960.0,,,,,,0,0,0,0,1,240.0,15960.0,,,,,,33.333333,,,,
2018-11-10,2018,11,5,176.91,159.86,0.0,17.05,,,,,,,,,,109.0,109.0,,,,,,,,,,,,,,,,,,7204.0,7815.0,15019.0,,,,,,0,0,0,0,1,218.0,15019.0,,,,,,36.697248,,,,
2018-11-11,2018,11,6,47.35,0.0,47.35,0.0,,,,,,,,,,107.0,107.0,,,,,,,,,,,,,,,,,,7350.0,7959.0,15309.0,,,,,,0,0,0,0,1,214.0,15309.0,,,,,,37.383178,,,,
2018-11-12,2018,11,0,207.5,104.02,89.54,13.94,6.95,2.21,1.45,4.1,7.87,6.73,153398.0,,,89.0,89.0,38.1,38.1,7.8,7.8,3157.0,16850.0,3263.0,16548.0,4896.0,4837.0,3.03,1.39,3.13,1.59,46003.0,46507.0,6678.0,5972.0,6451.0,12423.0,66.3,66.1,,,,0,0,0,0,1,178.0,12423.0,66.2,8224.026,0.187359,0.197184,11.9794,44.94382,1.497425,1037.030235,391.423302,386.706396
2018-11-13,2018,11,1,257.03,158.02,81.2,17.81,6.9,2.11,1.26,4.21,7.78,6.22,,,,108.0,108.0,38.1,38.1,7.89,7.89,3072.0,16525.0,3155.0,16308.0,,,3.09,1.43,3.2,1.48,,,,6925.0,7515.0,14440.0,65.7,65.5,,,,0,0,0,0,1,216.0,14440.0,65.6,9472.64,0.1859,0.193463,13.4352,37.037037,1.6794,1074.788615,,
2018-11-14,2018,11,2,277.96,184.1,79.27,14.59,6.81,2.79,2.04,4.23,7.44,6.13,,,,110.0,110.0,38.1,38.1,7.86,7.86,3105.0,16408.0,3190.0,16527.0,,,2.99,1.42,3.06,1.51,,,,6814.0,7391.0,14205.0,65.7,66.0,,,,0,0,0,0,1,220.0,14205.0,65.85,9353.9925,0.189237,0.193017,13.486,36.363636,1.68575,1053.314548,,
2018-11-15,2018,11,3,260.89,156.5,87.05,17.34,6.82,2.69,1.75,4.38,7.64,6.42,,,,96.0,96.0,38.0,38.0,7.85,7.84,3185.0,16375.0,3328.0,16240.0,,,2.92,1.34,2.99,1.42,,,,6273.0,6752.0,13025.0,66.0,66.4,,,,0,0,0,0,1,192.0,13025.0,66.2,8622.55,0.194504,0.204926,12.3264,41.666667,1.5408,1056.675104,,
2018-11-16,2018,11,4,230.47,128.14,89.45,12.88,,,,,,,,,,94.0,94.0,,,,,,,,,,,,,,,,,,6496.0,6934.0,13430.0,,,,,,0,0,0,0,1,188.0,13430.0,,,,,,42.553191,,,,
2018-11-17,2018,11,5,202.09,183.48,0.0,18.61,,,,,,,,,,96.0,96.0,,,,,,,,,,,,,,,,,,6314.0,6712.0,13026.0,,,,,,0,0,0,0,1,192.0,13026.0,,,,,,41.666667,,,,
2018-11-18,2018,11,6,41.6,0.0,41.6,0.0,,,,,,,,,,118.0,118.0,,,,,,,,,,,,,,,,,,7606.0,8207.0,15813.0,,,,,,0,0,0,0,1,236.0,15813.0,,,,,,33.898305,,,,
2018-11-19,2018,11,0,237.29,103.34,114.24,19.71,6.79,2.62,0.79,4.14,7.77,6.3,180970.0,,,120.0,120.0,38.0,38.0,7.87,7.88,3155.0,16178.0,3259.0,15978.0,3659.0,4714.0,2.88,1.51,2.88,1.41,27771.0,37206.0,5036.0,7479.0,8036.0,15515.0,65.9,65.7,,,,0,0,0,0,1,240.0,15515.0,65.8,10208.87,0.195018,0.203968,15.12,33.333333,1.89,1026.124339,336.960251,443.27705
2018-11-20,2018,11,1,288.54,182.34,88.86,17.34,6.8,2.68,1.25,4.19,7.58,6.09,,,,120.0,120.0,38.0,38.0,7.85,7.86,3208.0,16178.0,3384.0,16027.0,,,2.89,1.49,2.92,1.45,,,,6869.0,7488.0,14357.0,65.7,65.5,,,,0,0,0,0,1,240.0,14357.0,65.6,9418.192,0.198294,0.211144,14.616,33.333333,1.827,982.279693,,
2018-11-21,2018,11,2,262.27,157.28,87.65,17.34,6.91,2.09,1.62,4.26,6.93,5.09,,,,120.0,120.0,38.1,38.1,7.84,7.84,3155.0,16200.0,3268.0,15957.0,,,2.92,1.38,2.89,1.7,,,,6551.0,7160.0,13711.0,65.7,65.7,,,,0,0,0,0,1,240.0,13711.0,65.7,9008.127,0.194753,0.2048,12.216,33.333333,1.527,1122.380485,,
2018-11-22,2018,11,3,247.36,153.76,78.94,14.66,6.82,2.03,1.26,4.25,6.96,5.8,,,,120.0,120.0,38.1,38.1,7.9,7.89,3142.0,16485.0,3220.0,16320.0,,,2.76,1.3,2.79,1.27,,,,6492.0,7035.0,13527.0,65.7,65.6,,,,0,0,0,0,1,240.0,13527.0,65.65,8880.4755,0.190598,0.197304,13.92,33.333333,1.74,971.767241,,
2018-11-23,2018,11,4,266.77,177.75,77.22,11.8,,,,,,,,,,120.0,120.0,,,,,,,,,,,,,,,,,,6291.0,6838.0,13129.0,,,,,,0,0,0,0,1,240.0,13129.0,,,,,,33.333333,,,,
2018-11-24,2018,11,5,152.85,132.11,0.0,20.74,,,,,,,,,,120.0,120.0,,,,,,,,,,,,,,,,,,6220.0,6841.0,13061.0,,,,,,0,0,0,0,1,240.0,13061.0,,,,,,33.333333,,,,
2018-11-25,2018,11,6,90.22,0.0,90.22,0.0,,,,,,,,,,120.0,120.0,,,,,,,,,,,,,,,,,,6229.0,6937.0,13166.0,,,,,,0,0,0,0,1,240.0,13166.0,,,,,,33.333333,,,,
2018-11-26,2018,11,0,214.14,104.16,88.43,21.55,7.05,2.27,1.53,4.23,6.74,5.3,151878.0,,,120.0,120.0,38.1,38.0,7.85,7.86,3355.0,16745.0,3278.0,16542.0,3647.8,4174.0,2.76,1.4,2.66,1.35,33549.0,27945.0,4485.0,5886.0,6477.0,12363.0,65.1,65.2,,,,0,0,0,0,1,240.0,12363.0,65.15,8054.4945,0.200358,0.198162,12.72,33.333333,1.59,971.933962,324.056129,376.426379
2018-11-27,2018,11,1,260.19,156.45,80.75,22.99,6.97,2.73,1.67,3.98,6.55,5.35,,,,120.0,120.0,38.0,38.0,7.91,7.92,3175.0,16848.0,3220.0,16690.0,3647.8,4174.0,2.72,1.38,2.68,1.17,,,,5553.0,6105.0,11658.0,65.2,65.4,,,,0,0,0,0,1,240.0,11658.0,65.3,7612.674,0.18845,0.19293,12.84,33.333333,1.605,907.943925,365.094864,426.496874
2018-11-28,2018,11,2,250.7,157.27,73.78,19.65,6.82,2.83,1.87,4.2,6.43,5.17,,,,120.0,120.0,38.0,38.0,7.83,7.82,3251.0,16750.0,3284.0,16380.0,,,2.77,1.26,2.85,1.35,,,,5332.0,5918.0,11250.0,65.3,65.4,,,,0,0,0,0,1,240.0,11250.0,65.35,7351.875,0.19409,0.200488,12.408,33.333333,1.551,906.673114,,
2018-11-29,2018,11,3,266.16,156.92,89.19,20.05,7.39,3.07,1.66,4.16,6.45,5.37,,,,120.0,120.0,38.0,38.0,7.77,7.76,3560.0,16938.0,3450.0,15888.0,,,2.67,1.31,2.64,1.15,,,,5429.0,6009.0,11438.0,65.3,65.1,,,,0,0,0,0,1,240.0,11438.0,65.2,7457.576,0.210178,0.217145,12.888,33.333333,1.611,887.492241,,
2018-11-30,2018,11,4,272.23,126.98,122.67,22.58,,,,,,,,,,120.0,120.0,,,,,,,,,,,,,,,,,,5614.0,6275.0,11889.0,,,,,,0,0,0,0,1,240.0,11889.0,,,,,,33.333333,,,,
2018-12-01,2018,12,5,235.0,212.67,0.0,22.33,,,,,,,,,,120.0,120.0,,,,,,,,,,,,,,,,,,5723.0,6369.0,12092.0,,,,,,0,0,0,0,1,240.0,12092.0,,,,,,33.333333,,,,
2018-12-02,2018,12,6,80.65,0.0,80.65,0.0,,,,,,,,,,120.0,120.0,,,,,,,,,,,,,,,,,,6356.0,7086.0,13442.0,,,,,,0,0,0,0,1,240.0,13442.0,,,,,,33.333333,,,,
2018-12-03,2018,12,0,189.78,126.53,40.16,23.09,6.68,4.51,2.99,4.0,7.05,5.52,142894.0,,,120.0,120.0,38.3,38.0,7.89,7.85,3562.0,16778.0,3643.0,16158.0,3545.7,4121.8,2.67,1.1,2.85,1.16,25020.0,29369.0,4914.0,5809.0,6426.0,12235.0,64.3,64.7,,,,0,0,0,0,1,240.0,12235.0,64.5,7891.575,0.212302,0.225461,13.248,33.333333,1.656,923.535628,346.473435,364.004682
2018-12-04,2018,12,1,299.17,181.78,88.29,29.1,6.72,2.31,1.65,3.99,7.14,5.72,,,,120.0,120.0,37.9,38.3,7.78,7.78,3420.0,16678.0,3562.0,16348.0,,,2.65,1.2,2.82,1.34,,,,5958.0,6656.0,12614.0,65.0,64.6,,,,0,0,0,0,1,240.0,12614.0,64.8,8173.872,0.205061,0.217886,13.728,33.333333,1.716,918.851981,,
2018-12-05,2018,12,2,289.54,182.52,90.07,16.95,7.09,2.14,1.47,4.02,7.05,5.52,,,,120.0,120.0,38.0,37.9,7.8,7.79,3622.0,16478.0,3485.0,16308.0,,,2.7,1.22,2.68,1.17,,,,5879.0,6462.0,12341.0,65.2,65.4,,,,0,0,0,0,1,240.0,12341.0,65.3,8058.673,0.219808,0.213699,13.248,33.333333,1.656,931.536836,,
2018-12-06,2018,12,3,296.71,157.17,121.22,18.32,7.0,2.44,1.57,4.01,7.05,5.52,,,,120.0,120.0,37.9,37.9,7.77,7.76,3790.0,16370.0,3721.0,16285.0,,,2.77,1.3,3.05,1.36,,,,5975.0,6501.0,12476.0,65.2,65.0,,,,0,0,0,0,1,240.0,12476.0,65.1,8121.876,0.231521,0.228492,13.248,33.333333,1.656,941.727053,,
2018-12-07,2018,12,4,215.06,155.76,37.09,22.21,7.05,4.8,3.35,4.05,7.1,5.49,,,,120.0,120.0,37.8,37.8,7.77,7.78,3905.0,16425.0,3802.0,16388.0,,,2.67,1.07,2.46,1.05,,,,6090.0,6530.0,12620.0,65.4,65.4,,,,0,0,0,0,1,240.0,12620.0,65.4,8253.48,0.237747,0.231999,13.176,33.333333,1.647,957.802064,,
2018-12-08,2018,12,5,235.29,129.36,89.3,16.63,,,,,,,,,,120.0,120.0,,,,,,,,,,,,,,,,,,6218.0,6750.0,12968.0,,,,,,0,0,0,0,1,240.0,12968.0,,,,,,33.333333,,,,
2018-12-09,2018,12,6,0.0,0.0,0.0,0.0,,,,,,,,,,120.0,120.0,,,,,,,,,,,,,,,,,,6401.0,6914.0,13315.0,,,,,,0,0,0,0,1,240.0,13315.0,,,,,,33.333333,,,,
2018-12-10,2018,12,0,268.0,157.09,88.79,22.12,7.12,1.85,1.08,3.98,7.09,5.63,179013.0,,,120.0,120.0,38.1,38.1,7.8,7.81,3257.0,15398.0,3380.0,15068.0,4501.0,4482.0,2.72,1.29,2.71,1.19,36844.0,31054.0,6598.0,6066.0,6480.0,12546.0,65.0,65.2,,,,0,0,0,0,1,240.0,12546.0,65.1,8167.446,0.211521,0.224316,13.512,33.333333,1.689,928.507993,359.844012,365.989917
2018-12-11,2018,12,1,228.68,129.2,79.67,19.81,7.3,2.12,1.45,4.08,6.33,4.96,,,,120.0,120.0,38.1,37.9,7.78,7.79,3325.0,15288.0,3360.0,15124.0,,,2.69,1.11,2.74,1.06,,,,5734.0,6115.0,11849.0,65.0,65.1,,,,0,0,0,0,1,240.0,11849.0,65.05,7707.7745,0.217491,0.222163,11.904,33.333333,1.488,995.379704,,
2018-12-12,2018,12,2,300.89,206.37,77.75,16.77,6.8,2.12,1.26,3.97,7.29,5.79,,,,120.0,120.0,37.9,37.9,7.78,7.77,3240.0,15298.0,3452.0,15220.0,,,2.46,1.0,2.73,1.24,,,,5961.0,6372.0,12333.0,65.3,65.2,,,,0,0,0,0,1,240.0,12333.0,65.25,8047.2825,0.211792,0.226807,13.896,33.333333,1.737,887.521589,,
2018-12-13,2018,12,3,257.36,152.84,87.53,16.99,7.05,2.3,1.64,3.96,7.5,6.18,,,,120.0,120.0,38.0,38.0,7.85,7.79,3205.0,15527.0,3348.0,15438.0,,,2.67,1.3,2.55,1.25,,,,6297.0,6693.0,12990.0,65.2,64.8,,,,0,0,0,0,1,240.0,12990.0,65.0,8443.5,0.206415,0.216867,14.832,33.333333,1.854,875.809061,,
2018-12-14,2018,12,4,290.13,181.48,89.03,19.62,7.25,1.95,1.08,3.92,6.96,5.59,,,,120.0,120.0,38.0,38.3,7.79,7.76,3082.0,15690.0,3245.0,15625.0,,,2.88,1.31,2.75,1.15,,,,6153.0,6571.0,12724.0,65.0,65.0,,,,0,0,0,0,1,240.0,12724.0,65.0,8270.6,0.196431,0.20768,13.416,33.333333,1.677,948.419797,,
2018-12-15,2018,12,5,175.64,79.76,80.2,15.68,,,,,,,,,,120.0,120.0,,,,,,,,,,,,,,,,,,6248.0,6625.0,12873.0,,,,,,0,0,0,0,1,240.0,12873.0,,,,,,33.333333,,,,
2018-12-16,2018,12,6,0.0,0.0,0.0,0.0,,,,,,,,,,120.0,120.0,,,,,,,,,,,,,,,,,,6348.0,6800.0,13148.0,,,,,,0,0,0,0,1,240.0,13148.0,,,,,,33.333333,,,,
2018-12-17,2018,12,0,287.14,185.09,77.82,24.23,6.53,2.15,1.58,3.95,6.8,5.53,176997.0,,,120.0,120.0,38.0,38.0,7.79,7.82,3095.0,15893.0,3137.0,15723.0,,,2.68,1.41,2.5,1.26,25189.0,24279.0,5167.0,6175.0,6586.0,12761.0,65.2,65.1,,,,0,0,0,0,1,240.0,12761.0,65.15,8313.7915,0.19474,0.199517,13.272,33.333333,1.659,961.49789,,
2018-12-18,2018,12,1,253.24,147.69,89.72,15.83,,,,,,,,,,120.0,120.0,,,,,,,,,,,,,,,,,,6149.0,6548.0,12697.0,,,,,,0,0,0,0,1,240.0,12697.0,,,,,,33.333333,,,,
2018-12-19,2018,12,2,259.86,156.19,87.8,15.87,7.13,2.15,1.48,3.97,6.9,5.65,,,,120.0,120.0,38.3,37.9,7.81,7.79,3158.0,16052.0,3050.0,15985.0,,,2.75,1.3,2.84,1.34,,,,5891.0,6317.0,12208.0,64.4,65.0,,,,0,0,0,0,1,240.0,12208.0,64.7,7898.576,0.196736,0.190804,13.56,33.333333,1.695,900.294985,,
2018-12-20,2018,12,3,253.94,157.29,78.97,17.68,6.98,2.24,1.66,3.95,6.79,5.52,,,,120.0,120.0,37.9,37.9,7.77,7.76,3094.0,15930.0,3120.0,16050.0,,,2.64,1.29,2.64,1.15,,,,5681.0,6037.0,11718.0,64.7,64.9,,,,0,0,0,0,1,240.0,11718.0,64.8,7593.264,0.194225,0.194393,13.248,33.333333,1.656,884.51087,,
2018-12-21,2018,12,4,193.85,102.61,72.82,18.42,7.02,2.24,1.57,3.96,6.65,5.48,,,,120.0,120.0,38.0,38.0,7.78,7.78,3154.0,15925.0,3195.0,15880.0,,,2.72,1.13,2.68,1.17,,,,5705.0,5999.0,11704.0,64.6,64.8,,,,0,0,0,0,1,240.0,11704.0,64.7,7572.488,0.198053,0.201196,13.152,33.333333,1.644,889.902676,,
2018-12-22,2018,12,5,212.02,107.44,88.0,16.58,,,,,,,,,,120.0,120.0,,,,,,,,,,,,,,,,,,5985.0,6378.0,12363.0,,,,,,0,0,0,0,1,240.0,12363.0,,,,,,33.333333,,,,
2018-12-23,2018,12,6,0.0,0.0,0.0,0.0,,,,,,,,,,120.0,120.0,,,,,,,,,,,,,,,,,,6121.0,6479.0,12600.0,,,,,,0,0,0,0,1,240.0,12600.0,,,,,,33.333333,,,,
2018-12-24,2018,12,0,265.97,154.68,89.69,21.6,7.31,1.95,1.37,3.97,6.58,5.41,176752.0,,,103.0,103.0,38.0,38.0,7.79,7.78,3085.0,15843.0,3128.0,15950.0,4357.0,4885.0,2.6,1.12,2.48,1.25,33002.0,36973.0,6303.0,5146.0,5423.0,10569.0,64.9,64.4,,,,0,0,0,0,1,206.0,10569.0,64.65,6832.8585,0.194723,0.196113,11.1446,38.834951,1.393075,948.351668,338.988542,372.076167
2018-12-25,2018,12,1,224.27,129.24,78.57,16.46,,,,,,,,,,108.0,108.0,,,,,,,,,,,,,,,,,,5113.0,5356.0,10469.0,,,,,,0,0,0,0,1,216.0,10469.0,,,,,,37.037037,,,,
2018-12-26,2018,12,2,198.17,103.67,78.91,15.59,7.29,2.54,1.87,3.99,6.53,5.29,,,,105.0,104.0,37.9,38.0,7.85,7.83,3105.0,15975.0,3062.0,16100.0,,,2.63,1.48,2.66,1.54,,,,4932.0,5207.0,10139.0,64.7,64.7,,,,0,0,0,0,1,209.0,10139.0,64.7,6559.933,0.194366,0.190186,11.0561,38.277512,1.382012,917.050316,,
2018-12-27,2018,12,3,259.97,180.22,62.61,17.14,7.08,2.16,1.19,4.01,6.34,5.36,,,,100.0,100.0,37.9,37.9,7.79,7.79,3120.0,15753.0,3265.0,15930.0,,,2.57,1.2,2.67,1.35,,,,4651.0,4866.0,9517.0,65.2,65.1,,,,0,0,0,0,1,200.0,9517.0,65.15,6200.3255,0.198058,0.204959,10.72,40.0,1.34,887.779851,,
2018-12-28,2018,12,4,160.32,72.62,71.45,16.25,7.11,1.75,0.98,3.99,6.34,5.18,,,,101.0,101.0,37.9,37.9,7.8,7.79,3086.0,15872.0,3120.0,16005.0,,,2.37,1.0,2.46,1.05,,,,4595.0,4919.0,9514.0,65.3,65.2,,,,0,0,0,0,1,202.0,9514.0,65.25,6207.885,0.19443,0.194939,10.4636,39.60396,1.30795,909.247295,,
2018-12-29,2018,12,5,125.76,108.45,0.0,17.31,,,,,,,,,,101.0,101.0,,,,,,,,,,,,,,,,,,4604.0,4830.0,9434.0,,,,,,0,0,0,0,1,202.0,9434.0,,,,,,39.60396,,,,
2018-12-30,2018,12,6,21.06,0.0,21.06,0.0,,,,,,,,,,106.0,105.0,,,,,,,,,,,,,,,,,,4900.0,5122.0,10022.0,,,,,,0,0,0,0,1,211.0,10022.0,,,,,,37.914692,,,,
2018-12-31,2018,12,0,184.97,108.18,57.11,19.68,7.23,2.22,1.36,3.99,6.03,4.86,175598.0,,,93.0,94.0,38.0,38.0,7.77,7.78,3055.0,15652.0,3098.0,15843.0,3704.0,3850.0,2.58,1.21,2.4,0.96,36462.0,39602.0,5151.0,4143.0,4410.0,8553.0,65.2,65.3,,,,0,0,0,0,1,187.0,8553.0,65.25,5580.8325,0.195183,0.195544,9.0882,42.780749,1.136025,941.110451,276.179783,293.243243
2019-01-01,2019,1,1,179.7,77.88,88.65,13.17,7.21,1.97,1.38,3.98,5.84,4.84,178540.0,,,96.0,96.0,38.0,38.1,7.78,7.77,3120.0,15825.0,3085.0,15695.0,,,2.48,1.11,2.6,1.08,,,,4276.0,4107.0,8383.0,65.0,64.6,,,387.0,0,0,0,0,0,192.0,8383.0,64.8,5432.184,0.197156,0.196559,9.2928,41.666667,1.1616,902.096247,,
2019-01-02,2019,1,2,261.16,155.7,90.04,15.42,7.18,2.05,1.38,3.91,5.85,4.68,,,,98.0,98.0,38.0,38.0,7.77,7.76,3206.0,15670.0,3184.0,15555.0,,,2.62,1.18,2.57,1.06,,,,4242.0,4075.0,8317.0,65.1,64.9,,,377.0,0,0,0,0,0,196.0,8317.0,65.0,5406.05,0.204595,0.204693,9.1728,40.816327,1.1466,906.702425,,
2019-01-03,2019,1,3,233.4,103.03,114.13,16.24,7.1,2.75,2.36,4.1,5.73,4.57,,,,100.0,100.0,38.1,38.0,7.82,7.81,3124.0,15880.0,3200.0,15645.0,,,2.47,1.1,2.45,0.96,,,,4222.0,4013.0,8235.0,65.1,65.2,,,379.0,0,0,0,0,0,200.0,8235.0,65.15,5365.1025,0.196725,0.204538,9.14,40.0,1.1425,900.984683,,
2019-01-04,2019,1,4,205.22,147.3,40.93,16.99,,,,,,,,,,102.0,102.0,,,,,,,,,,,,,,,,,,4399.0,4197.0,8596.0,,,,,348.0,0,0,0,0,0,204.0,8596.0,,,,,,39.215686,,,,
2019-01-05,2019,1,5,251.27,142.76,89.09,19.42,,,,,,,,,,104.0,104.0,,,,,,,,,,,,,,,,,,4795.0,4596.0,9391.0,,,,,331.0,0,0,0,0,0,208.0,9391.0,,,,,,38.461538,,,,
2019-01-06,2019,1,6,26.4,26.4,,,,,,,,,,,,104.0,104.0,,,,,,,,,,,,,,,,,,5071.0,4849.0,9920.0,,,,,334.0,0,0,0,0,0,208.0,9920.0,,,,,,38.461538,,,,
2019-01-07,2019,1,0,230.18,75.95,133.38,20.85,7.02,2.25,1.38,3.96,6.36,5.1,154860.0,,,108.0,108.0,38.0,37.9,7.8,7.79,3305.0,15540.0,3180.0,15270.0,2914.4,3110.8,2.47,1.1,2.55,1.15,25623.0,26389.0,3392.0,5156.0,4835.0,9991.0,66.0,65.6,,,297.0,0,0,0,0,0,216.0,9991.0,65.8,6574.078,0.212677,0.208251,11.016,37.037037,1.377,906.953522,231.611581,240.584528
2019-01-08,2019,1,1,221.04,106.22,99.21,15.61,7.3,2.17,1.39,4.07,6.0,4.82,,,,108.0,108.0,38.0,38.0,7.78,7.81,3215.0,15680.0,3140.0,15420.0,,,2.52,1.12,2.59,1.07,,,,5003.0,4633.0,9636.0,65.7,65.7,,,332.0,0,0,0,0,0,216.0,9636.0,65.7,6330.852,0.205038,0.203632,10.4112,37.037037,1.3014,925.541724,,
2019-01-09,2019,1,2,210.37,98.8,95.89,15.68,7.14,3.49,2.64,4.04,5.91,5.26,,,,108.0,108.0,38.0,38.0,7.8,7.81,3184.0,15842.0,3125.0,15600.0,,,2.48,1.6,2.39,1.45,,,,4910.0,4526.0,9436.0,65.6,65.4,,,364.0,0,0,0,0,0,216.0,9436.0,65.5,6180.58,0.200985,0.200321,11.3616,37.037037,1.4202,830.516829,,
2019-01-10,2019,1,3,207.37,100.33,89.77,17.27,7.27,2.91,1.76,4.08,6.11,4.93,,,,108.0,108.0,38.0,38.0,7.77,7.76,3205.0,15684.0,3177.0,15555.0,,,2.39,1.1,2.37,0.94,,,,5014.0,4633.0,9647.0,65.5,65.4,,,361.0,0,0,0,0,0,216.0,9647.0,65.45,6313.9615,0.204348,0.204243,10.6488,37.037037,1.3311,905.923672,,
2019-01-11,2019,1,4,205.42,99.75,88.33,17.34,,,,,,,,,,108.0,108.0,,,,,,,,,,,,,,,,,,5161.0,4772.0,9933.0,,,,,360.0,0,0,0,0,0,216.0,9933.0,,,,,,37.037037,,,,
2019-01-12,2019,1,5,185.59,128.08,41.59,15.92,,,,,,,,,,108.0,108.0,,,,,,,,,,,,,,,,,,5432.0,5024.0,10456.0,,,,,327.0,0,0,0,0,0,216.0,10456.0,,,,,,37.037037,,,,
2019-01-13,2019,1,6,42.45,,42.45,,,,,,,,,,,113.0,112.0,,,,,,,,,,,,,,,,,,5787.0,5340.0,11127.0,,,,,319.0,0,0,0,0,0,225.0,11127.0,,,,,,35.555556,,,,
2019-01-14,2019,1,0,134.56,75.69,37.3,21.57,7.12,2.73,1.87,4.23,6.35,5.18,119773.0,,,103.0,104.0,38.0,38.0,7.8,7.77,3198.0,15820.0,3147.0,15643.0,3142.8,3338.2,2.29,1.01,2.37,1.15,24481.0,22194.0,4004.0,5175.0,4788.0,9963.0,65.4,65.3,,,334.0,0,0,0,0,0,207.0,9963.0,65.35,6510.8205,0.202149,0.201176,10.7226,38.647343,1.340325,929.158973,249.762859,248.904793
2019-01-15,2019,1,1,206.06,78.05,112.88,15.13,7.16,2.7,1.82,4.19,6.28,5.06,,,,108.0,108.0,38.0,38.0,7.79,7.77,3085.0,15750.0,3128.0,15885.0,,,2.28,1.01,2.36,1.15,,,,5236.0,4822.0,10058.0,65.5,65.2,,,283.0,0,0,0,0,0,216.0,10058.0,65.35,6572.903,0.195873,0.196915,10.9296,37.037037,1.3662,920.253257,,
2019-01-16,2019,1,2,227.5,104.05,108.65,14.8,7.28,2.16,1.49,4.23,5.99,4.98,,,,108.0,108.0,38.0,38.0,7.81,7.8,3032.0,15923.0,3068.0,15939.0,,,2.31,1.05,2.29,0.97,,,,4937.0,4556.0,9493.0,65.7,65.2,,,321.0,0,0,0,0,0,216.0,9493.0,65.45,6213.1685,0.190416,0.192484,10.7568,37.037037,1.3446,882.511528,,
2019-01-17,2019,1,3,235.23,79.6,139.07,16.56,8.21,1.17,0.81,4.21,5.94,4.94,,,,108.0,108.0,38.0,38.0,7.78,7.77,3102.0,15840.0,3072.0,15905.0,,,2.46,1.1,2.34,1.04,,,,4859.0,4471.0,9330.0,65.4,65.3,,,253.0,0,0,0,0,0,216.0,9330.0,65.35,6097.155,0.195833,0.193147,10.6704,37.037037,1.3338,874.381466,,
2019-01-18,2019,1,4,154.13,100.01,36.27,17.85,8.19,2.8,1.82,4.18,6.03,4.9,,,,108.0,108.0,38.0,38.0,7.79,7.78,3092.0,15785.0,3090.0,15890.0,,,2.18,1.0,2.4,1.07,,,,4823.0,4441.0,9264.0,65.1,65.0,,,258.0,0,0,0,0,0,216.0,9264.0,65.05,6026.232,0.195882,0.194462,10.584,37.037037,1.323,875.283447,,
2019-01-19,2019,1,5,233.29,128.69,89.88,14.72,,,,,,,,,,108.0,108.0,,,,,,,,,,,,,,,,,,5132.0,4726.0,9858.0,,,,,362.0,0,0,0,0,0,216.0,9858.0,,,,,,37.037037,,,,
2019-01-20,2019,1,6,46.61,,46.61,,,,,,,,,,,108.0,108.0,,,,,,,,,,,,,,,,,,5339.0,4925.0,10264.0,,,,,333.0,0,0,0,0,0,216.0,10264.0,,,,,,37.037037,,,,
2019-01-21,2019,1,0,136.21,72.71,41.64,21.86,4.0,2.16,1.58,7.1,6.21,5.12,106476.0,,,108.0,108.0,37.8,37.9,7.83,7.85,3054.0,16058.0,2988.0,16103.0,3170.0,3088.0,2.26,1.0,2.48,1.16,22441.0,18966.0,4384.0,5016.0,4604.0,9620.0,65.5,35.2,,,314.0,0,0,0,0,0,216.0,9620.0,50.35,4843.67,0.190186,0.185555,11.0592,37.037037,1.3824,869.864005,265.241098,271.097213
2019-01-22,2019,1,1,170.39,78.49,77.69,14.21,7.12,2.71,1.86,4.05,6.17,5.02,,,,108.0,109.0,38.0,38.0,7.82,7.84,2931.0,16105.0,2954.0,16008.0,3169.5,3088.4,2.4,1.11,2.47,1.06,,,,4860.0,4518.0,9378.0,65.4,35.2,,,306.0,0,0,0,0,0,217.0,9378.0,50.3,4717.134,0.181993,0.184533,10.8934,36.866359,1.361675,860.888244,262.771532,267.071477
2019-01-23,2019,1,2,165.09,78.1,75.64,11.35,7.01,3.05,2.18,4.02,6.29,4.84,106476.0,,,108.0,108.0,38.0,38.0,7.8,7.79,3021.0,16061.0,3089.0,15984.0,,,2.37,1.05,2.19,0.96,22441.0,18966.0,,4932.0,4559.0,9491.0,65.3,65.5,,,310.0,0,0,0,0,0,216.0,9491.0,65.4,6207.114,0.188095,0.193256,10.4544,37.037037,1.3068,907.847414,,
2019-01-24,2019,1,3,259.81,103.23,135.75,20.83,6.65,3.94,2.86,4.27,6.23,5.23,113551.0,,,108.0,108.0,38.1,38.1,7.69,7.68,2994.0,15890.0,2943.0,15753.0,,,2.3,1.07,2.24,1.08,22691.0,20399.0,,4985.0,4646.0,9631.0,64.7,64.6,,,274.0,0,0,0,0,0,216.0,9631.0,64.65,6226.4415,0.18842,0.186822,11.2968,37.037037,1.4121,852.542313,,
2019-01-25,2019,1,4,230.36,110.42,102.71,17.23,,,,,,,,,,105.0,105.0,,,,,,,,,,,,,,,,,,4694.0,4388.0,9082.0,,,,,354.0,0,0,0,0,0,210.0,9082.0,,,,,,38.095238,,,,
2019-01-26,2019,1,5,186.22,130.16,40.81,15.25,,,,,,,,,,106.0,106.0,,,,,,,,,,,,,,,,,,4805.0,4599.0,9404.0,,,,,322.0,0,0,0,0,0,212.0,9404.0,,,,,,37.735849,,,,
2019-01-27,2019,1,6,64.68,23.38,41.3,,,,,,,,,,,106.0,106.0,,,,,,,,,,,,,,,,,,5458.0,4998.0,10456.0,,,,,339.0,0,0,0,0,0,212.0,10456.0,,,,,,37.735849,,,,
2019-01-28,2019,1,0,135.59,76.93,36.75,21.91,6.7,3.46,2.4,4.19,7.07,5.6,118913.0,,,108.0,108.0,38.1,38.1,7.67,7.65,2785.0,15452.0,2801.0,15380.0,2969.9,3118.3,2.34,1.13,2.29,0.97,25393.0,22750.0,4152.0,5489.0,5083.0,10572.0,63.9,63.8,,,93.0,0,0,0,0,0,216.0,10572.0,63.85,6750.222,0.180236,0.18212,12.096,37.037037,1.512,874.007937,179.731081,180.710661
2019-01-29,2019,1,1,126.46,23.16,88.2,15.1,7.28,2.36,1.49,4.29,6.88,5.61,124386.0,,,103.0,103.0,38.1,38.1,7.78,7.75,2754.0,15602.0,2781.0,15543.0,,,2.29,1.01,2.35,0.99,20760.0,23261.0,,4936.0,4597.0,9533.0,63.7,63.9,,,305.0,0,0,0,0,0,206.0,9533.0,63.8,6082.054,0.176516,0.178923,11.5566,38.834951,1.444575,824.896596,,
2019-01-30,2019,1,2,265.95,104.43,150.64,10.88,7.72,2.35,1.67,4.46,5.64,4.64,90245.0,,,96.0,96.0,38.0,38.0,7.69,7.7,2876.0,15423.0,2805.0,14398.0,,,2.58,1.21,2.52,1.18,24529.0,18857.0,,4166.0,3876.0,8042.0,63.6,63.8,,,249.0,0,0,0,0,0,192.0,8042.0,63.7,5122.754,0.186475,0.194819,8.9088,41.666667,1.1136,902.702945,,
2019-01-31,2019,1,3,132.15,76.04,36.18,19.93,7.22,2.81,1.47,4.39,5.98,4.9,124642.0,,,96.0,96.0,38.1,38.0,7.67,7.68,2735.0,15351.0,2788.0,15154.0,,,2.32,1.14,2.41,1.08,17851.0,24276.0,,4402.0,4083.0,8485.0,63.7,63.7,,,375.0,0,0,0,0,0,192.0,8485.0,63.7,5404.945,0.178164,0.183978,9.408,41.666667,1.176,901.892007,,
2019-02-01,2019,2,4,180.96,126.52,35.77,18.67,,2.75,1.88,6.56,6.56,5.28,106910.0,,,96.0,96.0,37.9,38.0,7.71,7.72,2750.0,15568.0,2769.0,15422.0,,,2.35,0.99,2.52,1.18,23046.0,20465.0,,4237.0,3913.0,8150.0,63.4,63.6,,,230.0,0,0,0,0,0,192.0,8150.0,63.5,5175.25,0.176644,0.179549,10.1376,41.666667,1.2672,803.937816,,
2019-02-02,2019,2,5,174.0,155.8,,18.2,,,,,,,,,,96.0,96.0,,,,,,,,,,,,,,,,,,4545.0,4232.0,8777.0,,,,,358.0,0,0,0,0,0,192.0,8777.0,,,,,,41.666667,,,,
2019-02-03,2019,2,6,152.26,23.6,128.66,,,,,,,,,,,96.0,96.0,,,,,,,,,,,,,,,,,,4953.0,4600.0,9553.0,,,,,302.0,0,0,0,0,0,192.0,9553.0,,,,,,41.666667,,,,
2019-02-04,2019,2,0,198.65,101.6,48.41,48.64,,,,,,,,,,96.0,96.0,,,,,,,,,,,,,,,,,,4894.0,4534.0,9428.0,,,,,280.0,0,0,0,0,0,192.0,9428.0,,,,,,41.666667,,,,
2019-02-05,2019,2,1,118.98,,118.98,,,,,,,,,,,75.0,75.0,,,,,,,,,,,,,,,,,,3629.0,3353.0,6982.0,,,,,138.0,0,0,0,0,0,150.0,6982.0,,,,,,53.333333,,,,
2019-02-06,2019,2,2,98.76,98.76,,,,,,,,,,,,80.0,80.0,,,,,,,,,,,,,,,,,,3386.0,3162.0,6548.0,,,,,198.0,0,0,0,0,0,160.0,6548.0,,,,,,50.0,,,,
2019-02-07,2019,2,3,188.18,128.04,41.34,18.8,6.62,3.17,2.26,4.49,6.48,5.15,122772.0,,,84.0,84.0,38.1,38.0,7.78,7.78,2648.0,15842.0,2710.0,15640.0,2847.9,3072.2,2.09,0.71,2.18,0.77,25459.0,23601.0,4054.0,3987.0,3796.0,7783.0,64.8,64.9,,,233.0,0,0,0,0,0,168.0,7783.0,64.85,5047.2755,0.167151,0.173274,8.652,47.619048,1.0815,899.560795,218.220484,234.000491
2019-02-08,2019,2,4,274.24,124.54,130.41,19.29,6.95,3.54,2.48,4.35,7.1,5.49,122332.0,,,84.0,84.0,38.0,38.0,7.7,7.7,2728.0,15645.0,2754.0,15552.0,,,2.37,1.0,2.29,1.06,25929.0,21571.0,,4148.0,3865.0,8013.0,64.7,64.7,,,325.0,0,0,0,0,0,168.0,8013.0,64.7,5184.411,0.174369,0.177083,9.2232,47.619048,1.1529,868.787406,,
2019-02-09,2019,2,5,200.19,178.36,,21.83,,,,,,,,,,84.0,84.0,,,,,,,,,,,,,,,,,,4388.0,3989.0,8377.0,,,,,171.0,0,0,0,0,0,168.0,8377.0,,,,,,47.619048,,,,
2019-02-10,2019,2,6,26.25,26.25,,,,,,,,,,,,84.0,84.0,,,,,,,,,,,,,,,,,,4828.0,4310.0,9138.0,,,,,339.0,0,0,0,0,0,168.0,9138.0,,,,,,47.619048,,,,
2019-02-11,2019,2,0,179.46,78.76,78.2,22.5,6.76,3.39,2.46,4.1,6.88,5.34,178264.0,,,84.0,84.0,38.0,38.0,7.71,7.74,2775.0,15458.0,2890.0,15660.0,3205.0,3274.9,2.23,0.98,2.49,1.16,35463.0,30248.0,4439.0,4436.0,3941.0,8377.0,64.6,64.8,,,145.0,0,0,0,0,0,168.0,8377.0,64.7,5419.919,0.179519,0.184547,8.9712,47.619048,1.1214,933.765828,210.158831,229.026488
2019-02-12,2019,2,1,232.11,129.35,87.86,14.9,6.98,2.17,1.49,4.21,6.31,5.26,121739.0,,,84.0,84.0,38.0,38.1,7.7,7.69,2879.0,15365.0,2845.0,15288.0,,,2.35,0.95,2.39,1.06,26021.0,29802.0,,4010.0,3577.0,7587.0,64.3,64.5,,,259.0,0,0,0,0,0,168.0,7587.0,64.4,4886.028,0.187374,0.186094,8.8368,47.619048,1.1046,858.568713,,
2019-02-13,2019,2,2,227.49,126.35,89.06,12.08,7.5,2.54,1.58,3.93,6.52,5.02,140831.0,,,96.0,96.0,38.0,38.0,7.77,7.76,2869.0,15654.0,2851.0,15732.0,,,2.37,1.0,2.55,1.24,33516.0,22641.0,,4472.0,3987.0,8459.0,64.3,64.5,,,257.0,0,0,0,0,0,192.0,8459.0,64.4,5447.596,0.183276,0.181223,9.6384,41.666667,1.2048,877.635292,,
2019-02-14,2019,2,3,234.73,100.38,114.98,19.37,7.5,2.54,1.58,3.93,6.52,5.02,140831.0,,,96.0,96.0,38.0,38.0,7.77,7.76,2869.0,15654.0,2851.0,15732.0,,,2.37,1.0,2.55,1.24,33516.0,22641.0,,4577.0,4166.0,8743.0,64.3,64.5,,,228.0,0,0,0,0,0,192.0,8743.0,64.4,5630.492,0.183276,0.181223,9.6384,41.666667,1.2048,907.100764,,
2019-02-15,2019,2,4,178.51,126.37,33.79,18.35,7.15,2.57,1.79,3.92,6.52,5.09,109219.0,4017.0,,99.0,99.0,38.0,38.0,7.8,7.8,2905.0,15688.0,2894.0,15743.0,,,2.37,1.0,2.39,0.88,25692.0,24521.0,4571.0,4799.0,4457.0,9256.0,63.9,63.8,,,334.0,0,0,0,0,0,198.0,9256.0,63.85,5909.956,0.185173,0.183828,10.0782,40.40404,1.259775,918.417971,,
2019-02-16,2019,2,5,230.41,126.86,86.68,16.87,,,,,,,,,,108.0,108.0,,,,,,,,,,,,,,,,,,5418.0,5078.0,10496.0,,,,,265.0,0,0,0,0,0,216.0,10496.0,,,,,,37.037037,,,,
2019-02-17,2019,2,6,22.45,22.45,,,,,,,,,,,,108.0,108.0,,,,,,,,,,,,,,,,,,5705.0,5317.0,11022.0,,,,,282.0,0,0,0,0,0,216.0,11022.0,,,,,,37.037037,,,,
2019-02-18,2019,2,0,254.08,100.29,132.49,21.3,7.32,1.88,1.09,4.0,6.79,5.2,124747.0,4534.0,,108.0,108.0,38.1,38.1,7.84,7.84,2882.0,15802.0,2860.0,15823.0,,,2.27,1.0,2.33,1.18,29547.0,25561.0,4267.0,5538.0,5137.0,10675.0,64.3,63.9,,,307.0,0,0,0,0,0,216.0,10675.0,64.1,6842.675,0.182382,0.18075,11.232,37.037037,1.404,950.409544,,
2019-02-19,2019,2,1,235.48,124.15,95.77,15.56,7.13,3.4,2.26,4.05,6.48,5.15,122231.0,4676.0,,108.0,108.0,38.1,38.0,7.8,7.79,2834.0,15715.0,2820.0,15738.0,,,2.29,1.01,2.18,0.98,26265.0,25395.0,4937.0,5338.0,4968.0,10306.0,64.4,63.7,,,330.0,0,0,0,0,0,216.0,10306.0,64.05,6600.993,0.180337,0.179184,11.124,37.037037,1.3905,926.4653,,
2019-02-20,2019,2,2,131.99,102.54,18.0,11.45,6.84,4.04,2.73,4.05,6.91,5.5,127358.0,4480.0,,108.0,108.0,38.1,38.1,7.8,7.78,2840.0,15784.0,2765.0,15688.0,,,2.52,1.13,2.48,1.16,23912.0,19971.0,4606.0,5430.0,5035.0,10465.0,64.4,63.8,,,312.0,0,0,0,0,0,216.0,10465.0,64.1,6708.065,0.179929,0.176249,11.88,37.037037,1.485,880.892256,,
2019-02-21,2019,2,3,189.02,79.08,90.53,19.41,7.14,2.45,1.49,4.02,6.78,5.28,165882.0,6172.0,,108.0,108.0,38.1,38.1,7.95,7.92,2788.0,15900.0,2805.0,15898.0,,,2.37,1.2,2.29,1.06,22944.0,20884.0,5037.0,5421.0,5066.0,10487.0,64.8,64.3,,,325.0,0,0,0,0,0,216.0,10487.0,64.55,6769.3585,0.175346,0.176437,11.4048,37.037037,1.4256,919.525112,,
2019-02-22,2019,2,4,208.18,102.54,88.06,17.58,,,,,,,,,,108.0,108.0,,,,,,,,,,,,,,,,,,5672.0,5282.0,10954.0,,,,,275.0,0,0,0,0,0,216.0,10954.0,,,,,,37.037037,,,,
2019-02-23,2019,2,5,144.56,128.14,,16.42,,,,,,,,,,108.0,108.0,,,,,,,,,,,,,,,,,,6034.0,5610.0,11644.0,,,,,263.0,0,0,0,0,0,216.0,11644.0,,,,,,37.037037,,,,
2019-02-24,2019,2,6,82.42,,82.42,,,,,,,,,,,108.0,108.0,,,,,,,,,,,,,,,,,,6357.0,5886.0,12243.0,,,,,323.0,0,0,0,0,0,216.0,12243.0,,,,,,37.037037,,,,
2019-02-25,2019,2,0,187.48,127.09,37.95,22.44,6.66,3.64,2.59,3.95,6.85,3.64,167569.0,6100.0,,108.0,108.0,38.0,38.0,7.88,7.87,2885.0,15685.0,2868.0,15720.0,3186.7,3453.4,2.41,0.92,2.33,0.89,25620.0,24328.0,4898.0,5518.0,5107.0,10625.0,64.7,64.5,,,315.0,0,0,0,0,0,216.0,10625.0,64.6,6863.75,0.183934,0.182443,7.8624,37.037037,0.9828,1351.368539,299.658671,318.026382
2019-02-26,2019,2,1,208.46,104.67,88.32,15.47,6.74,3.93,2.68,4.32,6.07,4.6,127108.0,4857.0,,108.0,108.0,38.0,38.0,7.81,7.82,2905.0,15425.0,2940.0,15480.0,,,2.47,1.0,2.5,0.88,28653.0,30742.0,4414.0,5020.0,4451.0,9471.0,64.6,64.5,,,360.0,0,0,0,0,0,216.0,9471.0,64.55,6113.5305,0.188331,0.189922,9.936,37.037037,1.242,953.200483,,
2019-02-27,2019,2,2,268.89,127.5,129.54,11.85,7.08,2.92,1.87,4.01,6.8,5.53,135813.0,4646.0,,96.0,96.0,38.0,38.0,7.84,7.83,2854.0,15548.0,2890.0,15490.0,,,2.32,1.02,2.32,0.98,26636.0,23950.0,5014.0,5066.0,4521.0,9587.0,64.7,64.6,,,362.0,0,0,0,0,0,192.0,9587.0,64.65,6197.9955,0.183561,0.186572,10.6176,41.666667,1.3272,902.93475,,
2019-02-28,2019,2,3,204.56,106.03,78.25,20.28,6.8,2.66,1.69,3.97,6.88,5.34,121489.0,4735.0,,96.0,96.0,38.1,38.0,7.81,7.86,2870.0,15482.0,2844.0,15660.0,,,2.24,0.89,2.37,0.96,24221.0,22817.0,4984.0,4986.0,4405.0,9391.0,64.8,64.7,,,243.0,0,0,0,0,0,192.0,9391.0,64.75,6080.6725,0.185377,0.181609,10.2528,41.666667,1.2816,915.944913,,
2019-03-01,2019,3,4,92.23,74.26,,17.97,,,,,,,,,,96.0,96.0,,,,,,,,,,,,,,,,,,4866.0,4305.0,9171.0,,,,,284.0,0,0,0,0,0,192.0,9171.0,,,,,,41.666667,,,,
2019-03-02,2019,3,5,183.36,77.78,88.26,17.32,,,,,,,,,,96.0,96.0,,,,,,,,,,,,,,,,,,5056.0,4610.0,9666.0,,,,,247.0,0,0,0,0,0,192.0,9666.0,,,,,,41.666667,,,,
2019-03-03,2019,3,6,,,,,,,,,,,,,,96.0,96.0,,,,,,,,,,,,,,,,,,5400.0,4928.0,10328.0,,,,,328.0,0,0,0,0,0,192.0,10328.0,,,,,,41.666667,,,,
2019-03-04,2019,3,0,224.72,73.39,128.77,22.56,7.02,2.36,1.49,3.99,6.86,5.4,133504.0,4839.0,,91.0,91.0,38.0,37.9,7.91,7.89,2755.0,15628.0,2840.0,15580.0,3226.0,3188.0,2.28,1.2,2.39,1.16,23638.0,22906.0,4577.0,4847.0,4426.0,9273.0,64.4,64.5,,,462.0,0,0,0,0,0,182.0,9273.0,64.45,5976.4485,0.176286,0.182285,9.828,43.956044,1.2285,943.528694,322.878456,304.300836
2019-03-05,2019,3,1,211.78,101.54,95.23,15.01,6.69,3.5,2.36,3.99,6.75,5.42,140565.0,5146.0,,84.0,84.0,38.0,37.9,7.83,7.85,2788.0,15544.0,2860.0,15490.0,3226.0,3188.0,2.28,1.1,2.57,1.06,22808.0,29532.0,4252.0,4307.0,3903.0,8210.0,64.5,64.5,,,198.0,0,0,0,0,0,168.0,8210.0,64.5,5295.45,0.179362,0.184635,9.1056,47.619048,1.1382,901.642945,273.158077,279.876268
2019-03-06,2019,3,2,202.56,151.87,38.38,12.31,6.6,4.67,2.97,4.2,6.65,5.38,127802.0,4458.0,,84.0,84.0,38.0,37.9,7.81,7.81,2850.0,15500.0,2738.0,15475.0,,,2.37,1.02,2.56,1.06,23637.0,21340.0,4180.0,4309.0,3920.0,8229.0,64.5,64.6,,,266.0,0,0,0,0,0,168.0,8229.0,64.55,5311.8195,0.183871,0.176931,9.0384,47.619048,1.1298,910.448752,,
2019-03-07,2019,3,3,238.56,131.41,86.3,20.85,7.0,3.74,2.5,4.0,6.98,5.71,135041.0,5615.0,,84.0,84.0,38.0,38.0,7.83,7.82,2854.0,15455.0,2789.0,15521.0,,,2.45,1.14,2.57,1.06,28829.0,23521.0,5724.0,4707.0,4293.0,9000.0,64.6,64.8,,,236.0,0,0,0,0,0,168.0,9000.0,64.7,5823.0,0.184665,0.179692,9.5928,47.619048,1.1991,938.203653,,
2019-03-08,2019,3,4,278.99,153.14,108.62,17.23,7.02,1.85,1.18,4.29,6.88,5.34,129505.0,5432.0,,84.0,84.0,38.0,38.0,7.85,7.86,2762.0,15527.0,2705.0,15605.0,,,2.5,0.97,2.47,1.06,25788.0,21831.0,4985.0,4286.0,4009.0,8295.0,64.5,64.7,,,288.0,0,0,0,0,0,168.0,8295.0,64.6,5358.57,0.177884,0.173342,8.9712,47.619048,1.1214,924.625468,,
2019-03-09,2019,3,5,140.19,104.37,18.93,16.89,,,,,,,,,,80.0,80.0,,,,,,,,,,,,,,,,,,4157.0,3866.0,8023.0,,,,,266.0,0,0,0,0,0,160.0,8023.0,,,,,,50.0,,,,
2019-03-10,2019,3,6,,,,,,,,,,,,,,72.0,72.0,,,,,,,,,,,,,,,,,,4274.0,3951.0,8225.0,,,,,155.0,0,0,0,0,0,144.0,8225.0,,,,,,55.555556,,,,
2019-03-11,2019,3,0,223.47,100.0,102.16,21.31,6.48,5.52,3.91,3.84,7.96,6.34,140076.0,4386.0,1738.7,57.0,57.0,38.1,38.0,7.93,7.92,2834.0,15580.0,2781.0,15649.0,3051.0,3411.0,2.29,1.21,2.41,1.17,28015.0,23156.0,4295.0,3699.0,3425.0,7124.0,64.4,64.4,,,204.0,0,0,0,0,0,114.0,7124.0,64.4,4587.856,0.1819,0.177711,7.2276,70.175439,0.90345,985.666058,320.108454,348.533981
2019-03-12,2019,3,1,132.69,76.09,41.64,14.96,6.38,5.03,3.41,4.04,7.31,5.68,132105.0,5062.0,2235.2,72.0,72.0,38.0,38.0,7.84,7.84,2747.0,15430.0,2753.0,15485.0,3334.6,3656.6,2.3,1.01,2.4,0.97,26704.0,22815.0,4336.0,4032.0,3726.0,7758.0,64.5,64.4,,,280.0,0,0,0,0,0,144.0,7758.0,64.45,5000.031,0.17803,0.177785,8.1792,55.555556,1.0224,948.503521,288.361788,316.206956
2019-03-13,2019,3,2,225.87,126.32,87.95,11.6,6.41,4.22,2.92,4.12,7.36,5.78,138319.0,5338.0,2264.9,60.0,60.0,38.0,38.0,7.92,7.93,2658.0,15550.0,2695.0,15628.0,3239.6,3533.4,2.57,1.26,2.61,1.28,21550.0,24175.0,4467.0,3441.0,3173.0,6614.0,64.4,64.3,,,204.0,0,0,0,0,0,120.0,6614.0,64.35,4256.109,0.170932,0.172447,6.936,66.666667,0.867,953.575548,331.02043,368.573233
2019-03-14,2019,3,3,265.96,104.6,141.25,20.11,6.74,2.73,2.06,4.05,6.749,5.57,128899.0,4958.0,2104.3,60.0,60.0,38.0,38.0,7.9,7.91,2648.0,15485.0,2635.0,15527.0,3640.5,3495.2,2.36,1.29,2.29,1.25,21333.0,21131.0,4694.0,3384.0,3149.0,6533.0,64.5,64.6,,,157.0,0,0,0,0,0,120.0,6533.0,64.55,4217.0515,0.171004,0.169704,6.684,66.666667,0.8355,977.408737,356.883358,349.821692
2019-03-15,2019,3,4,180.09,126.59,35.45,18.05,6.88,3.4,2.36,4.03,7.23,5.95,122398.0,4594.0,1910.8,60.0,60.0,38.0,38.0,7.91,7.9,2664.0,15505.0,2651.0,15684.0,3300.9,3664.0,2.25,0.89,2.33,0.98,19150.0,27335.0,4265.0,3425.0,3149.0,6574.0,64.5,64.4,,,217.0,0,0,0,0,0,120.0,6574.0,64.45,4236.943,0.171816,0.169026,7.14,66.666667,0.8925,920.728291,330.374921,359.187096
2019-03-16,2019,3,5,231.74,128.13,88.39,15.22,,,,,,,,,,60.0,60.0,,,,,,,,,,,,,,,,,,3381.0,3137.0,6518.0,,,,,319.0,0,0,0,0,0,120.0,6518.0,,,,,,66.666667,,,,
2019-03-17,2019,3,6,,,,,,,,,,,,,,60.0,60.0,,,,,,,,,,,,,,,,,,3485.0,3201.0,6686.0,,,,,146.0,0,0,0,0,0,120.0,6686.0,,,,,,66.666667,,,,
2019-03-18,2019,3,0,221.7,73.95,126.03,21.72,6.58,4.04,2.7,4.1,7.4,5.93,149285.0,5339.0,2291.5,77.0,77.0,37.9,37.9,7.99,7.96,2638.0,15648.0,2595.0,15662.0,3358.6,3665.4,2.49,1.11,2.5,1.07,22302.0,22104.0,4359.0,4271.0,3888.0,8159.0,64.5,64.3,,,258.0,0,0,0,0,0,154.0,8159.0,64.4,5254.396,0.168584,0.165688,9.1322,51.948052,1.141525,893.432032,393.858343,404.311239
2019-03-19,2019,3,1,183.52,129.23,39.05,15.24,6.8,2.84,1.88,4.2,7.15,5.69,133587.0,5903.0,2193.3,92.0,92.0,37.9,37.9,7.98,7.97,2584.0,15517.0,2622.0,15430.0,3718.7,3605.2,2.4,1.21,2.34,1.09,23188.0,21327.0,4644.0,4810.0,4184.0,8994.0,64.4,64.2,,,264.0,0,0,0,0,0,184.0,8994.0,64.3,5783.142,0.166527,0.169929,10.4696,43.478261,1.3087,859.058608,427.300841,405.890967
2019-03-20,2019,3,2,191.42,100.13,79.74,11.55,6.78,3.67,2.41,4.18,7.31,5.86,113251.0,4130.0,1879.0,96.0,96.0,38.0,38.0,7.91,7.9,2631.0,15488.0,2598.0,15380.0,3150.8,3290.6,2.58,1.21,2.65,1.06,28145.0,20433.0,4383.0,5056.0,4722.0,9778.0,64.5,64.4,,,155.0,0,0,0,0,0,192.0,9778.0,64.45,6301.921,0.169873,0.168921,11.2512,41.666667,1.4064,869.062856,315.351965,322.582167
2019-03-21,2019,3,3,186.88,77.57,89.06,20.25,7.04,3.11,2.16,4.22,6.93,5.57,126182.0,4498.0,1905.0,96.0,96.0,37.9,38.0,7.92,7.93,2588.0,15420.0,2560.0,15394.0,3104.0,3233.0,2.39,1.01,2.4,1.07,24902.0,22405.0,4327.0,5082.0,4731.0,9813.0,64.4,64.6,,,172.0,0,0,0,0,0,192.0,9813.0,64.5,6329.385,0.167834,0.166299,10.6944,41.666667,1.3368,917.583034,315.320234,337.238145
2019-03-22,2019,3,4,246.5,100.13,128.6,17.77,7.28,3.11,2.16,4.1,6.93,5.57,126182.0,4498.0,2186.8,96.0,96.0,37.9,37.9,7.9,7.91,2643.0,15551.0,2737.0,15440.0,3489.2,4128.9,2.4,1.01,2.37,0.87,24753.0,24101.0,4128.0,4860.0,4501.0,9361.0,64.5,64.5,,,264.0,0,0,0,0,0,192.0,9361.0,64.5,6037.845,0.169957,0.177267,10.6944,41.666667,1.3368,875.317923,340.052659,410.837331
2019-03-23,2019,3,5,144.11,128.09,,16.02,,,,,,,,,,88.0,88.0,,,,,,,,,,,,,,,,,,4526.0,4176.0,8702.0,,,,,283.0,0,0,0,0,0,176.0,8702.0,,,,,,45.454545,,,,
2019-03-24,2019,3,6,82.77,,82.77,,,,,,,,,,,96.0,96.0,,,,,,,,,,,,,,,,,,5004.0,4567.0,9571.0,,,,,245.0,0,0,0,0,0,192.0,9571.0,,,,,,41.666667,,,,
2019-03-25,2019,3,0,159.44,100.17,37.6,21.67,6.46,4.68,3.55,4.26,6.5,5.4,117626.0,4458.0,2068.6,96.0,96.0,38.0,38.2,7.92,7.91,2721.0,15482.0,2755.0,15449.0,3338.5,3574.8,2.39,1.51,2.31,1.45,31021.0,22332.0,4277.0,4923.0,4525.0,9448.0,64.8,64.5,,,246.0,0,0,0,0,0,192.0,9448.0,64.65,6108.132,0.175752,0.178329,10.368,41.666667,1.296,911.265432,341.125974,361.988645
2019-03-26,2019,3,1,178.14,75.49,87.96,14.69,6.58,3.47,2.31,4.38,6.58,5.21,111741.0,4538.0,1968.7,80.0,80.0,,,8.02,8.03,2805.0,15521.0,2751.0,15544.0,3473.7,3589.6,2.39,1.11,2.33,0.98,34633.0,22616.0,4405.0,4188.0,3860.0,8048.0,65.0,65.2,,,218.0,0,0,0,0,0,160.0,8048.0,65.1,5239.248,0.180723,0.176981,8.336,50.0,1.042,965.451056,435.326415,458.989625
2019-03-27,2019,3,2,221.96,125.52,84.17,12.27,7.25,2.55,1.39,4.33,6.49,5.13,111888.0,4065.0,1897.0,92.0,92.0,38.0,38.1,7.95,7.94,2844.0,15468.0,2790.0,15491.0,3117.0,3475.2,2.39,1.01,2.39,0.97,23816.0,22086.0,3879.0,4588.0,4089.0,8677.0,64.3,63.9,,,323.0,0,0,0,0,0,184.0,8677.0,64.1,5561.957,0.183863,0.180105,9.4392,43.478261,1.1799,919.251631,338.795796,372.198544
2019-03-28,2019,3,3,228.08,128.57,78.93,20.58,7.0,2.8,1.91,4.32,6.35,5.14,123853.0,4610.0,2194.0,96.0,96.0,38.0,38.0,8.01,7.99,2852.0,15688.0,2811.0,15621.0,3590.0,3708.0,2.19,1.21,2.24,1.18,27238.0,21339.0,4579.0,4650.0,4279.0,8929.0,64.6,64.5,,,266.0,0,0,0,0,0,192.0,8929.0,64.55,5763.6695,0.181795,0.17995,9.8688,41.666667,1.2336,904.77059,440.917991,437.33116
2019-03-29,2019,3,4,143.8,126.15,0.0,17.65,7.0,2.89,1.91,4.32,6.27,5.06,109340.0,4205.0,1931.0,96.0,96.0,38.0,37.9,8.05,8.05,2810.0,15805.0,2867.0,15788.0,3298.0,3621.0,2.29,1.11,2.64,1.29,25439.0,19566.0,4385.0,4560.0,4215.0,8775.0,65.1,65.0,,,209.0,0,0,0,0,0,192.0,8775.0,65.05,5708.1375,0.177792,0.181594,9.7152,41.666667,1.2144,903.223814,438.932955,479.214284
2019-03-30,2019,3,5,215.94,158.2,42.35,15.39,,,,,,,,,,96.0,96.0,,,,,,,,,,,,,,,,,,4719.0,4339.0,9058.0,63.6,63.8,,,229.0,0,0,0,0,0,192.0,9058.0,63.7,5769.946,,,,41.666667,,,,
2019-03-31,2019,3,6,,0.0,0.0,0.0,,,,,,,,,,96.0,96.0,,,,,,,,,,,,,,,,,,5026.0,4621.0,9647.0,,,,,223.0,0,0,0,0,0,192.0,9647.0,,,,,,41.666667,,,,
2019-04-01,2019,4,0,271.09,98.02,152.64,20.43,7.27,2.84,1.39,4.29,6.86,5.21,121200.0,4567.0,,96.0,96.0,38.0,38.0,8.05,8.03,2684.0,15854.0,2746.0,15821.0,3137.4,2019.3,2.6,1.02,2.54,1.09,16344.0,19373.0,3855.0,4957.0,4507.0,9464.0,65.5,65.2,,,255.0,0,0,0,0,0,192.0,9464.0,65.35,6184.724,0.169295,0.173567,10.0032,41.666667,1.2504,946.097249,417.558597,258.200844
2019-04-02,2019,4,1,191.01,103.66,73.62,13.73,7.02,4.14,2.83,4.36,6.54,5.15,116308.0,4726.0,,96.0,96.0,38.0,38.0,7.94,7.92,2720.0,15644.0,2798.0,15742.0,3201.5,3455.2,2.48,1.01,2.47,1.16,22219.0,21551.0,4371.0,4848.0,4400.0,9248.0,65.6,65.3,,,184.0,0,0,0,0,0,192.0,9248.0,65.45,6052.816,0.173869,0.177741,9.888,41.666667,1.236,935.275081,340.902793,353.050311
2019-04-03,2019,4,2,178.48,130.04,37.69,10.75,7.1,4.01,2.77,4.38,6.66,5.2,121606.0,4717.0,,96.0,96.0,38.0,38.0,7.95,7.94,2754.0,15688.0,2821.0,15769.0,3500.0,3486.0,2.33,1.18,2.23,1.08,28484.0,20813.0,4651.0,4886.0,4520.0,9406.0,65.4,65.2,,,213.0,0,0,0,0,0,192.0,9406.0,65.3,6142.118,0.175548,0.178895,9.984,41.666667,1.248,942.107372,380.42518,371.196981
2019-04-04,2019,4,3,236.43,106.9,110.29,19.24,6.84,5.03,3.22,4.44,6.85,5.27,131532.0,4930.0,2311.2,99.0,100.0,38.0,38.0,8.0,7.99,2643.0,15700.0,2664.0,15692.0,3065.8,3644.8,2.18,0.91,2.05,0.79,23453.0,23687.0,3850.0,5134.0,4824.0,9958.0,65.8,65.5,,,270.0,0,0,0,0,0,199.0,9958.0,65.65,6537.427,0.168344,0.169768,10.4873,40.201005,1.310912,949.529431,368.997176,429.877188
2019-04-05,2019,4,4,227.7,127.23,82.4,18.07,7.26,2.52,1.6,4.41,6.81,5.36,125055.0,4601.0,2114.2,100.0,100.0,,,7.92,7.94,2663.0,15621.0,2854.0,15540.0,3587.3,3928.1,2.37,1.25,2.29,1.06,24868.0,23912.0,4440.0,5334.0,4793.0,10127.0,65.6,65.4,,,356.0,0,0,0,0,0,200.0,10127.0,65.5,6633.185,0.170476,0.183655,10.72,40.0,1.34,944.682836,366.548212,418.272766
2019-04-06,2019,4,5,143.05,127.12,0.0,15.93,,,,,,,,,,102.0,102.0,,,,,,,,,,,,,,,,,,5462.0,5026.0,10488.0,,,,,258.0,0,0,0,0,0,204.0,10488.0,,,,,,39.215686,,,,
2019-04-07,2019,4,6,42.11,0.0,42.11,0.0,,,,,,,,,,102.0,102.0,,,,,,,,,,,,,,,,,,5706.0,5225.0,10931.0,,,,,360.0,0,0,0,0,0,204.0,10931.0,,,,,,39.215686,,,,
2019-04-08,2019,4,0,135.61,74.97,38.57,22.07,7.16,3.12,1.97,4.22,7.19,5.54,131513.0,4724.0,2092.6,103.0,103.0,,,8.01,7.98,2623.0,15660.0,2684.0,15482.0,3297.6,3455.3,2.19,1.01,2.13,0.88,22233.0,20432.0,4086.0,5801.0,5350.0,11151.0,64.2,64.0,,,240.0,0,0,0,0,0,206.0,11151.0,64.1,7147.791,0.167497,0.173363,11.4124,38.834951,1.42655,977.09509,405.005896,399.322679
2019-04-09,2019,4,1,232.1,129.13,88.74,14.23,7.21,2.78,1.65,4.24,7.09,5.57,123569.0,4532.0,2152.2,108.0,108.0,38.0,38.0,7.97,7.95,2664.0,15484.0,2629.0,15388.0,3550.0,3721.3,2.4,1.12,2.49,1.16,22002.0,30549.0,4485.0,5705.0,5179.0,10884.0,64.4,64.2,,,289.0,0,0,0,0,0,216.0,10884.0,64.3,6998.412,0.172049,0.170847,12.0312,37.037037,1.5039,904.647915,401.985652,404.478921
2019-04-10,2019,4,2,297.35,152.77,130.2,14.38,7.02,2.22,1.46,4.53,6.38,4.87,154203.0,5495.0,2655.0,108.0,108.0,38.0,38.0,7.99,7.98,2598.0,15550.0,2614.0,15478.0,3356.0,3661.1,2.23,1.08,2.42,1.17,20962.0,22451.0,4713.0,5287.0,4919.0,10206.0,64.3,64.2,,,304.0,0,0,0,0,0,216.0,10206.0,64.25,6557.355,0.167074,0.168885,10.5192,37.037037,1.3149,970.225873,395.815365,423.106607
2019-04-11,2019,4,3,175.76,79.77,79.04,16.95,6.89,4.08,2.73,6.32,6.32,4.82,118013.0,4899.0,2424.2,108.0,108.0,37.9,38.0,8.01,7.98,2651.0,15740.0,2633.0,15445.0,3219.1,3518.1,2.17,0.9,2.43,0.99,21534.0,22069.0,4362.0,5178.0,4921.0,10099.0,65.0,64.8,,,257.0,0,0,0,0,0,216.0,10099.0,64.9,6554.251,0.168424,0.170476,10.4112,37.037037,1.3014,970.013063,393.117726,406.580359
2019-04-12,2019,4,4,145.05,126.49,0.0,18.56,6.75,4.12,2.88,4.48,6.23,4.95,114691.0,4378.0,2125.5,108.0,108.0,38.0,38.0,7.98,7.94,2734.0,15655.0,2755.0,15402.0,3446.0,3688.0,2.58,1.55,2.58,1.54,25856.0,31018.0,4526.0,5136.0,4867.0,10003.0,65.1,65.0,,,247.0,0,0,0,0,0,216.0,10003.0,65.05,6506.9515,0.174641,0.178873,10.692,37.037037,1.3365,935.559297,398.247895,392.706387
2019-04-13,2019,4,5,305.44,178.95,110.42,16.07,,,,,,,,,,108.0,108.0,,,,,,,,,,,,,,,,,,5236.0,4931.0,10167.0,,,,,197.0,0,0,0,0,0,216.0,10167.0,,,,,,37.037037,,,,
2019-04-14,2019,4,6,0.0,0.0,0.0,0.0,,,,,,,,,,108.0,108.0,,,,,,,,,,,,,,,,,,5460.0,4996.0,10456.0,,,,,246.0,0,0,0,0,0,216.0,10456.0,,,,,,37.037037,,,,
2019-04-15,2019,4,0,145.05,126.49,0.0,18.56,6.75,4.12,2.88,4.48,6.23,4.95,114691.0,4378.0,2125.5,108.0,108.0,38.0,38.0,7.98,7.94,2734.0,15655.0,2755.0,15402.0,3446.0,3688.0,2.58,1.55,2.58,1.54,25856.0,31018.0,4526.0,5136.0,4867.0,10003.0,65.1,65.0,,,247.0,0,0,0,0,0,216.0,10003.0,65.05,6506.9515,0.174641,0.178873,10.692,37.037037,1.3365,935.559297,398.247895,392.706387
2019-04-16,2019,4,1,173.79,77.85,80.29,15.65,6.95,2.24,1.38,4.36,6.52,5.08,126394.0,,,108.0,108.0,37.9,38.0,7.93,7.9,2688.0,15420.0,2721.0,15474.0,,,2.3,1.11,2.41,1.07,22043.0,23305.0,,5097.0,4627.0,9724.0,65.0,64.8,,,277.0,0,0,0,0,0,216.0,9724.0,64.9,6310.876,0.174319,0.175843,10.9728,37.037037,1.3716,886.191309,,
2019-04-17,2019,4,2,200.59,153.25,35.92,11.42,7.15,4.46,2.82,4.37,6.6,5.03,112196.0,,,108.0,108.0,37.9,37.9,7.95,7.93,2742.0,15380.0,2762.0,15588.0,,,2.45,1.0,2.47,0.96,24462.0,22762.0,,5087.0,4674.0,9761.0,64.8,64.7,,,340.0,0,0,0,0,0,216.0,9761.0,64.75,6320.2475,0.178283,0.177188,10.8648,37.037037,1.3581,898.405861,,
2019-04-18,2019,4,3,262.76,151.71,89.59,21.46,7.15,4.46,2.82,4.37,6.6,5.03,112196.0,,,108.0,108.0,37.9,37.9,7.95,7.93,2742.0,15380.0,2762.0,15588.0,,,2.45,1.0,2.47,0.96,24462.0,22762.0,,5232.0,4782.0,10014.0,64.8,64.7,,,267.0,0,0,0,0,0,216.0,10014.0,64.75,6484.065,0.178283,0.177188,10.8648,37.037037,1.3581,921.69207,,
2019-04-19,2019,4,4,295.71,145.41,130.77,19.53,7.24,2.73,1.87,4.28,6.8,5.51,112357.0,,,108.0,108.0,37.9,37.9,7.9,7.9,2748.0,15440.0,2755.0,15505.0,,,2.36,1.43,2.45,1.43,29202.0,24590.0,,5146.0,4756.0,9902.0,65.0,64.8,,,245.0,0,0,0,0,0,216.0,9902.0,64.9,6426.398,0.177979,0.177685,11.9016,37.037037,1.4877,831.988976,,
2019-04-20,2019,4,5,168.08,152.37,0.0,15.71,,,,,,,,,,108.0,108.0,,,,,,,,,,,,,,,,,,5340.0,4873.0,10213.0,,,,,332.0,0,0,0,0,0,216.0,10213.0,,,,,,37.037037,,,,
2019-04-21,2019,4,6,41.33,0.0,41.33,0.0,,,,,,,,,,108.0,108.0,,,,,,,,,,,,,,,,,,5556.0,5092.0,10648.0,,,,,271.0,0,0,0,0,0,216.0,10648.0,,,,,,37.037037,,,,
2019-04-22,2019,4,0,206.22,124.2,59.45,22.57,7.26,2.15,1.18,4.23,7.06,5.34,130709.0,4804.0,2401.5,108.0,108.0,38.0,38.2,7.99,7.99,2836.0,15511.0,2821.0,15504.0,3321.0,3624.0,2.38,1.01,2.29,0.87,26903.0,22665.0,4154.0,5504.0,5087.0,10591.0,63.8,64.1,,,298.0,0,0,0,0,0,216.0,10591.0,63.95,6772.9445,0.182838,0.181953,11.5344,37.037037,1.4418,918.209877,391.687374,432.340811
2019-04-23,2019,4,1,229.07,124.47,88.68,15.92,7.87,2.05,1.28,4.23,6.78,5.41,125947.0,,,108.0,108.0,38.0,38.0,7.95,7.93,2854.0,15398.0,2861.0,15421.0,,,2.36,1.0,2.3,0.97,31136.0,36018.0,,5546.0,5015.0,10561.0,64.2,64.0,,,247.0,0,0,0,0,0,216.0,10561.0,64.1,6769.601,0.185349,0.185526,11.6856,37.037037,1.4607,903.761895,,
2019-04-24,2019,4,2,266.54,125.15,129.09,12.3,7.83,4.06,2.62,4.24,7.28,5.73,143424.0,,,108.0,108.0,38.0,38.0,7.9,7.89,2875.0,15372.0,2841.0,15380.0,,,2.74,1.29,2.71,1.28,23935.0,26292.0,,5603.0,5088.0,10691.0,64.6,64.2,,,226.0,0,0,0,0,0,216.0,10691.0,64.4,6885.004,0.187028,0.18472,12.3768,37.037037,1.5471,863.793549,,
2019-04-25,2019,4,3,223.39,126.33,77.21,19.85,7.68,4.56,2.73,4.28,7.14,5.48,129016.0,,,108.0,108.0,38.0,38.0,8.03,8.0,2821.0,15400.0,2856.0,15455.0,,,2.26,0.9,2.3,0.97,35643.0,20230.0,,5666.0,5157.0,10823.0,64.1,63.9,,,356.0,0,0,0,0,0,216.0,10823.0,64.0,6926.72,0.183182,0.184795,11.8368,37.037037,1.4796,914.351852,,
2019-04-26,2019,4,4,210.15,154.32,37.51,18.32,7.54,4.35,2.62,4.27,7.15,5.51,117783.0,,,108.0,108.0,38.0,38.0,7.97,7.92,2794.0,15368.0,2805.0,15384.0,,,2.37,1.0,2.41,0.98,24085.0,24298.0,,5791.0,5329.0,11120.0,64.2,64.0,,,327.0,0,0,0,0,0,216.0,11120.0,64.1,7127.92,0.181806,0.182332,11.9016,37.037037,1.4877,934.328158,,
2019-04-27,2019,4,5,280.57,155.08,110.25,15.24,,,,,,,,,,108.0,108.0,,,,,,,,,,,,,,,,,,5901.0,5458.0,11359.0,,,,,291.0,0,0,0,0,0,216.0,11359.0,,,,,,37.037037,,,,
2019-04-28,2019,4,6,0.0,0.0,0.0,0.0,,,,,,,,,,108.0,108.0,,,,,,,,,,,,,,,,,,6289.0,5713.0,12002.0,,,,,324.0,0,0,0,0,0,216.0,12002.0,,,,,,37.037037,,,,
2019-04-29,2019,4,0,178.96,73.36,82.27,23.33,7.61,2.24,1.38,4.16,7.43,5.42,130374.0,4708.0,2024.6,108.0,108.0,38.0,38.1,8.02,7.99,2761.0,15421.0,2772.0,15446.0,3326.9,3717.3,1.88,0.85,2.08,1.15,26947.0,25169.0,4670.0,6184.0,5644.0,11828.0,64.5,64.4,,,313.0,0,0,0,0,0,216.0,11828.0,64.45,7623.146,0.179042,0.179464,11.7072,37.037037,1.4634,1010.318437,416.929341,440.944303
2019-04-30,2019,4,1,270.23,176.72,77.95,15.56,7.56,3.99,2.57,4.23,7.2,5.57,123493.0,,,102.0,102.0,38.1,38.0,8.01,8.0,2729.0,15384.0,2751.0,15328.0,,,2.32,0.88,2.29,0.97,24679.0,29153.0,,5655.0,5188.0,10843.0,64.7,64.5,,,330.0,0,0,0,0,0,204.0,10843.0,64.6,7004.578,0.177392,0.179475,11.3628,39.215686,1.42035,954.254233,,
2019-05-01,2019,5,2,200.93,149.99,35.88,15.06,7.64,2.88,1.9,4.28,7.34,5.51,141855.0,,,102.0,102.0,38.0,38.0,7.96,7.96,2715.0,15309.0,2768.0,15424.0,,,2.43,0.92,2.38,0.98,24034.0,29103.0,,5515.0,5043.0,10558.0,64.8,64.7,,,313.0,0,0,0,0,0,204.0,10558.0,64.75,6836.305,0.177347,0.179461,11.2404,39.215686,1.40505,939.290417,,
2019-05-02,2019,5,3,158.01,52.65,88.24,17.12,7.56,3.6,2.46,4.24,7.29,5.82,145919.0,,,108.0,108.0,38.0,38.0,8.02,8.06,2734.0,15402.0,2744.0,15400.0,,,2.64,1.29,2.39,1.5,27946.0,25220.0,,5828.0,5335.0,11163.0,63.8,63.5,,,359.0,0,0,0,0,0,216.0,11163.0,63.65,7105.2495,0.177509,0.178182,12.5712,37.037037,1.5714,887.982054,,
2019-05-03,2019,5,4,326.28,176.35,129.16,20.77,7.63,3.27,2.04,4.27,7.03,5.57,137067.0,,,108.0,108.0,38.0,38.0,7.94,7.97,2705.0,15326.0,2698.0,15346.0,,,2.55,1.1,2.57,1.06,33240.0,26061.0,,5584.0,5114.0,10698.0,64.0,63.8,,,360.0,0,0,0,0,0,216.0,10698.0,63.9,6836.022,0.176497,0.175811,12.0312,37.037037,1.5039,889.188111,,
2019-05-04,2019,5,5,233.95,176.41,39.53,18.01,,,,,,,,,,108.0,108.0,,,,,,,,,,,,,,,,,,5572.0,5116.0,10688.0,,,,,285.0,0,0,0,0,0,216.0,10688.0,,,,,,37.037037,,,,
2019-05-05,2019,5,6,41.37,0.0,41.37,0.0,,,,,,,,,,108.0,108.0,,,,,,,,,,,,,,,,,,5932.0,5366.0,11298.0,,,,,352.0,0,0,0,0,0,216.0,11298.0,,,,,,37.037037,,,,
2019-05-06,2019,5,0,211.37,149.93,36.45,24.99,7.7,2.41,1.55,4.26,7.09,5.46,118478.0,4437.0,2150.8,108.0,108.0,38.0,38.0,7.97,7.98,2604.0,15389.0,2631.0,15371.0,3473.6,3794.9,2.27,1.2,2.39,1.26,18149.0,22041.0,4121.0,5527.0,5043.0,10570.0,64.4,64.3,,,359.0,0,0,0,0,0,216.0,10570.0,64.35,6801.795,0.169212,0.171166,11.7936,37.037037,1.4742,896.248813,393.334467,438.569627
2019-05-07,2019,5,1,179.44,73.51,89.13,16.8,8.07,2.14,1.27,4.29,6.76,5.22,15136.0,,,108.0,108.0,38.1,38.0,8.0,7.99,2648.0,15405.0,2654.0,15412.0,,,2.25,0.89,2.3,0.87,23342.0,22534.0,,5382.0,4912.0,10294.0,64.5,64.4,,,357.0,0,0,0,0,0,216.0,10294.0,64.45,6634.483,0.171892,0.172203,11.2752,37.037037,1.4094,912.977153,,
2019-05-08,2019,5,2,296.69,153.53,130.08,13.08,7.66,2.32,1.92,4.24,6.87,5.4,135433.0,4563.0,,108.0,108.0,38.0,38.0,7.98,7.97,2667.0,15328.0,2632.0,15384.0,,,2.2,0.87,2.26,0.93,24323.0,22683.0,,5332.0,4884.0,10216.0,64.5,64.3,,,286.0,0,0,0,0,0,216.0,10216.0,64.4,6579.104,0.173995,0.171087,11.664,37.037037,1.458,875.857339,,
2019-05-09,2019,5,3,146.83,45.92,78.19,22.72,7.49,4.79,1.55,4.25,6.81,5.29,118478.0,,,108.0,108.0,38.1,38.0,8.03,8.03,2634.0,15475.0,2644.0,15474.0,,,2.56,1.28,2.26,1.25,26269.0,28839.0,,5395.0,4942.0,10337.0,64.8,64.9,,,161.0,0,0,0,0,0,216.0,10337.0,64.85,6703.5445,0.17021,0.170867,11.4264,37.037037,1.4283,904.659385,,
2019-05-10,2019,5,4,251.01,151.28,79.27,20.46,,,,,,,,,,108.0,108.0,,,,,,,,,,,,,,,,,,5141.0,4674.0,9815.0,,,,,279.0,0,0,0,0,0,216.0,9815.0,,,,,,37.037037,,,,
2019-05-11,2019,5,5,220.01,154.8,47.62,17.59,,,,,,,,,,108.0,108.0,,,,,,,,,,,,,,,,,,5308.0,4859.0,10167.0,,,,,316.0,0,0,0,0,0,216.0,10167.0,,,,,,37.037037,,,,
2019-05-12,2019,5,6,23.55,23.55,0.0,0.0,,,,,,,,,,108.0,108.0,,,,,,,,,,,,,,,,,,5730.0,5209.0,10939.0,,,,,270.0,0,0,0,0,0,216.0,10939.0,,,,,,37.037037,,,,
2019-05-13,2019,5,0,302.39,146.77,130.72,24.9,7.63,4.32,2.79,4.31,6.92,5.65,130912.0,5016.0,1998.4,108.0,108.0,37.9,38.0,7.97,7.97,2625.0,15388.0,2643.0,15394.0,3654.8,3532.3,2.48,1.01,2.5,0.98,24404.0,19710.0,4910.0,5465.0,5030.0,10495.0,63.6,63.5,,,319.0,0,0,0,0,0,216.0,10495.0,63.55,6669.5725,0.170587,0.17169,12.204,37.037037,1.5255,859.963946,411.475176,399.981385
2019-05-14,2019,5,1,269.47,177.12,75.64,16.71,7.62,5.18,3.0,4.26,6.84,5.13,120947.0,,,108.0,108.0,38.0,38.0,7.98,7.98,2657.0,15254.0,2635.0,15227.0,,,2.65,1.2,2.4,0.97,26249.0,22473.0,,5375.0,4903.0,10278.0,64.8,63.3,,,329.0,0,0,0,0,0,216.0,10278.0,64.05,6583.059,0.174184,0.173048,11.0808,37.037037,1.3851,927.550357,,
2019-05-15,2019,5,2,230.93,180.24,35.56,15.13,7.46,4.59,2.92,4.45,6.7,5.09,124242.0,,,108.0,108.0,38.0,38.0,7.99,8.0,2638.0,15284.0,2645.0,15305.0,,,2.16,0.8,2.11,0.78,30392.0,24313.0,,5488.0,5009.0,10497.0,64.0,63.8,,,337.0,0,0,0,0,0,216.0,10497.0,63.9,6707.583,0.172599,0.172819,10.9944,37.037037,1.3743,954.758786,,
2019-05-16,2019,5,3,183.1,75.9,88.01,19.19,8.08,2.42,1.27,4.25,6.79,5.44,135424.0,,,108.0,108.0,37.9,38.0,7.95,7.96,2684.0,15443.0,2694.0,15484.0,,,2.38,0.91,2.28,1.06,25679.0,29622.0,,5624.0,5207.0,10831.0,64.2,64.1,,,358.0,0,0,0,0,0,216.0,10831.0,64.15,6948.0865,0.1738,0.173986,11.7504,37.037037,1.4688,921.755855,,
2019-05-17,2019,5,4,345.25,180.27,146.07,18.91,,,,,,,,,,108.0,108.0,,,,,,,,,,,,,,,,,,5665.0,5201.0,10866.0,,,,,357.0,0,0,0,0,0,216.0,10866.0,,,,,,37.037037,,,,
2019-05-18,2019,5,5,184.49,127.08,39.3,18.11,,,,,,,,,,110.0,110.0,,,,,,,,,,,,,,,,,,5777.0,5275.0,11052.0,,,,,316.0,0,0,0,0,0,220.0,11052.0,,,,,,36.363636,,,,
2019-05-19,2019,5,6,23.91,23.91,0.0,0.0,,,,,,,,,,113.0,113.0,,,,,,,,,,,,,,,,,,6295.0,5698.0,11993.0,,,,,255.0,0,0,0,0,0,226.0,11993.0,,,,,,35.39823,,,,
2019-05-20,2019,5,0,135.9,75.0,38.82,22.08,7.27,5.15,3.53,4.2,7.1,5.65,138838.0,4467.0,1851.8,113.0,113.0,38.1,38.1,8.0,8.0,2754.0,15305.0,2768.0,15468.0,3966.6,3821.3,2.38,1.31,2.78,1.26,29320.0,25993.0,4901.0,6246.0,5657.0,11903.0,63.1,63.2,,,194.0,0,0,0,0,0,226.0,11903.0,63.15,7516.7445,0.179941,0.17895,12.769,35.39823,1.596125,932.179497,480.149221,462.560939
2019-05-21,2019,5,1,282.88,178.69,88.08,16.11,7.75,2.06,0.99,4.25,6.87,5.31,138463.0,,,114.0,114.0,38.0,38.0,8.04,8.04,2701.0,15384.0,2723.0,15421.0,,,2.28,0.8,2.41,0.98,24882.0,25289.0,,6054.0,5473.0,11527.0,63.5,63.5,,,340.0,0,0,0,0,0,228.0,11527.0,63.5,7319.645,0.175572,0.176577,12.1068,35.087719,1.51335,952.109558,,
2019-05-22,2019,5,2,385.24,236.85,132.15,16.24,7.65,2.63,1.67,4.32,6.92,5.35,127114.0,,,114.0,114.0,38.0,38.0,7.99,7.98,2671.0,15352.0,2734.0,15388.0,,,2.56,1.3,2.51,0.98,21570.0,22729.0,,6020.0,5441.0,11461.0,63.1,62.9,,,364.0,0,0,0,0,0,228.0,11461.0,63.0,7220.43,0.173984,0.177671,12.198,35.087719,1.52475,939.580259,,
2019-05-23,2019,5,3,170.3,72.03,79.52,18.75,7.9,2.32,1.36,4.14,7.24,5.35,145475.0,,,114.0,114.0,38.0,38.0,7.96,7.93,2721.0,15410.0,2745.0,15364.0,,,2.47,0.9,2.38,0.87,30906.0,21719.0,,6096.0,5549.0,11645.0,63.2,63.0,,,245.0,0,0,0,0,0,228.0,11645.0,63.1,7347.995,0.176574,0.178664,12.198,35.087719,1.52475,954.664699,,
2019-05-24,2019,5,4,213.28,155.63,38.59,19.06,,,,,,,,,,114.0,114.0,,,,,,,,,,,,,,,,,,6005.0,5412.0,11417.0,,,,,358.0,0,0,0,0,0,228.0,11417.0,,,,,,35.087719,,,,
2019-05-25,2019,5,5,212.9,128.81,65.47,18.62,,,,,,,,,,114.0,114.0,,,,,,,,,,,,,,,,,,5942.0,5438.0,11380.0,,,,,358.0,0,0,0,0,0,228.0,11380.0,,,,,,35.087719,,,,
2019-05-26,2019,5,6,65.88,24.89,40.99,0.0,,,,,,,,,,114.0,114.0,,,,,,,,,,,,,,,,,,6102.0,5516.0,11618.0,,,,,293.0,0,0,0,0,0,228.0,11618.0,,,,,,35.087719,,,,
2019-05-27,2019,5,0,315.6,201.26,88.82,25.52,8.21,2.23,1.08,4.17,7.01,5.1,135293.0,4872.0,2015.6,115.0,115.0,38.0,38.0,7.98,8.0,2784.0,15342.0,2762.0,15321.0,3701.4,3686.4,2.25,0.99,2.25,0.87,42329.0,33597.0,5299.0,6206.0,5660.0,11866.0,63.3,63.4,,,256.0,0,0,0,0,0,230.0,11866.0,63.35,7517.111,0.181463,0.180275,11.73,34.782609,1.46625,1011.594203,427.764004,443.692084
2019-05-28,2019,5,1,316.68,223.29,78.21,15.18,7.94,2.72,1.38,4.16,7.16,5.38,128918.0,,,116.0,116.0,38.0,38.0,8.0,7.97,2795.0,15362.0,2766.0,15284.0,,,2.76,1.1,2.48,1.16,28995.0,27800.0,,6209.0,5606.0,11815.0,63.4,63.5,,,217.0,0,0,0,0,0,232.0,11815.0,63.45,7496.6175,0.181942,0.180974,12.4816,34.482759,1.5602,946.593385,,
2019-05-29,2019,5,2,177.25,126.01,39.12,12.12,7.62,1.45,0.39,4.18,6.9,5.03,130054.0,,,118.0,118.0,38.0,38.2,8.03,8.0,2772.0,15315.0,2784.0,15352.0,,,2.18,1.1,2.29,1.07,24352.0,26452.0,,6321.0,5749.0,12070.0,64.0,63.4,,,362.0,0,0,0,0,0,236.0,12070.0,63.7,7688.59,0.180999,0.181344,11.8708,33.898305,1.48385,1016.780672,,
2019-05-30,2019,5,3,292.07,181.49,89.81,20.77,7.58,1.36,0.49,7.07,7.43,5.61,129474.0,,,120.0,120.0,38.0,38.1,7.99,8.03,2744.0,15284.0,2764.0,15288.0,,,2.37,1.1,2.46,0.87,28866.0,20077.0,,6494.0,5972.0,12466.0,63.6,63.4,,,272.0,0,0,0,0,0,240.0,12466.0,63.5,7915.91,0.179534,0.180795,13.464,33.333333,1.683,925.876411,,
2019-05-31,2019,5,4,329.5,205.0,105.3,19.2,,,,,,,,,,120.0,120.0,,,,,,,,,,,,,,,,,,6730.0,6175.0,12905.0,,,,,364.0,0,0,0,0,0,240.0,12905.0,,,,,,33.333333,,,,
2019-06-01,2019,6,5,235.95,180.06,38.47,17.42,,,,,,,,,,120.0,120.0,,,,,,,,,,,,,,,,,,6830.0,6290.0,13120.0,,,,,320.0,0,0,0,0,0,240.0,13120.0,,,,,,33.333333,,,,
2019-06-02,2019,6,6,43.99,0.0,43.99,0.0,,,,,,,,,,120.0,120.0,,,,,,,,,,,,,,,,,,7302.0,6594.0,13896.0,,,,,308.0,0,0,0,0,0,240.0,13896.0,,,,,,33.333333,,,,
2019-06-03,2019,6,0,286.67,226.91,36.15,23.61,7.58,1.36,0.49,4.04,7.56,6.18,143908.0,4828.0,2109.0,120.0,120.0,38.0,38.1,,7.97,2805.0,15324.0,2788.0,15326.0,3617.0,3643.0,2.47,1.1,2.3,0.87,24700.0,18144.0,4408.0,7097.0,6606.0,13703.0,63.8,63.6,,,365.0,0,0,0,0,0,240.0,13703.0,63.7,8728.811,0.183046,0.181913,14.832,33.333333,1.854,923.880798,,414.896813
2019-06-04,2019,6,1,282.46,178.13,87.11,17.22,7.56,3.61,2.18,4.24,7.77,5.97,144252.0,,,120.0,120.0,38.0,38.4,,7.97,2834.0,15384.0,2805.0,15374.0,,,2.38,1.11,2.68,1.26,23599.0,20416.0,,6939.0,6379.0,13318.0,63.1,65.8,,,358.0,0,0,0,0,0,240.0,13318.0,64.45,8583.451,0.184217,0.182451,14.328,33.333333,1.791,929.508654,,
2019-06-05,2019,6,2,247.32,101.62,132.79,12.91,7.61,3.24,1.98,4.19,7.69,6.05,148356.0,,,120.0,120.0,38.0,38.3,,7.98,2809.0,15405.0,2747.0,15398.0,,,2.35,1.1,2.54,1.15,24524.0,23462.0,,6905.0,6324.0,13229.0,63.3,65.2,,,319.0,0,0,0,0,0,240.0,13229.0,64.25,8499.6325,0.182343,0.1784,14.52,33.333333,1.815,911.088154,,
2019-06-06,2019,6,3,310.74,207.75,80.66,22.33,7.89,4.2,2.78,4.16,7.32,5.78,136071.0,,,120.0,120.0,37.9,38.4,,7.98,2784.0,15421.0,2684.0,15401.0,,,2.38,1.01,2.29,0.97,22075.0,20922.0,,7024.0,6430.0,13454.0,63.3,65.0,,,361.0,0,0,0,0,0,240.0,13454.0,64.15,8630.741,0.180533,0.174274,13.872,33.333333,1.734,969.867359,,
2019-06-07,2019,6,4,210.24,157.28,37.49,15.47,,,,,,,,,,120.0,120.0,,,,,,,,,,,,,,,,,,7214.0,6555.0,13769.0,,,,,362.0,0,0,0,0,0,240.0,13769.0,,,,,,33.333333,,,,
2019-06-08,2019,6,5,232.89,150.11,65.19,17.59,,,,,,,,,,120.0,120.0,,,,,,,,,,,,,,,,,,7326.0,6702.0,14028.0,,,,,363.0,0,0,0,0,0,240.0,14028.0,,,,,,33.333333,,,,
2019-06-09,2019,6,6,0.0,0.0,0.0,0.0,,,,,,,,,,115.0,115.0,,,,,,,,,,,,,,,,,,7270.0,6614.0,13884.0,,,,,366.0,0,0,0,0,0,230.0,13884.0,,,,,,34.782609,,,,
2019-06-10,2019,6,0,377.38,181.03,177.11,19.24,,,,4.18,7.58,5.68,141408.0,4867.0,2106.0,122.0,120.0,37.9,38.1,8.1,8.02,2764.0,15442.0,2798.0,15424.0,3541.0,3716.0,2.46,0.9,2.46,0.86,20720.0,19803.0,4634.0,7028.0,6433.0,13461.0,63.6,63.1,,,424.0,0,0,0,0,0,242.0,13461.0,63.35,8527.5435,0.178992,0.181406,13.7456,33.057851,1.7182,979.295193,517.451992,468.341881
2019-06-11,2019,6,1,282.46,208.0,58.01,16.45,,,,4.21,7.16,5.52,127560.0,,,120.0,122.0,38.0,38.1,8.07,8.06,2804.0,15431.0,2844.0,15462.0,,,2.78,1.04,2.31,0.88,38002.0,36033.0,,6710.0,6230.0,12940.0,63.7,63.2,,,358.0,0,0,0,0,0,242.0,12940.0,63.45,8210.43,0.181712,0.183935,13.3584,33.057851,1.6698,968.678884,,
2019-06-12,2019,6,2,209.43,153.62,38.86,16.95,,,,4.18,7.3,5.51,140582.0,,,123.0,123.0,38.0,38.0,8.02,8.0,2839.0,15467.0,2816.0,15421.0,,,2.62,1.2,2.58,1.16,25512.0,18783.0,,6746.0,6186.0,12932.0,63.8,63.2,,,426.0,0,0,0,0,0,246.0,12932.0,63.5,8211.82,0.183552,0.182608,13.5546,32.520325,1.694325,954.067254,,
2019-06-13,2019,6,3,292.51,184.26,88.65,19.6,,,,4.24,7.1,5.58,132824.0,,,120.0,120.0,38.0,38.0,8.01,8.0,2813.0,15384.0,2854.0,15384.0,,,2.26,1.09,2.38,1.15,24057.0,29665.0,,6649.0,6216.0,12865.0,64.7,64.5,,,278.0,0,0,0,0,0,240.0,12865.0,64.6,8310.79,0.182852,0.185517,13.392,33.333333,1.674,960.648148,,
2019-06-14,2019,6,4,209.58,132.99,60.71,15.88,,,,4.17,6.95,5.48,133645.0,,,120.0,120.0,38.0,38.0,8.03,8.0,2801.0,15421.0,2831.0,15400.0,,,2.37,1.02,2.4,1.08,21789.0,18967.0,,6794.0,6286.0,13080.0,63.9,63.4,,,327.0,0,0,0,0,0,240.0,13080.0,63.65,8325.42,0.181635,0.183831,13.152,33.333333,1.644,994.525547,,
2019-06-15,2019,6,5,257.19,181.49,59.21,16.49,,,,,,,,,,120.0,120.0,,,,,,,,,,,,,,,,,,6885.0,6385.0,13270.0,,,,,433.0,0,0,0,0,0,240.0,13270.0,,,,,,33.333333,,,,
2019-06-16,2019,6,6,66.74,23.71,43.03,0.0,,,,,,,,,,120.0,120.0,,,,,,,,,,,,,,,,,,7140.0,6557.0,13697.0,,,,,382.0,0,0,0,0,0,240.0,13697.0,,,,,,33.333333,,,,
2019-06-17,2019,6,0,290.39,234.85,36.85,18.69,,,,4.1,7.03,5.59,139069.0,4610.0,1996.0,120.0,120.0,37.9,38.0,8.02,8.01,2751.0,15462.0,2792.0,15410.0,3511.6,3857.9,2.37,1.1,2.31,0.97,21228.0,25446.0,4500.0,6918.0,6461.0,13379.0,64.0,63.3,,,364.0,0,0,0,0,0,240.0,13379.0,63.65,8515.7335,0.17792,0.181181,13.416,33.333333,1.677,997.242099,437.582133,473.821035
2019-06-18,2019,6,1,262.69,156.37,89.46,16.86,,,,4.26,7.11,5.47,139020.0,,,120.0,120.0,38.0,38.0,8.04,8.03,2731.0,15405.0,2816.0,15347.0,,,2.34,1.09,2.69,1.27,25645.0,25391.0,,6786.0,6232.0,13018.0,64.0,63.6,,,326.0,0,0,0,0,0,240.0,13018.0,63.8,8305.484,0.17728,0.183489,13.128,33.333333,1.641,991.620963,,
2019-06-19,2019,6,2,299.33,152.8,128.85,17.68,,,,4.27,7.02,5.41,134262.0,,,120.0,120.0,38.0,38.0,8.01,8.02,2764.0,15382.0,2745.0,15424.0,,,2.48,1.2,2.46,1.06,18561.0,17036.0,,6690.0,6286.0,12976.0,63.8,63.5,,,364.0,0,0,0,0,0,240.0,12976.0,63.65,8259.224,0.179691,0.177969,12.984,33.333333,1.623,999.383857,,
2019-06-20,2019,6,3,326.84,185.86,122.49,18.49,,,,3.98,6.94,5.29,121330.0,,,120.0,120.0,37.9,38.0,7.85,7.8,2824.0,15362.0,2804.0,15405.0,,,2.4,0.71,2.4,0.88,29610.0,27163.0,,6492.0,6127.0,12619.0,64.1,63.8,,,434.0,0,0,0,0,0,240.0,12619.0,63.95,8069.8505,0.18383,0.182019,12.696,33.333333,1.587,993.935098,,
2019-06-21,2019,6,4,238.11,185.64,37.12,15.35,,,,3.91,7.01,5.4,131582.0,,,120.0,120.0,38.0,38.0,7.87,7.83,2798.0,15406.0,2821.0,15425.0,,,2.38,1.12,2.36,0.99,24365.0,22057.0,,6582.0,6054.0,12636.0,63.9,63.6,,,331.0,0,0,0,0,0,240.0,12636.0,63.75,8055.45,0.181618,0.182885,12.96,33.333333,1.62,975.0,,
2019-06-22,2019,6,5,287.87,182.04,89.17,16.66,,,,,,,,,,120.0,120.0,,,,,,,,,,,,,,,,,,6634.0,6180.0,12814.0,,,,,368.0,0,0,0,0,0,240.0,12814.0,,,,,,33.333333,,,,
2019-06-23,2019,6,6,0.0,0.0,0.0,0.0,,,,,,,,,,110.0,110.0,,,,,,,,,,,,,,,,,,6488.0,6000.0,12488.0,,,,,369.0,0,0,0,0,0,220.0,12488.0,,,,,,36.363636,,,,
2019-06-24,2019,6,0,319.02,210.19,87.83,21.0,,,,3.89,7.09,5.42,142051.0,4735.0,2115.2,120.0,120.0,38.0,38.0,7.85,7.84,2764.0,15424.0,2843.0,15412.0,3511.6,3857.9,2.36,1.1,2.38,1.05,25442.0,24365.0,4621.0,6569.0,6124.0,12693.0,63.8,63.5,,,358.0,0,0,0,0,0,240.0,12693.0,63.65,8079.0945,0.179201,0.184467,13.008,33.333333,1.626,975.784133,310.116658,333.614509
2019-06-25,2019,6,1,323.03,183.54,121.57,17.92,,,,,,,,,,120.0,120.0,,,,,,,,,,,,,,,,,,6252.0,5720.0,11972.0,,,,,359.0,0,0,0,0,0,240.0,11972.0,,,,,,33.333333,,,,
2019-06-26,2019,6,2,207.12,151.53,38.61,16.98,,,,,,,,,,120.0,120.0,,,,,,,,,,,,,,,,,,6338.0,5821.0,12159.0,,,,,363.0,0,0,0,0,0,240.0,12159.0,,,,,,33.333333,,,,
2019-06-27,2019,6,3,294.04,185.27,89.84,18.93,,,,4.2,6.53,4.89,127767.0,,,120.0,120.0,37.9,38.0,7.83,7.81,2721.0,15342.0,2751.0,15465.0,,,2.54,1.09,2.4,0.97,19326.0,16225.0,,6414.0,5953.0,12367.0,68.8,68.7,,,364.0,0,0,0,0,0,240.0,12367.0,68.75,8502.3125,0.177356,0.177886,11.736,33.333333,1.467,1053.76619,,
2019-06-28,2019,6,4,308.75,157.66,131.46,19.63,,,,4.14,6.72,5.27,130541.0,,,115.0,115.0,38.0,38.0,7.86,7.84,2689.0,15421.0,2738.0,15384.0,,,2.42,1.05,2.4,1.01,21542.0,20347.0,,6039.0,5581.0,11620.0,67.7,67.5,,,397.0,0,0,0,0,0,230.0,11620.0,67.6,7855.12,0.174373,0.177977,12.121,34.782609,1.515125,958.666777,,
2019-06-29,2019,6,5,246.56,207.02,19.46,20.08,,,,,,,,,,120.0,120.0,,,,,,,,,,,,,,,,,,6577.0,6091.0,12668.0,,,,,399.0,0,0,0,0,0,240.0,12668.0,,,,,,33.333333,,,,
2019-06-30,2019,6,6,63.33,0.0,63.33,0.0,,,,,,,,,,120.0,120.0,,,,,,,,,,,,,,,,,,6286.0,5750.0,12036.0,,,,,343.0,0,0,0,0,0,240.0,12036.0,,,,,,33.333333,,,,
2019-07-01,2019,7,0,285.38,210.37,54.74,20.27,7.68,2.39,1.45,4.43,6.01,4.36,146225.0,4830.0,2064.0,120.0,120.0,38.0,38.0,7.89,7.86,2875.0,15388.0,2842.0,15352.0,3276.0,3492.0,2.36,1.0,2.46,1.06,27548.0,23608.0,4518.0,6257.0,5796.0,12053.0,67.5,67.4,,,360.0,0,0,0,0,0,240.0,12053.0,67.45,8129.7485,0.186834,0.185122,10.464,33.333333,1.308,1151.853976,314.542512,314.921159
2019-07-02,2019,7,1,292.07,183.73,88.61,19.73,7.85,1.91,0.96,4.46,5.67,4.1,133939.0,,,120.0,120.0,38.0,38.0,7.76,7.78,2731.0,15245.0,2698.0,15298.0,,,2.42,0.98,2.26,0.77,20107.0,18664.0,,5884.0,5378.0,11262.0,69.1,68.8,,,365.0,0,0,0,0,0,240.0,11262.0,68.95,7765.149,0.179141,0.176363,9.84,33.333333,1.23,1144.512195,,
2019-07-03,2019,7,2,304.08,154.37,131.33,18.38,7.65,3.88,2.36,4.48,5.49,4.2,122770.0,,,120.0,120.0,38.0,38.0,7.8,7.84,2664.0,15321.0,2631.0,15388.0,,,2.28,1.1,2.4,1.07,20000.0,16513.0,,5884.0,5424.0,11308.0,69.4,69.2,,,385.0,0,0,0,0,0,240.0,11308.0,69.3,7836.444,0.173879,0.170977,10.08,33.333333,1.26,1121.825397,,
2019-07-04,2019,7,3,289.06,188.31,81.16,19.59,7.72,2.54,1.62,4.42,5.55,4.27,125743.0,,,120.0,120.0,38.0,38.0,7.79,7.8,2685.0,15354.0,2648.0,15424.0,,,2.38,1.08,2.42,1.05,21240.0,19284.0,,5836.0,5376.0,11212.0,69.5,69.4,,,384.0,0,0,0,0,0,240.0,11212.0,69.45,7786.734,0.174873,0.17168,10.248,33.333333,1.281,1094.067135,,
2019-07-05,2019,7,4,213.85,158.37,38.53,16.95,7.48,4.06,2.74,4.64,5.23,4.02,136944.0,,,120.0,120.0,38.0,38.0,7.8,7.79,2735.0,15257.0,2762.0,15388.0,,,2.68,1.41,2.69,1.36,28455.0,21159.0,,5872.0,5457.0,11329.0,69.2,69.1,,,404.0,0,0,0,0,0,240.0,11329.0,69.15,7834.0035,0.179262,0.179491,9.648,33.333333,1.206,1174.233002,,
2019-07-06,2019,7,5,269.86,205.86,46.4,17.6,,,,,,,,,,120.0,120.0,,,,,,,,,,,,,,,,,,5923.0,5546.0,11469.0,,,,,358.0,0,0,0,0,0,240.0,11469.0,,,,,,33.333333,,,,
2019-07-07,2019,7,6,41.12,0.0,41.12,0.0,,,,,,,,,,120.0,120.0,,,,,,,,,,,,,,,,,,6207.0,5760.0,11967.0,,,,,405.0,0,0,0,0,0,240.0,11967.0,,,,,,33.333333,,,,
2019-07-08,2019,7,0,361.58,210.99,129.94,20.65,7.48,4.98,3.08,5.02,5.07,3.5,120241.0,4476.0,2194.1,120.0,120.0,38.0,38.0,7.78,7.78,2781.0,15324.0,2821.0,15325.0,3241.3,3483.2,2.49,1.11,2.63,1.24,24783.0,22772.0,4284.0,5754.0,5446.0,11200.0,69.8,69.7,,,357.0,0,0,0,0,0,240.0,11200.0,69.75,7812.0,0.18148,0.184078,8.4,33.333333,1.05,1333.333333,246.880344,265.30516
2019-07-09,2019,7,1,257.71,159.82,78.18,19.71,7.54,2.71,1.66,4.8,5.33,3.65,124524.0,,,120.0,120.0,38.0,38.0,7.8,7.79,2864.0,15362.0,2842.0,15386.0,,,2.72,1.48,2.66,1.25,23842.0,21552.0,,5434.0,5061.0,10495.0,69.6,69.5,,,379.0,0,0,0,0,0,240.0,10495.0,69.55,7299.2725,0.186434,0.184713,8.76,33.333333,1.095,1198.059361,,
2019-07-10,2019,7,2,182.35,126.55,36.97,18.83,7.66,2.41,1.36,5.14,4.98,3.41,112872.0,,,120.0,120.0,38.0,38.0,7.83,7.84,2821.0,15288.0,2805.0,15325.0,,,2.49,1.41,2.38,1.2,17889.0,18518.0,,5338.0,5028.0,10366.0,69.2,69.1,,,348.0,0,0,0,0,0,240.0,10366.0,69.15,7168.089,0.184524,0.183034,8.184,33.333333,1.023,1266.617791,,
2019-07-11,2019,7,3,290.46,183.84,88.33,18.29,,,,5.16,5.29,3.81,107720.0,,,120.0,120.0,38.0,38.0,7.84,7.8,2854.0,15212.0,2842.0,15288.0,,,2.36,1.0,2.38,1.06,16232.0,16145.0,,5312.0,4989.0,10301.0,69.5,69.4,,,362.0,0,0,0,0,0,240.0,10301.0,69.45,7154.0445,0.187615,0.185897,9.144,33.333333,1.143,1126.531059,,
2019-07-12,2019,7,4,306.1,159.16,129.91,17.03,,,,5.16,5.29,3.81,107720.0,,,120.0,120.0,38.0,38.0,7.84,7.8,2854.0,15212.0,2842.0,15288.0,,,2.36,1.0,2.38,1.06,16232.0,16145.0,,5255.0,4977.0,10232.0,69.5,69.4,,,319.0,0,0,0,0,0,240.0,10232.0,69.45,7106.124,0.187615,0.185897,9.144,33.333333,1.143,1118.985127,,
2019-07-13,2019,7,5,246.75,207.73,19.18,19.84,,,,,,,,,,108.0,106.0,,,,,,,,,,,,,,,,,,5206.0,4807.0,10013.0,,,,,285.0,0,0,0,0,0,214.0,10013.0,,,,,,37.383178,,,,
2019-07-14,2019,7,6,62.79,0.0,62.79,0.0,,,,,,,,,,120.0,120.0,,,,,,,,,,,,,,,,,,5880.0,5573.0,11453.0,,,,,285.0,0,0,0,0,0,240.0,11453.0,,,,,,33.333333,,,,
2019-07-15,2019,7,0,290.48,210.71,58.45,21.32,,,,4.52,6.42,4.68,135200.0,4468.0,2084.0,118.0,118.0,38.0,38.0,7.84,7.82,2864.0,15398.0,2882.0,15428.0,3352.0,3548.0,2.25,0.99,2.48,0.78,18158.0,18536.0,4476.0,5576.0,5207.0,10783.0,68.9,68.8,,,339.0,0,0,0,0,0,236.0,10783.0,68.85,7424.0955,0.185998,0.186803,11.0448,33.898305,1.3806,976.296538,289.866465,294.151568
2019-07-16,2019,7,1,270.18,159.13,89.47,21.58,,,,4.48,6.38,4.54,139515.0,,,125.0,125.0,38.0,38.0,7.82,7.83,2842.0,15405.0,2875.0,15405.0,,,2.38,1.05,2.34,1.08,19848.0,19645.0,,5863.0,5515.0,11378.0,68.5,68.4,,,277.0,0,0,0,0,0,250.0,11378.0,68.45,7788.241,0.184486,0.186628,11.35,32.0,1.41875,1002.46696,,
2019-07-17,2019,7,2,263.13,155.2,89.35,18.58,,,,4.14,7.11,5.73,111496.0,,,132.0,132.0,38.0,38.0,7.82,7.8,2867.0,15424.0,2821.0,15352.0,,,2.48,1.11,2.38,0.97,18538.0,20700.0,,6439.0,6113.0,12552.0,67.3,67.2,,,224.0,0,0,0,0,0,264.0,12552.0,67.25,8441.22,0.185879,0.183755,15.1272,30.30303,1.8909,829.763605,,
2019-07-18,2019,7,3,335.12,186.01,125.03,24.08,,,,4.1,6.74,5.11,123652.0,,,132.0,132.0,38.0,38.0,7.84,7.83,2821.0,15484.0,2882.0,15401.0,,,2.4,1.05,2.42,1.05,19346.0,19532.0,,6822.0,6454.0,13276.0,67.2,67.1,,,285.0,0,0,0,0,0,264.0,13276.0,67.15,8914.834,0.182188,0.187131,13.4904,30.30303,1.6863,984.107217,,
2019-07-19,2019,7,4,216.19,158.82,38.37,19.0,,,,,,,,,,124.0,124.0,,,,,,,,,,,,,,,,,,6495.0,6270.0,12765.0,,,,,313.0,0,0,0,0,0,248.0,12765.0,,,,,,32.258065,,,,
2019-07-20,2019,7,5,309.38,206.36,83.3,19.72,,,,,,,,,,120.0,120.0,,,,,,,,,,,,,,,,,,6572.0,6283.0,12855.0,,,,,360.0,0,0,0,0,0,240.0,12855.0,,,,,,33.333333,,,,
2019-07-21,2019,7,6,0.0,0.0,0.0,0.0,,,,,,,,,,123.0,123.0,,,,,,,,,,,,,,,,,,6868.0,6690.0,13558.0,,,,,369.0,0,0,0,0,0,246.0,13558.0,,,,,,32.520325,,,,
2019-07-22,2019,7,0,369.98,210.53,137.4,22.05,,,,4.25,7.02,5.57,105603.0,4039.0,1648.0,125.0,124.0,38.0,38.0,7.78,7.74,2895.0,15388.0,2924.0,15364.0,3206.0,3367.0,2.25,0.99,2.37,0.87,16686.0,13823.0,4507.0,5949.0,5701.0,11650.0,66.8,66.3,,,361.0,0,0,0,0,0,249.0,11650.0,66.55,7753.075,0.188134,0.190315,13.8693,32.128514,1.733662,839.984714,244.191646,235.467399
2019-07-23,2019,7,1,261.91,157.57,82.58,21.76,,,,3.92,6.93,5.67,139692.0,,,125.0,126.0,38.0,38.0,7.76,7.74,2862.0,15354.0,2894.0,15326.0,,,2.54,1.29,2.83,1.53,26891.0,25028.0,,5722.0,5618.0,11340.0,66.5,66.1,,,338.0,0,0,0,0,0,251.0,11340.0,66.3,7518.42,0.186401,0.188829,14.2317,31.87251,1.778962,796.812749,,
2019-07-24,2019,7,2,213.96,155.45,37.01,21.5,,,,3.89,6.76,5.5,117017.0,,,120.0,120.0,38.0,38.0,7.74,7.72,2882.0,15364.0,2824.0,15317.0,,,2.24,1.37,2.09,1.25,23241.0,21723.0,,5540.0,5407.0,10947.0,66.8,66.3,,,335.0,0,0,0,0,0,240.0,10947.0,66.55,7285.2285,0.187581,0.18437,13.2,33.333333,1.65,829.318182,,
2019-07-25,2019,7,3,299.49,186.48,89.2,23.81,,,,3.92,7.38,6.3,143840.0,,,120.0,120.0,38.0,38.0,7.75,7.73,2835.0,15405.0,2836.0,15411.0,,,2.65,1.19,2.59,1.07,21352.0,20554.0,,5856.0,5669.0,11525.0,66.1,65.7,,,295.0,0,0,0,0,0,240.0,11525.0,65.9,7594.975,0.184031,0.184024,15.12,33.333333,1.89,762.23545,,
2019-07-26,2019,7,4,264.55,159.19,85.42,19.94,,,,3.83,7.36,6.03,126970.0,,,120.0,120.0,38.0,38.0,7.72,7.7,2892.0,15288.0,2954.0,15276.0,,,2.55,1.39,1.8,1.24,19222.0,16883.0,,5984.0,5869.0,11853.0,65.4,65.1,,,359.0,0,0,0,0,0,240.0,11853.0,65.25,7734.0825,0.189168,0.193375,14.472,33.333333,1.809,819.029851,,
2019-07-27,2019,7,5,252.76,208.32,19.52,24.92,,,,,,,,,,120.0,120.0,,,,,,,,,,,,,,,,,,6279.0,6089.0,12368.0,,,,,309.0,0,0,0,0,0,240.0,12368.0,,,,,,33.333333,,,,
2019-07-28,2019,7,6,84.53,0.0,84.53,0.0,,,,,,,,,,120.0,120.0,,,,,,,,,,,,,,,,,,6454.0,6347.0,12801.0,,,,,362.0,0,0,0,0,0,240.0,12801.0,,,,,,33.333333,,,,
2019-07-29,2019,7,0,290.86,211.58,56.93,22.35,,,,3.81,7.14,5.76,128854.0,4354.0,2022.0,120.0,120.0,39.5,39.5,7.75,7.72,2845.0,15142.0,2811.0,15299.0,3489.0,3421.0,2.48,1.38,2.31,1.16,22429.0,21546.0,4484.0,5753.0,5574.0,11327.0,65.2,65.0,,,335.0,0,0,0,0,0,240.0,11327.0,65.1,7373.877,0.187888,0.183737,13.824,33.333333,1.728,819.372106,272.664437,250.814061
2019-07-30,2019,7,1,327.69,210.87,87.37,29.45,7.86,2.9,2.13,3.96,6.75,5.13,109254.0,,,120.0,120.0,39.4,39.6,7.8,7.78,2721.0,15422.0,2756.0,15385.0,,,2.27,0.9,2.21,0.78,20226.0,17400.0,,5657.0,5522.0,11179.0,65.4,65.2,,,319.0,0,0,0,0,0,240.0,11179.0,65.3,7299.887,0.176436,0.179136,12.312,33.333333,1.539,907.975958,,
2019-07-31,2019,7,2,240.19,126.82,88.97,24.4,7.82,2.32,1.46,3.96,6.83,5.39,123065.0,,,120.0,120.0,39.4,39.5,7.79,7.78,2829.0,15438.0,2846.0,15421.0,,,2.54,1.39,2.56,1.35,22727.0,19357.0,,5647.0,5526.0,11173.0,65.3,65.1,,,366.0,0,0,0,0,0,240.0,11173.0,65.2,7284.796,0.183249,0.184554,12.936,33.333333,1.617,863.713667,,
2019-08-01,2019,8,3,300.57,161.72,121.4,17.45,7.65,2.16,1.33,4.03,6.7,,116358.0,,,120.0,120.0,39.4,39.5,7.82,7.79,2752.0,15462.0,2776.0,15377.0,,,1.96,0.89,2.56,0.96,14385.0,14947.0,,5601.0,5442.0,11043.0,65.6,65.4,,,346.0,0,0,0,0,0,240.0,11043.0,65.5,7233.165,0.177985,0.180529,,33.333333,,,,
2019-08-02,2019,8,4,238.77,177.78,39.06,21.93,,,,,,,,,,120.0,120.0,,,,,,,,,,,,,,,,,,5568.0,5465.0,11033.0,,,,,356.0,0,0,0,0,0,240.0,11033.0,,,,,,33.333333,,,,
2019-08-03,2019,8,5,229.67,132.02,89.31,8.34,,,,,,,,,,120.0,120.0,,,,,,,,,,,,,,,,,,5939.0,5753.0,11692.0,,,,,359.0,0,0,0,0,0,240.0,11692.0,,,,,,33.333333,,,,
2019-08-04,2019,8,6,0.0,0.0,0.0,0.0,,,,,,,,,,120.0,120.0,,,,,,,,,,,,,,,,,,5888.0,5839.0,11727.0,,,,,358.0,0,0,0,0,0,240.0,11727.0,,,,,,33.333333,,,,
2019-08-05,2019,8,0,370.81,211.26,129.84,29.71,7.88,2.18,1.24,4.34,6.23,4.67,118737.0,4170.0,1952.0,120.0,123.0,39.7,39.9,7.86,7.81,2847.0,15486.0,2787.0,15426.0,3011.0,3533.0,2.05,1.08,2.35,1.24,24325.0,22435.0,3830.0,5597.0,5537.0,11134.0,66.8,66.3,,,351.0,0,0,0,0,0,243.0,11134.0,66.55,7409.677,0.183843,0.180669,11.3481,32.921811,1.418512,981.133406,299.911291,320.794705
2019-08-06,2019,8,1,267.14,160.8,79.05,27.29,7.72,2.87,1.64,4.5,5.69,4.4,113941.0,,,120.0,126.0,39.7,39.9,7.84,7.86,2862.0,15421.0,2821.0,15262.0,,,2.44,0.89,2.5,0.88,17426.0,17227.0,,5387.0,5523.0,10910.0,67.8,67.3,,,310.0,0,0,0,0,0,246.0,10910.0,67.55,7369.705,0.185591,0.184838,10.824,32.520325,1.353,1007.945307,,
2019-08-07,2019,8,2,166.52,128.03,38.49,0.0,7.88,2.52,1.37,4.66,5.38,3.97,108004.0,,,120.0,128.0,39.7,39.9,7.96,7.95,2884.0,15534.0,2862.0,15346.0,,,2.53,1.28,2.5,1.07,15633.0,15600.0,,5272.0,5450.0,10722.0,68.5,68.1,,,333.0,0,0,0,0,0,248.0,10722.0,68.3,7323.126,0.185657,0.186498,9.8456,32.258065,1.2307,1089.014382,,
2019-08-08,2019,8,3,251.6,162.75,88.85,0.0,7.76,1.8,0.95,5.04,4.88,3.21,107936.0,,,120.0,132.0,39.7,39.9,7.85,7.83,2845.0,15328.0,2805.0,15244.0,,,2.28,0.8,2.37,0.77,20396.0,25063.0,,5172.0,5476.0,10648.0,68.6,68.0,,,304.0,0,0,0,0,0,252.0,10648.0,68.3,7272.584,0.185608,0.184007,8.0892,31.746032,1.01115,1316.322999,,
2019-08-09,2019,8,4,279.41,128.11,130.73,20.57,7.7,3.98,2.55,5.2,5.05,3.72,141320.0,,,120.0,132.0,39.7,39.9,7.91,7.94,2805.0,15369.0,2921.0,15341.0,,,2.19,0.92,2.36,1.25,20816.0,21337.0,,5013.0,5236.0,10249.0,69.3,69.1,,,359.0,0,0,0,0,0,252.0,10249.0,69.2,7092.308,0.18251,0.190405,9.3744,31.746032,1.1718,1093.296638,,
2019-08-10,2019,8,5,300.89,237.33,39.08,24.48,,,,,,,,,,120.0,132.0,,,,,,,,,,,,,,,,,,5164.0,5385.0,10549.0,,,,,359.0,0,0,0,0,0,252.0,10549.0,,,,,,31.746032,,,,
2019-08-11,2019,8,6,69.03,27.68,41.35,0.0,,,,,,,,,,128.0,138.0,,,,,,,,,,,,,,,,,,5534.0,5816.0,11350.0,,,,,361.0,0,0,0,0,0,266.0,11350.0,,,,,,30.075188,,,,
2019-08-12,2019,8,0,266.61,186.28,58.85,21.48,7.85,2.5,1.46,5.26,5.12,3.72,102355.0,3626.0,2144.0,120.0,132.0,39.7,39.8,7.92,7.89,2855.0,15384.0,2894.0,15362.0,3411.0,3652.0,2.24,1.19,2.47,1.16,16595.0,15891.0,3916.0,5158.0,5422.0,10580.0,68.7,69.1,,,360.0,0,0,0,0,0,252.0,10580.0,68.9,7289.62,0.185582,0.188387,9.3744,31.746032,1.1718,1128.605564,384.416286,389.244043
2019-08-13,2019,8,1,294.34,179.56,88.24,26.54,7.76,4.55,2.1,5.34,4.89,3.44,110988.0,,,120.0,132.0,39.7,39.8,7.95,7.92,2764.0,15524.0,2806.0,15401.0,,,2.47,1.0,2.55,0.96,18809.0,19183.0,,4932.0,5254.0,10186.0,68.8,69.2,,,358.0,0,0,0,0,0,252.0,10186.0,69.0,7028.34,0.178047,0.182196,8.6688,31.746032,1.0836,1175.018457,,
2019-08-14,2019,8,2,302.37,158.83,123.86,19.68,7.86,3.27,1.76,5.44,4.84,3.16,110466.0,,,120.0,132.0,39.6,39.8,7.98,7.98,2721.0,15694.0,2784.0,15821.0,,,2.55,1.0,2.48,0.97,26891.0,25409.0,,4988.0,5343.0,10331.0,71.4,71.2,,,264.0,0,0,0,0,0,252.0,10331.0,71.3,7366.003,0.173378,0.175969,7.9632,31.746032,0.9954,1297.342777,,
2019-08-15,2019,8,3,276.7,157.32,97.23,22.15,7.78,4.62,3.16,5.51,4.79,3.57,111670.0,,,126.0,132.0,39.6,39.8,8.02,8.01,2746.0,15797.0,2752.0,5866.0,,,2.27,1.3,2.43,1.28,21765.0,18865.0,,5309.0,5428.0,10737.0,70.9,71.1,,,336.0,0,0,0,0,0,258.0,10737.0,71.0,7623.27,0.17383,0.469144,9.2106,31.007752,1.151325,1165.722103,,
2019-08-16,2019,8,4,217.87,179.59,19.43,18.85,7.75,5.74,3.62,5.61,4.84,3.56,110413.0,,,132.0,132.0,39.5,39.7,7.97,7.93,2705.0,15769.0,2781.0,15769.0,,,2.46,1.39,2.45,1.15,14385.0,15835.0,,5557.0,5445.0,11002.0,71.9,71.8,,,361.0,0,0,0,0,0,264.0,11002.0,71.85,7904.937,0.171539,0.176359,9.3984,30.30303,1.1748,1170.624787,,
2019-08-17,2019,8,5,245.45,156.19,89.26,0.0,,,,,,,,,,132.0,132.0,,,,,,,,,,,,,,,,,,5550.0,5334.0,10884.0,,,,,292.0,0,0,0,0,0,264.0,10884.0,,,,,,30.30303,,,,
2019-08-18,2019,8,6,0.0,0.0,0.0,0.0,,,,,,,,,,132.0,132.0,,,,,,,,,,,,,,,,,,5471.0,5346.0,10817.0,,,,,207.0,0,0,0,0,0,264.0,10817.0,,,,,,30.30303,,,,
2019-08-19,2019,8,0,340.38,186.2,132.03,22.15,8.05,,,5.64,4.9,3.67,104213.0,3913.0,2276.0,132.0,132.0,39.4,39.6,8.03,8.06,2689.0,15723.0,2731.0,15705.0,3538.0,3666.0,2.53,1.31,2.5,1.2,28910.0,22159.0,4359.0,5205.0,4986.0,10191.0,72.3,72.1,,,194.0,0,0,0,0,0,264.0,10191.0,72.2,7357.902,0.171023,0.173894,9.6888,30.30303,1.2111,1051.833044,489.312592,543.885878
2019-08-20,2019,8,1,306.51,182.04,98.91,25.56,7.88,4.19,2.73,6.23,4.63,3.42,95634.0,,,132.0,132.0,39.5,39.7,8.05,8.04,2692.0,15744.0,2759.0,15721.0,,,2.39,1.31,2.66,1.4,11934.0,13240.0,,4986.0,4814.0,9800.0,71.9,71.8,,,352.0,0,0,0,0,0,264.0,9800.0,71.85,7041.3,0.170986,0.175498,9.0288,30.30303,1.1286,1085.415559,,
2019-08-21,2019,8,2,195.06,156.64,19.97,18.45,7.96,2.62,1.7,6.09,4.73,3.41,95209.0,,,132.0,132.0,39.3,39.6,8.03,8.02,2708.0,15752.0,2722.0,15654.0,,,2.4,1.21,2.56,1.25,16755.0,26942.0,,5104.0,4986.0,10090.0,72.9,72.7,,,260.0,0,0,0,0,0,264.0,10090.0,72.8,7345.52,0.171915,0.173885,9.0024,30.30303,1.1253,1120.812228,,
2019-08-22,2019,8,3,246.89,157.98,88.91,0.0,8.24,2.21,1.26,5.93,5.08,3.71,118870.0,,,132.0,132.0,39.3,39.6,8.18,8.21,2721.0,15740.0,2739.0,15751.0,,,2.29,1.31,2.34,1.18,12058.0,10362.0,,5691.0,5407.0,11098.0,72.7,72.5,,,317.0,0,0,0,0,0,264.0,11098.0,72.6,8057.148,0.172872,0.173894,9.7944,30.30303,1.2243,1133.096463,,
2019-08-23,2019,8,4,329.52,180.85,131.03,17.64,8.03,3.69,2.13,5.92,5.1,3.71,111220.0,,,132.0,132.0,39.9,39.6,8.07,8.07,2675.0,15705.0,2754.0,15726.0,,,2.49,1.41,2.51,1.27,9530.0,10555.0,,5813.0,5505.0,11318.0,73.0,72.8,,,409.0,0,0,0,0,0,264.0,11318.0,72.9,8250.822,0.170328,0.175124,9.7944,30.30303,1.2243,1155.558278,,
2019-08-24,2019,8,5,268.28,209.38,38.45,20.45,,,,,,,,,,132.0,132.0,,,,,,,,,,,,,,,,,,5786.0,5520.0,11306.0,,,,,278.0,0,0,0,0,0,264.0,11306.0,,,,,,30.30303,,,,
2019-08-25,2019,8,6,0.0,0.0,0.0,0.0,,,,,,,,,,132.0,132.0,,,,,,,,,,,,,,,,,,6081.0,5954.0,12035.0,,,,,364.0,0,0,0,0,0,264.0,12035.0,,,,,,30.30303,,,,
2019-08-26,2019,8,0,282.85,180.91,81.17,20.77,8.08,2.23,1.27,5.79,5.02,3.63,113476.0,4103.0,2224.0,132.0,140.0,39.7,39.3,8.1,8.07,2684.0,15782.0,2792.0,15755.0,3370.0,3451.0,2.66,1.38,2.45,1.11,15906.0,11538.0,3967.0,6158.0,6129.0,12287.0,73.1,72.6,,,265.0,0,0,0,0,0,272.0,12287.0,72.85,8951.0795,0.170067,0.177214,9.8736,29.411765,1.2342,1244.42959,543.393502,513.61624
2019-08-27,2019,8,1,295.1,182.29,89.31,23.5,8.21,1.8,1.05,5.83,4.83,3.37,115874.0,,,132.0,144.0,39.7,39.3,8.14,8.12,2652.0,15756.0,2769.0,15743.0,,,2.19,1.21,2.37,1.15,17984.0,18561.0,,5922.0,6195.0,12117.0,72.9,72.5,,,363.0,0,0,0,0,0,276.0,12117.0,72.7,8809.059,0.168317,0.175888,9.3012,28.985507,1.16265,1302.735131,,
2019-08-28,2019,8,2,331.21,182.13,131.52,17.56,8.2,2.75,1.72,5.97,4.66,3.47,109763.0,,,132.0,144.0,39.7,39.3,8.13,8.11,2661.0,15721.0,2789.0,15734.0,,,2.28,1.11,2.37,1.25,21414.0,22462.0,,5603.0,5973.0,11576.0,73.3,72.9,,,362.0,0,0,0,0,0,276.0,11576.0,73.1,8462.056,0.169264,0.177259,9.5772,28.985507,1.19715,1208.704005,,
2019-08-29,2019,8,3,296.1,175.32,103.09,17.69,8.05,2.85,1.73,5.99,4.87,3.3,147724.0,,,132.0,144.0,39.8,39.4,8.16,8.12,2674.0,15776.0,2821.0,15721.0,,,2.33,1.13,2.33,0.95,13301.0,11049.0,,5823.0,6144.0,11967.0,73.5,73.1,,,333.0,0,0,0,0,0,276.0,11967.0,73.3,8771.811,0.169498,0.179442,9.108,28.985507,1.1385,1313.899868,,
2019-08-30,2019,8,4,170.04,151.72,18.32,0.0,7.93,3.08,2.31,6.0,5.28,4.17,129235.0,,,132.0,144.0,39.6,39.5,8.23,8.23,2694.0,15820.0,2894.0,15782.0,,,2.57,1.45,2.51,1.56,13341.0,17827.0,,5896.0,6444.0,12340.0,72.8,71.8,,,359.0,0,0,0,0,0,276.0,12340.0,72.3,8921.82,0.170291,0.183373,11.5092,28.985507,1.43865,1072.18573,,
2019-08-31,2019,8,5,285.49,179.14,82.52,23.83,,,,,,,,,,132.0,144.0,,,,,,,,,,,,,,,,,,5915.0,6614.0,12529.0,,,,,362.0,0,0,0,0,0,276.0,12529.0,,,,,,28.985507,,,,
2019-09-01,2019,9,6,0.0,0.0,0.0,0.0,,,,,,,,,,132.0,144.0,,,,,,,,,,,,,,,,,,5783.0,6746.0,12529.0,,,,,363.0,0,0,0,0,0,276.0,12529.0,,,,,,28.985507,,,,
2019-09-02,2019,9,0,325.43,210.5,94.75,20.18,8.16,2.04,1.31,5.88,5.69,3.96,122561.0,4251.0,2278.0,129.0,144.0,39.4,39.5,8.18,8.23,3097.0,15424.0,2921.0,16098.0,3206.0,3376.0,2.36,1.19,2.35,1.14,17413.0,18433.0,3770.0,5807.0,6928.0,12735.0,70.4,72.0,,,358.0,0,0,0,0,0,273.0,12735.0,71.2,9067.32,0.200791,0.181451,10.8108,29.304029,1.35135,1177.988678,592.508503,688.136198
2019-09-03,2019,9,1,226.41,128.06,80.51,17.84,8.38,1.8,1.11,5.48,6.9,5.1,157436.0,,,96.0,144.0,39.5,39.6,8.2,8.22,3264.0,15528.0,2853.0,16055.0,,,2.5,0.32,2.4,1.21,19769.0,20532.0,,5547.0,7231.0,12778.0,70.0,71.5,,,331.0,0,0,0,0,0,240.0,12778.0,70.75,9040.435,0.210201,0.177702,12.24,33.333333,1.53,1043.954248,,
2019-09-04,2019,9,2,332.99,235.51,77.87,19.61,8.24,2.11,1.45,5.73,6.11,4.44,125053.0,,,54.0,83.0,39.4,39.4,8.24,8.25,3184.0,15484.0,2821.0,16105.0,,,2.65,1.59,2.68,1.45,18157.0,16670.0,,4514.0,6227.0,10741.0,71.3,72.5,,,275.0,0,0,0,0,0,137.0,10741.0,71.9,7722.779,0.205632,0.175163,6.0828,58.394161,0.76035,1765.798645,,
2019-09-05,2019,9,3,290.2,183.24,86.87,20.09,8.5,2.4,1.45,5.99,5.99,4.39,123971.0,,,76.0,96.0,39.4,39.4,8.31,8.32,3154.0,15505.0,2758.0,16022.0,,,2.46,1.49,2.38,1.25,19325.0,17154.0,,4559.0,5063.0,9622.0,72.5,72.8,,,292.0,0,0,0,0,0,172.0,9622.0,72.65,6990.383,0.203418,0.172138,7.5508,46.511628,0.94385,1274.302061,,
2019-09-06,2019,9,4,287.67,180.61,88.45,18.61,8.41,2.11,1.35,5.95,5.83,3.96,134308.0,,,96.0,108.0,39.4,39.4,8.35,8.36,3010.0,15544.0,2823.0,16076.0,,,2.59,1.17,2.61,1.27,21687.0,21179.0,,4763.0,5166.0,9929.0,73.6,72.0,,,340.0,0,0,0,0,0,204.0,9929.0,72.8,7228.312,0.193644,0.175603,8.0784,39.215686,1.0098,1229.080016,,
2019-09-07,2019,9,5,355.75,211.2,123.86,20.69,,,,,,,,,,96.0,108.0,,,,,,,,,,,,,,,,,,4924.0,5182.0,10106.0,,,,,347.0,0,0,0,0,0,204.0,10106.0,,,,,,39.215686,,,,
2019-09-08,2019,9,6,0.0,0.0,0.0,0.0,,,,,,,,,,96.0,108.0,,,,,,,,,,,,,,,,,,4851.0,5236.0,10087.0,,,,,271.0,0,0,0,0,0,204.0,10087.0,,,,,,39.215686,,,,
2019-09-09,2019,9,0,270.79,211.81,38.0,20.98,8.18,2.35,1.52,5.96,5.62,4.44,117321.0,4275.0,3541.0,96.0,108.0,39.5,39.5,8.39,8.4,2865.0,15444.0,2885.0,15892.0,2164.0,3625.0,2.56,1.5,2.65,1.44,17283.0,15497.0,4535.0,4906.0,5221.0,10127.0,71.7,70.7,,,262.0,0,0,0,0,0,204.0,10127.0,71.2,7210.424,0.185509,0.181538,9.0576,39.215686,1.1322,1118.066596,584.50222,995.664712
2019-09-10,2019,9,1,330.12,213.94,88.94,27.24,7.94,2.29,1.25,5.81,5.82,4.21,119066.0,,,96.0,108.0,39.5,39.5,8.21,8.27,2926.0,16052.0,2821.0,16521.0,,,2.54,1.29,2.46,1.15,16075.0,22352.0,,4877.0,5127.0,10004.0,72.8,71.6,,,360.0,0,0,0,0,0,204.0,10004.0,72.2,7222.888,0.182283,0.170752,8.5884,39.215686,1.07355,1164.826976,,
2019-09-11,2019,9,2,267.36,158.6,89.28,19.48,8.01,1.96,1.04,5.89,5.57,3.39,131426.0,,,96.0,109.0,39.4,39.5,8.07,8.05,3002.0,16444.0,3085.0,16942.0,,,2.37,1.2,2.54,1.05,20357.0,21442.0,,4759.0,5072.0,9831.0,70.7,70.3,,,317.0,0,0,0,0,0,205.0,9831.0,70.5,6930.855,0.182559,0.182092,6.9495,39.02439,0.868688,1414.634146,,
2019-09-12,2019,9,3,308.13,185.55,78.83,43.75,,,,,,,,,,112.0,111.0,,,,,,,,,,,,,,,,,,5175.0,5251.0,10426.0,,,,,341.0,0,0,0,0,0,223.0,10426.0,,,,,,35.874439,,,,
2019-09-13,2019,9,4,0.0,0.0,0.0,0.0,,,,,,,,,,120.0,120.0,,,,,,,,,,,,,,,,,,5627.0,5910.0,11537.0,,,,,288.0,0,0,0,0,0,240.0,11537.0,,,,,,33.333333,,,,
2019-09-14,2019,9,5,210.48,210.48,0.0,0.0,,,,,,,,,,120.0,125.0,,,,,,,,,,,,,,,,,,6131.0,6427.0,12558.0,,,,,363.0,0,0,0,0,0,245.0,12558.0,,,,,,32.653061,,,,
2019-09-15,2019,9,6,108.42,0.0,82.45,25.97,,,,,,,,,,120.0,132.0,,,,,,,,,,,,,,,,,,6186.0,6742.0,12928.0,,,,,178.0,0,0,0,0,0,252.0,12928.0,,,,,,31.746032,,,,
2019-09-16,2019,9,0,397.16,239.6,138.3,19.26,8.1,2.17,1.05,5.94,5.27,3.79,135142.0,4914.0,2502.0,120.0,132.0,39.4,39.4,7.94,7.94,2842.0,16186.0,2715.0,16844.0,3350.0,3322.0,2.59,1.01,2.47,0.87,18605.0,18936.0,4560.0,6263.0,6479.0,12742.0,72.2,72.4,,,334.0,0,0,0,0,0,252.0,12742.0,72.3,9212.466,0.175584,0.161185,9.5508,31.746032,1.19385,1334.129078,386.601514,383.370217
2019-09-17,2019,9,1,201.69,158.94,19.8,22.95,7.96,1.99,1.24,5.89,5.02,3.72,130738.0,,,125.0,132.0,39.4,39.4,7.96,7.95,3024.0,16284.0,2656.0,16705.0,,,2.61,1.32,2.49,1.26,25849.0,18593.0,,6303.0,6413.0,12716.0,73.0,73.6,,,302.0,0,0,0,0,0,257.0,12716.0,73.3,9320.828,0.185704,0.158994,9.5604,31.128405,1.19505,1330.069872,,
2019-09-18,2019,9,2,203.7,184.8,0.0,18.9,7.48,1.91,1.15,5.58,5.35,4.04,127777.0,,,132.0,132.0,39.4,39.4,8.0,7.99,3165.0,16052.0,2542.0,16688.0,,,2.35,1.19,2.38,1.16,27151.0,19589.0,,6657.0,6591.0,13248.0,72.1,73.4,,,323.0,0,0,0,0,0,264.0,13248.0,72.75,9637.92,0.197172,0.152325,10.6656,30.30303,1.3332,1242.124212,,
2019-09-19,2019,9,3,422.59,212.51,189.91,20.17,7.64,2.08,1.19,5.61,5.49,4.21,146665.0,,,132.0,132.0,39.4,39.4,8.02,8.01,3054.0,16422.0,2584.0,16411.0,,,2.38,1.09,2.4,1.19,22733.0,22030.0,,6924.0,6595.0,13519.0,72.9,73.1,,,364.0,0,0,0,0,0,264.0,13519.0,73.0,9868.87,0.18597,0.157455,11.1144,30.30303,1.3893,1216.34996,,
2019-09-20,2019,9,4,288.98,181.39,90.01,17.58,8.02,2.82,1.62,5.34,5.19,3.62,129607.0,,,132.0,132.0,39.5,39.5,7.98,7.97,2926.0,16232.0,2621.0,16324.0,,,2.47,1.2,2.55,1.25,20294.0,17953.0,,6859.0,6540.0,13399.0,73.9,73.3,,,348.0,0,0,0,0,0,264.0,13399.0,73.6,9861.664,0.180261,0.160561,9.5568,30.30303,1.1946,1402.038339,,
2019-09-21,2019,9,5,325.09,182.59,121.76,20.74,,,,,,,,,,132.0,132.0,,,,,,,,,,,,,,,,,,6739.0,6364.0,13103.0,,,,,363.0,0,0,0,0,0,264.0,13103.0,,,,,,30.30303,,,,
2019-09-22,2019,9,6,0.0,0.0,0.0,0.0,,,,,,,,,,132.0,132.0,,,,,,,,,,,,,,,,,,7094.0,6437.0,13531.0,,,,,363.0,0,0,0,0,0,264.0,13531.0,,,,,,30.30303,,,,
2019-09-23,2019,9,0,268.85,213.39,36.74,18.72,7.53,4.19,2.61,5.34,5.26,37.2,125967.0,4701.0,2271.0,132.0,132.0,39.2,39.3,8.0,7.98,2587.0,16778.0,2403.0,17298.0,3632.0,3503.0,2.4,0.9,2.43,1.04,17909.0,16438.0,4708.0,6787.0,6517.0,13304.0,73.1,71.9,,,363.0,0,0,0,0,0,264.0,13304.0,72.5,9645.4,0.15419,0.138918,98.208,30.30303,12.276,135.467579,467.879337,435.916807
2019-09-24,2019,9,1,288.19,182.0,88.53,17.66,7.91,1.72,1.16,5.28,5.28,3.9,122979.0,,,132.0,132.0,39.1,39.5,7.97,7.94,2632.0,16842.0,2355.0,17154.0,,,2.49,1.41,2.46,1.15,20094.0,20166.0,,6471.0,6193.0,12664.0,73.0,72.5,,,280.0,0,0,0,0,0,264.0,12664.0,72.75,9213.06,0.156276,0.137286,10.296,30.30303,1.287,1229.99223,,
2019-09-25,2019,9,2,200.95,183.17,0.0,17.78,7.97,2.19,1.25,5.54,5.05,3.65,115138.0,,,132.0,132.0,38.9,39.5,8.01,8.01,2466.0,16218.0,2635.0,16978.0,,,2.45,1.38,2.49,1.26,16252.0,17098.0,,6280.0,6052.0,12332.0,73.2,72.7,,,296.0,0,0,0,0,0,264.0,12332.0,72.95,8996.194,0.152053,0.155201,9.636,30.30303,1.2045,1279.784143,,
2019-09-26,2019,9,3,224.74,204.02,0.0,20.72,7.72,2.98,1.66,5.51,4.86,3.55,125655.0,,,132.0,132.0,39.1,39.3,8.01,8.0,2495.0,16325.0,2534.0,16544.0,,,2.37,1.3,2.4,1.17,18357.0,20691.0,,6215.0,5924.0,12139.0,72.7,72.4,,,371.0,0,0,0,0,0,264.0,12139.0,72.55,8806.8445,0.152833,0.153167,9.372,30.30303,1.1715,1295.241144,,
2019-09-27,2019,9,4,171.31,153.64,0.0,17.67,7.98,4.46,2.57,5.57,5.46,4.24,134645.0,,,132.0,132.0,39.1,39.3,8.09,8.06,2522.0,16330.0,2540.0,16551.0,,,2.62,1.66,2.9,1.66,21579.0,21023.0,,6245.0,6107.0,12352.0,72.5,72.2,,,362.0,0,0,0,0,0,264.0,12352.0,72.35,8936.672,0.15444,0.153465,11.1936,30.30303,1.3992,1103.487707,,
2019-09-28,2019,9,5,360.04,208.36,132.29,19.39,,,,,,,,,,132.0,132.0,,,,,,,,,,,,,,,,,,6448.0,6166.0,12614.0,,,,,363.0,0,0,0,0,0,264.0,12614.0,,,,,,30.30303,,,,
2019-09-29,2019,9,6,27.34,27.34,0.0,0.0,,,,,,,,,,132.0,132.0,,,,,,,,,,,,,,,,,,6610.0,6355.0,12965.0,,,,,211.0,0,0,0,0,0,264.0,12965.0,,,,,,30.30303,,,,
2019-09-30,2019,9,0,340.17,184.72,133.04,22.41,7.64,4.39,2.59,5.53,5.22,3.73,128980.0,4207.0,1880.0,132.0,132.0,38.9,39.3,7.9,7.88,2464.0,16518.0,2372.0,16218.0,3469.0,3729.0,2.38,1.2,2.39,1.28,25932.0,21986.0,4270.0,6471.0,6199.0,12670.0,72.5,72.2,,,301.0,0,0,0,0,0,264.0,12670.0,72.35,9166.745,0.149171,0.146257,9.8472,30.30303,1.2309,1286.660167,358.366373,378.282203
2019-10-01,2019,10,1,306.1,184.38,97.87,23.85,7.84,5.23,3.25,5.7,5.11,3.71,124545.0,,,105.0,104.0,38.7,39.3,8.1,8.06,2582.0,16424.0,2352.0,16382.0,0.16,0.14,2.71,1.42,2.61,1.23,19139.0,17404.0,,5207.0,4882.0,10089.0,72.7,72.4,,,363.0,0,0,0,0,0,209.0,10089.0,72.55,7319.5695,0.157209,0.143572,7.7539,38.277512,0.969238,1301.151679,0.024435,0.020431
2019-10-02,2019,10,2,214.99,180.6,18.9,15.49,7.75,3.37,2.14,5.77,4.62,3.41,112096.0,,,132.0,132.0,39.3,39.5,8.03,8.0,2497.0,17058.0,2469.0,17248.0,,,2.27,1.1,2.29,1.16,18529.0,18027.0,,5717.0,5516.0,11233.0,73.0,72.9,,,358.0,0,0,0,0,0,264.0,11233.0,72.95,8194.4735,0.146383,0.143147,9.0024,30.30303,1.1253,1247.77837,,
2019-10-03,2019,10,3,335.21,183.01,136.64,15.56,8.16,2.96,1.55,5.86,4.85,3.38,113906.0,,,132.0,132.0,39.1,39.4,8.02,8.0,2436.0,16921.0,2394.0,17023.0,,,2.15,0.89,2.46,1.05,22286.0,18866.0,,5870.0,5712.0,11582.0,72.6,72.5,,,363.0,0,0,0,0,0,264.0,11582.0,72.55,8402.741,0.143963,0.140633,8.9232,30.30303,1.1154,1297.964856,,
2019-10-04,2019,10,4,264.18,205.21,41.44,17.53,7.55,5.06,3.06,5.92,4.84,3.0,107433.0,,,132.0,132.0,39.0,39.3,8.0,7.99,2523.0,16982.0,2369.0,17154.0,,,2.33,0.88,2.32,1.14,20020.0,19082.0,,5808.0,5533.0,11341.0,73.6,73.3,,,363.0,0,0,0,0,0,264.0,11341.0,73.45,8329.9645,0.148569,0.138102,7.92,30.30303,0.99,1431.944444,,
2019-10-05,2019,10,5,266.28,208.65,37.21,20.42,,,,,,,,,,132.0,132.0,,,,,,,,,,,,,,,,,,5711.0,5600.0,11311.0,,,,,363.0,0,0,0,0,0,264.0,11311.0,,,,,,30.30303,,,,
2019-10-06,2019,10,6,0.0,0.0,0.0,0.0,,,,,,,,,,132.0,132.0,,,,,,,,,,,,,,,,,,5832.0,5566.0,11398.0,,,,,363.0,0,0,0,0,0,264.0,11398.0,,,,,,30.30303,,,,
2019-10-07,2019,10,0,285.32,185.56,78.01,21.75,7.94,2.75,1.25,5.89,4.83,3.15,108573.0,4687.0,2148.0,132.0,132.0,38.8,39.5,8.03,8.01,2421.0,17242.0,2388.0,16983.0,3576.0,3809.0,2.07,0.96,2.02,1.01,18844.0,18704.0,4345.0,5854.0,5631.0,11485.0,73.1,72.9,,,363.0,0,0,0,0,0,264.0,11485.0,73.0,8384.05,0.140413,0.140611,8.316,30.30303,1.0395,1381.072631,478.312362,509.064281
2019-10-08,2019,10,1,369.36,216.31,136.55,16.5,7.88,4.17,2.37,5.9,5.05,3.65,119243.0,,,132.0,132.0,39.1,39.3,8.02,8.09,2532.0,17136.0,2392.0,16979.0,,,2.41,0.98,2.86,1.26,20136.0,19543.0,,5647.0,5401.0,11048.0,72.9,72.6,,,358.0,0,0,0,0,0,264.0,11048.0,72.75,8037.42,0.147759,0.14088,9.636,30.30303,1.2045,1146.533831,,
2019-10-09,2019,10,2,253.27,151.26,84.68,17.33,7.71,5.04,3.05,5.94,5.56,3.96,123551.0,,,132.0,132.0,39.1,39.3,8.03,8.01,2418.0,17236.0,2534.0,17323.0,,,2.33,0.85,2.45,0.96,19542.0,18254.0,,5556.0,5256.0,10812.0,73.1,72.7,,,362.0,0,0,0,0,0,264.0,10812.0,72.9,7881.948,0.140288,0.14628,10.4544,30.30303,1.3068,1034.205693,,
2019-10-10,2019,10,3,323.79,207.06,98.85,17.88,7.91,1.87,0.99,5.91,5.37,3.58,121362.0,,,132.0,132.0,39.2,39.5,8.14,8.11,2463.0,17352.0,2469.0,17136.0,,,2.87,1.26,2.66,1.06,21532.0,19423.0,,5527.0,5373.0,10900.0,72.8,72.5,,,362.0,0,0,0,0,0,264.0,10900.0,72.65,7918.85,0.141943,0.144083,9.4512,30.30303,1.1814,1153.292704,,
2019-10-11,2019,10,4,213.64,177.4,19.07,17.17,7.7,4.67,2.69,5.91,4.97,3.47,116232.0,,,132.0,132.0,39.2,39.5,8.03,8.04,2405.0,17153.0,2499.0,17465.0,,,2.88,1.04,2.44,0.86,20527.0,19794.0,,5679.0,5373.0,11052.0,72.6,72.4,,,362.0,0,0,0,0,0,264.0,11052.0,72.5,8012.7,0.140209,0.143086,9.1608,30.30303,1.1451,1206.444852,,
2019-10-12,2019,10,5,266.32,205.74,41.58,19.0,,,,,,,,,,132.0,132.0,,,,,,,,,,,,,,,,,,5869.0,5712.0,11581.0,,,,,360.0,0,0,0,0,0,264.0,11581.0,,,,,,30.30303,,,,
2019-10-13,2019,10,6,73.53,25.94,47.59,0.0,,,,,,,,,,132.0,132.0,,,,,,,,,,,,,,,,,,6721.0,6579.0,13300.0,,,,,363.0,0,0,0,0,0,264.0,13300.0,,,,,,30.30303,,,,
2019-10-14,2019,10,0,355.71,203.37,131.34,21.0,8.0,1.26,0.78,5.53,6.47,4.86,151990.0,4297.0,1688.0,128.0,127.0,39.2,39.5,8.06,8.03,2578.0,16668.0,2395.0,16548.0,3816.0,3795.0,2.87,1.65,2.4,1.07,24052.0,19244.0,4576.0,6977.0,6855.0,13832.0,70.4,71.4,,,363.0,0,0,0,0,0,255.0,13832.0,70.9,9806.888,0.154668,0.14473,12.393,31.372549,1.549125,1116.113935,553.841928,527.772253
2019-10-15,2019,10,1,277.34,178.86,82.07,16.41,7.66,1.8,1.24,5.51,5.98,5.41,122264.0,,,126.0,126.0,38.4,39.4,7.98,7.98,2621.0,16755.0,2425.0,16436.0,,,2.54,1.38,2.47,1.34,21660.0,25190.0,,6630.0,6251.0,12881.0,71.0,71.4,,,359.0,0,0,0,0,0,252.0,12881.0,71.2,9171.272,0.156431,0.147542,13.6332,31.746032,1.70415,944.825866,,
2019-10-16,2019,10,2,236.72,182.14,36.15,18.43,7.77,1.85,1.27,5.26,6.26,4.87,142304.0,,,126.0,126.0,38.3,39.6,8.11,8.12,2550.0,16858.0,2610.0,17048.0,,,2.72,1.13,2.39,1.16,19205.0,18941.0,,6790.0,6393.0,13183.0,71.8,70.9,,,342.0,0,0,0,0,0,252.0,13183.0,71.35,9406.0705,0.151263,0.153097,12.2724,31.746032,1.53405,1074.199016,,
2019-10-17,2019,10,3,309.06,201.92,89.25,17.89,7.98,2.21,1.45,4.94,7.0,5.54,158464.0,,,117.0,116.0,38.4,39.5,8.04,8.05,2689.0,16563.0,2673.0,16893.0,,,2.13,1.23,2.48,1.2,22746.0,11850.0,,6804.0,6425.0,13229.0,70.4,70.3,,,362.0,0,0,0,0,0,233.0,13229.0,70.35,9306.6015,0.16235,0.158231,12.9082,34.334764,1.613525,1024.852419,,
2019-10-18,2019,10,4,286.29,180.89,89.04,16.36,7.93,2.04,1.27,4.46,7.59,6.04,163353.0,,,125.0,124.0,38.3,39.0,8.06,8.07,1854.0,18098.0,1985.0,17548.0,,,3.0,1.34,2.45,1.15,18161.0,20865.0,,7143.0,6772.0,13915.0,68.2,68.5,,,363.0,0,0,0,0,0,249.0,13915.0,68.35,9510.9025,0.102442,0.113118,15.0396,32.128514,1.87995,925.224075,,
2019-10-19,2019,10,5,291.12,173.23,99.84,18.05,,,,,,,,,,115.0,115.0,,,,,,,,,,,,,,,,,,6967.0,6551.0,13518.0,,,,,319.0,0,0,0,0,0,230.0,13518.0,,,,,,34.782609,,,,
2019-10-20,2019,10,6,0.0,0.0,0.0,0.0,,,,,,,,,,120.0,120.0,,,,,,,,,,,,,,,,,,7065.0,6737.0,13802.0,,,,,364.0,0,0,0,0,0,240.0,13802.0,,,,,,33.333333,,,,
2019-10-21,2019,10,0,252.95,154.45,78.34,20.16,7.66,3.07,1.46,4.24,7.69,5.72,136711.0,4132.0,1631.0,118.0,118.0,39.3,39.4,7.94,7.94,2864.0,16578.0,3052.0,16568.0,3573.0,3681.0,2.45,0.77,2.45,0.86,18756.0,19872.0,4451.0,6957.0,6593.0,13550.0,67.8,67.9,,,363.0,0,0,0,0,0,236.0,13550.0,67.85,9193.675,0.172759,0.184211,13.4992,33.898305,1.6874,1003.763186,409.994478,424.800051
2019-10-22,2019,10,1,309.76,205.01,88.05,16.7,7.82,1.82,1.06,4.03,7.79,6.16,127077.0,,,120.0,120.0,38.9,39.3,7.92,7.92,2952.0,16348.0,2957.0,16443.0,,,2.37,0.9,2.28,0.87,27330.0,25793.0,,6632.0,6317.0,12949.0,67.8,67.4,,,359.0,0,0,0,0,0,240.0,12949.0,67.6,8753.524,0.180573,0.179833,14.784,33.333333,1.848,875.879329,,
2019-10-23,2019,10,2,287.18,180.35,89.07,17.76,7.79,1.83,1.17,4.03,7.73,6.32,136127.0,,,111.0,110.0,,39.1,7.9,7.9,2916.0,16285.0,3198.0,16243.0,,,2.64,1.29,2.56,1.34,20442.0,21066.0,,6311.0,5880.0,12191.0,66.7,67.2,,,332.0,0,0,0,0,0,221.0,12191.0,66.95,8161.8745,0.17906,0.196885,13.9672,36.199095,1.7459,872.830632,,
2019-10-24,2019,10,3,276.68,176.82,82.48,17.38,7.87,1.72,0.97,4.02,7.68,5.85,134049.0,,,108.0,108.0,39.3,,7.96,,2826.0,16424.0,,,,,2.45,0.86,,,15993.0,,,5890.0,5601.0,11491.0,66.5,67.1,,,343.0,0,0,0,0,0,216.0,11491.0,66.8,7675.988,0.172065,,12.636,37.037037,1.5795,909.385882,,
2019-10-25,2019,10,4,301.29,204.44,79.16,17.69,7.98,2.05,1.24,4.08,7.6,5.94,138460.0,,,108.0,108.0,39.3,39.1,7.94,7.92,2943.0,16328.0,2894.0,16347.0,,,2.54,1.08,2.46,0.95,17354.0,20254.0,,5786.0,5542.0,11328.0,65.2,65.6,,,319.0,0,0,0,0,0,216.0,11328.0,65.4,7408.512,0.180243,0.177036,12.8304,37.037037,1.6038,882.903105,,
2019-10-26,2019,10,5,282.14,173.58,89.82,18.74,,,,,,,,,,108.0,108.0,,,,,,,,,,,,,,,,,,5713.0,5488.0,11201.0,,,,,283.0,0,0,0,0,0,216.0,11201.0,,,,,,37.037037,,,,
2019-10-27,2019,10,6,0.0,0.0,0.0,0.0,,,,,,,,,,108.0,108.0,,,,,,,,,,,,,,,,,,5752.0,5537.0,11289.0,,,,,414.0,0,0,0,0,0,216.0,11289.0,,,,,,37.037037,,,,
2019-10-28,2019,10,0,262.39,154.36,88.91,19.12,7.9,1.43,0.67,4.07,7.39,5.69,131229.0,4646.0,1608.0,108.0,108.0,38.9,38.8,7.92,7.91,2643.0,16288.0,2816.0,16112.0,3384.0,3379.0,2.46,0.9,2.47,1.06,17714.0,17089.0,4527.0,5753.0,5511.0,11264.0,67.8,67.6,,,316.0,0,0,0,0,0,216.0,11264.0,67.7,7625.728,0.162267,0.174777,12.2904,37.037037,1.5363,916.487665,364.287287,354.289146
2019-10-29,2019,10,1,317.72,202.6,98.7,16.42,7.95,2.01,1.26,4.02,7.32,5.61,130542.0,,,108.0,108.0,38.7,38.6,7.91,7.92,2595.0,16496.0,2733.0,16242.0,,,2.38,0.92,2.35,0.95,16542.0,18542.0,,5555.0,5306.0,10861.0,67.1,66.9,,,315.0,0,0,0,0,0,216.0,10861.0,67.0,7276.87,0.157311,0.168267,12.1176,37.037037,1.5147,896.299597,,
2019-10-30,2019,10,2,257.12,178.97,60.85,17.3,7.86,1.72,0.97,4.13,7.22,5.69,129851.0,,,108.0,108.0,38.9,39.0,7.97,8.0,2563.0,16428.0,2757.0,16444.0,,,2.36,1.09,2.27,0.96,18892.0,15955.0,,5687.0,5440.0,11127.0,67.6,67.4,,,320.0,0,0,0,0,0,216.0,11127.0,67.5,7510.725,0.156014,0.16766,12.2904,37.037037,1.5363,905.340754,,
2019-10-31,2019,10,3,283.62,178.8,89.92,14.9,7.98,1.6,1.01,4.17,7.66,5.84,146575.0,,,108.0,108.0,38.9,38.9,8.03,8.0,2489.0,16541.0,2643.0,16389.0,,,2.39,0.91,2.45,1.02,20044.0,19437.0,,5896.0,5658.0,11554.0,67.4,67.5,,,316.0,0,0,0,0,0,216.0,11554.0,67.45,7793.173,0.150475,0.161267,12.6144,37.037037,1.5768,915.937341,,
2019-11-01,2019,11,4,321.09,174.83,128.98,17.28,7.94,1.63,0.77,4.12,7.77,5.89,132709.0,,,108.0,108.0,38.7,38.7,8.03,8.0,2496.0,16487.0,2595.0,16284.0,,,2.27,0.8,2.36,0.77,20168.0,22674.0,,5996.0,5812.0,11808.0,67.3,67.5,,,363.0,0,0,0,0,0,216.0,11808.0,67.4,7958.592,0.151392,0.159359,12.7224,37.037037,1.5903,928.126769,,
2019-11-02,2019,11,5,279.39,204.91,56.0,18.48,,,,,,,,,,108.0,108.0,,,,,,,,,,,,,,,,,,5744.0,5651.0,11395.0,,,,,326.0,0,0,0,0,0,216.0,11395.0,,,,,,37.037037,,,,
2019-11-03,2019,11,6,0.0,0.0,0.0,0.0,,,,,,,,,,108.0,108.0,,,,,,,,,,,,,,,,,,5749.0,5639.0,11388.0,,,,,304.0,0,0,0,0,0,216.0,11388.0,,,,,,37.037037,,,,
2019-11-04,2019,11,0,273.22,178.28,79.27,15.67,7.59,4.49,3.14,4.12,7.39,8.53,,,,109.0,109.0,38.9,39.0,8.21,8.19,,,,,,,2.52,1.08,2.46,1.15,,,,6045.0,5800.0,11845.0,66.6,66.8,,,246.0,0,0,0,0,0,218.0,11845.0,66.7,7900.615,,,18.5954,36.697248,2.324425,636.985491,,
2019-11-05,2019,11,1,309.14,204.25,88.51,16.38,7.82,2.33,1.37,4.19,7.34,5.8,,,,112.0,112.0,39.0,39.0,8.17,8.14,,,,,,,2.7,1.23,2.44,1.05,,,,6217.0,5980.0,12197.0,67.3,67.2,,,363.0,0,0,0,0,0,224.0,12197.0,67.25,8202.4825,,,12.992,35.714286,1.624,938.808498,,
2019-11-06,2019,11,2,344.88,150.88,176.81,17.19,8.03,2.06,1.29,4.23,7.52,6.04,,,,112.0,112.0,39.1,39.1,8.04,8.04,,,,,,,2.44,1.03,2.51,1.17,,,,6475.0,6198.0,12673.0,67.0,66.9,,,432.0,0,0,0,0,0,224.0,12673.0,66.95,8484.5735,,,13.5296,35.714286,1.6912,936.686968,,
2019-11-07,2019,11,3,244.66,148.24,77.55,18.87,7.8,3.51,2.31,4.23,7.61,6.07,,,,112.0,112.0,38.8,38.7,7.99,7.98,,,,,,,2.58,1.07,2.44,0.95,,,,6361.0,6032.0,12393.0,67.9,67.7,,,387.0,0,0,0,0,0,224.0,12393.0,67.8,8402.454,,,13.5968,35.714286,1.6996,911.464462,,
2019-11-08,2019,11,4,308.24,209.16,82.1,16.98,7.95,1.7,0.88,4.29,7.31,6.23,146289.0,,,112.0,112.0,38.9,38.9,8.1,8.12,2634.0,16951.0,2604.0,17242.0,,,2.47,1.49,2.45,1.43,26488.0,19298.0,,6237.0,5959.0,12196.0,67.7,67.4,,,334.0,0,0,0,0,0,224.0,12196.0,67.55,8238.398,0.155389,0.151027,13.9552,35.714286,1.7444,873.939463,,
2019-11-09,2019,11,5,258.58,153.24,88.24,17.1,,,,,,,,,,112.0,112.0,,,,,,,,,,,,,,,,,,6181.0,5900.0,12081.0,,,,,362.0,0,0,0,0,0,224.0,12081.0,,,,,,35.714286,,,,
2019-11-10,2019,11,6,0.0,0.0,0.0,0.0,,,,,,,,,,118.0,118.0,,,,,,,,,,,,,,,,,,6435.0,6223.0,12658.0,,,,,385.0,0,0,0,0,0,236.0,12658.0,,,,,,33.898305,,,,
2019-11-11,2019,11,0,172.52,156.7,0.0,15.82,7.74,4.89,2.97,4.18,7.53,5.64,142108.0,4534.0,1552.0,120.0,120.0,38.7,38.8,8.1,8.06,2842.0,17245.0,2543.0,17190.0,3166.0,3651.0,2.69,1.01,2.29,0.97,19597.0,19537.0,4644.0,7287.0,7012.0,14299.0,67.4,67.2,,,360.0,0,0,0,0,0,240.0,14299.0,67.3,9623.227,0.164801,0.147935,13.536,33.333333,1.692,1056.368203,483.510406,518.311859
2019-11-12,2019,11,1,164.37,149.02,0.0,15.35,7.8,4.33,2.76,4.34,6.99,5.27,157229.0,,,108.0,108.0,38.9,38.9,8.11,8.18,2736.0,17158.0,2588.0,16984.0,,,2.04,0.79,2.09,0.87,24551.0,20440.0,,6532.0,6263.0,12795.0,68.0,67.9,,,363.0,0,0,0,0,0,216.0,12795.0,67.95,8694.2025,0.159459,0.152379,11.3832,37.037037,1.4229,1124.024879,,
2019-11-13,2019,11,2,290.93,175.66,100.53,14.74,7.96,3.54,1.67,4.28,6.85,5.1,149855.0,,,108.0,108.0,38.7,38.7,8.14,8.17,2845.0,17320.0,2654.0,17110.0,,,2.24,0.95,2.13,0.94,23541.0,21554.0,,6830.0,6547.0,13377.0,68.2,68.0,,,354.0,0,0,0,0,0,216.0,13377.0,68.1,9109.737,0.164261,0.155114,11.016,37.037037,1.377,1214.324619,,
2019-11-14,2019,11,3,291.72,172.42,108.54,10.76,7.73,2.42,1.37,3.55,7.28,5.39,156342.0,,,108.0,108.0,38.9,38.9,7.96,7.95,2884.0,16980.0,2623.0,16887.0,,,1.65,0.98,2.1,0.77,29718.0,19870.0,,6911.0,6616.0,13527.0,67.1,67.3,,,243.0,0,0,0,0,0,216.0,13527.0,67.2,9090.144,0.169847,0.155327,11.6424,37.037037,1.4553,1161.87384,,
2019-11-15,2019,11,4,260.87,180.23,64.56,16.08,7.85,2.12,1.16,3.68,7.42,5.46,158435.0,,,108.0,108.0,38.8,38.7,7.94,7.97,2736.0,16846.0,2687.0,16984.0,,,2.02,0.97,2.06,0.89,24856.0,21334.0,,6445.0,6117.0,12562.0,67.6,67.8,,,360.0,0,0,0,0,0,216.0,12562.0,67.7,8504.474,0.162412,0.158208,11.7936,37.037037,1.4742,1065.153982,,
2019-11-16,2019,11,5,308.3,208.0,92.15,8.15,,,,,,,,,,108.0,108.0,,,,,,,,,,,,,,,,,,6054.0,5785.0,11839.0,,,,,329.0,0,0,0,0,0,216.0,11839.0,,,,,,37.037037,,,,
2019-11-17,2019,11,6,27.94,27.94,0.0,0.0,,,,,,,,,,80.0,80.0,,,,,,,,,,,,,,,,,,4805.0,4621.0,9426.0,,,,,181.0,0,0,0,0,0,160.0,9426.0,,,,,,50.0,,,,
2019-11-18,2019,11,0,277.23,180.78,80.95,15.5,7.7,2.43,1.28,3.76,7.71,5.78,135175.0,3899.0,1428.0,98.0,97.0,39.1,38.9,7.92,7.92,2934.0,16548.0,2784.0,16854.0,3533.0,3663.0,1.87,1.09,2.19,0.77,28499.0,22112.0,4562.0,5606.0,5343.0,10949.0,66.8,66.9,,,312.0,0,0,0,0,0,195.0,10949.0,66.85,7319.4065,0.177302,0.165183,11.271,41.025641,1.408875,971.431106,384.728206,394.321611
2019-11-19,2019,11,1,312.48,181.76,113.22,17.5,7.98,2.11,1.12,3.7,7.62,5.59,140326.0,,,97.0,97.0,39.0,38.8,7.93,7.93,3154.0,16674.0,2634.0,16669.0,,,2.04,1.11,2.15,0.84,26346.0,19854.0,,5396.0,5124.0,10520.0,67.1,67.2,,,338.0,0,0,0,0,0,194.0,10520.0,67.15,7064.18,0.189157,0.158018,10.8446,41.237113,1.355575,970.068052,,
2019-11-20,2019,11,2,258.76,178.52,65.78,14.46,7.78,3.2,1.87,3.94,7.05,5.5,145322.0,,,98.0,98.0,38.9,38.7,7.98,7.98,2943.0,16786.0,2778.0,17051.0,,,2.34,0.89,2.4,0.97,25632.0,21656.0,,5222.0,4982.0,10204.0,67.9,68.1,,,355.0,0,0,0,0,0,196.0,10204.0,68.0,6938.72,0.175325,0.162923,10.78,40.816327,1.3475,946.567718,,
2019-11-21,2019,11,3,265.58,178.95,81.61,5.02,7.87,2.84,1.48,4.05,6.89,5.39,142531.0,,,96.0,96.0,39.0,39.0,7.99,7.98,2846.0,16954.0,2661.0,17255.0,,,2.12,0.92,2.38,0.96,26443.0,20571.0,,5041.0,4779.0,9820.0,68.7,68.8,,,252.0,0,0,0,0,0,192.0,9820.0,68.75,6751.25,0.167866,0.154216,10.3488,41.666667,1.2936,948.902288,,
2019-11-22,2019,11,4,274.13,179.32,78.05,16.76,7.88,2.03,1.07,3.88,7.07,5.47,135844.0,,,96.0,96.0,38.9,38.8,7.95,7.94,2756.0,16884.0,2621.0,17065.0,,,2.24,0.79,2.42,0.95,23352.0,18783.0,,5201.0,4991.0,10192.0,67.2,67.3,,,359.0,0,0,0,0,0,192.0,10192.0,67.25,6854.12,0.163231,0.153589,10.5024,41.666667,1.3128,970.444851,,
2019-11-23,2019,11,5,278.9,177.35,88.68,12.87,,,,,,,,,,96.0,96.0,,,,,,,,,,,,,,,,,,5288.0,5073.0,10361.0,,,,,272.0,0,0,0,0,0,192.0,10361.0,,,,,,41.666667,,,,
2019-11-24,2019,11,6,0.0,0.0,0.0,0.0,,,,,,,,,,96.0,96.0,,,,,,,,,,,,,,,,,,5598.0,5352.0,10950.0,,,,,327.0,0,0,0,0,0,192.0,10950.0,,,,,,41.666667,,,,
2019-11-25,2019,11,0,279.37,154.26,113.15,11.96,7.8,1.54,1.06,3.78,7.81,6.56,143406.0,4021.0,1476.0,101.0,98.0,39.0,39.0,7.96,7.95,2691.0,16584.0,2846.0,16955.0,3185.0,3680.0,2.2,0.91,2.52,1.14,19611.0,23550.0,3519.0,5647.0,5349.0,10996.0,65.8,65.9,,,348.0,0,0,0,0,0,199.0,10996.0,65.85,7240.866,0.162265,0.167856,13.0544,40.201005,1.6318,842.321363,374.205443,423.654198
2019-11-26,2019,11,1,307.11,206.88,80.04,20.19,7.95,1.57,1.18,3.89,7.18,6.1,137639.0,,,103.0,89.0,39.1,38.9,7.96,7.92,2754.0,16723.0,2766.0,17201.0,,,2.36,1.1,2.19,1.15,24857.0,24873.0,,5346.0,4630.0,9976.0,67.1,67.4,,,245.0,0,0,0,0,0,192.0,9976.0,67.25,6708.86,0.164683,0.160805,11.712,41.666667,1.464,851.775956,,
2019-11-27,2019,11,2,281.91,180.32,80.95,20.64,7.75,1.94,1.08,3.85,7.26,5.52,138020.0,,,106.0,98.0,39.0,39.0,7.95,7.95,2621.0,16845.0,2735.0,16922.0,,,2.26,0.7,2.28,0.77,24215.0,18964.0,,5820.0,5062.0,10882.0,67.1,67.0,,,363.0,0,0,0,0,0,204.0,10882.0,67.05,7296.381,0.155595,0.161624,11.2608,39.215686,1.4076,966.361182,,
2019-11-28,2019,11,3,241.59,152.25,84.16,5.18,7.63,2.05,1.18,3.83,7.33,5.6,130941.0,,,102.0,102.0,39.1,39.0,7.93,7.92,2584.0,16751.0,2692.0,16829.0,,,2.37,0.9,2.29,0.97,21151.0,20204.0,,5545.0,5294.0,10839.0,67.4,67.3,,,358.0,0,0,0,0,0,204.0,10839.0,67.35,7300.0665,0.154259,0.159962,11.424,39.215686,1.428,948.792017,,
2019-11-29,2019,11,4,295.33,233.01,44.65,17.67,7.58,2.06,1.57,3.91,7.51,6.24,123051.0,,,83.0,83.0,39.0,38.9,7.96,7.96,2591.0,16921.0,2635.0,16754.0,,,2.11,1.12,2.31,1.26,18458.0,19874.0,,4830.0,4649.0,9479.0,67.7,67.6,,,240.0,0,0,0,0,0,166.0,9479.0,67.65,6412.5435,0.153123,0.157276,10.3584,48.192771,1.2948,915.102719,,
2019-11-30,2019,11,5,148.23,128.81,0.0,19.42,,,,,,,,,,108.0,107.0,,,,,,,,,,,,,,,,,,6278.0,5912.0,12190.0,,,,,359.0,0,0,0,0,0,215.0,12190.0,,,,,,37.209302,,,,
2019-12-01,2019,12,6,0.0,0.0,0.0,0.0,,,,,,,,,,108.0,108.0,,,,,,,,,,,,,,,,,,6676.0,6443.0,13119.0,,,,,358.0,0,0,0,0,0,216.0,13119.0,,,,,,37.037037,,,,
2019-12-02,2019,12,0,314.89,206.82,97.76,10.31,7.53,2.21,1.16,3.83,7.71,5.67,137073.0,3768.0,1216.0,102.0,102.0,39.0,39.0,7.93,7.92,2771.0,15958.0,2404.0,15288.0,3084.0,3646.0,2.48,1.01,2.43,0.85,23931.0,24073.0,3951.0,5792.0,5591.0,11383.0,67.1,67.3,,,311.0,0,0,0,0,0,204.0,11383.0,67.2,7649.376,0.173643,0.157248,11.5668,39.215686,1.44585,984.109693,340.827141,394.757475
2019-12-03,2019,12,1,298.01,183.4,89.64,24.97,7.39,4.52,3.0,3.93,7.46,5.61,135521.0,,,96.0,96.0,39.0,39.0,7.96,7.96,2585.0,15884.0,2451.0,15356.0,,,2.45,0.89,2.15,0.76,21596.0,19391.0,,5575.0,5135.0,10710.0,67.3,67.4,,,290.0,0,0,0,0,0,192.0,10710.0,67.35,7213.185,0.162742,0.159612,10.7712,41.666667,1.3464,994.318182,,
2019-12-04,2019,12,2,283.16,179.85,89.24,14.07,7.8,3.33,1.99,3.83,7.64,5.75,141011.0,,,108.0,108.0,38.8,38.9,8.08,8.07,2591.0,16090.0,2543.0,15525.0,,,2.42,0.79,2.47,0.96,23027.0,19211.0,,5982.0,5681.0,11663.0,67.6,67.0,,,358.0,0,0,0,0,0,216.0,11663.0,67.3,7849.199,0.161032,0.1638,12.42,37.037037,1.5525,939.049919,,
2019-12-05,2019,12,3,243.08,156.73,80.88,5.47,7.96,2.85,1.98,3.85,7.65,6.18,143420.0,,,108.0,108.0,39.0,38.9,8.16,8.15,,,,,,,2.46,1.24,2.56,1.15,26428.0,19628.0,,6023.0,5622.0,11645.0,67.5,67.2,,,336.0,0,0,0,0,0,216.0,11645.0,67.35,7842.9075,,,13.3488,37.037037,1.6686,872.363059,,
2019-12-06,2019,12,4,302.47,206.45,80.61,15.41,,,,,,,,,,108.0,108.0,,,,,,,,,,,,,,,,,,6064.0,5658.0,11722.0,,,,,359.0,0,0,0,0,0,216.0,11722.0,,,,,,37.037037,,,,
2019-12-07,2019,12,5,191.79,181.27,0.0,10.52,,,,,,,,,,108.0,108.0,,,,,,,,,,,,,,,,,,6208.0,5806.0,12014.0,,,,,286.0,0,0,0,0,0,216.0,12014.0,,,,,,37.037037,,,,
2019-12-08,2019,12,6,109.72,26.83,82.89,0.0,,,,,,,,,,108.0,108.0,,,,,,,,,,,,,,,,,,6825.0,6365.0,13190.0,,,,,323.0,0,0,0,0,0,216.0,13190.0,,,,,,37.037037,,,,
2019-12-09,2019,12,0,236.61,153.34,71.61,11.66,7.55,3.69,2.27,3.83,7.4,5.77,127918.0,3955.0,1378.0,108.0,108.0,39.1,39.0,8.1,8.1,2524.0,16548.0,2451.0,16326.0,3583.0,3495.0,2.1,0.92,2.38,0.96,20054.0,22733.0,4557.0,6602.0,6145.0,12747.0,66.9,66.8,,,330.0,0,0,0,0,0,216.0,12747.0,66.85,8521.3695,0.152526,0.150129,12.4632,37.037037,1.5579,1022.771038,559.27358,542.575096
2019-12-10,2019,12,1,278.67,180.78,80.23,17.66,8.19,1.44,0.97,3.8,8.6,7.02,180604.0,,,108.0,108.0,39.0,39.0,8.08,8.1,2786.0,15989.0,2688.0,15856.0,,,2.51,1.27,2.46,1.25,33053.0,31806.0,,6694.0,6251.0,12945.0,66.6,66.8,,,358.0,0,0,0,0,0,216.0,12945.0,66.7,8634.315,0.174245,0.169526,15.1632,37.037037,1.8954,853.711618,,
2019-12-11,2019,12,2,269.75,174.76,80.86,14.13,7.92,2.31,1.18,3.82,8.12,6.54,155408.0,,,108.0,108.0,39.0,39.0,8.07,8.08,2811.0,16214.0,2648.0,16031.0,,,2.48,1.12,2.43,1.04,26832.0,24163.0,,6814.0,6319.0,13133.0,66.9,67.0,,,358.0,0,0,0,0,0,216.0,13133.0,66.95,8792.5435,0.173369,0.16518,14.1264,37.037037,1.7658,929.677766,,
2019-12-12,2019,12,3,250.55,180.93,65.22,4.4,7.82,2.73,1.87,3.93,8.24,6.77,167831.0,,,108.0,108.0,39.0,39.0,8.1,8.09,2588.0,16533.0,2562.0,16441.0,,,2.28,0.9,2.19,0.77,25444.0,31769.0,,7031.0,6389.0,13420.0,66.8,66.7,,,318.0,0,0,0,0,0,216.0,13420.0,66.75,8957.85,0.156535,0.15583,14.6232,37.037037,1.8279,917.719788,,
2019-12-13,2019,12,4,288.56,180.83,87.99,19.74,7.98,2.54,1.36,3.96,8.18,6.61,159591.0,,,108.0,108.0,39.0,39.0,8.12,8.11,2532.0,16634.0,2638.0,16527.0,,,2.25,0.91,2.26,1.05,26210.0,29514.0,,7515.0,6671.0,14186.0,67.2,67.1,,,314.0,0,0,0,0,0,216.0,14186.0,67.15,9525.899,0.152218,0.159618,14.2776,37.037037,1.7847,993.584356,,
2019-12-14,2019,12,5,315.74,177.73,119.75,18.26,,,,,,,,,,108.0,108.0,,,,,,,,,,,,,,,,,,7239.0,6550.0,13789.0,,,,,296.0,0,0,0,0,0,216.0,13789.0,,,,,,37.037037,,,,
2019-12-15,2019,12,6,0.0,0.0,0.0,0.0,,,,,,,,,,108.0,108.0,,,,,,,,,,,,,,,,,,7240.0,6637.0,13877.0,,,,,305.0,0,0,0,0,0,216.0,13877.0,,,,,,37.037037,,,,
2019-12-16,2019,12,0,237.12,176.77,36.67,23.68,7.22,3.02,1.78,3.65,8.37,6.55,163117.0,4048.0,1281.0,108.0,108.0,39.0,39.0,7.82,7.8,2456.0,15842.0,2567.0,16135.0,3371.0,3500.0,1.98,1.1,2.27,0.96,30105.0,24640.0,4490.0,7439.0,6836.0,14275.0,65.2,65.4,,,362.0,0,0,0,0,0,216.0,14275.0,65.3,9321.575,0.155031,0.159095,14.148,37.037037,1.7685,1008.976534,296.519176,295.178575
2019-12-17,2019,12,1,284.75,180.41,89.15,15.19,7.6,3.0,2.24,3.84,9.11,7.59,181254.0,,,105.0,105.0,39.0,39.0,8.0,8.01,3054.0,16231.0,2984.0,16027.0,,,2.55,1.49,2.55,1.34,34526.0,31886.0,,7688.0,7102.0,14790.0,65.4,65.6,,,337.0,0,0,0,0,0,210.0,14790.0,65.5,9687.45,0.188158,0.186186,15.939,38.095238,1.992375,927.912667,,
2019-12-18,2019,12,2,261.8,179.01,65.57,17.22,8.05,2.53,1.37,3.87,8.27,6.8,165543.0,,,96.0,96.0,39.0,39.0,8.02,8.03,2854.0,16112.0,3067.0,16136.0,,,2.41,1.36,2.46,1.41,31542.0,28541.0,,7328.0,6847.0,14175.0,65.5,65.6,,,209.0,0,0,0,0,0,192.0,14175.0,65.55,9291.7125,0.177135,0.190072,13.056,41.666667,1.632,1085.707721,,
2019-12-19,2019,12,3,316.84,179.86,119.92,17.06,7.54,3.59,2.17,3.78,8.61,6.51,184427.0,,,96.0,96.0,39.0,39.0,8.1,8.09,2921.0,16544.0,2895.0,16369.0,,,2.33,0.89,2.46,0.96,35582.0,24446.0,,7213.0,6848.0,14061.0,66.1,66.2,,,319.0,0,0,0,0,0,192.0,14061.0,66.15,9301.3515,0.176559,0.176859,12.4992,41.666667,1.5624,1124.951997,,
2019-12-20,2019,12,4,266.29,209.44,36.19,20.66,7.66,2.93,1.87,4.03,8.49,7.01,181624.0,,,96.0,96.0,39.0,39.0,8.15,8.14,3105.0,16824.0,3081.0,16115.0,,,2.47,1.06,2.68,1.36,36254.0,29544.0,,6821.0,6543.0,13364.0,66.6,66.5,,,287.0,0,0,0,0,0,192.0,13364.0,66.55,8893.742,0.184558,0.191188,13.4592,41.666667,1.6824,992.926771,,
2019-12-21,2019,12,5,250.3,150.93,83.15,16.22,,,,,,,,,,96.0,96.0,,,,,,,,,,,,,,,,,,5982.0,6381.0,12363.0,,,,,286.0,0,0,0,0,0,192.0,12363.0,,,,,,41.666667,,,,
2019-12-22,2019,12,6,0.0,0.0,0.0,0.0,,,,,,,,,,99.0,96.0,,,,,,,,,,,,,,,,,,3385.0,5104.0,8489.0,,,,,160.0,0,0,0,0,0,195.0,8489.0,,,,,,41.025641,,,,
2019-12-23,2019,12,0,307.51,155.52,129.38,22.61,7.83,1.81,1.25,3.87,8.62,6.85,165140.0,4188.0,1431.0,108.0,96.0,38.3,39.0,8.18,8.17,2389.0,17542.0,2755.0,16824.0,3311.0,3651.0,1.92,0.97,1.7,1.24,20551.0,23309.0,4725.0,6034.0,5606.0,11640.0,67.7,68.4,,,292.0,0,0,0,0,0,204.0,11640.0,68.05,7921.02,0.136187,0.163754,13.974,39.215686,1.74675,832.975526,577.271729,648.320771
2019-12-24,2019,12,1,318.74,206.31,97.8,14.63,7.6,2.52,1.66,4.01,7.82,6.28,183541.0,,,109.0,100.0,38.2,39.0,8.15,8.15,2582.0,16987.0,2524.0,16966.0,,,2.42,1.08,2.36,1.15,31193.0,24611.0,,6323.0,5723.0,12046.0,67.5,67.0,,,305.0,0,0,0,0,0,209.0,12046.0,67.25,8100.935,0.151999,0.148768,13.1252,38.277512,1.64065,917.776491,,
2019-12-25,2019,12,2,185.77,152.16,18.04,15.57,7.61,2.9,1.95,4.07,8.0,6.37,161459.0,,,108.0,108.0,38.3,39.0,8.14,8.12,2644.0,17124.0,2710.0,16843.0,,,2.43,1.41,2.55,1.25,28132.0,26404.0,,6631.0,6280.0,12911.0,66.8,66.9,,,240.0,0,0,0,0,0,216.0,12911.0,66.85,8631.0035,0.154403,0.160898,13.7592,37.037037,1.7199,938.353974,,
2019-12-26,2019,12,3,258.51,152.73,88.44,17.34,7.9,3.24,1.62,4.06,8.54,6.5,163254.0,,,110.0,110.0,38.3,39.0,8.12,8.1,2488.0,17026.0,2658.0,16788.0,,,2.25,0.8,2.36,0.86,21542.0,25411.0,,7328.0,6742.0,14070.0,66.1,66.0,,,288.0,0,0,0,0,0,220.0,14070.0,66.05,9293.235,0.146129,0.158327,14.3,36.363636,1.7875,983.916084,,
2019-12-27,2019,12,4,266.81,184.0,64.88,17.93,,,,,,,,,,113.0,114.0,,,,,,,,,,,,,,,,,,7585.0,7054.0,14639.0,,,,,304.0,0,0,0,0,0,227.0,14639.0,,,,,,35.242291,,,,
2019-12-28,2019,12,5,276.31,179.3,79.38,17.63,,,,,,,,,,120.0,120.0,,,,,,,,,,,,,,,,,,7820.0,7269.0,15089.0,,,,,261.0,0,0,0,0,0,240.0,15089.0,,,,,,33.333333,,,,
2019-12-29,2019,12,6,0.0,0.0,0.0,0.0,,,,,,,,,,120.0,120.0,,,,,,,,,,,,,,,,,,7787.0,7301.0,15088.0,,,,,308.0,0,0,0,0,0,240.0,15088.0,,,,,,33.333333,,,,
2019-12-30,2019,12,0,0.0,,,,,,,,,,,,,,,,,,,,,,,,,,,,,,,,,,0.0,,,,,,0,0,0,0,0,,0.0,,,,,,,,,,
2019-12-31,2019,12,1,0.0,,,,,,,,,,,,,,,,,,,,,,,,,,,,,,,,,,0.0,,,,,,0,0,0,0,0,,0.0,,,,,,,,,,
2020-01-01,2020,1,2,256.96,152.24,89.12,15.6,7.72,2.39,1.35,4.1,7.96,6.29,152913.0,,,120.0,120.0,39.0,39.0,8.02,7.99,2584.0,16841.0,2661.0,16987.0,,,2.66,1.2,2.81,1.24,28207.0,24424.0,,7206.0,6817.0,14023.0,67.4,67.3,,,365.0,0,0,0,0,0,240.0,14023.0,67.35,9444.4905,0.153435,0.156649,15.096,33.333333,1.887,928.921569,,
2020-01-02,2020,1,3,249.36,155.12,80.28,13.96,7.64,2.94,1.88,4.02,7.05,5.68,141405.0,,,120.0,120.0,38.7,38.8,8.0,7.98,2712.0,16942.0,2694.0,17049.0,,,2.27,1.39,2.16,1.23,27625.0,29259.0,,7318.0,6861.0,14179.0,66.8,66.9,,,346.0,0,0,0,0,0,240.0,14179.0,66.85,9478.6615,0.160076,0.158015,13.632,33.333333,1.704,1040.126174,,
2020-01-03,2020,1,4,278.48,178.24,80.91,19.33,7.65,2.18,1.2,4.21,7.87,6.23,149511.0,,,105.0,105.0,39.0,38.9,8.0,7.99,2845.0,16866.0,2624.0,16964.0,,,2.26,0.9,2.5,0.78,25261.0,26468.0,,7001.0,6396.0,13397.0,65.5,66.3,,,277.0,0,0,0,0,0,210.0,13397.0,65.9,8828.623,0.168683,0.15468,13.083,38.095238,1.635375,1024.000611,,
2020-01-04,2020,1,5,164.03,145.79,,18.24,,,,,,,,,,93.0,93.0,,,,,,,,,,,,,,,,,,5992.0,5769.0,11761.0,,,,,223.0,0,0,0,0,0,186.0,11761.0,,,,,,43.010753,,,,
2020-01-05,2020,1,6,83.18,,83.18,,,,,,,,,,,120.0,120.0,,,,,,,,,,,,,,,,,,7453.0,7006.0,14459.0,,,,,390.0,0,0,0,0,0,240.0,14459.0,,,,,,33.333333,,,,
2020-01-06,2020,1,0,274.28,178.38,72.02,23.88,7.79,1.83,1.07,4.12,7.52,5.77,152401.0,4391.0,1699.8,120.0,120.0,38.8,38.8,8.02,7.99,3179.0,16139.0,2894.0,16537.0,3235.0,3416.0,2.39,1.11,2.5,0.94,30201.0,23490.0,4534.0,7087.0,6687.0,13774.0,66.5,66.6,,,308.0,0,0,0,0,0,240.0,13774.0,66.55,9166.597,0.196976,0.175002,13.848,33.333333,1.731,994.656268,424.143366,421.670801
2020-01-07,2020,1,1,248.3,154.52,79.14,14.64,7.74,2.26,1.31,4.19,7.81,6.19,151752.0,,,112.0,112.0,38.9,39.0,8.01,7.98,2951.0,16352.0,2755.0,16725.0,,,2.26,1.15,2.38,1.05,27653.0,24516.0,,6874.0,6408.0,13282.0,67.2,67.1,,,342.0,0,0,0,0,0,224.0,13282.0,67.15,8918.863,0.180467,0.164723,13.8656,35.714286,1.7332,957.910224,,
2020-01-08,2020,1,2,215.99,124.31,80.0,11.68,7.68,3.0,1.9,4.21,7.1,5.33,178142.0,,,120.0,120.0,38.9,38.9,8.0,7.99,2984.0,16424.0,2717.0,16954.0,,,2.23,0.79,2.5,0.94,26924.0,24771.0,,7036.0,6548.0,13584.0,67.0,67.2,,,401.0,0,0,0,0,0,240.0,13584.0,67.1,9114.864,0.181685,0.160257,12.792,33.333333,1.599,1061.913696,,
2020-01-09,2020,1,3,256.12,149.24,88.5,18.38,7.65,2.17,1.39,4.15,7.14,5.38,136683.0,,,120.0,120.0,39.0,39.0,8.02,8.01,3166.0,16251.0,2731.0,16884.0,,,2.83,1.23,2.38,0.97,27142.0,19245.0,,6963.0,6549.0,13512.0,67.1,67.2,,,267.0,0,0,0,0,0,240.0,13512.0,67.15,9073.308,0.194819,0.161751,12.912,33.333333,1.614,1046.468401,,
2020-01-10,2020,1,4,232.96,149.73,64.94,18.29,7.2,3.29,1.86,3.96,7.71,5.73,151663.0,,,120.0,120.0,38.9,38.9,7.74,7.72,3247.0,16375.0,2884.0,16784.0,,,2.51,1.18,2.45,1.05,25846.0,21943.0,,7093.0,6663.0,13756.0,66.3,66.5,,,358.0,0,0,0,0,0,240.0,13756.0,66.4,9133.984,0.19829,0.17183,13.752,33.333333,1.719,1000.290867,,
2020-01-11,2020,1,5,198.7,181.73,,16.97,,,,,,,,,,120.0,120.0,,,,,,,,,,,,,,,,,,7456.0,6982.0,14438.0,,,,,373.0,0,0,0,0,0,240.0,14438.0,,,,,,33.333333,,,,
2020-01-12,2020,1,6,41.4,,41.4,,,,,,,,,,,115.0,115.0,,,,,,,,,,,,,,,,,,7381.0,6857.0,14238.0,,,,,333.0,0,0,0,0,0,230.0,14238.0,,,,,,34.782609,,,,
2020-01-13,2020,1,0,297.94,179.62,96.04,22.28,7.31,2.44,1.48,3.93,7.26,5.41,145649.0,4527.0,1539.0,108.0,108.0,39.5,39.6,7.72,7.72,2671.0,15949.0,2732.0,16254.0,3531.0,3587.0,2.09,1.11,2.08,1.2,22760.0,23950.0,4736.0,6146.0,5815.0,11961.0,67.1,66.9,,,326.0,0,0,0,0,0,216.0,11961.0,67.0,8013.87,0.167471,0.168082,11.6856,37.037037,1.4607,1023.567468,258.878822,264.555471
2020-01-14,2020,1,1,274.42,124.66,135.42,14.34,7.56,2.18,1.32,3.99,7.04,5.51,142611.0,,,108.0,108.0,39.6,39.7,7.78,7.77,2664.0,15895.0,2751.0,16462.0,,,2.28,1.05,2.25,0.98,24328.0,21981.0,,6492.0,6124.0,12616.0,66.5,66.2,,,327.0,0,0,0,0,0,216.0,12616.0,66.35,8370.716,0.1676,0.167112,11.9016,37.037037,1.4877,1060.025543,,
2020-01-15,2020,1,2,227.86,149.99,66.3,11.57,7.61,2.21,1.64,4.15,7.56,6.29,149103.0,,,108.0,108.0,39.5,39.7,7.85,7.85,2813.0,16113.0,2688.0,16528.0,,,2.33,1.37,2.45,1.43,28641.0,20190.0,,6584.0,6164.0,12748.0,68.0,68.1,,,339.0,0,0,0,0,0,216.0,12748.0,68.05,8675.014,0.17458,0.162633,13.5864,37.037037,1.6983,938.291232,,
2020-01-16,2020,1,3,253.97,153.33,79.67,20.97,7.45,2.94,1.88,4.09,7.33,5.67,165045.0,,,108.0,108.0,39.6,39.8,7.82,7.81,3147.0,15926.0,2741.0,16511.0,,,2.66,1.4,2.6,1.36,39187.0,27198.0,,6707.0,6291.0,12998.0,67.4,67.3,,,319.0,0,0,0,0,0,216.0,12998.0,67.35,8754.153,0.197601,0.166011,12.2472,37.037037,1.5309,1061.303808,,
2020-01-17,2020,1,4,228.6,131.16,79.7,17.74,7.41,2.26,1.58,4.09,7.63,6.05,147231.0,,,100.0,100.0,39.9,40.0,7.84,7.84,3037.0,16079.0,2793.0,16239.0,,,2.48,1.45,2.47,1.28,26377.0,25025.0,,6451.0,6092.0,12543.0,67.6,67.5,,,358.0,0,0,0,0,0,200.0,12543.0,67.55,8472.7965,0.18888,0.171993,12.1,40.0,1.5125,1036.61157,,
2020-01-18,2020,1,5,280.57,181.66,82.65,16.26,,,,,,,,,,96.0,96.0,,,,,,,,,,,,,,,,,,6205.0,5823.0,12028.0,,,,,277.0,0,0,0,1,0,192.0,12028.0,,,,,,41.666667,,,,
2020-01-19,2020,1,6,,,,,,,,,,,,,,96.0,96.0,,,,,,,,,,,,,,,,,,5932.0,5566.0,11498.0,,,,,357.0,0,0,0,1,0,192.0,11498.0,,,,,,41.666667,,,,
2020-01-20,2020,1,0,241.7,147.37,71.53,22.8,,,,,,,,,,96.0,96.0,,,,,,,,,,,,,,,,,,5889.0,5465.0,11354.0,,,,,177.0,0,0,0,1,0,192.0,11354.0,,,,,,41.666667,,,,
2020-01-21,2020,1,1,241.81,147.31,79.83,14.67,7.5,2.52,1.57,4.16,8.13,6.34,189231.0,4745.0,1565.1,96.0,96.0,40.0,39.9,7.82,7.82,2987.0,15849.0,2654.0,16133.0,2977.0,3309.0,2.26,0.99,2.35,0.95,27887.0,33089.0,3911.0,6338.0,5967.0,12305.0,67.5,67.4,,,296.0,0,0,0,1,0,192.0,12305.0,67.45,8299.7225,0.188466,0.164508,12.1728,41.666667,1.5216,1010.860279,277.632699,306.805232
2020-01-22,2020,1,2,266.82,174.69,79.06,13.07,7.7,3.33,1.79,4.05,8.62,6.47,160433.0,,,96.0,96.0,40.0,40.0,7.86,7.86,3051.0,16024.0,2618.0,16325.0,,,2.46,0.9,2.31,0.88,17978.0,20553.0,,6602.0,6241.0,12843.0,66.8,66.7,,,202.0,0,0,0,1,0,192.0,12843.0,66.75,8572.7025,0.190402,0.160368,12.4224,41.666667,1.5528,1033.858192,,
2020-01-23,2020,1,3,258.57,149.27,87.32,21.98,7.34,2.25,1.58,4.03,7.28,5.79,146406.0,,,96.0,96.0,39.9,40.0,7.86,7.88,2943.0,15882.0,2650.0,16287.0,,,2.08,1.2,2.6,1.27,20831.0,26557.0,,6543.0,6149.0,12692.0,67.6,67.4,,,281.0,0,0,0,1,0,192.0,12692.0,67.5,8567.1,0.185304,0.162706,11.1168,41.666667,1.3896,1141.695452,,
2020-01-24,2020,1,4,307.7,227.48,41.4,38.82,,,,,,,,,,96.0,96.0,,,,,,,,,,,,,,,,,,6810.0,6365.0,13175.0,,,,,336.0,0,0,0,1,0,192.0,13175.0,,,,,,41.666667,,,,
2020-01-25,2020,1,5,46.89,46.89,,,,,,,,,,,,96.0,96.0,,,,,,,,,,,,,,,,,,6819.0,6357.0,13176.0,,,,,252.0,0,0,0,1,0,192.0,13176.0,,,,,,41.666667,,,,
2020-01-26,2020,1,6,,,,,,,,,,,,,,96.0,96.0,,,,,,,,,,,,,,,,,,6654.0,6226.0,12880.0,,,,,265.0,0,0,0,1,0,192.0,12880.0,,,,,,41.666667,,,,
2020-01-27,2020,1,0,196.91,95.97,78.45,22.49,,,,,,,,,,96.0,96.0,,,,,,,,,,,,,,,,,,6276.0,5906.0,12182.0,,,,,290.0,0,0,0,1,0,192.0,12182.0,,,,,,41.666667,,,,
2020-01-28,2020,1,1,259.11,153.71,88.61,16.79,7.11,3.21,2.45,4.05,6.06,5.12,152363.0,4436.0,1557.6,96.0,96.0,39.4,39.7,7.79,7.81,2854.0,15836.0,2716.0,16054.0,3106.0,3441.0,2.17,1.09,2.3,1.35,26192.0,24916.0,4157.0,5953.0,5578.0,11531.0,68.0,67.9,,,193.0,0,0,0,1,0,192.0,11531.0,67.95,7835.3145,0.180222,0.169179,9.8304,41.666667,1.2288,1172.993978,262.609262,308.813774
2020-01-29,2020,1,2,305.83,200.58,89.29,15.96,7.62,2.8,1.66,4.05,6.73,4.69,157258.0,,,96.0,96.0,39.6,39.9,7.81,7.82,2966.0,15793.0,2762.0,16116.0,,,2.18,0.8,2.3,0.88,37516.0,28698.0,,6185.0,5807.0,11992.0,67.5,67.4,,,363.0,0,0,0,1,0,192.0,11992.0,67.45,8088.604,0.187805,0.171382,9.0048,41.666667,1.1256,1331.734186,,
2020-01-30,2020,1,3,172.32,152.76,,19.56,7.57,2.73,1.77,3.89,7.58,5.72,156560.0,,,96.0,96.0,39.6,39.9,7.86,7.82,3041.0,15746.0,2734.0,15992.0,,,2.19,1.11,2.5,1.17,27156.0,20125.0,,6554.0,6173.0,12727.0,67.1,67.0,,,230.0,0,0,0,1,0,192.0,12727.0,67.05,8533.4535,0.193128,0.17096,10.9824,41.666667,1.3728,1158.854167,,
2020-01-31,2020,1,4,302.64,199.99,85.02,17.63,7.79,1.75,1.17,4.0,7.55,5.79,154766.0,,,96.0,96.0,39.8,39.9,7.87,7.84,2948.0,15849.0,2788.0,15489.0,,,2.13,0.79,2.21,0.87,27082.0,21673.0,,6653.0,6249.0,12902.0,66.6,66.7,,,288.0,0,0,0,1,0,192.0,12902.0,66.65,8599.183,0.186005,0.179999,11.1168,41.666667,1.3896,1160.58578,,
2020-02-01,2020,2,5,265.79,153.63,88.96,23.2,,,,,,,,,,96.0,96.0,,,,,,,,,,,,,,,,,,6078.0,5669.0,11747.0,,,,,304.0,0,0,0,1,0,192.0,11747.0,,,,,,41.666667,,,,
2020-02-02,2020,2,6,,,,,,,,,,,,,,96.0,96.0,,,,,,,,,,,,,,,,,,5821.0,5456.0,11277.0,,,,,279.0,0,0,0,1,0,192.0,11277.0,,,,,,41.666667,,,,
2020-02-03,2020,2,0,286.92,177.99,84.99,23.94,7.62,2.38,1.2,4.09,6.31,4.39,158917.0,5008.0,1538.0,96.0,96.0,40.1,39.9,7.83,7.82,2817.0,16069.0,2710.0,16207.0,3309.0,3376.0,2.38,0.91,2.36,1.15,22938.0,24641.0,4355.0,5846.0,5455.0,11301.0,67.2,67.1,,,247.0,0,0,0,1,0,192.0,11301.0,67.15,7588.6215,0.175306,0.167212,8.4288,41.666667,1.0536,1340.760251,316.929992,313.017365
2020-02-04,2020,2,1,312.43,180.35,117.32,14.76,7.53,2.64,1.48,4.15,6.6,4.85,143111.0,,,96.0,96.0,39.9,39.9,7.82,7.84,2852.0,16038.0,2683.0,16288.0,,,2.34,0.93,2.39,0.97,28343.0,26551.0,,5689.0,5337.0,11026.0,67.4,67.3,,,271.0,0,0,0,1,0,192.0,11026.0,67.35,7426.011,0.177828,0.164722,9.312,41.666667,1.164,1184.063574,,
2020-02-05,2020,2,2,229.74,176.48,37.49,15.77,7.48,3.62,2.22,4.23,6.94,5.29,151045.0,,,96.0,96.0,40.0,39.9,7.85,7.85,2826.0,16154.0,2649.0,16311.0,,,2.41,1.02,2.35,1.14,27725.0,28802.0,,5843.0,5503.0,11346.0,67.6,67.5,,,230.0,0,0,0,1,0,192.0,11346.0,67.55,7664.223,0.174941,0.162406,10.1568,41.666667,1.2696,1117.084121,,
2020-02-06,2020,2,3,231.41,127.27,88.9,15.24,7.67,2.06,1.09,4.17,7.09,5.17,147071.0,,,96.0,96.0,39.9,39.9,7.88,7.88,2894.0,15859.0,2712.0,16208.0,,,2.18,0.9,2.12,0.98,24399.0,22135.0,,6011.0,5646.0,11657.0,67.3,67.4,,,344.0,0,0,0,1,0,192.0,11657.0,67.35,7850.9895,0.182483,0.167325,9.9264,41.666667,1.2408,1174.343166,,
2020-02-07,2020,2,4,235.56,126.82,89.02,19.72,7.72,2.18,1.14,4.11,7.24,5.51,153840.0,,,96.0,96.0,39.9,39.9,7.9,7.9,2886.0,15776.0,2734.0,16105.0,,,2.24,0.95,2.3,1.01,26243.0,24310.0,,6076.0,5703.0,11779.0,67.0,66.9,,,289.0,0,0,0,1,0,192.0,11779.0,66.95,7886.0405,0.182936,0.169761,10.5792,41.666667,1.3224,1113.411222,,
2020-02-08,2020,2,5,274.89,180.06,77.02,17.81,,,,,,,,,,96.0,96.0,,,,,,,,,,,,,,,,,,6241.0,5888.0,12129.0,,,,,359.0,0,0,0,1,0,192.0,12129.0,,,,,,41.666667,,,,
2020-02-09,2020,2,6,41.95,,41.95,,,,,,,,,,,96.0,96.0,,,,,,,,,,,,,,,,,,6516.0,6140.0,12656.0,,,,,362.0,0,0,0,1,0,192.0,12656.0,,,,,,41.666667,,,,
2020-02-10,2020,2,0,236.14,177.34,36.25,22.55,7.29,3.58,2.64,4.09,7.48,6.13,175761.0,4004.0,1744.0,96.0,96.0,39.9,39.9,7.86,7.84,2684.0,16527.0,2621.0,17054.0,3499.0,3813.0,2.34,1.19,2.35,1.24,23827.0,19313.0,4513.0,6013.0,5649.0,11662.0,67.4,67.3,,,289.0,0,0,0,1,0,192.0,11662.0,67.35,7854.357,0.162401,0.153688,11.7696,41.666667,1.4712,990.857803,352.567529,368.586312
2020-02-11,2020,2,1,259.1,155.4,89.55,14.15,7.59,2.2,1.26,4.19,7.73,5.73,153972.0,,,96.0,96.0,39.9,39.9,7.88,7.86,2641.0,16551.0,2667.0,17122.0,,,2.25,0.8,2.29,0.78,31035.0,27469.0,,5885.0,5609.0,11494.0,67.1,67.1,,,281.0,0,0,0,1,0,192.0,11494.0,67.1,7712.474,0.159567,0.155765,11.0016,41.666667,1.3752,1044.757126,,
2020-02-12,2020,2,2,228.07,127.64,86.12,14.31,7.61,1.92,1.16,4.08,7.4,5.43,172810.0,,,96.0,96.0,39.9,39.9,7.83,7.81,2736.0,16328.0,2741.0,16854.0,,,2.47,1.0,2.36,0.96,22903.0,26190.0,,5800.0,5542.0,11342.0,66.7,66.8,,,253.0,0,0,0,1,0,192.0,11342.0,66.75,7570.785,0.167565,0.162632,10.4256,41.666667,1.3032,1087.899018,,
2020-02-13,2020,2,3,289.29,152.08,121.53,15.68,6.61,4.51,3.12,4.15,6.73,4.8,151270.0,,,96.0,96.0,40.1,39.8,7.83,7.8,2792.0,16424.0,2785.0,16926.0,,,2.22,0.78,2.43,0.86,25665.0,29542.0,,5547.0,5248.0,10795.0,66.4,66.6,,,331.0,0,0,0,1,0,192.0,10795.0,66.5,7178.675,0.169995,0.16454,9.216,41.666667,1.152,1171.332465,,
2020-02-14,2020,2,4,207.96,150.21,38.61,19.14,6.54,4.34,3.49,4.14,6.56,5.56,152293.0,,,96.0,96.0,40.1,39.9,7.82,7.8,2728.0,16579.0,2694.0,17058.0,,,2.37,1.04,2.4,1.11,24120.0,28887.0,,5697.0,5457.0,11154.0,66.6,66.8,,,318.0,0,0,0,1,0,192.0,11154.0,66.7,7439.718,0.164546,0.157932,10.6752,41.666667,1.3344,1044.851619,,
2020-02-15,2020,2,5,280.45,179.95,82.22,18.28,,,,,,,,,,96.0,96.0,,,,,,,,,,,,,,,,,,5992.0,5725.0,11717.0,,,,,362.0,0,0,0,1,0,192.0,11717.0,,,,,,41.666667,,,,
2020-02-16,2020,2,6,,,,,,,,,,,,,,96.0,96.0,,,,,,,,,,,,,,,,,,6086.0,5842.0,11928.0,,,,,326.0,0,0,0,1,0,192.0,11928.0,,,,,,41.666667,,,,
2020-02-17,2020,2,0,301.23,177.03,103.03,21.17,6.93,3.21,1.92,4.1,6.25,4.47,177376.0,5498.0,1843.0,96.0,96.0,40.0,40.0,7.89,7.87,2657.0,16752.0,2628.0,17154.0,3857.0,3442.0,2.34,0.82,2.05,0.67,25782.0,23374.0,5116.0,5805.0,5576.0,11381.0,67.2,67.2,,,314.0,0,0,0,1,0,192.0,11381.0,67.2,7648.032,0.158608,0.1532,8.5824,41.666667,1.0728,1326.085943,415.829096,356.113605
2020-02-18,2020,2,1,292.68,160.54,117.78,14.36,7.88,3.14,1.83,4.14,7.28,5.59,180446.0,,,96.0,96.0,,,7.86,7.85,2721.0,16854.0,2676.0,17105.0,,,2.32,1.03,2.41,1.03,26150.0,25248.0,,5517.0,5255.0,10772.0,66.8,66.7,,,263.0,0,0,0,1,0,192.0,10772.0,66.75,7190.31,0.161445,0.156445,10.7328,41.666667,1.3416,1003.652355,,
2020-02-19,2020,2,2,156.23,123.02,18.28,14.93,7.94,2.85,1.61,4.19,7.41,5.68,178699.0,,,96.0,96.0,39.9,39.9,7.85,7.86,2784.0,16754.0,2702.0,17011.0,,,2.38,1.1,2.31,0.99,27252.0,26328.0,,5621.0,5395.0,11016.0,65.8,65.9,,,334.0,0,0,0,1,0,192.0,11016.0,65.85,7254.036,0.166169,0.158838,10.9056,41.666667,1.3632,1010.123239,,
2020-02-20,2020,2,3,205.81,125.75,65.0,15.06,7.25,3.4,2.12,4.14,6.71,5.37,185544.0,,,96.0,96.0,39.8,40.0,7.83,7.86,2852.0,16824.0,2769.0,17203.0,,,2.43,1.06,2.19,0.95,28430.0,27800.0,,5431.0,5171.0,10602.0,67.0,67.0,,,281.0,0,0,0,1,0,192.0,10602.0,67.0,7103.34,0.16952,0.16096,10.3104,41.666667,1.2888,1028.282123,,
2020-02-21,2020,2,4,314.11,148.75,147.6,17.76,7.82,2.17,1.33,4.33,6.49,5.01,182315.0,,,96.0,96.0,39.9,39.9,7.86,7.87,2815.0,16804.0,2791.0,17154.0,,,2.46,1.19,2.39,1.12,29234.0,28241.0,,5465.0,5249.0,10714.0,66.4,66.5,,,347.0,0,0,0,1,0,192.0,10714.0,66.45,7119.453,0.16752,0.162703,9.6192,41.666667,1.2024,1113.814039,,
2020-02-22,2020,2,5,125.25,74.24,35.64,15.37,,,,,,,,,,96.0,96.0,,,,,,,,,,,,,,,,,,6108.0,5816.0,11924.0,,,,,363.0,0,0,0,1,0,192.0,11924.0,,,,,,41.666667,,,,
2020-02-23,2020,2,6,,,,,,,,,,,,,,96.0,96.0,,,,,,,,,,,,,,,,,,6423.0,6140.0,12563.0,,,,,356.0,0,0,0,1,0,192.0,12563.0,,,,,,41.666667,,,,
2020-02-24,2020,2,0,185.1,126.58,37.18,21.34,7.43,3.67,2.5,4.02,8.72,7.24,189006.0,7912.0,2370.0,96.0,96.0,40.0,40.0,7.87,7.86,2904.0,17013.0,2849.0,17148.0,4224.0,4314.0,2.35,1.19,2.22,1.22,34952.0,27276.0,6071.0,6794.0,6467.0,13261.0,68.6,68.5,,,205.0,0,0,0,1,0,192.0,13261.0,68.55,9090.4155,0.170693,0.166142,13.9008,41.666667,1.7376,953.973872,437.020298,437.201696
2020-02-25,2020,2,1,176.71,156.13,20.58,,7.3,3.56,2.28,3.85,9.48,7.55,184049.0,6690.0,,96.0,96.0,39.9,39.9,7.87,7.83,2862.0,16943.0,2887.0,17026.0,,,2.41,1.08,2.34,0.91,31122.0,35750.0,5410.0,7430.0,7010.0,14440.0,68.3,68.3,,,358.0,0,0,0,1,0,192.0,14440.0,68.3,9862.52,0.168919,0.169564,14.496,41.666667,1.812,996.136865,,
2020-02-26,2020,2,2,321.9,101.37,199.32,21.21,7.99,2.95,1.83,4.3,7.67,5.87,183185.0,5824.0,,96.0,96.0,39.9,39.9,7.89,7.86,2894.0,17024.0,2921.0,17104.0,,,2.28,1.06,2.33,1.04,36098.0,33700.0,5781.0,7021.0,6566.0,13587.0,67.9,67.8,,,285.0,0,0,0,1,0,192.0,13587.0,67.85,9218.7795,0.169995,0.170779,11.2704,41.666667,1.4088,1205.547274,,
2020-02-27,2020,2,3,198.52,104.94,79.08,14.5,7.88,2.19,1.34,4.22,6.91,5.66,182662.0,5725.0,,96.0,96.0,39.9,39.9,7.88,7.86,2817.0,17102.0,2846.0,17205.0,,,2.13,0.88,2.41,1.13,25087.0,26280.0,5264.0,6245.0,5913.0,12158.0,67.3,67.4,,,298.0,0,0,0,1,0,192.0,12158.0,67.35,8188.413,0.164718,0.165417,10.8672,41.666667,1.3584,1118.779446,,
2020-02-28,2020,2,4,210.22,151.47,38.83,19.92,7.46,2.33,1.56,4.21,6.95,5.57,171796.0,,,96.0,96.0,39.9,39.9,7.92,7.91,2786.0,17069.0,2793.0,17153.0,,,2.32,1.27,2.28,1.15,20694.0,22340.0,,5691.0,5462.0,11153.0,67.7,67.8,,,258.0,0,0,0,1,0,192.0,11153.0,67.75,7556.1575,0.16322,0.162829,10.6944,41.666667,1.3368,1042.882256,,
2020-02-29,2020,2,5,171.29,116.43,41.22,13.64,,,,,,,,,,96.0,96.0,,,,,,,,,,,,,,,,,,5762.0,5496.0,11258.0,,,,,282.0,0,0,0,1,0,192.0,11258.0,,,,,,41.666667,,,,
2020-03-01,2020,3,6,,,,,,,,,,,,,,96.0,96.0,,,,,,,,,,,,,,,,,,5916.0,5681.0,11597.0,,,,,363.0,0,0,0,1,0,192.0,11597.0,,,,,,41.666667,,,,
2020-03-02,2020,3,0,251.9,119.3,113.65,18.95,7.45,3.09,1.86,4.26,6.27,4.52,159182.0,5207.0,,96.0,96.0,39.9,39.9,7.91,7.88,2745.0,17104.0,2762.0,17095.0,3387.0,3689.0,2.4,0.97,2.42,0.94,21563.0,21560.0,4809.0,5511.0,5264.0,10775.0,67.1,67.2,,,358.0,0,0,0,1,0,192.0,10775.0,67.15,7235.4125,0.160489,0.161568,8.6784,41.666667,1.0848,1241.588311,378.274034,387.391008
2020-03-03,2020,3,1,220.17,127.3,79.22,13.65,7.84,2.0,1.06,4.17,6.85,4.86,177147.0,,,96.0,96.0,39.9,39.9,7.95,7.94,2728.0,17155.0,2751.0,17064.0,,,2.21,0.75,2.27,0.77,26231.0,27520.0,,5404.0,5095.0,10499.0,67.0,66.9,,,363.0,0,0,0,1,0,192.0,10499.0,66.95,7029.0805,0.159021,0.161217,9.3312,41.666667,1.1664,1125.150034,,
2020-03-04,2020,3,2,148.26,102.25,36.46,9.55,7.52,3.08,2.04,4.25,6.36,4.8,147960.0,,,96.0,96.0,40.0,40.0,7.92,7.93,2762.0,17104.0,2812.0,17011.0,,,2.4,1.07,2.37,1.15,22891.0,22448.0,,5201.0,4927.0,10128.0,67.1,67.3,,,347.0,0,0,0,1,0,192.0,10128.0,67.2,6806.016,0.161483,0.165305,9.216,41.666667,1.152,1098.958333,,
2020-03-05,2020,3,3,176.01,101.63,60.82,13.56,7.47,4.25,2.87,4.27,6.89,5.28,152131.0,,,96.0,96.0,39.9,40.0,7.95,7.95,2821.0,17025.0,2841.0,17032.0,,,2.44,1.09,2.39,0.93,34470.0,31578.0,,5303.0,5039.0,10342.0,67.9,67.7,,,284.0,0,0,0,1,0,192.0,10342.0,67.8,7011.876,0.165698,0.166804,10.1376,41.666667,1.2672,1020.162563,,
2020-03-06,2020,3,4,216.51,75.36,123.21,17.94,7.66,3.55,2.24,4.25,6.8,5.17,136435.0,,,93.0,93.0,39.7,39.9,7.92,7.92,2796.0,17103.0,2863.0,17029.0,,,2.34,0.99,2.51,1.04,29269.0,32690.0,,5169.0,4866.0,10035.0,67.4,67.2,,,282.0,0,0,0,0,0,186.0,10035.0,67.3,6753.555,0.16348,0.168125,9.6162,43.010753,1.202025,1043.551507,,
2020-03-07,2020,3,5,171.95,105.16,51.64,15.15,,,,,,,,,,84.0,84.0,,,,,,,,,,,,,,,,,,4532.0,4252.0,8784.0,,,,,327.0,0,0,0,0,0,168.0,8784.0,,,,,,47.619048,,,,
2020-03-08,2020,3,6,,,,,,,,,,,,,,84.0,84.0,,,,,,,,,,,,,,,,,,4747.0,4541.0,9288.0,,,,,362.0,0,0,0,0,0,168.0,9288.0,,,,,,47.619048,,,,
2020-03-09,2020,3,0,133.28,78.92,36.01,18.35,7.42,2.69,1.93,5.11,7.11,5.01,176154.0,5231.0,1846.0,62.0,62.0,40.0,40.0,7.89,7.87,2724.0,17021.0,2784.0,16951.0,3836.0,4174.0,2.35,1.24,2.47,1.02,23050.0,25612.0,4748.0,3778.0,3519.0,7297.0,68.0,67.9,,,245.0,0,0,0,0,0,124.0,7297.0,67.95,4958.3115,0.160038,0.164238,6.2124,64.516129,0.77655,1174.586311,413.565053,431.847236
2020-03-10,2020,3,1,206.61,105.79,87.62,13.2,7.56,3.38,2.05,4.39,6.19,4.58,136457.0,,,72.0,72.0,40.0,40.0,7.93,7.91,2707.0,17093.0,2758.0,17004.0,,,2.26,1.09,2.35,0.95,25792.0,27651.0,,3661.0,3510.0,7171.0,67.7,67.6,,,249.0,0,0,0,0,0,144.0,7171.0,67.65,4851.1815,0.158369,0.162197,6.5952,55.555556,0.8244,1087.305919,,
2020-03-11,2020,3,2,197.74,79.69,109.1,8.95,7.96,2.72,1.7,4.49,6.27,4.8,183538.0,,,72.0,72.0,39.9,39.9,8.06,8.05,2687.0,17123.0,2736.0,16955.0,,,2.39,0.97,2.33,1.04,23087.0,28821.0,,3249.0,3102.0,6351.0,67.3,67.5,,,286.0,0,0,0,0,0,144.0,6351.0,67.4,4280.574,0.156923,0.161368,6.912,55.555556,0.864,918.836806,,
2020-03-12,2020,3,3,241.97,108.75,120.16,13.06,7.82,2.37,1.44,4.6,5.97,4.55,168296.0,,,72.0,72.0,39.8,39.8,8.02,8.03,2667.0,17090.0,2751.0,17026.0,,,,0.97,2.35,1.05,22429.0,26387.0,,3134.0,2987.0,6121.0,67.8,67.6,,,200.0,0,0,0,0,0,144.0,6121.0,67.7,4143.917,0.156056,0.161576,6.552,55.555556,0.819,934.218559,,
2020-03-13,2020,3,4,94.49,75.61,,18.88,7.63,2.93,2.0,4.45,6.56,5.24,163053.0,,,72.0,72.0,39.9,40.0,8.02,8.02,2649.0,17058.0,2718.0,16994.0,,,2.35,1.19,2.39,1.21,26474.0,24001.0,,3436.0,3234.0,6670.0,67.9,67.6,,,363.0,0,0,0,0,0,144.0,6670.0,67.75,4518.925,0.155294,0.159939,7.5456,55.555556,0.9432,883.958863,,
2020-03-14,2020,3,5,177.39,79.69,82.98,14.72,,,,,,,,,,72.0,72.0,,,,,,,,,,,,,,,,,,3894.0,3662.0,7556.0,,,,,183.0,0,0,0,0,0,144.0,7556.0,,,,,,55.555556,,,,
2020-03-15,2020,3,6,,,,,,,,,,,,,,72.0,72.0,,,,,,,,,,,,,,,,,,4346.0,4078.0,8424.0,,,,,362.0,0,0,0,0,0,144.0,8424.0,,,,,,55.555556,,,,
2020-03-16,2020,3,0,200.73,76.36,106.32,18.05,8.22,2.4,1.55,4.81,8.45,6.66,179098.0,6018.0,2369.0,72.0,72.0,40.0,40.0,8.07,8.08,2605.0,17107.0,2662.0,17102.0,3815.0,4116.0,2.27,1.15,2.33,1.04,23779.0,25042.0,5030.0,4853.0,4512.0,9365.0,69.5,69.2,,,213.0,0,0,0,0,0,144.0,9365.0,69.35,6494.6275,0.152277,0.155654,9.5904,55.555556,1.1988,976.497331,589.869481,648.896508
2020-03-17,2020,3,1,283.9,154.57,116.11,13.22,8.4,3.2,1.72,4.94,8.57,6.71,183920.0,,,72.0,72.0,39.9,39.9,8.02,8.01,2629.0,17096.0,2681.0,17045.0,,,2.36,0.96,2.47,1.02,30211.0,25636.0,,5020.0,4756.0,9776.0,70.2,70.0,,,321.0,0,0,0,0,0,144.0,9776.0,70.1,6852.976,0.153779,0.15729,9.6624,55.555556,1.2078,1011.756913,,
2020-03-18,2020,3,2,91.03,80.34,,10.69,7.53,3.2,2.0,4.89,7.74,5.71,185521.0,,,72.0,72.0,39.8,40.0,8.08,8.06,2661.0,17120.0,2706.0,17040.0,,,2.54,0.99,2.4,0.85,32886.0,30873.0,,5323.0,5063.0,10386.0,66.8,66.7,,,218.0,0,0,0,0,0,144.0,10386.0,66.75,6932.655,0.155432,0.158803,8.2224,55.555556,1.0278,1263.134851,,
2020-03-19,2020,3,3,228.04,150.2,63.88,13.96,7.69,3.14,1.83,4.72,6.95,5.08,157136.0,,,72.0,72.0,39.9,40.0,8.03,8.01,2693.0,17084.0,2747.0,17995.0,,,2.24,0.79,2.15,0.85,34881.0,33750.0,,5229.0,4987.0,10216.0,71.0,70.7,,,263.0,0,0,0,0,0,144.0,10216.0,70.85,7238.036,0.157633,0.152654,7.3152,55.555556,0.9144,1396.544182,,
2020-03-20,2020,3,4,205.28,79.66,107.88,17.74,7.93,2.57,1.64,4.68,6.74,5.23,174332.0,,,72.0,72.0,40.0,40.0,8.07,8.06,2642.0,17104.0,2709.0,16998.0,,,2.5,1.07,2.3,1.12,32524.0,26022.0,,5007.0,4757.0,9764.0,70.9,70.6,,,291.0,0,0,0,0,0,144.0,9764.0,70.75,6908.03,0.154467,0.159372,7.5312,55.555556,0.9414,1296.473338,,
2020-03-21,2020,3,5,132.45,78.45,36.97,17.03,,,,,,,,,,72.0,72.0,,,,,,,,,,,,,,,,,,4579.0,4396.0,8975.0,,,,,256.0,0,0,0,0,0,144.0,8975.0,,,,,,55.555556,,,,
2020-03-22,2020,3,6,41.78,,41.78,,,,,,,,,,,72.0,72.0,,,,,,,,,,,,,,,,,,4292.0,4105.0,8397.0,,,,,260.0,0,0,0,0,0,144.0,8397.0,,,,,,55.555556,,,,
2020-03-23,2020,3,0,139.57,80.48,38.4,20.69,7.67,4.45,2.79,4.65,6.27,4.44,157933.0,5589.0,2493.0,72.0,72.0,40.1,40.0,8.02,8.0,2613.0,17026.0,2676.0,16971.0,4010.0,4129.0,2.17,0.77,2.23,0.94,28431.0,28281.0,5222.0,4235.0,3998.0,8233.0,69.7,69.7,,,227.0,0,0,0,0,0,144.0,8233.0,69.7,5738.401,0.153471,0.157681,6.3936,55.555556,0.7992,1287.693944,565.147957,556.184877
2020-03-24,2020,3,1,178.76,100.58,64.08,14.1,7.78,3.27,2.08,4.68,6.13,4.65,148999.0,,,72.0,72.0,40.1,40.0,8.07,8.05,2672.0,17076.0,2712.0,16954.0,,,2.16,1.09,2.1,1.2,30633.0,26484.0,,4008.0,3791.0,7799.0,69.5,69.6,,,212.0,0,0,0,0,0,144.0,7799.0,69.55,5424.2045,0.156477,0.159962,6.696,55.555556,0.837,1164.725209,,
2020-03-25,2020,3,2,217.83,75.8,130.16,11.87,7.7,4.84,2.96,4.74,6.36,4.83,179185.0,,,72.0,72.0,40.2,40.1,8.09,8.08,2644.0,17101.0,2766.0,16983.0,,,2.65,1.12,2.42,1.04,21277.0,31832.0,,4090.0,3943.0,8033.0,69.8,69.7,,,231.0,0,0,0,0,0,144.0,8033.0,69.75,5603.0175,0.154611,0.162869,6.9552,55.555556,0.8694,1154.963193,,
2020-03-26,2020,3,3,194.22,108.03,73.44,12.75,7.97,2.74,1.76,4.83,5.99,4.56,187122.0,,,72.0,72.0,40.0,40.0,8.12,8.14,2704.0,17028.0,2833.0,16945.0,,,2.29,0.97,2.6,1.04,34496.0,36614.0,,3957.0,3745.0,7702.0,70.2,69.8,,,223.0,0,0,0,0,0,144.0,7702.0,70.0,5391.4,0.158797,0.167188,6.5664,55.555556,0.8208,1172.941033,,
2020-03-27,2020,3,4,162.16,103.34,40.08,18.74,7.71,3.2,2.09,4.84,6.43,4.77,149089.0,,,72.0,72.0,40.0,40.0,8.11,8.11,2676.0,17084.0,2807.0,17024.0,,,2.51,1.17,2.49,1.12,21355.0,23322.0,,3987.0,3770.0,7757.0,70.1,69.8,,,102.0,0,0,0,0,0,144.0,7757.0,69.95,5426.0215,0.156638,0.164885,6.8688,55.555556,0.8586,1129.309341,,
2020-03-28,2020,3,5,162.36,105.09,41.71,15.56,,,,,,,,,,72.0,72.0,,,,,,,,,,,,,,,,,,3924.0,3713.0,7637.0,,,,,238.0,0,0,0,0,0,144.0,7637.0,,,,,,55.555556,,,,
2020-03-29,2020,3,6,,0.0,0.0,0.0,,,,,,,,,,72.0,72.0,,,,,,,,,,,,,,,,,,4040.0,3819.0,7859.0,,,,,280.0,0,0,0,0,0,144.0,7859.0,,,,,,55.555556,,,,
2020-03-30,2020,3,0,205.75,77.92,108.22,19.61,7.5,5.44,3.35,4.76,6.52,4.63,165953.0,5182.0,2854.0,75.0,75.0,40.0,40.0,8.13,8.13,2741.0,17121.0,2784.0,16959.0,4078.0,4277.0,2.57,1.06,2.47,1.02,36363.0,33393.0,5048.0,4148.0,3979.0,8127.0,70.2,69.8,,,225.0,0,0,0,0,0,150.0,8127.0,70.0,5688.9,0.160096,0.164161,6.945,53.333333,0.868125,1170.194384,707.737705,742.274194
2020-03-31,2020,3,1,262.43,153.37,94.46,14.6,,,,,,,,,,84.0,84.0,,,,,,,,,,,,,,,,,,4602.0,4371.0,8973.0,,,,,293.0,0,0,0,0,0,168.0,8973.0,,,,,,47.619048,,,,
2020-04-01,2020,4,2,131.54,78.12,41.92,11.5,7.52,4.85,2.93,4.91,6.45,4.58,171275.0,,,84.0,84.0,40.0,39.9,8.18,8.16,2719.0,17098.0,2742.0,17053.0,,,2.36,0.96,2.39,0.93,31042.0,32113.0,,4575.0,4331.0,8906.0,69.5,69.7,,,275.0,0,0,0,0,0,168.0,8906.0,69.6,6198.576,0.159024,0.160793,7.6944,47.619048,0.9618,1157.465169,,
2020-04-02,2020,4,3,158.06,79.33,64.32,14.41,7.39,4.38,2.71,5.02,6.15,4.43,143722.0,,,84.0,84.0,40.0,40.0,8.16,8.15,2674.0,17124.0,2764.0,17028.0,,,2.48,1.06,2.5,1.13,28887.0,31102.0,,4396.0,4154.0,8550.0,69.4,69.6,,,288.0,0,0,0,0,0,168.0,8550.0,69.5,5942.25,0.156155,0.162321,7.4424,47.619048,0.9303,1148.82296,,
2020-04-03,2020,4,4,251.6,103.42,128.87,19.31,7.54,3.18,2.01,4.81,6.17,4.68,156791.0,,,84.0,84.0,39.9,39.9,8.12,8.09,2598.0,17048.0,2642.0,16928.0,,,2.41,1.08,2.39,1.03,27133.0,23189.0,,4381.0,4209.0,8590.0,,69.6,,,225.0,0,0,0,0,0,168.0,8590.0,69.6,5978.64,0.152393,0.156073,7.8624,47.619048,0.9828,1092.541718,,
2020-04-04,2020,4,5,171.57,78.57,78.42,14.58,,,,,,,,,,84.0,84.0,,,,,,,,,,,,,,,,,,4505.0,4269.0,8774.0,,,,,266.0,0,0,0,0,0,168.0,8774.0,,,,,,47.619048,,,,
2020-04-05,2020,4,6,,0.0,0.0,0.0,,,,,,,,,,84.0,84.0,,,,,,,,,,,,,,,,,,4553.0,4351.0,8904.0,,,,,281.0,0,0,0,0,0,168.0,8904.0,,,,,,47.619048,,,,
2020-04-06,2020,4,0,162.73,104.47,38.37,19.89,7.21,3.21,2.04,4.23,6.53,4.66,153946.0,5901.0,2724.0,88.0,88.0,39.8,39.8,7.74,7.75,2564.0,17164.0,2667.0,16994.0,4338.0,4394.0,2.6,1.08,2.46,1.02,26847.0,27412.0,5558.0,4804.0,4544.0,9348.0,69.6,69.5,,,313.0,0,0,0,0,0,176.0,9348.0,69.55,6501.534,0.149382,0.156938,8.2016,45.454545,1.0252,1139.777604,337.842638,349.540775
2020-04-07,2020,4,1,183.4,127.81,42.05,13.54,7.47,2.83,1.62,4.21,6.3,4.62,165824.0,,,92.0,92.0,39.8,39.8,7.73,7.73,2539.0,17099.0,2618.0,16962.0,,,2.33,1.04,2.43,1.04,24908.0,29454.0,,4836.0,4644.0,9480.0,69.4,69.2,,,226.0,0,0,0,0,0,184.0,9480.0,69.3,6569.64,0.148488,0.154345,8.5008,43.478261,1.0626,1115.189159,,
2020-04-08,2020,4,2,166.92,23.56,131.34,12.02,7.67,2.94,1.73,4.13,6.46,4.93,179214.0,,,96.0,96.0,39.9,39.9,7.73,7.72,2601.0,17083.0,2643.0,17025.0,,,2.49,1.16,2.33,1.04,27353.0,25068.0,,4961.0,4702.0,9663.0,69.3,69.1,,,354.0,0,0,0,0,0,192.0,9663.0,69.2,6686.796,0.152257,0.155242,9.4656,41.666667,1.1832,1020.854462,,
2020-04-09,2020,4,3,206.93,76.76,116.9,13.27,7.95,3.06,1.98,4.37,5.86,4.52,179328.0,,,96.0,96.0,39.8,39.8,7.72,7.71,2643.0,17106.0,2704.0,17084.0,,,2.58,0.97,2.49,1.03,30846.0,30016.0,,4571.0,4385.0,8956.0,69.0,69.1,,,153.0,0,0,0,0,0,192.0,8956.0,69.05,6184.118,0.154507,0.158277,8.6784,41.666667,1.0848,1031.987463,,
2020-04-10,2020,4,4,149.33,130.43,0.0,18.9,7.25,2.45,1.8,4.36,5.79,4.52,150839.0,,,96.0,96.0,39.8,39.8,7.74,7.73,2688.0,17131.0,2746.0,17106.0,,,2.41,1.36,2.24,1.22,23915.0,30378.0,,4437.0,4210.0,8647.0,69.2,69.3,,,280.0,0,0,0,0,0,192.0,8647.0,69.25,5988.0475,0.156909,0.160528,8.6784,41.666667,1.0848,996.381822,,
2020-04-11,2020,4,5,158.92,102.11,41.21,15.6,,,,,,,,,,96.0,96.0,,,,,,,,,,,,,,,,,,4647.0,4449.0,9096.0,,,,,362.0,0,0,0,0,0,192.0,9096.0,,,,,,41.666667,,,,
2020-04-12,2020,4,6,,,,,,,,,,,,,,96.0,96.0,,,,,,,,,,,,,,,,,,4847.0,4611.0,9458.0,,,,,267.0,0,0,0,0,0,192.0,9458.0,,,,,,41.666667,,,,
2020-04-13,2020,4,0,231.9,105.07,107.07,19.76,7.41,3.5,2.26,4.39,6.52,4.75,153098.0,5948.0,2646.0,96.0,96.0,40.0,40.0,7.75,7.74,2737.0,16928.0,2784.0,17068.0,4219.0,4284.0,2.32,0.88,2.5,1.13,25151.0,28497.0,5177.0,4934.0,4723.0,9657.0,68.5,68.4,,,329.0,0,0,0,0,0,192.0,9657.0,68.45,6610.2165,0.161685,0.163112,9.12,41.666667,1.14,1058.881579,339.603963,337.605225
2020-04-14,2020,4,1,288.72,155.88,118.55,14.29,7.39,3.03,1.73,4.39,6.47,4.53,147531.0,,,96.0,96.0,39.9,40.0,7.74,7.73,2897.0,17054.0,2827.0,16818.0,,,2.6,1.07,2.49,0.94,19184.0,23066.0,,5096.0,4842.0,9938.0,69.2,68.9,,,269.0,0,0,0,0,0,192.0,9938.0,69.05,6862.189,0.169872,0.168094,8.6976,41.666667,1.0872,1142.614054,,
2020-04-15,2020,4,2,84.87,78.45,,6.42,7.64,2.57,1.44,4.43,6.7,4.91,170801.0,,,96.0,96.0,39.8,39.9,7.86,7.85,2631.0,17215.0,2584.0,16962.0,,,2.49,1.12,2.39,1.03,25069.0,26106.0,,5113.0,4902.0,10015.0,68.8,68.8,,,185.0,0,0,0,0,0,192.0,10015.0,68.8,6890.32,0.152832,0.152341,9.4272,41.666667,1.1784,1062.351494,,
2020-04-16,2020,4,3,186.31,103.89,64.97,17.45,7.39,2.49,1.35,4.41,6.52,4.84,133791.0,,,96.0,96.0,40.1,39.9,7.75,7.74,2704.0,17196.0,2682.0,17054.0,,,2.57,1.0,2.49,0.94,21832.0,23635.0,,5023.0,4783.0,9806.0,68.9,68.8,,,290.0,0,0,0,0,0,192.0,9806.0,68.85,6751.431,0.157246,0.157265,9.2928,41.666667,1.1616,1055.225551,,
2020-04-17,2020,4,4,261.16,179.8,64.12,17.24,7.73,2.84,1.63,4.39,6.74,5.09,141047.0,,,96.0,96.0,39.9,39.9,7.72,7.73,2689.0,17084.0,2649.0,17062.0,,,2.42,1.08,2.65,1.2,22214.0,32447.0,,5038.0,4860.0,9898.0,68.8,68.8,,,313.0,0,0,0,0,0,192.0,9898.0,68.8,6809.824,0.157399,0.155257,9.7728,41.666667,1.2216,1012.811067,,
2020-04-18,2020,4,5,285.33,150.98,119.4,14.95,,,,,,,,,,96.0,96.0,,,,,,,,,,,,,,,,,,5172.0,4938.0,10110.0,,,,,275.0,0,0,0,0,0,192.0,10110.0,,,,,,41.666667,,,,
2020-04-19,2020,4,6,,,,,,,,,,,,,,96.0,96.0,,,,,,,,,,,,,,,,,,5294.0,5109.0,10403.0,,,,,210.0,0,0,0,0,0,192.0,10403.0,,,,,,41.666667,,,,
2020-04-20,2020,4,0,186.22,128.82,38.65,18.75,7.12,3.58,2.31,4.2,6.75,4.9,144049.0,5194.0,2389.0,96.0,96.0,40.0,40.0,7.77,7.76,2618.0,17114.0,2653.0,17108.0,3619.0,4129.0,2.48,0.97,2.49,1.03,25633.0,29629.0,4660.0,5423.0,5181.0,10604.0,67.9,67.8,,,363.0,0,0,0,0,0,192.0,10604.0,67.85,7194.814,0.152974,0.155074,9.408,41.666667,1.176,1127.12585,303.883697,339.464678
2020-04-21,2020,4,1,240.02,184.27,41.66,14.09,7.46,2.76,1.63,4.18,7.02,4.97,147799.0,,,96.0,96.0,39.2,39.9,7.73,7.72,2676.0,17283.0,2713.0,17182.0,,,2.45,0.9,2.56,0.93,23534.0,24091.0,,5306.0,5120.0,10426.0,67.0,67.0,,,232.0,0,0,0,0,0,192.0,10426.0,67.0,6985.42,0.154834,0.157898,9.5424,41.666667,1.1928,1092.59725,,
2020-04-22,2020,4,2,275.32,129.34,130.9,15.08,7.39,3.33,2.15,4.22,7.16,5.34,160738.0,,,98.0,98.0,39.5,40.0,7.74,7.73,2621.0,17247.0,2683.0,17149.0,,,2.62,0.99,2.58,1.12,20490.0,20875.0,,5430.0,5191.0,10621.0,67.2,67.2,,,306.0,0,0,0,0,0,196.0,10621.0,67.2,7137.312,0.151968,0.156452,10.4664,40.816327,1.3083,1014.771077,,
2020-04-23,2020,4,3,178.44,49.06,119.55,9.83,7.46,3.21,2.01,4.24,6.85,5.09,182974.0,,,98.0,98.0,40.0,40.0,7.76,7.74,2586.0,17155.0,2649.0,17172.0,,,2.55,1.19,2.48,1.03,33757.0,30038.0,,5490.0,5276.0,10766.0,67.1,67.1,,,280.0,0,0,0,0,0,196.0,10766.0,67.1,7223.986,0.150743,0.154263,9.9764,40.816327,1.24705,1079.146786,,
2020-04-24,2020,4,4,125.84,105.39,,20.45,7.54,2.63,1.52,4.21,6.79,4.96,168546.0,,,98.0,98.0,40.0,40.0,7.77,7.75,2639.0,17204.0,2692.0,17087.0,,,2.5,1.02,2.48,0.98,28543.0,23629.0,,5385.0,5121.0,10506.0,67.3,67.3,,,334.0,0,0,0,0,0,196.0,10506.0,67.3,7070.538,0.153395,0.157547,9.7216,40.816327,1.2152,1080.686307,,
2020-04-25,2020,4,5,184.28,127.36,41.38,15.54,,,,,,,,,,100.0,100.0,,,,,,,,,,,,,,,,,,5309.0,5084.0,10393.0,,,,,264.0,0,0,0,0,0,200.0,10393.0,,,,,,40.0,,,,
2020-04-26,2020,4,6,,,,,,,,,,,,,,100.0,100.0,,,,,,,,,,,,,,,,,,5197.0,4947.0,10144.0,,,,,331.0,0,0,0,0,0,200.0,10144.0,,,,,,40.0,,,,
2020-04-27,2020,4,0,251.98,104.89,127.41,19.68,7.44,2.93,1.75,4.31,6.57,4.74,161391.0,5426.0,2294.0,100.0,100.0,40.2,39.9,7.82,7.8,2541.0,17828.0,2615.0,17325.0,3737.0,4300.0,2.55,1.0,2.31,0.84,25645.0,24812.0,4696.0,5144.0,4935.0,10079.0,67.2,67.2,,,251.0,0,0,0,0,0,200.0,10079.0,67.2,6773.088,0.142529,0.150938,9.48,40.0,1.185,1063.185654,352.579521,382.340725
2020-04-28,2020,4,1,290.13,161.44,114.31,14.38,7.5,4.04,2.57,4.48,6.57,4.81,146894.0,,,98.0,98.0,40.0,39.9,7.86,7.84,2563.0,17626.0,2667.0,17469.0,,,2.54,0.99,2.41,1.03,30168.0,26354.0,,5010.0,4750.0,9760.0,67.5,67.5,,,363.0,0,0,0,0,0,196.0,9760.0,67.5,6588.0,0.14541,0.15267,9.4276,40.816327,1.17845,1035.258178,,
2020-04-29,2020,4,2,145.57,129.39,,16.18,7.22,3.44,2.13,4.36,7.06,5.3,141457.0,,,98.0,98.0,39.0,39.0,7.79,7.77,2593.0,17598.0,2642.0,17418.0,,,2.51,1.08,2.59,1.03,28407.0,26395.0,,5192.0,4923.0,10115.0,67.6,67.6,,,247.0,0,0,0,0,0,196.0,10115.0,67.6,6837.74,0.147346,0.151682,10.388,40.816327,1.2985,973.719677,,
2020-04-30,2020,4,3,79.49,26.07,41.2,12.22,7.11,4.88,3.08,4.34,7.04,5.17,56362.0,,,98.0,98.0,39.4,40.1,7.86,7.83,2604.0,17469.0,2683.0,17502.0,,,2.49,1.01,2.74,1.06,25118.0,31373.0,,5134.0,4878.0,10012.0,67.3,67.3,,,341.0,0,0,0,0,0,196.0,10012.0,67.3,6738.076,0.149064,0.153297,10.1332,40.816327,1.26665,988.039316,,
2020-05-01,2020,5,4,281.29,130.36,130.99,19.94,7.49,4.99,3.13,4.52,6.64,5.07,147937.0,,,98.0,98.0,39.6,40.0,7.84,7.81,2586.0,17438.0,2669.0,17452.0,,,2.64,1.29,2.55,1.2,25103.0,29739.0,,4853.0,4634.0,9487.0,67.2,67.2,,,301.0,0,0,0,0,0,196.0,9487.0,67.2,6375.264,0.148297,0.152934,9.9372,40.816327,1.24215,954.695488,,
2020-05-02,2020,5,5,150.2,98.28,36.16,15.76,,,,,,,,,,92.0,92.0,,,,,,,,,,,,,,,,,,4825.0,4588.0,9413.0,,,,,230.0,0,0,0,0,0,184.0,9413.0,,,,,,43.478261,,,,
2020-05-03,2020,5,6,36.62,,36.62,,,,,,,,,,,72.0,72.0,,,,,,,,,,,,,,,,,,4106.0,3917.0,8023.0,,,,,314.0,0,0,0,0,0,144.0,8023.0,,,,,,55.555556,,,,
2020-05-04,2020,5,0,208.33,148.83,37.73,21.77,7.0,4.92,2.96,4.41,7.0,5.05,141359.0,5889.0,2429.0,72.0,72.0,39.9,39.9,7.8,7.79,2496.0,17278.0,2564.0,17388.0,3806.0,4381.0,2.52,1.08,2.45,0.92,28667.0,29646.0,4803.0,4076.0,3874.0,7950.0,67.1,67.1,,,287.0,0,0,0,0,0,144.0,7950.0,67.1,5334.45,0.144461,0.147458,7.272,55.555556,0.909,1093.234323,338.416,381.447922
2020-05-05,2020,5,1,162.37,105.84,41.34,15.19,,,,,,,,,,72.0,72.0,,,,,,,,,,,,,,,,,,3931.0,3741.0,7672.0,,,,,171.0,0,0,0,0,0,144.0,7672.0,,,,,,55.555556,,,,
2020-05-06,2020,5,2,263.43,75.17,172.1,16.16,7.64,3.94,2.06,4.48,6.93,4.91,138759.0,,,72.0,72.0,39.9,39.9,7.77,7.75,2488.0,17231.0,2529.0,17252.0,,,2.66,1.1,2.57,0.93,19513.0,22955.0,,3787.0,3600.0,7387.0,66.9,66.9,,,219.0,0,0,0,0,0,144.0,7387.0,66.9,4941.903,0.144391,0.146592,7.0704,55.555556,0.8838,1044.77823,,
2020-05-07,2020,5,3,142.33,54.2,75.35,12.78,7.31,4.06,2.59,4.77,6.16,4.58,145568.0,,,72.0,72.0,39.9,39.9,7.78,7.78,2493.0,17249.0,2508.0,17351.0,,,2.53,0.99,2.58,1.12,26334.0,29005.0,,3445.0,3234.0,6679.0,67.2,67.2,,,363.0,0,0,0,0,0,144.0,6679.0,67.2,4488.288,0.14453,0.144545,6.5952,55.555556,0.8244,1012.706211,,
2020-05-08,2020,5,4,152.84,130.36,,22.48,7.14,4.88,3.15,4.71,6.41,4.97,167832.0,,,72.0,72.0,39.9,39.9,7.84,7.83,2481.0,17395.0,2542.0,17403.0,,,2.58,1.12,2.49,1.08,26701.0,30173.0,,3520.0,3075.0,6595.0,67.5,67.5,,,288.0,0,0,0,0,0,144.0,6595.0,67.5,4451.625,0.142627,0.146067,7.1568,55.555556,0.8946,921.50123,,
2020-05-09,2020,5,5,110.41,51.73,41.5,17.18,,,,,,,,,,72.0,72.0,,,,,,,,,,,,,,,,,,3672.0,3527.0,7199.0,,,,,127.0,0,0,0,0,0,144.0,7199.0,,,,,,55.555556,,,,
2020-05-10,2020,5,6,,,,,,,,,,,,,,72.0,72.0,,,,,,,,,,,,,,,,,,3677.0,3508.0,7185.0,,,,,202.0,0,0,0,0,0,144.0,7185.0,,,,,,55.555556,,,,
2020-05-11,2020,5,0,231.07,76.77,133.31,20.99,7.77,3.63,2.07,4.68,6.23,4.3,,5012.0,2620.0,72.0,72.0,39.9,39.9,7.92,7.93,2514.0,17128.0,2498.0,17346.0,3670.0,4007.0,2.5,0.94,2.46,0.98,25912.0,22657.0,4791.0,3637.0,3476.0,7113.0,67.9,67.9,,,115.0,0,0,0,0,0,144.0,7113.0,67.9,4829.727,0.146777,0.14401,6.192,55.555556,0.774,1148.74031,418.339687,466.155442
2020-05-12,2020,5,1,237.22,104.58,116.93,15.71,7.77,3.94,2.29,4.79,6.2,4.28,126182.0,,,72.0,72.0,39.9,40.1,7.88,7.88,2486.0,17094.0,2482.0,17289.0,,,2.49,0.95,2.36,0.86,20488.0,20665.0,,3530.0,3359.0,6889.0,67.4,67.4,,,157.0,0,0,0,0,0,144.0,6889.0,67.4,4643.186,0.145431,0.143559,6.1632,55.555556,0.7704,1117.763499,,
2020-05-13,2020,5,2,146.05,129.82,,16.23,7.26,4.0,2.64,4.76,6.44,4.91,132320.0,,,72.0,72.0,39.9,39.9,7.86,7.86,2497.0,17079.0,2512.0,17268.0,,,2.45,0.95,2.49,0.99,23755.0,24164.0,,3600.0,3382.0,6982.0,67.9,67.9,,,137.0,0,0,0,0,0,144.0,6982.0,67.9,4740.778,0.146203,0.145471,7.0704,55.555556,0.8838,987.497171,,
2020-05-14,2020,5,3,105.81,26.03,66.48,13.3,7.54,3.59,2.1,4.73,6.42,5.15,121497.0,,,72.0,72.0,39.9,39.9,7.87,7.87,2521.0,17102.0,2583.0,17316.0,,,2.43,1.08,2.51,1.02,24852.0,22956.0,,3680.0,3476.0,7156.0,67.5,67.5,,,191.0,0,0,0,0,0,144.0,7156.0,67.5,4830.3,0.14741,0.149168,7.416,55.555556,0.927,964.940669,,
2020-05-15,2020,5,4,228.72,103.47,104.72,20.53,,,,,,,,,,72.0,72.0,,,,,,,,,,,,,,,,,,3534.0,3338.0,6872.0,,,,,174.0,0,0,0,0,0,144.0,6872.0,,,,,,55.555556,,,,
2020-05-16,2020,5,5,109.04,55.79,37.87,15.38,,,,,,,,,,72.0,72.0,,,,,,,,,,,,,,,,,,3529.0,3349.0,6878.0,,,,,84.0,0,0,0,0,0,144.0,6878.0,,,,,,55.555556,,,,
2020-05-17,2020,5,6,44.0,,44.0,,,,,,,,,,,72.0,72.0,,,,,,,,,,,,,,,,,,3568.0,3322.0,6890.0,,,,,204.0,0,0,0,0,0,144.0,6890.0,,,,,,55.555556,,,,
2020-05-18,2020,5,0,166.82,106.54,37.86,22.42,7.37,2.83,1.63,4.81,5.89,4.07,118286.0,5263.0,2974.0,72.0,72.0,39.8,39.8,7.89,7.91,2436.0,17186.0,2501.0,17341.0,3914.0,4053.0,2.55,1.0,2.61,1.05,24612.0,23688.0,4832.0,3497.0,3266.0,6763.0,67.7,67.7,,,266.0,0,0,0,0,0,144.0,6763.0,67.7,4578.551,0.141743,0.144225,5.8608,55.555556,0.7326,1153.938029,417.168998,450.082107
2020-05-19,2020,5,1,235.91,128.73,91.72,15.46,7.78,3.63,2.08,4.87,5.7,3.81,116282.0,,,72.0,72.0,39.7,39.8,7.86,7.87,2429.0,17143.0,2486.0,17248.0,,,2.52,0.99,2.5,0.85,23941.0,21629.0,,3395.0,3210.0,6605.0,67.2,67.2,,,169.0,0,0,0,0,0,144.0,6605.0,67.2,4438.56,0.14169,0.144133,5.4864,55.555556,0.6858,1203.885973,,
2020-05-20,2020,5,2,338.05,185.31,133.04,19.7,8.07,3.37,1.99,4.71,5.94,4.25,137548.0,,,72.0,72.0,39.7,39.7,7.83,7.84,2484.0,17107.0,2514.0,17196.0,,,2.77,1.26,2.56,1.02,22370.0,21691.0,,3477.0,3280.0,6757.0,68.3,68.3,,,264.0,0,0,0,0,0,144.0,6757.0,68.3,4615.031,0.145204,0.146197,6.12,55.555556,0.765,1104.084967,,
2020-05-21,2020,5,3,208.92,78.54,120.52,9.86,7.81,2.73,1.52,4.66,5.85,3.95,122670.0,,,74.0,74.0,39.7,39.7,7.85,7.85,2458.0,17124.0,2492.0,17207.0,,,2.45,0.9,2.49,0.94,23395.0,21855.0,,3590.0,3376.0,6966.0,68.5,68.5,,,181.0,0,0,0,0,0,148.0,6966.0,68.5,4771.71,0.143541,0.144825,5.846,54.054054,0.73075,1191.583989,,
2020-05-22,2020,5,4,181.25,159.88,,21.37,7.51,4.64,2.98,4.53,6.17,4.56,121846.0,,,76.0,76.0,39.6,39.6,7.67,7.65,2468.0,17095.0,2529.0,17188.0,,,2.63,1.09,2.5,1.04,22854.0,22043.0,,3748.0,3598.0,7346.0,68.2,68.2,,,295.0,0,0,0,0,0,152.0,7346.0,68.2,5009.972,0.14437,0.147138,6.9312,52.631579,0.8664,1059.845337,,
2020-05-23,2020,5,5,153.15,55.07,83.03,15.05,,,,,,,,,,78.0,78.0,,,,,,,,,,,,,,,,,,3982.0,3772.0,7754.0,,,,,199.0,0,0,0,0,0,156.0,7754.0,,,,,,51.282051,,,,
2020-05-24,2020,5,6,,,,,,,,,,,,,,80.0,80.0,,,,,,,,,,,,,,,,,,4034.0,3817.0,7851.0,,,,,253.0,0,0,0,0,0,160.0,7851.0,,,,,,50.0,,,,
2020-05-25,2020,5,0,257.65,102.19,132.13,23.33,7.22,4.58,2.63,4.54,5.57,3.66,125713.0,5392.0,2768.0,82.0,82.0,39.5,39.5,7.78,7.78,2431.0,17138.0,2489.0,17164.0,3652.0,3944.0,2.53,0.89,2.54,0.96,18786.0,25502.0,4764.0,4019.0,3838.0,7857.0,68.0,68.0,,,288.0,0,0,0,0,0,164.0,7857.0,68.0,5342.76,0.141849,0.145013,6.0024,48.780488,0.7503,1308.976409,304.114894,328.430762
2020-05-26,2020,5,1,230.43,157.84,56.47,16.12,7.61,2.82,1.71,4.6,5.47,3.8,128824.0,,,84.0,84.0,39.5,39.5,7.78,7.78,2476.0,17118.0,2531.0,17082.0,,,2.56,1.06,2.42,1.04,21737.0,23577.0,,4016.0,3802.0,7818.0,68.2,68.2,,,233.0,0,0,0,0,0,168.0,7818.0,68.2,5331.876,0.144643,0.148168,6.384,47.619048,0.798,1224.62406,,
2020-05-27,2020,5,2,218.2,187.43,19.22,11.55,7.24,3.17,1.98,4.56,5.62,3.97,124156.0,,,88.0,88.0,39.1,39.4,7.76,7.76,2527.0,17079.0,2553.0,17064.0,,,2.62,1.24,2.59,1.13,26636.0,26610.0,,4221.0,3961.0,8182.0,68.1,68.1,,,254.0,0,0,0,0,0,176.0,8182.0,68.1,5571.942,0.147959,0.149613,6.9872,45.454545,0.8734,1170.998397,,
2020-05-28,2020,5,3,220.76,134.22,65.42,21.12,7.2,4.24,2.4,4.5,5.69,3.9,124625.0,,,92.0,92.0,39.0,39.3,7.75,7.76,2554.0,17140.0,2581.0,17120.0,,,2.39,0.87,2.44,0.95,24100.0,27950.0,,4548.0,4297.0,8845.0,67.9,67.9,,,328.0,0,0,0,0,0,184.0,8845.0,67.9,6005.755,0.149008,0.150759,7.176,43.478261,0.897,1232.580825,,
2020-05-29,2020,5,4,235.74,108.05,107.38,20.31,7.21,5.16,3.16,4.46,6.24,4.52,126681.0,,,96.0,96.0,39.0,39.2,7.74,7.74,2571.0,17178.0,2554.0,17154.0,,,2.52,0.98,2.44,1.14,22925.0,22392.0,,4823.0,4601.0,9424.0,67.6,67.6,,,257.0,0,0,0,0,0,192.0,9424.0,67.6,6370.624,0.149668,0.148887,8.6784,41.666667,1.0848,1085.914454,,
2020-05-30,2020,5,5,81.88,28.4,37.59,15.89,,,,,,,,,,102.0,102.0,,,,,,,,,,,,,,,,,,5041.0,4780.0,9821.0,,,,,354.0,0,0,0,0,0,204.0,9821.0,,,,,,39.215686,,,,
2020-05-31,2020,5,6,42.65,,42.65,,,,,,,,,,,108.0,108.0,,,,,,,,,,,,,,,,,,5478.0,5223.0,10701.0,,,,,244.0,0,0,0,0,0,216.0,10701.0,,,,,,37.037037,,,,
2020-06-01,2020,6,0,244.82,183.17,38.89,22.76,6.91,4.23,2.3,4.6,5.75,3.94,130909.0,6185.0,2944.0,108.0,108.0,38.4,39.2,7.73,7.73,2585.0,17238.0,2617.0,17192.0,3829.0,4116.0,2.6,1.08,2.52,0.85,24131.0,27400.0,4881.0,5782.0,5418.0,11200.0,68.2,68.2,,,363.0,0,0,0,0,0,216.0,11200.0,68.2,7638.4,0.149959,0.152222,8.5104,37.037037,1.0638,1316.036849,268.502909,302.809394
2020-06-02,2020,6,1,261.13,155.87,89.27,15.99,7.76,2.84,1.54,4.66,6.15,4.25,117008.0,,,116.0,116.0,38.4,39.1,7.74,7.73,2593.0,17251.0,2634.0,17228.0,,,2.51,0.98,2.55,1.05,22757.0,23126.0,,5726.0,5434.0,11160.0,68.8,68.8,,,282.0,0,0,0,0,0,232.0,11160.0,68.8,7678.08,0.15031,0.152891,9.86,34.482759,1.2325,1131.845842,,
2020-06-03,2020,6,2,279.37,182.11,81.16,16.1,7.69,2.88,1.6,4.6,5.89,4.19,137484.0,,,120.0,120.0,38.3,39.0,7.71,7.7,2631.0,17228.0,2688.0,17354.0,,,2.65,1.1,2.58,1.03,23456.0,22982.0,,6060.0,5767.0,11827.0,68.7,68.7,,,325.0,0,0,0,0,0,240.0,11827.0,68.7,8125.149,0.152717,0.154892,10.056,33.333333,1.257,1176.113763,,
2020-06-04,2020,6,3,323.24,187.77,121.34,14.13,7.5,2.97,1.65,4.51,6.33,4.31,142042.0,,,120.0,120.0,38.4,38.9,7.7,7.7,2787.0,17668.0,2739.0,17528.0,,,2.59,0.98,2.64,0.96,24461.0,25736.0,,6317.0,5941.0,12258.0,68.1,68.1,,,359.0,0,0,0,0,0,240.0,12258.0,68.1,8347.698,0.157743,0.156264,10.344,33.333333,1.293,1185.034803,,
2020-06-05,2020,6,4,180.2,157.64,,22.56,7.46,2.84,1.56,4.59,6.27,4.42,141556.0,,,120.0,120.0,38.4,38.8,7.71,7.71,2753.0,17581.0,2775.0,17492.0,,,2.56,1.05,2.53,0.98,24178.0,24817.0,,6462.0,6075.0,12537.0,67.7,67.7,,,359.0,0,0,0,0,0,240.0,12537.0,67.7,8487.549,0.15659,0.158644,10.608,33.333333,1.326,1181.843891,,
2020-06-06,2020,6,5,167.77,108.86,41.79,17.12,,,,,,,,,,120.0,120.0,,,,,,,,,,,,,,,,,,6545.0,6166.0,12711.0,,,,,359.0,0,0,0,0,0,240.0,12711.0,,,,,,33.333333,,,,
2020-06-07,2020,6,6,,,,,,,,,,,,,,120.0,120.0,,,,,,,,,,,,,,,,,,6362.0,6063.0,12425.0,,,,,358.0,0,0,0,0,0,240.0,12425.0,,,,,,33.333333,,,,
2020-06-08,2020,6,0,314.27,160.01,130.1,24.16,7.89,2.81,1.61,4.4,6.54,4.67,147083.0,4735.0,2516.0,120.0,120.0,38.6,38.9,7.71,7.7,2967.0,17948.0,2925.0,17875.0,4192.0,4355.0,2.47,1.0,2.5,0.94,28303.0,27570.0,4742.0,6462.0,6124.0,12586.0,68.0,68.0,,,304.0,0,0,0,0,0,240.0,12586.0,68.0,8558.48,0.165311,0.163636,11.208,33.333333,1.401,1122.947894,285.035676,295.115529
2020-06-09,2020,6,1,339.6,186.28,136.85,16.47,7.37,2.93,1.53,4.45,6.38,4.47,138440.0,,,120.0,120.0,38.6,38.9,7.7,7.7,3002.0,18021.0,2983.0,17942.0,,,2.74,1.09,2.64,1.05,22750.0,25838.0,,6207.0,5837.0,12044.0,68.5,68.5,,,363.0,0,0,0,0,0,240.0,12044.0,68.5,8250.14,0.166583,0.166258,10.728,33.333333,1.341,1122.66965,,
2020-06-10,2020,6,2,175.2,159.02,,16.18,7.1,3.13,1.96,4.34,6.26,4.63,148996.0,,,120.0,120.0,38.7,38.8,7.62,7.61,2854.0,17608.0,2837.0,17624.0,,,2.44,1.09,2.5,1.13,27201.0,25949.0,,6353.0,5961.0,12314.0,68.1,68.1,,,362.0,0,0,0,0,0,240.0,12314.0,68.1,8385.834,0.162085,0.160974,11.112,33.333333,1.389,1108.171346,,
2020-06-11,2020,6,3,211.13,131.65,65.56,13.92,7.32,3.32,2.02,4.29,6.62,4.73,155674.0,5360.0,,120.0,120.0,38.5,38.9,7.6,7.59,2795.0,17641.0,2768.0,17653.0,,,2.6,1.08,2.59,1.03,26321.0,28311.0,,6555.0,6107.0,12662.0,67.4,67.4,,,383.0,0,0,0,0,0,240.0,12662.0,67.4,8534.188,0.158438,0.156801,11.352,33.333333,1.419,1115.398168,,
2020-06-12,2020,6,4,307.94,135.48,149.41,23.05,,,,,,,,,,120.0,120.0,,,,,,,,,,,,,,,,,,6613.0,6132.0,12745.0,,,,,408.0,0,0,0,0,0,240.0,12745.0,,,,,,33.333333,,,,
2020-06-13,2020,6,5,136.69,80.29,38.59,17.81,,,,,,,,,,120.0,120.0,,,,,,,,,,,,,,,,,,6443.0,5920.0,12363.0,,,,,399.0,0,0,0,0,0,240.0,12363.0,,,,,,33.333333,,,,
2020-06-14,2020,6,6,,,,,,,,,,,,,,120.0,120.0,,,,,,,,,,,,,,,,,,6046.0,5572.0,11618.0,,,,,362.0,0,0,0,0,0,240.0,11618.0,,,,,,33.333333,,,,
2020-06-15,2020,6,0,102.15,78.34,,23.81,6.94,4.81,2.94,4.66,6.14,4.3,136603.0,4821.0,2958.0,80.0,80.0,38.5,38.9,7.59,7.61,2649.0,17848.0,2727.0,17814.0,3953.0,3949.0,2.69,1.17,2.64,1.05,23403.0,24407.0,4582.0,6262.0,6248.0,12510.0,68.1,68.1,,,271.0,0,0,0,0,0,160.0,12510.0,68.1,8519.31,0.14842,0.153082,6.88,50.0,0.86,1818.313953,206.029875,220.310218
2020-06-16,2020,6,1,141.48,81.59,41.51,18.38,,,,,,,,,,0.0,0.0,,,,,,,,,,,,,,,,,,3413.0,2676.0,6089.0,,,,,255.0,0,0,0,0,0,0.0,6089.0,,,,,,inf,,,,
2020-06-17,2020,6,2,234.67,79.82,134.19,20.66,,,,,,,,,,0.0,0.0,,,,,,,,,,,,,,,,,,3354.0,3416.0,6770.0,,,,,98.0,0,0,0,0,0,0.0,6770.0,,,,,,inf,,,,
2020-06-18,2020,6,3,420.51,270.18,137.61,12.72,7.46,2.48,1.35,5.54,4.78,2.83,121834.0,4845.0,3244.0,65.0,65.0,38.4,38.8,7.72,7.7,3041.0,17408.0,2994.0,17453.0,4443.0,4175.0,2.64,0.86,2.52,0.85,28745.0,25806.0,5617.0,4215.0,3733.0,7948.0,72.8,72.8,,,325.0,0,0,0,0,0,130.0,7948.0,72.8,5786.144,0.17469,0.171546,3.679,61.538462,0.459875,2160.369666,304.953568,281.21951
2020-06-19,2020,6,4,324.91,264.49,41.66,18.76,7.0,2.99,1.85,4.28,6.65,4.84,132661.0,,,96.0,96.0,38.4,38.7,7.69,7.68,2984.0,17486.0,3031.0,17495.0,,,2.48,0.87,2.63,0.95,22080.0,23722.0,,4610.0,4352.0,8962.0,70.3,70.3,,,246.0,0,0,0,0,0,192.0,8962.0,70.3,6300.286,0.170651,0.173249,9.2928,41.666667,1.1616,964.402548,,
2020-06-20,2020,6,5,217.25,152.68,48.05,16.52,,,,,,,,,,96.0,96.0,,,,,,,,,,,,,,,,,,4931.0,4525.0,9456.0,,,,,146.0,0,0,0,0,0,192.0,9456.0,,,,,,41.666667,,,,
2020-06-21,2020,6,6,,,,,,,,,,,,,,96.0,96.0,,,,,,,,,,,,,,,,,,4882.0,4537.0,9419.0,,,,,215.0,0,0,0,0,0,192.0,9419.0,,,,,,41.666667,,,,
2020-06-22,2020,6,0,290.12,183.75,81.85,24.52,7.26,3.49,1.78,4.3,6.34,4.57,123709.0,4488.0,2521.0,104.0,104.0,38.8,39.1,7.63,7.65,3075.0,17568.0,3114.0,17463.0,3832.0,4071.0,2.56,0.96,2.69,1.05,23236.0,22723.0,4287.0,4993.0,4674.0,9667.0,66.5,66.5,,,285.0,0,0,0,0,0,208.0,9667.0,66.5,6428.555,0.175034,0.17832,9.5056,38.461538,1.1882,1016.979465,221.917288,250.713513
2020-06-23,2020,6,1,300.37,161.9,119.1,19.37,7.41,3.19,1.72,4.34,6.16,4.25,120800.0,,,111.0,111.0,38.8,39.1,7.61,7.61,2988.0,17592.0,3062.0,17528.0,,,2.6,0.98,2.43,0.86,22984.0,22015.0,,5273.0,4960.0,10233.0,66.9,66.9,,,171.0,0,0,0,0,0,222.0,10233.0,66.9,6845.877,0.16985,0.174692,9.435,36.036036,1.179375,1084.578696,,
2020-06-24,2020,6,2,171.5,157.65,,13.85,6.99,4.07,2.63,4.34,6.32,4.82,123213.0,,,120.0,120.0,38.8,39.2,7.58,7.58,2914.0,17488.0,2936.0,17493.0,,,2.68,1.36,2.59,1.22,23248.0,26974.0,,5827.0,5482.0,11309.0,66.4,66.4,,,233.0,0,0,0,0,0,240.0,11309.0,66.4,7509.176,0.166629,0.167839,11.568,33.333333,1.446,977.61065,,
2020-06-25,2020,6,3,266.67,186.64,65.1,14.93,7.01,3.24,1.76,4.36,6.2,4.28,125118.0,,,120.0,120.0,38.8,39.1,7.66,7.66,2836.0,17564.0,2813.0,17588.0,,,2.55,1.0,2.54,0.96,21482.0,22797.0,,5989.0,5626.0,11615.0,66.5,66.5,,,256.0,0,0,0,0,0,240.0,11615.0,66.5,7723.975,0.161467,0.159939,10.272,33.333333,1.284,1130.743769,,
2020-06-26,2020,6,4,336.48,212.21,102.37,21.9,7.26,2.86,1.69,4.37,6.28,4.36,127416.0,,,120.0,120.0,38.7,39.0,7.65,7.65,2784.0,17593.0,2831.0,17517.0,,,2.6,0.98,2.58,1.04,22461.0,22618.0,,5942.0,5572.0,11514.0,67.1,67.1,,,301.0,0,0,0,0,0,240.0,11514.0,67.1,7725.894,0.158245,0.161614,10.464,33.333333,1.308,1100.344037,,
2020-06-27,2020,6,5,189.37,133.29,37.38,18.7,,,,,,,,,,120.0,120.0,,,,,,,,,,,,,,,,,,5939.0,5580.0,11519.0,,,,,250.0,0,0,0,0,0,240.0,11519.0,,,,,,33.333333,,,,
2020-06-28,2020,6,6,42.68,,42.68,,,,,,,,,,,124.0,124.0,,,,,,,,,,,,,,,,,,6056.0,5730.0,11786.0,,,,,265.0,0,0,0,0,0,248.0,11786.0,,,,,,32.258065,,,,
2020-06-29,2020,6,0,249.37,186.83,38.25,24.29,7.51,2.66,1.35,4.52,5.82,3.99,119475.0,4605.0,2462.0,128.0,128.0,38.8,39.3,7.64,7.67,2828.0,17852.0,2803.0,17769.0,3794.0,3772.0,2.59,0.97,2.63,1.05,26703.0,30275.0,4733.0,5964.0,5499.0,11463.0,67.5,67.5,,,316.0,0,0,0,0,0,256.0,11463.0,67.5,7737.525,0.158414,0.157747,10.2144,31.25,1.2768,1122.239192,224.531626,245.484383
2020-06-30,2020,6,1,262.39,156.15,88.87,17.37,7.48,2.82,1.61,4.49,5.98,4.14,123416.0,,,132.0,132.0,38.8,39.3,7.64,7.66,2853.0,17877.0,2840.0,17822.0,,,2.6,0.98,2.59,1.02,25340.0,24839.0,,6014.0,5653.0,11667.0,67.6,67.6,,,263.0,0,0,0,0,0,264.0,11667.0,67.6,7886.892,0.159591,0.159354,10.9296,30.30303,1.3662,1067.46816,,
2020-07-01,2020,7,2,311.8,212.57,84.64,14.59,7.52,3.01,1.68,4.54,5.62,3.98,115940.0,5100.0,,132.0,132.0,38.9,39.2,7.66,7.67,2904.0,17910.0,2893.0,17883.0,,,2.77,1.17,2.53,0.95,32612.0,24666.0,,5970.0,5651.0,11621.0,68.2,68.2,,,325.0,0,0,0,0,0,264.0,11621.0,68.2,7925.522,0.162144,0.161774,10.5072,30.30303,1.3134,1106.003502,,
2020-07-02,2020,7,3,294.37,159.91,116.81,17.65,7.65,2.16,1.32,4.45,5.79,4.18,133442.0,4790.0,,132.0,132.0,38.7,39.3,7.63,7.64,2824.0,17748.0,2816.0,17796.0,,,2.41,1.07,2.5,1.03,25002.0,24744.0,,6088.0,5704.0,11792.0,68.3,68.3,,,354.0,0,0,0,0,0,264.0,11792.0,68.3,8053.936,0.159117,0.158238,11.0352,30.30303,1.3794,1068.580542,,
2020-07-03,2020,7,4,179.92,158.96,,20.96,7.32,2.84,1.91,4.38,6.1,4.69,137520.0,,,132.0,132.0,38.8,39.2,7.67,7.67,2981.0,17693.0,2954.0,17718.0,,,2.74,1.29,2.8,1.23,33738.0,23233.0,,6405.0,5960.0,12365.0,67.4,67.4,,,326.0,0,0,0,0,0,264.0,12365.0,67.4,8334.01,0.168485,0.166723,12.3816,30.30303,1.5477,998.659301,,
2020-07-04,2020,7,5,201.11,159.95,41.16,,,,,,,,,,,132.0,132.0,,,,,,,,,,,,,,,,,,6463.0,5965.0,12428.0,,,,,331.0,0,0,0,0,0,264.0,12428.0,,,,,,30.30303,,,,
2020-07-05,2020,7,6,41.24,,41.24,,,,,,,,,,,132.0,132.0,,,,,,,,,,,,,,,,,,6272.0,5756.0,12028.0,,,,,292.0,0,0,0,0,0,264.0,12028.0,,,,,,30.30303,,,,
2020-07-06,2020,7,0,236.45,103.26,90.55,42.64,7.83,3.33,1.69,4.88,5.2,3.59,113796.0,4786.0,2726.0,132.0,132.0,38.7,39.1,7.68,7.66,3189.0,17928.0,3142.0,17864.0,3858.0,4029.0,2.7,1.08,2.73,1.2,27013.0,27440.0,5217.0,5938.0,5309.0,11247.0,68.0,68.9,,,235.0,0,0,0,0,0,264.0,11247.0,68.45,7698.5715,0.177878,0.175884,9.4776,30.30303,1.1847,1186.692834,247.425305,253.542843
2020-07-07,2020,7,1,262.0,162.27,81.49,18.24,7.69,3.04,1.61,4.82,5.45,3.84,119532.0,,,132.0,132.0,38.7,39.1,7.69,7.67,3024.0,18043.0,2963.0,17894.0,,,2.68,1.12,2.7,1.08,25836.0,28428.0,,5073.0,4444.0,9517.0,70.6,70.6,,,245.0,0,0,0,0,0,264.0,9517.0,70.6,6719.002,0.1676,0.165586,10.1376,30.30303,1.2672,938.782355,,
2020-07-08,2020,7,2,241.74,189.49,37.81,14.44,7.19,3.38,1.72,5.58,4.14,2.4,109811.0,4559.0,,132.0,132.0,37.8,39.1,7.75,7.73,3079.0,18169.0,3026.0,18088.0,,,2.71,1.08,2.49,0.85,25677.0,27572.0,,4954.0,4460.0,9414.0,71.5,71.5,,,315.0,0,0,0,0,0,264.0,9414.0,71.5,6731.01,0.169464,0.167293,6.336,30.30303,0.792,1485.795455,,
2020-07-09,2020,7,3,242.73,158.95,65.41,18.37,7.49,3.01,1.72,5.61,4.36,2.89,114587.0,5103.0,3205.0,132.0,132.0,37.8,39.1,7.75,7.73,2925.0,17928.0,2961.0,17894.0,3874.0,4020.0,2.49,0.97,2.59,1.13,20174.0,23170.0,,5175.0,4733.0,9908.0,72.1,72.1,,,298.0,0,0,0,0,0,264.0,9908.0,72.1,7143.668,0.163153,0.165474,7.6296,30.30303,0.9537,1298.626402,273.462666,293.985776
2020-07-10,2020,7,4,317.51,186.45,109.13,21.93,7.57,3.14,1.93,5.62,4.56,3.0,126240.0,5088.0,3268.0,132.0,132.0,37.7,39.0,7.76,7.75,2867.0,17992.0,2936.0,18061.0,,,2.63,1.09,2.64,1.05,19194.0,21681.0,,5385.0,4873.0,10258.0,72.5,72.5,,,325.0,0,0,0,0,0,264.0,10258.0,72.5,7437.05,0.159349,0.16256,7.92,30.30303,0.99,1295.20202,,
2020-07-11,2020,7,5,214.96,158.93,38.44,17.59,,,,,,,,,,132.0,132.0,,,,,,,,,,,,,,,,,,5377.0,4865.0,10242.0,,,,,363.0,0,0,0,0,0,264.0,10242.0,,,,,,30.30303,,,,
2020-07-12,2020,7,6,38.01,,38.01,,,,,,,,,,,132.0,132.0,,,,,,,,,,,,,,,,,,5483.0,4907.0,10390.0,,,,,357.0,0,0,0,0,0,264.0,10390.0,,,,,,30.30303,,,,
2020-07-13,2020,7,0,249.15,187.73,37.27,24.15,7.66,3.56,1.63,6.14,3.88,2.31,114083.0,4806.0,3228.0,132.0,132.0,37.6,38.9,7.82,7.81,2754.0,17968.0,2796.0,18102.0,4064.0,4207.0,2.64,0.89,2.54,1.05,20731.0,29907.0,5198.0,5160.0,4667.0,9827.0,73.9,73.9,,,350.0,0,0,0,0,0,264.0,9827.0,73.9,7262.153,0.153272,0.154458,6.0984,30.30303,0.7623,1611.40627,328.982627,360.226003
2020-07-14,2020,7,1,245.92,186.99,41.54,17.39,7.64,2.51,1.32,6.08,4.01,2.65,104767.0,4620.0,3255.0,134.0,135.0,37.6,38.9,7.74,7.74,2783.0,17924.0,2842.0,18031.0,3782.0,4491.0,2.49,1.17,2.73,1.2,24992.0,26323.0,4687.0,4895.0,4526.0,9421.0,74.5,74.5,,,316.0,0,0,0,0,0,269.0,9421.0,74.5,7018.645,0.155267,0.157617,7.1285,29.739777,0.891062,1321.596409,258.164191,331.52544
2020-07-15,2020,7,2,330.28,183.71,130.9,15.67,7.52,4.36,2.33,5.93,4.19,2.61,117000.0,4728.0,3123.0,138.0,138.0,36.9,38.7,7.76,7.76,2729.0,17868.0,2773.0,17911.0,3650.0,4340.0,2.49,1.07,2.8,1.23,20806.0,27718.0,4596.0,5130.0,4651.0,9781.0,74.7,74.7,,,363.0,0,0,0,0,0,276.0,9781.0,74.7,7306.407,0.152731,0.154821,7.2036,28.985507,0.90045,1357.793326,249.242576,330.349953
2020-07-16,2020,7,3,276.45,159.05,98.62,18.78,7.4,2.35,1.61,5.8,4.45,2.89,121039.0,4639.0,2930.0,138.0,138.0,36.9,38.7,7.79,7.77,2848.0,17764.0,2807.0,17798.0,,,2.5,1.17,2.51,1.13,29078.0,29227.0,,5390.0,4821.0,10211.0,74.6,74.6,,,363.0,0,0,0,0,0,276.0,10211.0,74.6,7617.406,0.160324,0.157714,7.9764,28.985507,0.99705,1280.151447,,
2020-07-17,2020,7,4,200.53,159.31,18.01,23.21,7.5,2.64,1.41,5.72,4.67,3.05,125041.0,,2826.0,138.0,138.0,38.3,38.6,7.8,7.78,2924.0,17739.0,2901.0,17718.0,,,2.58,1.15,2.56,1.19,26337.0,28733.0,,5666.0,5080.0,10746.0,74.0,74.0,,,357.0,0,0,0,0,0,276.0,10746.0,74.0,7952.04,0.164835,0.163732,8.418,28.985507,1.05225,1276.550249,,
2020-07-18,2020,7,5,218.83,157.62,41.41,19.8,,,,,,,,,,138.0,138.0,,,,,,,,,,,,,,,,,,5832.0,5280.0,11112.0,,,,,363.0,0,0,0,0,0,276.0,11112.0,,,,,,28.985507,,,,
2020-07-19,2020,7,6,,,,,,,,,,,,,,138.0,138.0,,,,,,,,,,,,,,,,,,5898.0,5389.0,11287.0,,,,,363.0,0,0,0,0,0,276.0,11287.0,,,,,,28.985507,,,,
2020-07-20,2020,7,0,321.57,162.87,133.32,25.38,7.75,3.58,1.57,6.06,4.43,2.59,116179.0,4962.0,2945.0,138.0,138.0,38.3,38.6,7.86,7.84,3087.0,17866.0,2954.0,17958.0,3761.0,4147.0,2.85,1.1,2.59,1.03,29557.0,26397.0,4840.0,5637.0,5352.0,10989.0,74.7,74.7,,,339.0,0,0,0,0,0,276.0,10989.0,74.7,8208.783,0.172786,0.164495,7.1484,28.985507,0.89355,1537.267081,345.233636,371.558749
2020-07-21,2020,7,1,305.03,186.53,99.68,18.82,7.51,3.26,1.89,5.94,3.93,2.56,117209.0,4944.0,3106.0,138.0,138.0,38.3,38.6,7.83,7.82,3112.0,17824.0,3018.0,17894.0,,,2.36,1.15,2.58,1.21,22251.0,28458.0,,5356.0,5138.0,10494.0,75.1,75.1,,,347.0,0,0,0,0,0,276.0,10494.0,75.1,7880.994,0.174596,0.16866,7.0656,28.985507,0.8832,1485.224185,,
2020-07-22,2020,7,2,227.75,186.11,18.6,23.04,7.44,2.75,1.58,5.7,4.33,2.78,121017.0,,,138.0,138.0,38.4,38.5,7.81,7.79,3017.0,17796.0,2922.0,17867.0,,,2.68,1.26,2.68,1.12,20559.0,23176.0,,5627.0,5350.0,10977.0,74.2,74.2,,,347.0,0,0,0,0,0,276.0,10977.0,74.2,8144.934,0.169532,0.163542,7.6728,28.985507,0.9591,1430.638098,,
2020-07-23,2020,7,3,265.17,183.9,65.15,16.12,7.64,3.34,1.91,5.62,4.3,2.66,121153.0,4800.0,3132.0,138.0,138.0,38.4,38.5,7.86,7.87,2960.0,17923.0,2893.0,17961.0,3763.0,3804.0,2.52,0.98,2.43,0.85,24364.0,30264.0,4620.0,5784.0,5461.0,11245.0,73.6,73.6,,,363.0,0,0,0,0,0,276.0,11245.0,73.6,8276.32,0.165151,0.161071,7.3416,28.985507,0.9177,1531.682467,347.454859,360.759162
2020-07-24,2020,7,4,311.15,181.45,107.51,22.19,7.73,2.85,1.52,5.58,4.22,2.68,122049.0,,,138.0,138.0,38.4,38.4,7.85,7.86,2913.0,17904.0,2867.0,18024.0,,,2.62,1.18,2.51,1.05,23118.0,26715.0,,5956.0,5545.0,11501.0,,,,,363.0,0,0,0,0,0,276.0,11501.0,,,0.162701,0.159066,7.3968,28.985507,0.9246,1554.861562,,
2020-07-25,2020,7,5,190.39,131.51,38.9,19.98,,,,,,,,,,138.0,138.0,,,,,,,,,,,,,,,,,,5957.0,5696.0,11653.0,,,,,343.0,0,0,0,0,0,276.0,11653.0,,,,,,28.985507,,,,
2020-07-26,2020,7,6,43.21,,43.21,,,,,,,,,,,138.0,138.0,,,,,,,,,,,,,,,,,,5911.0,5644.0,11555.0,,,,,383.0,0,0,0,0,0,276.0,11555.0,,,,,,28.985507,,,,
2020-07-27,2020,7,0,223.29,160.14,36.54,26.61,,,,,,,,,,138.0,138.0,,,,,,,,,,,,,,,,,,6086.0,5960.0,12046.0,,,,,350.0,0,0,0,0,0,276.0,12046.0,,,,,,28.985507,,,,
2020-07-28,2020,7,1,249.3,187.48,41.46,20.36,7.46,2.35,1.33,5.38,4.78,3.21,116995.0,4068.0,2776.0,138.0,138.0,38.1,38.1,7.87,7.84,2888.0,17818.0,2726.0,17969.0,3779.0,3928.0,2.69,1.27,2.42,1.04,21129.0,24232.0,4135.0,6165.0,6203.0,12368.0,71.9,71.9,,,334.0,0,0,0,0,0,276.0,12368.0,71.9,8892.592,0.162083,0.151706,8.8596,28.985507,1.10745,1395.999819,350.067378,341.695926
2020-07-29,2020,7,2,312.18,156.8,132.04,23.34,7.7,2.66,1.82,5.4,5.09,3.52,110861.0,,,134.0,134.0,38.1,38.1,7.85,7.84,2972.0,17782.0,2846.0,17927.0,,,2.69,1.17,2.64,1.24,20291.0,22791.0,,6098.0,6336.0,12434.0,70.8,70.8,,,354.0,0,0,0,0,0,268.0,12434.0,70.8,8803.272,0.167135,0.158755,9.4336,29.850746,1.1792,1318.054613,,
2020-07-30,2020,7,3,344.91,209.58,119.39,15.94,7.4,2.87,1.62,5.66,4.5,2.92,117464.0,,,132.0,132.0,38.1,38.2,7.86,7.89,2913.0,17804.0,3027.0,17728.0,,,2.4,0.88,2.53,1.04,22877.0,27044.0,,5653.0,6023.0,11676.0,71.8,71.8,,,362.0,0,0,0,0,0,264.0,11676.0,71.8,8383.368,0.163615,0.170747,7.7088,30.30303,0.9636,1514.632628,,
2020-07-31,2020,7,4,206.25,182.89,,23.36,7.4,3.21,1.82,5.7,4.97,3.21,118209.0,,,132.0,132.0,38.2,38.2,7.84,7.85,2956.0,17832.0,3062.0,17892.0,,,2.71,1.27,2.76,1.23,21694.0,25715.0,,5613.0,5904.0,11517.0,71.8,71.8,,,364.0,0,0,0,0,0,264.0,11517.0,71.8,8269.206,0.165769,0.171138,8.4744,30.30303,1.0593,1359.034268,,
2020-08-01,2020,8,5,265.49,158.28,89.19,18.02,,,,,,,,,,130.0,130.0,,,,,,,,,,,,,,,,,,5447.0,5727.0,11174.0,,,,,363.0,0,0,0,0,0,260.0,11174.0,,,,,,30.769231,,,,
2020-08-02,2020,8,6,,,,,,,,,,,,,,130.0,130.0,,,,,,,,,,,,,,,,,,5520.0,5794.0,11314.0,,,,,363.0,0,0,0,0,0,260.0,11314.0,,,,,,30.769231,,,,
2020-08-03,2020,8,0,299.22,182.16,84.38,32.68,7.62,2.44,1.24,5.33,5.8,4.07,143069.0,5223.0,2382.0,128.0,128.0,38.3,38.3,7.81,7.81,3116.0,17668.0,3028.0,17714.0,3490.0,3788.0,2.81,1.18,2.62,1.05,23191.0,23468.0,4318.0,5660.0,5904.0,11564.0,71.5,71.5,,,392.0,0,0,0,0,0,256.0,11564.0,71.5,8268.26,0.176364,0.170938,10.4192,31.25,1.3024,1109.874079,288.398026,313.023416
2020-08-04,2020,8,1,310.4,189.01,99.93,21.46,7.53,3.41,2.2,5.19,6.16,4.41,137694.0,,,124.0,124.0,35.3,38.3,7.82,7.82,3224.0,17754.0,3082.0,17861.0,,,2.66,1.35,2.71,1.32,20572.0,26981.0,,5580.0,6019.0,11599.0,70.3,70.3,,,363.0,0,0,0,0,0,248.0,11599.0,70.3,8154.097,0.181593,0.172555,10.9368,32.258065,1.3671,1060.547875,,
2020-08-05,2020,8,2,227.46,185.19,19.11,23.16,7.55,3.02,1.72,5.52,5.46,3.61,121343.0,,,120.0,120.0,38.4,38.4,7.83,7.83,3184.0,17728.0,3015.0,17767.0,,,2.73,1.19,2.44,0.95,27732.0,26624.0,,5637.0,6107.0,11744.0,70.1,70.3,,,359.0,0,0,0,0,0,240.0,11744.0,70.2,8244.288,0.179603,0.169697,8.664,33.333333,1.083,1355.493998,,
2020-08-06,2020,8,3,294.75,212.71,65.6,16.44,7.69,3.25,1.94,5.72,5.5,3.64,125381.0,,,120.0,120.0,38.3,38.4,7.84,7.85,3036.0,17654.0,2931.0,17702.0,,,2.55,1.0,2.53,1.05,26517.0,25839.0,,5384.0,5943.0,11327.0,67.4,67.7,,,331.0,0,0,0,0,0,240.0,11327.0,67.55,7651.3885,0.171972,0.165575,8.736,33.333333,1.092,1296.588828,,
2020-08-07,2020,8,4,333.49,184.6,125.58,23.31,7.74,2.98,1.69,5.68,5.82,4.12,132448.0,,,114.0,114.0,38.3,38.3,7.85,7.86,2984.0,17617.0,2962.0,17628.0,,,2.69,1.24,2.51,0.98,23146.0,26218.0,,5329.0,5867.0,11196.0,67.3,67.5,,,360.0,0,0,0,0,0,228.0,11196.0,67.4,7546.104,0.169382,0.168028,9.3936,35.087719,1.1742,1191.875319,,
2020-08-08,2020,8,5,213.41,154.09,37.21,22.11,,,,,,,,,,108.0,108.0,,,,,,,,,,,,,,,,,,4960.0,5371.0,10331.0,,,,,324.0,0,0,0,0,0,216.0,10331.0,,,,,,37.037037,,,,
2020-08-09,2020,8,6,,,,,,,,,,,,,,108.0,108.0,,,,,,,,,,,,,,,,,,5125.0,5590.0,10715.0,,,,,296.0,0,0,0,0,0,216.0,10715.0,,,,,,37.037037,,,,
2020-08-10,2020,8,0,292.06,186.2,80.06,25.8,7.53,3.76,2.1,5.84,4.94,3.1,129970.0,4288.0,2453.0,108.0,108.0,38.2,38.2,7.89,7.86,2966.0,17428.0,2868.0,17249.0,3887.0,4283.0,3.07,1.37,2.7,1.23,25307.0,23887.0,4319.0,5205.0,5706.0,10911.0,67.4,67.8,,,362.0,0,0,0,0,0,216.0,10911.0,67.6,7375.836,0.170186,0.166271,6.696,37.037037,0.837,1629.480287,377.608328,390.841147
2020-08-11,2020,8,1,253.87,190.06,41.08,22.73,,,,,,,,,,108.0,108.0,,,,,,,,,,,,,,,,,,4911.0,5445.0,10356.0,,,,,302.0,0,0,0,0,0,216.0,10356.0,,,,,,37.037037,,,,
2020-08-12,2020,8,2,384.25,212.25,149.42,22.58,7.63,3.63,1.9,5.81,5.04,3.23,146529.0,,,108.0,108.0,38.3,38.3,7.92,7.89,3134.0,17546.0,2978.0,17261.0,,,2.81,1.28,2.79,1.23,24112.0,25655.0,,4704.0,5241.0,9945.0,68.2,68.5,,,362.0,0,0,0,0,0,216.0,9945.0,68.35,6797.4075,0.178616,0.172528,6.9768,37.037037,0.8721,1425.438596,,
2020-08-13,2020,8,3,301.71,185.45,101.83,14.43,7.53,3.53,2.08,5.87,4.79,3.06,123061.0,,,108.0,108.0,38.3,38.3,7.95,7.91,3073.0,17419.0,2949.0,17191.0,,,2.45,1.01,2.33,0.97,27597.0,28814.0,,4567.0,5100.0,9667.0,68.0,68.2,,,286.0,0,0,0,0,0,216.0,9667.0,68.1,6583.227,0.176417,0.171543,6.6096,37.037037,0.8262,1462.569596,,
2020-08-14,2020,8,4,284.08,239.91,19.2,24.97,7.45,2.08,1.24,5.58,4.24,2.74,120692.0,,,108.0,108.0,38.3,38.3,7.84,7.83,2892.0,17421.0,2911.0,17258.0,,,2.44,1.09,2.52,1.04,26318.0,27448.0,,4626.0,5181.0,9807.0,68.5,68.7,,,358.0,0,0,0,0,0,216.0,9807.0,68.6,6727.602,0.166007,0.168675,5.9184,37.037037,0.7398,1657.035685,,
2020-08-15,2020,8,5,243.81,106.74,113.89,23.18,,,,,,,,,,108.0,108.0,,,,,,,,,,,,,,,,,,4475.0,5044.0,9519.0,,,,,362.0,0,0,0,0,0,216.0,9519.0,,,,,,37.037037,,,,
2020-08-16,2020,8,6,,,,,,,,,,,,,,108.0,108.0,,,,,,,,,,,,,,,,,,4382.0,4990.0,9372.0,,,,,306.0,0,0,0,0,0,216.0,9372.0,,,,,,37.037037,,,,
2020-08-17,2020,8,0,295.84,185.21,84.67,25.96,7.64,2.45,1.14,5.59,4.12,2.57,111141.0,4847.0,2905.0,108.0,108.0,38.6,38.6,7.7,7.69,2688.0,17214.0,2706.0,17102.0,3553.0,3842.0,2.67,1.06,2.68,1.03,21564.0,25460.0,4475.0,4303.0,4916.0,9219.0,68.4,68.8,,,364.0,0,0,0,0,0,216.0,9219.0,68.6,6324.234,0.156152,0.158227,5.5512,37.037037,0.6939,1660.722006,236.453561,250.245577
2020-08-18,2020,8,1,337.4,213.21,99.32,24.87,7.58,2.08,1.05,5.56,3.9,2.22,109436.0,,,108.0,108.0,38.9,38.9,7.69,7.69,2613.0,17189.0,2687.0,17076.0,,,2.72,1.18,2.52,0.95,23158.0,24983.0,,4207.0,4744.0,8951.0,68.6,68.3,,,210.0,0,0,0,0,0,216.0,8951.0,68.45,6126.9595,0.152016,0.157355,4.7952,37.037037,0.5994,1866.658325,,
2020-08-19,2020,8,2,227.91,187.32,19.48,21.11,7.53,2.43,1.32,5.69,3.95,2.63,97845.0,,,108.0,108.0,39.0,39.0,7.72,7.72,2588.0,17124.0,2669.0,16894.0,,,2.5,1.07,2.41,1.03,19530.0,20417.0,,4217.0,4721.0,8938.0,68.8,68.5,,,363.0,0,0,0,0,0,216.0,8938.0,68.65,6135.937,0.151133,0.157985,5.6808,37.037037,0.7101,1573.369948,,
2020-08-20,2020,8,3,294.13,214.18,65.3,14.65,7.49,3.27,1.58,5.73,4.07,2.6,104548.0,,2651.0,112.0,112.0,39.0,39.0,7.74,7.74,2649.0,17128.0,2625.0,17044.0,,,3.05,1.17,2.49,0.94,24523.0,22096.0,,4469.0,4998.0,9467.0,69.0,68.8,,,363.0,0,0,0,0,0,224.0,9467.0,68.9,6522.763,0.154659,0.154013,5.824,35.714286,0.728,1625.51511,,
2020-08-21,2020,8,4,272.86,185.99,63.89,22.98,7.57,4.7,2.74,5.74,4.3,3.19,126883.0,,,112.0,112.0,39.1,39.1,7.76,7.76,2804.0,17352.0,2677.0,17185.0,,,2.6,1.37,2.47,1.25,21698.0,23525.0,,4844.0,5389.0,10233.0,69.0,68.7,,,359.0,0,0,0,0,0,224.0,10233.0,68.85,7045.4205,0.161595,0.155775,7.1456,35.714286,0.8932,1432.070085,,
2020-08-22,2020,8,5,274.76,132.28,121.75,20.73,,,,,,,,,,112.0,112.0,,,,,,,,,,,,,,,,,,4910.0,5516.0,10426.0,,,,,323.0,0,0,0,0,0,224.0,10426.0,,,,,,35.714286,,,,
2020-08-23,2020,8,6,,,,,,,,,,,,,,112.0,112.0,,,,,,,,,,,,,,,,,,4810.0,5418.0,10228.0,,,,,358.0,0,0,0,0,0,224.0,10228.0,,,,,,35.714286,,,,
2020-08-24,2020,8,0,266.47,182.65,59.24,24.58,7.34,3.4,2.01,5.53,4.55,2.99,118835.0,4467.0,2837.0,112.0,112.0,35.5,39.5,7.85,7.83,2867.0,16842.0,2791.0,16915.0,3438.0,3770.0,2.58,1.07,2.46,0.96,21508.0,23445.0,4281.0,4962.0,5583.0,10545.0,68.3,68.0,,,363.0,0,0,0,0,0,224.0,10545.0,68.15,7186.4175,0.170229,0.165001,6.6976,35.714286,0.8372,1574.444577,261.269956,348.704631
2020-08-25,2020,8,1,225.11,186.67,20.84,17.6,7.45,2.88,1.49,5.6,4.71,3.06,124336.0,,,112.0,112.0,35.6,39.6,7.84,7.84,2894.0,16884.0,2866.0,16876.0,,,2.51,1.02,2.45,0.98,23269.0,21594.0,,4989.0,5615.0,10604.0,68.5,68.2,,,322.0,0,0,0,0,0,224.0,10604.0,68.35,7247.834,0.171405,0.169827,6.8544,35.714286,0.8568,1547.035481,,
2020-08-26,2020,8,2,371.62,198.66,156.18,16.78,7.88,2.52,1.23,5.6,4.39,2.52,116776.0,,,112.0,112.0,35.6,39.7,7.82,7.82,2829.0,16839.0,2870.0,16857.0,,,2.41,0.88,2.45,0.95,23122.0,22349.0,,4968.0,5650.0,10618.0,68.1,67.8,,,350.0,0,0,0,0,0,224.0,10618.0,67.95,7214.931,0.168003,0.170256,5.6448,35.714286,0.7056,1881.023243,,
2020-08-27,2020,8,3,325.93,207.98,101.08,16.87,7.6,2.41,1.37,5.68,4.84,2.85,125339.0,,,112.0,112.0,35.7,39.8,7.8,7.8,2743.0,17021.0,2778.0,17104.0,,,2.41,0.88,2.42,0.94,20238.0,21302.0,,5049.0,5697.0,10746.0,68.5,68.3,,,308.0,0,0,0,0,0,224.0,10746.0,68.4,7350.264,0.161154,0.162418,6.384,35.714286,0.798,1683.270677,,
2020-08-28,2020,8,4,224.12,183.47,19.53,21.12,7.44,2.62,1.28,5.71,4.92,3.01,129427.0,,,112.0,112.0,39.8,39.8,7.79,7.79,2714.0,17094.0,2755.0,17152.0,,,2.46,0.92,2.49,0.98,21594.0,22419.0,,5188.0,5864.0,11052.0,68.7,68.5,,,319.0,0,0,0,0,0,224.0,11052.0,68.6,7581.672,0.158769,0.160623,6.7424,35.714286,0.8428,1639.178927,,
2020-08-29,2020,8,5,234.01,125.26,89.57,19.18,,,,,,,,,,112.0,112.0,,,,,,,,,,,,,,,,,,5220.0,5873.0,11093.0,,,,,363.0,0,0,0,0,0,224.0,11093.0,,,,,,35.714286,,,,
2020-08-30,2020,8,6,20.87,,20.87,,,,,,,,,,,112.0,112.0,,,,,,,,,,,,,,,,,,5132.0,5787.0,10919.0,,,,,360.0,0,0,0,0,0,224.0,10919.0,,,,,,35.714286,,,,
2020-08-31,2020,8,0,290.36,156.2,110.22,23.94,7.64,1.96,1.13,5.6,5.12,3.19,149001.0,4575.0,3034.0,112.0,112.0,40.0,40.0,7.81,7.81,2744.0,16658.0,2718.0,16826.0,,,2.51,0.98,2.43,1.04,20301.0,22643.0,4177.0,5248.0,5922.0,11170.0,68.4,68.2,,,364.0,0,0,0,0,0,224.0,11170.0,68.3,7629.11,0.164726,0.161536,7.1456,35.714286,0.8932,1563.199731,,
2020-09-01,2020,9,1,329.13,209.43,102.3,17.4,,,,,,,,,,112.0,112.0,,,,,,,,,,,,,,,,,,5239.0,5902.0,11141.0,,,,,362.0,0,0,0,0,0,224.0,11141.0,,,,,,35.714286,,,,
2020-09-02,2020,9,2,215.11,179.96,19.47,15.68,7.49,2.9,1.8,5.52,4.99,3.23,130585.0,,,112.0,112.0,40.0,39.9,7.84,7.83,2698.0,16824.0,2635.0,16797.0,,,2.41,0.88,2.35,0.95,19242.0,20072.0,,5396.0,6057.0,11453.0,68.2,68.0,,,363.0,0,0,0,0,0,224.0,11453.0,68.1,7799.493,0.160366,0.156873,7.2352,35.714286,0.9044,1582.955551,,
2020-09-03,2020,9,3,185.56,104.79,65.16,15.61,7.46,3.12,1.69,5.63,4.87,2.35,136544.0,,,115.0,114.0,39.9,39.9,7.83,7.82,2629.0,16953.0,2597.0,16842.0,,,2.43,1.08,2.37,1.06,19991.0,21237.0,,5463.0,6047.0,11510.0,68.3,68.1,,,322.0,0,0,0,0,0,229.0,11510.0,68.2,7849.82,0.155076,0.154198,5.3815,34.934498,0.672688,2138.808882,,
2020-09-04,2020,9,4,286.71,158.03,109.05,19.63,7.54,2.57,1.26,5.57,4.71,2.84,132691.0,,,112.0,112.0,39.9,39.9,7.82,7.82,2573.0,17022.0,2584.0,16907.0,,,2.45,1.04,2.4,0.96,20381.0,21699.0,,5227.0,5834.0,11061.0,68.5,68.3,,,362.0,0,0,0,0,0,224.0,11061.0,68.4,7565.724,0.151157,0.152836,6.3616,35.714286,0.7952,1738.713531,,
2020-09-05,2020,9,5,278.09,157.87,101.55,18.67,,,,,,,,,,112.0,112.0,,,,,,,,,,,,,,,,,,5214.0,5805.0,11019.0,,,,,363.0,0,0,0,0,0,224.0,11019.0,,,,,,35.714286,,,,
2020-09-06,2020,9,6,,,,,,,,,,,,,,112.0,112.0,,,,,,,,,,,,,,,,,,5420.0,6026.0,11446.0,,,,,423.0,0,0,0,0,0,224.0,11446.0,,,,,,35.714286,,,,
2020-09-07,2020,9,0,189.61,128.1,39.02,22.49,7.64,2.08,1.05,5.74,5.0,3.13,153021.0,5059.0,2521.0,110.0,110.0,39.8,39.8,7.98,7.99,2482.0,17128.0,2516.0,17049.0,3830.0,4044.0,2.42,0.89,2.36,0.89,23462.0,23820.0,4787.0,5764.0,6560.0,12324.0,67.9,67.8,,,364.0,0,0,0,0,0,220.0,12324.0,67.85,8361.834,0.144909,0.147575,6.886,36.363636,0.86075,1789.718269,490.18478,528.055314
2020-09-08,2020,9,1,286.02,182.01,89.83,14.18,7.54,2.97,1.69,5.7,4.88,3.12,133256.0,,,108.0,108.0,40.0,39.9,8.0,7.99,2504.0,17141.0,2542.0,17102.0,,,2.5,1.02,2.37,0.96,27513.0,20699.0,,4940.0,5641.0,10581.0,68.1,68.3,,,363.0,0,0,0,0,0,216.0,10581.0,68.2,7216.242,0.146082,0.148638,6.7392,37.037037,0.8424,1570.067664,,
2020-09-09,2020,9,2,306.1,157.61,133.56,14.93,7.62,2.57,1.38,5.65,4.94,3.26,136410.0,,,108.0,108.0,39.9,39.9,8.01,8.0,2472.0,17069.0,2518.0,17127.0,,,2.45,0.92,2.4,0.95,24166.0,21375.0,,4780.0,5464.0,10244.0,68.2,68.3,,,403.0,0,0,0,0,0,216.0,10244.0,68.25,6991.53,0.144824,0.147019,7.0416,37.037037,0.8802,1454.783004,,
2020-09-10,2020,9,3,303.7,185.54,101.18,16.98,7.84,2.69,1.58,5.73,4.78,3.09,129673.0,,,108.0,108.0,39.8,39.3,8.0,7.99,2553.0,17201.0,2493.0,17155.0,,,2.41,0.9,2.39,1.01,22794.0,21866.0,,4767.0,5427.0,10194.0,68.0,68.1,,,363.0,0,0,0,0,0,216.0,10194.0,68.05,6937.017,0.148422,0.145322,6.6744,37.037037,0.8343,1527.328299,,
2020-09-11,2020,9,4,221.91,181.3,19.66,20.95,7.61,2.4,1.31,5.62,4.97,3.18,136107.0,,,106.0,105.0,39.7,38.3,8.01,8.0,2518.0,17153.0,2457.0,17096.0,,,2.48,0.95,2.4,0.91,25442.0,22698.0,,4757.0,5410.0,10167.0,68.0,67.9,,,405.0,0,0,0,0,0,211.0,10167.0,67.95,6908.4765,0.146796,0.143718,6.7098,37.914692,0.838725,1515.246356,,
2020-09-12,2020,9,5,174.58,48.45,110.34,15.79,,,,,,,,,,102.0,102.0,,,,,,,,,,,,,,,,,,4428.0,5001.0,9429.0,,,,,363.0,0,0,0,0,0,204.0,9429.0,,,,,,39.215686,,,,
2020-09-13,2020,9,6,53.4,53.4,,,,,,,,,,,,102.0,102.0,,,,,,,,,,,,,,,,,,5253.0,5984.0,11237.0,,,,,366.0,0,0,0,0,0,204.0,11237.0,,,,,,39.215686,,,,
2020-09-14,2020,9,0,292.26,156.73,113.04,22.49,7.7,1.61,0.86,5.34,5.68,3.58,136285.0,5027.0,2393.0,102.0,102.0,39.7,38.5,7.98,7.98,2784.0,17218.0,2696.0,17157.0,3823.0,3789.0,2.61,0.98,2.43,0.85,22527.0,20103.0,4704.0,5327.0,6060.0,11387.0,67.7,67.6,,,355.0,0,0,0,0,0,204.0,11387.0,67.65,7703.3055,0.161691,0.157137,7.3032,39.215686,0.9129,1559.179538,486.556093,450.597398
2020-09-15,2020,9,1,193.39,156.33,21.78,15.28,7.76,2.24,1.19,5.41,5.49,3.45,133053.0,,,99.0,99.0,39.7,38.5,7.97,7.97,2839.0,17245.0,2741.0,17203.0,,,2.58,0.94,2.46,0.92,23018.0,22334.0,,5283.0,5984.0,11267.0,67.2,67.3,,,363.0,0,0,0,0,0,198.0,11267.0,67.25,7577.0575,0.164627,0.159333,6.831,40.40404,0.853875,1649.392475,,
2020-09-16,2020,9,2,185.45,103.98,65.64,15.83,7.61,2.91,1.9,5.2,6.05,4.25,128559.0,,,92.0,92.0,39.6,38.2,8.0,8.0,2805.0,17329.0,2783.0,17251.0,,,2.64,1.15,2.44,1.14,22246.0,22232.0,,5072.0,5718.0,10790.0,66.4,66.2,,,363.0,0,0,0,0,0,184.0,10790.0,66.3,7153.77,0.161867,0.161324,7.82,43.478261,0.9775,1379.795396,,
2020-09-17,2020,9,3,198.83,137.25,44.95,16.63,7.46,2.86,1.82,5.34,5.89,4.04,118019.0,,,90.0,86.0,39.6,38.2,7.98,7.98,2717.0,17213.0,2658.0,17453.0,,,2.66,0.97,2.53,1.14,20171.0,24746.0,,4455.0,4933.0,9388.0,66.7,66.5,,,371.0,0,0,0,0,0,176.0,9388.0,66.6,6252.408,0.157846,0.152295,7.1104,45.454545,0.8888,1320.319532,,
2020-09-18,2020,9,4,263.91,157.19,89.42,17.3,7.83,2.91,1.69,5.4,5.78,3.96,120973.0,,,88.0,88.0,35.5,38.1,7.97,7.97,2782.0,17154.0,2616.0,17393.0,,,2.61,1.01,2.51,1.08,22602.0,23068.0,,4622.0,5416.0,10038.0,67.1,66.9,,,361.0,0,0,0,0,0,176.0,10038.0,67.0,6725.46,0.162178,0.150405,6.9696,45.454545,0.8712,1440.254821,,
2020-09-19,2020,9,5,130.6,77.51,37.4,15.69,,,,,,,,,,84.0,84.0,,,,,,,,,,,,,,,,,,4691.0,5422.0,10113.0,,,,,305.0,0,0,0,0,0,168.0,10113.0,,,,,,47.619048,,,,
2020-09-20,2020,9,6,45.0,,45.0,,,,,,,,,,,76.0,76.0,,,,,,,,,,,,,,,,,,3814.0,4346.0,8160.0,,,,,119.0,0,0,0,0,0,152.0,8160.0,,,,,,52.631579,,,,
2020-09-21,2020,9,0,168.16,106.24,38.38,23.54,7.57,4.4,2.63,5.44,6.01,4.34,,,,62.0,62.0,,,8.01,7.98,,,,,,,2.62,1.18,2.77,1.22,,,,3484.0,3877.0,7361.0,,,,,272.0,0,0,0,0,0,124.0,7361.0,,,,,5.3816,64.516129,0.6727,1367.80883,,
2020-09-22,2020,9,1,274.76,132.28,121.75,20.73,7.77,3.85,2.35,5.58,5.84,4.49,,,,48.0,48.0,,,7.98,7.97,,,,,,,2.57,1.16,2.64,1.15,,,,2947.0,3324.0,6271.0,,,,,21.0,0,0,0,0,0,96.0,6271.0,,,,,4.3104,83.333333,0.5388,1454.853378,,
2020-09-23,2020,9,2,277.56,104.07,157.55,15.94,7.84,1.77,0.94,5.35,5.98,3.91,141923.0,5597.0,,48.0,48.0,35.3,38.2,8.14,8.11,2348.0,17728.0,2187.0,17695.0,4067.0,4384.0,2.67,1.07,2.46,0.74,17473.0,20998.0,5080.0,2833.0,3483.0,6316.0,66.9,66.5,,,138.0,0,0,0,0,0,96.0,6316.0,66.7,4212.772,0.132446,0.123594,3.7536,83.333333,0.4692,1682.651321,555.701947,664.239503
2020-09-24,2020,9,3,301.18,183.47,100.75,16.96,7.69,2.43,1.32,5.47,5.41,3.34,114925.0,,,54.0,54.0,39.3,38.2,8.1,8.09,2416.0,17806.0,2221.0,17928.0,,,2.71,1.01,2.55,0.83,22912.0,23381.0,,2928.0,3491.0,6419.0,67.5,67.3,,,277.0,0,0,0,0,0,108.0,6419.0,67.4,4326.406,0.135685,0.123884,3.6072,74.074074,0.4509,1779.496562,,
2020-09-25,2020,9,4,194.07,156.35,19.21,18.51,7.76,2.04,1.05,5.38,5.28,3.28,120381.0,,,60.0,60.0,39.2,38.1,8.09,8.07,2384.0,17694.0,2482.0,17863.0,,,2.68,1.02,2.49,0.89,21841.0,22715.0,,3014.0,3735.0,6749.0,67.7,67.4,,,291.0,0,0,0,0,0,120.0,6749.0,67.55,4558.9495,0.134735,0.138946,3.936,66.666667,0.492,1714.684959,,
2020-09-26,2020,9,5,156.29,50.93,88.84,16.52,,,,,,,,,,66.0,66.0,,,,,,,,,,,,,,,,,,3241.0,4052.0,7293.0,,,,,204.0,0,0,0,0,0,132.0,7293.0,,,,,,60.606061,,,,
2020-09-27,2020,9,6,,,,,,,,,,,,,,72.0,72.0,,,,,,,,,,,,,,,,,,3394.0,4060.0,7454.0,,,,,290.0,0,0,0,0,0,144.0,7454.0,,,,,,55.555556,,,,
2020-09-28,2020,9,0,288.54,106.23,156.0,26.31,7.34,3.12,1.71,5.61,5.82,3.86,129567.0,5238.0,2721.0,72.0,72.0,39.2,38.1,8.03,8.0,2519.0,17968.0,2561.0,17908.0,4290.0,4420.0,2.39,0.84,2.39,0.84,31313.0,26016.0,5283.0,3453.0,4073.0,7526.0,68.5,68.3,,,219.0,0,0,0,0,0,144.0,7526.0,68.4,5147.784,0.140194,0.143009,5.5584,55.555556,0.6948,1353.986759,586.762552,535.03241
2020-09-29,2020,9,1,291.74,128.95,146.02,16.77,7.59,2.62,1.51,5.61,4.44,2.79,115741.0,,,72.0,72.0,39.0,38.0,7.99,7.97,2610.0,17893.0,2518.0,17924.0,,,2.77,1.17,2.58,1.05,19010.0,22956.0,,3244.0,3811.0,7055.0,68.6,68.5,,,315.0,0,0,0,0,0,144.0,7055.0,68.55,4836.2025,0.145867,0.140482,4.0176,55.555556,0.5022,1756.023497,,
2020-09-30,2020,9,2,216.43,155.99,19.25,41.19,7.28,2.97,1.88,5.63,4.73,3.27,126768.0,,,72.0,72.0,39.0,38.2,7.97,7.95,2692.0,17843.0,2631.0,17883.0,,,2.46,1.06,2.31,1.03,18973.0,22793.0,,3212.0,3788.0,7000.0,68.2,67.9,,,314.0,0,0,0,0,0,144.0,7000.0,68.05,4763.5,0.150871,0.147123,4.7088,55.555556,0.5886,1486.578321,,
2020-10-01,2020,10,3,,0.0,0.0,0.0,,,,,,,,,,72.0,72.0,,,,,,,,,,,,,,,,,,3213.0,3767.0,6980.0,,,,,314.0,0,0,0,0,0,144.0,6980.0,,,,,,55.555556,,,,
2020-10-02,2020,10,4,148.27,75.95,72.32,0.0,,,,,,,,,,72.0,72.0,,,,,,,,,,,,,,,,,,3430.0,4157.0,7587.0,,,,,315.0,0,0,0,0,0,144.0,7587.0,,,,,,55.555556,,,,
2020-10-03,2020,10,5,148.47,104.7,39.42,4.35,,,,,,,,,,72.0,72.0,,,,,,,,,,,,,,,,,,3643.0,4326.0,7969.0,,,,,314.0,0,0,0,0,0,144.0,7969.0,,,,,,55.555556,,,,
2020-10-04,2020,10,6,135.22,26.38,86.85,21.99,,,,,,,,,,72.0,72.0,,,,,,,,,,,,,,,,,,3601.0,4168.0,7769.0,,,,,291.0,0,0,0,0,0,144.0,7769.0,,,,,,55.555556,,,,
2020-10-05,2020,10,0,196.63,132.1,38.59,25.94,7.51,3.26,1.69,5.85,4.77,3.14,122101.0,5412.0,2759.0,76.0,76.0,38.8,38.5,8.02,8.0,2434.0,18058.0,2542.0,17969.0,4577.0,4063.0,2.53,0.99,2.66,1.02,24372.0,22235.0,5666.0,3460.0,4086.0,7546.0,69.1,68.9,,,235.0,0,0,0,0,0,152.0,7546.0,69.0,5206.74,0.134788,0.141466,4.7728,52.631579,0.5966,1581.042575,600.094029,503.133953
2020-10-06,2020,10,1,241.67,183.74,41.56,16.37,7.78,2.08,1.14,5.92,4.86,3.32,109549.0,,,76.0,76.0,38.8,38.4,7.99,7.98,2505.0,17931.0,2593.0,17883.0,,,2.39,1.07,2.61,1.14,20574.0,23802.0,,3417.0,4027.0,7444.0,69.4,68.1,,,314.0,0,0,0,0,0,152.0,7444.0,68.75,5117.75,0.139702,0.144998,5.0464,52.631579,0.6308,1475.11097,,
2020-10-07,2020,10,2,332.73,155.21,158.76,18.76,7.66,3.43,1.82,5.98,4.66,2.91,108647.0,,,80.0,80.0,38.7,38.4,8.01,8.01,2543.0,18016.0,2551.0,17905.0,,,2.72,1.08,2.71,1.14,18744.0,20735.0,,3547.0,4280.0,7827.0,69.3,69.2,,,198.0,0,0,0,0,0,160.0,7827.0,69.25,5420.1975,0.141152,0.142474,4.656,50.0,0.582,1681.056701,,
2020-10-08,2020,10,3,253.95,135.1,101.42,17.43,7.61,2.33,1.32,5.89,4.81,3.16,126086.0,,,80.0,80.0,38.7,38.3,7.98,7.98,2468.0,17638.0,2477.0,17796.0,,,2.56,1.1,2.62,1.04,21187.0,24483.0,,3612.0,4141.0,7753.0,69.5,69.3,,,314.0,0,0,0,0,0,160.0,7753.0,69.4,5380.582,0.139925,0.139189,5.056,50.0,0.632,1533.425633,,
2020-10-09,2020,10,4,215.61,177.33,19.54,18.74,7.69,2.54,1.48,5.82,4.92,3.28,123816.0,,,84.0,84.0,38.7,38.3,7.97,7.97,2526.0,17754.0,2493.0,17728.0,,,2.55,1.07,2.64,1.12,22697.0,23058.0,,3845.0,4414.0,8259.0,69.4,69.4,,,315.0,0,0,0,0,0,168.0,8259.0,69.4,5731.746,0.142278,0.140625,5.5104,47.619048,0.6888,1498.802265,,
2020-10-10,2020,10,5,208.83,103.01,89.34,16.48,,,,,,,,,,84.0,84.0,,,,,,,,,,,,,,,,,,3899.0,4539.0,8438.0,,,,,315.0,0,0,0,0,0,168.0,8438.0,,,,,,47.619048,,,,
2020-10-11,2020,10,6,,0.0,0.0,0.0,,,,,,,,,,84.0,84.0,,,,,,,,,,,,,,,,,,3979.0,4547.0,8526.0,,,,,315.0,0,0,0,0,0,168.0,8526.0,,,,,,47.619048,,,,
2020-10-12,2020,10,0,291.04,132.78,134.45,23.81,8.02,1.32,0.67,5.85,4.56,2.9,135035.0,5014.0,2412.0,84.0,84.0,38.4,38.1,8.0,7.98,2527.0,17549.0,2582.0,17328.0,3957.0,4471.0,2.63,1.11,2.64,1.05,25616.0,24050.0,4659.0,4029.0,4615.0,8644.0,69.6,69.5,,,315.0,0,0,0,0,0,168.0,8644.0,69.55,6011.902,0.143997,0.149007,4.872,47.619048,0.609,1774.220033,487.234945,519.678826
2020-10-13,2020,10,1,278.51,160.76,101.78,15.97,7.41,2.26,1.29,5.91,4.59,2.92,126226.0,,,84.0,84.0,38.4,38.1,7.99,7.98,2493.0,17496.0,2547.0,17388.0,,,2.4,0.88,2.54,0.96,23095.0,23563.0,,3847.0,4448.0,8295.0,69.9,69.8,,,182.0,0,0,0,0,0,168.0,8295.0,69.85,5794.0575,0.14249,0.14648,4.9056,47.619048,0.6132,1690.924658,,
2020-10-14,2020,10,2,193.37,156.74,19.62,17.01,7.58,2.77,1.68,5.74,4.51,3.12,122339.0,,,84.0,84.0,38.3,38.0,8.03,8.02,2564.0,17621.0,2573.0,17426.0,,,2.47,1.15,2.43,0.95,21307.0,19920.0,,3915.0,4496.0,8411.0,69.7,69.6,,,314.0,0,0,0,0,0,168.0,8411.0,69.65,5858.2615,0.145508,0.147653,5.2416,47.619048,0.6552,1604.662698,,
2020-10-15,2020,10,3,193.39,156.33,21.78,15.28,7.64,2.97,1.69,5.83,4.7,3.15,134774.0,,,84.0,84.0,38.3,38.0,8.03,8.01,2422.0,17827.0,2495.0,17928.0,,,2.57,0.97,2.4,0.84,31455.0,25958.0,,3992.0,4520.0,8512.0,69.5,69.7,,,315.0,0,0,0,0,0,168.0,8512.0,69.6,5924.352,0.135861,0.139168,5.292,47.619048,0.6615,1608.465608,,
2020-10-16,2020,10,4,286.65,154.58,111.21,20.86,7.45,2.89,1.78,5.89,5.21,3.53,130335.0,,,84.0,84.0,38.3,38.0,8.02,8.0,2561.0,17816.0,2469.0,17908.0,,,2.39,1.16,2.41,1.04,25857.0,23619.0,,4127.0,4672.0,8799.0,69.1,69.3,,,315.0,0,0,0,0,0,168.0,8799.0,69.2,6088.908,0.143747,0.137871,5.9304,47.619048,0.7413,1483.711048,,
2020-10-17,2020,10,5,180.82,81.01,82.94,16.87,,,,,,,,,,84.0,84.0,,,,,,,,,,,,,,,,,,4199.0,4805.0,9004.0,,,,,315.0,0,0,0,0,0,168.0,9004.0,,,,,,47.619048,,,,
2020-10-18,2020,10,6,,0.0,0.0,0.0,,,,,,,,,,84.0,84.0,,,,,,,,,,,,,,,,,,4260.0,4792.0,9052.0,,,,,315.0,0,0,0,0,0,168.0,9052.0,,,,,,47.619048,,,,
2020-10-19,2020,10,0,262.11,154.86,84.25,23.0,7.48,2.8,1.51,3.82,5.22,3.39,,,,84.0,84.0,38.1,38.0,7.92,7.9,2694.0,17439.0,2573.0,17421.0,3874.0,4281.0,2.59,0.88,2.63,1.02,23672.0,25844.0,4524.0,4251.0,4759.0,9010.0,69.1,69.0,,,222.0,0,0,0,0,0,168.0,9010.0,69.05,6221.405,0.154481,0.147695,5.6952,47.619048,0.7119,1582.033994,398.155755,419.672478
2020-10-20,2020,10,1,262.24,183.61,62.34,16.29,7.67,2.78,1.5,3.83,4.92,3.05,,,,84.0,84.0,38.1,38.0,8.01,8.0,2626.0,17532.0,2513.0,17519.0,,,2.41,0.79,2.4,0.84,19701.0,21665.0,,4137.0,5049.0,9186.0,69.5,69.6,,,397.0,0,0,0,0,0,168.0,9186.0,69.55,6388.863,0.149783,0.143444,5.124,47.619048,0.6405,1792.740047,,
2020-10-21,2020,10,2,309.77,158.61,134.41,16.75,7.41,2.23,1.59,3.59,5.12,3.47,,,,84.0,84.0,38.1,38.0,7.96,7.95,2705.0,17284.0,2663.0,17325.0,,,2.56,1.26,2.48,1.06,20215.0,21204.0,,4206.0,4686.0,8892.0,69.3,69.4,,,257.0,0,0,0,0,0,168.0,8892.0,69.35,6166.602,0.156503,0.153709,5.8296,47.619048,0.7287,1525.319061,,
2020-10-22,2020,10,3,248.9,134.89,102.11,11.9,7.61,3.04,1.85,3.77,5.33,3.3,,,,84.0,84.0,38.1,38.0,8.0,7.5,2752.0,17054.0,2621.0,17094.0,,,2.47,0.87,2.68,1.08,30201.0,23954.0,,4233.0,4567.0,8800.0,69.5,69.6,,,325.0,0,0,0,0,0,168.0,8800.0,69.55,6120.4,0.16137,0.153329,5.544,47.619048,0.693,1587.301587,,
2020-10-23,2020,10,4,172.17,132.71,19.72,19.74,7.54,2.73,1.54,3.69,5.84,3.72,,,,84.0,50.0,38.0,38.0,8.02,7.98,2815.0,17152.0,2738.0,17025.0,,,2.52,0.98,2.5,1.02,26135.0,22693.0,,4226.0,5213.0,9439.0,69.7,69.4,,,280.0,0,0,0,0,0,134.0,9439.0,69.55,6564.8245,0.164121,0.160822,4.9848,59.701493,0.6231,1893.556411,,
2020-10-24,2020,10,5,112.83,52.83,41.77,18.23,,,,,,,,,,84.0,84.0,,,,,,,,,,,,,,,,,,4198.0,5292.0,9490.0,,,,,411.0,0,0,0,0,0,168.0,9490.0,,,,,,47.619048,,,,
2020-10-25,2020,10,6,,0.0,0.0,0.0,,,,,,,,,,84.0,84.0,,,,,,,,,,,,,,,,,,4169.0,5301.0,9470.0,,,,,312.0,0,0,0,0,0,168.0,9470.0,,,,,,47.619048,,,,
2020-10-26,2020,10,0,290.57,133.43,134.06,23.08,7.81,2.1,1.06,3.78,4.96,3.25,,,,84.0,84.0,37.8,37.8,7.99,8.0,2746.0,17628.0,3116.0,17838.0,6077.0,6143.0,2.48,0.93,3.01,1.63,35479.0,33766.0,7403.0,4216.0,5029.0,9245.0,70.4,70.5,,,315.0,0,0,0,0,0,168.0,9245.0,70.45,6513.1025,0.155775,0.174683,5.46,47.619048,0.6825,1693.223443,708.563167,730.957199
2020-10-27,2020,10,1,251.9,133.77,103.55,14.58,7.63,3.11,1.71,3.93,4.71,2.95,,,,84.0,84.0,38.0,38.0,7.98,7.96,3045.0,17945.0,3394.0,18028.0,5704.0,5806.0,2.59,1.04,2.79,1.32,42173.0,52038.0,7131.0,4039.0,4996.0,9035.0,70.6,70.7,,,315.0,0,0,0,0,0,168.0,9035.0,70.65,6383.2275,0.169685,0.188263,4.956,47.619048,0.6195,1823.042776,659.20081,644.139738
2020-10-28,2020,10,2,111.06,75.98,19.76,15.32,7.52,2.96,1.81,5.85,4.9,3.23,176757.0,7077.0,,84.0,84.0,38.0,37.9,7.97,7.98,2927.0,17839.0,3174.0,17955.0,,,2.3,0.93,2.43,1.1,29168.0,29513.0,6932.0,4090.0,5270.0,9360.0,70.4,70.2,,,363.0,0,0,0,0,0,168.0,9360.0,70.3,6580.08,0.164079,0.176775,5.4264,47.619048,0.6783,1724.900487,,
2020-10-29,2020,10,3,214.51,132.42,65.52,16.57,7.54,3.01,1.75,3.9,4.89,3.22,,,,84.0,84.0,38.0,37.9,7.97,7.98,2883.0,17862.0,3026.0,17968.0,5647.0,5811.0,2.5,1.03,2.54,1.1,28448.0,28940.0,7415.0,4075.0,5030.0,9105.0,70.7,70.4,,,351.0,0,0,0,0,0,168.0,9105.0,70.55,6423.5775,0.161404,0.168411,5.4096,47.619048,0.6762,1683.1189,639.440275,667.718608
2020-10-30,2020,10,4,286.1,157.0,110.34,18.76,,,,,,,,,,84.0,84.0,,,,,,,,,,,,,,,,,,4082.0,4853.0,8935.0,,,,,333.0,0,0,0,0,0,168.0,8935.0,,,,,,47.619048,,,,
2020-10-31,2020,10,5,208.28,107.82,84.0,16.46,,,,,,,,,,84.0,84.0,,,,,,,,,,,,,,,,,,3933.0,4796.0,8729.0,,,,,340.0,0,0,0,0,0,168.0,8729.0,,,,,,47.619048,,,,
2020-11-01,2020,11,6,,0.0,0.0,0.0,,,,,,,,,,84.0,84.0,,,,,,,,,,,,,,,,,,3983.0,4719.0,8702.0,,,,,342.0,0,0,0,0,0,168.0,8702.0,,,,,,47.619048,,,,
2020-11-02,2020,11,0,192.27,131.22,39.38,21.67,7.56,2.95,1.54,3.85,4.84,2.98,,,,84.0,84.0,38.0,37.9,7.94,7.94,2975.0,17904.0,3254.0,17878.0,,,2.58,0.94,2.77,1.09,26730.0,39066.0,,4051.0,4695.0,8746.0,69.5,69.3,,,338.0,0,0,0,0,0,168.0,8746.0,69.4,6069.724,0.166164,0.182011,5.0064,47.619048,0.6258,1746.963886,,
2020-11-03,2020,11,1,164.02,107.29,41.66,15.07,7.53,3.23,1.87,5.95,4.59,2.71,,,,84.0,84.0,38.0,37.9,7.95,7.96,2863.0,17978.0,3082.0,17921.0,,,2.57,1.03,2.61,1.05,,,,3982.0,4625.0,8607.0,70.3,70.1,,,332.0,0,0,0,0,0,168.0,8607.0,70.2,6042.114,0.15925,0.171977,4.5528,47.619048,0.5691,1890.484976,,
2020-11-04,2020,11,2,296.62,180.9,99.51,16.21,,,,,,,,,,84.0,84.0,,,,,,,,,,,,,,,,,,3950.0,4584.0,8534.0,,,,,338.0,0,0,0,0,0,168.0,8534.0,,,,,,47.619048,,,,
2020-11-05,2020,11,3,248.82,133.69,103.89,11.24,7.7,2.84,1.49,5.87,4.97,3.13,,,,84.0,84.0,38.0,38.0,7.92,7.92,2926.0,18185.0,3281.0,18328.0,,,2.89,1.28,2.39,0.9,,,,4004.0,4675.0,8679.0,69.6,68.8,,,338.0,0,0,0,0,0,168.0,8679.0,69.2,6005.868,0.160902,0.179016,5.2584,47.619048,0.6573,1650.502054,,
2020-11-06,2020,11,4,165.88,126.63,19.75,19.5,7.61,2.65,1.7,5.89,4.89,3.49,,,,84.0,84.0,38.0,38.0,7.93,7.92,3014.0,18220.0,3158.0,18295.0,,,2.89,1.32,2.64,1.25,,,,4072.0,4744.0,8816.0,69.4,68.9,,,339.0,0,0,0,0,0,168.0,8816.0,69.15,6096.264,0.165423,0.172615,5.8632,47.619048,0.7329,1503.615773,,
2020-11-07,2020,11,5,140.85,81.38,41.24,18.23,,,,,,,,,,84.0,84.0,,,,,,,,,,,,,,,,,,4075.0,4781.0,8856.0,,,,,339.0,0,0,0,0,0,168.0,8856.0,,,,,,47.619048,,,,
2020-11-08,2020,11,6,,0.0,0.0,0.0,,,,,,,,,,84.0,84.0,,,,,,,,,,,,,,,,,,3983.0,4592.0,8575.0,,,,,339.0,0,0,0,0,0,168.0,8575.0,,,,,,47.619048,,,,
2020-11-09,2020,11,0,239.34,130.38,86.4,22.56,7.68,2.28,1.11,3.91,4.66,2.94,,,,84.0,84.0,37.9,37.8,7.97,7.96,2884.0,17864.0,3261.0,17728.0,,,2.58,0.94,2.79,1.19,,,,4105.0,4626.0,8731.0,69.8,69.7,,,339.0,0,0,0,0,0,168.0,8731.0,69.75,6089.8725,0.161442,0.183946,4.9392,47.619048,0.6174,1767.695173,,
2020-11-10,2020,11,1,255.42,155.73,84.04,15.65,7.55,3.05,1.82,3.9,4.59,2.93,,,,84.0,84.0,38.0,37.9,7.96,7.98,2942.0,17788.0,3392.0,17549.0,,,2.71,1.19,2.8,1.24,,,,4047.0,4515.0,8562.0,69.4,69.4,,,339.0,0,0,0,0,0,168.0,8562.0,69.4,5942.028,0.165392,0.193287,4.9224,47.619048,0.6153,1739.395417,,
2020-11-11,2020,11,2,157.64,101.84,39.31,16.49,7.57,2.56,1.48,5.89,4.52,2.91,,,,84.0,84.0,,38.0,7.98,7.99,2988.0,17452.0,3164.0,17228.0,,,2.4,0.94,2.62,1.1,,,,3968.0,4494.0,8462.0,69.3,69.2,,,331.0,1,0,0,0,0,168.0,8462.0,69.25,5859.935,0.171212,0.183655,4.8888,47.619048,0.6111,1730.895107,,
2020-11-12,2020,11,3,216.19,159.68,41.79,14.72,7.48,5.06,2.92,5.85,4.69,2.9,,,,84.0,84.0,,38.0,8.0,7.98,2835.0,17361.0,2976.0,17043.0,,,2.59,1.03,2.49,0.9,,,,3992.0,4486.0,8478.0,69.3,69.4,,,313.0,1,0,0,0,0,168.0,8478.0,69.35,5879.493,0.163297,0.174617,4.872,47.619048,0.609,1740.147783,,
2020-11-13,2020,11,4,207.94,101.35,88.03,18.56,7.75,2.41,1.62,5.88,4.35,3.27,147025.0,4507.7,,84.0,84.0,,38.1,8.01,7.99,2734.0,17168.0,2668.0,17151.0,,,2.51,1.2,2.82,1.28,24648.8,36810.9,4611.6,3921.0,4518.0,8439.0,69.2,69.0,,,187.0,1,0,0,0,0,168.0,8439.0,69.1,5831.349,0.15925,0.155559,5.4936,47.619048,0.6867,1536.151158,,
2020-11-14,2020,11,5,213.33,158.7,37.01,17.62,,,,,,,,,,84.0,84.0,,,,,,,,,,,,,,,,,,3800.0,4413.0,8213.0,,,,,339.0,1,0,0,0,0,168.0,8213.0,,,,,,47.619048,,,,
2020-11-15,2020,11,6,46.07,0.0,46.07,0.0,,,,,,,,,,84.0,84.0,,,,,,,,,,,,,,,,,,3870.0,4499.0,8369.0,,,,,338.0,1,0,0,0,0,168.0,8369.0,,,,,,47.619048,,,,
2020-11-16,2020,11,0,235.5,128.42,84.0,23.08,7.57,5.68,3.07,5.83,4.81,2.87,155545.0,5026.0,,84.0,84.0,,38.0,8.0,8.01,2861.0,17488.0,2976.0,17563.0,,,2.89,1.1,2.6,0.91,20681.0,27826.0,4821.9,4031.0,4516.0,8547.0,69.1,69.0,,,338.0,1,0,0,0,0,168.0,8547.0,69.05,5901.7035,0.163598,0.169447,4.8216,47.619048,0.6027,1772.648084,,
2020-11-17,2020,11,1,240.48,180.77,41.47,18.24,7.65,2.72,1.65,5.86,4.34,2.82,123396.0,,,84.0,84.0,,38.0,8.01,8.02,2783.0,17568.0,2947.0,17734.0,,,2.48,1.12,2.71,1.28,25833.0,28963.0,,4018.0,4395.0,8413.0,69.3,69.2,,,339.0,1,0,0,0,0,168.0,8413.0,69.25,5826.0025,0.158413,0.166178,4.7376,47.619048,0.5922,1775.793651,,
2020-11-18,2020,11,2,264.4,131.06,115.2,18.14,7.78,3.1,1.94,5.81,4.49,2.8,140262.0,5552.0,,84.0,84.0,,38.0,8.03,8.04,2839.0,17721.0,2884.0,17821.0,,,2.71,1.23,2.61,1.1,24306.0,27066.0,4397.0,4029.0,4552.0,8581.0,69.4,69.3,,,337.0,1,0,0,0,0,168.0,8581.0,69.35,5950.9235,0.160205,0.161832,4.704,47.619048,0.588,1824.192177,,
2020-11-19,2020,11,3,260.49,186.86,56.84,16.79,7.76,3.3,2.04,5.78,4.7,3.0,149463.0,4364.0,,87.0,87.0,,38.0,8.01,8.02,2802.0,17622.0,2859.0,17885.0,,,2.45,1.05,2.72,1.29,21849.0,29974.0,4607.0,4213.0,4740.0,8953.0,69.1,69.2,,,311.0,1,0,0,0,0,174.0,8953.0,69.15,6190.9995,0.159006,0.159855,5.22,45.977011,0.6525,1715.1341,,
2020-11-20,2020,11,4,288.4,182.97,86.82,18.61,7.62,2.84,1.63,5.8,4.78,2.95,145742.0,,,92.0,92.0,,37.9,8.02,8.02,2859.0,17715.0,2782.0,17816.0,,,2.52,1.1,2.65,1.13,23842.0,27599.0,,4376.0,4770.0,9146.0,69.2,69.4,,,338.0,1,0,0,0,0,184.0,9146.0,69.3,6338.178,0.161389,0.156152,5.428,43.478261,0.6785,1684.966839,,
2020-11-21,2020,11,5,166.45,106.84,41.34,18.27,,,,,,,,,,96.0,96.0,,,,,,,,,,,,,,,,,,4665.0,4967.0,9632.0,,,,,352.0,1,0,0,0,0,192.0,9632.0,,,,,,41.666667,,,,
2020-11-22,2020,11,6,45.43,0.0,45.43,0.0,,,,,,,,,,100.0,100.0,,,,,,,,,,,,,,,,,,4744.0,4950.0,9694.0,,,,,386.0,1,0,0,0,0,200.0,9694.0,,,,,,40.0,,,,
2020-11-23,2020,11,0,299.1,183.56,90.19,25.35,7.64,2.35,1.37,5.7,4.49,2.62,171124.0,4682.0,,104.0,104.0,,38.0,7.99,8.01,2984.0,17368.0,3061.0,17513.0,,,2.42,0.95,2.62,1.01,23699.0,30842.0,4682.0,4908.0,4893.0,9801.0,69.1,69.2,,,399.0,1,0,0,0,0,208.0,9801.0,69.15,6777.3915,0.17181,0.174784,5.4496,38.461538,0.6812,1798.480622,,
2020-11-24,2020,11,1,278.76,161.08,99.33,18.35,7.56,2.69,1.45,5.75,4.63,2.85,158269.0,,,108.0,108.0,,38.0,8.0,8.01,2896.0,17281.0,2938.0,17465.0,,,2.45,1.02,2.63,1.12,22765.0,28442.0,,4949.0,4877.0,9826.0,69.2,69.1,,,312.0,1,0,0,0,0,216.0,9826.0,69.15,6794.679,0.167583,0.168222,6.156,37.037037,0.7695,1596.166342,,
2020-11-25,2020,11,2,290.57,207.19,67.07,16.31,7.39,2.38,1.48,5.76,4.13,2.52,152832.0,,,112.0,112.0,,38.0,8.0,8.0,2692.0,17325.0,2877.0,17610.0,,,2.11,0.65,2.37,0.83,24263.0,24212.0,,5032.0,5148.0,10180.0,69.8,69.9,,,346.0,1,0,0,0,0,224.0,10180.0,69.85,7110.73,0.155382,0.163373,5.6448,35.714286,0.7056,1803.429705,,
2020-11-26,2020,11,3,336.04,234.37,83.11,18.56,7.29,2.84,1.69,5.61,4.33,2.44,164195.0,4890.0,,116.0,116.0,,38.0,7.99,8.01,2767.0,17628.0,2915.0,17804.0,,,2.41,0.85,2.44,0.74,25978.0,30192.0,4479.0,5191.0,5150.0,10341.0,69.8,69.7,,,392.0,1,0,0,0,0,232.0,10341.0,69.75,7212.8475,0.156966,0.163727,5.6608,34.482759,0.7076,1826.773601,,
2020-11-27,2020,11,4,205.12,183.72,0.0,21.4,7.48,2.75,1.64,5.67,4.25,2.51,155621.0,,,120.0,120.0,,38.0,8.01,8.02,2932.0,17715.0,3108.0,17875.0,,,2.47,0.94,2.51,0.99,24864.0,28376.0,,5347.0,5117.0,10464.0,70.0,69.9,,,363.0,1,0,0,0,0,240.0,10464.0,69.95,7319.568,0.165509,0.173874,6.024,33.333333,0.753,1737.051793,,
2020-11-28,2020,11,5,213.53,155.33,38.13,20.07,,,,,,,,,,120.0,120.0,,,,,,,,,,,,,,,,,,5338.0,5318.0,10656.0,,,,,363.0,1,0,0,0,0,240.0,10656.0,,,,,,33.333333,,,,
2020-11-29,2020,11,6,,0.0,0.0,0.0,,,,,,,,,,120.0,120.0,,,,,,,,,,,,,,,,,,5525.0,5488.0,11013.0,,,,,312.0,1,0,0,0,0,240.0,11013.0,,,,,,33.333333,,,,
2020-11-30,2020,11,0,265.71,155.36,84.0,26.35,7.73,3.59,1.6,5.65,4.42,2.68,149246.0,4689.0,,120.0,120.0,,38.0,7.91,7.93,2684.0,17258.0,2781.0,17340.0,,,2.33,0.85,2.37,0.83,24278.0,21213.0,4512.0,5522.0,5439.0,10961.0,69.4,69.5,,,362.0,1,0,0,0,0,240.0,10961.0,69.45,7612.4145,0.155522,0.160381,6.432,33.333333,0.804,1704.135572,,
2020-12-01,2020,12,1,221.96,159.59,41.63,20.74,7.85,2.42,1.27,5.71,4.63,2.95,149740.0,,,120.0,120.0,,38.0,7.99,7.99,2670.0,17196.0,2694.0,17364.0,,,2.43,1.04,2.42,1.0,23539.0,27788.0,,5368.0,5462.0,10830.0,69.8,69.8,,,327.0,1,0,0,0,0,240.0,10830.0,69.8,7559.34,0.155269,0.155149,7.08,33.333333,0.885,1529.661017,,
2020-12-02,2020,12,2,361.67,207.96,136.09,17.62,7.76,3.43,1.79,5.76,5.01,3.22,156915.0,,,120.0,120.0,,38.1,7.96,7.97,2585.0,17041.0,2647.0,17293.0,,,2.56,1.02,2.81,1.11,22983.0,28433.0,,5295.0,5446.0,10741.0,69.7,69.6,,,339.0,1,0,0,0,0,240.0,10741.0,69.65,7481.1065,0.151693,0.153068,7.728,33.333333,0.966,1389.880952,,
2020-12-03,2020,12,3,243.99,185.87,38.54,19.58,7.56,2.51,1.41,5.7,5.02,3.22,151638.0,,,120.0,120.0,,38.1,8.07,8.1,2593.0,16969.0,2615.0,17215.0,,,2.45,0.86,2.44,0.92,36682.0,32164.0,,5412.0,5647.0,11059.0,69.1,69.0,,,378.0,1,0,0,0,0,240.0,11059.0,69.05,7636.2395,0.152808,0.151902,7.728,33.333333,0.966,1431.030021,,
2020-12-04,2020,12,4,240.91,182.87,38.89,19.15,7.49,2.43,1.39,5.74,4.87,3.1,158343.0,,,120.0,120.0,,38.0,8.05,8.07,2617.0,17115.0,2667.0,17188.0,,,2.49,0.92,2.39,0.95,31482.0,30226.0,,5336.0,5598.0,10934.0,69.3,69.1,,,385.0,1,0,0,0,0,240.0,10934.0,69.2,7566.328,0.152907,0.155166,7.44,33.333333,0.93,1469.623656,,
2020-12-05,2020,12,5,209.41,98.86,91.78,18.77,,,,,,,,,,120.0,120.0,,,,,,,,,,,,,,,,,,5185.0,5428.0,10613.0,,,,,384.0,1,0,0,0,0,240.0,10613.0,,,,,,33.333333,,,,
2020-12-06,2020,12,6,45.68,0.0,45.68,0.0,,,,,,,,,,120.0,120.0,,,,,,,,,,,,,,,,,,5235.0,5421.0,10656.0,,,,,404.0,1,0,0,0,0,240.0,10656.0,,,,,,33.333333,,,,
2020-12-07,2020,12,0,289.38,129.48,134.75,25.15,7.53,2.82,1.66,5.52,4.63,2.83,138424.0,4672.0,,118.0,118.0,,38.0,7.9,7.94,2481.0,16495.0,2583.0,16726.0,,,3.03,1.45,2.62,1.1,31407.0,30168.0,4440.0,5244.0,5293.0,10537.0,69.0,69.1,,,397.0,1,0,0,0,0,236.0,10537.0,69.05,7275.7985,0.150409,0.15443,6.6788,33.898305,0.83485,1577.678625,,
2020-12-08,2020,12,1,278.86,158.16,103.58,17.12,7.71,2.69,1.21,5.58,4.82,2.99,143516.0,,,116.0,116.0,,38.0,7.91,7.93,2543.0,16350.0,2617.0,16488.0,,,2.53,1.06,2.58,1.05,29341.0,31725.0,,5271.0,5211.0,10482.0,69.1,69.2,,,375.0,1,0,0,0,0,232.0,10482.0,69.15,7248.303,0.155535,0.158721,6.9368,34.482759,0.8671,1511.071387,,
2020-12-09,2020,12,2,117.42,105.73,0.0,11.69,7.36,2.92,1.57,5.45,4.95,3.32,131548.0,,,114.0,114.0,,38.0,7.85,7.85,2618.0,16169.0,2535.0,16215.0,,,2.29,0.87,2.29,0.74,27324.0,29688.0,,5374.0,5340.0,10714.0,69.0,69.1,,,388.0,1,0,0,0,0,228.0,10714.0,69.05,7398.017,0.161915,0.156337,7.5696,35.087719,0.9462,1415.398436,,
2020-12-10,2020,12,3,220.24,156.35,41.69,22.2,7.28,2.74,1.67,5.34,4.64,2.93,135115.0,,,112.0,112.0,,38.0,7.84,7.86,2569.0,16278.0,2597.0,16708.0,,,2.45,0.95,2.47,1.02,28316.0,29612.0,,5632.0,5483.0,11115.0,68.3,68.4,,,335.0,1,0,0,0,0,224.0,11115.0,68.35,7597.1025,0.15782,0.155435,6.5632,35.714286,0.8204,1693.533642,,
2020-12-11,2020,12,4,263.16,156.48,86.97,19.71,,,,,,,,,,110.0,110.0,,,,,,,,,,,,,,,,,,5641.0,5521.0,11162.0,,,,,345.0,1,0,0,0,0,220.0,11162.0,,,,,,36.363636,,,,
2020-12-12,2020,12,5,151.32,95.6,38.72,17.0,,,,,,,,,,108.0,108.0,,,,,,,,,,,,,,,,,,5512.0,5573.0,11085.0,,,,,263.0,1,0,0,0,0,216.0,11085.0,,,,,,37.037037,,,,
2020-12-13,2020,12,6,45.8,0.0,45.8,0.0,,,,,,,,,,106.0,106.0,,,,,,,,,,,,,,,,,,5757.0,5842.0,11599.0,,,,,339.0,1,0,0,0,0,212.0,11599.0,,,,,,37.735849,,,,
2020-12-14,2020,12,0,220.88,159.19,39.37,22.32,7.38,2.92,1.75,5.51,4.6,3.14,144466.0,4875.0,,104.0,104.0,,38.0,7.88,7.9,2340.0,16688.0,2464.0,16578.0,,,2.55,1.4,2.58,1.31,29523.0,28590.0,4630.0,5771.0,5720.0,11491.0,69.6,69.5,,,338.0,1,0,0,0,0,208.0,11491.0,69.55,7991.9905,0.140221,0.148631,6.5312,38.461538,0.8164,1759.401029,,
2020-12-15,2020,12,1,262.05,157.18,90.49,14.38,7.69,2.84,1.65,5.46,4.49,2.94,141737.0,,,102.0,102.0,,38.0,7.89,7.9,2417.0,16743.0,2451.0,16742.0,,,2.49,1.12,2.61,1.18,27954.0,29645.0,,5695.0,5590.0,11285.0,69.9,70.0,,,338.0,1,0,0,0,0,204.0,11285.0,69.95,7893.8575,0.144359,0.146398,5.9976,39.215686,0.7497,1881.585968,,
2020-12-16,2020,12,2,281.83,132.6,136.4,12.83,7.54,2.76,1.53,5.54,4.56,3.04,139662.0,,,102.0,102.0,,37.9,7.87,7.89,2398.0,16715.0,2481.0,16801.0,,,2.45,0.95,2.52,1.1,30164.0,28874.0,,5823.0,5688.0,11511.0,69.7,69.8,,,269.0,1,0,0,0,0,204.0,11511.0,69.75,8028.9225,0.143464,0.14767,6.2016,39.215686,0.7752,1856.133901,,
2020-12-17,2020,12,3,269.77,131.46,122.44,15.87,7.82,3.3,1.95,5.49,5.16,3.58,154561.0,,,102.0,102.0,,38.0,7.88,7.89,2637.0,16764.0,2516.0,16773.0,,,2.66,1.22,2.55,1.11,32188.0,28775.0,,5839.0,5850.0,11689.0,69.5,69.3,,,301.0,1,0,0,0,0,204.0,11689.0,69.4,8112.166,0.157301,0.150003,7.3032,39.215686,0.9129,1600.531274,,
2020-12-18,2020,12,4,121.72,104.4,0.0,17.32,,,,,,,,,,102.0,102.0,,,,,,,,,,,,,,,,,,5864.0,5860.0,11724.0,,,,,339.0,1,0,0,0,0,204.0,11724.0,,,,,,39.215686,,,,
2020-12-19,2020,12,5,190.95,83.0,91.04,16.91,,,,,,,,,,102.0,102.0,,,,,,,,,,,,,,,,,,5707.0,5787.0,11494.0,,,,,340.0,1,0,0,0,0,204.0,11494.0,,,,,,39.215686,,,,
2020-12-20,2020,12,6,,0.0,0.0,0.0,,,,,,,,,,102.0,102.0,,,,,,,,,,,,,,,,,,5606.0,5502.0,11108.0,,,,,266.0,1,0,0,0,0,204.0,11108.0,,,,,,39.215686,,,,
2020-12-21,2020,12,0,288.06,129.62,137.5,20.94,7.67,3.78,2.11,5.53,5.27,3.39,,,,100.0,100.0,,38.2,7.85,7.84,2296.0,16598.0,2321.0,16642.0,,,2.64,1.05,2.62,1.01,,,,5376.0,5083.0,10459.0,69.8,69.5,,,290.0,1,0,0,0,0,200.0,10459.0,69.65,7284.6935,0.13833,0.139466,6.78,40.0,0.8475,1542.625369,,
2020-12-22,2020,12,1,267.65,130.72,122.83,14.1,7.77,3.38,1.81,5.63,6.17,4.29,,,,98.0,45.0,,38.1,7.85,7.86,2473.0,16634.0,2535.0,16779.0,,,2.51,1.04,2.76,0.94,,,,5658.0,5221.0,10879.0,69.0,68.8,,,251.0,1,0,0,0,0,143.0,10879.0,68.9,7495.631,0.148671,0.151082,6.1347,55.944056,0.766838,1773.35485,,
2020-12-23,2020,12,2,112.58,78.81,19.59,14.18,7.56,2.95,1.59,5.61,5.84,3.91,,,,96.0,96.0,,38.0,7.89,7.88,2491.0,16824.0,2517.0,16931.0,,,2.61,1.04,2.62,1.01,,,,5660.0,5992.0,11652.0,68.8,68.6,,,357.0,1,0,0,0,0,192.0,11652.0,68.7,8004.924,0.148062,0.148662,7.5072,41.666667,0.9384,1552.109974,,
2020-12-24,2020,12,3,161.2,105.46,41.65,14.09,,,,,,,,,,92.0,92.0,,,,,,,,,,,,,,,,,,5654.0,6052.0,11706.0,,,,,339.0,1,0,0,0,0,184.0,11706.0,,,,,,43.478261,,,,
2020-12-25,2020,12,4,205.29,103.42,88.05,13.82,,,,,,,,,,88.0,88.0,,,,,,,,,,,,,,,,,,5300.0,5660.0,10960.0,,,,,265.0,1,0,0,0,0,176.0,10960.0,,,,,,45.454545,,,,
2020-12-26,2020,12,5,130.36,73.45,39.4,17.51,,,,,,,,,,84.0,84.0,,,,,,,,,,,,,,,,,,4953.0,5306.0,10259.0,,,,,300.0,1,0,0,0,0,168.0,10259.0,,,,,,47.619048,,,,
2020-12-27,2020,12,6,46.13,0.0,46.13,0.0,,,,,,,,,,80.0,80.0,,,,,,,,,,,,,,,,,,4664.0,4863.0,9527.0,,,,,253.0,1,0,0,0,0,160.0,9527.0,,,,,,50.0,,,,
2020-12-28,2020,12,0,186.72,126.51,39.4,20.81,,,,,,,,,,76.0,76.0,,,,,,,,,,,,,,,,,,4332.0,4550.0,8882.0,,,,,265.0,1,0,0,0,0,152.0,8882.0,,,,,,52.631579,,,,
2020-12-29,2020,12,1,108.01,51.73,41.37,14.91,,,,,,,,,,78.0,78.0,,,,,,,,,,,,,,,,,,4286.0,4604.0,8890.0,,,,,185.0,1,0,0,0,0,156.0,8890.0,,,,,,51.282051,,,,
2020-12-30,2020,12,2,249.86,126.28,108.52,15.06,7.81,2.75,1.39,5.22,5.65,3.81,,,,80.0,80.0,,38.0,7.87,7.86,2317.0,17418.0,2408.0,17169.0,,,2.7,1.08,2.82,1.11,,,,4589.0,4877.0,9466.0,69.0,68.9,,,288.0,1,0,0,0,0,160.0,9466.0,68.95,6526.807,0.133023,0.140253,6.096,50.0,0.762,1552.821522,,
2020-12-31,2020,12,3,192.52,80.04,102.97,9.51,7.78,2.48,1.39,4.92,6.17,4.29,,,,76.0,76.0,,37.9,7.89,7.89,2521.0,17525.0,2587.0,17362.0,,,2.61,1.01,2.77,1.0,,,,4603.0,4863.0,9466.0,66.9,66.6,,,234.0,1,0,0,0,0,152.0,9466.0,66.75,6318.555,0.143852,0.149004,6.5208,52.631579,0.8151,1451.662373,,
2021-01-01,2021,1,4,41.77,26.3,0.0,15.47,,,,,,,,,,72.0,72.0,,,,,,,,,,,,,,,,,,4343.0,4617.0,8960.0,,,,,211.0,0,0,0,0,0,144.0,8960.0,,,,,,55.555556,,,,
2021-01-02,2021,1,5,160.53,103.8,41.91,14.82,,,,,,,,,,72.0,72.0,,,,,,,,,,,,,,,,,,3685.0,3972.0,7657.0,,,,,227.0,0,0,0,0,0,144.0,7657.0,,,,,,55.555556,,,,
2021-01-03,2021,1,6,0.0,0.0,0.0,0.0,,,,,,,,,,72.0,72.0,,,,,,,,,,,,,,,,,,3738.0,3988.0,7726.0,,,,,235.0,0,0,0,0,0,144.0,7726.0,,,,,,55.555556,,,,
2021-01-04,2021,1,0,213.08,104.29,87.8,20.99,7.82,2.68,1.31,4.71,5.59,3.7,,,,72.0,72.0,38.1,37.9,7.99,8.0,2338.0,17702.0,2462.0,17525.0,,,2.48,0.87,2.63,0.92,,,,3910.0,4108.0,8018.0,64.4,64.7,64.55,35.44,241.0,0,0,0,0,0,144.0,8018.0,64.55,5175.619,0.132075,0.140485,5.328,55.555556,0.666,1504.87988,,
2021-01-05,2021,1,1,246.39,105.89,123.93,16.57,7.66,,1.28,4.76,6.26,4.44,,,,72.0,72.0,38.1,37.9,8.0,8.01,2497.0,17736.0,2544.0,17463.0,,,2.6,1.08,2.76,1.09,,,,3806.0,4062.0,7868.0,64.3,64.5,64.4,35.59,249.0,0,0,0,0,0,144.0,7868.0,64.4,5066.992,0.140787,0.145679,6.3936,55.555556,0.7992,1230.605606,,
2021-01-06,2021,1,2,135.7,102.52,19.16,14.02,7.56,,1.56,4.5,6.65,5.25,,,,72.0,72.0,38.0,38.0,8.0,7.98,2606.0,17645.0,2681.0,17506.0,,,2.42,1.23,2.71,1.27,,,,3964.0,4261.0,8225.0,64.0,64.1,64.05,35.94,249.0,0,0,0,0,0,144.0,8225.0,64.05,5268.1125,0.147691,0.153147,7.56,55.555556,0.945,1087.962963,,
2021-01-07,2021,1,3,132.77,80.05,41.34,11.38,7.55,3.53,2.26,4.46,6.8,5.23,,,,72.0,72.0,38.1,38.1,8.01,8.0,2575.0,17673.0,2536.0,17483.0,,,2.44,1.05,2.47,0.93,,,,4066.0,4397.0,8463.0,64.0,64.2,64.1,35.89,232.0,0,0,0,0,0,144.0,8463.0,64.1,5424.783,0.145702,0.145055,7.5312,55.555556,0.9414,1123.725303,,
2021-01-08,2021,1,4,80.84,28.06,41.73,11.05,,,,,,,,,,59.0,59.0,,,,,,,,,,,,,,,,,,3202.0,3480.0,6682.0,,,,,135.0,0,0,0,0,0,118.0,6682.0,,,,,,67.79661,,,,
2021-01-09,2021,1,5,138.2,126.22,0.0,11.98,,,,,,,,,,58.0,58.0,,,,,,,,,,,,,,,,,,3469.0,3704.0,7173.0,,,,,196.0,0,0,0,0,0,116.0,7173.0,,,,,,68.965517,,,,
2021-01-10,2021,1,6,90.25,0.0,90.25,0.0,,,,,,,,,,64.0,64.0,,,,,,,,,,,,,,,,,,3692.0,3957.0,7649.0,,,,,221.0,0,0,0,0,0,128.0,7649.0,,,,,,62.5,,,,
2021-01-11,2021,1,0,137.03,80.88,38.78,17.37,7.76,,1.5,4.47,6.22,4.56,147474.0,5591.0,,68.0,68.0,38.0,38.0,7.99,8.02,2541.0,17329.0,2493.0,17526.0,,,2.6,0.95,2.46,0.93,24395.0,28931.0,5802.0,3433.0,3695.0,7128.0,64.4,64.5,64.45,35.54,290.0,0,0,0,0,0,136.0,7128.0,64.45,4593.996,0.146633,0.142246,6.2016,58.823529,0.7752,1149.380805,,
2021-01-12,2021,1,1,132.52,78.02,41.43,13.07,7.86,,1.65,4.96,5.54,4.21,145530.0,,,68.0,68.0,38.0,38.1,8.0,8.01,2487.0,17421.0,2551.0,17629.0,,,2.32,0.94,2.44,1.01,26494.0,30260.0,,3006.0,3327.0,6333.0,63.9,63.8,63.85,36.14,188.0,0,0,0,0,0,136.0,6333.0,63.85,4043.6205,0.142759,0.144705,5.7256,58.823529,0.7157,1106.084952,,
2021-01-13,2021,1,2,250.02,101.33,136.07,12.62,8.14,2.67,1.4,5.31,5.36,4.06,149535.0,,,68.0,68.0,38.0,38.0,8.02,8.03,2413.0,17506.0,2594.0,17594.0,,,2.35,1.14,2.36,1.1,27489.0,31841.0,,2979.0,3127.0,6106.0,63.3,63.3,63.3,36.69,232.0,0,0,0,0,0,136.0,6106.0,63.3,3865.098,0.137838,0.147437,5.5216,58.823529,0.6902,1105.838887,,
2021-01-14,2021,1,3,221.86,103.44,100.78,17.64,7.74,,1.49,4.71,6.34,4.67,138725.0,,,68.0,68.0,38.1,38.0,8.02,8.04,2386.0,17458.0,2564.0,17483.0,,,2.5,0.94,2.7,1.1,30109.0,28314.0,,3183.0,3416.0,6599.0,62.8,62.9,62.85,37.14,291.0,0,0,0,0,0,136.0,6599.0,62.85,4147.4715,0.136671,0.146657,6.3512,58.823529,0.7939,1039.016249,,
2021-01-15,2021,1,4,227.08,81.05,128.24,17.79,7.6,,1.71,4.34,6.81,4.85,142180.0,,,68.0,68.0,38.0,38.0,8.02,8.03,2467.0,17328.0,2608.0,17514.0,,,2.33,1.12,2.46,1.15,29436.0,30735.0,,3605.0,3919.0,7524.0,62.4,62.5,62.45,37.54,299.0,0,0,0,0,0,136.0,7524.0,62.45,4698.738,0.142371,0.148909,6.596,58.823529,0.8245,1140.691328,,
2021-01-16,2021,1,5,41.73,25.58,0.0,16.15,,,,,,,,,,68.0,68.0,,,,,,,,,,,,,,,,,,3387.0,3692.0,7079.0,,,,,294.0,0,0,0,0,0,136.0,7079.0,,,,,,58.823529,,,,
2021-01-17,2021,1,6,0.0,0.0,0.0,0.0,,,,,,,,,,68.0,68.0,,,,,,,,,,,,,,,,,,3263.0,3518.0,6781.0,,,,,160.0,0,0,0,0,0,136.0,6781.0,,,,,,58.823529,,,,
2021-01-18,2021,1,0,229.67,52.21,158.73,18.73,7.56,,2.08,4.6,5.96,4.47,138511.0,5485.0,1593.0,68.0,68.0,38.1,38.4,8.05,8.05,2563.0,17512.0,2516.0,17643.0,2026.0,1948.0,2.55,1.2,2.5,1.09,24880.0,23372.0,5692.0,3190.0,3532.0,6722.0,61.7,61.4,61.55,38.44,314.0,0,0,0,0,0,136.0,6722.0,61.55,4137.391,0.146357,0.142606,6.0792,58.823529,0.7599,1105.737597,271.162483,265.145852
2021-01-19,2021,1,1,210.76,76.46,122.73,11.57,7.96,2.58,1.42,5.05,5.87,4.26,140283.0,,,68.0,68.0,38.0,38.1,8.07,8.07,2593.0,17607.0,2487.0,17688.0,,,2.53,1.12,2.45,1.02,25382.0,26195.0,,2921.0,3056.0,5977.0,61.8,61.6,61.7,38.29,205.0,0,0,0,0,0,136.0,5977.0,61.7,3687.809,0.147271,0.140604,5.7936,58.823529,0.7242,1031.65562,,
2021-01-20,2021,1,2,107.25,77.17,18.62,11.46,7.65,,1.89,4.83,5.72,4.13,134711.0,,,68.0,68.0,38.1,37.9,8.08,8.08,2451.0,17762.0,2386.0,17728.0,,,2.32,0.94,2.45,0.92,21544.0,26376.0,,2941.0,3105.0,6046.0,61.5,61.4,61.45,38.54,311.0,0,0,0,0,0,136.0,6046.0,61.45,3715.267,0.137991,0.134589,5.6168,58.823529,0.7021,1076.413616,,
2021-01-21,2021,1,3,184.96,129.75,41.77,13.44,7.76,,1.86,4.8,5.93,4.42,142226.0,,,68.0,68.0,38.0,38.1,8.11,8.1,2399.0,17802.0,2363.0,17713.0,,,2.52,1.04,2.53,0.92,26423.0,28363.0,,3025.0,3227.0,6252.0,61.2,61.1,61.15,38.84,302.0,0,0,0,0,0,136.0,6252.0,61.15,3823.098,0.13476,0.133405,6.0112,58.823529,0.7514,1040.058557,,
2021-01-22,2021,1,4,213.81,109.07,87.46,17.28,7.83,2.31,1.21,4.85,6.08,4.41,145113.0,,,68.0,68.0,38.1,38.1,8.12,8.11,2327.0,17782.0,2381.0,17861.0,,,2.64,1.15,2.63,1.11,24657.0,26645.0,,3142.0,3391.0,6533.0,61.0,61.0,61.0,38.99,157.0,0,0,0,0,0,136.0,6533.0,61.0,3985.13,0.130863,0.133307,5.9976,58.823529,0.7497,1089.269041,,
2021-01-23,2021,1,5,103.05,48.95,38.2,15.9,,,,,,,,,,68.0,68.0,,,,,,,,,,,,,,,,,,3284.0,3568.0,6852.0,,,,,289.0,0,0,0,0,0,136.0,6852.0,,,,,,58.823529,,,,
2021-01-24,2021,1,6,45.15,0.0,45.15,0.0,,,,,,,,,,68.0,68.0,,,,,,,,,,,,,,,,,,3219.0,3473.0,6692.0,,,,,259.0,0,0,0,0,0,136.0,6692.0,,,,,,58.823529,,,,
2021-01-25,2021,1,0,113.47,52.73,38.8,21.94,7.82,2.84,1.67,4.65,6.24,4.69,145547.0,5516.0,1568.0,70.0,70.0,38.1,38.1,8.11,8.11,2417.0,17832.0,2358.0,17803.0,1971.0,2007.0,2.63,1.05,2.55,1.02,23580.0,25664.0,5436.0,3359.0,3622.0,6981.0,61.4,61.2,61.3,38.69,246.0,0,0,0,0,0,140.0,6981.0,61.3,4279.353,0.135543,0.13245,6.566,57.142857,0.82075,1063.204386,296.995176,302.419746
2021-01-26,2021,1,1,205.57,101.87,89.71,13.99,7.79,,1.57,4.72,6.16,4.49,140834.0,,,70.0,70.0,37.9,38.0,8.1,8.1,2362.0,17863.0,2418.0,17786.0,,,2.59,1.09,2.61,1.05,26137.0,24883.0,,3299.0,3534.0,6833.0,64.6,64.4,64.5,35.49,304.0,0,0,0,0,0,140.0,6833.0,64.5,4407.285,0.132229,0.13595,6.286,57.142857,0.78575,1087.018772,,
2021-01-27,2021,1,2,233.12,108.18,111.74,13.2,8.04,,1.56,4.9,6.22,4.67,148270.0,,,70.0,70.0,38.0,38.1,8.13,8.13,2346.0,17657.0,2393.0,17515.0,,,2.43,1.04,2.54,0.92,30126.0,28658.0,,3297.0,3597.0,6894.0,61.6,61.4,61.5,38.49,281.0,0,0,0,0,0,140.0,6894.0,61.5,4239.81,0.132865,0.136626,6.538,57.142857,0.81725,1054.450902,,
2021-01-28,2021,1,3,190.14,53.32,122.21,14.61,7.92,2.52,1.54,4.69,6.77,5.12,156875.0,,,70.0,70.0,38.1,38.0,8.14,8.14,2393.0,17705.0,2361.0,17496.0,,,2.45,1.05,2.58,1.12,23706.0,24421.0,,3639.0,3956.0,7595.0,61.8,61.6,61.7,38.29,236.0,0,0,0,0,0,140.0,7595.0,61.7,4686.115,0.13516,0.134945,7.168,57.142857,0.896,1059.570312,,
2021-01-29,2021,1,4,183.11,129.35,41.61,12.15,7.84,,1.61,4.73,6.82,5.15,153492.0,,,70.0,70.0,38.0,38.0,8.14,8.14,2465.0,17643.0,2412.0,17428.0,,,2.48,1.02,2.58,1.07,26132.0,25942.0,,3624.0,3969.0,7593.0,62.1,62.0,62.05,37.94,315.0,0,0,0,0,0,140.0,7593.0,62.05,4711.4565,0.139715,0.138398,7.21,57.142857,0.90125,1053.120666,,
2021-01-30,2021,1,5,66.1,53.21,0.0,12.89,,,,,,,,,,72.0,72.0,,,,,,,,,,,,,,,,,,3881.0,4179.0,8060.0,,,,,264.0,0,0,0,0,0,144.0,8060.0,,,,,,55.555556,,,,
2021-01-31,2021,1,6,0.0,0.0,0.0,0.0,,,,,,,,,,72.0,72.0,,,,,,,,,,,,,,,,,,3885.0,4168.0,8053.0,,,,,245.0,0,0,0,0,0,144.0,8053.0,,,,,,55.555556,,,,
2021-02-01,2021,2,0,214.61,80.52,111.12,22.97,7.9,3.34,1.88,4.77,6.62,4.78,173261.0,5448.0,3140.0,74.0,74.0,38.1,38.0,8.16,8.15,2533.0,17308.0,2517.0,17379.0,3936.0,3942.0,2.51,0.98,2.38,0.93,32731.0,26971.0,5907.0,4058.0,4358.0,8416.0,61.4,61.4,61.4,38.59,329.0,0,0,0,0,0,148.0,8416.0,61.4,5167.424,0.146349,0.14483,7.0744,54.054054,0.8843,1189.641524,653.439558,638.484301
2021-02-02,2021,2,1,237.7,100.87,123.35,13.48,7.52,,1.67,4.56,6.24,4.69,162488.0,5396.0,3074.0,74.0,74.0,38.0,38.0,8.03,8.03,2594.0,17362.0,2486.0,17266.0,3695.0,3751.0,2.52,1.01,2.53,1.08,28934.0,26411.0,5753.0,3948.0,4248.0,8196.0,62.1,62.0,62.05,37.94,339.0,0,0,0,0,0,148.0,8196.0,62.05,5085.618,0.149407,0.143982,6.9412,54.054054,0.86765,1180.775658,472.466755,479.62728
2021-02-03,2021,2,2,95.18,81.9,0.0,13.28,7.58,,1.61,4.66,6.42,4.64,159998.0,,,76.0,76.0,38.0,38.0,8.01,8.01,2612.0,17405.0,2519.0,17327.0,,,2.52,0.95,2.57,0.93,32307.0,31643.0,,3971.0,4330.0,8301.0,62.5,62.4,62.45,37.54,248.0,0,0,0,0,0,152.0,8301.0,62.45,5183.9745,0.150072,0.14538,7.0528,52.631579,0.8816,1176.979356,,
2021-02-04,2021,2,3,159.88,103.89,41.53,14.46,7.68,3.05,2.05,4.46,6.76,5.36,190863.0,,,76.0,76.0,38.0,38.0,8.02,8.01,2624.0,17468.0,2588.0,17894.0,,,2.43,1.14,2.64,1.2,31297.0,33566.0,,4453.0,4727.0,9180.0,62.1,62.2,62.15,37.84,247.0,0,0,0,0,0,152.0,9180.0,62.15,5705.37,0.150218,0.144629,8.1472,52.631579,1.0184,1126.767478,,
2021-02-05,2021,2,4,95.16,79.98,0.0,15.18,7.7,,2.02,4.28,6.94,5.61,197251.0,,,76.0,76.0,38.0,38.0,8.03,8.02,2577.0,17492.0,2469.0,17611.0,,,2.49,1.03,2.55,0.99,29161.0,28925.0,,4765.0,5174.0,9939.0,61.9,61.8,61.85,38.14,315.0,0,0,0,0,0,152.0,9939.0,61.85,6147.2715,0.147324,0.140196,8.5272,52.631579,1.0659,1165.564312,,
2021-02-06,2021,2,5,76.34,76.34,0.0,0.0,,,,,,,,,,76.0,76.0,,,,,,,,,,,,,,,,,,5132.0,5517.0,10649.0,,,,,315.0,0,0,0,0,0,152.0,10649.0,,,,,,52.631579,,,,
2021-02-07,2021,2,6,90.98,0.0,90.98,0.0,,,,,,,,,,76.0,76.0,,,,,,,,,,,,,,,,,,5358.0,5747.0,11105.0,,,,,304.0,0,0,0,0,0,152.0,11105.0,,,,,,52.631579,,,,
2021-02-08,2021,2,0,217.48,106.24,77.73,33.51,7.47,,2.3,4.5,6.79,4.99,173111.0,5994.0,2732.0,76.0,76.0,38.0,38.0,8.05,8.04,2589.0,17428.0,2617.0,17583.0,4451.0,4728.0,2.55,1.05,2.61,1.01,24592.0,30281.0,5650.0,4497.0,4787.0,9284.0,62.0,61.8,61.9,38.09,219.0,0,0,0,0,0,152.0,9284.0,61.9,5746.796,0.148554,0.148837,7.5848,52.631579,0.9481,1224.027001,592.386471,616.797639
2021-02-09,2021,2,1,304.58,129.28,160.84,14.46,7.99,,1.6,4.88,6.04,4.38,161583.0,6762.0,,76.0,76.0,38.0,38.0,8.07,8.06,2641.0,17627.0,2683.0,17625.0,,,2.43,1.04,2.45,0.83,31332.0,29449.0,6149.0,3943.0,4221.0,8164.0,61.8,61.6,61.7,38.29,291.0,0,0,0,0,0,152.0,8164.0,61.7,5037.188,0.149827,0.152227,6.6576,52.631579,0.8322,1226.267724,,
2021-02-10,2021,2,2,282.73,159.42,108.7,14.61,8.17,4.0,2.37,4.66,6.35,4.69,170079.0,5928.0,,76.0,76.0,38.0,38.0,8.05,8.05,2586.0,17395.0,2492.0,17516.0,,,2.4,0.84,2.55,0.93,26248.0,31206.0,5135.0,4010.0,4309.0,8319.0,61.6,62.4,62.0,37.99,280.0,0,0,0,0,0,152.0,8319.0,62.0,5157.78,0.148663,0.14227,7.1288,52.631579,0.8911,1166.956571,,
2021-02-11,2021,2,3,315.12,77.66,199.59,37.87,,,,,,,,,,78.0,78.0,,,,,,,,,,,,,,,,,,4099.0,4418.0,8517.0,,,,,257.0,0,0,0,0,0,156.0,8517.0,,,,,,51.282051,,,,
2021-02-12,2021,2,4,0.0,0.0,0.0,0.0,,,,,,,,,,78.0,78.0,,,,,,,,,,,,,,,,,,3844.0,4123.0,7967.0,,,,,136.0,0,0,0,0,0,156.0,7967.0,,,,,,51.282051,,,,
2021-02-13,2021,2,5,91.23,49.65,41.58,0.0,,,,,,,,,,78.0,78.0,,,,,,,,,,,,,,,,,,3669.0,3961.0,7630.0,,,,,166.0,0,0,0,0,0,156.0,7630.0,,,,,,51.282051,,,,
2021-02-14,2021,2,6,0.0,0.0,0.0,0.0,,,,,,,,,,78.0,78.0,,,,,,,,,,,,,,,,,,3910.0,4128.0,8038.0,,,,,315.0,0,0,0,0,0,156.0,8038.0,,,,,,51.282051,,,,
2021-02-15,2021,2,0,262.89,104.82,131.44,26.63,7.82,,1.69,4.68,6.43,4.77,169606.0,6546.0,3121.0,78.0,78.0,38.0,38.0,8.08,8.09,2813.0,17712.0,2687.0,17828.0,4230.0,4990.0,2.61,1.14,2.56,1.11,29597.0,35016.0,5864.0,4130.0,4363.0,8493.0,60.9,61.2,61.05,38.94,134.0,0,0,0,0,0,156.0,8493.0,61.05,5184.9765,0.158819,0.150718,7.4412,51.282051,0.93015,1141.34817,597.549105,718.963909
2021-02-16,2021,2,1,235.16,133.01,84.02,18.13,7.78,3.48,2.05,4.92,6.17,4.5,157968.0,,,80.0,80.0,38.0,38.0,8.1,8.1,2735.0,17734.0,2593.0,17792.0,,,2.42,1.04,2.51,0.91,32844.0,30466.0,,4082.0,4316.0,8398.0,61.3,61.6,61.45,38.54,206.0,0,0,0,0,0,160.0,8398.0,61.45,5160.571,0.154224,0.14574,7.2,50.0,0.9,1166.388889,,
2021-02-17,2021,2,2,185.53,129.61,39.3,16.62,7.73,,2.42,4.86,6.46,4.79,170674.0,,,80.0,80.0,38.0,38.0,8.12,8.14,2872.0,17628.0,2719.0,17653.0,,,2.4,0.94,2.64,1.02,30230.0,31664.0,,4236.0,4531.0,8767.0,61.3,61.5,61.4,38.59,236.0,0,0,0,0,0,160.0,8767.0,61.4,5382.938,0.162923,0.154025,7.664,50.0,0.958,1143.919624,,
2021-02-18,2021,2,3,197.12,99.75,86.94,10.43,7.86,,1.68,4.79,6.37,4.69,165210.0,,,82.0,82.0,38.0,38.0,8.13,8.14,2924.0,17569.0,2776.0,17615.0,,,2.45,1.01,2.58,1.07,30834.0,30908.0,,4462.0,4732.0,9194.0,61.7,61.9,61.8,38.19,315.0,0,0,0,0,0,164.0,9194.0,61.8,5681.892,0.16643,0.157593,7.6916,48.780488,0.96145,1195.32997,,
2021-02-19,2021,2,4,181.38,80.09,87.45,13.84,,,,,,,,,,82.0,82.0,,38.0,,,,,,,,,,,,,,,,4607.0,4842.0,9449.0,,,,,208.0,0,0,0,0,0,164.0,9449.0,,,,,,48.780488,,,,
2021-02-20,2021,2,5,153.06,76.28,58.31,18.47,,,,,,,,,,82.0,82.0,,,,,,,,,,,,,,,,,,4504.0,4804.0,9308.0,,,,,315.0,0,0,0,0,0,164.0,9308.0,,,,,,48.780488,,,,
2021-02-21,2021,2,6,0.0,0.0,0.0,0.0,,,,,,,,,,82.0,82.0,,,,,,,,,,,,,,,,,,4596.0,4896.0,9492.0,,,,,261.0,0,0,0,0,0,164.0,9492.0,,,,,,48.780488,,,,
2021-02-22,2021,2,0,169.51,108.99,39.47,21.05,,,,,,,,,,82.0,82.0,,,,,,,,,,,,,,,,,,4720.0,4977.0,9697.0,,,,,250.0,0,0,0,0,0,164.0,9697.0,,,,,,48.780488,,,,
2021-02-23,2021,2,1,137.34,77.37,45.35,14.62,7.49,,3.02,4.48,7.05,5.23,183812.0,5912.0,2801.0,80.0,80.0,38.0,38.0,8.08,8.08,2549.0,17128.0,2642.0,17283.0,4217.0,4562.0,2.53,0.95,2.65,0.92,26889.0,32605.0,5613.0,4873.0,5171.0,10044.0,62.0,62.1,62.05,37.94,245.0,0,0,0,0,0,160.0,10044.0,62.05,6232.302,0.148821,0.152867,8.368,50.0,1.046,1200.286807,595.712666,644.448941
2021-02-24,2021,2,2,185.52,105.0,65.46,15.06,7.5,,2.84,4.31,7.64,5.93,190441.0,,,76.0,76.0,38.0,38.0,8.1,8.1,2713.0,17105.0,2613.0,17168.0,,,2.5,1.03,2.34,0.91,28161.0,30275.0,,5038.0,5347.0,10385.0,62.2,62.1,62.15,37.84,242.0,0,0,0,0,0,152.0,10385.0,62.15,6454.2775,0.158609,0.152202,9.0136,52.631579,1.1267,1152.147865,,
2021-02-25,2021,2,3,149.3,78.06,56.64,14.63,7.68,2.85,1.77,4.41,7.66,5.77,206301.0,,,72.0,72.0,38.0,38.0,8.1,8.11,2803.0,17086.0,2761.0,17128.0,,,2.62,1.14,2.52,1.0,34616.0,34904.0,,4650.0,4989.0,9639.0,62.3,62.5,62.4,37.59,146.0,0,0,0,0,0,144.0,9639.0,62.4,6014.736,0.164052,0.161198,8.3088,55.555556,1.0386,1160.095321,,
2021-02-26,2021,2,4,287.78,125.18,147.27,15.33,7.79,,1.57,4.72,6.16,4.49,140834.0,,,72.0,72.0,37.9,38.0,8.1,8.1,2362.0,17863.0,2418.0,17786.0,,,2.59,1.09,2.61,1.05,26137.0,24883.0,,3933.0,4176.0,8109.0,64.6,64.4,64.5,35.49,251.0,0,0,0,0,0,144.0,8109.0,64.5,5230.305,0.132229,0.13595,6.4656,55.555556,0.8082,1254.175947,,
2021-02-27,2021,2,5,140.63,75.02,48.38,17.23,8.04,,1.56,4.9,6.22,4.67,148270.0,,,72.0,72.0,38.0,,8.13,8.13,2346.0,17657.0,2393.0,17515.0,,,2.43,1.04,2.54,0.92,30126.0,28658.0,,3694.0,3969.0,7663.0,61.6,61.4,61.5,38.49,168.0,0,0,0,0,0,144.0,7663.0,61.5,4712.745,0.132865,0.136626,6.7248,55.555556,0.8406,1139.513443,,
2021-02-28,2021,2,6,0.0,0.0,0.0,0.0,7.92,2.52,1.54,4.69,6.77,5.12,156875.0,,,72.0,72.0,38.1,,8.14,8.14,2393.0,17705.0,2361.0,17496.0,,,2.45,1.05,2.58,1.12,23706.0,24421.0,,3678.0,3901.0,7579.0,61.8,61.6,61.7,38.29,213.0,0,0,0,0,0,144.0,7579.0,61.7,4676.243,0.13516,0.134945,7.3728,55.555556,0.9216,1027.967665,,
2021-03-01,2021,3,0,308.85,152.68,136.4,19.77,,,,,,,,,,72.0,72.0,,,,,,,,,,,,,,,,,,3726.0,3949.0,7675.0,,,,,111.0,0,0,0,0,0,144.0,7675.0,,,,,,55.555556,,,,
2021-03-02,2021,3,1,208.0,73.41,122.89,11.7,7.78,,2.39,4.75,6.22,4.51,152027.0,5662.0,3040.0,72.0,72.0,37.9,37.9,8.19,8.19,2512.0,17619.0,2425.0,17599.0,4635.0,4968.0,2.54,0.99,2.7,0.95,35664.0,31224.0,5825.0,3721.0,3962.0,7683.0,60.6,60.7,60.65,39.34,247.0,0,0,0,0,0,144.0,7683.0,60.65,4659.7395,0.142573,0.137792,6.4944,55.555556,0.8118,1183.019217,806.158722,864.076922
2021-03-03,2021,3,2,94.45,81.28,0.0,13.17,7.51,,1.94,4.51,6.24,4.6,155139.0,,,72.0,72.0,37.9,38.0,8.01,7.98,2656.0,17139.0,2594.0,17361.0,,,2.6,1.13,2.77,1.18,32583.0,31617.0,,3821.0,4095.0,7916.0,60.6,60.4,60.5,39.49,150.0,0,0,0,0,0,144.0,7916.0,60.5,4789.18,0.154968,0.149415,6.624,55.555556,0.828,1195.048309,,
2021-03-04,2021,3,3,125.64,67.86,41.62,16.16,7.68,3.01,1.79,4.59,6.57,4.86,160432.0,,,72.0,72.0,38.0,38.0,8.02,8.0,2573.0,17095.0,2704.0,17459.0,,,2.62,1.09,2.78,1.15,30876.0,32049.0,,3821.0,4096.0,7917.0,60.7,60.8,60.75,39.24,234.0,0,0,0,0,0,144.0,7917.0,60.75,4809.5775,0.150512,0.154877,6.9984,55.555556,0.8748,1131.258573,,
2021-03-05,2021,3,4,260.59,108.13,136.16,16.3,7.85,,2.03,4.66,6.38,4.64,164279.0,,,76.0,76.0,38.0,38.0,7.99,8.0,2445.0,17260.0,2761.0,17375.0,,,2.63,1.07,2.7,1.01,31351.0,39186.0,,3900.0,4155.0,8055.0,60.9,61.1,61.0,38.99,163.0,0,0,0,0,0,152.0,8055.0,61.0,4913.55,0.141657,0.158906,7.0528,52.631579,0.8816,1142.099592,,
2021-03-06,2021,3,5,151.96,78.29,57.62,16.05,,,,,,,,,,80.0,80.0,,,,,,,,,,,,,,,,,,4045.0,4320.0,8365.0,,,,,243.0,0,0,0,0,0,160.0,8365.0,,,,,,50.0,,,,
2021-03-07,2021,3,6,45.41,0.0,45.41,0.0,,,,,,,,,,84.0,84.0,,,,,,,,,,,,,,,,,,4174.0,4469.0,8643.0,,,,,245.0,0,0,0,0,0,168.0,8643.0,,,,,,47.619048,,,,
2021-03-08,2021,3,0,163.22,104.57,39.19,19.46,,,,,,,,,,83.0,84.0,,,,,,,,,,,,,,,,,,4212.0,4438.0,8650.0,61.4,61.5,61.45,38.54,225.0,0,0,0,0,0,167.0,8650.0,61.45,5315.425,,,,47.904192,,,,
2021-03-09,2021,3,1,176.66,74.79,88.5,13.37,7.34,,2.12,4.68,6.23,4.68,123552.0,4984.0,2468.0,84.0,84.0,38.0,38.0,7.94,7.94,2813.0,17068.0,2893.0,17242.0,5236.0,5401.0,2.75,1.3,2.87,1.28,29959.0,33369.0,6352.0,4183.0,4459.0,8642.0,61.6,61.7,61.65,38.34,326.0,0,0,0,0,0,168.0,8642.0,61.65,5327.793,0.164811,0.167788,7.8624,47.619048,0.9828,1099.155474,557.540847,575.110412
2021-03-10,2021,3,2,254.15,105.01,135.99,13.15,7.34,4.02,2.42,4.66,6.2,4.86,197768.0,5243.0,2611.0,84.0,84.0,38.0,38.0,8.0,8.0,2739.0,16927.0,2871.0,17198.0,4963.0,5243.0,2.69,0.98,2.74,1.02,30944.0,31720.0,5915.0,4215.0,4482.0,8697.0,61.6,61.6,61.6,38.39,229.0,0,0,0,0,0,168.0,8697.0,61.6,5357.352,0.161812,0.166938,8.1648,47.619048,1.0206,1065.182246,597.342614,631.043185
2021-03-11,2021,3,3,170.52,77.84,79.83,12.85,7.61,,2.16,4.7,6.63,4.56,169188.0,6130.0,,84.0,84.0,38.0,38.0,7.97,7.97,2586.0,16529.0,2649.0,16836.0,,,2.64,1.15,2.59,1.03,29517.0,26961.0,5744.0,4331.0,4625.0,8956.0,61.7,61.9,61.8,38.19,321.0,0,0,0,0,0,168.0,8956.0,61.8,5534.808,0.156452,0.157341,7.6608,47.619048,0.9576,1169.068505,,
2021-03-12,2021,3,4,285.77,182.93,87.85,14.99,7.47,,2.48,4.7,6.67,5.04,159108.0,6130.0,,84.0,84.0,38.0,38.0,7.96,7.96,2427.0,16488.0,2672.0,16758.0,,,2.51,1.23,2.67,1.21,26385.0,28003.0,5240.0,4367.0,4642.0,9009.0,61.5,61.7,61.6,38.39,233.0,0,0,0,0,0,168.0,9009.0,61.6,5549.544,0.147198,0.159446,8.4672,47.619048,1.0584,1063.988095,,
2021-03-13,2021,3,5,184.48,77.62,91.44,15.42,,,,,,,,,,84.0,84.0,,,,,,,,,,,,,,,,,,4441.0,4707.0,9148.0,,,,,316.0,0,0,0,0,0,168.0,9148.0,,,,,,47.619048,,,,
2021-03-14,2021,3,6,0.0,0.0,0.0,0.0,,,,,,,,,,84.0,84.0,,,,,,,,,,,,,,,,,,4500.0,4812.0,9312.0,,,,,329.0,0,0,0,0,0,168.0,9312.0,,,,,,47.619048,,,,
2021-03-15,2021,3,0,261.87,131.37,110.48,20.02,7.47,,2.71,4.7,6.8,4.78,167012.0,6794.0,3051.0,84.0,84.0,38.0,38.0,8.04,8.01,2376.0,16980.0,2538.0,17120.0,4725.0,4905.0,2.51,1.14,2.53,1.01,28264.0,30265.0,5694.0,4578.0,4877.0,9455.0,61.4,61.3,61.35,38.64,267.0,0,0,0,0,0,168.0,9455.0,61.35,5800.6425,0.139929,0.148248,8.0304,47.619048,1.0038,1177.400877,616.40627,602.424163
2021-03-16,2021,3,1,200.69,128.97,57.6,14.12,7.53,3.88,2.42,4.79,6.67,4.85,158421.0,,,84.0,84.0,37.9,38.0,7.92,7.95,2578.0,16825.0,2642.0,16950.0,,,2.6,1.16,2.52,1.02,29581.0,31064.0,,4481.0,4788.0,9269.0,61.1,61.0,61.05,38.94,286.0,0,0,0,0,0,168.0,9269.0,61.05,5658.7245,0.153224,0.15587,8.148,47.619048,1.0185,1137.579774,,
2021-03-17,2021,3,2,180.85,103.59,64.8,12.46,7.37,,2.11,4.73,6.72,4.79,164951.0,,,84.0,84.0,37.9,38.0,7.99,7.96,2613.0,16914.0,2690.0,16994.0,,,2.39,0.97,2.53,1.01,30146.0,30667.0,,4450.0,4777.0,9227.0,61.2,61.1,61.15,38.84,290.0,0,0,0,0,0,168.0,9227.0,61.15,5642.3105,0.154487,0.158291,8.0472,47.619048,1.0059,1146.610001,,
2021-03-18,2021,3,3,187.19,131.36,41.83,14.0,,,,,,,,,,84.0,84.0,,,,,,,,,,,,,,,,,,4490.0,4797.0,9287.0,,,,,315.0,0,0,0,0,0,168.0,9287.0,,,,,,47.619048,,,,
2021-03-19,2021,3,4,302.67,107.29,179.61,15.77,7.42,3.06,1.79,4.66,6.34,4.65,194396.0,7756.0,,84.0,84.0,38.0,38.0,7.95,7.94,2725.0,17069.0,2583.0,17115.0,,,2.41,1.03,2.27,0.83,36825.0,32333.0,,4370.0,4691.0,9061.0,60.5,60.6,60.55,39.44,315.0,0,0,0,0,0,168.0,9061.0,60.55,5486.4355,0.159646,0.15092,7.812,47.619048,0.9765,1159.882232,,
2021-03-20,2021,3,5,151.16,77.98,56.65,16.53,,,,,,,,,,84.0,84.0,,,,,,,,,,,,,,,,,,4358.0,4637.0,8995.0,,,,,260.0,0,0,0,0,0,168.0,8995.0,,,,,,47.619048,,,,
2021-03-21,2021,3,6,0.0,0.0,0.0,0.0,,,,,,,,,,84.0,84.0,,,,,,,,,,,,,,,,,,4405.0,4708.0,9113.0,,,,,338.0,0,0,0,0,0,168.0,9113.0,,,,,,47.619048,,,,
2021-03-22,2021,3,0,260.17,156.39,85.08,18.7,,,,,,,,,,84.0,84.0,,,,,,,,,,,,,,,,,,4391.0,4671.0,9062.0,,,,,339.0,0,0,0,0,0,168.0,9062.0,,,,,,47.619048,,,,
2021-03-23,2021,3,1,237.21,157.17,66.39,13.65,,,,,,,,,,83.0,82.0,,,,,,,,,,,,,,,,,,4346.0,4629.0,8975.0,,,,,299.0,0,0,0,0,0,165.0,8975.0,,,,,,48.484848,,,,
2021-03-24,2021,3,2,242.82,186.78,41.41,14.63,,,,,,,,,,80.0,80.0,,,,,,,,,,,,,,,,,,4233.0,4516.0,8749.0,,,,,339.0,0,0,0,0,0,160.0,8749.0,,,,,,50.0,,,,
2021-03-25,2021,3,3,177.29,105.91,57.82,13.56,7.59,3.01,1.57,4.64,6.85,4.85,184378.0,6965.0,3218.0,80.0,80.0,37.9,38.0,7.89,7.91,2831.0,16848.0,2794.0,16752.0,4911.0,5108.0,2.6,1.04,2.66,1.08,35467.0,34256.0,5813.0,4247.0,4525.0,8772.0,61.5,61.4,61.45,38.54,338.0,0,0,0,0,0,160.0,8772.0,61.45,5390.394,0.168032,0.166786,7.76,50.0,0.97,1130.412371,468.764556,511.240903
2021-03-26,2021,3,4,245.63,211.82,19.41,14.4,7.65,,1.68,4.7,6.57,4.71,175924.0,,,80.0,80.0,38.0,38.0,7.88,7.9,2784.0,16912.0,2839.0,16628.0,,,2.58,1.02,2.62,1.04,34251.0,32618.0,,4209.0,4428.0,8637.0,61.2,61.2,61.2,38.79,339.0,0,0,0,0,0,160.0,8637.0,61.2,5285.844,0.164617,0.170736,7.536,50.0,0.942,1146.098726,,
2021-03-27,2021,3,5,182.08,76.85,89.83,15.4,,,,,,,,,,80.0,80.0,,,,,,,,,,,,,,,,,,4295.0,4514.0,8809.0,,,,,240.0,0,0,0,0,0,160.0,8809.0,,,,,,50.0,,,,
2021-03-28,2021,3,6,0.0,0.0,0.0,0.0,,,,,,,,,,80.0,80.0,,,,,,,,,,,,,,,,,,4323.0,4574.0,8897.0,,,,,339.0,0,0,0,0,0,160.0,8897.0,,,,,,50.0,,,,
2021-03-29,2021,3,0,289.96,158.45,110.88,20.63,7.56,,1.78,4.49,6.52,4.77,178145.0,6227.0,2913.0,80.0,80.0,38.4,37.9,7.94,7.94,2631.0,17154.0,2728.0,17005.0,4987.0,5097.0,2.64,1.15,2.6,1.09,28884.0,29894.0,5936.0,4534.0,4791.0,9325.0,60.6,60.8,60.7,39.29,339.0,0,0,0,0,0,160.0,9325.0,60.7,5660.275,0.153375,0.160423,7.632,50.0,0.954,1221.82914,543.459854,539.598224
2021-03-30,2021,3,1,328.97,212.14,103.8,13.03,,,,,,,,,,81.0,83.0,,,,,,,,,,,,,,,,,,4438.0,4759.0,9197.0,,,,,230.0,0,0,0,0,0,164.0,9197.0,,,,,,48.780488,,,,
2021-03-31,2021,3,2,246.97,214.34,19.4,13.23,7.51,2.88,1.6,4.5,6.65,4.81,172678.0,,,84.0,84.0,38.2,38.1,7.93,7.91,2704.0,17283.0,2814.0,17169.0,,,2.68,1.03,2.51,1.0,30944.0,31104.0,,4630.0,4931.0,9561.0,61.0,60.8,60.9,39.09,331.0,0,0,0,0,0,168.0,9561.0,60.9,5822.649,0.156454,0.1639,8.0808,47.619048,1.0101,1183.174933,,
2021-04-01,2021,4,3,241.13,160.3,65.3,15.53,,,,,,,,,,84.0,84.0,,,,,,,,,,,,,,,,,,4276.0,4614.0,8890.0,,,,,362.0,0,0,0,0,0,168.0,8890.0,,,,,,47.619048,,,,
2021-04-02,2021,4,4,363.85,215.26,133.25,15.34,7.53,,1.52,4.44,7.2,5.22,179790.0,,,85.0,85.0,38.1,37.9,7.89,7.92,2897.0,17064.0,2934.0,17145.0,,,2.75,1.15,2.75,1.12,35234.0,34075.0,,4386.0,4685.0,9071.0,60.6,60.7,60.65,39.34,363.0,0,0,0,0,0,170.0,9071.0,60.65,5501.5615,0.169773,0.171129,8.874,47.058824,1.10925,1022.199684,,
2021-04-03,2021,4,5,171.98,76.59,79.95,15.44,,,,,,,,,,86.0,86.0,,,,,,,,,,,,,,,,,,4469.0,4827.0,9296.0,,,,,313.0,0,0,0,0,0,172.0,9296.0,,,,,,46.511628,,,,
2021-04-04,2021,4,6,0.0,0.0,0.0,0.0,,,,,,,,,,86.0,86.0,,,,,,,,,,,,,,,,,,4385.0,4812.0,9197.0,,,,,304.0,0,0,0,0,0,172.0,9197.0,,,,,,46.511628,,,,
2021-04-05,2021,4,0,271.37,212.0,38.94,20.43,7.16,,1.88,4.52,6.61,4.63,172061.0,7322.0,3329.0,88.0,87.0,38.0,38.0,7.93,7.94,3645.0,17458.0,3363.0,17188.0,4693.0,5481.0,2.48,0.93,2.42,0.91,40907.0,34822.0,6474.0,4481.0,4650.0,9131.0,61.3,61.2,61.25,38.74,298.0,0,0,0,0,0,175.0,9131.0,61.25,5592.7375,0.208787,0.19566,8.1025,45.714286,1.012812,1126.936131,489.532513,583.628988
2021-04-06,2021,4,1,237.12,134.08,90.18,12.86,7.51,,2.15,4.48,6.85,5.0,186548.0,5085.0,3455.0,90.0,90.0,38.0,38.0,7.95,7.98,2949.0,17118.0,3040.0,17848.0,4863.0,5244.0,2.66,1.21,2.42,0.96,27607.0,32873.0,6044.0,4769.0,5100.0,9869.0,61.2,61.1,61.15,38.84,267.0,0,0,0,0,0,180.0,9869.0,61.15,6034.8935,0.172275,0.170327,9.0,44.444444,1.125,1096.555556,528.573614,606.039454
2021-04-07,2021,4,2,382.68,210.7,158.08,13.9,7.58,3.23,1.91,4.53,6.67,5.0,178902.0,5421.0,3271.0,92.0,92.0,37.9,37.9,7.96,7.97,2753.0,17261.0,2993.0,17615.0,4765.0,5082.0,2.52,1.13,2.69,1.18,30132.0,32839.0,5938.0,5014.0,5316.0,10330.0,60.8,60.8,60.8,39.19,319.0,0,0,0,0,0,184.0,10330.0,60.8,6280.64,0.159492,0.169912,9.2,43.478261,1.15,1122.826087,525.602404,572.1563
2021-04-08,2021,4,3,200.61,107.04,80.04,13.53,7.23,,2.31,4.4,6.65,4.68,171369.0,,,90.0,90.0,38.0,38.0,7.93,7.93,2817.0,17490.0,2848.0,17362.0,,,2.6,1.04,2.66,1.08,34880.0,33132.0,,5013.0,5323.0,10336.0,61.0,61.0,61.0,38.99,308.0,0,0,0,0,0,180.0,10336.0,61.0,6304.96,0.161063,0.164036,8.424,44.444444,1.053,1226.97056,,
2021-04-09,2021,4,4,169.65,135.14,19.16,15.35,7.42,,1.84,4.16,6.81,4.96,180621.0,,,92.0,92.0,38.0,38.0,7.92,7.93,2742.0,17525.0,2896.0,17716.0,,,2.62,1.09,2.62,1.1,33876.0,32690.0,,5138.0,5448.0,10586.0,60.9,60.8,60.85,39.14,280.0,0,0,0,0,0,184.0,10586.0,60.85,6441.581,0.156462,0.163468,9.1264,43.478261,1.1408,1159.931627,,
2021-04-10,2021,4,5,185.63,77.21,91.9,16.52,,,,,,,,,,92.0,92.0,,,,,,,,,,,,,,,,,,5217.0,5528.0,10745.0,,,,,299.0,0,0,0,0,0,184.0,10745.0,,,,,,43.478261,,,,
2021-04-11,2021,4,6,45.38,0.0,45.38,0.0,,,,,,,,,,92.0,92.0,,,,,,,,,,,,,,,,,,5372.0,5681.0,11053.0,,,,,362.0,0,0,0,0,0,184.0,11053.0,,,,,,43.478261,,,,
2021-04-12,2021,4,0,273.34,161.98,91.17,20.19,7.57,,1.91,4.31,6.79,4.88,178540.0,5638.0,3394.0,92.0,92.0,38.0,38.0,7.91,7.92,2607.0,17296.0,2638.0,17527.0,4661.0,4854.0,2.61,1.12,2.57,1.08,31508.0,32870.0,5826.0,5262.0,5577.0,10839.0,61.2,61.1,61.15,38.84,219.0,0,0,0,0,0,184.0,10839.0,61.15,6628.0485,0.150728,0.150511,8.9792,43.478261,1.1224,1207.123129,466.502319,495.978876
2021-04-13,2021,4,1,247.62,134.98,102.66,9.98,7.39,3.7,2.29,4.56,6.85,5.03,178376.0,,,92.0,92.0,38.0,38.1,7.89,7.9,2551.0,17146.0,2683.0,17605.0,,,2.68,1.14,2.77,1.27,28271.0,28009.0,,5249.0,5553.0,10802.0,60.9,60.8,60.85,39.14,328.0,0,0,0,0,0,184.0,10802.0,60.85,6573.017,0.148781,0.1524,9.2552,43.478261,1.1569,1167.127669,,
2021-04-14,2021,4,2,244.08,161.97,63.55,18.56,7.33,,2.32,4.51,6.88,5.14,193228.0,,,92.0,92.0,38.0,38.0,7.91,7.92,2695.0,17224.0,2571.0,17703.0,,,2.47,1.06,2.53,1.01,33764.0,35155.0,,5252.0,5570.0,10822.0,60.7,60.6,60.65,39.34,197.0,0,0,0,0,0,184.0,10822.0,60.65,6563.543,0.156468,0.14523,9.4576,43.478261,1.1822,1144.26493,,
2021-04-15,2021,4,3,157.95,80.67,65.91,11.37,7.57,,1.79,4.46,6.81,4.98,188261.0,,,92.0,92.0,38.0,38.0,7.92,7.93,2499.0,17371.0,2538.0,17544.0,,,2.53,1.04,2.58,1.07,32615.0,33843.0,,5336.0,5640.0,10976.0,61.0,61.0,61.0,38.99,311.0,0,0,0,0,0,184.0,10976.0,61.0,6695.36,0.14386,0.144665,9.1632,43.478261,1.1454,1197.834818,,
2021-04-16,2021,4,4,265.6,161.29,88.6,15.71,7.43,3.64,2.11,4.39,6.69,4.86,177682.0,,,92.0,92.0,38.0,38.0,7.94,7.94,2562.0,14516.0,2488.0,17595.0,,,2.59,1.1,2.61,1.09,34047.0,33271.0,,5436.0,5753.0,11189.0,61.2,61.1,61.15,38.84,307.0,0,0,0,0,0,184.0,11189.0,61.15,6842.0735,0.176495,0.141404,8.9424,43.478261,1.1178,1251.230095,,
2021-04-17,2021,4,5,145.51,73.05,57.31,15.15,,,,,,,,,,92.0,92.0,,,,,,,,,,,,,,,,,,5560.0,5867.0,11427.0,,,,,314.0,0,0,0,0,0,184.0,11427.0,,,,,,43.478261,,,,
2021-04-18,2021,4,6,46.04,0.0,46.04,0.0,,,,,,,,,,92.0,92.0,,,,,,,,,,,,,,,,,,5626.0,5943.0,11569.0,,,,,233.0,0,0,0,0,0,184.0,11569.0,,,,,,43.478261,,,,
2021-04-19,2021,4,0,241.41,183.05,37.61,20.75,7.43,2.99,2.11,4.54,6.99,5.36,199849.0,7391.0,3293.0,92.0,92.0,38.1,38.1,7.88,7.85,2935.0,17135.0,2788.0,17290.0,5209.0,5585.0,2.7,1.28,2.42,1.27,35276.0,35124.0,6140.0,5537.0,5838.0,11375.0,61.0,60.9,60.95,39.04,280.0,0,0,0,0,0,184.0,11375.0,60.95,6933.0625,0.171287,0.161249,9.8624,43.478261,1.2328,1153.370376,492.711865,496.149318
2021-04-20,2021,4,1,215.86,160.38,41.99,13.49,7.78,,1.27,4.47,7.21,5.31,199886.0,6782.0,3596.0,92.0,92.0,38.1,38.0,7.88,7.89,2799.0,17305.0,2651.0,17452.0,5481.0,5331.0,2.62,1.14,2.6,1.0,36158.0,31399.0,6172.0,5289.0,5651.0,10940.0,61.1,61.0,61.05,38.94,255.0,0,0,0,0,0,184.0,10940.0,61.05,6678.87,0.161745,0.151902,9.7704,43.478261,1.2213,1119.708507,518.439956,511.851689
2021-04-21,2021,4,2,276.12,81.25,180.92,13.95,7.75,,1.83,4.48,7.24,5.36,181397.0,7646.0,,92.0,92.0,38.0,37.9,7.9,7.9,2869.0,17424.0,2618.0,17541.0,,,2.73,1.24,2.67,1.27,39088.0,36796.0,6210.0,4986.0,5490.0,10476.0,61.5,61.4,61.45,38.54,354.0,0,0,0,0,0,184.0,10476.0,61.45,6437.502,0.164658,0.14925,9.8624,43.478261,1.2328,1062.216093,,
2021-04-22,2021,4,3,178.89,107.64,56.86,14.39,7.36,3.87,2.29,4.44,7.16,5.31,192667.0,7249.0,,92.0,92.0,38.0,38.0,7.87,7.87,2938.0,17269.0,2538.0,17427.0,,,2.57,1.16,2.61,1.1,31451.0,36325.0,6714.0,4965.0,5511.0,10476.0,61.4,61.3,61.35,38.64,321.0,0,0,0,0,0,184.0,10476.0,61.35,6427.026,0.170131,0.145636,9.7704,43.478261,1.2213,1072.218128,,
2021-04-23,2021,4,4,218.37,183.32,19.3,15.75,7.52,,2.18,4.46,7.05,5.24,189045.0,,,92.0,92.0,38.0,38.0,7.88,7.88,2873.0,17371.0,2629.0,17493.0,,,2.61,1.18,2.62,1.1,32641.0,34485.0,,4941.0,5496.0,10437.0,61.6,61.4,61.5,38.49,281.0,0,0,0,0,0,184.0,10437.0,61.5,6418.755,0.165391,0.150289,9.6416,43.478261,1.2052,1082.496681,,
2021-04-24,2021,4,5,133.5,77.02,41.68,14.8,,,,,,,,,,92.0,92.0,,,,,,,,,,,,,,,,,,4975.0,5493.0,10468.0,,,,,301.0,0,0,0,0,0,184.0,10468.0,,,,,,43.478261,,,,
2021-04-25,2021,4,6,0.0,0.0,0.0,0.0,,,,,,,,,,92.0,92.0,,,,,,,,,,,,,,,,,,4877.0,5434.0,10311.0,,,,,338.0,0,0,0,0,0,184.0,10311.0,,,,,,43.478261,,,,
2021-04-26,2021,4,0,370.54,192.07,158.71,19.76,7.71,,2.11,4.5,6.85,4.91,185943.0,6848.0,3017.0,92.0,92.0,38.0,38.0,7.92,7.92,2849.0,17569.0,2731.0,17694.0,5512.0,5672.0,2.7,1.04,2.74,1.14,33527.0,34106.0,6683.0,4811.0,5332.0,10143.0,60.6,60.8,60.7,39.29,258.0,0,0,0,0,0,184.0,10143.0,60.7,6156.801,0.162161,0.154346,9.0344,43.478261,1.1293,1122.708758,563.21293,579.561636
2021-04-27,2021,4,1,232.21,137.62,81.47,13.12,7.64,,1.98,4.54,6.75,4.88,180660.0,,,92.0,92.0,,38.0,7.91,7.9,2738.0,17723.0,2673.0,17625.0,,,2.67,1.08,2.7,1.11,31680.0,33643.0,,4692.0,5179.0,9871.0,60.5,60.6,60.55,39.44,250.0,0,0,0,0,0,184.0,9871.0,60.55,5976.8905,0.154489,0.15166,8.9792,43.478261,1.1224,1099.318425,,
2021-04-28,2021,4,2,165.25,132.63,18.76,13.86,7.62,3.04,1.72,4.55,6.88,4.99,176425.0,,,92.0,92.0,38.0,38.0,7.92,7.91,2927.0,17695.0,2795.0,17548.0,,,2.79,1.32,2.69,1.28,38316.0,36658.0,,4672.0,5161.0,9833.0,60.8,60.9,60.85,39.14,161.0,0,0,0,0,0,184.0,9833.0,60.85,5983.3805,0.165414,0.159277,9.1816,43.478261,1.1477,1070.94624,,
2021-04-29,2021,4,3,187.65,108.02,65.57,14.06,7.58,,1.82,4.59,6.91,5.01,179432.0,,,92.0,92.0,37.9,37.9,7.93,7.92,2897.0,17718.0,2761.0,17682.0,,,2.75,1.24,2.71,1.16,36846.0,35724.0,,4688.0,5215.0,9903.0,60.6,60.7,60.65,39.34,346.0,0,0,0,0,0,184.0,9903.0,60.65,6006.1695,0.163506,0.156147,9.2184,43.478261,1.1523,1074.264514,,
2021-04-30,2021,4,4,239.73,135.32,87.22,17.19,7.73,,1.54,4.52,6.79,4.86,174976.0,,,92.0,92.0,38.0,38.0,7.92,7.91,2815.0,17649.0,2697.0,17763.0,,,2.68,1.19,2.64,1.1,32642.0,64118.0,,4690.0,5138.0,9828.0,61.0,60.9,60.95,39.04,264.0,0,0,0,0,0,184.0,9828.0,60.95,5990.166,0.159499,0.151832,8.9424,43.478261,1.1178,1099.033816,,
2021-05-01,2021,5,5,97.88,46.22,37.43,14.23,,,,,,,,,,74.0,41.0,,,,,,,,,,,,,,,,,,3732.0,3054.0,6786.0,,,,,434.0,0,0,0,0,0,115.0,6786.0,,,,,,69.565217,,,,
2021-05-02,2021,5,6,0.0,0.0,0.0,0.0,,,,,,,,,,76.0,96.0,,,,,,,,,,,,,,,,,,3872.0,4448.0,8320.0,,,,,186.0,0,0,0,0,0,172.0,8320.0,,,,,,46.511628,,,,
2021-05-03,2021,5,0,256.78,155.85,79.22,21.71,,,,,,,,,,80.0,98.0,,,,,,,,,,,,,,,,,,4112.0,4859.0,8971.0,,,,,353.0,0,0,0,0,0,178.0,8971.0,,,,,,44.94382,,,,
2021-05-04,2021,5,1,286.12,161.99,113.5,10.63,7.88,4.44,2.59,4.72,6.65,4.65,267578.0,,,84.0,100.0,37.8,38.0,8.05,7.91,2170.0,16351.0,2892.0,17851.0,,,2.98,1.27,3.12,1.31,29779.0,30369.0,,4188.0,5039.0,9227.0,61.9,61.3,61.6,38.39,235.0,0,0,0,0,0,184.0,9227.0,61.6,5683.832,0.132714,0.162008,8.556,43.478261,1.0695,1078.424497,,
2021-05-05,2021,5,2,231.05,126.89,86.89,17.27,7.64,,3.57,4.64,6.45,4.69,178328.0,7648.0,3647.0,88.0,102.0,37.9,38.0,7.89,7.91,2469.0,16843.0,2784.0,17814.0,4896.0,5750.0,2.78,1.22,2.83,1.21,30813.0,32268.0,5765.0,4420.0,5290.0,9710.0,61.6,61.4,61.5,38.49,339.0,0,0,0,0,0,190.0,9710.0,61.5,5971.65,0.146589,0.156282,8.911,42.105263,1.113875,1089.66446,467.332777,575.496317
2021-05-06,2021,5,3,220.52,80.86,127.02,12.64,7.46,,1.95,4.59,6.59,4.89,180132.0,7395.0,,92.0,102.0,37.8,37.9,7.9,7.91,2657.0,17312.0,2694.0,17694.0,,,2.94,1.4,2.71,1.28,33996.0,38718.0,5982.0,4598.0,5345.0,9943.0,60.9,60.9,60.9,39.09,329.0,0,0,0,0,0,194.0,9943.0,60.9,6055.287,0.153477,0.152255,9.4866,41.237113,1.185825,1048.109966,,
2021-05-07,2021,5,4,224.38,137.65,66.57,20.16,7.59,3.16,1.79,4.54,6.71,4.91,185962.0,7017.0,,96.0,102.0,37.9,38.0,7.91,7.92,2782.0,17596.0,2635.0,17751.0,,,2.8,1.29,2.78,1.22,34843.0,36882.0,6184.0,4829.0,5425.0,10254.0,60.8,60.8,60.8,39.19,339.0,0,0,0,0,0,198.0,10254.0,60.8,6234.432,0.158104,0.148442,9.7218,40.40404,1.215225,1054.742949,,
2021-05-08,2021,5,5,111.09,53.62,41.52,15.95,,,,,,,,,,96.0,102.0,,,,,,,,,,,,,,,,,,4900.0,5449.0,10349.0,,,,,238.0,0,0,0,0,0,198.0,10349.0,,,,,,40.40404,,,,
2021-05-09,2021,5,6,0.0,0.0,0.0,0.0,,,,,,,,,,96.0,102.0,,,,,,,,,,,,,,,,,,4712.0,5281.0,9993.0,,,,,334.0,0,0,0,0,0,198.0,9993.0,,,,,,40.40404,,,,
2021-05-10,2021,5,0,295.67,161.41,111.43,22.83,7.64,4.29,2.45,4.69,6.1,4.71,168099.0,7124.0,3571.0,96.0,100.0,37.9,38.0,7.97,7.96,2937.0,17750.0,2596.0,17845.0,5736.0,5683.0,2.96,1.38,2.79,1.21,35856.0,32998.0,6878.0,4773.0,5280.0,10053.0,60.9,60.9,60.9,39.09,321.0,0,0,0,0,0,196.0,10053.0,60.9,6122.277,0.165465,0.145475,9.2316,40.816327,1.15395,1088.976992,645.786804,630.49365
2021-05-11,2021,5,1,214.18,80.48,121.98,11.72,7.56,,2.17,4.64,6.22,4.61,171392.0,,,96.0,98.0,38.0,38.0,7.96,7.96,2869.0,17619.0,2538.0,17616.0,,,2.92,1.27,2.81,1.26,34745.0,35122.0,,4902.0,5224.0,10126.0,61.1,61.0,61.05,38.94,312.0,0,0,0,0,0,194.0,10126.0,61.05,6181.923,0.162836,0.144074,8.9434,41.237113,1.117925,1132.23159,,
2021-05-12,2021,5,2,197.51,134.22,46.2,17.09,,,,,,,,,,96.0,96.0,,,,,,,,,,,,,,,,,,4934.0,5266.0,10200.0,,,,,357.0,0,0,0,0,0,192.0,10200.0,,,,,,41.666667,,,,
2021-05-13,2021,5,3,134.54,81.07,41.58,11.89,7.68,3.27,1.96,4.59,6.43,4.7,180435.0,6973.0,3318.0,94.0,94.0,38.0,38.0,7.92,7.92,2766.0,17472.0,2661.0,17582.0,5632.0,5814.0,2.86,1.21,2.76,1.26,31672.0,32488.0,7045.0,4877.0,5202.0,10079.0,61.4,61.5,61.45,38.54,275.0,0,0,0,0,0,188.0,10079.0,61.45,6193.5455,0.15831,0.151348,8.836,42.553191,1.1045,1140.674513,575.47446,594.071113
2021-05-14,2021,5,4,262.84,109.42,134.3,19.12,7.83,,2.25,4.66,6.57,4.82,176124.0,,,92.0,92.0,38.0,38.0,7.93,7.93,2739.0,17637.0,2494.0,17469.0,,,2.79,1.24,2.71,1.18,30764.0,31669.0,,4757.0,5047.0,9804.0,61.7,62.6,62.15,37.84,336.0,0,0,0,0,0,184.0,9804.0,62.15,6093.186,0.155299,0.142767,8.8688,43.478261,1.1086,1105.448313,,
2021-05-15,2021,5,5,121.49,52.96,54.79,13.74,,,,,,,,,,90.0,90.0,,,,,,,,,,,,,,,,,,4536.0,4806.0,9342.0,,,,,336.0,0,0,0,0,0,180.0,9342.0,,,,,,44.444444,,,,
2021-05-16,2021,5,6,46.33,0.0,46.33,0.0,,,,,,,,,,88.0,88.0,,,,,,,,,,,,,,,,,,4284.0,4509.0,8793.0,,,,,335.0,0,0,0,0,0,176.0,8793.0,,,,,,45.454545,,,,
2021-05-17,2021,5,0,197.8,138.12,37.48,22.2,7.75,,1.82,7.85,6.48,4.71,178156.0,6848.0,3260.0,86.0,86.0,38.0,38.0,7.95,7.95,2458.0,17869.0,2376.0,17613.0,5547.0,5663.0,2.72,1.16,2.75,1.19,30725.0,31069.0,6619.0,4207.0,4418.0,8625.0,61.6,61.5,61.55,38.44,339.0,0,0,0,0,0,172.0,8625.0,61.55,5308.6875,0.137557,0.1349,8.1012,46.511628,1.01265,1064.657088,602.919564,615.527941
2021-05-18,2021,5,1,209.12,110.29,89.61,9.22,7.69,,1.91,4.51,6.54,4.83,183425.0,,,84.0,84.0,38.0,38.0,7.93,7.94,2501.0,17762.0,2404.0,17667.0,,,2.78,1.2,2.72,1.16,31504.0,32923.0,,4294.0,4682.0,8976.0,61.4,61.3,61.35,38.64,267.0,0,0,0,0,0,168.0,8976.0,61.35,5506.776,0.140806,0.136073,8.1144,47.619048,1.0143,1106.181603,,
2021-05-19,2021,5,2,264.41,107.51,134.57,22.33,,,,,,,,,,84.0,84.0,,,,,,,,,,,,,,,,,,4329.0,4549.0,8878.0,,,,,216.0,0,0,0,0,0,168.0,8878.0,,,,,,47.619048,,,,
2021-05-20,2021,5,3,168.14,81.6,75.58,10.96,7.38,,2.26,4.57,6.5,4.58,176912.0,7064.0,,84.0,84.0,38.0,38.0,7.96,7.97,2434.0,17815.0,2495.0,17716.0,,,2.88,1.13,2.74,1.08,32465.0,33839.0,7069.0,4227.0,4456.0,8683.0,61.5,61.4,61.45,38.54,235.0,0,0,0,0,0,168.0,8683.0,61.45,5335.7035,0.136626,0.140833,7.6944,47.619048,0.9618,1128.483053,,
2021-05-21,2021,5,4,177.14,163.28,0.0,13.86,7.54,,2.15,4.59,6.41,4.51,172864.0,,,84.0,84.0,38.0,38.0,7.95,7.96,2538.0,17852.0,2581.0,17690.0,,,2.82,1.15,2.76,1.11,31873.0,32348.0,,4303.0,4482.0,8785.0,61.6,61.6,61.6,38.39,311.0,0,0,0,0,0,168.0,8785.0,61.6,5411.56,0.142169,0.145902,7.5768,47.619048,0.9471,1159.460458,,
2021-05-22,2021,5,5,165.5,54.13,91.25,20.12,,,,,,,,,,84.0,84.0,,,,,,,,,,,,,,,,,,4242.0,4482.0,8724.0,,,,,331.0,0,0,0,0,0,168.0,8724.0,,,,,,47.619048,,,,
2021-05-23,2021,5,6,0.0,0.0,0.0,0.0,,,,,,,,,,84.0,84.0,,,,,,,,,,,,,,,,,,4005.0,4206.0,8211.0,,,,,339.0,0,0,0,0,0,168.0,8211.0,,,,,,47.619048,,,,
2021-05-24,2021,5,0,324.65,165.29,135.02,24.34,7.59,,3.04,4.49,6.69,4.65,180612.0,6794.0,3185.0,84.0,84.0,38.0,38.0,7.94,7.95,2352.0,17964.0,2571.0,17849.0,5583.0,5419.0,2.82,1.15,2.78,1.18,30485.0,32436.0,7157.0,4214.0,4463.0,8677.0,61.9,62.0,61.95,38.04,391.0,0,0,0,0,0,168.0,8677.0,61.95,5375.4015,0.130929,0.144042,7.812,47.619048,0.9765,1110.727087,594.490174,589.006872
2021-05-25,2021,5,1,221.12,108.57,102.0,10.55,7.79,3.24,1.86,4.53,6.73,4.72,178619.0,,,84.0,84.0,38.0,38.0,7.95,7.94,2453.0,17827.0,2467.0,17750.0,,,2.79,1.13,2.71,1.1,31227.0,31843.0,,4165.0,4419.0,8584.0,61.8,61.8,61.8,38.19,308.0,0,0,0,0,0,168.0,8584.0,61.8,5304.912,0.1376,0.138986,7.9296,47.619048,0.9912,1082.526231,,
2021-05-26,2021,5,2,144.31,107.91,17.98,18.42,7.65,,1.84,4.59,6.62,4.61,175340.0,,,84.0,84.0,38.0,38.0,7.92,7.93,2518.0,17763.0,2494.0,17813.0,,,2.84,1.17,2.75,1.14,32082.0,31762.0,,4185.0,4451.0,8636.0,61.8,61.7,61.75,38.24,225.0,0,0,0,0,0,168.0,8636.0,61.75,5332.73,0.141755,0.14001,7.7448,47.619048,0.9681,1115.070757,,
2021-05-27,2021,5,3,214.28,110.39,88.98,14.91,7.62,,2.13,4.77,6.35,4.41,173462.0,,,84.0,84.0,38.0,38.0,7.93,7.92,2563.0,17792.0,2418.0,17760.0,,,2.74,1.15,2.89,1.18,31461.0,32350.0,,4169.0,4554.0,8723.0,61.5,61.5,61.5,38.49,300.0,0,0,0,0,0,168.0,8723.0,61.5,5364.645,0.144054,0.136149,7.4088,47.619048,0.9261,1177.383652,,
2021-05-28,2021,5,4,192.74,136.25,41.63,14.86,7.56,3.59,2.19,4.8,6.43,4.47,175973.0,,,84.0,84.0,38.0,38.0,7.95,7.94,2673.0,17885.0,2536.0,17629.0,,,2.68,1.22,2.75,1.17,32610.0,34826.0,6180.0,4097.0,4361.0,8458.0,61.8,61.8,61.8,38.19,315.0,0,0,0,0,0,168.0,8458.0,61.8,5227.044,0.149455,0.143854,7.5096,47.619048,0.9387,1126.29168,,
2021-05-29,2021,5,5,219.39,53.71,146.48,19.2,,,,,,,,,,84.0,84.0,,,,,,,,,,,,,,,,,,4062.0,4291.0,8353.0,60.6,60.7,60.65,39.34,315.0,0,0,0,0,0,168.0,8353.0,60.65,5066.0945,,,,47.619048,,,,
2021-05-30,2021,5,6,0.0,0.0,0.0,0.0,,,,,,,,,,84.0,84.0,,,,,,,,,,,,,,,,,,3841.0,4065.0,7906.0,,,,,333.0,0,0,0,0,0,168.0,7906.0,,,,,,47.619048,,,,
2021-05-31,2021,5,0,195.99,138.55,35.98,21.46,,,,,,,,,,84.0,84.0,,,,,,,,,,,,,,,,,,3779.0,4018.0,7797.0,,,,,339.0,0,0,0,0,0,168.0,7797.0,,,,,,47.619048,,,,
2021-06-01,2021,6,1,214.98,136.81,65.82,12.35,8.08,2.94,1.53,4.84,5.7,3.76,152307.0,7421.0,3746.0,84.0,84.0,38.0,38.0,7.98,7.99,2472.0,17625.0,2316.0,17719.0,5329.0,5542.0,2.6,1.04,2.87,1.01,32818.0,35629.0,6257.0,3814.0,4046.0,7860.0,61.2,62.1,61.65,38.34,338.0,0,0,0,0,0,168.0,7860.0,61.65,4845.69,0.140255,0.130707,6.3168,47.619048,0.7896,1244.300912,615.862748,653.637888
2021-06-02,2021,6,2,307.35,81.76,202.75,22.84,7.86,,1.62,4.82,5.62,3.72,156901.0,,,84.0,84.0,38.0,38.0,7.97,7.98,2393.0,17724.0,2382.0,17673.0,,,2.59,1.01,2.78,1.03,31924.0,33734.0,,3745.0,3978.0,7723.0,61.5,61.4,61.45,38.54,323.0,0,0,0,0,0,168.0,7723.0,61.45,4745.7835,0.135015,0.134782,6.2496,47.619048,0.7812,1235.759089,,
2021-06-03,2021,6,3,148.69,80.48,56.82,11.39,7.73,,1.69,4.76,5.68,3.69,,,,84.0,84.0,38.0,38.0,7.98,7.98,2352.0,17811.0,2442.0,17825.0,,,2.58,1.03,2.73,1.05,32520.0,32793.0,,3487.0,3711.0,7198.0,61.0,61.1,61.05,38.94,377.0,0,0,0,0,0,168.0,7198.0,61.05,4394.379,0.132053,0.136999,6.1992,47.619048,0.7749,1161.117564,,
2021-06-04,2021,6,4,169.16,137.35,17.38,14.43,7.51,3.08,1.57,4.72,5.51,3.54,159524.0,,,84.0,84.0,38.0,38.0,7.96,7.97,2196.0,17724.0,2276.0,17725.0,,,2.61,1.02,2.81,1.05,31981.0,34138.0,,3471.0,3666.0,7137.0,61.8,61.8,61.8,38.19,388.0,0,0,0,0,0,168.0,7137.0,61.8,4410.666,0.1239,0.128406,5.9472,47.619048,0.7434,1200.060533,,
2021-06-05,2021,6,5,115.45,53.65,41.93,19.87,,,,,,,,,,91.0,91.0,,,,,,,,,,,,,,,,,,3610.0,3802.0,7412.0,,,,,399.0,0,0,0,0,0,182.0,7412.0,,,,,,43.956044,,,,
2021-06-06,2021,6,6,0.0,0.0,0.0,0.0,,,,,,,,,,84.0,84.0,,,,,,,,,,,,,,,,,,3333.0,3512.0,6845.0,,,,,339.0,0,0,0,0,0,168.0,6845.0,,,,,,47.619048,,,,
2021-06-07,2021,6,0,316.73,165.75,128.45,22.53,8.1,3.19,2.03,4.89,4.58,2.98,140613.0,6428.0,3092.0,86.0,86.0,38.1,38.0,8.01,8.0,2515.0,17439.0,2439.0,17561.0,4738.0,4921.0,2.75,1.25,2.72,1.29,30280.0,32195.0,5948.0,3471.0,3649.0,7120.0,63.9,63.7,63.8,36.19,248.0,0,0,0,0,0,172.0,7120.0,63.8,4542.56,0.144217,0.138887,5.1256,46.511628,0.6407,1389.105666,585.234711,592.287528
2021-06-08,2021,6,1,299.53,159.65,125.69,14.19,7.98,,1.62,4.83,4.63,3.02,142844.0,,,88.0,88.0,38.1,38.0,8.02,8.02,2507.0,17620.0,2383.0,17624.0,,,2.69,1.17,2.75,1.21,29407.0,31428.0,,3823.0,3989.0,7812.0,64.7,64.5,64.6,35.39,315.0,0,0,0,0,0,176.0,7812.0,64.6,5046.552,0.142281,0.135213,5.3152,45.454545,0.6644,1469.74714,,
2021-06-09,2021,6,2,218.76,107.71,89.66,21.39,8.14,,1.86,5.07,4.6,2.76,167549.0,,,90.0,90.0,38.1,38.0,8.04,8.04,2582.0,17716.0,2491.0,17829.0,,,2.81,1.24,2.91,1.24,32509.0,36844.0,6175.0,3946.0,4161.0,8107.0,65.2,65.1,65.15,34.84,273.0,0,0,0,0,0,180.0,8107.0,65.15,5281.7105,0.145744,0.139716,4.968,44.444444,0.621,1631.8438,,
2021-06-10,2021,6,3,207.79,109.1,87.71,10.98,,,,,,,,,,92.0,92.0,,,,,,,,,,,,,,,,,,4135.0,4347.0,8482.0,,,,,196.0,0,0,0,0,0,184.0,8482.0,,,,,,43.478261,,,,
2021-06-11,2021,6,4,243.22,137.34,87.85,18.03,,,,,,,,,,94.0,94.0,,,,,,,,,,,,,,,,,,4276.0,4512.0,8788.0,,,,,242.0,0,0,0,0,0,188.0,8788.0,,,,,,42.553191,,,,
2021-06-12,2021,6,5,121.91,54.97,51.88,15.06,,,,,,,,,,94.0,94.0,,,,,,,,,,,,,,,,,,4434.0,4602.0,9036.0,,,,,243.0,0,0,0,0,0,188.0,9036.0,,,,,,42.553191,,,,
2021-06-13,2021,6,6,0.0,0.0,0.0,0.0,,,,,,,,,,96.0,96.0,,,,,,,,,,,,,,,,,,4317.0,4590.0,8907.0,,,,,291.0,0,0,0,0,0,192.0,8907.0,,,,,,41.666667,,,,
2021-06-14,2021,6,0,373.79,128.29,218.69,26.81,7.85,,2.34,5.14,5.13,3.18,152793.0,6872.0,3408.0,96.0,96.0,38.0,38.0,8.08,8.09,2438.0,17938.0,2611.0,18102.0,5249.0,5436.0,2.9,1.24,2.94,1.27,31164.0,33754.0,6352.0,4402.0,4623.0,9025.0,67.9,67.7,67.8,32.19,316.0,0,0,0,0,0,192.0,9025.0,67.8,6118.95,0.135913,0.144238,6.1056,41.666667,0.7632,1478.151205,741.497696,783.22401
2021-06-15,2021,6,1,317.07,187.55,113.54,15.98,8.1,,2.05,5.18,5.37,3.44,160135.0,,,96.0,96.0,38.0,38.0,8.07,8.08,2639.0,18027.0,2535.0,18272.0,,,2.86,1.21,2.92,1.21,32445.0,34169.0,,4464.0,4748.0,9212.0,67.3,67.3,67.3,32.69,321.0,0,0,0,0,0,192.0,9212.0,67.3,6199.676,0.146392,0.138737,6.6048,41.666667,0.8256,1394.743217,,
2021-06-16,2021,6,2,292.62,163.35,111.21,18.06,,,,,,,,,,98.0,98.0,,,,,,,,,,,,,,,,,,4822.0,5074.0,9896.0,,,,,360.0,0,0,0,0,0,196.0,9896.0,,,,,,40.816327,,,,
2021-06-17,2021,6,3,207.01,135.96,57.64,13.41,,,,,,,,,,98.0,98.0,,,,,,,,,,,,,,,,,,5147.0,5513.0,10660.0,,,,,395.0,0,0,0,0,0,196.0,10660.0,,,,,,40.816327,,,,
2021-06-18,2021,6,4,196.85,164.5,18.26,14.09,,,,,,,,,,100.0,100.0,,,,,,,,,,,,,,,,,,5486.0,5784.0,11270.0,,,,,332.0,0,0,0,0,0,200.0,11270.0,,,,,,40.0,,,,
2021-06-19,2021,6,5,214.89,105.8,88.82,20.27,,,,,,,,,,100.0,100.0,,,,,,,,,,,,,,,,,,5352.0,5705.0,11057.0,,,,,281.0,0,0,0,0,0,200.0,11057.0,,,,,,40.0,,,,
2021-06-20,2021,6,6,0.0,0.0,0.0,0.0,,,,,,,,,,100.0,100.0,,,,,,,,,,,,,,,,,,5228.0,5589.0,10817.0,,,,,349.0,0,0,0,0,0,200.0,10817.0,,,,,,40.0,,,,
2021-06-21,2021,6,0,378.61,218.94,134.98,24.69,,,,,,,,,,100.0,100.0,,,,,,,,,,,,,,,,,,5383.0,5659.0,11042.0,,,,,335.0,0,0,0,0,0,200.0,11042.0,,,,,,40.0,,,,
2021-06-22,2021,6,1,284.43,163.7,103.05,17.68,7.93,4.66,2.76,5.17,7.2,4.95,213489.0,8353.0,4170.0,100.0,100.0,38.1,38.0,8.12,8.13,2719.0,18260.0,3028.0,18441.0,4387.0,4642.0,2.89,1.23,3.16,1.47,36154.0,35500.0,6830.0,5156.0,5520.0,10676.0,62.0,61.8,61.9,38.09,282.0,0,0,0,0,0,200.0,10676.0,61.9,6608.444,0.148905,0.164199,9.9,40.0,1.2375,1078.383838,674.07585,723.296345
2021-06-23,2021,6,2,190.82,108.15,64.21,18.46,7.92,,1.64,5.09,6.86,5.03,184399.0,7035.0,,100.0,100.0,38.1,38.0,8.14,8.15,2649.0,18415.0,2834.0,18162.0,,,2.54,1.05,2.79,1.28,33312.0,35489.0,6585.0,5191.0,5483.0,10674.0,62.0,61.9,61.95,38.04,302.0,0,0,0,0,0,200.0,10674.0,61.95,6612.543,0.14385,0.15604,10.06,40.0,1.2575,1061.033797,,
2021-06-24,2021,6,3,238.55,135.31,89.07,14.17,8.02,,1.87,5.12,6.69,4.74,173429.0,,,100.0,100.0,38.1,38.0,8.15,8.15,2773.0,18158.0,2871.0,17953.0,,,2.61,1.08,2.87,1.21,32694.0,34242.0,,4980.0,5269.0,10249.0,62.1,62.0,62.05,37.94,271.0,0,0,0,0,0,200.0,10249.0,62.05,6359.5045,0.152715,0.159918,9.48,40.0,1.185,1081.118143,,
2021-06-25,2021,6,4,268.85,164.51,89.37,14.97,8.19,2.6,1.54,5.32,6.45,4.69,176869.0,6412.0,,98.0,98.0,38.1,38.0,8.16,8.16,2849.0,18372.0,2619.0,18235.0,,,2.67,1.22,2.54,1.01,35845.0,35422.0,6224.0,4653.0,5013.0,9666.0,62.1,61.9,62.0,37.99,333.0,0,0,0,0,0,196.0,9666.0,62.0,5992.92,0.155073,0.143625,9.1924,40.816327,1.14905,1051.520822,,
2021-06-26,2021,6,5,69.15,48.57,0.0,20.58,,,,,,,,,,96.0,96.0,,,,,,,,,,,,,,,,,,4241.0,4464.0,8705.0,,,,,246.0,0,0,0,0,0,192.0,8705.0,,,,,,41.666667,,,,
2021-06-27,2021,6,6,45.79,0.0,45.79,0.0,,,,,,,,,,96.0,96.0,,,,,,,,,,,,,,,,,,4202.0,4423.0,8625.0,,,,,364.0,0,0,0,0,0,192.0,8625.0,,,,,,41.666667,,,,
2021-06-28,2021,6,0,391.14,273.36,93.08,24.7,8.1,3.12,1.68,5.16,5.62,3.67,167746.0,6538.0,3238.0,96.0,96.0,38.0,38.0,8.1,8.11,2684.0,18517.0,2731.0,18617.0,4592.0,4724.0,2.57,1.06,2.64,1.1,34605.0,33796.0,6472.0,4069.0,4328.0,8397.0,62.7,62.6,62.65,37.34,246.0,0,0,0,0,0,192.0,8397.0,62.65,5260.7205,0.144948,0.146694,7.0464,41.666667,0.8808,1191.672343,674.766229,707.908944
2021-06-29,2021,6,1,216.75,111.22,89.5,16.03,7.94,,1.79,5.27,5.84,3.89,170642.0,,,96.0,96.0,38.1,38.0,8.11,8.12,2792.0,18354.0,2699.0,18381.0,,,2.62,1.09,2.71,1.05,33640.0,34661.0,,3941.0,4095.0,8036.0,63.1,62.9,63.0,36.99,238.0,0,0,0,0,0,192.0,8036.0,63.0,5062.68,0.152119,0.146836,7.4688,41.666667,0.9336,1075.942588,,
2021-06-30,2021,6,2,293.16,163.85,110.4,18.91,8.06,,1.94,5.19,5.49,3.42,158408.0,,,96.0,96.0,38.1,38.0,8.14,8.16,2612.0,18295.0,2774.0,18154.0,,,2.63,1.05,2.74,1.12,32189.0,33275.0,,3822.0,4017.0,7839.0,63.5,63.3,63.4,36.59,306.0,0,0,0,0,0,192.0,7839.0,63.4,4969.926,0.142771,0.152804,6.5664,41.666667,0.8208,1193.804825,,
2021-07-01,2021,7,3,170.83,136.92,18.32,15.59,7.53,5.78,3.66,5.66,4.55,3.08,142085.0,,,98.0,98.0,38.1,,7.87,7.85,2819.0,18162.0,2634.0,18236.0,,,2.83,1.35,2.76,1.27,36130.0,34705.0,,3838.0,3967.0,7805.0,64.6,64.5,64.55,35.44,363.0,0,0,0,0,0,196.0,7805.0,64.55,5038.1275,0.155214,0.14444,6.0368,40.816327,0.7546,1292.903525,,
2021-07-02,2021,7,4,234.0,162.29,56.54,15.17,7.88,,1.74,5.46,5.27,3.36,150639.0,,,104.0,104.0,38.0,38.0,7.88,7.86,2533.0,18127.0,2762.0,17950.0,,,2.65,1.08,2.76,1.16,31269.0,34495.0,,4126.0,4317.0,8443.0,63.2,63.2,63.2,36.79,278.0,0,0,0,0,0,208.0,8443.0,63.2,5335.976,0.139736,0.153872,6.9888,38.461538,0.8736,1208.075778,,
2021-07-03,2021,7,5,190.85,80.61,89.01,21.23,,,,,,,,,,108.0,108.0,,,,,,,,,,,,,,,,,,4388.0,4587.0,8975.0,,,,,381.0,0,0,0,0,0,216.0,8975.0,,,,,,37.037037,,,,
2021-07-04,2021,7,6,67.63,0.0,67.63,0.0,,,,,,,,,,108.0,108.0,,,,,,,,,,,,,,,,,,4247.0,4398.0,8645.0,,,,,363.0,0,0,0,0,0,216.0,8645.0,,,,,,37.037037,,,,
2021-07-05,2021,7,0,405.01,218.69,159.13,27.19,7.54,,2.58,5.84,4.62,2.27,133911.0,7351.0,3443.0,108.0,108.0,38.0,38.0,7.96,8.0,2738.0,17965.0,2841.0,18152.0,6244.0,6002.0,2.9,1.23,2.95,1.18,37956.0,34765.0,6742.0,4035.0,4236.0,8271.0,64.5,64.4,64.45,35.54,347.0,0,0,0,0,0,216.0,8271.0,64.45,5330.6595,0.152407,0.156512,4.9032,37.037037,0.6129,1686.857562,692.733125,722.395803
2021-07-06,2021,7,1,312.82,218.51,79.22,15.09,7.87,,2.12,5.78,4.76,2.94,142715.0,,,108.0,108.0,38.0,38.0,7.95,8.01,2837.0,18142.0,2875.0,18036.0,,,2.85,1.18,2.91,1.15,35482.0,33854.0,,4186.0,4242.0,8428.0,63.9,63.8,63.85,36.14,374.0,0,0,0,0,0,216.0,8428.0,63.85,5381.278,0.156377,0.159403,6.3504,37.037037,0.7938,1327.160494,,
2021-07-07,2021,7,2,203.64,22.16,18.66,162.82,7.92,3.16,1.71,5.69,4.58,2.79,138355.0,,,109.0,110.0,38.0,38.0,7.97,8.0,2866.0,18352.0,2783.0,18169.0,,,2.84,1.17,2.89,1.12,36236.0,33614.0,,4245.0,4417.0,8662.0,64.0,63.9,63.95,36.04,386.0,0,0,0,0,0,219.0,8662.0,63.95,5539.349,0.156168,0.153173,6.1101,36.52968,0.763762,1417.652739,,
2021-07-08,2021,7,3,285.94,185.0,88.58,12.36,7.68,,1.89,5.74,4.27,2.55,145290.0,,,112.0,112.0,38.0,38.0,7.98,8.01,2792.0,18217.0,2650.0,18315.0,,,2.89,1.2,2.78,1.09,34338.0,35192.0,,4637.0,4820.0,9457.0,64.2,64.1,64.15,35.84,411.0,0,0,0,0,0,224.0,9457.0,64.15,6066.6655,0.153263,0.14469,5.712,35.714286,0.714,1655.637255,,
2021-07-09,2021,7,4,265.18,136.53,111.72,16.93,7.75,,1.82,5.77,4.84,2.98,140260.0,,,114.0,114.0,38.0,,8.0,8.02,2947.0,18055.0,2899.0,18046.0,,,2.91,1.19,2.92,1.16,33164.0,36965.0,,5304.0,5430.0,10734.0,63.6,63.5,63.55,36.44,437.0,0,0,0,0,0,228.0,10734.0,63.55,6821.457,0.163223,0.160645,6.7944,35.087719,0.8493,1579.830449,,
2021-07-10,2021,7,5,205.28,128.98,54.09,22.21,,,,,,,,,,101.0,105.0,,,,,,,,,,,,,,,,,,5599.0,5321.0,10920.0,,,,,402.0,0,0,0,0,0,206.0,10920.0,,,,,,38.834951,,,,
2021-07-11,2021,7,6,69.45,0.0,69.45,0.0,,,,,,,,,,116.0,116.0,,,,,,,,,,,,,,,,,,6077.0,5745.0,11822.0,,,,,394.0,0,0,0,0,0,232.0,11822.0,,,,,,34.482759,,,,
2021-07-12,2021,7,0,202.33,137.56,37.12,27.65,7.82,,1.95,5.81,5.15,3.18,156275.0,6818.0,3329.0,116.0,116.0,38.0,38.0,8.05,8.03,2849.0,18164.0,2933.0,18264.0,5849.0,5954.0,2.86,1.15,2.95,1.19,32068.0,33811.0,6351.0,6252.0,5677.0,11929.0,64.6,64.5,64.55,35.44,362.0,0,0,0,0,0,232.0,11929.0,64.55,7700.1695,0.156849,0.160589,7.3776,34.482759,0.9222,1616.921492,778.447196,761.317202
2021-07-13,2021,7,1,298.68,192.63,88.87,17.18,7.84,2.41,1.26,6.07,6.46,4.28,178226.0,,,116.0,116.0,38.0,38.0,7.99,8.01,3095.0,17940.0,3264.0,18052.0,,,3.05,1.26,3.02,1.22,34625.0,36344.0,,6392.0,5739.0,12131.0,65.1,65.3,65.2,34.79,341.0,0,0,0,0,0,232.0,12131.0,65.2,7909.412,0.17252,0.180811,9.9296,34.482759,1.2412,1221.700773,,
2021-07-14,2021,7,2,396.43,189.79,182.85,23.79,7.83,,2.08,6.33,5.78,4.14,174314.0,6428.0,,116.0,116.0,38.0,38.0,7.96,8.0,3427.0,17860.0,3195.0,18154.0,,,3.24,1.45,2.9,1.38,34050.0,34984.0,6149.0,6300.0,5502.0,11802.0,66.2,66.5,66.35,33.64,339.0,0,0,0,0,0,232.0,11802.0,66.35,7830.627,0.191881,0.175994,9.6048,34.482759,1.2006,1228.76062,,
2021-07-15,2021,7,3,251.49,159.97,76.04,15.48,7.79,,1.9,6.38,5.42,3.56,168829.0,,,116.0,116.0,38.0,38.0,7.95,7.99,3264.0,17956.0,3018.0,18384.0,,,3.09,1.35,2.9,1.29,33825.0,35160.0,,6304.0,5425.0,11729.0,66.1,66.3,66.2,33.79,343.0,0,0,0,0,0,232.0,11729.0,66.2,7764.598,0.181778,0.164164,8.2592,34.482759,1.0324,1420.113328,,
2021-07-16,2021,7,4,183.34,165.84,0.0,17.5,7.88,3.17,1.84,6.26,5.16,3.37,155394.0,,,116.0,116.0,,38.0,7.95,8.0,3188.0,18072.0,2959.0,18169.0,,,3.07,1.29,2.93,1.26,35281.0,33582.0,,6415.0,5489.0,11904.0,66.2,66.5,66.35,33.64,364.0,0,0,0,0,0,232.0,11904.0,66.35,7898.304,0.176405,0.16286,7.8184,34.482759,0.9773,1522.562161,,
2021-07-17,2021,7,5,342.97,161.46,158.06,23.45,,,,,,,,,,116.0,116.0,,,,,,,,,,,,,,,,,,6524.0,5666.0,12190.0,,,,,503.0,0,0,0,0,0,232.0,12190.0,,,,,,34.482759,,,,
2021-07-18,2021,7,6,44.95,0.0,44.95,0.0,,,,,,,,,,116.0,116.0,,,,,,,,,,,,,,,,,,6369.0,5452.0,11821.0,,,,,380.0,0,0,0,0,0,232.0,11821.0,,,,,,34.482759,,,,
2021-07-19,2021,7,0,290.66,219.68,41.74,29.24,7.97,,1.46,6.49,5.09,3.48,148872.0,6516.0,,116.0,116.0,38.0,38.0,8.04,8.08,3229.0,18260.0,3484.0,17829.0,5740.0,5835.0,2.92,1.34,3.17,1.48,32880.0,34492.0,6137.0,6080.0,5098.0,11178.0,66.5,66.3,66.4,33.59,362.0,0,0,0,0,0,232.0,11178.0,66.4,7422.192,0.176835,0.195412,8.0736,34.482759,1.0092,1384.512485,748.819469,824.278731
2021-07-20,2021,7,1,293.72,216.3,57.56,19.86,7.85,,1.43,6.37,4.9,2.97,143520.0,,,116.0,116.0,38.0,38.0,8.02,8.07,3520.0,18016.0,3610.0,17750.0,,,3.21,1.54,3.19,1.45,36720.0,35461.0,,5946.0,5119.0,11065.0,66.2,66.4,66.3,33.69,369.0,0,0,0,0,0,232.0,11065.0,66.3,7336.095,0.195382,0.20338,6.8904,34.482759,0.8613,1605.857425,,
2021-07-21,2021,7,2,270.77,185.72,61.27,23.78,7.76,3.14,1.69,6.41,5.12,3.36,156028.0,,,118.0,118.0,38.0,38.0,8.05,8.08,3350.0,18530.0,3472.0,18063.0,,,3.15,1.45,3.14,1.39,35162.0,35830.0,,6104.0,5383.0,11487.0,65.7,65.9,65.8,34.19,366.0,0,0,0,0,0,236.0,11487.0,65.8,7558.446,0.180788,0.192216,7.9296,33.898305,0.9912,1448.622881,,
2021-07-22,2021,7,3,272.11,190.72,64.38,17.01,7.63,,2.43,5.97,4.8,3.19,144920.0,,,118.0,118.0,38.0,38.0,8.07,8.1,3431.0,18420.0,3340.0,18211.0,,,3.16,1.51,3.06,1.46,34152.0,34708.0,,6159.0,5530.0,11689.0,66.3,66.6,66.45,33.54,394.0,0,0,0,0,0,236.0,11689.0,66.45,7767.3405,0.186265,0.183406,7.5284,33.898305,0.94105,1552.65395,,
2021-07-23,2021,7,4,343.36,189.61,134.84,18.91,7.79,,2.17,6.12,4.86,3.12,153861.0,,,116.0,116.0,38.0,38.0,8.07,8.1,3293.0,18696.0,3473.0,18305.0,,,3.18,1.46,3.11,1.42,32306.0,35279.0,,6229.0,5578.0,11807.0,66.2,66.7,66.45,33.54,464.0,0,0,0,0,0,232.0,11807.0,66.45,7845.7515,0.176134,0.18973,7.2384,34.482759,0.9048,1631.161583,,
2021-07-24,2021,7,5,291.44,164.21,102.46,24.77,,,,,,,,,,116.0,116.0,,,,,,,,,,,,,,,,,,6280.0,5689.0,11969.0,,,,,438.0,0,0,0,0,0,232.0,11969.0,,,,,,34.482759,,,,
2021-07-25,2021,7,6,24.14,24.14,0.0,0.0,,,,,,,,,,114.0,113.0,,,,,,,,,,,,,,,,,,6338.0,5680.0,12018.0,,,,,464.0,0,0,0,0,0,227.0,12018.0,,,,,,35.242291,,,,
2021-07-26,2021,7,0,279.65,211.47,37.73,30.45,7.69,,1.7,5.69,5.21,3.26,192433.0,6638.0,,111.0,112.0,38.0,38.0,8.11,8.14,3140.0,18305.0,3072.0,18139.0,5543.0,5727.0,2.87,1.13,2.74,0.99,37070.0,36384.0,6299.0,6384.0,5777.0,12161.0,66.1,66.3,66.2,33.79,439.0,0,0,0,0,0,223.0,12161.0,66.2,8050.582,0.171538,0.169359,7.2698,35.874439,0.908725,1672.810806,830.639136,909.839813
2021-07-27,2021,7,1,327.23,218.11,91.45,17.67,7.74,3.27,1.84,5.83,5.46,3.48,169540.0,,,108.0,110.0,38.0,38.0,8.1,8.12,3361.0,18472.0,3165.0,18205.0,,,3.05,1.28,2.95,1.14,37643.0,37120.0,,6538.0,5937.0,12475.0,65.9,66.1,66.0,33.99,379.0,0,0,0,0,0,218.0,12475.0,66.0,8233.5,0.181951,0.173853,7.5864,36.697248,0.9483,1644.389961,,
2021-07-28,2021,7,2,369.44,209.63,133.48,26.33,7.98,,2.13,5.76,5.68,3.56,173852.0,,,112.0,112.0,38.0,38.0,8.12,8.15,3472.0,18275.0,3328.0,18192.0,,,3.14,1.48,3.08,1.26,,36731.0,,6866.0,6213.0,13079.0,65.1,65.2,65.15,34.84,429.0,0,0,0,0,0,224.0,13079.0,65.15,8520.9685,0.189986,0.182938,7.9744,35.714286,0.9968,1640.123395,,
2021-07-29,2021,7,3,342.49,241.33,84.5,16.66,,,,,,,,,,112.0,112.0,,,,,,,,,,,,,,,,,,6956.0,6239.0,13195.0,,,,,441.0,0,0,0,0,0,224.0,13195.0,,,,,,35.714286,,,,
2021-07-30,2021,7,4,320.8,218.34,84.22,18.24,,,,,,,,,,112.0,112.0,,,,,,,,,,,,,,,,,,7144.0,6450.0,13594.0,,,,,481.0,0,0,0,0,0,224.0,13594.0,,,,,,35.714286,,,,
2021-07-31,2021,7,5,251.45,135.51,89.49,26.45,,,,,,,,,,112.0,112.0,,,,,,,,,,,,,,,,,,7157.0,6448.0,13605.0,,,,,430.0,0,0,0,0,0,224.0,13605.0,,,,,,35.714286,,,,
2021-08-01,2021,8,6,74.96,28.57,46.39,0.0,,,,,,,,,,112.0,112.0,,,,,,,,,,,,,,,,,,7256.0,6586.0,13842.0,,,,,442.0,0,0,0,0,0,224.0,13842.0,,,,,,35.714286,,,,
2021-08-02,2021,8,0,339.07,220.32,90.09,28.66,7.87,,1.17,4.59,7.44,5.52,182973.0,6438.0,3129.0,110.0,110.0,38.0,38.0,7.98,8.02,3266.0,17890.0,3425.0,18163.0,5739.0,5862.0,2.91,1.15,2.85,1.18,36059.0,35742.0,6147.0,7130.0,6398.0,13528.0,61.1,61.2,61.15,38.84,399.0,0,0,0,0,0,220.0,13528.0,61.15,8272.372,0.18256,0.18857,12.144,36.363636,1.518,1113.965744,663.245696,734.629774
2021-08-03,2021,8,1,272.27,178.46,76.86,16.95,7.78,,1.65,4.75,6.85,5.1,169720.0,,,108.0,108.0,38.0,38.0,8.0,8.04,3196.0,17724.0,3361.0,17905.0,,,2.98,1.21,2.91,1.15,37295.0,36280.0,,6850.0,6086.0,12936.0,61.6,61.8,61.7,38.29,429.0,0,0,0,0,0,216.0,12936.0,61.7,7981.512,0.18032,0.187713,11.016,37.037037,1.377,1174.291939,,
2021-08-04,2021,8,2,335.02,216.44,92.33,26.25,7.85,3.16,1.68,4.84,6.58,4.81,175205.0,,,108.0,108.0,38.0,38.8,8.02,8.05,3042.0,17938.0,3220.0,18097.0,,,2.96,1.16,2.98,1.21,35830.0,36493.0,,6828.0,6063.0,12891.0,61.5,61.6,61.55,38.44,466.0,0,0,0,0,0,216.0,12891.0,61.55,7934.4105,0.169584,0.17793,10.3896,37.037037,1.2987,1240.759991,,
2021-08-05,2021,8,3,322.92,216.45,89.31,17.16,7.99,,1.92,4.33,7.5,5.84,193605.0,,,108.0,108.0,38.0,38.8,8.03,8.07,3276.0,17769.0,3452.0,17872.0,,,3.05,1.29,2.86,1.24,37443.0,35196.0,,6866.0,6050.0,12916.0,61.1,61.2,61.15,38.84,404.0,0,0,0,0,0,216.0,12916.0,61.15,7898.134,0.184366,0.193151,12.6144,37.037037,1.5768,1023.909183,,
2021-08-06,2021,8,4,341.82,235.4,87.75,18.67,7.99,,1.35,4.32,7.28,5.43,156748.0,5299.0,,108.0,108.0,38.0,38.8,8.06,8.1,3394.0,17625.0,3134.0,17699.0,,,2.8,1.07,2.73,1.05,41480.0,39745.0,,6923.0,6185.0,13108.0,60.7,60.9,60.8,39.19,409.0,0,0,0,0,0,216.0,13108.0,60.8,7969.664,0.192567,0.177072,11.7288,37.037037,1.4661,1117.590887,,
2021-08-07,2021,8,5,160.44,78.1,56.42,25.92,,,,,,,,,,108.0,108.0,,,,,,,,,,,,,,,,,,7009.0,6274.0,13283.0,,,,,416.0,0,0,0,0,0,216.0,13283.0,,,,,,37.037037,,,,
2021-08-08,2021,8,6,25.04,25.04,0.0,0.0,,,,,,,,,,108.0,108.0,,,,,,,,,,,,,,,,,,6964.0,6111.0,13075.0,,,,,459.0,0,0,0,0,0,216.0,13075.0,,,,,,37.037037,,,,
2021-08-09,2021,8,0,279.4,212.98,38.42,28.0,7.89,,1.56,4.34,7.33,5.56,187167.0,6588.0,2724.0,108.0,108.0,38.0,38.8,8.01,8.05,3475.0,17389.0,3192.0,17627.0,5334.0,5754.0,3.01,1.26,2.85,1.0,37196.0,36484.0,6330.0,6969.0,6097.0,13066.0,60.8,60.9,60.85,39.14,406.0,0,0,0,0,0,216.0,13066.0,60.85,7950.661,0.199839,0.181086,12.0096,37.037037,1.5012,1087.962963,655.113248,800.856799
2021-08-10,2021,8,1,292.92,185.56,89.49,17.87,7.92,3.12,1.98,4.41,7.41,5.48,176442.0,,,108.0,108.0,38.0,38.8,8.02,8.05,3232.0,17461.0,3416.0,17814.0,,,3.06,1.22,2.96,1.17,36609.0,37168.0,,6927.0,6123.0,13050.0,60.9,61.1,61.0,38.99,363.0,0,0,0,0,0,216.0,13050.0,61.0,7960.5,0.185098,0.191759,11.8368,37.037037,1.4796,1102.493917,,
2021-08-11,2021,8,2,374.51,215.93,134.36,24.22,7.88,,1.37,4.35,7.38,5.49,194811.0,6423.0,,108.0,108.0,38.0,38.8,8.04,8.06,3048.0,17829.0,3218.0,18044.0,,,2.84,1.03,2.87,1.09,33947.0,33908.0,6086.0,6840.0,6189.0,13029.0,61.0,61.3,61.15,38.84,431.0,0,0,0,0,0,216.0,13029.0,61.15,7967.2335,0.170957,0.178342,11.8584,37.037037,1.4823,1098.714835,,
2021-08-12,2021,8,3,277.8,176.96,83.41,17.43,7.82,,1.52,4.43,7.24,5.32,188295.0,,,108.0,108.0,38.0,38.8,8.04,8.05,2937.0,18039.0,3155.0,17815.0,,,2.91,1.13,2.94,1.15,34192.0,35229.0,,6924.0,6112.0,13036.0,61.2,61.5,61.35,38.64,485.0,0,0,0,0,0,216.0,13036.0,61.35,7997.586,0.162814,0.177098,11.4912,37.037037,1.4364,1134.433305,,
2021-08-13,2021,8,4,240.57,183.75,38.64,18.18,7.75,2.84,1.62,4.39,7.17,5.28,185435.0,,,108.0,108.0,38.0,38.8,8.03,8.05,3128.0,18264.0,3091.0,17950.0,,,2.95,1.08,2.89,1.04,35628.0,34463.0,,6927.0,6201.0,13128.0,61.1,61.3,61.2,38.79,444.0,0,0,0,0,0,216.0,13128.0,61.2,8034.336,0.171266,0.172201,11.4048,37.037037,1.4256,1151.094276,,
2021-08-14,2021,8,5,243.27,128.5,90.09,24.68,,,,,,,,,,108.0,108.0,,,,,,,,,,,,,,,,,,6890.0,6056.0,12946.0,,,,,427.0,0,0,0,0,0,216.0,12946.0,,,,,,37.037037,,,,
2021-08-15,2021,8,6,24.86,24.86,0.0,0.0,,,,,,,,,,108.0,108.0,,,,,,,,,,,,,,,,,,6646.0,5825.0,12471.0,,,,,379.0,0,0,0,0,0,216.0,12471.0,,,,,,37.037037,,,,
2021-08-16,2021,8,0,354.62,217.61,110.82,26.19,,,,,,,,,,108.0,108.0,,,,,,,,,,,,,,,,,,6710.0,5804.0,12514.0,,,,,443.0,0,0,0,0,0,216.0,12514.0,,,,,,37.037037,,,,
2021-08-17,2021,8,1,331.08,211.73,102.99,16.36,7.85,,1.09,4.42,6.41,4.6,169939.0,6143.0,2566.0,108.0,108.0,38.0,38.8,8.0,8.04,2837.0,18069.0,2946.0,18169.0,5415.0,5571.0,2.73,1.15,2.61,1.01,35627.0,30101.0,6135.0,6772.0,5794.0,12566.0,61.6,61.8,61.7,38.29,477.0,0,0,0,0,0,216.0,12566.0,61.7,7753.222,0.157009,0.162144,9.936,37.037037,1.242,1264.694042,651.744964,760.144709
2021-08-18,2021,8,2,227.59,184.07,18.96,24.56,7.92,,1.54,4.39,6.27,4.49,162367.0,,,108.0,108.0,38.0,38.8,8.01,8.05,2792.0,17835.0,2896.0,18032.0,,,2.78,1.14,2.71,1.05,34492.0,33524.0,,6719.0,5809.0,12528.0,62.1,62.0,62.05,37.94,399.0,0,0,0,0,0,216.0,12528.0,62.05,7773.624,0.156546,0.160603,9.6984,37.037037,1.2123,1291.759465,,
2021-08-19,2021,8,3,265.87,161.08,88.84,15.95,7.76,2.83,1.59,4.35,6.15,4.39,152840.0,,,108.0,108.0,38.1,38.8,8.0,8.03,2893.0,18160.0,2735.0,17806.0,,,2.82,1.17,2.75,1.12,36019.0,32734.0,,6754.0,5685.0,12439.0,62.3,62.3,62.3,37.69,377.0,0,0,0,0,0,216.0,12439.0,62.3,7749.497,0.159306,0.1536,9.4824,37.037037,1.1853,1311.798701,,
2021-08-20,2021,8,4,267.92,163.96,88.92,15.04,7.85,,1.42,4.51,5.94,4.21,162552.0,,,108.0,108.0,38.1,38.8,8.02,8.04,2753.0,17869.0,2815.0,18042.0,,,2.73,1.12,2.65,1.05,32142.0,31493.0,,6763.0,5632.0,12395.0,62.6,62.7,62.65,37.34,460.0,0,0,0,0,0,216.0,12395.0,62.65,7765.4675,0.154066,0.156025,9.0936,37.037037,1.1367,1363.046538,,
2021-08-21,2021,8,5,214.93,135.81,56.56,22.56,,,,,,,,,,103.0,102.0,,,,,,,,,,,,,,,,,,6678.0,5344.0,12022.0,,,,,444.0,0,0,0,0,0,205.0,12022.0,,,,,,39.02439,,,,
2021-08-22,2021,8,6,72.68,27.45,45.23,0.0,,,,,,,,,,108.0,108.0,,,,,,,,,,,,,,,,,,6565.0,5443.0,12008.0,,,,,416.0,0,0,0,0,0,216.0,12008.0,,,,,,37.037037,,,,
2021-08-23,2021,8,0,304.61,195.06,84.33,25.22,7.88,,1.62,4.62,5.45,3.98,158027.0,5976.0,2638.0,104.0,104.0,39.0,39.4,8.0,8.01,2912.0,18044.0,3170.0,18202.0,5384.0,5613.0,2.78,1.21,2.84,1.36,35915.0,33613.0,6027.0,6474.0,5297.0,11771.0,63.7,63.9,63.8,36.19,376.0,0,0,0,0,0,208.0,11771.0,63.8,7509.898,0.161383,0.174157,8.2784,38.461538,1.0348,1421.893119,685.820692,745.994063
2021-08-24,2021,8,1,239.85,140.55,81.54,17.76,7.75,,1.49,4.56,5.62,4.09,149170.0,,,100.0,100.0,39.0,39.4,8.02,8.03,2728.0,17692.0,2912.0,18130.0,,,2.72,1.18,2.8,1.24,33750.0,32080.0,,6198.0,5082.0,11280.0,64.0,64.2,64.1,35.89,422.0,0,0,0,0,0,200.0,11280.0,64.1,7230.48,0.154194,0.160618,8.18,40.0,1.0225,1378.973105,,
2021-08-25,2021,8,2,266.9,111.74,132.92,22.24,7.82,2.93,1.51,4.49,5.49,4.01,156308.0,,,96.0,96.0,39.0,39.4,8.03,8.04,2762.0,17843.0,2885.0,18040.0,,,2.71,1.15,2.77,1.19,32407.0,33719.0,,5809.0,4744.0,10553.0,64.3,64.4,64.35,35.64,288.0,0,0,0,0,0,192.0,10553.0,64.35,6790.8555,0.154795,0.159922,7.6992,41.666667,0.9624,1370.661887,,
2021-08-26,2021,8,3,278.8,134.8,130.66,13.34,,,,,,,,,,96.0,96.0,,,,,,,,,,,,,,,,,,5349.0,4587.0,9936.0,,,,,361.0,0,0,0,0,0,192.0,9936.0,,,,,,41.666667,,,,
2021-08-27,2021,8,4,273.96,219.28,38.08,16.6,,,,,,,,,,96.0,96.0,,,,,,,,,,,,,,,,,,5116.0,4366.0,9482.0,,,,,356.0,0,0,0,0,0,192.0,9482.0,,,,,,41.666667,,,,
2021-08-28,2021,8,5,193.82,82.59,88.54,22.69,,,,,,,,,,96.0,96.0,,,,,,,,,,,,,,,,,,4780.0,4211.0,8991.0,,,,,320.0,0,0,0,0,0,192.0,8991.0,,,,,,41.666667,,,,
2021-08-29,2021,8,6,53.4,0.0,53.4,0.0,,,,,,,,,,96.0,96.0,,,,,,,,,,,,,,,,,,4535.0,3952.0,8487.0,,,,,358.0,0,0,0,0,0,192.0,8487.0,,,,,,41.666667,,,,
2021-08-30,2021,8,0,403.13,196.09,181.27,25.77,7.86,,1.18,5.46,4.57,2.97,140624.0,5215.0,3120.0,96.0,96.0,39.1,39.3,8.05,8.04,2683.0,18165.0,2754.0,18062.0,4813.0,5333.0,2.85,1.21,2.87,1.19,31291.0,29433.0,6062.0,4658.0,4024.0,8682.0,65.8,65.9,65.85,34.14,370.0,0,0,0,0,0,192.0,8682.0,65.85,5717.097,0.147702,0.152475,5.7024,41.666667,0.7128,1522.516835,681.127912,748.171488
2021-08-31,2021,8,1,220.01,165.5,38.28,16.23,7.78,2.52,1.45,5.29,4.72,3.14,145217.0,,,96.0,96.0,39.1,39.3,8.04,8.03,2576.0,18038.0,2683.0,17892.0,,,2.79,1.18,2.84,1.21,30685.0,29835.0,,4554.0,4004.0,8558.0,66.1,66.2,66.15,33.84,422.0,0,0,0,0,0,192.0,8558.0,66.15,5661.117,0.14281,0.149955,6.0288,41.666667,0.7536,1419.519639,,
2021-09-01,2021,9,2,192.71,135.49,35.46,21.76,7.82,2.49,1.38,5.34,4.87,3.22,139627.0,,,96.0,96.0,39.1,39.3,8.02,8.02,2635.0,18134.0,2717.0,17934.0,,,2.81,1.21,2.79,1.15,31054.0,30615.0,,4648.0,3966.0,8614.0,65.8,65.9,65.85,34.14,319.0,0,0,0,0,0,192.0,8614.0,65.85,5672.319,0.145307,0.1515,6.1824,41.666667,0.7728,1393.310041,,
2021-09-02,2021,9,3,291.64,188.93,89.88,12.83,7.9,,1.028,5.61,4.65,2.97,135970.0,5924.0,,96.0,96.0,39.1,39.3,8.03,8.05,2539.0,18084.0,2661.0,17845.0,,,2.87,1.13,2.76,1.12,32455.0,27729.0,5869.0,4480.0,3917.0,8397.0,65.7,65.9,65.8,34.19,389.0,0,0,0,0,0,192.0,8397.0,65.8,5525.226,0.1404,0.149117,5.7024,41.666667,0.7128,1472.537879,,
2021-09-03,2021,9,4,341.62,135.12,190.39,16.11,7.82,,1.38,5.52,4.73,3.02,140150.0,,,96.0,96.0,39.1,39.3,8.03,8.04,2576.0,18115.0,2435.0,17762.0,,,2.84,1.15,2.79,1.12,31462.0,28382.0,,4673.0,3984.0,8657.0,65.6,65.8,65.7,34.29,373.0,0,0,0,0,0,192.0,8657.0,65.7,5687.649,0.142203,0.13709,5.7984,41.666667,0.7248,1492.998068,,
2021-09-04,2021,9,5,235.48,109.19,103.09,23.2,,,,,,,,,,96.0,96.0,,,,,,,,,,,,,,,,,,4680.0,4103.0,8783.0,,,,,355.0,0,0,0,0,0,192.0,8783.0,,,,,,41.666667,,,,
2021-09-05,2021,9,6,73.96,73.96,0.0,0.0,,,,,,,,,,96.0,96.0,,,,,,,,,,,,,,,,,,4596.0,3959.0,8555.0,61.1,61.2,61.15,38.84,382.0,0,0,0,0,0,192.0,8555.0,61.15,5231.3825,,,,41.666667,,,,
2021-09-06,2021,9,0,257.5,193.9,37.26,26.34,7.64,,1.73,5.47,5.25,3.59,151639.0,5937.0,2982.0,96.0,96.0,39.1,39.2,8.03,8.05,2685.0,17769.0,2510.0,17850.0,4987.0,4974.0,2.8,1.14,2.79,1.18,30573.0,29370.0,5916.0,4881.0,4252.0,9133.0,65.4,65.6,65.5,34.49,346.0,0,0,0,0,0,192.0,9133.0,65.5,5982.115,0.151106,0.140616,6.8928,41.666667,0.8616,1325.005803,678.308433,707.816051
2021-09-07,2021,9,1,325.14,217.96,91.89,15.29,7.81,2.28,1.25,5.41,5.42,3.7,157092.0,,,96.0,96.0,39.1,39.2,8.02,8.04,2637.0,17942.0,2569.0,17820.0,,,2.79,1.12,2.74,1.14,29837.0,29590.0,,5203.0,4568.0,9771.0,65.2,65.4,65.3,34.69,390.0,0,0,0,0,0,192.0,9771.0,65.3,6380.463,0.146974,0.144164,7.104,41.666667,0.888,1375.422297,,
2021-09-08,2021,9,2,291.63,135.88,134.74,21.01,7.83,,1.82,5.04,6.47,4.64,168320.0,,,96.0,96.0,39.1,39.2,8.02,8.03,2789.0,17738.0,2658.0,17689.0,,,2.69,1.13,2.78,1.0,31048.0,30294.0,,5548.0,4774.0,10322.0,64.8,64.9,64.85,35.14,375.0,0,0,0,0,0,192.0,10322.0,64.85,6693.817,0.157233,0.150263,8.9088,41.666667,1.1136,1158.62967,,
2021-09-09,2021,9,3,334.32,190.0,131.18,13.14,7.76,,1.51,5.11,6.21,4.31,164937.0,,,96.0,96.0,39.1,39.2,8.03,8.04,2835.0,17645.0,2749.0,17731.0,,,2.71,1.14,2.73,1.12,30886.0,31248.0,,5831.0,5130.0,10961.0,64.5,64.6,64.55,35.44,383.0,0,0,0,0,0,192.0,10961.0,64.55,7075.3255,0.160669,0.155039,8.2752,41.666667,1.0344,1324.560131,,
2021-09-10,2021,9,4,242.59,188.87,38.96,14.76,7.84,2.51,1.36,5.29,6.62,4.54,166054.0,,,96.0,96.0,39.1,39.2,8.02,8.03,2893.0,17731.0,2751.0,17639.0,,,2.76,1.17,2.79,1.15,31642.0,31173.0,,6728.0,5781.0,12509.0,63.7,63.8,63.75,36.24,393.0,0,0,0,0,0,192.0,12509.0,63.75,7974.4875,0.163161,0.155961,8.7168,41.666667,1.0896,1435.044971,,
2021-09-11,2021,9,5,243.59,130.38,90.17,23.04,,,,,,,,,,96.0,96.0,,,,,,,,,,,,,,,,,,6774.0,5852.0,12626.0,,,,,387.0,0,0,0,0,0,192.0,12626.0,,,,,,41.666667,,,,
2021-09-12,2021,9,6,49.82,49.82,0.0,0.0,,,,,,,,,,96.0,96.0,,,,,,,,,,,,,,,,,,6682.0,5738.0,12420.0,,,,,338.0,0,0,0,0,0,192.0,12420.0,,,,,,41.666667,,,,
2021-09-13,2021,9,0,379.14,217.8,134.91,26.43,,,,,,,,,,96.0,96.0,,,,,,,,,,,,,,,,,,6602.0,5771.0,12373.0,,,,,389.0,0,0,0,0,0,192.0,12373.0,,,,,,41.666667,,,,
2021-09-14,2021,9,1,312.49,192.94,103.54,16.01,7.56,,1.4,4.18,7.66,5.79,254913.0,6613.0,2673.0,96.0,96.0,33.4,39.1,7.98,7.98,2814.0,17425.0,2937.0,17729.0,5116.0,5476.0,2.74,1.1,2.79,1.01,29112.0,33269.0,6105.0,6731.0,5739.0,12470.0,61.7,61.9,61.8,38.19,419.0,0,0,0,0,0,192.0,12470.0,61.8,7706.46,0.161492,0.165661,11.1168,41.666667,1.3896,1121.725676,450.237532,673.787818
2021-09-15,2021,9,2,251.54,163.17,66.16,22.21,7.76,,1.48,4.32,7.44,5.56,198027.0,,,96.0,96.0,39.0,39.1,7.97,7.97,2796.0,17459.0,2815.0,17520.0,,,2.81,1.14,2.84,1.1,31618.0,32090.0,,6671.0,5808.0,12479.0,61.2,61.4,61.3,38.69,371.0,0,0,0,0,0,192.0,12479.0,61.3,7649.627,0.160147,0.160674,10.6752,41.666667,1.3344,1168.971073,,
2021-09-16,2021,9,3,319.77,215.77,88.26,15.74,7.83,2.52,1.55,4.12,7.99,5.79,231049.0,,,96.0,96.0,39.0,39.1,7.97,7.97,2838.0,17279.0,2962.0,17402.0,,,2.81,1.05,2.78,1.16,31927.0,33142.0,,6695.0,5773.0,12468.0,60.8,60.9,60.85,39.14,362.0,0,0,0,0,0,192.0,12468.0,60.85,7586.778,0.164246,0.17021,11.1168,41.666667,1.3896,1121.545769,,
2021-09-17,2021,9,4,291.64,186.77,88.84,16.03,7.74,,1.28,4.25,7.65,5.59,210520.0,,,96.0,96.0,39.0,39.1,7.96,7.96,2912.0,17340.0,3125.0,17343.0,,,2.79,1.06,2.81,1.14,32271.0,32845.0,,6772.0,5875.0,12647.0,60.6,60.7,60.65,39.34,433.0,0,0,0,0,0,192.0,12647.0,60.65,7670.4055,0.167935,0.180188,10.7328,41.666667,1.3416,1178.350477,,
2021-09-18,2021,9,5,210.84,129.65,56.77,24.42,,,,,,,,,,96.0,96.0,,,,,,,,,,,,,,,,,,6715.0,5789.0,12504.0,,,,,383.0,0,0,0,0,0,192.0,12504.0,,,,,,41.666667,,,,
2021-09-19,2021,9,6,0.0,0.0,0.0,0.0,,,,,,,,,,96.0,96.0,,,,,,,,,,,,,,,,,,6787.0,5825.0,12612.0,,,,,375.0,0,0,0,0,0,192.0,12612.0,,,,,,41.666667,,,,
2021-09-20,2021,9,0,324.31,193.9,80.74,49.67,,,,,,,,,,96.0,96.0,,,,,,,,,,,,,,,,,,6676.0,5798.0,12474.0,,,,,451.0,0,0,0,0,0,192.0,12474.0,,,,,,41.666667,,,,
2021-09-21,2021,9,1,0.0,0.0,0.0,0.0,,,,,,,,,,96.0,96.0,,,,,,,,,,,,,,,,,,6586.0,5765.0,12351.0,,,,,384.0,0,0,0,0,0,192.0,12351.0,,,,,,41.666667,,,,
2021-09-22,2021,9,2,240.03,55.5,184.53,0.0,,,,,,,,,,96.0,96.0,,,,,,,,,,,,,,,,,,6571.0,5621.0,12192.0,,,,,446.0,0,0,0,0,0,192.0,12192.0,,,,,,41.666667,,,,
2021-09-23,2021,9,3,425.01,300.78,102.82,21.41,8.1,,1.0,4.13,7.35,5.4,202209.0,6408.0,2892.0,96.0,96.0,38.6,38.9,7.99,8.05,3272.0,17690.0,3508.0,17592.0,5324.0,5412.0,2.77,1.17,2.9,1.38,37006.0,32905.0,6251.0,6279.0,5264.0,11543.0,60.7,60.8,60.75,39.24,341.0,0,0,0,0,0,192.0,11543.0,60.75,7012.3725,0.184963,0.199409,10.368,41.666667,1.296,1113.329475,649.783396,757.453177
2021-09-24,2021,9,4,304.12,215.67,65.59,22.86,7.95,,1.26,4.21,7.49,5.51,213824.0,,,96.0,96.0,38.6,38.9,7.97,8.04,3326.0,17384.0,3442.0,17317.0,,,2.81,1.19,2.92,1.29,36144.0,34723.0,,6187.0,5342.0,11529.0,60.2,60.4,60.3,39.69,455.0,0,0,0,0,0,192.0,11529.0,60.3,6951.987,0.191325,0.198764,10.5792,41.666667,1.3224,1089.779946,,
2021-09-25,2021,9,5,370.9,211.17,132.97,26.76,,,,,,,,,,96.0,96.0,,,,,,,,,,,,,,,,,,6329.0,5375.0,11704.0,,,,,450.0,0,0,0,0,0,192.0,11704.0,,,,,,41.666667,,,,
2021-09-26,2021,9,6,25.22,25.22,0.0,0.0,,,,,,,,,,96.0,96.0,,,,,,,,,,,,,,,,,,6282.0,5452.0,11734.0,,,,,431.0,0,0,0,0,0,192.0,11734.0,,,,,,41.666667,,,,
2021-09-27,2021,9,0,367.99,246.27,93.35,28.37,7.57,2.82,1.65,4.06,7.72,5.88,180051.0,6526.0,3061.0,96.0,96.0,38.6,38.6,7.97,8.01,3158.0,17416.0,3495.0,17264.0,4937.0,5172.0,2.79,1.16,2.72,1.2,33957.0,29340.0,6068.0,6579.0,5674.0,12253.0,60.5,60.6,60.55,39.44,433.0,0,0,0,0,0,192.0,12253.0,60.55,7419.1915,0.181328,0.202444,11.2896,41.666667,1.4112,1085.335176,578.609917,657.200974
2021-09-28,2021,9,1,285.61,192.19,77.44,15.98,7.83,,1.42,4.12,7.48,5.59,186297.0,,,96.0,96.0,38.6,38.6,7.98,8.0,3291.0,17825.0,3408.0,17442.0,,,2.76,1.17,2.81,1.23,33285.0,32469.0,,6649.0,5730.0,12379.0,60.7,60.8,60.75,39.24,378.0,0,0,0,0,0,192.0,12379.0,60.75,7520.2425,0.184628,0.19539,10.7328,41.666667,1.3416,1153.380292,,
2021-09-29,2021,9,2,159.99,138.29,0.0,21.7,7.79,,1.31,4.16,7.29,5.4,173804.0,,,96.0,96.0,38.6,38.6,7.97,7.99,3425.0,17619.0,3172.0,17382.0,,,2.8,1.19,2.84,1.26,32691.0,31058.0,,6743.0,5773.0,12516.0,60.6,60.7,60.65,39.34,398.0,0,0,0,0,0,192.0,12516.0,60.65,7590.954,0.194392,0.182488,10.368,41.666667,1.296,1207.175926,,
2021-09-30,2021,9,3,316.43,212.4,88.92,15.11,7.86,2.94,1.72,4.23,7.08,5.25,176135.0,,,96.0,96.0,38.6,38.6,7.98,8.0,3192.0,17662.0,3043.0,17275.0,,,2.74,1.15,2.82,1.2,31725.0,32449.0,,6638.0,5698.0,12336.0,61.0,61.2,61.1,38.89,468.0,0,0,0,0,0,192.0,12336.0,61.1,7537.296,0.180727,0.176151,10.08,41.666667,1.26,1223.809524,,
2021-10-01,2021,10,4,359.54,161.56,181.66,16.32,,,,,,,,,,96.0,96.0,,,,,,,,,,,,,,,,,,6673.0,5669.0,12342.0,,,,,376.0,0,0,0,0,0,192.0,12342.0,,,,,,41.666667,,,,
2021-10-02,2021,10,5,160.9,83.61,54.68,22.61,,,,,,,,,,96.0,96.0,,,,,,,,,,,,,,,,,,6595.0,5537.0,12132.0,,,,,437.0,0,0,0,0,0,192.0,12132.0,,,,,,41.666667,,,,
2021-10-03,2021,10,6,0.0,0.0,0.0,0.0,,,,,,,,,,96.0,96.0,,,,,,,,,,,,,,,,,,6474.0,5384.0,11858.0,,,,,403.0,0,0,0,0,0,192.0,11858.0,,,,,,41.666667,,,,
2021-10-04,2021,10,0,398.35,240.97,132.42,24.96,7.56,2.39,1.48,4.39,6.78,4.86,16705.0,6160.0,2773.0,96.0,96.0,38.3,38.3,7.99,7.99,3069.0,17825.0,3375.0,17549.0,5238.0,5384.0,2.82,1.15,2.81,1.2,32409.0,33262.0,6134.0,6374.0,5520.0,11894.0,61.4,61.6,61.5,38.49,318.0,0,0,0,0,0,192.0,11894.0,61.5,7314.81,0.172174,0.192319,9.3312,41.666667,1.1664,1274.648491,628.466229,645.983615
2021-10-05,2021,10,1,270.65,164.57,91.32,14.76,7.7,,2.2,4.46,6.75,4.84,180852.0,,,96.0,96.0,38.3,38.3,7.97,7.99,3162.0,17739.0,3279.0,17608.0,,,2.89,1.04,2.81,1.11,38486.0,37702.0,,6211.0,5548.0,11759.0,61.3,61.5,61.4,38.59,377.0,0,0,0,0,0,192.0,11759.0,61.4,7220.026,0.178251,0.186222,9.2928,41.666667,1.1616,1265.388258,,
2021-10-06,2021,10,2,305.03,193.98,88.7,22.35,7.81,,1.69,4.35,6.91,4.98,184437.0,,,100.0,100.0,38.3,38.3,7.98,8.0,3042.0,17651.0,3371.0,17843.0,,,2.87,1.05,2.84,1.15,36745.0,37193.0,,6381.0,5685.0,12066.0,61.0,61.1,61.05,38.94,397.0,0,0,0,0,0,200.0,12066.0,61.05,7366.293,0.172342,0.188926,9.96,40.0,1.245,1211.445783,,
2021-10-07,2021,10,3,253.24,162.57,76.49,14.18,7.64,2.58,1.57,4.5,6.68,4.86,209007.0,,,100.0,100.0,38.3,38.3,8.0,8.01,3419.0,17762.0,3025.0,17775.0,,,2.94,1.25,2.89,1.01,37951.0,38253.0,,6444.0,5770.0,12214.0,61.7,61.9,61.8,38.19,399.0,0,0,0,0,0,200.0,12214.0,61.8,7548.252,0.19249,0.170183,9.72,40.0,1.215,1256.584362,,
2021-10-08,2021,10,4,179.98,164.99,0.0,14.99,7.79,,1.61,4.45,6.77,4.92,192515.0,,,100.0,100.0,38.3,38.3,8.01,8.0,3258.0,17549.0,3127.0,17643.0,,,2.91,1.16,2.87,1.13,37421.0,36959.0,,6549.0,5771.0,12320.0,61.2,61.3,61.25,38.74,418.0,0,0,0,0,0,200.0,12320.0,61.25,7546.0,0.185652,0.177237,9.84,40.0,1.23,1252.03252,,
2021-10-09,2021,10,5,246.33,134.2,89.04,23.09,,,,,,,,,,100.0,100.0,,,,,,,,,,,,,,,,,,6508.0,5795.0,12303.0,,,,,384.0,0,0,0,0,0,200.0,12303.0,,,,,,40.0,,,,
2021-10-10,2021,10,6,49.08,49.08,0.0,0.0,,,,,,,,,,100.0,100.0,,,,,,,,,,,,,,,,,,6378.0,5727.0,12105.0,,,,,403.0,0,0,0,0,0,200.0,12105.0,,,,,,40.0,,,,
2021-10-11,2021,10,0,354.23,192.04,136.4,25.79,,,,,,,,,,100.0,100.0,,,,,,,,,,,,,,,,,,6457.0,5660.0,12117.0,,,,,452.0,0,0,0,0,0,200.0,12117.0,,,,,,40.0,,,,
2021-10-12,2021,10,1,282.57,165.11,103.49,13.97,7.88,,0.91,4.66,5.91,4.08,189725.0,6021.0,2603.0,100.0,100.0,38.3,38.3,7.99,8.05,3612.0,17244.0,3118.0,17729.0,5216.0,5143.0,2.85,1.35,,1.18,37965.0,29609.0,5974.0,6427.0,5525.0,11952.0,62.1,62.1,62.1,37.89,448.0,0,0,0,0,0,200.0,11952.0,62.1,7422.192,0.209464,0.17587,8.16,40.0,1.02,1464.705882,625.826623,696.114793
2021-10-13,2021,10,2,277.29,190.63,65.45,21.21,7.75,1.81,1.0,4.66,5.84,4.0,167489.0,,,101.0,104.0,38.3,38.3,8.0,8.06,3351.0,17421.0,2967.0,17644.0,,,2.86,1.16,2.68,1.09,34817.0,31318.0,,6424.0,5586.0,12010.0,62.3,62.5,62.4,37.59,430.0,0,0,0,0,0,205.0,12010.0,62.4,7494.24,0.192354,0.168159,8.2,39.02439,1.025,1464.634146,,
2021-10-14,2021,10,3,292.36,189.16,89.16,14.04,7.75,,1.64,4.68,5.56,3.98,176337.0,,,102.0,108.0,38.3,38.2,7.99,8.05,3409.0,17562.0,3062.0,17725.0,,,2.9,1.25,2.86,1.09,34473.0,32710.0,,6443.0,5689.0,12132.0,62.7,62.9,62.8,37.19,442.0,0,0,0,0,0,210.0,12132.0,62.8,7618.896,0.194112,0.17275,8.358,38.095238,1.04475,1451.543431,,
2021-10-15,2021,10,4,341.29,190.58,135.02,15.69,7.86,,1.82,4.51,6.12,4.25,180482.0,,,102.0,108.0,38.3,38.2,7.98,8.04,3544.0,17405.0,3170.0,17502.0,,,3.06,1.28,2.96,1.14,35212.0,32165.0,,6463.0,5666.0,12129.0,62.8,62.8,62.8,37.19,471.0,0,0,0,0,0,210.0,12129.0,62.8,7617.012,0.20362,0.181122,8.925,38.095238,1.115625,1358.991597,,
2021-10-16,2021,10,5,259.82,133.92,104.13,21.77,,,,,,,,,,104.0,108.0,,,,,,,,,,,,,,,,,,6434.0,5629.0,12063.0,,,,,495.0,0,0,0,0,0,212.0,12063.0,,,,,,37.735849,,,,
2021-10-17,2021,10,6,49.88,49.88,0.0,0.0,,,,,,,,,,104.0,108.0,,,,,,,,,,,,,,,,,,6410.0,5736.0,12146.0,,,,,447.0,0,0,0,0,0,212.0,12146.0,,,,,,37.735849,,,,
2021-10-18,2021,10,0,255.72,193.31,38.56,23.85,7.53,,1.66,4.6,5.92,4.3,181862.0,6340.0,2484.0,106.0,108.0,38.0,37.9,7.97,8.03,3319.0,17238.0,2964.0,17410.0,5038.0,4937.0,2.86,1.26,2.6,1.09,37848.0,39495.0,6009.0,6592.0,5964.0,12556.0,62.4,62.5,62.45,37.54,496.0,0,0,0,0,0,214.0,12556.0,62.45,7841.222,0.19254,0.170247,9.202,37.383178,1.15025,1364.485981,570.479919,627.709834
2021-10-19,2021,10,1,321.23,218.43,91.58,11.22,7.58,3.42,1.83,4.57,5.79,4.03,175198.0,,,106.0,108.0,38.0,37.9,7.97,8.02,3508.0,17162.0,3241.0,17269.0,,,3.03,1.22,3.19,1.18,43032.0,40239.0,,6943.0,6093.0,13036.0,62.1,62.2,62.15,37.84,393.0,0,0,0,0,0,214.0,13036.0,62.15,8101.874,0.204405,0.187677,8.6242,37.383178,1.078025,1511.560493,,
2021-10-20,2021,10,2,345.73,187.25,136.06,22.42,7.82,,1.58,4.51,6.27,4.51,181947.0,6319.0,3003.0,108.0,108.0,38.0,37.9,7.97,8.01,3421.0,17075.0,3184.0,17342.0,4727.0,4718.0,2.84,1.16,2.55,1.11,36316.0,29873.0,6033.0,7124.0,6038.0,13162.0,62.0,62.0,62.0,37.99,463.0,0,0,0,0,0,216.0,13162.0,62.0,8160.44,0.200351,0.183601,9.7416,37.037037,1.2177,1351.112754,535.263711,576.163969
2021-10-21,2021,10,3,302.45,186.8,102.31,13.34,7.56,,1.48,4.46,6.22,4.47,177683.0,,,108.0,108.0,37.9,38.0,7.96,8.0,3462.0,16834.0,3295.0,17238.0,,,2.72,1.15,2.83,1.17,34838.0,31788.0,,7213.0,6136.0,13349.0,62.0,61.9,61.95,38.04,450.0,0,0,0,0,0,216.0,13349.0,61.95,8269.7055,0.205655,0.191147,9.6552,37.037037,1.2069,1382.57105,,
2021-10-22,2021,10,4,194.89,161.39,19.26,14.24,7.76,2.62,1.53,4.58,6.28,4.52,180275.0,,,110.0,110.0,38.0,38.0,7.97,8.0,3640.0,16972.0,3338.0,17482.0,,,2.81,1.18,2.75,1.13,35419.0,32621.0,,7230.0,6144.0,13374.0,61.6,61.7,61.65,38.34,486.0,0,0,0,0,0,220.0,13374.0,61.65,8245.071,0.214471,0.190939,9.944,36.363636,1.243,1344.931617,,
2021-10-23,2021,10,5,271.75,159.22,91.18,21.35,,,,,,,,,,110.0,110.0,,,,,,,,,,,,,,,,,,7173.0,6139.0,13312.0,,,,,481.0,0,0,0,0,0,220.0,13312.0,,,,,,36.363636,,,,
2021-10-24,2021,10,6,24.05,24.05,0.0,0.0,,,,,,,,,,110.0,110.0,,,,,,,,,,,,,,,,,,7313.0,6202.0,13515.0,,,,,428.0,0,0,0,0,0,220.0,13515.0,,,,,,36.363636,,,,
2021-10-25,2021,10,0,353.09,192.82,135.1,25.17,7.61,3.9,2.41,4.31,6.71,4.87,199734.0,6225.0,2849.0,110.0,110.0,38.0,38.0,8.03,8.06,3461.0,17205.0,3551.0,17861.0,4836.0,4738.0,3.02,1.15,2.97,1.28,34219.0,32026.0,6134.0,7531.0,6267.0,13798.0,61.1,61.3,61.2,38.79,442.0,0,0,0,0,0,220.0,13798.0,61.2,8444.376,0.201162,0.198813,10.714,36.363636,1.33925,1287.847676,618.362443,643.277452
2021-10-26,2021,10,1,324.57,190.24,123.51,10.82,7.75,,1.88,4.38,6.65,4.74,189305.0,,,110.0,110.0,38.0,38.0,8.02,8.05,3729.0,17042.0,3508.0,17483.0,,,3.06,1.18,3.0,1.24,36241.0,33410.0,,7549.0,6412.0,13961.0,61.2,61.3,61.25,38.74,479.0,0,0,0,0,0,220.0,13961.0,61.25,8551.1125,0.218812,0.200652,10.428,36.363636,1.3035,1338.799386,,
2021-10-27,2021,10,2,182.96,160.43,0.0,22.53,7.45,,2.13,4.33,6.6,4.79,194823.0,,,130.0,110.0,38.0,38.0,7.99,7.98,3925.0,16860.0,3740.0,17118.0,,,3.0,1.24,3.07,1.29,41338.0,47081.0,,7608.0,6546.0,14154.0,60.3,60.5,60.4,39.59,425.0,0,0,0,0,0,240.0,14154.0,60.4,8549.016,0.2328,0.218483,11.496,33.333333,1.437,1231.210856,,
2021-10-28,2021,10,3,290.48,186.95,88.99,14.54,7.24,3.84,2.05,4.27,6.7,5.02,183913.0,,,110.0,110.0,38.0,38.0,7.98,7.97,3749.0,17135.0,3561.0,17097.0,,,2.81,1.05,2.72,0.92,38266.0,40207.0,,7610.0,6506.0,14116.0,60.7,60.9,60.8,39.19,452.0,0,0,0,0,0,220.0,14116.0,60.8,8582.528,0.218792,0.208282,11.044,36.363636,1.3805,1278.160087,,
2021-10-29,2021,10,4,292.33,188.44,89.18,14.71,7.54,,1.98,4.41,6.58,4.77,179617.0,,,110.0,110.0,38.0,38.0,7.97,7.96,3646.0,17082.0,3372.0,17269.0,,,2.91,1.12,2.81,1.05,37395.0,39617.0,,7514.0,6495.0,14009.0,61.1,61.2,61.15,38.84,521.0,0,0,0,0,0,220.0,14009.0,61.15,8566.5035,0.213441,0.195263,10.494,36.363636,1.31175,1334.953307,,
2021-10-30,2021,10,5,187.53,108.12,57.79,21.62,,,,,,,,,,110.0,110.0,,,,,,,,,,,,,,,,,,7442.0,6478.0,13920.0,,,,,429.0,0,0,0,0,0,220.0,13920.0,,,,,,36.363636,,,,
2021-10-31,2021,10,6,24.96,24.96,0.0,0.0,,,,,,,,,,110.0,110.0,,,,,,,,,,,,,,,,,,7310.0,6438.0,13748.0,,,,,509.0,0,0,0,0,0,220.0,13748.0,,,,,,36.363636,,,,
2021-11-01,2021,11,0,348.68,216.9,106.89,24.89,,,,,,,,,,109.0,109.0,,,,,,,,,,,,,,,,,,7275.0,6438.0,13713.0,,,,,444.0,0,0,0,0,0,218.0,13713.0,,,,,,36.697248,,,,
2021-11-02,2021,11,1,288.13,188.52,89.24,10.37,7.56,,1.35,4.31,7.09,5.47,196932.0,6018.0,2891.0,108.0,108.0,38.0,38.2,8.04,8.06,3849.0,16694.0,3511.0,16947.0,5221.0,5552.0,2.81,1.33,2.88,1.37,32482.0,31629.0,6256.0,7315.0,6469.0,13784.0,61.1,61.3,61.2,38.79,446.0,0,0,0,0,0,216.0,13784.0,61.2,8435.808,0.230562,0.207175,11.8152,37.037037,1.4769,1166.632812,681.112621,762.28806
2021-11-03,2021,11,2,344.35,162.89,158.25,23.21,,,,,,,,,,105.0,105.0,,,,,,,,,,,,,,,,,,7200.0,6383.0,13583.0,,,,,433.0,0,0,0,0,0,210.0,13583.0,,,,,,38.095238,,,,
2021-11-04,2021,11,3,276.47,183.99,77.36,15.12,7.62,3.38,1.95,4.15,7.3,5.45,184490.0,,,94.0,93.0,38.0,38.1,7.98,8.0,3683.0,16971.0,3752.0,16528.0,,,2.9,1.37,3.05,1.28,30779.0,30381.0,,7764.0,5976.0,13740.0,61.7,61.9,61.8,38.19,292.0,0,0,0,0,0,187.0,13740.0,61.8,8491.32,0.217017,0.227009,10.1915,42.780749,1.273938,1348.182309,,
2021-11-05,2021,11,4,228.05,213.0,0.0,15.05,7.98,,1.62,4.21,7.19,5.31,188248.0,,,81.0,81.0,38.0,38.1,7.99,8.01,3445.0,17175.0,3583.0,16871.0,,,2.87,1.29,2.98,1.25,33249.0,32605.0,,4872.0,5089.0,9961.0,61.4,61.5,61.45,38.54,355.0,0,0,0,0,0,162.0,9961.0,61.45,6121.0345,0.200582,0.212376,8.6022,49.382716,1.075275,1157.959592,,
2021-11-06,2021,11,5,227.82,77.35,128.89,21.58,,,,,,,,,,84.0,84.0,,,,,,,,,,,,,,,,,,5736.0,4961.0,10697.0,,,,,284.0,0,0,0,0,0,168.0,10697.0,,,,,,47.619048,,,,
2021-11-07,2021,11,6,27.66,27.66,0.0,0.0,,,,,,,,,,90.0,90.0,,,,,,,,,,,,,,,,,,5703.0,4995.0,10698.0,,,,,471.0,0,0,0,0,0,180.0,10698.0,,,,,,44.444444,,,,
2021-11-08,2021,11,0,325.84,213.29,88.04,24.51,7.67,,1.39,4.32,7.14,5.24,179451.0,6172.0,,96.0,96.0,38.0,38.0,8.02,8.05,3173.0,16848.0,2954.0,16475.0,,,2.88,1.21,2.91,1.24,32645.0,31825.0,6084.0,6385.0,5563.0,11948.0,61.1,61.2,61.15,38.84,551.0,0,0,0,0,0,192.0,11948.0,61.15,7306.202,0.188331,0.179302,10.0608,41.666667,1.2576,1187.579517,,
2021-11-09,2021,11,1,276.39,188.57,77.25,10.57,7.76,2.22,1.43,4.31,6.81,5.09,183462.0,,,96.0,96.0,38.0,38.0,7.99,8.01,3384.0,16952.0,3037.0,16768.0,,,2.72,1.33,2.85,1.27,32477.0,37197.0,,6520.0,5625.0,12145.0,61.2,61.3,61.25,38.74,649.0,0,0,0,0,0,192.0,12145.0,61.25,7438.8125,0.199622,0.181119,9.7728,41.666667,1.2216,1242.734938,,
2021-11-10,2021,11,2,225.11,155.39,46.91,22.81,,,,,,,,,,98.0,98.0,,,,,,,,,,,,,,,,,,6592.0,5649.0,12241.0,,,,,424.0,0,0,0,0,0,196.0,12241.0,,,,,,40.816327,,,,
2021-11-11,2021,11,3,283.13,179.93,88.44,14.76,7.61,,1.1,4.18,6.84,5.11,184682.0,5830.0,,100.0,100.0,38.0,38.0,7.99,7.99,3394.0,16715.0,3274.0,16837.0,,,2.91,1.33,2.72,1.2,35401.0,39152.0,6662.0,6673.0,5765.0,12438.0,61.1,61.2,61.15,38.84,397.0,0,0,0,0,0,200.0,12438.0,61.15,7605.837,0.203051,0.194453,10.22,40.0,1.2775,1217.02544,,
2021-11-12,2021,11,4,335.27,187.19,133.65,14.43,7.82,3.68,2.15,4.13,6.63,4.79,177504.0,,,100.0,100.0,38.0,38.1,7.99,8.0,3144.0,16385.0,3031.0,17015.0,,,2.79,1.08,2.62,1.1,33431.0,30698.0,,6594.0,5779.0,12373.0,61.2,61.3,61.25,38.74,468.0,0,0,0,0,0,200.0,12373.0,61.25,7578.4625,0.191883,0.178137,9.58,40.0,1.1975,1291.544885,,
2021-11-13,2021,11,5,253.4,128.3,103.93,21.17,,,,,,,,,,102.0,102.0,,,,,,,,,,,,,,,,,,6733.0,5876.0,12609.0,,,,,371.0,0,0,0,0,0,204.0,12609.0,,,,,,39.215686,,,,
2021-11-14,2021,11,6,24.08,24.08,0.0,0.0,,,,,,,,,,102.0,102.0,,,,,,,,,,,,,,,,,,6982.0,5924.0,12906.0,,,,,466.0,0,0,0,0,0,204.0,12906.0,,,,,,39.215686,,,,
2021-11-15,2021,11,0,278.83,214.07,39.06,25.7,7.58,2.71,1.28,4.14,7.38,5.31,211512.0,6748.0,,102.0,102.0,38.0,38.1,7.94,7.93,3419.0,16542.0,3184.0,16779.0,,,2.8,1.15,2.86,1.18,35253.0,34559.0,6041.0,7178.0,6053.0,13231.0,60.8,60.9,60.85,39.14,399.0,0,0,0,0,0,204.0,13231.0,60.85,8051.0635,0.206686,0.189761,10.8324,39.215686,1.35405,1221.428308,,
2021-11-16,2021,11,1,262.62,162.19,89.08,11.35,,,,,,,,,,102.0,102.0,,,,,,,,,,,,,,,,,,6934.0,6028.0,12962.0,,,,,410.0,0,0,0,0,0,204.0,12962.0,,,,,,39.215686,,,,
2021-11-17,2021,11,2,345.78,186.43,135.37,23.98,7.62,,1.93,4.0,6.92,5.06,189440.0,,,102.0,102.0,38.0,38.0,7.95,7.94,3648.0,16219.0,3428.0,16568.0,,,2.84,1.23,2.96,1.27,34904.0,35047.0,,6962.0,6090.0,13052.0,61.1,61.2,61.15,38.84,502.0,0,0,0,0,0,204.0,13052.0,61.15,7981.298,0.224921,0.206905,10.3224,39.215686,1.2903,1264.434628,,
2021-11-18,2021,11,3,293.96,153.55,126.79,13.62,7.92,1.74,0.92,4.21,6.84,5.19,175939.0,,,102.0,102.0,38.3,38.3,7.94,7.98,3629.0,16134.0,3317.0,16839.0,,,2.79,1.23,2.79,1.28,40326.0,31215.0,,6943.0,5973.0,12916.0,61.1,61.1,61.1,38.89,502.0,0,0,0,0,0,204.0,12916.0,61.1,7891.676,0.224929,0.196983,10.5876,39.215686,1.32345,1219.91764,,
2021-11-19,2021,11,4,247.6,212.78,19.65,15.17,7.83,,1.14,4.26,6.76,4.98,71537.0,,,102.0,102.0,38.6,38.7,7.95,7.99,3431.0,16471.0,3129.0,16727.0,,,2.82,1.21,2.75,1.19,38708.0,32885.0,,6780.0,6000.0,12780.0,60.9,60.9,60.9,39.09,413.0,0,0,0,0,0,204.0,12780.0,60.9,7783.02,0.208306,0.187063,10.1592,39.215686,1.2699,1257.973069,,
2021-11-20,2021,11,5,243.7,131.51,89.28,22.91,,,,,,,,,,102.0,102.0,,,,,,,,,,,,,,,,,,6793.0,5923.0,12716.0,,,,,428.0,0,0,0,0,0,204.0,12716.0,,,,,,39.215686,,,,
2021-11-21,2021,11,6,23.95,23.95,0.0,0.0,,,,,,,,,,102.0,102.0,,,,,,,,,,,,,,,,,,6908.0,5998.0,12906.0,,,,,477.0,0,0,0,0,0,204.0,12906.0,,,,,,39.215686,,,,
2021-11-22,2021,11,0,404.56,216.06,161.22,27.28,7.62,,1.1,4.05,6.81,5.0,185516.0,5410.0,2341.0,102.0,102.0,38.1,38.1,7.93,7.95,3209.0,16118.0,3073.0,16827.0,4708.0,5044.0,2.72,1.05,2.7,1.01,31264.0,30547.0,5423.0,6909.0,5934.0,12843.0,61.0,61.1,61.05,38.94,434.0,0,0,0,0,0,204.0,12843.0,61.05,7840.6515,0.199094,0.182623,10.2,39.215686,1.275,1259.117647,493.959555,551.426781
2021-11-23,2021,11,1,302.91,211.66,78.02,13.23,,,,,,,,,,105.0,105.0,,,,,,,,,,,,,,,,,,6878.0,5959.0,12837.0,,,,,420.0,0,0,0,0,0,210.0,12837.0,,,,,,38.095238,,,,
2021-11-24,2021,11,2,153.38,128.58,0.0,24.8,7.69,2.63,1.29,4.08,6.92,5.11,179101.0,,,108.0,108.0,38.1,38.1,7.98,7.97,3065.0,16582.0,2862.0,16637.0,,,2.7,1.04,2.85,1.09,33499.0,33854.0,,7277.0,6243.0,13520.0,61.0,61.2,61.1,38.89,425.0,0,0,0,0,0,216.0,13520.0,61.1,8260.72,0.184839,0.172026,11.0376,37.037037,1.3797,1224.903965,,
2021-11-25,2021,11,3,291.14,185.34,89.05,16.75,7.54,,1.95,4.08,7.14,5.41,184689.0,,,108.0,108.0,38.1,38.1,7.97,7.95,3483.0,16772.0,2690.0,16522.0,,,2.83,1.25,2.7,1.01,34430.0,34118.0,,7292.0,6335.0,13627.0,60.8,60.9,60.85,39.14,330.0,0,0,0,0,0,216.0,13627.0,60.85,8292.0295,0.207668,0.162813,11.6856,37.037037,1.4607,1166.136099,,
2021-11-26,2021,11,4,290.81,184.8,89.19,16.82,7.71,,1.15,4.21,6.83,5.02,178408.0,,,108.0,108.0,38.0,38.0,7.98,7.96,3371.0,17025.0,2965.0,16942.0,,,2.79,1.21,2.71,1.05,35806.0,32446.0,,7160.0,6297.0,13457.0,61.0,61.1,61.05,38.94,438.0,0,0,0,0,0,216.0,13457.0,61.05,8215.4985,0.198003,0.175009,10.8432,37.037037,1.3554,1241.054301,,
2021-11-27,2021,11,5,285.88,158.58,103.11,24.19,,,,,,,,,,110.0,110.0,,,,,,,,,,,,,,,,,,7423.0,6516.0,13939.0,,,,,369.0,0,0,0,0,0,220.0,13939.0,,,,,,36.363636,,,,
2021-11-28,2021,11,6,0.0,0.0,0.0,0.0,,,,,,,,,,110.0,110.0,,,,,,,,,,,,,,,,,,7391.0,6332.0,13723.0,,,,,354.0,0,0,0,0,0,220.0,13723.0,,,,,,36.363636,,,,
2021-11-29,2021,11,0,373.85,214.42,130.81,28.62,7.7,,1.31,4.22,7.21,5.25,198972.0,6037.0,,112.0,112.0,38.0,38.0,7.96,7.98,3021.0,16944.0,2816.0,17150.0,,,2.66,1.06,2.77,1.0,31818.0,21152.0,5862.0,7351.0,6525.0,13876.0,61.2,61.4,61.3,38.69,410.0,0,0,0,0,0,224.0,13876.0,61.3,8505.988,0.178293,0.164198,11.76,35.714286,1.47,1179.931973,,
2021-11-30,2021,11,1,273.65,162.52,91.15,19.98,7.67,3.08,1.74,4.24,7.07,5.09,188406.0,,,112.0,112.0,38.0,38.0,7.98,8.01,3531.0,17165.0,2903.0,17047.0,,,2.79,1.23,2.69,1.0,35803.0,30575.0,,7548.0,6604.0,14152.0,61.0,61.2,61.1,38.89,383.0,0,0,0,0,0,224.0,14152.0,61.1,8646.872,0.205709,0.170294,11.4016,35.714286,1.4252,1241.229301,,
2021-12-01,2021,12,2,366.6,208.26,135.2,23.14,7.69,3.1,1.85,4.19,7.03,5.15,194166.0,,,112.0,112.0,38.0,38.0,8.0,8.01,3436.0,17405.0,3264.0,17244.0,,,2.57,1.06,2.68,1.18,40031.0,36498.0,,7325.0,6415.0,13740.0,61.7,61.9,61.8,38.19,416.0,0,0,0,0,0,224.0,13740.0,61.8,8491.32,0.197415,0.189283,11.536,35.714286,1.442,1191.054092,,
2021-12-02,2021,12,3,235.28,183.46,38.41,13.41,7.61,,1.64,4.2,7.01,5.22,183234.0,,,112.0,112.0,38.0,38.0,7.98,7.98,3228.0,17065.0,3147.0,17198.0,,,2.68,1.03,2.8,1.1,40240.0,33524.0,,7242.0,6365.0,13607.0,61.5,61.6,61.55,38.44,469.0,0,0,0,0,0,224.0,13607.0,61.55,8375.1085,0.189159,0.182986,11.6928,35.714286,1.4616,1163.707581,,
2021-12-03,2021,12,4,238.14,186.99,36.74,14.41,7.74,,1.71,4.18,6.95,5.12,181206.0,,,112.0,112.0,38.0,38.1,7.99,8.0,3419.0,17208.0,3244.0,17092.0,,,2.72,1.1,2.78,1.06,39265.0,35136.0,,7350.0,6485.0,13835.0,61.3,61.5,61.4,38.59,427.0,0,0,0,0,0,224.0,13835.0,61.4,8494.69,0.198687,0.189796,11.4688,35.714286,1.4336,1206.316267,,
2021-12-04,2021,12,5,386.07,185.27,178.25,22.55,,,,,,,,,,114.0,114.0,,,,,,,,,,,,,,,,,,7521.0,6531.0,14052.0,,,,,442.0,0,0,0,0,0,228.0,14052.0,,,,,,35.087719,,,,
2021-12-05,2021,12,6,28.74,28.74,0.0,0.0,,,,,,,,,,114.0,114.0,,,,,,,,,,,,,,,,,,7393.0,6667.0,14060.0,,,,,432.0,0,0,0,0,0,228.0,14060.0,,,,,,35.087719,,,,
2021-12-06,2021,12,0,335.76,216.15,91.43,28.18,7.75,,1.12,4.06,7.29,5.37,192062.0,6238.0,2792.0,114.0,114.0,38.0,38.0,7.96,7.98,3347.0,16836.0,2980.0,17245.0,5037.0,4936.0,2.73,1.15,2.73,1.16,36449.0,34618.0,5945.0,7624.0,6623.0,14247.0,60.7,60.9,60.8,39.19,419.0,0,0,0,0,0,228.0,14247.0,60.8,8662.176,0.1988,0.172804,12.2436,35.087719,1.53045,1163.628345,558.823951,570.44446
2021-12-07,2021,12,1,274.91,183.2,76.89,14.82,7.64,2.42,1.21,4.1,7.16,5.21,189665.0,,,114.0,114.0,38.0,38.0,7.97,7.99,3529.0,17180.0,3251.0,16940.0,,,2.76,1.1,2.76,1.12,38504.0,33610.0,,7547.0,6617.0,14164.0,61.0,61.1,61.05,38.94,367.0,0,0,0,0,0,228.0,14164.0,61.05,8647.122,0.205413,0.191913,11.8788,35.087719,1.48485,1192.376334,,
2021-12-08,2021,12,2,238.79,217.58,0.0,21.21,,,,,,,,,,114.0,114.0,,,,,,,,,,,,,,,,,,7573.0,6755.0,14328.0,,,,,425.0,0,0,0,0,0,228.0,14328.0,,,,,,35.087719,,,,
2021-12-09,2021,12,3,328.64,183.51,131.12,14.01,7.72,,2.01,3.99,7.6,5.76,188198.0,5251.0,,114.0,114.0,38.0,38.0,7.93,7.97,3614.0,16745.0,3248.0,17193.0,,,2.86,1.09,2.81,1.02,32226.0,33354.0,6155.0,7918.0,7094.0,15012.0,60.4,60.5,60.45,39.54,395.0,0,0,0,0,0,228.0,15012.0,60.45,9074.754,0.215826,0.188914,13.1328,35.087719,1.6416,1143.092105,,
2021-12-10,2021,12,4,355.39,160.36,180.68,14.35,7.9,2.92,1.66,4.01,7.61,5.71,217986.0,,,114.0,114.0,37.8,38.0,7.9,7.95,3466.0,16593.0,3351.0,16927.0,,,2.69,1.32,2.83,1.08,40394.0,37183.0,,7898.0,7190.0,15088.0,60.7,60.8,60.75,39.24,454.0,0,0,0,0,0,228.0,15088.0,60.75,9165.96,0.208883,0.197968,13.0188,35.087719,1.62735,1158.93938,,
2021-12-11,2021,12,5,207.08,133.12,52.99,20.97,,,,,,,,,,114.0,114.0,,,,,,,,,,,,,,,,,,7905.0,7121.0,15026.0,61.1,61.2,61.15,38.84,369.0,0,0,0,0,0,228.0,15026.0,61.15,9188.399,,,,35.087719,,,,
2021-12-12,2021,12,6,0.0,0.0,0.0,0.0,,,,,,,,,,112.0,112.0,,,,,,,,,,,,,,,,,,7893.0,7071.0,14964.0,,,,,401.0,0,0,0,0,0,224.0,14964.0,,,,,,35.714286,,,,
2021-12-13,2021,12,0,278.55,214.53,39.12,24.9,7.42,3.81,2.3,4.11,7.54,5.81,193566.0,5087.0,2471.0,112.0,112.0,38.1,38.0,7.93,7.93,3219.0,16372.0,2962.0,16712.0,5104.0,5280.0,2.64,1.05,2.87,1.01,41275.0,35697.0,6082.0,8130.0,7155.0,15285.0,61.3,61.4,61.35,38.64,424.0,0,0,0,0,0,224.0,15285.0,61.35,9377.3475,0.196616,0.177238,13.0144,35.714286,1.6268,1174.468281,535.507554,550.763194
2021-12-14,2021,12,1,259.02,159.1,89.01,10.91,7.19,,3.41,4.16,7.91,5.98,192534.0,,,110.0,110.0,38.0,38.0,7.93,7.93,3436.0,16296.0,3142.0,16490.0,,,2.7,1.13,2.86,1.09,32716.0,32630.0,,8228.0,7289.0,15517.0,61.0,61.2,61.1,38.89,385.0,0,0,0,0,0,220.0,15517.0,61.1,9480.887,0.210849,0.19054,13.156,36.363636,1.6445,1179.461843,,
2021-12-15,2021,12,2,392.32,188.7,181.61,22.01,7.69,,1.03,4.19,7.63,5.63,177827.0,,,110.0,110.0,38.0,38.0,7.95,7.93,3341.0,16508.0,2822.0,16415.0,,,2.71,1.14,2.44,1.01,32626.0,33128.0,,7922.0,6966.0,14888.0,61.2,61.4,61.3,38.69,336.0,0,0,0,0,0,220.0,14888.0,61.3,9126.344,0.202387,0.171916,12.386,36.363636,1.54825,1202.002261,,
2021-12-16,2021,12,3,320.43,182.37,125.64,12.42,,,,,,,,,,110.0,110.0,,,,,,,,,,,,,,,,,,7629.0,6792.0,14421.0,,,,,382.0,0,0,0,0,0,220.0,14421.0,,,,,,36.363636,,,,
2021-12-17,2021,12,4,197.85,184.99,0.0,12.86,7.63,,1.49,3.99,7.6,5.77,180704.0,6322.0,,110.0,110.0,38.0,38.1,7.87,7.87,3319.0,16251.0,3643.0,16377.0,,,2.67,1.07,2.87,1.21,34812.0,36948.0,5675.0,7449.0,6721.0,14170.0,61.4,61.6,61.5,38.49,408.0,0,0,0,0,0,220.0,14170.0,61.5,8714.55,0.204234,0.222446,12.694,36.363636,1.58675,1116.275406,,
2021-12-18,2021,12,5,291.16,98.78,174.74,17.64,,,,,,,,,,110.0,110.0,,,,,,,,,,,,,,,,,,7526.0,6659.0,14185.0,,,,,365.0,0,0,0,0,0,220.0,14185.0,,,,,,36.363636,,,,
2021-12-19,2021,12,6,247.6,212.78,19.65,15.17,,,,,,,,,,110.0,110.0,,,,,,,,,,,,,,,,,,7561.0,6619.0,14180.0,,,,,369.0,0,0,0,0,0,220.0,14180.0,,,,,,36.363636,,,,
2021-12-20,2021,12,0,277.5,213.96,41.5,22.04,7.31,,1.69,3.88,7.44,5.38,192536.0,5154.0,2551.0,110.0,110.0,38.0,38.0,7.77,7.78,3812.0,16038.0,3645.0,16199.0,4477.0,4595.0,2.8,1.18,3.06,1.01,33782.0,30627.0,5767.0,7226.0,6365.0,13591.0,60.9,61.0,60.95,39.04,398.0,0,0,0,0,0,220.0,13591.0,60.95,8283.7145,0.237685,0.225014,11.836,36.363636,1.4795,1148.276445,333.816655,349.987715
2021-12-21,2021,12,1,266.99,178.78,77.83,10.38,7.36,,1.38,3.96,7.76,5.78,178799.0,,,108.0,108.0,38.0,38.0,7.78,7.78,3775.0,16351.0,3916.0,16170.0,,,2.89,1.23,2.9,1.2,31585.0,36113.0,,7427.0,6441.0,13868.0,61.1,61.3,61.2,38.79,336.0,0,0,0,0,0,216.0,13868.0,61.2,8487.216,0.230873,0.242177,12.4848,37.037037,1.5606,1110.790722,,
2021-12-22,2021,12,2,226.13,107.12,96.24,22.77,7.56,3.46,1.85,4.05,8.03,6.02,193161.0,,,108.0,108.0,37.9,38.0,7.77,7.75,3492.0,16137.0,3360.0,15890.0,,,2.65,1.06,2.86,1.0,32200.0,35864.0,,7487.0,6615.0,14102.0,61.4,61.5,61.45,38.54,307.0,0,0,0,0,0,216.0,14102.0,61.45,8665.679,0.216397,0.211454,13.0032,37.037037,1.6254,1084.502276,,
2021-12-23,2021,12,3,260.44,182.77,65.8,11.87,7.61,,2.21,4.15,7.84,6.02,169981.0,,,108.0,108.0,37.9,38.0,7.79,7.79,3549.0,16388.0,3619.0,16208.0,,,2.69,1.07,3.1,1.26,34123.0,32391.0,,7475.0,6662.0,14137.0,61.2,61.3,61.25,38.74,309.0,0,0,0,0,0,216.0,14137.0,61.25,8658.9125,0.216561,0.223285,13.0032,37.037037,1.6254,1087.193921,,
2021-12-24,2021,12,4,206.01,126.48,65.64,13.89,,,,,,,,,,108.0,108.0,,,,,,,,,,,,,,,,,,7845.0,6669.0,14514.0,,,,,339.0,0,0,0,0,0,216.0,14514.0,,,,,,37.037037,,,,
2021-12-25,2021,12,5,223.08,97.49,104.44,21.15,,,,,,,,,,108.0,108.0,,,,,,,,,,,,,,,,,,7106.0,6233.0,13339.0,,,,,386.0,0,0,0,0,0,216.0,13339.0,,,,,,37.037037,,,,
2021-12-26,2021,12,6,0.0,0.0,0.0,0.0,,,,,,,,,,108.0,108.0,,,,,,,,,,,,,,,,,,6779.0,5858.0,12637.0,,,,,310.0,0,0,0,0,0,216.0,12637.0,,,,,,37.037037,,,,
2021-12-27,2021,12,0,279.45,130.18,131.1,18.17,7.59,3.91,2.15,4.49,7.13,5.34,180337.0,5676.0,2890.0,102.0,102.0,38.0,38.0,7.9,7.9,3049.0,16608.0,3275.0,16519.0,4416.0,5163.0,2.71,1.91,2.66,1.08,29804.0,32713.0,5403.0,6542.0,5704.0,12246.0,63.2,63.3,,,387.0,0,0,0,0,0,204.0,12246.0,63.25,7745.595,0.183586,0.198257,10.8936,39.215686,1.3617,1124.146288,432.906719,506.136184
2021-12-28,2021,12,1,231.8,107.48,113.18,11.14,7.94,,1.88,4.54,6.89,5.23,156405.0,,,96.0,96.0,38.0,38.0,7.88,7.87,2949.0,16749.0,3179.0,16824.0,,,2.75,1.34,2.71,1.28,28719.0,34853.0,,6037.0,5402.0,11439.0,62.9,63.1,,,310.0,0,0,0,0,0,192.0,11439.0,63.0,7206.57,0.17607,0.188956,10.0416,41.666667,1.2552,1139.16109,,
2021-12-29,2021,12,2,324.22,213.65,91.56,19.01,7.89,,1.87,4.4,7.03,5.21,169150.0,,,92.0,92.0,38.0,38.0,7.88,7.87,2864.0,16943.0,2936.0,17109.0,,,2.73,1.24,2.69,1.09,32341.0,34739.0,,5728.0,5076.0,10804.0,62.7,62.8,,,316.0,0,0,0,0,0,184.0,10804.0,62.75,6779.51,0.169037,0.171606,9.5864,43.478261,1.1983,1127.013269,,
2021-12-30,2021,12,3,316.7,180.24,126.13,10.33,7.78,3.24,1.88,4.27,7.5,5.51,164450.0,,,96.0,96.0,38.0,38.0,7.87,7.86,2715.0,16728.0,2769.0,16988.0,,,2.59,0.94,2.44,0.92,32466.0,31387.0,,6123.0,5495.0,11618.0,62.9,62.9,,,316.0,0,0,0,0,0,192.0,11618.0,62.9,7307.722,0.162303,0.162997,10.5792,41.666667,1.3224,1098.19268,,
2021-12-31,2021,12,4,140.88,128.79,0.0,12.09,,,,,,,,,,96.0,96.0,,,,,,,,,,,,,,,,,,6480.0,5684.0,12164.0,,,,,271.0,0,0,0,0,0,192.0,12164.0,,,,,,41.666667,,,,
2022-01-01,2022,1,5,131.55,50.87,62.3,18.38,,,,,,,,,,90.0,90.0,,,,,,,,,,,,,,,,,,6183.0,5615.0,11798.0,,,,,315.0,0,0,0,0,0,180.0,11798.0,,,,,,44.444444,,,,
2022-01-02,2022,1,6,0.0,0.0,0.0,0.0,,,,,,,,,,96.0,96.0,,,,,,,,,,,,,,,,,,7006.0,6243.0,13249.0,,,,,252.0,0,0,0,0,0,192.0,13249.0,,,,,,41.666667,,,,
2022-01-03,2022,1,0,270.99,136.75,113.41,20.83,7.86,,1.38,4.69,6.6,5.0,150802.0,5822.0,2920.0,96.0,96.0,38.0,38.0,7.93,7.89,2644.0,17301.0,2519.0,17134.0,4496.0,4664.0,2.72,1.29,2.7,1.19,31262.0,33891.0,5717.0,6008.0,5291.0,11299.0,63.1,63.2,,,215.0,0,0,0,0,0,192.0,11299.0,63.15,7135.3185,0.152824,0.147018,9.6,41.666667,1.2,1176.979167,468.983204,447.810219
2022-01-04,2022,1,1,314.16,176.61,124.38,13.17,7.58,2.83,1.53,4.44,7.54,5.65,193239.0,,,96.0,96.0,38.0,38.0,7.91,7.88,2549.0,17135.0,2605.0,17279.0,,,2.72,1.05,2.85,1.09,35259.0,36719.0,,5974.0,5351.0,11325.0,63.3,63.4,63.35,36.64,289.0,0,0,0,0,0,192.0,11325.0,63.35,7174.3875,0.14876,0.150761,10.848,41.666667,1.356,1043.971239,,
2022-01-05,2022,1,2,340.07,227.37,92.84,19.86,7.47,,1.8,4.56,7.16,5.49,154239.0,,,96.0,96.0,38.0,38.0,7.89,7.86,2719.0,17039.0,2689.0,17144.0,,,2.76,1.24,2.65,1.21,29233.0,31670.0,,5987.0,5349.0,11336.0,63.3,63.2,63.25,36.74,202.0,0,0,0,0,0,192.0,11336.0,63.25,7170.02,0.159575,0.156848,10.5408,41.666667,1.3176,1075.440194,,
2022-01-06,2022,1,3,300.93,180.76,109.81,10.36,7.75,,2.21,4.75,6.57,4.78,145332.0,,,92.0,93.0,38.0,38.0,7.86,7.84,2584.0,16899.0,2543.0,16919.0,,,2.68,1.13,2.65,1.02,29698.0,32855.0,,5548.0,4895.0,10443.0,63.6,63.8,63.7,36.29,311.0,0,0,0,0,0,185.0,10443.0,63.7,6652.191,0.152908,0.150304,8.843,43.243243,1.105375,1180.934072,,
2022-01-07,2022,1,4,283.63,182.66,90.27,10.7,7.84,2.57,1.49,4.68,6.15,4.45,141950.0,,,88.0,88.0,38.0,38.0,7.86,7.85,2638.0,17239.0,2739.0,17084.0,,,2.71,1.18,2.68,1.12,28409.0,31952.0,,4803.0,4185.0,8988.0,63.5,63.6,63.55,36.44,315.0,0,0,0,0,0,176.0,8988.0,63.55,5711.874,0.153025,0.160325,7.832,45.454545,0.979,1147.599591,,
2022-01-08,2022,1,5,176.54,101.23,57.54,17.77,,,,,,,,,,84.0,84.0,,,,,,,,,,,,,,,,,,4218.0,3777.0,7995.0,,,,,266.0,0,0,0,0,0,168.0,7995.0,,,,,,47.619048,,,,
2022-01-09,2022,1,6,0.0,0.0,0.0,0.0,,,,,,,,,,82.0,82.0,,,,,,,,,,,,,,,,,,4349.0,3823.0,8172.0,,,,,383.0,0,0,0,0,0,164.0,8172.0,,,,,,48.780488,,,,
2022-01-10,2022,1,0,268.01,206.97,39.15,21.89,7.58,3.15,1.88,4.91,6.35,4.54,133665.0,4420.0,,80.0,80.0,38.0,38.0,7.85,7.88,2499.0,17516.0,2569.0,17351.0,,,2.67,1.06,2.56,1.11,30975.0,33527.0,5603.0,4336.0,3866.0,8202.0,64.1,64.2,,,370.0,0,0,0,0,0,160.0,8202.0,64.15,5261.583,0.14267,0.148061,7.264,50.0,0.908,1129.129956,,
2022-01-11,2022,1,1,280.57,179.4,91.17,10.0,7.83,,1.8,5.08,6.33,4.55,131080.0,,,80.0,80.0,38.0,38.0,7.88,7.91,2574.0,17849.0,2490.0,17634.0,,,2.66,1.1,2.75,1.12,31362.0,32650.0,,4389.0,3881.0,8270.0,64.3,64.5,64.4,35.59,270.0,0,0,0,0,0,160.0,8270.0,64.4,5325.88,0.14421,0.141204,7.28,50.0,0.91,1135.989011,,
2022-01-12,2022,1,2,427.88,212.5,195.23,20.15,7.94,,1.69,4.99,6.51,4.69,142709.0,,,78.0,78.0,38.0,38.0,7.9,7.93,2429.0,17635.0,2509.0,17829.0,,,2.64,1.05,2.69,1.11,30542.0,31401.0,,4693.0,4151.0,8844.0,64.4,64.3,64.35,35.64,315.0,0,0,0,0,0,156.0,8844.0,64.35,5691.114,0.137737,0.140726,7.3164,51.282051,0.91455,1208.791209,,
2022-01-13,2022,1,3,269.76,184.27,75.73,9.76,7.53,2.76,1.64,4.69,6.5,4.85,149287.0,,,76.0,76.0,38.0,38.0,7.97,7.96,2631.0,17771.0,2713.0,18041.0,,,2.71,1.18,2.91,1.12,27440.0,27013.0,,4542.0,4099.0,8641.0,64.2,64.1,64.15,35.84,314.0,0,0,0,0,0,152.0,8641.0,64.15,5543.2015,0.14805,0.15038,7.372,52.631579,0.9215,1172.137819,,
2022-01-14,2022,1,4,265.14,184.78,69.42,10.94,7.86,,1.57,4.56,6.71,4.98,153026.0,,,76.0,76.0,38.0,38.0,7.95,7.95,2497.0,17819.0,2603.0,17889.0,,,2.69,1.09,2.86,1.15,29816.0,30381.0,,5112.0,4437.0,9549.0,64.2,63.3,63.75,36.24,347.0,0,0,0,0,0,152.0,9549.0,63.75,6087.4875,0.140131,0.145508,7.5696,52.631579,0.9462,1261.493342,,
2022-01-15,2022,1,5,215.67,154.36,41.63,19.68,,,,,,,,,,76.0,76.0,,,,,,,,,,,,,,,,,,5125.0,4550.0,9675.0,,,,99.99,326.0,0,0,0,0,0,152.0,9675.0,,,,,,52.631579,,,,
2022-01-16,2022,1,6,0.0,0.0,0.0,0.0,,,,,,,,,,76.0,76.0,,,,,,,,,,,,,,,,,,4864.0,4343.0,9207.0,,,,,361.0,0,0,0,0,0,152.0,9207.0,,,,,,52.631579,,,,
2022-01-17,2022,1,0,359.58,180.48,157.93,21.17,7.91,,1.81,4.6,6.72,4.97,145832.0,5674.0,,76.0,76.0,38.1,38.0,7.9,7.9,2419.0,17765.0,2615.0,17824.0,,,2.63,0.99,2.83,1.21,31057.0,32703.0,5260.0,5003.0,4375.0,9378.0,63.2,63.3,,,446.0,0,0,0,0,0,152.0,9378.0,63.25,5931.585,0.136167,0.146712,7.5544,52.631579,0.9443,1241.395743,,
2022-01-18,2022,1,1,415.06,235.87,170.6,8.59,7.72,,1.82,4.3,7.43,5.68,171437.0,,,76.0,76.0,38.1,38.0,7.91,7.92,2573.0,17848.0,2569.0,17915.0,,,2.64,1.15,2.68,1.03,26367.0,26951.0,,5331.0,4720.0,10051.0,62.9,62.8,62.85,37.14,357.0,0,0,0,0,0,152.0,10051.0,62.85,6317.0535,0.144162,0.143399,8.6336,52.631579,1.0792,1164.172535,,
2022-01-19,2022,1,2,203.33,184.97,0.0,18.36,7.46,3.6,2.12,4.42,7.11,5.31,140792.0,,,76.0,76.0,38.0,38.0,7.89,7.9,2719.0,17388.0,2537.0,17519.0,,,2.63,1.18,2.59,0.85,29787.0,39162.0,,5093.0,4499.0,9592.0,62.5,62.6,62.55,37.44,406.0,0,0,0,0,0,152.0,9592.0,62.55,5999.796,0.156372,0.144814,8.0712,52.631579,1.0089,1188.423035,,
2022-01-20,2022,1,3,235.33,158.22,65.41,11.7,7.44,,2.09,4.34,7.11,5.34,148749.0,,,76.0,76.0,38.0,38.0,7.89,7.89,2661.0,17619.0,2470.0,17470.0,,,2.61,1.18,2.63,1.1,26812.0,26887.0,,5026.0,4403.0,9429.0,62.6,62.5,62.55,37.44,312.0,0,0,0,0,0,152.0,9429.0,62.55,5897.8395,0.15103,0.141385,8.1168,52.631579,1.0146,1161.664695,,
2022-01-21,2022,1,4,377.86,185.03,180.17,12.66,7.63,,1.95,4.41,7.28,5.45,156803.0,,,74.0,74.0,38.0,38.0,7.9,7.9,2569.0,17810.0,2612.0,17662.0,,,2.64,1.14,2.71,1.11,27314.0,26841.0,,4478.0,3989.0,8467.0,62.3,62.4,62.35,37.64,309.0,0,0,0,0,0,148.0,8467.0,62.35,5279.1745,0.144245,0.147888,8.066,54.054054,1.00825,1049.714852,,
2022-01-22,2022,1,5,243.88,171.67,53.53,18.68,,,,,,,,,,74.0,74.0,,,,,,,,,,,,,,,,,,3989.0,3553.0,7542.0,,,,99.99,307.0,0,0,0,0,0,148.0,7542.0,,,,,,54.054054,,,,
2022-01-23,2022,1,6,0.0,0.0,0.0,0.0,,,,,,,,,,74.0,74.0,,,,,,,,,,,,,,,,,,3643.0,3179.0,6822.0,,,,,316.0,0,0,0,0,0,148.0,6822.0,,,,,,54.054054,,,,
2022-01-24,2022,1,0,223.77,161.32,39.12,23.33,7.79,,1.23,5.05,5.44,3.91,117353.0,5012.0,,74.0,74.0,38.0,38.0,7.92,7.92,2446.0,17949.0,2538.0,17835.0,,,2.52,1.18,2.47,1.02,25067.0,25223.0,5313.0,3437.0,3054.0,6491.0,63.3,63.2,,,388.0,0,0,0,0,0,148.0,6491.0,63.25,4105.5575,0.136275,0.142304,5.7868,54.054054,0.72335,1121.690744,,
2022-01-25,2022,1,1,358.95,257.93,90.91,10.11,7.87,2.42,1.13,5.08,5.41,3.8,116098.0,,,78.0,78.0,38.0,38.0,7.9,7.9,2539.0,18162.0,2609.0,17796.0,,,2.56,1.16,2.53,1.1,35709.0,32523.0,,3451.0,3075.0,6526.0,63.5,63.4,63.45,36.54,320.0,0,0,0,0,0,156.0,6526.0,63.45,4140.747,0.139797,0.146606,5.928,51.282051,0.741,1100.877193,,
2022-01-26,2022,1,2,342.33,185.34,138.14,18.85,7.91,,1.32,4.82,5.66,4.06,132705.0,,,80.0,80.0,38.0,38.0,7.93,7.93,2419.0,18319.0,2486.0,18037.0,,,2.54,1.09,2.57,1.03,32832.0,32010.0,,3801.0,3357.0,7158.0,63.3,63.2,63.25,36.74,302.0,0,0,0,0,0,160.0,7158.0,63.25,4527.435,0.132049,0.137828,6.496,50.0,0.812,1101.908867,,
2022-01-27,2022,1,3,355.28,211.6,129.45,14.23,,,,,,,,,,80.0,80.0,,,,,,,,,,,,,,,,,,3949.0,3464.0,7413.0,,,,99.99,493.0,0,0,0,0,0,160.0,7413.0,,,,,,50.0,,,,
2022-01-28,2022,1,4,276.83,185.03,78.0,13.8,,,,,,,,,,80.0,80.0,,,,,,,,,,,,,,,,,,4042.0,3546.0,7588.0,,,,99.99,315.0,0,0,0,0,0,160.0,7588.0,,,,,,50.0,,,,
2022-01-29,2022,1,5,257.72,153.56,83.43,20.73,,,,,,,,,,80.0,80.0,,,,,,,,,,,,,,,,,,3847.0,3350.0,7197.0,,,,99.99,404.0,0,0,0,0,0,160.0,7197.0,,,,,,50.0,,,,
2022-01-30,2022,1,6,0.0,0.0,0.0,0.0,,,,,,,,,,80.0,80.0,,,,,,,,,,,,,,,,,,3649.0,3335.0,6984.0,,,,,258.0,0,0,0,0,0,160.0,6984.0,,,,,,50.0,,,,
2022-01-31,2022,1,0,174.09,129.79,0.0,44.3,,,,,,,,,,82.0,82.0,,,,,,,,,,,,,,,,,,3870.0,3420.0,7290.0,,,,,208.0,0,0,0,0,0,164.0,7290.0,,,,,,48.780488,,,,
2022-02-01,2022,2,1,0.0,0.0,0.0,0.0,,,,,,,,,,82.0,82.0,,,,,,,,,,,,,,,,,,3849.0,3379.0,7228.0,,,,99.99,215.0,0,0,0,0,0,164.0,7228.0,,,,,,48.780488,,,,
2022-02-02,2022,2,2,80.67,80.67,0.0,0.0,,,,,,,,,,82.0,82.0,,,,,,,,,,,,,,,,,,3969.0,3524.0,7493.0,,,,99.99,198.0,0,0,0,0,0,164.0,7493.0,,,,,,48.780488,,,,
2022-02-03,2022,2,3,297.94,212.25,65.18,20.51,7.9,,1.7,4.59,6.24,4.46,253392.0,11139.0,,82.0,82.0,38.0,38.0,7.89,7.9,2573.0,17969.0,2639.0,18129.0,,,2.66,1.1,2.75,1.03,27650.0,25840.0,5334.0,4021.0,3558.0,7579.0,63.1,62.9,63.0,36.99,271.0,0,0,0,0,0,164.0,7579.0,63.0,4774.77,0.143191,0.145568,7.3144,48.780488,0.9143,1036.175216,,
2022-02-04,2022,2,4,381.69,185.27,181.61,14.81,7.99,2.72,1.24,4.56,6.13,4.51,140585.0,5298.0,,84.0,84.0,38.0,38.0,7.9,7.91,2639.0,17825.0,2743.0,17959.0,,,2.79,1.2,2.87,1.13,31692.0,32056.0,5090.0,4143.0,3693.0,7836.0,62.9,62.7,62.8,37.19,226.0,0,0,0,0,0,168.0,7836.0,62.8,4921.008,0.14805,0.152737,7.5768,47.619048,0.9471,1034.209693,,
2022-02-05,2022,2,5,128.32,51.4,57.25,19.67,,,,,,,,,,86.0,86.0,,,,,,,,,,,,,,,,,,4414.0,3906.0,8320.0,,,,99.99,234.0,0,0,0,0,0,172.0,8320.0,,,,,,46.511628,,,,
2022-02-06,2022,2,6,0.0,0.0,0.0,0.0,,,,,,,,,,88.0,88.0,,,,,,,,,,,,,,,,,,4681.0,3928.0,8609.0,,,,,273.0,0,0,0,0,0,176.0,8609.0,,,,,,45.454545,,,,
2022-02-07,2022,2,0,222.54,162.6,39.01,20.93,7.74,3.04,1.41,4.48,6.56,4.8,156719.0,5196.0,2473.0,90.0,90.0,38.0,38.0,7.91,7.9,2499.0,18136.0,2436.0,18043.0,3947.0,4761.0,2.52,0.99,2.62,0.83,26582.0,29410.0,5070.0,4872.0,4188.0,9060.0,62.2,62.3,,,208.0,0,0,0,0,0,180.0,9060.0,62.25,5639.85,0.137792,0.135011,8.64,44.444444,1.08,1048.611111,395.04069,466.727556
2022-02-08,2022,2,1,257.99,157.43,89.64,10.92,7.58,,1.98,4.52,6.45,4.6,167737.0,,,90.0,90.0,38.0,38.0,7.9,7.89,2648.0,17953.0,2619.0,18109.0,,,2.46,1.1,2.57,0.93,32677.0,64012.0,,4883.0,4332.0,9215.0,62.0,62.1,62.05,37.94,511.0,0,0,0,0,0,180.0,9215.0,62.05,5717.9075,0.147496,0.144624,8.28,44.444444,1.035,1112.922705,,
2022-02-09,2022,2,2,306.88,80.28,205.33,21.27,7.85,,1.68,4.46,6.52,4.71,159550.0,,,90.0,90.0,38.0,38.0,7.89,7.88,2589.0,18040.0,2669.0,17849.0,,,2.51,1.14,2.61,1.08,34053.0,32965.0,,5128.0,4496.0,9624.0,62.2,62.1,62.15,37.84,282.0,0,0,0,0,0,180.0,9624.0,62.15,5981.316,0.143514,0.149532,8.478,44.444444,1.05975,1135.17339,,
2022-02-10,2022,2,3,194.79,106.05,77.13,11.61,7.66,2.21,1.3,4.42,6.47,4.8,149523.0,,,90.0,90.0,38.0,38.0,7.91,7.9,2460.0,18209.0,2734.0,18074.0,,,2.59,1.07,2.74,1.11,31258.0,33659.0,,4930.0,4355.0,9285.0,61.8,61.9,61.85,38.14,161.0,0,0,0,0,0,180.0,9285.0,61.85,5742.7725,0.135098,0.151267,8.64,44.444444,1.08,1074.652778,,
2022-02-11,2022,2,4,142.09,129.85,0.0,12.24,7.75,,1.31,4.38,6.51,4.72,153082.0,,,90.0,90.0,38.0,38.0,7.92,7.91,2644.0,18099.0,2690.0,18464.0,,,2.61,1.09,2.69,1.08,32496.0,34087.0,,4816.0,4248.0,9064.0,61.9,62.0,,,314.0,0,0,0,0,0,180.0,9064.0,61.95,5615.148,0.146085,0.145689,8.496,44.444444,1.062,1066.854991,,
2022-02-12,2022,2,5,162.3,52.57,88.2,21.53,,,,,,,,,,90.0,90.0,,,,,,,,,,,,,,,,,,4904.0,4328.0,9232.0,,,,,278.0,0,0,0,0,0,180.0,9232.0,,,,,,44.444444,,,,
2022-02-13,2022,2,6,0.0,0.0,0.0,0.0,,,,,,,,,,90.0,90.0,,,,,,,,,,,,,,,,,,4754.0,4074.0,8828.0,,,,,232.0,0,0,0,0,0,180.0,8828.0,,,,,,44.444444,,,,
2022-02-14,2022,2,0,264.75,109.19,133.68,21.88,7.91,,1.14,4.43,6.23,4.64,131237.0,5592.0,2697.0,90.0,90.0,38.0,38.0,7.9,7.89,2519.0,17869.0,2634.0,18072.0,4279.0,4741.0,2.64,0.89,2.5,0.94,25856.0,28169.0,5631.0,4636.0,4098.0,8734.0,61.7,61.8,,,279.0,0,0,0,0,0,180.0,8734.0,61.75,5393.245,0.14097,0.14575,8.352,44.444444,1.044,1045.737548,419.476415,455.203312
2022-02-15,2022,2,1,253.11,158.59,83.51,11.01,7.74,,1.79,4.59,5.97,4.36,132075.0,,,90.0,90.0,38.0,38.0,7.92,7.91,2439.0,18163.0,2484.0,17939.0,,,2.59,1.07,2.32,0.94,26565.0,31371.0,,4395.0,3854.0,8249.0,62.1,62.2,62.15,37.84,279.0,0,0,0,0,0,180.0,8249.0,62.15,5126.7535,0.134284,0.138469,7.848,44.444444,0.981,1051.095821,,
2022-02-16,2022,2,2,111.23,52.86,38.74,19.63,7.59,4.36,2.7,4.46,5.99,4.45,129206.0,,,88.0,89.0,38.0,38.0,7.94,7.93,2576.0,18230.0,2399.0,18082.0,,,2.79,1.12,2.12,1.03,28756.0,32415.0,,4524.0,3973.0,8497.0,62.3,62.4,62.35,37.64,321.0,0,0,0,0,0,177.0,8497.0,62.35,5297.8795,0.141306,0.132673,7.8765,45.19774,0.984562,1078.778645,,
2022-02-17,2022,2,3,179.64,105.67,65.26,8.71,7.86,,1.46,4.54,6.21,4.47,101747.0,,,90.0,90.0,38.0,38.0,7.99,7.98,2389.0,18170.0,2419.0,18296.0,,,2.29,0.91,2.63,0.96,30214.0,27334.0,,4573.0,3963.0,8536.0,62.7,62.9,62.8,37.19,208.0,0,0,0,0,0,180.0,8536.0,62.8,5360.608,0.13148,0.132215,8.046,44.444444,1.00575,1060.899826,,
2022-02-18,2022,2,4,226.34,79.64,134.6,12.1,7.88,,1.75,4.76,5.9,4.47,106129.0,,,90.0,90.0,38.0,38.0,7.98,7.97,2439.0,17903.0,2324.0,17819.0,,,2.61,1.18,2.68,1.13,28776.0,26333.0,,4429.0,3845.0,8274.0,62.6,62.7,62.65,37.34,297.0,0,0,0,0,0,180.0,8274.0,62.65,5183.661,0.136234,0.130423,8.046,44.444444,1.00575,1028.337062,,
2022-02-19,2022,2,5,199.76,77.39,104.31,18.06,,,,,,,,,,90.0,90.0,,,,,,,,,,,,,,,,,,4385.0,3782.0,8167.0,,,,,346.0,0,0,0,0,0,180.0,8167.0,,,,,,44.444444,,,,
2022-02-20,2022,2,6,0.0,0.0,0.0,0.0,,,,,,,,,,90.0,90.0,,,,,,,,,,,,,,,,,,4088.0,3536.0,7624.0,,,,,291.0,0,0,0,0,0,180.0,7624.0,,,,,,44.444444,,,,
2022-02-21,2022,2,0,188.87,82.33,84.99,21.55,7.69,,1.54,4.87,6.11,4.32,109222.0,4798.0,,90.0,90.0,38.0,38.0,8.04,8.04,2319.0,18136.0,2389.0,18004.0,,,2.62,1.08,2.57,0.87,23816.0,24976.0,4617.0,4294.0,3719.0,8013.0,63.1,63.3,,,315.0,0,0,0,0,0,180.0,8013.0,63.2,5064.216,0.127867,0.132693,7.776,44.444444,0.972,1030.478395,,
2022-02-22,2022,2,1,283.18,158.06,114.93,10.19,7.63,3.19,1.84,4.82,6.2,4.37,93696.0,,,90.0,90.0,38.0,38.0,8.02,8.02,2384.0,18659.0,2460.0,18289.0,,,2.52,0.98,2.34,0.95,30275.0,28525.0,,4443.0,3855.0,8298.0,63.2,63.2,,,283.0,0,0,0,0,0,180.0,8298.0,63.2,5244.336,0.127767,0.134507,7.866,44.444444,0.98325,1054.919908,,
2022-02-23,2022,2,2,152.33,0.0,135.64,16.69,7.78,,1.54,4.74,6.34,4.59,97519.0,,,90.0,90.0,38.0,38.0,8.0,8.01,2475.0,18349.0,2340.0,18069.0,,,2.44,1.09,2.61,1.14,22238.0,25094.0,,4603.0,3904.0,8507.0,62.5,62.7,62.6,37.39,311.0,0,0,0,0,0,180.0,8507.0,62.6,5325.382,0.134885,0.129504,8.262,44.444444,1.03275,1029.653837,,
2022-02-24,2022,2,3,289.98,130.54,147.3,12.14,7.76,,1.72,5.01,5.77,4.51,101036.0,,,90.0,90.0,38.0,38.0,8.01,8.01,2374.0,18179.0,2287.0,18109.0,,,2.45,1.19,2.51,1.13,26596.0,20582.0,,4350.0,3751.0,8101.0,62.8,62.9,62.85,37.14,432.0,0,0,0,0,0,180.0,8101.0,62.85,5091.4785,0.13059,0.126291,8.118,44.444444,1.01475,997.905888,,
2022-02-25,2022,2,4,93.72,80.76,0.0,12.96,7.48,3.05,1.84,4.8,5.88,4.27,110217.0,,,90.0,90.0,38.0,38.0,8.02,8.02,2460.0,18420.0,2294.0,18289.0,,,2.55,1.1,2.54,0.96,25893.0,23614.0,,4450.0,3896.0,8346.0,62.6,62.6,62.6,37.39,308.0,0,0,0,0,0,180.0,8346.0,62.6,5224.596,0.13355,0.125431,7.686,44.444444,0.96075,1085.870414,,
2022-02-26,2022,2,5,231.83,103.83,109.12,18.88,,,,,,,,,,90.0,90.0,,,,,,,,,,,,,,,,,,4529.0,3876.0,8405.0,,,,99.99,317.0,0,0,0,0,0,180.0,8405.0,,,,,,44.444444,,,,
2022-02-27,2022,2,6,0.0,0.0,0.0,0.0,,,,,,,,,,90.0,90.0,,,,,,,,,,,,,,,,,,4600.0,3894.0,8494.0,,,,99.99,374.0,0,0,0,0,0,180.0,8494.0,,,,,,44.444444,,,,
2022-02-28,2022,2,0,227.5,136.45,70.47,20.58,7.66,3.08,1.76,4.64,5.96,4.24,108086.0,4525.0,,90.0,90.0,38.0,38.0,8.02,7.99,2465.0,18119.0,2418.0,18059.0,,,2.53,1.08,2.59,0.94,24796.0,24825.0,5144.0,4621.0,3957.0,8578.0,62.4,62.4,62.4,37.59,391.0,0,0,0,0,0,180.0,8578.0,62.4,5352.672,0.136045,0.133894,7.632,44.444444,0.954,1123.951782,,
2022-03-01,2022,3,1,288.28,130.22,146.35,11.71,8.1,3.16,1.65,4.66,6.21,4.51,113787.0,,,90.0,90.0,38.0,38.0,8.03,8.02,2399.0,18310.0,2326.0,18182.0,,,2.43,0.89,2.55,0.96,23193.0,26656.0,,4809.0,4048.0,8857.0,62.0,61.9,,,205.0,0,0,0,0,0,180.0,8857.0,61.95,5486.9115,0.131021,0.127929,8.118,44.444444,1.01475,1091.032274,,
2022-03-02,2022,3,2,136.63,53.83,66.68,16.12,7.43,,2.21,4.69,6.14,4.52,125639.0,,,90.0,90.0,38.0,38.0,8.03,8.01,2448.0,18189.0,2286.0,18209.0,,,2.62,1.05,2.44,0.95,24709.0,27554.0,,4729.0,4029.0,8758.0,62.1,62.2,62.15,37.84,61.0,0,0,0,0,0,180.0,8758.0,62.15,5443.097,0.134587,0.125542,8.136,44.444444,1.017,1076.450344,,
2022-03-03,2022,3,3,180.6,79.15,88.56,12.89,7.75,,1.52,4.72,6.26,4.56,122836.0,,,90.0,90.0,38.0,38.0,8.04,8.02,2390.0,18419.0,2469.0,18139.0,,,2.58,1.05,2.52,0.99,25306.0,26375.0,,4835.0,4134.0,8969.0,62.3,62.1,62.2,37.79,244.0,0,0,0,0,0,180.0,8969.0,62.2,5578.718,0.129757,0.136116,8.208,44.444444,1.026,1092.714425,,
2022-03-04,2022,3,4,209.25,106.89,89.18,13.18,7.84,3.35,2.08,4.66,6.39,4.71,127762.0,,,90.0,90.0,38.0,38.0,8.02,8.0,2439.0,18439.0,2383.0,18050.0,,,2.64,1.08,2.62,1.04,27709.0,30865.0,,4793.0,4099.0,8892.0,62.1,62.3,62.2,37.79,316.0,0,0,0,0,0,180.0,8892.0,62.2,5530.824,0.132274,0.132022,8.478,44.444444,1.05975,1048.832272,,
2022-03-05,2022,3,5,155.3,79.18,57.08,19.04,,,,,,,,,,90.0,90.0,,,,,,,,,,,,,,,,,,4570.0,3904.0,8474.0,,,,99.99,285.0,0,0,0,0,0,180.0,8474.0,,,,,,44.444444,,,,
2022-03-06,2022,3,6,0.0,0.0,0.0,0.0,,,,,,,,,,90.0,90.0,,,,,,,,,,,,,,,,,,4772.0,4070.0,8842.0,,,,,288.0,0,0,0,0,0,180.0,8842.0,,,,,,44.444444,,,,
2022-03-07,2022,3,0,163.1,104.92,38.25,19.93,,,,,,,,,,90.0,90.0,,,,,,,,,,,,,,,,,,5006.0,4352.0,9358.0,62.2,62.3,,,302.0,0,0,0,0,0,180.0,9358.0,62.25,5825.355,,,,44.444444,,,,
2022-03-08,2022,3,1,227.41,126.91,91.43,9.07,7.81,,1.94,4.69,6.33,4.8,116827.0,5719.0,,90.0,90.0,38.1,38.0,7.93,7.95,2269.0,17939.0,2485.0,17819.0,,,2.48,1.11,2.54,1.14,22530.0,26426.0,4720.0,4841.0,4154.0,8995.0,62.9,62.8,62.85,37.14,186.0,0,0,0,0,0,180.0,8995.0,62.85,5653.3575,0.126484,0.139458,8.64,44.444444,1.08,1041.087963,,
2022-03-09,2022,3,2,250.1,54.06,178.92,17.12,7.79,,1.83,4.72,6.51,4.87,132448.0,,,87.0,87.0,38.1,38.0,8.0,7.99,2450.0,17839.0,2547.0,17860.0,,,2.56,1.1,2.35,0.95,26051.0,26764.0,,4803.0,4119.0,8922.0,62.7,62.6,62.65,37.34,316.0,0,0,0,0,0,174.0,8922.0,62.65,5589.633,0.13734,0.142609,8.4738,45.977011,1.059225,1052.892445,,
2022-03-10,2022,3,3,145.24,53.84,77.06,14.34,7.48,3.82,2.42,4.76,6.58,4.86,123223.0,,,84.0,84.0,38.1,38.0,8.01,8.0,2488.0,17860.0,2648.0,17969.0,,,2.65,1.19,2.43,1.04,33713.0,33571.0,,4603.0,4001.0,8604.0,62.3,62.4,62.35,37.64,312.0,0,0,0,0,0,168.0,8604.0,62.35,5364.594,0.139306,0.147365,8.1648,47.619048,1.0206,1053.791887,,
2022-03-11,2022,3,4,146.9,133.72,0.0,13.18,7.81,,1.96,4.72,6.64,4.91,129152.0,,,81.0,81.0,38.1,38.0,8.02,8.01,2386.0,17919.0,2570.0,18219.0,,,2.58,1.12,2.49,1.08,31493.0,30944.0,,4288.0,3794.0,8082.0,62.3,62.2,62.25,37.74,297.0,0,0,0,0,0,162.0,8082.0,62.25,5031.045,0.133155,0.141062,7.9542,49.382716,0.994275,1016.066983,,
2022-03-12,2022,3,5,235.5,81.12,136.87,17.51,,,,,,,,,,78.0,78.0,,,,,,,,,,,,,,,,,,4182.0,3617.0,7799.0,,,,99.99,311.0,0,0,0,0,0,156.0,7799.0,,,,,,51.282051,,,,
2022-03-13,2022,3,6,0.0,0.0,0.0,0.0,,,,,,,,,,75.0,75.0,,,,,,,,,,,,,,,,,,4055.0,3409.0,7464.0,,,,,227.0,0,0,0,0,0,150.0,7464.0,,,,,,53.333333,,,,
2022-03-14,2022,3,0,283.52,107.78,155.81,19.93,8.09,,1.75,4.77,6.21,4.76,108386.0,5190.0,,72.0,72.0,38.1,38.0,8.01,8.02,2345.0,18160.0,2446.0,17969.0,,,2.42,1.18,2.43,1.14,24458.0,26336.0,5517.0,3783.0,3283.0,7066.0,62.1,62.3,,,249.0,0,0,0,0,0,144.0,7066.0,62.2,4395.052,0.12913,0.136123,6.8544,55.555556,0.8568,1030.870682,,
2022-03-15,2022,3,1,247.61,160.13,76.93,10.55,7.69,,1.83,4.69,6.05,4.42,115704.0,,,72.0,72.0,38.1,38.0,8.03,8.03,2468.0,17839.0,2361.0,17919.0,,,2.31,0.98,2.47,1.15,30470.0,34015.0,,3796.0,3140.0,6936.0,62.0,62.1,62.05,37.94,213.0,0,0,0,0,0,144.0,6936.0,62.05,4303.788,0.138349,0.13176,6.3648,55.555556,0.7956,1089.74359,,
2022-03-16,2022,3,2,121.37,104.89,0.0,16.48,7.91,3.15,2.03,4.51,6.53,5.0,119701.0,,,72.0,72.0,38.1,38.0,8.05,8.04,2362.0,18269.0,2561.0,18110.0,,,2.65,1.24,2.47,1.11,23258.0,30241.0,,4077.0,3499.0,7576.0,61.8,61.7,61.75,38.24,316.0,0,0,0,0,0,144.0,7576.0,61.75,4678.18,0.12929,0.141414,7.2,55.555556,0.9,1052.222222,,
2022-03-17,2022,3,3,183.5,81.79,88.3,13.41,8.16,,1.87,4.51,6.48,4.85,139994.0,,,72.0,72.0,38.1,38.0,8.0,7.99,2514.0,18030.0,2435.0,17940.0,,,2.72,1.28,2.72,1.15,32106.0,29226.0,,3884.0,3338.0,7222.0,62.4,62.5,62.45,37.54,126.0,0,0,0,0,0,144.0,7222.0,62.45,4510.139,0.139434,0.13573,6.984,55.555556,0.873,1034.077892,,
2022-03-18,2022,3,4,302.25,109.61,179.01,13.63,7.96,,7.75,4.58,6.39,4.66,128605.0,,,72.0,72.0,38.1,38.0,8.01,8.0,2357.0,18279.0,2634.0,18119.0,,,2.69,1.19,2.58,1.14,30646.0,31794.0,,3635.0,3175.0,6810.0,62.2,62.4,,,267.0,0,0,0,0,0,144.0,6810.0,62.3,4242.63,0.128946,0.145372,6.7104,55.555556,0.8388,1014.842632,,
2022-03-19,2022,3,5,179.48,104.3,58.06,17.12,,,,,,,,,,72.0,72.0,,,,,,,,,,,,,,,,,,3711.0,3332.0,7043.0,,,,99.99,254.0,0,0,0,0,0,144.0,7043.0,,,,,,55.555556,,,,
2022-03-20,2022,3,6,0.0,0.0,0.0,0.0,,,,,,,,,,72.0,72.0,,,,,,,,,,,,,,,,,,3875.0,3225.0,7100.0,,,,,250.0,0,0,0,0,0,144.0,7100.0,,,,,,55.555556,,,,
2022-03-21,2022,3,0,283.25,131.26,130.62,21.37,7.48,,2.08,4.73,6.44,4.57,134567.0,5673.0,,72.0,72.0,38.1,38.0,8.05,8.05,2289.0,17969.0,2366.0,18009.0,,,2.55,1.09,2.41,0.85,20901.0,21815.0,5086.0,3903.0,3375.0,7278.0,62.6,62.6,,,153.0,0,0,0,0,0,144.0,7278.0,62.6,4556.028,0.127386,0.131379,6.5808,55.555556,0.8226,1105.944566,,
2022-03-22,2022,3,1,0.0,0.0,0.0,0.0,,,,,,,,,,72.0,72.0,,,,,,,,,,,,,,,,,,4031.0,3439.0,7470.0,,,,,237.0,0,0,0,0,0,144.0,7470.0,,,,,,55.555556,,,,
2022-03-23,2022,3,2,187.91,81.06,89.32,17.53,8.03,3.12,1.82,4.75,6.64,4.93,137410.0,,,72.0,72.0,38.1,38.0,8.11,8.12,2406.0,16978.0,2644.0,17268.0,,,2.51,1.08,2.44,1.24,30209.0,25509.0,,4237.0,3569.0,7806.0,62.4,62.3,,,198.0,0,0,0,0,0,144.0,7806.0,62.35,4867.041,0.141713,0.153116,7.0992,55.555556,0.8874,1099.560514,,
2022-03-24,2022,3,3,170.8,81.31,75.46,14.03,8.03,,1.46,4.87,6.56,4.96,139200.0,,,72.0,72.0,38.0,38.14,8.12,8.14,3029.0,17569.0,2866.0,17769.0,,,2.47,1.15,2.73,1.21,30187.0,26531.0,,3832.0,3392.0,7224.0,62.3,62.4,,,182.0,0,0,0,0,0,144.0,7224.0,62.35,4504.164,0.172406,0.161292,7.1424,55.555556,0.8928,1011.424731,,
2022-03-25,2022,3,4,169.85,133.06,23.38,13.41,7.75,,2.41,4.76,6.92,5.14,141464.0,,,72.0,72.0,38.0,38.1,8.11,8.1,3017.0,17328.0,2742.0,17668.0,,,2.6,1.17,2.75,1.03,31942.0,25480.0,,3984.0,3435.0,7419.0,62.1,62.2,62.15,37.84,214.0,0,0,0,0,0,144.0,7419.0,62.15,4610.9085,0.174111,0.155196,7.4016,55.555556,0.9252,1002.350843,,
2022-03-26,2022,3,5,220.67,108.27,91.7,20.7,,,,,,,,,,72.0,72.0,,,,,,,,,,,,,,,,,,4099.0,3495.0,7594.0,,,,99.99,198.0,0,0,0,0,0,144.0,7594.0,,,,,,55.555556,,,,
2022-03-27,2022,3,6,0.0,0.0,0.0,0.0,,,,,,,,,,72.0,72.0,,,,,,,,,,,,,,,,,,3879.0,3348.0,7227.0,,,,,235.0,0,0,0,0,0,144.0,7227.0,,,,,,55.555556,,,,
2022-03-28,2022,3,0,308.13,105.41,181.13,21.59,7.77,,2.2,4.88,5.88,4.16,114639.0,4937.0,,72.0,72.0,38.0,38.1,8.05,8.04,2848.0,17619.0,2490.0,17768.0,,,2.52,1.08,2.33,0.76,30613.0,21804.0,5201.0,3719.0,3220.0,6939.0,63.0,63.1,,,264.0,0,0,0,0,0,144.0,6939.0,63.05,4375.0395,0.161644,0.14014,5.9904,55.555556,0.7488,1158.353365,,
2022-03-29,2022,3,1,223.47,157.06,56.66,9.75,7.66,3.46,2.14,4.91,5.78,4.18,123181.0,,,72.0,72.0,38.0,38.0,8.04,8.04,2769.0,17435.0,2413.0,17669.0,,,2.59,1.17,2.69,1.13,31155.0,28524.0,,3881.0,3284.0,7165.0,63.1,63.3,63.2,36.79,246.0,0,0,0,0,0,144.0,7165.0,63.2,4528.28,0.158818,0.136567,6.0192,55.555556,0.7524,1190.357523,,
2022-03-30,2022,3,2,195.0,135.03,42.26,17.71,7.72,,2.14,4.84,5.89,4.26,111367.0,,,74.0,74.0,38.0,38.1,8.04,8.05,2848.0,17379.0,2396.0,17898.0,,,2.52,1.08,2.55,1.05,28146.0,27611.0,,4081.0,3532.0,7613.0,63.3,63.2,,,225.0,0,0,0,0,0,148.0,7613.0,63.25,4815.2225,0.163876,0.13387,6.3048,54.054054,0.7881,1207.492704,,
2022-03-31,2022,3,3,151.76,53.89,83.45,14.42,7.54,,2.65,4.81,5.81,4.26,124384.0,,,79.0,80.0,38.0,38.1,8.04,8.05,3049.0,17538.0,2631.0,17998.0,,,2.53,1.18,2.61,1.15,27956.0,25406.0,,4364.0,3772.0,8136.0,62.8,62.9,62.85,37.14,285.0,0,0,0,0,0,159.0,8136.0,62.85,5113.476,0.173851,0.146183,6.7734,50.314465,0.846675,1201.16928,,
2022-04-01,2022,4,4,281.25,133.97,134.56,12.72,7.94,4.21,2.84,4.78,5.91,4.29,129345.0,,,84.0,84.0,38.0,38.1,8.05,8.05,2798.0,17628.0,2438.0,17798.0,,,2.56,1.12,2.64,1.16,28427.0,27765.0,,4608.0,3967.0,8575.0,62.9,63.1,,,313.0,0,0,0,0,0,168.0,8575.0,63.0,5402.25,0.158725,0.136982,7.2072,47.619048,0.9009,1189.78244,,
2022-04-02,2022,4,5,158.5,81.7,57.32,19.48,,,,,,,,,,84.0,84.0,,,,,,,,,,,,,,,,,,4660.0,4056.0,8716.0,,,,99.99,311.0,0,0,0,0,0,168.0,8716.0,,,,,,47.619048,,,,
2022-04-03,2022,4,6,46.31,0.0,46.31,0.0,,,,,,,,,,84.0,84.0,,,,,,,,,,,,,,,,,,4504.0,3856.0,8360.0,,,,,260.0,0,0,0,0,0,168.0,8360.0,,,,,,47.619048,,,,
2022-04-04,2022,4,0,219.82,160.03,38.62,21.17,,,,,,,,,,87.0,87.0,,,,,,,,,,,,,,,,,,4744.0,4155.0,8899.0,,,,,274.0,0,0,0,0,0,174.0,8899.0,,,,,,45.977011,,,,
2022-04-05,2022,4,1,287.38,183.32,91.45,12.61,,,,,,,,,,90.0,90.0,,,,,,,,,,,,,,,,,,5217.0,4538.0,9755.0,,,,99.99,267.0,0,0,0,0,0,180.0,9755.0,,,,,,44.444444,,,,
2022-04-06,2022,4,2,280.86,80.68,181.47,18.71,7.74,,3.19,4.75,6.18,4.48,123738.0,5327.0,,90.0,90.0,38.0,38.0,8.08,8.08,2865.0,18019.0,3042.0,18118.0,,,2.64,1.24,2.61,1.32,21627.0,28064.0,5482.0,5402.0,4582.0,9984.0,62.8,63.0,62.9,37.09,314.0,0,0,0,0,0,180.0,9984.0,62.9,6279.936,0.158999,0.167899,8.064,44.444444,1.008,1238.095238,,
2022-04-07,2022,4,3,195.76,105.23,77.0,13.53,7.75,2.76,1.83,4.74,6.3,4.45,129269.0,,,90.0,90.0,38.0,38.0,8.08,8.09,2658.0,17809.0,2949.0,18048.0,,,2.51,1.08,2.53,1.14,27610.0,31110.0,,5534.0,4727.0,10261.0,62.6,62.9,62.75,37.24,326.0,0,0,0,0,0,180.0,10261.0,62.75,6438.7775,0.14925,0.163398,8.01,44.444444,1.00125,1281.02372,,
2022-04-08,2022,4,4,147.21,133.65,0.0,13.56,7.88,,1.9,4.7,6.48,4.57,138880.0,5173.0,,90.0,90.0,37.7,38.0,8.07,8.08,2739.0,17939.0,2689.0,18038.0,,,2.62,1.08,2.69,1.04,31467.0,27125.0,5199.0,5555.0,4748.0,10303.0,63.0,63.2,63.1,36.89,321.0,0,0,0,0,0,180.0,10303.0,63.1,6501.193,0.152684,0.149074,8.226,44.444444,1.02825,1252.492098,,
2022-04-09,2022,4,5,221.03,109.4,91.34,20.29,,,,,,,,,,90.0,90.0,,,,,,,,,,,,,,,,,,5561.0,4854.0,10415.0,,,,99.99,311.0,0,0,0,0,0,180.0,10415.0,,,,,,44.444444,,,,
2022-04-10,2022,4,6,0.0,0.0,0.0,0.0,,,,,,,,,,90.0,90.0,,,,,,,,,,,,,,,,,,5485.0,4732.0,10217.0,,,,,312.0,0,0,0,0,0,180.0,10217.0,,,,,,44.444444,,,,
2022-04-11,2022,4,0,342.92,187.66,131.93,23.33,7.88,3.56,1.9,4.7,6.48,4.57,138880.0,5173.0,,90.0,90.0,37.7,38.0,8.07,8.08,2739.0,17939.0,2689.0,18038.0,,,2.62,1.08,2.69,1.04,31467.0,27125.0,5199.0,5403.0,4712.0,10115.0,63.0,63.2,,,312.0,0,0,0,0,0,180.0,10115.0,63.1,6382.565,0.152684,0.149074,8.226,44.444444,1.02825,1229.637734,,
2022-04-12,2022,4,1,276.43,185.08,77.56,13.79,7.69,,1.81,4.65,6.56,4.71,132470.0,,,90.0,90.0,37.7,38.0,8.06,8.06,2818.0,17768.0,2734.0,18629.0,,,2.6,1.1,2.59,1.09,30351.0,29318.0,,5764.0,4879.0,10643.0,62.9,63.1,63.0,36.99,316.0,0,0,0,0,0,180.0,10643.0,63.0,6705.09,0.1586,0.14676,8.478,44.444444,1.05975,1255.366832,,
2022-04-13,2022,4,2,148.6,134.54,0.0,14.06,7.54,,1.72,4.47,7.2,5.22,137360.0,,,93.0,93.0,37.9,38.1,8.07,8.06,2995.0,17839.0,2849.0,18148.0,,,2.67,0.97,2.71,1.05,25503.0,24454.0,,6100.0,5216.0,11316.0,62.2,62.3,62.25,37.74,316.0,0,0,0,0,0,186.0,11316.0,62.25,7044.21,0.167891,0.156987,9.7092,43.010753,1.21365,1165.492523,,
2022-04-14,2022,4,3,282.66,133.9,130.36,18.4,7.63,2.45,1.52,4.33,7.27,5.39,159517.0,,,96.0,96.0,37.9,38.1,8.0,8.02,3069.0,18040.0,2939.0,17849.0,,,2.43,1.18,2.53,1.05,22536.0,22530.0,,6552.0,5605.0,12157.0,61.7,61.7,61.7,38.29,315.0,0,0,0,0,0,192.0,12157.0,61.7,7500.869,0.170122,0.164659,10.3488,41.666667,1.2936,1174.725572,,
2022-04-15,2022,4,4,337.26,189.02,135.0,13.24,7.72,,2.1,4.13,7.43,5.63,162014.0,,,96.0,96.0,38.1,38.1,7.85,7.85,3115.0,17629.0,2980.0,18049.0,,,2.49,1.07,2.59,1.03,24755.0,29739.0,,6599.0,5735.0,12334.0,62.1,62.0,62.05,37.94,315.0,0,0,0,0,0,192.0,12334.0,62.05,7653.247,0.176697,0.165106,10.8096,41.666667,1.3512,1141.022795,,
2022-04-16,2022,4,5,215.12,138.76,56.18,20.18,,,,,,,,,,96.0,96.0,,,,,,,,,,,,,,,,,,6578.0,5692.0,12270.0,,,,99.99,316.0,0,0,0,0,0,192.0,12270.0,,,,,,41.666667,,,,
2022-04-17,2022,4,6,0.0,0.0,0.0,0.0,,,,,,,,,,96.0,96.0,,,,,,,,,,,,,,,,,,6539.0,5694.0,12233.0,,,,,315.0,0,0,0,0,0,192.0,12233.0,,,,,,41.666667,,,,
2022-04-18,2022,4,0,246.68,185.58,38.77,22.33,7.36,,2.29,4.14,7.4,5.76,158113.0,5692.0,,96.0,96.0,38.0,38.0,7.78,7.78,3319.0,17425.0,3248.0,17589.0,,,2.73,1.34,2.59,1.22,24394.0,33799.0,5538.0,6653.0,5792.0,12445.0,62.1,62.3,,,243.0,0,0,0,0,0,192.0,12445.0,62.2,7740.79,0.190473,0.184661,11.0592,41.666667,1.3824,1125.307436,,
2022-04-19,2022,4,1,282.38,182.53,89.29,10.56,7.38,,1.42,4.12,7.35,5.73,149601.0,,,92.0,92.0,38.0,38.0,7.71,7.71,3648.0,17290.0,3319.0,17449.0,,,2.8,1.21,2.95,1.22,26934.0,31757.0,,6483.0,5563.0,12046.0,62.3,62.5,62.4,37.59,339.0,0,0,0,0,0,184.0,12046.0,62.4,7516.704,0.210989,0.190211,10.5432,43.478261,1.3179,1142.53737,,
2022-04-20,2022,4,2,282.25,80.13,183.55,18.57,7.61,2.92,1.62,4.13,7.59,5.62,148075.0,,,84.0,84.0,38.0,38.0,7.79,7.8,3269.0,17529.0,3158.0,17539.0,,,2.5,1.07,2.62,1.04,24756.0,27729.0,,6021.0,5171.0,11192.0,62.5,62.7,62.6,37.39,339.0,0,0,0,0,0,168.0,11192.0,62.6,7006.192,0.186491,0.180056,9.4416,47.619048,1.1802,1185.392306,,
2022-04-21,2022,4,3,249.04,159.85,77.42,11.77,7.48,3.61,2.12,4.08,7.64,5.66,147295.0,,,84.0,84.0,38.0,38.0,7.77,7.78,3068.0,17695.0,2949.0,17338.0,,,2.52,1.08,2.61,0.95,20782.0,25894.0,,5983.0,5153.0,11136.0,62.2,62.3,62.25,37.74,339.0,0,0,0,0,0,168.0,11136.0,62.25,6932.16,0.173382,0.170089,9.5088,47.619048,1.1886,1171.125694,,
2022-04-22,2022,4,4,135.61,77.8,41.51,16.3,7.61,2.84,1.56,4.05,7.58,5.61,150639.0,,,84.0,84.0,38.0,38.0,7.79,7.79,3119.0,17583.0,2838.0,17469.0,,,2.56,1.11,2.59,1.06,23886.0,26150.0,,5865.0,5044.0,10909.0,62.4,62.5,62.45,37.54,333.0,0,0,0,0,0,168.0,10909.0,62.45,6812.6705,0.177387,0.162459,9.4248,47.619048,1.1781,1157.478143,,
2022-04-23,2022,4,5,145.38,53.09,71.3,20.99,,,,,,,,,,86.0,86.0,,,,,,,,,,,,,,,,,,5745.0,4970.0,10715.0,,,,99.99,336.0,0,0,0,0,0,172.0,10715.0,,,,,,46.511628,,,,
2022-04-24,2022,4,6,0.0,0.0,0.0,0.0,,,,,,,,,,88.0,88.0,,,,,,,,,,,,,,,,,,5655.0,4889.0,10544.0,,,,,264.0,0,0,0,0,0,176.0,10544.0,,,,,,45.454545,,,,
2022-04-25,2022,4,0,298.41,184.23,91.59,22.59,7.8,3.2,1.63,4.43,6.57,4.78,160450.0,4807.0,,90.0,90.0,38.0,38.0,7.91,7.91,2879.0,17915.0,2679.0,17669.0,,,2.5,1.07,2.59,1.03,26210.0,26982.0,5076.0,5456.0,4677.0,10133.0,62.7,62.9,,,270.0,0,0,0,0,0,180.0,10133.0,62.8,6363.524,0.160703,0.151621,8.604,44.444444,1.0755,1177.708043,,
2022-04-26,2022,4,1,296.02,155.62,128.29,12.11,7.7,3.52,1.93,4.64,6.39,4.57,126155.0,,,90.0,90.0,38.0,38.0,7.93,7.93,2749.0,18052.0,2848.0,17845.0,,,2.6,1.17,2.58,0.94,30381.0,30361.0,,5303.0,4625.0,9928.0,62.6,62.7,62.65,37.34,428.0,0,0,0,0,0,180.0,9928.0,62.65,6219.892,0.152282,0.159597,8.226,44.444444,1.02825,1206.904936,,
2022-04-27,2022,4,2,168.84,107.25,38.86,22.73,7.62,3.24,1.58,4.59,6.31,4.52,140391.0,,,90.0,90.0,38.0,38.0,7.94,7.94,2669.0,17869.0,2775.0,17926.0,,,2.58,1.12,2.62,1.05,28946.0,29648.0,,5228.0,4634.0,9862.0,62.8,63.0,62.9,37.09,304.0,0,0,0,0,0,180.0,9862.0,62.9,6203.198,0.149365,0.154803,8.136,44.444444,1.017,1212.143559,,
2022-04-28,2022,4,3,230.96,132.02,89.02,9.92,,,,,,,,,,90.0,90.0,,,,,,,,,,,,,,,,,,5230.0,4706.0,9936.0,,,,99.99,523.0,0,0,0,0,0,180.0,9936.0,,,,,,44.444444,,,,
2022-04-29,2022,4,4,305.89,107.3,181.71,16.88,,,,,,,,,,90.0,90.0,,,,,,,,,,,,,,,,,,5331.0,4782.0,10113.0,,,,99.99,363.0,0,0,0,0,0,180.0,10113.0,,,,,,44.444444,,,,
2022-04-30,2022,4,5,156.5,79.49,56.78,20.23,,,,,,,,,,90.0,90.0,,,,,,,,,,,,,,,,,,5559.0,4896.0,10455.0,,,,99.99,363.0,0,0,0,0,0,180.0,10455.0,,,,,,44.444444,,,,
2022-05-01,2022,5,6,0.0,0.0,0.0,0.0,,,,,,,,,,90.0,90.0,,,,,,,,,,,,,,,,,,5486.0,4835.0,10321.0,,,,,308.0,0,0,0,0,0,180.0,10321.0,,,,,,44.444444,,,,
2022-05-02,2022,5,0,308.47,184.76,113.31,10.4,7.84,3.19,1.61,4.37,6.36,4.58,156158.0,5240.0,,90.0,90.0,38.0,38.0,7.98,7.98,2769.0,18351.0,2918.0,18045.0,,,2.61,1.11,2.64,1.18,26384.0,28649.0,5238.0,5445.0,4860.0,10305.0,63.2,63.4,,,338.0,0,0,0,0,0,180.0,10305.0,63.3,6523.065,0.150891,0.161707,8.244,44.444444,1.0305,1250.0,,
2022-05-03,2022,5,1,262.61,158.48,82.91,21.22,7.38,3.86,2.3,4.48,6.99,5.04,148674.0,,,90.0,90.0,38.0,38.0,8.01,8.01,2668.0,18119.0,2619.0,17949.0,,,2.49,1.08,2.39,0.94,24959.0,27219.0,,5498.0,4921.0,10419.0,63.1,63.2,,,340.0,0,0,0,0,0,180.0,10419.0,63.15,6579.5985,0.147249,0.145913,9.072,44.444444,1.134,1148.478836,,
2022-05-04,2022,5,2,263.8,105.95,135.41,22.44,7.44,3.81,2.54,4.5,7.26,5.42,173224.0,,,90.0,90.0,38.0,38.0,8.0,7.99,2845.0,17839.0,2779.0,17885.0,,,2.56,1.18,2.64,1.19,23782.0,27882.0,,5624.0,5067.0,10691.0,62.7,62.9,62.8,37.19,338.0,0,0,0,0,0,180.0,10691.0,62.8,6713.948,0.159482,0.155382,9.756,44.444444,1.2195,1095.838458,,
2022-05-05,2022,5,3,245.91,158.05,78.54,9.32,7.33,3.62,2.35,4.42,7.26,5.57,157118.0,,,90.0,90.0,38.0,38.0,7.95,7.95,2831.0,17619.0,2915.0,17839.0,,,2.78,1.26,2.6,1.23,24458.0,25144.0,,5715.0,5151.0,10866.0,62.8,63.0,62.9,37.09,250.0,0,0,0,0,0,180.0,10866.0,62.9,6834.714,0.160679,0.163406,10.026,44.444444,1.25325,1083.782166,,
2022-05-06,2022,5,4,165.36,107.12,41.55,16.69,7.38,2.82,1.71,4.37,7.14,5.18,148712.0,,,90.0,90.0,38.0,38.0,7.96,7.96,2695.0,17689.0,2845.0,17619.0,,,2.63,1.09,2.57,1.03,32683.0,30148.0,,5835.0,5120.0,10955.0,63.0,63.1,63.05,36.94,339.0,0,0,0,0,0,180.0,10955.0,63.05,6907.1275,0.152355,0.161473,9.324,44.444444,1.1655,1174.924925,,
2022-05-07,2022,5,5,174.84,104.84,48.08,21.92,,,,,,,,,,90.0,90.0,,,,,,,,,,,,,,,,,,5914.0,5119.0,11033.0,,,,99.99,338.0,0,0,0,0,0,180.0,11033.0,,,,,,44.444444,,,,
2022-05-08,2022,5,6,27.21,27.21,0.0,0.0,,,,,,,,,,90.0,90.0,,,,,,,,,,,,,,,,,,5983.0,5215.0,11198.0,,,,,339.0,0,0,0,0,0,180.0,11198.0,,,,,,44.444444,,,,
2022-05-09,2022,5,0,391.35,185.68,181.41,24.26,7.74,3.38,1.91,4.36,7.03,5.16,176254.0,6477.0,,90.0,90.0,38.0,38.0,7.95,7.95,2873.0,17829.0,2728.0,17719.0,,,2.52,1.18,2.49,1.03,30144.0,31891.0,5432.0,6126.0,5072.0,11198.0,62.9,63.1,,,331.0,0,0,0,0,0,180.0,11198.0,63.0,7054.74,0.161142,0.153959,9.288,44.444444,1.161,1205.641688,,
2022-05-10,2022,5,1,275.44,185.15,77.13,13.16,7.3,4.82,2.99,4.35,6.89,5.28,140670.0,,,90.0,90.0,38.0,38.0,7.98,7.97,2786.0,17769.0,2814.0,17889.0,,,3.07,1.18,2.63,1.05,28980.0,27381.0,,6153.0,5109.0,11262.0,63.1,63.3,63.2,36.79,411.0,0,0,0,0,0,180.0,11262.0,63.2,7117.584,0.15679,0.157303,9.504,44.444444,1.188,1184.974747,,
2022-05-11,2022,5,2,153.2,130.82,0.0,22.38,7.22,3.79,2.25,4.37,7.37,5.5,160349.0,,,90.0,90.0,38.0,38.0,7.95,7.95,2815.0,17649.0,2949.0,17739.0,,,2.6,1.07,2.69,1.13,30555.0,30949.0,,6126.0,5206.0,11332.0,63.1,63.2,63.15,36.84,413.0,0,0,0,0,0,180.0,11332.0,63.15,7156.158,0.159499,0.166244,9.9,44.444444,1.2375,1144.646465,,
2022-05-12,2022,5,3,153.35,53.76,88.5,11.09,7.98,3.83,2.18,4.32,7.79,5.58,164914.0,,,90.0,90.0,38.0,38.0,7.98,7.98,3051.0,17889.0,3125.0,17815.0,,,2.73,1.09,2.94,1.03,30248.0,29527.0,,6376.0,5562.0,11938.0,62.7,62.8,,,346.0,0,0,0,0,0,180.0,11938.0,62.75,7491.095,0.170552,0.175414,10.044,44.444444,1.2555,1188.570291,,
2022-05-13,2022,5,4,306.43,110.03,180.09,16.31,7.85,3.42,2.04,4.41,7.54,5.45,170215.0,,,90.0,90.0,38.0,38.0,7.99,7.99,2891.0,17789.0,2966.0,17885.0,,,2.78,1.11,2.89,1.05,29625.0,30562.0,,6444.0,5657.0,12101.0,,,,99.99,315.0,0,0,0,0,0,180.0,12101.0,,,0.162516,0.165837,9.81,44.444444,1.22625,1233.537207,,
2022-05-14,2022,5,5,210.68,133.0,57.19,20.49,,,,,,,,,,90.0,90.0,,,,,,,,,,,,,,,,,,5986.0,5165.0,11151.0,,,,99.99,420.0,0,0,0,0,0,180.0,11151.0,,,,,,44.444444,,,,
2022-05-15,2022,5,6,27.43,27.43,0.0,0.0,,,,,,,,,,90.0,90.0,,,,,,,,,,,,,,,,,,5841.0,5049.0,10890.0,,,,,365.0,0,0,0,0,0,180.0,10890.0,,,,,,44.444444,,,,
2022-05-16,2022,5,0,247.68,186.63,38.98,22.07,7.61,3.24,1.89,4.5,7.14,5.12,189153.0,5657.0,,82.0,86.0,38.0,38.0,7.94,7.95,2748.0,18019.0,2894.0,17829.0,,,2.58,0.92,2.76,1.03,27983.0,29842.0,5007.0,5504.0,4940.0,10444.0,63.8,63.9,,,291.0,0,0,0,0,0,168.0,10444.0,63.85,6668.494,0.152506,0.16232,8.6016,47.619048,1.0752,1214.192708,,
2022-05-17,2022,5,1,259.12,158.58,89.61,10.93,7.76,3.08,1.89,4.43,7.16,5.27,179840.0,,,90.0,90.0,38.0,38.0,7.93,7.92,2895.0,17859.0,2761.0,17919.0,,,2.69,1.17,2.59,0.94,28469.0,30461.0,,5950.0,5156.0,11106.0,,,,,315.0,0,0,0,0,0,180.0,11106.0,,,0.162103,0.154082,9.486,44.444444,1.18575,1170.777989,,
2022-05-18,2022,5,2,360.52,159.12,178.95,22.45,7.82,3.16,1.89,4.31,7.56,5.71,163764.0,,,90.0,90.0,38.0,38.0,7.91,7.91,2941.0,17685.0,2926.0,17845.0,,,2.6,1.07,2.8,1.14,27794.0,27399.0,,6201.0,5359.0,11560.0,63.6,63.5,63.55,36.44,317.0,0,0,0,0,0,180.0,11560.0,63.55,7346.38,0.166299,0.163967,10.278,44.444444,1.28475,1124.732438,,
2022-05-19,2022,5,3,167.74,81.93,77.38,8.43,7.32,4.18,2.55,4.29,7.63,5.59,165771.0,,,88.0,87.0,38.0,38.0,7.94,7.94,2846.0,17756.0,3049.0,17586.0,,,2.51,1.17,2.83,1.21,25803.0,27538.0,,6161.0,5285.0,11446.0,63.2,63.3,,,243.0,0,0,0,0,0,175.0,11446.0,63.25,7239.595,0.160284,0.173377,9.7825,45.714286,1.222812,1170.048556,,
2022-05-20,2022,5,4,200.93,161.82,23.67,15.44,7.59,3.2,1.81,4.35,7.13,5.13,161843.0,,,87.0,87.0,38.0,38.0,7.94,7.95,2879.0,17439.0,3114.0,17519.0,,,2.63,1.09,2.98,1.23,26614.0,28351.0,,5726.0,4919.0,10645.0,63.3,63.2,63.25,36.74,311.0,0,0,0,0,0,174.0,10645.0,63.25,6732.9625,0.16509,0.17775,8.9262,45.977011,1.115775,1192.556743,,
2022-05-21,2022,5,5,251.22,137.05,91.68,22.49,,,,,,,,,,90.0,90.0,,,,,,,,,,,,,,,,,,5812.0,4970.0,10782.0,,,,99.99,449.0,0,0,0,0,0,180.0,10782.0,,,,,,44.444444,,,,
2022-05-22,2022,5,6,26.98,26.98,0.0,0.0,,,,,,,,,,90.0,90.0,,,,,,,,,,,,,,,,,,5680.0,4906.0,10586.0,,,,,314.0,0,0,0,0,0,180.0,10586.0,,,,,,44.444444,,,,
2022-05-23,2022,5,0,370.87,215.44,133.12,22.31,7.48,4.32,2.58,4.52,6.86,5.05,164809.0,6655.0,,90.0,90.0,38.0,38.0,7.95,7.94,2698.0,17615.0,2876.0,17404.0,,,2.78,1.27,2.79,1.14,26043.0,28554.0,5125.0,5639.0,4861.0,10500.0,63.6,63.8,,,338.0,0,0,0,0,0,180.0,10500.0,63.7,6688.5,0.153165,0.165249,9.09,44.444444,1.13625,1155.115512,,
2022-05-24,2022,5,1,274.17,185.47,77.88,10.82,7.49,3.79,2.21,4.43,7.02,5.1,169480.0,,,90.0,90.0,38.0,38.0,7.96,7.96,2765.0,17569.0,2925.0,17639.0,,,2.62,1.05,2.7,1.08,27153.0,28795.0,,5750.0,5017.0,10767.0,63.5,63.7,63.6,36.39,317.0,0,0,0,0,0,180.0,10767.0,63.6,6847.812,0.157379,0.165826,9.18,44.444444,1.1475,1172.875817,,
2022-05-25,2022,5,2,152.93,129.84,0.0,23.09,7.84,3.31,2.02,4.34,7.07,5.26,181578.0,,,90.0,90.0,38.0,38.0,7.94,7.93,2685.0,17849.0,2719.0,17585.0,,,2.67,1.16,2.62,1.04,29869.0,24062.0,,5982.0,5240.0,11222.0,63.8,63.8,63.8,36.19,321.0,0,0,0,0,0,180.0,11222.0,63.8,7159.636,0.150429,0.15462,9.468,44.444444,1.1835,1185.255598,,
2022-05-26,2022,5,3,180.37,79.59,88.95,11.83,,,,,,,,,,90.0,90.0,,,,,,,,,,,,,,,,,,6125.0,5322.0,11447.0,,,,99.99,325.0,0,0,0,0,0,180.0,11447.0,,,,,,44.444444,,,,
2022-05-27,2022,5,4,333.2,162.25,158.03,12.92,7.64,3.72,2.26,4.51,6.8,4.91,140784.0,,,90.0,90.0,,,7.98,7.99,2841.0,17685.0,2905.0,17509.0,,,2.71,1.18,2.68,1.22,30784.0,24188.0,,5962.0,5229.0,11191.0,64.1,64.0,64.05,35.94,321.0,0,0,0,0,0,180.0,11191.0,64.05,7167.8355,0.160645,0.165915,8.838,44.444444,1.10475,1266.236705,,
2022-05-28,2022,5,5,235.16,135.69,79.12,20.35,,,,,,,,,,90.0,90.0,,,,,,,,,,,,,,,,,,6090.0,5284.0,11374.0,,,,99.99,314.0,0,0,0,0,0,180.0,11374.0,,,,,,44.444444,,,,
2022-05-29,2022,5,6,0.0,0.0,0.0,0.0,,,,,,,,,,90.0,90.0,,,,,,,,,,,,,,,,,,6137.0,5392.0,11529.0,,,,99.99,321.0,0,0,0,0,0,180.0,11529.0,,,,,,44.444444,,,,
2022-05-30,2022,5,0,277.09,214.58,37.7,24.81,7.49,3.15,1.74,4.08,6.86,4.87,156555.0,6334.0,,90.0,90.0,38.0,38.0,8.07,8.07,2716.0,17588.0,2941.0,17869.0,,,2.78,1.17,3.07,1.23,23714.0,29512.0,5394.0,6177.0,5426.0,11603.0,63.7,63.8,,,339.0,0,0,0,0,0,180.0,11603.0,63.75,7396.9125,0.154423,0.164587,8.766,44.444444,1.09575,1323.636778,,
2022-05-31,2022,5,1,280.28,157.97,112.49,9.82,7.51,2.89,1.6,4.07,7.41,5.31,164180.0,,,90.0,90.0,38.0,38.0,7.97,7.97,2869.0,17249.0,2671.0,17725.0,,,2.6,1.08,2.62,0.95,26340.0,28735.0,,6217.0,5474.0,11691.0,63.7,63.9,,,320.0,0,0,0,0,0,180.0,11691.0,63.8,7458.858,0.166328,0.150691,9.558,44.444444,1.19475,1223.163842,,
2022-06-01,2022,6,2,309.61,105.59,181.16,22.86,,,,,,,,,,90.0,90.0,,,,,,,,,,,,,,,,,,6479.0,5662.0,12141.0,,,,99.99,365.0,0,0,0,0,0,180.0,12141.0,,,,,,44.444444,,,,
2022-06-02,2022,6,3,220.74,133.88,76.01,10.85,7.39,3.18,1.89,4.1,7.18,5.19,148326.0,,,90.0,90.0,38.0,38.0,7.95,7.96,2665.0,17639.0,2713.0,17658.0,,,2.51,0.98,2.58,1.03,28316.0,22826.0,,6184.0,5428.0,11612.0,63.5,63.6,63.55,36.44,408.0,0,0,0,0,0,180.0,11612.0,63.55,7379.426,0.151086,0.153641,9.342,44.444444,1.16775,1242.988653,,
2022-06-03,2022,6,4,152.88,136.68,0.0,16.2,7.54,3.29,1.78,4.13,7.25,5.24,150668.0,,,90.0,90.0,38.0,38.0,7.96,7.96,2721.0,17435.0,2852.0,17764.0,,,2.56,1.04,2.61,1.02,26683.0,25781.0,,5768.0,5107.0,10875.0,63.4,63.5,63.45,36.54,417.0,0,0,0,0,0,180.0,10875.0,63.45,6900.1875,0.156065,0.160549,9.432,44.444444,1.179,1152.989822,,
2022-06-04,2022,6,5,246.74,135.02,91.7,20.02,,,,,,,,,,90.0,90.0,,,,,,,,,,,,,,,,,,5785.0,5114.0,10899.0,,,,99.99,298.0,0,0,0,0,0,180.0,10899.0,,,,,,44.444444,,,,
2022-06-05,2022,6,6,0.0,0.0,0.0,0.0,,,,,,,,,,90.0,90.0,,,,,,,,,,,,,,,,,,5917.0,5265.0,11182.0,,,,,301.0,0,0,0,0,0,180.0,11182.0,,,,,,44.444444,,,,
2022-06-06,2022,6,0,389.06,186.97,180.04,22.05,7.63,4.82,2.75,4.29,6.55,4.55,143862.0,5204.0,,90.0,90.0,,,7.97,7.96,2615.0,18038.0,2688.0,17795.0,,,2.68,1.12,2.7,1.13,29089.0,29731.0,5410.0,5949.0,5215.0,11164.0,63.5,63.7,,,466.0,0,0,0,0,0,180.0,11164.0,63.6,7100.304,0.144972,0.151054,8.19,44.444444,1.02375,1363.125763,,
2022-06-07,2022,6,1,243.44,156.84,76.6,10.0,7.34,4.28,2.55,4.42,6.57,4.66,142291.0,,,90.0,90.0,38.0,38.2,7.99,7.99,2671.0,17885.0,2645.0,18129.0,,,2.69,1.07,2.63,1.03,26232.0,26656.0,,5654.0,4968.0,10622.0,63.9,64.1,64.0,35.99,257.0,0,0,0,0,0,180.0,10622.0,64.0,6798.08,0.149343,0.145899,8.388,44.444444,1.0485,1266.332856,,
2022-06-08,2022,6,2,205.6,181.7,0.0,23.9,7.34,3.75,2.19,4.33,6.61,4.79,,,,90.0,90.0,38.0,38.1,8.0,8.01,2853.0,18109.0,2746.0,18045.0,,,2.86,1.18,2.94,1.22,28861.0,27675.0,,5828.0,5119.0,10947.0,64.1,64.3,64.2,35.79,398.0,0,0,0,0,0,180.0,10947.0,64.2,7027.974,0.157546,0.152175,8.622,44.444444,1.07775,1269.659012,,
2022-06-09,2022,6,3,235.25,134.02,88.8,12.43,7.65,4.23,2.53,4.32,6.59,4.79,150916.0,,,90.0,90.0,38.0,38.1,7.99,7.98,2725.0,18428.0,2638.0,18119.0,,,2.73,1.09,2.84,1.03,27801.0,30433.0,,5850.0,5108.0,10958.0,64.4,64.5,64.45,35.54,281.0,0,0,0,0,0,180.0,10958.0,64.45,7062.431,0.147873,0.145593,8.622,44.444444,1.07775,1270.934818,,
2022-06-10,2022,6,4,361.11,188.03,158.21,14.87,7.88,3.26,1.8,4.32,6.81,5.01,153805.0,,,90.0,90.0,38.0,38.1,7.98,7.99,2789.0,18159.0,2804.0,17929.0,,,2.72,1.09,2.81,1.24,28417.0,31291.0,,5907.0,5176.0,11083.0,64.2,64.2,,,444.0,0,0,0,0,0,180.0,11083.0,64.2,7115.286,0.153588,0.156395,9.018,44.444444,1.12725,1228.986472,,
2022-06-11,2022,6,5,208.73,107.76,79.55,21.42,,,,,,,,,,92.0,92.0,,,,,,,,,,,,,,,,,,6165.0,5392.0,11557.0,,,,,314.0,0,0,0,0,0,184.0,11557.0,,,,,,43.478261,,,,
2022-06-12,2022,6,6,0.0,0.0,0.0,0.0,,,,,,,,,,94.0,94.0,,,,,,,,,,,,,,,,,,6287.0,5508.0,11795.0,,,,,348.0,0,0,0,0,0,188.0,11795.0,,,,,,42.553191,,,,
2022-06-13,2022,6,0,293.24,188.45,82.13,22.66,7.4,3.3,1.91,4.38,6.47,4.56,177596.0,5937.0,,98.0,98.0,38.0,38.1,,8.02,2885.0,17939.0,2789.0,18129.0,,,2.71,1.08,2.7,1.13,25033.0,24296.0,5349.0,6244.0,5525.0,11769.0,63.9,64.1,,,343.0,0,0,0,0,0,196.0,11769.0,64.0,7532.16,0.160823,0.153842,8.9376,40.816327,1.1172,1316.796455,,
2022-06-14,2022,6,1,341.2,239.92,91.7,9.58,7.61,3.65,2.05,4.31,6.51,4.68,180243.0,,,102.0,102.0,38.0,38.1,8.01,8.01,2652.0,17749.0,2814.0,17872.0,,,2.68,1.1,2.81,1.14,27387.0,26691.0,,6572.0,5765.0,12337.0,63.8,63.9,63.85,36.14,453.0,0,0,0,0,0,204.0,12337.0,63.85,7877.1745,0.149417,0.157453,9.5472,39.215686,1.1934,1292.211329,,
2022-06-15,2022,6,2,357.41,157.1,180.12,20.19,,,,,,,,,,102.0,102.0,,,,,,,,,,,,,,,,,,6842.0,6058.0,12900.0,,,,99.99,347.0,0,0,0,0,0,204.0,12900.0,,,,,,39.215686,,,,
2022-06-16,2022,6,3,270.83,187.57,75.35,7.91,7.58,3.19,1.9,4.22,6.98,5.07,145869.0,,,102.0,102.0,,,8.05,8.04,3039.0,18238.0,3141.0,18119.0,,,2.71,1.08,2.77,1.13,32117.0,30972.0,,7211.0,6397.0,13608.0,63.2,63.1,,,377.0,0,0,0,0,0,204.0,13608.0,63.15,8593.452,0.16663,0.173354,10.3428,39.215686,1.29285,1315.697877,,
2022-06-17,2022,6,4,199.07,137.45,44.9,16.72,7.51,3.08,2.07,4.18,7.13,5.58,160825.0,,,102.0,102.0,38.0,38.0,8.0,7.99,3252.0,17869.0,3091.0,17960.0,,,2.82,1.28,2.81,1.27,31954.0,31106.0,,7011.0,6211.0,13222.0,64.3,64.2,,,315.0,0,0,0,0,0,204.0,13222.0,64.25,8495.135,0.181991,0.172105,11.3832,39.215686,1.4229,1161.536299,,
2022-06-18,2022,6,5,266.4,108.99,136.85,20.56,,,,,,,,,,104.0,104.0,,,,,,,,,,,,,,,,,,7022.0,6179.0,13201.0,,,,,403.0,0,0,0,0,0,208.0,13201.0,,,,,,38.461538,,,,
2022-06-19,2022,6,6,27.4,27.4,0.0,0.0,,,,,,,,,,106.0,106.0,,,,,,,,,,,,,,,,,,7014.0,6173.0,13187.0,,,,,339.0,0,0,0,0,0,212.0,13187.0,,,,,,37.735849,,,,
2022-06-20,2022,6,0,347.17,190.32,131.86,24.99,7.72,2.61,1.42,4.18,6.65,4.66,163623.0,6913.0,,108.0,108.0,38.0,38.0,7.95,7.96,3311.0,17425.0,3429.0,17669.0,,,2.72,1.19,2.72,1.02,26551.0,23552.0,5667.0,6960.0,6133.0,13093.0,63.6,63.7,,,385.0,0,0,0,0,0,216.0,13093.0,63.65,8333.6945,0.190014,0.194069,10.0656,37.037037,1.2582,1300.766969,,
2022-06-21,2022,6,1,272.69,186.58,75.43,10.68,7.4,3.28,1.86,4.28,6.72,4.68,170816.0,,,108.0,108.0,38.0,38.0,7.98,7.98,3159.0,17755.0,3235.0,17859.0,,,2.83,1.25,2.79,1.19,28462.0,26720.0,,7005.0,5902.0,12907.0,63.8,64.0,,,317.0,0,0,0,0,0,216.0,12907.0,63.9,8247.573,0.177922,0.181141,10.1088,37.037037,1.2636,1276.808325,,
2022-06-22,2022,6,2,152.52,130.66,0.0,21.86,7.74,3.04,1.64,4.27,6.63,4.89,175869.0,,,108.0,108.0,38.0,38.0,8.0,8.0,3309.0,17629.0,3167.0,18094.0,,,2.84,1.29,2.64,1.12,27810.0,28491.0,,8406.0,5845.0,14251.0,63.4,63.7,63.55,36.44,316.0,0,0,0,0,0,216.0,14251.0,63.55,9056.5105,0.187702,0.17503,10.5624,37.037037,1.3203,1349.219874,,
2022-06-23,2022,6,3,237.31,134.75,88.83,13.73,7.61,3.92,2.24,4.38,6.15,4.59,144672.0,,,108.0,108.0,38.0,38.0,8.01,8.03,2986.0,17419.0,3349.0,17750.0,,,2.69,1.27,2.74,1.15,23457.0,24507.0,,9090.0,6042.0,15132.0,63.2,63.5,63.35,36.64,315.0,0,0,0,0,0,216.0,15132.0,63.35,9586.122,0.171422,0.188676,9.9144,37.037037,1.2393,1526.264827,,
2022-06-24,2022,6,4,268.94,165.87,88.17,14.9,8.09,3.58,2.11,4.59,6.04,4.39,151648.0,,,110.0,105.0,38.0,38.0,8.03,8.06,3548.0,17719.0,3280.0,17464.0,,,2.98,1.56,2.79,1.26,25372.0,26361.0,,8940.0,5597.0,14537.0,63.5,64.4,63.95,36.04,422.0,0,0,0,0,0,215.0,14537.0,63.95,9296.4115,0.200237,0.187815,9.4385,37.209302,1.179812,1540.181173,,
2022-06-25,2022,6,5,212.52,135.56,54.63,22.33,,,,,,,,,,112.0,112.0,,,,,,,,,,,,,,,,,,8211.0,5207.0,13418.0,,,,99.99,391.0,0,0,0,0,0,224.0,13418.0,,,,,,35.714286,,,,
2022-06-26,2022,6,6,28.0,28.0,0.0,0.0,,,,,,,,,,112.0,112.0,,,,,,,,,,,,,,,,,,8364.0,5463.0,13827.0,,,,,339.0,0,0,0,0,0,224.0,13827.0,,,,,,35.714286,,,,
2022-06-27,2022,6,0,281.75,215.98,38.63,27.14,7.58,5.41,3.35,5.45,4.77,2.95,122746.0,5460.0,,112.0,112.0,38.2,39.0,8.06,8.1,3260.0,18036.0,2869.0,17825.0,,,2.89,1.23,2.73,1.15,25345.0,28213.0,5144.0,8561.0,5388.0,13949.0,67.5,68.4,,,450.0,0,0,0,0,0,224.0,13949.0,67.95,9478.3455,0.18075,0.160954,6.608,35.714286,0.826,2110.92615,,
2022-06-28,2022,6,1,320.89,218.4,90.7,11.79,7.75,3.77,1.97,5.59,5.08,2.98,125980.0,,,103.0,112.0,38.2,39.0,8.08,8.05,3421.0,18219.0,2738.0,18024.0,,,2.88,1.08,2.59,0.94,23707.0,26999.0,,8054.0,5045.0,13099.0,68.6,69.3,68.95,31.04,327.0,0,0,0,0,0,215.0,13099.0,68.95,9031.7605,0.187771,0.151909,6.407,37.209302,0.800875,2044.482597,,
2022-06-29,2022,6,2,327.3,214.93,89.77,22.6,7.85,3.28,1.85,5.65,5.46,3.37,134087.0,,,80.0,112.0,38.2,39.0,8.06,8.08,2889.0,18095.0,2563.0,18236.0,,,2.89,1.18,2.95,1.13,25167.0,24482.0,,7373.0,5264.0,12637.0,69.4,70.1,69.75,30.24,315.0,0,0,0,0,0,192.0,12637.0,69.75,8814.3075,0.159657,0.140546,6.4704,41.666667,0.8088,1953.047725,,
2022-06-30,2022,6,3,284.09,187.87,82.11,14.11,7.93,2.77,1.5,5.82,5.08,3.16,135316.0,,,87.0,112.0,38.2,39.0,8.07,8.06,2931.0,18169.0,2688.0,18054.0,,,2.71,1.08,2.49,1.03,24528.0,24047.0,,5562.0,5352.0,10914.0,69.6,70.5,70.05,29.94,343.0,0,0,0,0,0,199.0,10914.0,70.05,7645.257,0.161319,0.148887,6.2884,40.201005,0.78605,1735.576617,,
2022-07-01,2022,7,4,294.43,192.12,85.22,17.09,7.64,3.04,1.59,5.86,5.33,3.43,140814.0,,,112.0,112.0,38.2,39.0,8.04,8.04,3104.0,18026.0,2829.0,18115.0,,,2.88,1.27,2.8,1.14,25691.0,26174.0,,5624.0,5241.0,10865.0,69.8,70.1,69.95,30.04,312.0,0,0,0,0,0,224.0,10865.0,69.95,7600.0675,0.172196,0.156169,7.6832,35.714286,0.9604,1414.124323,,
2022-07-02,2022,7,5,247.08,136.1,89.15,21.83,,,,,,,,,,112.0,112.0,,,,,,,,,,,,,,,,,,5741.0,5318.0,11059.0,,,,99.99,315.0,0,0,0,0,0,224.0,11059.0,,,,,,35.714286,,,,
2022-07-03,2022,7,6,27.95,27.95,0.0,0.0,,,,,,,,,,112.0,112.0,,,,,,,,,,,,,,,,,,5667.0,5291.0,10958.0,,,,,316.0,0,0,0,0,0,224.0,10958.0,,,,,,35.714286,,,,
2022-07-04,2022,7,0,305.23,187.57,89.47,28.19,7.73,2.49,1.21,5.65,5.39,3.38,142140.0,5161.0,,112.0,112.0,38.5,39.4,8.02,8.01,2919.0,18140.0,2774.0,18299.0,,,2.83,1.19,2.67,1.03,28400.0,25588.0,5295.0,5716.0,5310.0,11026.0,69.2,69.3,,,315.0,0,0,0,0,0,224.0,11026.0,69.25,7635.505,0.160915,0.151593,7.5712,35.714286,0.9464,1456.308115,,
2022-07-05,2022,7,1,262.71,161.59,82.65,18.47,7.86,2.89,1.63,5.9,5.45,3.7,146252.0,,,112.0,112.0,38.5,39.4,8.04,8.03,3105.0,18284.0,2949.0,18150.0,,,2.9,1.28,2.88,1.23,27318.0,26375.0,,5570.0,5187.0,10757.0,68.7,68.8,68.75,31.24,351.0,0,0,0,0,0,224.0,10757.0,68.75,7395.4375,0.169821,0.162479,8.288,35.714286,1.036,1297.900579,,
2022-07-06,2022,7,2,293.4,187.78,84.39,21.23,7.79,2.62,1.39,5.61,5.51,3.76,150614.0,,,108.0,109.0,38.5,39.4,8.05,8.04,2946.0,17943.0,2768.0,18518.0,,,2.88,1.18,2.81,1.15,25472.0,27123.0,,5478.0,5072.0,10550.0,68.3,68.5,68.4,31.59,321.0,0,0,0,0,0,217.0,10550.0,68.4,7216.2,0.164187,0.149476,8.1592,36.866359,1.0199,1293.018923,,
2022-07-07,2022,7,3,238.57,137.89,87.48,13.2,7.19,2.56,1.66,5.94,5.37,3.72,133961.0,,,109.0,110.0,38.5,39.4,8.06,8.06,3176.0,18260.0,3099.0,18331.0,,,2.88,1.28,2.86,1.31,28694.0,27332.0,,5593.0,5145.0,10738.0,68.7,68.8,68.75,31.24,337.0,0,0,0,0,0,219.0,10738.0,68.75,7382.375,0.173932,0.169058,8.1468,36.52968,1.01835,1318.063534,,
2022-07-08,2022,7,4,250.26,192.32,41.63,16.31,7.87,2.88,1.69,6.01,5.44,3.41,141093.0,,,108.0,108.0,38.5,39.4,8.07,8.07,3349.0,18045.0,3165.0,18238.0,,,2.91,1.31,2.92,1.28,30315.0,26807.0,,5356.0,5113.0,10469.0,68.5,68.8,68.65,31.34,339.0,0,0,0,0,0,216.0,10469.0,68.65,7186.9685,0.185592,0.173539,7.3656,37.037037,0.9207,1421.337026,,
2022-07-09,2022,7,5,309.25,136.62,149.06,23.57,,,,,,,,,,103.0,103.0,,,,,,,,,,,,,,,,,,5216.0,5080.0,10296.0,,,,99.99,332.0,0,0,0,0,0,206.0,10296.0,,,,,,38.834951,,,,
2022-07-10,2022,7,6,26.53,26.53,0.0,0.0,,,,,,,,,,112.0,112.0,,,,,,,,,,,,,,,,,,5283.0,4967.0,10250.0,,,,,364.0,0,0,0,0,0,224.0,10250.0,,,,,,35.714286,,,,
2022-07-11,2022,7,0,254.52,188.02,38.32,28.18,7.77,2.71,1.42,5.85,4.83,2.9,143079.0,6027.0,,112.0,112.0,38.3,39.3,8.09,8.09,2925.0,18169.0,2794.0,18362.0,,,2.66,0.97,2.6,0.94,22072.0,24762.0,5646.0,5497.0,5205.0,10702.0,69.3,69.4,,,337.0,0,0,0,0,0,224.0,10702.0,69.35,7421.837,0.160988,0.152162,6.496,35.714286,0.812,1647.475369,,
2022-07-12,2022,7,1,349.36,241.98,91.71,15.67,7.69,3.07,1.7,5.83,5.09,3.13,138381.0,,,104.0,104.0,38.3,39.3,8.1,8.1,2719.0,18364.0,2548.0,18461.0,,,2.69,1.07,2.62,1.05,23410.0,24381.0,,5128.0,4929.0,10057.0,69.3,69.2,69.25,30.74,370.0,0,0,0,0,0,208.0,10057.0,69.25,6964.4725,0.148061,0.138021,6.5104,38.461538,0.8138,1544.759155,,
2022-07-13,2022,7,2,411.11,212.17,178.78,20.16,7.93,4.23,2.62,5.85,5.32,3.58,145063.0,,,112.0,112.0,38.3,39.3,8.1,8.1,2961.0,18195.0,2729.0,18226.0,,,2.95,1.19,2.87,1.13,28628.0,26738.0,,5600.0,5197.0,10797.0,68.8,68.7,68.75,31.24,328.0,0,0,0,0,0,224.0,10797.0,68.75,7422.9375,0.162737,0.149731,8.0192,35.714286,1.0024,1346.393655,,
2022-07-14,2022,7,3,257.09,165.83,77.39,13.87,7.66,3.99,2.27,5.85,5.34,3.31,157809.0,,,112.0,112.0,38.3,39.3,8.09,8.09,2844.0,18313.0,2596.0,18169.0,,,2.57,0.97,2.59,1.03,22585.0,28393.0,,5846.0,5491.0,11337.0,68.5,68.8,68.65,31.34,386.0,0,0,0,0,0,224.0,11337.0,68.65,7782.8505,0.1553,0.142881,7.4144,35.714286,0.9268,1529.051575,,
2022-07-15,2022,7,4,154.7,138.09,0.0,16.61,7.66,3.24,1.88,5.87,5.31,3.57,152430.0,,,112.0,112.0,38.3,39.3,8.1,8.1,2762.0,18099.0,2674.0,18216.0,,,2.72,1.08,2.49,1.03,24160.0,26820.0,,6042.0,5638.0,11680.0,68.9,68.9,68.9,31.09,309.0,0,0,0,0,0,224.0,11680.0,68.9,8047.52,0.152605,0.146794,7.9968,35.714286,0.9996,1460.584234,,
2022-07-16,2022,7,5,223.21,110.08,88.33,24.8,,,,,,,,,,112.0,112.0,,,,,,,,,,,,,,,,,,6018.0,5622.0,11640.0,,,,99.99,313.0,0,0,0,0,0,224.0,11640.0,,,,,,35.714286,,,,
2022-07-17,2022,7,6,0.0,0.0,0.0,0.0,,,,,,,,,,112.0,112.0,,,,,,,,,,,,,,,,,,5924.0,5632.0,11556.0,,,,,363.0,0,0,0,0,0,224.0,11556.0,,,,,,35.714286,,,,
2022-07-18,2022,7,0,397.98,187.44,180.58,29.96,7.77,1.59,0.94,5.57,5.11,3.09,157256.0,5363.0,,112.0,112.0,38.5,39.6,8.14,8.16,2719.0,18428.0,2574.0,18392.0,,,2.61,0.98,2.59,0.85,23080.0,31523.0,5914.0,5856.0,5551.0,11407.0,68.8,68.9,,,334.0,0,0,0,0,0,224.0,11407.0,68.85,7853.7195,0.147547,0.139952,6.9216,35.714286,0.8652,1648.029357,,
2022-07-19,2022,7,1,334.47,239.39,77.16,17.92,7.48,4.26,2.62,5.89,5.12,3.29,150835.0,,,108.0,108.0,38.5,39.6,8.12,8.14,2865.0,18175.0,2661.0,17288.0,,,2.7,1.17,2.61,1.04,24304.0,26632.0,,5430.0,5272.0,10702.0,69.2,69.4,69.3,30.69,406.0,0,0,0,0,0,216.0,10702.0,69.3,7416.486,0.157634,0.153922,7.1064,37.037037,0.8883,1505.966453,,
2022-07-20,2022,7,2,183.49,161.55,0.0,21.94,7.99,2.95,1.4,5.91,5.19,3.24,156906.0,,,112.0,112.0,38.5,39.6,8.12,8.13,2659.0,18352.0,2835.0,18041.0,,,2.67,0.97,2.69,0.94,23416.0,26884.0,,5654.0,5264.0,10918.0,69.5,69.8,69.65,30.34,315.0,0,0,0,0,0,224.0,10918.0,69.65,7604.387,0.144889,0.157142,7.2576,35.714286,0.9072,1504.354056,,
2022-07-21,2022,7,3,241.02,137.46,87.59,15.97,8.19,2.66,1.21,5.99,5.1,3.09,156434.0,,,112.0,112.0,38.5,39.6,8.13,8.12,2486.0,18117.0,2625.0,18385.0,,,2.56,0.77,2.48,0.75,29796.0,28833.0,,5727.0,5291.0,11018.0,68.9,69.1,69.0,30.99,283.0,0,0,0,0,0,224.0,11018.0,69.0,7602.42,0.137219,0.142779,6.9216,35.714286,0.8652,1591.828479,,
2022-07-22,2022,7,4,334.83,137.33,180.32,17.18,7.92,3.64,2.09,5.97,5.31,3.39,160450.0,,,112.0,112.0,38.5,39.6,8.15,8.14,2667.0,18394.0,2940.0,18574.0,,,2.48,0.97,2.8,1.14,27934.0,30391.0,,5546.0,5181.0,10727.0,69.4,69.6,69.5,30.49,423.0,0,0,0,0,0,224.0,10727.0,69.5,7455.265,0.144993,0.158286,7.5936,35.714286,0.9492,1412.636957,,
2022-07-23,2022,7,5,187.76,108.14,56.02,23.6,,,,,,,,,,112.0,112.0,,,,,,,,,,,,,,,,,,5382.0,4055.0,9437.0,,,,99.99,384.0,0,0,0,0,0,224.0,9437.0,,,,,,35.714286,,,,
2022-07-24,2022,7,6,0.0,0.0,0.0,0.0,,,,,,,,,,112.0,112.0,,,,,,,,,,,,,,,,,,5323.0,6019.0,11342.0,,,,,319.0,0,0,0,0,0,224.0,11342.0,,,,,,35.714286,,,,
2022-07-25,2022,7,0,283.3,215.96,38.57,28.77,7.87,3.35,1.7,5.68,4.67,2.82,126459.0,5641.0,,116.0,116.0,39.2,40.1,8.16,8.17,2518.0,18502.0,2654.0,18321.0,,,2.49,0.97,2.6,0.85,2272.0,29097.0,5674.0,5163.0,4856.0,10019.0,69.6,69.9,,,197.0,0,0,0,0,0,232.0,10019.0,69.75,6988.2525,0.136093,0.144861,6.5424,34.482759,0.8178,1531.395207,,
2022-07-26,2022,7,1,295.25,185.71,91.39,18.15,7.84,4.16,2.45,5.54,5.1,3.37,140251.0,,,120.0,120.0,39.2,40.2,8.13,8.14,2436.0,18137.0,2839.0,17984.0,,,2.68,1.08,2.76,1.12,28446.0,30416.0,,5475.0,5060.0,10535.0,69.1,69.2,69.15,30.84,291.0,0,0,0,0,0,240.0,10535.0,69.15,7284.9525,0.134311,0.157863,8.088,33.333333,1.011,1302.546983,,
2022-07-27,2022,7,2,389.21,187.46,179.4,22.35,7.86,2.8,1.61,5.67,4.99,3.19,144183.0,,,115.0,115.0,39.2,40.2,8.12,8.12,2764.0,18270.0,2604.0,18116.0,,,2.75,1.16,2.62,1.05,30426.0,29088.0,,5547.0,5082.0,10629.0,68.8,68.6,68.7,31.29,291.0,0,0,0,0,0,230.0,10629.0,68.7,7302.123,0.151286,0.14374,7.337,34.782609,0.917125,1448.684749,,
2022-07-28,2022,7,3,231.04,138.91,76.79,15.34,7.69,1.95,1.22,5.81,4.91,3.27,170974.0,,,120.0,120.0,39.2,40.2,8.12,8.12,2697.0,18430.0,2801.0,18307.0,,,2.7,1.08,2.59,1.04,30476.0,32388.0,,5664.0,5225.0,10889.0,68.4,68.3,68.35,31.64,246.0,0,0,0,0,0,240.0,10889.0,68.35,7442.6315,0.146337,0.153002,7.848,33.333333,0.981,1387.487258,,
2022-07-29,2022,7,4,155.63,138.35,0.0,17.28,7.71,2.38,1.29,5.94,5.05,3.28,188356.0,,,120.0,120.0,39.2,40.2,8.13,8.13,2812.0,18540.0,2697.0,18290.0,,,2.72,1.12,2.61,1.1,29518.0,30895.0,,5704.0,5151.0,10855.0,68.8,68.8,,,197.0,0,0,0,0,0,240.0,10855.0,68.8,7468.24,0.151672,0.147458,7.872,33.333333,0.984,1378.938008,,
2022-07-30,2022,7,5,299.25,138.54,135.88,24.83,,,,,,,,,,120.0,120.0,,,,,,,,,,,,,,,,,,5688.0,5191.0,10879.0,,,,,187.0,0,0,0,0,0,240.0,10879.0,,,,,,33.333333,,,,
2022-07-31,2022,7,6,0.0,0.0,0.0,0.0,,,,,,,,,,120.0,120.0,,,,,,,,,,,,,,,,,,5617.0,5173.0,10790.0,,,,,272.0,0,0,0,0,0,240.0,10790.0,,,,,,33.333333,,,,
2022-08-01,2022,8,0,355.14,215.88,109.79,29.47,8.03,2.41,1.04,5.88,4.67,2.87,139245.0,5152.0,,120.0,120.0,39.3,40.2,8.1,8.1,2997.0,18841.0,3108.0,18530.0,,,2.68,1.07,2.74,1.06,27766.0,27678.0,6148.0,5522.0,5052.0,10574.0,69.1,68.9,,,242.0,0,0,0,0,0,240.0,10574.0,69.0,7296.06,0.159068,0.167728,6.888,33.333333,0.861,1535.133566,,
2022-08-02,2022,8,1,285.11,183.8,84.24,17.07,7.75,2.88,1.69,6.0,4.96,2.97,146203.0,,,120.0,120.0,39.3,40.2,8.1,8.1,3285.0,18530.0,2980.0,18337.0,,,2.79,1.19,2.87,1.27,26917.0,28138.0,,5345.0,4958.0,10303.0,68.9,68.7,68.8,31.19,331.0,0,0,0,0,0,240.0,10303.0,68.8,7088.464,0.17728,0.162513,7.128,33.333333,0.891,1445.426487,,
2022-08-03,2022,8,2,275.33,214.29,38.76,22.28,7.6,2.23,1.22,5.72,4.85,3.0,142904.0,,,120.0,120.0,39.3,40.2,8.08,8.08,3221.0,18173.0,3184.0,18281.0,,,2.66,1.06,2.49,0.94,28106.0,31614.0,,5439.0,4906.0,10345.0,69.3,69.1,69.2,30.79,241.0,0,0,0,0,0,240.0,10345.0,69.2,7158.74,0.177241,0.17417,7.2,33.333333,0.9,1436.805556,,
2022-08-04,2022,8,3,243.68,138.64,88.31,16.73,,,,,,,,,,120.0,120.0,,,,,,,,,,,,,,,,,,5418.0,4951.0,10369.0,,,,99.99,269.0,0,0,0,0,0,240.0,10369.0,,,,,,33.333333,,,,
2022-08-05,2022,8,4,192.75,110.11,64.61,18.03,7.86,3.86,2.34,5.63,4.64,2.98,139438.0,,,120.0,120.0,39.3,40.2,8.07,8.06,3008.0,18440.0,3361.0,18562.0,,,2.79,1.17,2.75,1.12,29770.0,27094.0,,5435.0,5013.0,10448.0,68.6,68.3,68.45,31.54,352.0,0,0,0,0,0,240.0,10448.0,68.45,7151.656,0.163124,0.181069,7.152,33.333333,0.894,1460.850112,,
2022-08-06,2022,8,5,284.38,109.92,148.88,25.58,,,,,,,,,,120.0,120.0,,,,,,,,,,,,,,,,,,5307.0,4906.0,10213.0,,,,99.99,224.0,0,0,0,0,0,240.0,10213.0,,,,,,33.333333,,,,
2022-08-07,2022,8,6,0.0,0.0,0.0,0.0,,,,,,,,,,120.0,120.0,,,,,,,,,,,,,,,,,,5401.0,4862.0,10263.0,,,,,362.0,0,0,0,0,0,240.0,10263.0,,,,,,33.333333,,,,
2022-08-08,2022,8,0,349.78,187.59,131.42,30.77,7.57,3.42,1.88,5.6,4.74,2.9,118986.0,5379.0,,120.0,120.0,39.8,40.2,8.08,8.04,2461.0,18518.0,2847.0,18235.0,,,2.5,0.78,2.71,1.04,20437.0,23514.0,5166.0,5340.0,4881.0,10221.0,68.9,68.7,,,320.0,0,0,0,0,0,240.0,10221.0,68.8,7032.048,0.132898,0.156128,6.96,33.333333,0.87,1468.534483,,
2022-08-09,2022,8,1,294.68,184.8,91.76,18.12,7.82,2.98,1.71,5.66,5.01,3.14,140952.0,,,120.0,120.0,39.8,40.2,8.07,8.03,2713.0,18395.0,2576.0,18409.0,,,2.61,0.95,2.68,1.07,23641.0,26442.0,,5366.0,4958.0,10324.0,68.2,67.9,68.05,31.94,200.0,0,0,0,0,0,240.0,10324.0,68.05,7025.482,0.147486,0.139932,7.536,33.333333,0.942,1369.957537,,
2022-08-10,2022,8,2,286.61,133.67,130.43,22.51,7.74,3.34,2.16,5.52,5.12,3.54,153147.0,,,120.0,120.0,39.8,40.2,8.06,8.02,3011.0,18164.0,3207.0,18009.0,,,2.69,1.15,2.75,1.21,26095.0,25783.0,,5412.0,4881.0,10293.0,67.3,67.1,67.2,32.79,302.0,0,0,0,0,0,240.0,10293.0,67.2,6916.896,0.165767,0.178078,8.496,33.333333,1.062,1211.511299,,
2022-08-11,2022,8,3,335.97,166.14,155.5,14.33,7.76,3.47,2.04,5.77,5.04,3.05,142366.0,,,120.0,120.0,39.8,40.2,8.06,8.01,2637.0,18449.0,3075.0,18194.0,,,2.59,0.98,2.67,1.03,21073.0,25968.0,,5511.0,4910.0,10421.0,67.4,67.2,67.3,32.69,147.0,0,0,0,0,0,240.0,10421.0,67.3,7013.333,0.142935,0.169012,7.32,33.333333,0.915,1423.63388,,
2022-08-12,2022,8,4,128.05,110.14,0.0,17.91,7.9,2.86,1.95,5.73,5.61,3.99,158835.0,,,114.0,114.0,39.8,40.2,8.08,8.03,3261.0,18208.0,3494.0,18372.0,,,2.72,1.19,2.88,1.27,23644.0,29861.0,,5425.0,4879.0,10304.0,67.9,67.7,67.8,32.19,269.0,0,0,0,0,0,228.0,10304.0,67.8,6986.112,0.179097,0.190181,9.0972,35.087719,1.13715,1132.656202,,
2022-08-13,2022,8,5,311.3,109.87,177.54,23.89,,,,,,,,,,108.0,108.0,,,,,,,,,,,,,,,,,,5339.0,4764.0,10103.0,,,,99.99,256.0,0,0,0,0,0,216.0,10103.0,,,,,,37.037037,,,,
2022-08-14,2022,8,6,0.0,0.0,0.0,0.0,,,,,,,,,,96.0,96.0,,,,,,,,,,,,,,,,,,5026.0,4527.0,9553.0,,,,,298.0,0,0,0,0,0,192.0,9553.0,,,,,,41.666667,,,,
2022-08-15,2022,8,0,327.88,134.05,163.71,30.12,,,,,,,,,,96.0,96.0,,,,,,,,,,,,,,,,,,4795.0,4322.0,9117.0,,,,,206.0,0,0,0,0,0,192.0,9117.0,,,,,,41.666667,,,,
2022-08-16,2022,8,1,224.48,209.23,0.0,15.25,7.69,2.53,1.51,5.82,4.89,3.03,112511.0,4176.0,,90.0,90.0,39.8,40.2,8.16,8.09,2863.0,18639.0,3341.0,18175.0,,,2.77,1.16,2.84,1.25,30902.0,27498.0,5320.0,4322.0,4182.0,8504.0,68.4,68.2,,,0.0,0,0,0,0,0,180.0,8504.0,68.3,5808.232,0.153603,0.183824,5.454,44.444444,0.68175,1559.222589,,
2022-08-17,2022,8,2,204.39,181.08,0.0,23.31,8.09,2.83,1.02,5.74,4.69,2.78,105736.0,,,84.0,84.0,,,8.14,8.08,2569.0,18348.0,2837.0,18331.0,,,2.51,0.94,2.48,0.91,28495.0,25952.0,,4005.0,3906.0,7911.0,68.6,68.5,68.55,31.44,0.0,0,0,0,0,0,168.0,7911.0,68.55,5422.9905,0.140015,0.154765,4.6704,47.619048,0.5838,1693.859198,,
2022-08-18,2022,8,3,145.85,129.24,0.0,16.61,8.15,2.66,1.3,5.9,5.05,3.24,140404.0,,,90.0,90.0,,,8.13,8.08,2763.0,18218.0,3052.0,17895.0,,,2.72,1.14,2.71,1.09,26230.0,25975.0,,3998.0,3835.0,7833.0,69.1,68.9,69.0,30.99,93.0,0,0,0,0,0,180.0,7833.0,69.0,5404.77,0.151663,0.17055,5.832,44.444444,0.729,1343.106996,,
2022-08-19,2022,8,4,301.76,103.65,180.52,17.59,8.06,3.19,1.46,5.92,5.24,3.16,134381.0,,,96.0,96.0,,,8.16,8.12,2972.0,18493.0,3208.0,18210.0,,,2.83,1.19,2.76,1.12,26860.0,26205.0,,4320.0,3884.0,8204.0,68.5,68.6,68.55,31.44,212.0,0,0,0,0,0,192.0,8204.0,68.55,5623.842,0.160709,0.176167,6.0672,41.666667,0.7584,1352.188819,,
2022-08-20,2022,8,5,190.43,109.79,56.42,24.22,,,,,,,,,,102.0,102.0,,,,,,,,,,,,,,,,,,4448.0,3974.0,8422.0,,,,99.99,271.0,0,0,0,0,0,204.0,8422.0,,,,,,39.215686,,,,
2022-08-21,2022,8,6,0.0,0.0,0.0,0.0,,,,,,,,,,102.0,102.0,,,,,,,,,,,,,,,,,,4486.0,3962.0,8448.0,,,,,291.0,0,0,0,0,0,204.0,8448.0,,,,,,39.215686,,,,
2022-08-22,2022,8,0,200.6,130.3,39.69,30.61,7.72,2.67,1.49,5.67,5.02,3.19,152872.0,4759.0,,102.0,102.0,40.1,40.4,8.13,8.05,3095.0,18635.0,2762.0,,,,2.58,1.07,2.58,1.03,28668.0,33515.0,5491.0,4605.0,4045.0,8650.0,68.3,68.4,,,260.0,0,0,0,0,0,204.0,8650.0,68.35,5912.275,0.166085,,6.5076,39.215686,0.81345,1329.215072,,
2022-08-23,2022,8,1,440.9,242.47,183.72,14.71,8.04,2.69,1.5,5.75,4.89,3.25,146037.0,,,102.0,102.0,40.1,40.4,8.15,8.07,2912.0,18387.0,3291.0,17852.0,,,2.68,1.19,2.78,1.22,29401.0,31844.0,,4662.0,4064.0,8726.0,68.0,67.9,67.95,32.04,287.0,0,0,0,0,0,204.0,8726.0,67.95,5929.317,0.158373,0.184349,6.63,39.215686,0.82875,1316.138763,,
2022-08-24,2022,8,2,215.25,106.43,88.41,20.41,7.71,2.93,1.67,5.76,5.0,2.98,139406.0,,,102.0,102.0,40.1,40.4,8.15,8.08,2662.0,18419.0,2840.0,18116.0,,,2.49,0.88,2.75,1.03,27418.0,28951.0,,4692.0,4093.0,8785.0,67.6,67.8,67.7,32.29,347.0,0,0,0,0,0,204.0,8785.0,67.7,5947.445,0.144525,0.156767,6.0792,39.215686,0.7599,1445.091459,,
2022-08-25,2022,8,3,221.57,110.12,97.1,14.35,7.84,2.1,1.29,5.76,4.84,3.22,145644.0,,,93.0,94.0,40.1,40.4,8.15,8.07,2389.0,18118.0,2519.0,17967.0,,,2.58,1.07,2.46,1.02,26860.0,32627.0,,4580.0,4088.0,8668.0,68.2,68.4,68.3,31.69,371.0,0,0,0,0,0,187.0,8668.0,68.3,5920.244,0.131858,0.140201,6.0214,42.780749,0.752675,1439.532335,,
2022-08-26,2022,8,4,152.54,135.85,0.0,16.69,7.76,2.84,1.61,5.81,4.79,3.09,150294.0,,,102.0,102.0,40.1,40.4,8.16,8.09,2537.0,18342.0,2475.0,18239.0,,,2.61,1.09,2.54,1.05,28043.0,29905.0,,4592.0,4269.0,8861.0,68.2,68.5,,,256.0,0,0,0,0,0,204.0,8861.0,68.35,6056.4935,0.138316,0.135698,6.3036,39.215686,0.78795,1405.704677,,
2022-08-27,2022,8,5,219.32,82.34,113.25,23.73,,,,,,,,,,102.0,102.0,,,,,,,,,,,,,,,,,,4618.0,4431.0,9049.0,,,,,291.0,0,0,0,0,0,204.0,9049.0,,,,,,39.215686,,,,
2022-08-28,2022,8,6,0.0,0.0,0.0,0.0,,,,,,,,,,102.0,102.0,,,,,,,,,,,,,,,,,,4515.0,4552.0,9067.0,,,,,203.0,0,0,0,0,0,204.0,9067.0,,,,,,39.215686,,,,
2022-08-29,2022,8,0,364.31,154.99,181.36,27.96,,,,,,,,,,102.0,102.0,,,,,,,,,,,,,,,,,,4453.0,4748.0,9201.0,,,,,303.0,0,0,0,0,0,204.0,9201.0,,,,,,39.215686,,,,
2022-08-30,2022,8,1,305.62,212.2,78.05,15.37,7.84,2.12,1.21,5.38,5.5,3.58,124961.0,5064.0,,102.0,102.0,40.0,40.9,8.11,8.08,3294.0,18680.0,3116.0,18448.0,,,2.69,0.98,2.68,1.03,32200.0,28846.0,5483.0,4527.0,4892.0,9419.0,69.9,69.8,69.85,30.14,307.0,0,0,0,0,0,204.0,9419.0,69.85,6579.1715,0.176338,0.168907,7.3032,39.215686,0.9129,1289.708621,,
2022-08-31,2022,8,2,96.22,76.81,0.0,19.41,7.88,2.2,1.2,5.3,6.1,4.22,161378.0,,,102.0,102.0,40.0,40.9,8.1,8.08,3462.0,18592.0,3286.0,18211.0,,,2.58,0.97,2.66,1.12,29461.0,30547.0,,4528.0,5171.0,9699.0,66.4,66.3,66.35,33.64,311.0,0,0,0,0,0,204.0,9699.0,66.35,6435.2865,0.186209,0.18044,8.6088,39.215686,1.0761,1126.637859,,
2022-09-01,2022,9,3,238.59,134.77,88.72,15.1,8.26,2.94,1.58,5.45,5.83,3.84,139596.0,,,102.0,102.0,40.0,40.9,8.13,8.11,3145.0,18209.0,2837.0,18019.0,,,2.56,1.06,2.59,0.94,30337.0,32423.0,,4465.0,5215.0,9680.0,66.3,66.1,66.2,33.79,253.0,0,0,0,0,0,204.0,9680.0,66.2,6408.16,0.172717,0.157445,7.8336,39.215686,0.9792,1235.702614,,
2022-09-02,2022,9,4,249.95,51.95,181.3,16.7,7.92,2.42,1.36,5.52,5.49,3.61,141210.0,,,99.0,99.0,40.0,40.9,8.15,8.13,2862.0,18739.0,3064.0,18355.0,,,2.6,1.08,2.65,1.06,29835.0,31169.0,,4074.0,5020.0,9094.0,66.9,66.7,66.8,33.19,216.0,0,0,0,0,0,198.0,9094.0,66.8,6074.792,0.15273,0.16693,7.1478,40.40404,0.893475,1272.279583,,
2022-09-03,2022,9,5,162.9,83.14,57.59,22.17,,,,,,,,,,96.0,96.0,,,,,,,,,,,,,,,,,,3942.0,4869.0,8811.0,,,,99.99,316.0,0,0,0,0,0,192.0,8811.0,,,,,,41.666667,,,,
2022-09-04,2022,9,6,0.0,0.0,0.0,0.0,,,,,,,,,,96.0,96.0,,,,,,,,,,,,,,,,,,3869.0,4670.0,8539.0,,,,,315.0,0,0,0,0,0,192.0,8539.0,,,,,,41.666667,,,,
2022-09-05,2022,9,0,346.56,182.91,134.95,28.7,8.05,2.03,1.12,5.94,4.92,3.37,127955.0,5733.0,,96.0,96.0,39.8,39.9,8.15,8.2,2381.0,18924.0,2511.0,18733.0,,,2.49,0.97,2.39,1.03,26176.0,30951.0,6043.0,3846.0,4547.0,8393.0,68.4,68.2,68.3,31.69,316.0,0,0,0,0,0,192.0,8393.0,68.3,5732.419,0.125819,0.134042,6.4704,41.666667,0.8088,1297.137735,,
2022-09-06,2022,9,1,228.93,130.65,88.78,9.5,8.31,1.95,1.2,5.92,4.98,3.53,131172.0,,,96.0,96.0,39.8,39.9,8.17,8.22,2674.0,18506.0,2755.0,19041.0,,,2.57,1.14,2.57,1.12,28049.0,29378.0,,3942.0,4464.0,8406.0,67.9,67.6,67.75,32.24,262.0,0,0,0,0,0,192.0,8406.0,67.75,5695.065,0.144494,0.144688,6.7776,41.666667,0.8472,1240.26204,,
2022-09-07,2022,9,2,328.94,130.65,173.98,24.31,8.16,2.33,,5.96,5.15,3.59,169381.0,,,96.0,96.0,39.8,39.9,8.13,8.25,2535.0,18710.0,2481.0,18851.0,,,2.69,1.17,2.7,1.13,27333.0,30094.0,,3767.0,4263.0,8030.0,67.6,67.4,67.5,32.49,315.0,0,0,0,0,0,192.0,8030.0,67.5,5420.25,0.135489,0.131611,6.8928,41.666667,0.8616,1164.983751,,
2022-09-08,2022,9,3,232.73,132.99,84.08,15.66,7.37,4.92,2.66,5.87,4.81,3.01,143688.0,,,96.0,96.0,39.8,39.9,8.0,8.11,2462.0,18710.0,2329.0,19114.0,,,2.57,0.97,2.49,1.03,31151.0,34803.0,,3711.0,4029.0,7740.0,68.1,67.9,68.0,31.99,315.0,0,0,0,0,0,192.0,7740.0,68.0,5263.2,0.131587,0.121848,5.7792,41.666667,0.7224,1339.285714,,
2022-09-09,2022,9,4,314.9,187.54,84.92,42.44,,,,,,,,,,96.0,96.0,,,,,,,,,,,,,,,,,,3659.0,3856.0,7515.0,,,,99.99,267.0,0,0,0,0,0,192.0,7515.0,,,,,,41.666667,,,,
2022-09-10,2022,9,5,0.0,0.0,0.0,0.0,,,,,,,,,,96.0,96.0,,,,,,,,,,,,,,,,,,3690.0,3766.0,7456.0,,,,99.99,221.0,0,0,0,0,0,192.0,7456.0,,,,,,41.666667,,,,
2022-09-11,2022,9,6,0.0,0.0,0.0,0.0,,,,,,,,,,96.0,96.0,,,,,,,,,,,,,,,,,,3711.0,3750.0,7461.0,,,,,288.0,0,0,0,0,0,192.0,7461.0,,,,,,41.666667,,,,
2022-09-12,2022,9,0,328.04,208.65,91.08,28.31,7.7,2.9,1.29,5.95,4.55,2.89,142450.0,5831.0,,96.0,96.0,39.8,39.8,7.62,7.69,2633.0,18630.0,2482.0,18835.0,,,2.8,1.18,2.66,1.12,31454.0,30670.0,5030.0,3843.0,3807.0,7650.0,68.6,68.7,,,351.0,0,0,0,0,0,192.0,7650.0,68.65,5251.725,0.141331,0.131776,5.5488,41.666667,0.6936,1378.676471,,
2022-09-13,2022,9,1,246.53,158.35,77.5,10.68,7.44,2.2,1.02,5.69,5.07,3.12,126579.0,,,96.0,96.0,39.8,39.8,7.63,7.69,2496.0,18367.0,2781.0,18590.0,,,2.82,1.05,2.73,1.2,32753.0,28355.0,,3943.0,3561.0,7504.0,68.5,68.4,,,405.0,0,0,0,0,0,192.0,7504.0,68.45,5136.488,0.135896,0.149597,5.9904,41.666667,0.7488,1252.67094,,
2022-09-14,2022,9,2,232.55,161.17,47.47,23.91,7.88,2.64,1.41,5.74,4.86,3.04,130922.0,,,96.0,96.0,39.7,39.6,7.65,7.7,2357.0,18209.0,2466.0,18172.0,,,2.78,1.08,2.7,1.13,30438.0,29572.0,,4157.0,3947.0,8104.0,68.7,68.5,68.6,31.39,371.0,0,0,0,0,0,192.0,8104.0,68.6,5559.344,0.129441,0.135703,5.8368,41.666667,0.7296,1388.432018,,
2022-09-15,2022,9,3,264.8,160.19,88.59,16.02,7.49,1.38,0.74,5.37,4.63,2.83,156873.0,,,96.0,96.0,39.7,39.6,7.64,7.69,2612.0,17948.0,2363.0,17880.0,,,2.87,1.16,2.64,0.98,32242.0,31849.0,,4371.0,4143.0,8514.0,68.4,68.7,68.55,31.44,355.0,0,0,0,0,0,192.0,8514.0,68.55,5836.347,0.145532,0.132159,5.4336,41.666667,0.6792,1566.916961,,
2022-09-16,2022,9,4,264.96,109.0,133.22,22.74,7.67,3.51,2.06,5.35,4.85,3.13,167180.0,,,96.0,96.0,39.7,39.6,7.66,7.71,2437.0,17825.0,2665.0,17964.0,,,2.81,1.19,2.76,1.16,31529.0,32145.0,,4677.0,4260.0,8937.0,68.4,68.4,68.4,31.59,386.0,0,0,0,0,0,192.0,8937.0,68.4,6112.908,0.136718,0.148352,6.0096,41.666667,0.7512,1487.120607,,
2022-09-17,2022,9,5,131.01,55.25,57.28,18.48,,,,,,,,,,96.0,96.0,,,,,,,,,,,,,,,,,,4854.0,4398.0,9252.0,,,,99.99,363.0,0,0,0,0,0,192.0,9252.0,,,,,,41.666667,,,,
2022-09-18,2022,9,6,0.0,0.0,0.0,0.0,,,,,,,,,,92.0,92.0,,,,,,,,,,,,,,,,,,5086.0,4230.0,9316.0,,,,,313.0,0,0,0,0,0,184.0,9316.0,,,,,,43.478261,,,,
2022-09-19,2022,9,0,210.98,143.57,39.36,28.05,7.52,2.65,1.48,5.3,5.07,3.25,169359.0,5956.0,,96.0,96.0,39.4,39.4,7.76,7.75,2548.0,17948.0,2719.0,17674.0,,,2.67,1.16,2.74,1.12,32468.0,32278.0,5617.0,5268.0,4563.0,9831.0,68.7,68.9,,,363.0,0,0,0,0,0,192.0,9831.0,68.8,6763.728,0.141966,0.153842,6.24,41.666667,0.78,1575.480769,,
2022-09-20,2022,9,1,182.55,78.64,91.96,11.95,7.45,3.05,1.5,5.44,4.91,3.08,219258.0,,,96.0,96.0,39.4,39.4,7.78,7.76,2607.0,17759.0,2568.0,17711.0,,,2.58,1.07,2.57,1.12,34007.0,29026.0,,5158.0,4583.0,9741.0,69.1,69.3,,,363.0,0,0,0,0,0,192.0,9741.0,69.2,6740.772,0.146799,0.144995,5.9136,41.666667,0.7392,1647.219968,,
2022-09-21,2022,9,2,256.72,77.99,156.92,21.81,7.62,3.13,1.77,5.43,5.1,3.37,186370.0,,,96.0,96.0,39.4,39.4,7.79,7.77,2478.0,17830.0,2710.0,17915.0,,,2.49,0.97,2.58,1.03,31905.0,30312.0,,5083.0,4361.0,9444.0,69.4,69.7,,,341.0,0,0,0,0,0,192.0,9444.0,69.55,6568.302,0.138979,0.15127,6.4704,41.666667,0.8088,1459.569733,,
2022-09-22,2022,9,3,166.56,53.21,100.12,13.23,7.61,2.48,1.3,5.61,4.84,3.19,125805.0,,,96.0,96.0,39.3,39.3,7.82,7.8,2417.0,17927.0,2519.0,17695.0,,,2.76,1.03,2.68,0.97,30496.0,31479.0,,4899.0,4258.0,9157.0,69.2,69.4,,,334.0,0,0,0,0,0,192.0,9157.0,69.3,6345.801,0.134825,0.142357,6.1248,41.666667,0.7656,1495.069227,,
2022-09-23,2022,9,4,219.71,164.12,41.38,14.21,7.33,2.93,1.67,5.65,5.15,3.53,135963.0,,,96.0,96.0,39.3,39.3,7.81,7.79,2631.0,17748.0,2740.0,17558.0,,,2.65,1.06,2.67,1.12,28019.0,25836.0,,4540.0,4083.0,8623.0,69.7,69.9,69.8,30.19,363.0,0,0,0,0,0,192.0,8623.0,69.8,6018.854,0.148242,0.156054,6.7776,41.666667,0.8472,1272.279273,,
2022-09-24,2022,9,5,171.25,54.6,95.63,21.02,,,,,,,,,,96.0,96.0,,,,,,,,,,,,,,,,,,4506.0,4174.0,8680.0,,,,99.99,338.0,0,0,0,0,0,192.0,8680.0,,,,,,41.666667,,,,
2022-09-25,2022,9,6,0.0,0.0,0.0,0.0,,,,,,,,,,96.0,96.0,,,,,,,,,,,,,,,,,,4434.0,4224.0,8658.0,,,,,227.0,0,0,0,0,0,192.0,8658.0,,,,,,41.666667,,,,
2022-09-26,2022,9,0,344.52,184.79,134.03,25.7,7.6,2.2,1.11,5.42,4.96,3.11,123901.0,5070.0,,96.0,96.0,39.0,39.0,7.8,7.78,2539.0,17683.0,2690.0,17451.0,,,2.7,1.18,2.78,1.13,26677.0,26337.0,5687.0,4407.0,4210.0,8617.0,68.8,68.7,,,363.0,0,0,0,0,0,192.0,8617.0,68.75,5924.1875,0.143584,0.154146,5.9712,41.666667,0.7464,1443.093516,,
2022-09-27,2022,9,1,220.72,131.54,78.25,10.93,7.64,2.12,1.12,5.55,5.17,3.17,136118.0,,,96.0,96.0,39.0,39.0,7.81,7.8,2415.0,17942.0,2598.0,17741.0,,,2.47,0.92,2.58,0.94,27438.0,25538.0,,4321.0,4160.0,8481.0,68.8,68.9,68.85,31.14,363.0,0,0,0,0,0,192.0,8481.0,68.85,5839.1685,0.1346,0.14644,6.0864,41.666667,0.7608,1393.434543,,
2022-09-28,2022,9,2,122.79,103.91,0.0,18.88,7.58,2.39,1.26,5.61,5.38,3.36,140376.0,,,96.0,96.0,39.0,39.0,7.82,7.81,2674.0,18103.0,2716.0,17922.0,,,2.58,1.04,2.61,1.05,26326.0,27884.0,,4488.0,4326.0,8814.0,68.0,68.1,68.05,31.94,305.0,0,0,0,0,0,192.0,8814.0,68.05,5997.927,0.14771,0.151546,6.4512,41.666667,0.8064,1366.25744,,
2022-09-29,2022,9,3,215.83,110.51,88.73,16.59,,,,,,,,,,96.0,96.0,,,,,,,,,,,,,,,,,,4441.0,4299.0,8740.0,,,,99.99,406.0,0,0,0,0,0,192.0,8740.0,,,,,,41.666667,,,,
2022-09-30,2022,9,4,159.78,56.48,89.2,14.1,,,,,,,,,,96.0,96.0,,,,,,,,,,,,,,,,,,4337.0,4187.0,8524.0,,,,99.99,305.0,0,0,0,0,0,192.0,8524.0,,,,,,41.666667,,,,
2022-10-01,2022,10,5,251.89,81.4,147.31,23.18,,,,,,,,,,96.0,96.0,,,,,,,,,,,,,,,,,,4251.0,4093.0,8344.0,,,,,253.0,0,0,0,0,0,192.0,8344.0,,,,,,41.666667,,,,
2022-10-02,2022,10,6,0.0,0.0,0.0,0.0,,,,,,,,,,96.0,96.0,,,,,,,,,,,,,,,,,,4228.0,4109.0,8337.0,,,,,409.0,0,0,0,0,0,192.0,8337.0,,,,,,41.666667,,,,
2022-10-03,2022,10,0,197.83,133.05,39.5,25.28,,,,,,,,,,96.0,96.0,,,,,,,,,,,,,,,,,,4361.0,4201.0,8562.0,,,,,363.0,0,0,0,0,0,192.0,8562.0,,,,,,41.666667,,,,
2022-10-04,2022,10,1,247.4,148.1,89.32,9.98,,,,,,,,,,96.0,96.0,,,,,,,,,,,,,,,,,,4355.0,4240.0,8595.0,,,,,291.0,0,0,0,0,0,192.0,8595.0,,,,,,41.666667,,,,
2022-10-05,2022,10,2,305.06,102.26,183.9,18.9,,,,,,,,,,96.0,96.0,,,,,,,,,,,,,,,,,,4415.0,4268.0,8683.0,,,,,230.0,0,0,0,0,0,192.0,8683.0,,,,,,41.666667,,,,
2022-10-06,2022,10,3,226.99,131.74,77.62,17.63,7.46,3.04,1.87,5.69,5.38,3.35,141126.0,5382.0,,96.0,96.0,,38.7,7.81,7.81,2471.0,17684.0,2576.0,17539.0,,,2.66,1.24,2.8,1.28,24838.0,27432.0,5715.0,4414.0,4286.0,8700.0,67.6,67.8,,,378.0,1,0,0,0,0,192.0,8700.0,67.7,5889.9,0.139731,0.146873,6.432,41.666667,0.804,1352.61194,,
2022-10-07,2022,10,4,152.11,137.52,0.0,14.59,7.68,2.39,1.26,5.62,5.27,3.29,139407.0,,,96.0,96.0,,38.7,7.82,7.82,2397.0,17492.0,2597.0,17637.0,,,2.62,1.12,2.74,1.16,25136.0,26631.0,,4292.0,4163.0,8455.0,67.9,68.0,,,277.0,1,0,0,0,0,192.0,8455.0,67.95,5745.1725,0.137034,0.147247,6.3168,41.666667,0.7896,1338.494174,,
2022-10-08,2022,10,5,309.77,107.41,178.87,23.49,,,,,,,,,,96.0,96.0,,,,,,,,,,,,,,,,,,4301.0,4149.0,8450.0,,,,,296.0,1,0,0,0,0,192.0,8450.0,,,,,,41.666667,,,,
2022-10-09,2022,10,6,0.0,0.0,0.0,0.0,,,,,,,,,,96.0,96.0,,,,,,,,,,,,,,,,,,4380.0,4234.0,8614.0,,,,,363.0,1,0,0,0,0,192.0,8614.0,,,,,,41.666667,,,,
2022-10-10,2022,10,0,316.58,201.18,90.92,24.48,7.77,2.48,1.3,5.57,5.07,3.35,139928.0,5294.0,,96.0,96.0,,38.5,7.85,7.83,2583.0,17637.0,2663.0,17519.0,,,2.67,1.07,2.67,1.12,32532.0,28498.0,5121.0,4413.0,4238.0,8651.0,68.4,68.3,,,319.0,1,0,0,0,0,192.0,8651.0,68.35,5912.9585,0.146453,0.152006,6.432,41.666667,0.804,1344.993781,,
2022-10-11,2022,10,1,194.22,103.52,76.81,13.89,7.98,2.08,1.04,5.6,5.31,3.48,143809.0,,,96.0,96.0,,38.5,7.85,7.84,2335.0,17825.0,2737.0,17841.0,,,2.64,1.09,2.71,1.15,29829.0,27319.0,,4488.0,4391.0,8879.0,67.8,67.9,,,321.0,1,0,0,0,0,192.0,8879.0,67.85,6024.4015,0.130996,0.153411,6.6816,41.666667,0.8352,1328.873324,,
2022-10-12,2022,10,2,192.16,128.17,47.62,16.37,,,,,,,,,,96.0,96.0,,,,,,,,,,,,,,,,,,4701.0,4529.0,9230.0,,,,99.99,267.0,1,0,0,0,0,192.0,9230.0,,,,,,41.666667,,,,
2022-10-13,2022,10,3,260.5,155.37,89.53,15.6,7.49,3.22,1.96,5.34,5.3,3.66,138775.0,,,96.0,96.0,,38.5,7.75,7.75,2712.0,17427.0,2935.0,17338.0,,,2.67,1.28,2.85,1.32,30574.0,28387.0,,4667.0,4519.0,9186.0,66.3,66.4,66.35,33.64,335.0,1,0,0,0,0,192.0,9186.0,66.35,6094.911,0.155621,0.169281,7.0272,41.666667,0.8784,1307.206284,,
2022-10-14,2022,10,4,256.32,106.01,134.13,16.18,7.68,2.56,1.39,5.41,5.12,3.42,142165.0,,,96.0,96.0,,38.4,7.77,7.77,2593.0,17326.0,2745.0,17416.0,,,2.65,1.23,2.77,1.27,29638.0,27746.0,,4550.0,4543.0,9093.0,66.7,66.9,66.8,33.19,322.0,1,0,0,0,0,192.0,9093.0,66.8,6074.124,0.149659,0.157614,6.5664,41.666667,0.8208,1384.777047,,
2022-10-15,2022,10,5,253.65,128.15,102.8,22.7,,,,,,,,,,96.0,96.0,,,,,,,,,,,,,,,,,,4449.0,4230.0,8679.0,,,,99.99,267.0,1,0,0,0,0,192.0,8679.0,,,,,,41.666667,,,,
2022-10-16,2022,10,6,0.0,0.0,0.0,0.0,,,,,,,,,,96.0,96.0,,,,,,,,,,,,,,,,,,4484.0,4317.0,8801.0,,,,,267.0,1,0,0,0,0,192.0,8801.0,,,,,,41.666667,,,,
2022-10-17,2022,10,0,166.73,103.25,39.37,24.11,7.59,2.85,1.58,5.73,5.33,3.4,142326.0,5634.0,,96.0,96.0,,38.5,7.76,7.77,2646.0,17512.0,2432.0,17291.0,,,2.64,1.06,2.59,1.03,26249.0,30264.0,5439.0,4544.0,4484.0,9028.0,67.6,67.9,,,267.0,1,0,0,0,0,192.0,9028.0,67.75,6116.47,0.151096,0.140651,6.528,41.666667,0.816,1382.965686,,
2022-10-18,2022,10,1,260.08,207.36,41.49,11.23,7.47,4.21,2.29,5.87,5.02,3.15,141009.0,,,96.0,96.0,,38.5,7.78,7.78,2486.0,17702.0,2615.0,17584.0,,,2.69,1.07,2.71,1.05,27018.0,29315.0,,4419.0,4280.0,8699.0,67.9,67.8,67.85,32.14,267.0,1,0,0,0,0,192.0,8699.0,67.85,5902.2715,0.140436,0.148715,6.048,41.666667,0.756,1438.32672,,
2022-10-19,2022,10,2,307.86,107.47,180.56,19.83,7.62,2.61,1.42,5.88,4.97,3.09,139284.0,,,96.0,96.0,,38.4,7.79,7.79,2631.0,17589.0,2498.0,17827.0,,,2.62,1.09,2.68,1.12,26178.0,28531.0,,4431.0,4291.0,8722.0,68.1,67.9,68.0,31.99,344.0,1,0,0,0,0,192.0,8722.0,68.0,5930.96,0.149582,0.140125,5.9328,41.666667,0.7416,1470.132147,,
2022-10-20,2022,10,3,189.5,100.72,77.31,11.47,7.56,2.35,1.33,5.85,5.28,3.42,127289.0,,,96.0,96.0,,38.4,7.77,7.78,2351.0,17794.0,2611.0,17426.0,,,2.52,0.99,2.51,1.04,26324.0,31873.0,,4382.0,4099.0,8481.0,68.3,68.1,68.2,31.79,363.0,1,0,0,0,0,192.0,8481.0,68.2,5784.042,0.132123,0.149834,6.5664,41.666667,0.8208,1291.575292,,
2022-10-21,2022,10,4,151.74,135.34,0.0,16.4,7.69,2.589,1.36,5.79,5.14,3.34,133071.0,,,96.0,96.0,,38.4,7.76,7.77,2608.0,17819.0,2496.0,17674.0,,,2.58,1.03,2.54,1.12,27661.0,30544.0,,4483.0,4266.0,8749.0,67.9,67.9,67.9,32.09,404.0,1,0,0,0,0,192.0,8749.0,67.9,5940.571,0.146361,0.141224,6.4128,41.666667,0.8016,1364.302645,,
2022-10-22,2022,10,5,190.26,80.48,87.59,22.19,,,,,,,,,,96.0,96.0,,,,,,,,,,,,,,,,,,4684.0,4303.0,8987.0,,,,99.99,362.0,1,0,0,0,0,192.0,8987.0,,,,,,41.666667,,,,
2022-10-23,2022,10,6,0.0,0.0,0.0,0.0,,,,,,,,,,92.0,92.0,,,,,,,,,,,,,,,,,,4646.0,4244.0,8890.0,,,,,342.0,1,0,0,0,0,184.0,8890.0,,,,,,43.478261,,,,
2022-10-24,2022,10,0,267.91,155.39,88.95,23.57,,,,,,,,,,92.0,92.0,,,,,,,,,,,,,,,,,,4396.0,4075.0,8471.0,,,,,365.0,1,0,0,0,0,184.0,8471.0,,,,,,43.478261,,,,
2022-10-25,2022,10,1,346.71,203.19,128.43,15.09,7.88,3.32,1.78,5.67,5.36,3.36,126572.0,5566.0,,96.0,96.0,,37.9,8.1,8.09,2842.0,18429.0,2913.0,18370.0,,,2.73,0.99,2.96,1.1,29155.0,30440.0,6117.0,4479.0,4284.0,8763.0,67.3,67.4,67.35,32.64,363.0,1,0,0,0,0,192.0,8763.0,67.35,5901.8805,0.154213,0.158574,6.4512,41.666667,0.8064,1358.351935,,
2022-10-26,2022,10,2,157.05,103.2,38.19,15.66,7.86,2.23,1.22,5.61,5.56,3.74,135047.0,,,96.0,96.0,,37.9,8.05,8.0,3135.0,18216.0,2897.0,18041.0,,,2.781,1.05,2.47,0.93,30736.0,29264.0,,4442.0,4376.0,8818.0,66.9,67.1,67.0,32.99,363.0,1,0,0,0,0,192.0,8818.0,67.0,5908.06,0.172101,0.160579,7.1808,41.666667,0.8976,1227.996881,,
2022-10-27,2022,10,3,260.75,156.04,89.26,15.45,8.37,2.96,1.69,5.7,5.37,3.74,120453.0,,,96.0,96.0,,38.0,8.04,7.97,3347.0,18082.0,2967.0,17864.0,,,2.69,1.17,2.69,1.22,27956.0,27616.0,,4392.0,4373.0,8765.0,66.5,66.7,66.6,33.39,347.0,1,0,0,0,0,192.0,8765.0,66.6,5837.49,0.185101,0.166088,7.1808,41.666667,0.8976,1220.616087,,
2022-10-28,2022,10,4,242.07,137.4,89.03,15.64,8.02,3.98,2.35,5.98,5.14,3.39,117329.0,,,96.0,96.0,,38.1,8.05,8.01,3095.0,17768.0,2812.0,18165.0,,,2.79,1.17,2.88,1.23,28761.0,29033.0,,4255.0,4156.0,8411.0,67.2,67.1,67.15,32.84,267.0,1,0,0,0,0,192.0,8411.0,67.15,5647.9865,0.17419,0.154803,6.5088,41.666667,0.8136,1292.250492,,
2022-10-29,2022,10,5,249.52,78.6,149.74,21.18,,,,,,,,,,96.0,96.0,,,,,,,,,,,,,,,,,,4412.0,4314.0,8726.0,,,,99.99,257.0,1,0,0,0,0,192.0,8726.0,,,,,,41.666667,,,,
2022-10-30,2022,10,6,0.0,0.0,0.0,0.0,,,,,,,,,,96.0,96.0,,,,,,,,,,,,,,,,,,4660.0,4405.0,9065.0,,,,,282.0,1,0,0,0,0,192.0,9065.0,,,,,,41.666667,,,,
2022-10-31,2022,10,0,218.4,153.84,39.02,25.54,7.9,3.04,1.68,5.88,5.31,3.2,131978.0,4945.0,,96.0,96.0,,38.1,8.08,8.01,2572.0,18319.0,2732.0,18049.0,,,2.61,0.98,2.72,1.05,26793.0,27831.0,4924.0,4740.0,4480.0,9220.0,67.4,67.5,,,274.0,1,0,0,0,0,192.0,9220.0,67.45,6218.89,0.140401,0.151366,6.144,41.666667,0.768,1500.651042,,
2022-11-01,2022,11,1,228.29,126.24,91.72,10.33,7.85,3.78,2.06,6.04,5.59,3.58,134063.0,,,98.0,98.0,,38.1,8.07,8.02,2394.0,18067.0,2709.0,18217.0,,,2.73,1.05,2.79,1.13,27044.0,28316.0,,4667.0,4639.0,9306.0,67.6,67.8,,,277.0,1,0,0,0,0,196.0,9306.0,67.7,6300.162,0.132507,0.148707,7.0168,40.816327,0.8771,1326.245582,,
2022-11-02,2022,11,2,236.35,128.59,89.13,18.63,7.97,3.42,1.78,5.93,5.78,3.96,154959.0,,,100.0,100.0,,38.0,8.06,8.02,2678.0,17894.0,3046.0,17916.0,,,2.64,1.05,2.68,1.22,25557.0,28890.0,,4909.0,4748.0,9657.0,67.7,67.9,67.8,32.19,253.0,1,0,0,0,0,200.0,9657.0,67.8,6547.446,0.149659,0.170016,7.92,40.0,0.99,1219.318182,,
2022-11-03,2022,11,3,252.61,104.39,130.06,18.16,7.92,3.34,1.88,5.92,5.68,3.67,143838.0,,,102.0,102.0,,38.0,8.08,8.04,2455.0,18227.0,2602.0,18348.0,,,2.69,0.98,2.7,1.04,33713.0,31446.0,,5077.0,4943.0,10020.0,67.7,68.0,,,283.0,1,0,0,0,0,204.0,10020.0,67.85,6798.57,0.13469,0.141814,7.4868,39.215686,0.93585,1338.355506,,
2022-11-04,2022,11,4,217.53,163.52,39.18,14.83,,,,,,,,,,102.0,102.0,,,,,,,,,,,,,,,,,,5004.0,4796.0,9800.0,,,,99.99,285.0,1,0,0,0,0,204.0,9800.0,,,,,,39.215686,,,,
2022-11-05,2022,11,5,189.9,79.79,89.06,21.05,,,,,,,,,,102.0,102.0,,,,,,,,,,,,,,,,,,5011.0,4797.0,9808.0,,,,99.99,260.0,1,0,0,0,0,204.0,9808.0,,,,,,39.215686,,,,
2022-11-06,2022,11,6,0.0,0.0,0.0,0.0,,,,,,,,,,102.0,102.0,,,,,,,,,,,,,,,,,,4940.0,4714.0,9654.0,,,,,242.0,1,0,0,0,0,204.0,9654.0,,,,,,39.215686,,,,
2022-11-07,2022,11,0,264.32,155.48,87.19,21.65,,,,,,,,,,102.0,102.0,,,,,,,,,,,,,,,,,,4766.0,4582.0,9348.0,,,,,268.0,1,0,0,0,0,204.0,9348.0,,,,,,39.215686,,,,
2022-11-08,2022,11,1,369.81,184.73,168.8,16.28,,,,,,,,,,102.0,102.0,,,,,,,,,,,,,,,,,,4633.0,4504.0,9137.0,,,,99.99,273.0,1,0,0,0,0,204.0,9137.0,,,,,,39.215686,,,,
2022-11-09,2022,11,2,66.15,49.96,0.0,16.19,,,,,,,,,,102.0,102.0,,,,,,,,,,,,,,,,,,4672.0,4636.0,9308.0,,,,99.99,272.0,1,0,0,0,0,204.0,9308.0,,,,,,39.215686,,,,
2022-11-10,2022,11,3,234.56,128.68,88.78,17.1,,,,,,,,,,102.0,102.0,,,,,,,,,,,,,,,,,,4617.0,4448.0,9065.0,,,,,265.0,1,0,0,0,0,204.0,9065.0,,,,,,39.215686,,,,
2022-11-11,2022,11,4,267.64,162.72,88.4,16.52,8.23,2.48,1.21,6.13,5.16,3.25,109616.0,4568.0,,102.0,102.0,,38.0,8.09,8.03,2713.0,18096.0,3263.0,17768.0,,,2.58,0.97,2.78,1.13,30270.0,35867.0,6019.0,4521.0,4494.0,9015.0,67.9,67.6,67.75,32.24,266.0,1,0,0,0,0,204.0,9015.0,67.75,6107.6625,0.149923,0.183645,6.63,39.215686,0.82875,1359.728507,,
2022-11-12,2022,11,5,299.84,129.81,148.79,21.24,,,,,,,,,,102.0,102.0,,,,,,,,,,,,,,,,,,4672.0,5024.0,9696.0,,,,99.99,269.0,1,0,0,0,0,204.0,9696.0,,,,,,39.215686,,,,
2022-11-13,2022,11,6,0.0,0.0,0.0,0.0,,,,,,,,,,102.0,102.0,,,,,,,,,,,,,,,,,,4934.0,4860.0,9794.0,,,,,263.0,1,0,0,0,0,204.0,9794.0,,,,,,39.215686,,,,
2022-11-14,2022,11,0,222.27,157.2,39.41,25.66,7.5,3.82,1.65,5.82,5.25,3.16,163872.0,5192.0,,102.0,102.0,,38.0,8.13,8.1,2968.0,18513.0,3058.0,18002.0,,,2.77,1.07,2.83,1.12,29994.0,26704.0,5742.0,5049.0,4925.0,9974.0,67.5,67.4,,,184.0,1,0,0,0,0,204.0,9974.0,67.45,6727.463,0.16032,0.16987,6.4464,39.215686,0.8058,1547.220154,,
2022-11-15,2022,11,1,286.65,183.67,91.21,11.77,7.67,4.06,2.35,5.65,5.31,3.29,159026.0,,,92.0,92.0,,38.0,8.14,8.1,3219.0,18366.0,2857.0,18129.0,,,2.72,1.19,2.59,1.03,30541.0,28735.0,,4644.0,4508.0,9152.0,67.5,67.4,67.45,32.54,214.0,1,0,0,0,0,184.0,9152.0,67.45,6173.024,0.17527,0.157593,6.0536,43.478261,0.7567,1511.827673,,
2022-11-16,2022,11,2,162.99,51.21,88.72,23.06,7.74,3.82,2.27,5.51,5.6,3.8,165542.0,,,87.0,86.0,,37.9,8.11,8.07,3520.0,17936.0,3117.0,17668.0,,,2.8,1.18,2.7,1.13,33950.0,31670.0,,4838.0,4765.0,9603.0,67.2,67.3,,,256.0,1,0,0,0,0,173.0,9603.0,67.25,6458.0175,0.196253,0.176421,6.574,46.242775,0.82175,1460.754487,,
2022-11-17,2022,11,3,228.31,130.95,83.16,14.2,7.68,3.14,1.78,5.74,5.51,3.68,140747.0,,,96.0,97.0,,37.7,8.12,8.09,3183.0,18024.0,2908.0,17939.0,,,2.79,1.17,2.69,1.13,30455.0,27541.0,,4618.0,4493.0,9111.0,67.5,67.6,67.55,32.44,248.0,1,0,0,0,0,193.0,9111.0,67.55,6154.4805,0.176598,0.162105,7.1024,41.450777,0.8878,1282.805812,,
2022-11-18,2022,11,4,210.17,109.42,85.05,15.7,,,,,,,,,,72.0,80.0,,,,,,,,,,,,,,,,,,4224.0,4253.0,8477.0,,,,99.99,248.0,1,0,0,0,0,152.0,8477.0,,,,,,52.631579,,,,
2022-11-19,2022,11,5,248.22,135.67,88.86,23.69,,,,,,,,,,99.0,99.0,,,,,,,,,,,,,,,,,,4752.0,4523.0,9275.0,,,,99.99,248.0,1,0,0,0,0,198.0,9275.0,,,,,,40.40404,,,,
2022-11-20,2022,11,6,0.0,0.0,0.0,0.0,,,,,,,,,,98.0,98.0,,,,,,,,,,,,,,,,,,4984.0,4602.0,9586.0,,,,,250.0,1,0,0,0,0,196.0,9586.0,,,,,,40.816327,,,,
2022-11-21,2022,11,0,392.61,182.84,180.76,29.01,8.04,3.06,1.6,5.89,5.35,3.32,138084.0,4841.0,,102.0,102.0,,37.9,8.14,8.09,2679.0,18418.0,2536.0,18258.0,,,2.81,0.99,2.69,0.85,31288.0,27484.0,5583.0,5154.0,4784.0,9938.0,67.2,67.3,,,247.0,1,0,0,0,0,204.0,9938.0,67.25,6683.305,0.145456,0.138898,6.7728,39.215686,0.8466,1467.339948,,
2022-11-22,2022,11,1,226.22,132.69,77.26,16.27,7.81,2.89,1.7,5.96,5.43,3.5,142716.0,,,102.0,102.0,,37.9,8.14,8.1,2708.0,18268.0,2639.0,18518.0,,,2.86,1.07,2.78,1.13,30614.0,28526.0,,5257.0,4917.0,10174.0,67.1,67.2,67.15,32.84,246.0,1,0,0,0,0,204.0,10174.0,67.15,6831.841,0.148237,0.14251,7.14,39.215686,0.8925,1424.929972,,
2022-11-23,2022,11,2,153.62,131.18,0.0,22.44,7.75,2.53,1.51,5.9,5.36,3.61,131281.0,,,102.0,102.0,,37.9,8.13,8.08,2603.0,18024.0,2945.0,18230.0,,,2.69,1.17,2.63,1.21,26662.0,32327.0,,5455.0,5129.0,10584.0,67.2,67.4,,,245.0,1,0,0,0,0,204.0,10584.0,67.3,7123.032,0.144419,0.161547,7.3644,39.215686,0.92055,1437.184292,,
2022-11-24,2022,11,3,158.13,51.15,89.02,17.96,8.16,3.18,1.66,5.84,5.33,3.43,154453.0,,,102.0,102.0,,38.0,8.14,8.09,2916.0,18468.0,2577.0,18006.0,,,2.68,1.17,2.66,1.03,31920.0,33186.0,,5523.0,4946.0,10469.0,67.3,67.6,67.45,32.54,191.0,1,0,0,0,0,204.0,10469.0,67.45,7061.3405,0.157895,0.143119,6.9972,39.215686,0.87465,1496.169897,,
2022-11-25,2022,11,4,321.32,216.26,87.97,17.09,8.26,3.22,1.77,5.95,5.12,3.29,149160.0,,,102.0,102.0,,37.9,8.16,8.1,2792.0,18616.0,3038.0,18348.0,,,2.76,1.16,2.94,1.21,30670.0,32016.0,,5482.0,4855.0,10337.0,67.7,67.9,67.8,32.19,246.0,1,0,0,0,0,204.0,10337.0,67.8,7008.486,0.149979,0.165577,6.7116,39.215686,0.83895,1540.169259,,
2022-11-26,2022,11,5,260.38,133.04,103.23,24.11,,,,,,,,,,102.0,102.0,,,,,,,,,,,,,,,,,,5642.0,4822.0,10464.0,,,,99.99,161.0,1,0,0,0,0,204.0,10464.0,,,,,,39.215686,,,,
2022-11-27,2022,11,6,0.0,0.0,0.0,0.0,,,,,,,,,,102.0,102.0,,,,,,,,,,,,,,,,,,6053.0,4722.0,10775.0,,,,,243.0,1,0,0,0,0,204.0,10775.0,,,,,,39.215686,,,,
2022-11-28,2022,11,0,299.66,185.09,85.23,29.34,7.97,3.15,1.69,5.85,4.88,3.02,123025.0,6508.0,,102.0,102.0,,37.9,8.11,8.1,2506.0,18166.0,3084.0,18248.0,,,2.7,1.08,2.61,1.04,34381.0,35854.0,5529.0,6191.0,4852.0,11043.0,67.8,68.2,,,243.0,1,0,0,0,0,204.0,11043.0,68.0,7509.24,0.13795,0.169005,6.1608,39.215686,0.7701,1792.462018,,
2022-11-29,2022,11,1,326.07,212.86,91.54,21.67,7.85,2.77,1.4,6.04,4.97,2.87,129546.0,,,102.0,102.0,,37.9,8.13,8.07,2790.0,18328.0,2971.0,17908.0,,,2.85,1.07,2.95,1.13,35789.0,31395.0,,5587.0,4754.0,10341.0,68.4,68.6,68.5,31.49,243.0,1,0,0,0,0,204.0,10341.0,68.5,7083.585,0.152226,0.165904,5.8548,39.215686,0.73185,1766.243083,,
2022-11-30,2022,11,2,211.41,103.0,88.61,19.8,,,,,,,,,,105.0,105.0,,,,,,,,,,,,,,,,,,5238.0,4356.0,9594.0,,,,99.99,294.0,1,0,0,0,0,210.0,9594.0,,,,,,38.095238,,,,
2022-12-01,2022,12,3,227.02,132.38,77.05,17.59,7.89,3.84,1.73,6.07,4.8,2.97,152224.0,,,104.0,105.0,,37.9,8.15,8.09,2945.0,18168.0,3262.0,17648.0,,,2.67,1.26,2.67,1.03,36724.0,39541.0,,5415.0,4561.0,9976.0,68.1,68.2,68.15,31.84,408.0,1,0,0,0,0,209.0,9976.0,68.15,6798.644,0.162098,0.184837,6.2073,38.277512,0.775912,1607.13998,,
2022-12-02,2022,12,4,305.63,242.34,47.57,15.72,8.15,3.65,1.54,6.08,4.91,3.08,145163.0,,,99.0,105.0,,37.9,8.15,8.12,2765.0,18460.0,3315.0,17848.0,,,2.58,1.07,2.68,1.12,33948.0,36083.0,,5357.0,4661.0,10018.0,67.9,68.1,68.0,31.99,378.0,1,0,0,0,0,204.0,10018.0,68.0,6812.24,0.149783,0.185735,6.2832,39.215686,0.7854,1594.410491,,
2022-12-03,2022,12,5,199.19,130.84,41.9,26.45,,,,,,,,,,96.0,108.0,,,,,,,,,,,,,,,,,,5116.0,4820.0,9936.0,,,,99.99,330.0,1,0,0,0,0,204.0,9936.0,,,,,,39.215686,,,,
2022-12-04,2022,12,6,89.59,0.0,89.59,0.0,,,,,,,,,,94.0,106.0,,,,,,,,,,,,,,,,,,5012.0,4939.0,9951.0,,,,,338.0,1,0,0,0,0,200.0,9951.0,,,,,,40.0,,,,
2022-12-05,2022,12,0,313.18,240.81,42.02,30.35,7.68,3.43,1.97,5.86,4.77,2.86,144972.0,4594.0,,94.0,105.0,,37.9,8.25,8.18,2588.0,18698.0,3240.0,18240.0,,,2.58,0.97,2.67,1.21,28259.0,31953.0,5670.0,5294.0,4926.0,10220.0,67.5,67.6,,,395.0,1,0,0,0,0,199.0,10220.0,67.55,6903.61,0.138411,0.177632,5.6914,40.201005,0.711425,1795.691745,,
2022-12-06,2022,12,1,329.07,186.49,129.88,12.7,,,,,,,,,,96.0,108.0,,,,,,,,,,,,,,,,,,5528.0,5027.0,10555.0,,,,99.99,360.0,1,0,0,0,0,204.0,10555.0,,,,,,39.215686,,,,
2022-12-07,2022,12,2,235.21,128.9,87.05,19.26,8.33,3.45,1.71,5.71,4.67,2.76,138418.0,,,100.0,108.0,,38.0,8.23,8.18,3640.0,18950.0,3164.0,18468.0,,,2.75,1.25,2.63,1.05,40753.0,33414.0,,5263.0,5303.0,10566.0,67.2,67.4,67.3,32.69,350.0,1,0,0,0,0,208.0,10566.0,67.3,7110.918,0.192084,0.171323,5.7408,38.461538,0.7176,1840.510033,,
2022-12-08,2022,12,3,253.05,105.54,130.03,17.48,8.11,2.72,1.52,5.7,4.98,3.22,134565.0,,,112.0,112.0,,38.0,8.2,8.17,3745.0,18478.0,2960.0,18530.0,,,2.84,1.25,2.66,1.03,24957.0,25482.0,,5628.0,5293.0,10921.0,66.7,67.0,,,382.0,1,0,0,0,0,224.0,10921.0,66.85,7300.6885,0.202673,0.159741,7.2128,35.714286,0.9016,1514.113798,,
2022-12-09,2022,12,4,248.37,161.02,70.16,17.19,8.26,2.21,1.16,5.75,4.84,3.08,140412.0,,,112.0,112.0,,37.9,8.17,8.15,3572.0,18218.0,3310.0,18108.0,,,2.81,1.22,2.68,1.12,28461.0,27944.0,,5579.0,5387.0,10966.0,66.9,67.1,67.0,32.99,340.0,1,0,0,0,0,224.0,10966.0,67.0,7347.22,0.19607,0.182792,6.8992,35.714286,0.8624,1589.459647,,
2022-12-10,2022,12,5,212.03,131.6,57.07,23.36,,,,,,,,,,112.0,112.0,,,,,,,,,,,,,,,,,,5611.0,5446.0,11057.0,,,,99.99,359.0,1,0,0,0,0,224.0,11057.0,,,,,,35.714286,,,,
2022-12-11,2022,12,6,0.0,0.0,0.0,0.0,,,,,,,,,,112.0,112.0,,,,,,,,,,,,,,,,,,5421.0,5245.0,10666.0,,,,99.99,380.0,1,0,0,0,0,224.0,10666.0,,,,,,35.714286,,,,
2022-12-12,2022,12,0,383.39,182.12,175.09,26.18,7.55,3.81,2.36,5.57,5.35,3.26,168405.0,6558.0,,112.0,112.0,,38.0,8.14,8.15,3735.0,18418.0,3467.0,18330.0,,,2.88,1.17,2.93,1.12,38175.0,27960.0,5274.0,5518.0,5381.0,10899.0,67.1,67.2,,,338.0,1,0,0,0,0,224.0,10899.0,67.15,7318.6785,0.202791,0.189143,7.3024,35.714286,0.9128,1492.523006,,
2022-12-13,2022,12,1,280.54,177.73,91.77,11.04,7.69,3.91,2.37,5.72,5.25,3.41,160239.0,,,112.0,112.0,,37.9,8.15,8.14,3917.0,18068.0,3620.0,18148.0,,,2.68,1.07,2.97,1.13,33464.0,28602.0,,5544.0,5685.0,11229.0,66.4,66.5,66.45,33.54,370.0,1,0,0,0,0,224.0,11229.0,66.45,7461.6705,0.216792,0.199471,7.6384,35.714286,0.9548,1470.072266,,
2022-12-14,2022,12,2,236.39,127.11,89.73,19.55,,,,,,,,,,112.0,112.0,,,,,,,,,,,,,,,,,,5930.0,5634.0,11564.0,,,,99.99,386.0,1,0,0,0,0,224.0,11564.0,,,,,,35.714286,,,,
2022-12-15,2022,12,3,197.37,105.36,77.78,14.23,,,,,,,,,,108.0,108.0,,,,,,,,,,,,,,,,,,5723.0,5653.0,11376.0,,,,99.99,368.0,1,0,0,0,0,216.0,11376.0,,,,,,37.037037,,,,
2022-12-16,2022,12,4,126.43,104.69,0.0,21.74,,,,,,,,,,105.0,105.0,,,,,,,,,,,,,,,,,,5557.0,5599.0,11156.0,,,,,361.0,1,0,0,0,0,210.0,11156.0,,,,,,38.095238,,,,
2022-12-17,2022,12,5,260.53,156.27,88.06,16.2,,,,,,,,,,102.0,102.0,,,,,,,,,,,,,,,,,,5451.0,5376.0,10827.0,,,,99.99,364.0,1,0,0,0,0,204.0,10827.0,,,,,,39.215686,,,,
2022-12-18,2022,12,6,0.0,0.0,0.0,0.0,,,,,,,,,,102.0,102.0,,,,,,,,,,,,,,,,,,5139.0,4972.0,10111.0,,,,,339.0,1,0,0,0,0,204.0,10111.0,,,,,,39.215686,,,,
2022-12-19,2022,12,0,364.6,210.14,133.49,20.97,7.91,2.5,1.31,5.85,4.72,2.88,132827.0,6515.0,,102.0,102.0,,37.9,8.23,8.21,3673.0,18738.0,3285.0,18418.0,,,2.74,1.09,2.76,1.03,40080.0,27133.0,5576.0,5080.0,4859.0,9939.0,66.8,66.9,,,373.0,1,0,0,0,0,204.0,9939.0,66.85,6644.2215,0.196019,0.178358,5.8752,39.215686,0.7344,1691.687092,,
2022-12-20,2022,12,1,218.46,130.79,76.91,10.76,8.08,2.84,1.58,5.85,5.47,3.65,161105.0,,,102.0,102.0,,37.9,8.22,8.19,3090.0,18590.0,3125.0,18648.0,,,2.65,0.96,2.49,0.94,36276.0,25328.0,,5061.0,4894.0,9955.0,66.8,66.8,66.8,33.19,338.0,1,0,0,0,0,204.0,9955.0,66.8,6649.94,0.166218,0.167578,7.446,39.215686,0.93075,1336.959441,,
2022-12-21,2022,12,2,194.6,127.79,47.9,18.91,,,,,,,,,,102.0,102.0,,,,,,,,,,,,,,,,,,5190.0,4999.0,10189.0,,,,99.99,364.0,1,0,0,0,0,204.0,10189.0,,,,,,39.215686,,,,
2022-12-22,2022,12,3,235.93,131.58,88.04,16.31,8.03,3.08,1.61,5.63,5.11,3.31,128335.0,5187.0,,102.0,102.0,,37.9,8.23,8.15,3135.0,18818.0,3446.0,18140.0,,,2.66,0.97,2.58,0.94,27187.0,27945.0,6707.0,5069.0,4819.0,9888.0,66.7,66.6,66.65,33.34,364.0,1,0,0,0,0,204.0,9888.0,66.65,6590.352,0.166596,0.189967,6.7524,39.215686,0.84405,1464.368225,,
2022-12-23,2022,12,4,235.4,133.67,88.68,13.05,8.18,2.69,1.41,5.5,5.65,3.9,135490.0,,,102.0,102.0,,37.5,8.25,8.2,3324.0,18930.0,3518.0,18418.0,,,2.65,1.06,2.52,1.13,28301.0,26502.0,,5003.0,4790.0,9793.0,66.5,66.4,66.45,33.54,370.0,1,0,0,0,0,204.0,9793.0,66.45,6507.4485,0.175594,0.191009,7.956,39.215686,0.9945,1230.894922,,
2022-12-24,2022,12,5,292.21,126.35,148.56,17.3,,,,,,,,,,102.0,102.0,,,,,,,,,,,,,,,,,,5102.0,4925.0,10027.0,,,,,338.0,1,0,0,0,0,204.0,10027.0,,,,,,39.215686,,,,
2022-12-25,2022,12,6,0.0,0.0,0.0,0.0,,,,,,,,,,102.0,102.0,,,,,,,,,,,,,,,,,,5139.0,5008.0,10147.0,,,,,355.0,1,0,0,0,0,204.0,10147.0,,,,,,39.215686,,,,
2022-12-26,2022,12,0,241.48,181.43,38.68,21.37,7.83,3.07,1.79,4.85,6.09,4.32,141109.0,4923.0,,102.0,102.0,,37.8,8.13,8.11,3505.0,18318.0,3614.0,18108.0,,,2.53,0.99,2.58,1.03,29818.0,29323.0,4997.0,5070.0,5046.0,10116.0,63.6,63.7,,,393.0,1,0,0,0,0,204.0,10116.0,63.65,6438.834,0.191342,0.19958,8.8128,39.215686,1.1016,1147.875817,,
2022-12-27,2022,12,1,244.11,154.17,78.97,10.97,,,,4.82,6.75,4.78,162405.0,,,102.0,102.0,,37.8,8.15,8.13,3420.0,18268.0,3662.0,18068.0,,,2.47,0.97,2.66,1.12,27940.0,31605.0,,5268.0,4967.0,10235.0,63.1,63.2,,,382.0,1,0,0,0,0,204.0,10235.0,63.15,6463.4025,0.187213,0.202679,9.7512,39.215686,1.2189,1049.614406,,
2022-12-28,2022,12,2,187.35,76.85,91.81,18.69,7.75,3.51,2.03,4.64,7.32,5.45,179784.0,,,100.0,100.0,,38.2,8.11,8.08,3738.0,18020.0,4169.0,17848.0,,,2.62,1.28,2.69,1.23,26161.0,35182.0,,5498.0,5408.0,10906.0,62.3,62.1,,,338.0,1,0,0,0,0,200.0,10906.0,62.2,6783.532,0.207436,0.233584,10.9,40.0,1.3625,1000.550459,,
2022-12-29,2022,12,3,331.14,185.12,129.75,16.27,7.83,3.55,1.9,4.51,7.22,5.11,144747.0,,,90.0,90.0,,38.0,8.1,8.06,4090.0,17848.0,4622.0,17710.0,,,2.68,0.97,2.53,0.95,31728.0,29057.0,,5396.0,5251.0,10647.0,61.4,61.2,,,338.0,1,0,0,0,0,180.0,10647.0,61.3,6526.611,0.229157,0.260982,9.198,44.444444,1.14975,1157.534247,,
2022-12-30,2022,12,4,185.87,134.55,38.94,12.38,,,,4.51,7.4,5.45,141930.0,,,84.0,84.0,,38.0,8.12,8.1,3375.0,18168.0,3936.0,17948.0,,,2.6,1.17,2.59,1.22,24653.0,33622.0,,5067.0,4915.0,9982.0,61.8,61.6,,,395.0,1,0,0,0,0,168.0,9982.0,61.7,6158.894,0.185766,0.2193,9.156,47.619048,1.1445,1090.214067,,
2022-12-31,2022,12,5,213.43,104.43,88.41,20.59,,,,,,,,,,87.0,87.0,,,,,,,,,,,,,,,,,,5355.0,5120.0,10475.0,,,,,280.0,1,0,0,0,0,174.0,10475.0,,,,,,45.977011,,,,
2023-01-01,2023,1,6,0.0,0.0,0.0,0.0,,,,,,,,,,90.0,90.0,,,,,,,,,,,,,,,,,,5545.0,5437.0,10982.0,,,,,305.0,1,0,1,0,0,180.0,10982.0,,,,,,44.444444,,,,
2023-01-02,2023,1,0,339.54,181.8,134.05,23.69,7.58,3.63,2.27,4.18,7.47,5.47,200266.0,6689.0,,93.0,93.0,,38.1,8.13,8.1,3640.0,18418.0,3861.0,,,,2.65,0.96,2.73,1.11,33097.0,34566.0,6313.0,5697.0,5480.0,11177.0,61.6,61.7,,,375.0,1,0,1,0,0,186.0,11177.0,61.65,6890.6205,0.197633,,10.1742,43.010753,1.271775,1098.563032,,
2023-01-03,2023,1,1,243.97,152.54,77.01,14.42,7.78,3.87,2.3,4.25,7.41,5.8,155911.0,,,96.0,96.0,,38.1,8.14,8.14,4102.0,18260.0,3985.0,,,,2.81,1.18,2.72,1.14,27409.0,29243.0,,5992.0,5746.0,11738.0,61.7,61.6,,,253.0,1,0,1,0,0,192.0,11738.0,61.65,7236.477,0.224644,,11.136,41.666667,1.392,1054.058908,,
2023-01-04,2023,1,2,148.11,131.46,0.0,16.65,7.84,3.05,1.81,4.31,7.28,5.31,162894.0,,,96.0,96.0,,38.0,8.14,8.15,3564.0,18528.0,3466.0,,,,2.79,1.12,2.75,1.06,28683.0,31152.0,,6233.0,5809.0,12042.0,61.9,62.0,61.95,38.04,317.0,1,0,1,0,0,192.0,12042.0,61.95,7460.019,0.192358,,10.1952,41.666667,1.2744,1181.144068,,
2023-01-05,2023,1,3,261.58,156.96,88.86,15.76,8.15,2.74,1.44,4.23,7.24,5.46,169881.0,,,96.0,96.0,,38.0,8.13,8.15,3280.0,18680.0,3607.0,,,,2.77,1.07,2.7,1.04,28703.0,29097.0,,6240.0,5913.0,12153.0,61.9,62.1,62.0,37.99,297.0,1,0,1,0,0,192.0,12153.0,62.0,7534.86,0.175589,,10.4832,41.666667,1.3104,1159.283425,,
2023-01-06,2023,1,4,329.88,134.22,181.39,14.27,,,,,,,,,,99.0,99.0,,,,,,,,,,,,,,,,,,6141.0,6173.0,12314.0,,,,99.99,245.0,1,0,1,0,0,198.0,12314.0,,,,,,40.40404,,,,
2023-01-07,2023,1,5,211.31,133.6,56.97,20.74,,,,,,,,,,102.0,102.0,,,,,,,,,,,,,,,,,,6243.0,6197.0,12440.0,,,,99.99,361.0,1,0,1,0,0,204.0,12440.0,,,,,,39.215686,,,,
2023-01-08,2023,1,6,0.0,0.0,0.0,0.0,,,,,,,,,,102.0,102.0,,,,,,,,,,,,,,,,,,6217.0,6194.0,12411.0,,,,,356.0,1,0,1,0,0,204.0,12411.0,,,,,,39.215686,,,,
2023-01-09,2023,1,0,323.93,130.55,169.32,24.06,7.74,3.41,1.96,4.28,7.42,5.49,149683.0,4833.0,,102.0,102.0,,37.6,8.18,8.16,3305.0,18868.0,3640.0,,,,2.86,0.97,2.84,1.21,31698.0,33301.0,5758.0,6187.0,6057.0,12244.0,62.1,62.0,,,319.0,1,0,1,0,0,204.0,12244.0,62.05,7597.402,0.175164,,11.1996,39.215686,1.39995,1093.25333,,
2023-01-10,2023,1,1,231.94,129.56,89.12,13.26,7.81,3.16,1.74,4.31,7.51,5.64,152316.0,,,102.0,102.0,,37.6,8.17,8.14,3509.0,18510.0,3821.0,,,,2.82,1.08,2.88,1.19,32163.0,35006.0,,6088.0,5779.0,11867.0,61.8,61.8,,,293.0,1,0,1,0,0,204.0,11867.0,61.8,7333.806,0.189573,,11.5056,39.215686,1.4382,1031.410791,,
2023-01-11,2023,1,2,261.88,159.45,88.88,13.55,7.69,3.64,2.37,4.49,6.85,5.36,192814.0,,,102.0,102.0,,37.6,8.16,8.15,3661.0,18380.0,3526.0,,,,2.76,1.3,2.71,1.23,27712.0,32742.0,,5876.0,5838.0,11714.0,62.2,62.1,62.15,37.84,357.0,1,0,1,0,0,204.0,11714.0,62.15,7280.251,0.199184,,10.9344,39.215686,1.3668,1071.297922,,
2023-01-12,2023,1,3,256.61,134.38,107.24,14.99,7.64,3.52,2.12,4.41,6.98,5.19,154065.0,,,102.0,102.0,,37.6,8.15,8.17,3485.0,18468.0,3378.0,,,,3.02,1.19,2.61,1.04,26917.0,36463.0,,5932.0,5988.0,11920.0,62.5,62.4,62.45,37.54,357.0,1,0,1,0,0,204.0,11920.0,62.45,7444.04,0.188705,,10.5876,39.215686,1.32345,1125.845328,,
2023-01-13,2023,1,4,212.9,135.83,61.78,15.29,7.82,3.57,2.29,4.51,7.01,5.39,186387.0,,,102.0,102.0,,37.5,8.15,8.16,3765.0,18308.0,3440.0,,,,2.95,1.3,2.77,1.13,28216.0,33270.0,,6048.0,6020.0,12068.0,62.2,62.1,62.15,37.84,366.0,1,0,1,0,0,204.0,12068.0,62.15,7500.262,0.205648,,10.9956,39.215686,1.37445,1097.529921,,
2023-01-14,2023,1,5,117.47,54.38,41.66,21.43,,,,,,,,,,98.0,98.0,,,,,,,,,,,,,,,,,,6014.0,5855.0,11869.0,,,,99.99,308.0,1,0,1,0,0,196.0,11869.0,,,,,,40.816327,,,,
2023-01-15,2023,1,6,0.0,0.0,0.0,0.0,,,,,,,,,,102.0,102.0,,,,,,,,,,,,,,,,,,5938.0,5911.0,11849.0,,,,99.99,262.0,1,0,1,0,0,204.0,11849.0,,,,,,39.215686,,,,
2023-01-16,2023,1,0,406.26,157.24,226.64,22.38,8.07,3.16,1.65,4.4,6.81,4.89,186289.0,7094.0,,102.0,102.0,,37.5,8.16,8.16,3682.0,18610.0,3337.0,,,,2.84,1.19,2.75,1.12,32621.0,36702.0,6153.0,5937.0,5745.0,11682.0,62.3,62.4,,,360.0,1,0,1,0,0,204.0,11682.0,62.35,7283.727,0.197851,,9.9756,39.215686,1.24695,1171.05738,,
2023-01-17,2023,1,1,252.26,158.6,77.95,15.71,7.84,3.4,2.01,4.45,6.9,5.11,190310.0,,,102.0,102.0,,37.5,8.17,8.16,3464.0,18818.0,3186.0,,,,2.87,1.17,2.59,1.03,31948.0,34211.0,,5976.0,5855.0,11831.0,62.1,62.2,,,324.0,1,0,1,0,0,204.0,11831.0,62.15,7352.9665,0.184079,,10.4244,39.215686,1.30305,1134.933425,,
2023-01-18,2023,1,2,173.58,157.73,0.0,15.85,8.02,3.24,1.81,4.52,6.95,5.21,200493.0,,,102.0,102.0,,37.5,8.15,8.15,3716.0,18518.0,3505.0,,,,2.91,1.24,2.84,1.19,34162.0,36228.0,,6044.0,5943.0,11987.0,62.0,62.1,62.05,37.94,259.0,1,0,1,0,0,204.0,11987.0,62.05,7437.9335,0.20067,,10.6284,39.215686,1.32855,1127.827331,,
2023-01-19,2023,1,3,207.56,104.12,88.59,14.85,8.22,3.0,1.53,4.71,6.95,4.99,158338.0,,,102.0,102.0,,37.4,8.18,8.19,3364.0,18758.0,3376.0,,,,2.8,1.18,2.77,1.13,30032.0,31923.0,,6176.0,5848.0,12024.0,62.1,62.3,62.2,37.79,409.0,1,0,1,0,0,204.0,12024.0,62.2,7478.928,0.179337,,10.1796,39.215686,1.27245,1181.185901,,
2023-01-20,2023,1,4,291.32,186.95,88.96,15.41,7.98,3.26,1.75,4.62,6.82,4.86,163011.0,,,102.0,102.0,,37.4,8.2,8.2,3197.0,18940.0,3285.0,,,,2.78,1.16,2.75,1.14,30216.0,29924.0,,6057.0,5836.0,11893.0,62.3,62.2,62.25,37.74,310.0,1,0,1,0,0,204.0,11893.0,62.25,7403.3925,0.168796,,9.9144,39.215686,1.2393,1199.568305,,
2023-01-21,2023,1,5,113.4,53.46,18.05,41.89,,,,,,,,,,102.0,102.0,,,,,,,,,,,,,,,,,,6065.0,4786.0,10851.0,,,,99.99,277.0,1,0,1,0,0,204.0,10851.0,,,,,,39.215686,,,,
2023-01-22,2023,1,6,0.0,0.0,0.0,0.0,,,,,,,,,,102.0,102.0,,,,,,,,,,,,,,,,,,6075.0,6860.0,12935.0,,,,99.99,257.0,1,0,1,0,0,204.0,12935.0,,,,,,39.215686,,,,
2023-01-23,2023,1,0,50.71,50.71,0.0,0.0,,,,,,,,,,102.0,102.0,,,,,,,,,,,,,,,,,,5878.0,5714.0,11592.0,,,,,261.0,1,0,1,0,0,204.0,11592.0,,,,,,39.215686,,,,
2023-01-24,2023,1,1,322.8,154.17,155.59,13.04,,,,,,,,,,102.0,102.0,,,,,,,,,,,,,,,,,,5505.0,5299.0,10804.0,,,,,278.0,1,0,1,0,0,204.0,10804.0,,,,,,39.215686,,,,
2023-01-25,2023,1,2,237.17,185.21,37.37,14.59,7.82,3.12,1.61,4.79,5.9,4.19,131348.0,5578.0,,102.0,102.0,,37.9,8.04,8.03,2862.0,18258.0,2747.0,,,,2.73,1.09,2.59,1.13,30816.0,37593.0,5873.0,5171.0,5074.0,10245.0,63.7,63.8,63.75,36.24,334.0,1,0,1,0,0,204.0,10245.0,63.75,6531.1875,0.156753,,8.5476,39.215686,1.06845,1198.582058,,
2023-01-26,2023,1,3,331.84,155.3,163.49,13.05,,,,,,,,,,102.0,102.0,,,,,,,,,,,,,,,,,,5593.0,5435.0,11028.0,,,,99.99,271.0,1,0,1,0,0,204.0,11028.0,,,,,,39.215686,,,,
2023-01-27,2023,1,4,130.57,111.01,0.0,19.56,7.96,3.21,1.81,4.72,6.31,4.58,174026.0,,,102.0,102.0,,37.8,8.07,8.05,2937.0,18418.0,2836.0,,,,2.78,1.11,2.65,1.12,31228.0,34610.0,,5938.0,5731.0,11669.0,62.9,62.8,62.85,37.14,370.0,1,0,1,0,0,204.0,11669.0,62.85,7333.9665,0.159464,,9.3432,39.215686,1.1679,1248.929703,,
2023-01-28,2023,1,5,183.09,76.98,89.08,17.03,,,,,,,,,,102.0,102.0,,,,,,,,,,,,,,,,,,6195.0,6029.0,12224.0,,,,99.99,318.0,1,0,1,0,0,204.0,12224.0,,,,,,39.215686,,,,
2023-01-29,2023,1,6,0.0,0.0,0.0,0.0,,,,,,,,,,102.0,102.0,,,,,,,,,,,,,,,,,,6408.0,6120.0,12528.0,,,,99.99,274.0,1,0,1,0,0,204.0,12528.0,,,,,,39.215686,,,,
2023-01-30,2023,1,0,329.83,131.97,174.09,23.77,7.69,4.15,2.4,4.34,7.18,5.34,155079.0,5545.0,,102.0,102.0,,38.0,7.96,7.98,3164.0,18188.0,2935.0,,,,2.8,1.18,2.69,1.13,33549.0,31652.0,5292.0,6512.0,6234.0,12746.0,63.0,63.1,,,350.0,1,0,1,0,0,204.0,12746.0,63.05,8036.353,0.173961,,10.8936,39.215686,1.3617,1170.044797,,
2023-01-31,2023,1,1,276.38,183.1,76.45,16.83,7.72,3.05,1.46,4.41,7.39,5.49,168301.0,,,102.0,102.0,,38.0,7.97,7.99,3406.0,18340.0,3257.0,,,,2.85,1.21,2.75,1.16,32496.0,31838.0,,6557.0,6294.0,12851.0,62.4,62.6,,,256.0,1,0,1,0,0,204.0,12851.0,62.5,8031.875,0.185714,,11.1996,39.215686,1.39995,1147.451695,,
2023-02-01,2023,2,2,145.29,128.11,0.0,17.18,7.85,2.81,1.46,4.42,7.23,5.43,149449.0,,,102.0,102.0,,38.0,7.98,7.97,3383.0,18428.0,3297.0,,,,2.78,1.27,2.6,1.13,29118.0,30400.0,,6475.0,6338.0,12813.0,62.7,62.8,62.75,37.24,215.0,1,0,1,0,0,204.0,12813.0,62.75,8040.1575,0.183579,,11.0772,39.215686,1.38465,1156.700249,,
2023-02-02,2023,2,3,190.29,131.71,41.62,16.96,7.7,2.89,1.51,4.32,7.47,5.56,143738.0,,,100.0,99.0,,38.0,8.0,7.99,3609.0,18268.0,3438.0,,,,2.82,1.24,2.64,1.11,37804.0,33544.0,,6261.0,6387.0,12648.0,62.9,63.1,63.0,36.99,231.0,1,0,1,0,0,199.0,12648.0,63.0,7968.24,0.197559,,11.0644,40.201005,1.38305,1143.1257,,
2023-02-03,2023,2,4,288.07,138.07,134.3,15.7,7.86,3.21,1.64,4.37,7.51,5.6,152174.0,,,102.0,102.0,,38.0,8.01,8.0,3505.0,18410.0,3296.0,,,,2.84,1.26,2.7,1.15,34239.0,32946.0,,6378.0,6138.0,12516.0,62.6,62.9,62.75,37.24,294.0,1,0,1,0,0,204.0,12516.0,62.75,7853.79,0.190386,,11.424,39.215686,1.428,1095.588235,,
2023-02-04,2023,2,5,176.64,54.68,101.5,20.46,,,,,,,,,,107.0,107.0,,,,,,,,,,,,,,,,,,6558.0,6470.0,13028.0,,,,99.99,325.0,1,0,1,0,0,214.0,13028.0,,,,,,37.383178,,,,
2023-02-05,2023,2,6,0.0,0.0,0.0,0.0,,,,,,,,,,102.0,102.0,,,,,,,,,,,,,,,,,,6267.0,6096.0,12363.0,,,,99.99,341.0,1,0,1,0,0,204.0,12363.0,,,,,,39.215686,,,,
2023-02-06,2023,2,0,219.17,157.28,38.7,23.19,7.84,3.1,1.56,4.31,6.58,4.77,125797.0,4698.0,,102.0,102.0,,38.2,8.03,8.02,3268.0,18538.0,3051.0,,,,2.66,1.16,2.78,1.22,35653.0,30079.0,5919.0,5908.0,5872.0,11780.0,62.8,62.7,,,286.0,1,0,1,0,0,204.0,11780.0,62.75,7391.95,0.176287,,9.7308,39.215686,1.21635,1210.589057,,
2023-02-07,2023,2,1,259.88,156.52,89.3,14.06,,,,,,,,,,102.0,102.0,,,,,,,,,,,,,,,,,,5889.0,5625.0,11514.0,,,,,243.0,1,0,1,0,0,204.0,11514.0,,,,,,39.215686,,,,
2023-02-08,2023,2,2,306.66,107.49,184.14,15.03,7.76,3.25,1.71,4.25,7.03,5.23,106244.0,,,102.0,102.0,,38.1,7.99,7.97,3642.0,18168.0,3375.0,,,,2.85,1.2,2.81,1.24,27266.0,31011.0,,5887.0,5800.0,11687.0,62.3,62.6,62.45,37.54,279.0,1,0,1,0,0,204.0,11687.0,62.45,7298.5315,0.200462,,10.6692,39.215686,1.33365,1095.396093,,
2023-02-09,2023,2,3,249.45,156.81,77.34,15.3,7.91,3.15,1.59,4.23,7.24,5.41,112579.0,,,102.0,102.0,,38.0,7.97,7.96,3632.0,18098.0,3517.0,,,,2.87,1.22,2.81,1.25,28805.0,30674.0,,6196.0,6027.0,12223.0,62.1,62.2,62.15,37.84,296.0,1,0,1,0,0,204.0,12223.0,62.15,7596.5945,0.200685,,11.0364,39.215686,1.37955,1107.516944,,
2023-02-10,2023,2,4,166.99,153.73,0.0,13.26,,,,,,,,,,102.0,102.0,,,,,,,,,,,,,,,,,,5970.0,5901.0,11871.0,,,,99.99,182.0,1,0,1,0,0,204.0,11871.0,,,,,,39.215686,,,,
2023-02-11,2023,2,5,184.46,76.84,88.13,19.49,,,,,,,,,,102.0,102.0,,,,,,,,,,,,,,,,,,5781.0,5740.0,11521.0,,,,,221.0,1,0,1,0,0,204.0,11521.0,,,,,,39.215686,,,,
2023-02-12,2023,2,6,0.0,0.0,0.0,0.0,,,,,,,,,,102.0,102.0,,,,,,,,,,,,,,,,,,5650.0,5544.0,11194.0,,,,,272.0,1,0,1,0,0,204.0,11194.0,,,,,,39.215686,,,,
2023-02-13,2023,2,0,335.42,132.09,180.77,22.56,7.99,2.68,1.26,4.21,6.78,4.94,184572.0,4891.0,,102.0,102.0,,37.9,8.0,7.98,4016.0,18008.0,4205.0,,,,2.82,1.09,2.63,0.95,37720.0,30611.0,5465.0,5639.0,5497.0,11136.0,62.2,62.3,,,331.0,1,0,1,0,0,204.0,11136.0,62.25,6932.16,0.223012,,10.0776,39.215686,1.2597,1105.025006,,
2023-02-14,2023,2,1,273.42,181.08,77.45,14.89,7.4,3.24,2.03,4.21,6.84,5.04,176049.0,,,102.0,102.0,,37.9,7.99,7.99,4531.0,17868.0,4173.0,,,,2.72,1.18,2.55,1.05,35045.0,32090.0,,5619.0,5564.0,11183.0,62.1,62.3,,,255.0,1,0,1,0,0,204.0,11183.0,62.2,6955.826,0.253582,,10.2816,39.215686,1.2852,1087.67118,,
2023-02-15,2023,2,2,147.08,132.88,0.0,14.2,7.5,2.96,1.64,4.07,7.23,5.61,131059.0,,,102.0,102.0,,37.9,7.97,7.97,4327.0,17840.0,4819.0,,,,2.63,1.19,2.59,1.22,30666.0,31611.0,,5793.0,5711.0,11504.0,62.2,62.1,62.15,37.84,374.0,1,0,1,0,0,204.0,11504.0,62.15,7149.736,0.242545,,11.4444,39.215686,1.43055,1005.207787,,
2023-02-16,2023,2,3,213.41,108.92,87.99,16.5,7.71,3.14,1.85,4.12,7.16,5.49,138505.0,,,102.0,102.0,,38.0,7.95,7.95,3984.0,17698.0,4205.0,,,,2.68,1.21,2.61,1.2,31874.0,30409.0,,5606.0,5470.0,11076.0,62.3,62.2,62.25,37.74,261.0,1,0,1,0,0,204.0,11076.0,62.25,6894.81,0.22511,,11.1996,39.215686,1.39995,988.963892,,
2023-02-17,2023,2,4,327.33,133.62,179.44,14.27,7.56,3.94,2.26,4.2,6.78,5.06,127508.0,,,102.0,102.0,,38.0,7.99,8.0,3276.0,18148.0,3426.0,,,,2.73,1.15,2.62,1.14,34392.0,31330.0,,5746.0,5638.0,11384.0,62.6,62.8,62.7,37.29,279.0,1,0,1,0,0,204.0,11384.0,62.7,7137.768,0.180516,,10.3224,39.215686,1.2903,1102.8443,,
2023-02-18,2023,2,5,159.03,82.57,56.15,20.31,,,,,,,,,,102.0,102.0,,,,,,,,,,,,,,,,,,6056.0,5944.0,12000.0,,,,99.99,280.0,1,0,1,0,0,204.0,12000.0,,,,,,39.215686,,,,
2023-02-19,2023,2,6,0.0,0.0,0.0,0.0,,,,,,,,,,102.0,102.0,,,,,,,,,,,,,,,,,,6092.0,6071.0,12163.0,,,,,274.0,1,0,1,0,0,204.0,12163.0,,,,,,39.215686,,,,
2023-02-20,2023,2,0,192.9,132.03,38.84,22.03,7.76,3.11,1.63,4.26,6.88,5.16,131088.0,4593.0,,99.0,99.0,,38.0,8.04,8.05,2948.0,18468.0,2750.0,,,,2.75,1.2,2.59,1.13,31483.0,30046.0,5635.0,5888.0,5817.0,11705.0,62.5,62.6,,,288.0,1,0,1,0,0,198.0,11705.0,62.55,7321.4775,0.159627,,10.2168,40.40404,1.2771,1145.662047,,
2023-02-21,2023,2,1,304.35,156.75,133.61,13.99,7.94,3.21,1.98,4.18,6.75,4.96,136242.0,,,96.0,96.0,,37.9,8.05,8.06,2862.0,18338.0,2649.0,,,,2.72,1.16,2.61,1.15,30614.0,29695.0,,5426.0,5332.0,10758.0,62.9,63.0,,,298.0,1,0,1,0,0,192.0,10758.0,62.95,6772.161,0.156069,,9.5232,41.666667,1.1904,1129.662298,,
2023-02-22,2023,2,2,232.11,78.81,138.85,14.45,,,,,,,,,,96.0,96.0,,,,,,,,,,,,,,,,,,5292.0,5240.0,10532.0,,,,,294.0,1,0,1,0,0,192.0,10532.0,,,,,,41.666667,,,,
2023-02-23,2023,2,3,172.56,82.9,76.74,12.92,7.61,3.94,2.53,4.24,7.27,5.35,150116.0,,,94.0,93.0,,38.0,8.01,8.02,2718.0,18108.0,2766.0,,,,2.72,1.09,2.61,1.14,29695.0,29870.0,,5530.0,5424.0,10954.0,62.7,62.8,62.75,37.24,287.0,1,0,1,0,0,187.0,10954.0,62.75,6873.635,0.150099,,10.0045,42.780749,1.250562,1094.907292,,
2023-02-24,2023,2,4,93.73,81.08,0.0,12.65,7.74,3.54,2.21,4.21,6.94,5.19,145027.0,,,90.0,90.0,,38.0,8.02,8.03,2826.0,17868.0,2926.0,,,,2.69,1.1,2.62,1.13,29416.0,30835.0,,5212.0,5160.0,10372.0,63.2,63.1,63.15,36.84,282.0,1,0,1,0,0,180.0,10372.0,63.15,6549.918,0.15816,,9.342,44.444444,1.16775,1110.254763,,
2023-02-25,2023,2,5,135.37,27.39,88.41,19.57,,,,,,,,,,90.0,90.0,,,,,,,,,,,,,,,,,,4597.0,4613.0,9210.0,,,,99.99,274.0,1,0,1,0,0,180.0,9210.0,,,,,,44.444444,,,,
2023-02-26,2023,2,6,0.0,0.0,0.0,0.0,,,,,,,,,,90.0,90.0,,,,,,,,,,,,,,,,,,4183.0,4063.0,8246.0,,,,99.99,226.0,1,0,1,0,0,180.0,8246.0,,,,,,44.444444,,,,
2023-02-27,2023,2,0,285.81,105.87,157.17,22.77,7.97,2.77,1.55,4.84,5.93,4.22,156295.0,,,90.0,90.0,,37.7,7.98,7.99,2906.0,17828.0,2987.0,,,,2.63,1.19,2.59,1.13,29416.0,30625.0,5527.0,3951.0,3873.0,7824.0,63.4,63.8,63.6,36.39,210.0,1,0,1,0,0,180.0,7824.0,63.6,4976.064,0.163002,,7.596,44.444444,0.9495,1030.015798,,
2023-02-28,2023,2,1,189.72,101.21,74.95,13.56,7.85,2.87,1.84,4.72,6.18,4.82,160064.0,,,90.0,90.0,,37.9,7.98,7.98,2787.0,17910.0,2851.0,,,,2.56,1.15,2.72,1.24,29835.0,29974.0,,3960.0,3962.0,7922.0,63.7,64.0,63.85,36.14,261.0,1,0,1,0,0,180.0,7922.0,63.85,5058.197,0.155611,,8.676,44.444444,1.0845,913.093592,,
2023-03-01,2023,3,2,119.21,103.41,0.0,15.8,,,,,,,,,,83.0,83.0,,,,,,,,,,,,,,,,,,3806.0,3713.0,7519.0,,,,,65.0,1,0,1,0,0,166.0,7519.0,,,,,,48.192771,,,,
2023-03-02,2023,3,3,104.76,49.75,41.33,13.68,7.89,2.75,1.35,4.8,5.73,4.02,113317.0,,,68.0,68.0,,37.9,8.01,8.02,2537.0,18118.0,2624.0,,,,2.59,1.07,2.67,1.12,24941.0,29907.0,,3009.0,2959.0,5968.0,64.1,64.2,64.15,35.84,86.0,1,0,1,0,0,136.0,5968.0,64.15,3828.472,0.140026,,5.4672,58.823529,0.6834,1091.600819,,
2023-03-03,2023,3,4,276.64,132.37,130.93,13.34,7.78,2.76,1.54,5.1,5.34,3.81,111030.0,,,90.0,90.0,,37.9,8.01,8.02,2602.0,18058.0,2896.0,,,,2.5,1.17,2.79,1.23,25372.0,28479.0,,3476.0,3487.0,6963.0,64.5,64.7,64.6,35.39,220.0,1,0,1,0,0,180.0,6963.0,64.6,4498.098,0.144091,,6.858,44.444444,0.85725,1015.310586,,
2023-03-04,2023,3,5,101.82,26.87,56.57,18.38,,,,,,,,,,90.0,90.0,,,,,,,,,,,,,,,,,,3641.0,3539.0,7180.0,,,,99.99,228.0,1,0,1,0,0,180.0,7180.0,,,,,,44.444444,,,,
2023-03-05,2023,3,6,0.0,0.0,0.0,0.0,,,,,,,,,,90.0,90.0,,,,,,,,,,,,,,,,,,3710.0,3826.0,7536.0,,,,99.99,265.0,1,0,1,0,0,180.0,7536.0,,,,,,44.444444,,,,
2023-03-06,2023,3,0,138.17,76.97,38.69,22.51,,,,4.76,5.75,4.31,120787.0,,,90.0,90.0,,37.9,8.03,8.03,2754.0,18408.0,2826.0,,,,2.53,1.18,2.41,1.13,24927.0,28133.0,5719.0,4024.0,4139.0,8163.0,64.3,64.5,,,218.0,1,0,1,0,0,180.0,8163.0,64.4,5256.972,0.149609,,7.758,44.444444,0.96975,1052.204176,,
2023-03-07,2023,3,1,308.07,181.58,112.88,13.61,7.97,2.98,1.56,4.46,6.89,5.05,131064.0,,,90.0,90.0,,37.6,8.04,8.04,2569.0,18238.0,2681.0,,,,2.62,1.08,2.53,1.05,25106.0,27738.0,,4642.0,4581.0,9223.0,64.8,65.0,,,228.0,1,0,1,0,0,180.0,9223.0,64.9,5985.727,0.14086,,9.09,44.444444,1.13625,1014.631463,,
2023-03-08,2023,3,2,148.89,0.0,134.02,14.87,,,,,,,,,,90.0,90.0,,,,,,,,,,,,,,,,,,4590.0,3487.0,8077.0,,,,99.99,254.0,1,0,1,0,0,180.0,8077.0,,,,,,44.444444,,,,
2023-03-09,2023,3,3,145.43,54.34,77.07,14.02,7.48,3.45,2.23,4.62,6.27,4.55,129968.0,,,90.0,90.0,,37.5,8.02,8.02,2708.0,18048.0,2596.0,,,,2.56,1.16,2.61,1.13,24162.0,26772.0,,4502.0,5413.0,9915.0,65.1,64.9,65.0,34.99,261.0,1,0,1,0,0,180.0,9915.0,65.0,6444.75,0.150044,,8.19,44.444444,1.02375,1210.622711,,
2023-03-10,2023,3,4,96.98,82.49,0.0,14.49,7.64,3.17,1.68,4.56,6.18,4.46,125509.0,,,90.0,90.0,,37.4,8.03,8.04,2594.0,18110.0,2640.0,,,,2.52,1.14,2.58,1.1,24296.0,26347.0,,3984.0,3851.0,7835.0,64.7,64.6,64.65,35.34,304.0,1,0,1,0,0,180.0,7835.0,64.65,5065.3275,0.143236,,8.028,44.444444,1.0035,975.959143,,
2023-03-11,2023,3,5,182.57,51.97,112.54,18.06,,,,,,,,,,90.0,90.0,,,,,,,,,,,,,,,,,,4081.0,4003.0,8084.0,,,,99.99,218.0,1,0,1,0,0,180.0,8084.0,,,,,,44.444444,,,,
2023-03-12,2023,3,6,0.0,0.0,0.0,0.0,,,,,,,,,,90.0,90.0,,,,,,,,,,,,,,,,,,4534.0,4436.0,8970.0,,,,99.99,296.0,1,0,1,0,0,180.0,8970.0,,,,,,44.444444,,,,
2023-03-13,2023,3,0,313.7,160.09,132.24,21.37,,,,5.06,5.3,3.73,122711.0,5527.0,,90.0,77.0,,37.2,8.04,8.03,2463.0,18318.0,2641.0,,,,2.54,1.09,2.67,1.03,30570.0,26757.0,5600.0,4530.0,3916.0,8446.0,64.4,64.2,,,219.0,1,0,1,0,0,167.0,8446.0,64.3,5430.778,0.134458,,6.2291,47.904192,0.778638,1355.89411,,
2023-03-14,2023,3,1,191.09,100.72,77.19,13.18,,,,,,,,,,94.0,45.0,,,,,,,,,,,,,,,,,,4365.0,2428.0,6793.0,,,,,219.0,1,0,1,0,0,139.0,6793.0,,,,,,57.553957,,,,
2023-03-15,2023,3,2,144.15,79.24,49.91,15.0,7.84,2.66,1.48,4.79,6.61,4.63,142280.0,,,87.0,87.0,,37.0,8.04,8.03,2596.0,18220.0,2239.0,,,,2.48,0.93,2.42,0.85,23281.0,25451.0,,4794.0,4598.0,9392.0,63.2,63.9,63.55,36.44,222.0,1,0,1,0,0,174.0,9392.0,63.55,5968.616,0.142481,,8.0562,45.977011,1.007025,1165.810183,,
2023-03-16,2023,3,3,158.08,53.77,87.78,16.53,,,,,,,,,,84.0,84.0,,,,,,,,,,,,,,,,,,4575.0,4519.0,9094.0,,,,99.99,223.0,1,0,1,0,0,168.0,9094.0,,,,,,47.619048,,,,
2023-03-17,2023,3,4,248.06,55.01,179.36,13.69,7.91,3.16,1.95,5.86,5.33,4.88,133537.0,,,84.0,84.0,,37.0,8.05,8.04,2702.0,18068.0,2531.0,,,,2.44,1.19,2.54,1.15,22875.0,26313.0,,4320.0,4136.0,8456.0,63.9,64.0,63.95,36.04,287.0,1,0,1,0,0,168.0,8456.0,63.95,5407.612,0.149546,,8.1984,47.619048,1.0248,1031.420765,,
2023-03-18,2023,3,5,127.98,51.38,57.02,19.58,,,,,,,,,,84.0,84.0,,,,,,,,,,,,,,,,,,4218.0,4095.0,8313.0,,,,,249.0,1,0,1,0,0,168.0,8313.0,,,,,,47.619048,,,,
2023-03-19,2023,3,6,0.0,0.0,0.0,0.0,,,,,,,,,,84.0,84.0,,,,,,,,,,,,,,,,,,4331.0,4090.0,8421.0,,,,99.99,220.0,1,0,1,0,0,168.0,8421.0,,,,,,47.619048,,,,
2023-03-20,2023,3,0,163.28,103.09,38.74,21.45,7.76,2.84,1.49,5.96,4.48,2.9,117690.0,5258.0,,84.0,84.0,,37.0,8.05,8.04,2492.0,17958.0,2742.0,,,,2.48,0.97,2.52,1.23,31339.0,25334.0,5397.0,3999.0,3875.0,7874.0,66.4,66.7,,,220.0,1,0,1,0,0,168.0,7874.0,66.55,5240.147,0.138768,,4.872,47.619048,0.609,1616.174056,,
2023-03-21,2023,3,1,177.75,76.56,88.33,12.86,7.84,2.96,1.58,5.87,4.9,3.42,120375.0,,,84.0,84.0,,37.0,8.04,8.03,2648.0,17640.0,2669.0,,,,2.51,1.11,2.53,1.14,28462.0,26375.0,,3831.0,3669.0,7500.0,66.9,67.1,,,226.0,1,0,1,0,0,168.0,7500.0,67.0,5025.0,0.150113,,5.7456,47.619048,0.7182,1305.3467,,
2023-03-22,2023,3,2,194.76,0.0,179.63,15.13,7.7,2.89,1.79,5.99,4.49,3.13,109468.0,,,84.0,84.0,,36.8,8.08,8.09,2597.0,17418.0,2484.0,,,,2.61,1.21,2.44,1.24,30782.0,28418.0,,3683.0,3534.0,7217.0,69.1,69.2,,,250.0,1,0,1,0,0,168.0,7217.0,69.15,4990.5555,0.149099,,5.2584,47.619048,0.6573,1372.470714,,
2023-03-23,2023,3,3,168.59,77.43,77.17,13.99,,,,,,,,,,84.0,84.0,,,,,,,,,,,,,,,,,,3650.0,3530.0,7180.0,,,,,222.0,1,0,1,0,0,168.0,7180.0,,,,,,47.619048,,,,
2023-03-24,2023,3,4,167.6,108.51,45.6,13.49,,,,,,,,,,84.0,84.0,,,,,,,,,,,,,,,,,,3452.0,3274.0,6726.0,,,,,91.0,1,0,1,0,0,168.0,6726.0,,,,,,47.619048,,,,
2023-03-25,2023,3,5,114.1,54.72,41.49,17.89,,,,,,,,,,84.0,84.0,,,,,,,,,,,,,,,,,,3474.0,3343.0,6817.0,,,,99.99,154.0,1,0,1,0,0,168.0,6817.0,,,,,,47.619048,,,,
2023-03-26,2023,3,6,0.0,0.0,0.0,0.0,,,,,,,,,,84.0,84.0,,,,,,,,,,,,,,,,,,3570.0,3392.0,6962.0,,,,99.99,0.0,1,0,1,0,0,168.0,6962.0,,,,,,47.619048,,,,
2023-03-27,2023,3,0,303.5,98.49,183.44,21.57,7.84,3.76,2.19,5.66,5.02,3.19,179855.0,4976.0,,81.0,81.0,,36.7,8.15,8.17,2218.0,18448.0,2168.0,,,,2.5,0.98,2.5,1.03,23764.0,28476.0,5301.0,3727.0,3676.0,7403.0,70.2,70.1,,,213.0,1,0,1,0,0,162.0,7403.0,70.15,5193.2045,0.12023,,5.1678,49.382716,0.645975,1432.524479,,
2023-03-28,2023,3,1,185.54,95.46,76.82,13.26,7.46,3.78,2.49,5.79,5.2,3.62,138552.0,,,84.0,84.0,,36.7,8.03,8.02,2754.0,18168.0,2486.0,,,,2.76,1.16,2.57,1.21,30446.0,34544.0,,3961.0,3821.0,7782.0,70.9,70.7,,,186.0,1,0,1,0,0,168.0,7782.0,70.8,5509.656,0.151585,,6.0816,47.619048,0.7602,1279.597474,,
2023-03-29,2023,3,2,185.65,75.97,93.83,15.85,7.68,3.56,2.24,5.86,5.14,3.45,146126.0,,,84.0,84.0,,36.7,8.01,8.02,2582.0,18200.0,2554.0,,,,2.69,1.19,2.58,1.17,31285.0,32690.0,,3972.0,3877.0,7849.0,70.8,70.5,70.65,29.34,149.0,1,0,1,0,0,168.0,7849.0,70.65,5545.3185,0.141868,,5.796,47.619048,0.7245,1354.2098,,
2023-03-30,2023,3,3,133.98,53.05,65.39,15.54,7.91,3.97,2.62,5.61,4.91,3.54,187526.0,,,84.0,84.0,,36.7,7.98,7.99,2656.0,18008.0,2417.0,,,,2.54,1.14,2.32,1.13,33908.0,29504.0,,4052.0,3902.0,7954.0,70.6,70.8,,,82.0,1,0,1,0,0,168.0,7954.0,70.7,5623.478,0.14749,,5.9472,47.619048,0.7434,1337.436104,,
2023-03-31,2023,3,4,128.36,26.53,88.26,13.57,,,,,,,,,,84.0,84.0,,,,,,,,,,,,,,,,,,3667.0,3556.0,7223.0,,,,99.99,228.0,1,0,1,0,0,168.0,7223.0,,,,,,47.619048,,,,
2023-04-01,2023,4,5,246.77,80.72,148.23,17.82,,,,,,,,,,84.0,84.0,,,,,,,,,,,,,,,,,,3418.0,3249.0,6667.0,,,,,230.0,1,0,1,0,0,168.0,6667.0,,,,,,47.619048,,,,
2023-04-02,2023,4,6,0.0,0.0,0.0,0.0,,,,,,,,,,84.0,84.0,,,,,,,,,,,,,,,,,,3450.0,3306.0,6756.0,,,,99.99,305.0,1,0,1,0,0,168.0,6756.0,,,,,,47.619048,,,,
2023-04-03,2023,4,0,191.69,131.04,38.3,22.35,7.51,3.8,2.35,5.8,4.54,2.7,53075.0,5331.0,,84.0,84.0,,36.4,7.95,7.94,2351.0,17728.0,2608.0,,,,2.42,1.08,2.46,1.11,28507.0,25441.0,5061.0,3752.0,3657.0,7409.0,69.8,69.9,,,204.0,1,0,1,0,0,168.0,7409.0,69.85,5175.1865,0.132615,,4.536,47.619048,0.567,1633.377425,,
2023-04-04,2023,4,1,220.3,76.61,133.05,10.64,7.8,3.54,2.06,5.85,5.12,3.24,100455.0,,,84.0,84.0,,36.4,7.95,7.94,2178.0,17580.0,2439.0,,,,2.48,1.1,2.44,1.05,26915.0,24462.0,,3692.0,3564.0,7256.0,70.0,70.2,,,240.0,1,0,1,0,0,168.0,7256.0,70.1,5086.456,0.123891,,5.4432,47.619048,0.6804,1333.039389,,
2023-04-05,2023,4,2,188.71,80.33,87.59,20.79,,,,,,,,,,84.0,84.0,,,,,,,,,,,,,,,,,,3727.0,3600.0,7327.0,,,,99.99,237.0,1,0,1,0,0,168.0,7327.0,,,,,,47.619048,,,,
2023-04-06,2023,4,3,196.31,108.34,76.98,10.99,7.85,2.68,1.31,5.84,4.43,2.78,135957.0,,,84.0,84.0,,36.4,7.94,7.93,2304.0,17418.0,2452.0,,,,2.61,1.08,2.5,1.03,26654.0,25940.0,,3570.0,3457.0,7027.0,69.8,69.7,69.75,30.24,229.0,1,0,1,0,0,168.0,7027.0,69.75,4901.3325,0.132277,,4.6704,47.619048,0.5838,1504.582049,,
2023-04-07,2023,4,4,66.7,53.83,0.0,12.87,7.97,3.45,2.11,5.76,4.58,2.85,151065.0,,,84.0,84.0,,36.2,7.94,7.94,2249.0,17535.0,2169.0,,,,2.58,1.09,2.47,1.05,26913.0,26040.0,,3576.0,3494.0,7070.0,69.8,69.9,69.85,30.14,239.0,1,0,1,0,0,168.0,7070.0,69.85,4938.395,0.128258,,4.788,47.619048,0.5985,1476.608187,,
2023-04-08,2023,4,5,167.46,55.72,91.48,20.26,,,,,,,,,,84.0,84.0,,,,,,,,,,,,,,,,,,3557.0,3429.0,6986.0,,,,99.99,184.0,1,0,1,0,0,168.0,6986.0,,,,,,47.619048,,,,
2023-04-09,2023,4,6,0.0,0.0,0.0,0.0,,,,,,,,,,84.0,84.0,,,,,,,,,,,,,,,,,,3620.0,3388.0,7008.0,,,,99.99,243.0,1,0,1,0,0,168.0,7008.0,,,,,,47.619048,,,,
2023-04-10,2023,4,0,278.64,79.21,178.09,21.34,7.65,4.64,2.61,5.82,4.28,2.74,133780.0,473.0,,84.0,84.0,,36.0,8.05,8.03,2175.0,17848.0,2236.0,,,,2.54,1.09,2.41,1.04,23419.0,25169.0,4973.0,3631.0,3528.0,7159.0,71.3,71.1,,,242.0,1,0,1,0,0,168.0,7159.0,71.2,5097.208,0.121862,,4.6032,47.619048,0.5754,1555.222454,,
2023-04-11,2023,4,1,195.29,104.33,77.06,13.9,7.84,3.52,2.14,5.86,4.46,2.89,140285.0,,,84.0,84.0,,36.0,8.04,8.04,2301.0,17928.0,2418.0,,,,2.56,1.08,2.49,1.06,24617.0,26520.0,,3575.0,3492.0,7067.0,70.5,70.6,,,241.0,1,0,1,0,0,168.0,7067.0,70.55,4985.7685,0.128347,,4.8552,47.619048,0.6069,1455.552809,,
2023-04-12,2023,4,2,69.07,54.32,0.0,14.75,7.89,3.71,2.28,5.81,4.51,2.81,126132.0,,,84.0,84.0,,36.0,8.06,8.05,2192.0,18110.0,2276.0,,,,2.49,1.06,2.46,1.08,26041.0,24875.0,,3396.0,3322.0,6718.0,70.8,70.6,70.7,29.29,242.0,1,0,1,0,0,168.0,6718.0,70.7,4749.626,0.121038,,4.7208,47.619048,0.5901,1423.063887,,
2023-04-13,2023,4,3,211.41,108.2,89.15,14.06,,,,,,,,,,84.0,84.0,,,,,,,,,,,,,,,,,,3365.0,3059.0,6424.0,,,,99.99,228.0,1,0,1,0,0,168.0,6424.0,,,,,,47.619048,,,,
2023-04-14,2023,4,4,274.42,80.18,179.97,14.27,,,,,,,,,,84.0,84.0,,,,,,,,,,,,,,,,,,3320.0,3235.0,6555.0,,,,99.99,243.0,1,0,1,0,0,168.0,6555.0,,,,,,47.619048,,,,
2023-04-15,2023,4,5,130.91,55.19,56.48,19.24,,,,,,,,,,84.0,84.0,,,,,,,,,,,,,,,,,,3518.0,3377.0,6895.0,,,,99.99,242.0,1,0,1,0,0,168.0,6895.0,,,,,,47.619048,,,,
2023-04-16,2023,4,6,0.0,0.0,0.0,0.0,,,,,,,,,,84.0,84.0,,,,,,,,,,,,,,,,,,3534.0,3368.0,6902.0,,,,99.99,227.0,1,0,1,0,0,168.0,6902.0,,,,,,47.619048,,,,
2023-04-17,2023,4,0,138.6,78.63,38.48,21.49,7.94,2.77,1.31,5.61,4.62,2.79,112859.0,4129.0,,84.0,84.0,,36.0,8.0,8.01,2412.0,17868.0,2126.0,,,,2.49,0.87,2.22,0.85,21258.0,23384.0,4539.0,3638.0,3391.0,7029.0,70.6,70.7,,,149.0,1,0,1,0,0,168.0,7029.0,70.65,4965.9885,0.13499,,4.6872,47.619048,0.5859,1499.615975,,
2023-04-18,2023,4,1,257.77,156.75,89.05,11.97,7.85,3.41,1.98,5.49,4.43,2.97,137016.0,,,84.0,84.0,,36.0,7.99,8.0,2695.0,17608.0,2411.0,,,,2.54,1.15,2.47,1.12,24027.0,25650.0,,3586.0,3481.0,7067.0,70.3,70.4,,,196.0,1,0,1,0,0,168.0,7067.0,70.35,4971.6345,0.153055,,4.9896,47.619048,0.6237,1416.346,,
2023-04-19,2023,4,2,275.09,82.04,178.96,14.09,7.28,3.86,2.35,5.77,4.59,2.98,129064.0,,,84.0,84.0,,36.0,8.02,8.0,2470.0,18008.0,2294.0,,,,2.49,1.11,2.4,1.07,25439.0,25615.0,,3534.0,3500.0,7034.0,70.5,70.8,70.65,29.34,221.0,1,0,1,0,0,168.0,7034.0,70.65,4969.521,0.137161,,5.0064,47.619048,0.6258,1405.001598,,
2023-04-20,2023,4,3,118.8,26.6,76.54,15.66,7.64,3.51,2.08,5.67,4.9,3.29,140205.0,,,84.0,84.0,,36.0,8.0,7.99,2735.0,17640.0,2404.0,,,,2.69,1.21,2.41,1.08,26835.0,24973.0,,3828.0,3684.0,7512.0,69.7,70.1,69.9,30.09,230.0,1,0,1,0,0,168.0,7512.0,69.9,5250.888,0.155045,,5.5272,47.619048,0.6909,1359.09683,,
2023-04-21,2023,4,4,146.8,133.33,0.0,13.47,,,,,,,,,,84.0,84.0,,,,,,,,,,,,,,,,,,3931.0,3838.0,7769.0,,,,99.99,229.0,1,0,1,0,0,168.0,7769.0,,,,,,47.619048,,,,
2023-04-22,2023,4,5,166.63,56.3,91.37,18.96,,,,,,,,,,84.0,84.0,,,,,,,,,,,,,,,,,,4015.0,3932.0,7947.0,,,,99.99,155.0,1,0,1,0,0,168.0,7947.0,,,,,,47.619048,,,,
2023-04-23,2023,4,6,0.0,0.0,0.0,0.0,,,,,,,,,,84.0,84.0,,,,,,,,,,,,,,,,,,4102.0,3986.0,8088.0,,,,99.99,49.0,1,0,1,0,0,168.0,8088.0,,,,,,47.619048,,,,
2023-04-24,2023,4,0,308.43,105.42,181.24,21.77,7.89,4.15,2.36,5.69,5.05,3.27,115983.0,4288.0,,84.0,84.0,,36.0,7.97,7.96,2369.0,17428.0,2254.0,,,,2.52,1.02,2.39,0.97,22967.0,20852.0,4082.0,4200.0,4046.0,8246.0,68.9,69.1,,,232.0,1,0,1,0,0,168.0,8246.0,69.0,5689.74,0.135931,,5.4936,47.619048,0.6867,1501.019368,,
2023-04-25,2023,4,1,256.53,130.27,115.25,11.01,7.39,3.66,2.25,5.77,5.01,3.33,118460.0,,,84.0,84.0,,36.0,7.99,7.97,2752.0,17408.0,2660.0,,,,2.64,1.09,2.59,1.17,23415.0,22814.0,,4020.0,3880.0,7900.0,69.1,69.4,,,249.0,1,0,1,0,0,168.0,7900.0,69.25,5470.75,0.158088,,5.5944,47.619048,0.6993,1412.126412,,
2023-04-26,2023,4,2,126.53,108.9,0.0,17.63,7.52,3.67,2.35,5.72,4.78,3.27,115565.0,4415.0,,84.0,84.0,,36.0,8.01,8.0,2451.0,17378.0,2473.0,,,,2.46,1.1,2.39,1.07,21939.0,22373.0,4192.0,4057.0,3909.0,7966.0,68.8,69.0,68.9,31.09,256.0,1,0,1,0,0,168.0,7966.0,68.9,5488.574,0.14104,,5.4936,47.619048,0.6867,1450.050968,,
2023-04-27,2023,4,3,103.77,0.0,88.58,15.19,7.68,3.0,1.67,5.54,4.91,3.0,118360.0,,,84.0,84.0,,36.0,8.03,8.02,2610.0,17610.0,2710.0,,,,2.49,0.91,2.4,0.88,26008.0,22180.0,,4075.0,3884.0,7959.0,69.5,69.6,69.55,30.44,241.0,1,0,1,0,0,168.0,7959.0,69.55,5535.4845,0.148211,,5.04,47.619048,0.63,1579.166667,,
2023-04-28,2023,4,4,374.91,162.26,199.04,13.61,,,,,,,,,,84.0,84.0,,,,,,,,,,,,,,,,,,4073.0,3852.0,7925.0,,,,99.99,238.0,1,0,1,0,0,168.0,7925.0,,,,,,47.619048,,,,
2023-04-29,2023,4,5,103.48,82.19,0.0,21.29,,,,,,,,,,84.0,84.0,,,,,,,,,,,,,,,,,,3994.0,4033.0,8027.0,,,,99.99,196.0,1,0,1,0,0,168.0,8027.0,,,,,,47.619048,,,,
2023-04-30,2023,4,6,0.0,0.0,0.0,0.0,,,,,,,,,,84.0,86.0,,,,,,,,,,,,,,,,,,4065.0,3920.0,7985.0,,,,99.99,59.0,1,0,1,0,0,170.0,7985.0,,,,,,47.058824,,,,
2023-05-01,2023,5,0,188.61,129.06,38.01,21.54,7.87,2.73,1.43,5.52,5.19,3.29,133022.0,4419.0,,84.0,82.0,,36.0,7.94,7.91,2483.0,17858.0,2146.0,,,,2.53,1.13,2.29,0.97,29080.0,24829.0,4209.0,4290.0,4137.0,8427.0,69.0,69.2,,,241.0,1,0,1,0,0,166.0,8427.0,69.1,5823.057,0.139041,,5.4614,48.192771,0.682675,1543.01095,,
2023-05-02,2023,5,1,204.96,106.07,84.84,14.05,7.64,3.58,2.21,5.48,5.26,3.34,140036.0,,,84.0,84.0,,36.0,7.97,7.95,2269.0,17528.0,2387.0,,,,2.49,1.08,2.36,1.02,27816.0,25402.0,,4107.0,3946.0,8053.0,69.5,69.8,,,241.0,1,0,1,0,0,168.0,8053.0,69.65,5608.9145,0.12945,,5.6112,47.619048,0.7014,1435.165384,,
2023-05-03,2023,5,2,305.51,108.96,179.94,16.61,7.56,4.33,2.74,5.64,4.7,3.18,117235.0,,,84.0,84.0,,36.0,7.98,7.96,2035.0,17710.0,2405.0,,,,2.54,1.03,2.32,1.08,22747.0,20203.0,,4088.0,3981.0,8069.0,69.2,69.3,,,253.0,1,0,1,0,0,168.0,8069.0,69.25,5587.7825,0.114907,,5.3424,47.619048,0.6678,1510.369871,,
2023-05-04,2023,5,3,115.39,27.78,73.69,13.92,7.71,3.86,2.42,5.68,4.62,3.1,113927.0,,,84.0,84.0,,36.0,7.99,7.98,2268.0,17638.0,2182.0,,,,2.52,1.05,2.36,1.04,23160.0,21730.0,,4168.0,4080.0,8248.0,68.9,69.1,69.0,30.99,262.0,1,0,1,0,0,168.0,8248.0,69.0,5691.12,0.128586,,5.208,47.619048,0.651,1583.717358,,
2023-05-05,2023,5,4,96.7,83.0,0.0,13.7,,,,,,,,,,84.0,84.0,,,,,,,,,,,,,,,,,,4258.0,4126.0,8384.0,,,,99.99,227.0,1,0,1,0,0,168.0,8384.0,,,,,,47.619048,,,,
2023-05-06,2023,5,5,167.54,56.74,91.98,18.82,,,,,,,,,,84.0,84.0,,,,,,,,,,,,,,,,,,4002.0,3944.0,7946.0,,,,99.99,118.0,1,0,1,0,0,168.0,7946.0,,,,,,47.619048,,,,
2023-05-07,2023,5,6,0.0,0.0,0.0,0.0,,,,,,,,,,84.0,84.0,,,,,,,,,,,,,,,,,,3888.0,3753.0,7641.0,,,,99.99,170.0,1,0,1,0,0,168.0,7641.0,,,,,,47.619048,,,,
2023-05-08,2023,5,0,362.88,159.13,180.82,22.93,7.79,3.48,1.82,5.84,4.68,2.88,114636.0,5285.0,,84.0,84.0,,36.0,7.99,8.01,2310.0,17848.0,2046.0,,,,2.5,1.02,2.37,0.87,23289.0,19748.0,3973.0,3876.0,3540.0,7416.0,70.0,70.1,,,250.0,1,0,1,0,0,168.0,7416.0,70.05,5194.908,0.129426,,4.8384,47.619048,0.6048,1532.738095,,
2023-05-09,2023,5,1,219.85,132.16,72.73,14.96,7.71,3.35,2.04,5.68,4.89,3.19,120109.0,,,84.0,84.0,,36.0,8.01,8.02,2189.0,17928.0,2260.0,,,,2.63,1.09,2.38,0.97,22075.0,21235.0,,3781.0,3676.0,7457.0,70.8,71.0,,,242.0,1,0,1,0,0,168.0,7457.0,70.9,5287.013,0.1221,,5.3592,47.619048,0.6699,1391.439021,,
2023-05-10,2023,5,2,96.27,79.71,0.0,16.56,7.73,3.09,1.67,5.79,5.15,3.33,140046.0,,,84.0,84.0,,36.0,8.0,8.02,2610.0,17758.0,2169.0,,,,2.57,1.2,2.39,0.87,24208.0,23042.0,,3907.0,3798.0,7705.0,70.3,70.2,70.25,29.74,217.0,1,0,1,0,0,168.0,7705.0,70.25,5412.7625,0.146976,,5.5944,47.619048,0.6993,1377.270127,,
2023-05-11,2023,5,3,190.24,109.25,64.72,16.27,7.62,3.71,2.31,5.65,4.78,3.17,125103.0,,,84.0,84.0,,36.0,8.02,8.04,2633.0,17910.0,2375.0,,,,2.66,1.3,2.55,1.15,26096.0,22763.0,,3936.0,3819.0,7755.0,70.6,70.7,70.65,29.34,246.0,1,0,1,0,0,168.0,7755.0,70.65,5478.9075,0.147013,,5.3256,47.619048,0.6657,1456.173952,,
2023-05-12,2023,5,4,151.61,137.0,0.0,14.61,,,,,,,,,,84.0,84.0,,,,,,,,,,,,,,,,,,4076.0,3962.0,8038.0,,,,,232.0,1,0,1,0,0,168.0,8038.0,,,,,,47.619048,,,,
2023-05-13,2023,5,5,287.41,77.54,189.34,20.53,,,,,,,,,,84.0,84.0,,,,,,,,,,,,,,,,,,4135.0,3990.0,8125.0,,,,99.99,227.0,1,0,1,0,0,168.0,8125.0,,,,,,47.619048,,,,
2023-05-14,2023,5,6,0.0,0.0,0.0,0.0,,,,,,,,,,84.0,84.0,,,,,,,,,,,,,,,,,,3971.0,3915.0,7886.0,,,,99.99,220.0,1,0,1,0,0,168.0,7886.0,,,,,,47.619048,,,,
2023-05-15,2023,5,0,238.77,135.58,80.23,22.96,7.32,3.82,2.33,5.51,4.93,3.12,145732.0,5270.0,,84.0,84.0,,36.0,8.02,7.99,2428.0,18008.0,2264.0,,,,2.59,1.01,2.38,0.87,27152.0,28072.0,5026.0,4133.0,4012.0,8145.0,70.5,70.4,,,234.0,1,0,1,0,0,168.0,8145.0,70.45,5738.1525,0.134829,,5.2416,47.619048,0.6552,1553.914835,,
2023-05-16,2023,5,1,258.62,132.75,112.36,13.51,7.51,3.41,2.02,5.48,5.05,3.28,139206.0,,,84.0,84.0,,36.0,8.01,7.97,2605.0,17768.0,2518.0,,,,2.55,1.08,2.49,0.94,26609.0,27516.0,,4030.0,3900.0,7930.0,69.8,69.7,,,226.0,1,0,1,0,0,168.0,7930.0,69.75,5531.175,0.146612,,5.5104,47.619048,0.6888,1439.09698,,
2023-05-17,2023,5,2,242.02,136.67,88.81,16.54,7.79,3.01,1.45,5.54,5.2,3.39,141016.0,,,84.0,84.0,,36.0,8.0,7.97,2820.0,17780.0,2637.0,,,,2.61,1.15,2.52,1.02,27169.0,26084.0,,4143.0,3993.0,8136.0,69.1,69.3,69.2,30.79,226.0,1,0,1,0,0,168.0,8136.0,69.2,5630.112,0.158605,,5.6952,47.619048,0.7119,1428.571429,,
2023-05-18,2023,5,3,208.43,111.18,82.95,14.3,,,,,,,,,,84.0,84.0,,,,,,,,,,,,,,,,,,4046.0,3953.0,7999.0,,,,99.99,239.0,1,0,1,0,0,168.0,7999.0,,,,,,47.619048,,,,
2023-05-19,2023,5,4,174.17,81.84,78.45,13.88,7.51,3.58,2.21,5.62,5.11,3.32,,,,84.0,84.0,,36.0,7.99,7.96,2676.0,17908.0,2438.0,,,,2.54,1.06,2.48,0.98,25369.0,24862.0,,4023.0,3935.0,7958.0,68.9,69.1,,,248.0,1,0,1,0,0,168.0,7958.0,69.0,5491.02,0.14943,,5.5776,47.619048,0.6972,1426.778543,,
2023-05-20,2023,5,5,162.25,51.51,91.62,19.12,,,,,,,,,,81.0,81.0,,,,,,,,,,,,,,,,,,4006.0,3857.0,7863.0,,,,99.99,251.0,1,0,1,0,0,162.0,7863.0,,,,,,49.382716,,,,
2023-05-21,2023,5,6,0.0,0.0,0.0,0.0,,,,,,,,,,84.0,84.0,,,,,,,,,,,,,,,,,,4106.0,3978.0,8084.0,,,,99.99,244.0,1,0,1,0,0,168.0,8084.0,,,,,,47.619048,,,,
2023-05-22,2023,5,0,290.48,131.65,135.12,23.71,7.83,3.57,2.16,5.72,4.9,3.19,130580.0,5125.0,,84.0,84.0,,36.0,8.02,8.03,2693.0,18108.0,2384.0,,,,2.65,1.1,2.49,0.97,27956.0,23936.0,4871.0,4165.0,4019.0,8184.0,69.1,69.2,,,253.0,1,0,1,0,0,168.0,8184.0,69.15,5659.236,0.148719,,5.3592,47.619048,0.6699,1527.093596,,
2023-05-23,2023,5,1,264.42,133.32,113.56,17.54,7.88,3.46,2.08,5.86,4.79,3.04,126308.0,,,84.0,84.0,,36.0,8.03,8.05,2486.0,18210.0,2562.0,,,,2.59,1.04,2.51,1.01,25762.0,24405.0,,4026.0,3798.0,7824.0,69.1,69.3,,,257.0,1,0,1,0,0,168.0,7824.0,69.2,5414.208,0.136518,,5.1072,47.619048,0.6384,1531.954887,,
2023-05-24,2023,5,2,177.34,162.99,0.0,14.35,7.64,2.96,1.65,5.91,4.71,3.0,123900.0,,,84.0,84.0,,36.0,8.05,8.07,2269.0,18248.0,2305.0,,,,2.66,1.0,2.29,0.87,26449.0,23716.0,,3880.0,3788.0,7668.0,70.3,70.2,70.25,29.74,233.0,1,0,1,0,0,168.0,7668.0,70.25,5386.77,0.124342,,5.04,47.619048,0.63,1521.428571,,
2023-05-25,2023,5,3,225.57,55.88,156.01,13.68,7.91,2.76,1.73,5.78,4.66,3.25,145372.0,,,84.0,84.0,,36.0,8.06,8.08,2409.0,18400.0,2573.0,,,,2.55,1.1,2.46,1.06,24606.0,22503.0,,3771.0,3696.0,7467.0,69.6,69.8,69.7,30.29,225.0,1,0,1,0,0,168.0,7467.0,69.7,5204.499,0.130924,,5.46,47.619048,0.6825,1367.582418,,
2023-05-26,2023,5,4,240.55,135.95,89.5,15.1,7.49,3.47,2.15,5.79,4.37,2.82,126008.0,,,84.0,84.0,,36.0,8.06,8.07,2836.0,18008.0,2714.0,,,,2.69,1.2,2.62,1.18,26931.0,24957.0,,3737.0,3576.0,7313.0,69.8,69.6,69.7,30.29,210.0,1,0,1,0,0,168.0,7313.0,69.7,5097.161,0.157486,,4.7376,47.619048,0.5922,1543.608578,,
2023-05-27,2023,5,5,106.08,27.21,57.77,21.1,,,,,,,,,,84.0,84.0,,,,,,,,,,,,,,,,,,3707.0,3501.0,7208.0,,,,99.99,211.0,1,0,1,0,0,168.0,7208.0,,,,,,47.619048,,,,
2023-05-28,2023,5,6,0.0,0.0,0.0,0.0,,,,,,,,,,84.0,84.0,,,,,,,,,,,,,,,,,,3741.0,3568.0,7309.0,,,,99.99,214.0,1,0,1,0,0,168.0,7309.0,,,,,,47.619048,,,,
2023-05-29,2023,5,0,220.98,164.97,34.46,21.55,7.8,3.0,1.57,5.62,4.43,2.65,113214.0,4833.0,,86.0,86.0,,36.8,8.0,7.99,2650.0,17688.0,2572.0,,,,2.55,0.9,2.38,0.87,25059.0,24607.0,4837.0,3759.0,3609.0,7368.0,68.9,69.1,69.0,30.99,216.0,1,0,1,0,0,172.0,7368.0,69.0,5083.92,0.149819,,4.558,46.511628,0.56975,1616.498464,,
2023-05-30,2023,5,1,234.25,110.52,111.19,12.54,7.95,2.92,1.67,5.76,4.15,2.71,110687.0,,,90.0,90.0,,36.8,8.02,8.03,2743.0,17900.0,2689.0,,,,2.48,1.1,2.48,0.97,24296.0,24517.0,,3767.0,3638.0,7405.0,69.3,69.4,,,205.0,1,0,1,0,0,180.0,7405.0,69.35,5135.3675,0.15324,,4.878,44.444444,0.60975,1518.04018,,
2023-05-31,2023,5,2,238.19,133.97,87.44,16.78,7.86,2.78,1.46,5.91,4.26,2.75,115457.0,,,90.0,90.0,,36.8,8.02,8.0,2908.0,18078.0,2539.0,,,,2.56,1.15,2.49,0.97,27759.0,24003.0,,3686.0,3577.0,7263.0,69.2,69.2,,,200.0,1,0,1,0,0,180.0,7263.0,69.2,5025.996,0.160859,,4.95,44.444444,0.61875,1467.272727,,
2023-06-01,2023,6,3,152.13,54.84,82.13,15.16,7.58,3.37,1.95,5.84,4.2,2.78,120070.0,,,90.0,90.0,,36.8,8.04,8.01,2715.0,17940.0,2683.0,,,,2.52,1.08,2.49,1.03,26916.0,24695.0,,3630.0,3537.0,7167.0,69.3,69.5,69.4,30.59,195.0,1,0,1,0,0,180.0,7167.0,69.4,4973.898,0.151338,,5.004,44.444444,0.6255,1432.254197,,
2023-06-02,2023,6,4,253.93,137.72,101.41,14.8,7.81,3.73,2.33,5.74,4.89,3.38,131708.0,,,90.0,90.0,,36.8,8.04,8.02,2906.0,17658.0,2809.0,,,,2.61,1.22,2.52,1.12,28942.0,26051.0,,3442.0,3374.0,6816.0,69.1,69.3,69.2,30.79,198.0,1,0,1,0,0,180.0,6816.0,69.2,4716.672,0.164571,,6.084,44.444444,0.7605,1120.315582,,
2023-06-03,2023,6,5,166.16,55.46,90.29,20.41,,,,,,,,,,90.0,90.0,,,,,,,,,,,,,,,,,,3474.0,3358.0,6832.0,,,,99.99,199.0,1,0,1,0,0,180.0,6832.0,,,,,,44.444444,,,,
2023-06-04,2023,6,6,0.0,0.0,0.0,0.0,,,,,,,,,,90.0,90.0,,,,,,,,,,,,,,,,,,3379.0,3308.0,6687.0,,,,99.99,195.0,1,0,1,0,0,180.0,6687.0,,,,,,44.444444,,,,
2023-06-05,2023,6,0,227.78,161.88,42.1,23.8,7.68,3.53,1.94,5.72,3.5,2.07,100087.0,4319.0,,90.0,90.0,,36.8,8.1,8.1,2531.0,18178.0,2736.0,,,,2.59,1.01,2.52,1.08,25878.0,22202.0,4356.0,3319.0,3253.0,6572.0,70.3,70.4,,,206.0,1,0,1,0,0,180.0,6572.0,70.35,4623.402,0.139234,,3.726,44.444444,0.46575,1763.821793,,
2023-06-06,2023,6,1,234.45,137.14,81.72,15.59,7.81,3.45,2.04,5.68,4.43,3.0,124960.0,,,90.0,90.0,,36.8,8.08,8.08,2396.0,17970.0,2548.0,,,,2.55,1.09,2.33,1.08,24205.0,23501.0,,3422.0,3172.0,6594.0,70.2,70.1,,,206.0,1,0,1,0,0,180.0,6594.0,70.15,4625.691,0.133333,,5.4,44.444444,0.675,1221.111111,,
2023-06-07,2023,6,2,180.59,80.97,82.7,16.92,7.49,3.39,1.97,5.72,4.02,2.59,95364.0,,,93.0,93.0,,36.8,,8.04,,,2382.0,,,,,,2.5,1.02,,25118.0,,3586.0,3466.0,7052.0,70.3,70.5,70.4,29.59,242.0,1,0,1,0,0,186.0,7052.0,70.4,4964.608,,,4.8174,43.010753,0.602175,1463.860174,,
2023-06-08,2023,6,3,214.45,84.77,112.69,16.99,7.66,3.41,2.01,5.75,4.21,2.71,103124.0,,,96.0,96.0,,36.8,,8.05,,,2609.0,,,,,,2.48,1.05,,23946.0,,3694.0,3682.0,7376.0,69.8,69.9,69.85,30.14,265.0,1,0,1,0,0,192.0,7376.0,69.85,5152.136,,,5.2032,41.666667,0.6504,1417.589176,,
2023-06-09,2023,6,4,265.59,161.94,88.61,15.04,7.66,3.1,2.06,5.72,4.14,2.7,104257.0,4003.0,,98.0,98.0,,36.8,,8.07,,,2581.0,,,,,,2.51,1.12,,24396.0,,3889.0,3778.0,7667.0,70.1,70.2,70.15,29.84,206.0,1,0,1,0,0,196.0,7667.0,70.15,5378.4005,,,5.292,40.816327,0.6615,1448.790627,,
2023-06-10,2023,6,5,177.14,54.14,101.19,21.81,,,,,,,,,,96.0,96.0,,,,,,,,,,,,,,,,,,3913.0,3851.0,7764.0,,,,,215.0,1,0,1,0,0,192.0,7764.0,,,,,,41.666667,,,,
2023-06-11,2023,6,6,0.0,0.0,0.0,0.0,,,,,,,,,,96.0,96.0,,,,,,,,,,,,,,,,,,3899.0,3849.0,7748.0,,,,,256.0,1,0,1,0,0,192.0,7748.0,,,,,,41.666667,,,,
2023-06-12,2023,6,0,242.49,135.06,82.85,24.58,,,,,,,,,,96.0,96.0,,,,,,,,,,,,,,,,,,3834.0,3729.0,7563.0,,,,,206.0,1,0,1,0,0,192.0,7563.0,,,,,,41.666667,,,,
2023-06-13,2023,6,1,267.4,164.99,89.07,13.34,7.75,3.08,1.56,5.79,5.3,3.17,99234.0,3874.0,,96.0,96.0,,36.8,,8.0,,,2818.0,,,,,,2.51,1.02,,21351.0,,3981.0,3837.0,7818.0,68.4,69.2,,,217.0,1,0,1,0,0,192.0,7818.0,68.8,5378.784,,,6.0864,41.666667,0.7608,1284.503155,,
2023-06-14,2023,6,2,260.16,108.05,135.26,16.85,7.77,2.62,1.47,5.8,4.16,2.62,98913.0,,,96.0,96.0,,36.8,,8.02,,,2653.0,,,,,,2.39,1.01,,24370.0,,4007.0,3874.0,7881.0,68.7,69.1,68.9,31.09,266.0,1,0,1,0,0,192.0,7881.0,68.9,5430.009,,,5.0304,41.666667,0.6288,1566.674618,,
2023-06-15,2023,6,3,208.6,110.59,83.31,14.7,7.86,3.04,1.51,5.84,4.08,2.61,101206.0,,,96.0,97.0,,36.5,,8.03,,,2519.0,,,,,,2.46,1.04,,23402.0,,4155.0,3923.0,8078.0,62.7,69.6,66.15,33.84,230.0,1,0,1,0,0,193.0,8078.0,66.15,5343.597,,,5.0373,41.450777,0.629662,1603.636869,,
2023-06-16,2023,6,4,185.81,110.78,60.26,14.77,7.41,2.81,1.72,5.74,4.8,3.16,95804.0,,,96.0,96.0,,,8.1,8.04,2708.0,18208.0,3408.0,,,,2.6,1.22,2.45,1.09,17987.0,25586.0,,4178.0,3882.0,8060.0,69.6,69.4,,,196.0,1,1,1,0,0,192.0,8060.0,69.5,5601.7,0.148726,,6.0672,41.666667,0.7584,1328.454641,,
2023-06-17,2023,6,5,187.78,73.61,92.07,22.1,,,,,,,,,,96.0,96.0,,,,,,,,,,,,,,,,,,4212.0,3903.0,8115.0,,,,,238.0,1,1,1,0,0,192.0,8115.0,,,,,,41.666667,,,,
2023-06-18,2023,6,6,0.0,0.0,0.0,0.0,,,,,,,,,,91.0,91.0,,,,,,,,,,,,,,,,,,3947.0,3752.0,7699.0,,,,,151.0,1,1,1,0,0,182.0,7699.0,,,,,,43.956044,,,,
2023-06-19,2023,6,0,279.92,189.27,65.35,25.3,7.79,2.59,1.17,5.89,4.93,3.02,102348.0,4384.0,,96.0,96.0,,,8.04,7.98,2936.0,17898.0,3165.0,,,,2.49,0.91,2.3,0.68,24155.0,23294.0,3911.0,4201.0,4006.0,8207.0,68.7,68.4,,,202.0,1,1,1,0,0,192.0,8207.0,68.55,5625.8985,0.164041,,5.7984,41.666667,0.7248,1415.390453,,
2023-06-20,2023,6,1,306.24,165.19,125.53,15.52,7.69,5.0,3.8,5.94,6.24,4.47,134962.0,4053.0,,96.0,96.0,,,8.06,8.02,3062.0,18068.0,3306.0,,,,2.44,0.99,2.47,1.15,29331.0,24014.0,4256.0,4372.0,4244.0,8616.0,68.2,68.1,,,267.0,1,1,1,0,0,192.0,8616.0,68.15,5871.804,0.169471,,8.5824,41.666667,1.0728,1003.914989,,
2023-06-21,2023,6,2,190.05,134.62,34.94,20.49,7.39,2.68,1.55,5.84,5.55,3.67,102961.0,4242.0,,96.0,96.0,,,8.05,8.03,2648.0,18210.0,2775.0,,,,2.56,0.9,2.3,0.68,27626.0,23735.0,4855.0,4787.0,4517.0,9304.0,68.9,68.7,,,295.0,1,1,1,0,0,192.0,9304.0,68.8,6401.152,0.145415,,7.0464,41.666667,0.8808,1320.390554,,
2023-06-22,2023,6,3,184.98,82.51,89.02,13.45,7.64,2.95,1.62,5.81,4.98,3.14,108632.0,,,96.0,96.0,,,8.04,8.03,2690.0,18408.0,2588.0,,,,2.58,0.94,2.38,0.71,26405.0,24191.0,,4681.0,4557.0,9238.0,69.2,69.1,69.15,30.84,267.0,1,1,1,0,0,192.0,9238.0,69.15,6388.077,0.146132,,6.0288,41.666667,0.7536,1532.311571,,
2023-06-23,2023,6,4,293.68,190.07,89.46,14.15,,,,,,,,,,96.0,96.0,,,,,,,,,,,,,,,,,,4546.0,4397.0,8943.0,,,,99.99,281.0,1,1,1,0,0,192.0,8943.0,,,,,,41.666667,,,,
2023-06-24,2023,6,5,180.77,56.53,102.63,21.61,,,,,,,,,,96.0,96.0,,,,,,,,,,,,,,,,,,4549.0,4378.0,8927.0,,,,99.99,249.0,1,1,1,0,0,192.0,8927.0,,,,,,41.666667,,,,
2023-06-25,2023,6,6,45.91,0.0,45.91,0.0,,,,,,,,,,96.0,96.0,,,,,,,,,,,,,,,,,,4507.0,4362.0,8869.0,,,,99.99,260.0,1,1,1,0,0,192.0,8869.0,,,,,,41.666667,,,,
2023-06-26,2023,6,0,339.09,187.66,125.07,26.36,7.42,2.4,1.46,5.76,4.21,2.69,152543.0,4402.0,,96.0,96.0,,,8.05,8.03,3029.0,18268.0,2894.0,,,,2.69,1.21,2.48,0.97,27013.0,22336.0,4343.0,4549.0,4383.0,8932.0,68.5,68.8,,,267.0,1,1,1,0,0,192.0,8932.0,68.65,6131.818,0.165809,,5.1648,41.666667,0.6456,1729.399009,,
2023-06-27,2023,6,1,269.8,164.74,89.61,15.45,,,,5.8,4.48,2.78,131973.0,5795.0,,96.0,96.0,,,8.03,8.01,3216.0,18110.0,3115.0,,,,2.5,0.91,2.59,0.97,29072.0,27690.0,4381.0,4625.0,4422.0,9047.0,68.3,68.5,,,259.0,1,1,1,0,0,192.0,9047.0,68.4,6188.148,0.177581,,5.3376,41.666667,0.6672,1694.956535,,
2023-06-28,2023,6,2,291.61,185.36,89.26,16.99,,,,5.86,6.83,4.79,151051.0,,,96.0,96.0,,,8.02,8.0,3408.0,18198.0,3261.0,,,,2.51,1.02,2.48,0.97,30045.0,28032.0,,4842.0,4731.0,9573.0,67.8,67.9,67.85,32.14,259.0,1,1,1,0,0,192.0,9573.0,67.85,6495.2805,0.187273,,9.1968,41.666667,1.1496,1040.905532,,
2023-06-29,2023,6,3,269.24,184.28,69.86,15.1,7.56,2.51,1.75,5.84,4.54,3.3,146938.0,,,99.0,99.0,,,8.0,7.98,3397.0,17958.0,3426.0,,,,2.73,1.33,2.67,1.36,30821.0,29583.0,,5018.0,4873.0,9891.0,68.0,68.1,68.05,31.94,257.0,1,1,1,0,0,198.0,9891.0,68.05,6730.8255,0.189164,,6.534,40.40404,0.81675,1513.774105,,
2023-06-30,2023,6,4,178.64,162.39,0.0,16.25,7.68,3.21,1.72,5.48,4.61,3.18,160846.0,,,106.0,106.0,,,7.99,7.97,3506.0,17920.0,3345.0,,,,2.71,1.28,2.62,1.22,29493.0,28408.0,,5160.0,5101.0,10261.0,67.6,67.5,67.55,32.44,253.0,1,1,1,0,0,212.0,10261.0,67.55,6931.3055,0.195647,,6.7416,37.735849,0.8427,1522.042245,,
2023-07-01,2023,7,5,252.65,138.69,91.79,22.17,,,,,,,,,,108.0,108.0,,,,,,,,,,,,,,,,,,5103.0,5011.0,10114.0,,,,99.99,222.0,1,1,1,0,0,216.0,10114.0,,,,,,37.037037,,,,
2023-07-02,2023,7,6,0.0,0.0,0.0,0.0,,,,,,,,,,108.0,108.0,,,,,,,,,,,,,,,,,,5083.0,4993.0,10076.0,,,,99.99,255.0,1,1,1,0,0,216.0,10076.0,,,,,,37.037037,,,,
2023-07-03,2023,7,0,371.33,161.51,180.81,29.01,7.82,3.56,1.96,5.87,4.4,2.69,113010.0,5319.0,,108.0,108.0,,,8.01,8.03,3368.0,18558.0,3249.0,,,,2.7,1.22,2.49,1.07,19633.0,21220.0,3799.0,5066.0,5007.0,10073.0,67.1,67.2,,,231.0,1,1,1,0,0,216.0,10073.0,67.15,6764.0195,0.181485,,5.8104,37.037037,0.7263,1733.615586,,
2023-07-04,2023,7,1,251.76,163.65,71.76,16.35,7.29,4.29,2.62,6.01,4.73,2.99,,,,108.0,108.0,,,7.91,7.9,3665.0,18048.0,3547.0,,,,2.68,1.085,2.595,0.99,,,,5293.0,5208.0,10501.0,67.8,67.6,,,259.0,1,1,1,0,0,216.0,10501.0,67.7,7109.177,0.20307,,6.4584,37.037037,0.8073,1625.944506,,
2023-07-05,2023,7,2,185.88,167.19,0.0,18.69,7.49,2.98,1.94,5.86,12.67,9.97,227901.0,5088.0,,110.0,109.0,,,7.94,7.92,4216.0,17640.0,3945.0,,,,2.79,1.15,2.6,1.27,31133.0,21983.0,4258.0,5766.0,5661.0,11427.0,66.3,66.2,66.25,33.74,266.0,1,1,1,0,0,219.0,11427.0,66.25,7570.3875,0.239002,,21.8343,36.52968,2.729288,523.350875,,
2023-07-06,2023,7,3,285.53,135.85,131.8,17.88,7.89,3.26,2.13,5.88,6.52,4.34,191809.0,,,110.0,110.0,,,7.97,7.96,5168.0,17308.0,4910.0,,,,2.95,1.4,3.25,1.65,37462.0,39108.0,,5864.0,5727.0,11591.0,65.1,65.3,65.2,34.79,267.0,1,1,1,0,0,220.0,11591.0,65.2,7557.332,0.29859,,9.548,36.363636,1.1935,1213.971512,,
2023-07-07,2023,7,4,254.33,190.07,47.34,16.92,7.74,3.05,1.93,5.84,5.97,4.02,144096.0,,,108.0,108.0,,,7.95,7.95,3925.0,17598.0,3750.0,,,,2.89,1.32,2.94,1.54,35881.0,36106.0,,5904.0,5821.0,11725.0,66.4,66.4,66.4,33.59,238.0,1,1,1,0,0,216.0,11725.0,66.4,7785.4,0.223037,,8.6832,37.037037,1.0854,1350.308642,,
2023-07-08,2023,7,5,289.65,163.57,102.75,23.33,,,,,,,,,,108.0,108.0,,,,,,,,,,,,,,,,,,5912.0,5821.0,11733.0,,,,99.99,242.0,1,1,1,0,0,216.0,11733.0,,,,,,37.037037,,,,
2023-07-09,2023,7,6,45.53,0.0,45.53,0.0,,,,,,,,,,108.0,108.0,,,,,,,,,,,,,,,,,,5820.0,5735.0,11555.0,,,,99.99,213.0,1,1,1,0,0,216.0,11555.0,,,,,,37.037037,,,,
2023-07-10,2023,7,0,279.6,217.28,35.15,27.17,7.84,2.65,1.25,5.92,6.24,4.13,137468.0,4114.0,,108.0,108.0,,,7.94,7.94,3315.0,18218.0,3249.0,,,,3.17,1.31,2.86,1.26,28688.0,30332.0,4554.0,5689.0,5557.0,11246.0,65.8,65.9,,,254.0,1,1,1,0,0,216.0,11246.0,65.85,7405.491,0.181963,,8.9208,37.037037,1.1151,1260.649269,,
2023-07-11,2023,7,1,261.1,161.17,83.99,15.94,7.68,3.64,2.04,6.01,5.71,3.92,140146.0,,,108.0,108.0,,,7.91,7.89,3437.0,18010.0,3153.0,,,,3.39,1.48,2.85,1.26,28294.0,29790.0,,5752.0,5506.0,11258.0,65.6,65.6,,,252.0,1,1,1,0,0,216.0,11258.0,65.6,7385.248,0.190838,,8.4672,37.037037,1.0584,1329.601285,,
2023-07-12,2023,7,2,367.81,164.57,185.2,18.04,,,,,,,,,,108.0,108.0,,,,,,,,,,,,,,,,,,5671.0,5373.0,11044.0,,,,99.99,202.0,1,1,1,0,0,216.0,11044.0,,,,,,37.037037,,,,
2023-07-13,2023,7,3,227.6,138.5,71.52,17.58,7.47,2.56,1.44,5.83,5.63,3.53,111889.0,4231.0,,108.0,108.0,,,7.9,7.89,3608.0,18608.0,3446.0,,,,3.19,1.47,3.02,1.34,32509.0,31629.0,3726.0,5626.0,5379.0,11005.0,65.8,66.1,65.95,34.04,313.0,1,1,1,0,0,216.0,11005.0,65.95,7257.7975,0.193895,,7.6248,37.037037,0.9531,1443.316546,,
2023-07-14,2023,7,4,226.31,162.55,45.0,18.76,7.28,5.06,3.24,5.84,6.04,3.95,,,,112.0,112.0,,,7.92,7.92,3396.0,18860.0,3518.0,,,,3.05,1.4,2.96,1.36,,,,5700.0,5501.0,11201.0,65.7,65.9,65.8,34.19,318.0,1,1,1,0,0,224.0,11201.0,65.8,7370.258,0.180064,,8.848,35.714286,1.106,1265.935805,,
2023-07-15,2023,7,5,227.45,111.98,91.53,23.94,,,,,,,,,,114.0,114.0,,,,,,,,,,,,,,,,,,5804.0,5674.0,11478.0,,,,99.99,196.0,1,1,1,0,0,228.0,11478.0,,,,,,35.087719,,,,
2023-07-16,2023,7,6,0.0,0.0,0.0,0.0,,,,,,,,,,114.0,114.0,,,,,,,,,,,,,,,,,,5804.0,5752.0,11556.0,,,,99.99,278.0,1,1,1,0,0,228.0,11556.0,,,,,,35.087719,,,,
2023-07-17,2023,7,0,362.54,153.79,178.86,29.89,7.69,3.26,1.85,5.89,6.18,4.11,156683.0,3990.0,,112.0,112.0,,,7.84,7.83,3639.0,17490.0,3818.0,,,,3.61,1.74,3.31,1.54,24177.0,40331.0,3735.0,5682.0,5612.0,11294.0,64.7,64.9,,,256.0,1,1,1,0,0,224.0,11294.0,64.8,7318.512,0.208062,,9.2064,35.714286,1.1508,1226.755301,,
2023-07-18,2023,7,1,252.34,164.5,69.17,18.67,7.59,3.72,2.13,6.0,7.01,4.92,164012.0,,,110.0,110.0,,,7.82,7.85,4285.0,17008.0,3860.0,,,,3.38,1.62,2.78,1.27,31573.0,35068.0,,5567.0,5560.0,11127.0,64.1,64.3,,,274.0,1,1,1,0,0,220.0,11127.0,64.2,7143.534,0.25194,,10.824,36.363636,1.353,1027.993348,,
2023-07-19,2023,7,2,156.81,138.83,0.0,17.98,7.38,4.87,3.11,5.93,6.33,4.34,219998.0,,,108.0,108.0,,,7.86,7.89,3814.0,17458.0,3942.0,,,,3.25,1.51,3.13,1.54,33766.0,30511.0,,5442.0,5602.0,11044.0,64.5,64.8,64.65,35.34,307.0,1,1,1,0,0,216.0,11044.0,64.65,7139.946,0.218467,,9.3744,37.037037,1.1718,1178.102065,,
2023-07-20,2023,7,3,321.16,214.85,88.91,17.4,7.75,3.97,2.22,5.85,5.73,3.83,180462.0,4036.0,,108.0,108.0,,,7.84,7.88,4098.0,17620.0,4206.0,,,,3.15,1.4,3.14,1.55,52761.0,41044.0,4502.0,5358.0,5639.0,10997.0,64.9,65.1,65.0,34.99,230.0,1,1,1,0,0,216.0,10997.0,65.0,7148.05,0.232577,,8.2728,37.037037,1.0341,1329.296006,,
2023-07-21,2023,7,4,243.23,136.45,88.69,18.09,5.9,5.84,4.13,5.9,3.32,1.79,67819.0,5701.0,,108.0,108.0,,,7.81,7.88,4656.0,17108.0,3849.0,,,,3.57,1.92,2.99,1.57,33422.0,29589.0,4517.0,5326.0,5808.0,11134.0,64.9,65.8,65.35,34.64,243.0,1,1,1,0,0,216.0,11134.0,65.35,7276.069,0.272153,,3.8664,37.037037,0.4833,2879.681357,,
2023-07-22,2023,7,5,248.82,166.31,57.1,25.41,,,,,,,,,,108.0,108.0,,,,,,,,,,,,,,,,,,5250.0,5917.0,11167.0,,,,99.99,302.0,1,1,1,0,0,216.0,11167.0,,,,,,37.037037,,,,
2023-07-23,2023,7,6,46.48,0.0,46.48,0.0,,,,,,,,,,108.0,108.0,,,,,,,,,,,,,,,,,,5348.0,6114.0,11462.0,,,,99.99,243.0,1,1,1,0,0,216.0,11462.0,,,,,,37.037037,,,,
2023-07-24,2023,7,0,321.62,162.87,126.31,32.44,7.7,3.99,2.18,5.8,4.91,3.29,131888.0,3645.0,,108.0,108.0,,,7.8,7.91,3158.0,17428.0,3420.0,,,,3.36,1.41,2.96,1.36,33733.0,34720.0,3709.0,5429.0,6045.0,11474.0,66.8,66.7,,,138.0,1,1,1,0,0,216.0,11474.0,66.75,7658.895,0.181203,,7.1064,37.037037,0.8883,1614.600923,,
2023-07-25,2023,7,1,272.36,165.14,89.28,17.94,7.81,2.69,1.74,5.86,5.11,3.5,108784.0,,,108.0,108.0,,,7.82,7.9,3859.0,17298.0,3662.0,,,,3.6,2.03,3.25,1.84,31238.0,37416.0,,5447.0,5757.0,11204.0,67.4,67.1,,,297.0,1,1,1,0,0,216.0,11204.0,67.25,7534.69,0.223089,,7.56,37.037037,0.945,1482.010582,,
2023-07-26,2023,7,2,346.39,191.29,134.81,20.29,,,,,,,,,,108.0,108.0,,,,,,,,,,,,,,,,,,5531.0,5574.0,11105.0,,,,99.99,358.0,1,1,1,0,0,216.0,11105.0,,,,,,37.037037,,,,
2023-07-27,2023,7,3,288.94,193.96,76.49,18.49,7.79,2.76,1.54,5.89,4.69,3.05,95959.0,3392.0,,108.0,108.0,,,7.89,7.95,3596.0,17768.0,2937.0,,,,3.46,1.61,2.95,1.26,32706.0,26135.0,4301.0,5728.0,5550.0,11278.0,69.1,69.4,69.25,30.74,344.0,1,1,1,0,0,216.0,11278.0,69.25,7810.015,0.202386,,6.588,37.037037,0.8235,1711.900425,,
2023-07-28,2023,7,4,267.16,164.67,82.85,19.64,7.71,3.13,2.02,5.92,4.58,2.96,101526.0,,,108.0,108.0,,,7.92,7.98,3207.0,18020.0,2785.0,,,,3.32,1.46,2.92,1.21,31148.0,25496.0,,5933.0,5575.0,11508.0,69.3,69.6,69.45,30.54,320.0,1,1,1,0,0,216.0,11508.0,69.45,7992.306,0.177969,,6.3936,37.037037,0.7992,1799.924925,,
2023-07-29,2023,7,5,258.61,137.7,95.32,25.59,,,,,,,,,,108.0,108.0,,,,,,,,,,,,,,,,,,6087.0,5601.0,11688.0,,,,,324.0,1,1,1,0,0,216.0,11688.0,,,,,,37.037037,,,,
2023-07-30,2023,7,6,0.0,0.0,0.0,0.0,,,,,,,,,,108.0,108.0,,,,,,,,,,,,,,,,,,6292.0,5698.0,11990.0,,,,,321.0,1,1,1,0,0,216.0,11990.0,,,,,,37.037037,,,,
2023-07-31,2023,7,0,219.66,188.69,0.0,30.97,8.07,2.37,1.15,5.57,4.53,2.81,115252.0,3721.0,,108.0,108.0,,,8.0,8.01,2868.0,18468.0,2846.0,,,,3.21,1.33,2.94,1.29,33107.0,31377.0,4456.0,6395.0,5773.0,12168.0,68.9,69.2,,,294.0,1,1,1,0,0,216.0,12168.0,69.05,8402.004,0.155296,,6.0696,37.037037,0.7587,2004.744958,,
2023-08-01,2023,8,1,374.38,189.04,167.8,17.54,7.72,2.63,1.43,5.27,5.56,3.78,140610.0,,,108.0,108.0,,,8.0,8.02,3176.0,18210.0,3029.0,,,,3.1,1.38,2.75,1.25,34033.0,30816.0,,6552.0,5934.0,12486.0,68.1,68.3,,,350.0,1,1,1,0,0,216.0,12486.0,68.2,8515.452,0.17441,,8.1648,37.037037,1.0206,1529.247501,,
2023-08-02,2023,8,2,283.6,185.2,79.64,18.76,7.84,2.81,1.72,5.21,5.82,4.01,153410.0,,,108.0,108.0,,,8.02,8.03,2948.0,18408.0,2746.0,,,,3.24,1.41,2.89,1.31,35120.0,33765.0,,6604.0,6040.0,12644.0,67.1,67.4,67.25,32.74,358.0,1,1,1,0,0,216.0,12644.0,67.25,8503.09,0.160148,,8.6616,37.037037,1.0827,1459.776485,,
2023-08-03,2023,8,3,271.36,163.18,88.86,19.32,7.89,2.57,1.54,4.98,6.64,4.74,160512.0,,,108.0,108.0,,,7.98,7.98,3576.0,17868.0,3225.0,,,,3.33,1.54,3.04,1.45,34906.0,36105.0,,6600.0,6134.0,12734.0,65.8,66.1,65.95,34.04,319.0,1,1,1,0,0,216.0,12734.0,65.95,8398.073,0.200134,,10.2384,37.037037,1.2798,1243.749023,,
2023-08-04,2023,8,4,345.54,190.38,137.31,17.85,7.75,3.13,1.64,4.61,7.12,5.36,156025.0,,,108.0,108.0,,,7.99,7.99,3978.0,18108.0,3648.0,,,,3.21,1.53,2.82,1.34,35085.0,34170.0,,6564.0,6124.0,12688.0,64.6,64.8,64.7,35.29,320.0,1,1,1,0,0,216.0,12688.0,64.7,8209.136,0.219682,,11.5776,37.037037,1.4472,1095.909342,,
2023-08-05,2023,8,5,174.75,129.79,19.24,25.72,,,,,,,,,,108.0,108.0,,,,,,,,,,,,,,,,,,6696.0,6061.0,12757.0,,,,99.99,350.0,1,1,1,0,0,216.0,12757.0,,,,,,37.037037,,,,
2023-08-06,2023,8,6,0.0,0.0,0.0,0.0,,,,,,,,,,108.0,108.0,,,,,,,,,,,,,,,,,,6810.0,6024.0,12834.0,,,,99.99,259.0,1,1,1,0,0,216.0,12834.0,,,,,,37.037037,,,,
2023-08-07,2023,8,0,233.55,163.97,38.21,31.37,8.06,2.66,1.1,4.55,6.83,4.82,106513.0,3530.0,,108.0,108.0,,,8.03,8.01,3006.0,18438.0,2762.0,,,,2.91,1.12,2.75,0.96,22170.0,23040.0,3134.0,6166.0,5580.0,11746.0,63.2,63.5,,,232.0,1,1,1,0,0,216.0,11746.0,63.35,7441.091,0.163033,,10.4112,37.037037,1.3014,1128.208084,,
2023-08-08,2023,8,1,345.54,191.74,137.66,16.14,7.86,3.32,1.83,4.59,6.94,4.93,120410.0,,,108.0,108.0,,,8.02,8.0,3804.0,18208.0,3625.0,,,,3.17,1.51,2.75,1.35,30846.0,29215.0,,5842.0,5492.0,11334.0,62.8,62.9,,,330.0,1,1,1,0,0,216.0,11334.0,62.85,7123.419,0.208919,,10.6488,37.037037,1.3311,1064.345278,,
2023-08-09,2023,8,2,340.42,189.98,132.75,17.69,7.81,2.49,1.45,4.46,7.05,4.98,145032.0,,,108.0,108.0,,,8.01,7.99,3651.0,18028.0,3475.0,,,,3.1,1.38,2.82,1.35,31428.0,33182.0,,5995.0,5719.0,11714.0,63.0,63.2,63.1,36.89,310.0,1,1,1,0,0,216.0,11714.0,63.1,7391.534,0.202518,,10.7568,37.037037,1.3446,1088.985572,,
2023-08-10,2023,8,3,280.83,190.5,75.77,14.56,,,,,,,,,,108.0,108.0,,,,,,,,,,,,,,,,,,6459.0,6252.0,12711.0,,,,99.99,327.0,1,1,1,0,0,216.0,12711.0,,,,,,37.037037,,,,
2023-08-11,2023,8,4,223.8,159.87,47.78,16.15,7.64,4.5,2.83,4.12,7.73,5.73,135485.0,4068.0,,108.0,106.0,,,7.95,7.94,3496.0,17888.0,3337.0,,,,3.2,1.42,2.96,1.36,21355.0,35163.0,4375.0,6777.0,6552.0,13329.0,61.1,61.0,61.05,38.94,351.0,1,1,1,0,0,214.0,13329.0,61.05,8137.3545,0.195438,,12.2622,37.383178,1.532775,1086.99907,,
2023-08-12,2023,8,5,250.17,135.99,89.75,24.43,,,,,,,,,,108.0,110.0,,,,,,,,,,,,,,,,,,6895.0,6654.0,13549.0,,,,99.99,298.0,1,1,1,0,0,218.0,13549.0,,,,,,36.697248,,,,
2023-08-13,2023,8,6,0.0,0.0,0.0,0.0,,,,,,,,,,108.0,108.0,,,,,,,,,,,,,,,,,,6550.0,6320.0,12870.0,,,,99.99,326.0,1,1,1,0,0,216.0,12870.0,,,,,,37.037037,,,,
2023-08-14,2023,8,0,352.83,188.99,134.31,29.53,7.95,2.68,1.36,4.14,7.19,5.28,129718.0,4480.0,,108.0,108.0,,,8.0,8.01,3928.0,17468.0,4209.0,,,,3.13,1.39,3.11,1.44,35004.0,23572.0,4059.0,6116.0,5915.0,12031.0,61.0,61.2,,,283.0,1,1,1,0,0,216.0,12031.0,61.1,7350.941,0.224868,,11.4048,37.037037,1.4256,1054.906706,,
2023-08-15,2023,8,1,229.82,137.11,76.6,16.11,,,,,,,,,,108.0,108.0,,,,,,,,,,,,,,,,,,5897.0,5724.0,11621.0,,,,,318.0,1,1,1,0,0,216.0,11621.0,,,,,,37.037037,,,,
2023-08-16,2023,8,2,245.77,138.1,89.88,17.79,7.75,2.49,1.54,4.15,7.05,4.53,102503.0,4880.0,,108.0,108.0,,,8.0,7.99,3386.0,17718.0,3545.0,,,,2.91,1.23,2.74,1.15,24796.0,21863.0,3967.0,6048.0,5805.0,11853.0,61.6,61.5,,,219.0,1,1,1,0,0,216.0,11853.0,61.55,7295.5215,0.191105,,9.7848,37.037037,1.2231,1211.368653,,
2023-08-17,2023,8,3,262.15,155.02,89.38,17.75,7.49,4.24,2.55,4.11,7.53,5.5,114930.0,,,108.0,108.0,,,8.01,7.99,3726.0,17608.0,3906.0,,,,3.02,1.33,2.92,1.25,26045.0,23042.0,,6337.0,6057.0,12394.0,60.8,60.6,60.7,39.29,248.0,1,1,1,0,0,216.0,12394.0,60.7,7523.158,0.211608,,11.88,37.037037,1.485,1043.265993,,
2023-08-18,2023,8,4,245.55,135.77,92.53,17.25,7.82,2.91,1.46,4.14,7.39,5.21,118067.0,,,108.0,108.0,,,8.0,7.98,3541.0,17818.0,3445.0,,,,3.21,1.39,3.08,1.29,22972.0,24105.0,,6241.0,6024.0,12265.0,61.1,60.9,61.0,38.99,385.0,1,1,1,0,0,216.0,12265.0,61.0,7481.65,0.198732,,11.2536,37.037037,1.4067,1089.873463,,
2023-08-19,2023,8,5,244.09,163.24,57.29,23.56,,,,,,,,,,108.0,108.0,,,,,,,,,,,,,,,,,,6029.0,5745.0,11774.0,,,,99.99,332.0,1,1,1,0,0,216.0,11774.0,,,,,,37.037037,,,,
2023-08-20,2023,8,6,0.0,0.0,0.0,0.0,,,,,,,,,,108.0,108.0,,,,,,,,,,,,,,,,,,5930.0,5612.0,11542.0,,,,99.99,320.0,1,1,1,0,0,216.0,11542.0,,,,,,37.037037,,,,
2023-08-21,2023,8,0,227.84,162.83,38.61,26.4,7.58,1.8,0.95,4.22,7.63,4.69,117364.0,5126.0,,108.0,108.0,,,8.03,8.01,2879.0,18008.0,2764.0,,,,2.94,1.03,2.8,1.04,25630.0,22180.0,4041.0,6010.0,5709.0,11719.0,60.4,60.7,,,310.0,1,1,1,0,0,216.0,11719.0,60.55,7095.8545,0.159873,,10.1304,37.037037,1.2663,1156.815131,,
2023-08-22,2023,8,1,337.0,136.97,184.58,15.45,7.75,3.23,2.02,4.03,7.5,5.66,135271.0,,,105.0,106.0,,,8.01,8.0,3284.0,18268.0,3308.0,,,,3.12,1.43,2.83,1.34,26309.0,24109.0,,6250.0,5995.0,12245.0,60.2,60.4,,,325.0,1,1,1,0,0,211.0,12245.0,60.3,7383.735,0.179768,,11.9426,37.914692,1.492825,1025.321119,,
2023-08-23,2023,8,2,264.04,156.52,89.04,18.48,7.75,2.53,1.52,4.02,7.57,5.58,152239.0,3423.0,,102.0,102.0,,,7.98,8.0,3613.0,17898.0,3429.0,,,,3.29,1.42,2.91,1.34,25598.0,23665.0,3779.0,6192.0,5853.0,12045.0,59.7,59.8,59.75,40.24,317.0,1,1,1,0,0,204.0,12045.0,59.75,7196.8875,0.201866,,11.3832,39.215686,1.4229,1058.138309,,
2023-08-24,2023,8,3,267.03,128.08,123.03,15.92,7.81,2.39,1.45,4.1,7.43,5.58,148464.0,,,102.0,102.0,,,8.01,8.02,3475.0,17968.0,3327.0,,,,2.99,1.22,2.74,1.06,26784.0,25028.0,,6311.0,6057.0,12368.0,60.1,60.2,60.15,39.84,313.0,1,1,1,0,0,204.0,12368.0,60.15,7439.352,0.193399,,11.3832,39.215686,1.4229,1086.513458,,
2023-08-25,2023,8,4,164.82,108.72,41.79,14.31,7.89,1.9,1.06,4.18,7.22,5.21,123192.0,,,102.0,102.0,,,8.0,8.04,3248.0,18128.0,3132.0,,,,3.05,1.29,2.93,1.15,22104.0,21889.0,,6291.0,6012.0,12303.0,60.6,60.5,60.55,39.44,306.0,1,1,1,0,0,204.0,12303.0,60.55,7449.4665,0.17917,,10.6284,39.215686,1.32855,1157.558993,,
2023-08-26,2023,8,5,118.07,48.2,47.72,22.15,,,,,,,,,,102.0,102.0,,,,,,,,,,,,,,,,,,6010.0,5690.0,11700.0,,,,,345.0,1,1,1,0,0,204.0,11700.0,,,,,,39.215686,,,,
2023-08-27,2023,8,6,0.0,0.0,0.0,0.0,,,,,,,,,,102.0,102.0,,,,,,,,,,,,,,,,,,5390.0,5121.0,10511.0,,,,,268.0,1,1,1,0,0,204.0,10511.0,,,,,,39.215686,,,,
2023-08-28,2023,8,0,292.79,132.82,131.58,28.39,,,,,,,,,,99.0,99.0,,,,,,,,,,,,,,,,,,5045.0,4860.0,9905.0,,,,,331.0,1,1,1,0,0,198.0,9905.0,,,,,,40.40404,,,,
2023-08-29,2023,8,1,278.47,187.38,75.87,15.22,7.91,2.58,1.49,4.43,6.82,4.78,119698.0,4031.0,,96.0,96.0,,,8.07,8.09,2736.0,18418.0,2651.0,,,,2.98,1.21,2.89,1.14,26647.0,25533.0,4196.0,5161.0,5045.0,10206.0,62.1,62.4,,,309.0,1,1,1,0,0,192.0,10206.0,62.25,6353.235,0.14855,,9.1776,41.666667,1.1472,1112.055439,,
2023-08-30,2023,8,2,151.82,135.07,0.0,16.75,7.45,2.3,1.35,4.11,7.82,5.51,131059.0,,,96.0,96.0,,,8.08,8.05,3079.0,18608.0,3146.0,,,,2.97,1.21,2.79,1.17,25905.0,26082.0,,5409.0,5382.0,10791.0,61.4,61.5,61.45,38.54,303.0,1,1,1,0,0,192.0,10791.0,61.45,6631.0695,0.165466,,10.5792,41.666667,1.3224,1020.020417,,
2023-08-31,2023,8,3,239.76,135.73,89.0,15.03,7.89,2.27,1.34,4.06,7.89,5.78,128064.0,,,96.0,96.0,,,8.09,8.08,3295.0,18348.0,3176.0,,,,2.79,1.12,2.64,1.05,23849.0,24160.0,,5719.0,5475.0,11194.0,60.5,60.4,60.45,39.54,255.0,1,1,1,0,0,192.0,11194.0,60.45,6766.773,0.179584,,11.0976,41.666667,1.3872,1008.686563,,
2023-09-01,2023,9,4,358.3,163.97,179.59,14.74,7.79,2.85,1.64,4.05,7.53,5.43,120670.0,,,96.0,96.0,,,8.04,8.06,2984.0,18058.0,2861.0,,,,2.84,1.1,2.57,0.97,25370.0,24165.0,,5683.0,5478.0,11161.0,59.9,59.8,59.85,40.14,267.0,1,1,1,0,0,192.0,11161.0,59.85,6679.8585,0.165245,,10.4256,41.666667,1.3032,1070.537907,,
2023-09-02,2023,9,5,136.85,57.16,58.02,21.67,,,,,,,,,,96.0,96.0,,,,,,,,,,,,,,,,,,5589.0,5360.0,10949.0,,,,99.99,392.0,1,1,1,0,0,192.0,10949.0,,,,,,41.666667,,,,
2023-09-03,2023,9,6,0.0,0.0,0.0,0.0,,,,,,,,,,96.0,96.0,,,,,,,,,,,,,,,,,,4971.0,4789.0,9760.0,,,,99.99,331.0,1,1,1,0,0,192.0,9760.0,,,,,,41.666667,,,,
2023-09-04,2023,9,0,318.48,162.7,129.99,25.79,7.58,2.47,1.44,4.25,7.39,5.46,135009.0,3080.0,,88.0,88.0,,,8.05,8.08,2896.0,18208.0,2598.0,,,,2.97,1.31,2.74,1.15,18076.0,21891.0,3693.0,4890.0,4635.0,9525.0,61.3,61.6,,,231.0,1,1,1,0,0,176.0,9525.0,61.45,5853.1125,0.159051,,9.6096,45.454545,1.2012,991.196304,,
2023-09-05,2023,9,1,283.38,136.98,131.41,14.99,7.71,2.38,1.44,4.15,7.76,5.75,131725.0,,,93.0,93.0,,,8.05,8.09,3069.0,17868.0,2925.0,,,,2.92,1.19,2.64,1.05,20460.0,22691.0,,5733.0,5475.0,11208.0,60.4,60.5,60.45,39.54,255.0,1,1,1,0,0,186.0,11208.0,60.45,6775.236,0.17176,,10.695,43.010753,1.336875,1047.966339,,
2023-09-06,2023,9,2,233.18,165.28,50.01,17.89,7.48,4.87,3.37,4.28,7.59,5.82,,,,90.0,90.0,,,8.07,8.09,3518.0,18138.0,3451.0,,,,3.11,1.35,2.89,1.24,22094.0,24009.0,,5441.0,5215.0,10656.0,60.2,60.1,60.15,39.84,217.0,1,1,1,0,0,180.0,10656.0,60.15,6409.584,0.193957,,10.476,44.444444,1.3095,1017.182131,,
2023-09-07,2023,9,3,230.25,136.89,76.85,16.51,,,,,,,,,,90.0,90.0,,,,,,,,,,,,,,,,,,5391.0,5205.0,10596.0,,,,99.99,194.0,1,1,1,0,0,180.0,10596.0,,,,,,44.444444,,,,
2023-09-08,2023,9,4,237.53,134.6,88.78,14.15,7.55,4.15,2.65,4.13,7.62,5.44,116810.0,3889.0,,90.0,90.0,,,8.09,8.08,3388.0,18208.0,3190.0,,,,3.53,1.34,2.74,1.15,23656.0,26151.0,4010.0,5495.0,5272.0,10767.0,59.4,59.6,59.5,40.49,203.0,1,1,1,0,0,180.0,10767.0,59.5,6406.365,0.186072,,9.792,44.444444,1.224,1099.571078,,
2023-09-09,2023,9,5,126.29,57.35,47.07,21.87,,,,,,,,,,90.0,90.0,,,,,,,,,,,,,,,,,,5485.0,5274.0,10759.0,,,,99.99,192.0,1,1,1,0,0,180.0,10759.0,,,,,,44.444444,,,,
2023-09-10,2023,9,6,0.0,0.0,0.0,0.0,,,,,,,,,,90.0,90.0,,,,,,,,,,,,,,,,,,5080.0,4889.0,9969.0,,,,99.99,192.0,1,1,1,0,0,180.0,9969.0,,,,,,44.444444,,,,
2023-09-11,2023,9,0,344.6,136.62,182.07,25.91,,,,,,,,,,90.0,90.0,,,,,,,,,,,,,,,,,,4591.0,4477.0,9068.0,,,,,198.0,1,1,1,0,0,180.0,9068.0,,,,,,44.444444,,,,
2023-09-12,2023,9,1,283.73,193.0,75.9,14.83,8.01,2.59,1.45,4.54,6.8,4.67,122121.0,3727.0,,90.0,90.0,,,8.14,8.14,2694.0,18418.0,2863.0,,,,3.05,1.26,2.67,1.07,20147.0,21568.0,3398.0,4471.0,4368.0,8839.0,61.3,61.1,,,180.0,1,1,1,0,0,180.0,8839.0,61.2,5409.468,0.14627,,8.406,44.444444,1.05075,1051.510826,,
2023-09-13,2023,9,2,193.58,135.68,41.64,16.26,7.86,2.41,1.17,4.39,6.89,4.99,128720.0,,,90.0,90.0,,,8.13,8.15,2485.0,18608.0,2540.0,,,,2.93,1.09,2.67,1.07,19508.0,22391.0,,4697.0,4531.0,9228.0,60.8,60.7,,,166.0,1,1,1,0,0,180.0,9228.0,60.75,5606.01,0.133545,,8.982,44.444444,1.12275,1027.38811,,
2023-09-14,2023,9,3,294.18,190.33,89.12,14.73,7.89,3.16,1.66,4.35,6.86,4.9,101448.0,,,90.0,90.0,,,8.05,8.08,2654.0,18008.0,2773.0,,,,3.14,1.34,2.74,1.15,28649.0,22084.0,4034.0,4816.0,4717.0,9533.0,60.6,60.9,60.75,39.24,187.0,1,1,1,0,0,180.0,9533.0,60.75,5791.2975,0.147379,,8.82,44.444444,1.1025,1080.839002,,
2023-09-15,2023,9,4,197.06,134.2,47.51,15.35,7.68,3.13,1.73,4.41,6.51,4.53,105206.0,,,90.0,90.0,,,8.08,8.1,2319.0,18428.0,2531.0,,,,2.88,1.11,2.82,1.15,26945.0,22675.0,,4752.0,4719.0,9471.0,60.1,61.3,60.7,39.29,255.0,1,1,1,0,0,180.0,9471.0,60.7,5748.897,0.125841,,8.154,44.444444,1.01925,1161.51582,,
2023-09-16,2023,9,5,249.51,81.81,145.98,21.72,,,,,,,,,,90.0,90.0,,,,,,,,,,,,,,,,,,5028.0,4865.0,9893.0,,,,99.99,257.0,1,1,1,0,0,180.0,9893.0,,,,,,44.444444,,,,
2023-09-17,2023,9,6,0.0,0.0,0.0,0.0,,,,,,,,,,90.0,90.0,,,,,,,,,,,,,,,,,,5070.0,4891.0,9961.0,,,,99.99,228.0,1,1,1,0,0,180.0,9961.0,,,,,,44.444444,,,,
