날짜,구분,소화조_투입량_tpd,반입_총량_tpd,반입_음폐수_tpd,반입_가축분뇨_tpd,반입_음식물_tpd,반입비율_음폐수,반입비율_가축분뇨,반입비율_음식물,유입비율_음폐수,유입비율_가축분뇨,유입비율_음식물,투입톤_음폐수_t,투입톤_가축분뇨_t,투입톤_음식물_t,잔존재고_음폐수_t,잔존재고_가축분뇨_t,잔존재고_음식물_t,잔존재고_합계_t,재고_평균체류일,발생가중재고_음폐수_t,발생가중재고_가축분뇨_t,발생가중재고_음식물_t,예측CH4_음폐수_m3d,예측CH4_가축분뇨_m3d,예측CH4_음식물_m3d,예측CH4_합계_m3d,실측CH4_m3d,잔차_m3d,잔차율_pct,소화액_TS_pct,소화액_VS_pct,소화액_pH,소화조_온도_C,VFA_A_mgL,ALK_A_mgL,VFA_ALK_A,NH3N_A_mgL,FAN_A_mgL,OLR_kgVS_m3d
2018-01-01,학습,135.0,203.81,183.62,0.0,20.19,0.9009,0.0,0.0991,0.9009,0.0,0.0991,121.627,0.0,13.373,121.63,0.0,13.37,135.0,0.0,48.651,0.0,4.012,1949.7,0.0,53.8,2003.5,,,,,,,37.95,,,,,,
2018-01-02,학습,187.0,186.01,129.71,41.03,15.27,0.6973,0.2206,0.0821,0.7823,0.1285,0.0892,146.294,24.03,16.676,258.2,24.03,28.98,311.21,0.4,88.522,1.922,7.737,3547.6,100.2,103.7,3751.5,8497.3,4745.8,55.85,2.815,1.33,7.82,37.95,3359.0,16068.0,0.209,2814.0,241.9,1.529
2018-01-03,학습,199.0,216.24,158.23,41.56,16.45,0.7317,0.1922,0.0761,0.7596,0.1571,0.0833,151.167,31.256,16.577,388.72,53.36,43.24,485.32,0.83,115.06,4.133,10.247,4611.1,215.4,137.4,4963.9,8679.8,3715.9,42.81,2.83,1.335,7.86,37.95,3277.0,15778.0,0.2077,,,1.664
2018-01-04,학습,216.0,221.86,125.76,79.04,17.06,0.5668,0.3563,0.0769,0.6854,0.2337,0.0808,148.051,50.488,17.46,505.69,99.59,57.24,662.52,1.23,130.181,7.549,12.222,5217.1,393.4,163.9,5774.4,8414.1,2639.8,31.37,2.94,1.3,7.82,37.55,3359.0,15868.0,0.2117,,,1.598
2018-01-05,학습,204.0,215.39,157.38,39.15,18.86,0.7307,0.1818,0.0876,0.7012,0.2156,0.0832,143.052,43.978,16.97,608.31,135.6,69.64,813.55,1.67,137.507,9.93,13.421,5510.7,517.5,180.0,6208.1,7410.7,1202.6,16.23,,,,,,,,,,
2018-01-06,학습,150.0,211.29,155.49,40.8,15.0,0.7359,0.1931,0.071,0.7126,0.2082,0.0792,106.891,31.231,11.878,666.56,155.99,75.95,898.5,2.23,127.56,10.932,12.711,5112.1,569.7,170.4,5852.2,5418.2,-434.0,-8.01,,,,,,,,,,
2018-01-07,학습,138.0,0.0,,,,,,,0.7199,0.2035,0.0766,99.349,28.078,10.573,712.62,171.6,80.45,964.66,2.76,118.409,11.531,11.836,4745.3,600.9,158.7,5504.9,5561.0,56.0,1.01,,,,,,,,,,
2018-01-08,학습,111.0,242.79,132.54,86.65,23.6,0.5459,0.3569,0.0972,0.6669,0.2502,0.0829,74.027,27.773,9.2,729.66,185.65,83.22,998.53,3.35,102.636,12.015,10.827,4113.2,626.1,145.2,4884.5,3907.5,-977.0,-25.0,2.73,1.19,7.89,38.05,3318.0,16248.0,0.2042,2837.0,278.1,0.87
2018-01-09,학습,211.0,213.87,157.48,41.02,15.37,0.7363,0.1918,0.0719,0.6876,0.2328,0.0796,145.088,49.117,16.795,816.41,219.92,93.36,1129.69,3.53,121.333,14.134,12.418,4862.5,736.5,166.5,5765.6,6659.3,893.8,13.42,2.665,1.225,7.88,38.1,3379.0,16028.0,0.2108,,,1.466
2018-01-10,학습,151.0,208.93,155.3,39.53,14.1,0.7433,0.1892,0.0675,0.704,0.22,0.076,106.303,33.216,11.482,857.44,235.55,97.37,1190.37,3.96,117.35,14.661,11.909,4702.9,764.0,159.7,5626.6,5230.1,-396.4,-7.58,2.75,1.25,7.85,38.2,3298.0,15708.0,0.21,,,1.061
2018-01-11,학습,205.0,170.45,157.94,0.0,12.51,0.9266,0.0,0.0734,0.7688,0.156,0.0753,157.594,31.976,15.43,946.47,248.7,105.02,1300.19,4.18,135.41,15.01,12.746,5426.7,782.2,170.9,6379.7,7031.2,651.4,9.26,2.83,1.365,7.84,38.05,3357.0,16338.0,0.2055,,,1.586
2018-01-12,학습,216.0,189.0,152.95,20.82,15.23,0.8093,0.1102,0.0806,0.7804,0.1427,0.0768,168.577,30.834,16.59,1039.38,259.65,113.21,1412.23,4.39,150.941,15.215,13.664,6049.1,792.9,183.2,7025.2,7656.5,631.3,8.25,,,,,,,,,,
2018-01-13,학습,167.0,185.93,129.92,42.09,13.92,0.6988,0.2264,0.0749,0.757,0.1668,0.0762,126.416,27.851,12.733,1082.69,266.74,116.89,1466.32,4.77,143.656,15.15,13.133,5757.1,789.5,176.1,6722.7,6959.9,237.2,3.41,,,,,,,,,,
2018-01-14,학습,97.0,0.0,,,,,,,0.7403,0.1838,0.0759,71.811,17.831,7.358,1067.93,263.24,114.9,1446.08,5.38,117.32,14.294,11.159,4701.7,744.9,149.6,5596.2,4752.7,-843.4,-17.75,,,,,,,,,,
2018-01-15,학습,114.0,217.96,132.97,61.44,23.55,0.6101,0.2819,0.108,0.7031,0.2118,0.085,80.159,24.147,9.695,1062.7,266.34,115.41,1444.45,5.88,104.418,14.071,10.514,4184.6,733.3,141.0,5058.9,4337.4,-721.4,-16.63,2.72,1.38,7.98,38.15,3297.0,15888.0,0.2075,2568.0,312.6,0.919
2018-01-16,학습,203.0,163.72,105.36,40.94,17.42,0.6435,0.2501,0.1064,0.6862,0.2227,0.0911,139.292,45.21,18.498,1117.03,290.25,124.68,1531.96,5.97,120.114,15.568,12.716,4813.6,811.3,170.5,5795.4,7160.5,1365.1,19.06,2.605,1.16,7.95,38.05,3358.0,15918.0,0.211,,,1.627
2018-01-17,학습,172.0,196.26,156.84,22.23,17.19,0.7991,0.1133,0.0876,0.7183,0.1916,0.0901,123.548,32.951,15.5,1151.26,300.0,130.21,1581.47,6.21,123.496,15.858,13.317,4949.2,826.4,178.6,5954.1,6300.4,346.3,5.5,2.665,1.325,7.96,37.95,3378.0,15728.0,0.2148,,,1.273
2018-01-18,학습,88.0,160.06,105.0,39.35,15.71,0.656,0.2458,0.0982,0.7006,0.207,0.0924,61.653,18.216,8.131,1120.87,294.23,127.93,1543.03,6.8,100.824,14.926,11.516,4040.6,777.8,154.4,4972.8,3564.3,-1408.5,-39.52,2.62,1.185,7.84,38.0,3338.0,15848.0,0.2106,,,0.654
2018-01-19,학습,189.0,151.14,133.18,,17.96,0.8812,,0.1188,0.7028,0.2038,0.0934,132.831,38.519,17.65,1164.08,309.22,135.35,1608.65,6.88,115.313,15.758,13.144,4621.3,821.2,176.2,5618.7,5873.3,254.6,4.34,,,,,,,,,,
2018-01-20,학습,169.0,42.07,26.5,,15.57,0.6299,,0.3701,0.6405,0.2018,0.1577,108.251,34.097,26.652,1179.25,318.59,151.18,1649.03,7.08,114.417,16.111,16.955,4585.3,839.6,227.3,5652.2,5895.0,242.7,4.12,,,,,,,,,,
2018-01-21,학습,120.0,0.0,,,,,,,0.5993,0.2004,0.2003,71.911,24.049,24.04,1156.88,317.17,163.14,1637.18,7.48,99.328,15.607,18.768,3980.6,813.3,251.6,5045.6,4723.2,-322.4,-6.82,,,,,,,,,,
2018-01-22,학습,75.0,214.42,104.25,86.44,23.73,0.4862,0.4031,0.1107,0.5704,0.2521,0.1775,42.78,18.911,13.309,1107.16,310.72,163.4,1581.28,8.08,78.37,14.768,16.785,3140.7,769.6,225.1,4135.4,2611.0,-1524.4,-58.38,2.545,1.24,7.9,38.25,3277.0,15818.0,0.2072,2889.0,298.7,0.562
2018-01-23,학습,186.0,258.5,183.83,58.82,15.85,0.7111,0.2275,0.0613,0.6074,0.2457,0.1469,112.97,45.697,27.333,1131.6,331.57,177.67,1640.85,8.05,93.521,16.198,19.64,3747.9,844.1,263.3,4855.4,5690.7,835.3,14.68,2.625,1.235,7.96,37.95,3215.0,15568.0,0.2065,,,1.369
2018-01-24,학습,152.0,85.96,72.3,,13.66,0.8411,,0.1589,0.6315,0.227,0.1415,95.99,34.499,21.511,1137.12,339.56,184.98,1661.65,8.22,96.073,16.517,19.84,3850.2,860.7,266.0,4976.9,5175.6,198.7,3.84,2.7,1.245,7.86,38.25,3278.0,15958.0,0.2054,,,1.189
2018-01-25,학습,70.0,36.89,26.3,,10.59,0.7129,,0.2871,0.6162,0.2144,0.1694,43.133,15.008,11.86,1089.33,327.42,182.05,1598.79,8.82,76.503,15.229,17.08,3065.9,793.6,229.0,4088.5,3259.5,-829.0,-25.43,2.72,1.185,8.0,38.05,3216.0,15928.0,0.2019,,,0.54
2018-01-26,학습,100.0,26.53,26.53,,,1.0,,,0.6313,0.1924,0.1763,63.126,19.243,17.631,1065.36,320.48,185.12,1570.96,9.19,72.432,14.474,16.931,2902.8,754.2,227.0,3884.0,3185.7,-698.3,-21.92,,,,,,,,,,
2018-01-27,학습,192.0,25.16,25.16,,,1.0,,,0.6406,0.1788,0.1806,123.0,34.328,34.672,1103.18,329.19,204.99,1637.35,9.0,93.871,15.039,21.941,3761.9,783.7,294.2,4839.8,5977.4,1137.6,19.03,,,,,,,,,,
2018-01-28,학습,170.0,0.0,,,,,,,0.6467,0.1699,0.1834,109.943,28.885,31.172,1124.92,331.75,219.77,1676.44,8.99,101.869,15.083,24.307,4082.5,786.0,325.9,5194.4,5714.5,520.1,9.1,,,,,,,,,,
2018-01-29,학습,208.0,169.04,105.31,41.71,22.02,0.623,0.2467,0.1303,0.6414,0.187,0.1715,133.419,38.9,35.681,1168.39,344.13,237.88,1750.4,8.8,116.193,15.922,27.271,4656.5,829.7,365.7,5851.9,6074.0,222.1,3.66,2.53,1.21,7.88,38.0,3114.0,16048.0,0.194,2792.0,262.5,1.448
2018-01-30,학습,231.0,210.93,133.62,64.18,13.13,0.6335,0.3043,0.0622,0.6396,0.2148,0.1456,147.736,49.623,33.64,1222.71,366.23,252.5,1841.44,8.57,130.753,17.493,28.68,5240.0,911.6,384.5,6536.2,6315.7,-220.4,-3.49,2.62,1.135,7.93,38.1,3155.0,15948.0,0.1978,,,1.441
2018-01-31,학습,240.0,133.46,79.2,41.29,12.97,0.5934,0.3094,0.0972,0.6281,0.2383,0.1336,150.741,57.199,32.06,1275.69,394.15,264.37,1934.21,8.38,140.935,19.433,29.166,5648.1,1012.7,391.1,7051.8,6287.4,-764.4,-12.16,2.61,1.18,7.84,37.85,3033.0,15738.0,0.1927,,,1.503
2018-02-01,학습,244.0,259.48,130.26,110.05,19.17,0.502,0.4241,0.0739,0.5956,0.2862,0.1182,145.328,69.83,28.842,1319.02,432.47,272.08,2023.56,8.25,145.049,22.091,28.532,5813.0,1151.2,382.6,7346.7,6284.2,-1062.5,-16.91,2.55,1.095,7.84,38.0,3055.0,15218.0,0.2007,,,1.479
2018-02-02,학습,119.0,136.67,105.69,14.04,16.94,0.7733,0.1027,0.1239,0.6426,0.2377,0.1197,76.47,28.283,14.247,1290.02,426.17,264.57,1980.76,8.7,120.043,21.025,23.721,4810.8,1095.6,318.1,6224.5,6445.2,220.7,3.42,,,,,,,,,,
2018-02-03,학습,78.0,210.12,154.26,41.55,14.31,0.7342,0.1977,0.0681,0.6673,0.2269,0.1058,52.048,17.699,8.253,1238.93,409.8,251.67,1900.39,9.3,94.853,19.272,18.644,3801.3,1004.3,250.0,5055.6,5088.2,32.7,0.64,,,,,,,,,,
2018-02-04,학습,66.0,0.0,,,,,,,0.6856,0.2189,0.0955,45.247,14.45,6.303,1185.11,391.48,237.85,1814.44,9.92,76.597,17.524,14.598,3069.7,913.2,195.7,4178.6,4611.7,433.1,9.39,,,,,,,,,,
2018-02-05,학습,134.0,168.2,107.27,41.54,19.39,0.6378,0.247,0.1153,0.6724,0.2267,0.101,90.096,30.375,13.529,1180.45,390.55,232.36,1803.37,10.11,83.278,17.313,14.009,3337.4,902.2,187.8,4427.5,4065.9,-361.5,-8.89,2.51,1.08,7.96,38.25,3033.0,15108.0,0.2008,2786.0,319.1,0.983
2018-02-06,학습,135.0,238.76,129.16,98.92,10.68,0.541,0.4143,0.0447,0.6358,0.2789,0.0853,85.834,37.648,11.518,1171.9,396.98,225.3,1794.18,10.27,85.693,17.716,13.004,3434.2,923.2,174.4,4531.8,4549.2,17.5,0.38,2.485,1.135,7.84,37.95,3033.0,15248.0,0.1989,,,0.965
2018-02-07,학습,160.0,183.77,132.74,41.88,9.15,0.7223,0.2279,0.0498,0.66,0.2646,0.0754,105.6,42.339,12.061,1183.8,407.57,219.35,1810.73,10.28,95.089,18.434,12.481,3810.7,960.6,167.4,4938.7,5320.9,382.2,7.18,2.525,1.185,7.98,37.95,3115.0,15338.0,0.2031,,,1.158
2018-02-08,학습,161.0,140.83,105.8,20.42,14.61,0.7513,0.145,0.1037,0.6856,0.231,0.0833,110.385,37.197,13.418,1199.54,412.18,215.23,1826.95,10.28,102.797,18.632,12.533,4119.7,970.9,168.0,5258.6,5763.2,504.6,8.75,2.625,1.185,7.83,37.65,3134.0,15348.0,0.2042,,,1.252
2018-02-09,학습,127.0,112.71,53.54,40.95,18.22,0.475,0.3633,0.1617,0.6263,0.2683,0.1054,79.545,34.071,13.384,1183.17,413.3,211.4,1807.87,10.49,95.216,18.55,12.557,3815.8,966.6,168.4,4950.8,4947.2,-3.6,-0.07,,,,,,,,,,
2018-02-10,학습,117.0,168.47,106.71,41.91,19.85,0.6334,0.2488,0.1178,0.6283,0.2628,0.1089,73.515,30.744,12.741,1162.08,411.0,207.24,1780.32,10.74,88.128,18.214,12.381,3531.8,949.1,166.0,4646.9,4240.0,-406.9,-9.6,,,,,,,,,,
2018-02-11,학습,8.0,0.0,,,,,,,0.6298,0.2588,0.1114,5.038,2.071,0.891,1074.21,380.21,191.56,1645.98,11.68,56.366,15.635,8.706,2258.9,814.7,116.7,3190.4,1469.8,-1720.6,-117.07,,,,,,,,,,
2018-02-12,학습,109.0,0.0,,,,,,,0.6308,0.256,0.1132,68.757,27.901,12.342,1057.08,377.71,188.59,1623.37,11.83,62.265,15.511,9.637,2495.3,808.3,129.2,3432.8,3145.2,-287.6,-9.15,2.555,1.145,7.83,38.15,3318.0,15478.0,0.2144,2545.0,221.4,0.808
2018-02-13,학습,190.0,95.92,78.98,,16.94,0.8234,,0.1766,0.6402,0.2372,0.1225,121.643,45.075,23.282,1094.2,392.58,196.79,1683.57,11.38,87.057,16.78,13.553,3488.9,874.4,181.7,4545.0,5698.0,1153.0,20.23,2.585,1.15,7.88,37.95,3094.0,15708.0,0.197,,,1.382
2018-02-14,학습,130.0,101.67,79.67,,22.0,0.7836,,0.2164,0.6362,0.2252,0.1385,82.708,29.282,18.01,1089.42,390.48,199.07,1678.96,11.42,86.773,16.594,14.641,3477.5,864.7,196.3,4538.5,3986.3,-552.2,-13.85,2.6,1.17,8.0,38.1,3073.0,15618.0,0.1968,,,0.988
2018-02-15,학습,125.0,82.88,,41.79,41.09,,0.5042,0.4958,0.5602,0.2474,0.1924,70.027,30.928,24.045,1072.34,390.18,207.2,1669.72,11.49,81.526,16.567,17.192,3267.2,863.3,230.5,4361.1,3997.2,-363.9,-9.1,,,,,,,,,,
2018-02-16,학습,26.0,27.65,27.65,,,1.0,,,0.5375,0.2492,0.2133,13.976,6.479,5.545,1000.58,365.46,196.17,1562.22,12.28,55.87,14.589,13.381,2239.0,760.2,179.4,3178.7,1571.5,-1607.2,-102.27,,,,,,,,,,
2018-02-17,학습,124.0,26.97,26.97,,,1.0,,,0.5246,0.2502,0.2252,65.051,31.024,27.924,985.63,367.27,208.41,1561.31,12.23,60.477,14.873,17.498,2423.6,775.0,234.6,3433.3,2933.4,-499.9,-17.04,,,,,,,,,,
2018-02-18,학습,219.0,3.99,,,,,,,0.5166,0.2508,0.2326,113.139,54.929,50.932,1019.96,392.83,242.68,1655.47,11.48,82.553,17.026,27.206,3308.4,887.2,364.8,4560.4,,,,,,,,,,,,,
2018-02-19,학습,190.0,175.75,104.08,41.23,30.44,0.5922,0.2346,0.1732,0.5306,0.2478,0.2216,100.81,47.086,42.104,1039.22,408.51,265.38,1713.11,11.1,91.237,18.227,31.174,3656.4,949.8,418.0,5024.2,4333.9,-690.3,-15.93,2.51,1.125,7.88,38.0,3134.0,15598.0,0.2009,2755.0,259.1,1.401
2018-02-20,학습,222.0,186.5,79.34,83.21,23.95,0.4254,0.4462,0.1284,0.509,0.2885,0.2025,113.004,64.041,44.955,1069.13,439.89,289.12,1798.14,10.6,101.469,20.604,34.734,4066.5,1073.7,465.7,5605.9,4593.8,-1012.0,-22.03,2.77,1.21,7.84,37.95,3095.0,15398.0,0.201,,,1.257
2018-02-21,학습,204.0,206.87,130.51,62.23,14.13,0.6309,0.3008,0.0683,0.5361,0.2912,0.1727,109.37,59.409,35.221,1093.02,464.12,301.22,1858.37,10.33,106.327,22.251,34.241,4261.1,1159.5,459.1,5879.8,4621.8,-1257.9,-27.22,2.515,1.125,7.92,37.85,3360.0,15668.0,0.2144,,,1.14
2018-02-22,학습,104.0,185.83,130.68,41.11,14.04,0.7032,0.2212,0.0756,0.5757,0.2746,0.1497,59.874,28.562,15.564,1065.5,455.58,292.7,1813.78,10.68,89.524,21.183,28.007,3587.7,1103.9,375.5,5067.1,3521.5,-1545.6,-43.89,2.495,1.045,7.84,38.05,3034.0,15178.0,0.1999,,,0.607
2018-02-23,학습,134.0,146.33,106.45,21.19,18.69,0.7275,0.1448,0.1277,0.6134,0.2424,0.1442,82.198,32.479,19.323,1062.5,451.63,288.62,1802.76,10.81,88.091,20.589,24.886,3530.3,1072.9,333.7,4936.9,3525.3,-1411.6,-40.04,,,,,,,,,,
2018-02-24,학습,188.0,214.32,159.24,39.37,15.71,0.743,0.1837,0.0733,0.6468,0.2273,0.1259,121.595,42.727,23.678,1099.15,458.25,289.22,1846.62,10.61,102.965,20.905,24.066,4126.4,1089.4,322.7,5538.5,5509.0,-29.4,-0.53,,,,,,,,,,
2018-02-25,학습,66.0,0.0,,,,,,,0.6722,0.2158,0.112,44.366,14.24,7.394,1055.63,435.85,273.49,1764.97,11.17,81.248,18.894,18.621,3256.1,984.6,249.7,4490.3,2776.1,-1714.2,-61.75,,,,,,,,,,
2018-02-26,학습,177.0,233.53,131.57,79.28,22.68,0.5634,0.3395,0.0971,0.6429,0.2491,0.108,113.791,44.09,19.118,1085.02,445.09,270.74,1800.85,10.98,95.624,19.574,18.427,3832.2,1020.0,247.1,5099.3,5360.9,261.6,4.88,2.465,1.125,7.82,37.8,3115.0,15328.0,0.2032,,,1.381
2018-02-27,학습,191.0,216.77,158.83,41.49,16.45,0.7327,0.1914,0.0759,0.6674,0.2333,0.0992,127.481,44.566,18.953,1125.74,454.07,268.05,1847.86,10.74,109.966,20.19,18.246,4407.0,1052.1,244.6,5703.7,5993.5,289.8,4.83,2.52,1.06,8.02,38.05,3196.0,15338.0,0.2084,,,1.397
2018-02-28,학습,105.0,138.93,105.78,20.76,12.39,0.7614,0.1494,0.0892,0.6934,0.2102,0.0965,72.805,22.067,10.128,1108.54,439.83,256.75,1805.12,11.06,96.941,18.913,15.474,3885.0,985.6,207.5,5078.0,6560.4,1482.4,22.6,2.555,1.125,7.88,38.15,3135.0,15388.0,0.2037,,,0.839
2018-03-01,학습,221.0,233.08,131.78,81.34,19.96,0.5654,0.349,0.0856,0.6578,0.2488,0.0934,145.369,54.98,20.652,1165.28,459.64,256.87,1881.79,10.64,117.933,20.461,16.743,4726.3,1066.2,224.5,6017.0,7354.8,1337.8,18.19,,,,,,,,,,
2018-03-02,학습,204.0,209.18,133.46,60.84,14.88,0.638,0.2908,0.0711,0.6523,0.2605,0.0872,133.059,53.151,17.79,1205.16,476.04,254.12,1935.33,10.41,125.956,21.63,16.749,5047.8,1127.1,224.6,6399.5,6596.0,196.6,2.98,,,,,,,,,,
2018-03-03,학습,191.0,111.12,54.65,39.95,16.52,0.4918,0.3595,0.1487,0.6072,0.2883,0.1045,115.977,55.071,19.952,1224.78,493.05,253.75,1971.59,10.31,124.071,22.776,17.401,4972.2,1186.9,233.3,6392.4,6569.3,176.9,2.69,,,,,,,,,,
2018-03-04,학습,159.0,0.0,,,,,,,0.5747,0.3084,0.1169,91.382,49.031,18.588,1218.24,502.66,252.05,1972.95,10.4,113.07,23.266,17.437,4531.4,1212.4,233.8,5977.6,,,,,,,,,,,,,
2018-03-05,학습,192.0,243.01,132.22,87.03,23.76,0.5441,0.3581,0.0978,0.5661,0.3224,0.1115,108.689,61.902,21.41,1229.52,524.37,253.31,2007.2,10.31,113.209,24.712,18.308,4536.9,1287.8,245.5,6070.2,7971.8,1901.6,23.85,2.525,1.18,8.05,37.9,3217.0,15438.0,0.2084,2614.0,352.9,1.627
2018-03-06,학습,120.0,204.61,105.98,82.96,15.67,0.518,0.4055,0.0766,0.5525,0.3459,0.1016,66.299,41.503,12.197,1197.51,523.95,245.25,1966.71,10.62,96.338,24.309,16.137,3860.8,1266.8,216.4,5343.9,5850.1,506.2,8.65,2.535,1.185,8.1,38.05,3095.0,15338.0,0.2018,,,0.856
2018-03-07,학습,216.0,265.52,158.83,95.15,11.54,0.5982,0.3584,0.0435,0.5654,0.3494,0.0852,122.129,75.469,18.402,1223.89,557.52,244.05,2025.46,10.38,108.266,26.683,16.52,4338.8,1390.5,221.5,5950.8,7266.7,1315.8,18.11,2.49,1.09,8.07,38.0,3176.0,15248.0,0.2083,,,1.415
2018-03-08,학습,218.0,164.15,107.9,40.81,15.44,0.6573,0.2486,0.0941,0.5914,0.3209,0.0877,128.929,69.952,19.119,1254.97,582.9,243.65,2081.52,10.19,118.342,28.258,16.995,4742.6,1472.6,227.9,6443.1,6855.7,412.6,6.02,2.49,1.01,8.02,38.0,3197.0,15418.0,0.2074,,,1.521
2018-03-09,학습,237.0,188.39,132.89,41.5,14.0,0.7054,0.2203,0.0743,0.6237,0.2924,0.0839,147.813,69.299,19.887,1302.44,605.59,244.06,2152.09,9.95,132.11,29.544,17.55,5294.4,1539.6,235.3,7069.3,6974.9,-94.4,-1.35,,,,,,,,,,
2018-03-10,학습,240.0,113.11,53.6,41.66,17.85,0.4739,0.3683,0.1578,0.5813,0.3139,0.1048,139.502,75.336,25.162,1337.8,632.51,249.71,2220.02,9.77,137.276,31.119,19.51,5501.4,1621.6,261.6,7384.7,7136.2,-248.5,-3.48,,,,,,,,,,
2018-03-11,학습,205.0,0.0,,,,,,,0.5508,0.3293,0.1198,112.922,67.509,24.568,1343.76,649.44,254.31,2247.51,9.79,129.83,31.83,20.668,5203.0,1658.7,277.1,7138.9,8272.8,1134.0,13.71,,,,,,,,,,
2018-03-12,학습,197.0,254.56,131.46,101.29,21.81,0.5164,0.3979,0.0857,0.5411,0.3487,0.1102,106.594,68.703,21.702,1342.91,666.22,255.68,2264.81,9.85,122.707,32.53,20.598,4917.6,1695.2,276.2,6888.9,9651.8,2762.9,28.63,2.98,1.515,7.79,37.95,3460.0,15280.0,0.2264,3032.0,229.6,1.349
2018-03-13,학습,190.0,209.48,156.66,40.86,11.96,0.7479,0.1951,0.0571,0.5997,0.3052,0.0951,113.939,57.987,18.074,1349.48,670.94,253.31,2273.73,9.94,121.252,32.267,19.462,4859.3,1681.5,260.9,6801.7,10307.7,3506.1,34.01,2.58,1.23,7.84,38.0,3257.0,15018.0,0.2169,,,1.568
2018-03-14,학습,216.0,138.88,79.96,40.75,18.17,0.5757,0.2934,0.1308,0.5929,0.3019,0.1052,128.066,65.201,22.733,1369.65,682.5,255.79,2307.93,9.92,126.005,32.621,20.085,5049.8,1699.9,269.3,7018.9,11406.9,4387.9,38.47,2.605,1.245,7.88,38.15,3034.0,15128.0,0.2006,,,1.733
2018-03-15,학습,215.0,342.56,209.35,118.81,14.4,0.6111,0.3468,0.042,0.5981,0.3146,0.0873,128.584,67.64,18.776,1388.72,695.57,254.11,2338.4,9.91,129.144,33.116,19.322,5175.5,1725.7,259.1,7160.3,10327.9,3167.6,30.67,2.585,1.235,7.9,37.95,3135.0,14988.0,0.2092,,,1.564
2018-03-16,학습,216.0,249.27,133.36,99.41,16.5,0.535,0.3988,0.0662,0.5802,0.3385,0.0813,125.321,73.109,17.569,1403.0,713.06,251.36,2367.43,9.92,129.775,33.975,18.441,5200.8,1770.5,247.3,7218.5,9098.7,1880.2,20.66,,,,,,,,,,
2018-03-17,학습,216.0,110.72,53.45,40.54,16.73,0.4827,0.3661,0.1511,0.5526,0.3463,0.1011,119.356,74.804,21.84,1410.18,730.85,253.11,2394.14,9.93,127.778,34.839,19.121,5120.8,1815.5,256.4,7192.7,8825.9,1633.2,18.5,,,,,,,,,,
2018-03-18,학습,153.0,0.0,,,,,,,0.5328,0.3519,0.1153,81.515,53.846,17.638,1378.95,726.26,250.51,2355.72,10.22,111.41,33.897,18.324,4464.8,1766.4,245.7,6476.9,9836.1,3359.2,34.15,,,,,,,,,,
2018-03-19,학습,39.0,238.85,133.29,85.55,20.01,0.558,0.3582,0.0838,0.5399,0.3537,0.1064,21.058,13.794,4.148,1289.75,681.99,234.63,2206.36,11.03,77.132,29.892,13.734,3091.1,1557.7,184.1,4833.0,,,,2.52,1.23,7.81,38.2,2871.0,15198.0,0.1889,2843.0,239.9,0.286
2018-03-20,학습,173.0,238.63,104.92,118.8,14.91,0.4397,0.4978,0.0625,0.5115,0.3946,0.0939,88.493,68.259,16.248,1275.12,695.72,232.11,2202.95,11.08,82.967,30.849,14.235,3324.9,1607.6,190.9,5123.4,,,,2.635,1.335,7.9,38.0,2992.0,14868.0,0.2012,,,1.265
2018-03-21,학습,216.0,254.24,183.47,60.11,10.66,0.7216,0.2364,0.0419,0.5711,0.3497,0.0792,123.354,75.543,17.103,1296.52,715.64,230.66,2242.81,10.92,100.509,32.243,14.833,4028.0,1680.2,198.9,5907.1,,,,2.535,1.21,7.85,38.0,3073.0,15048.0,0.2042,,,1.898
2018-03-22,학습,161.0,211.73,155.39,40.95,15.39,0.7339,0.1934,0.0727,0.6172,0.3054,0.0773,99.375,49.173,12.452,1292.23,707.59,224.67,2224.49,11.05,101.736,31.318,13.846,4077.2,1632.0,185.6,5894.8,,,,2.5,1.165,7.92,37.95,3257.0,15208.0,0.2142,,,1.338
2018-03-23,학습,216.0,235.67,182.07,41.39,12.21,0.7726,0.1756,0.0518,0.6613,0.2686,0.0701,142.834,58.024,15.142,1331.74,709.04,221.85,2262.63,10.9,119.877,31.241,13.98,4804.1,1628.0,187.4,6619.6,,,,,,,,,,,,,
2018-03-24,학습,208.0,160.52,100.83,39.15,20.54,0.6281,0.2439,0.128,0.6519,0.2616,0.0865,135.591,54.417,17.993,1360.85,706.76,222.1,2289.72,10.82,128.167,30.887,14.926,5136.4,1609.5,200.1,6946.1,,,,,,,,,,,,,
2018-03-25,학습,179.0,0.0,,,,,,,0.6452,0.2566,0.0983,115.482,45.93,17.588,1367.53,696.18,221.93,2285.64,10.9,125.237,29.907,15.45,5018.9,1558.5,207.2,6784.6,,,,,,,,,,,,,
2018-03-26,학습,171.0,260.59,157.55,81.05,21.99,0.6046,0.311,0.0844,0.6337,0.272,0.0943,108.355,46.516,16.129,1366.54,687.04,220.31,2273.89,11.0,120.578,29.121,15.369,4832.3,1517.5,206.1,6555.9,,,,2.575,1.23,7.81,37.9,3094.0,14728.0,0.2101,2773.0,219.1,1.511
2018-03-27,학습,216.0,253.89,127.83,109.76,16.3,0.5035,0.4323,0.0642,0.5968,0.3175,0.0858,128.899,68.572,18.529,1386.18,700.68,221.23,2308.08,10.88,125.923,30.219,16.034,5046.5,1574.7,215.0,6836.2,,,,2.69,1.34,7.83,38.0,3237.0,15478.0,0.2091,,,2.422
2018-03-28,학습,205.0,163.35,151.89,,11.46,0.9298,,0.0702,0.6157,0.3118,0.0725,126.223,63.92,14.857,1401.57,708.57,218.4,2328.54,10.83,128.149,30.779,15.386,5135.7,1603.9,206.3,6945.9,,,,2.615,1.28,7.83,38.15,3135.0,14888.0,0.2106,,,1.327
2018-03-29,학습,216.0,213.53,159.06,36.67,17.8,0.7449,0.1717,0.0834,0.6494,0.2753,0.0753,140.267,59.466,16.267,1429.77,711.38,217.2,2358.36,10.75,135.139,30.898,15.367,5415.8,1610.1,206.0,7232.0,,,,2.625,1.28,7.85,37.95,3177.0,15368.0,0.2067,,,2.754
2018-03-30,학습,184.0,357.41,259.98,79.94,17.49,0.7274,0.2237,0.0489,0.6702,0.2615,0.0683,123.315,48.122,12.563,1438.77,702.63,212.4,2353.79,10.83,132.67,30.091,14.243,5316.8,1568.1,191.0,7075.9,,,,,,,,,,,,,
2018-03-31,학습,195.0,285.91,207.17,61.59,17.15,0.7246,0.2154,0.06,0.6849,0.249,0.066,133.565,48.56,12.875,1457.3,695.01,208.29,2360.6,10.85,135.247,29.442,13.57,5420.1,1534.2,182.0,7136.3,,,,,,,,,,,,,
2018-04-01,학습,207.0,0.0,,,,,,,0.6958,0.2398,0.0644,144.038,49.638,13.324,1484.82,689.08,204.96,2378.85,10.82,141.025,28.976,13.246,5651.7,1510.0,177.6,7339.3,,,,,,,,,,,,,
2018-04-02,학습,198.0,267.63,134.22,112.42,20.99,0.5015,0.4201,0.0784,0.642,0.2897,0.0683,127.116,57.368,13.516,1493.21,691.35,202.09,2386.65,10.84,137.82,29.199,13.083,5523.2,1521.6,175.4,7220.2,7470.9,250.7,3.36,2.515,1.18,7.92,38.1,3094.0,15368.0,0.2013,2382.0,249.9,1.661
2018-04-03,학습,195.0,256.53,157.98,82.61,15.94,0.6158,0.322,0.0621,0.6347,0.2987,0.0666,123.767,58.255,12.978,1497.59,694.33,198.91,2390.82,10.88,134.504,29.459,12.811,5390.3,1535.2,171.8,7097.3,6545.6,-551.6,-8.43,2.525,1.135,7.83,38.0,3054.0,15048.0,0.203,,,1.131
2018-04-04,학습,173.0,269.86,184.21,75.02,10.63,0.6826,0.278,0.0394,0.6481,0.2929,0.0589,112.125,50.677,10.198,1489.97,689.49,193.2,2372.66,11.01,127.802,29.074,11.791,5121.7,1515.1,158.1,6794.9,5553.6,-1241.4,-22.35,2.53,1.185,7.84,38.0,3156.0,15158.0,0.2082,,,1.181
2018-04-05,학습,165.0,263.94,184.07,63.25,16.62,0.6974,0.2396,0.063,0.662,0.278,0.0601,109.225,45.862,9.913,1480.07,680.22,187.67,2347.96,11.17,122.509,28.362,11.01,4909.6,1478.0,147.6,6535.2,4787.9,-1747.3,-36.49,2.5,1.145,7.8,38.1,3033.0,15108.0,0.2008,,,0.957
2018-04-06,학습,186.0,289.81,213.92,64.02,11.87,0.7381,0.2209,0.041,0.6834,0.2619,0.0547,127.118,48.709,10.172,1488.85,674.54,182.84,2346.22,11.2,126.401,27.985,10.556,5065.6,1458.3,141.5,6665.5,5041.3,-1624.2,-32.22,,,,,,,,,,
2018-04-07,학습,174.0,176.85,157.09,,19.76,0.8883,,0.1117,0.6977,0.2356,0.0666,121.407,40.998,11.594,1491.21,661.61,179.81,2332.63,11.29,126.518,27.048,10.673,5070.3,1409.5,143.1,6622.9,4901.4,-1721.4,-35.12,,,,,,,,,,
2018-04-08,학습,162.0,41.66,,41.66,,,1.0,,0.5898,0.3482,0.062,95.54,56.408,10.052,1467.52,665.12,175.49,2308.12,11.43,116.243,27.484,10.29,4658.5,1432.2,138.0,6228.7,5035.9,-1192.9,-23.69,,,,,,,,,,
2018-04-09,학습,124.0,189.97,134.08,35.38,20.51,0.7058,0.1862,0.108,0.6163,0.3111,0.0726,76.426,38.576,8.998,1426.61,650.51,170.45,2247.58,11.74,102.26,26.429,9.713,4098.1,1377.2,130.2,5605.6,3751.1,-1854.5,-49.44,2.49,1.14,7.85,38.05,3155.0,15228.0,0.2072,2948.0,265.9,0.76
2018-04-10,학습,140.0,286.19,158.61,112.04,15.54,0.5542,0.3915,0.0543,0.6013,0.3306,0.0681,84.18,46.28,9.54,1396.72,644.78,166.36,2207.87,11.93,96.738,26.149,9.482,3876.9,1362.6,127.1,5366.6,4200.7,-1166.0,-27.76,2.435,1.09,7.84,38.0,3196.0,15158.0,0.2108,,,0.9
2018-04-11,학습,171.0,154.41,76.96,65.31,12.14,0.4984,0.423,0.0786,0.5753,0.3539,0.0708,98.375,60.519,12.105,1383.42,653.75,165.17,2202.34,11.93,99.011,27.05,10.095,3967.9,1409.6,135.3,5512.9,5394.1,-118.7,-2.2,,,,,,,,,,
2018-04-12,학습,170.0,339.12,238.45,83.27,17.4,0.7031,0.2455,0.0513,0.6086,0.3257,0.0657,103.466,55.363,11.171,1376.28,656.84,163.13,2196.25,11.93,102.449,27.403,10.232,4105.7,1428.0,137.2,5670.9,4989.7,-681.1,-13.65,2.445,1.14,7.88,37.9,3054.0,15148.0,0.2016,,,1.103
2018-04-13,학습,190.0,149.55,132.67,,16.88,0.8871,,0.1129,0.6409,0.2856,0.0735,121.778,54.261,13.961,1388.01,658.58,164.05,2210.65,11.82,111.894,27.614,11.162,4484.2,1439.0,149.7,6072.9,5524.0,-548.9,-9.94,,,,,,,,,,
2018-04-14,학습,222.0,261.93,183.19,70.27,8.47,0.6994,0.2683,0.0323,0.6561,0.2811,0.0628,145.648,62.405,13.947,1422.68,668.33,164.88,2255.89,11.56,127.267,28.445,11.792,5100.3,1482.3,158.1,6740.7,6971.3,230.5,3.31,,,,,,,,,,
2018-04-15,학습,216.0,0.0,,,,,,,0.6676,0.2777,0.0547,144.195,59.983,11.822,1453.13,674.88,163.52,2291.52,11.37,136.166,28.957,11.584,5457.0,1509.0,155.3,7121.3,6585.2,-536.1,-8.14,,,,,,,,,,
2018-04-16,학습,124.0,293.77,161.42,106.9,25.45,0.5495,0.3639,0.0866,0.6356,0.301,0.0634,78.82,37.324,7.856,1415.76,658.24,158.3,2232.3,11.69,115.505,27.58,10.252,4628.9,1437.2,137.5,6203.6,3882.3,-2321.4,-59.79,2.46,1.125,7.84,38.0,3256.0,15488.0,0.2102,2973.0,262.6,0.755
2018-04-17,학습,216.0,283.24,187.96,79.11,16.17,0.6636,0.2793,0.0571,0.6433,0.2951,0.0616,138.954,63.732,13.314,1441.52,669.34,158.96,2269.82,11.48,126.816,28.522,10.982,5082.3,1486.3,147.2,6715.8,5477.4,-1238.4,-22.61,2.47,1.08,7.85,38.0,3196.0,15368.0,0.208,,,1.21
2018-04-18,학습,195.0,221.21,130.7,78.8,11.71,0.5908,0.3562,0.0529,0.6288,0.312,0.0592,122.615,60.835,11.55,1448.87,676.66,157.8,2283.33,11.41,127.257,29.091,10.95,5099.9,1516.0,146.8,6762.7,5070.4,-1692.2,-33.37,2.41,1.095,7.86,37.9,3134.0,15758.0,0.1989,,,1.124
2018-04-19,학습,216.0,244.0,185.19,41.29,17.52,0.759,0.1692,0.0718,0.665,0.2722,0.0627,143.651,58.799,13.55,1476.68,681.36,158.73,2316.77,11.26,135.943,29.411,11.529,5448.0,1532.6,154.6,7135.2,5509.3,-1625.9,-29.51,2.435,1.09,7.86,36.65,3074.0,15875.0,0.1936,,,1.212
2018-04-20,학습,216.0,268.42,185.69,65.95,16.78,0.6918,0.2457,0.0625,0.6725,0.2648,0.0627,145.267,57.196,13.537,1503.88,684.07,159.58,2347.53,11.13,141.946,29.555,11.919,5688.6,1540.1,159.8,7388.5,5408.0,-1980.5,-36.62,,,,,,,,,,
2018-04-21,학습,216.0,219.71,161.29,40.97,17.45,0.7341,0.1865,0.0794,0.6898,0.2428,0.0674,149.003,52.444,14.553,1532.64,681.82,161.37,2375.83,11.03,147.143,29.297,12.49,5896.8,1526.7,167.5,7591.0,5451.3,-2139.7,-39.25,,,,,,,,,,
2018-04-22,학습,218.0,0.0,,,,,,,0.7023,0.2269,0.0708,153.101,49.472,15.428,1563.2,676.78,163.9,2403.87,10.93,151.987,28.84,13.141,6091.0,1502.9,176.2,7770.0,5568.6,-2201.4,-39.53,,,,,,,,,,
2018-04-23,학습,193.0,235.37,133.71,81.72,19.94,0.5681,0.3472,0.0847,0.6644,0.2609,0.0747,128.235,50.347,14.418,1566.44,673.01,165.21,2404.67,10.98,145.028,28.521,13.282,5812.1,1486.3,178.1,7476.5,4753.5,-2723.0,-57.28,2.39,1.04,7.98,38.25,3155.0,15688.0,0.2011,2793.0,330.3,0.984
2018-04-24,학습,219.0,214.79,104.75,94.49,15.55,0.4877,0.4399,0.0724,0.6145,0.3115,0.0741,134.575,68.208,16.217,1575.77,687.41,168.22,2431.4,10.9,143.272,29.68,13.918,5741.7,1546.7,186.6,7475.0,5691.2,-1783.8,-31.34,2.485,1.09,7.89,38.0,3216.0,15628.0,0.2058,,,1.322
2018-04-25,학습,216.0,277.48,159.06,107.57,10.85,0.5732,0.3877,0.0391,0.6028,0.333,0.0642,130.211,71.929,13.861,1579.99,704.38,168.63,2453.0,10.85,140.444,30.962,13.645,5628.4,1613.5,182.9,7424.8,5984.4,-1440.4,-24.07,2.38,1.08,7.88,38.0,3135.0,15088.0,0.2078,,,1.407
2018-04-26,학습,216.0,227.07,131.57,77.55,17.95,0.5794,0.3415,0.0791,0.5962,0.3354,0.0684,128.78,72.45,14.77,1582.44,720.51,169.92,2472.87,10.82,138.127,32.092,13.731,5535.5,1672.4,184.1,7392.0,6436.0,-956.0,-14.85,2.47,1.085,8.12,38.05,3155.0,15198.0,0.2076,,,1.439
2018-04-27,학습,216.0,182.92,107.27,71.56,4.09,0.5864,0.3912,0.0224,0.5934,0.3512,0.0554,128.183,75.862,11.956,1584.1,738.76,168.29,2491.15,10.79,136.459,33.325,12.946,5468.7,1736.6,173.6,7378.9,8563.4,1184.5,13.83,,,,,,,,,,
2018-04-28,학습,204.0,289.17,156.74,108.97,23.46,0.542,0.3768,0.0811,0.5789,0.3585,0.0627,118.091,73.128,12.781,1575.53,752.82,167.61,2495.97,10.83,131.394,34.153,12.658,5265.7,1779.8,169.7,7215.2,8082.8,867.5,10.73,,,,,,,,,,
2018-04-29,학습,218.0,0.0,,,,,,,0.5684,0.3637,0.0679,123.92,79.281,14.799,1573.48,771.91,169.01,2514.4,10.8,130.602,35.349,13.067,5234.0,1842.1,175.2,7251.3,8389.8,1138.5,13.57,,,,,,,,,,
2018-04-30,학습,207.0,196.78,134.18,40.94,21.66,0.6819,0.208,0.1101,0.6006,0.3196,0.0798,124.321,66.153,16.527,1571.99,776.34,172.02,2520.36,10.83,130.274,35.315,13.864,5220.8,1840.3,185.9,7247.0,7880.5,633.6,8.04,2.51,1.18,8.04,37.95,2972.0,15638.0,0.19,2706.0,346.0,1.358
2018-05-01,학습,216.0,245.97,131.9,97.13,16.94,0.5362,0.3949,0.0689,0.5824,0.3409,0.0767,125.788,73.638,16.574,1572.09,787.91,174.84,2534.84,10.82,130.658,35.884,14.422,5236.2,1870.0,193.4,7299.5,7172.9,-126.6,-1.77,,,,,,,,,,
2018-05-02,학습,208.0,295.67,186.97,100.91,7.79,0.6324,0.3413,0.0263,0.5965,0.341,0.0625,124.077,70.933,12.99,1570.47,795.84,173.85,2540.17,10.86,130.211,36.151,13.727,5218.3,1883.9,184.1,7286.2,6936.1,-350.1,-5.05,2.52,1.2,7.92,37.95,2871.0,15368.0,0.1868,,,1.5
2018-05-03,학습,216.0,240.39,106.09,121.48,12.82,0.4413,0.5053,0.0533,0.5525,0.3876,0.0599,119.348,83.721,12.931,1564.25,815.93,172.88,2553.07,10.85,128.043,37.401,13.235,5131.4,1949.0,177.5,7257.9,7795.6,537.7,6.9,2.625,1.085,8.07,37.75,3052.0,15558.0,0.1962,,,1.725
2018-05-04,학습,216.0,252.37,159.88,82.98,9.51,0.6335,0.3288,0.0377,0.5755,0.3709,0.0536,124.306,80.121,11.573,1563.49,830.81,170.63,2564.93,10.85,128.69,38.175,12.493,5157.3,1989.3,167.5,7314.2,9639.8,2325.6,24.13,,,,,,,,,,
2018-05-05,학습,210.0,187.33,130.59,38.78,17.96,0.6971,0.207,0.0959,0.61,0.3245,0.0656,128.092,68.139,13.769,1566.57,832.53,170.76,2569.85,10.89,130.603,37.873,12.646,5234.0,1973.6,169.6,7377.2,12785.0,5407.9,42.3,,,,,,,,,,
2018-05-06,학습,144.0,0.0,,,,,,,0.6347,0.2912,0.0742,91.392,41.93,10.679,1532.7,807.89,167.79,2508.38,11.2,117.103,35.52,11.823,4693.0,1851.0,158.5,6702.5,13062.3,6359.8,48.69,,,,,,,,,,
2018-05-07,학습,150.0,228.68,135.0,77.42,16.26,0.5903,0.3386,0.0711,0.6221,0.3046,0.0733,93.315,45.691,10.994,1503.47,788.99,165.36,2457.82,11.46,109.546,33.823,11.356,4390.1,1762.6,152.3,6305.0,,,,,,,,,,,,,
2018-05-08,학습,197.0,289.9,160.79,114.08,15.03,0.5546,0.3935,0.0518,0.603,0.3298,0.0672,118.787,64.972,13.241,1502.05,790.87,165.38,2458.3,11.46,115.075,33.924,11.713,4611.7,1767.8,157.0,6536.6,12873.4,6336.8,49.22,2.75,1.42,7.96,38.1,3053.0,15458.0,0.1975,,,1.406
2018-05-09,학습,191.0,284.84,186.95,84.94,12.95,0.6563,0.2982,0.0455,0.6181,0.3208,0.061,118.058,61.282,11.66,1500.01,788.92,163.82,2452.75,11.49,118.192,33.715,11.481,4736.6,1756.9,153.9,6647.5,10531.7,3884.3,36.88,2.86,1.375,7.97,38.15,3073.0,15638.0,0.1965,,,1.378
2018-05-10,학습,172.0,254.04,130.52,102.68,20.84,0.5138,0.4042,0.082,0.5885,0.3445,0.067,101.227,59.249,11.523,1481.3,785.09,162.24,2428.64,11.61,113.383,33.374,11.282,4543.9,1739.2,151.3,6434.3,8182.3,1748.0,21.36,2.66,1.23,7.95,38.05,3135.0,15688.0,0.1998,,,1.193
2018-05-11,학습,137.0,267.9,156.53,98.15,13.22,0.5843,0.3664,0.0493,0.5873,0.3507,0.062,80.464,48.043,8.493,1443.33,770.36,157.77,2371.45,11.88,102.112,32.188,10.238,4092.2,1677.4,137.3,5906.8,6378.7,471.9,7.4,,,,,,,,,,
2018-05-12,학습,176.0,261.55,128.68,113.77,19.1,0.492,0.435,0.073,0.5603,0.3746,0.0651,98.613,65.926,11.461,1426.54,774.69,156.61,2357.84,11.92,102.42,32.612,10.416,4104.5,1699.4,139.7,5943.6,7389.6,1446.0,19.57,,,,,,,,,,
2018-05-13,학습,125.0,0.0,,,,,,,0.5409,0.3917,0.0674,67.617,48.963,8.42,1380.1,761.71,152.51,2294.32,12.21,90.212,31.614,9.626,3615.3,1647.5,129.1,5391.8,5965.6,573.7,9.62,,,,,,,,,,
2018-05-14,학습,102.0,266.02,161.59,86.76,17.67,0.6074,0.3261,0.0664,0.5598,0.3731,0.0671,57.098,38.058,6.844,1326.85,738.87,147.16,2212.88,12.6,78.475,29.895,8.614,3144.9,1557.9,115.5,4818.3,3602.6,-1215.7,-33.75,2.515,1.125,8.09,38.05,3134.0,15778.0,0.1986,,,0.7
2018-05-15,학습,162.0,276.32,159.39,98.68,18.25,0.5768,0.3571,0.066,0.5646,0.3686,0.0668,91.468,59.71,10.821,1312.23,739.5,146.22,2197.95,12.6,84.985,30.167,9.118,3405.8,1572.0,122.2,5100.1,5148.2,48.1,0.93,2.675,1.285,8.04,38.15,2786.0,15918.0,0.175,,,1.083
2018-05-16,학습,136.0,242.38,188.55,37.04,16.79,0.7779,0.1528,0.0693,0.6251,0.3074,0.0675,85.011,41.809,9.18,1292.32,722.18,143.7,2158.21,12.74,86.417,28.966,8.968,3463.2,1509.4,120.2,5092.9,4651.9,-441.0,-9.48,2.635,1.17,7.92,38.15,2991.0,15818.0,0.1891,,,0.969
2018-05-17,학습,216.0,217.6,133.97,83.63,,0.6157,0.3843,,0.6104,0.3229,0.0667,131.852,69.742,14.406,1320.84,734.18,146.62,2201.65,12.4,106.036,30.18,10.434,4249.5,1572.7,139.9,5962.1,8118.4,2156.3,26.56,2.705,1.225,8.04,38.05,2870.0,15798.0,0.1817,,,1.955
2018-05-18,학습,216.0,235.4,161.79,63.02,10.59,0.6873,0.2677,0.045,0.6319,0.3075,0.0606,136.494,66.411,13.095,1351.73,741.89,147.99,2241.61,12.1,119.992,30.945,11.04,4808.8,1612.6,148.0,6569.4,9103.2,2533.8,27.83,,,,,,,,,,
2018-05-19,학습,203.0,274.14,160.64,94.34,19.16,0.586,0.3441,0.0699,0.619,0.3178,0.0632,125.662,64.504,12.835,1369.31,747.08,148.99,2265.38,11.93,124.267,31.442,11.375,4980.1,1638.5,152.5,6771.1,8735.4,1964.3,22.49,,,,,,,,,,
2018-05-20,학습,209.0,0.0,,,,,,,0.6097,0.3252,0.0651,127.432,67.962,13.606,1387.26,755.31,150.69,2293.25,11.75,127.611,32.141,11.835,5114.1,1674.9,158.7,6947.7,9393.3,2445.6,26.04,,,,,,,,,,
2018-05-21,학습,169.0,231.82,131.86,99.96,,0.5688,0.4312,,0.5866,0.3482,0.0652,99.139,58.848,11.013,1375.48,753.76,149.65,2278.89,11.81,118.357,32.006,11.371,4743.2,1667.8,152.5,6563.5,8680.0,2116.5,24.38,2.66,1.275,7.95,38.05,2889.0,16378.0,0.1764,2885.0,320.1,1.468
2018-05-22,학습,144.0,313.42,186.83,109.83,16.76,0.5961,0.3504,0.0535,0.5893,0.3488,0.0619,84.854,50.231,8.915,1350.35,743.73,146.6,2240.68,11.98,106.935,31.201,10.425,4285.5,1625.9,139.8,6051.2,7081.0,1029.9,14.54,,,,,,,,,,
2018-05-23,학습,192.0,287.75,185.39,89.81,12.55,0.6443,0.3121,0.0436,0.6047,0.3386,0.0568,116.094,65.002,10.904,1358.48,749.26,145.78,2253.53,11.88,112.387,31.699,10.376,4504.0,1651.9,139.1,6295.0,8802.8,2507.7,28.49,2.605,1.175,8.02,38.0,3133.0,16548.0,0.1893,,,1.678
2018-05-24,학습,165.0,243.59,131.1,93.74,18.75,0.5382,0.3848,0.077,0.586,0.3515,0.0625,96.688,58.006,10.306,1346.55,747.36,144.43,2238.35,11.93,107.987,31.563,10.164,4327.7,1644.8,136.3,6108.7,7586.2,1477.5,19.48,2.8,1.275,7.97,37.95,3032.0,15918.0,0.1905,,,1.367
2018-05-25,학습,212.0,140.49,129.33,,11.16,0.9206,,0.0794,0.6137,0.3256,0.0607,130.105,69.034,12.861,1368.99,756.64,145.75,2271.38,11.72,118.64,32.329,10.786,4754.6,1684.7,144.6,6583.9,9565.1,2981.2,31.17,,,,,,,,,,
2018-05-26,학습,212.0,263.78,134.44,112.04,17.3,0.5097,0.4247,0.0656,0.5865,0.3516,0.062,124.331,74.534,13.134,1383.86,770.68,147.23,2301.77,11.55,122.901,33.42,11.292,4925.3,1741.6,151.4,6818.3,9602.5,2784.2,28.99,,,,,,,,,,
2018-05-27,학습,160.0,0.0,,,,,,,0.5659,0.3712,0.0629,90.547,59.385,10.068,1363.76,768.44,145.52,2277.73,11.67,112.015,33.135,10.717,4489.1,1726.7,143.7,6359.5,8214.3,1854.9,22.58,,,,,,,,,,
2018-05-28,학습,165.0,307.08,158.03,131.32,17.73,0.5146,0.4276,0.0577,0.552,0.3865,0.0615,91.075,63.775,10.15,1345.8,770.78,144.04,2260.61,11.74,105.512,33.244,10.349,4228.5,1732.4,138.8,6099.6,6804.7,705.1,10.36,2.75,1.27,7.98,37.95,3153.0,16798.0,0.1877,3173.0,366.7,1.32
2018-05-29,학습,216.0,210.56,134.09,58.79,17.68,0.6368,0.2792,0.084,0.5753,0.357,0.0677,124.268,77.111,14.621,1362.46,786.26,147.14,2295.86,11.54,114.779,34.403,11.44,4599.8,1792.8,153.4,6546.0,7825.4,1279.3,16.35,2.655,1.225,7.98,38.0,3479.0,16978.0,0.2049,,,1.566
2018-05-30,학습,216.0,300.89,189.74,98.8,12.35,0.6306,0.3284,0.041,0.5906,0.3491,0.0603,127.58,75.395,13.025,1381.11,798.79,148.4,2328.3,11.38,121.819,35.251,11.705,4882.0,1836.9,156.9,6875.9,7493.3,617.4,8.24,2.67,1.185,7.97,38.05,3215.0,16568.0,0.194,,,1.547
2018-05-31,학습,208.0,251.69,108.46,122.97,20.26,0.4309,0.4886,0.0805,0.5461,0.388,0.0659,113.583,80.703,13.715,1384.26,815.62,150.25,2350.14,11.28,120.562,36.395,12.092,4831.6,1896.6,162.1,6890.3,6999.3,109.0,1.56,2.8,1.325,8.08,38.0,3215.0,16498.0,0.1949,,,1.43
2018-06-01,학습,216.0,274.93,160.5,103.64,10.79,0.5838,0.377,0.0392,0.5566,0.3849,0.0585,120.235,83.139,12.626,1393.82,833.55,150.86,2378.23,11.17,122.447,37.561,12.03,4907.2,1957.4,161.3,7025.8,7188.4,162.5,2.26,,,,,,,,,,
2018-06-02,학습,216.0,222.03,161.59,43.06,17.38,0.7278,0.1939,0.0783,0.6048,0.3312,0.064,130.63,71.54,13.83,1413.0,838.44,152.63,2404.08,11.08,127.768,37.624,12.348,5120.4,1960.7,165.6,7246.6,7076.7,-170.0,-2.4,,,,,,,,,,
2018-06-03,학습,216.0,63.63,,63.63,,,1.0,,0.5211,0.4235,0.0554,112.55,91.474,11.977,1412.58,862.88,152.41,2427.86,11.0,123.818,39.273,12.01,4962.1,2046.5,161.0,7169.6,7984.9,815.2,10.21,,,,,,,,,,
2018-06-04,학습,216.0,189.31,134.34,36.41,18.56,0.7096,0.1923,0.098,0.5668,0.3674,0.0658,122.436,79.354,14.21,1422.07,873.24,154.43,2449.74,10.94,125.336,39.703,12.448,5022.9,2069.0,166.9,7258.8,7736.1,477.3,6.17,2.83,1.27,7.98,37.9,3335.0,17418.0,0.1915,3014.0,339.3,1.552
2018-06-05,학습,216.0,268.08,162.68,87.62,17.78,0.6068,0.3268,0.0663,0.577,0.3571,0.0659,124.622,77.138,14.24,1432.99,880.56,156.32,2469.87,10.9,127.146,39.891,12.757,5095.5,2078.8,171.0,7345.3,7119.5,-225.8,-3.17,2.675,1.23,7.99,37.95,3274.0,17158.0,0.1908,,,1.498
2018-06-06,학습,226.0,316.75,189.58,113.73,13.44,0.5985,0.3591,0.0424,0.5826,0.3576,0.0598,131.663,80.823,13.513,1450.08,890.98,157.34,2498.39,10.82,131.079,40.346,12.749,5253.1,2102.5,170.9,7526.5,6669.3,-857.2,-12.85,,,,,,,,,,
2018-06-07,학습,216.0,242.33,108.74,114.31,19.28,0.4487,0.4717,0.0796,0.5468,0.3881,0.0651,118.118,83.826,14.055,1452.25,903.56,158.81,2514.63,10.81,128.087,40.972,12.906,5133.2,2135.1,173.0,7441.3,6504.6,-936.7,-14.4,2.785,1.29,8.04,38.0,3235.0,17148.0,0.1887,,,1.453
2018-06-08,학습,208.0,250.14,159.62,78.32,12.2,0.6381,0.3131,0.0488,0.5716,0.3677,0.0606,118.897,76.488,12.615,1455.03,907.81,158.73,2521.57,10.83,126.553,40.917,12.581,5071.7,2132.2,168.7,7372.6,7567.8,195.2,2.58,,,,,,,,,,
2018-06-09,학습,216.0,294.96,161.81,113.69,19.46,0.5486,0.3854,0.066,0.5653,0.3726,0.0621,122.103,80.481,13.416,1460.8,915.7,159.45,2535.96,10.83,126.89,41.19,12.6,5085.2,2146.4,168.9,7400.6,9562.1,2161.5,22.6,,,,,,,,,,
2018-06-10,학습,226.0,0.0,,,,,,,0.5607,0.3762,0.0632,126.709,85.012,14.279,1470.71,927.5,160.98,2559.19,10.78,128.94,41.784,12.872,5167.3,2177.4,172.6,7517.3,13063.2,5545.9,42.45,,,,,,,,,,
2018-06-11,학습,149.0,257.78,134.36,106.94,16.48,0.5212,0.4148,0.0639,0.5497,0.3869,0.0634,81.899,57.656,9.445,1435.02,911.0,157.56,2503.57,11.08,112.28,40.1,11.607,4499.7,2089.6,155.6,6745.0,9375.8,2630.8,28.06,2.755,1.37,8.04,37.85,3357.0,16718.0,0.2008,3160.0,415.9,1.147
2018-06-12,학습,216.0,298.95,159.96,122.21,16.78,0.5351,0.4088,0.0561,0.5456,0.3931,0.0614,117.844,84.903,13.253,1438.12,923.06,158.21,2519.4,11.04,116.383,40.849,11.887,4664.1,2128.7,159.4,6952.2,8169.8,1217.6,14.9,2.81,1.325,8.05,37.85,3418.0,16938.0,0.2018,,,1.242
2018-06-13,학습,208.0,233.78,184.1,36.65,13.03,0.7875,0.1568,0.0557,0.6136,0.3266,0.0598,127.625,67.942,12.433,1450.76,917.2,158.0,2525.96,11.05,122.826,40.129,11.832,4922.3,2091.2,158.6,7172.1,6238.4,-933.7,-14.97,,,,,,,,,,
2018-06-14,학습,198.0,187.49,102.77,65.68,19.04,0.5481,0.3503,0.1016,0.5951,0.3333,0.0715,117.838,65.996,14.166,1452.6,909.86,159.53,2521.99,11.11,122.885,39.361,12.314,4924.7,2051.2,165.1,7141.0,5811.6,-1329.4,-22.87,2.61,1.18,8.0,37.95,3255.0,16908.0,0.1925,,,1.089
2018-06-15,학습,158.0,310.42,209.06,89.3,12.06,0.6735,0.2877,0.0389,0.6173,0.3204,0.0623,97.526,50.628,9.846,1433.98,887.74,156.62,2478.34,11.33,114.796,37.48,11.347,4600.5,1953.1,152.1,6705.8,5132.3,-1573.5,-30.66,,,,,,,,,,
2018-06-16,학습,173.0,161.19,105.46,36.94,18.79,0.6543,0.2292,0.1166,0.6277,0.2946,0.0777,108.594,50.973,13.434,1427.92,867.73,157.53,2453.19,11.46,114.235,35.91,11.764,4578.1,1871.3,157.7,6607.1,5619.5,-987.6,-17.57,,,,,,,,,,
2018-06-17,학습,208.0,0.0,,,,,,,0.6352,0.2761,0.0887,132.125,57.434,18.441,1445.88,855.79,163.38,2465.04,11.41,123.302,35.093,13.551,4941.4,1828.8,181.7,6951.8,5911.8,-1040.0,-17.59,,,,,,,,,,
2018-06-18,학습,126.0,303.71,134.17,152.45,17.09,0.4418,0.502,0.0563,0.5805,0.34,0.0795,73.139,42.845,10.016,1403.41,830.21,160.33,2393.95,11.76,105.299,33.233,12.241,4219.9,1731.8,164.1,6115.8,3331.5,-2784.4,-83.58,2.61,1.18,8.02,38.1,3356.0,17368.0,0.1932,3187.0,409.8,0.515
2018-06-19,학습,207.0,261.08,154.76,85.26,21.06,0.5928,0.3266,0.0807,0.584,0.3362,0.0798,120.878,69.598,16.524,1412.08,833.42,164.03,2409.54,11.66,113.291,33.793,13.3,4540.2,1761.0,178.3,6479.5,4648.5,-1831.1,-39.39,2.685,1.265,8.04,38.1,3275.0,17318.0,0.1891,,,0.833
2018-06-20,학습,216.0,311.28,185.76,114.21,11.31,0.5968,0.3669,0.0363,0.5876,0.3449,0.0675,126.917,74.501,14.581,1426.09,841.29,165.5,2432.88,11.54,120.636,34.661,13.44,4834.6,1806.2,180.2,6821.0,4892.6,-1928.4,-39.41,2.675,1.23,8.07,38.0,3315.0,17238.0,0.1923,,,0.799
2018-06-21,학습,209.0,222.98,103.26,100.39,19.33,0.4631,0.4502,0.0867,0.5523,0.3747,0.0729,115.433,78.322,15.245,1427.5,852.35,167.51,2447.36,11.47,120.573,35.703,13.734,4832.0,1860.5,184.1,6876.7,4985.4,-1891.3,-37.94,2.63,1.235,8.07,37.9,3133.0,16838.0,0.1861,,,0.914
2018-06-22,학습,225.0,296.36,185.57,99.18,11.61,0.6262,0.3347,0.0392,0.5732,0.3634,0.0634,128.978,81.763,14.259,1442.34,865.96,168.38,2476.68,11.34,125.951,36.864,13.638,5047.6,1921.0,182.9,7151.5,5826.1,-1325.4,-22.75,,,,,,,,,,
2018-06-23,학습,222.0,259.98,135.52,103.9,20.56,0.5213,0.3996,0.0791,0.5585,0.3737,0.0678,123.989,82.953,15.057,1451.01,879.67,169.97,2500.65,11.24,127.273,37.945,13.813,5100.6,1977.4,185.2,7263.1,6408.9,-854.3,-13.33,,,,,,,,,,
2018-06-24,학습,221.0,0.0,,,,,,,0.548,0.381,0.071,121.098,84.207,15.694,1456.09,893.55,172.08,2521.71,11.17,126.932,38.964,14.123,5086.9,2030.4,189.4,7306.7,6128.2,-1178.5,-19.23,,,,,,,,,,
2018-06-25,학습,212.0,277.41,161.7,95.81,19.9,0.5829,0.3454,0.0717,0.5579,0.3709,0.0712,118.266,78.635,15.099,1457.93,900.74,173.42,2532.09,11.15,125.588,39.383,14.156,5033.0,2052.3,189.8,7275.1,6016.0,-1259.1,-20.93,2.54,1.19,8.18,37.85,3356.0,17188.0,0.1953,3305.0,571.8,0.803
2018-06-26,학습,216.0,332.67,133.74,179.7,19.23,0.402,0.5402,0.0578,0.5137,0.4189,0.0674,110.957,90.481,14.562,1452.32,919.2,174.11,2545.63,11.12,121.836,40.687,14.017,4882.7,2120.2,187.9,7190.8,6535.1,-655.7,-10.03,2.6,1.145,8.14,37.85,3700.0,17728.0,0.2087,,,1.628
2018-06-27,학습,215.0,224.91,186.14,20.14,18.63,0.8276,0.0895,0.0828,0.6027,0.3255,0.0718,129.574,69.992,15.434,1465.77,915.7,175.63,2557.1,11.1,126.969,40.155,14.184,5088.4,2092.5,190.2,7371.1,6660.0,-711.0,-10.68,2.565,1.18,8.06,37.75,3499.0,16698.0,0.2095,,,1.158
2018-06-28,학습,216.0,191.81,108.56,65.0,18.25,0.566,0.3389,0.0951,0.5923,0.3293,0.0784,127.93,71.134,16.936,1476.51,913.61,178.52,2568.64,11.08,129.477,39.795,14.748,5188.9,2073.7,197.7,7460.4,6632.3,-828.1,-12.49,2.57,1.23,8.07,38.05,3600.0,16778.0,0.2146,,,1.048
2018-06-29,학습,216.0,289.43,187.16,90.03,12.24,0.6467,0.3111,0.0423,0.6077,0.3241,0.0682,131.26,70.015,14.725,1489.71,910.58,178.97,2579.26,11.07,132.355,39.399,14.47,5304.2,2053.1,194.0,7551.4,6475.6,-1075.7,-16.61,,,,,,,,,,
2018-06-30,학습,190.0,213.01,135.86,56.83,20.32,0.6378,0.2668,0.0954,0.6162,0.3079,0.0759,117.083,58.499,14.419,1487.68,896.27,179.08,2563.04,11.18,128.46,38.142,14.188,5148.1,1987.6,190.2,7326.0,5656.6,-1669.3,-29.51,,,,,,,,,,
2018-07-01,학습,208.0,96.44,0.0,96.44,0.0,0.0,1.0,0.0,0.4415,0.5041,0.0544,91.842,104.848,11.31,1460.58,929.46,176.07,2566.11,11.19,115.961,40.782,13.063,4647.2,2125.2,175.2,6947.6,6194.8,-752.8,-12.15,,,,,,,,,,
2018-07-02,학습,140.0,239.04,161.69,57.68,19.67,0.6764,0.2413,0.0823,0.5081,0.4296,0.0623,71.137,60.142,8.72,1414.93,915.29,170.71,2500.93,11.51,99.971,39.448,11.52,4006.4,2055.7,154.5,6216.5,5047.2,-1169.3,-23.17,2.685,1.21,7.6,37.85,3258.0,15558.0,0.2094,3192.0,166.5,0.831
2018-07-03,학습,214.0,243.74,135.85,89.43,18.46,0.5574,0.3669,0.0757,0.5221,0.4118,0.0661,111.725,88.13,14.145,1413.53,930.23,171.21,2514.97,11.44,106.344,40.554,12.095,4261.8,2113.3,162.2,6537.3,6616.9,79.6,1.2,2.445,1.115,7.56,37.75,3175.0,15868.0,0.2001,,,0.896
2018-07-04,학습,219.0,295.37,189.87,87.39,18.11,0.6428,0.2959,0.0613,0.5563,0.379,0.0647,121.831,82.99,14.179,1422.34,938.85,171.7,2532.88,11.37,114.318,41.082,12.498,4581.4,2140.8,167.6,6889.7,6405.0,-484.7,-7.57,2.755,1.255,7.42,37.8,3196.0,16308.0,0.196,,,1.01
2018-07-05,학습,216.0,246.48,106.86,120.64,18.98,0.4335,0.4895,0.077,0.5215,0.4103,0.0682,112.645,88.619,14.735,1421.26,952.4,172.71,2546.37,11.32,115.561,41.981,12.939,4631.2,2187.7,173.5,6992.3,6313.9,-678.5,-10.75,2.66,1.275,7.62,37.8,3196.0,15938.0,0.2005,,,0.878
2018-07-06,학습,216.0,278.94,187.3,78.03,13.61,0.6715,0.2797,0.0488,0.564,0.3733,0.0627,121.828,80.627,13.546,1429.45,956.88,172.44,2558.77,11.28,120.0,42.105,12.883,4809.1,2194.1,172.7,7175.9,6348.7,-827.2,-13.03,,,,,,,,,,
2018-07-07,학습,228.0,177.0,135.15,20.89,20.96,0.7636,0.118,0.1184,0.6206,0.3009,0.0785,141.492,68.609,17.899,1456.65,948.98,176.55,2582.18,11.19,130.604,41.249,14.15,5234.0,2149.5,189.7,7573.3,6406.3,-1166.9,-18.22,,,,,,,,,,
2018-07-08,학습,215.0,62.92,0.0,62.92,0.0,0.0,1.0,0.0,0.4447,0.4991,0.0562,95.603,107.303,12.094,1435.79,980.41,174.53,2590.72,11.18,118.788,43.617,13.273,4760.5,2272.9,178.0,7211.4,6397.8,-813.6,-12.72,,,,,,,,,,
2018-07-09,학습,210.0,335.0,133.52,181.03,20.45,0.3986,0.5404,0.061,0.4316,0.5108,0.0576,90.636,107.267,12.098,1411.62,1009.28,172.67,2593.58,11.2,109.514,45.626,12.676,4388.8,2377.6,170.0,6936.4,6012.8,-923.6,-15.36,2.67,1.235,7.66,37.7,3136.0,15818.0,0.1983,3231.0,195.0,0.396
2018-07-10,학습,218.0,221.05,162.43,39.87,18.75,0.7348,0.1804,0.0848,0.5175,0.4171,0.0653,112.826,90.934,14.24,1411.58,1019.52,173.11,2604.21,11.17,112.67,46.025,12.912,4515.3,2398.4,173.1,7086.9,5835.7,-1251.2,-21.44,2.7,1.415,7.76,37.8,3135.0,15828.0,0.1981,,,0.779
2018-07-11,학습,224.0,304.25,188.44,96.18,19.63,0.6194,0.3161,0.0645,0.5464,0.3885,0.0651,122.396,87.023,14.581,1421.11,1025.03,173.85,2619.99,11.13,118.445,46.051,13.175,4746.7,2399.8,176.7,7323.2,5891.8,-1431.4,-24.29,2.82,1.485,7.78,37.8,3092.0,15848.0,0.1951,,,0.893
2018-07-12,학습,225.0,163.56,80.51,63.84,19.21,0.4922,0.3903,0.1174,0.5311,0.389,0.0799,119.487,87.528,17.986,1426.97,1030.6,177.93,2635.5,11.1,120.842,46.114,14.376,4842.8,2403.0,192.7,7438.6,6027.6,-1411.0,-23.41,2.705,1.3,7.85,37.8,3135.0,15368.0,0.204,,,0.917
2018-07-13,학습,226.0,230.76,131.58,85.09,14.09,0.5702,0.3687,0.0611,0.5422,0.3833,0.0746,122.526,86.618,16.856,1435.4,1034.81,180.56,2650.78,11.07,123.537,46.094,14.855,4950.8,2402.0,199.2,7552.0,6255.7,-1296.3,-20.72,,,,,,,,,,
2018-07-14,학습,224.0,309.8,190.67,97.05,22.08,0.6155,0.3133,0.0713,0.5629,0.3634,0.0736,126.097,81.407,16.497,1446.73,1033.48,182.62,2662.84,11.05,126.627,45.661,15.074,5074.7,2379.4,202.1,7656.2,6017.8,-1638.4,-27.23,,,,,,,,,,
2018-07-15,학습,216.0,0.0,,,,,,,0.5778,0.3492,0.073,124.81,75.428,15.762,1455.87,1026.28,183.78,2665.93,11.07,128.018,44.814,15.003,5130.4,2335.3,201.2,7666.9,6050.9,-1616.0,-26.71,,,,,,,,,,
2018-07-16,학습,216.0,252.53,134.35,96.08,22.1,0.532,0.3805,0.0875,0.5648,0.3581,0.0771,122.005,77.343,16.653,1461.47,1021.56,185.74,2668.77,11.1,127.754,44.249,15.221,5119.8,2305.8,204.1,7629.7,5805.0,-1824.7,-31.43,2.64,1.385,7.59,37.95,3177.0,16168.0,0.1965,3327.0,170.8,0.813
2018-07-17,학습,216.0,295.89,162.07,113.28,20.54,0.5477,0.3828,0.0694,0.56,0.3651,0.0749,120.958,78.86,16.182,1465.57,1018.74,187.07,2671.39,11.12,127.172,43.889,15.229,5096.5,2287.1,204.2,7587.8,5560.2,-2027.7,-36.47,2.745,1.44,7.68,37.95,3095.0,15808.0,0.1958,,,0.775
2018-07-18,학습,209.0,358.14,187.64,150.08,20.42,0.5239,0.4191,0.057,0.5498,0.3804,0.0698,114.902,79.501,14.597,1463.29,1016.79,186.71,2666.8,11.17,124.391,43.636,14.759,4985.0,2273.9,197.9,7456.8,5347.7,-2109.1,-39.44,,,,38.0,,,,,,0.763
2018-07-19,학습,209.0,358.14,187.64,150.08,20.42,0.5239,0.4191,0.057,0.5424,0.3913,0.0662,113.371,81.792,13.837,1459.67,1017.28,185.62,2662.57,11.21,122.063,43.604,14.211,4891.8,2272.2,190.5,7354.5,5340.0,-2014.5,-37.72,2.695,1.46,7.64,38.05,3074.0,15768.0,0.195,,,0.763
2018-07-20,학습,208.0,191.74,108.86,59.2,23.68,0.5677,0.3088,0.1235,0.5496,0.3679,0.0824,114.32,76.53,17.149,1457.28,1012.48,187.93,2657.68,11.26,121.007,43.155,14.831,4849.4,2248.9,198.9,7297.2,5314.3,-1982.9,-37.31,2.705,1.3,7.68,38.1,3127.0,15928.0,0.1963,,,0.861
2018-07-21,학습,216.0,203.37,135.78,43.4,24.19,0.6677,0.2134,0.1189,0.5831,0.3241,0.0928,125.944,70.012,20.044,1466.71,1001.53,192.95,2661.19,11.26,125.006,42.253,16.122,5009.7,2201.9,216.2,7427.7,5783.8,-1643.9,-28.42,,,,,,,,,,
2018-07-22,학습,226.0,40.08,0.0,40.08,0.0,0.0,1.0,0.0,0.4178,0.5157,0.0665,94.421,116.552,15.027,1443.85,1038.01,192.55,2674.41,11.23,114.862,45.21,15.496,4603.2,2355.9,207.8,7166.9,6422.9,-744.0,-11.58,,,,,,,,,,
2018-07-23,학습,226.0,295.9,132.62,138.2,25.08,0.4482,0.467,0.0848,0.4264,0.5019,0.0717,96.368,113.434,16.197,1424.78,1068.45,193.35,2686.58,11.2,109.386,47.472,15.421,4383.7,2473.8,206.8,7064.3,5709.6,-1354.7,-23.73,2.665,1.325,7.85,38.45,3049.0,15248.0,0.2,2942.9,271.7,0.799
2018-07-24,학습,228.0,352.64,163.9,162.69,26.05,0.4648,0.4613,0.0739,0.4373,0.4904,0.0723,99.701,111.816,16.483,1410.56,1094.84,194.37,2699.77,11.17,107.341,49.264,15.456,4301.8,2567.2,207.2,7076.2,5606.1,-1470.1,-26.22,2.43,1.135,7.55,38.55,3085.0,15808.0,0.1952,,,0.815
2018-07-25,학습,226.0,222.76,185.51,18.54,18.71,0.8328,0.0832,0.084,0.5494,0.375,0.0756,124.164,84.749,17.088,1421.94,1092.05,195.92,2709.91,11.15,115.865,48.62,15.661,4643.4,2533.6,210.0,7387.0,5762.9,-1624.1,-28.18,3.075,1.56,7.55,38.65,3107.0,15788.0,0.1968,,,0.811
2018-07-26,학습,224.0,189.74,108.68,60.72,20.34,0.5728,0.32,0.1072,0.556,0.3594,0.0846,124.55,80.508,18.942,1432.8,1085.24,199.2,2717.24,11.15,121.277,47.734,16.357,4860.3,2487.5,219.3,7567.0,6188.2,-1378.9,-22.28,2.37,1.08,7.64,38.65,3085.0,15268.0,0.2021,,,1.131
2018-07-27,학습,216.0,262.41,132.83,110.55,19.03,0.5062,0.4213,0.0725,0.5419,0.377,0.0811,117.05,81.421,17.528,1435.29,1079.89,200.8,2715.98,11.19,121.615,47.055,16.407,4873.8,2452.1,220.0,7545.8,5724.1,-1821.7,-31.83,,,,,,,,,,
2018-07-28,학습,216.0,187.06,164.46,0.0,22.6,0.8792,0.0,0.1208,0.6375,0.2701,0.0924,137.702,58.341,19.957,1458.23,1051.89,204.7,2714.82,11.22,130.083,44.631,17.17,5213.2,2325.8,230.2,7769.2,5460.8,-2308.4,-42.27,,,,,,,,,,
2018-07-29,학습,216.0,136.02,0.0,136.02,0.0,0.0,1.0,0.0,0.4568,0.477,0.0662,98.668,103.032,14.3,1440.31,1070.82,202.63,2713.75,11.24,119.693,46.148,15.993,4796.8,2404.8,214.4,7416.0,5360.4,-2055.6,-38.35,,,,,,,,,,
2018-07-30,학습,170.0,192.14,131.51,36.64,23.99,0.6844,0.1907,0.1249,0.5213,0.3958,0.0828,88.626,67.293,14.081,1413.77,1052.49,200.51,2666.77,11.46,109.268,44.577,15.125,4379.0,2323.0,202.8,6904.7,4142.8,-2762.0,-66.67,2.81,1.325,7.9,39.25,3025.0,15098.0,0.2004,3029.3,316.6,0.523
2018-07-31,학습,173.0,275.8,162.55,88.04,25.21,0.5894,0.3192,0.0914,0.5406,0.3741,0.0853,93.527,64.723,14.75,1394.26,1033.06,199.23,2626.55,11.64,104.799,43.038,14.734,4199.9,2242.7,197.6,6640.2,4014.7,-2625.5,-65.4,2.475,1.18,7.58,39.3,3087.0,15248.0,0.2025,,,0.577
2018-08-01,학습,218.0,382.81,187.17,177.14,18.5,0.4889,0.4627,0.0483,0.526,0.3992,0.0748,114.661,87.035,16.305,1397.44,1037.5,199.61,2634.54,11.6,110.496,43.515,14.934,4428.2,2267.6,200.2,6896.1,4742.8,-2153.3,-45.4,2.54,1.115,7.63,39.4,3106.0,15888.0,0.1955,,,0.728
2018-08-02,학습,180.0,175.44,136.42,18.97,20.05,0.7776,0.1081,0.1143,0.5973,0.3167,0.086,107.513,57.01,15.478,1393.22,1011.55,199.12,2603.9,11.73,111.151,41.518,14.822,4454.4,2163.6,198.7,6816.8,4438.0,-2378.8,-53.6,2.51,1.175,7.6,39.55,3067.0,15388.0,0.1993,,,0.668
2018-08-03,학습,230.0,220.43,104.86,96.97,18.6,0.4757,0.4399,0.0844,0.5628,0.3516,0.0855,129.45,80.877,19.672,1411.28,1011.55,202.87,2625.7,11.61,120.33,41.732,16.004,4822.3,2174.7,214.6,7211.6,5839.2,-1372.4,-23.5,,,,,,,,,,
2018-08-04,학습,233.0,200.54,137.15,41.78,21.61,0.6839,0.2083,0.1078,0.5971,0.311,0.0918,139.136,72.467,21.397,1437.57,1003.14,208.05,2648.76,11.5,129.864,41.241,17.327,5204.4,2149.1,232.3,7585.8,5776.8,-1809.0,-31.31,,,,,,,,,,
2018-08-05,학습,230.0,125.05,53.93,71.12,0.0,0.4313,0.5687,0.0,0.5501,0.3841,0.0658,126.529,88.337,15.134,1449.16,1011.27,206.55,2666.98,11.42,130.702,42.093,16.35,5238.0,2193.5,219.2,7650.7,5616.1,-2034.7,-36.23,,,,,,,,,,
2018-08-06,학습,226.0,301.21,132.78,148.42,20.01,0.4408,0.4927,0.0664,0.5191,0.4149,0.066,117.326,93.762,14.911,1450.62,1024.18,204.95,2679.74,11.38,127.538,43.251,15.617,5111.2,2253.9,209.4,7574.4,5006.9,-2567.5,-51.28,2.485,1.21,6.59,39.9,3046.0,14978.0,0.2034,2625.7,148.1,0.802
2018-08-07,학습,226.0,309.41,162.41,120.68,26.32,0.5249,0.39,0.0851,0.5208,0.4078,0.0714,117.695,92.171,16.134,1452.33,1034.46,204.69,2691.48,11.34,125.734,44.107,15.485,5038.9,2298.5,207.6,7545.0,5135.4,-2409.6,-46.92,2.575,1.305,7.54,40.0,3030.0,14988.0,0.2022,,,0.785
2018-08-08,학습,230.0,205.43,187.8,0.0,17.63,0.9142,0.0,0.0858,0.6323,0.2922,0.0755,145.427,67.212,17.36,1481.63,1018.96,205.69,2706.28,11.29,135.714,42.837,15.762,5438.8,2232.3,211.3,7882.5,5143.3,-2739.2,-53.26,2.685,1.26,7.52,40.0,3068.0,15868.0,0.1933,,,0.785
2018-08-09,학습,226.0,299.49,136.91,144.6,17.98,0.4571,0.4828,0.06,0.5826,0.3463,0.0711,131.677,78.253,16.069,1494.85,1015.74,205.31,2715.9,11.27,136.369,42.643,15.564,5465.1,2222.1,208.7,7895.9,5339.3,-2556.6,-47.88,2.16,0.925,7.36,40.1,3070.0,15470.0,0.1984,,,0.915
2018-08-10,학습,220.0,286.05,159.7,111.54,14.81,0.5583,0.3899,0.0518,0.5757,0.3586,0.0656,126.663,78.9,14.437,1501.99,1013.43,203.33,2718.75,11.27,134.767,42.529,14.939,5400.9,2216.2,200.3,7817.4,5340.0,-2477.4,-46.39,,,,,,,,,,
2018-08-11,학습,187.0,245.03,189.88,33.81,21.34,0.7749,0.138,0.0871,0.6322,0.2961,0.0717,118.222,55.368,13.41,1500.12,987.77,200.48,2688.37,11.42,130.403,40.549,14.205,5226.0,2113.1,190.5,7529.5,5150.7,-2378.9,-46.19,,,,,,,,,,
2018-08-12,학습,208.0,21.93,0.0,21.93,0.0,0.0,1.0,0.0,0.453,0.4956,0.0514,94.223,103.09,10.687,1474.4,1011.88,195.14,2681.42,11.46,118.112,42.686,12.888,4733.4,2224.4,172.8,7130.6,6315.6,-815.0,-12.91,,,,,,,,,,
2018-08-13,학습,224.0,249.0,131.75,96.04,21.21,0.5291,0.3857,0.0852,0.4746,0.4645,0.061,106.304,104.04,13.656,1462.82,1035.01,193.19,2691.02,11.42,115.364,44.577,12.881,4623.3,2322.9,172.7,7119.0,6199.1,-919.8,-14.84,2.165,1.34,7.54,40.1,3413.0,16938.0,0.2015,2843.0,139.4,1.022
2018-08-14,학습,226.0,225.62,162.28,41.46,21.88,0.7193,0.1838,0.097,0.5439,0.3849,0.0712,122.929,86.986,16.085,1468.78,1039.24,193.83,2701.86,11.38,120.319,44.818,13.605,4821.9,2335.5,182.4,7339.8,5254.3,-2085.5,-39.69,2.445,1.07,7.85,40.15,3051.0,15528.0,0.1965,,,0.98
2018-08-15,학습,235.0,224.67,159.56,47.85,17.26,0.7102,0.213,0.0768,0.5911,0.3362,0.0728,138.9,78.998,17.102,1490.25,1035.15,195.44,2720.83,11.31,129.764,44.384,14.404,5200.4,2312.9,193.1,7706.4,5276.1,-2430.3,-46.06,,,,40.15,,,,,,
2018-08-16,학습,220.0,218.74,159.74,40.57,18.43,0.7303,0.1855,0.0843,0.6305,0.2934,0.076,138.716,64.558,16.726,1509.81,1016.94,196.54,2723.29,11.32,135.515,42.861,14.835,5430.9,2233.5,198.9,7863.3,5438.1,-2425.2,-44.6,2.115,0.895,7.56,40.2,2887.0,14728.0,0.196,,,0.704
2018-08-17,학습,216.0,156.34,105.42,36.77,14.15,0.6743,0.2352,0.0905,0.6429,0.2769,0.0801,138.874,59.817,17.309,1527.97,995.45,198.13,2721.54,11.34,139.125,41.187,15.304,5575.5,2146.3,205.2,7927.0,5175.5,-2751.5,-53.16,,,,,,,,,,
2018-08-18,학습,216.0,248.5,185.67,41.68,21.15,0.7472,0.1677,0.0851,0.6725,0.246,0.0815,145.256,53.131,17.613,1551.05,968.99,199.9,2719.94,11.36,143.904,39.231,15.715,5767.0,2044.4,210.7,8022.1,5407.2,-2615.0,-48.36,,,,,,,,,,
2018-08-19,학습,216.0,55.85,55.85,0.0,0.0,1.0,0.0,0.0,0.7653,0.1762,0.0584,165.31,38.07,12.621,1592.35,929.58,196.54,2718.47,11.38,154.873,36.365,14.497,6206.6,1895.0,194.4,8296.0,6239.8,-2056.3,-32.95,,,,,,,,,,
2018-08-20,학습,187.0,224.08,157.7,46.71,19.67,0.7038,0.2085,0.0878,0.7479,0.1854,0.0667,139.852,34.666,12.482,1604.88,889.92,193.31,2688.11,11.52,151.455,33.658,13.626,6069.7,1754.0,182.7,8006.3,6661.7,-1344.6,-20.18,2.22,1.22,7.53,40.1,2907.0,14878.0,0.1954,,,1.575
2018-08-21,학습,203.0,222.03,136.49,63.14,22.4,0.6147,0.2844,0.1009,0.7101,0.2134,0.0764,144.157,43.328,15.515,1620.72,862.1,193.37,2676.18,11.57,151.069,32.053,13.942,6054.2,1670.3,186.9,7911.4,5885.3,-2026.1,-34.43,2.325,0.935,7.54,41.0,3067.0,16528.0,0.1856,,,0.731
2018-08-22,학습,216.0,263.01,190.88,54.29,17.84,0.7258,0.2064,0.0678,0.7146,0.2114,0.074,154.345,45.673,15.982,1645.48,838.84,193.89,2678.21,11.55,154.906,30.876,14.297,6208.0,1609.0,191.7,8008.6,5727.0,-2281.7,-39.84,2.235,0.89,7.56,40.15,3006.0,15248.0,0.1971,,,1.787
2018-08-23,학습,184.0,100.34,81.67,0.0,18.67,0.8139,0.0,0.1861,0.7427,0.1515,0.1058,136.662,27.878,19.46,1650.58,799.65,197.84,2648.07,11.68,150.199,28.454,15.583,6019.3,1482.8,208.9,7711.0,4789.4,-2921.6,-61.0,2.49,0.99,7.54,40.15,3068.0,15408.0,0.1991,,,0.718
2018-08-24,학습,190.0,292.99,187.09,89.9,16.0,0.6386,0.3068,0.0546,0.7132,0.1955,0.0913,135.508,37.153,17.339,1654.11,772.86,199.37,2626.34,11.76,146.834,27.138,15.823,5884.5,1414.2,212.2,7510.8,4139.9,-3371.0,-81.43,,,,,,,,,,
2018-08-25,학습,203.0,177.64,159.32,0.0,18.32,0.8969,0.0,0.1031,0.7653,0.1401,0.0946,155.349,28.442,19.209,1677.2,739.51,202.63,2619.35,11.77,152.696,25.324,16.547,6119.4,1319.7,221.9,7660.9,3825.7,-3835.3,-100.25,,,,,,,,,,
2018-08-26,학습,223.0,117.63,53.91,63.72,0.0,0.4583,0.5417,0.0,0.6782,0.2539,0.0678,151.25,56.63,15.12,1694.35,737.01,201.55,2632.92,11.69,154.671,26.038,15.814,6198.5,1356.9,212.0,7767.5,3933.8,-3833.7,-97.45,,,,,,,,,,
2018-08-27,학습,222.0,204.0,132.05,54.38,17.57,0.6473,0.2666,0.0861,0.6695,0.2575,0.073,148.624,57.171,16.205,1707.5,735.26,201.64,2644.4,11.63,154.839,26.688,15.64,6205.3,1390.8,209.7,7805.7,3839.2,-3966.5,-103.32,2.895,1.47,7.74,40.1,3290.0,16778.0,0.1961,3227.0,254.3,0.91
2018-08-28,학습,220.0,271.83,162.63,90.18,19.02,0.5983,0.3318,0.07,0.6493,0.2786,0.0721,142.845,61.285,15.871,1713.82,737.75,201.39,2652.97,11.58,152.631,27.569,15.421,6116.8,1436.7,206.8,7760.2,3653.3,-4106.9,-112.42,,,,,,,,,,
2018-08-29,학습,220.0,294.85,190.25,86.55,18.05,0.6452,0.2935,0.0612,0.6481,0.2828,0.069,142.592,62.218,15.189,1719.39,740.98,200.48,2660.85,11.54,151.168,28.392,15.068,6058.2,1479.6,202.0,7739.8,3146.3,-4593.4,-145.99,2.585,0.935,7.68,40.05,2850.0,14578.0,0.1955,,,0.786
2018-08-30,학습,216.0,236.08,136.6,80.05,19.43,0.5786,0.3391,0.0823,0.6284,0.2988,0.0728,135.742,64.532,15.725,1717.65,746.27,200.17,2664.1,11.52,147.526,29.276,14.988,5912.2,1525.6,201.0,7638.8,3184.6,-4454.2,-139.87,2.16,1.035,7.65,40.05,4498.0,15278.0,0.2944,3016.0,182.7,0.845
2018-08-31,학습,216.0,273.03,188.99,71.57,12.47,0.6922,0.2621,0.0457,0.6465,0.2884,0.0651,139.646,62.29,14.064,1719.96,748.89,198.23,2667.09,11.51,146.841,29.848,14.435,5884.8,1555.4,193.5,7633.7,3199.9,-4433.8,-138.56,,,,,,,,,,
2018-09-01,학습,216.0,218.92,109.52,90.07,19.33,0.5003,0.4114,0.0883,0.6051,0.3233,0.0717,130.692,69.824,15.484,1713.14,758.84,197.87,2669.84,11.5,142.838,30.936,14.483,5724.3,1612.1,194.2,7530.6,3265.2,-4265.5,-130.64,,,,,,,,,,
2018-09-02,학습,181.0,26.2,26.2,0.0,0.0,1.0,0.0,0.0,0.717,0.2316,0.0514,129.779,41.924,9.297,1705.94,740.09,191.34,2637.37,11.64,140.003,29.628,12.661,5610.7,1544.0,169.8,7324.4,3723.8,-3600.6,-96.69,,,,,,,,,,
2018-09-03,학습,167.0,237.97,131.82,86.36,19.79,0.5539,0.3629,0.0832,0.6708,0.2688,0.0604,112.021,44.896,10.083,1681.56,725.81,186.13,2593.5,11.83,131.152,28.755,11.654,5256.0,1498.5,156.3,6910.7,3580.5,-3330.2,-93.01,2.615,1.325,7.66,40.25,8955.0,15238.0,0.5877,3121.7,208.6,0.689
2018-09-04,학습,125.0,235.55,136.46,80.92,18.17,0.5793,0.3435,0.0771,0.6449,0.29,0.0651,80.607,36.252,8.141,1627.72,704.03,179.39,2511.13,12.19,113.127,27.322,10.386,4533.7,1423.8,139.3,6096.7,3466.9,-2629.8,-75.85,2.68,1.26,7.61,40.25,7980.0,14518.0,0.5497,,,0.475
2018-09-05,학습,120.0,199.56,108.42,77.15,13.99,0.5433,0.3866,0.0701,0.6161,0.3174,0.0665,73.928,38.087,7.985,1571.5,685.83,173.03,2430.35,12.54,99.34,26.252,9.474,3981.1,1368.0,127.0,5476.1,3439.4,-2036.7,-59.22,2.225,1.205,7.6,40.35,7043.0,14838.0,0.4747,,,0.428
2018-09-06,학습,120.0,216.7,109.91,85.88,20.91,0.5072,0.3963,0.0965,0.5852,0.3398,0.075,70.225,40.772,9.004,1516.08,671.76,168.2,2356.03,12.85,89.355,25.558,9.159,3581.0,1331.8,122.8,5035.6,3778.1,-1257.5,-33.28,2.235,0.985,7.65,40.35,6474.0,13859.0,0.4671,,,0.438
2018-09-07,학습,120.0,188.25,82.75,88.82,16.68,0.4396,0.4718,0.0886,0.5439,0.3772,0.0789,65.271,45.264,9.465,1460.13,663.31,164.21,2287.66,13.12,81.216,25.327,9.082,3254.8,1319.8,121.8,4696.4,3856.4,-840.0,-21.78,,,,,,,,,,
2018-09-08,학습,122.0,169.85,132.48,34.79,2.58,0.78,0.2048,0.0152,0.6108,0.3283,0.0608,74.522,40.057,7.421,1417.91,650.34,158.5,2226.75,13.35,79.897,24.715,8.416,3201.9,1287.9,112.8,4602.7,4343.5,-259.2,-5.97,,,,,,,,,,
2018-09-09,학습,120.0,36.48,0.0,36.48,0.0,0.0,1.0,0.0,0.4377,0.5187,0.0436,52.522,62.248,5.23,1357.06,660.58,151.06,2168.7,13.55,70.283,25.971,7.305,2816.6,1353.4,98.0,4268.0,4769.0,501.1,10.51,,,,,,,,,,
2018-09-10,학습,120.0,210.36,107.37,79.0,23.99,0.5104,0.3755,0.114,0.4583,0.4781,0.0636,54.996,57.377,7.627,1303.55,665.14,146.61,2115.3,13.73,65.344,26.647,7.267,2618.7,1388.6,97.4,4104.8,5593.6,1488.8,26.62,2.345,0.97,7.7,40.3,5090.0,15348.0,0.3316,4557.0,324.8,0.42
2018-09-11,학습,141.0,238.88,132.77,86.75,19.36,0.5558,0.3632,0.081,0.4859,0.4455,0.0685,68.517,62.822,9.66,1267.84,674.78,144.55,2087.17,13.73,67.706,27.658,7.851,2713.4,1441.3,105.3,4259.9,5975.0,1715.1,28.7,3.29,1.575,8.02,40.35,3256.0,15228.0,0.2138,,,0.531
2018-09-12,학습,157.0,236.66,134.52,88.98,13.16,0.5684,0.376,0.0556,0.5093,0.4258,0.0649,79.963,66.855,10.182,1246.43,687.69,143.17,2077.29,13.62,73.741,28.838,8.406,2955.2,1502.8,112.7,4570.7,6319.1,1748.4,27.67,2.515,1.25,7.98,40.25,3216.0,15108.0,0.2129,,,0.606
2018-09-13,학습,186.0,213.33,134.59,78.74,0.0,0.6309,0.3691,0.0,0.5438,0.4097,0.0465,101.144,76.213,8.644,1247.92,708.92,140.37,2097.2,13.32,85.935,30.59,8.323,3443.9,1594.1,111.6,5149.6,6617.9,1468.3,22.19,2.57,1.23,8.0,40.25,2951.0,16908.0,0.1745,,,0.951
2018-09-14,학습,203.0,201.11,108.51,77.39,15.21,0.5396,0.3848,0.0756,0.5426,0.4027,0.0547,110.145,81.744,11.111,1258.28,733.98,140.26,2132.52,12.96,97.056,32.519,9.006,3889.6,1694.6,120.8,5705.0,6792.2,1087.2,16.01,,,,,,,,,,
2018-09-15,학습,203.0,216.01,109.29,88.57,18.15,0.5059,0.41,0.084,0.5322,0.4048,0.063,108.036,82.167,12.797,1265.71,757.46,141.84,2165.01,12.65,103.072,34.192,9.977,4130.7,1781.8,133.8,6046.2,7015.7,969.4,13.82,,,,,,,,,,
2018-09-16,학습,212.0,41.2,0.0,41.2,0.0,0.0,1.0,0.0,0.3813,0.5735,0.0452,80.843,121.581,9.576,1245.36,818.48,140.07,2203.91,12.34,95.904,38.766,9.673,3843.4,2020.2,129.7,5993.3,8938.8,2945.5,32.95,,,,,,,,,,
2018-09-17,학습,211.0,266.51,159.61,86.93,19.97,0.5989,0.3262,0.0749,0.443,0.5034,0.0536,93.474,106.215,11.311,1239.26,859.25,140.19,2238.69,12.08,96.536,41.422,9.986,3868.8,2158.5,133.9,6161.2,8476.6,2315.4,27.32,2.755,1.3,7.86,39.9,2849.0,15128.0,0.1883,5028.1,487.7,1.221
2018-09-18,학습,216.0,228.04,133.89,76.69,17.46,0.5871,0.3363,0.0766,0.4839,0.456,0.0601,104.514,98.501,12.985,1244.69,889.05,141.96,2275.7,11.84,101.342,43.06,10.702,4061.3,2243.9,143.5,6448.7,8460.0,2011.2,23.77,2.63,1.235,7.82,39.7,2891.0,14678.0,0.197,,,0.972
2018-09-19,학습,216.0,279.2,187.07,77.16,14.97,0.67,0.2764,0.0536,0.5366,0.4051,0.0583,115.913,87.501,12.587,1261.08,905.46,143.2,2309.74,11.64,108.865,43.571,11.07,4362.8,2270.5,148.4,6781.8,8510.8,1729.0,20.32,2.455,1.24,7.77,39.6,2748.0,16428.0,0.1673,,,0.904
2018-09-20,학습,218.0,279.91,136.46,121.08,22.37,0.4875,0.4326,0.0799,0.5227,0.4129,0.0644,113.951,90.008,14.041,1274.2,923.08,145.79,2343.07,11.46,112.72,44.206,11.758,4517.3,2303.6,157.6,6978.6,8542.4,1563.8,18.31,2.315,1.025,7.84,39.4,2851.0,15928.0,0.179,,,1.014
2018-09-21,학습,216.0,289.25,186.91,88.92,13.42,0.6462,0.3074,0.0464,0.5577,0.383,0.0593,120.466,82.725,12.809,1292.79,932.0,146.94,2371.72,11.33,117.703,44.163,11.857,4717.0,2301.4,159.0,7177.4,8811.3,1634.0,18.54,,,,,,,,,,
2018-09-22,학습,216.0,267.82,131.21,114.09,22.52,0.4899,0.426,0.0841,0.5385,0.3952,0.0663,116.315,85.358,14.327,1305.73,942.84,149.52,2398.09,11.22,119.116,44.336,12.379,4773.7,2310.4,166.0,7250.1,8186.2,936.2,11.44,,,,,,,,,,
2018-09-23,학습,216.0,20.17,0.0,0.0,20.17,0.0,0.0,1.0,0.3858,0.2832,0.331,83.343,61.162,71.495,1284.68,928.61,209.06,2422.35,11.13,106.799,42.548,29.886,4280.1,2217.2,400.7,6898.0,9269.9,2371.9,25.59,,,,,,,,,,
2018-09-24,학습,216.0,0.0,,,,,,,0.2765,0.2029,0.5206,59.718,43.824,112.458,1241.68,898.19,304.8,2444.67,11.06,89.753,39.642,54.107,3596.9,2065.8,725.5,6388.2,,,,,,,,,,,,,
2018-09-25,학습,154.0,268.96,131.88,137.08,0.0,0.4903,0.5097,0.0,0.3371,0.2899,0.3731,51.913,44.637,57.45,1194.31,871.01,337.88,2403.21,11.28,76.118,37.24,54.114,3050.5,1940.6,725.6,5716.6,,,,,,,,,,,,,
2018-09-26,학습,216.0,298.19,185.28,81.1,31.81,0.6213,0.272,0.1067,0.4177,0.2848,0.2975,90.217,61.513,64.269,1189.04,862.88,375.14,2427.06,11.19,83.031,36.549,56.164,3327.5,1904.6,753.1,5985.2,9008.6,3023.4,33.56,2.77,1.43,8.02,38.2,3011.0,16108.0,0.1869,3484.1,425.5,1.012
2018-09-27,학습,216.0,234.72,132.7,77.86,24.16,0.5654,0.3317,0.1029,0.4595,0.2981,0.2424,99.26,64.387,52.353,1193.23,858.28,397.49,2449.0,11.11,90.911,36.192,53.987,3643.3,1886.0,723.9,6253.2,8420.8,2167.6,25.74,2.54,1.165,7.94,38.2,2952.0,15778.0,0.1871,,,1.134
2018-09-28,학습,216.0,233.21,182.53,36.84,13.84,0.7827,0.158,0.0593,0.5511,0.2584,0.1905,119.046,55.808,41.147,1216.87,845.46,406.86,2469.19,11.06,103.685,35.203,49.14,4155.3,1834.5,658.9,6648.6,7948.6,1300.0,16.36,,,,,,,,,,
2018-09-29,학습,216.0,263.44,154.94,87.26,21.24,0.5881,0.3312,0.0806,0.5616,0.279,0.1593,121.311,60.269,34.419,1240.88,838.13,408.75,2487.76,11.01,112.47,34.72,43.819,4507.3,1809.3,587.5,6904.1,7777.7,873.6,11.23,,,,,,,,,,
2018-09-30,학습,216.0,0.0,,,,,,,0.5691,0.2938,0.137,122.935,63.466,29.599,1264.6,834.58,405.67,2504.85,10.97,118.537,34.565,38.746,4750.4,1801.2,519.5,7071.2,8571.8,1500.6,17.51,,,,,,,,,,
2018-10-01,학습,210.0,240.2,129.89,86.58,23.73,0.5408,0.3604,0.0988,0.5611,0.3127,0.1262,117.83,65.669,26.501,1281.32,833.52,399.73,2514.57,10.97,120.237,34.61,34.359,4818.6,1803.6,460.7,7082.8,8369.9,1287.1,15.38,2.62,1.18,7.92,,2850.0,15378.0,0.1853,4317.6,450.4,0.99
2018-10-02,학습,216.0,293.2,157.34,116.9,18.96,0.5366,0.3987,0.0647,0.5542,0.3371,0.1088,119.699,72.811,23.491,1298.57,839.69,391.26,2529.52,10.95,122.032,35.219,30.466,4890.5,1835.3,408.5,7134.3,7499.0,364.7,4.86,,,,,,,,,,
2018-10-03,학습,216.0,240.4,184.64,37.2,18.56,0.7681,0.1547,0.0772,0.6148,0.2854,0.0998,132.795,61.646,21.559,1327.54,834.2,381.54,2543.27,10.94,128.378,34.844,27.233,5144.9,1815.7,365.1,7325.7,7521.6,195.9,2.6,2.585,1.265,7.82,38.35,2951.0,15608.0,0.1891,,,1.029
2018-10-04,학습,216.0,240.23,133.22,89.32,17.69,0.5546,0.3718,0.0736,0.5977,0.3099,0.0924,129.107,66.937,19.956,1350.5,834.43,370.99,2555.92,10.93,130.817,34.948,24.548,5242.6,1821.2,329.1,7392.9,7941.3,548.4,6.91,2.8,1.44,7.87,38.4,3012.0,15278.0,0.1971,,,2.23
2018-10-05,학습,216.0,257.28,156.23,87.71,13.34,0.6072,0.3409,0.0519,0.6004,0.3187,0.0809,129.69,68.836,17.474,1372.21,836.55,358.8,2567.56,10.92,132.554,35.188,21.974,5312.2,1833.7,294.6,7440.5,7609.1,168.6,2.22,,,,,,,,,,
2018-10-06,학습,204.0,227.07,155.74,54.31,17.02,0.6859,0.2392,0.075,0.6246,0.2961,0.0792,127.426,60.414,16.16,1389.92,830.08,346.27,2566.27,10.98,132.72,34.719,19.825,5318.8,1809.2,265.8,7393.9,7148.6,-245.3,-3.43,,,,,,,,,,
2018-10-07,학습,216.0,0.0,,,,,,,0.642,0.28,0.078,138.671,60.48,16.849,1417.46,824.19,335.43,2577.08,10.97,137.32,34.325,18.567,5503.2,1788.7,249.0,7540.9,8801.2,1260.3,14.32,,,,,,,,,,
2018-10-08,학습,216.0,210.55,129.38,61.56,19.61,0.6145,0.2924,0.0931,0.6342,0.2835,0.0823,136.987,61.238,17.776,1441.11,819.53,326.39,2587.03,10.97,139.483,34.052,17.988,5589.9,1774.5,241.2,7605.5,12086.1,4480.6,37.07,2.88,1.365,7.76,38.0,3073.0,15388.0,0.1997,4320.0,343.3,6.877
2018-10-09,학습,216.0,343.27,237.07,88.61,17.59,0.6906,0.2581,0.0512,0.6502,0.2763,0.0735,140.441,59.684,15.874,1466.33,813.69,316.17,2596.18,10.98,142.199,33.695,17.023,5698.7,1755.9,228.2,7682.9,10680.6,2997.8,28.07,2.7,1.365,7.94,38.05,2952.0,15598.0,0.1893,,,0.842
2018-10-10,학습,216.0,287.18,182.48,86.98,17.72,0.6354,0.3029,0.0617,0.646,0.2838,0.0702,139.537,61.31,15.153,1488.62,809.94,306.04,2604.6,10.98,143.512,33.523,16.148,5751.4,1746.9,216.5,7714.8,10418.1,2703.4,25.95,2.79,1.42,7.94,37.95,2951.0,15938.0,0.1852,,,1.237
2018-10-11,학습,212.0,250.53,155.72,77.23,17.58,0.6216,0.3083,0.0702,0.6391,0.2908,0.0702,135.484,61.643,14.873,1505.09,806.82,296.44,2608.35,11.01,142.701,33.402,15.468,5718.8,1740.6,207.4,7666.9,11887.5,4220.6,35.5,2.755,1.275,7.84,37.9,2951.0,15758.0,0.1873,,,5.398
2018-10-12,학습,227.0,249.4,155.1,78.91,15.39,0.6219,0.3164,0.0617,0.6342,0.298,0.0678,143.965,67.654,15.382,1528.71,809.97,288.12,2626.8,10.97,145.593,33.781,15.158,5834.7,1760.4,203.2,7798.4,14510.4,6712.0,46.26,,,,,,,,,,
2018-10-13,학습,235.0,285.27,179.44,88.39,17.44,0.629,0.3098,0.0611,0.6327,0.3014,0.0659,148.693,70.825,15.483,1555.17,816.03,280.57,2651.77,10.91,149.268,34.357,14.976,5982.0,1790.4,200.8,7973.2,16018.7,8045.6,50.23,,,,,,,,,,
2018-10-14,학습,194.0,0.0,,,,,,,0.6317,0.3038,0.0645,122.546,58.934,12.52,1553.37,809.72,270.66,2633.75,11.03,141.076,33.894,13.963,5653.7,1766.3,187.2,7607.2,17762.7,10155.6,57.17,,,,,,,,,,
2018-10-15,학습,177.0,210.33,103.53,88.28,18.52,0.4922,0.4197,0.0881,0.5922,0.3366,0.0712,104.811,59.586,12.603,1533.98,804.56,261.62,2600.17,11.21,128.929,33.553,13.298,5166.9,1748.5,178.3,7093.7,17739.6,10645.9,60.01,3.05,1.455,7.84,38.07,3033.0,16078.0,0.1886,4066.0,362.0,0.633
2018-10-16,학습,165.0,278.73,181.03,80.55,17.15,0.6495,0.289,0.0615,0.6084,0.3231,0.0685,100.386,53.318,11.296,1511.72,793.55,252.0,2557.27,11.43,119.668,32.763,12.453,4795.8,1707.3,167.0,6670.0,15618.3,8948.2,57.29,3.15,1.48,7.8,38.0,3074.0,15508.0,0.1982,3942.0,313.3,5.162
2018-10-17,학습,207.0,253.25,156.61,77.33,19.31,0.6184,0.3054,0.0762,0.6112,0.3181,0.0707,126.526,65.846,14.628,1517.38,795.95,246.48,2559.8,11.42,124.413,33.093,12.876,4985.9,1724.5,172.6,6883.1,17397.3,10514.2,60.44,3.365,1.71,7.82,,2952.0,15628.0,0.1889,4082.0,338.4,4.906
2018-10-18,학습,162.0,263.62,156.58,89.56,17.48,0.594,0.3397,0.0663,0.6063,0.3242,0.0694,98.227,52.525,11.248,1494.28,784.83,238.02,2517.13,11.62,116.019,32.308,12.151,4649.5,1683.6,162.9,6496.1,17414.0,10917.9,62.7,3.32,1.785,7.84,37.95,2809.0,15728.0,0.1786,,,2.503
2018-10-19,학습,194.0,278.89,178.37,89.02,11.5,0.6396,0.3192,0.0412,0.6158,0.3228,0.0614,119.457,62.623,11.919,1494.26,784.7,230.91,2509.87,11.65,119.335,32.45,11.857,4782.4,1691.0,159.0,6632.4,16956.3,10324.0,60.89,,,,,,,,,,
2018-10-20,학습,184.0,279.53,182.82,78.71,18.0,0.654,0.2816,0.0644,0.6266,0.3111,0.0623,115.296,57.245,11.459,1490.08,779.21,223.9,2493.19,11.71,119.715,32.139,11.52,4797.7,1674.8,154.5,6626.9,16102.8,9475.9,58.85,,,,,,,,,,
2018-10-21,학습,118.0,0.0,,,,,,,0.6344,0.3027,0.0629,74.857,35.724,7.419,1445.8,752.63,213.42,2411.85,12.09,103.774,30.154,10.077,4158.8,1571.4,135.1,5865.3,13375.5,7510.2,56.15,,,,,,,,,,
2018-10-22,학습,186.0,174.8,78.66,77.39,18.75,0.45,0.4427,0.1073,0.5821,0.3424,0.0755,108.273,63.691,14.035,1438.47,756.14,210.39,2405.01,12.08,107.309,30.705,11.079,4300.5,1600.1,148.6,6049.1,14115.2,8066.1,57.14,3.045,1.545,7.77,38.0,3135.0,15928.0,0.1968,3925.0,292.7,2.232
2018-10-23,학습,132.0,232.52,128.97,85.64,17.91,0.5547,0.3683,0.077,0.5743,0.3498,0.0759,75.812,46.169,10.019,1399.27,741.85,203.59,2344.71,12.34,96.505,29.772,10.557,3867.5,1551.4,141.6,5560.5,11483.3,5922.8,51.58,3.245,1.74,7.81,38.0,2911.0,16078.0,0.1811,,,1.645
2018-10-24,학습,152.0,290.03,182.52,89.17,18.34,0.6293,0.3075,0.0632,0.5899,0.3378,0.0723,89.668,51.341,10.991,1377.06,733.88,198.3,2309.24,12.46,95.384,29.393,10.493,3822.6,1531.7,140.7,5495.0,11759.7,6264.7,53.27,3.13,1.47,7.8,38.0,3094.0,15908.0,0.1945,,,1.668
2018-10-25,학습,148.0,225.56,130.36,77.98,17.22,0.5779,0.3457,0.0763,0.5865,0.34,0.0735,86.805,50.323,10.871,1353.76,725.53,193.32,2272.6,12.59,93.548,28.989,10.413,3749.0,1510.7,139.6,5399.3,11371.1,5971.8,52.52,3.09,1.58,7.85,38.05,3012.0,15908.0,0.1893,,,1.53
2018-10-26,학습,118.0,237.82,182.72,40.63,14.47,0.7683,0.1708,0.0608,0.6381,0.2921,0.0699,75.29,34.464,8.246,1320.81,701.98,186.11,2208.9,12.86,87.809,27.378,9.571,3519.0,1426.7,128.3,5074.0,9236.1,4162.1,45.06,3.345,1.525,7.86,38.0,,,,,,1.224
2018-10-27,학습,192.0,148.83,131.49,0.0,17.34,0.8835,0.0,0.1165,0.7076,0.2093,0.0831,135.865,40.181,15.955,1351.07,686.03,187.18,2224.28,12.66,108.5,26.467,11.31,4348.2,1379.2,151.6,5879.1,12529.8,6650.8,53.08,,,,,,,,,,
2018-10-28,학습,192.0,47.53,0.0,47.53,0.0,0.0,1.0,0.0,0.507,0.4334,0.0595,97.351,83.217,11.432,1340.39,714.4,183.65,2238.44,12.49,105.855,29.136,11.138,4242.2,1518.3,149.3,5909.9,13285.7,7375.9,55.52,,,,,,,,,,
2018-10-29,학습,207.0,225.29,103.07,110.12,12.1,0.4575,0.4888,0.0537,0.493,0.4491,0.0579,102.05,92.967,11.983,1335.27,750.24,180.95,2266.46,12.26,106.103,32.183,11.187,4252.2,1677.1,150.0,6079.2,13250.3,7171.0,54.12,3.165,1.605,7.82,38.0,3074.0,15778.0,0.1948,3680.0,318.2,2.261
2018-10-30,학습,216.0,270.23,157.46,95.46,17.31,0.5827,0.3533,0.0641,0.5184,0.4219,0.0596,111.979,91.14,12.882,1340.49,781.4,179.36,2301.25,12.02,110.228,34.624,11.489,4417.5,1804.3,154.0,6375.8,12572.9,6197.1,49.29,3.14,1.615,7.82,38.0,3074.0,15248.0,0.2016,,,2.092
2018-10-31,학습,216.0,267.99,155.68,99.15,13.16,0.5809,0.37,0.0491,0.5361,0.4072,0.0567,115.805,87.958,12.237,1349.11,806.88,177.26,2333.25,11.81,114.302,36.443,11.502,4580.7,1899.1,154.2,6634.1,11055.5,4421.4,39.99,,,,,,,,,,
2018-11-01,학습,216.0,279.33,156.36,108.81,14.16,0.5598,0.3895,0.0507,0.5428,0.4022,0.055,117.252,86.876,11.872,1358.5,829.24,174.96,2362.69,11.64,117.394,37.902,11.401,4704.6,1975.1,152.9,6832.6,10319.7,3487.1,33.79,2.935,1.345,7.78,38.05,3114.0,16508.0,0.1886,,,1.76
2018-11-02,학습,155.0,236.23,182.75,42.42,11.06,0.7736,0.1796,0.0468,0.6083,0.3391,0.0527,94.279,52.559,8.161,1344.16,815.5,169.13,2328.78,11.8,110.111,36.395,10.219,4412.8,1896.6,137.0,6446.4,8524.8,2078.4,24.38,,,,,,,,,,
2018-11-03,학습,205.0,93.54,76.33,0.0,17.21,0.816,0.0,0.184,0.6671,0.243,0.0899,136.765,49.809,18.426,1373.45,800.1,174.03,2347.58,11.68,122.614,34.895,12.493,4913.9,1818.4,167.5,6899.8,9304.0,2404.2,25.84,,,,,,,,,,
2018-11-04,학습,240.0,60.81,0.0,60.81,0.0,0.0,1.0,0.0,0.478,0.4576,0.0644,114.728,109.816,15.457,1378.36,845.95,175.57,2399.88,11.41,121.51,38.422,13.152,4869.6,2002.2,176.3,7048.2,11726.3,4678.1,39.89,,,,,,,,,,
2018-11-05,학습,226.0,172.05,103.26,55.94,12.85,0.6002,0.3251,0.0747,0.5127,0.42,0.0673,115.86,94.926,15.214,1384.01,873.23,176.75,2434.0,11.26,121.282,40.226,13.528,4860.5,2096.2,181.4,7138.1,11334.7,4196.6,37.02,3.18,1.515,7.86,37.9,3058.0,16050.0,0.1905,3851.0,345.3,1.862
2018-11-06,학습,220.0,289.09,184.05,88.13,16.91,0.6367,0.3049,0.0585,0.5478,0.3874,0.0648,120.517,85.223,14.26,1393.87,888.64,176.88,2459.39,11.16,123.005,40.982,13.499,4929.5,2135.6,181.0,7246.1,10174.5,2928.4,28.78,3.04,1.563,7.92,38.0,2938.0,16248.0,0.1808,,,1.766
2018-11-07,학습,240.0,261.52,156.52,86.53,18.47,0.5985,0.3309,0.0706,0.5622,0.3714,0.0665,134.922,89.127,15.951,1417.35,906.71,178.69,2502.74,11.0,129.829,41.937,13.986,5203.0,2185.4,187.5,7575.9,10492.2,2916.3,27.8,3.035,1.515,7.9,37.95,3152.0,16508.0,0.1909,,,1.752
2018-11-08,학습,240.0,249.25,155.85,80.1,13.3,0.6253,0.3214,0.0534,0.5801,0.3572,0.0627,139.215,85.725,15.06,1443.24,919.94,179.46,2542.64,10.86,135.755,42.475,14.051,5440.5,2213.4,188.4,7842.3,10444.8,2602.6,24.92,3.035,1.445,7.87,38.0,3210.0,16312.0,0.1968,,,1.833
2018-11-09,학습,240.0,291.36,156.76,120.45,14.15,0.538,0.4134,0.0486,0.5681,0.3731,0.0587,136.355,89.55,14.095,1464.2,935.94,179.2,2579.34,10.76,138.265,43.239,13.805,5541.1,2253.2,185.1,7979.4,10469.8,2490.4,23.79,,,,,,,,,,
2018-11-10,학습,218.0,176.91,159.86,0.0,17.05,0.9036,0.0,0.0964,0.6632,0.2674,0.0694,144.587,58.283,15.129,1491.71,919.39,180.01,2591.11,10.77,143.106,41.385,13.948,5735.1,2156.6,187.0,8078.8,9852.5,1773.7,18.0,,,,,,,,,,
2018-11-11,학습,214.0,47.35,0.0,47.35,0.0,0.0,1.0,0.0,0.4752,0.475,0.0497,101.7,101.658,10.642,1474.14,947.53,176.26,2597.93,10.8,128.937,43.282,12.699,5167.3,2255.5,170.3,7593.0,10042.7,2449.7,24.39,,,,,,,,,,
2018-11-12,학습,178.0,207.5,104.02,89.54,13.94,0.5013,0.4315,0.0672,0.4826,0.4627,0.0547,85.907,82.361,9.732,1442.18,954.13,171.89,2568.21,10.98,113.882,43.348,11.575,4563.9,2258.9,155.2,6978.0,8224.0,1246.0,15.15,3.08,1.49,7.8,38.1,3157.0,16850.0,0.1874,4896.0,391.4,1.497
2018-11-13,학습,216.0,257.03,158.02,81.2,17.81,0.6148,0.3159,0.0693,0.5201,0.4211,0.0588,112.339,90.956,12.705,1439.21,968.8,170.86,2578.87,10.98,115.169,44.093,11.701,4615.5,2297.7,156.9,7070.1,9472.6,2402.6,25.36,3.145,1.455,7.89,38.1,3072.0,16525.0,0.1859,,,1.679
2018-11-14,학습,220.0,277.96,184.1,79.27,14.59,0.6623,0.2852,0.0525,0.5604,0.3826,0.057,123.29,84.165,12.545,1447.43,975.51,169.74,2592.67,10.96,120.344,44.181,11.739,4822.9,2302.3,157.4,7282.6,9354.0,2071.4,22.14,3.025,1.465,7.86,38.1,3105.0,16408.0,0.1892,,,1.686
2018-11-15,학습,192.0,260.89,156.5,87.05,17.34,0.5999,0.3337,0.0665,0.5716,0.3687,0.0597,109.746,70.791,11.462,1441.45,968.3,167.63,2577.38,11.07,118.117,43.187,11.44,4733.6,2250.5,153.4,7137.5,8622.6,1485.0,17.22,2.955,1.38,7.84,38.0,3185.0,16375.0,0.1945,,,1.541
2018-11-16,학습,188.0,230.47,128.14,89.45,12.88,0.556,0.3881,0.0559,0.5672,0.3742,0.0586,106.628,70.351,11.02,1432.82,961.23,165.25,2559.3,11.19,115.497,42.307,11.103,4628.6,2204.7,148.9,6982.2,8890.7,1908.5,21.47,,,,,,,,,,
2018-11-17,학습,192.0,202.09,183.48,0.0,18.61,0.9079,0.0,0.0921,0.6638,0.2681,0.0681,127.442,51.481,13.076,1445.7,935.86,165.11,2546.67,11.27,122.207,40.05,11.491,4897.5,2087.1,154.1,7138.7,8623.2,1484.6,17.22,,,,,,,,,,
2018-11-18,학습,236.0,41.6,0.0,41.6,0.0,0.0,1.0,0.0,0.4756,0.4756,0.0488,112.243,112.24,11.517,1442.35,973.27,163.43,2579.05,11.14,120.265,42.994,11.287,4819.7,2240.5,151.3,7211.5,10468.2,3256.7,31.11,,,,,,,,,,
2018-11-19,학습,240.0,237.29,103.34,114.24,19.71,0.4355,0.4814,0.0831,0.4642,0.4773,0.0585,111.417,114.54,14.043,1438.45,1009.99,164.4,2612.84,11.03,118.737,45.679,11.906,4758.5,2380.4,159.6,7298.5,10208.9,2910.4,28.51,2.88,1.46,7.88,38.0,3155.0,16178.0,0.195,3659.0,337.0,1.89
2018-11-20,학습,240.0,288.54,182.34,88.86,17.34,0.6319,0.308,0.0601,0.5118,0.4293,0.059,122.826,103.023,14.151,1446.26,1032.26,165.41,2643.93,10.94,122.359,47.037,12.36,4903.6,2451.1,165.7,7520.5,9418.2,1897.7,20.15,2.905,1.47,7.86,38.0,3208.0,16178.0,0.1983,,,1.827
2018-11-21,학습,240.0,262.27,157.28,87.65,17.34,0.5997,0.3342,0.0661,0.5367,0.4023,0.061,128.807,96.556,14.637,1459.43,1046.28,166.82,2672.53,10.86,126.984,47.673,12.816,5089.0,2484.3,171.8,7745.1,9008.1,1263.0,14.02,2.905,1.54,7.84,38.1,3155.0,16200.0,0.1948,,,1.527
2018-11-22,학습,240.0,247.36,153.76,78.94,14.66,0.6216,0.3191,0.0593,0.5608,0.3787,0.0605,134.584,90.896,14.52,1477.32,1053.52,168.0,2698.85,10.81,132.148,47.761,13.091,5295.9,2488.9,175.5,7960.3,8880.5,920.2,10.36,2.775,1.285,7.9,38.1,3142.0,16485.0,0.1906,,,1.74
2018-11-23,학습,240.0,266.77,177.75,77.22,11.8,0.6663,0.2895,0.0442,0.5907,0.3534,0.0559,141.764,84.823,13.413,1500.97,1054.11,167.98,2723.06,10.77,138.204,47.35,12.947,5538.6,2467.4,173.6,8179.7,8619.2,439.5,5.1,,,,,,,,,,
2018-11-24,학습,240.0,152.85,132.11,0.0,20.74,0.8643,0.0,0.1357,0.6682,0.2532,0.0785,160.379,60.778,18.842,1541.34,1030.6,173.39,2745.34,10.74,149.386,45.077,14.477,5986.7,2349.0,194.1,8529.8,8574.5,44.7,0.52,,,,,,,,,,
2018-11-25,학습,240.0,90.22,0.0,90.22,0.0,0.0,1.0,0.0,0.4788,0.4649,0.0563,114.917,111.582,13.501,1533.02,1059.78,173.03,2765.83,10.72,138.096,47.211,13.918,5534.3,2460.2,186.6,8181.1,8643.5,462.4,5.35,,,,,,,,,,
2018-11-26,학습,240.0,214.14,104.16,88.43,21.55,0.4864,0.413,0.1006,0.481,0.4502,0.0688,115.433,108.046,16.52,1525.88,1083.09,175.72,2784.69,10.71,131.341,48.74,14.442,5263.6,2539.9,193.6,7997.1,8054.5,57.4,0.71,2.71,1.375,7.86,38.05,3355.0,16745.0,0.2004,3647.8,324.1,1.59
2018-11-27,학습,240.0,260.19,156.45,80.75,22.99,0.6013,0.3104,0.0884,0.5151,0.4106,0.0744,123.619,98.532,17.849,1527.49,1095.03,179.52,2802.04,10.71,130.449,49.278,15.198,5227.8,2567.9,203.8,7999.5,7612.7,-386.8,-5.08,2.7,1.275,7.92,38.0,3175.0,16848.0,0.1884,3647.8,365.1,1.605
2018-11-28,학습,240.0,250.7,157.27,73.78,19.65,0.6273,0.2943,0.0784,0.5469,0.3776,0.0755,131.255,90.623,18.122,1536.62,1098.1,183.28,2818.0,10.71,132.953,49.102,15.795,5328.2,2558.8,211.8,8098.7,7351.9,-746.8,-10.16,2.81,1.305,7.82,38.0,3251.0,16750.0,0.1941,,,1.551
2018-11-29,학습,240.0,266.16,156.92,89.19,20.05,0.5896,0.3351,0.0753,0.559,0.3656,0.0755,134.158,87.732,18.11,1547.91,1098.03,186.74,2832.68,10.72,135.659,48.721,16.199,5436.6,2538.9,217.2,8192.7,7457.6,-735.1,-9.86,2.655,1.23,7.76,38.0,3560.0,16938.0,0.2102,,,1.611
2018-11-30,학습,240.0,272.23,126.98,122.67,22.58,0.4664,0.4506,0.0829,0.5328,0.3897,0.0776,127.862,93.519,18.619,1552.01,1103.76,190.43,2846.19,10.73,134.809,48.861,16.627,5402.6,2546.2,222.9,8171.7,7751.6,-420.0,-5.42,,,,,,,,,,
2018-12-01,학습,240.0,235.0,212.67,0.0,22.33,0.905,0.0,0.095,0.6383,0.2792,0.0825,153.185,67.009,19.806,1581.1,1082.51,195.01,2858.63,10.75,144.414,46.859,17.274,5787.5,2441.9,231.6,8461.0,7884.0,-577.0,-7.32,,,,,,,,,,
2018-12-02,학습,240.0,80.65,0.0,80.65,0.0,0.0,1.0,0.0,0.4573,0.4835,0.0591,109.762,116.047,14.191,1564.45,1112.01,193.61,2870.06,10.76,132.968,49.081,16.031,5328.8,2557.7,214.9,8101.4,8764.2,662.8,7.56,,,,,,,,,,
2018-12-03,학습,240.0,189.78,126.53,40.16,23.09,0.6667,0.2116,0.1217,0.5167,0.4064,0.0769,124.006,97.548,18.446,1563.37,1120.64,196.57,2880.58,10.78,131.607,49.489,16.46,5274.3,2578.9,220.7,8073.9,7891.6,-182.3,-2.31,2.76,1.13,7.87,38.15,3562.0,16778.0,0.2123,3545.7,346.5,1.656
2018-12-04,학습,240.0,299.17,181.78,88.29,29.1,0.6076,0.2951,0.0973,0.5425,0.3749,0.0826,130.192,89.974,19.835,1568.56,1121.02,200.69,2890.27,10.8,133.242,49.229,17.17,5339.8,2565.4,230.2,8135.4,8173.9,38.5,0.47,2.735,1.27,7.78,38.1,3420.0,16678.0,0.2051,,,1.716
2018-12-05,학습,240.0,289.54,182.52,90.07,16.95,0.6304,0.3111,0.0585,0.5674,0.3568,0.0758,136.173,85.632,18.195,1579.32,1117.02,202.84,2899.17,10.83,136.643,48.661,17.161,5476.1,2535.8,230.1,8241.9,8058.7,-183.3,-2.27,2.69,1.195,7.8,37.95,3622.0,16478.0,0.2198,,,1.656
2018-12-06,학습,240.0,296.71,157.17,121.22,18.32,0.5297,0.4085,0.0617,0.5567,0.3715,0.0718,133.61,89.153,17.238,1586.65,1116.86,203.86,2907.37,10.85,137.715,48.461,16.868,5519.0,2525.3,226.2,8270.5,8121.9,-148.6,-1.83,2.91,1.33,7.76,37.9,3790.0,16370.0,0.2315,,,1.656
2018-12-07,학습,240.0,215.06,155.76,37.09,22.21,0.7243,0.1725,0.1033,0.6042,0.3151,0.0807,145.009,75.614,19.377,1604.8,1103.17,206.94,2914.91,10.88,142.936,47.207,17.31,5728.2,2460.0,232.1,8420.4,8253.5,-166.9,-2.02,2.565,1.06,7.78,37.8,3905.0,16425.0,0.2377,,,1.647
2018-12-08,학습,240.0,235.29,129.36,89.3,16.63,0.5498,0.3795,0.0707,0.5888,0.3333,0.0779,141.307,80.0,18.693,1617.79,1094.97,209.08,2921.84,10.9,144.675,46.493,17.406,5797.9,2422.8,233.4,8454.1,8481.1,26.9,0.32,,,,,,,,,,
2018-12-09,학습,240.0,0.0,,,,,,,0.5777,0.3464,0.0758,138.654,83.143,18.202,1627.1,1090.56,210.57,2928.23,10.92,144.686,46.139,17.325,5798.4,2404.3,232.3,8435.0,8708.0,273.0,3.13,,,,,,,,,,
2018-12-10,학습,240.0,268.0,157.09,88.79,22.12,0.5862,0.3313,0.0825,0.5801,0.3421,0.0777,139.228,82.114,18.658,1636.23,1085.48,212.39,2934.1,10.95,144.923,45.755,17.406,5807.9,2384.3,233.4,8425.6,8167.4,-258.2,-3.16,2.715,1.24,7.8,38.1,3257.0,15398.0,0.2115,4501.0,359.8,1.689
2018-12-11,학습,240.0,228.68,129.2,79.67,19.81,0.565,0.3484,0.0866,0.5758,0.3439,0.0803,138.198,82.539,19.262,1643.6,1081.23,214.67,2939.5,10.97,144.657,45.463,17.642,5797.2,2369.1,236.5,8402.9,7707.8,-695.1,-9.02,2.715,1.085,7.78,38.0,3325.0,15288.0,0.2175,,,1.488
2018-12-12,학습,240.0,300.89,206.37,77.75,16.77,0.6859,0.2584,0.0557,0.607,0.3197,0.0733,145.685,76.722,17.594,1657.87,1071.5,215.1,2944.47,11.0,147.487,44.75,17.303,5910.6,2332.0,232.0,8474.6,8047.3,-427.3,-5.31,2.595,1.12,7.78,37.9,3240.0,15298.0,0.2118,,,1.737
2018-12-13,학습,240.0,257.36,152.84,87.53,16.99,0.5939,0.3401,0.066,0.6033,0.3255,0.0712,144.79,78.112,17.098,1670.11,1063.94,215.0,2949.04,11.02,148.875,44.256,16.923,5966.3,2306.2,226.9,8499.4,8443.5,-55.9,-0.66,2.61,1.275,7.82,38.0,3205.0,15527.0,0.2064,,,1.854
2018-12-14,학습,240.0,290.13,181.48,89.03,19.62,0.6255,0.3069,0.0676,0.6096,0.3202,0.0702,146.302,76.846,16.852,1682.87,1055.72,214.66,2953.25,11.04,150.336,43.734,16.59,6024.8,2279.0,222.4,8526.3,8270.6,-255.7,-3.09,2.815,1.23,7.78,38.15,3082.0,15690.0,0.1964,,,1.677
2018-12-15,학습,240.0,175.64,79.76,80.2,15.68,0.4541,0.4566,0.0893,0.5655,0.3589,0.0756,135.724,86.127,18.148,1684.04,1057.43,215.65,2957.12,11.07,147.005,44.034,16.752,5891.3,2294.7,224.6,8410.6,8367.4,-43.2,-0.52,,,,,,,,,,
2018-12-16,학습,240.0,0.0,,,,,,,0.5339,0.3866,0.0795,128.145,92.778,19.077,1677.54,1065.66,217.48,2960.68,11.09,141.92,44.821,17.141,5687.5,2335.7,229.8,8253.0,8546.2,293.2,3.43,,,,,,,,,,
2018-12-17,학습,240.0,287.14,185.09,77.82,24.23,0.6446,0.271,0.0844,0.5653,0.3538,0.0809,135.674,84.916,19.41,1679.08,1065.37,219.5,2963.96,11.11,141.795,44.86,17.506,5682.5,2337.7,234.7,8254.9,8313.8,58.8,0.71,2.59,1.335,7.8,38.0,3095.0,15893.0,0.1947,,,1.659
2018-12-18,학습,240.0,253.24,147.69,89.72,15.83,0.5832,0.3543,0.0625,0.5704,0.354,0.0757,136.891,84.948,18.161,1681.72,1065.14,220.11,2966.98,11.13,142.205,44.896,17.38,5698.9,2339.6,233.0,8271.5,8272.1,0.5,0.01,,,,,,,,,,
2018-12-19,학습,240.0,259.86,156.19,87.8,15.87,0.6011,0.3379,0.0611,0.5791,0.3494,0.0715,138.978,83.854,17.168,1686.24,1063.83,219.68,2969.75,11.15,143.292,44.839,16.996,5742.5,2336.6,227.9,8307.0,7898.6,-408.4,-5.17,2.795,1.32,7.8,38.1,3158.0,16052.0,0.1967,,,1.695
2018-12-20,학습,240.0,253.94,157.29,78.97,17.68,0.6194,0.311,0.0696,0.5905,0.3385,0.071,141.721,81.241,17.038,1693.13,1060.01,219.15,2972.3,11.17,145.06,44.581,16.696,5813.4,2323.2,223.9,8360.4,7593.3,-767.2,-10.1,2.64,1.22,7.76,37.9,3094.0,15930.0,0.1942,,,1.656
2018-12-21,학습,240.0,193.85,102.61,72.82,18.42,0.5293,0.3757,0.095,0.5732,0.349,0.0778,137.559,83.768,18.673,1695.32,1059.03,220.3,2974.65,11.19,144.486,44.565,16.981,5790.4,2322.3,227.7,8340.4,7572.5,-767.9,-10.14,2.7,1.15,7.78,38.0,3154.0,15925.0,0.1981,,,1.644
2018-12-22,학습,240.0,212.02,107.44,88.0,16.58,0.5067,0.4151,0.0782,0.5543,0.3677,0.0779,133.041,88.26,18.7,1692.81,1062.61,221.39,2976.81,11.2,142.324,44.91,17.184,5703.7,2340.3,230.4,8274.4,7998.9,-275.6,-3.45,,,,,,,,,,
2018-12-23,학습,240.0,0.0,,,,,,,0.5408,0.3812,0.078,129.803,91.478,18.719,1687.26,1069.13,222.41,2978.8,11.22,139.696,45.461,17.328,5598.4,2369.0,232.3,8199.7,8152.2,-47.5,-0.58,,,,,,,,,,
2018-12-24,학습,206.0,265.97,154.68,89.69,21.6,0.5816,0.3372,0.0812,0.5524,0.3687,0.0789,113.792,75.953,16.255,1666.15,1059.6,220.88,2946.63,11.37,131.671,44.686,16.687,5276.8,2328.6,223.7,7829.2,6832.9,-996.3,-14.58,2.54,1.185,7.78,38.0,3085.0,15843.0,0.1947,4357.0,339.0,1.393
2018-12-25,학습,216.0,224.27,129.24,78.57,16.46,0.5763,0.3503,0.0734,0.5592,0.3635,0.0773,120.778,78.515,16.706,1653.71,1053.39,219.93,2927.03,11.45,129.516,44.234,16.386,5190.4,2305.1,219.7,7715.2,6768.2,-947.0,-13.99,,,,,,,,,,
2018-12-26,학습,209.0,198.17,103.67,78.91,15.59,0.5231,0.3982,0.0787,0.5489,0.3733,0.0777,114.73,78.026,16.244,1636.21,1047.19,218.59,2901.99,11.56,125.768,43.81,16.041,5040.2,2283.0,215.1,7538.3,6559.9,-978.4,-14.91,2.645,1.51,7.84,37.95,3105.0,15975.0,0.1944,,,1.382
2018-12-27,학습,200.0,259.97,180.22,62.61,17.14,0.6932,0.2408,0.0659,0.5898,0.3358,0.0744,117.97,67.155,14.876,1623.36,1030.62,215.98,2869.96,11.68,124.752,42.581,15.396,4999.5,2218.9,206.4,7424.9,6200.3,-1224.5,-19.75,2.62,1.275,7.79,37.9,3120.0,15753.0,0.1981,,,1.34
2018-12-28,학습,202.0,160.32,72.62,71.45,16.25,0.453,0.4457,0.1014,0.551,0.3669,0.082,111.312,74.119,16.569,1604.87,1022.34,215.28,2842.49,11.78,121.462,42.094,15.465,4867.7,2193.5,207.4,7268.6,6207.9,-1060.7,-17.09,2.415,1.025,7.8,37.9,3086.0,15872.0,0.1944,,,1.308
2018-12-29,학습,202.0,125.76,108.45,0.0,17.31,0.8624,0.0,0.1376,0.6393,0.2629,0.0978,129.137,53.109,19.754,1605.69,993.7,217.82,2817.22,11.86,126.564,39.999,16.467,5072.1,2084.4,220.8,7377.3,6155.7,-1221.6,-19.85,,,,,,,,,,
2018-12-30,학습,211.0,21.06,0.0,21.06,0.0,0.0,1.0,0.0,0.4581,0.4719,0.0701,96.654,99.561,14.785,1573.96,1013.81,215.19,2802.97,11.9,116.716,41.936,15.659,4677.5,2185.4,210.0,7072.8,6539.4,-533.4,-8.16,,,,,,,,,,
2018-12-31,학습,187.0,184.97,108.18,57.11,19.68,0.5849,0.3088,0.1064,0.494,0.4256,0.0804,92.38,79.591,15.029,1540.5,1012.34,213.02,2765.86,12.02,108.934,41.984,15.182,4365.6,2187.8,203.6,6757.0,5580.8,-1176.2,-21.08,2.49,1.085,7.78,38.0,3055.0,15652.0,0.1952,3704.0,276.2,1.136
2019-01-01,학습,192.0,179.7,77.88,88.65,13.17,0.4334,0.4933,0.0733,0.4768,0.4448,0.0784,91.551,85.404,15.045,1508.88,1016.8,211.03,2736.71,12.11,103.802,42.49,14.861,4160.0,2214.2,199.3,6573.4,5432.2,-1141.2,-21.01,2.54,1.095,7.78,38.05,3120.0,15825.0,0.1972,,,1.162
2019-01-02,학습,196.0,261.16,155.7,90.04,15.42,0.5962,0.3448,0.059,0.5107,0.4165,0.0729,100.09,81.625,14.286,1488.32,1017.13,208.44,2713.89,12.16,104.053,42.617,14.415,4170.0,2220.8,193.3,6584.1,5406.0,-1178.1,-21.79,2.595,1.12,7.76,38.0,3206.0,15670.0,0.2046,,,1.147
2019-01-03,학습,200.0,233.4,103.03,114.13,16.24,0.4414,0.489,0.0696,0.491,0.437,0.0719,98.207,87.403,14.39,1467.53,1023.21,206.17,2696.9,12.19,103.455,43.187,14.142,4146.0,2250.5,189.6,6586.2,5365.1,-1221.1,-22.76,2.46,1.03,7.82,38.05,3124.0,15880.0,0.1967,,,1.142
2019-01-04,학습,204.0,205.22,147.3,40.93,16.99,0.7178,0.1994,0.0828,0.5553,0.3697,0.075,113.283,75.413,15.304,1463.48,1016.81,204.99,2685.27,12.19,109.116,42.712,14.23,4372.9,2225.8,190.8,6789.5,5600.3,-1189.2,-21.23,,,,,,,,,,
2019-01-05,학습,208.0,251.27,142.76,89.09,19.42,0.5682,0.3546,0.0773,0.5589,0.3654,0.0757,116.261,76.0,15.738,1462.72,1011.51,204.33,2678.57,12.16,113.799,42.356,14.421,4560.6,2207.2,193.4,6961.1,6118.2,-842.9,-13.78,,,,,,,,,,
2019-01-06,학습,208.0,26.4,26.4,,,1.0,,,0.6094,0.3228,0.0678,126.75,67.143,14.107,1472.52,997.78,202.1,2672.4,12.14,120.883,41.345,14.061,4844.5,2154.5,188.5,7187.5,6462.9,-724.6,-11.21,,,,,,,,,,
2019-01-07,학습,216.0,230.18,75.95,133.38,20.85,0.33,0.5795,0.0906,0.5366,0.3897,0.0738,115.896,84.173,15.931,1470.68,1002.17,201.88,2674.73,12.08,120.91,41.848,14.363,4845.5,2180.8,192.6,7218.9,6574.1,-644.8,-9.81,2.51,1.125,7.8,37.95,3305.0,15540.0,0.2127,2914.4,231.6,1.377
2019-01-08,학습,216.0,221.04,106.22,99.21,15.61,0.4805,0.4488,0.0706,0.5216,0.4055,0.0729,112.67,87.58,15.75,1465.76,1009.62,201.48,2676.87,12.02,119.636,42.548,14.515,4794.5,2217.2,194.6,7206.4,6330.9,-875.5,-13.83,2.555,1.095,7.8,38.0,3215.0,15680.0,0.205,,,1.301
2019-01-09,학습,216.0,210.37,98.8,95.89,15.68,0.4696,0.4558,0.0745,0.5075,0.4191,0.0734,109.625,90.53,15.845,1458.19,1019.43,201.22,2678.84,11.97,117.632,43.379,14.646,4714.2,2260.5,196.4,7171.1,6180.6,-990.5,-16.03,2.435,1.525,7.8,38.0,3184.0,15842.0,0.201,,,1.42
2019-01-10,학습,216.0,207.37,100.33,89.77,17.27,0.4838,0.4329,0.0833,0.501,0.4229,0.0761,108.219,91.347,16.434,1449.82,1029.27,201.56,2680.65,11.93,115.834,44.15,14.913,4642.1,2300.7,200.0,7142.8,6314.0,-828.8,-13.13,2.38,1.02,7.76,38.0,3205.0,15684.0,0.2043,,,1.331
2019-01-11,학습,216.0,205.42,99.75,88.33,17.34,0.4856,0.43,0.0844,0.4967,0.4249,0.0784,107.296,91.772,16.932,1441.19,1038.74,202.38,2682.32,11.89,114.356,44.839,15.244,4582.9,2336.6,204.4,7123.9,6501.1,-622.7,-9.58,,,,,,,,,,
2019-01-12,학습,216.0,185.59,128.08,41.59,15.92,0.6901,0.2241,0.0858,0.5507,0.3689,0.0805,118.944,79.679,17.377,1444.91,1035.37,203.58,2683.85,11.85,118.104,44.456,15.603,4733.1,2316.7,209.2,7259.0,6843.5,-415.5,-6.07,,,,,,,,,,
2019-01-13,학습,225.0,42.45,,42.45,,,1.0,,0.4844,0.4483,0.0673,108.998,100.857,15.145,1438.38,1053.44,202.44,2694.26,11.78,116.437,45.826,15.179,4666.3,2388.0,203.5,7257.8,7282.6,24.8,0.34,,,,,,,,,,
2019-01-14,학습,207.0,134.56,75.69,37.3,21.57,0.5625,0.2772,0.1603,0.5034,0.4067,0.0899,104.206,84.181,18.613,1427.58,1053.39,204.87,2685.84,11.79,113.492,45.654,15.929,4548.3,2379.1,213.6,7140.9,6510.8,-630.1,-9.68,2.33,1.08,7.78,38.0,3198.0,15820.0,0.2021,3142.8,249.8,1.34
2019-01-15,학습,216.0,206.06,78.05,112.88,15.13,0.3788,0.5478,0.0734,0.4718,0.4424,0.0857,101.917,95.563,18.52,1415.35,1064.73,207.01,2687.09,11.76,110.76,46.42,16.413,4438.8,2419.0,220.1,7077.8,6572.9,-504.9,-7.68,2.32,1.08,7.78,38.0,3085.0,15750.0,0.1959,,,1.366
2019-01-16,학습,216.0,227.5,104.05,108.65,14.8,0.4574,0.4776,0.0651,0.4681,0.4516,0.0803,101.1,97.547,17.353,1403.29,1077.15,207.81,2688.24,11.74,108.748,47.228,16.393,4358.2,2461.1,219.8,7039.1,6213.2,-825.9,-13.29,2.3,1.01,7.8,38.0,3032.0,15923.0,0.1904,,,1.345
2019-01-17,학습,216.0,235.23,79.6,139.07,16.56,0.3384,0.5912,0.0704,0.4334,0.4889,0.0777,93.618,105.602,16.779,1384.7,1096.63,207.97,2689.3,11.71,104.515,48.56,16.207,4188.5,2530.5,217.3,6936.3,6097.2,-839.2,-13.76,2.4,1.07,7.78,38.0,3102.0,15840.0,0.1958,,,1.334
2019-01-18,학습,216.0,154.13,100.01,36.27,17.85,0.6489,0.2353,0.1158,0.4919,0.42,0.088,106.257,90.727,19.016,1380.24,1099.67,210.36,2690.28,11.69,106.96,48.5,16.751,4286.5,2527.4,224.6,7038.5,6026.2,-1012.3,-16.8,2.29,1.035,7.78,38.0,3092.0,15785.0,0.1959,,,1.323
2019-01-19,학습,216.0,233.29,128.69,89.88,14.72,0.5516,0.3853,0.0631,0.5083,0.4105,0.0812,109.801,88.664,17.535,1379.69,1100.41,211.08,2691.18,11.67,109.885,48.285,16.678,4403.7,2516.2,223.6,7143.5,6412.6,-730.9,-11.4,,,,,,,,,,
2019-01-20,학습,216.0,46.61,,46.61,,,1.0,,0.4446,0.4903,0.0651,96.028,105.915,14.057,1365.4,1118.34,208.26,2692.0,11.66,106.18,49.482,15.585,4255.2,2578.6,209.0,7042.7,6676.7,-366.0,-5.48,,,,,,,,,,
2019-01-21,학습,216.0,136.21,72.71,41.64,21.86,0.5338,0.3057,0.1605,0.4667,0.4445,0.0888,100.817,96.006,19.177,1357.05,1124.93,210.78,2692.76,11.64,105.81,49.706,16.375,4240.4,2590.2,219.6,7050.2,4843.7,-2206.5,-45.56,2.37,1.08,7.84,37.85,3054.0,16058.0,0.1902,3170.0,265.2,1.382
2019-01-22,학습,217.0,170.39,78.49,77.69,14.21,0.4606,0.456,0.0834,0.4652,0.4474,0.0874,100.943,97.092,18.965,1349.49,1132.08,212.89,2694.46,11.62,105.633,49.983,16.851,4233.3,2604.7,225.9,7063.9,4717.1,-2346.8,-49.75,2.435,1.085,7.83,38.0,2931.0,16105.0,0.182,3169.5,262.8,1.362
2019-01-23,학습,216.0,165.09,78.1,75.64,11.35,0.4731,0.4582,0.0688,0.4673,0.4503,0.0825,100.929,97.258,17.813,1342.52,1138.82,213.69,2695.02,11.61,105.518,50.232,16.829,4228.7,2617.6,225.6,7072.0,6207.1,-864.9,-13.93,2.28,1.005,7.8,38.0,3021.0,16061.0,0.1881,,,1.307
2019-01-24,학습,216.0,259.81,103.23,135.75,20.83,0.3973,0.5225,0.0802,0.4484,0.4697,0.0818,96.858,101.463,17.679,1332.03,1149.23,214.28,2695.54,11.6,103.819,50.779,16.774,4160.6,2646.2,224.9,7031.7,6226.4,-805.2,-12.93,2.27,1.075,7.68,38.1,2994.0,15890.0,0.1884,,,1.412
2019-01-25,학습,210.0,230.36,110.42,102.71,17.23,0.4793,0.4459,0.0748,0.4569,0.4632,0.0799,95.942,97.274,16.783,1321.47,1154.62,213.93,2690.02,11.62,102.404,50.909,16.468,4103.9,2652.9,220.8,6977.7,5871.5,-1106.1,-18.84,,,,,,,,,,
2019-01-26,학습,212.0,186.22,130.16,40.81,15.25,0.699,0.2191,0.0819,0.5237,0.3958,0.0805,111.027,83.914,17.059,1326.84,1146.21,213.88,2686.94,11.62,107.566,49.951,16.342,4310.8,2603.0,219.1,7132.9,6079.7,-1053.2,-17.32,,,,,,,,,,
2019-01-27,학습,212.0,64.68,23.38,41.3,,0.3615,0.6385,,0.4679,0.453,0.0791,99.2,96.039,16.761,1319.95,1150.61,213.54,2684.1,11.63,106.019,50.107,16.167,4248.8,2611.1,216.8,7076.6,6759.8,-316.8,-4.69,,,,,,,,,,
2019-01-28,학습,216.0,135.59,76.93,36.75,21.91,0.5674,0.271,0.1616,0.4953,0.4029,0.1018,106.982,87.036,21.982,1321.4,1145.64,218.45,2685.49,11.61,108.177,49.519,17.614,4335.3,2580.5,236.2,7151.9,6750.2,-401.7,-5.95,2.315,1.05,7.66,38.1,2785.0,15452.0,0.1802,2969.9,179.7,1.512
2019-01-29,학습,206.0,126.46,23.16,88.2,15.1,0.1831,0.6975,0.1194,0.4087,0.4847,0.1067,84.189,99.839,21.972,1299.93,1153.88,222.96,2676.77,11.64,100.391,50.044,18.597,4023.2,2607.8,249.3,6880.4,6082.1,-798.4,-13.13,2.32,1.0,7.76,38.1,2754.0,15602.0,0.1765,,,1.445
2019-01-30,학습,192.0,265.95,104.43,150.64,10.88,0.3927,0.5664,0.0409,0.4042,0.5075,0.0883,77.609,97.436,16.955,1273.6,1159.06,222.09,2654.75,11.73,92.957,50.298,17.762,3725.3,2621.1,238.2,6584.5,5122.8,-1461.8,-28.53,2.55,1.195,7.7,38.0,2876.0,15423.0,0.1865,,,1.114
2019-01-31,학습,192.0,132.15,76.04,36.18,19.93,0.5754,0.2738,0.1508,0.4522,0.442,0.1058,86.823,84.857,20.32,1258.59,1151.24,224.65,2634.49,11.8,92.058,49.507,18.202,3689.3,2579.8,244.1,6513.2,5404.9,-1108.3,-20.5,2.365,1.11,7.68,38.05,2735.0,15351.0,0.1782,,,1.176
2019-02-01,학습,192.0,180.96,126.52,35.77,18.67,0.6992,0.1977,0.1032,0.5217,0.3733,0.1051,100.158,71.666,20.176,1258.12,1130.86,226.86,2615.84,11.86,96.838,47.78,18.459,3880.8,2489.9,247.5,6618.2,5175.2,-1442.9,-27.88,2.435,1.085,7.72,37.95,2750.0,15568.0,0.1766,,,1.267
2019-02-02,학습,192.0,174.0,155.8,,18.2,0.8954,,0.1046,0.5939,0.3067,0.0994,114.03,58.883,19.086,1271.56,1099.33,227.81,2598.69,11.91,105.334,45.29,18.307,4221.3,2360.1,245.5,6826.9,5573.4,-1253.5,-22.49,,,,,,,,,,
2019-02-03,학습,192.0,152.26,23.6,128.66,,0.155,0.845,,0.4617,0.4403,0.098,88.638,84.54,18.822,1258.53,1095.97,228.42,2582.91,11.95,100.417,45.229,18.125,4024.3,2356.9,243.0,6624.2,6066.2,-558.1,-9.2,,,,,,,,,,
2019-02-04,학습,192.0,198.65,101.6,48.41,48.64,0.5115,0.2437,0.2449,0.4751,0.3874,0.1376,91.212,74.377,26.411,1249.11,1082.72,236.57,2568.39,11.98,98.414,44.363,20.277,3944.0,2311.8,271.9,6527.7,5986.8,-540.9,-9.04,,,,,,,,,,
2019-02-05,학습,150.0,118.98,,118.98,,,1.0,,0.402,0.4597,0.1383,60.296,68.96,20.744,1209.53,1065.11,238.4,2513.04,12.21,84.813,43.195,20.044,3398.9,2250.9,268.8,5918.6,,,,,,,,,,,,,
2019-02-06,학습,160.0,98.76,98.76,,,1.0,,,0.42,0.4538,0.1262,67.203,72.61,20.187,1180.03,1052.56,239.52,2472.11,12.35,79.187,42.494,19.718,3173.5,2214.4,264.4,5652.3,,,,,,,,,,,,,
2019-02-07,학습,168.0,188.18,128.04,41.34,18.8,0.6804,0.2197,0.0999,0.4734,0.4058,0.1208,79.533,68.175,20.292,1165.21,1036.57,240.66,2442.45,12.43,80.65,41.545,19.527,3232.1,2165.0,261.8,5658.9,5047.3,-611.6,-12.12,2.135,0.74,7.78,38.05,2648.0,15842.0,0.1672,2847.9,218.2,1.082
2019-02-08,학습,168.0,274.24,124.54,130.41,19.29,0.4541,0.4755,0.0703,0.4691,0.4213,0.1096,78.812,70.781,18.406,1150.86,1024.47,239.83,2415.16,12.5,81.264,40.947,18.831,3256.7,2133.8,252.5,5643.0,5184.4,-458.6,-8.85,2.33,1.03,7.7,38.0,2728.0,15645.0,0.1744,,,1.153
2019-02-09,학습,168.0,200.19,178.36,,21.83,0.891,,0.109,0.5114,0.3902,0.0984,85.923,65.553,16.524,1144.76,1008.11,237.17,2390.05,12.55,84.487,40.021,17.792,3385.9,2085.5,238.6,5709.9,5419.9,-290.0,-5.35,,,,,,,,,,
2019-02-10,학습,168.0,26.25,26.25,,,1.0,,,0.5497,0.3614,0.0889,92.358,60.707,14.935,1145.59,988.22,233.15,2366.96,12.59,89.048,38.847,16.607,3568.7,2024.3,222.7,5815.7,5912.3,96.6,1.63,,,,,,,,,,
2019-02-11,학습,168.0,179.46,78.76,78.2,22.5,0.4389,0.4358,0.1254,0.5254,0.3777,0.0969,88.261,63.456,16.283,1142.26,972.66,230.79,2345.7,12.61,90.222,38.069,16.204,3615.7,1983.8,217.3,5816.8,5419.9,-396.9,-7.32,2.36,1.07,7.72,38.0,2775.0,15458.0,0.1795,3205.0,210.2,1.121
2019-02-12,학습,168.0,232.11,129.35,87.86,14.9,0.5573,0.3785,0.0642,0.5329,0.3779,0.0892,89.52,63.488,14.992,1140.45,958.38,227.33,2326.15,12.63,91.45,37.412,15.542,3664.9,1949.6,208.4,5822.9,4886.0,-936.9,-19.17,2.37,1.005,7.7,38.05,2879.0,15365.0,0.1874,,,1.105
2019-02-13,학습,192.0,227.49,126.35,89.06,12.08,0.5554,0.3915,0.0531,0.5384,0.3813,0.0803,103.378,73.202,15.42,1152.64,954.95,224.57,2332.16,12.51,97.751,37.63,15.219,3917.4,1960.9,204.1,6082.4,5447.6,-634.8,-11.65,2.46,1.12,7.76,38.0,2869.0,15654.0,0.1833,,,1.205
2019-02-14,학습,192.0,234.73,100.38,114.98,19.37,0.4276,0.4898,0.0825,0.51,0.4091,0.0809,97.927,78.544,15.529,1158.41,957.14,222.14,2337.69,12.4,99.456,38.243,15.032,3985.8,1992.9,201.6,6180.2,5630.5,-549.7,-9.76,2.46,1.12,7.76,38.0,2869.0,15654.0,0.1833,,,1.205
2019-02-15,학습,198.0,178.51,126.37,33.79,18.35,0.7079,0.1893,0.1028,0.5622,0.3512,0.0867,111.308,69.535,17.157,1177.09,950.15,221.54,2348.78,12.27,105.86,38.043,15.393,4242.4,1982.5,206.4,6431.3,5910.0,-521.3,-8.82,2.38,0.94,7.8,38.0,2905.0,15688.0,0.1852,,,1.26
2019-02-16,학습,216.0,230.41,126.86,86.68,16.87,0.5506,0.3762,0.0732,0.559,0.3579,0.083,120.755,77.308,17.937,1203.73,951.49,221.76,2376.98,12.06,113.588,38.495,15.873,4552.1,2006.0,212.8,6771.0,6701.7,-69.3,-1.03,,,,,,,,,,
2019-02-17,학습,216.0,22.45,22.45,,,1.0,,,0.6052,0.3233,0.0716,130.712,69.825,15.462,1238.2,945.24,219.49,2402.93,11.89,122.338,38.28,15.457,4902.8,1994.8,207.3,7104.8,7037.5,-67.3,-0.96,,,,,,,,,,
2019-02-18,학습,216.0,254.08,100.29,132.49,21.3,0.3947,0.5214,0.0838,0.5519,0.3735,0.0747,119.201,80.667,16.132,1258.4,950.33,218.08,2426.8,11.74,123.129,38.965,15.375,4934.5,2030.5,206.2,7171.1,6842.7,-328.5,-4.8,2.3,1.09,7.84,38.1,2882.0,15802.0,0.1824,,,1.404
2019-02-19,학습,216.0,235.48,124.15,95.77,15.56,0.5272,0.4067,0.0661,0.5454,0.3821,0.0724,117.811,82.542,15.647,1275.6,956.88,216.29,2448.77,11.62,123.061,39.697,15.173,4931.8,2068.6,203.4,7203.8,6601.0,-602.8,-9.13,2.235,0.995,7.8,38.05,2834.0,15715.0,0.1803,,,1.39
2019-02-20,학습,216.0,131.99,102.54,18.0,11.45,0.7769,0.1364,0.0867,0.6072,0.3165,0.0763,131.165,68.362,16.472,1304.77,948.74,215.47,2468.97,11.51,128.361,39.184,15.284,5144.2,2041.9,204.9,7391.0,6708.1,-682.9,-10.18,2.5,1.145,7.79,38.1,2840.0,15784.0,0.1799,,,1.485
2019-02-21,학습,216.0,189.02,79.08,90.53,19.41,0.4184,0.4789,0.1027,0.556,0.3606,0.0834,120.087,77.891,18.022,1320.53,950.77,216.26,2487.57,11.43,127.198,39.51,15.824,5097.5,2058.9,212.2,7368.6,6769.4,-599.3,-8.85,2.33,1.13,7.94,38.1,2788.0,15900.0,0.1753,,,1.426
2019-02-22,학습,216.0,208.18,102.54,88.06,17.58,0.4926,0.423,0.0844,0.5385,0.3778,0.0837,116.323,81.595,18.082,1331.27,956.35,217.05,2504.67,11.36,124.975,40.084,16.21,5008.5,2088.8,217.3,7314.6,7070.8,-243.8,-3.45,,,,,,,,,,
2019-02-23,학습,216.0,144.56,128.14,,16.42,0.8864,,0.1136,0.5683,0.3493,0.0823,122.759,75.456,17.785,1347.59,955.34,217.48,2520.41,11.3,126.179,40.08,16.384,5056.7,2088.6,219.7,7365.0,7516.2,151.2,2.01,,,,,,,,,,
2019-02-24,학습,216.0,82.42,,82.42,,,1.0,,0.5171,0.411,0.0719,111.7,88.772,15.527,1351.54,967.73,215.62,2534.89,11.25,122.498,41.142,15.825,4909.2,2144.0,212.2,7265.3,7902.9,637.5,8.07,,,,,,,,,,
2019-02-25,학습,216.0,187.48,127.09,37.95,22.44,0.6779,0.2024,0.1197,0.5528,0.3647,0.0825,119.413,78.766,17.821,1362.89,969.12,216.2,2548.21,11.21,123.312,41.244,16.133,4941.8,2149.3,216.3,7307.4,6863.7,-443.6,-6.46,2.37,0.905,7.88,38.0,2885.0,15685.0,0.1839,3186.7,299.7,0.983
2019-02-26,학습,216.0,208.46,104.67,88.32,15.47,0.5021,0.4237,0.0742,0.5408,0.3786,0.0805,116.82,81.783,17.397,1370.74,973.41,216.31,2560.47,11.18,122.778,41.571,16.215,4920.4,2166.3,217.4,7304.1,6113.5,-1190.6,-19.47,2.485,0.94,7.82,38.0,2905.0,15425.0,0.1883,,,1.242
2019-02-27,학습,192.0,268.89,127.5,129.54,11.85,0.4742,0.4818,0.0441,0.5243,0.4042,0.0715,100.662,77.612,13.726,1361.8,973.2,212.74,2547.74,11.26,115.985,41.516,15.17,4648.2,2163.4,203.4,7015.0,6198.0,-817.0,-13.18,2.32,1.0,7.84,38.0,2854.0,15548.0,0.1836,,,1.327
2019-02-28,학습,192.0,204.56,106.03,78.25,20.28,0.5183,0.3825,0.0991,0.5228,0.3986,0.0786,100.368,76.54,15.092,1353.29,971.92,210.82,2536.04,11.33,111.678,41.383,14.867,4475.6,2156.5,199.3,6831.4,6080.7,-750.7,-12.35,2.305,0.925,7.84,38.05,2870.0,15482.0,0.1854,,,1.282
2019-03-01,학습,192.0,92.23,74.26,,17.97,0.8052,,0.1948,0.5425,0.3582,0.0993,104.167,68.771,19.062,1349.25,962.98,213.03,2525.27,11.4,110.541,40.648,15.852,4430.0,2118.2,212.5,6760.8,5938.2,-822.6,-13.85,,,,,,,,,,
2019-03-02,학습,192.0,183.36,77.78,88.26,17.32,0.4242,0.4813,0.0945,0.5128,0.3891,0.0981,98.466,74.704,18.83,1339.84,960.69,214.83,2515.36,11.45,107.56,40.499,16.453,4310.5,2110.5,220.6,6641.6,6258.7,-382.9,-6.12,,,,,,,,,,
2019-03-03,학습,192.0,,,,,,,,0.4899,0.413,0.0971,94.052,79.298,18.65,1326.76,963.18,216.3,2506.24,11.5,103.956,40.74,16.809,4166.1,2123.0,225.4,6514.5,6687.4,172.9,2.59,,,,,,,,,,
2019-03-04,학습,182.0,224.72,73.39,128.77,22.56,0.3266,0.573,0.1004,0.4465,0.4555,0.098,81.257,82.907,17.836,1301.94,969.07,216.84,2487.85,11.58,96.615,41.234,16.808,3871.9,2148.7,225.4,6246.0,5976.4,-269.5,-4.51,2.335,1.18,7.9,37.95,2755.0,15628.0,0.1763,3226.0,322.9,1.228
2019-03-05,학습,168.0,211.78,101.54,95.23,15.01,0.4795,0.4497,0.0709,0.4554,0.4539,0.0907,76.506,76.263,15.231,1274.35,967.85,214.74,2456.93,11.72,90.187,41.121,16.025,3614.3,2142.9,214.9,5972.0,5295.4,-676.6,-12.78,2.425,1.08,7.84,37.95,2788.0,15544.0,0.1794,3226.0,273.2,1.138
2019-03-06,학습,168.0,202.56,151.87,38.38,12.31,0.7498,0.1895,0.0608,0.5361,0.3815,0.0825,90.06,64.085,13.855,1262.51,954.55,211.42,2428.49,11.84,91.645,40.051,15.079,3672.7,2087.1,202.2,5962.0,5311.8,-650.2,-12.24,2.465,1.04,7.81,37.95,2850.0,15500.0,0.1839,,,1.13
2019-03-07,학습,168.0,238.56,131.41,86.3,20.85,0.5508,0.3618,0.0874,0.5402,0.376,0.0838,90.747,63.169,14.084,1252.32,941.4,208.6,2402.32,11.94,92.818,39.069,14.503,3719.8,2036.0,194.5,5950.2,5823.0,-127.2,-2.18,2.51,1.1,7.82,38.0,2854.0,15455.0,0.1847,,,1.199
2019-03-08,학습,168.0,278.99,153.14,108.62,17.23,0.5489,0.3893,0.0618,0.5426,0.3797,0.0777,91.156,63.793,13.051,1243.34,929.92,204.97,2378.24,12.03,93.706,38.285,13.8,3755.3,1995.1,185.0,5935.4,5358.6,-576.9,-10.77,2.485,1.015,7.86,38.0,2762.0,15527.0,0.1779,,,1.121
2019-03-09,학습,160.0,140.19,104.37,18.93,16.89,0.7445,0.135,0.1205,0.5991,0.3112,0.0897,95.859,49.795,14.346,1239.79,905.37,202.93,2348.09,12.14,96.134,36.5,13.71,3852.6,1902.0,183.8,5938.5,5182.9,-755.6,-14.58,,,,,,,,,,
2019-03-10,학습,144.0,,,,,,,,0.64,0.2617,0.0983,92.154,37.688,14.158,1232.82,870.66,200.86,2304.34,12.32,96.15,34.015,13.592,3853.3,1772.5,182.2,5808.0,5313.3,-494.7,-9.31,,,,,,,,,,
2019-03-11,학습,114.0,223.47,100.0,102.16,21.31,0.4475,0.4572,0.0954,0.5857,0.3168,0.0975,66.775,36.111,11.114,1201.02,837.16,195.92,2234.1,12.64,86.008,31.778,12.598,3446.8,1656.0,168.9,5271.7,4587.9,-683.9,-14.91,2.35,1.19,7.92,38.05,2834.0,15580.0,0.1819,3051.0,320.1,0.903
2019-03-12,학습,144.0,132.69,76.09,41.64,14.96,0.5734,0.3138,0.1127,0.5823,0.3159,0.1018,83.848,45.494,14.658,1188.84,815.72,194.91,2199.47,12.75,86.582,30.629,12.984,3469.8,1596.1,174.1,5240.0,5000.0,-240.0,-4.8,2.35,0.99,7.84,38.0,2747.0,15430.0,0.178,3334.6,288.4,1.022
2019-03-13,학습,120.0,225.87,126.32,87.95,11.6,0.5593,0.3894,0.0514,0.5758,0.3367,0.0875,69.093,40.402,10.505,1162.88,790.9,189.83,2143.61,12.98,81.034,29.245,12.001,3247.5,1524.0,160.9,4932.4,4256.1,-676.3,-15.89,2.59,1.27,7.92,38.0,2658.0,15550.0,0.1709,3239.6,331.0,0.867
2019-03-14,학습,120.0,265.96,104.6,141.25,20.11,0.3933,0.5311,0.0756,0.5242,0.3917,0.0842,62.9,47.0,10.1,1132.8,774.66,184.75,2092.22,13.18,75.136,28.598,11.21,3011.1,1490.3,150.3,4651.7,4217.1,-434.7,-10.31,2.325,1.27,7.9,38.0,2648.0,15485.0,0.171,3640.5,356.9,0.836
2019-03-15,학습,120.0,180.09,126.59,35.45,18.05,0.7029,0.1968,0.1002,0.5748,0.3365,0.0887,68.97,40.384,10.646,1111.2,753.11,180.63,2044.93,13.34,73.926,27.519,10.834,2962.6,1434.1,145.3,4542.0,4236.9,-305.0,-7.2,2.29,0.935,7.9,38.0,2664.0,15505.0,0.1718,3300.9,330.4,0.892
2019-03-16,학습,120.0,231.74,128.13,88.39,15.22,0.5529,0.3814,0.0657,0.5686,0.3492,0.0822,68.228,41.909,9.863,1090.58,734.8,176.05,2001.43,13.48,72.883,26.725,10.343,2920.9,1392.7,138.7,4452.2,4200.9,-251.4,-5.98,,,,,,,,,,
2019-03-17,학습,120.0,,,,,,,,0.5641,0.3584,0.0775,67.696,43.003,9.302,1071.08,719.05,171.27,1961.4,13.6,72.027,26.138,9.84,2886.5,1362.1,131.9,4380.6,4309.1,-71.4,-1.66,,,,,,,,,,
2019-03-18,학습,154.0,221.7,73.95,126.03,21.72,0.3336,0.5685,0.098,0.4988,0.4179,0.0833,76.817,64.353,12.83,1062.25,725.91,170.41,1958.58,13.45,75.148,27.348,10.556,3011.6,1425.1,141.5,4578.2,5254.4,676.1,12.87,2.495,1.09,7.98,37.9,2638.0,15648.0,0.1686,3358.6,393.9,1.142
2019-03-19,학습,184.0,183.52,129.23,39.05,15.24,0.7042,0.2128,0.083,0.557,0.3598,0.0832,102.488,66.197,15.315,1079.81,734.07,172.1,1985.98,13.11,87.341,28.522,11.789,3500.2,1486.3,158.1,5144.6,5783.1,638.5,11.04,2.37,1.15,7.98,37.9,2584.0,15517.0,0.1665,3718.7,427.3,1.309
2019-03-20,학습,192.0,191.42,100.13,79.74,11.55,0.5231,0.4166,0.0603,0.5474,0.3759,0.0767,105.099,72.166,14.735,1098.57,747.54,173.07,2019.19,12.77,95.905,29.997,12.456,3843.4,1563.2,167.0,5573.7,6301.9,728.3,11.56,2.615,1.135,7.9,38.0,2631.0,15488.0,0.1699,3150.8,315.4,1.406
2019-03-21,학습,192.0,186.88,77.57,89.06,20.25,0.4151,0.4766,0.1084,0.5099,0.4044,0.0857,97.9,77.645,16.455,1108.63,765.42,175.69,2049.74,12.48,98.307,31.689,13.426,3939.7,1651.3,180.0,5771.1,6329.4,558.3,8.82,2.395,1.04,7.92,37.95,2588.0,15420.0,0.1678,3104.0,315.3,1.337
2019-03-22,학습,192.0,246.5,100.13,128.6,17.77,0.4062,0.5217,0.0721,0.4805,0.4376,0.0818,92.257,84.028,15.714,1112.25,788.25,177.36,2077.85,12.23,97.531,33.636,13.866,3908.6,1752.8,185.9,5847.3,6037.8,190.5,3.16,2.385,0.94,7.9,37.9,2643.0,15551.0,0.17,3489.2,340.1,1.337
2019-03-23,학습,176.0,144.11,128.09,,16.02,0.8888,,0.1112,0.5194,0.402,0.0785,91.42,70.756,13.823,1114.74,795.98,177.0,2087.72,12.12,96.718,34.228,13.598,3876.0,1783.6,182.3,5842.0,5612.8,-229.2,-4.08,,,,,,,,,,
2019-03-24,학습,192.0,82.77,,82.77,,,1.0,,0.4888,0.442,0.0692,93.855,84.864,13.281,1119.46,817.2,176.13,2112.79,11.93,97.19,35.859,13.252,3895.0,1868.6,177.7,5941.3,6173.3,232.0,3.76,,,,,,,,,,
2019-03-25,학습,192.0,159.44,100.17,37.6,21.67,0.6283,0.2358,0.1359,0.5197,0.3963,0.084,99.788,76.091,16.121,1129.74,827.95,178.17,2135.86,11.76,99.854,36.543,13.869,4001.7,1904.3,186.0,6092.0,6108.1,16.2,0.26,2.35,1.48,7.92,38.1,2721.0,15482.0,0.1758,3338.5,341.1,1.296
2019-03-26,학습,160.0,178.14,75.49,87.96,14.69,0.4238,0.4938,0.0825,0.4971,0.4193,0.0836,79.529,67.093,13.378,1118.94,828.84,177.3,2125.09,11.8,93.394,36.403,13.466,3742.8,1897.0,180.6,5820.4,5239.2,-581.2,-11.09,2.36,1.045,8.02,,2805.0,15521.0,0.1807,3473.7,435.3,1.042
2019-03-27,학습,184.0,221.96,125.52,84.17,12.27,0.5655,0.3792,0.0553,0.514,0.4094,0.0766,94.582,75.327,14.092,1124.06,837.9,177.22,2139.18,11.7,95.431,36.944,13.406,3824.5,1925.2,179.7,5929.4,5562.0,-367.4,-6.61,2.39,0.99,7.94,38.05,2844.0,15468.0,0.1839,3117.0,338.8,1.18
2019-03-28,학습,192.0,228.08,128.57,78.93,20.58,0.5637,0.3461,0.0902,0.5268,0.3931,0.0801,101.146,75.476,15.378,1135.33,846.38,178.42,2160.14,11.57,99.313,37.415,13.751,3980.0,1949.7,184.4,6114.1,5763.7,-350.5,-6.08,2.215,1.195,8.0,38.0,2852.0,15688.0,0.1818,3590.0,440.9,1.234
2019-03-29,학습,192.0,143.8,126.15,0.0,17.65,0.8773,0.0,0.1227,0.6193,0.2893,0.0914,118.913,55.547,17.54,1163.47,834.26,181.7,2179.42,11.47,108.814,36.22,14.634,4360.8,1887.5,196.2,6444.5,5708.1,-736.4,-12.9,2.465,1.2,8.05,37.95,2810.0,15805.0,0.1778,3298.0,438.9,1.214
2019-03-30,학습,192.0,215.94,158.2,42.35,15.39,0.7326,0.1961,0.0713,0.6498,0.2642,0.0859,124.769,50.729,16.502,1195.21,818.28,183.67,2197.17,11.38,117.016,34.821,14.925,4689.5,1814.5,200.1,6704.1,5769.9,-934.2,-16.19,,,,,,,,,,
2019-03-31,학습,192.0,,,,,,,,0.6724,0.2456,0.0819,129.11,47.158,15.732,1228.76,800.01,184.72,2213.49,11.3,123.81,33.346,14.892,4961.8,1737.7,199.7,6899.2,6145.1,-754.0,-12.27,,,,,,,,,,
2019-04-01,학습,192.0,271.09,98.02,152.64,20.43,0.3616,0.5631,0.0754,0.5866,0.3332,0.0801,112.636,63.98,15.384,1243.15,800.03,185.33,2228.51,11.24,121.411,33.44,14.765,4865.6,1742.6,198.0,6806.2,6184.7,-621.5,-10.05,2.57,1.055,8.04,38.0,2684.0,15854.0,0.1693,3137.4,417.6,1.25
2019-04-02,학습,192.0,191.01,103.66,73.62,13.73,0.5427,0.3854,0.0719,0.5744,0.3477,0.0778,110.29,66.767,14.944,1254.04,802.83,185.46,2242.33,11.19,118.993,33.742,14.547,4768.7,1758.3,195.0,6722.1,6052.8,-669.3,-11.06,2.475,1.085,7.93,38.0,2720.0,15644.0,0.1739,3201.5,340.9,1.236
2019-04-03,학습,192.0,178.48,130.04,37.69,10.75,0.7286,0.2112,0.0602,0.6175,0.3096,0.0729,118.566,59.436,13.999,1272.34,798.07,184.63,2255.04,11.16,120.812,33.412,14.115,4841.6,1741.1,189.3,6772.0,6142.1,-629.9,-10.26,2.28,1.13,7.94,38.0,2754.0,15688.0,0.1755,3500.0,380.4,1.248
2019-04-04,학습,199.0,236.43,106.9,110.29,19.24,0.4521,0.4665,0.0814,0.5711,0.3536,0.0753,113.651,70.367,14.982,1284.26,804.63,184.85,2273.74,11.09,119.968,34.006,14.115,4807.8,1772.1,189.3,6769.2,6537.4,-231.7,-3.54,2.115,0.85,8.0,38.0,2643.0,15700.0,0.1683,3065.8,369.0,1.311
2019-04-05,학습,200.0,227.7,127.23,82.4,18.07,0.5588,0.3619,0.0794,0.5676,0.3559,0.0764,113.527,71.187,15.287,1295.1,811.48,185.36,2291.94,11.04,119.398,34.577,14.206,4785.0,1801.8,190.5,6777.3,6633.2,-144.1,-2.17,2.33,1.155,7.93,,2663.0,15621.0,0.1705,3587.3,366.5,1.34
2019-04-06,학습,204.0,143.05,127.12,0.0,15.93,0.8886,0.0,0.1114,0.6582,0.2556,0.0863,134.266,52.132,17.602,1325.82,798.73,188.14,2312.69,10.98,127.342,33.537,14.963,5103.3,1747.7,200.6,7051.6,6869.6,-182.0,-2.65,,,,,,,,,,
2019-04-07,학습,204.0,42.11,0.0,42.11,0.0,0.0,1.0,0.0,0.4723,0.4658,0.0619,96.345,95.025,12.63,1316.16,829.89,185.72,2331.77,10.93,117.073,36.085,13.988,4691.8,1880.4,187.6,6759.8,7159.8,400.0,5.59,,,,,,,,,,
2019-04-08,학습,206.0,135.61,74.97,38.57,22.07,0.5528,0.2844,0.1627,0.4951,0.4145,0.0904,101.981,85.392,18.627,1312.9,848.93,189.5,2351.34,10.88,112.994,37.479,15.122,4528.3,1953.1,202.8,6684.1,7147.8,463.7,6.49,2.16,0.945,8.0,,2623.0,15660.0,0.1675,3297.6,405.0,1.427
2019-04-09,학습,216.0,232.1,129.13,88.74,14.23,0.5564,0.3823,0.0613,0.5124,0.4054,0.0822,110.678,87.57,17.752,1318.61,868.62,192.1,2379.33,10.8,113.957,38.837,15.633,4566.9,2023.8,209.6,6800.3,6998.4,198.1,2.83,2.445,1.14,7.96,38.0,2664.0,15484.0,0.172,3550.0,402.0,1.504
2019-04-10,학습,216.0,297.35,152.77,130.2,14.38,0.5138,0.4379,0.0484,0.5128,0.4146,0.0726,110.762,89.554,15.684,1323.94,888.73,192.43,2405.09,10.74,114.585,40.149,15.36,4592.1,2092.2,205.9,6890.2,6557.4,-332.9,-5.08,2.325,1.125,7.98,38.0,2598.0,15550.0,0.1671,3356.0,395.8,1.315
2019-04-11,학습,216.0,175.76,79.77,79.04,16.95,0.4539,0.4497,0.0964,0.4961,0.4245,0.0794,107.157,91.701,17.141,1325.24,909.37,194.18,2428.79,10.7,113.53,41.435,15.612,4549.8,2159.2,209.3,6918.3,6554.3,-364.1,-5.55,2.3,0.945,8.0,37.95,2651.0,15740.0,0.1684,3219.1,393.1,1.301
2019-04-12,학습,216.0,145.05,126.49,0.0,18.56,0.872,0.0,0.128,0.6026,0.3043,0.0931,130.16,65.725,20.115,1349.44,902.39,198.77,2450.6,10.67,122.081,40.449,16.675,4892.5,2107.8,223.6,7223.9,6507.0,-716.9,-11.02,2.58,1.545,7.96,38.0,2734.0,15655.0,0.1746,3446.0,398.2,1.336
2019-04-13,학습,216.0,305.44,178.95,110.42,16.07,0.5859,0.3615,0.0526,0.5979,0.3205,0.0816,129.137,69.227,17.636,1370.68,899.46,200.51,2470.66,10.65,126.945,39.892,16.656,5087.4,2078.8,223.3,7389.5,6613.6,-775.9,-11.73,,,,,,,,,,
2019-04-14,학습,216.0,0.0,,,,,,,0.5945,0.3321,0.0734,128.404,71.738,15.859,1389.49,899.28,200.34,2489.11,10.64,129.652,39.619,16.11,5195.9,2064.6,216.0,7476.5,6801.6,-674.9,-9.92,,,,,,,,,,
2019-04-15,학습,216.0,145.05,126.49,0.0,18.56,0.872,0.0,0.128,0.6731,0.238,0.0889,145.396,51.407,19.197,1423.79,878.79,203.52,2506.1,10.63,138.118,37.762,16.74,5535.2,1967.8,224.4,7727.4,6507.0,-1220.5,-18.76,2.58,1.545,7.96,38.0,2734.0,15655.0,0.1746,3446.0,398.2,1.336
2019-04-16,학습,216.0,173.79,77.85,80.29,15.65,0.448,0.462,0.0901,0.6093,0.3015,0.0892,131.611,65.12,19.269,1441.56,873.64,206.51,2521.72,10.64,137.825,37.281,17.19,5523.4,1942.7,230.5,7696.7,6310.9,-1385.8,-21.96,2.355,1.09,7.92,37.95,2688.0,15420.0,0.1743,,,1.372
2019-04-17,학습,216.0,200.59,153.25,35.92,11.42,0.764,0.1791,0.0569,0.6532,0.2668,0.0801,141.081,57.626,17.293,1467.38,861.42,207.3,2536.09,10.65,141.432,36.273,16.904,5668.0,1890.2,226.7,7784.9,6320.2,-1464.6,-23.17,2.46,0.98,7.94,37.9,2742.0,15380.0,0.1783,,,1.358
2019-04-18,학습,216.0,262.76,151.71,89.59,21.46,0.5774,0.341,0.0817,0.6317,0.2878,0.0805,136.441,62.167,17.392,1486.5,854.71,208.11,2549.32,10.66,141.801,35.78,16.739,5682.8,1864.6,224.4,7771.8,6484.1,-1287.7,-19.86,2.46,0.98,7.94,37.9,2742.0,15380.0,0.1783,,,1.358
2019-04-19,학습,216.0,295.71,145.41,130.77,19.53,0.4917,0.4422,0.066,0.592,0.3316,0.0764,127.873,71.621,16.506,1495.52,857.99,207.98,2561.49,10.68,138.602,36.118,16.361,5554.6,1882.2,219.4,7656.1,6426.4,-1229.7,-19.13,2.405,1.43,7.9,37.9,2748.0,15440.0,0.178,,,1.488
2019-04-20,학습,216.0,168.08,152.37,0.0,15.71,0.9065,0.0,0.0935,0.6812,0.2376,0.0812,147.131,51.32,17.55,1523.07,840.71,208.9,2572.68,10.7,144.331,34.781,16.416,5784.2,1812.5,220.1,7816.8,6628.2,-1188.5,-17.93,,,,,,,,,,
2019-04-21,학습,216.0,41.33,0.0,41.33,0.0,0.0,1.0,0.0,0.4881,0.4537,0.0582,105.425,98.0,12.575,1506.72,871.49,204.77,2582.98,10.72,131.183,37.38,14.962,5257.2,1947.9,200.6,7405.7,6910.6,-495.2,-7.17,,,,,,,,,,
2019-04-22,학습,216.0,206.22,124.2,59.45,22.57,0.6023,0.2883,0.1094,0.5204,0.4068,0.0727,112.417,87.872,15.712,1498.67,889.68,204.11,2592.46,10.74,125.87,38.777,14.911,5044.3,2020.7,199.9,7265.0,6772.9,-492.0,-7.26,2.335,0.94,7.99,38.1,2836.0,15511.0,0.1828,3321.0,391.7,1.442
2019-04-23,학습,216.0,229.07,124.47,88.68,15.92,0.5434,0.3871,0.0695,0.5269,0.4012,0.0718,113.82,86.666,15.513,1492.66,905.21,203.3,2601.18,10.77,123.155,39.867,14.817,4935.5,2077.5,198.7,7211.7,6769.6,-442.1,-6.53,2.33,0.985,7.94,38.0,2854.0,15398.0,0.1853,,,1.461
2019-04-24,학습,216.0,266.54,125.15,129.09,12.3,0.4695,0.4843,0.0461,0.5107,0.4248,0.0645,110.305,91.754,13.941,1483.62,924.59,200.99,2609.2,10.79,120.075,41.199,14.282,4812.1,2146.9,191.5,7150.5,6885.0,-265.5,-3.86,2.725,1.285,7.9,38.0,2875.0,15372.0,0.187,,,1.547
2019-04-25,학습,216.0,223.39,126.33,77.21,19.85,0.5655,0.3456,0.0889,0.5262,0.4023,0.0714,113.663,86.907,15.43,1478.66,937.57,200.35,2616.58,10.82,119.518,41.944,14.363,4789.8,2185.7,192.6,7168.1,6926.7,-241.4,-3.48,2.28,0.935,8.02,38.0,2821.0,15400.0,0.1832,,,1.48
2019-04-26,학습,216.0,210.15,154.32,37.51,18.32,0.7343,0.1785,0.0872,0.5852,0.3389,0.0759,126.406,73.201,16.394,1486.84,935.81,200.72,2623.37,10.85,124.272,41.479,14.708,4980.3,2161.5,197.2,7339.0,7127.9,-211.1,-2.96,2.39,0.99,7.94,38.0,2794.0,15368.0,0.1818,,,1.488
2019-04-27,학습,216.0,280.57,155.08,110.25,15.24,0.5527,0.393,0.0543,0.576,0.3542,0.0698,124.417,76.51,15.073,1492.37,937.49,199.75,2629.61,10.87,126.408,41.349,14.546,5065.9,2154.8,195.0,7415.7,7281.1,-134.6,-1.85,,,,,,,,,,
2019-04-28,학습,216.0,0.0,,,,,,,0.5694,0.3652,0.0654,122.992,78.882,14.126,1496.04,941.42,197.9,2635.36,10.9,127.156,41.429,14.152,5095.9,2158.9,189.8,7444.5,7693.3,248.8,3.23,,,,,,,,,,
2019-04-29,학습,216.0,178.96,73.36,82.27,23.33,0.4099,0.4597,0.1304,0.5242,0.392,0.0838,113.227,84.669,18.104,1489.65,950.82,200.18,2640.65,10.93,123.711,41.959,15.077,4957.8,2186.6,202.2,7346.5,7623.1,276.6,3.63,1.98,1.0,8.0,38.05,2761.0,15421.0,0.179,3326.9,416.9,1.463
2019-04-30,학습,204.0,270.23,176.72,77.95,15.56,0.654,0.2885,0.0576,0.561,0.3626,0.0764,114.44,73.979,15.581,1484.99,948.77,199.76,2633.52,11.0,122.072,41.555,14.951,4892.1,2165.5,200.5,7258.0,7004.6,-253.5,-3.62,2.305,0.925,8.0,38.05,2729.0,15384.0,0.1774,,,1.42
2019-05-01,학습,204.0,200.93,149.99,35.88,15.06,0.7465,0.1786,0.075,0.6136,0.3105,0.076,125.167,63.334,15.498,1491.42,936.25,199.29,2626.95,11.07,125.351,40.36,14.84,5023.5,2103.2,199.0,7325.7,6836.3,-489.4,-7.16,2.405,0.95,7.96,38.0,2715.0,15309.0,0.1773,,,1.405
2019-05-02,학습,216.0,158.01,52.65,88.24,17.12,0.3332,0.5584,0.1083,0.5341,0.3808,0.0852,115.364,82.244,18.392,1487.54,943.63,201.74,2632.91,11.08,123.453,40.857,15.632,4947.5,2129.1,209.6,7286.2,7105.2,-180.9,-2.55,2.515,1.395,8.04,38.0,2734.0,15402.0,0.1775,,,1.571
2019-05-03,학습,216.0,326.28,176.35,129.16,20.77,0.5405,0.3959,0.0637,0.5359,0.385,0.0791,115.755,83.168,17.076,1484.36,951.35,202.69,2638.4,11.09,122.439,41.354,15.778,4906.8,2155.0,211.5,7273.3,6836.0,-437.3,-6.4,2.56,1.08,7.96,38.0,2705.0,15326.0,0.1765,,,1.504
2019-05-04,학습,216.0,233.95,176.41,39.53,18.01,0.7541,0.169,0.077,0.5977,0.3238,0.0785,129.112,69.938,16.949,1494.78,945.22,203.43,2643.44,11.1,127.156,40.717,15.839,5095.9,2121.8,212.4,7430.0,6829.6,-600.4,-8.79,,,,,,,,,,
2019-05-05,학습,216.0,41.37,0.0,41.37,0.0,0.0,1.0,0.0,0.4283,0.5155,0.0562,92.513,111.342,12.145,1467.78,980.99,199.31,2648.08,11.12,115.425,43.489,14.439,4625.7,2266.2,193.6,7085.6,7219.4,133.8,1.85,,,,,,,,,,
2019-05-06,학습,216.0,211.37,149.93,36.45,24.99,0.7093,0.1724,0.1182,0.508,0.4182,0.0738,109.72,90.339,15.941,1460.14,992.89,199.32,2652.35,11.13,115.073,44.162,14.624,4611.6,2301.4,196.1,7109.1,6801.8,-307.3,-4.52,2.33,1.23,7.98,38.0,2604.0,15389.0,0.1692,3473.6,393.3,1.474
2019-05-07,학습,216.0,179.44,73.51,89.13,16.8,0.4097,0.4967,0.0936,0.4801,0.4405,0.0794,103.701,95.144,17.155,1447.1,1008.65,200.54,2656.28,11.14,112.449,45.119,15.114,4506.5,2351.2,202.6,7060.3,6634.5,-425.8,-6.42,2.275,0.88,8.0,38.05,2648.0,15405.0,0.1719,,,1.409
2019-05-08,학습,216.0,296.69,153.53,130.08,13.08,0.5175,0.4384,0.0441,0.4907,0.4399,0.0694,105.99,95.019,14.991,1437.38,1023.02,199.49,2659.9,11.16,111.746,45.922,14.799,4478.3,2393.0,198.4,7069.7,6579.1,-490.6,-7.46,2.23,0.9,7.98,38.0,2667.0,15328.0,0.174,,,1.458
2019-05-09,학습,216.0,146.83,45.92,78.19,22.72,0.3127,0.5325,0.1547,0.4402,0.4662,0.0936,95.094,100.69,20.216,1417.55,1041.92,203.76,2663.23,11.17,106.954,47.057,16.151,4286.3,2452.2,216.6,6955.0,6703.5,-251.4,-3.75,2.41,1.265,8.03,38.05,2634.0,15475.0,0.1702,,,1.428
2019-05-10,학습,216.0,251.01,151.28,79.27,20.46,0.6027,0.3158,0.0815,0.4863,0.4235,0.0902,105.04,91.484,19.476,1409.25,1050.09,206.94,2666.29,11.18,107.977,47.284,16.852,4327.3,2464.0,225.9,7017.2,6365.0,-652.2,-10.25,,,,,,,,,,
2019-05-11,학습,216.0,220.01,154.8,47.62,17.59,0.7036,0.2164,0.08,0.5479,0.3648,0.0873,118.345,78.804,18.851,1414.92,1044.94,209.25,2669.1,11.2,113.93,46.463,17.141,4565.8,2421.3,229.8,7216.9,6593.3,-623.6,-9.46,,,,,,,,,,
2019-05-12,학습,216.0,23.55,23.55,0.0,0.0,1.0,0.0,0.0,0.6761,0.2614,0.0625,146.027,56.465,13.507,1447.82,1017.85,206.02,2671.69,11.21,128.675,43.979,15.735,5156.7,2291.8,211.0,7659.5,7093.9,-565.5,-7.97,,,,,,,,,,
2019-05-13,학습,216.0,302.39,146.77,130.72,24.9,0.4854,0.4323,0.0823,0.622,0.3099,0.0681,134.352,66.928,14.72,1466.41,1003.4,204.27,2674.07,11.23,133.097,42.706,15.141,5334.0,2225.4,203.0,7762.4,6669.6,-1092.9,-16.39,2.49,0.995,7.97,37.95,2625.0,15388.0,0.1706,3654.8,411.5,1.526
2019-05-14,학습,216.0,269.47,177.12,75.64,16.71,0.6573,0.2807,0.062,0.632,0.3016,0.0664,136.513,65.143,14.344,1485.67,988.31,202.28,2676.27,11.24,136.689,41.482,14.623,5477.9,2161.7,196.1,7835.7,6583.1,-1252.6,-19.03,2.525,1.085,7.98,38.0,2657.0,15254.0,0.1742,,,1.385
2019-05-15,학습,216.0,230.93,180.24,35.56,15.13,0.7805,0.154,0.0655,0.6741,0.2597,0.0662,145.605,56.105,14.29,1512.49,965.4,200.4,2678.29,11.25,142.542,39.719,14.254,5712.5,2069.8,191.1,7973.4,6707.6,-1265.8,-18.87,2.135,0.79,8.0,38.0,2638.0,15284.0,0.1726,,,1.374
2019-05-16,학습,216.0,183.1,75.9,88.01,19.19,0.4145,0.4807,0.1048,0.6005,0.3224,0.0771,129.712,69.632,16.656,1521.27,957.84,201.03,2680.14,11.26,139.794,39.304,14.712,5602.3,2048.2,197.3,7847.8,6948.1,-899.7,-12.95,2.33,0.985,7.96,37.95,2684.0,15443.0,0.1738,,,1.469
2019-05-17,학습,216.0,345.25,180.27,146.07,18.91,0.5221,0.4231,0.0548,0.5783,0.3509,0.0708,124.913,75.799,15.288,1524.55,957.05,200.25,2681.85,11.28,136.179,39.446,14.614,5457.5,2055.6,195.9,7709.0,6970.5,-738.4,-10.59,,,,,,,,,,
2019-05-18,학습,220.0,184.49,127.08,39.3,18.11,0.6888,0.213,0.0982,0.6096,0.3118,0.0785,134.118,68.602,17.279,1536.77,949.14,201.52,2687.42,11.27,137.632,38.99,15.144,5515.7,2031.8,203.1,7750.6,7089.9,-660.7,-9.32,,,,,,,,,,
2019-05-19,학습,226.0,23.91,23.91,0.0,0.0,1.0,0.0,0.0,0.7203,0.2234,0.0563,162.785,50.496,12.719,1576.68,923.74,198.12,2698.55,11.24,149.995,37.154,14.138,6011.2,1936.1,189.6,8136.9,7693.5,-443.3,-5.76,,,,,,,,,,
2019-05-20,학습,226.0,135.9,75.0,38.82,22.08,0.5519,0.2857,0.1625,0.6725,0.2411,0.0864,151.996,54.482,19.522,1602.61,904.37,201.8,2708.78,11.22,153.304,35.914,15.493,6143.8,1871.5,207.7,8223.0,7516.7,-706.2,-9.4,2.58,1.285,8.0,38.1,2754.0,15305.0,0.1799,3966.6,480.1,1.596
2019-05-21,학습,228.0,282.88,178.69,88.08,16.11,0.6317,0.3114,0.0569,0.661,0.261,0.078,150.7,59.508,17.793,1625.17,891.57,203.46,2720.2,11.2,154.826,35.262,15.897,6204.8,1837.6,213.2,8255.5,7319.6,-935.8,-12.79,2.345,0.89,8.04,38.0,2701.0,15384.0,0.1756,,,1.513
2019-05-22,학습,228.0,385.24,236.85,132.15,16.24,0.6148,0.343,0.0422,0.6479,0.2843,0.0679,147.717,64.81,15.474,1642.95,885.09,202.67,2730.7,11.18,154.572,35.133,15.478,6194.6,1830.8,207.5,8232.9,7220.4,-1012.5,-14.02,2.535,1.14,7.98,38.0,2671.0,15352.0,0.174,,,1.525
2019-05-23,학습,228.0,170.3,72.03,79.52,18.75,0.423,0.4669,0.1101,0.5841,0.336,0.0798,133.18,76.617,18.203,1644.77,890.94,204.66,2740.37,11.17,148.6,35.968,16.01,5955.3,1874.4,214.7,8044.3,7348.0,-696.3,-9.48,2.425,0.885,7.94,38.0,2721.0,15410.0,0.1766,,,1.525
2019-05-24,학습,228.0,213.28,155.63,38.59,19.06,0.7297,0.1809,0.0894,0.6254,0.2921,0.0825,142.589,66.592,18.819,1655.85,886.3,207.12,2749.26,11.16,148.681,35.876,16.558,5958.5,1869.5,222.0,8050.0,7204.1,-845.9,-11.74,,,,,,,,,,
2019-05-25,학습,228.0,212.9,128.81,65.47,18.62,0.605,0.3075,0.0875,0.6196,0.2964,0.0839,141.273,67.591,19.137,1664.73,883.02,209.7,2757.44,11.15,148.204,35.877,17.027,5939.4,1869.6,228.3,8037.3,7180.8,-856.5,-11.93,,,,,,,,,,
2019-05-26,학습,228.0,65.88,24.89,40.99,0.0,0.3778,0.6222,0.0,0.5511,0.3888,0.0601,125.644,88.644,13.712,1657.27,901.06,206.64,2764.97,11.15,141.659,37.562,15.719,5677.1,1957.4,210.8,7845.2,7331.0,-514.3,-7.01,,,,,,,,,,
2019-05-27,학습,230.0,315.6,201.26,88.82,25.52,0.6377,0.2814,0.0809,0.5756,0.3584,0.066,132.395,82.422,15.183,1657.15,911.44,205.3,2773.9,11.14,140.322,38.495,15.269,5623.5,2006.0,204.7,7834.3,7517.1,-317.2,-4.22,2.25,0.93,7.99,38.0,2784.0,15342.0,0.1815,3701.4,427.8,1.466
2019-05-28,학습,232.0,316.68,223.29,78.21,15.18,0.7051,0.247,0.0479,0.6123,0.3268,0.0609,142.06,75.813,14.126,1666.71,914.38,203.01,2784.11,11.13,143.364,38.759,14.645,5745.4,2019.8,196.4,7961.6,7496.6,-465.0,-6.2,2.62,1.13,7.98,38.0,2795.0,15362.0,0.1819,,,1.56
2019-05-29,학습,236.0,177.25,126.01,39.12,12.12,0.7109,0.2207,0.0684,0.6403,0.2967,0.063,151.105,70.024,14.871,1684.56,911.29,201.65,2797.5,11.11,148.858,38.521,14.443,5965.6,2007.4,193.7,8166.6,7688.6,-478.0,-6.22,2.235,1.085,8.02,38.1,2772.0,15315.0,0.181,,,1.484
2019-05-30,학습,240.0,292.07,181.49,89.81,20.77,0.6214,0.3075,0.0711,0.6349,0.2998,0.0653,152.382,71.944,15.674,1702.25,910.37,201.2,2813.83,11.07,152.757,38.471,14.546,6121.8,2004.8,195.0,8321.7,7915.9,-405.8,-5.13,2.415,0.985,8.01,38.05,2744.0,15284.0,0.1795,,,1.683
2019-05-31,학습,240.0,329.5,205.0,105.3,19.2,0.6222,0.3196,0.0583,0.6313,0.3054,0.0633,151.513,73.292,15.195,1717.66,910.88,200.31,2828.84,11.05,154.814,38.537,14.473,6204.3,2008.2,194.1,8406.6,8194.7,-211.9,-2.59,,,,,,,,,,
2019-06-01,학습,240.0,235.95,180.06,38.47,17.42,0.7631,0.163,0.0738,0.6687,0.265,0.0663,160.481,63.608,15.911,1740.8,901.65,200.21,2842.66,11.03,159.67,37.819,14.638,6398.9,1970.8,196.3,8565.9,8331.2,-234.7,-2.82,,,,,,,,,,
2019-06-02,학습,240.0,43.99,0.0,43.99,0.0,0.0,1.0,0.0,0.4791,0.4734,0.0475,114.99,113.61,11.4,1716.6,943.17,195.6,2855.38,11.02,144.468,41.209,13.397,5789.7,2147.4,179.6,8116.7,8824.0,707.2,8.01,,,,,,,,,,
2019-06-03,학습,240.0,286.67,226.91,36.15,23.61,0.7915,0.1261,0.0824,0.5677,0.3749,0.0574,136.244,89.984,13.772,1715.6,957.74,193.73,2867.07,11.02,143.595,42.198,13.263,5754.7,2199.0,177.8,8131.4,8728.8,597.4,6.84,2.385,0.985,7.97,38.05,2805.0,15324.0,0.183,3617.0,,1.854
2019-06-04,학습,240.0,282.46,178.13,87.11,17.22,0.6306,0.3084,0.061,0.5855,0.3561,0.0584,140.527,85.457,14.016,1718.95,966.62,192.26,2877.83,11.01,144.769,42.675,13.244,5801.7,2223.9,177.6,8203.2,8583.5,380.3,4.43,2.53,1.185,7.97,38.2,2834.0,15384.0,0.1842,,,1.791
2019-06-05,학습,240.0,247.32,101.62,132.79,12.91,0.4109,0.5369,0.0522,0.536,0.4073,0.0566,128.645,97.761,13.594,1710.16,987.1,190.48,2887.74,11.01,140.741,44.065,13.105,5640.3,2296.3,175.7,8112.3,8499.6,387.3,4.56,2.445,1.125,7.98,38.15,2809.0,15405.0,0.1823,,,1.815
2019-06-06,학습,240.0,310.74,207.75,80.66,22.33,0.6686,0.2596,0.0719,0.5736,0.3655,0.061,137.663,87.708,14.629,1711.08,995.88,189.88,2896.84,11.02,141.863,44.442,13.321,5685.3,2315.9,178.6,8179.8,8630.7,451.0,5.22,2.335,0.99,7.98,38.15,2784.0,15421.0,0.1805,,,1.734
2019-06-07,학습,240.0,210.24,157.28,37.49,15.47,0.7481,0.1783,0.0736,0.6231,0.3124,0.0645,149.535,74.977,15.488,1723.81,991.23,190.19,2905.23,11.03,147.304,43.743,13.726,5903.3,2279.5,184.0,8366.9,8832.8,466.0,5.28,,,,,,,,,,
2019-06-08,학습,240.0,232.89,150.11,65.19,17.59,0.6446,0.2799,0.0755,0.6292,0.3032,0.0677,150.997,72.767,16.236,1736.98,984.75,191.22,2912.94,11.04,151.245,42.973,14.226,6061.2,2239.3,190.7,8491.3,8999.0,507.6,5.64,,,,,,,,,,
2019-06-09,학습,230.0,0.0,,,,,,,0.6335,0.2966,0.0699,145.709,68.217,16.073,1743.8,974.23,192.0,2910.03,11.08,151.56,41.954,14.519,6073.9,2186.3,194.7,8454.8,8906.6,451.8,5.07,,,,,,,,,,
2019-06-10,학습,242.0,377.38,181.03,177.11,19.24,0.4797,0.4693,0.051,0.5899,0.3456,0.0645,142.76,83.625,15.615,1747.14,979.96,192.26,2919.36,11.08,150.575,42.322,14.58,6034.4,2205.5,195.5,8435.3,8527.5,92.2,1.08,2.46,0.88,8.06,38.0,2764.0,15442.0,0.179,3541.0,517.5,1.718
2019-06-11,학습,242.0,282.46,208.0,58.01,16.45,0.7364,0.2054,0.0582,0.6314,0.3058,0.0627,152.808,74.008,15.184,1760.25,975.61,192.08,2927.94,11.08,153.986,41.865,14.493,6171.1,2181.6,194.3,8547.1,8210.4,-336.6,-4.1,2.545,0.96,8.07,38.05,2804.0,15431.0,0.1817,,,1.67
2019-06-12,학습,246.0,209.43,153.62,38.86,16.95,0.7335,0.1856,0.0809,0.6604,0.2717,0.0679,162.452,66.845,16.703,1781.96,964.45,193.42,2939.83,11.07,159.948,40.904,14.889,6410.0,2131.6,199.6,8741.2,8211.8,-529.4,-6.45,2.6,1.18,8.01,38.0,2839.0,15467.0,0.1836,,,1.694
2019-06-13,학습,240.0,292.51,184.26,88.65,19.6,0.6299,0.3031,0.067,0.6517,0.2806,0.0676,156.418,67.347,16.235,1795.9,954.68,194.19,2944.78,11.09,161.211,40.128,15.019,6460.6,2091.1,201.4,8753.1,8310.8,-442.3,-5.32,2.32,1.12,8.0,38.0,2813.0,15384.0,0.1829,,,1.674
2019-06-14,학습,240.0,209.58,132.99,60.71,15.88,0.6346,0.2897,0.0758,0.6469,0.2832,0.0699,155.249,67.963,16.788,1807.56,946.32,195.45,2949.33,11.11,161.522,39.518,15.273,6473.1,2059.3,204.8,8737.2,8325.4,-411.8,-4.95,2.385,1.05,8.02,38.0,2801.0,15421.0,0.1816,,,1.644
2019-06-15,학습,240.0,257.19,181.49,59.21,16.49,0.7057,0.2302,0.0641,0.6635,0.2682,0.0683,159.249,64.36,16.391,1822.28,935.01,196.22,2953.51,11.12,163.314,38.712,15.327,6544.9,2017.3,205.5,8767.7,8446.4,-321.4,-3.81,,,,,,,,,,
2019-06-16,학습,240.0,66.74,23.71,43.03,0.0,0.3553,0.6447,0.0,0.5761,0.3749,0.0489,138.276,89.979,11.745,1814.86,950.23,192.27,2957.36,11.14,156.03,40.077,13.97,6253.0,2088.4,187.3,8528.8,8718.1,189.4,2.17,,,,,,,,,,
2019-06-17,학습,240.0,290.39,234.85,36.85,18.69,0.8087,0.1269,0.0644,0.6421,0.3046,0.0533,154.1,73.106,12.794,1823.85,947.36,189.69,2960.9,11.15,157.867,39.886,13.36,6326.6,2078.5,179.1,8584.3,8515.7,-68.5,-0.8,2.34,1.035,8.02,37.95,2751.0,15462.0,0.1779,3511.6,437.6,1.677
2019-06-18,학습,240.0,262.69,156.37,89.46,16.86,0.5953,0.3406,0.0642,0.6288,0.3148,0.0564,150.915,75.552,13.534,1828.94,947.17,188.06,2964.16,11.17,157.726,39.919,13.166,6321.0,2080.2,176.5,8577.8,8305.5,-272.3,-3.28,2.515,1.18,8.04,38.0,2731.0,15405.0,0.1773,,,1.641
2019-06-19,학습,240.0,299.33,152.8,128.85,17.68,0.5105,0.4305,0.0591,0.5953,0.3476,0.0571,142.864,83.42,13.716,1825.57,954.86,186.74,2967.16,11.19,154.419,40.578,13.089,6188.5,2114.5,175.5,8478.5,8259.2,-219.3,-2.65,2.47,1.13,8.02,38.0,2764.0,15382.0,0.1797,,,1.623
2019-06-20,학습,240.0,326.84,185.86,122.49,18.49,0.5687,0.3748,0.0566,0.5877,0.3553,0.057,141.054,85.27,13.677,1820.66,963.78,185.49,2969.92,11.2,151.656,41.284,13.024,6077.7,2151.4,174.6,8403.7,8069.9,-333.9,-4.14,2.4,0.795,7.82,37.95,2824.0,15362.0,0.1838,,,1.587
2019-06-21,학습,240.0,238.11,185.64,37.12,15.35,0.7796,0.1559,0.0645,0.6421,0.2988,0.0591,154.11,71.704,14.185,1829.19,958.42,184.84,2972.46,11.22,155.174,40.8,13.133,6218.7,2126.1,176.1,8520.9,8055.4,-465.4,-5.78,2.37,1.055,7.85,38.0,2798.0,15406.0,0.1816,,,1.62
2019-06-22,학습,240.0,287.87,182.04,89.17,16.66,0.6324,0.3098,0.0579,0.6394,0.3019,0.0588,153.446,72.452,14.102,1836.39,954.25,184.16,2974.79,11.23,157.078,40.448,13.181,6295.0,2107.8,176.7,8579.5,8168.9,-410.6,-5.03,,,,,,,,,,
2019-06-23,학습,220.0,0.0,,,,,,,0.6374,0.3041,0.0585,140.223,66.905,12.871,1829.78,944.85,182.31,2956.94,11.32,152.963,39.705,12.846,6130.1,2069.1,172.2,8371.4,7961.1,-410.3,-5.15,,,,,,,,,,
2019-06-24,학습,240.0,319.02,210.19,87.83,21.0,0.6589,0.2753,0.0658,0.6435,0.296,0.0606,154.432,71.028,14.54,1837.91,940.34,182.27,2960.52,11.32,156.109,39.404,13.117,6256.2,2053.4,175.9,8485.4,8079.1,-406.3,-5.03,2.37,1.075,7.84,38.0,2764.0,15424.0,0.1792,3511.6,310.1,1.626
2019-06-25,학습,240.0,323.03,183.54,121.57,17.92,0.5682,0.3763,0.0555,0.6221,0.3187,0.0591,149.31,76.497,14.192,1840.27,941.65,181.89,2963.81,11.32,156.0,39.586,13.198,6251.8,2062.9,177.0,8491.6,7620.2,-871.5,-11.44,,,,,,,,,,
2019-06-26,학습,240.0,207.12,151.53,38.61,16.98,0.7316,0.1864,0.082,0.6532,0.2812,0.0656,156.759,67.495,15.746,1849.89,933.85,183.09,2966.84,11.33,158.913,39.02,13.72,6368.5,2033.4,184.0,8585.9,7739.2,-846.7,-10.94,,,,,,,,,,
2019-06-27,학습,240.0,294.04,185.27,89.84,18.93,0.6301,0.3055,0.0644,0.6466,0.2881,0.0653,155.189,69.149,15.663,1857.17,928.33,184.12,2969.62,11.33,160.081,38.672,14.05,6415.3,2015.2,188.4,8619.0,8502.3,-116.7,-1.37,2.47,1.03,7.82,37.95,2721.0,15342.0,0.1774,,,1.467
2019-06-28,학습,230.0,308.75,157.66,131.46,19.63,0.5106,0.4258,0.0636,0.6081,0.3271,0.0648,139.857,75.243,14.9,1848.53,929.35,184.3,2962.18,11.37,154.668,38.864,14.046,6198.4,2025.2,188.3,8412.0,7855.1,-556.9,-7.09,2.41,1.03,7.85,38.0,2689.0,15421.0,0.1744,,,1.515
2019-06-29,학습,240.0,246.56,207.02,19.46,20.08,0.8396,0.0789,0.0814,0.6737,0.2568,0.0695,161.691,61.627,16.681,1862.43,916.67,186.24,2965.34,11.37,160.064,37.938,14.578,6414.7,1977.0,195.5,8587.1,8563.6,-23.6,-0.28,,,,,,,,,,
2019-06-30,학습,240.0,63.33,0.0,63.33,0.0,0.0,1.0,0.0,0.4827,0.4675,0.0498,115.857,112.191,11.953,1829.37,955.57,183.3,2968.24,11.37,145.058,41.196,13.522,5813.3,2146.8,181.3,8141.4,8136.3,-5.0,-0.06,,,,,,,,,,
2019-07-01,학습,240.0,285.38,210.37,54.74,20.27,0.7372,0.1918,0.071,0.5549,0.3893,0.0558,133.166,93.438,13.397,1816.27,972.6,182.04,2970.92,11.37,142.727,42.463,13.236,5719.9,2212.8,177.5,8110.1,8129.7,19.6,0.24,2.41,1.03,7.88,38.0,2875.0,15388.0,0.1868,3276.0,314.5,1.308
2019-07-02,학습,240.0,292.07,183.73,88.61,19.73,0.6291,0.3034,0.0676,0.5759,0.365,0.0591,138.214,87.591,14.195,1809.26,982.43,181.68,2973.38,11.37,143.309,43.072,13.28,5743.2,2244.5,178.1,8165.8,7765.1,-400.6,-5.16,2.34,0.875,7.77,38.0,2731.0,15245.0,0.1791,,,1.23
2019-07-03,학습,240.0,304.08,154.37,131.33,18.38,0.5077,0.4319,0.0604,0.5566,0.3839,0.0595,133.572,92.145,14.283,1798.17,996.02,181.44,2975.64,11.38,141.811,43.953,13.336,5683.2,2290.4,178.8,8152.4,7836.4,-316.0,-4.03,2.34,1.085,7.82,38.0,2664.0,15321.0,0.1739,,,1.26
2019-07-04,학습,240.0,289.06,188.31,81.16,19.59,0.6515,0.2808,0.0678,0.5835,0.3547,0.0619,140.029,85.126,14.845,1794.43,1001.51,181.78,2977.72,11.38,143.47,44.139,13.543,5749.6,2300.2,181.6,8231.4,7786.7,-444.7,-5.71,2.4,1.065,7.8,38.0,2685.0,15354.0,0.1749,,,1.281
2019-07-05,학습,240.0,213.85,158.37,38.53,16.95,0.7406,0.1802,0.0793,0.628,0.3052,0.0668,150.718,73.253,16.029,1801.67,994.69,183.27,2979.63,11.38,148.768,43.348,14.04,5962.0,2258.9,188.2,8409.2,7834.0,-575.2,-7.34,2.685,1.385,7.8,38.0,2735.0,15257.0,0.1793,,,1.206
2019-07-06,학습,240.0,269.86,205.86,46.4,17.6,0.7628,0.1719,0.0652,0.6662,0.2674,0.0663,159.892,64.186,15.923,1817.51,979.34,184.54,2981.39,11.38,155.706,41.951,14.346,6240.0,2186.1,192.4,8618.5,7930.8,-687.7,-8.67,,,,,,,,,,
2019-07-07,학습,240.0,41.12,0.0,41.12,0.0,0.0,1.0,0.0,0.4774,0.4751,0.0475,114.567,114.024,11.409,1786.76,1015.06,181.2,2983.02,11.39,141.854,44.751,13.201,5684.9,2332.0,177.0,8193.9,8275.2,81.2,0.98,,,,,,,,,,
2019-07-08,학습,240.0,361.58,210.99,129.94,20.65,0.5835,0.3594,0.0571,0.5075,0.4423,0.0503,121.79,106.15,12.06,1765.68,1040.05,178.77,2984.51,11.39,136.201,46.499,12.616,5458.3,2423.1,169.2,8050.6,7812.0,-238.6,-3.05,2.56,1.175,7.78,38.0,2781.0,15324.0,0.1815,3241.3,246.9,1.05
2019-07-09,학습,240.0,257.71,159.82,78.18,19.71,0.6202,0.3034,0.0765,0.5394,0.4029,0.0577,129.457,96.699,13.845,1753.97,1053.59,178.32,2985.88,11.4,135.781,47.228,12.752,5441.5,2461.1,171.0,8073.6,7299.3,-774.3,-10.61,2.69,1.365,7.8,38.0,2864.0,15362.0,0.1864,,,1.095
2019-07-10,학습,240.0,182.35,126.55,36.97,18.83,0.694,0.2027,0.1033,0.5832,0.3462,0.0706,139.974,83.081,16.945,1753.7,1052.43,181.01,2987.14,11.4,139.729,46.758,13.775,5599.7,2436.6,184.7,8221.0,7168.1,-1052.9,-14.69,2.435,1.305,7.84,38.0,2821.0,15288.0,0.1845,,,1.023
2019-07-11,학습,240.0,290.46,183.84,88.33,18.29,0.6329,0.3041,0.063,0.5973,0.3342,0.0684,143.355,80.219,16.426,1756.84,1048.5,182.96,2988.3,11.4,143.516,46.129,14.317,5751.5,2403.8,192.0,8347.3,7154.0,-1193.3,-16.68,2.37,1.03,7.82,38.0,2854.0,15212.0,0.1876,,,1.143
2019-07-12,학습,240.0,306.1,159.16,129.91,17.03,0.52,0.4244,0.0556,0.5754,0.3598,0.0648,138.093,86.353,15.555,1754.46,1051.02,183.89,2989.37,11.41,143.747,46.086,14.424,5760.8,2401.6,193.4,8355.8,7106.1,-1249.6,-17.59,2.37,1.03,7.82,38.0,2854.0,15212.0,0.1876,,,1.143
2019-07-13,학습,214.0,246.75,207.73,19.18,19.84,0.8419,0.0777,0.0804,0.6509,0.2798,0.0692,139.298,59.886,14.816,1753.48,1026.87,184.0,2964.35,11.51,144.372,43.932,14.276,5785.8,2289.4,191.4,8266.6,6954.0,-1312.5,-18.87,,,,,,,,,,
2019-07-14,학습,240.0,62.79,0.0,62.79,0.0,0.0,1.0,0.0,0.4664,0.484,0.0496,111.938,116.157,11.906,1725.22,1060.93,181.19,2967.34,11.5,133.813,46.605,13.302,5362.6,2428.6,178.4,7969.6,7954.1,-15.5,-0.19,,,,,,,,,,
2019-07-15,학습,236.0,290.48,210.71,58.45,21.32,0.7254,0.2012,0.0734,0.5398,0.4038,0.0564,127.398,95.304,13.299,1714.67,1071.4,180.0,2966.08,11.51,133.484,47.206,13.056,5349.5,2460.0,175.1,7984.5,7424.1,-560.4,-7.55,2.365,0.885,7.83,38.0,2864.0,15398.0,0.186,3352.0,289.9,1.381
2019-07-16,학습,250.0,270.18,159.13,89.47,21.58,0.589,0.3311,0.0799,0.5538,0.3832,0.063,138.439,95.807,15.755,1716.01,1081.55,181.37,2978.93,11.46,137.699,47.757,13.625,5518.4,2488.7,182.7,8189.7,7788.2,-401.5,-5.15,2.36,1.065,7.82,38.0,2842.0,15405.0,0.1845,,,1.419
2019-07-17,학습,264.0,263.13,155.2,89.35,18.58,0.5898,0.3396,0.0706,0.564,0.3709,0.0652,148.89,97.905,17.205,1727.7,1092.97,184.07,3004.75,11.36,144.478,48.393,14.448,5790.1,2521.8,193.7,8505.6,8441.2,-64.4,-0.76,2.43,1.04,7.81,38.0,2867.0,15424.0,0.1859,,,1.891
2019-07-18,학습,264.0,335.12,186.01,125.03,24.08,0.5551,0.3731,0.0719,0.5614,0.3715,0.0671,148.223,98.072,17.705,1737.78,1103.66,187.06,3028.5,11.28,148.392,48.946,15.159,5946.9,2550.6,203.3,8700.8,8914.8,214.0,2.4,2.41,1.05,7.84,38.0,2821.0,15484.0,0.1822,,,1.686
2019-07-19,학습,248.0,216.19,158.82,38.37,19.0,0.7346,0.1775,0.0879,0.6105,0.3165,0.073,151.414,78.49,18.096,1750.25,1093.9,190.2,3034.35,11.28,152.083,47.849,15.761,6094.8,2493.5,211.3,8799.6,8571.7,-227.9,-2.66,,,,,,,,,,
2019-07-20,학습,240.0,309.38,206.36,83.3,19.72,0.667,0.2692,0.0637,0.6265,0.3031,0.0704,150.372,72.744,16.884,1760.68,1079.18,191.87,3031.74,11.31,153.942,46.458,15.808,6169.3,2421.0,212.0,8802.3,8632.1,-170.1,-1.97,,,,,,,,,,
2019-07-21,학습,246.0,0.0,,,,,,,0.638,0.2935,0.0685,156.953,72.202,16.845,1776.86,1065.1,193.38,3035.34,11.31,157.721,45.234,15.828,6320.8,2357.2,212.2,8890.2,9104.2,214.0,2.35,,,,,,,,,,
2019-07-22,학습,249.0,369.98,210.53,137.4,22.05,0.569,0.3714,0.0596,0.6185,0.3156,0.066,153.997,78.579,16.424,1788.79,1058.52,194.34,3041.64,11.3,158.869,44.704,15.715,6366.8,2329.6,210.7,8907.1,7753.1,-1154.0,-14.88,2.31,0.93,7.76,38.0,2895.0,15388.0,0.1881,3206.0,244.2,1.734
2019-07-23,학습,251.0,261.91,157.57,82.58,21.76,0.6016,0.3153,0.0831,0.6137,0.3155,0.0708,154.036,79.19,17.774,1799.8,1053.07,196.58,3049.45,11.29,159.593,44.302,16.044,6395.8,2308.6,215.1,8919.5,7518.4,-1401.1,-18.64,2.685,1.41,7.75,38.0,2862.0,15354.0,0.1864,,,1.779
2019-07-24,학습,240.0,213.96,155.45,37.01,21.5,0.7265,0.173,0.1005,0.6457,0.2751,0.0792,154.963,66.023,19.014,1810.86,1034.9,199.87,3045.63,11.32,160.41,42.908,16.639,6428.5,2236.0,223.1,8887.6,7285.2,-1602.4,-22.0,2.165,1.31,7.73,38.0,2882.0,15364.0,0.1876,,,1.65
2019-07-25,학습,240.0,299.49,186.48,89.2,23.81,0.6227,0.2978,0.0795,0.6392,0.2815,0.0793,153.397,67.571,19.033,1819.46,1019.72,202.93,3042.11,11.35,160.287,41.848,17.051,6423.6,2180.7,228.6,8833.0,7595.0,-1238.0,-16.3,2.62,1.13,7.74,38.0,2835.0,15405.0,0.184,,,1.89
2019-07-26,학습,240.0,264.55,159.19,85.42,19.94,0.6017,0.3229,0.0754,0.6285,0.2933,0.0782,150.851,70.383,18.765,1824.84,1008.57,205.47,3038.88,11.37,159.193,41.172,17.251,6379.8,2145.5,231.3,8756.6,7734.1,-1022.6,-13.22,2.175,1.315,7.71,38.0,2892.0,15288.0,0.1892,,,1.809
2019-07-27,학습,240.0,252.76,208.32,19.52,24.92,0.8242,0.0772,0.0986,0.684,0.232,0.084,164.161,55.686,20.153,1843.09,983.62,209.19,3035.9,11.4,163.843,39.423,17.804,6566.1,2054.4,238.7,8859.2,8070.1,-789.1,-9.78,,,,,,,,,,
2019-07-28,학습,240.0,84.53,0.0,84.53,0.0,0.0,1.0,0.0,0.4901,0.4497,0.0602,117.626,107.933,14.441,1813.35,1012.91,206.91,3033.17,11.42,148.096,42.117,16.467,5935.1,2194.8,220.8,8350.6,8352.7,2.0,0.02,,,,,,,,,,
2019-07-29,학습,240.0,290.86,211.58,56.93,22.35,0.7274,0.1957,0.0768,0.5574,0.3777,0.0649,133.772,90.653,15.575,1802.14,1022.57,205.94,3030.65,11.43,144.843,43.023,15.896,5804.7,2242.0,213.1,8259.8,7373.9,-885.9,-12.01,2.395,1.27,7.74,39.5,2845.0,15142.0,0.1879,3489.0,272.7,1.728
2019-07-30,학습,240.0,327.69,210.87,87.37,29.45,0.6435,0.2666,0.0899,0.5818,0.3462,0.072,139.631,83.095,17.274,1797.68,1023.91,206.75,3028.33,11.45,145.181,43.187,16.017,5818.2,2250.5,214.8,8283.5,7299.9,-983.6,-13.47,2.24,0.84,7.79,39.5,2721.0,15422.0,0.1764,,,1.539
2019-07-31,학습,240.0,240.19,126.82,88.97,24.4,0.528,0.3704,0.1016,0.5665,0.3531,0.0804,135.971,84.741,19.289,1789.91,1026.78,209.5,3026.2,11.46,143.925,43.458,16.703,5767.9,2264.7,224.0,8256.5,7284.8,-971.7,-13.34,2.55,1.37,7.78,39.45,2829.0,15438.0,0.1832,,,1.617
2019-08-01,학습,240.0,300.57,161.72,121.4,17.45,0.538,0.4039,0.0581,0.5585,0.3675,0.074,134.032,88.198,17.771,1780.83,1032.88,210.52,3024.24,11.47,142.375,43.965,16.716,5705.8,2291.1,224.1,8221.0,7233.2,-987.8,-13.66,2.26,0.925,7.8,39.45,2752.0,15462.0,0.178,,,
2019-08-02,학습,240.0,238.77,177.78,39.06,21.93,0.7446,0.1636,0.0918,0.6112,0.3097,0.0791,146.693,74.326,18.982,1785.14,1024.62,212.67,3022.43,11.48,146.483,43.286,17.088,5870.4,2255.7,229.1,8355.2,7226.6,-1128.6,-15.62,,,,,,,,,,
2019-08-03,학습,240.0,229.67,132.02,89.31,8.34,0.5748,0.3889,0.0363,0.6009,0.3321,0.067,144.217,79.712,16.071,1786.62,1022.41,211.74,3020.77,11.49,148.026,43.14,16.468,5932.3,2248.1,220.8,8401.1,7658.3,-742.9,-9.7,,,,,,,,,,
2019-08-04,학습,240.0,0.0,,,,,,,0.5935,0.3482,0.0583,142.443,83.571,13.986,1786.22,1024.23,208.8,3019.24,11.5,148.268,43.325,15.42,5942.0,2257.7,206.8,8406.4,7681.2,-725.2,-9.44,,,,,,,,,,
2019-08-05,학습,243.0,370.81,211.26,129.84,29.71,0.5697,0.3502,0.0801,0.5868,0.3488,0.0645,142.585,84.75,15.666,1785.98,1027.09,207.77,3020.84,11.49,148.475,43.576,15.21,5950.2,2270.8,203.9,8425.0,7409.7,-1015.3,-13.7,2.2,1.16,7.84,39.8,2847.0,15486.0,0.1838,3011.0,299.9,1.419
2019-08-06,학습,246.0,267.14,160.8,79.05,27.29,0.6019,0.2959,0.1022,0.5911,0.3338,0.0752,145.402,82.11,18.487,1788.59,1027.08,209.64,3025.31,11.48,149.729,43.578,15.913,6000.5,2270.9,213.4,8484.8,7369.7,-1115.1,-15.13,2.47,0.885,7.85,39.8,2862.0,15421.0,0.1856,,,1.353
2019-08-07,학습,248.0,166.52,128.03,38.49,0.0,0.7689,0.2311,0.0,0.6415,0.3047,0.0538,159.083,75.562,13.354,1804.66,1020.52,206.23,3031.42,11.45,155.975,43.057,14.853,6250.8,2243.7,199.1,8693.7,7323.1,-1370.5,-18.72,2.515,1.175,7.96,39.8,2884.0,15534.0,0.1857,,,1.231
2019-08-08,학습,252.0,251.6,162.75,88.85,0.0,0.6469,0.3531,0.0,0.643,0.3184,0.0386,162.034,80.242,9.723,1822.4,1019.17,199.47,3041.04,11.42,161.007,42.988,13.04,6452.5,2240.1,174.8,8867.5,7272.6,-1594.9,-21.93,2.325,0.785,7.84,39.8,2845.0,15328.0,0.1856,,,1.011
2019-08-09,학습,252.0,279.41,128.11,130.73,20.57,0.4585,0.4679,0.0736,0.5907,0.3608,0.0485,148.855,90.919,12.226,1825.55,1028.6,195.75,3049.89,11.4,158.839,43.783,12.556,6365.6,2281.6,168.3,8815.5,7092.3,-1723.2,-24.3,2.275,1.085,7.93,39.8,2805.0,15369.0,0.1825,,,1.172
2019-08-10,학습,252.0,300.89,237.33,39.08,24.48,0.7888,0.1299,0.0814,0.6468,0.2953,0.0578,163.004,74.424,14.572,1842.59,1020.78,194.67,3058.03,11.37,163.162,43.139,12.929,6538.8,2248.0,173.4,8960.2,7299.9,-1660.3,-22.74,,,,,,,,,,
2019-08-11,학습,266.0,69.03,27.68,41.35,0.0,0.401,0.599,0.0,0.5771,0.3814,0.0414,153.522,101.457,11.021,1848.78,1040.62,190.12,3079.53,11.31,162.034,44.755,12.119,6493.6,2332.2,162.5,8988.4,7854.2,-1134.2,-14.44,,,,,,,,,,
2019-08-12,학습,252.0,266.61,186.28,58.85,21.48,0.6987,0.2207,0.0806,0.6116,0.3359,0.0525,154.124,84.639,13.237,1855.09,1042.05,188.16,3085.3,11.3,161.58,44.782,12.231,6475.4,2333.6,164.0,8973.1,7289.6,-1683.5,-23.09,2.355,1.175,7.9,39.75,2855.0,15384.0,0.1856,3411.0,384.4,1.172
2019-08-13,학습,252.0,294.34,179.56,88.24,26.54,0.61,0.2998,0.0902,0.6112,0.3256,0.0632,154.013,82.062,15.926,1860.78,1040.8,189.04,3090.61,11.3,161.256,44.599,13.114,6462.4,2324.1,175.8,8962.3,7028.3,-1934.0,-27.52,2.51,0.98,7.94,39.75,2764.0,15524.0,0.178,,,1.084
2019-08-14,학습,252.0,302.37,158.83,123.86,19.68,0.5253,0.4096,0.0651,0.5868,0.3494,0.0637,147.878,88.061,16.061,1859.87,1045.64,189.99,3095.5,11.3,158.601,44.923,13.757,6356.1,2341.0,184.5,8881.5,7366.0,-1515.5,-20.57,2.515,0.985,7.98,39.7,2721.0,15694.0,0.1734,,,0.995
2019-08-15,학습,258.0,276.7,157.32,97.23,22.15,0.5686,0.3514,0.0801,0.5816,0.35,0.0684,150.064,90.3,17.636,1861.23,1052.34,192.43,3106.0,11.28,157.839,45.377,14.667,6325.5,2364.7,196.7,8886.8,7623.3,-1263.6,-16.57,2.35,1.29,8.02,39.7,2746.0,15797.0,0.1738,,,1.151
2019-08-16,학습,264.0,217.87,179.59,19.43,18.85,0.8243,0.0892,0.0865,0.6504,0.2761,0.0735,171.713,72.881,19.406,1884.13,1041.08,196.45,3121.66,11.24,166.028,44.37,15.819,6653.7,2312.2,212.1,9178.0,7904.9,-1273.0,-16.1,2.455,1.27,7.95,39.6,2705.0,15769.0,0.1715,,,1.175
2019-08-17,학습,264.0,245.45,156.19,89.26,0.0,0.6363,0.3637,0.0,0.6464,0.3009,0.0527,170.659,79.436,13.905,1904.14,1037.27,194.65,3136.06,11.21,170.657,44.039,14.953,6839.2,2294.9,200.5,9334.6,7820.2,-1514.4,-19.37,,,,,,,,,,
2019-08-18,학습,264.0,0.0,,,,,,,0.6436,0.3187,0.0377,169.903,84.133,9.963,1921.8,1038.47,189.05,3149.32,11.18,173.21,44.133,13.181,6941.5,2299.8,176.7,9418.1,7772.0,-1646.0,-21.18,,,,,,,,,,
2019-08-19,학습,264.0,340.38,186.2,132.03,22.15,0.547,0.3879,0.0651,0.6162,0.3383,0.0455,162.679,89.312,12.009,1930.82,1044.75,185.94,3161.51,11.17,171.894,44.628,12.587,6888.8,2325.6,168.8,9383.1,7357.9,-2025.2,-27.52,2.515,1.255,8.04,39.5,2689.0,15723.0,0.171,3538.0,489.3,1.211
2019-08-20,학습,264.0,306.51,182.04,98.91,25.56,0.5939,0.3227,0.0834,0.6099,0.3339,0.0562,161.01,88.144,14.845,1937.45,1049.36,185.92,3172.73,11.15,170.415,44.954,13.032,6829.5,2342.6,174.7,9346.9,7041.3,-2305.6,-32.74,2.525,1.355,8.04,39.6,2692.0,15744.0,0.171,,,1.129
2019-08-21,학습,264.0,195.06,156.64,19.97,18.45,0.803,0.1024,0.0946,0.6646,0.2683,0.0671,175.465,70.82,17.716,1958.0,1036.28,188.77,3183.05,11.15,175.285,43.845,14.197,7024.7,2284.8,190.4,9499.9,7345.5,-2154.3,-29.33,2.48,1.23,8.02,39.45,2708.0,15752.0,0.1719,,,1.125
2019-08-22,학습,264.0,246.89,157.98,88.91,0.0,0.6399,0.3601,0.0,0.6576,0.2943,0.0481,173.612,77.694,12.694,1975.06,1031.12,186.37,3192.55,11.14,177.547,43.454,13.485,7115.3,2264.4,180.8,9560.6,8057.1,-1503.4,-18.66,2.315,1.245,8.2,39.45,2721.0,15740.0,0.1729,,,1.224
2019-08-23,학습,264.0,329.52,180.85,131.03,17.64,0.5488,0.3976,0.0535,0.6268,0.3236,0.0496,165.47,85.428,13.102,1982.61,1034.1,184.57,3201.29,11.14,175.686,43.74,13.122,7040.7,2279.3,175.9,9496.0,8250.8,-1245.2,-15.09,2.5,1.34,8.07,39.75,2675.0,15705.0,0.1703,,,1.224
2019-08-24,학습,264.0,268.28,209.38,38.45,20.45,0.7805,0.1433,0.0762,0.6703,0.2725,0.0572,176.971,71.937,15.092,2001.06,1023.36,184.91,3209.33,11.14,179.138,42.904,13.471,7179.1,2235.8,180.6,9595.5,8242.1,-1353.4,-16.42,,,,,,,,,,
2019-08-25,학습,264.0,0.0,,,,,,,0.7016,0.2359,0.0626,185.211,62.271,16.518,2026.28,1003.81,186.64,3216.72,11.15,184.563,41.42,14.137,7396.5,2158.4,189.6,9744.5,8773.5,-971.0,-11.07,,,,,,,,,,
2019-08-26,학습,272.0,282.85,180.91,81.17,20.77,0.6396,0.287,0.0734,0.684,0.2504,0.0656,186.046,68.098,17.856,2050.31,991.64,189.57,3231.53,11.12,188.243,40.626,14.993,7544.0,2117.1,201.0,9862.1,8951.1,-911.0,-10.18,2.555,1.245,8.09,39.5,2684.0,15782.0,0.1701,3370.0,543.4,1.234
2019-08-27,학습,276.0,295.1,182.29,89.31,23.5,0.6177,0.3026,0.0796,0.6652,0.2652,0.0696,183.597,73.19,19.213,2069.98,985.55,193.63,3249.15,11.09,189.533,40.359,15.983,7595.7,2103.2,214.3,9913.1,8809.1,-1104.1,-12.53,2.28,1.18,8.13,39.5,2652.0,15756.0,0.1683,,,1.163
2019-08-28,학습,276.0,331.21,182.13,131.52,17.56,0.5499,0.3971,0.053,0.6325,0.3026,0.0649,174.575,83.51,17.915,2079.04,990.26,196.06,3265.36,11.07,186.72,40.958,16.268,7482.9,2134.4,218.1,9835.4,8462.1,-1373.4,-16.23,2.325,1.18,8.12,39.5,2661.0,15721.0,0.1693,,,1.197
2019-08-29,학습,276.0,296.1,175.32,103.09,17.69,0.5921,0.3482,0.0597,0.6211,0.3155,0.0634,171.413,87.077,17.511,2084.23,998.16,197.9,3280.28,11.06,183.72,41.752,16.341,7362.7,2175.8,219.1,9757.6,8771.8,-985.7,-11.24,2.33,1.04,8.14,39.6,2674.0,15776.0,0.1695,,,1.138
2019-08-30,학습,276.0,170.04,151.72,18.32,0.0,0.8923,0.1077,0.0,0.6979,0.2566,0.0455,192.631,70.822,12.547,2110.21,989.17,194.62,3294.0,11.05,190.357,41.126,14.902,7628.7,2143.1,199.8,9971.6,8921.8,-1049.8,-11.77,2.54,1.505,8.23,39.55,2694.0,15820.0,0.1703,,,1.439
2019-08-31,학습,276.0,285.49,179.14,82.52,23.83,0.6275,0.289,0.0835,0.678,0.2658,0.0562,187.119,73.361,15.521,2128.61,983.44,194.58,3306.63,11.04,192.245,40.798,14.813,7704.3,2126.0,198.6,10029.0,9058.5,-970.5,-10.71,,,,,,,,,,
2019-09-01,학습,276.0,0.0,,,,,,,0.6637,0.2724,0.064,183.169,75.179,17.652,2141.58,979.99,196.67,3318.24,11.04,191.83,40.664,15.392,7687.7,2119.1,206.4,10013.1,9058.5,-954.7,-10.54,,,,,,,,,,
2019-09-02,학습,273.0,325.43,210.5,94.75,20.18,0.6468,0.2912,0.062,0.6589,0.2777,0.0634,179.876,75.814,17.309,2150.23,977.45,198.26,3325.93,11.05,190.257,40.602,15.684,7624.7,2115.8,210.3,9950.7,9067.3,-883.4,-9.74,2.355,1.165,8.2,39.45,3097.0,15424.0,0.2008,3206.0,592.5,1.351
2019-09-03,학습,240.0,226.41,128.06,80.51,17.84,0.5656,0.3556,0.0788,0.6324,0.2998,0.0678,151.787,71.949,16.264,2130.09,971.24,198.67,3300.01,11.17,178.051,40.239,15.569,7135.5,2096.9,208.8,9441.2,9040.4,-400.7,-4.43,2.45,0.765,8.21,39.55,3264.0,15528.0,0.2102,,,1.53
2019-09-04,학습,137.0,332.99,235.51,77.87,19.61,0.7073,0.2339,0.0589,0.6537,0.2811,0.0653,89.551,38.51,8.939,2049.33,932.1,191.73,3173.15,11.65,145.628,37.256,13.293,5836.2,1941.5,178.2,7955.9,7722.8,-233.1,-3.02,2.665,1.52,8.25,39.4,3184.0,15484.0,0.2056,,,0.76
2019-09-05,학습,172.0,290.2,183.24,86.87,20.09,0.6314,0.2993,0.0692,0.6474,0.2863,0.0664,111.345,49.238,11.417,1996.82,906.81,187.81,3091.44,11.94,134.35,35.581,12.486,5384.2,1854.2,167.4,7405.8,6990.4,-415.4,-5.94,2.42,1.37,8.32,39.4,3154.0,15505.0,0.2034,,,0.944
2019-09-06,학습,204.0,287.67,180.61,88.45,18.61,0.6278,0.3075,0.0647,0.6418,0.2923,0.0659,130.931,59.625,13.444,1968.09,893.93,186.24,3048.26,12.08,135.23,34.989,12.543,5419.4,1823.3,168.2,7410.9,7228.3,-182.6,-2.53,2.6,1.22,8.36,39.4,3010.0,15544.0,0.1936,,,1.01
2019-09-07,학습,204.0,355.75,211.2,123.86,20.69,0.5937,0.3482,0.0582,0.6282,0.3081,0.0637,128.147,62.857,12.996,1938.88,885.31,184.34,3008.54,12.19,134.658,34.745,12.448,5396.5,1810.6,166.9,7374.0,7357.2,-16.9,-0.23,,,,,,,,,,
2019-09-08,학습,204.0,0.0,,,,,,,0.6184,0.3195,0.0621,126.152,65.172,12.675,1910.01,879.7,182.28,2971.99,12.29,133.508,34.723,12.287,5350.4,1809.5,164.7,7324.6,7343.3,18.7,0.25,,,,,,,,,,
2019-09-09,학습,204.0,270.79,211.81,38.0,20.98,0.7822,0.1403,0.0775,0.6648,0.2687,0.0665,135.625,54.813,13.562,1892.92,864.17,181.27,2938.36,12.36,136.587,33.876,12.443,5473.8,1765.3,166.8,7406.0,7210.4,-195.6,-2.71,2.605,1.47,8.4,39.5,2865.0,15444.0,0.1855,2164.0,584.5,1.132
2019-09-10,학습,204.0,330.12,213.94,88.94,27.24,0.6481,0.2694,0.0825,0.6601,0.2689,0.071,134.655,54.855,14.49,1876.22,849.93,181.26,2907.42,12.43,138.099,33.159,12.828,5534.4,1728.0,172.0,7434.4,7222.9,-211.5,-2.93,2.5,1.22,8.24,39.5,2926.0,16052.0,0.1823,,,1.074
2019-09-11,학습,205.0,267.36,158.6,89.28,19.48,0.5932,0.3339,0.0729,0.6411,0.2873,0.0715,131.43,58.903,14.667,1857.64,840.88,181.44,2879.96,12.47,137.741,32.875,13.144,5520.1,1713.1,176.2,7409.4,6930.9,-478.6,-6.9,2.455,1.125,8.06,39.45,3002.0,16444.0,0.1826,,,0.869
2019-09-12,학습,223.0,308.13,185.55,78.83,43.75,0.6022,0.2558,0.142,0.6301,0.2784,0.0915,140.508,62.084,20.408,1849.62,835.73,187.34,2872.69,12.42,141.151,32.888,15.081,5656.7,1713.8,202.2,7572.8,7350.3,-222.4,-3.03,,,,,,,,,,
2019-09-13,학습,240.0,0.0,,,,,,,0.6222,0.272,0.1058,149.322,65.281,25.397,1851.05,834.19,197.76,2883.0,12.31,146.78,33.154,17.898,5882.3,1727.7,240.0,7850.0,8133.6,283.6,3.49,,,,,,,,,,
2019-09-14,학습,245.0,210.48,210.48,0.0,0.0,1.0,0.0,0.0,0.7293,0.1949,0.0758,178.672,47.751,18.577,1881.72,815.24,200.52,2897.49,12.18,161.992,31.978,17.772,6491.9,1666.4,238.3,8396.6,8853.4,456.8,5.16,,,,,,,,,,
2019-09-15,학습,252.0,108.42,0.0,82.45,25.97,0.0,0.7605,0.2395,0.5225,0.3552,0.1222,131.682,89.516,30.802,1862.95,839.58,215.29,2917.82,12.04,152.577,34.321,21.354,6114.6,1788.5,286.3,8189.4,,,,,,,,,,,,,
2019-09-16,학습,252.0,397.16,239.6,138.3,19.26,0.6033,0.3482,0.0485,0.5454,0.3532,0.1013,137.449,89.016,25.535,1851.45,861.46,223.61,2936.52,11.92,149.078,36.27,22.215,5974.4,1890.1,297.9,8162.3,9212.5,1050.1,11.4,2.53,0.94,7.94,39.4,2842.0,16186.0,0.1756,3350.0,386.6,1.194
2019-09-17,학습,257.0,201.69,158.94,19.8,22.95,0.788,0.0982,0.1138,0.6142,0.2809,0.1049,157.851,72.2,26.949,1861.26,864.78,232.68,2958.73,11.8,155.08,36.58,23.226,6214.9,1906.2,311.4,8432.6,9320.8,888.2,9.53,2.55,1.29,7.96,39.4,3024.0,16284.0,0.1857,,,1.195
2019-09-18,학습,264.0,203.7,184.8,0.0,18.9,0.9072,0.0,0.0928,0.6973,0.2013,0.1014,184.078,53.143,26.779,1896.52,848.78,240.86,2986.16,11.67,169.273,35.319,23.864,6783.7,1840.5,320.0,8944.2,9637.9,693.7,7.2,2.365,1.175,8.0,39.4,3165.0,16052.0,0.1972,,,1.333
2019-09-19,학습,264.0,422.59,212.51,189.91,20.17,0.5029,0.4494,0.0477,0.6422,0.2716,0.0862,169.531,71.709,22.76,1914.42,852.63,244.36,3011.4,11.56,172.207,35.734,23.094,6901.3,1862.1,309.6,9073.1,9868.9,795.8,8.06,2.39,1.14,8.02,39.4,3054.0,16422.0,0.186,,,1.389
2019-09-20,학습,264.0,288.98,181.39,90.01,17.58,0.6277,0.3115,0.0608,0.6381,0.2829,0.079,168.448,74.691,20.861,1929.8,859.15,245.68,3034.63,11.47,173.583,36.324,21.999,6956.5,1892.9,295.0,9144.3,9861.7,717.3,7.27,2.51,1.225,7.98,39.5,2926.0,16232.0,0.1803,,,1.195
2019-09-21,학습,264.0,325.09,182.59,121.76,20.74,0.5617,0.3745,0.0638,0.6164,0.3089,0.0747,162.73,81.548,19.722,1938.23,872.0,245.76,3055.99,11.39,172.145,37.374,20.91,6898.8,1947.6,280.4,9126.8,9643.8,517.0,5.36,,,,,,,,,,
2019-09-22,학습,264.0,0.0,,,,,,,0.6009,0.3275,0.0716,158.634,86.461,18.906,1941.89,888.74,245.02,3075.65,11.33,169.62,38.659,19.924,6797.6,2014.6,267.1,9079.3,9958.8,879.5,8.83,,,,,,,,,,
2019-09-23,학습,264.0,268.85,213.39,36.74,18.72,0.7937,0.1367,0.0696,0.6555,0.2734,0.0711,173.064,72.179,18.757,1959.69,889.86,244.18,3093.73,11.27,173.834,38.608,19.207,6966.5,2011.9,257.5,9235.9,9645.4,409.5,4.25,2.415,0.97,7.99,39.25,2587.0,16778.0,0.1542,3632.0,467.9,12.276
2019-09-24,학습,264.0,288.19,182.0,88.53,17.66,0.6315,0.3072,0.0613,0.6487,0.283,0.0683,171.267,74.707,18.026,1974.27,893.42,242.69,3110.37,11.23,175.714,38.767,18.499,7041.9,2020.2,248.0,9310.1,9213.1,-97.0,-1.05,2.475,1.28,7.96,39.3,2632.0,16842.0,0.1563,,,1.287
2019-09-25,학습,264.0,200.95,183.17,0.0,17.78,0.9115,0.0,0.0885,0.7232,0.2028,0.074,190.932,53.53,19.538,2007.35,875.51,242.82,3125.68,11.2,184.74,37.207,18.47,7403.6,1938.9,247.6,9590.1,8996.2,-593.9,-6.6,2.47,1.32,8.01,39.2,2466.0,16218.0,0.1521,,,1.204
2019-09-26,학습,264.0,224.74,204.02,0.0,20.72,0.9078,0.0,0.0922,0.7755,0.1453,0.0792,204.745,38.356,20.899,2051.59,843.87,244.3,3139.76,11.17,195.832,34.669,18.859,7848.1,1806.6,252.9,9907.6,8806.8,-1100.7,-12.5,2.385,1.235,8.0,39.2,2495.0,16325.0,0.1528,,,1.172
2019-09-27,학습,264.0,171.31,153.64,0.0,17.67,0.8969,0.0,0.1031,0.8099,0.1041,0.086,213.823,27.483,22.694,2101.38,803.88,247.46,3152.72,11.15,206.303,31.643,19.662,8267.8,1649.0,263.6,10180.3,8936.7,-1243.7,-13.92,2.76,1.66,8.07,39.2,2522.0,16330.0,0.1544,,,1.399
2019-09-28,학습,264.0,360.04,208.36,132.29,19.39,0.5787,0.3674,0.0539,0.7444,0.1787,0.0769,196.519,47.19,20.291,2129.88,786.79,247.97,3164.64,11.14,205.84,30.65,19.489,8249.2,1597.2,261.3,10107.7,9126.2,-981.5,-10.75,,,,,,,,,,
2019-09-29,학습,264.0,27.34,27.34,0.0,0.0,1.0,0.0,0.0,0.8168,0.1281,0.0551,215.648,33.813,14.539,2175.23,757.7,242.68,3175.61,11.13,213.206,28.736,17.645,8544.4,1497.5,236.6,10278.4,9380.2,-898.3,-9.58,,,,,,,,,,
2019-09-30,학습,264.0,340.17,184.72,133.04,22.41,0.543,0.3911,0.0659,0.7392,0.2026,0.0581,195.156,53.496,15.348,2196.47,750.61,238.63,3185.71,11.13,209.552,28.686,16.631,8397.9,1494.8,223.0,10115.8,9166.7,-949.0,-10.35,2.385,1.24,7.89,39.1,2464.0,16518.0,0.1492,3469.0,358.4,1.231
2019-10-01,학습,209.0,306.1,184.38,97.87,23.85,0.6024,0.3197,0.0779,0.7004,0.2358,0.0637,146.389,49.288,13.322,2167.24,739.88,232.87,3139.99,11.32,187.791,28.306,15.332,7525.9,1475.1,205.6,9206.5,7319.6,-1886.9,-25.78,2.66,1.325,8.08,39.0,2582.0,16424.0,0.1572,0.16,0.0,0.969
2019-10-02,학습,264.0,214.99,180.6,18.9,15.49,0.84,0.0879,0.072,0.74,0.1939,0.0661,195.361,51.189,17.45,2189.32,731.92,231.7,3152.93,11.29,193.96,28.136,15.685,7773.1,1466.2,210.3,9449.6,8194.5,-1255.1,-15.32,2.28,1.13,8.02,39.4,2497.0,17058.0,0.1464,,,1.125
2019-10-03,학습,264.0,335.21,183.01,136.64,15.56,0.546,0.4076,0.0464,0.685,0.2545,0.0605,180.839,67.184,15.977,2195.11,740.58,229.15,3164.84,11.26,191.955,29.271,15.484,7692.7,1525.3,207.6,9425.7,8402.7,-1022.9,-12.17,2.305,0.97,8.01,39.25,2436.0,16921.0,0.144,,,1.115
2019-10-04,학습,264.0,264.18,205.21,41.44,17.53,0.7768,0.1569,0.0664,0.711,0.2268,0.0622,187.708,59.878,16.414,2207.3,741.24,227.24,3175.79,11.24,193.467,29.65,15.478,7753.3,1545.1,207.5,9505.9,8330.0,-1176.0,-14.12,2.325,1.01,8.0,39.15,2523.0,16982.0,0.1486,,,0.99
2019-10-05,학습,264.0,266.28,208.65,37.21,20.42,0.7836,0.1397,0.0767,0.7316,0.2021,0.0663,193.138,53.362,17.5,2223.96,735.34,226.57,3185.87,11.23,196.571,29.451,15.799,7877.7,1534.7,211.8,9624.3,8307.9,-1316.3,-15.84,,,,,,,,,,
2019-10-06,학습,264.0,0.0,,,,,,,0.7463,0.1844,0.0692,197.029,48.693,18.278,2243.17,725.24,226.74,3195.14,11.22,200.041,28.908,16.252,8016.8,1506.4,217.9,9741.2,8371.8,-1369.3,-16.36,,,,,,,,,,
2019-10-07,학습,264.0,285.32,185.56,78.01,21.75,0.6504,0.2734,0.0762,0.7191,0.2097,0.0712,189.847,55.351,18.802,2253.66,722.6,227.41,3203.67,11.21,199.309,28.98,16.718,7987.5,1510.2,224.2,9721.8,8384.0,-1337.7,-15.96,2.045,0.985,8.02,39.15,2421.0,17242.0,0.1404,3576.0,478.3,1.04
2019-10-08,학습,264.0,369.36,216.31,136.55,16.5,0.5856,0.3697,0.0447,0.6813,0.255,0.0637,179.858,67.327,16.815,2253.33,732.15,226.04,3211.52,11.21,194.862,29.999,16.439,7809.2,1563.3,220.4,9592.9,8037.4,-1555.5,-19.35,2.635,1.12,8.06,39.2,2532.0,17136.0,0.1478,,,1.204
2019-10-09,학습,264.0,253.27,151.26,84.68,17.33,0.5972,0.3343,0.0684,0.6575,0.2775,0.065,173.568,73.263,17.169,2246.73,746.88,225.14,3218.74,11.21,189.603,31.34,16.355,7598.5,1633.1,219.3,9450.9,7881.9,-1569.0,-19.91,2.39,0.905,8.02,39.2,2418.0,17236.0,0.1403,,,1.307
2019-10-10,학습,264.0,323.79,207.06,98.85,17.88,0.6395,0.3053,0.0552,0.6524,0.2854,0.0623,172.223,75.342,16.435,2239.31,762.5,223.57,3225.38,11.21,185.822,32.644,16.078,7447.0,1701.1,215.6,9363.7,7918.8,-1444.8,-18.25,2.765,1.16,8.12,39.35,2463.0,17352.0,0.1419,,,1.181
2019-10-11,학습,264.0,213.64,177.4,19.07,17.17,0.8304,0.0893,0.0804,0.7028,0.2298,0.0674,185.545,60.665,17.79,2245.81,762.2,223.49,3231.5,11.21,188.819,32.578,16.296,7567.0,1697.7,218.5,9483.2,8012.7,-1470.5,-18.35,2.66,0.95,8.04,39.35,2405.0,17153.0,0.1402,,,1.145
2019-10-12,학습,264.0,266.32,205.74,41.58,19.0,0.7725,0.1561,0.0713,0.7226,0.2089,0.0685,190.761,55.152,18.086,2257.01,756.41,223.7,3237.12,11.21,192.754,32.081,16.533,7724.7,1671.8,221.7,9618.2,8396.2,-1222.0,-14.55,,,,,,,,,,
2019-10-13,학습,264.0,73.53,25.94,47.59,0.0,0.3528,0.6472,0.0,0.6178,0.3332,0.0491,163.087,87.953,12.959,2239.63,783.88,218.78,3242.29,11.22,184.111,34.283,15.156,7378.4,1786.5,203.2,9368.1,9642.5,274.4,2.85,,,,,,,,,,
2019-10-14,학습,255.0,355.71,203.37,131.34,21.0,0.5717,0.3692,0.059,0.6047,0.3434,0.0519,154.2,87.563,13.237,2214.76,808.77,214.52,3238.05,11.26,175.226,36.122,14.301,7022.3,1882.4,191.8,9096.4,9806.9,710.5,7.24,2.635,1.36,8.04,39.35,2578.0,16668.0,0.1547,3816.0,553.8,1.549
2019-10-15,학습,252.0,277.34,178.86,82.07,16.41,0.6449,0.2959,0.0592,0.6161,0.3299,0.054,155.258,83.142,13.6,2192.94,827.25,210.97,3231.15,11.3,170.169,37.33,13.828,6819.6,1945.3,185.4,8950.4,9171.3,220.9,2.41,2.505,1.36,7.98,38.9,2621.0,16755.0,0.1564,,,1.704
2019-10-16,학습,252.0,236.72,182.14,36.15,18.43,0.7694,0.1527,0.0779,0.6596,0.2797,0.0607,166.211,70.483,15.306,2183.81,831.59,209.41,3224.81,11.34,171.432,37.343,14.016,6870.3,1946.0,187.9,9004.2,9406.1,401.9,4.27,2.555,1.145,8.11,38.95,2550.0,16858.0,0.1513,,,1.534
2019-10-17,학습,233.0,309.06,201.92,89.25,17.89,0.6533,0.2888,0.0579,0.6578,0.2823,0.0599,153.268,65.769,13.964,2162.47,830.87,206.63,3199.96,11.44,167.033,36.977,13.743,6694.0,1926.9,184.3,8805.2,9306.6,501.4,5.39,2.305,1.215,8.04,38.95,2689.0,16563.0,0.1624,,,1.614
2019-10-18,학습,249.0,286.29,180.89,89.04,16.36,0.6318,0.311,0.0571,0.6504,0.2904,0.0591,161.96,72.314,14.726,2151.53,836.75,204.83,3193.11,11.47,167.798,37.19,13.784,6724.6,1938.0,184.8,8847.5,9510.9,663.4,6.98,2.725,1.245,8.07,38.65,1854.0,18098.0,0.1024,,,1.88
2019-10-19,학습,230.0,291.12,173.23,99.84,18.05,0.595,0.343,0.062,0.6347,0.3053,0.06,145.99,70.221,13.789,2125.49,840.07,202.24,3167.8,11.57,161.881,37.204,13.532,6487.5,1938.7,181.4,8607.7,9239.6,631.9,6.84,,,,,,,,,,
2019-10-20,학습,240.0,0.0,,,,,,,0.6235,0.316,0.0605,149.637,75.835,14.528,2105.19,848.73,200.6,3154.52,11.61,159.691,37.664,13.582,6399.7,1962.7,182.1,8544.5,9433.7,889.1,9.43,,,,,,,,,,
2019-10-21,학습,236.0,252.95,154.45,78.34,20.16,0.6106,0.3097,0.0797,0.6198,0.3142,0.066,146.281,74.151,15.568,2083.15,855.02,200.13,3138.3,11.66,156.997,37.921,13.927,6291.8,1976.1,186.7,8454.6,9193.7,739.1,8.04,2.45,0.815,7.94,39.35,2864.0,16578.0,0.1728,3573.0,410.0,1.687
2019-10-22,학습,240.0,309.76,205.01,88.05,16.7,0.6618,0.2843,0.0539,0.6317,0.3057,0.0625,151.617,73.371,15.012,2068.2,860.03,199.14,3127.37,11.69,157.471,38.076,13.996,6310.8,1984.2,187.7,8482.6,8753.5,270.9,3.09,2.325,0.885,7.92,39.1,2952.0,16348.0,0.1806,,,1.848
2019-10-23,학습,221.0,287.18,180.35,89.07,17.76,0.628,0.3102,0.0618,0.6307,0.307,0.0623,139.38,67.841,13.779,2042.22,859.11,197.0,3098.32,11.78,152.868,37.765,13.673,6126.3,1968.0,183.3,8277.6,8161.9,-115.8,-1.42,2.6,1.315,7.9,39.1,2916.0,16285.0,0.1791,,,1.746
2019-10-24,학습,216.0,276.68,176.82,82.48,17.38,0.6391,0.2981,0.0628,0.6331,0.3045,0.0625,136.741,65.763,13.496,2015.67,856.18,194.74,3066.59,11.88,148.974,37.336,13.368,5970.2,1945.6,179.2,8095.1,7676.0,-419.1,-5.46,2.45,0.86,7.96,39.3,2826.0,16424.0,0.1721,,,1.58
2019-10-25,학습,216.0,301.29,204.44,79.16,17.69,0.6785,0.2627,0.0587,0.646,0.2926,0.0614,139.526,63.208,13.265,1994.04,850.93,192.44,3037.4,11.97,147.686,36.766,13.091,5918.6,1915.9,175.5,8010.1,7408.5,-601.6,-8.12,2.5,1.015,7.93,39.2,2943.0,16328.0,0.1802,,,1.604
2019-10-26,학습,216.0,282.14,173.58,89.82,18.74,0.6152,0.3184,0.0664,0.6372,0.2999,0.0628,137.645,64.783,13.572,1972.25,847.68,190.62,3010.55,12.04,146.14,36.408,12.994,5856.6,1897.3,174.2,7928.2,7325.5,-602.7,-8.23,,,,,,,,,,
2019-10-27,학습,216.0,0.0,,,,,,,0.631,0.3051,0.0638,136.297,65.912,13.792,1950.85,845.81,189.17,2985.84,12.09,144.647,36.195,12.994,5796.8,1886.2,174.2,7857.2,7383.0,-474.2,-6.42,,,,,,,,,,
2019-10-28,학습,216.0,262.39,154.36,88.91,19.12,0.5883,0.3388,0.0729,0.6189,0.3147,0.0664,133.681,67.975,14.344,1928.55,846.16,188.39,2963.1,12.14,142.679,36.179,13.16,5718.0,1885.3,176.4,7779.7,7625.7,-154.0,-2.02,2.465,0.98,7.92,38.85,2643.0,16288.0,0.1623,3384.0,364.3,1.536
2019-10-29,학습,216.0,317.72,202.6,98.7,16.42,0.6377,0.3107,0.0517,0.6242,0.3136,0.0622,134.831,67.727,13.442,1909.18,846.23,186.77,2942.18,12.18,141.926,36.145,13.002,5687.8,1883.6,174.3,7745.7,7276.9,-468.8,-6.44,2.365,0.935,7.92,38.65,2595.0,16496.0,0.1573,,,1.515
2019-10-30,학습,216.0,257.12,178.97,60.85,17.3,0.6961,0.2367,0.0673,0.6446,0.2918,0.0637,139.229,63.019,13.751,1895.76,841.59,185.59,2922.94,12.2,143.221,35.74,12.988,5739.7,1862.4,174.1,7776.3,7510.7,-265.5,-3.54,2.315,1.025,7.98,38.95,2563.0,16428.0,0.156,,,1.536
2019-10-31,학습,216.0,283.62,178.8,89.92,14.9,0.6304,0.317,0.0525,0.6406,0.2989,0.0605,138.362,64.568,13.07,1882.55,838.87,183.82,2905.24,12.22,143.673,35.519,12.773,5757.8,1851.0,171.3,7780.0,7793.2,13.2,0.17,2.42,0.965,8.02,38.9,2489.0,16541.0,0.1505,,,1.577
2019-11-01,학습,216.0,321.09,174.83,128.98,17.28,0.5445,0.4017,0.0538,0.6133,0.3281,0.0586,132.48,70.86,12.66,1864.51,842.66,181.78,2888.95,12.23,141.598,35.836,12.504,5674.7,1867.4,167.7,7709.7,7958.6,248.8,3.13,2.315,0.785,8.02,38.7,2496.0,16487.0,0.1514,,,1.59
2019-11-02,학습,216.0,279.39,204.91,56.0,18.48,0.7334,0.2004,0.0661,0.6474,0.2919,0.0607,139.833,63.046,13.121,1855.26,838.33,180.37,2873.96,12.24,143.26,35.479,12.459,5741.2,1848.9,167.1,7757.2,7680.2,-76.9,-1.0,,,,,,,,,,
2019-11-03,학습,216.0,0.0,,,,,,,0.6718,0.266,0.0623,145.101,57.447,13.452,1852.02,828.75,179.4,2860.17,12.24,146.392,34.729,12.527,5866.8,1809.7,168.0,7844.5,7675.5,-169.0,-2.2,,,,,,,,,,
2019-11-04,학습,218.0,273.22,178.28,79.27,15.67,0.6525,0.2901,0.0574,0.6663,0.2728,0.0609,145.255,59.473,13.272,1849.2,821.96,178.33,2849.48,12.22,148.386,34.253,12.52,5946.7,1785.0,167.9,7899.5,7900.6,1.1,0.01,2.49,1.115,8.2,38.95,,,,,,2.324
2019-11-05,학습,224.0,309.14,204.25,88.51,16.38,0.6607,0.2863,0.053,0.6647,0.2766,0.0586,148.897,61.967,13.136,1850.24,818.2,177.21,2845.65,12.18,151.072,34.049,12.474,6054.3,1774.3,167.3,7995.9,8202.5,206.6,2.52,2.57,1.14,8.16,39.0,,,,,,1.624
2019-11-06,학습,224.0,344.88,150.88,176.81,17.19,0.4375,0.5127,0.0498,0.6003,0.3435,0.0561,134.468,76.954,12.577,1836.77,829.74,175.61,2842.12,12.14,146.957,35.074,12.276,5889.4,1827.8,164.6,7881.8,8484.6,602.8,7.1,2.475,1.1,8.04,39.1,,,,,,1.691
2019-11-07,학습,224.0,244.66,148.24,77.55,18.87,0.6059,0.317,0.0771,0.6019,0.336,0.0621,134.824,75.267,13.909,1824.74,838.66,175.48,2838.88,12.11,144.561,35.81,12.54,5793.4,1866.1,168.1,7827.6,8402.5,574.8,6.84,2.51,1.01,7.98,38.75,,,,,,1.7
2019-11-08,학습,224.0,308.24,209.16,82.1,16.98,0.6786,0.2664,0.0551,0.6236,0.3163,0.0601,139.692,70.844,13.464,1818.53,842.45,174.92,2835.9,12.07,145.031,36.081,12.586,5812.2,1880.2,168.8,7861.2,8238.4,377.2,4.58,2.46,1.46,8.11,38.9,2634.0,16951.0,0.1554,,,1.744
2019-11-09,학습,224.0,258.58,153.24,88.24,17.1,0.5926,0.3412,0.0661,0.6148,0.3233,0.0618,137.723,72.43,13.847,1810.85,847.52,174.78,2833.15,12.04,144.534,36.439,12.733,5792.3,1898.9,170.7,7861.9,8160.7,298.9,3.66,,,,,,,,,,
2019-11-10,학습,236.0,0.0,,,,,,,0.6085,0.3284,0.063,143.615,77.508,14.877,1809.68,857.26,175.68,2842.62,11.96,146.584,37.148,13.141,5874.4,1935.8,176.2,7986.5,8550.5,564.0,6.6,,,,,,,,,,
2019-11-11,학습,240.0,172.52,156.7,0.0,15.82,0.9083,0.0,0.0917,0.6935,0.2353,0.0712,166.443,56.478,17.079,1831.43,845.2,178.71,2855.34,11.87,156.979,36.068,14.081,6291.0,1879.6,188.8,8359.4,9623.2,1263.8,13.13,2.49,0.99,8.08,38.75,2842.0,17245.0,0.1648,3166.0,483.5,1.692
2019-11-12,학습,216.0,164.37,149.02,0.0,15.35,0.9066,0.0,0.0934,0.7539,0.1686,0.0775,162.847,36.421,16.732,1847.84,814.04,181.16,2843.04,11.89,161.951,33.547,14.617,6490.3,1748.2,196.0,8434.5,8694.2,259.7,2.99,2.065,0.83,8.14,38.9,2736.0,17158.0,0.1595,,,1.423
2019-11-13,학습,216.0,290.93,175.66,100.53,14.74,0.6038,0.3455,0.0507,0.7114,0.2188,0.0699,153.654,47.255,15.091,1853.75,796.21,181.76,2831.72,11.91,161.341,32.272,14.49,6465.8,1681.7,194.3,8341.9,9109.7,767.9,8.43,2.185,0.945,8.16,38.7,2845.0,17320.0,0.1643,,,1.377
2019-11-14,학습,216.0,291.72,172.42,108.54,10.76,0.591,0.3721,0.0369,0.6773,0.2622,0.0605,146.287,56.641,13.072,1851.82,789.19,180.3,2821.31,11.92,158.018,31.94,13.798,6332.7,1664.4,185.0,8182.1,9090.1,908.0,9.99,1.875,0.875,7.96,38.9,2884.0,16980.0,0.1698,,,1.455
2019-11-15,학습,216.0,260.87,180.23,64.56,16.08,0.6909,0.2475,0.0616,0.6811,0.258,0.0608,147.122,55.738,13.14,1850.88,781.83,179.03,2811.73,11.93,156.302,31.586,13.346,6263.9,1646.0,179.0,8088.8,8504.5,415.6,4.89,2.04,0.93,7.96,38.75,2736.0,16846.0,0.1624,,,1.474
2019-11-16,학습,216.0,308.3,208.0,92.15,8.15,0.6747,0.2989,0.0264,0.6793,0.2696,0.0511,146.727,58.239,11.034,1849.62,777.55,175.75,2802.92,11.93,155.086,31.485,12.407,6215.2,1640.7,166.4,8022.3,8015.0,-7.3,-0.09,,,,,,,,,,
2019-11-17,학습,160.0,27.94,27.94,0.0,0.0,1.0,0.0,0.0,0.7702,0.1932,0.0366,123.232,30.911,5.857,1824.96,746.3,167.55,2738.81,12.17,144.938,29.214,10.213,5808.5,1522.4,136.9,7467.8,6381.4,-1086.4,-17.02,,,,,,,,,,
2019-11-18,학습,195.0,277.23,180.78,80.95,15.5,0.6521,0.292,0.0559,0.7367,0.2212,0.0421,143.661,43.134,8.205,1822.71,729.76,162.36,2714.83,12.23,146.851,28.262,9.423,5885.2,1472.8,126.3,7484.3,7319.4,-164.9,-2.25,2.03,0.93,7.92,39.0,2934.0,16548.0,0.1773,3533.0,384.7,1.409
2019-11-19,학습,194.0,312.48,181.76,113.22,17.5,0.5817,0.3623,0.056,0.6928,0.2612,0.046,134.397,50.674,8.929,1811.37,722.09,158.31,2691.76,12.27,144.326,28.057,9.101,5783.9,1462.1,122.0,7368.1,7064.2,-303.9,-4.3,2.095,0.975,7.93,38.9,3154.0,16674.0,0.1892,,,1.356
2019-11-20,학습,196.0,258.76,178.52,65.78,14.46,0.6899,0.2542,0.0559,0.692,0.2592,0.0488,135.624,50.808,9.568,1802.16,715.16,155.22,2672.54,12.3,143.258,27.894,9.074,5741.2,1453.6,121.7,7316.4,6938.7,-377.7,-5.44,2.37,0.93,7.98,38.8,2943.0,16786.0,0.1753,,,1.348
2019-11-21,학습,192.0,265.58,178.95,81.61,5.02,0.6738,0.3073,0.0189,0.6868,0.2728,0.0403,131.868,52.387,7.745,1789.94,710.37,150.55,2650.85,12.34,141.098,27.881,8.508,5654.6,1452.9,114.1,7221.6,6751.2,-470.4,-6.97,2.25,0.94,7.98,39.0,2846.0,16954.0,0.1679,,,1.294
2019-11-22,학습,192.0,274.13,179.32,78.05,16.76,0.6541,0.2847,0.0611,0.6776,0.2762,0.0462,130.09,53.033,8.877,1776.91,706.6,147.39,2630.9,12.36,139.055,27.923,8.462,5572.7,1455.1,113.5,7141.2,6854.1,-287.1,-4.19,2.33,0.87,7.94,38.85,2756.0,16884.0,0.1632,,,1.313
2019-11-23,학습,192.0,278.9,177.35,88.68,12.87,0.6359,0.318,0.0461,0.6657,0.288,0.0462,127.822,55.305,8.872,1762.66,705.41,144.48,2612.55,12.38,136.887,28.139,8.429,5485.9,1466.4,113.0,7065.2,6967.8,-97.5,-1.4,,,,,,,,,,
2019-11-24,학습,192.0,0.0,,,,,,,0.6573,0.2965,0.0462,126.198,56.933,8.869,1747.92,705.94,141.8,2595.66,12.39,134.901,28.454,8.406,5406.2,1482.8,112.7,7001.7,7363.9,362.2,4.92,,,,,,,,,,
2019-11-25,학습,199.0,279.37,154.26,113.15,11.96,0.5522,0.405,0.0428,0.6275,0.3273,0.0452,124.87,65.129,9.001,1733.04,714.63,139.46,2587.12,12.36,133.144,29.376,8.43,5335.9,1530.8,113.0,6979.7,7240.9,261.2,3.61,2.36,1.025,7.96,39.0,2691.0,16584.0,0.1623,3185.0,374.2,1.632
2019-11-26,학습,192.0,307.11,206.88,80.04,20.19,0.6736,0.2606,0.0657,0.6406,0.3084,0.051,122.989,59.21,9.801,1717.46,716.7,138.11,2572.27,12.36,131.309,29.686,8.686,5262.3,1547.0,116.5,6925.7,6708.9,-216.9,-3.23,2.275,1.125,7.94,39.0,2754.0,16723.0,0.1647,,,1.464
2019-11-27,학습,204.0,281.91,180.32,80.95,20.64,0.6396,0.2871,0.0732,0.6403,0.3024,0.0573,130.622,61.683,11.695,1710.76,721.08,138.76,2570.6,12.3,133.23,30.147,9.429,5339.3,1571.0,126.4,7036.7,7296.4,259.7,3.56,2.27,0.735,7.95,39.0,2621.0,16845.0,0.1556,,,1.408
2019-11-28,학습,204.0,241.59,152.25,84.16,5.18,0.6302,0.3484,0.0214,0.6374,0.3154,0.0472,130.038,64.342,9.62,1704.01,727.77,137.29,2569.07,12.25,134.181,30.752,9.313,5377.4,1602.5,124.9,7104.8,7300.1,195.3,2.68,2.33,0.935,7.92,39.05,2584.0,16751.0,0.1543,,,1.428
2019-11-29,학습,166.0,295.33,233.01,44.65,17.67,0.789,0.1512,0.0598,0.6804,0.2689,0.0507,112.946,44.63,8.424,1680.71,714.21,134.74,2529.66,12.38,127.931,29.688,8.875,5126.9,1547.1,119.0,6793.0,6412.5,-380.5,-5.93,2.21,1.19,7.96,38.95,2591.0,16921.0,0.1531,,,1.295
2019-11-30,학습,215.0,148.23,128.81,0.0,19.42,0.869,0.0,0.131,0.7339,0.1926,0.0735,157.779,41.418,15.803,1704.11,698.52,139.77,2542.4,12.25,142.01,28.528,10.79,5691.1,1486.6,144.7,7322.4,8246.5,924.1,11.21,,,,,,,,,,
2019-12-01,학습,216.0,0.0,,,,,,,0.7722,0.138,0.0898,166.787,29.815,19.398,1734.65,672.48,147.99,2555.12,12.13,154.296,26.614,13.173,6183.5,1386.9,176.6,7747.0,8875.0,1128.0,12.71,,,,,,,,,,
2019-12-02,학습,204.0,314.89,206.82,97.76,10.31,0.6568,0.3105,0.0327,0.7395,0.1869,0.0736,150.85,38.13,15.02,1746.8,656.84,151.18,2554.82,12.08,155.498,25.654,13.485,6231.7,1336.9,180.8,7749.3,7649.4,-100.0,-1.31,2.455,0.93,7.92,39.0,2771.0,15958.0,0.1736,3084.0,340.8,1.446
2019-12-03,학습,192.0,298.01,183.4,89.64,24.97,0.6154,0.3008,0.0838,0.7043,0.2192,0.0765,135.225,42.085,14.69,1742.36,646.41,153.78,2542.55,12.09,149.989,25.155,13.598,6010.9,1310.9,182.3,7504.1,7213.2,-290.9,-4.03,2.3,0.825,7.96,39.0,2585.0,15884.0,0.1627,,,1.346
2019-12-04,학습,216.0,283.16,179.85,89.24,14.07,0.6352,0.3152,0.0497,0.6847,0.2464,0.0689,147.895,53.222,14.884,1750.94,647.95,156.37,2555.26,11.98,151.66,25.622,13.733,6077.9,1335.2,184.1,7597.2,7849.2,252.0,3.21,2.445,0.875,8.07,38.85,2591.0,16090.0,0.161,,,1.552
2019-12-05,학습,216.0,243.08,156.73,80.88,5.47,0.6448,0.3327,0.0225,0.6734,0.2709,0.0558,145.45,58.508,12.043,1756.39,654.65,155.91,2566.95,11.89,151.712,26.442,12.973,6080.0,1377.9,173.9,7631.8,7842.9,211.1,2.69,2.51,1.195,8.16,38.95,,,,,,1.669
2019-12-06,학습,216.0,302.47,206.45,80.61,15.41,0.6825,0.2665,0.0509,0.676,0.2696,0.0544,146.011,58.241,11.748,1761.97,660.55,155.19,2577.71,11.81,151.969,27.116,12.367,6090.3,1413.1,165.8,7669.1,7894.8,225.6,2.86,,,,,,,,,,
2019-12-07,학습,216.0,191.79,181.27,0.0,10.52,0.9451,0.0,0.0549,0.7523,0.1932,0.0545,162.492,41.731,11.777,1783.59,649.46,154.56,2587.61,11.74,158.72,26.369,11.962,6360.8,1374.1,160.4,7895.3,8091.4,196.1,2.42,,,,,,,,,,
2019-12-08,학습,216.0,109.72,26.83,82.89,0.0,0.2445,0.7555,0.0,0.6083,0.3526,0.0391,131.403,76.158,8.438,1772.38,673.69,150.64,2596.71,11.68,150.448,28.488,10.685,6029.3,1484.5,143.3,7657.1,8883.5,1226.4,13.81,,,,,,,,,,
2019-12-09,학습,216.0,236.61,153.34,71.61,11.66,0.6481,0.3026,0.0493,0.6196,0.3384,0.042,133.835,73.101,9.064,1764.5,692.93,147.66,2605.09,11.63,146.319,30.043,10.002,5863.8,1565.6,134.1,7563.5,8521.4,957.9,11.24,2.24,0.94,8.1,39.05,2524.0,16548.0,0.1525,3583.0,559.3,1.558
2019-12-10,학습,216.0,278.67,180.78,80.23,17.66,0.6487,0.2879,0.0634,0.6279,0.3241,0.048,135.618,70.007,10.375,1759.04,707.53,146.23,2612.8,11.59,144.486,31.116,9.929,5790.4,1621.5,133.1,7545.0,8634.3,1089.3,12.62,2.485,1.26,8.09,39.0,2786.0,15989.0,0.1742,,,1.895
2019-12-11,학습,216.0,269.75,174.76,80.86,14.13,0.6479,0.2998,0.0524,0.6335,0.3172,0.0493,136.843,68.516,10.641,1755.24,719.48,145.18,2619.89,11.55,143.845,31.909,9.96,5764.7,1662.8,133.5,7561.0,8792.5,1231.5,14.01,2.455,1.08,8.07,39.0,2811.0,16214.0,0.1734,,,1.766
2019-12-12,학습,216.0,250.55,180.93,65.22,4.4,0.7221,0.2603,0.0176,0.6586,0.3011,0.0403,142.268,65.033,8.7,1757.16,726.98,142.27,2626.42,11.52,145.62,32.303,9.399,5835.8,1683.3,126.0,7645.2,8957.8,1312.7,14.65,2.235,0.835,8.09,39.0,2588.0,16533.0,0.1565,,,1.828
2019-12-13,학습,216.0,288.56,180.83,87.99,19.74,0.6267,0.3049,0.0684,0.6496,0.3022,0.0483,140.309,65.268,10.422,1756.98,734.13,141.32,2632.42,11.49,145.931,32.657,9.533,5848.3,1701.8,127.8,7677.9,9525.9,1848.0,19.4,2.255,0.98,8.11,39.0,2532.0,16634.0,0.1522,,,1.785
2019-12-14,학습,216.0,315.74,177.73,119.75,18.26,0.5629,0.3793,0.0578,0.625,0.324,0.051,135.002,69.989,11.009,1751.5,745.42,141.03,2637.94,11.47,144.0,33.335,9.8,5770.9,1737.1,131.4,7639.4,9259.3,1619.9,17.5,,,,,,,,,,
2019-12-15,학습,216.0,0.0,,,,,,,0.6074,0.3397,0.0529,131.199,73.372,11.429,1742.66,759.19,141.18,2643.03,11.45,141.288,34.181,10.108,5662.2,1781.2,135.5,7579.0,9318.4,1739.5,18.67,,,,,,,,,,
2019-12-16,학습,216.0,237.12,176.77,36.67,23.68,0.7455,0.1546,0.0999,0.6465,0.2872,0.0662,139.654,62.042,14.304,1742.98,760.53,144.19,2647.7,11.43,142.997,33.994,11.181,5730.7,1771.4,149.9,7652.1,9321.6,1669.5,17.91,2.125,1.03,7.81,39.0,2456.0,15842.0,0.155,3371.0,296.5,1.768
2019-12-17,학습,210.0,284.75,180.41,89.15,15.19,0.6336,0.3131,0.0533,0.6429,0.2946,0.0626,135.002,61.857,13.14,1738.62,761.58,145.81,2646.0,11.45,142.191,33.82,11.563,5698.4,1762.4,155.0,7615.8,9687.4,2071.6,21.38,2.55,1.415,8.0,39.0,3054.0,16231.0,0.1882,,,1.992
2019-12-18,학습,192.0,261.8,179.01,65.57,17.22,0.6838,0.2505,0.0658,0.6545,0.2821,0.0635,125.657,54.155,12.188,1725.26,754.84,146.34,2626.44,11.54,137.955,33.056,11.538,5528.6,1722.6,154.7,7405.9,9291.7,1885.8,20.3,2.435,1.385,8.02,39.0,2854.0,16112.0,0.1771,,,1.632
2019-12-19,학습,192.0,316.84,179.86,119.92,17.06,0.5677,0.3785,0.0538,0.6299,0.3094,0.0607,120.933,59.403,11.664,1708.25,753.89,146.3,2608.44,11.61,133.453,32.827,11.363,5348.2,1710.6,152.4,7211.2,9301.4,2090.1,22.47,2.395,0.925,8.09,39.0,2921.0,16544.0,0.1766,,,1.562
2019-12-20,학습,192.0,266.29,209.44,36.19,20.66,0.7865,0.1359,0.0776,0.6743,0.2602,0.0655,129.459,49.961,12.58,1701.13,743.57,147.18,2591.88,11.68,134.087,31.877,11.519,5373.6,1661.1,154.4,7189.2,8893.7,1704.5,19.17,2.575,1.21,8.14,39.0,3105.0,16824.0,0.1846,,,1.682
2019-12-21,학습,192.0,250.3,150.93,83.15,16.22,0.603,0.3322,0.0648,0.6541,0.2806,0.0653,125.58,53.879,12.541,1690.69,738.0,147.95,2576.65,11.73,132.927,31.384,11.613,5327.1,1635.4,155.7,7118.3,8227.6,1109.3,13.48,,,,,,,,,,
2019-12-22,학습,195.0,0.0,,,,,,,0.6396,0.2952,0.0652,124.719,57.572,12.708,1680.23,736.57,148.83,2565.63,11.77,131.867,31.26,11.728,5284.7,1629.0,157.3,7070.9,5649.4,-1421.5,-25.16,,,,,,,,,,
2019-12-23,학습,204.0,307.51,155.52,129.38,22.61,0.5057,0.4207,0.0735,0.6016,0.3308,0.0675,122.736,67.486,13.778,1668.62,745.16,150.71,2564.49,11.75,130.42,31.948,12.127,5226.7,1664.9,162.6,7054.1,7921.0,866.9,10.94,1.81,1.105,8.18,38.65,2389.0,17542.0,0.1362,3311.0,577.3,1.747
2019-12-24,학습,209.0,318.74,206.31,97.8,14.63,0.6473,0.3068,0.0459,0.6146,0.324,0.0614,128.447,67.72,12.834,1663.65,753.3,151.5,2568.45,11.71,131.812,32.552,12.116,5282.4,1696.3,162.4,7141.2,8100.9,959.7,11.85,2.39,1.115,8.15,38.6,2582.0,16987.0,0.152,,,1.641
2019-12-25,학습,216.0,185.77,152.16,18.04,15.57,0.8191,0.0971,0.0838,0.6725,0.2597,0.0678,145.27,56.094,14.636,1675.9,749.16,154.02,2579.09,11.65,139.4,32.134,12.649,5586.5,1674.5,169.6,7430.7,8631.0,1200.3,13.91,2.49,1.33,8.13,38.65,2644.0,17124.0,0.1544,,,1.72
2019-12-26,학습,220.0,258.51,152.73,88.44,17.34,0.5908,0.3421,0.0671,0.6494,0.2831,0.0676,142.863,62.273,14.864,1684.77,751.54,156.57,2592.87,11.58,143.116,32.273,13.08,5735.5,1681.8,175.4,7592.7,9293.2,1700.6,18.3,2.305,0.83,8.11,38.65,2488.0,17026.0,0.1461,,,1.788
2019-12-27,학습,227.0,266.81,184.0,64.88,17.93,0.6896,0.2432,0.0672,0.6608,0.2718,0.0675,149.999,61.688,15.314,1700.06,753.13,159.36,2612.56,11.48,148.263,32.345,13.51,5941.7,1685.5,181.1,7808.4,9669.1,1860.7,19.24,,,,,,,,,,
2019-12-28,학습,240.0,276.31,179.3,79.38,17.63,0.6489,0.2873,0.0638,0.6574,0.2762,0.0664,157.781,66.277,15.942,1721.91,759.19,162.56,2643.67,11.35,154.55,32.773,13.99,6193.7,1707.8,187.6,8089.1,9966.3,1877.2,18.84,,,,,,,,,,
2019-12-29,학습,240.0,0.0,,,,,,,0.655,0.2793,0.0657,157.202,67.034,15.764,1741.44,765.53,165.33,2672.29,11.24,158.195,33.197,14.265,6339.8,1729.9,191.3,8261.0,9965.6,1704.6,17.11,,,,,,,,,,
2019-12-30,학습,240.0,0.0,,,,,,,0.6533,0.2816,0.0652,156.787,67.577,15.636,1758.99,771.9,167.75,2698.63,11.15,160.278,33.601,14.414,6423.2,1751.0,193.3,8367.5,,,,,,,,,,,,,
2019-12-31,학습,240.0,0.0,,,,,,,0.652,0.2832,0.0648,156.49,67.966,15.545,1774.84,778.14,169.88,2722.86,11.08,161.443,33.975,14.487,6469.9,1770.5,194.2,8434.6,,,,,,,,,,,,,
2020-01-01,학습,240.0,256.96,152.24,89.12,15.6,0.5925,0.3468,0.0607,0.6352,0.3012,0.0636,152.437,72.295,15.268,1785.36,788.22,171.56,2745.15,11.02,160.54,34.639,14.455,6433.8,1805.1,193.8,8432.6,9444.5,1011.9,10.71,2.735,1.22,8.0,39.0,2584.0,16841.0,0.1534,,,1.887
2020-01-02,학습,240.0,249.36,155.12,80.28,13.96,0.6221,0.3219,0.056,0.6314,0.3071,0.0615,151.547,73.704,14.749,1794.16,798.9,172.6,2765.66,10.98,159.628,35.315,14.277,6397.2,1840.3,191.4,8428.9,9478.7,1049.7,11.07,2.215,1.31,7.99,38.75,2712.0,16942.0,0.1601,,,1.704
2020-01-03,학습,210.0,278.48,178.24,80.91,19.33,0.64,0.2905,0.0694,0.6339,0.3024,0.0637,133.115,63.505,13.379,1783.82,798.53,172.17,2754.53,11.07,151.692,35.074,13.745,6079.2,1827.7,184.3,8091.2,8828.6,737.4,8.35,2.38,0.84,8.0,38.95,2845.0,16866.0,0.1687,,,1.635
2020-01-04,학습,186.0,164.03,145.79,,18.24,0.8888,,0.1112,0.6524,0.2763,0.0713,121.349,51.39,13.262,1762.55,786.08,171.67,2720.29,11.24,142.092,33.9,13.347,5694.4,1766.6,179.0,7639.9,7750.5,110.6,1.43,,,,,,,,,,
2020-01-05,학습,240.0,83.18,,83.18,,,1.0,,0.5646,0.3708,0.0647,135.496,88.983,15.521,1757.12,812.21,173.46,2742.79,11.17,141.83,35.91,13.753,5683.9,1871.3,184.4,7739.6,9528.5,1788.8,18.77,,,,,,,,,,
2020-01-06,학습,240.0,274.28,178.38,72.02,23.88,0.6504,0.2626,0.0871,0.5841,0.3461,0.0698,140.183,83.073,16.744,1756.81,830.34,176.34,2763.49,11.11,143.543,37.144,14.397,5752.6,1935.6,193.0,7881.3,9166.6,1285.3,14.02,2.445,1.025,8.0,38.8,3179.0,16139.0,0.197,3235.0,424.1,1.731
2020-01-07,학습,224.0,248.3,154.52,79.14,14.64,0.6223,0.3187,0.059,0.5933,0.3395,0.0672,132.901,76.055,15.044,1749.24,840.0,177.28,2766.53,11.13,141.687,37.632,14.326,5678.2,1961.0,192.1,7831.3,8918.9,1087.6,12.19,2.32,1.1,8.0,38.95,2951.0,16352.0,0.1805,,,1.733
2020-01-08,학습,240.0,215.99,124.31,80.0,11.68,0.5755,0.3704,0.0541,0.5888,0.3473,0.0639,141.32,83.352,15.328,1750.7,856.19,178.44,2785.33,11.09,143.91,38.629,14.363,5767.3,2013.0,192.6,7972.9,9114.9,1142.0,12.53,2.365,0.865,8.0,38.9,2984.0,16424.0,0.1817,,,1.599
2020-01-09,학습,240.0,256.12,149.24,88.5,18.38,0.5827,0.3455,0.0718,0.5872,0.3468,0.0659,140.937,83.242,15.821,1751.66,870.98,179.99,2802.63,11.05,145.127,39.467,14.536,5816.1,2056.7,194.9,8067.7,9073.3,1005.6,11.08,2.605,1.1,8.02,39.0,3166.0,16251.0,0.1948,,,1.614
2020-01-10,학습,240.0,232.96,149.73,64.94,18.29,0.6427,0.2788,0.0785,0.602,0.3287,0.0693,144.483,78.892,16.625,1756.09,880.23,182.23,2818.54,11.03,147.297,39.831,14.895,5903.0,2075.6,199.7,8178.4,9134.0,955.6,10.46,2.48,1.115,7.73,38.9,3247.0,16375.0,0.1983,,,1.719
2020-01-11,학습,240.0,198.7,181.73,,16.97,0.9146,,0.0854,0.6385,0.2931,0.0685,153.234,70.332,16.433,1768.91,880.18,184.09,2833.18,11.01,152.135,39.455,15.082,6096.9,2056.1,202.2,8355.2,9586.8,1231.6,12.85,,,,,,,,,,
2020-01-12,학습,230.0,41.4,,41.4,,,1.0,,0.5637,0.3785,0.0578,129.647,87.052,13.302,1757.12,896.86,182.67,2836.66,11.03,145.684,40.474,14.27,5838.4,2109.1,191.3,8138.9,9454.0,1315.2,13.91,,,,,,,,,,
2020-01-13,학습,216.0,297.94,179.62,96.04,22.28,0.6029,0.3223,0.0748,0.5724,0.3659,0.0616,123.648,79.041,13.311,1740.28,904.19,181.38,2825.85,11.11,139.306,40.698,13.72,5582.8,2120.8,184.0,7887.6,8013.9,126.3,1.58,2.085,1.155,7.72,39.55,2671.0,15949.0,0.1675,3531.0,258.9,1.461
2020-01-14,학습,216.0,274.42,124.66,135.42,14.34,0.4543,0.4935,0.0523,0.5443,0.3963,0.0594,117.576,85.595,12.829,1718.71,917.49,179.7,2815.91,11.18,132.944,41.413,13.2,5327.8,2158.1,177.0,7662.9,8370.7,707.8,8.46,2.265,1.015,7.78,39.65,2664.0,15895.0,0.1676,,,1.488
2020-01-15,학습,216.0,227.86,149.99,66.3,11.57,0.6583,0.291,0.0508,0.5727,0.37,0.0572,123.709,79.925,12.365,1705.0,924.06,177.7,2806.76,11.25,131.473,41.566,12.707,5268.9,2166.1,170.4,7605.3,8675.0,1069.7,12.33,2.39,1.4,7.85,39.6,2813.0,16113.0,0.1746,,,1.698
2020-01-16,학습,216.0,253.97,153.33,79.67,20.97,0.6037,0.3137,0.0826,0.5807,0.3555,0.0638,125.438,76.786,13.777,1694.11,926.96,177.27,2798.34,11.3,131.258,41.445,12.794,5260.2,2159.8,171.5,7591.6,8754.2,1162.6,13.28,2.63,1.38,7.82,39.7,3147.0,15926.0,0.1976,,,1.531
2020-01-17,학습,200.0,228.6,131.16,79.7,17.74,0.5738,0.3486,0.0776,0.5789,0.3537,0.0674,115.776,70.735,13.488,1674.44,923.58,176.58,2774.6,11.42,127.26,40.859,12.766,5100.0,2129.2,171.2,7400.4,8472.8,1072.4,12.66,2.475,1.365,7.84,39.95,3037.0,16079.0,0.1889,,,1.512
2020-01-18,학습,192.0,280.57,181.66,82.65,16.26,0.6475,0.2946,0.058,0.5974,0.3377,0.0649,114.699,64.844,12.457,1655.25,914.58,174.92,2744.76,11.55,124.364,39.889,12.439,4984.0,2078.7,166.8,7229.4,8124.9,895.5,11.02,,,,,,,,,,
2020-01-19,학습,192.0,,,,,,,,0.6111,0.3259,0.063,117.329,62.578,12.093,1640.24,904.03,173.03,2717.3,11.66,123.63,38.884,12.106,4954.6,2026.3,162.3,7143.2,7766.9,623.7,8.03,,,,,,,,,,
2020-01-20,학습,192.0,241.7,147.37,71.53,22.8,0.6097,0.2959,0.0943,0.6107,0.3176,0.0716,117.257,60.987,13.756,1626.35,892.73,172.95,2692.03,11.76,123.148,37.904,12.378,4935.2,1975.2,166.0,7076.4,7669.6,593.2,7.73,,,,,,,,,,
2020-01-21,학습,192.0,241.81,147.31,79.83,14.67,0.6092,0.3301,0.0607,0.6103,0.3211,0.0686,117.176,61.655,13.17,1613.49,883.01,172.29,2668.79,11.84,122.819,37.124,12.388,4922.0,1934.6,166.1,7022.7,8299.7,1277.0,15.39,2.305,0.97,7.82,39.95,2987.0,15849.0,0.1885,2977.0,277.6,1.522
2020-01-22,학습,192.0,266.82,174.69,79.06,13.07,0.6547,0.2963,0.049,0.6227,0.3142,0.0631,119.562,60.322,12.116,1604.04,872.73,170.63,2647.41,11.91,123.57,36.356,12.078,4952.1,1894.5,161.9,7008.6,8572.7,1564.1,18.24,2.385,0.89,7.86,40.0,3051.0,16024.0,0.1904,,,1.553
2020-01-23,학습,192.0,258.57,149.27,87.32,21.98,0.5773,0.3377,0.085,0.61,0.3208,0.0693,117.113,61.59,13.297,1592.9,864.54,170.29,2627.73,11.97,123.054,35.805,12.221,4931.5,1865.8,163.9,6961.1,8567.1,1606.0,18.75,2.34,1.235,7.87,39.95,2943.0,15882.0,0.1853,,,1.39
2020-01-24,학습,192.0,307.7,227.48,41.4,38.82,0.7393,0.1345,0.1262,0.6464,0.2683,0.0853,124.104,51.523,16.373,1589.64,846.94,173.05,2609.63,12.01,125.532,34.531,13.242,5030.8,1799.4,177.5,7007.8,8893.1,1885.4,21.2,,,,,,,,,,
2020-01-25,학습,192.0,46.89,46.89,,,1.0,,,0.695,0.2148,0.0902,133.443,41.243,17.314,1595.99,820.47,176.52,2592.97,12.05,130.795,32.627,14.22,5241.7,1700.2,190.7,7132.6,8893.8,1761.2,19.8,,,,,,,,,,
2020-01-26,학습,192.0,,,,,,,,0.7261,0.1806,0.0933,139.403,34.682,17.915,1607.78,789.55,180.32,2577.65,12.08,136.426,30.485,15.066,5467.4,1588.6,202.0,7258.0,8694.0,1436.0,16.52,,,,,,,,,,
2020-01-27,학습,192.0,196.91,95.97,78.45,22.49,0.4874,0.3984,0.1142,0.6642,0.2371,0.0987,127.523,45.522,18.956,1606.75,771.94,184.86,2563.55,12.1,135.146,29.533,15.956,5416.1,1539.0,213.9,7169.0,,,,,,,,,,,,,
2020-01-28,학습,192.0,259.11,153.71,88.61,16.79,0.5932,0.342,0.0648,0.6453,0.265,0.0897,123.903,50.872,17.225,1602.19,761.09,187.31,2550.58,12.11,132.909,29.152,16.043,5326.4,1519.2,215.1,7060.7,7835.3,774.6,9.89,2.235,1.22,7.8,39.55,2854.0,15836.0,0.1802,3106.0,262.6,1.229
2020-01-29,학습,192.0,305.83,200.58,89.29,15.96,0.6559,0.292,0.0522,0.6482,0.2723,0.0796,124.45,52.275,15.276,1598.53,752.51,187.61,2538.65,12.12,131.748,28.941,15.517,5279.9,1508.2,208.1,6996.1,8088.6,1092.5,13.51,2.24,0.84,7.82,39.75,2966.0,15793.0,0.1878,,,1.126
2020-01-30,학습,192.0,172.32,152.76,,19.56,0.8865,,0.1135,0.6606,0.2571,0.0823,126.841,49.361,15.798,1597.56,741.71,188.4,2527.67,12.12,131.988,28.529,15.316,5289.5,1486.7,205.4,6981.6,8533.5,1551.9,18.19,2.345,1.14,7.84,39.75,3041.0,15746.0,0.1931,,,1.373
2020-01-31,학습,192.0,302.64,199.99,85.02,17.63,0.6608,0.2809,0.0583,0.6607,0.2633,0.076,126.85,50.558,14.592,1596.68,732.96,187.93,2517.57,12.12,132.141,28.274,14.816,5295.6,1473.4,198.7,6967.7,8599.2,1631.5,18.97,2.17,0.83,7.86,39.85,2948.0,15849.0,0.186,,,1.39
2020-02-01,학습,192.0,265.79,153.63,88.96,23.2,0.578,0.3347,0.0873,0.6386,0.2824,0.079,122.606,54.223,15.171,1591.62,728.58,188.08,2508.28,12.12,130.537,28.352,14.65,5231.3,1477.4,196.4,6905.2,7829.4,924.2,11.8,,,,,,,,,,
2020-02-02,학습,192.0,,,,,,,,0.6221,0.2966,0.0813,119.446,56.951,15.603,1583.81,727.28,188.64,2499.73,12.11,128.284,28.635,14.666,5141.1,1492.2,196.6,6829.9,7516.1,686.2,9.13,,,,,,,,,,
2020-02-03,학습,192.0,286.92,177.99,84.99,23.94,0.6203,0.2962,0.0834,0.6216,0.2965,0.0819,119.353,56.93,15.717,1576.53,726.06,189.28,2491.86,12.1,126.857,28.875,14.711,5083.9,1504.7,197.3,6785.8,7588.6,802.8,10.58,2.37,1.03,7.82,40.0,2817.0,16069.0,0.1753,3309.0,316.9,1.054
2020-02-04,학습,192.0,312.43,180.35,117.32,14.76,0.5772,0.3755,0.0472,0.6093,0.3184,0.0723,116.99,61.136,13.874,1567.46,729.14,188.02,2484.62,12.09,125.032,29.414,14.189,5010.7,1532.8,190.3,6733.8,7426.0,692.2,9.32,2.365,0.95,7.83,39.9,2852.0,16038.0,0.1778,,,1.164
2020-02-05,학습,192.0,229.74,176.48,37.49,15.77,0.7682,0.1632,0.0686,0.6536,0.2751,0.0713,125.5,52.819,13.68,1567.64,723.66,186.66,2477.96,12.07,127.31,29.207,13.775,5102.0,1522.0,184.7,6808.8,7664.2,855.5,11.16,2.38,1.08,7.85,39.95,2826.0,16154.0,0.1749,,,1.27
2020-02-06,학습,192.0,231.41,127.27,88.9,15.24,0.55,0.3842,0.0659,0.6246,0.3057,0.0697,119.921,58.689,13.39,1562.22,724.49,185.13,2471.83,12.06,126.484,29.501,13.406,5068.9,1537.3,179.7,6786.0,7851.0,1065.0,13.56,2.15,0.94,7.88,39.9,2894.0,15859.0,0.1825,,,1.241
2020-02-07,학습,192.0,235.56,126.82,89.02,19.72,0.5384,0.3779,0.0837,0.6003,0.326,0.0737,115.267,62.589,14.144,1552.58,729.15,184.47,2466.2,12.04,124.112,30.063,13.381,4973.9,1566.6,179.4,6719.9,7886.0,1166.1,14.79,2.27,0.98,7.9,39.9,2886.0,15776.0,0.1829,,,1.322
2020-02-08,학습,192.0,274.89,180.06,77.02,17.81,0.655,0.2802,0.0648,0.6158,0.3131,0.0712,118.226,60.11,13.664,1546.66,730.96,183.39,2461.01,12.02,123.833,30.341,13.219,4962.7,1581.1,177.2,6721.1,8120.4,1399.3,17.23,,,,,,,,,,
2020-02-09,학습,192.0,41.95,,41.95,,,1.0,,0.521,0.4214,0.0577,100.028,80.902,11.069,1523.03,753.42,179.79,2456.24,12.01,116.382,32.241,12.331,4664.1,1680.1,165.3,6509.6,8473.2,1963.6,23.17,,,,,,,,,,
2020-02-10,학습,192.0,236.14,177.34,36.25,22.55,0.751,0.1535,0.0955,0.5777,0.3553,0.067,110.922,68.217,12.861,1512.18,761.4,178.28,2451.85,11.99,116.145,32.84,12.263,4654.6,1711.3,164.4,6530.3,7854.4,1324.0,16.86,2.345,1.215,7.85,39.9,2684.0,16527.0,0.1624,3499.0,352.6,1.471
2020-02-11,학습,192.0,259.1,155.4,89.55,14.15,0.5998,0.3456,0.0546,0.5834,0.3528,0.0638,112.006,67.741,12.253,1503.27,768.26,176.28,2447.81,11.97,116.432,33.311,12.034,4666.1,1735.9,161.4,6563.3,7712.5,1149.2,14.9,2.27,0.79,7.87,39.9,2641.0,16551.0,0.1596,,,1.375
2020-02-12,학습,192.0,228.07,127.64,86.12,14.31,0.5597,0.3776,0.0627,0.5771,0.3593,0.0635,110.807,68.994,12.199,1493.89,775.83,174.38,2444.09,11.95,116.129,33.811,11.862,4654.0,1761.9,159.0,6574.9,7570.8,995.9,13.15,2.415,0.98,7.82,39.9,2736.0,16328.0,0.1676,,,1.303
2020-02-13,학습,192.0,289.29,152.08,121.53,15.68,0.5257,0.4201,0.0542,0.5633,0.3757,0.061,108.154,72.129,11.717,1482.6,785.92,172.16,2440.68,11.93,114.881,34.486,11.6,4603.9,1797.1,155.5,6556.6,7178.7,622.1,8.67,2.325,0.82,7.82,39.95,2792.0,16424.0,0.17,,,1.152
2020-02-14,학습,192.0,207.96,150.21,38.61,19.14,0.7223,0.1857,0.092,0.6067,0.3238,0.0695,116.481,62.178,13.341,1480.54,785.26,171.73,2437.53,11.91,117.442,34.263,11.909,4706.6,1785.5,159.7,6651.8,7439.7,788.0,10.59,2.385,1.075,7.81,40.0,2728.0,16579.0,0.1645,,,1.334
2020-02-15,학습,192.0,280.45,179.95,82.22,18.28,0.6416,0.2932,0.0652,0.6163,0.3154,0.0683,118.332,60.555,13.113,1480.49,783.03,171.11,2434.64,11.89,119.762,33.945,12.051,4799.6,1768.9,161.6,6730.0,7815.2,1085.2,13.89,,,,,,,,,,
2020-02-16,학습,192.0,,,,,,,,0.6234,0.3092,0.0674,119.684,59.369,12.947,1481.8,779.79,170.38,2431.97,11.88,121.734,33.579,12.098,4878.6,1749.8,162.2,6790.6,7956.0,1165.4,14.65,,,,,,,,,,
2020-02-17,학습,192.0,301.23,177.03,103.03,21.17,0.5877,0.342,0.0703,0.6134,0.3184,0.0682,117.77,61.13,13.1,1481.09,778.57,169.86,2429.52,11.86,122.184,33.409,12.176,4896.6,1741.0,163.3,6800.9,7648.0,847.2,11.08,2.195,0.745,7.88,40.0,2657.0,16752.0,0.1586,3857.0,415.8,1.073
2020-02-18,학습,192.0,292.68,160.54,117.78,14.36,0.5485,0.4024,0.0491,0.5952,0.342,0.0629,114.276,65.657,12.067,1476.95,781.98,168.34,2427.27,11.84,121.064,33.627,11.919,4851.7,1752.4,159.8,6763.9,7190.3,426.4,5.93,2.365,1.03,7.86,,2721.0,16854.0,0.1614,,,1.342
2020-02-19,학습,192.0,156.23,123.02,18.28,14.93,0.7874,0.117,0.0956,0.6493,0.2787,0.0721,124.662,53.504,13.835,1483.52,772.96,168.72,2425.2,11.82,124.528,32.84,12.274,4990.5,1711.3,164.6,6866.5,7254.0,387.6,5.34,2.345,1.045,7.86,39.9,2784.0,16754.0,0.1662,,,1.363
2020-02-20,학습,192.0,205.81,125.75,65.0,15.06,0.611,0.3158,0.0732,0.6385,0.2891,0.0724,122.589,55.515,13.895,1487.49,766.67,169.12,2423.29,11.81,125.835,32.333,12.534,5042.9,1684.9,168.1,6895.9,7103.3,207.5,2.92,2.31,1.005,7.85,39.9,2852.0,16824.0,0.1695,,,1.289
2020-02-21,학습,192.0,314.11,148.75,147.6,17.76,0.4736,0.4699,0.0565,0.5919,0.3402,0.0679,113.647,65.316,13.037,1482.21,770.69,168.64,2421.53,11.79,123.065,32.686,12.454,4931.9,1703.3,167.0,6802.2,7119.5,317.3,4.46,2.425,1.155,7.86,39.9,2815.0,16804.0,0.1675,,,1.202
2020-02-22,학습,192.0,125.25,74.24,35.64,15.37,0.5927,0.2846,0.1227,0.5921,0.3245,0.0834,113.692,62.296,16.012,1477.39,771.36,171.17,2419.92,11.78,121.374,32.744,13.292,4864.1,1706.3,178.2,6748.7,7923.5,1174.8,14.83,,,,,,,,,,
2020-02-23,학습,192.0,,,,,,,,0.5923,0.3132,0.0945,113.724,60.128,18.148,1472.99,769.82,175.63,2418.43,11.76,120.344,32.62,14.504,4822.9,1699.9,194.5,6717.2,8348.1,1630.9,19.54,,,,,,,,,,
2020-02-24,학습,192.0,185.1,126.58,37.18,21.34,0.6838,0.2009,0.1153,0.6182,0.2814,0.1004,118.699,54.025,19.277,1473.91,762.29,180.86,2417.06,11.75,121.698,32.026,15.669,4877.1,1668.9,210.1,6756.2,9090.4,2334.3,25.68,2.285,1.205,7.86,40.0,2904.0,17013.0,0.1707,4224.0,437.0,1.738
2020-02-25,학습,192.0,176.71,156.13,20.58,,0.8835,0.1165,,0.6714,0.2273,0.1013,128.915,43.633,19.451,1484.98,744.97,185.85,2415.81,11.74,126.62,30.691,16.515,5074.4,1599.3,221.4,6895.2,9862.5,2967.3,30.09,2.375,0.995,7.85,39.9,2862.0,16943.0,0.1689,,,1.812
2020-02-26,학습,192.0,321.9,101.37,199.32,21.21,0.3149,0.6192,0.0659,0.5728,0.3357,0.0915,109.969,64.462,17.569,1476.22,749.87,188.56,2414.65,11.72,122.077,31.223,16.527,4892.3,1627.1,221.6,6741.0,9218.8,2477.8,26.88,2.305,1.05,7.88,39.9,2894.0,17024.0,0.17,,,1.409
2020-02-27,학습,192.0,198.52,104.94,79.08,14.5,0.5286,0.3983,0.073,0.5605,0.3532,0.0864,107.607,67.812,16.581,1465.79,757.73,190.07,2413.58,11.71,118.331,31.943,16.239,4742.2,1664.6,217.7,6624.5,8188.4,1563.9,19.1,2.27,1.005,7.87,39.9,2817.0,17102.0,0.1647,,,1.358
2020-02-28,학습,192.0,210.22,151.47,38.83,19.92,0.7205,0.1847,0.0948,0.6053,0.306,0.0887,116.213,58.755,17.033,1464.81,755.9,191.9,2412.6,11.7,119.463,31.83,16.178,4787.5,1658.7,216.9,6663.1,7556.2,893.0,11.82,2.3,1.21,7.92,39.9,2786.0,17069.0,0.1632,,,1.337
2020-02-29,학습,192.0,171.29,116.43,41.22,13.64,0.6797,0.2406,0.0796,0.6262,0.2876,0.0862,120.229,55.228,16.543,1467.92,750.69,193.1,2411.7,11.69,121.767,31.451,15.99,4879.9,1639.0,214.4,6733.3,7627.3,894.0,11.72,,,,,,,,,,
2020-03-01,학습,192.0,,,,,,,,0.6413,0.2744,0.0843,123.124,52.686,16.19,1473.67,743.35,193.85,2410.87,11.68,124.346,30.927,15.755,4983.3,1611.6,211.2,6806.1,7857.0,1050.8,13.37,,,,,,,,,,
2020-03-02,학습,192.0,251.9,119.3,113.65,18.95,0.4736,0.4512,0.0752,0.594,0.3243,0.0818,114.04,62.263,15.697,1469.88,746.18,194.05,2410.11,11.67,122.303,31.248,15.448,4901.4,1628.3,207.1,6736.9,7235.4,498.6,6.89,2.41,0.955,7.9,39.9,2745.0,17104.0,0.1605,3387.0,378.3,1.085
2020-03-03,학습,192.0,220.17,127.3,79.22,13.65,0.5782,0.3598,0.062,0.5895,0.3343,0.0762,113.185,64.19,14.625,1465.54,750.71,193.16,2409.41,11.66,120.701,31.674,14.916,4837.2,1650.6,200.0,6687.8,7029.1,341.3,4.86,2.24,0.76,7.94,39.9,2728.0,17155.0,0.159,,,1.166
2020-03-04,학습,192.0,148.26,102.25,36.46,9.55,0.6897,0.2459,0.0644,0.6178,0.3093,0.0728,118.623,59.39,13.987,1466.99,750.08,191.7,2408.76,11.65,121.889,31.652,14.363,4884.8,1649.4,192.6,6726.8,6806.0,79.2,1.16,2.385,1.11,7.92,40.0,2762.0,17104.0,0.1615,,,1.152
2020-03-05,학습,192.0,176.01,101.63,60.82,13.56,0.5774,0.3455,0.077,0.6064,0.3196,0.074,116.427,61.358,14.215,1466.12,751.46,190.59,2408.17,11.64,121.743,31.791,14.054,4878.9,1656.7,188.4,6724.0,7011.9,287.9,4.11,2.415,1.01,7.95,39.95,2821.0,17025.0,0.1657,,,1.267
2020-03-06,학습,186.0,216.51,75.36,123.21,17.94,0.3481,0.5691,0.0829,0.5333,0.3902,0.0765,99.185,72.58,14.235,1448.08,763.96,189.58,2401.62,11.66,114.756,32.807,13.849,4598.9,1709.6,185.7,6494.2,6753.6,259.4,3.84,2.425,1.015,7.92,39.8,2796.0,17103.0,0.1635,,,1.202
2020-03-07,학습,168.0,171.95,105.16,51.64,15.15,0.6116,0.3003,0.0881,0.5554,0.3648,0.0798,93.313,61.279,13.408,1425.61,764.15,187.83,2377.6,11.77,108.098,32.765,13.462,4332.1,1707.4,180.5,6220.0,5911.6,-308.4,-5.22,,,,,,,,,,
2020-03-08,학습,168.0,,,,,,,,0.5713,0.3465,0.0822,95.985,58.212,13.803,1407.61,761.27,186.62,2355.5,11.86,105.06,32.485,13.316,4210.4,1692.8,178.5,6081.7,6250.8,169.1,2.7,,,,,,,,,,
2020-03-09,학습,124.0,133.28,78.92,36.01,18.35,0.5921,0.2702,0.1377,0.5772,0.3249,0.0979,71.577,40.285,12.139,1366.64,740.68,183.84,2291.16,12.16,93.424,30.812,12.718,3744.0,1605.7,170.5,5520.2,4958.3,-561.9,-11.33,2.41,1.13,7.88,40.0,2724.0,17021.0,0.16,3836.0,413.6,0.777
2020-03-10,학습,144.0,206.61,105.79,87.62,13.2,0.512,0.4241,0.0639,0.5588,0.353,0.0883,80.461,50.831,12.709,1337.83,732.29,181.85,2251.97,12.32,89.801,30.236,12.481,3598.8,1575.6,167.3,5341.8,4851.2,-490.6,-10.11,2.305,1.02,7.92,40.0,2707.0,17093.0,0.1584,,,0.824
2020-03-11,학습,144.0,197.74,79.69,109.1,8.95,0.403,0.5517,0.0453,0.5146,0.4093,0.0761,74.104,58.941,10.954,1304.97,732.68,178.26,2215.91,12.45,85.024,30.395,11.793,3407.4,1583.9,158.1,5149.4,4280.6,-868.9,-20.3,2.36,1.005,8.06,39.9,2687.0,17123.0,0.1569,,,0.864
2020-03-12,학습,144.0,241.97,108.75,120.16,13.06,0.4494,0.4966,0.054,0.4961,0.4341,0.0698,71.444,62.503,10.052,1272.07,736.6,174.06,2182.74,12.57,81.014,30.815,11.054,3246.7,1605.8,148.2,5000.7,4143.9,-856.8,-20.68,2.35,1.01,8.02,39.8,2667.0,17090.0,0.1561,,,0.819
2020-03-13,학습,144.0,94.49,75.61,,18.88,0.8002,,0.1998,0.5105,0.396,0.0935,73.508,57.029,13.463,1243.87,734.74,173.61,2152.22,12.66,79.366,30.734,11.573,3180.7,1601.6,155.2,4937.4,4518.9,-418.5,-9.26,2.37,1.2,8.02,39.95,2649.0,17058.0,0.1553,,,0.943
2020-03-14,학습,144.0,177.39,79.69,82.98,14.72,0.4492,0.4678,0.083,0.4947,0.4145,0.0908,71.237,59.689,13.074,1215.65,735.68,172.8,2124.13,12.73,77.442,30.877,11.81,3103.5,1609.1,158.4,4871.0,5119.2,248.2,4.85,,,,,,,,,,
2020-03-15,학습,144.0,,,,,,,,0.4827,0.4286,0.0887,69.507,61.717,12.776,1187.96,738.58,171.76,2098.3,12.79,75.563,31.162,11.883,3028.2,1623.9,159.3,4811.4,5707.3,895.8,15.7,,,,,,,,,,
2020-03-16,학습,144.0,200.73,76.36,106.32,18.05,0.3804,0.5297,0.0899,0.4551,0.4558,0.089,65.538,65.64,12.823,1158.52,745.16,170.85,2074.53,12.83,72.817,31.717,11.946,2918.2,1652.8,160.2,4731.2,6494.6,1763.5,27.15,2.3,1.095,8.07,40.0,2605.0,17107.0,0.1523,3815.0,589.9,1.199
2020-03-17,학습,144.0,283.9,154.57,116.11,13.22,0.5445,0.409,0.0466,0.4795,0.443,0.0774,69.053,63.796,11.151,1134.94,749.38,168.34,2052.66,12.86,72.529,32.041,11.487,2906.7,1669.7,154.0,4730.4,6853.0,2122.6,30.97,2.415,0.99,8.02,39.9,2629.0,17096.0,0.1538,,,1.208
2020-03-18,학습,144.0,91.03,80.34,,10.69,0.8826,,0.1174,0.5309,0.3896,0.0795,76.446,56.106,11.448,1120.64,745.57,166.33,2032.54,12.88,75.309,31.701,11.264,3018.0,1652.0,151.0,4821.1,6932.7,2111.6,30.46,2.47,0.92,8.07,39.9,2661.0,17120.0,0.1554,,,1.028
2020-03-19,학습,144.0,228.04,150.2,63.88,13.96,0.6587,0.2801,0.0612,0.5637,0.3615,0.0748,81.178,52.051,10.771,1112.22,738.01,163.8,2014.02,12.89,78.916,31.088,10.909,3162.6,1620.0,146.3,4928.9,7238.0,2309.1,31.9,2.195,0.82,8.02,39.95,2693.0,17084.0,0.1576,,,0.914
2020-03-20,학습,144.0,205.28,79.66,107.88,17.74,0.3881,0.5255,0.0864,0.5173,0.4048,0.0779,74.496,58.291,11.213,1097.78,737.29,161.92,1996.99,12.89,78.468,31.067,10.799,3144.6,1618.9,144.8,4908.4,6908.0,1999.7,28.95,2.4,1.095,8.07,40.0,2642.0,17104.0,0.1545,,,0.941
2020-03-21,학습,144.0,132.45,78.45,36.97,17.03,0.5923,0.2791,0.1286,0.5375,0.3709,0.0915,77.404,53.417,13.18,1087.41,731.76,162.15,1981.32,12.88,79.354,30.659,11.315,3180.2,1597.7,151.7,4929.5,6349.8,1420.3,22.37,,,,,,,,,,
2020-03-22,학습,144.0,41.78,,41.78,,,1.0,,0.4616,0.4535,0.0849,66.468,65.303,12.229,1066.94,738.55,161.41,1966.9,12.86,75.527,31.263,11.381,3026.8,1629.1,152.6,4808.5,5940.9,1132.3,19.06,,,,,,,,,,
2020-03-23,학습,144.0,139.57,80.48,38.4,20.69,0.5766,0.2751,0.1482,0.4894,0.4104,0.1002,70.47,59.098,14.432,1052.1,738.6,162.94,1953.64,12.84,74.767,31.28,12.086,2996.4,1630.0,162.1,4788.4,5738.4,950.0,16.55,2.2,0.855,8.01,40.05,2613.0,17026.0,0.1535,4010.0,565.1,0.799
2020-03-24,학습,144.0,178.76,100.58,64.08,14.1,0.5627,0.3585,0.0789,0.5079,0.3973,0.0948,73.131,57.212,13.657,1041.11,736.75,163.57,1941.43,12.81,75.363,31.143,12.335,3020.2,1622.9,165.4,4808.5,5424.2,615.7,11.35,2.13,1.145,8.06,40.05,2672.0,17076.0,0.1565,,,0.837
2020-03-25,학습,144.0,217.83,75.8,130.16,11.87,0.348,0.5975,0.0545,0.4662,0.4494,0.0843,67.138,64.717,12.144,1025.01,742.56,162.64,1930.21,12.78,73.334,31.627,12.051,2938.9,1648.1,161.6,4748.6,5603.0,854.4,15.25,2.535,1.08,8.09,40.15,2644.0,17101.0,0.1546,,,0.869
2020-03-26,학습,144.0,194.22,108.03,73.44,12.75,0.5562,0.3781,0.0656,0.4902,0.4304,0.0794,70.591,61.982,11.427,1013.64,745.17,161.06,1919.87,12.75,73.463,31.82,11.642,2944.1,1658.2,156.1,4758.4,5391.4,633.0,11.74,2.445,1.005,8.13,40.0,2704.0,17028.0,0.1588,,,0.821
2020-03-27,학습,144.0,162.16,103.34,40.08,18.74,0.6373,0.2472,0.1156,0.5301,0.3807,0.0892,76.332,54.828,12.841,1008.93,740.42,161.02,1910.37,12.71,75.839,31.411,11.787,3039.3,1636.9,158.0,4834.2,5426.0,591.8,10.91,2.5,1.145,8.11,40.0,2676.0,17084.0,0.1566,,,0.859
2020-03-28,학습,144.0,162.36,105.09,41.71,15.56,0.6473,0.2569,0.0958,0.5622,0.3468,0.091,80.963,49.932,13.104,1009.22,731.15,161.25,1901.63,12.67,79.157,30.672,11.965,3172.3,1598.4,160.4,4931.1,5342.1,411.0,7.69,,,,,,,,,,
2020-03-29,학습,144.0,,,,,,,,0.5858,0.3219,0.0923,84.354,46.349,13.297,1012.88,719.04,161.66,1893.58,12.63,82.56,29.758,12.144,3308.6,1550.7,162.8,5022.2,5497.4,475.2,8.64,,,,,,,,,,
2020-03-30,학습,150.0,205.75,77.92,108.22,19.61,0.3787,0.526,0.0953,0.5281,0.3788,0.0932,79.209,56.815,13.975,1011.11,718.37,162.71,1892.18,12.55,82.6,29.819,12.47,3310.3,1553.9,167.2,5031.4,5688.9,657.5,11.56,2.52,1.04,8.13,40.0,2741.0,17121.0,0.1601,4078.0,707.7,0.868
2020-03-31,학습,168.0,262.43,153.37,94.46,14.6,0.5844,0.3599,0.0556,0.5438,0.3735,0.0827,91.367,62.747,13.886,1021.63,723.68,163.58,1908.89,12.36,87.488,30.345,12.665,3506.2,1581.3,169.8,5257.3,6281.1,1023.8,16.3,,,,,,,,,,
2020-04-01,학습,168.0,131.54,78.12,41.92,11.5,0.5939,0.3187,0.0874,0.5579,0.3581,0.084,93.729,60.159,14.111,1033.67,725.97,164.61,1924.26,12.19,91.448,30.585,12.866,3664.8,1593.8,172.5,5431.2,6198.6,767.4,12.38,2.375,0.945,8.17,39.95,2719.0,17098.0,0.159,,,0.962
2020-04-02,학습,168.0,158.06,79.33,64.32,14.41,0.5019,0.4069,0.0912,0.5421,0.3719,0.086,91.078,62.471,14.451,1042.1,730.4,165.9,1938.41,12.05,92.829,30.974,13.104,3720.2,1614.1,175.7,5510.0,5942.2,432.3,7.27,2.49,1.095,8.16,40.0,2674.0,17124.0,0.1562,,,0.93
2020-04-03,학습,168.0,251.6,103.42,128.87,19.31,0.411,0.5122,0.0767,0.5051,0.4115,0.0834,84.863,69.126,14.011,1043.64,741.12,166.65,1951.42,11.93,91.195,31.837,13.135,3654.7,1659.0,176.1,5489.9,5978.6,488.8,8.18,2.4,1.055,8.1,39.9,2598.0,17048.0,0.1524,,,0.983
2020-04-04,학습,168.0,171.57,78.57,78.42,14.58,0.4579,0.4571,0.085,0.4918,0.4244,0.0838,82.623,71.291,14.086,1042.82,753.16,167.41,1963.39,11.82,89.292,32.742,13.179,3578.4,1706.2,176.7,5461.4,6106.7,645.3,10.57,,,,,,,,,,
2020-04-05,학습,168.0,,,,,,,,0.4822,0.4336,0.0842,81.014,72.846,14.14,1040.46,765.78,168.17,1974.41,11.73,87.474,33.636,13.224,3505.6,1752.8,177.3,5435.7,6197.2,761.5,12.29,,,,,,,,,,
2020-04-06,학습,176.0,162.73,104.47,38.37,19.89,0.642,0.2358,0.1222,0.5274,0.3776,0.0949,92.829,66.461,16.709,1050.1,771.02,171.43,1992.54,11.61,91.079,33.884,14.026,3650.1,1765.7,188.1,5603.9,6501.5,897.7,13.81,2.53,1.05,7.74,39.8,2564.0,17164.0,0.1494,4338.0,337.8,1.025
2020-04-07,학습,184.0,183.4,127.81,42.05,13.54,0.6969,0.2293,0.0738,0.5754,0.3356,0.089,105.877,61.754,16.369,1072.01,771.12,174.09,2017.23,11.46,98.521,33.718,14.471,3948.3,1757.1,194.0,5899.4,6569.6,670.2,10.2,2.38,1.04,7.73,39.8,2539.0,17099.0,0.1485,,,1.063
2020-04-08,학습,192.0,166.92,23.56,131.34,12.02,0.1411,0.7868,0.072,0.4524,0.4634,0.0842,86.864,88.977,16.159,1073.16,798.45,176.33,2047.94,11.29,95.506,35.756,14.711,3827.5,1863.3,197.2,5888.0,6686.8,798.8,11.95,2.41,1.1,7.72,39.9,2601.0,17083.0,0.1523,,,1.183
2020-04-09,학습,192.0,206.93,76.76,116.9,13.27,0.3709,0.5649,0.0641,0.4293,0.4922,0.0785,82.433,94.498,15.069,1069.79,829.1,177.3,2076.2,11.15,91.874,37.927,14.547,3681.9,1976.4,195.1,5853.4,6184.1,330.7,5.35,2.535,1.0,7.72,39.8,2643.0,17106.0,0.1545,,,1.085
2020-04-10,학습,192.0,149.33,130.43,0.0,18.9,0.8734,0.0,0.1266,0.5552,0.3527,0.0921,106.593,67.722,17.685,1090.85,830.53,180.81,2102.19,11.04,99.298,37.63,15.221,3979.4,1960.9,204.1,6144.4,5988.0,-156.4,-2.61,2.325,1.29,7.74,39.8,2688.0,17131.0,0.1569,,,1.085
2020-04-11,학습,192.0,158.92,102.11,41.21,15.6,0.6425,0.2593,0.0982,0.5799,0.3263,0.0938,111.346,62.64,18.014,1114.97,826.77,184.37,2126.11,10.95,105.778,36.97,15.779,4239.1,1926.6,211.6,6377.3,6299.0,-78.3,-1.24,,,,,,,,,,
2020-04-12,학습,192.0,,,,,,,,0.5977,0.3073,0.0951,114.752,58.998,18.25,1140.58,819.66,187.88,2148.12,10.89,111.137,36.119,16.229,4453.9,1882.2,217.6,6553.7,6549.7,-4.0,-0.06,,,,,,,,,,
2020-04-13,학습,192.0,231.9,105.07,107.07,19.76,0.4531,0.4617,0.0852,0.5567,0.351,0.0923,106.884,67.401,17.715,1156.27,821.53,190.57,2168.36,10.83,111.294,36.068,16.376,4460.2,1879.6,219.6,6559.3,6610.2,50.9,0.77,2.41,1.005,7.74,40.0,2737.0,16928.0,0.1617,4219.0,339.6,1.14
2020-04-14,학습,192.0,288.72,155.88,118.55,14.29,0.5399,0.4106,0.0495,0.5519,0.3679,0.0801,105.971,70.642,15.387,1169.79,826.48,190.72,2186.99,10.79,111.026,36.285,15.778,4449.4,1890.8,211.6,6551.8,6862.2,310.4,4.52,2.545,1.005,7.74,39.95,2897.0,17054.0,0.1699,,,1.087
2020-04-15,학습,192.0,84.87,78.45,,6.42,0.9244,,0.0756,0.5889,0.3404,0.0706,113.078,65.358,13.564,1189.33,825.76,189.03,2204.13,10.77,113.704,36.045,14.823,4556.8,1878.4,198.8,6633.9,6890.3,256.5,3.72,2.44,1.075,7.86,39.85,2631.0,17215.0,0.1528,,,1.178
2020-04-16,학습,192.0,186.31,103.89,64.97,17.45,0.5576,0.3487,0.0937,0.5808,0.3426,0.0767,111.504,65.776,14.72,1205.74,825.51,188.64,2219.89,10.75,114.725,35.876,14.519,4597.7,1869.5,194.7,6661.9,6751.4,89.5,1.33,2.53,0.97,7.74,40.0,2704.0,17196.0,0.1572,,,1.162
2020-04-17,학습,192.0,261.16,179.8,64.12,17.24,0.6885,0.2455,0.066,0.6096,0.3166,0.0738,117.036,60.791,14.173,1226.37,820.3,187.73,2234.4,10.74,117.568,35.333,14.148,4711.6,1841.2,189.7,6742.6,6809.8,67.3,0.99,2.535,1.14,7.72,39.9,2689.0,17084.0,0.1574,,,1.222
2020-04-18,학습,192.0,285.33,150.98,119.4,14.95,0.5291,0.4185,0.0524,0.5877,0.3443,0.068,112.839,66.106,13.055,1241.16,820.82,185.77,2247.75,10.74,117.643,35.297,13.56,4714.6,1839.4,181.8,6735.8,6955.7,219.9,3.16,,,,,,,,,,
2020-04-19,학습,192.0,,,,,,,,0.5716,0.3647,0.0637,109.747,70.022,12.231,1251.67,825.21,183.15,2260.03,10.74,116.452,35.58,12.911,4666.9,1854.1,173.1,6694.1,7157.3,463.2,6.47,,,,,,,,,,
2020-04-20,학습,192.0,186.22,128.82,38.65,18.75,0.6918,0.2076,0.1007,0.6049,0.3211,0.074,116.146,61.653,14.201,1267.73,820.88,182.71,2271.33,10.75,118.277,35.15,13.06,4740.0,1831.7,175.1,6746.9,7194.8,447.9,6.23,2.485,1.0,7.76,40.0,2618.0,17114.0,0.153,3619.0,303.9,1.176
2020-04-21,학습,192.0,240.02,184.27,41.66,14.09,0.7677,0.1736,0.0587,0.6504,0.2799,0.0697,124.869,53.748,13.383,1291.24,809.0,181.48,2281.72,10.76,122.892,34.153,12.917,4925.0,1779.8,173.2,6877.9,6985.4,107.5,1.54,2.505,0.915,7.72,39.55,2676.0,17283.0,0.1548,,,1.193
2020-04-22,학습,196.0,275.32,129.34,130.9,15.08,0.4698,0.4754,0.0548,0.5997,0.3347,0.0655,117.55,65.609,12.842,1305.55,809.92,179.81,2295.29,10.75,122.81,34.255,12.656,4921.7,1785.1,169.7,6876.5,7137.3,260.8,3.65,2.6,1.055,7.74,39.75,2621.0,17247.0,0.152,,,1.308
2020-04-23,학습,196.0,178.44,49.06,119.55,9.83,0.2749,0.67,0.0551,0.5084,0.429,0.0626,99.648,84.085,12.267,1300.81,829.25,177.7,2307.76,10.76,115.599,35.82,12.306,4632.7,1866.6,165.0,6664.4,7224.0,559.6,7.75,2.515,1.11,7.75,40.0,2586.0,17155.0,0.1507,,,1.247
2020-04-24,학습,196.0,125.84,105.39,,20.45,0.8375,,0.1625,0.5057,0.418,0.0763,99.112,81.926,14.961,1295.92,844.87,178.46,2319.25,10.76,110.938,36.977,12.876,4445.9,1926.9,172.6,6545.4,7070.5,525.1,7.43,2.49,1.0,7.76,40.0,2639.0,17204.0,0.1534,,,1.215
2020-04-25,학습,200.0,184.28,127.36,41.38,15.54,0.6911,0.2245,0.0843,0.5518,0.3699,0.0783,110.356,73.98,15.664,1302.66,851.3,179.85,2333.81,10.75,112.56,37.323,13.476,4510.9,1944.9,180.7,6636.5,6994.5,357.9,5.12,,,,,,,,,,
2020-04-26,학습,200.0,,,,,,,,0.5877,0.3325,0.0799,117.534,66.492,15.974,1316.04,849.73,181.45,2347.21,10.75,116.432,37.018,13.977,4666.1,1929.0,187.4,6782.6,6826.9,44.4,0.65,,,,,,,,,,
2020-04-27,학습,200.0,251.98,104.89,127.41,19.68,0.4163,0.5056,0.0781,0.5423,0.3783,0.0794,108.469,75.651,15.88,1319.28,857.44,182.82,2359.54,10.76,115.194,37.492,14.291,4616.5,1953.7,191.6,6761.8,6773.1,11.3,0.17,2.43,0.92,7.81,40.05,2541.0,17828.0,0.1425,3737.0,352.6,1.185
2020-04-28,학습,196.0,290.13,161.44,114.31,14.38,0.5564,0.394,0.0496,0.5461,0.3825,0.0714,107.044,74.969,13.986,1320.84,863.85,182.19,2366.88,10.78,113.861,37.84,13.936,4563.1,1971.9,186.9,6721.8,6588.0,-133.8,-2.03,2.475,1.01,7.85,39.95,2563.0,17626.0,0.1454,,,1.178
2020-04-29,학습,196.0,145.57,129.39,,16.18,0.8889,,0.1111,0.5776,0.3481,0.0742,113.213,68.236,14.551,1328.45,863.02,182.17,2373.63,10.81,115.506,37.596,13.864,4629.0,1959.2,185.9,6774.1,6837.7,63.7,0.93,2.55,1.055,7.78,39.0,2593.0,17598.0,0.1473,,,1.298
2020-04-30,학습,196.0,79.49,26.07,41.2,12.22,0.328,0.5183,0.1537,0.5137,0.3917,0.0946,100.677,76.78,18.542,1322.91,870.79,186.15,2379.85,10.84,111.506,38.073,15.012,4468.7,1984.0,201.3,6654.0,6738.1,84.1,1.25,2.615,1.035,7.85,39.75,2604.0,17469.0,0.1491,,,1.267
2020-05-01,학습,196.0,281.29,130.36,130.99,19.94,0.4634,0.4657,0.0709,0.5004,0.4112,0.0884,98.085,80.597,17.318,1315.22,881.77,188.58,2385.57,10.87,108.003,38.784,15.428,4328.3,2021.1,206.9,6556.2,6375.3,-180.9,-2.84,2.595,1.245,7.82,39.8,2586.0,17438.0,0.1483,,,1.242
2020-05-02,학습,184.0,150.2,98.28,36.16,15.76,0.6543,0.2407,0.1049,0.5418,0.3654,0.0928,99.69,67.232,17.077,1309.75,878.5,190.58,2378.83,10.95,106.484,38.318,15.638,4267.4,1996.8,209.7,6473.9,6325.5,-148.4,-2.35,,,,,,,,,,
2020-05-03,학습,144.0,36.62,,36.62,,,1.0,,0.4743,0.4461,0.0796,68.294,64.24,11.466,1273.32,872.49,186.81,2332.63,11.21,92.989,37.683,14.099,3726.6,1963.7,189.0,5879.3,5391.5,-487.9,-9.05,,,,,,,,,,
2020-05-04,학습,144.0,208.33,148.83,37.73,21.77,0.7144,0.1811,0.1045,0.5318,0.3826,0.0856,76.585,55.09,12.325,1248.1,857.82,184.2,2290.12,11.44,87.983,36.412,13.307,3526.0,1897.4,178.4,5601.8,5334.4,-267.4,-5.01,2.485,1.0,7.8,39.9,2496.0,17278.0,0.1445,3806.0,338.4,0.909
2020-05-05,학습,144.0,162.37,105.84,41.34,15.19,0.6518,0.2546,0.0936,0.5619,0.3505,0.0876,80.918,50.47,12.612,1229.22,839.71,182.08,2251.01,11.65,86.628,34.962,12.853,3471.7,1821.9,172.3,5465.9,5147.9,-318.0,-6.18,,,,,,,,,,
2020-05-06,학습,144.0,263.43,75.17,172.1,16.16,0.2854,0.6533,0.0613,0.4902,0.429,0.0808,70.594,61.773,11.633,1201.53,834.34,179.16,2215.03,11.82,81.663,34.636,12.251,3272.7,1804.9,164.3,5241.9,4941.9,-300.0,-6.07,2.615,1.015,7.76,39.9,2488.0,17231.0,0.1444,,,0.884
2020-05-07,학습,144.0,142.33,54.2,75.35,12.78,0.3808,0.5294,0.0898,0.4612,0.4557,0.0832,66.408,65.615,11.977,1171.87,833.24,176.81,2181.93,11.98,76.927,34.665,11.943,3082.9,1806.5,160.1,5049.5,4488.3,-561.2,-12.5,2.555,1.055,7.78,39.9,2493.0,17249.0,0.1445,,,0.824
2020-05-08,학습,144.0,152.84,130.36,,22.48,0.8529,,0.1471,0.4961,0.416,0.0879,71.437,59.909,12.654,1149.61,826.53,175.33,2151.47,12.11,76.017,34.234,11.937,3046.4,1784.0,160.0,4990.5,4451.6,-538.9,-12.1,2.535,1.1,7.84,39.9,2481.0,17395.0,0.1426,,,0.895
2020-05-09,학습,144.0,110.41,51.73,41.5,17.18,0.4685,0.3759,0.1556,0.4892,0.4061,0.1047,70.452,58.473,15.075,1128.14,818.92,176.38,2123.45,12.22,75.062,33.753,12.658,3008.2,1758.9,169.7,4936.8,4859.3,-77.5,-1.59,,,,,,,,,,
2020-05-10,학습,144.0,,,,,,,,0.4839,0.3983,0.1178,69.684,57.355,16.962,1107.63,810.8,179.24,2097.67,12.31,74.166,33.255,13.716,2972.3,1733.0,183.9,4889.2,4849.9,-39.3,-0.81,,,,,,,,,,
2020-05-11,학습,144.0,231.07,76.77,133.31,20.99,0.3322,0.5769,0.0908,0.4438,0.4455,0.1107,63.913,64.151,15.936,1082.98,810.12,180.85,2073.95,12.39,71.305,33.376,14.13,2857.6,1739.3,189.5,4786.3,4829.7,43.4,0.9,2.48,0.96,7.92,39.9,2514.0,17128.0,0.1468,3670.0,418.3,0.774
2020-05-12,학습,144.0,237.22,104.58,116.93,15.71,0.4409,0.4929,0.0662,0.443,0.4583,0.0987,63.797,65.991,14.212,1060.19,811.34,180.6,2052.12,12.45,69.495,33.626,13.894,2785.0,1752.3,186.3,4723.6,4643.2,-80.4,-1.73,2.425,0.905,7.88,40.0,2486.0,17094.0,0.1454,,,0.77
2020-05-13,학습,144.0,146.05,129.82,,16.23,0.8889,,0.1111,0.4978,0.4122,0.09,71.685,59.359,12.956,1047.1,805.82,179.12,2032.04,12.5,71.533,33.307,13.357,2866.7,1735.7,179.1,4781.5,4740.8,-40.7,-0.86,2.47,0.97,7.86,39.9,2497.0,17079.0,0.1462,,,0.884
2020-05-14,학습,144.0,105.81,26.03,66.48,13.3,0.246,0.6283,0.1257,0.4345,0.4666,0.099,62.564,67.186,14.25,1025.95,808.58,179.04,2013.57,12.53,69.142,33.663,13.379,2770.9,1754.2,179.4,4704.5,4830.3,125.8,2.6,2.47,1.05,7.87,39.9,2521.0,17102.0,0.1474,,,0.927
2020-05-15,학습,144.0,228.72,103.47,104.72,20.53,0.4524,0.4579,0.0898,0.4391,0.4643,0.0966,63.234,66.86,13.906,1007.15,810.79,178.64,1996.57,12.55,67.935,33.939,13.291,2722.5,1768.6,178.2,4669.4,4638.6,-30.8,-0.66,,,,,,,,,,
2020-05-16,학습,144.0,109.04,55.79,37.87,15.38,0.5116,0.3473,0.141,0.4584,0.4332,0.1084,66.013,62.376,15.611,992.64,808.34,179.96,1980.94,12.57,68.303,33.815,13.742,2737.3,1762.1,184.3,4683.7,4642.7,-41.0,-0.88,,,,,,,,,,
2020-05-17,학습,144.0,44.0,,44.0,,,1.0,,0.4018,0.4986,0.0996,57.861,71.791,14.347,971.13,815.5,179.92,1966.55,12.58,65.268,34.463,13.671,2615.7,1795.9,183.3,4594.8,4650.8,55.9,1.2,,,,,,,,,,
2020-05-18,학습,144.0,166.82,106.54,37.86,22.42,0.6387,0.227,0.1344,0.4594,0.4325,0.1081,66.152,62.283,15.564,959.63,812.58,181.1,1953.31,12.57,66.713,34.252,13.987,2673.6,1784.9,187.5,4646.0,4578.6,-67.5,-1.47,2.58,1.025,7.9,39.8,2436.0,17186.0,0.1417,3914.0,417.2,0.733
2020-05-19,학습,144.0,235.91,128.73,91.72,15.46,0.5457,0.3888,0.0655,0.4812,0.4214,0.0973,69.3,60.688,14.012,952.21,808.3,180.63,1941.13,12.57,68.864,33.946,13.737,2759.8,1768.9,184.2,4712.9,4438.6,-274.3,-6.18,2.51,0.92,7.86,39.75,2429.0,17143.0,0.1417,,,0.686
2020-05-20,학습,144.0,338.05,185.31,133.04,19.7,0.5482,0.3936,0.0583,0.4987,0.4142,0.0871,71.817,59.639,12.544,947.89,803.31,178.73,1929.93,12.56,71.197,33.601,13.126,2853.3,1751.0,176.0,4780.3,4615.0,-165.2,-3.58,2.665,1.14,7.84,39.7,2484.0,17107.0,0.1452,,,0.765
2020-05-21,학습,148.0,208.92,78.54,120.52,9.86,0.3759,0.5769,0.0472,0.4659,0.4576,0.0764,68.957,67.729,11.314,941.06,806.81,175.76,1923.62,12.51,71.491,33.956,12.341,2865.1,1769.5,165.5,4800.0,4771.7,-28.3,-0.59,2.47,0.92,7.85,39.7,2458.0,17124.0,0.1435,,,0.731
2020-05-22,학습,152.0,181.25,159.88,,21.37,0.8821,,0.1179,0.5005,0.4236,0.0758,76.081,64.394,11.526,941.9,806.69,173.23,1921.82,12.44,74.523,33.991,11.869,2986.6,1771.3,159.1,4917.0,5010.0,93.0,1.86,2.565,1.065,7.66,39.6,2468.0,17095.0,0.1444,,,0.866
2020-05-23,학습,156.0,153.15,55.07,83.03,15.05,0.3596,0.5421,0.0983,0.4657,0.4529,0.0814,72.656,70.651,12.693,939.24,812.84,172.07,1924.16,12.35,75.022,34.521,11.898,3006.6,1798.9,159.5,4965.0,5288.2,323.2,6.11,,,,,,,,,,
2020-05-24,학습,160.0,,,,,,,,0.4385,0.4758,0.0857,70.167,76.121,13.711,934.31,823.97,172.03,1930.31,12.25,74.335,35.408,12.223,2979.0,1845.2,163.9,4988.1,5354.4,366.3,6.84,,,,,,,,,,
2020-05-25,학습,164.0,257.65,102.19,132.13,23.33,0.3966,0.5128,0.0905,0.4275,0.4855,0.087,70.111,79.626,14.264,929.72,837.72,172.53,1939.97,12.13,73.888,36.443,12.61,2961.1,1899.1,169.1,5029.3,5342.8,313.5,5.87,2.535,0.925,7.78,39.5,2431.0,17138.0,0.1418,3652.0,304.1,0.75
2020-05-26,학습,168.0,230.43,157.84,56.47,16.12,0.685,0.2451,0.07,0.4967,0.4209,0.0824,83.447,70.71,13.843,938.83,841.45,172.58,1952.86,12.0,78.948,36.608,12.748,3163.9,1907.7,170.9,5242.5,5331.9,89.4,1.68,2.49,1.05,7.78,39.5,2476.0,17118.0,0.1446,,,0.798
2020-05-27,학습,176.0,218.2,187.43,19.22,11.55,0.859,0.0881,0.0529,0.5955,0.3301,0.0744,104.814,58.098,13.088,968.58,832.27,171.87,1972.72,11.84,90.614,35.739,12.615,3631.4,1862.4,169.1,5663.0,5571.9,-91.0,-1.63,2.605,1.185,7.76,39.25,2527.0,17079.0,0.148,,,0.873
2020-05-28,학습,184.0,220.76,134.22,65.42,21.12,0.608,0.2963,0.0957,0.599,0.3208,0.0802,110.21,59.026,14.764,1001.35,824.75,172.89,1998.99,11.66,99.968,35.076,13.027,4006.3,1827.8,174.7,6008.8,6005.8,-3.0,-0.05,2.415,0.91,7.76,39.15,2554.0,17140.0,0.149,,,0.897
2020-05-29,학습,192.0,235.74,108.05,107.38,20.31,0.4583,0.4555,0.0862,0.5599,0.3582,0.0819,107.499,68.78,15.721,1028.78,827.59,174.79,2031.16,11.46,104.652,35.292,13.596,4194.0,1839.1,182.3,6215.4,6370.6,155.2,2.44,2.48,1.06,7.74,39.1,2571.0,17178.0,0.1497,,,1.085
2020-05-30,학습,204.0,81.88,28.4,37.59,15.89,0.3468,0.4591,0.1941,0.5004,0.3864,0.1132,102.073,78.828,23.099,1048.6,840.24,183.91,2072.76,11.23,105.371,36.28,16.196,4222.8,1890.6,217.2,6330.6,6639.0,308.4,4.65,,,,,,,,,,
2020-05-31,학습,216.0,42.65,,42.65,,,1.0,,0.397,0.485,0.118,85.759,104.753,25.488,1050.51,877.81,194.7,2123.03,10.99,99.288,39.193,18.686,3979.0,2042.4,250.5,6272.0,7233.9,961.9,13.3,,,,,,,,,,
2020-06-01,학습,216.0,244.82,183.17,38.89,22.76,0.7482,0.1589,0.093,0.4861,0.4022,0.1116,105.003,86.881,24.116,1071.52,894.51,203.25,2169.28,10.8,103.235,40.238,19.971,4137.2,2096.8,267.8,6501.8,7638.4,1136.6,14.88,2.56,0.965,7.73,38.8,2585.0,17238.0,0.15,3829.0,268.5,1.064
2020-06-02,학습,232.0,261.13,155.87,89.27,15.99,0.5969,0.3419,0.0612,0.5151,0.3864,0.0985,119.502,89.654,22.844,1105.35,912.64,209.84,2227.83,10.57,111.468,41.347,20.465,4467.2,2154.6,274.4,6896.2,7678.1,781.9,10.18,2.53,1.015,7.74,38.75,2593.0,17251.0,0.1503,,,1.232
2020-06-03,학습,240.0,279.37,182.11,81.16,16.1,0.6519,0.2905,0.0576,0.5517,0.3608,0.0875,132.399,86.59,21.011,1149.37,926.26,214.07,2289.71,10.35,121.704,42.043,20.252,4877.4,2190.9,271.5,7339.8,8125.1,785.3,9.67,2.615,1.065,7.7,38.65,2631.0,17228.0,0.1527,,,1.257
2020-06-04,학습,240.0,323.24,187.77,121.34,14.13,0.5809,0.3754,0.0437,0.5596,0.3648,0.0756,134.306,87.542,18.153,1191.78,939.74,215.11,2346.63,10.19,128.78,42.711,19.249,5161.0,2225.7,258.1,7644.8,8347.7,702.9,8.42,2.615,0.97,7.7,38.65,2787.0,17668.0,0.1577,,,1.293
2020-06-05,학습,240.0,180.2,157.64,,22.56,0.8748,,0.1252,0.5858,0.3333,0.0809,140.594,79.987,19.419,1237.08,944.59,217.33,2399.0,10.07,135.66,42.674,18.946,5436.7,2223.8,254.0,7914.5,8487.5,573.1,6.75,2.545,1.015,7.71,38.6,2753.0,17581.0,0.1566,,,1.326
2020-06-06,학습,240.0,167.77,108.86,41.79,17.12,0.6489,0.2491,0.102,0.6021,0.3116,0.0864,144.5,74.773,20.728,1282.67,943.84,220.68,2447.19,9.99,141.464,42.225,19.131,5669.3,2200.4,256.5,8126.2,8605.3,479.2,5.57,,,,,,,,,,
2020-06-07,학습,240.0,,,,,,,,0.6145,0.295,0.0905,147.473,70.803,21.724,1327.59,939.18,224.76,2491.52,9.93,146.234,41.526,19.557,5860.4,2164.0,262.2,8286.6,8411.7,125.1,1.49,,,,,,,,,,
2020-06-08,학습,240.0,314.27,160.01,130.1,24.16,0.5091,0.414,0.0769,0.5861,0.3271,0.0868,140.652,78.507,20.841,1362.09,942.59,227.63,2532.31,9.89,146.447,41.549,19.582,5869.0,2165.2,262.6,8296.7,8558.5,261.8,3.06,2.485,0.97,7.7,38.75,2967.0,17948.0,0.1653,4192.0,285.0,1.401
2020-06-09,학습,240.0,339.6,186.28,136.85,16.47,0.5485,0.403,0.0485,0.5758,0.3479,0.0763,138.189,83.488,18.324,1391.37,950.71,227.75,2569.84,9.88,145.593,41.967,18.844,5834.7,2187.0,252.7,8274.3,8250.1,-24.2,-0.29,2.69,1.07,7.7,38.75,3002.0,18021.0,0.1666,,,1.341
2020-06-10,학습,240.0,175.2,159.02,,16.18,0.9076,,0.0924,0.6006,0.3267,0.0727,144.146,78.412,17.443,1424.27,953.11,226.99,2604.37,9.87,147.449,41.916,18.077,5909.1,2184.3,242.4,8335.8,8385.8,50.1,0.6,2.47,1.11,7.62,38.75,2854.0,17608.0,0.1621,,,1.389
2020-06-11,학습,240.0,211.13,131.65,65.56,13.92,0.6235,0.3105,0.0659,0.6065,0.3225,0.0709,145.564,77.41,17.026,1455.96,954.32,225.86,2636.13,9.88,149.161,41.792,17.428,5977.7,2177.8,233.7,8389.2,8534.2,144.9,1.7,2.595,1.055,7.6,38.7,2795.0,17641.0,0.1584,,,1.419
2020-06-12,학습,240.0,307.94,135.48,149.41,23.05,0.44,0.4852,0.0749,0.5625,0.3656,0.072,134.993,87.733,17.274,1474.54,965.75,225.08,2665.36,9.9,145.988,42.513,17.061,5850.6,2215.4,228.8,8294.8,8590.1,295.4,3.44,,,,,,,,,,
2020-06-13,학습,240.0,136.69,80.29,38.59,17.81,0.5874,0.2823,0.1303,0.5692,0.3431,0.0877,136.605,82.348,21.047,1493.24,970.88,228.13,2692.25,9.93,144.677,42.695,17.943,5798.0,2224.9,240.6,8263.5,8332.7,69.2,0.83,,,,,,,,,,
2020-06-14,학습,240.0,,,,,,,,0.5742,0.3265,0.0993,137.799,78.359,23.842,1511.65,971.61,233.73,2716.99,9.97,144.345,42.53,19.382,5784.7,2216.3,259.9,8260.9,7830.5,-430.3,-5.5,,,,,,,,,,
2020-06-15,학습,160.0,102.15,78.34,,23.81,0.7669,,0.2331,0.582,0.2916,0.1264,93.123,46.65,20.227,1483.91,940.57,235.27,2659.75,10.31,126.27,39.853,19.279,5060.4,2076.8,258.5,7395.6,8519.3,1123.7,13.19,2.665,1.11,7.6,38.7,2649.0,17848.0,0.1484,3953.0,206.0,0.86
2020-06-16,학습,0.0,141.48,81.59,41.51,18.38,0.5767,0.2934,0.1299,0.5806,0.292,0.1273,0.0,0.0,0.0,1365.26,865.37,216.46,2447.09,11.31,77.874,33.847,13.14,3120.8,1763.8,176.2,5060.9,4146.6,-914.2,-22.05,,,,,,,,,,
2020-06-17,학습,0.0,234.67,79.82,134.19,20.66,0.3401,0.5718,0.088,0.516,0.3672,0.1168,0.0,0.0,0.0,1256.1,796.18,199.15,2251.43,12.31,48.027,28.747,8.956,1924.7,1498.0,120.1,3542.8,4610.4,1067.6,23.16,,,,,,,,,,
2020-06-18,학습,130.0,420.51,270.18,137.61,12.72,0.6425,0.3272,0.0302,0.5505,0.3563,0.0932,71.564,46.323,12.113,1227.23,778.84,195.34,2201.42,12.52,58.245,28.121,9.738,2334.2,1465.4,130.6,3930.2,5786.1,1856.0,32.08,2.58,0.855,7.71,38.6,3041.0,17408.0,0.1747,4443.0,305.0,0.46
2020-06-19,학습,192.0,324.91,264.49,41.66,18.76,0.814,0.1282,0.0577,0.6232,0.2934,0.0834,119.647,56.34,16.013,1248.76,772.91,195.74,2217.4,12.35,83.78,28.39,11.441,3357.5,1479.5,153.4,4990.4,6300.3,1309.9,20.79,2.555,0.91,7.68,38.55,2984.0,17486.0,0.1707,,,1.162
2020-06-20,학습,192.0,217.25,152.68,48.05,16.52,0.7028,0.2212,0.076,0.6453,0.2734,0.0814,123.895,52.484,15.621,1272.81,763.59,195.71,2232.11,12.2,101.227,28.311,12.484,4056.7,1475.3,167.4,5699.4,6647.6,948.1,14.26,,,,,,,,,,
2020-06-21,학습,192.0,,,,,,,,0.6614,0.2588,0.0799,126.98,49.685,15.335,1298.02,752.23,195.39,2245.64,12.07,113.221,28.019,13.11,4537.4,1460.1,175.8,6173.3,6621.6,448.2,6.77,,,,,,,,,,
2020-06-22,학습,208.0,290.12,183.75,81.85,24.52,0.6334,0.2821,0.0845,0.6535,0.2653,0.0812,135.928,55.188,16.884,1330.16,747.27,196.66,2274.09,11.88,124.197,28.212,14.001,4977.3,1470.2,187.7,6635.2,6428.6,-206.6,-3.21,2.625,1.005,7.64,38.95,3075.0,17568.0,0.175,3832.0,221.9,1.188
2020-06-23,학습,222.0,300.37,161.9,119.1,19.37,0.539,0.3965,0.0645,0.6213,0.3022,0.0765,137.924,67.097,16.978,1361.73,754.62,197.91,2314.26,11.64,131.765,29.329,14.636,5280.6,1528.3,196.2,7005.2,6845.9,-159.3,-2.33,2.515,0.92,7.61,38.95,2988.0,17592.0,0.1698,,,1.179
2020-06-24,학습,240.0,171.5,157.65,,13.85,0.9192,,0.0808,0.6344,0.2958,0.0699,152.249,70.981,16.77,1405.1,765.26,198.86,2369.22,11.36,142.163,30.587,15.007,5697.3,1593.9,201.2,7492.4,7509.2,16.8,0.22,2.635,1.29,7.58,39.0,2914.0,17488.0,0.1666,,,1.446
2020-06-25,학습,240.0,266.67,186.64,65.1,14.93,0.6999,0.2441,0.056,0.6515,0.2823,0.0662,156.36,67.742,15.898,1449.12,771.82,198.85,2419.79,11.14,150.219,31.397,14.998,6020.1,1636.2,201.1,7857.4,7724.0,-133.4,-1.73,2.545,0.98,7.66,38.95,2836.0,17564.0,0.1615,,,1.284
2020-06-26,학습,240.0,336.48,212.21,102.37,21.9,0.6307,0.3042,0.0651,0.6459,0.2881,0.0659,155.024,69.152,15.824,1488.28,779.26,198.78,2466.31,10.95,154.653,32.198,14.97,6197.8,1677.9,200.7,8076.4,7725.9,-350.6,-4.54,2.59,1.01,7.65,38.85,2784.0,17593.0,0.1582,,,1.308
2020-06-27,학습,240.0,189.37,133.29,37.38,18.7,0.7039,0.1974,0.0987,0.6617,0.2635,0.0748,158.801,63.235,17.964,1528.08,780.19,200.85,2509.12,10.81,158.899,32.405,15.592,6368.0,1688.7,209.1,8265.7,7729.2,-536.5,-6.94,,,,,,,,,,
2020-06-28,학습,248.0,42.68,,42.68,,,1.0,,0.5516,0.3817,0.0667,136.787,94.671,16.542,1542.69,812.48,201.33,2556.5,10.67,152.712,35.096,15.59,6120.0,1828.9,209.0,8157.9,7908.4,-249.5,-3.16,,,,,,,,,,
2020-06-29,학습,256.0,249.37,186.83,38.25,24.29,0.7492,0.1534,0.0974,0.5988,0.3271,0.074,153.301,83.744,18.955,1572.64,831.26,204.19,2608.09,10.52,155.501,36.506,16.313,6231.8,1902.4,218.7,8352.9,7737.5,-615.4,-7.95,2.61,1.01,7.65,39.05,2828.0,17852.0,0.1584,3794.0,224.5,1.277
2020-06-30,학습,264.0,262.39,156.15,88.87,17.37,0.5951,0.3387,0.0662,0.5979,0.33,0.0721,157.845,87.125,19.029,1604.75,851.92,206.89,2663.56,10.38,159.039,37.975,16.827,6373.6,1978.9,225.6,8578.2,7886.9,-691.3,-8.76,2.595,1.0,7.65,39.05,2853.0,17877.0,0.1596,,,1.366
2020-07-01,학습,264.0,311.8,212.57,84.64,14.59,0.6818,0.2715,0.0468,0.6196,0.3149,0.0655,163.575,83.123,17.301,1640.01,866.93,207.65,2714.6,10.27,163.514,38.903,16.66,6552.9,2027.3,223.4,8803.5,7925.5,-878.0,-11.08,2.65,1.06,7.66,39.05,2904.0,17910.0,0.1621,,,1.313
2020-07-02,학습,264.0,294.37,159.91,116.81,17.65,0.5432,0.3968,0.06,0.5993,0.3366,0.0641,158.224,88.865,16.911,1667.11,886.48,207.96,2761.55,10.19,164.133,40.149,16.428,6577.7,2092.2,220.3,8890.2,8053.9,-836.3,-10.38,2.455,1.05,7.64,39.0,2824.0,17748.0,0.1591,,,1.379
2020-07-03,학습,264.0,179.92,158.96,,20.96,0.8835,,0.1165,0.6106,0.3187,0.0707,161.211,84.137,18.652,1695.03,899.74,209.98,2804.75,10.14,165.709,40.83,16.793,6640.9,2127.7,225.2,8993.8,8334.0,-659.8,-7.92,2.77,1.26,7.67,39.0,2981.0,17693.0,0.1685,,,1.548
2020-07-04,학습,264.0,201.11,159.95,41.16,,0.7953,0.2047,,0.6387,0.2814,0.0799,168.609,74.288,21.103,1728.11,902.09,214.3,2844.49,10.11,169.64,40.62,17.777,6798.5,2116.8,238.4,9153.6,8376.5,-777.1,-9.28,,,,,,,,,,
2020-07-05,학습,264.0,41.24,,41.24,,,1.0,,0.5503,0.3773,0.0724,145.27,99.619,19.111,1735.21,929.58,216.27,2881.06,10.09,162.729,42.469,17.85,6521.5,2213.1,239.3,8973.9,8106.9,-867.0,-10.7,,,,,,,,,,
2020-07-06,학습,264.0,236.45,103.26,90.55,42.64,0.4367,0.383,0.1803,0.5247,0.3786,0.0966,138.533,99.952,25.515,1735.0,955.2,224.5,2914.7,10.08,155.772,44.065,19.82,6242.7,2296.3,265.8,8804.7,7698.6,-1106.2,-14.37,2.715,1.14,7.67,38.9,3189.0,17928.0,0.1779,3858.0,247.4,1.185
2020-07-07,학습,264.0,262.0,162.27,81.49,18.24,0.6194,0.311,0.0696,0.5473,0.3625,0.0902,144.496,95.693,23.811,1740.77,974.52,230.36,2945.66,10.09,153.867,45.08,20.653,6166.3,2349.2,276.9,8792.4,6719.0,-2073.4,-30.86,2.69,1.1,7.68,38.9,3024.0,18043.0,0.1676,,,1.267
2020-07-08,학습,264.0,241.74,189.49,37.81,14.44,0.7839,0.1564,0.0597,0.6064,0.311,0.0826,160.101,82.097,21.801,1761.69,978.7,233.74,2974.13,10.11,158.934,44.855,20.617,6369.4,2337.4,276.4,8983.3,6731.0,-2252.3,-33.46,2.6,0.965,7.74,38.45,3079.0,18169.0,0.1695,,,0.792
2020-07-09,학습,264.0,242.73,158.95,65.41,18.37,0.6548,0.2695,0.0757,0.619,0.3002,0.0808,163.405,79.264,21.33,1784.24,979.71,236.38,3000.34,10.13,163.381,44.437,20.451,6547.6,2315.7,274.2,9137.5,7143.7,-1993.8,-27.91,2.54,1.05,7.74,38.45,2925.0,17928.0,0.1632,3874.0,273.5,0.954
2020-07-10,학습,264.0,317.51,186.45,109.13,21.93,0.5872,0.3437,0.0691,0.6105,0.3118,0.0777,161.184,82.307,20.509,1802.76,983.69,237.99,3024.44,10.16,165.234,44.325,20.092,6621.9,2309.8,269.4,9201.1,7437.0,-1764.1,-23.72,2.635,1.07,7.76,38.35,2867.0,17992.0,0.1593,,,0.99
2020-07-11,학습,264.0,214.96,158.93,38.44,17.59,0.7393,0.1788,0.0818,0.6453,0.2759,0.0788,170.369,72.826,20.805,1828.99,977.86,239.77,3046.62,10.19,170.052,43.472,19.936,6814.9,2265.4,267.3,9347.6,7425.4,-1922.1,-25.89,,,,,,,,,,
2020-07-12,학습,264.0,38.01,,38.01,,,1.0,,0.5479,0.3871,0.065,144.645,102.191,17.164,1827.4,1001.87,237.76,3067.03,10.23,162.733,45.096,18.737,6521.6,2350.0,251.2,9122.9,7532.8,-1590.1,-21.11,,,,,,,,,,
2020-07-13,학습,264.0,249.15,187.73,37.27,24.15,0.7535,0.1496,0.0969,0.5968,0.3306,0.0726,157.55,87.282,19.168,1838.84,1009.05,237.92,3085.8,10.27,163.381,45.283,18.521,6547.6,2359.8,248.3,9155.7,7262.2,-1893.6,-26.07,2.59,0.97,7.82,38.25,2754.0,17968.0,0.1533,4064.0,329.0,0.762
2020-07-14,학습,269.0,245.92,186.99,41.54,17.39,0.7604,0.1689,0.0707,0.6375,0.2903,0.0721,171.498,78.098,19.404,1863.31,1006.46,238.3,3108.07,10.29,169.361,44.707,18.445,6787.2,2329.7,247.3,9364.3,7018.6,-2345.6,-33.42,2.61,1.185,7.74,38.25,2783.0,17924.0,0.1553,3782.0,258.2,0.891
2020-07-15,학습,276.0,330.28,183.71,130.9,15.67,0.5562,0.3963,0.0474,0.6166,0.3177,0.0658,170.171,87.679,18.151,1884.5,1013.67,237.4,3135.57,10.3,172.517,44.984,18.017,6913.7,2344.2,241.6,9499.5,7306.4,-2193.1,-30.02,2.645,1.15,7.76,37.8,2729.0,17868.0,0.1527,3650.0,249.2,0.9
2020-07-16,학습,276.0,276.45,159.05,98.62,18.78,0.5753,0.3567,0.0679,0.6056,0.328,0.0663,167.158,90.533,18.309,1900.98,1023.15,236.72,3160.86,10.31,173.259,45.448,17.773,6943.5,2368.4,238.3,9550.1,7617.4,-1932.7,-25.37,2.505,1.15,7.78,37.8,2848.0,17764.0,0.1603,,,0.997
2020-07-17,학습,276.0,200.53,159.31,18.01,23.21,0.7944,0.0898,0.1157,0.6566,0.2637,0.0797,181.217,72.795,21.988,1930.2,1014.14,239.79,3184.13,10.33,179.34,44.423,18.71,7187.2,2314.9,250.9,9753.0,7952.0,-1800.9,-22.65,2.57,1.17,7.79,38.45,2924.0,17739.0,0.1648,,,1.052
2020-07-18,학습,276.0,218.83,157.62,41.41,19.8,0.7203,0.1892,0.0905,0.674,0.2434,0.0826,186.026,67.169,22.805,1961.9,1000.23,243.42,3205.54,10.36,185.014,43.102,19.594,7414.5,2246.1,262.7,9923.4,8222.9,-1700.5,-20.68,,,,,,,,,,
2020-07-19,학습,276.0,,,,,,,,0.6868,0.2284,0.0848,189.555,63.041,23.404,1994.59,983.29,247.36,3225.24,10.38,189.924,41.651,20.376,7611.3,2170.5,273.2,10055.0,8352.4,-1702.6,-20.39,,,,,,,,,,
2020-07-20,학습,276.0,321.57,162.87,133.32,25.38,0.5065,0.4146,0.0789,0.6366,0.2802,0.0832,175.706,77.341,22.953,2010.82,982.01,250.53,3243.37,10.41,187.413,41.561,20.774,7510.7,2165.8,278.5,9955.1,8208.8,-1746.3,-21.27,2.72,1.065,7.85,38.45,3087.0,17866.0,0.1728,3761.0,345.2,0.894
2020-07-21,학습,276.0,305.03,186.53,99.68,18.82,0.6115,0.3268,0.0617,0.6296,0.2932,0.0772,173.768,80.936,21.296,2023.81,984.43,251.8,3260.04,10.45,185.09,41.773,20.548,7417.6,2176.9,275.5,9870.0,7881.0,-1989.0,-25.24,2.47,1.18,7.82,38.45,3112.0,17824.0,0.1746,,,0.883
2020-07-22,학습,276.0,227.75,186.11,18.6,23.04,0.8172,0.0817,0.1012,0.6823,0.2338,0.0839,188.304,64.54,23.156,2050.3,970.26,254.82,3275.38,10.48,189.471,40.642,20.952,7593.2,2117.9,280.9,9992.0,8144.9,-1847.1,-22.68,2.68,1.19,7.8,38.45,3017.0,17796.0,0.1695,,,0.959
2020-07-23,학습,276.0,265.17,183.9,65.15,16.12,0.6935,0.2457,0.0608,0.6854,0.2372,0.0774,189.179,65.461,21.36,2075.54,958.14,255.81,3289.5,10.52,192.523,39.754,20.689,7715.5,2071.6,277.4,10064.5,8276.3,-1788.2,-21.61,2.475,0.915,7.86,38.45,2960.0,17923.0,0.1652,3763.0,347.5,0.918
2020-07-24,학습,276.0,311.15,181.45,107.51,22.19,0.5832,0.3455,0.0713,0.6566,0.2677,0.0757,181.217,73.896,20.887,2090.81,955.43,256.24,3302.48,10.56,191.22,39.675,20.367,7663.3,2067.5,273.1,10003.9,8464.7,-1539.1,-18.18,2.565,1.115,7.86,38.4,2913.0,17904.0,0.1627,,,0.925
2020-07-25,학습,276.0,190.39,131.51,38.9,19.98,0.6907,0.2043,0.1049,0.6662,0.2498,0.0839,183.88,68.952,23.169,2107.52,947.99,258.92,3314.43,10.6,191.482,39.213,20.833,7673.8,2043.4,279.3,9996.5,8576.6,-1419.9,-16.56,,,,,,,,,,
2020-07-26,학습,276.0,43.21,,43.21,,,1.0,,0.5495,0.3771,0.0734,151.669,104.08,20.251,2090.68,976.27,258.47,3325.42,10.63,178.759,41.63,20.275,7163.9,2169.4,271.8,9605.1,8504.5,-1100.6,-12.94,,,,,,,,,,
2020-07-27,학습,276.0,223.29,160.14,36.54,26.61,0.7172,0.1636,0.1192,0.5904,0.3251,0.0845,162.944,89.725,23.331,2086.46,987.94,261.14,3335.54,10.67,175.423,42.535,20.818,7030.2,2216.5,279.1,9525.8,,,,,,,,,,,,,
2020-07-28,학습,276.0,249.3,187.48,41.46,20.36,0.752,0.1663,0.0817,0.6314,0.2848,0.0838,174.265,78.604,23.13,2093.9,987.55,263.39,3344.84,10.71,177.894,42.413,21.129,7129.2,2210.2,283.3,9622.7,8892.6,-730.1,-8.21,2.555,1.155,7.86,38.1,2888.0,17818.0,0.1621,3779.0,350.1,1.107
2020-07-29,학습,268.0,312.18,156.8,132.04,23.34,0.5023,0.423,0.0748,0.5976,0.3209,0.0814,160.164,86.01,21.826,2086.65,994.6,264.15,3345.4,10.77,173.777,42.903,20.949,6964.2,2235.7,280.9,9480.8,8803.3,-677.5,-7.7,2.665,1.205,7.84,38.1,2972.0,17782.0,0.1671,,,1.179
2020-07-30,학습,264.0,344.91,209.58,119.39,15.94,0.6076,0.3461,0.0462,0.6003,0.3277,0.072,158.48,86.506,19.014,2078.29,1001.58,262.05,3341.92,10.84,170.564,43.358,19.983,6835.5,2259.4,267.9,9362.9,8383.4,-979.5,-11.68,2.465,0.96,7.88,38.15,2913.0,17804.0,0.1636,,,0.964
2020-07-31,학습,264.0,206.25,182.89,,23.36,0.8867,,0.1133,0.6198,0.3041,0.0761,163.637,80.28,20.083,2075.75,1001.78,261.18,3338.71,10.9,170.646,43.247,19.645,6838.8,2253.6,263.4,9355.8,8269.2,-1086.6,-13.14,2.735,1.25,7.84,38.2,2956.0,17832.0,0.1658,,,1.059
2020-08-01,학습,260.0,265.49,158.28,89.19,18.02,0.5962,0.3359,0.0679,0.6137,0.3123,0.074,159.574,81.195,19.23,2069.36,1002.88,259.53,3331.77,10.97,169.071,43.225,19.159,6775.6,2252.5,256.9,9285.1,8022.9,-1262.1,-15.73,,,,,,,,,,
2020-08-02,학습,260.0,,,,,,,,0.6091,0.3185,0.0724,158.367,82.821,18.812,2062.27,1005.51,257.59,3325.37,11.04,167.617,43.337,18.702,6717.4,2258.4,250.8,9226.5,8123.5,-1103.0,-13.58,,,,,,,,,,
2020-08-03,학습,256.0,299.22,182.16,84.38,32.68,0.6088,0.282,0.1092,0.609,0.3087,0.0823,155.909,79.026,21.066,2053.29,1004.14,258.06,3315.49,11.11,165.737,43.129,19.067,6642.0,2247.5,255.6,9145.2,8268.3,-876.9,-10.61,2.715,1.115,7.81,38.3,3116.0,17668.0,0.1764,3490.0,288.4,1.302
2020-08-04,학습,248.0,310.4,189.01,99.93,21.46,0.6089,0.3219,0.0691,0.609,0.3123,0.0787,151.03,77.454,19.516,2040.15,1001.31,256.94,3298.4,11.2,162.626,42.826,18.85,6517.4,2231.7,252.7,9001.8,8154.1,-847.7,-10.4,2.685,1.335,7.82,36.8,3224.0,17754.0,0.1816,,,1.367
2020-08-05,학습,240.0,227.46,185.19,19.11,23.16,0.8142,0.084,0.1018,0.6656,0.2493,0.0851,159.754,59.827,20.419,2036.78,981.08,256.82,3274.67,11.3,164.197,41.159,18.974,6580.3,2144.8,254.4,8979.5,8244.3,-735.2,-8.92,2.585,1.07,7.83,38.4,3184.0,17728.0,0.1796,,,1.083
2020-08-06,학습,240.0,294.75,212.71,65.6,16.44,0.7217,0.2226,0.0558,0.6812,0.2418,0.0769,163.494,58.044,18.463,2037.42,960.68,254.74,3252.84,11.4,166.662,39.6,18.471,6679.1,2063.6,247.7,8990.3,7651.4,-1339.0,-17.5,2.54,1.025,7.84,38.35,3036.0,17654.0,0.172,,,1.092
2020-08-07,학습,228.0,333.49,184.6,125.58,23.31,0.5535,0.3766,0.0699,0.6455,0.2795,0.075,147.178,63.73,17.091,2021.7,947.6,251.47,3220.76,11.52,161.656,38.731,17.717,6478.5,2018.3,237.6,8734.3,7546.1,-1188.2,-15.75,2.6,1.11,7.86,38.3,2984.0,17617.0,0.1694,,,1.174
2020-08-08,학습,216.0,213.41,154.09,37.21,22.11,0.722,0.1744,0.1036,0.667,0.25,0.083,144.072,54.0,17.928,2004.12,925.83,249.29,3179.24,11.67,157.326,37.214,17.454,6304.9,1939.3,234.0,8478.2,6963.1,-1515.2,-21.76,,,,,,,,,,
2020-08-09,학습,216.0,,,,,,,,0.6825,0.2287,0.0888,147.418,49.401,19.181,1991.3,901.21,248.54,3141.05,11.8,155.994,35.559,17.651,6251.6,1853.0,236.7,8341.2,7221.9,-1119.3,-15.5,,,,,,,,,,
2020-08-10,학습,216.0,292.06,186.2,80.06,25.8,0.6375,0.2741,0.0883,0.6698,0.2415,0.0887,144.68,52.168,19.153,1976.76,881.32,247.82,3105.9,11.91,154.077,34.374,17.776,6174.7,1791.2,238.3,8204.3,7375.8,-828.5,-11.23,2.885,1.3,7.88,38.2,2966.0,17428.0,0.1702,3887.0,377.6,0.837
2020-08-11,학습,216.0,253.87,190.06,41.08,22.73,0.7487,0.1618,0.0895,0.6921,0.219,0.0889,149.489,47.305,19.206,1968.2,858.16,247.21,3073.57,12.0,154.819,32.978,17.878,6204.5,1718.5,239.7,8162.7,7000.7,-1162.1,-16.6,,,,,,,,,,
2020-08-12,학습,216.0,384.25,212.25,149.42,22.58,0.5524,0.3889,0.0588,0.6526,0.267,0.0804,140.957,57.678,17.364,1951.79,847.22,244.81,3043.82,12.08,151.863,32.623,17.395,6086.0,1700.0,233.2,8019.3,6797.4,-1221.9,-17.98,2.8,1.255,7.9,38.3,3134.0,17546.0,0.1786,,,0.872
2020-08-13,학습,216.0,301.71,185.45,101.83,14.43,0.6147,0.3375,0.0478,0.6419,0.287,0.0712,138.64,61.986,15.374,1934.37,841.47,240.61,3016.45,12.14,149.114,32.666,16.468,5975.8,1702.3,220.8,7898.9,6583.2,-1315.7,-19.99,2.39,0.99,7.93,38.3,3073.0,17419.0,0.1764,,,0.826
2020-08-14,학습,216.0,284.08,239.91,19.2,24.97,0.8445,0.0676,0.0879,0.6992,0.2249,0.0759,151.033,48.571,16.397,1930.74,822.76,237.77,2991.27,12.19,152.375,31.629,16.143,6106.5,1648.2,216.5,7971.2,6727.6,-1243.6,-18.49,2.48,1.065,7.84,38.3,2892.0,17421.0,0.166,,,0.74
2020-08-15,학습,216.0,243.81,106.74,113.89,23.18,0.4378,0.4671,0.0951,0.6252,0.2935,0.0813,135.041,63.39,17.569,1911.41,820.36,236.33,2968.1,12.23,147.99,31.934,16.274,5930.8,1664.1,218.2,7813.1,6530.0,-1283.1,-19.65,,,,,,,,,,
2020-08-16,학습,216.0,,,,,,,,0.5721,0.3427,0.0852,123.575,74.016,18.409,1882.16,828.79,235.84,2946.78,12.26,140.699,33.043,16.615,5638.6,1721.9,222.8,7583.3,6429.2,-1154.1,-17.95,,,,,,,,,,
2020-08-17,학습,216.0,295.84,185.21,84.67,25.96,0.626,0.2862,0.0878,0.5874,0.3267,0.0859,126.876,70.56,18.564,1858.54,833.08,235.55,2927.17,12.28,137.523,33.709,16.893,5511.3,1756.6,226.5,7494.4,6324.2,-1170.2,-18.5,2.675,1.045,7.7,38.6,2688.0,17214.0,0.1562,3553.0,236.5,0.694
2020-08-18,학습,216.0,337.4,213.21,99.32,24.87,0.6319,0.2944,0.0737,0.6,0.3175,0.0825,129.602,68.583,17.815,1839.54,835.05,234.53,2909.13,12.3,136.654,34.116,16.859,5476.5,1777.8,226.0,7480.4,6127.0,-1353.4,-22.09,2.62,1.065,7.69,38.9,2613.0,17189.0,0.152,,,0.599
2020-08-19,학습,216.0,227.91,187.32,19.48,21.11,0.8219,0.0855,0.0926,0.6629,0.2518,0.0854,143.185,54.379,18.436,1835.65,822.67,234.21,2892.53,12.3,141.552,33.325,17.022,5672.8,1736.6,228.2,7637.6,6135.9,-1501.7,-24.47,2.455,1.05,7.72,39.0,2588.0,17124.0,0.1511,,,0.71
2020-08-20,학습,224.0,294.13,214.18,65.3,14.65,0.7282,0.222,0.0498,0.6814,0.2433,0.0753,152.633,54.505,16.862,1841.51,811.39,232.35,2885.25,12.27,148.352,32.664,16.66,5945.3,1702.1,223.4,7870.8,6522.8,-1348.1,-20.67,2.77,1.055,7.74,39.0,2649.0,17128.0,0.1547,,,0.728
2020-08-21,학습,224.0,272.86,185.99,63.89,22.98,0.6816,0.2341,0.0842,0.6815,0.2407,0.0778,152.648,53.922,17.43,1846.92,800.44,231.2,2878.56,12.24,152.551,32.055,16.584,6113.6,1670.4,222.4,8006.4,7045.4,-961.0,-13.64,2.535,1.31,7.76,39.1,2804.0,17352.0,0.1616,,,0.893
2020-08-22,학습,224.0,274.76,132.28,121.75,20.73,0.4814,0.4431,0.0754,0.6248,0.2981,0.0771,139.948,66.772,17.28,1839.2,803.21,229.99,2872.4,12.21,150.061,32.566,16.488,6013.8,1697.1,221.1,7932.0,7178.3,-753.7,-10.5,,,,,,,,,,
2020-08-23,학습,224.0,,,,,,,,0.5841,0.3392,0.0767,130.848,75.98,17.172,1822.99,814.97,228.78,2866.74,12.17,144.885,33.737,16.389,5806.4,1758.1,219.8,7784.2,7042.0,-742.2,-10.54,,,,,,,,,,
2020-08-24,학습,224.0,266.47,182.65,59.24,24.58,0.6854,0.2223,0.0922,0.6129,0.3061,0.0811,137.28,68.559,18.162,1814.51,818.37,228.65,2861.53,12.14,144.266,34.138,16.619,5781.6,1779.0,222.8,7783.4,7186.4,-597.0,-8.31,2.52,1.015,7.84,37.5,2867.0,16842.0,0.1702,3438.0,261.3,0.837
2020-08-25,학습,224.0,225.11,186.67,20.84,17.6,0.8292,0.0926,0.0782,0.6742,0.2456,0.0803,151.019,55.003,17.978,1820.45,807.94,228.34,2856.73,12.11,149.38,33.394,16.721,5986.5,1740.2,224.2,7950.9,7247.8,-703.1,-9.7,2.48,1.0,7.84,37.6,2894.0,16884.0,0.1714,,,0.857
2020-08-26,학습,224.0,371.62,198.66,156.18,16.78,0.5346,0.4203,0.0452,0.6346,0.2951,0.0703,142.154,66.097,15.749,1817.05,809.44,225.83,2852.32,12.08,148.988,33.65,16.121,5970.8,1753.5,216.2,7940.5,7214.9,-725.5,-10.06,2.43,0.915,7.82,37.65,2829.0,16839.0,0.168,,,0.706
2020-08-27,학습,224.0,325.93,207.98,101.08,16.87,0.6381,0.3101,0.0518,0.6356,0.2993,0.065,142.376,67.053,14.571,1814.14,811.77,222.35,2848.26,12.05,148.835,33.943,15.359,5964.7,1768.8,205.9,7939.4,7350.3,-589.1,-8.02,2.415,0.91,7.8,37.75,2743.0,17021.0,0.1612,,,0.798
2020-08-28,학습,224.0,224.12,183.47,19.53,21.12,0.8186,0.0871,0.0942,0.6875,0.2392,0.0733,153.997,53.579,16.424,1823.09,800.44,221.0,2844.53,12.03,153.389,33.114,15.396,6147.2,1725.6,206.4,8079.2,7581.7,-497.6,-6.56,2.475,0.95,7.79,39.8,2714.0,17094.0,0.1588,,,0.843
2020-08-29,학습,224.0,234.01,125.26,89.57,19.18,0.5353,0.3828,0.082,0.6443,0.2799,0.0758,144.332,62.695,16.973,1821.65,799.14,220.3,2841.09,12.0,152.331,33.14,15.586,6104.8,1727.0,209.0,8040.7,7609.8,-430.9,-5.66,,,,,,,,,,
2020-08-30,학습,224.0,20.87,,20.87,,,1.0,,0.5221,0.4119,0.066,116.945,92.275,14.78,1792.95,827.52,217.46,2837.93,11.97,140.725,35.528,15.057,5639.6,1851.4,201.9,7692.9,7490.4,-202.5,-2.7,,,,,,,,,,
2020-08-31,학습,224.0,290.36,156.2,110.22,23.94,0.538,0.3796,0.0824,0.5261,0.4038,0.0701,117.841,90.45,15.709,1767.43,851.8,215.79,2835.02,11.95,133.925,37.41,14.975,5367.1,1949.5,200.8,7517.4,7629.1,111.7,1.46,2.47,1.01,7.81,40.0,2744.0,16658.0,0.1647,,,0.893
2020-09-01,학습,224.0,329.13,209.43,102.3,17.4,0.6363,0.3108,0.0529,0.5547,0.3796,0.0656,124.264,85.033,14.703,1750.38,868.73,213.24,2832.35,11.92,132.3,38.575,14.618,5302.0,2010.2,196.0,7508.2,7609.3,101.1,1.33,,,,,,,,,,
2020-09-02,학습,224.0,215.11,179.96,19.47,15.68,0.8366,0.0905,0.0729,0.6298,0.3026,0.0676,141.078,67.786,15.136,1751.51,867.06,211.32,2829.88,11.9,138.024,38.185,14.504,5531.4,1989.9,194.5,7715.8,7799.5,83.7,1.07,2.38,0.915,7.84,39.95,2698.0,16824.0,0.1604,,,0.904
2020-09-03,학습,229.0,185.56,104.79,65.16,15.61,0.5647,0.3512,0.0841,0.6122,0.3158,0.0721,140.188,72.311,16.501,1751.65,870.04,210.93,2832.62,11.86,141.198,38.216,14.836,5658.6,1991.5,198.9,7849.0,7849.8,0.8,0.01,2.4,1.07,7.82,39.9,2629.0,16953.0,0.1551,,,0.673
2020-09-04,학습,224.0,286.71,158.03,109.05,19.63,0.5512,0.3803,0.0685,0.5954,0.3335,0.0711,133.378,74.702,15.92,1744.97,875.18,209.98,2830.14,11.84,140.431,38.433,14.888,5627.9,2002.8,199.6,7830.3,7565.7,-264.6,-3.5,2.425,1.0,7.82,39.9,2573.0,17022.0,0.1512,,,0.795
2020-09-05,학습,224.0,278.09,157.87,101.55,18.67,0.5677,0.3652,0.0671,0.5878,0.3423,0.07,131.657,76.667,15.676,1737.11,881.87,208.87,2827.85,11.82,139.27,38.775,14.85,5581.4,2020.6,199.1,7801.1,7537.0,-264.1,-3.5,,,,,,,,,,
2020-09-06,학습,224.0,,,,,,,,0.5822,0.3486,0.0692,130.405,78.097,15.498,1728.62,889.46,207.67,2825.75,11.81,138.053,39.18,14.771,5532.6,2041.7,198.1,7772.3,7829.1,56.7,0.72,,,,,,,,,,
2020-09-07,학습,220.0,189.61,128.1,39.02,22.49,0.6756,0.2058,0.1186,0.6083,0.3086,0.083,133.833,67.9,18.267,1724.24,886.24,209.33,2819.81,11.81,138.674,38.708,15.548,5557.5,2017.1,208.5,7783.0,8361.8,578.8,6.92,2.39,0.89,7.98,39.8,2482.0,17128.0,0.1449,3830.0,490.2,0.861
2020-09-08,학습,216.0,286.02,182.01,89.83,14.18,0.6364,0.3141,0.0496,0.6162,0.3102,0.0736,133.101,66.996,15.904,1719.48,882.38,208.5,2810.35,11.82,138.764,38.234,15.368,5561.1,1992.4,206.1,7759.6,7216.2,-543.3,-7.53,2.435,0.99,8.0,39.95,2504.0,17141.0,0.1461,,,0.842
2020-09-09,학습,216.0,306.1,157.61,133.56,14.93,0.5149,0.4363,0.0488,0.5877,0.3457,0.0666,126.936,74.673,14.392,1708.94,886.5,206.22,2801.65,11.83,136.353,38.447,14.792,5464.5,2003.5,198.3,7666.3,6991.5,-674.8,-9.65,2.425,0.935,8.0,39.9,2472.0,17069.0,0.1448,,,0.88
2020-09-10,학습,216.0,303.7,185.54,101.18,16.98,0.6109,0.3332,0.0559,0.5942,0.3422,0.0636,128.354,73.908,13.738,1700.65,889.52,203.47,2793.64,11.84,135.434,38.566,14.204,5427.6,2009.7,190.4,7627.8,6937.0,-690.7,-9.96,2.4,0.955,8.0,39.55,2553.0,17201.0,0.1484,,,0.834
2020-09-11,학습,211.0,221.91,181.3,19.66,20.95,0.817,0.0886,0.0944,0.6572,0.2705,0.0723,138.664,57.079,15.257,1703.34,875.48,202.46,2781.28,11.87,138.991,37.32,14.258,5570.2,1944.8,191.2,7706.1,6908.5,-797.7,-11.55,2.44,0.93,8.0,39.0,2518.0,17153.0,0.1468,,,0.839
2020-09-12,학습,204.0,174.58,48.45,110.34,15.79,0.2775,0.632,0.0904,0.5498,0.3728,0.0774,112.16,76.043,15.797,1679.31,881.52,202.07,2762.9,11.92,130.583,37.78,14.457,5233.2,1968.8,193.8,7395.8,6407.0,-988.8,-15.43,,,,,,,,,,
2020-09-13,학습,204.0,53.4,53.4,,,1.0,,,0.5623,0.3704,0.0673,114.699,75.562,13.739,1659.74,886.6,199.65,2745.99,11.96,126.414,38.132,13.976,5066.1,1987.1,187.4,7240.6,7635.5,395.0,5.17,,,,,,,,,,
2020-09-14,학습,204.0,292.26,156.73,113.04,22.49,0.5363,0.3868,0.077,0.5558,0.3744,0.0697,113.39,76.387,14.223,1640.42,892.1,197.91,2730.43,11.99,123.318,38.497,13.792,4942.1,2006.1,184.9,7133.1,7703.3,570.2,7.4,2.52,0.915,7.98,39.1,2784.0,17218.0,0.1617,3823.0,486.6,0.913
2020-09-15,학습,198.0,193.39,156.33,21.78,15.28,0.8084,0.1126,0.079,0.6206,0.3073,0.0721,122.871,60.853,14.276,1632.13,881.63,196.36,2710.12,12.04,125.202,37.564,13.684,5017.5,1957.5,183.5,7158.5,7577.1,418.6,5.52,2.52,0.93,7.97,39.1,2839.0,17245.0,0.1646,,,0.854
2020-09-16,학습,184.0,185.45,103.98,65.64,15.83,0.5607,0.3539,0.0854,0.6048,0.3196,0.0756,111.281,58.81,13.909,1612.91,869.94,194.57,2677.43,12.14,121.727,36.608,13.499,4878.3,1907.7,181.0,6967.0,7153.8,186.8,2.61,2.54,1.145,8.0,38.9,2805.0,17329.0,0.1619,,,0.978
2020-09-17,학습,176.0,198.83,137.25,44.95,16.63,0.6903,0.2261,0.0836,0.6278,0.2945,0.0778,110.488,51.827,13.685,1594.44,852.21,192.7,2639.35,12.27,119.267,35.238,13.307,4779.7,1836.3,178.4,6794.4,6252.4,-542.0,-8.67,2.595,1.055,7.98,38.9,2717.0,17213.0,0.1578,,,0.889
2020-09-18,학습,176.0,263.91,157.19,89.42,17.3,0.5956,0.3388,0.0656,0.619,0.3066,0.0744,108.944,53.957,13.099,1575.9,838.03,190.39,2604.32,12.37,117.133,34.244,12.999,4694.2,1784.5,174.3,6653.0,6725.5,72.5,1.08,2.56,1.045,7.97,36.8,2782.0,17154.0,0.1622,,,0.871
2020-09-19,학습,168.0,130.6,77.51,37.4,15.69,0.5935,0.2864,0.1201,0.612,0.301,0.087,102.81,50.568,14.621,1552.71,821.59,189.79,2564.09,12.5,113.363,33.129,13.247,4543.1,1726.4,177.6,6447.1,6775.7,328.6,4.85,,,,,,,,,,
2020-09-20,학습,152.0,45.0,,45.0,,,1.0,,0.5064,0.4133,0.0803,76.973,62.82,12.207,1505.53,818.72,186.82,2511.08,12.68,100.703,33.163,12.691,4035.7,1728.1,170.2,5934.0,5467.2,-466.8,-8.54,,,,,,,,,,
2020-09-21,학습,124.0,168.16,106.24,38.38,23.54,0.6318,0.2282,0.14,0.5371,0.368,0.0949,66.595,45.637,11.767,1451.75,798.9,183.65,2434.3,12.98,88.744,31.816,12.18,3556.5,1658.0,163.3,5377.8,4931.9,-445.9,-9.04,2.695,1.2,8.0,,,,,,,0.673
2020-09-22,학습,96.0,274.76,132.28,121.75,20.73,0.4814,0.4431,0.0754,0.5229,0.3871,0.09,50.199,37.166,8.635,1385.88,772.19,177.6,2335.67,13.41,74.81,29.995,10.892,2998.1,1563.1,146.0,4707.2,,,,2.605,1.155,7.98,,,,,,,0.539
2020-09-23,학습,96.0,277.56,104.07,157.55,15.94,0.3749,0.5676,0.0574,0.4841,0.4344,0.0814,46.477,41.706,7.817,1321.55,752.15,171.22,2244.92,13.79,64.728,28.811,9.769,2594.0,1501.4,131.0,4226.4,4212.8,-13.6,-0.32,2.565,0.905,8.12,36.75,2348.0,17728.0,0.1324,4067.0,555.7,0.469
2020-09-24,학습,108.0,301.18,183.47,100.75,16.96,0.6092,0.3345,0.0563,0.5176,0.4077,0.0747,55.903,44.029,8.068,1271.78,736.04,165.6,2173.42,14.06,62.28,27.992,9.079,2495.9,1458.7,121.7,4076.4,4326.4,250.0,5.78,2.63,0.92,8.09,38.75,2416.0,17806.0,0.1357,,,0.451
2020-09-25,학습,120.0,194.07,156.35,19.21,18.51,0.8056,0.099,0.0954,0.596,0.3237,0.0803,71.517,38.844,9.639,1241.61,716.04,162.0,2119.65,14.2,67.016,26.882,9.08,2685.7,1400.8,121.7,4208.3,4558.9,350.7,7.69,2.585,0.955,8.08,38.65,2384.0,17694.0,0.1347,,,0.492
2020-09-26,학습,132.0,156.29,50.93,88.84,16.52,0.3259,0.5684,0.1057,0.5216,0.391,0.0873,68.857,51.618,11.525,1211.2,710.4,160.57,2082.17,14.24,68.873,26.96,9.646,2760.1,1404.9,129.3,4294.4,4926.4,632.0,12.83,,,,,,,,,,
2020-09-27,학습,144.0,,,,,,,,0.4673,0.4403,0.0924,67.294,63.399,13.307,1181.65,717.0,161.04,2059.69,14.17,69.393,27.969,10.567,2781.0,1457.5,141.7,4380.2,5035.2,655.0,13.01,,,,,,,,,,
2020-09-28,학습,144.0,288.54,106.23,156.0,26.31,0.3682,0.5407,0.0912,0.4396,0.4683,0.0921,63.308,67.434,13.258,1150.48,727.11,161.42,2039.0,14.1,68.12,29.149,11.18,2729.9,1519.0,149.9,4398.8,5147.8,748.9,14.55,2.39,0.84,8.02,38.65,2519.0,17968.0,0.1402,4290.0,586.8,0.695
2020-09-29,학습,144.0,291.74,128.95,146.02,16.77,0.442,0.5005,0.0575,0.4403,0.4773,0.0824,63.403,68.735,11.862,1121.89,737.71,160.37,2019.97,14.03,67.372,30.256,11.178,2700.0,1576.7,149.9,4426.5,4836.2,409.7,8.47,2.675,1.11,7.98,38.5,2610.0,17893.0,0.1459,,,0.502
2020-09-30,학습,144.0,216.43,155.99,19.25,41.19,0.7207,0.0889,0.1903,0.5192,0.3681,0.1127,74.761,53.006,16.233,1106.95,731.73,163.79,2002.47,13.95,71.454,29.937,12.489,2863.6,1560.0,167.5,4591.1,4763.5,172.4,3.62,2.385,1.045,7.96,38.6,2692.0,17843.0,0.1509,,,0.589
2020-10-01,학습,144.0,,,,,,,,0.576,0.2894,0.1346,82.942,41.676,19.382,1101.39,714.9,170.07,1986.36,13.86,77.245,28.76,14.327,3095.6,1498.7,192.1,4786.4,4749.9,-36.5,-0.77,,,,,,,,,,
2020-10-02,학습,144.0,148.27,75.95,72.32,0.0,0.5122,0.4878,0.0,0.558,0.3454,0.0966,80.351,49.739,13.91,1093.68,707.48,170.38,1971.54,13.78,79.779,28.405,13.938,3197.2,1480.2,186.9,4864.3,5163.0,298.7,5.78,,,,,,,,,,
2020-10-03,학습,144.0,148.47,104.7,39.42,4.35,0.7052,0.2655,0.0293,0.5996,0.3228,0.0776,86.342,46.487,11.171,1092.57,697.4,167.93,1957.9,13.69,83.738,27.843,12.851,3355.9,1451.0,172.3,4979.1,5422.9,443.8,8.18,,,,,,,,,,
2020-10-04,학습,144.0,135.22,26.38,86.85,21.99,0.1951,0.6423,0.1626,0.4852,0.4132,0.1016,69.865,59.5,14.635,1075.08,701.14,169.14,1945.36,13.6,79.589,28.408,13.15,3189.6,1480.4,176.3,4846.3,,,,,,,,,,,,,
2020-10-05,학습,152.0,196.63,132.1,38.59,25.94,0.6718,0.1963,0.1319,0.538,0.3518,0.1102,81.776,53.472,16.752,1070.9,698.55,172.37,1941.81,13.46,81.795,28.405,13.988,3278.0,1480.2,187.6,4945.7,5206.7,261.0,5.01,2.595,1.005,8.01,38.65,2434.0,18058.0,0.1348,4577.0,600.1,0.597
2020-10-06,학습,152.0,241.67,183.74,41.56,16.37,0.7603,0.172,0.0677,0.6009,0.3009,0.0982,91.344,45.733,14.924,1076.62,688.43,173.51,1938.56,13.33,86.983,27.783,14.011,3485.9,1447.8,187.9,5121.5,5117.8,-3.8,-0.07,2.5,1.105,7.98,38.6,2505.0,17931.0,0.1397,,,0.631
2020-10-07,학습,160.0,332.73,155.21,158.76,18.76,0.4665,0.4771,0.0564,0.5629,0.3508,0.0863,90.057,56.128,13.815,1080.59,689.51,173.45,1943.56,13.15,89.667,28.086,13.694,3593.5,1463.6,183.6,5240.7,5420.2,179.5,3.31,2.715,1.11,8.01,38.55,2543.0,18016.0,0.1412,,,0.582
2020-10-08,학습,160.0,253.95,135.1,101.42,17.43,0.532,0.3994,0.0686,0.5541,0.3646,0.0813,88.658,58.33,13.012,1082.85,692.71,172.6,1948.16,12.98,90.763,28.52,13.237,3637.4,1486.2,177.5,5301.1,5380.6,79.5,1.48,2.59,1.07,7.98,38.5,2468.0,17638.0,0.1399,,,0.632
2020-10-09,학습,168.0,215.61,177.33,19.54,18.74,0.8225,0.0906,0.0869,0.6302,0.2869,0.0829,105.865,48.206,13.929,1102.14,685.53,172.72,1960.39,12.79,98.322,28.079,13.201,3940.3,1463.2,177.0,5580.6,5731.7,151.2,2.64,2.595,1.095,7.97,38.5,2526.0,17754.0,0.1423,,,0.689
2020-10-10,학습,168.0,208.83,103.01,89.34,16.48,0.4933,0.4278,0.0789,0.5914,0.3269,0.0818,99.349,54.913,13.739,1113.36,685.63,172.65,1971.65,12.61,100.377,28.241,13.119,4022.7,1471.7,175.9,5670.2,5856.0,185.7,3.17,,,,,,,,,,
2020-10-11,학습,168.0,,,,,,,,0.5636,0.3555,0.081,94.678,59.719,13.602,1119.02,690.53,172.45,1982.0,12.46,99.776,28.763,13.023,3998.6,1498.9,174.6,5672.1,5917.0,245.0,4.14,,,,,,,,,,
2020-10-12,학습,168.0,291.04,132.78,134.45,23.81,0.4562,0.462,0.0818,0.5331,0.3857,0.0812,89.567,64.79,13.643,1119.12,700.11,172.3,1991.53,12.32,97.361,29.612,12.969,3901.8,1543.1,173.9,5618.8,6011.9,393.1,6.54,2.635,1.08,7.99,38.25,2527.0,17549.0,0.144,3957.0,487.2,0.609
2020-10-13,학습,168.0,278.51,160.76,101.78,15.97,0.5772,0.3654,0.0573,0.5456,0.3799,0.0744,91.666,63.828,12.506,1121.3,707.96,171.03,2000.3,12.2,96.712,30.256,12.591,3875.8,1576.7,168.8,5621.3,5794.1,172.8,2.98,2.47,0.92,7.98,38.25,2493.0,17496.0,0.1425,,,0.613
2020-10-14,학습,168.0,193.37,156.74,19.62,17.01,0.8106,0.1015,0.088,0.6207,0.301,0.0783,104.282,50.567,13.15,1135.93,701.92,170.51,2008.36,12.1,101.357,29.742,12.527,4062.0,1549.9,168.0,5779.8,5858.3,78.5,1.34,2.45,1.05,8.02,38.15,2564.0,17621.0,0.1455,,,0.655
2020-10-15,학습,168.0,193.39,156.33,21.78,15.28,0.8084,0.1126,0.079,0.6739,0.2476,0.0785,113.218,41.597,13.185,1158.32,687.4,170.06,2015.78,12.01,107.797,28.588,12.494,4320.0,1489.7,167.5,5977.3,5924.4,-52.9,-0.89,2.485,0.905,8.02,38.15,2422.0,17827.0,0.1359,,,0.662
2020-10-16,학습,168.0,286.65,154.58,111.21,20.86,0.5393,0.388,0.0728,0.6357,0.2874,0.0769,106.806,48.281,12.913,1172.52,680.72,169.38,2022.61,11.93,109.203,28.142,12.39,4376.4,1466.5,166.1,6009.0,6088.9,79.9,1.31,2.4,1.1,8.01,38.15,2561.0,17816.0,0.1437,,,0.741
2020-10-17,학습,168.0,180.82,81.01,82.94,16.87,0.448,0.4587,0.0933,0.5825,0.3359,0.0815,97.865,56.439,13.696,1176.63,682.73,169.53,2028.89,11.86,106.494,28.417,12.553,4267.8,1480.8,168.3,5917.0,6230.8,313.8,5.04,,,,,,,,,,
2020-10-18,학습,168.0,,,,,,,,0.5444,0.3707,0.0849,91.459,62.284,14.257,1174.01,690.42,170.23,2034.67,11.79,102.261,29.117,12.833,4098.2,1517.3,172.1,5787.6,6264.0,476.4,7.61,,,,,,,,,,
2020-10-19,학습,168.0,262.11,154.86,84.25,23.0,0.5908,0.3214,0.0877,0.5576,0.3568,0.0857,93.67,59.936,14.394,1173.81,695.16,171.02,2039.99,11.74,100.535,29.524,13.065,4029.0,1538.5,175.2,5742.7,6221.4,478.7,7.69,2.61,0.95,7.91,38.05,2694.0,17439.0,0.1545,3874.0,398.2,0.712
2020-10-20,학습,168.0,262.24,183.61,62.34,16.29,0.7002,0.2377,0.0621,0.598,0.323,0.079,100.461,54.267,13.272,1180.42,693.84,170.61,2044.88,11.69,102.187,29.417,12.887,4095.2,1532.9,172.8,5800.9,6388.9,587.9,9.2,2.405,0.815,8.0,38.05,2626.0,17532.0,0.1498,,,0.64
2020-10-21,학습,168.0,309.77,158.61,134.41,16.75,0.512,0.4339,0.0541,0.5736,0.3544,0.0719,96.367,59.548,12.085,1182.41,697.91,169.06,2049.38,11.65,101.568,29.748,12.409,4070.4,1550.2,166.4,5787.0,6166.6,379.6,6.16,2.52,1.16,7.96,38.05,2705.0,17284.0,0.1565,,,0.729
2020-10-22,학습,168.0,248.9,134.89,102.11,11.9,0.5419,0.4102,0.0478,0.5646,0.3703,0.0651,94.859,62.205,10.936,1182.73,704.32,166.48,2053.52,11.62,100.583,30.241,11.739,4030.9,1575.9,157.4,5764.2,6120.4,356.2,5.82,2.575,0.975,7.75,38.05,2752.0,17054.0,0.1614,,,0.693
2020-10-23,학습,134.0,172.17,132.71,19.72,19.74,0.7708,0.1145,0.1147,0.6231,0.2978,0.0791,83.493,39.902,10.605,1171.65,687.9,163.77,2023.33,11.78,95.429,28.876,11.182,3824.4,1504.8,149.9,5479.1,6564.8,1085.7,16.54,2.51,1.0,8.0,38.0,2815.0,17152.0,0.1641,,,0.623
2020-10-24,학습,168.0,112.83,52.83,41.77,18.23,0.4682,0.3702,0.1616,0.5792,0.3183,0.1025,97.303,53.475,17.222,1175.28,686.38,167.9,2029.55,11.72,97.775,28.803,12.788,3918.4,1500.9,171.5,5590.8,6600.3,1009.5,15.29,,,,,,,,,,
2020-10-25,학습,168.0,,,,,,,,0.5477,0.333,0.1193,92.019,55.947,20.034,1173.33,687.44,174.51,2035.28,11.67,97.108,28.938,14.727,3891.7,1508.0,197.5,5597.1,6586.4,989.3,15.02,,,,,,,,,,
2020-10-26,학습,168.0,290.57,133.43,134.06,23.08,0.4592,0.4614,0.0794,0.5226,0.3694,0.108,87.803,62.059,18.138,1167.32,694.54,178.69,2040.55,11.63,95.01,29.542,15.479,3807.6,1539.5,207.5,5554.6,6513.1,958.5,14.72,2.745,1.28,8.0,37.8,2746.0,17628.0,0.1558,6077.0,708.6,0.682
2020-10-27,학습,168.0,251.9,133.77,103.55,14.58,0.531,0.4111,0.0579,0.525,0.3812,0.0938,88.203,64.044,15.753,1162.18,703.05,180.16,2045.39,11.59,93.876,30.214,15.276,3762.1,1574.5,204.8,5541.5,6383.2,841.8,13.19,2.69,1.18,7.97,38.0,3045.0,17945.0,0.1697,5704.0,659.2,0.62
2020-10-28,학습,168.0,111.06,75.98,19.76,15.32,0.6841,0.1779,0.1379,0.5701,0.3236,0.1063,95.781,54.363,17.857,1165.04,701.2,183.61,2049.85,11.56,96.208,30.01,15.769,3855.6,1563.9,211.4,5630.9,6580.1,949.2,14.43,2.365,1.015,7.98,37.95,2927.0,17839.0,0.1641,,,0.678
2020-10-29,학습,168.0,214.51,132.42,65.52,16.57,0.6173,0.3054,0.0772,0.5835,0.3184,0.0981,98.028,53.498,16.473,1169.92,698.63,185.4,2053.96,11.53,98.545,29.768,15.69,3949.3,1551.2,210.4,5710.9,6423.6,712.7,11.1,2.52,1.065,7.98,37.95,2883.0,17862.0,0.1614,5647.0,639.4,0.676
2020-10-30,학습,168.0,286.1,157.0,110.34,18.76,0.5488,0.3857,0.0656,0.5737,0.3375,0.0888,96.374,56.7,14.926,1172.75,699.47,185.51,2057.73,11.51,99.325,29.818,15.172,3980.5,1553.8,203.4,5737.8,6303.6,565.9,8.98,,,,,,,,,,
2020-10-31,학습,168.0,208.28,107.82,84.0,16.46,0.5177,0.4033,0.079,0.5578,0.3562,0.0861,93.708,59.834,14.459,1172.69,703.38,185.13,2061.2,11.49,98.739,30.111,14.679,3957.0,1569.1,196.8,5723.0,6158.3,435.3,7.07,,,,,,,,,,
2020-11-01,학습,168.0,,,,,,,,0.5464,0.3695,0.0841,91.797,62.079,14.124,1170.72,709.22,184.45,2064.4,11.47,97.613,30.54,14.242,3911.9,1591.5,191.0,5694.4,6139.3,444.9,7.25,,,,,,,,,,
2020-11-02,학습,168.0,192.27,131.22,39.38,21.67,0.6825,0.2048,0.1127,0.585,0.3228,0.0922,98.277,54.236,15.487,1175.4,706.75,185.19,2067.34,11.46,99.511,30.277,14.353,3988.0,1577.8,192.5,5758.2,6069.7,311.5,5.13,2.675,1.015,7.94,37.95,2975.0,17904.0,0.1662,,,0.626
2020-11-03,학습,168.0,164.02,107.29,41.66,15.07,0.6541,0.254,0.0919,0.6046,0.3033,0.0921,101.57,50.957,15.473,1182.99,701.2,185.86,2070.04,11.45,101.999,29.791,14.425,4087.7,1552.4,193.4,5833.5,6042.1,208.6,3.45,2.59,1.04,7.96,37.95,2863.0,17978.0,0.1592,,,0.569
2020-11-04,학습,168.0,296.62,180.9,99.51,16.21,0.6099,0.3355,0.0546,0.6061,0.3124,0.0815,101.822,52.489,13.689,1190.22,697.62,184.69,2072.53,11.44,103.634,29.501,13.939,4153.2,1537.3,186.9,5877.4,5990.9,113.5,1.89,,,,,,,,,,
2020-11-05,학습,168.0,248.82,133.69,103.89,11.24,0.5373,0.4175,0.0452,0.5866,0.3422,0.0712,98.546,57.494,11.96,1193.6,699.34,181.88,2074.82,11.43,103.332,29.655,13.088,4141.1,1545.3,175.5,5861.9,6005.9,143.9,2.4,2.64,1.09,7.92,38.0,2926.0,18185.0,0.1609,,,0.657
2020-11-06,학습,168.0,165.88,126.63,19.75,19.5,0.7634,0.1191,0.1176,0.6367,0.279,0.0843,106.966,46.866,14.168,1205.13,690.29,181.51,2076.93,11.43,106.514,28.935,13.171,4268.6,1507.9,176.6,5953.1,6096.3,143.2,2.35,2.765,1.285,7.92,38.0,3014.0,18220.0,0.1654,,,0.733
2020-11-07,학습,168.0,140.85,81.38,41.24,18.23,0.5778,0.2928,0.1294,0.62,0.2829,0.0971,104.16,47.525,16.316,1212.94,682.62,183.31,2078.87,11.42,107.353,28.377,13.872,4302.3,1478.8,186.0,5967.0,6123.9,156.9,2.56,,,,,,,,,,
2020-11-08,학습,168.0,,,,,,,,0.608,0.2857,0.1063,102.149,47.997,17.854,1218.1,676.04,186.51,2080.65,11.42,107.067,27.941,14.811,4290.8,1456.0,198.6,5945.4,5929.6,-15.8,-0.27,,,,,,,,,,
2020-11-09,학습,168.0,239.34,130.38,86.4,22.56,0.5447,0.361,0.0943,0.5901,0.307,0.1029,99.135,51.583,17.282,1219.84,673.57,188.88,2082.29,11.42,105.685,27.857,15.28,4235.4,1451.6,204.9,5891.9,6089.9,198.0,3.25,2.685,1.065,7.96,37.85,2884.0,17864.0,0.1614,,,0.617
2020-11-10,학습,168.0,255.42,155.73,84.04,15.65,0.6097,0.329,0.0613,0.5957,0.3133,0.0911,100.069,52.63,15.301,1222.38,672.34,189.08,2083.8,11.42,105.206,27.869,15.005,4216.2,1452.3,201.2,5869.7,5942.0,72.3,1.22,2.755,1.215,7.97,37.95,2942.0,17788.0,0.1654,,,0.615
2020-11-11,학습,168.0,157.64,101.84,39.31,16.49,0.646,0.2494,0.1046,0.6099,0.2952,0.0949,102.468,49.586,15.945,1227.11,668.17,189.9,2085.19,11.42,105.871,27.637,15.011,4242.8,1440.2,201.3,5884.3,5859.9,-24.3,-0.42,2.51,1.02,7.98,38.0,2988.0,17452.0,0.1712,,,0.611
2020-11-12,학습,168.0,216.19,159.68,41.79,14.72,0.7386,0.1933,0.0681,0.6464,0.2663,0.0873,108.596,44.736,14.668,1237.59,659.48,189.39,2086.46,11.42,108.732,27.051,14.631,4357.5,1409.6,196.2,5963.3,5879.5,-83.8,-1.43,2.54,0.965,7.99,38.0,2835.0,17361.0,0.1633,,,0.609
2020-11-13,학습,168.0,207.94,101.35,88.03,18.56,0.4874,0.4233,0.0893,0.6013,0.3108,0.0879,101.024,52.215,14.761,1239.67,658.97,189.01,2087.64,11.42,107.467,27.152,14.401,4306.8,1414.9,193.1,5914.8,5831.3,-83.5,-1.43,2.665,1.24,8.0,38.1,2734.0,17168.0,0.1592,,,0.687
2020-11-14,학습,168.0,213.33,158.7,37.01,17.62,0.7439,0.1735,0.0826,0.6418,0.2719,0.0864,107.814,45.676,14.51,1248.36,651.96,188.4,2088.72,11.42,109.403,26.714,14.168,4384.4,1392.1,190.0,5966.5,5675.2,-291.3,-5.13,,,,,,,,,,
2020-11-15,학습,168.0,46.07,0.0,46.07,0.0,0.0,1.0,0.0,0.4598,0.4783,0.0619,77.252,80.351,10.397,1225.8,680.18,183.74,2089.72,11.42,98.373,29.117,12.776,3942.3,1517.3,171.3,5630.9,5783.0,152.0,2.63,,,,,,,,,,
2020-11-16,학습,168.0,235.5,128.42,84.0,23.08,0.5453,0.3567,0.098,0.4841,0.4438,0.0721,81.323,74.56,12.117,1209.11,700.36,181.16,2090.63,11.42,93.198,30.694,12.343,3735.0,1599.5,165.5,5500.0,5901.7,401.8,6.81,2.745,1.005,8.0,38.0,2861.0,17488.0,0.1636,,,0.603
2020-11-17,학습,168.0,240.48,180.77,41.47,18.24,0.7517,0.1724,0.0758,0.5599,0.3669,0.0732,94.069,61.637,12.294,1206.51,706.0,178.97,2091.47,11.42,95.105,31.0,12.101,3811.4,1615.4,162.3,5589.1,5826.0,236.9,4.07,2.595,1.2,8.02,38.0,2783.0,17568.0,0.1584,,,0.592
2020-11-18,학습,168.0,264.4,131.06,115.2,18.14,0.4957,0.4357,0.0686,0.5417,0.3864,0.0719,91.009,64.914,12.076,1201.05,714.46,176.74,2092.25,11.43,95.057,31.521,11.871,3809.5,1642.6,159.2,5611.3,5950.9,339.7,5.71,2.66,1.165,8.04,38.0,2839.0,17721.0,0.1602,,,0.588
2020-11-19,학습,174.0,260.49,186.86,56.84,16.79,0.7173,0.2182,0.0645,0.5915,0.3387,0.0698,102.922,58.937,12.141,1207.94,716.27,174.75,2098.96,11.4,99.793,31.486,11.733,3999.3,1640.8,157.3,5797.4,6191.0,393.6,6.36,2.585,1.17,8.02,38.0,2802.0,17622.0,0.159,,,0.652
2020-11-20,학습,184.0,288.4,182.97,86.82,18.61,0.6344,0.301,0.0645,0.6037,0.328,0.0683,111.076,60.359,12.565,1222.43,719.36,173.34,2115.14,11.32,105.975,31.57,11.767,4247.0,1645.2,157.8,6049.9,6338.2,288.2,4.55,2.585,1.115,8.02,37.9,2859.0,17715.0,0.1614,,,0.678
2020-11-21,학습,192.0,166.45,106.84,41.34,18.27,0.6419,0.2484,0.1098,0.6145,0.3055,0.08,117.984,58.647,15.369,1242.68,720.49,174.85,2138.02,11.21,112.551,31.505,12.631,4510.6,1641.7,169.4,6321.7,6675.0,353.3,5.29,,,,,,,,,,
2020-11-22,학습,200.0,45.43,0.0,45.43,0.0,0.0,1.0,0.0,0.4403,0.5023,0.0574,88.062,100.467,11.471,1231.38,763.35,172.34,2167.07,11.08,104.638,34.794,12.05,4193.4,1813.2,161.6,6168.2,6717.9,549.8,8.18,,,,,,,,,,
2020-11-23,학습,208.0,299.1,183.56,90.19,25.35,0.6137,0.3015,0.0848,0.4895,0.4454,0.0651,101.808,92.646,13.545,1234.73,794.96,172.11,2201.81,10.94,105.256,36.963,12.277,4218.2,1926.2,164.6,6309.0,6777.4,468.4,6.91,2.52,0.98,8.0,38.0,2984.0,17368.0,0.1718,,,0.681
2020-11-24,학습,216.0,278.76,161.08,99.33,18.35,0.5778,0.3563,0.0658,0.5145,0.4202,0.0653,111.135,90.755,14.11,1247.15,822.16,172.46,2241.76,10.79,109.368,38.653,12.601,4383.0,2014.3,169.0,6566.2,6794.7,228.5,3.36,2.54,1.07,8.0,38.0,2896.0,17281.0,0.1676,,,0.77
2020-11-25,학습,224.0,290.57,207.19,67.07,16.31,0.713,0.2308,0.0561,0.5708,0.3665,0.0627,127.858,82.094,14.049,1275.29,838.51,172.72,2286.52,10.64,118.593,39.396,12.803,4752.7,2053.0,171.7,6977.3,7110.7,133.4,1.88,2.24,0.74,8.0,38.0,2692.0,17325.0,0.1554,,,0.706
2020-11-26,학습,232.0,336.04,234.37,83.11,18.56,0.6974,0.2473,0.0552,0.6067,0.3327,0.0606,140.753,77.189,14.058,1314.07,848.66,172.96,2335.7,10.48,129.44,39.634,12.944,5187.4,2065.4,173.6,7426.4,7212.8,-213.5,-2.96,2.425,0.795,8.0,38.0,2767.0,17628.0,0.157,,,0.708
2020-11-27,학습,240.0,205.12,183.72,0.0,21.4,0.8957,0.0,0.1043,0.6886,0.2384,0.073,165.267,57.215,17.518,1374.27,838.02,176.65,2388.95,10.33,145.936,38.239,14.078,5848.5,1992.7,188.8,8029.9,7319.6,-710.3,-9.7,2.49,0.965,8.02,38.0,2932.0,17715.0,0.1655,,,0.753
2020-11-28,학습,240.0,213.53,155.33,38.13,20.07,0.7274,0.1786,0.094,0.6996,0.2214,0.0789,167.908,53.145,18.947,1432.3,824.16,181.48,2437.94,10.21,157.165,36.728,15.279,6298.5,1914.0,204.9,8417.3,7453.9,-963.5,-12.93,,,,,,,,,,
2020-11-29,학습,240.0,,,,,,,,0.7075,0.2093,0.0832,169.801,50.229,19.97,1487.58,808.49,186.94,2483.01,10.13,164.848,35.212,16.405,6606.4,1834.9,220.0,8661.3,7703.6,-957.7,-12.43,,,,,,,,,,
2020-11-30,학습,240.0,265.71,155.36,84.0,26.35,0.5847,0.3161,0.0992,0.6727,0.2396,0.0877,161.446,57.498,21.056,1530.09,801.35,193.05,2524.48,10.07,166.244,34.506,17.498,6662.4,1798.1,234.6,8695.1,7612.4,-1082.7,-14.22,2.35,0.84,7.92,38.0,2684.0,17258.0,0.1555,,,0.804
2020-12-01,학습,240.0,221.96,159.59,41.63,20.74,0.719,0.1876,0.0934,0.6858,0.2248,0.0894,164.597,53.959,21.444,1572.34,791.23,199.05,2562.63,10.03,168.366,33.623,18.36,6747.4,1752.1,246.2,8745.7,7559.3,-1186.3,-15.69,2.425,1.02,7.99,38.0,2670.0,17196.0,0.1553,,,0.885
2020-12-02,학습,240.0,361.67,207.96,136.09,17.62,0.575,0.3763,0.0487,0.6544,0.2678,0.0778,157.057,64.263,18.68,1603.68,792.23,201.82,2597.74,10.01,166.658,33.697,18.118,6678.9,1756.0,242.9,8677.9,7481.1,-1196.7,-16.0,2.685,1.065,7.96,38.1,2585.0,17041.0,0.1517,,,0.966
2020-12-03,학습,240.0,243.99,185.87,38.54,19.58,0.7618,0.158,0.0802,0.6848,0.2366,0.0785,164.363,56.792,18.844,1639.82,785.68,204.53,2630.03,10.01,168.527,33.163,18.002,6753.8,1728.1,241.4,8723.4,7636.2,-1087.1,-14.24,2.445,0.89,8.09,38.1,2593.0,16969.0,0.1528,,,0.966
2020-12-04,학습,240.0,240.91,182.87,38.89,19.15,0.7591,0.1614,0.0795,0.7059,0.2153,0.0788,169.414,51.676,18.91,1678.12,774.54,207.08,2659.75,10.02,171.7,32.299,17.943,6881.0,1683.2,240.6,8804.7,7566.3,-1238.4,-16.37,2.44,0.935,8.06,38.0,2617.0,17115.0,0.1529,,,0.93
2020-12-05,학습,240.0,209.41,98.86,91.78,18.77,0.4721,0.4383,0.0896,0.6396,0.2785,0.0819,153.507,66.845,19.648,1697.46,779.45,210.17,2687.09,10.03,167.295,32.78,18.124,6704.4,1708.2,243.0,8655.6,7344.2,-1311.4,-17.86,,,,,,,,,,
2020-12-06,학습,240.0,45.68,0.0,45.68,0.0,0.0,1.0,0.0,0.4583,0.483,0.0587,109.993,115.929,14.078,1671.73,833.06,207.45,2712.24,10.06,147.172,37.114,16.577,5898.0,1934.1,222.3,8054.3,7374.0,-680.4,-9.23,,,,,,,,,,
2020-12-07,학습,236.0,289.38,129.48,134.75,25.15,0.4474,0.4657,0.0869,0.4552,0.4781,0.0667,107.433,112.834,15.734,1645.5,879.29,206.6,2731.38,10.1,133.738,40.548,16.018,5359.6,2113.0,214.8,7687.4,7275.8,-411.6,-5.66,2.825,1.275,7.92,38.0,2481.0,16495.0,0.1504,,,0.835
2020-12-08,학습,232.0,278.86,158.16,103.58,17.12,0.5672,0.3714,0.0614,0.487,0.4479,0.0652,112.974,103.906,15.12,1626.9,912.89,205.2,2744.99,10.16,127.669,42.75,15.454,5116.4,2227.8,207.2,7551.4,7248.3,-303.1,-4.18,2.555,1.055,7.92,38.0,2543.0,16350.0,0.1555,,,0.867
2020-12-09,학습,228.0,117.42,105.73,0.0,11.69,0.9004,0.0,0.0996,0.6042,0.3209,0.0749,137.75,73.168,17.082,1634.57,913.07,205.87,2753.51,10.24,133.836,42.162,15.658,5363.6,2197.1,209.9,7770.6,7398.0,-372.6,-5.04,2.29,0.805,7.85,38.0,2618.0,16169.0,0.1619,,,0.946
2020-12-10,학습,224.0,220.24,156.35,41.69,22.2,0.7099,0.1893,0.1008,0.6341,0.2836,0.0823,142.048,63.527,18.425,1645.93,903.59,207.84,2757.35,10.33,139.359,40.89,16.2,5584.9,2130.8,217.2,7933.0,7597.1,-335.9,-4.42,2.46,0.985,7.85,38.0,2569.0,16278.0,0.1578,,,0.82
2020-12-11,학습,220.0,263.16,156.48,86.97,19.71,0.5946,0.3305,0.0749,0.6229,0.2969,0.0802,137.046,65.316,17.637,1651.37,896.66,208.86,2756.89,10.42,140.765,39.954,16.333,5641.2,2082.0,219.0,7942.3,7629.2,-313.0,-4.1,,,,,,,,,,
2020-12-12,학습,216.0,151.32,95.6,38.72,17.0,0.6318,0.2559,0.1123,0.6254,0.2853,0.0893,135.096,61.618,19.287,1654.43,886.58,211.44,2752.46,10.53,140.851,38.863,16.918,5644.7,2025.2,226.8,7896.7,7576.6,-320.1,-4.23,,,,,,,,,,
2020-12-13,학습,212.0,45.8,0.0,45.8,0.0,0.0,1.0,0.0,0.4481,0.4879,0.064,95.008,103.429,13.564,1617.16,919.13,208.1,2744.39,10.63,124.869,41.281,15.6,5004.2,2151.2,209.2,7364.6,7927.9,563.3,7.11,,,,,,,,,,
2020-12-14,학습,208.0,220.88,159.19,39.37,22.32,0.7207,0.1782,0.1011,0.5254,0.4001,0.0745,109.285,83.221,15.493,1597.14,928.86,206.96,2732.96,10.75,120.724,41.718,15.281,4838.1,2174.0,204.9,7216.9,7992.0,775.0,9.7,2.565,1.355,7.89,38.0,2340.0,16688.0,0.1402,,,0.816
2020-12-15,학습,204.0,262.05,157.18,90.49,14.38,0.5998,0.3453,0.0549,0.5465,0.3846,0.0689,111.486,78.453,14.061,1580.93,933.04,204.47,2718.44,10.87,119.048,41.707,14.634,4770.9,2173.4,196.2,7140.6,7893.9,753.3,9.54,2.55,1.15,7.9,38.0,2417.0,16743.0,0.1444,,,0.75
2020-12-16,학습,204.0,281.83,132.6,136.4,12.83,0.4705,0.484,0.0455,0.525,0.4128,0.0623,107.091,84.201,12.708,1561.62,942.64,200.83,2705.09,10.97,116.256,42.158,13.786,4659.0,2196.9,184.9,7040.8,8028.9,988.1,12.31,2.485,1.025,7.88,37.9,2398.0,16715.0,0.1435,,,0.775
2020-12-17,학습,204.0,269.77,131.46,122.44,15.87,0.4873,0.4539,0.0588,0.5143,0.4244,0.0613,104.914,86.579,12.508,1541.67,953.85,197.28,2692.8,11.07,113.663,42.732,13.149,4555.1,2226.8,176.3,6958.2,8112.2,1153.9,14.22,2.605,1.165,7.88,38.0,2637.0,16764.0,0.1573,,,0.913
2020-12-18,학습,204.0,121.72,104.4,0.0,17.32,0.8577,0.0,0.1423,0.6116,0.3041,0.0843,124.773,62.036,17.191,1543.18,939.62,198.7,2681.5,11.15,120.008,41.255,14.119,4809.4,2149.9,189.3,7148.6,8136.5,987.9,12.14,,,,,,,,,,
2020-12-19,학습,204.0,190.95,83.0,91.04,16.91,0.4347,0.4768,0.0886,0.5615,0.353,0.0855,114.54,72.022,17.439,1534.33,936.52,200.25,2671.09,11.22,119.828,40.8,14.855,4802.2,2126.1,199.2,7127.5,7976.8,849.3,10.65,,,,,,,,,,
2020-12-20,학습,204.0,,,,,,,,0.5255,0.3881,0.0864,107.207,79.177,17.616,1518.86,940.81,201.85,2661.53,11.28,116.784,40.986,15.41,4680.2,2135.8,206.6,7022.6,7709.0,686.3,8.9,,,,,,,,,,
2020-12-21,학습,200.0,288.06,129.62,137.5,20.94,0.45,0.4773,0.0727,0.5041,0.4134,0.0825,100.822,82.682,16.496,1498.24,948.27,202.21,2648.72,11.36,112.352,41.424,15.452,4502.6,2158.7,207.2,6868.4,7284.7,416.3,5.71,2.63,1.03,7.84,38.2,2296.0,16598.0,0.1383,,,0.848
2020-12-22,학습,143.0,267.65,130.72,122.83,14.1,0.4884,0.4589,0.0527,0.4997,0.4263,0.074,71.451,60.962,10.587,1449.9,933.41,196.63,2579.94,11.67,97.87,40.059,13.708,3922.2,2087.5,183.8,6193.5,7495.6,1302.1,17.37,2.635,0.99,7.86,38.1,2473.0,16634.0,0.1487,,,0.767
2020-12-23,학습,192.0,112.58,78.81,19.59,14.18,0.7,0.174,0.126,0.5565,0.3548,0.0888,106.84,68.12,17.04,1440.81,926.9,197.95,2565.66,11.72,103.095,39.472,14.455,4131.6,2056.9,193.8,6382.4,8004.9,1622.6,20.27,2.615,1.025,7.88,38.0,2491.0,16824.0,0.1481,,,0.938
2020-12-24,학습,184.0,161.2,105.46,41.65,14.09,0.6542,0.2584,0.0874,0.5842,0.3275,0.0884,107.487,60.253,16.26,1433.1,913.04,198.38,2544.52,11.8,106.576,38.344,14.731,4271.1,1998.2,197.5,6466.8,8042.0,1575.2,19.59,,,,,,,,,,
2020-12-25,학습,176.0,205.29,103.42,88.05,13.82,0.5038,0.4289,0.0673,0.5614,0.3562,0.0824,98.803,62.694,14.503,1417.32,902.73,197.02,2517.07,11.91,105.249,37.582,14.391,4217.9,1958.4,193.0,6369.3,7529.5,1160.2,15.41,,,,,,,,,,
2020-12-26,학습,168.0,130.36,73.45,39.4,17.51,0.5634,0.3022,0.1343,0.562,0.3409,0.0971,94.41,57.274,16.316,1398.4,887.83,197.59,2483.82,12.03,102.674,36.5,14.704,4114.7,1902.1,197.1,6213.9,7047.9,834.0,11.83,,,,,,,,,,
2020-12-27,학습,160.0,46.13,0.0,46.13,0.0,0.0,1.0,0.0,0.4027,0.5277,0.0696,64.426,84.439,11.134,1351.02,901.28,192.92,2445.22,12.18,89.092,37.755,13.362,3570.4,1967.5,179.2,5717.0,,,,,,,,,,,,,
2020-12-28,학습,152.0,186.72,126.51,39.4,20.81,0.6775,0.211,0.1115,0.4806,0.438,0.0815,73.049,66.57,12.381,1316.05,895.79,189.88,2401.71,12.35,84.165,37.391,12.822,3373.0,1948.5,171.9,5493.4,,,,,,,,,,,,,
2020-12-29,학습,156.0,108.01,51.73,41.37,14.91,0.4789,0.383,0.138,0.4801,0.4224,0.0975,74.898,65.892,15.209,1285.72,890.06,189.91,2365.68,12.47,81.866,37.028,13.302,3280.8,1929.6,178.4,5388.7,,,,,,,,,,,,,
2020-12-30,학습,160.0,249.86,126.28,108.52,15.06,0.5054,0.4343,0.0603,0.4873,0.4258,0.0869,77.965,68.123,13.911,1260.88,887.02,188.63,2336.53,12.55,81.675,36.898,13.24,3273.2,1922.8,177.5,5373.5,6526.8,1153.3,17.67,2.76,1.095,7.86,38.0,2317.0,17418.0,0.133,,,0.762
2020-12-31,학습,152.0,192.52,80.04,102.97,9.51,0.4157,0.5349,0.0494,0.467,0.4567,0.0763,70.985,69.417,11.598,1231.05,885.51,185.15,2301.72,12.65,78.765,36.891,12.503,3156.5,1922.4,167.6,5246.6,6318.6,1071.9,16.96,2.69,1.005,7.89,37.9,2521.0,17525.0,0.1439,,,0.815
2021-01-01,학습,144.0,41.77,26.3,0.0,15.47,0.6296,0.0,0.3704,0.5131,0.3272,0.1597,73.887,47.122,22.991,1206.51,861.83,193.34,2261.68,12.78,78.131,35.102,15.419,3131.2,1829.2,206.7,5167.1,5980.8,813.7,13.61,,,,,,,,,,
2021-01-02,학습,144.0,160.53,103.8,41.91,14.82,0.6466,0.2611,0.0923,0.551,0.3085,0.1406,79.337,44.421,20.242,1189.38,837.34,198.12,2224.85,12.89,79.92,33.366,16.582,3202.9,1738.7,222.3,5163.9,5111.0,-52.9,-1.03,,,,,,,,,,
2021-01-03,학습,144.0,0.0,,,,,,,0.5781,0.295,0.1269,83.242,42.486,18.272,1177.53,812.88,200.55,2190.96,12.98,82.585,31.737,16.784,3309.7,1653.8,225.0,5188.5,5157.1,-31.4,-0.61,,,,,,,,,,
2021-01-04,학습,144.0,213.08,104.29,87.8,20.99,0.4894,0.4121,0.0985,0.5529,0.3282,0.1188,79.624,47.262,17.114,1163.0,795.15,201.63,2159.78,13.04,82.782,30.735,16.574,3317.5,1601.7,222.2,5141.4,5175.6,34.2,0.66,2.555,0.895,8.0,38.0,2338.0,17702.0,0.1321,,,0.666
2021-01-05,학습,144.0,246.39,105.89,123.93,16.57,0.4298,0.503,0.0673,0.518,0.3778,0.1042,74.596,54.396,15.008,1144.61,785.97,200.52,2131.09,13.1,80.892,30.455,15.799,3241.8,1587.1,211.8,5040.7,5067.0,26.3,0.52,2.68,1.085,8.0,38.0,2497.0,17736.0,0.1408,,,0.799
2021-01-06,학습,144.0,135.7,102.52,19.16,14.02,0.7555,0.1412,0.1033,0.5853,0.3107,0.104,84.289,44.74,14.971,1137.38,767.87,199.45,2104.7,13.13,83.604,29.445,15.26,3350.5,1534.4,204.6,5089.5,5268.1,178.6,3.39,2.565,1.25,7.99,38.0,2606.0,17645.0,0.1477,,,0.945
2021-01-07,학습,144.0,132.77,80.05,41.34,11.38,0.6029,0.3114,0.0857,0.5903,0.3109,0.0988,85.007,44.768,14.226,1131.45,751.24,197.73,2080.42,13.15,85.563,28.59,14.668,3429.0,1489.8,196.7,5115.5,5424.8,309.3,5.7,2.455,0.99,8.0,38.1,2575.0,17673.0,0.1457,,,0.941
2021-01-08,학습,118.0,80.84,28.06,41.73,11.05,0.3471,0.5162,0.1367,0.5214,0.3691,0.1095,61.523,43.552,12.925,1102.5,734.72,194.85,2032.08,13.33,77.378,27.765,13.875,3101.0,1446.9,186.0,4733.9,4283.2,-450.7,-10.52,,,,,,,,,,
2021-01-09,학습,116.0,138.2,126.22,0.0,11.98,0.9133,0.0,0.0867,0.6325,0.2645,0.1031,73.368,30.678,11.955,1087.72,706.66,191.22,1985.6,13.49,77.068,26.036,13.044,3088.5,1356.7,174.9,4620.2,4597.9,-22.3,-0.48,,,,,,,,,,
2021-01-10,학습,128.0,90.25,0.0,90.25,0.0,0.0,1.0,0.0,0.4532,0.473,0.0738,58.009,60.539,9.452,1058.76,710.7,185.39,1954.84,13.55,70.733,26.955,11.726,2834.7,1404.7,157.2,4396.6,4903.0,506.4,10.33,,,,,,,,,,
2021-01-11,학습,136.0,137.03,80.88,38.78,17.37,0.5902,0.283,0.1268,0.492,0.4191,0.0888,66.917,57.0,12.083,1041.02,710.87,182.65,1934.54,13.52,70.39,27.453,11.617,2820.9,1430.6,155.8,4407.3,4594.0,186.7,4.06,2.53,0.94,8.0,38.0,2541.0,17329.0,0.1466,,,0.775
2021-01-12,학습,136.0,132.52,78.02,41.43,13.07,0.5887,0.3126,0.0986,0.5195,0.3889,0.0916,70.645,52.895,12.46,1028.43,706.93,180.5,1915.86,13.49,71.669,27.548,11.656,2872.2,1435.6,156.3,4464.0,4043.6,-420.4,-10.4,2.38,0.975,8.0,38.05,2487.0,17421.0,0.1428,,,0.716
2021-01-13,학습,136.0,250.02,101.33,136.07,12.62,0.4053,0.5442,0.0505,0.4871,0.433,0.08,66.244,58.882,10.874,1012.45,709.29,176.94,1898.68,13.45,70.698,28.107,11.207,2833.3,1464.7,150.3,4448.2,3865.1,-583.1,-15.09,2.355,1.12,8.02,38.0,2413.0,17506.0,0.1378,,,0.69
2021-01-14,학습,136.0,221.86,103.44,100.78,17.64,0.4662,0.4543,0.0795,0.4812,0.439,0.0798,65.44,59.703,10.857,996.94,712.28,173.65,1882.87,13.41,69.777,28.648,10.895,2796.4,1492.9,146.1,4435.3,4147.5,-287.9,-6.94,2.6,1.02,8.03,38.05,2386.0,17458.0,0.1367,,,0.794
2021-01-15,학습,136.0,227.08,81.05,128.24,17.79,0.3569,0.5647,0.0783,0.446,0.4746,0.0794,60.65,64.551,10.799,977.88,719.88,170.57,1868.32,13.36,67.293,29.495,10.666,2696.8,1537.0,143.0,4376.9,4698.7,321.9,6.85,2.395,1.135,8.02,38.0,2467.0,17328.0,0.1424,,,0.824
2021-01-16,학습,136.0,41.73,25.58,0.0,16.15,0.613,0.0,0.387,0.4933,0.3401,0.1666,67.089,46.252,22.658,966.78,708.57,179.59,1854.94,13.31,68.337,28.751,14.067,2738.7,1498.2,188.6,4425.5,4420.8,-4.7,-0.11,,,,,,,,,,
2021-01-17,학습,136.0,0.0,,,,,,,0.5272,0.2437,0.2291,71.703,33.141,31.155,961.18,685.06,196.38,1842.63,13.25,70.827,27.069,18.935,2838.4,1410.6,253.9,4502.9,4234.7,-268.2,-6.33,,,,,,,,,,
2021-01-18,학습,136.0,229.67,52.21,158.73,18.73,0.2273,0.6911,0.0816,0.4422,0.3705,0.1873,60.142,50.391,25.468,944.47,680.68,206.15,1831.3,13.19,67.737,27.022,20.546,2714.6,1408.1,275.5,4398.2,4137.4,-260.8,-6.3,2.525,1.145,8.05,38.25,2563.0,17512.0,0.1464,2026.0,271.2,0.76
2021-01-19,학습,136.0,210.76,76.46,122.73,11.57,0.3628,0.5823,0.0549,0.4197,0.4306,0.1497,57.079,58.556,20.365,926.04,684.81,210.03,1820.88,13.13,64.607,27.634,20.113,2589.2,1440.0,269.7,4298.9,3687.8,-611.1,-16.57,2.49,1.07,8.07,38.05,2593.0,17607.0,0.1473,,,0.724
2021-01-20,학습,136.0,107.25,77.17,18.62,11.46,0.7195,0.1736,0.1069,0.5047,0.3577,0.1376,68.638,48.65,18.711,920.63,678.7,211.95,1811.29,13.07,67.3,27.362,19.322,2697.1,1425.9,259.1,4382.0,3715.3,-666.8,-17.95,2.385,0.93,8.08,38.0,2451.0,17762.0,0.138,,,0.702
2021-01-21,학습,136.0,184.96,129.75,41.77,13.44,0.7015,0.2258,0.0727,0.5605,0.3203,0.1192,76.226,43.566,16.209,923.25,668.0,211.21,1802.46,13.01,71.996,26.724,18.032,2885.3,1392.6,241.8,4519.7,3823.1,-696.6,-18.22,2.525,0.98,8.1,38.05,2399.0,17802.0,0.1348,,,0.751
2021-01-22,학습,136.0,213.81,109.07,87.46,17.28,0.5101,0.4091,0.0808,0.5462,0.3455,0.1083,74.284,46.986,14.73,923.71,661.58,209.05,1794.35,12.95,74.115,26.456,16.709,2970.2,1378.6,224.0,4572.9,3985.1,-587.8,-14.75,2.635,1.13,8.11,38.1,2327.0,17782.0,0.1309,,,0.75
2021-01-23,학습,136.0,103.05,48.95,38.2,15.9,0.475,0.3707,0.1543,0.526,0.3526,0.1213,71.54,47.958,16.503,921.4,656.64,208.84,1786.88,12.89,74.325,26.306,16.34,2978.6,1370.8,219.1,4568.5,4179.7,-388.8,-9.3,,,,,,,,,,
2021-01-24,학습,136.0,45.15,0.0,45.15,0.0,0.0,1.0,0.0,0.3769,0.5361,0.0869,51.26,72.915,11.825,898.99,677.05,203.97,1780.01,12.83,66.342,28.175,14.684,2658.7,1468.2,196.9,4323.8,4082.1,-241.7,-5.92,,,,,,,,,,
2021-01-25,학습,140.0,113.47,52.73,38.8,21.94,0.4647,0.3419,0.1934,0.4018,0.4811,0.1171,56.252,67.353,16.395,883.36,690.27,204.06,1777.69,12.74,63.415,29.317,14.927,2541.4,1527.8,200.1,4269.3,4279.4,10.0,0.23,2.59,1.035,8.11,38.1,2417.0,17832.0,0.1355,1971.0,297.0,0.821
2021-01-26,학습,140.0,205.57,101.87,89.71,13.99,0.4955,0.4364,0.0681,0.4284,0.4684,0.1032,59.972,65.579,14.449,872.7,700.66,202.19,1775.55,12.65,63.099,30.146,14.509,2528.7,1570.9,194.5,4294.2,4407.3,113.1,2.57,2.6,1.07,8.1,37.95,2362.0,17863.0,0.1322,,,0.786
2021-01-27,학습,140.0,233.12,108.18,111.74,13.2,0.4641,0.4793,0.0566,0.4385,0.4715,0.09,61.388,66.012,12.6,864.31,710.65,198.62,1773.59,12.58,63.47,30.884,13.669,2543.6,1609.4,183.3,4336.3,4239.8,-96.5,-2.28,2.485,0.98,8.13,38.05,2346.0,17657.0,0.1329,,,0.817
2021-01-28,학습,140.0,190.14,53.32,122.21,14.61,0.2804,0.6427,0.0768,0.3937,0.52,0.0863,55.116,72.807,12.078,850.32,726.64,194.82,1771.78,12.5,61.19,32.055,12.94,2452.2,1670.4,173.5,4296.1,4686.1,390.0,8.32,2.515,1.085,8.14,38.05,2393.0,17705.0,0.1352,,,0.896
2021-01-29,학습,140.0,183.11,129.35,41.61,12.15,0.7064,0.2272,0.0664,0.4823,0.437,0.0806,67.526,61.187,11.287,849.86,729.72,190.53,1770.11,12.44,64.748,32.119,12.206,2594.8,1673.8,163.7,4432.2,4711.5,279.2,5.93,2.53,1.045,8.14,38.0,2465.0,17643.0,0.1397,,,0.901
2021-01-30,학습,144.0,66.1,53.21,0.0,12.89,0.805,0.0,0.195,0.5738,0.3132,0.113,82.626,45.095,16.279,864.54,716.47,191.57,1772.58,12.34,72.982,30.887,13.203,2924.8,1609.5,177.0,4711.4,5001.2,289.9,5.8,,,,,,,,,,
2021-01-31,학습,144.0,0.0,,,,,,,0.6393,0.2244,0.1363,92.064,32.312,19.624,887.48,691.5,195.88,1774.86,12.26,81.835,28.817,14.886,3279.6,1501.7,199.6,4980.9,4996.9,16.0,0.32,,,,,,,,,,
2021-02-01,학습,148.0,214.61,80.52,111.12,22.97,0.3752,0.5178,0.107,0.5645,0.3076,0.128,83.54,45.518,18.942,900.06,681.73,199.16,1780.95,12.16,83.886,28.116,15.829,3361.8,1465.2,212.2,5039.2,5167.4,128.3,2.48,2.445,0.955,8.16,38.05,2533.0,17308.0,0.1463,3936.0,653.4,0.884
2021-02-02,학습,148.0,237.7,100.87,123.35,13.48,0.4244,0.5189,0.0567,0.5247,0.3675,0.1078,77.662,54.386,15.952,905.75,681.61,199.19,1786.55,12.07,82.799,28.23,15.574,3318.2,1471.1,208.8,4998.2,5085.6,87.5,1.72,2.525,1.045,8.03,38.0,2594.0,17362.0,0.1494,3695.0,472.5,0.868
2021-02-03,학습,152.0,95.18,81.9,0.0,13.28,0.8605,0.0,0.1395,0.6199,0.2633,0.1168,94.227,40.022,17.751,927.56,667.13,201.01,1795.7,11.96,88.755,27.178,15.941,3556.9,1416.3,213.7,5186.9,5184.0,-2.9,-0.06,2.545,0.94,8.01,38.0,2612.0,17405.0,0.1501,,,0.882
2021-02-04,학습,152.0,159.88,103.89,41.53,14.46,0.6498,0.2598,0.0904,0.6284,0.2623,0.1093,95.514,39.87,16.616,948.91,653.66,201.56,1804.13,11.87,92.943,26.272,15.85,3724.8,1369.1,212.5,5306.3,5705.4,399.0,6.99,2.535,1.17,8.02,38.0,2624.0,17468.0,0.1502,,,1.018
2021-02-05,학습,152.0,95.16,79.98,0.0,15.18,0.8405,0.0,0.1595,0.6885,0.1879,0.1235,104.653,28.568,18.779,977.69,629.96,204.22,1811.88,11.79,99.181,24.598,16.437,3974.8,1281.8,220.4,5477.0,6147.3,670.3,10.9,2.52,1.01,8.02,38.0,2577.0,17492.0,0.1473,,,1.066
2021-02-06,학습,152.0,76.34,76.34,0.0,0.0,1.0,0.0,0.0,0.7768,0.1347,0.0885,118.074,20.47,13.456,1017.6,600.06,201.35,1819.01,11.72,108.397,22.529,15.24,4344.1,1174.0,204.3,5722.5,6586.4,863.9,13.12,,,,,,,,,,
2021-02-07,학습,152.0,90.98,0.0,90.98,0.0,0.0,1.0,0.0,0.5566,0.38,0.0634,84.604,57.754,9.642,1020.84,609.84,194.89,1825.57,11.66,100.693,23.755,13.28,4035.3,1237.9,178.1,5451.3,6868.4,1417.2,20.63,,,,,,,,,,
2021-02-08,학습,152.0,217.48,106.24,77.73,33.51,0.4885,0.3574,0.1541,0.5373,0.3736,0.0891,81.67,56.783,13.547,1020.89,617.86,192.86,1831.6,11.61,94.768,24.718,13.115,3797.9,1288.1,175.9,5261.8,5746.8,485.0,8.44,2.58,1.03,8.04,38.0,2589.0,17428.0,0.1486,4451.0,592.4,0.948
2021-02-09,학습,152.0,304.58,129.28,160.84,14.46,0.4245,0.5281,0.0475,0.5053,0.4174,0.0773,76.807,63.44,11.753,1016.07,631.9,189.19,1837.16,11.57,89.168,26.068,12.465,3573.5,1358.4,167.1,5099.1,5037.2,-61.9,-1.23,2.44,0.935,8.07,38.0,2641.0,17627.0,0.1498,,,0.832
2021-02-10,학습,152.0,282.73,159.42,108.7,14.61,0.5639,0.3845,0.0517,0.5219,0.408,0.0701,79.33,62.022,10.648,1014.16,643.4,184.71,1842.27,11.53,86.724,27.102,11.69,3475.5,1412.3,156.7,5044.6,5157.8,113.2,2.19,2.475,0.885,8.05,38.0,2586.0,17395.0,0.1487,,,0.891
2021-02-11,학습,156.0,315.12,77.66,199.59,37.87,0.2464,0.6334,0.1202,0.4438,0.4719,0.0843,69.236,73.619,13.145,1002.31,665.57,183.09,1850.97,11.48,81.18,28.907,11.911,3253.3,1506.4,159.7,4919.4,5280.5,361.1,6.84,,,,,,,,,,
2021-02-12,학습,156.0,0.0,,,,,,,0.3879,0.5177,0.0944,60.508,80.759,14.733,982.67,693.12,183.18,1858.97,11.43,74.269,31.012,12.538,2976.4,1616.1,168.1,4760.5,4939.5,179.0,3.62,,,,,,,,,,
2021-02-13,학습,156.0,91.23,49.65,41.58,0.0,0.5442,0.4558,0.0,0.4322,0.5001,0.0677,67.422,78.021,10.557,971.53,715.72,179.09,1866.34,11.39,72.772,32.58,11.713,2916.4,1697.8,157.0,4771.2,4730.6,-40.6,-0.86,,,,,,,,,,
2021-02-14,학습,156.0,0.0,,,,,,,0.464,0.4876,0.0485,72.377,76.059,7.564,966.22,734.55,172.34,1873.11,11.36,73.831,33.755,10.253,2958.8,1759.0,137.5,4855.3,,,,,,,,,,,,,
2021-02-15,학습,156.0,262.89,104.82,131.44,26.63,0.3987,0.5,0.1013,0.4455,0.4911,0.0635,69.492,76.609,9.899,958.46,752.43,168.46,1879.35,11.33,73.33,34.797,9.958,2938.8,1813.3,133.5,4885.6,5185.0,299.4,5.77,2.585,1.125,8.09,38.0,2813.0,17712.0,0.1588,4230.0,597.5,0.93
2021-02-16,학습,160.0,235.16,133.01,84.02,18.13,0.5656,0.3573,0.0771,0.4795,0.4532,0.0673,76.723,72.505,10.772,958.55,764.77,165.76,1889.08,11.29,75.914,35.354,10.019,3042.3,1842.3,134.3,5019.0,5160.6,141.6,2.74,2.465,0.975,8.1,38.0,2735.0,17734.0,0.1542,,,0.9
2021-02-17,학습,160.0,185.53,129.61,39.3,16.62,0.6986,0.2118,0.0896,0.5416,0.3847,0.0736,86.659,61.559,11.781,968.57,765.18,164.29,1898.04,11.25,81.482,34.951,10.363,3265.4,1821.3,138.9,5225.7,5382.9,157.2,2.92,2.52,0.98,8.13,38.0,2872.0,17628.0,0.1629,,,0.958
2021-02-18,학습,164.0,197.12,99.75,86.94,10.43,0.506,0.4411,0.0529,0.5315,0.4007,0.0678,87.172,65.716,11.113,978.3,769.72,162.26,1910.28,11.2,85.12,34.942,10.397,3411.3,1820.8,139.4,5371.5,5681.9,310.4,5.46,2.515,1.04,8.14,38.0,2924.0,17569.0,0.1664,,,0.961
2021-02-19,학습,164.0,181.38,80.09,87.45,13.84,0.4416,0.4821,0.0763,0.506,0.4238,0.0702,82.989,69.501,11.51,983.07,777.68,160.8,1921.54,11.16,85.691,35.236,10.539,3434.1,1836.2,141.3,5411.7,5839.5,427.8,7.33,,,,38.0,,,,,,
2021-02-20,학습,164.0,153.06,76.28,58.31,18.47,0.4984,0.381,0.1207,0.5039,0.4116,0.0845,82.633,67.51,13.857,987.1,783.01,161.8,1931.91,11.13,85.901,35.327,11.341,3442.5,1840.9,152.1,5435.5,5752.3,316.8,5.51,,,,,,,,,,
2021-02-21,학습,164.0,0.0,,,,,,,0.5023,0.403,0.0947,82.377,66.084,15.539,990.55,786.49,164.4,1941.44,11.1,85.928,35.29,12.391,3443.6,1839.0,166.1,5448.8,5866.1,417.3,7.11,,,,,,,,,,
2021-02-22,학습,164.0,169.51,108.99,39.47,21.05,0.643,0.2328,0.1242,0.5422,0.3547,0.1031,88.917,58.176,16.907,1000.27,781.78,168.16,1950.21,11.08,88.561,34.627,13.518,3549.1,1804.4,181.2,5534.8,,,,,,,,,,,,,
2021-02-23,학습,160.0,137.34,77.37,45.35,14.62,0.5633,0.3302,0.1065,0.5482,0.3478,0.104,87.708,55.644,16.647,1008.0,774.92,171.37,1954.28,11.1,89.701,33.86,14.208,3594.8,1764.5,190.5,5549.8,6232.3,682.5,10.95,2.59,0.935,8.08,38.0,2549.0,17128.0,0.1488,4217.0,595.7,1.046
2021-02-24,학습,152.0,185.52,105.0,65.46,15.06,0.566,0.3528,0.0812,0.5532,0.3492,0.0976,84.09,53.081,14.829,1011.49,766.04,172.49,1950.02,11.15,88.957,33.004,14.133,3565.0,1719.9,189.5,5474.4,6454.3,979.9,15.18,2.42,0.97,8.1,38.0,2713.0,17105.0,0.1586,,,1.127
2021-02-25,학습,144.0,149.3,78.06,56.64,14.63,0.5227,0.3793,0.098,0.5446,0.3577,0.0977,78.42,51.515,14.066,1009.04,756.3,172.77,1938.11,11.25,86.23,32.152,13.852,3455.7,1675.5,185.7,5316.9,6014.7,697.8,11.6,2.57,1.07,8.1,38.0,2803.0,17086.0,0.1641,,,1.039
2021-02-26,학습,144.0,287.78,125.18,147.27,15.33,0.435,0.5117,0.0533,0.5135,0.4014,0.0851,73.946,57.801,12.253,1002.31,753.63,171.21,1927.15,11.33,82.758,31.931,13.117,3316.6,1664.0,175.9,5156.4,5230.3,73.9,1.41,2.6,1.07,8.1,37.95,2362.0,17863.0,0.1322,,,0.808
2021-02-27,학습,144.0,140.63,75.02,48.38,17.23,0.5335,0.344,0.1225,0.5192,0.3851,0.0957,74.76,55.459,13.781,996.93,748.84,171.3,1917.06,11.41,80.943,31.556,13.075,3243.8,1644.4,175.3,5063.6,4712.7,-350.8,-7.44,2.485,0.98,8.13,38.0,2346.0,17657.0,0.1329,,,0.841
2021-02-28,학습,144.0,0.0,,,,,,,0.5232,0.3735,0.1033,75.343,53.781,14.876,992.56,742.74,172.48,1907.78,11.47,80.057,31.103,13.374,3208.3,1620.8,179.3,5008.5,4676.2,-332.2,-7.1,2.515,1.085,8.14,38.1,2393.0,17705.0,0.1352,,,0.922
2021-03-01,학습,144.0,308.85,152.68,136.4,19.77,0.4944,0.4416,0.064,0.515,0.3928,0.0922,74.165,56.563,13.272,987.36,739.92,171.96,1899.24,11.53,79.039,30.941,13.097,3167.5,1612.4,175.6,4955.5,4735.5,-220.1,-4.65,,,,,,,,,,
2021-03-02,학습,144.0,208.0,73.41,122.89,11.7,0.3529,0.5908,0.0562,0.4691,0.4489,0.082,67.548,64.646,11.806,975.97,745.41,170.02,1891.39,11.57,75.764,31.45,12.469,3036.3,1638.9,167.2,4842.4,4659.7,-182.7,-3.92,2.62,0.97,8.19,37.9,2512.0,17619.0,0.1426,4635.0,806.2,0.812
2021-03-03,학습,144.0,94.45,81.28,0.0,13.17,0.8606,0.0,0.1394,0.5801,0.3217,0.0983,83.528,46.321,14.151,981.46,732.13,170.57,1884.16,11.61,80.137,30.417,12.744,3211.5,1585.1,170.9,4967.5,4789.2,-178.3,-3.72,2.685,1.155,8.0,37.95,2656.0,17139.0,0.155,,,0.828
2021-03-04,학습,144.0,125.64,67.86,41.62,16.16,0.5401,0.3313,0.1286,0.5687,0.3244,0.1069,81.898,46.712,15.39,984.89,720.3,172.32,1877.51,11.64,82.181,29.57,13.303,3293.5,1540.9,178.4,5012.8,4809.6,-203.2,-4.22,2.7,1.12,8.01,38.0,2573.0,17095.0,0.1505,,,0.875
2021-03-05,학습,152.0,260.59,108.13,136.16,16.3,0.4149,0.5225,0.0626,0.5251,0.3806,0.0943,79.821,57.844,14.335,985.96,720.55,172.88,1879.39,11.62,82.612,29.742,13.368,3310.7,1549.9,179.2,5039.8,4913.6,-126.3,-2.57,2.665,1.04,8.0,38.0,2445.0,17260.0,0.1417,,,0.882
2021-03-06,학습,160.0,151.96,78.29,57.62,16.05,0.5152,0.3792,0.1056,0.5223,0.3802,0.0975,83.572,60.826,15.603,990.7,723.77,174.66,1889.13,11.55,84.377,30.126,13.792,3381.5,1569.9,184.9,5136.3,5102.6,-33.6,-0.66,,,,,,,,,,
2021-03-07,학습,168.0,45.41,0.0,45.41,0.0,0.0,1.0,0.0,0.3743,0.5559,0.0699,62.876,93.386,11.739,974.36,759.28,172.43,1906.08,11.45,77.188,33.057,12.922,3093.4,1722.6,173.3,4989.3,5272.2,283.0,5.37,,,,,,,,,,
2021-03-08,학습,167.0,163.22,104.57,39.19,19.46,0.6407,0.2401,0.1192,0.4498,0.4664,0.0839,75.113,77.882,14.005,971.57,776.46,172.65,1920.68,11.36,77.649,34.306,13.009,3111.8,1787.7,174.4,5074.0,5315.4,241.4,4.54,,,,,,,,,,
2021-03-09,학습,168.0,176.66,74.79,88.5,13.37,0.4234,0.501,0.0757,0.4423,0.4762,0.0815,74.304,79.996,13.699,968.19,794.37,172.55,1935.11,11.29,77.61,35.536,12.977,3110.3,1851.8,174.0,5136.1,5327.8,191.7,3.6,2.81,1.29,7.94,38.0,2813.0,17068.0,0.1648,5236.0,557.5,0.983
2021-03-10,학습,168.0,254.15,105.01,135.99,13.15,0.4132,0.5351,0.0517,0.434,0.4929,0.0731,72.918,82.802,12.28,963.7,813.66,171.03,1948.39,11.23,77.031,36.805,12.529,3087.1,1918.0,168.0,5173.0,5357.4,184.3,3.44,2.715,1.0,8.0,38.0,2739.0,16927.0,0.1618,4963.0,597.3,1.021
2021-03-11,학습,168.0,170.52,77.84,79.83,12.85,0.4565,0.4682,0.0754,0.4404,0.4859,0.0737,73.987,81.625,12.388,960.63,830.23,169.74,1960.6,11.18,77.102,37.789,12.256,3089.9,1969.2,164.3,5223.5,5534.8,311.3,5.63,2.615,1.09,7.97,38.0,2586.0,16529.0,0.1565,,,0.958
2021-03-12,학습,168.0,285.77,182.93,87.85,14.99,0.6401,0.3074,0.0525,0.497,0.4353,0.0677,83.499,73.127,11.374,967.32,836.97,167.55,1971.84,11.14,80.95,37.945,11.766,3244.1,1977.3,157.8,5379.2,5549.5,170.3,3.07,2.59,1.22,7.96,38.0,2427.0,16488.0,0.1472,,,1.058
2021-03-13,학습,168.0,184.48,77.62,91.44,15.42,0.4208,0.4957,0.0836,0.4754,0.4524,0.0722,79.867,76.002,12.131,969.85,846.05,166.28,1982.18,11.12,81.871,38.307,11.658,3281.0,1996.2,156.3,5433.6,5635.2,201.6,3.58,,,,,,,,,,
2021-03-14,학습,168.0,0.0,,,,,,,0.4599,0.4647,0.0754,77.264,78.063,12.673,969.57,856.47,165.66,1991.69,11.09,81.397,38.779,11.748,3262.1,2020.8,157.5,5440.4,5736.2,295.8,5.16,,,,,,,,,,
2021-03-15,학습,168.0,261.87,131.37,110.48,20.02,0.5017,0.4219,0.0765,0.4717,0.4525,0.0757,79.253,76.026,12.721,971.3,864.02,165.13,2000.45,11.08,81.901,39.018,11.824,3282.2,2033.3,158.5,5474.0,5800.6,326.6,5.63,2.52,1.075,8.02,38.0,2376.0,16980.0,0.1399,4725.0,616.4,1.004
2021-03-16,학습,168.0,200.69,128.97,57.6,14.12,0.6426,0.287,0.0704,0.5202,0.4056,0.0742,87.391,68.143,12.466,981.03,863.08,164.4,2008.5,11.07,85.467,38.59,11.798,3425.1,2010.9,158.2,5594.3,5658.7,64.4,1.14,2.56,1.09,7.94,37.95,2578.0,16825.0,0.1532,,,1.018
2021-03-17,학습,168.0,180.85,103.59,64.8,12.46,0.5728,0.3583,0.0689,0.5351,0.3922,0.0727,89.897,65.89,12.213,992.49,859.96,163.47,2015.91,11.06,88.668,38.046,11.706,3553.4,1982.6,157.0,5693.0,5642.3,-50.7,-0.9,2.46,0.99,7.98,37.95,2613.0,16914.0,0.1545,,,1.006
2021-03-18,학습,168.0,187.19,131.36,41.83,14.0,0.7017,0.2235,0.0748,0.5823,0.3444,0.0733,97.833,57.854,12.313,1010.96,849.06,162.71,2022.73,11.06,93.817,36.941,11.672,3759.8,1925.0,156.5,5841.3,5679.0,-162.3,-2.86,,,,,,,,,,
2021-03-19,학습,168.0,302.67,107.29,179.61,15.77,0.3545,0.5934,0.0521,0.5177,0.415,0.0673,86.981,69.715,11.304,1017.11,850.88,161.0,2029.0,11.06,92.652,36.951,11.347,3713.1,1925.6,152.1,5790.8,5486.4,-304.4,-5.55,2.34,0.93,7.94,38.0,2725.0,17069.0,0.1596,,,0.976
2021-03-20,학습,168.0,151.16,77.98,56.65,16.53,0.5159,0.3748,0.1094,0.5172,0.4036,0.0792,86.892,67.8,13.307,1022.68,850.65,161.44,2034.77,11.07,91.898,36.807,11.726,3682.9,1918.1,157.2,5758.1,5446.5,-311.7,-5.72,,,,,,,,,,
2021-03-21,학습,168.0,0.0,,,,,,,0.5168,0.3954,0.0878,86.829,66.429,14.743,1027.74,849.07,163.27,2040.08,11.07,91.407,36.575,12.415,3663.2,1906.0,166.5,5735.6,5517.9,-217.7,-3.95,,,,,,,,,,
2021-03-22,학습,168.0,260.17,156.39,85.08,18.7,0.6011,0.327,0.0719,0.5407,0.376,0.0833,90.842,63.172,13.987,1036.41,844.35,164.2,2044.96,11.08,92.71,36.117,12.658,3715.4,1882.1,169.7,5767.2,5487.0,-280.2,-5.11,,,,,,,,,,
2021-03-23,학습,165.0,237.21,157.17,66.39,13.65,0.6626,0.2799,0.0575,0.5753,0.3488,0.076,94.919,57.547,12.534,1048.46,834.39,163.61,2046.46,11.11,95.144,35.278,12.388,3813.0,1838.4,166.1,5817.4,,,,,,,,,,,,,
2021-03-24,학습,160.0,242.82,186.78,41.41,14.63,0.7692,0.1705,0.0603,0.6302,0.2982,0.0715,100.839,47.719,11.442,1065.47,815.39,161.97,2042.83,11.16,99.013,33.78,11.876,3968.0,1760.3,159.2,5887.5,,,,,,,,,,,,,
2021-03-25,학습,160.0,177.29,105.91,57.82,13.56,0.5974,0.3261,0.0765,0.6209,0.3062,0.0729,99.349,48.984,11.667,1079.63,799.18,160.69,2039.49,11.2,100.803,32.608,11.595,4039.8,1699.2,155.5,5894.5,5390.4,-504.1,-9.35,2.63,1.06,7.9,37.95,2831.0,16848.0,0.168,4911.0,468.8,0.97
2021-03-26,학습,160.0,245.63,211.82,19.41,14.4,0.8624,0.079,0.0586,0.6894,0.2418,0.0689,110.298,38.683,11.019,1103.6,773.96,158.86,2036.43,11.25,106.287,30.789,11.208,4259.5,1604.4,150.3,6014.3,5285.8,-728.4,-13.78,2.6,1.03,7.89,38.0,2784.0,16912.0,0.1646,,,0.942
2021-03-27,학습,160.0,182.08,76.85,89.83,15.4,0.4221,0.4934,0.0846,0.6136,0.3131,0.0733,98.175,50.093,11.731,1113.54,762.17,157.89,2033.6,11.28,104.82,30.157,11.159,4200.7,1571.5,149.6,5921.8,5391.1,-530.7,-9.84,,,,,,,,,,
2021-03-28,학습,160.0,0.0,,,,,,,0.5593,0.3642,0.0765,89.488,58.27,12.242,1114.0,759.5,157.51,2031.0,11.31,100.44,30.274,11.278,4025.2,1577.6,151.2,5754.0,5445.0,-309.1,-5.68,,,,,,,,,,
2021-03-29,학습,160.0,289.96,158.45,110.88,20.63,0.5465,0.3824,0.0711,0.5557,0.3693,0.075,88.906,59.096,11.999,1113.83,757.87,156.91,2028.61,11.34,97.506,30.439,11.287,3907.6,1586.2,151.3,5645.2,5660.3,15.1,0.27,2.62,1.12,7.94,38.15,2631.0,17154.0,0.1534,4987.0,543.5,0.954
2021-03-30,학습,164.0,328.97,212.14,103.8,13.03,0.6449,0.3155,0.0396,0.5809,0.3541,0.065,95.275,58.071,10.654,1120.05,755.35,155.02,2030.41,11.35,98.245,30.498,10.889,3937.2,1589.3,146.0,5672.5,5582.6,-89.9,-1.61,,,,,,,,,,
2021-03-31,학습,168.0,246.97,214.34,19.4,13.23,0.8679,0.0786,0.0536,0.6623,0.276,0.0617,111.263,46.365,10.371,1141.76,741.32,152.99,2036.07,11.33,105.095,29.612,10.533,4211.8,1543.1,141.2,5896.1,5822.6,-73.4,-1.26,2.595,1.015,7.92,38.15,2704.0,17283.0,0.1565,,,1.01
2021-04-01,학습,168.0,241.13,160.3,65.3,15.53,0.6648,0.2708,0.0644,0.663,0.2745,0.0625,111.383,46.119,10.498,1161.85,728.17,151.26,2041.28,11.31,109.368,28.839,10.329,4383.0,1502.8,138.5,6024.3,5414.0,-610.3,-11.27,,,,,,,,,,
2021-04-02,학습,170.0,363.85,215.26,133.25,15.34,0.5916,0.3662,0.0422,0.6428,0.3005,0.0567,109.269,51.087,9.644,1178.22,721.03,148.81,2048.07,11.29,111.157,28.58,9.933,4454.7,1489.3,133.2,6077.2,5501.6,-575.7,-10.46,2.75,1.135,7.9,38.0,2897.0,17064.0,0.1698,,,1.109
2021-04-03,학습,172.0,171.98,76.59,79.95,15.44,0.4453,0.4649,0.0898,0.5868,0.3471,0.0661,100.929,59.702,11.369,1184.95,723.08,148.28,2056.31,11.26,108.925,29.049,10.181,4365.3,1513.8,136.5,6015.6,5638.0,-377.5,-6.7,,,,,,,,,,
2021-04-04,학습,172.0,0.0,,,,,,,0.5467,0.3805,0.0728,94.032,65.444,12.523,1184.24,730.71,148.95,2063.9,11.24,104.79,29.907,10.696,4199.5,1558.5,143.4,5901.4,5578.0,-323.5,-5.8,,,,,,,,,,
2021-04-05,학습,175.0,271.37,212.0,38.94,20.43,0.7812,0.1435,0.0753,0.6132,0.3133,0.0735,107.306,54.829,12.864,1196.86,727.12,149.9,2073.88,11.21,107.549,29.787,11.15,4310.1,1552.2,149.5,6011.8,5592.7,-419.1,-7.49,2.45,0.92,7.94,38.0,3645.0,17458.0,0.2088,4693.0,489.5,1.013
2021-04-06,학습,180.0,237.12,134.08,90.18,12.86,0.5655,0.3803,0.0542,0.5997,0.3323,0.068,107.937,59.815,12.248,1209.1,728.8,150.17,2088.06,11.16,109.503,30.084,11.274,4388.4,1567.7,151.2,6107.2,6034.9,-72.4,-1.2,2.54,1.085,7.96,38.0,2949.0,17118.0,0.1723,4863.0,528.6,1.125
2021-04-07,학습,184.0,382.68,210.7,158.08,13.9,0.5506,0.4131,0.0363,0.5857,0.3552,0.0591,107.777,65.357,10.866,1220.2,735.88,149.02,2105.11,11.09,110.644,30.779,10.944,4434.1,1603.9,146.7,6184.8,6280.6,95.9,1.53,2.605,1.155,7.96,37.9,2753.0,17261.0,0.1595,4765.0,525.6,1.15
2021-04-08,학습,180.0,200.61,107.04,80.04,13.53,0.5336,0.399,0.0674,0.571,0.3676,0.0614,102.772,66.17,11.058,1225.41,743.21,148.17,2116.79,11.06,109.345,31.434,10.777,4382.1,1638.1,144.5,6164.7,6305.0,140.3,2.23,2.63,1.06,7.93,38.0,2817.0,17490.0,0.1611,,,1.053
2021-04-09,학습,184.0,169.65,135.14,19.16,15.35,0.7966,0.1129,0.0905,0.6349,0.2954,0.0697,116.824,54.357,12.819,1244.26,738.15,149.14,2131.54,11.02,114.166,31.046,11.191,4575.3,1617.8,150.0,6343.1,6441.6,98.4,1.53,2.62,1.095,7.92,38.0,2742.0,17525.0,0.1565,,,1.141
2021-04-10,학습,184.0,185.63,77.21,91.9,16.52,0.4159,0.4951,0.089,0.5728,0.352,0.0751,105.402,64.771,13.827,1250.17,743.9,151.04,2145.11,10.99,112.57,31.549,11.775,4511.3,1644.1,157.9,6313.3,6538.3,225.1,3.44,,,,,,,,,,
2021-04-11,학습,184.0,45.38,0.0,45.38,0.0,0.0,1.0,0.0,0.4105,0.5357,0.0538,75.524,98.569,9.907,1225.74,782.99,148.87,2157.6,10.97,99.634,34.681,10.998,3992.9,1807.2,147.5,5947.6,6725.8,778.1,11.57,,,,,,,,,,
2021-04-12,학습,184.0,273.34,161.98,91.17,20.19,0.5926,0.3335,0.0739,0.4621,0.4784,0.0595,85.024,88.024,10.951,1212.76,808.41,147.92,2169.09,10.95,95.456,36.496,10.782,3825.5,1901.9,144.6,5871.9,6628.0,756.1,11.41,2.59,1.1,7.92,38.0,2607.0,17296.0,0.1507,4661.0,466.5,1.122
2021-04-13,학습,184.0,247.62,134.98,102.66,9.98,0.5451,0.4146,0.0403,0.4856,0.4603,0.0541,89.354,84.696,9.949,1205.15,828.47,146.04,2179.66,10.94,94.612,37.772,10.333,3791.6,1968.4,138.6,5898.6,6573.0,674.5,10.26,2.725,1.205,7.9,38.05,2551.0,17146.0,0.1488,,,1.157
2021-04-14,학습,184.0,244.08,161.97,63.55,18.56,0.6636,0.2604,0.076,0.5361,0.4036,0.0603,98.637,74.268,11.095,1207.43,836.5,145.46,2189.38,10.94,97.804,38.022,10.372,3919.6,1981.4,139.1,6040.0,6563.5,523.5,7.98,2.5,1.035,7.92,38.0,2695.0,17224.0,0.1565,,,1.182
2021-04-15,학습,184.0,157.95,80.67,65.91,11.37,0.5107,0.4173,0.072,0.5289,0.4075,0.0636,97.315,74.98,11.705,1208.2,844.59,145.53,2198.33,10.94,99.244,38.291,10.581,3977.3,1995.4,141.9,6114.5,6695.4,580.8,8.68,2.555,1.055,7.92,38.0,2499.0,17371.0,0.1439,,,1.145
2021-04-16,학습,184.0,265.6,161.29,88.6,15.71,0.6073,0.3336,0.0591,0.5511,0.3865,0.0623,101.404,71.125,11.472,1213.0,848.19,145.37,2206.56,10.95,101.768,38.211,10.653,4078.4,1991.2,142.8,6212.4,6842.1,629.6,9.2,2.6,1.095,7.94,38.0,2562.0,14516.0,0.1765,,,1.118
2021-04-17,학습,184.0,145.51,73.05,57.31,15.15,0.502,0.3939,0.1041,0.5372,0.3886,0.0742,98.844,71.506,13.65,1214.86,851.88,147.4,2214.13,10.95,102.3,38.173,11.356,4099.7,1989.2,152.3,6241.3,6987.6,746.4,10.68,,,,,,,,,,
2021-04-18,학습,184.0,46.04,0.0,46.04,0.0,0.0,1.0,0.0,0.3849,0.5619,0.0532,70.825,103.394,9.781,1188.55,887.16,145.39,2221.1,10.96,91.421,40.692,10.674,3663.8,2120.5,143.1,5927.4,7074.4,1147.1,16.21,,,,,,,,,,
2021-04-19,학습,184.0,241.41,183.05,37.61,20.75,0.7583,0.1558,0.086,0.4907,0.4468,0.0625,90.297,82.211,11.492,1183.81,898.44,145.26,2227.51,10.97,92.5,41.137,10.723,3707.0,2143.7,143.8,5994.5,6933.1,938.6,13.54,2.56,1.275,7.86,38.1,2935.0,17135.0,0.1713,5209.0,492.7,1.233
2021-04-20,학습,184.0,215.86,160.38,41.99,13.49,0.743,0.1945,0.0625,0.5622,0.3753,0.0625,103.453,69.053,11.494,1192.62,895.65,145.14,2233.41,10.99,98.429,40.462,10.757,3944.6,2108.5,144.2,6197.4,6678.9,481.5,7.21,2.61,1.07,7.88,38.05,2799.0,17305.0,0.1617,5481.0,518.4,1.221
2021-04-21,학습,184.0,276.12,81.25,180.92,13.95,0.2943,0.6552,0.0505,0.4863,0.4546,0.0591,89.475,83.654,10.871,1186.73,907.7,144.41,2238.84,11.0,96.493,41.057,10.593,3867.0,2139.5,142.0,6148.6,6437.5,288.9,4.49,2.7,1.255,7.9,37.95,2869.0,17424.0,0.1647,,,1.233
2021-04-22,학습,184.0,178.89,107.64,56.86,14.39,0.6017,0.3178,0.0804,0.519,0.4159,0.0651,95.496,76.519,11.985,1187.34,911.64,144.84,2243.83,11.02,97.708,40.992,10.815,3915.7,2136.1,145.0,6196.9,6427.0,230.2,3.58,2.59,1.13,7.87,38.0,2938.0,17269.0,0.1701,,,1.221
2021-04-23,학습,184.0,218.37,183.32,19.3,15.75,0.8395,0.0884,0.0721,0.6099,0.323,0.0671,112.212,59.438,12.349,1204.62,898.19,145.61,2248.42,11.04,105.144,39.57,11.076,4213.7,2062.0,148.5,6424.3,6418.8,-5.5,-0.09,2.615,1.14,7.88,38.0,2873.0,17371.0,0.1654,,,1.205
2021-04-24,학습,184.0,133.5,77.02,41.68,14.8,0.5769,0.3122,0.1109,0.6005,0.32,0.0795,110.495,58.874,14.631,1218.8,885.25,148.6,2252.65,11.05,109.043,38.317,11.939,4370.0,1996.7,160.1,6526.8,6437.8,-89.0,-1.38,,,,,,,,,,
2021-04-25,학습,184.0,0.0,,,,,,,0.5938,0.3178,0.0884,109.265,58.469,16.266,1230.62,872.93,152.99,2256.54,11.07,110.955,37.22,13.017,4446.6,1939.6,174.5,6560.7,6341.3,-219.5,-3.46,,,,,,,,,,
2021-04-26,학습,184.0,370.54,192.07,158.71,19.76,0.5184,0.4283,0.0533,0.5724,0.3491,0.0785,105.328,64.235,14.437,1237.55,867.37,155.19,2260.11,11.09,110.56,36.75,13.203,4430.8,1915.1,177.0,6522.9,6156.8,-366.1,-5.95,2.72,1.09,7.92,38.0,2849.0,17569.0,0.1622,5512.0,563.2,1.129
2021-04-27,학습,184.0,232.21,137.62,81.47,13.12,0.5927,0.3508,0.0565,0.5782,0.3496,0.0722,106.383,64.326,13.291,1244.98,862.35,156.07,2263.4,11.1,110.738,36.358,12.987,4437.9,1894.7,174.1,6506.7,5976.9,-529.8,-8.86,2.685,1.095,7.9,38.0,2738.0,17723.0,0.1545,,,1.122
2021-04-28,학습,184.0,165.25,132.63,18.76,13.86,0.8026,0.1135,0.0839,0.6418,0.2827,0.0755,118.089,52.013,13.898,1263.53,845.41,157.49,2266.43,11.12,115.53,35.041,13.021,4630.0,1826.0,174.6,6630.5,5983.4,-647.2,-10.82,2.74,1.3,7.92,38.0,2927.0,17695.0,0.1654,,,1.148
2021-04-29,학습,184.0,187.65,108.02,65.57,14.06,0.5756,0.3494,0.0749,0.623,0.3016,0.0754,114.639,55.494,13.867,1277.14,833.31,158.77,2269.22,11.14,117.106,34.2,13.035,4693.1,1782.2,174.8,6650.1,6006.2,-643.9,-10.72,2.73,1.2,7.92,37.9,2897.0,17718.0,0.1635,,,1.152
2021-04-30,학습,184.0,239.73,135.32,87.22,17.19,0.5645,0.3638,0.0717,0.6064,0.3192,0.0743,111.584,58.74,13.676,1286.61,825.42,159.75,2271.78,11.16,116.856,33.745,12.987,4683.1,1758.5,174.1,6615.7,5990.2,-625.5,-10.44,2.66,1.145,7.92,38.0,2815.0,17649.0,0.1595,,,1.118
2021-05-01,학습,115.0,97.88,46.22,37.43,14.23,0.4722,0.3824,0.1454,0.5684,0.3371,0.0945,65.365,38.772,10.864,1249.1,798.2,157.84,2205.14,11.52,98.214,31.762,12.111,3936.0,1655.1,162.4,5753.5,4136.1,-1617.4,-39.11,,,,,,,,,,
2021-05-02,학습,172.0,0.0,,,,,,,0.5411,0.35,0.1089,93.073,60.196,18.731,1242.3,794.57,163.95,2200.83,11.54,97.8,31.791,13.874,3919.4,1656.7,186.0,5762.1,5071.0,-691.1,-13.63,,,,,,,,,,
2021-05-03,학습,178.0,256.78,155.85,79.22,21.71,0.6069,0.3085,0.0845,0.5598,0.3382,0.102,99.641,60.204,18.155,1242.62,791.25,169.0,2202.86,11.53,100.172,31.817,14.903,4014.5,1658.0,199.8,5872.3,5467.8,-404.5,-7.4,,,,,,,,,,
2021-05-04,학습,184.0,286.12,161.99,113.5,10.63,0.5662,0.3967,0.0372,0.5616,0.3548,0.0836,103.332,65.282,15.385,1246.59,793.26,170.87,2210.73,11.49,103.111,32.245,14.773,4132.3,1680.3,198.1,6010.7,5683.8,-326.8,-5.75,3.05,1.29,7.98,37.9,2170.0,16351.0,0.1327,,,1.07
2021-05-05,학습,190.0,231.05,126.89,86.89,17.27,0.5492,0.3761,0.0747,0.5581,0.3608,0.0811,106.034,68.557,15.409,1252.96,798.39,172.62,2223.97,11.42,106.005,32.87,14.692,4248.2,1712.9,197.0,6158.1,5971.6,-186.5,-3.12,2.805,1.215,7.9,37.95,2469.0,16843.0,0.1466,4896.0,467.3,1.114
2021-05-06,학습,194.0,220.52,80.86,127.02,12.64,0.3667,0.576,0.0573,0.5038,0.4218,0.0744,97.741,81.833,14.426,1250.52,816.39,173.24,2240.15,11.34,104.472,34.464,14.342,4186.8,1795.9,192.3,6175.0,6055.3,-119.7,-1.98,2.825,1.34,7.9,37.85,2657.0,17312.0,0.1535,,,1.186
2021-05-07,학습,198.0,224.38,137.65,66.57,20.16,0.6135,0.2967,0.0898,0.5349,0.3863,0.0788,105.91,76.497,15.593,1256.44,827.61,174.98,2259.04,11.26,106.795,35.39,14.453,4279.9,1844.2,193.8,6317.9,6234.4,-83.4,-1.34,2.79,1.255,7.92,37.95,2782.0,17596.0,0.1581,,,1.215
2021-05-08,학습,198.0,111.09,53.62,41.52,15.95,0.4827,0.3738,0.1436,0.5201,0.3828,0.0971,102.979,75.79,19.231,1258.96,837.23,180.22,2276.41,11.2,107.054,36.12,15.62,4290.3,1882.3,209.4,6382.0,6292.2,-89.8,-1.43,,,,,,,,,,
2021-05-09,학습,198.0,0.0,,,,,,,0.5095,0.3802,0.1103,100.878,75.283,21.838,1259.18,845.57,187.65,2292.4,11.14,106.374,36.7,17.198,4263.0,1912.5,230.6,6406.1,6075.7,-330.4,-5.44,,,,,,,,,,
2021-05-10,학습,196.0,295.67,161.41,111.43,22.83,0.5459,0.3769,0.0772,0.5198,0.3793,0.1009,101.883,74.337,19.78,1260.38,852.3,192.43,2305.11,11.11,106.357,37.117,17.656,4262.3,1934.2,236.7,6433.2,6122.3,-311.0,-5.08,2.875,1.295,7.96,37.95,2937.0,17750.0,0.1655,5736.0,645.8,1.154
2021-05-11,학습,194.0,214.18,80.48,121.98,11.72,0.3758,0.5695,0.0547,0.479,0.4332,0.0878,92.922,84.041,17.037,1252.53,868.2,194.08,2314.81,11.1,102.762,38.247,17.145,4118.2,1993.1,229.9,6341.2,6181.9,-159.3,-2.58,2.865,1.265,7.96,38.0,2869.0,17619.0,0.1628,,,1.118
2021-05-12,학습,192.0,197.51,134.22,46.2,17.09,0.6796,0.2339,0.0865,0.5358,0.3767,0.0875,102.881,72.328,16.791,1255.26,871.11,195.35,2321.72,11.09,104.528,38.269,16.723,4189.0,1994.3,224.2,6407.5,6227.1,-180.4,-2.9,,,,,,,,,,
2021-05-13,학습,188.0,134.54,81.07,41.58,11.89,0.6026,0.3091,0.0884,0.5548,0.3575,0.0877,104.294,67.216,16.491,1259.19,868.67,196.22,2324.09,11.12,106.182,37.88,16.346,4255.3,1974.0,219.2,6448.5,6193.5,-254.9,-4.12,2.81,1.235,7.92,38.0,2766.0,17472.0,0.1583,5632.0,575.5,1.104
2021-05-14,학습,184.0,262.84,109.42,134.3,19.12,0.4163,0.511,0.0727,0.5155,0.401,0.0835,94.853,73.788,15.359,1253.37,873.01,195.89,2322.26,11.16,103.426,38.075,15.748,4144.9,1984.1,211.2,6340.2,6093.2,-247.0,-4.05,2.75,1.21,7.93,38.0,2739.0,17637.0,0.1553,,,1.109
2021-05-15,학습,180.0,121.49,52.96,54.79,13.74,0.4359,0.451,0.1131,0.4929,0.4152,0.0919,88.73,74.733,16.536,1241.88,877.94,196.77,2316.59,11.21,99.278,38.316,15.695,3978.6,1996.7,210.4,6185.7,5806.1,-379.7,-6.54,,,,,,,,,,
2021-05-16,학습,176.0,46.33,0.0,46.33,0.0,0.0,1.0,0.0,0.3532,0.581,0.0658,62.165,102.249,11.586,1204.75,909.99,192.62,2307.36,11.28,86.093,40.722,14.173,3450.2,2122.1,190.0,5762.3,5464.8,-297.5,-5.44,,,,,,,,,,
2021-05-17,학습,172.0,197.8,138.12,37.48,22.2,0.6983,0.1895,0.1122,0.451,0.47,0.079,77.577,80.838,13.585,1186.0,918.07,190.8,2294.88,11.36,84.126,41.052,13.736,3371.4,2139.3,184.2,5694.9,5308.7,-386.2,-7.27,2.735,1.175,7.95,38.0,2458.0,17869.0,0.1376,5547.0,602.9,1.013
2021-05-18,학습,168.0,209.12,110.29,89.61,9.22,0.5274,0.4285,0.0441,0.4727,0.4582,0.0691,79.41,76.983,11.607,1170.58,921.65,187.15,2279.39,11.45,83.647,41.025,12.844,3352.2,2137.8,172.2,5662.3,5506.8,-155.5,-2.82,2.75,1.18,7.94,38.0,2501.0,17762.0,0.1408,,,1.014
2021-05-19,학습,168.0,264.41,107.51,134.57,22.33,0.4066,0.5089,0.0845,0.4539,0.4726,0.0734,76.263,79.398,12.339,1153.25,927.36,184.53,2265.14,11.53,82.092,41.195,12.456,3289.9,2146.7,167.0,5603.6,5446.7,-157.0,-2.88,,,,,,,,,,
2021-05-20,학습,168.0,168.14,81.6,75.58,10.96,0.4853,0.4495,0.0652,0.4628,0.4661,0.0711,77.757,78.298,11.945,1138.8,931.51,181.72,2252.03,11.59,81.731,41.251,12.074,3275.4,2149.6,161.9,5586.9,5335.7,-251.2,-4.71,2.81,1.105,7.96,38.0,2434.0,17815.0,0.1366,,,0.962
2021-05-21,학습,168.0,177.14,163.28,0.0,13.86,0.9218,0.0,0.0782,0.5929,0.3339,0.0731,99.612,56.103,12.285,1147.36,913.13,179.48,2239.97,11.65,90.25,39.523,11.915,3616.8,2059.6,159.8,5836.2,5411.6,-424.6,-7.85,2.79,1.13,7.96,38.0,2538.0,17852.0,0.1422,,,0.947
2021-05-22,학습,168.0,165.5,54.13,91.25,20.12,0.3271,0.5514,0.1216,0.5176,0.3956,0.0869,86.951,66.457,14.592,1142.57,906.58,179.72,2228.87,11.69,90.44,38.884,12.499,3624.4,2026.3,167.6,5818.3,5374.0,-444.3,-8.27,,,,,,,,,,
2021-05-23,학습,168.0,0.0,,,,,,,0.4636,0.4397,0.0967,77.879,73.876,16.245,1129.1,907.97,181.59,2218.66,11.73,86.928,38.934,13.393,3483.7,2028.9,179.6,5692.2,5058.0,-634.2,-12.54,,,,,,,,,,
2021-05-24,학습,168.0,324.65,165.29,135.02,24.34,0.5091,0.4159,0.075,0.4765,0.433,0.0905,80.049,72.74,15.211,1118.87,908.11,182.29,2209.26,11.76,85.63,38.886,13.691,3431.7,2026.4,183.6,5641.7,5375.4,-266.3,-4.95,2.8,1.165,7.94,38.0,2352.0,17964.0,0.1309,5583.0,594.5,0.976
2021-05-25,학습,168.0,221.12,108.57,102.0,10.55,0.491,0.4613,0.0477,0.4806,0.441,0.0784,80.74,74.088,13.171,1110.15,909.59,180.88,2200.62,11.79,85.106,38.954,13.283,3410.7,2029.9,178.1,5618.7,5304.9,-313.8,-5.92,2.75,1.115,7.94,38.0,2453.0,17827.0,0.1376,,,0.991
2021-05-26,학습,168.0,144.31,107.91,17.98,18.42,0.7478,0.1246,0.1276,0.5563,0.3513,0.0924,93.464,59.02,15.516,1114.85,895.88,181.94,2192.67,11.81,89.873,37.805,13.709,3601.7,1970.1,183.8,5755.6,5332.7,-422.9,-7.93,2.795,1.155,7.92,38.0,2518.0,17763.0,0.1418,,,0.968
2021-05-27,학습,168.0,214.28,110.39,88.98,14.91,0.5152,0.4153,0.0696,0.5447,0.3694,0.0859,91.503,62.065,14.432,1117.21,886.32,181.82,2185.35,11.83,92.028,37.073,13.673,3688.1,1931.9,183.3,5803.3,5364.6,-438.7,-8.18,2.815,1.165,7.92,38.0,2563.0,17792.0,0.1441,,,0.926
2021-05-28,학습,168.0,192.74,136.25,41.63,14.86,0.7069,0.216,0.0771,0.5907,0.3259,0.0834,99.23,54.758,14.012,1127.12,870.21,181.3,2178.62,11.84,96.448,35.867,13.523,3865.2,1869.1,181.3,5915.6,5227.0,-688.6,-13.17,2.715,1.195,7.94,38.0,2673.0,17885.0,0.1495,,,0.939
2021-05-29,학습,168.0,219.39,53.71,146.48,19.2,0.2448,0.6677,0.0875,0.4926,0.4228,0.0846,82.76,71.032,14.208,1119.76,871.66,181.01,2172.43,11.84,92.586,36.145,13.479,3710.4,1883.6,180.7,5774.7,5066.1,-708.6,-13.99,,,,,,,,,,
2021-05-30,학습,168.0,0.0,,,,,,,0.4224,0.4922,0.0854,70.959,82.693,14.348,1101.19,884.66,180.88,2166.73,11.85,85.484,37.314,13.492,3425.8,1944.5,180.9,5551.2,4795.0,-756.2,-15.77,,,,,,,,,,
2021-05-31,학습,168.0,195.99,138.55,35.98,21.46,0.7069,0.1836,0.1095,0.503,0.4047,0.0922,84.51,67.995,15.495,1097.65,881.92,181.92,2161.49,11.85,86.524,37.13,13.844,3467.5,1934.9,185.6,5588.0,4728.9,-859.2,-18.17,,,,,,,,,,
2021-06-01,학습,168.0,214.98,136.81,65.82,12.35,0.6364,0.3062,0.0574,0.5408,0.3768,0.0824,90.86,63.301,13.839,1100.75,874.71,181.21,2156.67,11.85,89.705,36.599,13.588,3595.0,1907.2,182.2,5684.4,4845.7,-838.7,-17.31,2.735,1.025,7.98,38.0,2472.0,17625.0,0.1403,5329.0,615.9,0.79
2021-06-02,학습,168.0,307.35,81.76,202.75,22.84,0.266,0.6597,0.0743,0.4629,0.457,0.0801,77.773,76.772,13.455,1090.51,881.54,180.18,2152.23,11.85,86.433,37.226,13.298,3463.8,1939.9,178.3,5582.0,4745.8,-836.2,-17.62,2.685,1.02,7.98,38.0,2393.0,17724.0,0.135,,,0.781
2021-06-03,학습,168.0,148.69,80.48,56.82,11.39,0.5413,0.3821,0.0766,0.4851,0.4358,0.0791,81.503,73.208,13.289,1084.82,884.27,179.06,2148.15,11.84,85.906,37.473,13.05,3442.8,1952.7,175.0,5570.5,4394.4,-1176.1,-26.76,2.655,1.04,7.98,38.0,2352.0,17811.0,0.1321,,,0.775
2021-06-04,학습,168.0,169.16,137.35,17.38,14.43,0.812,0.1027,0.0853,0.5778,0.3414,0.0809,97.067,57.349,13.584,1095.15,870.91,178.33,2144.39,11.83,91.807,36.414,12.97,3679.2,1897.6,173.9,5750.7,4410.7,-1340.0,-30.38,2.71,1.035,7.96,38.0,2196.0,17724.0,0.1239,,,0.743
2021-06-05,학습,182.0,115.45,53.65,41.93,19.87,0.4647,0.3632,0.1721,0.5457,0.3475,0.1067,99.322,63.254,19.424,1106.91,864.53,183.49,2154.93,11.75,96.349,35.987,14.667,3861.2,1875.3,196.7,5933.2,4580.6,-1352.6,-29.53,,,,,,,,,,
2021-06-06,학습,168.0,0.0,,,,,,,0.5228,0.352,0.1253,87.823,59.133,21.044,1106.23,854.54,189.86,2150.63,11.75,94.55,35.295,16.31,3789.1,1839.2,218.7,5847.1,4230.2,-1616.9,-38.22,,,,,,,,,,
2021-06-07,학습,172.0,316.73,165.75,128.45,22.53,0.5233,0.4056,0.0711,0.5229,0.3672,0.1099,89.942,63.153,18.906,1107.72,849.37,193.59,2150.68,11.73,94.288,35.028,16.788,3778.6,1825.4,225.1,5829.1,4542.6,-1286.5,-28.32,2.735,1.27,8.0,38.05,2515.0,17439.0,0.1442,4738.0,585.2,0.641
2021-06-08,학습,176.0,299.53,159.65,125.69,14.19,0.533,0.4196,0.0474,0.5258,0.382,0.0922,92.536,67.239,16.225,1111.69,848.7,194.34,2154.72,11.69,95.164,35.129,16.31,3813.8,1830.6,218.7,5863.1,5046.6,-816.5,-16.18,2.72,1.19,8.02,38.05,2507.0,17620.0,0.1423,,,0.664
2021-06-09,학습,180.0,218.76,107.71,89.66,21.39,0.4924,0.4099,0.0978,0.5163,0.3899,0.0938,92.935,70.186,16.879,1115.74,851.02,195.68,2162.44,11.64,95.864,35.45,16.181,3841.8,1847.3,217.0,5906.1,5281.7,-624.4,-11.82,2.86,1.24,8.04,38.05,2582.0,17716.0,0.1457,,,0.621
2021-06-10,학습,184.0,207.79,109.1,87.71,10.98,0.525,0.4221,0.0528,0.5188,0.399,0.0822,95.456,73.425,15.119,1121.98,856.4,195.15,2173.54,11.57,97.304,35.982,15.564,3899.5,1875.1,208.7,5983.3,5526.0,-457.3,-8.27,,,,,,,,,,
2021-06-11,학습,188.0,243.22,137.34,87.85,18.03,0.5647,0.3612,0.0741,0.5318,0.3883,0.0799,99.977,73.004,15.019,1132.25,860.93,194.57,2187.75,11.49,100.001,36.4,15.114,4007.6,1896.8,202.7,6107.1,5725.4,-381.7,-6.67,,,,,,,,,,
2021-06-12,학습,188.0,121.91,54.97,51.88,15.06,0.4509,0.4256,0.1235,0.5089,0.3989,0.0923,95.666,74.988,17.345,1137.39,867.09,196.36,2200.83,11.42,99.939,36.914,15.505,4005.1,1923.6,207.9,6136.7,5887.0,-249.7,-4.24,,,,,,,,,,
2021-06-13,학습,192.0,0.0,,,,,,,0.4924,0.4064,0.1011,94.547,78.036,19.416,1141.0,875.79,200.07,2216.86,11.35,99.454,37.594,16.393,3985.7,1959.1,219.8,6164.6,,,,,,,,,,,,,
2021-06-14,학습,192.0,373.79,128.29,218.69,26.81,0.3432,0.5851,0.0717,0.4501,0.4571,0.0928,86.426,87.758,17.816,1136.19,893.53,201.89,2231.61,11.28,95.906,38.95,16.518,3843.5,2029.7,221.5,6094.7,6119.0,24.3,0.4,2.92,1.255,8.09,38.0,2438.0,17938.0,0.1359,5249.0,741.5,0.763
2021-06-15,학습,192.0,317.07,187.55,113.54,15.98,0.5915,0.3581,0.0504,0.4902,0.429,0.0808,94.12,82.371,15.509,1139.47,904.46,201.26,2245.18,11.23,96.796,39.67,15.911,3879.2,2067.2,213.3,6159.7,6199.7,39.9,0.64,2.89,1.21,8.07,38.0,2639.0,18027.0,0.1464,,,0.826
2021-06-16,학습,196.0,292.62,163.35,111.21,18.06,0.5582,0.38,0.0617,0.5095,0.4151,0.0754,99.861,81.366,14.773,1148.22,913.51,199.94,2261.67,11.17,99.64,40.201,15.277,3993.2,2094.9,204.8,6292.9,6660.0,367.1,5.51,,,,,,,,,,
2021-06-17,학습,196.0,207.01,135.96,57.64,13.41,0.6568,0.2784,0.0648,0.5512,0.3764,0.0724,108.044,73.772,14.185,1164.46,914.24,198.14,2276.83,11.12,104.668,40.045,14.668,4194.6,2086.8,196.7,6478.1,7174.2,696.1,9.7,,,,,,,,,,
2021-06-18,학습,200.0,196.85,164.5,18.26,14.09,0.8357,0.0928,0.0716,0.6319,0.296,0.0721,126.374,59.197,14.429,1197.73,900.34,196.72,2294.79,11.07,115.101,38.746,14.326,4612.7,2019.1,192.1,6823.9,7584.7,760.8,10.03,,,,,,,,,,
2021-06-19,학습,200.0,214.89,105.8,88.82,20.27,0.4923,0.4133,0.0943,0.5923,0.3292,0.0784,118.463,65.85,15.687,1220.43,894.2,196.68,2311.31,11.02,118.371,38.176,14.47,4743.8,1989.4,194.0,6927.2,,,,,,,,,,,,,
2021-06-20,학습,200.0,0.0,,,,,,,0.564,0.3531,0.0829,112.796,70.617,16.588,1235.64,893.32,197.54,2326.5,10.99,118.12,38.072,14.839,4733.8,1984.0,199.0,6916.7,,,,,,,,,,,,,
2021-06-21,학습,200.0,378.61,218.94,134.98,24.69,0.5783,0.3565,0.0652,0.568,0.3541,0.0779,113.606,70.811,15.583,1250.45,892.7,197.33,2340.49,10.97,118.29,38.0,14.789,4740.6,1980.2,198.3,6919.1,,,,,,,,,,,,,
2021-06-22,학습,200.0,284.43,163.7,103.05,17.68,0.5755,0.3623,0.0622,0.5702,0.3564,0.0734,114.032,71.279,14.69,1264.5,892.61,196.24,2353.35,10.95,118.565,37.976,14.487,4751.6,1979.0,194.2,6924.8,6608.4,-316.3,-4.79,3.025,1.35,8.12,38.05,2719.0,18260.0,0.1489,4387.0,674.1,1.238
2021-06-23,학습,200.0,190.82,108.15,64.21,18.46,0.5668,0.3365,0.0967,0.5692,0.3508,0.0801,113.839,70.151,16.01,1277.24,891.39,196.56,2365.19,10.94,118.658,37.865,14.677,4755.3,1973.2,196.8,6925.3,6612.5,-312.7,-4.73,2.665,1.165,8.14,38.05,2649.0,18415.0,0.1438,,,1.258
2021-06-24,학습,200.0,238.55,135.31,89.07,14.17,0.5672,0.3734,0.0594,0.5686,0.3572,0.0742,113.727,71.433,14.839,1288.84,891.55,195.69,2376.08,10.93,118.67,37.874,14.455,4755.8,1973.7,193.8,6923.3,6359.5,-563.7,-8.86,2.74,1.145,8.15,38.05,2773.0,18158.0,0.1527,,,1.185
2021-06-25,학습,196.0,268.85,164.51,89.37,14.97,0.6119,0.3324,0.0557,0.5809,0.3502,0.0689,113.857,68.63,13.514,1299.65,888.9,193.55,2382.1,10.95,118.729,37.657,13.907,4758.2,1962.4,186.5,6907.0,5992.9,-914.0,-15.25,2.605,1.115,8.16,38.05,2849.0,18372.0,0.1551,,,1.149
2021-06-26,학습,192.0,69.15,48.57,0.0,20.58,0.7024,0.0,0.2976,0.6153,0.2509,0.1338,118.145,48.172,25.683,1313.88,866.0,203.76,2383.64,10.99,120.481,35.836,17.184,4828.4,1867.5,230.4,6926.2,5397.1,-1529.1,-28.33,,,,,,,,,,
2021-06-27,학습,192.0,45.79,0.0,45.79,0.0,0.0,1.0,0.0,0.4409,0.4632,0.0958,84.654,88.943,18.403,1293.48,885.7,205.87,2385.05,11.02,108.165,37.551,17.233,4334.8,1956.8,231.1,6522.7,5347.5,-1175.2,-21.98,,,,,,,,,,
2021-06-28,학습,192.0,391.14,273.36,93.08,24.7,0.6989,0.238,0.0631,0.514,0.3994,0.0866,98.695,76.682,16.623,1288.76,891.56,206.04,2386.35,11.06,106.186,38.027,16.733,4255.5,1981.6,224.4,6461.5,5260.7,-1200.8,-22.82,2.605,1.08,8.1,38.0,2684.0,18517.0,0.1449,4592.0,674.8,0.881
2021-06-29,학습,192.0,216.75,111.22,89.5,16.03,0.5131,0.4129,0.074,0.5138,0.4032,0.083,98.645,77.418,15.936,1284.36,897.7,205.5,2387.55,11.09,104.946,38.49,16.186,4205.8,2005.8,217.0,6428.6,5062.7,-1365.9,-26.98,2.665,1.07,8.11,38.05,2792.0,18354.0,0.1521,,,0.934
2021-06-30,학습,192.0,293.16,163.85,110.4,18.91,0.5589,0.3766,0.0645,0.5266,0.3957,0.0778,101.102,75.969,14.929,1282.77,901.89,204.0,2388.65,11.12,105.163,38.768,15.511,4214.5,2020.2,208.0,6442.7,4969.9,-1472.8,-29.63,2.685,1.085,8.15,38.05,2612.0,18295.0,0.1428,,,0.821
2021-07-01,학습,196.0,170.83,136.92,18.32,15.59,0.8015,0.1072,0.0913,0.6045,0.3139,0.0816,118.483,61.526,15.991,1298.69,891.3,203.68,2393.67,11.12,112.25,37.848,15.369,4498.5,1972.3,206.1,6676.9,5038.1,-1638.7,-32.53,2.795,1.31,7.86,38.1,2819.0,18162.0,0.1552,,,0.755
2021-07-02,학습,208.0,234.0,162.29,56.54,15.17,0.6935,0.2416,0.0648,0.6297,0.2934,0.0768,130.987,61.031,15.982,1325.84,881.07,203.37,2410.28,11.08,121.622,37.027,15.27,4874.1,1929.5,204.7,7008.3,5336.0,-1672.4,-31.34,2.705,1.12,7.87,38.0,2533.0,18127.0,0.1397,,,0.874
2021-07-03,학습,216.0,190.85,80.61,89.01,21.23,0.4224,0.4664,0.1112,0.571,0.3425,0.0866,123.328,73.969,18.703,1343.16,884.59,205.82,2433.56,11.01,124.338,37.365,16.019,4982.9,1947.1,214.8,7144.8,5672.2,-1472.6,-25.96,,,,,,,,,,
2021-07-04,학습,216.0,67.63,0.0,67.63,0.0,0.0,1.0,0.0,0.4091,0.5288,0.062,88.368,114.231,13.401,1324.13,928.1,202.76,2454.99,10.95,112.03,40.873,14.938,4489.7,2129.9,200.3,6819.9,5463.6,-1356.2,-24.82,,,,,,,,,,
2021-07-05,학습,216.0,405.01,218.69,159.13,27.19,0.54,0.3929,0.0671,0.4462,0.4903,0.0635,96.38,105.907,13.713,1314.64,959.8,200.26,2474.7,10.91,107.643,43.186,14.296,4313.9,2250.5,191.7,6756.0,5330.7,-1425.4,-26.74,2.925,1.205,7.98,38.0,2738.0,17965.0,0.1524,6244.0,692.7,0.613
2021-07-06,학습,216.0,312.82,218.51,79.22,15.09,0.6985,0.2532,0.0482,0.5177,0.4231,0.0592,111.829,91.392,12.779,1321.36,974.45,197.03,2492.83,10.87,111.118,43.99,13.578,4453.1,2292.3,182.1,6927.5,5381.3,-1546.2,-28.73,2.88,1.165,7.98,38.0,2837.0,18142.0,0.1564,,,0.794
2021-07-07,학습,219.0,203.64,22.16,18.66,162.82,0.1088,0.0916,0.7995,0.4018,0.3291,0.269,87.997,72.083,58.92,1303.7,968.62,240.2,2512.52,10.84,103.728,43.127,26.93,4157.0,2247.4,361.1,6765.5,5539.3,-1226.1,-22.13,2.865,1.145,7.98,38.0,2866.0,18352.0,0.1562,,,0.764
2021-07-08,학습,224.0,285.94,185.0,88.58,12.36,0.647,0.3098,0.0432,0.4713,0.3237,0.205,105.574,72.499,45.926,1305.04,963.67,266.92,2535.63,10.79,106.201,42.428,32.133,4256.1,2211.0,430.8,6897.9,6066.7,-831.3,-13.7,2.835,1.145,8.0,38.0,2792.0,18217.0,0.1533,,,0.714
2021-07-09,학습,228.0,265.18,136.53,111.72,16.93,0.5149,0.4213,0.0638,0.4837,0.3513,0.165,110.274,80.105,37.622,1310.97,966.72,283.2,2560.89,10.74,109.606,42.443,33.188,4392.6,2211.8,445.0,7049.3,6821.5,-227.8,-3.34,2.915,1.175,8.01,38.0,2947.0,18055.0,0.1632,,,0.849
2021-07-10,학습,206.0,205.28,128.98,54.09,22.21,0.6283,0.2635,0.1082,0.5247,0.3264,0.1489,108.08,67.246,30.674,1314.23,956.67,291.23,2562.13,10.8,110.829,41.427,31.823,4441.6,2158.8,426.7,7027.0,6939.7,-87.4,-1.26,,,,,,,,,,
2021-07-11,학습,232.0,69.45,0.0,69.45,0.0,0.0,1.0,0.0,0.3759,0.5174,0.1067,87.217,120.03,24.753,1296.37,1000.21,292.7,2589.27,10.74,103.238,44.787,29.116,4137.3,2333.9,390.4,6861.6,7512.9,651.3,8.67,,,,,,,,,,
2021-07-12,학습,232.0,202.33,137.56,37.12,27.65,0.6799,0.1835,0.1367,0.4621,0.4227,0.1152,107.206,98.071,26.723,1299.92,1018.31,296.02,2614.25,10.7,106.552,45.883,27.862,4270.1,2391.0,373.6,7034.7,7700.2,665.4,8.64,2.905,1.17,8.04,38.0,2849.0,18164.0,0.1568,5849.0,778.4,0.922
2021-07-13,학습,232.0,298.68,192.63,88.87,17.18,0.6449,0.2975,0.0575,0.5139,0.3872,0.0988,119.231,89.838,22.931,1315.22,1026.73,295.28,2637.22,10.67,113.405,46.156,25.87,4544.8,2405.2,346.9,7296.9,7909.4,612.5,7.74,3.035,1.24,8.0,38.0,3095.0,17940.0,0.1725,,,1.241
2021-07-14,학습,232.0,396.43,189.79,182.85,23.79,0.4787,0.4612,0.06,0.504,0.4082,0.0878,116.917,94.705,20.377,1326.97,1039.34,292.05,2658.36,10.65,116.707,46.777,23.745,4677.1,2437.6,318.4,7433.1,7830.6,397.5,5.08,3.07,1.415,7.98,38.0,3427.0,17860.0,0.1919,,,1.201
2021-07-15,학습,232.0,251.49,159.97,76.04,15.48,0.6361,0.3024,0.0616,0.5414,0.3782,0.0804,125.607,87.744,18.649,1346.48,1043.98,287.35,2677.81,10.64,122.219,46.748,21.779,4898.0,2436.1,292.0,7626.1,7764.6,138.5,1.78,2.995,1.32,7.97,38.0,3264.0,17956.0,0.1818,,,1.032
2021-07-16,학습,232.0,183.34,165.84,0.0,17.5,0.9045,0.0,0.0955,0.6443,0.271,0.0847,149.489,62.871,19.64,1388.31,1023.38,284.01,2695.71,10.64,135.171,44.733,20.736,5417.1,2331.1,278.0,8026.2,7898.3,-127.9,-1.62,3.0,1.275,7.98,38.0,3188.0,18072.0,0.1764,,,0.977
2021-07-17,학습,232.0,342.97,161.46,158.06,23.45,0.4708,0.4609,0.0684,0.5951,0.3248,0.08,138.074,75.357,18.569,1415.38,1016.92,279.87,2712.17,10.64,138.592,44.021,19.704,5554.2,2294.0,264.2,8112.4,8088.1,-24.3,-0.3,,,,,,,,,,
2021-07-18,학습,232.0,44.95,0.0,44.95,0.0,0.0,1.0,0.0,0.4264,0.5162,0.0574,98.934,119.761,13.305,1401.15,1055.37,270.8,2727.32,10.65,125.047,46.968,17.422,5011.3,2447.6,233.6,7692.5,7843.2,150.7,1.92,,,,,,,,,,
2021-07-19,학습,232.0,290.66,219.68,41.74,29.24,0.7558,0.1436,0.1006,0.5198,0.4106,0.0696,120.594,95.256,16.15,1409.71,1066.24,265.3,2741.25,10.67,125.357,47.511,16.719,5023.8,2475.8,224.2,7723.8,7422.2,-301.6,-4.06,3.045,1.41,8.06,38.0,3229.0,18260.0,0.1768,5740.0,748.8,1.009
2021-07-20,학습,232.0,293.72,216.3,57.56,19.86,0.7364,0.196,0.0676,0.5812,0.3497,0.069,134.84,81.142,16.018,1431.84,1062.13,260.1,2754.07,10.69,131.247,46.843,16.201,5259.8,2441.0,217.2,7918.0,7336.1,-582.0,-7.93,3.2,1.495,8.04,38.0,3520.0,18016.0,0.1954,,,0.861
2021-07-21,학습,236.0,270.77,185.72,61.27,23.78,0.6859,0.2263,0.0878,0.6109,0.3148,0.0744,144.168,74.281,17.551,1461.52,1051.49,256.86,2769.87,10.69,138.61,45.726,16.308,5554.9,2382.8,218.7,8156.4,7558.4,-598.0,-7.91,3.145,1.42,8.07,38.0,3350.0,18530.0,0.1808,,,0.991
2021-07-22,학습,236.0,272.11,190.72,64.38,17.01,0.7009,0.2366,0.0625,0.6364,0.2926,0.071,150.19,69.053,16.758,1494.86,1036.47,253.08,2784.4,10.7,145.56,44.36,16.142,5833.4,2311.6,216.4,8361.5,7767.3,-594.2,-7.65,3.11,1.485,8.09,38.0,3431.0,18420.0,0.1863,,,0.941
2021-07-23,학습,232.0,343.36,189.61,134.84,18.91,0.5522,0.3927,0.0551,0.6125,0.321,0.0665,142.108,74.466,15.426,1517.44,1028.06,248.27,2793.77,10.73,146.614,43.633,15.63,5875.6,2273.7,209.6,8359.0,7845.8,-513.2,-6.54,3.145,1.44,8.09,38.0,3293.0,18696.0,0.1761,,,0.905
2021-07-24,학습,232.0,291.44,164.21,102.46,24.77,0.5634,0.3516,0.085,0.5986,0.3296,0.0717,138.88,76.478,16.642,1534.99,1022.34,245.06,2802.4,10.76,145.972,43.176,15.646,5849.9,2249.9,209.8,8309.6,7953.4,-356.2,-4.48,,,,,,,,,,
2021-07-25,학습,227.0,24.14,24.14,0.0,0.0,1.0,0.0,0.0,0.7124,0.2362,0.0514,161.714,53.618,11.668,1573.98,994.22,237.13,2805.33,10.81,154.71,40.959,14.164,6200.1,2134.4,189.9,8524.5,7986.0,-538.5,-6.74,,,,,,,,,,
2021-07-26,학습,223.0,279.65,211.47,37.73,30.45,0.7562,0.1349,0.1089,0.7248,0.2075,0.0677,161.633,46.27,15.096,1609.76,961.0,233.27,2804.03,10.87,160.067,38.488,14.183,6414.8,2005.7,190.2,8610.6,8050.6,-560.1,-6.96,2.805,1.06,8.12,38.0,3140.0,18305.0,0.1715,5543.0,830.6,0.909
2021-07-27,학습,218.0,327.23,218.11,91.45,17.67,0.6665,0.2795,0.054,0.7083,0.2279,0.0638,154.408,49.681,13.911,1635.46,933.84,228.53,2797.83,10.94,160.48,36.663,13.84,6431.4,1910.5,185.6,8527.5,8233.5,-294.0,-3.57,3.0,1.21,8.11,38.0,3361.0,18472.0,0.182,,,0.948
2021-07-28,학습,224.0,369.44,209.63,133.48,26.33,0.5674,0.3613,0.0713,0.6684,0.2657,0.0659,149.713,59.519,14.768,1654.41,918.69,225.03,2798.13,10.99,158.857,35.9,13.864,6366.3,1870.8,185.9,8423.0,8521.0,98.0,1.15,3.11,1.37,8.14,38.0,3472.0,18275.0,0.19,,,0.997
2021-07-29,학습,224.0,342.49,241.33,84.5,16.66,0.7046,0.2467,0.0486,0.6786,0.2603,0.061,152.016,58.314,13.67,1674.15,903.55,220.7,2798.4,11.03,158.778,35.155,13.55,6363.1,1832.0,181.7,8376.8,8596.5,219.8,2.56,,,,,,,,,,
2021-07-30,학습,224.0,320.8,218.34,84.22,18.24,0.6806,0.2625,0.0569,0.6792,0.261,0.0598,152.141,58.453,13.405,1692.43,889.76,216.46,2798.65,11.06,158.778,34.534,13.257,6363.2,1799.6,177.8,8340.5,8856.5,516.0,5.83,,,,,,,,,,
2021-07-31,학습,224.0,251.45,135.51,89.49,26.45,0.5389,0.3559,0.1052,0.6394,0.2879,0.0727,143.233,64.482,16.285,1700.34,883.1,215.44,2798.89,11.1,155.216,34.488,13.921,6220.4,1797.2,186.7,8204.3,8863.7,659.4,7.44,,,,,,,,,,
2021-08-01,학습,224.0,74.96,28.57,46.39,0.0,0.3811,0.6189,0.0,0.5662,0.3817,0.0521,126.832,85.499,11.668,1691.22,897.99,209.88,2799.1,11.13,146.458,36.131,12.989,5869.4,1882.8,174.2,7926.4,,,,,,,,,,,,,
2021-08-02,학습,220.0,339.07,220.32,90.09,28.66,0.6498,0.2657,0.0845,0.5899,0.3488,0.0613,129.779,76.739,13.483,1685.78,902.93,206.58,2795.3,11.18,142.236,36.826,12.898,5700.2,1919.0,172.9,7792.2,8272.4,480.2,5.81,2.88,1.165,8.0,38.0,3266.0,17890.0,0.1826,5739.0,663.2,1.518
2021-08-03,학습,216.0,272.27,178.46,76.86,16.95,0.6555,0.2823,0.0623,0.6085,0.33,0.0616,131.432,71.271,13.297,1682.42,902.01,203.36,2787.8,11.23,140.293,36.978,12.78,5622.3,1927.0,171.4,7720.7,7981.5,260.8,3.27,2.945,1.18,8.02,38.0,3196.0,17724.0,0.1803,,,1.377
2021-08-04,학습,216.0,335.02,216.44,92.33,26.25,0.6461,0.2756,0.0784,0.6191,0.3145,0.0663,133.733,67.942,14.325,1681.64,897.83,201.43,2780.9,11.28,140.015,36.841,13.008,5611.2,1919.8,174.4,7705.5,7934.4,229.0,2.89,2.97,1.185,8.04,38.4,3042.0,17938.0,0.1696,,,1.299
2021-08-05,학습,216.0,322.92,216.45,89.31,17.16,0.6703,0.2766,0.0531,0.6336,0.3038,0.0626,136.865,65.617,13.518,1684.05,891.66,198.84,2774.55,11.33,141.097,36.539,12.922,5654.6,1904.1,173.3,7731.9,7898.1,166.3,2.1,2.955,1.265,8.05,38.4,3276.0,17769.0,0.1844,,,1.577
2021-08-06,학습,216.0,341.82,235.4,87.75,18.67,0.6887,0.2567,0.0546,0.6492,0.2904,0.0603,140.235,62.735,13.03,1689.63,883.1,195.97,2768.71,11.36,143.112,36.051,12.716,5735.3,1878.7,170.5,7784.5,7969.7,185.2,2.32,2.765,1.06,8.08,38.4,3394.0,17625.0,0.1926,,,1.466
2021-08-07,학습,216.0,160.44,78.1,56.42,25.92,0.4868,0.3517,0.1616,0.6032,0.3078,0.089,130.288,66.483,19.229,1684.83,878.98,199.53,2763.33,11.4,140.376,35.937,14.436,5625.6,1872.7,193.6,7691.9,8076.1,384.1,4.76,,,,,,,,,,
2021-08-08,학습,216.0,25.04,25.04,0.0,0.0,1.0,0.0,0.0,0.7157,0.2205,0.0638,154.585,47.637,13.778,1704.7,856.33,197.36,2758.39,11.43,148.407,34.333,13.973,5947.5,1789.1,187.3,7924.0,7949.6,25.6,0.32,,,,,,,,,,
2021-08-09,학습,216.0,279.4,212.98,38.42,28.0,0.7623,0.1375,0.1002,0.7289,0.197,0.0741,157.438,42.553,16.008,1725.84,830.42,197.59,2753.84,11.45,154.502,32.563,14.326,6191.8,1696.9,192.1,8080.8,7950.7,-130.1,-1.64,2.93,1.13,8.03,38.4,3475.0,17389.0,0.1998,5334.0,655.1,1.501
2021-08-10,학습,216.0,292.92,185.56,89.49,17.87,0.6335,0.3055,0.061,0.7018,0.2278,0.0704,151.597,49.197,15.206,1739.44,813.22,196.99,2749.66,11.47,155.924,31.592,14.326,6248.7,1646.3,192.1,8087.1,7960.5,-126.6,-1.59,3.01,1.195,8.04,38.4,3232.0,17461.0,0.1851,,,1.48
2021-08-11,학습,216.0,374.51,215.93,134.36,24.22,0.5766,0.3588,0.0647,0.6663,0.2649,0.0688,143.927,57.218,14.855,1744.29,805.42,196.1,2745.81,11.49,153.733,31.409,14.221,6160.9,1636.8,190.7,7988.4,7967.2,-21.1,-0.27,2.855,1.06,8.05,38.4,3048.0,17829.0,0.171,,,1.482
2021-08-12,학습,216.0,277.8,176.96,83.41,17.43,0.637,0.3003,0.0627,0.658,0.2749,0.0671,142.131,59.383,14.486,1746.96,800.4,194.91,2742.26,11.51,151.663,31.426,14.039,6078.0,1637.7,188.2,7903.9,7997.6,93.7,1.17,2.925,1.14,8.04,38.4,2937.0,18039.0,0.1628,,,1.436
2021-08-13,학습,216.0,240.57,183.75,38.64,18.18,0.7638,0.1606,0.0756,0.688,0.2425,0.0695,148.609,52.384,15.007,1755.89,788.79,194.33,2739.0,11.52,152.978,30.881,14.071,6130.7,1609.3,188.7,7928.6,8034.3,105.7,1.32,2.92,1.06,8.04,38.4,3128.0,18264.0,0.1713,,,1.426
2021-08-14,학습,216.0,243.27,128.5,90.09,24.68,0.5282,0.3703,0.1015,0.6427,0.2787,0.0785,138.826,60.21,16.965,1754.32,785.93,195.76,2736.01,11.53,149.876,31.045,14.68,6006.4,1617.8,196.8,7821.0,7923.0,102.0,1.29,,,,,,,,,,
2021-08-15,학습,216.0,24.86,24.86,0.0,0.0,1.0,0.0,0.0,0.744,0.1997,0.0563,160.702,43.142,12.156,1774.76,766.23,192.26,2733.25,11.54,156.713,29.818,13.652,6280.4,1553.8,183.1,8017.3,7632.3,-385.0,-5.04,,,,,,,,,,
2021-08-16,학습,216.0,354.62,217.61,110.82,26.19,0.6136,0.3125,0.0739,0.707,0.2317,0.0613,152.721,50.047,13.232,1785.57,755.01,190.12,2730.71,11.55,157.737,29.328,13.275,6321.4,1528.3,178.0,8027.7,7658.6,-369.2,-4.82,,,,,,,,,,
2021-08-17,학습,216.0,331.08,211.73,102.99,16.36,0.6395,0.3111,0.0494,0.6879,0.2542,0.0579,148.586,54.907,12.507,1791.39,749.55,187.42,2728.37,11.56,156.715,29.301,12.8,6280.5,1526.9,171.6,7979.0,7753.2,-225.8,-2.91,2.67,1.08,8.02,38.4,2837.0,18069.0,0.157,5415.0,651.7,1.242
2021-08-18,학습,216.0,227.59,184.07,18.96,24.56,0.8088,0.0833,0.1079,0.7222,0.2058,0.0721,155.988,44.443,15.569,1804.15,734.07,188.01,2726.22,11.56,159.045,28.441,13.395,6373.8,1482.1,179.6,8035.5,7773.6,-261.9,-3.37,2.745,1.095,8.03,38.4,2792.0,17835.0,0.1565,,,1.212
2021-08-19,학습,216.0,265.87,161.08,88.84,15.95,0.6059,0.3341,0.06,0.6892,0.2422,0.0687,148.866,52.305,14.829,1808.76,727.68,187.8,2724.25,11.57,157.633,28.34,13.578,6317.3,1476.8,182.1,7976.1,7749.5,-226.6,-2.92,2.785,1.145,8.02,38.45,2893.0,18160.0,0.1593,,,1.185
2021-08-20,학습,216.0,267.92,163.96,88.92,15.04,0.612,0.3319,0.0561,0.6673,0.2676,0.0651,144.138,57.799,14.062,1808.28,727.3,186.85,2722.43,11.57,154.872,28.693,13.474,6206.6,1495.2,180.7,7882.5,7765.5,-117.0,-1.51,2.69,1.085,8.03,38.45,2753.0,17869.0,0.1541,,,1.137
2021-08-21,학습,205.0,214.93,135.81,56.56,22.56,0.6319,0.2632,0.105,0.6573,0.2663,0.0764,134.739,54.598,15.663,1798.44,723.74,187.57,2709.76,11.62,149.409,28.737,13.882,5987.7,1497.5,186.1,7671.3,7531.8,-139.5,-1.85,,,,,,,,,,
2021-08-22,학습,216.0,72.68,27.45,45.23,0.0,0.3777,0.6223,0.0,0.578,0.3672,0.0547,124.851,79.325,11.825,1779.49,745.2,184.4,2709.1,11.61,142.084,30.753,13.009,5694.1,1602.6,174.4,7471.1,7523.0,51.9,0.69,,,,,,,,,,
2021-08-23,학습,208.0,304.61,195.06,84.33,25.22,0.6404,0.2768,0.0828,0.5957,0.3416,0.0627,123.903,71.057,13.041,1761.12,756.67,182.7,2700.49,11.64,137.188,31.803,12.779,5497.9,1657.3,171.3,7326.5,7509.9,183.4,2.44,2.81,1.285,8.0,39.2,2912.0,18044.0,0.1614,5384.0,685.8,1.035
2021-08-24,학습,200.0,239.85,140.55,81.54,17.76,0.586,0.34,0.074,0.5929,0.3411,0.0659,118.587,68.23,13.183,1738.89,764.4,181.27,2684.57,11.7,132.042,32.469,12.665,5291.7,1692.0,169.8,7153.5,7230.5,77.0,1.06,2.76,1.21,8.02,39.2,2728.0,17692.0,0.1542,,,1.022
2021-08-25,학습,192.0,266.9,111.74,132.92,22.24,0.4187,0.498,0.0833,0.5435,0.3856,0.0708,104.359,74.038,13.603,1704.22,777.32,180.38,2661.92,11.78,123.177,33.499,12.713,4936.4,1745.7,170.5,6852.5,6790.9,-61.7,-0.91,2.74,1.17,8.04,39.2,2762.0,17843.0,0.1548,,,0.962
2021-08-26,학습,192.0,278.8,134.8,130.66,13.34,0.4835,0.4687,0.0478,0.5265,0.4092,0.0643,101.091,78.557,12.351,1669.05,793.73,178.31,2641.09,11.85,116.403,34.736,12.371,4664.9,1810.1,165.9,6640.9,6393.8,-247.1,-3.86,,,,,,,,,,
2021-08-27,학습,192.0,273.96,219.28,38.08,16.6,0.8004,0.139,0.0606,0.6042,0.3326,0.0633,115.998,63.854,12.148,1651.6,794.12,176.2,2621.92,11.91,118.188,34.61,12.076,4736.4,1803.5,161.9,6701.9,6101.7,-600.2,-9.84,,,,,,,,,,
2021-08-28,학습,192.0,193.82,82.59,88.54,22.69,0.4261,0.4568,0.1171,0.5537,0.3678,0.0785,106.308,70.616,15.076,1625.85,801.24,177.19,2604.28,11.96,115.412,35.044,12.754,4625.2,1826.2,171.0,6622.4,5785.7,-836.7,-14.46,,,,,,,,,,
2021-08-29,학습,192.0,53.4,0.0,53.4,0.0,0.0,1.0,0.0,0.3967,0.547,0.0563,76.173,105.025,10.802,1572.03,842.2,173.82,2588.05,12.0,101.647,38.165,11.933,4073.6,1988.8,160.0,6222.4,,,,,,,,,,,,,
2021-08-30,학습,192.0,403.13,196.09,181.27,25.77,0.4864,0.4497,0.0639,0.4222,0.5194,0.0584,81.054,99.726,11.219,1527.39,874.59,171.15,2573.12,12.03,95.11,40.392,11.499,3811.6,2104.9,154.2,6070.6,5717.1,-353.5,-6.18,2.86,1.2,8.04,39.2,2683.0,18165.0,0.1477,4813.0,681.1,0.713
2021-08-31,학습,192.0,220.01,165.5,38.28,16.23,0.7522,0.174,0.0738,0.5157,0.4215,0.0628,99.019,80.927,12.054,1504.28,885.59,169.52,2559.39,12.05,98.264,40.779,11.454,3938.0,2125.0,153.6,6216.6,5661.1,-555.5,-9.81,2.815,1.195,8.04,39.2,2576.0,18038.0,0.1428,,,0.754
2021-09-01,학습,192.0,192.71,135.49,35.46,21.76,0.7031,0.184,0.1129,0.5688,0.3542,0.077,109.216,68.001,14.783,1493.22,882.78,170.74,2546.75,12.07,104.288,40.074,12.242,4179.4,2088.3,164.1,6431.9,5672.3,-759.6,-13.39,2.8,1.18,8.02,39.2,2635.0,18134.0,0.1453,,,0.773
2021-09-02,학습,192.0,291.64,188.93,89.88,12.83,0.6478,0.3082,0.044,0.5912,0.3411,0.0676,113.515,65.499,12.987,1487.35,877.7,170.08,2535.12,12.08,109.723,39.275,12.24,4397.2,2046.7,164.1,6608.0,5525.2,-1082.8,-19.6,2.815,1.125,8.04,39.2,2539.0,18084.0,0.1404,,,0.713
2021-09-03,학습,192.0,341.62,135.12,190.39,16.11,0.3955,0.5573,0.0472,0.5357,0.4024,0.0618,102.864,77.264,11.872,1471.29,884.78,168.35,2524.43,12.08,108.814,39.538,11.904,4360.8,2060.4,159.6,6580.8,5687.6,-893.1,-15.7,2.815,1.135,8.04,39.2,2576.0,18115.0,0.1422,,,0.725
2021-09-04,학습,192.0,235.48,109.19,103.09,23.2,0.4637,0.4378,0.0985,0.5153,0.4124,0.0722,98.942,79.189,13.869,1452.59,893.23,168.76,2514.58,12.08,106.685,39.915,12.274,4275.5,2080.0,164.6,6520.1,5770.4,-749.6,-12.99,,,,,,,,,,
2021-09-05,학습,192.0,73.96,73.96,0.0,0.0,1.0,0.0,0.0,0.6527,0.2955,0.0518,125.321,56.742,9.937,1461.77,878.55,165.2,2505.53,12.08,115.924,38.439,11.347,4645.7,2003.1,152.1,6801.0,5231.4,-1569.6,-30.0,,,,,,,,,,
2021-09-06,학습,192.0,257.5,193.9,37.26,26.34,0.753,0.1447,0.1023,0.6811,0.2528,0.0661,130.78,48.532,12.688,1475.68,856.84,164.68,2497.2,12.08,123.805,36.53,11.54,4961.6,1903.6,154.7,7019.9,5982.1,-1037.8,-17.35,2.795,1.16,8.04,39.15,2685.0,17769.0,0.1511,4987.0,678.3,0.862
2021-09-07,학습,192.0,325.14,217.96,91.89,15.29,0.6704,0.2826,0.047,0.6781,0.2612,0.0607,130.193,50.157,11.651,1487.88,838.49,163.17,2489.53,12.07,128.431,35.037,11.361,5146.9,1825.8,152.3,7125.1,6380.5,-744.6,-11.67,2.765,1.13,8.03,39.15,2637.0,17942.0,0.147,,,0.888
2021-09-08,학습,192.0,291.63,135.88,134.74,21.01,0.4659,0.462,0.072,0.6179,0.3182,0.0639,118.646,61.085,12.269,1487.56,832.53,162.39,2482.48,12.06,126.665,34.644,11.424,5076.2,1805.4,153.2,7034.7,6693.8,-340.9,-5.09,2.735,1.065,8.02,39.15,2789.0,17738.0,0.1572,,,1.114
2021-09-09,학습,192.0,334.32,190.0,131.18,13.14,0.5683,0.3924,0.0393,0.6039,0.3392,0.0569,115.945,65.125,10.93,1484.57,831.09,160.34,2475.99,12.04,124.495,34.634,11.066,4989.2,1804.8,148.4,6942.4,7075.3,132.9,1.88,2.72,1.13,8.04,39.15,2835.0,17645.0,0.1607,,,1.034
2021-09-10,학습,192.0,242.59,188.87,38.96,14.76,0.7786,0.1606,0.0608,0.6534,0.2886,0.058,125.452,55.405,11.143,1491.32,820.05,158.66,2470.02,12.03,126.96,33.847,10.885,5088.0,1763.8,146.0,6997.8,7974.5,976.7,12.25,2.775,1.16,8.02,39.15,2893.0,17731.0,0.1632,,,1.09
2021-09-11,학습,192.0,243.59,130.38,90.17,23.04,0.5352,0.3702,0.0946,0.6199,0.3117,0.0684,119.021,59.846,13.132,1491.1,814.32,159.11,2464.53,12.02,125.908,33.534,11.359,5045.8,1747.5,152.3,6945.6,8049.1,1103.4,13.71,,,,,,,,,,
2021-09-12,학습,192.0,49.82,49.82,0.0,0.0,1.0,0.0,0.0,0.7276,0.2233,0.049,139.709,42.882,9.41,1511.59,792.1,155.79,2459.48,12.0,133.534,31.911,10.565,5351.5,1662.9,141.7,7156.1,7917.7,761.7,9.62,,,,,,,,,,
2021-09-13,학습,192.0,379.14,217.8,134.91,26.43,0.5745,0.3558,0.0697,0.6842,0.2609,0.0549,131.371,50.093,10.536,1522.1,778.86,153.87,2454.83,11.98,134.902,31.11,10.362,5406.3,1621.2,138.9,7166.4,7887.8,721.4,9.15,,,,,,,,,,
2021-09-14,학습,192.0,312.49,192.94,103.54,16.01,0.6174,0.3313,0.0512,0.6653,0.2809,0.0538,127.736,53.926,10.338,1528.13,770.51,151.91,2450.55,11.97,134.291,30.736,10.164,5381.8,1601.7,136.3,7119.8,7706.5,586.7,7.61,2.765,1.055,7.98,36.25,2814.0,17425.0,0.1615,5116.0,450.2,1.39
2021-09-15,학습,192.0,251.54,163.17,66.16,22.21,0.6487,0.263,0.0883,0.6606,0.2758,0.0636,126.832,52.955,12.213,1532.78,761.86,151.98,2446.62,11.95,133.554,30.341,10.592,5352.2,1581.1,142.0,7075.4,7649.6,574.3,7.51,2.825,1.12,7.97,39.05,2796.0,17459.0,0.1601,,,1.334
2021-09-16,학습,192.0,319.77,215.77,88.26,15.74,0.6748,0.276,0.0492,0.6646,0.2759,0.0595,127.604,52.966,11.43,1537.83,753.91,151.26,2443.0,11.93,133.407,30.006,10.648,5346.4,1563.6,142.8,7052.8,7586.8,534.0,7.04,2.795,1.105,7.97,39.05,2838.0,17279.0,0.1642,,,1.39
2021-09-17,학습,192.0,291.64,186.77,88.84,16.03,0.6404,0.3046,0.055,0.6577,0.284,0.0582,126.287,54.531,11.182,1541.16,748.16,150.34,2439.66,11.91,132.79,29.847,10.612,5321.7,1555.4,142.3,7019.3,7670.4,651.1,8.49,2.8,1.1,7.96,39.05,2912.0,17340.0,0.1679,,,1.342
2021-09-18,학습,192.0,210.84,129.65,56.77,24.42,0.6149,0.2693,0.1158,0.6456,0.2798,0.0746,123.956,53.728,14.316,1541.89,742.07,152.64,2436.6,11.9,131.478,29.647,11.528,5269.1,1545.0,154.6,6968.6,7583.7,615.1,8.11,,,,,,,,,,
2021-09-19,학습,192.0,0.0,,,,,,,0.6369,0.2768,0.0863,122.286,53.152,16.561,1540.9,735.89,157.0,2433.78,11.88,130.0,29.432,12.826,5209.8,1533.7,172.0,6915.5,7649.2,733.6,9.59,,,,,,,,,,
2021-09-20,학습,192.0,324.31,193.9,80.74,49.67,0.5979,0.249,0.1532,0.6258,0.2689,0.1052,120.162,51.635,20.202,1537.86,728.69,164.65,2431.19,11.86,128.239,29.128,14.802,5139.3,1517.9,198.5,6855.6,7565.5,709.9,9.38,,,,,,,,,,
2021-09-21,학습,192.0,0.0,,,,,,,0.6179,0.2633,0.1188,118.641,50.548,22.811,1533.54,720.97,174.29,2428.8,11.84,126.544,28.782,16.933,5071.4,1499.9,227.0,6798.3,,,,,,,,,,,,,
2021-09-22,학습,192.0,240.03,55.5,184.53,0.0,0.2312,0.7688,0.0,0.5083,0.4066,0.0851,97.594,78.061,16.345,1508.52,741.39,176.7,2426.6,11.83,117.081,30.69,16.444,4692.1,1599.3,220.5,6511.9,,,,,,,,,,,,,
2021-09-23,학습,192.0,425.01,300.78,102.82,21.41,0.7077,0.2419,0.0504,0.5648,0.3599,0.0753,108.447,69.1,14.453,1496.35,751.21,177.03,2424.58,11.81,115.585,31.593,15.544,4632.2,1646.4,208.4,6486.9,7012.4,525.4,7.49,2.835,1.275,8.02,38.75,3272.0,17690.0,0.185,5324.0,649.8,1.296
2021-09-24,학습,192.0,304.12,215.67,65.59,22.86,0.7092,0.2157,0.0752,0.6057,0.319,0.0752,116.302,61.25,14.447,1493.01,752.4,177.32,2422.72,11.8,117.805,31.732,14.929,4721.1,1653.6,200.2,6574.9,6952.0,377.1,5.42,2.865,1.24,8.0,38.75,3326.0,17384.0,0.1913,,,1.322
2021-09-25,학습,192.0,370.9,211.17,132.97,26.76,0.5693,0.3585,0.0721,0.5954,0.3302,0.0744,114.321,63.4,14.279,1487.96,755.64,177.42,2421.01,11.78,118.382,32.022,14.459,4744.2,1668.7,193.9,6606.8,7057.5,450.7,6.39,,,,,,,,,,
2021-09-26,학습,192.0,25.22,25.22,0.0,0.0,1.0,0.0,0.0,0.7101,0.2366,0.0533,136.341,45.428,10.231,1505.33,740.65,173.47,2419.44,11.77,127.545,30.831,12.924,5111.5,1606.6,173.3,6891.4,7075.6,184.2,2.6,,,,,,,,,,
2021-09-27,학습,192.0,367.99,246.27,93.35,28.37,0.6692,0.2537,0.0771,0.6985,0.2414,0.06,134.116,46.357,11.527,1519.08,727.79,171.12,2417.99,11.75,132.307,29.894,12.267,5302.3,1557.8,164.5,7024.6,7419.2,394.6,5.32,2.755,1.18,7.99,38.6,3158.0,17416.0,0.1813,4937.0,578.6,1.411
2021-09-28,학습,192.0,285.61,192.19,77.44,15.98,0.6729,0.2711,0.056,0.6913,0.2499,0.0589,132.722,47.973,11.305,1530.35,717.57,168.75,2416.66,11.74,134.686,29.227,11.753,5397.6,1523.0,157.6,7078.2,7520.2,442.0,5.88,2.785,1.2,7.99,38.6,3291.0,17825.0,0.1846,,,1.342
2021-09-29,학습,192.0,159.99,138.29,0.0,21.7,0.8644,0.0,0.1356,0.7403,0.179,0.0806,142.144,34.374,15.482,1550.13,694.57,170.74,2415.43,11.73,139.921,27.573,12.655,5607.4,1436.8,169.7,7214.0,7591.0,377.0,4.97,2.82,1.225,7.98,38.6,3425.0,17619.0,0.1944,,,1.296
2021-09-30,학습,192.0,316.43,212.4,88.92,15.11,0.6712,0.281,0.0478,0.7207,0.2079,0.0713,138.383,39.925,13.692,1564.57,678.96,170.78,2414.31,11.72,141.646,26.612,12.733,5676.6,1386.8,170.7,7234.0,7537.3,303.2,4.02,2.78,1.175,7.99,38.6,3192.0,17662.0,0.1807,,,1.26
2021-10-01,학습,192.0,359.54,161.56,181.66,16.32,0.4494,0.5053,0.0454,0.6438,0.2922,0.064,123.612,56.106,12.281,1563.09,680.78,169.4,2413.27,11.7,136.801,27.09,12.363,5482.4,1411.7,165.8,7059.9,7541.0,481.1,6.38,,,,,,,,,,
2021-10-02,학습,192.0,160.9,83.61,54.68,22.61,0.5196,0.3398,0.1405,0.6086,0.3057,0.0857,116.854,58.698,16.448,1554.96,685.04,172.31,2412.32,11.69,131.11,27.704,13.361,5254.3,1443.7,179.1,6877.1,7412.7,535.5,7.22,,,,,,,,,,
2021-10-03,학습,192.0,0.0,,,,,,,0.5834,0.3154,0.1012,112.011,60.555,19.434,1542.65,690.83,177.96,2411.44,11.68,125.663,28.373,14.937,5036.0,1478.6,200.3,6714.9,7245.2,530.4,7.32,,,,,,,,,,
2021-10-04,학습,192.0,398.35,240.97,132.42,24.96,0.6049,0.3324,0.0627,0.5895,0.3202,0.0903,113.183,61.482,17.335,1532.49,697.07,181.07,2410.63,11.67,122.773,29.016,15.381,4920.2,1512.1,206.2,6638.5,7314.8,676.3,9.25,2.815,1.175,7.99,38.3,3069.0,17825.0,0.1722,5238.0,628.5,1.166
2021-10-05,학습,192.0,270.65,164.57,91.32,14.76,0.6081,0.3374,0.0545,0.5948,0.3251,0.0802,114.193,62.418,15.389,1524.15,703.76,181.98,2409.89,11.66,121.394,29.637,15.1,4865.0,1544.4,202.5,6611.8,7220.0,608.2,8.42,2.85,1.075,7.98,38.3,3162.0,17739.0,0.1783,,,1.162
2021-10-06,학습,200.0,305.03,193.98,88.7,22.35,0.6359,0.2908,0.0733,0.6064,0.3154,0.0782,121.286,63.074,15.64,1523.57,710.56,183.07,2417.2,11.61,123.381,30.217,14.984,4944.6,1574.6,200.9,6720.1,7366.3,646.2,8.77,2.855,1.1,7.99,38.3,3042.0,17651.0,0.1723,,,1.245
2021-10-07,학습,200.0,253.24,162.57,76.49,14.18,0.642,0.302,0.056,0.6165,0.3116,0.0719,123.3,62.318,14.381,1525.05,716.07,182.82,2423.93,11.57,125.412,30.649,14.527,5026.0,1597.1,194.8,6817.9,7548.3,730.3,9.68,2.915,1.13,8.0,38.3,3419.0,17762.0,0.1925,,,1.215
2021-10-08,학습,200.0,179.98,164.99,0.0,14.99,0.9167,0.0,0.0833,0.7016,0.2233,0.0751,140.32,44.653,15.027,1543.44,703.46,183.22,2430.13,11.54,133.473,29.603,14.41,5349.0,1542.6,193.2,7084.9,7546.0,461.1,6.11,2.89,1.145,8.0,38.3,3258.0,17549.0,0.1857,,,1.23
2021-10-09,학습,200.0,246.33,134.2,89.04,23.09,0.5448,0.3615,0.0937,0.6572,0.2624,0.0804,131.431,52.488,16.081,1551.46,699.71,184.66,2435.82,11.51,134.888,29.341,14.646,5405.7,1529.0,196.4,7131.1,7535.6,404.5,5.37,,,,,,,,,,
2021-10-10,학습,200.0,49.08,49.08,0.0,0.0,1.0,0.0,0.0,0.7543,0.188,0.0576,150.868,37.609,11.523,1578.28,681.37,181.41,2441.07,11.48,143.536,27.928,13.439,5752.3,1455.4,180.2,7387.9,7414.3,26.4,0.36,,,,,,,,,,
2021-10-11,학습,200.0,354.23,192.04,136.4,25.79,0.5421,0.3851,0.0728,0.6942,0.2439,0.0619,138.837,48.779,12.384,1590.93,675.67,179.29,2445.89,11.46,144.057,27.622,12.875,5773.2,1439.4,172.6,7385.2,7421.7,36.4,0.49,,,,,,,,,,
2021-10-12,학습,200.0,282.57,165.11,103.49,13.97,0.5843,0.3662,0.0494,0.663,0.2786,0.0584,132.608,55.715,11.676,1596.33,677.36,176.63,2450.33,11.45,141.887,27.917,12.278,5686.2,1454.8,164.6,7305.6,7422.2,116.6,1.57,2.85,1.265,8.02,38.3,3612.0,17244.0,0.2095,5216.0,625.8,1.02
2021-10-13,학습,205.0,277.29,190.63,65.45,21.21,0.6875,0.236,0.0765,0.67,0.2665,0.0635,137.343,54.636,13.021,1606.04,677.84,175.53,2459.41,11.41,142.442,28.081,12.275,5708.5,1463.3,164.6,7336.4,7494.2,157.9,2.11,2.77,1.125,8.03,38.3,3351.0,17421.0,0.1924,,,1.025
2021-10-14,학습,210.0,292.36,189.16,89.16,14.04,0.647,0.305,0.048,0.6635,0.2774,0.0591,139.327,58.257,12.416,1616.95,681.9,173.91,2472.77,11.36,143.578,28.51,12.091,5754.0,1485.7,162.1,7401.8,7618.9,217.1,2.85,2.88,1.17,8.02,38.25,3409.0,17562.0,0.1941,,,1.045
2021-10-15,학습,210.0,341.29,190.58,135.02,15.69,0.5584,0.3956,0.046,0.6337,0.3109,0.0554,133.073,65.294,11.633,1620.74,692.67,171.64,2485.05,11.31,141.777,29.437,11.731,5681.8,1534.0,157.3,7373.1,7617.0,243.9,3.2,3.01,1.21,8.01,38.25,3544.0,17405.0,0.2036,,,1.116
2021-10-16,학습,212.0,259.82,133.92,104.13,21.77,0.5154,0.4008,0.0838,0.6002,0.3364,0.0634,127.234,71.315,13.45,1618.39,708.6,171.37,2498.36,11.27,138.331,30.706,12.031,5543.7,1600.1,161.3,7305.2,7575.6,270.4,3.57,,,,,,,,,,
2021-10-17,학습,212.0,49.88,49.88,0.0,0.0,1.0,0.0,0.0,0.7135,0.241,0.0455,151.263,51.1,9.637,1640.25,703.05,167.3,2510.6,11.23,145.817,30.167,11.091,5843.7,1572.0,148.7,7564.5,7627.7,63.2,0.83,,,,,,,,,,
2021-10-18,학습,214.0,255.72,193.31,38.56,23.85,0.7559,0.1508,0.0933,0.7255,0.2155,0.059,155.264,46.107,12.628,1664.37,692.94,166.55,2523.87,11.19,152.035,29.31,11.348,6092.9,1527.4,152.2,7772.4,7841.2,68.8,0.88,2.73,1.175,8.0,37.95,3319.0,17238.0,0.1925,5038.0,570.5,1.15
2021-10-19,학습,214.0,321.23,218.43,91.58,11.22,0.68,0.2851,0.0349,0.7126,0.2352,0.0522,152.501,50.332,11.167,1683.79,687.87,164.41,2536.07,11.16,154.764,28.92,11.085,6202.3,1507.0,148.6,7857.9,8101.9,243.9,3.01,3.11,1.2,7.99,37.95,3508.0,17162.0,0.2044,,,1.078
2021-10-20,학습,216.0,345.73,187.25,136.06,22.42,0.5416,0.3935,0.0648,0.6641,0.2801,0.0558,143.455,60.498,12.047,1692.62,693.37,163.31,2549.3,11.13,152.829,29.401,11.17,6124.7,1532.1,149.8,7806.6,8160.4,353.8,4.34,2.695,1.135,7.99,37.95,3421.0,17075.0,0.2004,4727.0,535.3,1.218
2021-10-21,학습,216.0,302.45,186.8,102.31,13.34,0.6176,0.3383,0.0441,0.651,0.2966,0.0525,140.607,64.061,11.333,1697.89,701.99,161.58,2561.47,11.11,150.496,30.096,11.013,6031.2,1568.3,147.7,7747.2,8269.7,522.5,6.32,2.775,1.16,7.98,37.95,3462.0,16834.0,0.2057,,,1.207
2021-10-22,학습,220.0,194.89,161.39,19.26,14.24,0.8281,0.0988,0.0731,0.7012,0.2405,0.0583,154.258,52.914,12.827,1716.4,698.78,161.49,2576.66,11.08,154.518,29.794,11.354,6192.4,1552.6,152.2,7897.2,8245.1,347.8,4.22,2.78,1.155,7.98,38.0,3640.0,16972.0,0.2145,,,1.243
2021-10-23,학습,220.0,271.75,159.22,91.18,21.35,0.5859,0.3355,0.0786,0.6685,0.2675,0.064,147.07,58.839,14.091,1726.23,701.74,162.67,2590.64,11.05,154.123,30.011,11.966,6176.6,1563.9,160.4,7900.9,8206.8,305.9,3.73,,,,,,,,,,
2021-10-24,학습,220.0,24.05,24.05,0.0,0.0,1.0,0.0,0.0,0.7625,0.1916,0.0459,167.743,42.16,10.096,1755.95,687.8,159.76,2603.51,11.03,162.148,28.862,11.185,6498.2,1504.0,150.0,8152.2,8332.0,179.8,2.16,,,,,,,,,,
2021-10-25,학습,220.0,353.09,192.82,135.1,25.17,0.5461,0.3826,0.0713,0.7011,0.2458,0.0531,154.249,54.071,11.68,1769.8,686.87,158.67,2615.34,11.02,161.701,28.838,11.128,6480.3,1502.8,149.2,8132.2,8444.4,312.1,3.7,2.995,1.215,8.04,38.0,3461.0,17205.0,0.2012,4836.0,618.4,1.339
2021-10-26,학습,220.0,324.57,190.24,123.51,10.82,0.5861,0.3805,0.0333,0.6685,0.284,0.0475,147.077,62.475,10.448,1775.37,694.43,156.43,2626.23,11.01,158.556,29.49,10.719,6354.2,1536.8,143.7,8034.7,8551.1,516.4,6.04,3.03,1.21,8.04,38.0,3729.0,17042.0,0.2188,,,1.304
2021-10-27,학습,240.0,182.96,160.43,0.0,22.53,0.8769,0.0,0.1231,0.7276,0.2035,0.0689,174.621,48.835,16.545,1808.04,687.74,160.47,2656.25,10.93,167.633,28.953,12.269,6718.0,1508.8,164.5,8391.3,8549.0,157.7,1.84,3.035,1.265,7.98,38.0,3925.0,16860.0,0.2328,,,1.437
2021-10-28,학습,220.0,290.48,186.95,88.99,14.54,0.6436,0.3064,0.0501,0.7038,0.2326,0.0636,154.831,51.181,13.988,1818.31,683.93,161.62,2663.87,10.94,165.316,28.685,12.559,6625.1,1494.8,168.4,8288.3,8582.5,294.2,3.43,2.765,0.985,7.98,38.0,3749.0,17135.0,0.2188,,,1.38
2021-10-29,학습,220.0,292.33,188.44,89.18,14.71,0.6446,0.3051,0.0503,0.687,0.2532,0.0598,151.141,55.698,13.161,1824.07,684.95,161.86,2670.88,10.96,162.411,28.818,12.508,6508.7,1501.7,167.7,8178.2,8566.5,388.3,4.53,2.86,1.085,7.96,38.0,3646.0,17082.0,0.2134,,,1.312
2021-10-30,학습,220.0,187.53,108.12,57.79,21.62,0.5765,0.3082,0.1153,0.6557,0.2688,0.0755,144.253,59.127,16.62,1822.48,689.31,165.54,2677.32,10.98,157.864,29.205,13.512,6326.5,1521.9,181.2,8029.6,8512.1,482.5,5.67,,,,,,,,,,
2021-10-31,학습,220.0,24.96,24.96,0.0,0.0,1.0,0.0,0.0,0.7533,0.1926,0.0541,165.725,42.366,11.909,1842.48,676.56,164.21,2683.26,10.99,163.648,28.194,12.782,6558.3,1469.2,171.4,8198.9,8406.9,208.0,2.47,,,,,,,,,,
2021-11-01,학습,218.0,348.68,216.9,106.89,24.89,0.6221,0.3066,0.0714,0.7161,0.2249,0.059,156.108,49.025,12.867,1851.28,671.49,163.95,2686.72,11.02,163.369,27.867,12.572,6547.1,1452.2,168.6,8167.9,8385.5,217.6,2.6,,,,,,,,,,
2021-11-02,학습,216.0,288.13,188.52,89.24,10.37,0.6543,0.3097,0.036,0.6986,0.2489,0.0525,150.892,53.77,11.339,1854.15,671.57,162.18,2687.9,11.06,161.111,27.969,11.97,6456.6,1457.5,160.5,8074.6,8435.8,361.2,4.28,2.845,1.35,8.05,38.1,3849.0,16694.0,0.2306,5221.0,681.1,1.477
2021-11-03,학습,210.0,344.35,162.89,158.25,23.21,0.473,0.4596,0.0674,0.6346,0.3086,0.0567,133.275,64.814,11.911,1839.17,682.69,161.12,2682.99,11.11,152.671,28.94,11.732,6118.4,1508.1,157.3,7783.8,8312.8,529.0,6.36,,,,,,,,,,
2021-11-04,학습,187.0,276.47,183.99,77.36,15.12,0.6655,0.2798,0.0547,0.6434,0.3005,0.0561,120.313,56.188,10.499,1812.43,684.29,158.74,2655.47,11.26,142.281,29.074,11.146,5702.0,1515.1,149.4,7366.5,8491.3,1124.8,13.25,2.975,1.325,7.99,38.05,3683.0,16971.0,0.217,,,1.274
2021-11-05,학습,162.0,228.05,213.0,0.0,15.05,0.934,0.0,0.066,0.7258,0.2153,0.0589,117.575,34.878,9.548,1785.09,664.46,155.6,2605.15,11.5,134.778,27.483,10.461,5401.3,1432.2,140.3,6973.7,6121.0,-852.7,-13.93,2.925,1.27,8.0,38.05,3445.0,17175.0,0.2006,,,1.075
2021-11-06,학습,168.0,227.82,77.35,128.89,21.58,0.3395,0.5658,0.0947,0.6163,0.3146,0.0691,103.535,52.859,11.606,1745.9,664.19,154.76,2564.85,11.68,124.535,27.57,10.612,4990.8,1436.7,142.3,6569.8,6573.3,3.5,0.05,,,,,,,,,,
2021-11-07,학습,180.0,27.66,27.66,0.0,0.0,1.0,0.0,0.0,0.7251,0.2254,0.0495,130.509,40.581,8.91,1736.82,651.66,151.3,2539.78,11.78,129.007,26.662,9.906,5170.1,1389.4,132.8,6692.3,6573.9,-118.3,-1.8,,,,,,,,,,
2021-11-08,학습,192.0,325.84,213.29,88.04,24.51,0.6546,0.2702,0.0752,0.7051,0.2381,0.0568,135.375,45.721,10.904,1733.32,645.28,150.1,2528.71,11.81,133.712,26.302,10.023,5358.6,1370.6,134.4,6863.6,7306.2,442.6,6.06,2.895,1.225,8.04,38.0,3173.0,16848.0,0.1883,,,1.258
2021-11-09,학습,192.0,276.39,188.57,77.25,10.57,0.6823,0.2795,0.0382,0.6986,0.2499,0.0515,134.133,47.973,9.894,1728.87,641.66,148.0,2518.52,11.83,136.117,26.176,9.8,5455.0,1364.1,131.4,6950.4,7438.8,488.4,6.57,2.785,1.3,8.0,38.0,3384.0,16952.0,0.1996,,,1.222
2021-11-10,학습,196.0,225.11,155.39,46.91,22.81,0.6903,0.2084,0.1013,0.6962,0.2381,0.0656,136.465,46.668,12.867,1727.1,637.02,149.03,2513.15,11.83,138.532,25.965,10.539,5551.8,1353.1,141.3,7046.2,7497.6,451.4,6.02,,,,,,,,,,
2021-11-11,학습,200.0,283.13,179.93,88.44,14.76,0.6355,0.3124,0.0521,0.679,0.2592,0.0618,135.806,51.831,12.363,1724.81,637.92,149.48,2512.21,11.81,139.759,26.199,10.893,5600.9,1365.3,146.0,7112.2,7605.8,493.6,6.49,2.815,1.265,7.99,38.0,3394.0,16715.0,0.2031,,,1.278
2021-11-12,학습,200.0,335.27,187.19,133.65,14.43,0.5583,0.3986,0.043,0.6448,0.2987,0.0565,128.963,59.738,11.299,1715.87,646.65,148.82,2511.35,11.79,137.778,27.03,10.814,5521.5,1408.6,145.0,7075.1,7578.5,503.4,6.64,2.705,1.09,8.0,38.05,3144.0,16385.0,0.1919,,,1.198
2021-11-13,학습,204.0,253.4,128.3,103.93,21.17,0.5063,0.4101,0.0835,0.6056,0.3303,0.0642,123.533,67.378,13.089,1702.21,662.33,150.01,2514.55,11.75,134.384,28.347,11.297,5385.5,1477.2,151.5,7014.2,7723.0,708.8,9.18,,,,,,,,,,
2021-11-14,학습,204.0,24.08,24.08,0.0,0.0,1.0,0.0,0.0,0.7174,0.2367,0.046,146.343,48.278,9.379,1712.45,657.65,147.4,2517.5,11.72,141.415,27.938,10.514,5667.3,1455.9,141.0,7264.1,7904.9,640.8,8.11,,,,,,,,,,
2021-11-15,학습,204.0,278.83,214.07,39.06,25.7,0.7677,0.1401,0.0922,0.7316,0.2093,0.0591,149.256,42.694,12.05,1724.79,647.76,147.66,2520.21,11.69,146.916,27.143,10.781,5887.8,1414.5,144.6,7446.8,8051.1,604.3,7.51,2.83,1.165,7.94,38.05,3419.0,16542.0,0.2067,,,1.354
2021-11-16,학습,204.0,262.62,162.19,89.08,11.35,0.6176,0.3392,0.0432,0.6993,0.2461,0.0546,142.66,50.206,11.134,1729.54,646.18,146.99,2522.71,11.66,147.671,27.069,10.688,5918.0,1410.6,143.3,7471.9,7887.4,415.4,5.27,,,,,,,,,,
2021-11-17,학습,204.0,345.78,186.43,135.37,23.98,0.5392,0.3915,0.0694,0.6539,0.2873,0.0588,133.399,58.614,11.988,1724.65,653.12,147.23,2525.0,11.64,144.432,27.679,10.881,5788.2,1442.4,145.9,7376.5,7981.3,604.8,7.58,2.9,1.25,7.94,38.0,3648.0,16219.0,0.2249,,,1.29
2021-11-18,학습,204.0,293.96,153.55,126.79,13.62,0.5223,0.4313,0.0463,0.6166,0.3281,0.0552,125.791,66.94,11.269,1712.55,667.84,146.72,2527.11,11.62,139.391,28.864,10.797,5586.2,1504.1,144.8,7235.1,7891.7,656.6,8.32,2.79,1.255,7.96,38.3,3629.0,16134.0,0.2249,,,1.323
2021-11-19,학습,204.0,247.6,212.78,19.65,15.17,0.8594,0.0794,0.0613,0.6854,0.2576,0.0569,139.828,52.554,11.618,1715.45,667.0,146.61,2529.06,11.6,141.897,28.718,10.845,5686.6,1496.5,145.4,7328.6,7783.0,454.5,5.84,2.785,1.2,7.97,38.65,3431.0,16471.0,0.2083,,,1.27
2021-11-20,학습,204.0,243.7,131.51,89.28,22.91,0.5396,0.3664,0.094,0.6441,0.2884,0.0675,131.397,58.842,13.761,1709.69,672.51,148.65,2530.84,11.59,140.07,29.098,11.52,5613.4,1516.3,154.5,7284.2,7744.0,459.8,5.94,,,,,,,,,,
2021-11-21,학습,204.0,23.95,23.95,0.0,0.0,1.0,0.0,0.0,0.745,0.2067,0.0483,151.978,42.162,9.86,1724.96,660.9,146.62,2532.49,11.57,147.176,28.086,10.81,5898.2,1463.6,144.9,7506.7,7859.8,353.0,4.49,,,,,,,,,,
2021-11-22,학습,204.0,404.56,216.06,161.22,27.28,0.5341,0.3985,0.0674,0.6852,0.2611,0.0537,139.78,53.255,10.964,1726.82,661.31,145.86,2534.0,11.56,146.679,28.114,10.657,5878.3,1465.1,142.9,7486.2,7840.7,354.4,4.52,2.71,1.03,7.94,38.1,3209.0,16118.0,0.1991,4708.0,494.0,1.275
2021-11-23,학습,210.0,302.91,211.66,78.02,13.23,0.6988,0.2576,0.0437,0.689,0.2601,0.0509,144.699,54.614,10.687,1733.45,663.05,144.89,2541.39,11.52,148.34,28.247,10.47,5944.8,1472.0,140.4,7557.2,7837.0,279.8,3.57,,,,,,,,,,
2021-11-24,학습,216.0,153.38,128.58,0.0,24.8,0.8383,0.0,0.1617,0.7314,0.1863,0.0823,157.973,40.251,17.777,1752.83,650.29,151.08,2554.2,11.46,154.674,27.21,12.469,6198.7,1418.0,167.2,7783.8,8260.7,476.9,5.77,2.775,1.065,7.98,38.1,3065.0,16582.0,0.1848,,,1.38
2021-11-25,학습,216.0,291.14,185.34,89.05,16.75,0.6366,0.3059,0.0575,0.7045,0.2202,0.0753,152.171,47.569,16.26,1764.85,645.86,155.26,2565.97,11.41,156.259,26.915,13.377,6262.2,1402.6,179.4,7844.2,8292.0,447.9,5.4,2.765,1.13,7.96,38.1,3483.0,16772.0,0.2077,,,1.461
2021-11-26,학습,216.0,290.81,184.8,89.19,16.82,0.6355,0.3067,0.0578,0.6849,0.2447,0.0703,147.944,52.863,15.192,1771.68,647.09,158.04,2576.81,11.37,155.547,27.089,13.675,6233.6,1411.6,183.4,7828.6,8215.5,386.9,4.71,2.75,1.13,7.97,38.0,3371.0,17025.0,0.198,,,1.355
2021-11-27,학습,220.0,285.88,158.58,103.11,24.19,0.5547,0.3607,0.0846,0.648,0.2776,0.0744,142.563,61.073,16.364,1772.59,656.42,161.77,2590.78,11.32,152.955,27.892,14.23,6129.8,1453.5,190.8,7774.1,8509.8,735.7,8.65,,,,,,,,,,
2021-11-28,학습,220.0,0.0,,,,,,,0.6216,0.3012,0.0773,136.744,66.253,17.002,1767.61,670.19,165.84,2603.63,11.28,149.029,28.989,14.8,5972.4,1510.7,198.4,7681.5,8377.9,696.4,8.31,,,,,,,,,,
2021-11-29,학습,224.0,373.85,214.42,130.81,28.62,0.5735,0.3499,0.0766,0.608,0.315,0.0771,136.181,70.553,17.265,1762.46,687.16,169.84,2619.46,11.23,146.382,30.265,15.267,5866.4,1577.2,204.7,7648.2,8506.0,857.8,10.08,2.715,1.03,7.97,38.0,3021.0,16944.0,0.1783,,,1.47
2021-11-30,학습,224.0,273.65,162.52,91.15,19.98,0.5939,0.3331,0.073,0.604,0.3201,0.0759,135.289,71.704,17.007,1756.83,703.92,173.27,2634.02,11.19,144.393,31.441,15.508,5786.6,1638.4,207.9,7633.0,8646.9,1013.9,11.73,2.74,1.115,8.0,38.0,3531.0,17165.0,0.2057,,,1.425
2021-12-01,학습,224.0,366.6,208.26,135.2,23.14,0.5681,0.3688,0.0631,0.5938,0.3339,0.0723,133.01,74.795,16.194,1749.37,722.43,175.61,2647.41,11.16,142.255,32.687,15.428,5701.0,1703.3,206.9,7611.2,8491.3,880.2,10.37,2.625,1.12,8.0,38.0,3436.0,17405.0,0.1974,,,1.442
2021-12-02,학습,224.0,235.28,183.46,38.41,13.41,0.7798,0.1633,0.057,0.6465,0.2855,0.068,144.818,63.959,15.223,1754.32,728.63,176.79,2659.74,11.14,145.659,32.878,15.082,5837.4,1713.3,202.2,7752.9,8375.1,622.2,7.43,2.74,1.065,7.98,38.0,3228.0,17065.0,0.1892,,,1.462
2021-12-03,학습,224.0,238.14,186.99,36.74,14.41,0.7852,0.1543,0.0605,0.6858,0.2483,0.0658,153.625,55.625,14.75,1767.67,726.0,177.41,2671.08,11.12,151.282,32.373,14.705,6062.7,1687.0,197.2,7946.9,8494.7,547.8,6.45,2.75,1.08,8.0,38.05,3419.0,17208.0,0.1987,,,1.434
2021-12-04,학습,228.0,386.07,185.27,178.25,22.55,0.4799,0.4617,0.0584,0.6274,0.3088,0.0637,143.058,70.409,14.532,1769.4,738.36,177.75,2685.51,11.09,150.522,33.128,14.382,6032.3,1726.3,192.8,7951.4,8627.9,676.5,7.84,,,,,,,,,,
2021-12-05,학습,228.0,28.74,28.74,0.0,0.0,1.0,0.0,0.0,0.7331,0.2213,0.0457,167.137,50.45,10.413,1795.06,729.77,173.95,2698.79,11.07,159.685,32.172,12.927,6399.5,1676.5,173.3,8249.3,8632.8,383.5,4.44,,,,,,,,,,
2021-12-06,학습,228.0,335.76,216.15,91.43,28.18,0.6438,0.2723,0.0839,0.7077,0.2357,0.0565,161.366,53.749,12.886,1812.9,725.17,172.93,2711.0,11.05,163.028,31.623,12.676,6533.5,1647.9,170.0,8351.4,8662.2,310.8,3.59,2.73,1.155,7.97,38.0,3347.0,16836.0,0.1988,5037.0,558.8,1.53
2021-12-07,학습,228.0,274.91,183.2,76.89,14.82,0.6664,0.2797,0.0539,0.696,0.2482,0.0558,158.694,56.589,12.717,1826.64,723.78,171.82,2722.24,11.04,164.021,31.385,12.455,6573.2,1635.5,167.0,8375.8,8647.1,271.4,3.14,2.76,1.11,7.98,38.0,3529.0,17180.0,0.2054,,,1.485
2021-12-08,학습,228.0,238.79,217.58,0.0,21.21,0.9112,0.0,0.0888,0.757,0.1778,0.0651,172.599,40.548,14.853,1853.19,706.46,172.94,2732.59,11.04,170.195,29.9,12.945,6820.7,1558.1,173.6,8552.4,8747.2,194.9,2.23,,,,,,,,,,
2021-12-09,학습,228.0,328.64,183.51,131.12,14.01,0.5584,0.399,0.0426,0.7007,0.2405,0.0588,159.762,54.84,13.398,1864.78,704.81,172.51,2742.1,11.04,168.868,29.781,12.843,6767.5,1551.9,172.2,8491.6,9074.8,583.1,6.43,2.835,1.055,7.95,38.0,3614.0,16745.0,0.2158,,,1.642
2021-12-10,학습,228.0,355.39,160.36,180.68,14.35,0.4512,0.5084,0.0404,0.63,0.3165,0.0536,143.637,72.153,12.21,1859.32,720.61,170.92,2750.85,11.04,161.6,31.066,12.416,6476.2,1618.9,166.5,8261.6,9166.0,904.4,9.87,2.76,1.2,7.93,37.9,3466.0,16593.0,0.2089,,,1.627
2021-12-11,학습,228.0,207.08,133.12,52.99,20.97,0.6428,0.2559,0.1013,0.6336,0.2993,0.0671,144.468,68.238,15.293,1855.12,731.23,172.55,2758.91,11.04,157.45,31.843,13.051,6309.9,1659.4,175.0,8144.3,9188.4,1044.1,11.36,,,,,,,,,,
2021-12-12,학습,224.0,0.0,,,,,,,0.6362,0.287,0.0768,142.519,64.285,17.196,1849.32,737.05,175.95,2762.32,11.07,154.111,32.188,14.054,6176.1,1677.3,188.4,8041.9,9150.5,1108.6,12.12,,,,,,,,,,
2021-12-13,학습,224.0,278.55,214.53,39.12,24.9,0.7702,0.1404,0.0894,0.6742,0.2454,0.0803,151.022,54.98,17.998,1852.47,733.1,179.88,2765.46,11.09,155.453,31.736,14.978,6229.9,1653.8,200.8,8084.5,9377.3,1292.9,13.79,2.755,1.03,7.93,38.05,3219.0,16372.0,0.1966,5104.0,535.5,1.627
2021-12-14,학습,220.0,259.02,159.1,89.01,10.91,0.6142,0.3436,0.0421,0.6572,0.2733,0.0695,144.586,60.122,15.292,1848.94,734.61,180.79,2764.34,11.13,153.706,31.763,14.797,6159.9,1655.2,198.4,8013.5,9480.9,1467.4,15.48,2.78,1.11,7.93,38.0,3436.0,16296.0,0.2108,,,1.644
2021-12-15,학습,220.0,392.32,188.7,181.61,22.01,0.481,0.4629,0.0561,0.6073,0.327,0.0657,133.596,71.948,14.456,1834.71,747.82,180.79,2763.32,11.16,148.232,32.733,14.422,5940.5,1705.7,193.4,7839.6,9126.3,1286.7,14.1,2.575,1.075,7.94,38.0,3341.0,16508.0,0.2024,,,1.548
2021-12-16,학습,220.0,320.43,182.37,125.64,12.42,0.5691,0.3921,0.0388,0.5965,0.3455,0.0581,131.219,76.006,12.775,1819.23,764.03,179.11,2762.37,11.19,143.906,33.88,13.662,5767.1,1765.5,183.2,7715.9,8840.1,1124.2,12.72,,,,,,,,,,
2021-12-17,학습,220.0,197.85,184.99,0.0,12.86,0.935,0.0,0.065,0.6924,0.2475,0.06,152.332,54.46,13.208,1826.11,757.4,178.0,2761.51,11.22,149.683,33.132,13.274,5998.7,1726.5,178.0,7903.2,8714.6,811.4,9.31,2.77,1.14,7.87,38.05,3319.0,16251.0,0.2042,,,1.587
2021-12-18,학습,220.0,291.16,98.78,174.74,17.64,0.3393,0.6002,0.0606,0.5923,0.3475,0.0602,130.308,76.45,13.242,1810.41,773.3,177.01,2760.71,11.25,144.437,34.255,13.02,5788.4,1785.1,174.6,7748.0,8723.8,975.7,11.18,,,,,,,,,,
2021-12-19,학습,220.0,247.6,212.78,19.65,15.17,0.8594,0.0794,0.0613,0.668,0.2715,0.0605,146.963,59.728,13.309,1812.62,771.19,176.16,2759.98,11.27,147.863,33.871,12.867,5925.7,1765.1,172.5,7863.3,8720.7,857.4,9.83,,,,,,,,,,
2021-12-20,학습,220.0,277.5,213.96,41.5,22.04,0.771,0.1495,0.0794,0.6972,0.2369,0.0659,153.387,52.123,14.489,1821.08,761.66,176.57,2759.3,11.29,152.545,32.937,13.117,6113.4,1716.4,175.9,8005.6,8283.7,278.1,3.36,2.93,1.095,7.78,38.0,3812.0,16038.0,0.2377,4477.0,333.8,1.48
2021-12-21,학습,216.0,266.99,178.78,77.83,10.38,0.6696,0.2915,0.0389,0.6894,0.2524,0.0582,148.908,54.518,12.574,1824.38,755.28,175.02,2754.68,11.33,153.642,32.335,12.712,6157.3,1685.0,170.5,8012.8,8487.2,474.4,5.59,2.895,1.215,7.78,38.0,3775.0,16351.0,0.2309,,,1.561
2021-12-22,학습,216.0,226.13,107.12,96.24,22.77,0.4737,0.4256,0.1007,0.6283,0.3015,0.0703,135.702,65.123,15.175,1814.21,760.01,176.21,2750.43,11.36,149.036,32.672,13.217,5972.7,1702.6,177.2,7852.5,8665.7,813.2,9.38,2.755,1.03,7.76,37.95,3492.0,16137.0,0.2164,,,1.625
2021-12-23,학습,216.0,260.44,182.77,65.8,11.87,0.7018,0.2526,0.0456,0.6491,0.2876,0.0633,140.204,62.132,13.664,1809.36,761.37,175.78,2746.51,11.39,147.995,32.719,13.108,5931.0,1705.0,175.8,7811.8,8658.9,847.1,9.78,2.895,1.165,7.79,37.95,3549.0,16388.0,0.2166,,,1.625
2021-12-24,학습,216.0,206.01,126.48,65.64,13.89,0.614,0.3186,0.0674,0.6391,0.2964,0.0644,138.052,64.029,13.919,1802.74,764.53,175.64,2742.92,11.41,146.493,32.911,13.11,5870.8,1715.0,175.8,7761.6,8889.8,1128.2,12.69,,,,,,,,,,
2021-12-25,학습,216.0,223.08,97.49,104.44,21.15,0.437,0.4682,0.0948,0.5818,0.3451,0.073,125.677,74.544,15.778,1784.28,777.94,177.38,2739.6,11.43,140.617,33.915,13.669,5635.3,1767.4,183.3,7586.0,8170.1,584.2,7.15,,,,,,,,,,
2021-12-26,학습,216.0,0.0,,,,,,,0.5408,0.38,0.0792,116.81,82.079,17.111,1758.43,797.82,180.31,2736.56,11.45,133.446,35.371,14.45,5347.9,1843.2,193.7,7384.9,7740.2,355.3,4.59,,,,,,,,,,
2021-12-27,학습,204.0,279.45,130.18,131.1,18.17,0.4658,0.4691,0.065,0.5195,0.4053,0.0752,105.987,82.674,15.339,1723.82,816.71,181.23,2721.75,11.52,124.694,36.655,14.451,4997.2,1910.1,193.8,7101.1,7745.6,644.5,8.32,2.685,1.495,7.9,38.0,3049.0,16608.0,0.1836,4416.0,432.9,1.362
2021-12-28,학습,192.0,231.8,107.48,113.18,11.14,0.4637,0.4883,0.0481,0.5037,0.4288,0.0675,96.712,82.328,12.96,1682.7,833.73,179.7,2696.13,11.63,115.586,37.717,13.737,4632.2,1965.5,184.2,6781.9,7206.6,424.7,5.89,2.73,1.31,7.88,38.0,2949.0,16749.0,0.1761,,,1.255
2021-12-29,학습,184.0,324.22,213.65,91.56,19.01,0.659,0.2824,0.0586,0.5477,0.3873,0.065,100.78,71.262,11.958,1648.94,838.33,177.29,2664.56,11.76,111.597,37.735,12.951,4472.3,1966.4,173.6,6612.4,6779.5,167.2,2.47,2.71,1.165,7.88,38.0,2864.0,16943.0,0.169,,,1.198
2021-12-30,학습,192.0,316.7,180.24,126.13,10.33,0.5691,0.3983,0.0326,0.5538,0.3904,0.0558,106.327,74.958,10.716,1623.42,846.26,173.83,2643.52,11.83,111.355,38.045,12.042,4462.6,1982.6,161.5,6606.7,7307.7,701.1,9.59,2.515,0.93,7.86,38.0,2715.0,16728.0,0.1623,,,1.322
2021-12-31,학습,192.0,140.88,128.79,0.0,12.09,0.9142,0.0,0.0858,0.6559,0.2797,0.0643,125.942,53.71,12.349,1619.56,832.31,172.28,2624.15,11.89,119.052,36.609,11.912,4771.1,1907.7,159.7,6838.5,7651.2,812.6,10.62,,,,,,,,,,
2022-01-01,사고학습,180.0,131.55,50.87,62.3,18.38,0.3867,0.4736,0.1397,0.5796,0.3347,0.0857,104.332,60.244,15.424,1594.4,826.0,173.93,2594.34,12.0,115.155,35.912,12.746,4614.9,1871.4,170.9,6657.2,7420.9,763.7,10.29,,,,,,,,,,
2022-01-02,사고학습,192.0,0.0,,,,,,,0.5249,0.3741,0.101,100.787,71.819,19.393,1567.71,831.78,179.42,2578.91,12.03,111.334,36.245,14.506,4461.8,1888.8,194.5,6545.1,8333.6,1788.6,21.46,,,,,,,,,,
2022-01-03,사고학습,192.0,270.99,136.75,113.41,20.83,0.5046,0.4185,0.0769,0.5192,0.3867,0.0942,99.682,74.238,18.079,1542.04,839.51,183.15,2564.71,12.05,108.535,36.723,15.311,4349.6,1913.7,205.3,6468.6,7135.3,666.8,9.34,2.71,1.24,7.91,38.0,2644.0,17301.0,0.1528,4496.0,469.0,1.2
2022-01-04,사고학습,192.0,314.16,176.61,124.38,13.17,0.5622,0.3959,0.0419,0.5314,0.3893,0.0794,102.022,74.742,15.236,1520.77,847.13,183.74,2551.64,12.07,107.745,37.168,15.006,4318.0,1936.9,201.2,6456.0,7174.4,718.3,10.01,2.785,1.07,7.9,38.0,2549.0,17135.0,0.1488,,,1.356
2022-01-05,사고학습,192.0,340.07,227.37,92.84,19.86,0.6686,0.273,0.0584,0.5703,0.3563,0.0734,109.491,68.413,14.096,1508.67,847.81,183.15,2539.63,12.08,110.245,37.04,14.457,4418.2,1930.2,193.8,6542.2,7170.0,627.8,8.76,2.705,1.225,7.88,38.0,2719.0,17039.0,0.1596,,,1.318
2022-01-06,사고학습,185.0,300.93,180.76,109.81,10.36,0.6007,0.3649,0.0344,0.5789,0.3588,0.0624,107.094,66.369,11.537,1495.13,846.39,180.04,2521.57,12.12,110.828,36.768,13.315,4441.5,1916.0,178.5,6536.1,6652.2,116.1,1.75,2.665,1.075,7.85,38.0,2584.0,16899.0,0.1529,,,1.105
2022-01-07,사고학습,176.0,283.63,182.66,90.27,10.7,0.644,0.3183,0.0377,0.5973,0.3473,0.0554,105.133,61.121,9.747,1480.72,839.84,175.39,2495.96,12.2,110.404,36.117,11.999,4424.5,1882.1,160.9,6467.5,5711.9,-755.6,-13.23,2.695,1.15,7.86,38.0,2638.0,17239.0,0.153,,,0.979
2022-01-08,사고학습,168.0,176.54,101.23,57.54,17.77,0.5734,0.3259,0.1007,0.5906,0.3412,0.0682,99.214,57.326,11.46,1461.55,830.02,172.83,2464.39,12.3,107.774,35.261,11.616,4319.1,1837.5,155.8,6312.4,5080.8,-1231.5,-24.24,,,,,,,,,,
2022-01-09,사고학습,164.0,0.0,,,,,,,0.5857,0.3369,0.0774,96.055,55.25,12.695,1440.74,818.9,171.71,2431.35,12.4,104.889,34.367,11.726,4203.5,1790.9,157.2,6151.6,5193.3,-958.3,-18.45,,,,,,,,,,
2022-01-10,사고학습,160.0,268.01,206.97,39.15,21.89,0.7722,0.1461,0.0817,0.6386,0.2828,0.0786,102.173,45.248,12.579,1427.72,798.67,170.56,2396.95,12.51,105.557,32.808,11.766,4230.3,1709.7,157.8,6097.7,5261.6,-836.1,-15.89,2.615,1.085,7.86,38.0,2499.0,17516.0,0.1427,,,0.908
2022-01-11,사고학습,160.0,280.57,179.4,91.17,10.0,0.6394,0.3249,0.0356,0.6388,0.2947,0.0664,102.211,47.16,10.63,1415.78,781.98,167.55,2365.3,12.59,105.984,31.637,11.209,4247.4,1648.6,150.3,6046.3,5325.9,-720.4,-13.53,2.705,1.11,7.9,38.0,2574.0,17849.0,0.1442,,,0.91
2022-01-12,사고학습,156.0,427.88,212.5,195.23,20.15,0.4966,0.4563,0.0471,0.5985,0.3405,0.061,93.368,53.123,9.509,1395.94,772.58,163.66,2332.18,12.68,102.71,31.119,10.492,4116.2,1621.7,140.7,5878.5,5691.1,-187.4,-3.29,2.665,1.08,7.92,38.0,2429.0,17635.0,0.1377,,,0.915
2022-01-13,사고학습,152.0,269.76,184.27,75.73,9.76,0.6831,0.2807,0.0362,0.6225,0.3236,0.0539,94.618,49.185,8.197,1378.95,759.99,158.77,2297.71,12.78,101.191,30.365,9.611,4055.3,1582.3,128.9,5766.5,5543.2,-223.3,-4.03,2.81,1.15,7.96,38.0,2631.0,17771.0,0.148,,,0.922
2022-01-14,사고학습,152.0,265.14,184.78,69.42,10.94,0.6969,0.2618,0.0413,0.6436,0.3061,0.0503,97.825,46.524,7.652,1366.52,745.75,153.73,2265.99,12.85,101.537,29.511,8.846,4069.2,1537.8,118.6,5725.6,6087.5,361.9,5.94,2.775,1.12,7.95,38.0,2497.0,17819.0,0.1401,,,0.946
2022-01-15,사고학습,152.0,215.67,154.36,41.63,19.68,0.7157,0.193,0.0913,0.664,0.274,0.0619,100.933,41.653,9.414,1358.19,727.77,150.85,2236.82,12.91,102.993,28.396,8.854,4127.5,1479.8,118.7,5726.0,6167.8,441.8,7.16,,,,,,,,,,
2022-01-16,사고학습,152.0,0.0,,,,,,,0.6787,0.2511,0.0702,103.16,38.162,10.677,1352.76,707.75,149.47,2209.97,12.96,104.783,27.17,9.238,4199.2,1415.9,123.9,5739.0,5869.5,130.5,2.22,,,,,,,,,,
2022-01-17,사고학습,152.0,359.58,180.48,157.93,21.17,0.5019,0.4392,0.0589,0.6286,0.3044,0.067,95.544,46.269,10.187,1340.14,697.43,147.7,2185.27,12.99,102.84,26.777,9.352,4121.4,1395.4,125.4,5642.2,5931.6,289.4,4.88,2.73,1.1,7.9,38.05,2419.0,17765.0,0.1362,,,0.944
2022-01-18,사고학습,152.0,415.06,235.87,170.6,8.59,0.5683,0.411,0.0207,0.6115,0.3346,0.0539,92.946,50.863,8.191,1325.93,692.53,144.09,2162.55,13.0,100.602,26.811,8.832,4031.7,1397.2,118.4,5547.3,6317.1,769.8,12.19,2.66,1.09,7.92,38.05,2573.0,17848.0,0.1442,,,1.079
2022-01-19,사고학습,152.0,203.33,184.97,0.0,18.36,0.9097,0.0,0.0903,0.696,0.2398,0.0642,105.795,36.445,9.76,1325.71,673.6,142.33,2141.64,13.01,104.362,25.686,8.948,4182.4,1338.6,120.0,5640.9,5999.8,358.9,5.98,2.61,1.015,7.9,38.0,2719.0,17388.0,0.1564,,,1.009
2022-01-20,사고학습,152.0,235.33,158.22,65.41,11.7,0.6723,0.278,0.0497,0.6893,0.2506,0.0601,104.775,38.09,9.136,1324.49,657.83,140.08,2122.4,13.01,106.272,24.863,8.839,4258.9,1295.6,118.5,5673.1,5897.8,224.8,3.81,2.62,1.14,7.89,38.0,2661.0,17619.0,0.151,,,1.015
2022-01-21,사고학습,148.0,377.86,185.03,180.17,12.66,0.4897,0.4768,0.0335,0.6327,0.3147,0.0526,93.642,46.579,7.779,1312.23,651.81,136.66,2100.7,13.02,102.998,24.843,8.359,4127.7,1294.6,112.1,5534.3,5279.2,-255.2,-4.83,2.675,1.125,7.9,38.0,2569.0,17810.0,0.1442,,,1.008
2022-01-22,사고학습,148.0,243.88,171.67,53.53,18.68,0.7039,0.2195,0.0766,0.6529,0.2877,0.0594,96.629,42.583,8.787,1303.94,642.28,134.52,2080.74,13.02,102.173,24.506,8.333,4094.6,1277.0,111.7,5483.4,4702.4,-781.0,-16.61,,,,,,,,,,
2022-01-23,사고학습,148.0,0.0,,,,,,,0.6674,0.2684,0.0643,98.769,39.721,9.51,1298.45,630.65,133.28,2062.37,13.02,102.52,23.991,8.533,4108.6,1250.2,114.4,5473.1,4253.5,-1219.6,-28.67,,,,,,,,,,
2022-01-24,사고학습,148.0,223.77,161.32,39.12,23.33,0.7209,0.1748,0.1043,0.6825,0.2419,0.0756,101.016,35.796,11.188,1295.65,616.02,133.81,2045.48,13.0,103.633,23.239,9.172,4153.2,1211.0,123.0,5487.2,4105.6,-1381.6,-33.65,2.495,1.1,7.92,38.0,2446.0,17949.0,0.1363,,,0.723
2022-01-25,사고학습,156.0,358.95,257.93,90.91,10.11,0.7186,0.2533,0.0282,0.6928,0.2451,0.0622,108.07,38.235,9.696,1300.13,605.0,132.8,2037.93,12.93,107.141,22.796,9.16,4293.7,1187.9,122.8,5604.5,4140.7,-1463.7,-35.35,2.545,1.13,7.9,38.0,2539.0,18162.0,0.1398,,,0.741
2022-01-26,사고학습,160.0,342.33,185.34,138.14,18.85,0.5414,0.4035,0.0551,0.6499,0.29,0.0601,103.976,46.401,9.623,1300.15,603.03,131.81,2034.99,12.83,107.667,23.073,9.13,4314.8,1202.3,122.4,5639.6,4527.4,-1112.2,-24.56,2.555,1.06,7.93,38.0,2419.0,18319.0,0.132,,,0.812
2022-01-27,사고학습,160.0,355.28,211.6,129.45,14.23,0.5956,0.3644,0.0401,0.6345,0.3111,0.0544,101.515,49.773,8.712,1297.71,604.59,129.98,2032.28,12.75,107.007,23.578,8.837,4288.4,1228.7,118.5,5635.5,4688.7,-946.8,-20.19,,,,,,,,,,
2022-01-28,사고학습,160.0,276.83,185.03,78.0,13.8,0.6684,0.2818,0.0499,0.6441,0.3028,0.0531,103.054,48.443,8.503,1297.0,604.69,128.09,2029.78,12.66,107.215,23.9,8.574,4296.7,1245.5,115.0,5657.1,4799.4,-857.7,-17.87,,,,,,,,,,
2022-01-29,사고학습,160.0,257.72,153.56,83.43,20.73,0.5958,0.3237,0.0804,0.6304,0.3087,0.0609,100.865,49.394,9.741,1294.17,605.73,127.59,2027.49,12.58,106.468,24.25,8.766,4266.8,1263.7,117.5,5648.0,4552.1,-1095.9,-24.08,,,,,,,,,,
2022-01-30,사고학습,160.0,0.0,,,,,,,0.6206,0.313,0.0664,99.298,50.075,10.628,1289.99,607.38,128.02,2025.38,12.51,105.381,24.602,9.163,4223.2,1282.0,122.9,5628.1,,,,,,,,,,,,,
2022-01-31,사고학습,164.0,174.09,129.79,0.0,44.3,0.7455,0.0,0.2545,0.656,0.2243,0.1197,107.588,36.777,19.635,1294.43,595.59,137.42,2027.44,12.42,108.026,23.837,12.136,4329.2,1242.2,162.7,5734.1,,,,,,,,,,,,,
2022-02-01,사고학습,164.0,0.0,,,,,,,0.6814,0.1607,0.1579,111.749,26.352,25.899,1302.69,574.32,152.33,2029.34,12.33,111.322,22.353,16.042,4461.3,1164.8,215.1,5841.2,,,,,,,,,,,,,
2022-02-02,사고학습,164.0,80.67,80.67,0.0,0.0,1.0,0.0,0.0,0.7717,0.1151,0.1132,126.56,18.882,18.558,1325.09,547.28,158.71,2031.08,12.26,119.279,20.495,16.501,4780.2,1068.0,221.2,6069.5,,,,,,,,,,,,,
2022-02-03,사고학습,164.0,297.94,212.25,65.18,20.51,0.7124,0.2188,0.0688,0.7549,0.1445,0.1006,123.803,23.7,16.497,1342.94,527.22,162.51,2032.68,12.19,123.083,19.303,16.196,4932.6,1005.9,217.2,6155.7,4774.8,-1380.9,-28.92,2.705,1.065,7.9,38.0,2573.0,17969.0,0.1432,,,0.914
2022-02-04,사고학습,168.0,381.69,185.27,181.61,14.81,0.4854,0.4758,0.0388,0.6785,0.2384,0.0831,113.988,40.055,13.957,1349.56,525.13,163.48,2038.16,12.1,121.504,19.598,15.226,4869.3,1021.3,204.2,6094.8,4921.0,-1173.8,-23.85,2.83,1.165,7.9,38.0,2639.0,17825.0,0.148,,,0.947
2022-02-05,사고학습,172.0,128.32,51.4,57.25,19.67,0.4006,0.4462,0.1533,0.5997,0.2973,0.103,103.151,51.137,17.713,1344.8,534.28,168.12,2047.2,12.0,116.195,20.736,15.692,4656.6,1080.6,210.4,5947.5,5225.0,-722.6,-13.83,,,,,,,,,,
2022-02-06,사고학습,176.0,0.0,,,,,,,0.5433,0.3395,0.1172,95.614,59.752,20.634,1332.89,551.31,175.31,2059.51,11.89,109.905,22.391,16.886,4404.5,1166.8,226.4,5797.8,5406.5,-391.3,-7.24,,,,,,,,,,
2022-02-07,사고학습,180.0,222.54,162.6,39.01,20.93,0.7307,0.1753,0.0941,0.5964,0.293,0.1107,107.348,52.731,19.92,1333.67,559.96,181.21,2074.84,11.77,110.721,23.236,17.485,4437.2,1210.8,234.4,5882.5,5639.8,-242.6,-4.3,2.57,0.91,7.9,38.0,2499.0,18136.0,0.1378,3947.0,395.0,1.08
2022-02-08,사고학습,180.0,257.99,157.43,89.64,10.92,0.6102,0.3475,0.0423,0.6003,0.3084,0.0913,108.055,55.512,16.433,1335.09,570.7,183.16,2088.95,11.67,111.506,24.175,16.847,4468.7,1259.8,225.9,5954.4,5717.9,-236.5,-4.14,2.515,1.015,7.9,38.0,2648.0,17953.0,0.1475,,,1.035
2022-02-09,사고학습,180.0,306.88,80.28,205.33,21.27,0.2616,0.6691,0.0693,0.5043,0.4106,0.0851,90.772,73.916,15.311,1319.11,598.99,183.83,2101.92,11.59,105.077,26.445,16.076,4211.0,1378.1,215.6,5804.7,5981.3,176.6,2.95,2.56,1.11,7.88,38.0,2589.0,18040.0,0.1435,,,1.06
2022-02-10,사고학습,180.0,194.79,106.05,77.13,11.61,0.5444,0.396,0.0596,0.5157,0.4065,0.0778,92.821,73.167,14.012,1306.46,624.26,183.14,2113.86,11.51,101.932,28.314,15.161,4085.0,1475.5,203.3,5763.7,5742.8,-21.0,-0.37,2.665,1.09,7.9,38.0,2460.0,18209.0,0.1351,,,1.08
2022-02-11,사고학습,180.0,142.09,129.85,0.0,12.24,0.9139,0.0,0.0861,0.6285,0.2913,0.0802,113.138,52.427,14.436,1315.14,626.77,182.93,2124.85,11.45,108.119,28.241,14.664,4332.9,1471.7,196.6,6001.2,5615.1,-386.1,-6.88,2.65,1.085,7.92,38.0,2644.0,18099.0,0.1461,,,1.062
2022-02-12,사고학습,180.0,162.3,52.57,88.2,21.53,0.3239,0.5434,0.1327,0.5422,0.3627,0.0951,97.594,65.294,17.112,1307.58,641.95,185.42,2134.96,11.4,105.717,29.209,15.129,4236.7,1522.1,202.8,5961.6,5719.2,-242.4,-4.24,,,,,,,,,,
2022-02-13,사고학습,180.0,0.0,,,,,,,0.4803,0.414,0.1057,86.456,74.514,19.03,1289.49,665.14,189.62,2144.25,11.36,99.781,30.769,16.02,3998.8,1603.4,214.8,5817.0,5468.9,-348.0,-6.36,,,,,,,,,,
2022-02-14,사고학습,180.0,264.75,109.19,133.68,21.88,0.4124,0.5049,0.0826,0.4611,0.4398,0.0992,82.992,79.155,17.853,1269.38,691.11,192.31,2152.81,11.33,94.734,32.464,16.275,3796.5,1691.8,218.2,5706.5,5393.2,-313.3,-5.81,2.57,0.915,7.9,38.0,2519.0,17869.0,0.141,4279.0,419.5,1.044
2022-02-15,사고학습,180.0,253.11,158.59,83.51,11.01,0.6266,0.3299,0.0435,0.508,0.4086,0.0834,91.437,73.552,15.011,1259.32,709.41,191.95,2160.68,11.3,95.0,33.456,15.596,3807.2,1743.4,209.1,5759.7,5126.8,-633.0,-12.35,2.455,1.005,7.92,38.0,2439.0,18163.0,0.1343,,,0.981
2022-02-16,사고학습,177.0,111.23,52.86,38.74,19.63,0.4752,0.3483,0.1765,0.4987,0.3915,0.1098,88.27,69.299,19.432,1246.9,721.98,196.03,2164.92,11.3,93.896,33.959,16.46,3763.0,1769.6,220.7,5753.3,5297.9,-455.4,-8.6,2.455,1.075,7.94,38.0,2576.0,18230.0,0.1413,,,0.985
2022-02-17,사고학습,180.0,179.64,105.67,65.26,8.71,0.5882,0.3633,0.0485,0.5241,0.3835,0.0924,94.334,69.033,16.633,1241.54,733.29,196.99,2171.82,11.28,95.642,34.364,16.209,3832.9,1790.7,217.3,5841.0,5360.6,-480.4,-8.96,2.46,0.935,7.98,38.0,2389.0,18170.0,0.1315,,,1.006
2022-02-18,사고학습,180.0,226.34,79.64,134.6,12.1,0.3519,0.5947,0.0535,0.4753,0.4434,0.0814,85.547,79.807,14.646,1227.82,754.47,195.89,2178.17,11.26,93.203,35.57,15.441,3735.2,1853.6,207.0,5795.8,5183.7,-612.2,-11.81,2.645,1.155,7.98,38.0,2439.0,17903.0,0.1362,,,1.006
2022-02-19,사고학습,180.0,199.76,77.39,104.31,18.06,0.3874,0.5222,0.0904,0.4504,0.4657,0.0839,81.065,83.828,15.107,1210.71,777.97,195.33,2184.02,11.25,89.907,36.916,15.057,3603.1,1923.7,201.9,5728.7,5116.6,-612.1,-11.96,,,,,,,,,,
2022-02-20,사고학습,180.0,0.0,,,,,,,0.4325,0.4817,0.0858,77.853,86.709,15.438,1191.76,802.48,195.15,2189.39,11.24,86.589,38.29,14.894,3470.1,1995.3,199.7,5665.1,4776.4,-888.7,-18.61,,,,,,,,,,
2022-02-21,사고학습,180.0,188.87,82.33,84.99,21.55,0.4359,0.45,0.1141,0.4335,0.4727,0.0938,78.026,85.09,16.884,1174.5,823.41,196.43,2194.34,11.24,84.612,39.327,15.217,3390.9,2049.4,204.0,5644.3,5064.2,-580.1,-11.45,2.595,0.975,8.04,38.0,2319.0,18136.0,0.1279,,,0.972
2022-02-22,사고학습,180.0,283.18,158.06,114.93,10.19,0.5582,0.4059,0.036,0.4688,0.4538,0.0774,84.388,81.678,13.934,1164.98,839.25,194.66,2198.89,11.24,85.937,39.935,14.552,3444.0,2081.1,195.1,5720.2,5244.3,-475.8,-9.07,2.43,0.965,8.02,38.0,2384.0,18659.0,0.1278,,,0.983
2022-02-23,사고학습,180.0,152.33,0.0,135.64,16.69,0.0,0.8904,0.1096,0.3359,0.5776,0.0865,60.466,103.959,15.574,1132.3,876.1,194.67,2203.08,11.24,77.186,42.234,14.59,3093.3,2200.9,195.6,5489.8,5325.4,-164.4,-3.09,2.525,1.115,8.0,38.0,2475.0,18349.0,0.1349,,,1.033
2022-02-24,사고학습,180.0,289.98,130.54,147.3,12.14,0.4502,0.508,0.0419,0.3683,0.5578,0.0739,66.296,100.409,13.296,1108.06,906.46,192.4,2206.93,11.24,74.121,43.902,13.933,2970.4,2287.8,186.8,5445.1,5091.5,-353.6,-6.94,2.48,1.16,8.01,38.0,2374.0,18179.0,0.1306,,,1.015
2022-02-25,사고학습,180.0,93.72,80.76,0.0,12.96,0.8617,0.0,0.1383,0.5082,0.3997,0.0921,91.471,71.946,16.583,1110.94,905.93,193.6,2210.47,11.24,82.301,43.042,14.472,3298.3,2243.0,194.0,5735.3,5224.6,-510.7,-9.77,2.545,1.03,8.02,38.0,2460.0,18420.0,0.1336,,,0.961
2022-02-26,사고학습,180.0,231.83,103.83,109.12,18.88,0.4479,0.4707,0.0814,0.4911,0.4198,0.0891,88.394,75.568,16.037,1110.51,909.07,194.16,2213.73,11.25,86.115,42.602,14.675,3451.1,2220.0,196.8,5867.9,5261.5,-606.4,-11.52,,,,,,,,,,
2022-02-27,사고학습,180.0,0.0,,,,,,,0.4788,0.4342,0.0869,86.19,78.164,15.647,1107.91,914.55,194.28,2216.73,11.25,87.585,42.435,14.696,3510.0,2211.3,197.0,5918.4,5317.2,-601.2,-11.31,,,,,,,,,,
2022-02-28,사고학습,180.0,227.5,136.45,70.47,20.58,0.5998,0.3098,0.0905,0.5131,0.399,0.0879,92.361,71.812,15.827,1111.68,913.23,194.57,2219.49,11.26,90.96,41.785,14.765,3645.3,2177.5,198.0,6020.7,5352.7,-668.1,-12.48,2.56,1.01,8.0,38.0,2465.0,18119.0,0.136,,,0.954
2022-03-01,사고학습,180.0,288.28,130.22,146.35,11.71,0.4517,0.5077,0.0406,0.4957,0.4298,0.0745,89.228,77.359,13.413,1112.03,917.57,192.43,2222.03,11.27,91.789,41.677,14.087,3678.5,2171.9,188.9,6039.2,5486.9,-552.3,-10.07,2.49,0.925,8.02,38.0,2399.0,18310.0,0.131,,,1.015
2022-03-02,사고학습,180.0,136.63,53.83,66.68,16.12,0.394,0.488,0.118,0.4669,0.4463,0.0868,84.037,80.332,15.631,1107.15,924.54,192.68,2224.37,11.27,90.223,41.823,14.291,3615.8,2179.5,191.6,5986.8,5443.1,-543.7,-9.99,2.53,1.0,8.02,38.0,2448.0,18189.0,0.1346,,,1.017
2022-03-03,사고학습,180.0,180.6,79.15,88.56,12.89,0.4383,0.4904,0.0714,0.4588,0.4588,0.0825,82.577,82.581,14.842,1101.2,933.2,192.11,2226.52,11.28,88.674,42.127,14.193,3553.7,2195.3,190.3,5939.3,5578.7,-360.6,-6.46,2.55,1.02,8.03,38.0,2390.0,18419.0,0.1298,,,1.026
2022-03-04,사고학습,180.0,209.25,106.89,89.18,13.18,0.5108,0.4262,0.063,0.4735,0.4495,0.0769,85.234,80.918,13.849,1098.39,939.5,190.6,2228.49,11.29,88.781,42.253,13.828,3557.9,2201.8,185.4,5945.2,5530.8,-414.4,-7.49,2.63,1.06,8.01,38.0,2439.0,18439.0,0.1323,,,1.06
2022-03-05,사고학습,180.0,155.3,79.18,57.08,19.04,0.5099,0.3675,0.1226,0.4838,0.4263,0.0899,87.088,76.734,16.179,1097.66,941.12,191.54,2230.31,11.3,89.588,42.024,14.279,3590.3,2189.9,191.5,5971.7,5270.8,-700.9,-13.3,,,,,,,,,,
2022-03-06,사고학습,180.0,0.0,,,,,,,0.4912,0.4096,0.0992,88.416,73.736,17.848,1098.31,939.61,194.07,2231.99,11.31,90.618,41.59,15.087,3631.6,2167.3,202.3,6001.2,5499.7,-501.4,-9.12,,,,,,,,,,
2022-03-07,사고학습,180.0,163.1,104.92,38.25,19.93,0.6433,0.2345,0.1222,0.5343,0.36,0.1057,96.176,64.8,19.024,1106.67,929.28,197.58,2233.53,11.31,94.356,40.507,15.99,3781.4,2110.9,214.4,6106.7,5825.4,-281.3,-4.83,,,,,,,,,,
2022-03-08,사고학습,180.0,227.41,126.91,91.43,9.07,0.5581,0.402,0.0399,0.541,0.3719,0.087,97.388,66.946,15.666,1115.57,921.92,197.45,2234.94,11.32,97.147,39.759,15.598,3893.2,2071.9,209.1,6174.2,5653.4,-520.9,-9.21,2.51,1.125,7.94,38.05,2269.0,17939.0,0.1265,,,1.08
2022-03-09,사고학습,174.0,250.1,54.06,178.92,17.12,0.2162,0.7154,0.0685,0.4489,0.4693,0.0818,78.117,81.656,14.227,1104.49,929.87,195.89,2230.25,11.36,91.16,40.3,14.9,3653.3,2100.1,199.8,5953.1,5589.6,-363.5,-6.5,2.455,1.025,8.0,38.05,2450.0,17839.0,0.1373,,,1.059
2022-03-10,사고학습,168.0,145.24,53.84,77.06,14.34,0.3707,0.5306,0.0987,0.4268,0.4867,0.0866,71.697,81.758,14.545,1087.88,937.28,194.77,2219.93,11.43,84.899,40.768,14.519,3402.4,2124.4,194.7,5721.5,5364.6,-356.9,-6.65,2.54,1.115,8.0,38.05,2488.0,17860.0,0.1393,,,1.021
2022-03-11,사고학습,162.0,146.9,133.72,0.0,13.18,0.9103,0.0,0.0897,0.5638,0.3487,0.0875,91.34,56.49,14.17,1092.24,918.83,193.37,2204.43,11.51,88.895,39.143,14.147,3562.5,2039.8,189.7,5792.0,5031.0,-761.0,-15.13,2.535,1.1,8.02,38.05,2386.0,17919.0,0.1332,,,0.994
2022-03-12,사고학습,156.0,235.5,81.12,136.87,17.51,0.3445,0.5812,0.0744,0.5016,0.4146,0.0837,78.256,64.679,13.065,1083.16,910.04,190.97,2184.18,11.62,86.126,38.419,13.562,3451.6,2002.1,181.8,5635.5,4854.9,-780.6,-16.08,,,,,,,,,,
2022-03-13,사고학습,150.0,0.0,,,,,,,0.4571,0.4618,0.0811,68.563,69.274,12.163,1065.12,906.55,187.86,2159.54,11.74,80.541,38.172,12.892,3227.8,1989.2,172.9,5389.8,4646.3,-743.4,-16.0,,,,,,,,,,
2022-03-14,사고학습,144.0,283.52,107.78,155.81,19.93,0.3801,0.5496,0.0703,0.4353,0.4867,0.078,62.68,70.084,11.236,1042.64,904.15,184.08,2130.87,11.88,74.744,38.026,12.158,2995.4,1981.6,163.0,5140.0,4395.1,-745.0,-16.95,2.425,1.16,8.02,38.05,2345.0,18160.0,0.1291,,,0.857
2022-03-15,사고학습,144.0,247.61,160.13,76.93,10.55,0.6467,0.3107,0.0426,0.4952,0.4368,0.068,71.31,62.9,9.79,1030.58,894.76,179.15,2104.5,12.0,74.62,37.328,11.224,2990.5,1945.2,150.5,5086.2,4303.8,-782.4,-18.18,2.39,1.065,8.03,38.05,2468.0,17839.0,0.1383,,,0.796
2022-03-16,사고학습,144.0,121.37,104.89,0.0,16.48,0.8642,0.0,0.1358,0.5998,0.313,0.0872,86.373,45.07,12.557,1034.56,868.29,177.39,2080.23,12.1,80.569,35.309,11.417,3228.9,1840.0,153.1,5221.9,4678.2,-543.7,-11.62,2.56,1.175,8.04,38.05,2362.0,18269.0,0.1293,,,0.9
2022-03-17,사고학습,144.0,183.5,81.79,88.3,13.41,0.4457,0.4812,0.0731,0.5561,0.3607,0.0832,80.083,51.936,11.981,1031.92,850.8,175.18,2057.9,12.18,81.722,34.143,11.376,3275.1,1779.2,152.5,5206.8,4510.1,-696.7,-15.45,2.72,1.215,8.0,38.05,2514.0,18030.0,0.1394,,,0.873
2022-03-18,사고학습,144.0,302.25,109.61,179.01,13.63,0.3626,0.5923,0.0451,0.5013,0.4263,0.0724,72.185,61.39,10.425,1021.6,844.16,171.6,2037.36,12.25,79.274,33.909,10.881,3177.0,1767.0,145.9,5089.9,4242.6,-847.3,-19.97,2.635,1.165,8.0,38.05,2357.0,18279.0,0.1289,,,0.839
2022-03-19,사고학습,144.0,179.48,104.3,58.06,17.12,0.5811,0.3235,0.0954,0.5239,0.3972,0.0789,75.444,57.192,11.364,1015.36,833.86,169.24,2018.46,12.31,79.068,33.374,10.826,3168.7,1739.2,145.2,5053.0,4387.8,-665.2,-15.16,,,,,,,,,,
2022-03-20,사고학습,144.0,0.0,,,,,,,0.5401,0.3763,0.0836,77.779,54.185,12.036,1011.95,821.37,167.75,2001.08,12.35,79.875,32.68,10.99,3201.0,1703.0,147.3,5051.4,4423.3,-628.1,-14.2,,,,,,,,,,
2022-03-21,사고학습,144.0,283.25,131.26,130.62,21.37,0.4634,0.4611,0.0754,0.5184,0.4003,0.0813,74.647,57.649,11.704,1005.69,813.35,166.04,1985.08,12.38,79.12,32.367,11.001,3170.8,1686.7,147.5,5005.0,4556.0,-448.9,-9.85,2.48,0.97,8.05,38.05,2289.0,17969.0,0.1274,,,0.823
2022-03-22,사고학습,144.0,0.0,,,,,,,0.5028,0.4176,0.0796,72.403,60.131,11.466,997.68,808.45,164.23,1970.36,12.4,77.756,32.3,10.938,3116.1,1683.2,146.7,4946.0,4676.2,-269.8,-5.77,,,,,,,,,,
2022-03-23,사고학습,144.0,187.91,81.06,89.32,17.53,0.4314,0.4753,0.0933,0.4826,0.4339,0.0835,69.488,62.489,12.024,987.4,806.3,163.12,1956.82,12.42,75.749,32.432,11.062,3035.7,1690.1,148.3,4874.1,4867.0,-7.1,-0.14,2.475,1.16,8.11,38.05,2406.0,16978.0,0.1417,,,0.887
2022-03-24,사고학습,144.0,170.8,81.31,75.46,14.03,0.4761,0.4418,0.0821,0.4807,0.4362,0.0831,69.222,62.809,11.968,977.67,804.64,162.05,1944.36,12.42,74.405,32.569,11.131,2981.8,1697.2,149.2,4828.3,4504.2,-324.1,-7.2,2.6,1.18,8.13,38.07,3029.0,17569.0,0.1724,,,0.893
2022-03-25,사고학습,144.0,169.85,133.06,23.38,13.41,0.7834,0.1377,0.079,0.5665,0.3516,0.0819,81.578,50.624,11.798,981.08,790.93,160.89,1932.9,12.42,78.519,31.711,11.126,3146.7,1652.5,149.2,4948.4,4610.9,-337.5,-7.32,2.675,1.1,8.1,38.05,3017.0,17328.0,0.1741,,,0.925
2022-03-26,사고학습,144.0,220.67,108.27,91.7,20.7,0.4906,0.4156,0.0938,0.545,0.3697,0.0853,78.481,53.236,12.283,981.12,780.92,160.31,1922.35,12.42,79.817,31.192,11.268,3198.7,1625.4,151.1,4975.2,4719.7,-255.6,-5.41,,,,,,,,,,
2022-03-27,사고학습,144.0,0.0,,,,,,,0.5296,0.3827,0.0877,76.262,55.108,12.63,978.94,773.59,160.12,1912.65,12.41,79.73,30.9,11.469,3195.2,1610.2,153.8,4959.2,4491.6,-467.7,-10.41,,,,,,,,,,
2022-03-28,사고학습,144.0,308.13,105.41,181.13,21.59,0.3421,0.5878,0.0701,0.4764,0.4408,0.0827,68.608,63.482,11.91,969.27,775.22,159.23,1903.72,12.39,76.614,31.322,11.39,3070.4,1632.2,152.7,4855.3,4375.0,-480.3,-10.98,2.425,0.92,8.04,38.05,2848.0,17619.0,0.1616,,,0.749
2022-03-29,사고학습,144.0,223.47,157.06,56.66,9.75,0.7028,0.2535,0.0436,0.5406,0.3878,0.0716,77.849,55.836,10.315,969.62,769.07,156.81,1895.51,12.38,78.389,31.069,10.858,3141.5,1619.0,145.6,4906.1,4528.3,-377.9,-8.34,2.64,1.15,8.04,38.0,2769.0,17435.0,0.1588,,,0.752
2022-03-30,사고학습,148.0,195.0,135.03,42.26,17.71,0.6925,0.2167,0.0908,0.5837,0.3393,0.0771,86.382,50.212,11.407,978.48,757.79,155.68,1891.95,12.33,82.897,30.404,10.823,3322.2,1584.4,145.1,5051.7,4815.2,-236.4,-4.91,2.535,1.065,8.04,38.05,2848.0,17379.0,0.1639,,,0.788
2022-03-31,사고학습,159.0,151.76,53.89,83.45,14.42,0.3551,0.5499,0.095,0.5189,0.399,0.0822,82.5,63.436,13.063,982.74,760.64,156.3,1899.68,12.21,84.125,30.897,11.295,3371.4,1610.1,151.5,5132.9,5113.5,-19.4,-0.38,2.57,1.165,8.04,38.05,3049.0,17538.0,0.1739,,,0.847
2022-04-01,사고학습,168.0,281.25,133.97,134.56,12.72,0.4763,0.4784,0.0452,0.5068,0.4215,0.0717,85.145,70.811,12.044,989.31,770.63,155.84,1915.79,12.05,85.94,31.906,11.312,3444.1,1662.7,151.7,5258.4,5402.2,143.8,2.66,2.6,1.14,8.05,38.05,2798.0,17628.0,0.1587,,,0.901
2022-04-02,사고학습,168.0,158.5,81.7,57.32,19.48,0.5155,0.3616,0.1229,0.5093,0.4045,0.0862,85.556,67.961,14.483,995.77,776.98,157.87,1930.61,11.92,87.224,32.535,12.055,3495.5,1695.4,161.6,5352.6,5491.1,138.5,2.52,,,,,,,,,,
2022-04-03,사고학습,168.0,46.31,0.0,46.31,0.0,0.0,1.0,0.0,0.3649,0.5733,0.0618,61.304,96.319,10.377,977.45,811.17,155.62,1944.25,11.8,78.314,35.338,11.33,3138.5,1841.5,151.9,5131.9,5266.8,134.9,2.56,,,,,,,,,,
2022-04-04,사고학습,174.0,219.82,160.03,38.62,21.17,0.728,0.1757,0.0963,0.4678,0.4606,0.0716,81.403,80.146,12.451,980.7,826.46,155.63,1962.8,11.67,80.859,36.424,11.458,3240.5,1898.1,153.6,5292.2,5606.4,314.1,5.6,,,,,,,,,,
2022-04-05,사고학습,180.0,287.38,183.32,91.45,12.61,0.6379,0.3182,0.0439,0.516,0.4202,0.0637,92.887,75.644,11.468,995.18,836.03,154.65,1985.86,11.52,87.023,36.987,11.25,3487.5,1927.4,150.8,5565.8,,,,,,,,,,,,,
2022-04-06,사고학습,180.0,280.86,80.68,181.47,18.71,0.2873,0.6461,0.0666,0.4512,0.4843,0.0645,81.214,87.169,11.617,996.82,856.35,153.91,2007.08,11.4,86.155,38.387,11.153,3452.7,2000.4,149.5,5602.6,6279.9,677.3,10.79,2.625,1.28,8.08,38.0,2865.0,18019.0,0.159,,,1.008
2022-04-07,사고학습,180.0,195.76,105.23,77.0,13.53,0.5375,0.3933,0.0691,0.4757,0.4585,0.0658,85.62,82.53,11.85,1002.74,870.41,153.45,2026.6,11.3,87.382,39.205,11.157,3501.9,2043.0,149.6,5694.5,6438.8,744.3,11.56,2.52,1.11,8.09,38.0,2658.0,17809.0,0.1492,,,1.001
2022-04-08,사고학습,180.0,147.21,133.65,0.0,13.56,0.9079,0.0,0.0921,0.5982,0.3285,0.0733,107.674,59.135,13.191,1030.24,859.95,154.37,2044.56,11.21,96.96,38.028,11.561,3885.7,1981.7,155.0,6022.4,6501.2,478.8,7.36,2.655,1.06,8.07,37.85,2739.0,17939.0,0.1527,,,1.028
2022-04-09,사고학습,180.0,221.03,109.4,91.34,20.29,0.495,0.4132,0.0918,0.5689,0.3525,0.0785,102.407,63.458,14.136,1050.27,854.65,156.17,2061.09,11.15,100.76,37.374,12.121,4038.0,1947.6,162.5,6148.1,6571.9,423.7,6.45,,,,,,,,,,
2022-04-10,사고학습,180.0,0.0,,,,,,,0.548,0.3698,0.0823,98.632,66.555,14.813,1064.93,852.87,158.49,2076.29,11.09,101.594,37.066,12.705,4071.5,1931.6,170.4,6173.4,6446.9,273.5,4.24,,,,,,,,,,
2022-04-11,사고학습,180.0,342.92,187.66,131.93,23.33,0.5472,0.3847,0.068,0.5478,0.374,0.0783,98.596,67.319,14.085,1078.38,852.0,159.9,2090.28,11.05,102.094,36.866,12.885,4091.5,1921.1,172.8,6185.4,6382.6,197.2,3.09,2.655,1.06,8.07,37.85,2739.0,17939.0,0.1527,,,1.028
2022-04-12,사고학습,180.0,276.43,185.08,77.56,13.79,0.6695,0.2806,0.0499,0.5823,0.3475,0.0702,104.81,62.553,12.638,1096.97,846.43,159.76,2103.15,11.02,104.888,36.315,12.574,4203.4,1892.4,168.6,6264.4,6705.1,440.6,6.57,2.595,1.095,8.06,37.85,2818.0,17768.0,0.1586,,,1.06
2022-04-13,사고학습,186.0,148.6,134.54,0.0,14.06,0.9054,0.0,0.0946,0.6739,0.249,0.0771,125.339,46.315,14.346,1134.6,825.07,161.33,2120.99,10.97,114.822,34.548,12.874,4601.6,1800.3,172.6,6574.5,7044.2,469.7,6.67,2.69,1.01,8.07,38.0,2995.0,17839.0,0.1679,,,1.214
2022-04-14,사고학습,192.0,282.66,133.9,130.36,18.4,0.4737,0.4612,0.0651,0.6171,0.3092,0.0737,118.489,59.357,14.154,1162.37,818.46,162.58,2143.41,10.89,118.209,34.09,13.021,4737.3,1776.5,174.6,6688.4,7500.9,812.5,10.83,2.48,1.115,8.01,38.0,3069.0,18040.0,0.1701,,,1.294
2022-04-15,사고학습,192.0,337.26,189.02,135.0,13.24,0.5605,0.4003,0.0393,0.6011,0.335,0.0639,115.405,64.317,12.278,1184.84,817.33,161.86,2164.03,10.84,119.064,34.099,12.558,4771.6,1776.9,168.4,6716.9,7653.2,936.4,12.23,2.54,1.05,7.85,38.1,3115.0,17629.0,0.1767,,,1.351
2022-04-16,사고학습,192.0,215.12,138.76,56.18,20.18,0.645,0.2612,0.0938,0.6135,0.3141,0.0724,117.798,60.299,13.903,1207.9,812.28,162.82,2183.0,10.8,120.549,33.784,12.73,4831.1,1760.5,170.7,6762.3,7613.5,851.2,11.18,,,,,,,,,,
2022-04-17,사고학습,192.0,0.0,,,,,,,0.6225,0.2991,0.0785,119.512,57.42,15.068,1230.83,804.76,164.87,2200.46,10.77,122.15,33.287,13.197,4895.3,1734.6,177.0,6806.8,7590.6,783.8,10.33,,,,,,,,,,
2022-04-18,사고학습,192.0,246.68,185.58,38.77,22.33,0.7523,0.1572,0.0905,0.6593,0.2588,0.0819,126.58,49.697,15.723,1259.0,790.11,167.41,2216.52,10.75,125.965,32.246,13.712,5048.1,1680.4,183.9,6912.4,7740.8,828.4,10.7,2.66,1.28,7.78,38.0,3319.0,17425.0,0.1905,,,1.382
2022-04-19,사고학습,184.0,282.38,182.53,89.29,10.56,0.6464,0.3162,0.0374,0.6556,0.2751,0.0693,120.634,50.618,12.747,1278.97,777.55,166.78,2223.3,10.78,125.939,31.437,13.17,5047.1,1638.2,176.6,6861.9,7516.7,654.8,8.71,2.875,1.215,7.71,38.0,3648.0,17290.0,0.211,,,1.318
2022-04-20,사고학습,168.0,282.25,80.13,183.55,18.57,0.2839,0.6503,0.0658,0.5502,0.3815,0.0683,92.442,64.085,11.473,1269.15,779.47,164.91,2213.53,10.88,114.647,31.826,12.418,4594.5,1658.5,166.5,6419.5,7006.2,586.6,8.37,2.56,1.055,7.8,38.0,3269.0,17529.0,0.1865,,,1.18
2022-04-21,사고학습,168.0,249.04,159.85,77.42,11.77,0.6419,0.3109,0.0473,0.5762,0.3615,0.0623,96.805,60.724,10.471,1264.48,777.87,162.2,2204.55,10.98,109.427,31.888,11.606,4385.4,1661.7,155.6,6202.7,6932.2,729.5,10.52,2.565,1.015,7.78,38.0,3068.0,17695.0,0.1734,,,1.189
2022-04-22,사고학습,168.0,135.61,77.8,41.51,16.3,0.5737,0.3061,0.1202,0.5755,0.3458,0.0787,96.685,58.088,13.227,1260.06,773.76,162.46,2196.28,11.06,106.16,31.73,11.878,4254.5,1653.5,159.3,6067.2,6812.7,745.5,10.94,2.575,1.085,7.79,38.0,3119.0,17583.0,0.1774,,,1.178
2022-04-23,사고학습,172.0,145.38,53.09,71.3,20.99,0.3652,0.4904,0.1444,0.5159,0.3868,0.0973,88.732,66.525,16.743,1248.05,778.42,166.21,2192.68,11.12,100.965,32.27,13.119,4046.2,1681.6,175.9,5903.8,6691.5,787.7,11.77,,,,,,,,,,
2022-04-24,사고학습,176.0,0.0,,,,,,,0.4732,0.4162,0.1107,83.277,73.244,19.479,1231.54,789.43,172.4,2193.36,11.14,95.578,33.267,14.785,3830.4,1733.6,198.2,5762.2,6584.7,822.5,12.49,,,,,,,,,,
2022-04-25,사고학습,180.0,298.41,184.23,91.59,22.59,0.6174,0.3069,0.0757,0.514,0.3852,0.1008,92.528,69.335,18.137,1225.59,795.64,176.75,2197.99,11.15,95.957,33.801,15.519,3845.5,1761.4,208.1,5815.0,6363.5,548.5,8.62,2.545,1.05,7.91,38.0,2879.0,17915.0,0.1607,,,1.076
2022-04-26,사고학습,180.0,296.02,155.62,128.29,12.11,0.5257,0.4334,0.0409,0.5173,0.3989,0.0838,93.123,71.794,15.083,1220.72,803.82,177.7,2202.25,11.16,96.428,34.451,15.102,3864.4,1795.3,202.5,5862.2,6219.9,357.7,5.75,2.59,1.055,7.93,38.0,2749.0,18052.0,0.1523,,,1.028
2022-04-27,사고학습,180.0,168.84,107.25,38.86,22.73,0.6352,0.2302,0.1346,0.5508,0.351,0.0982,99.137,63.186,17.677,1222.26,802.74,181.17,2206.17,11.16,99.124,34.314,15.596,3972.5,1788.2,209.1,5969.7,6203.2,233.5,3.76,2.6,1.085,7.94,38.0,2669.0,17869.0,0.1494,,,1.017
2022-04-28,사고학습,180.0,230.96,132.02,89.02,9.92,0.5716,0.3854,0.043,0.5567,0.3608,0.0825,100.201,64.941,14.857,1224.73,803.49,181.54,2209.77,11.17,101.213,34.339,15.088,4056.2,1789.4,202.3,6047.9,6249.7,201.9,3.23,,,,,,,,,,
2022-04-29,사고학습,180.0,305.89,107.3,181.71,16.88,0.3508,0.594,0.0552,0.4983,0.4269,0.0748,89.696,76.843,13.462,1216.5,816.09,180.49,2213.09,11.18,98.299,35.312,14.322,3939.4,1840.1,192.0,5971.5,6361.1,389.5,6.12,,,,,,,,,,
2022-04-30,사고학습,180.0,156.5,79.49,56.78,20.23,0.5079,0.3628,0.1293,0.501,0.4087,0.0902,90.186,73.573,16.241,1209.42,824.41,182.3,2216.14,11.19,96.698,35.876,14.634,3875.2,1869.5,196.2,5941.0,6576.2,635.2,9.66,,,,,,,,,,
2022-05-01,사고학습,180.0,0.0,,,,,,,0.503,0.3957,0.1013,90.538,71.229,18.233,1203.26,829.73,185.96,2218.95,11.2,95.851,36.168,15.444,3841.3,1884.8,207.1,5933.1,,,,,,,,,,,,,
2022-05-02,사고학습,180.0,308.47,184.76,113.31,10.4,0.599,0.3673,0.0337,0.5302,0.3877,0.0821,95.434,69.781,14.785,1202.49,833.17,185.87,2221.53,11.22,97.287,36.3,14.962,3898.9,1891.7,200.6,5991.1,6523.1,531.9,8.15,2.625,1.145,7.98,38.0,2769.0,18351.0,0.1509,,,1.03
2022-05-03,사고학습,180.0,262.61,158.48,82.91,21.22,0.6035,0.3157,0.0808,0.551,0.3673,0.0818,99.174,66.109,14.717,1205.52,832.66,185.73,2223.91,11.23,99.669,36.119,14.613,3994.3,1882.2,195.9,6072.4,6579.6,507.2,7.71,2.44,1.01,8.01,38.0,2668.0,18119.0,0.1472,,,1.134
2022-05-04,사고학습,180.0,263.8,105.95,135.41,22.44,0.4016,0.5133,0.0851,0.5086,0.4087,0.0827,91.554,73.56,14.885,1200.68,839.64,185.76,2226.09,11.24,98.09,36.561,14.426,3931.0,1905.2,193.4,6029.7,6713.9,684.3,10.19,2.6,1.185,8.0,38.0,2845.0,17839.0,0.1595,,,1.22
2022-05-05,사고학습,180.0,245.91,158.05,78.54,9.32,0.6427,0.3194,0.0379,0.5466,0.3834,0.07,98.396,69.005,12.6,1203.08,841.51,183.51,2228.1,11.25,99.853,36.572,13.612,4001.7,1905.8,182.5,6090.0,6834.7,744.7,10.9,2.69,1.245,7.95,38.0,2831.0,17619.0,0.1607,,,1.253
2022-05-06,사고학습,180.0,165.36,107.12,41.55,16.69,0.6478,0.2513,0.1009,0.5753,0.3459,0.0788,103.557,62.265,14.178,1210.44,836.5,183.02,2229.95,11.26,103.004,36.042,13.531,4128.0,1878.2,181.4,6187.6,6907.1,719.5,10.42,2.6,1.06,7.96,38.0,2695.0,17689.0,0.1524,,,1.166
2022-05-07,사고학습,180.0,174.84,104.84,48.08,21.92,0.5996,0.275,0.1254,0.5822,0.3258,0.092,104.798,58.646,16.556,1218.46,828.26,184.94,2231.66,11.27,105.444,35.302,14.19,4225.8,1839.7,190.3,6255.7,6956.3,700.6,10.07,,,,,,,,,,
2022-05-08,사고학습,180.0,27.21,27.21,0.0,0.0,1.0,0.0,0.0,0.7006,0.2335,0.0659,126.115,42.022,11.863,1247.15,804.06,182.02,2233.22,11.28,115.476,33.344,13.23,4627.8,1737.6,177.4,6542.8,7060.3,517.5,7.33,,,,,,,,,,
2022-05-09,사고학습,180.0,391.35,185.68,181.41,24.26,0.4745,0.4635,0.062,0.6365,0.2987,0.0648,114.575,53.762,11.663,1262.01,793.53,179.13,2234.66,11.29,117.047,32.621,12.516,4690.7,1699.9,167.8,6558.5,7054.7,496.3,7.03,2.505,1.105,7.95,38.0,2873.0,17829.0,0.1611,,,1.161
2022-05-10,사고학습,180.0,275.44,185.15,77.13,13.16,0.6722,0.28,0.0478,0.6466,0.2934,0.06,116.395,52.81,10.795,1277.5,782.89,175.6,2235.99,11.3,118.743,31.93,11.77,4758.7,1663.9,157.8,6580.4,7117.6,537.2,7.55,2.85,1.115,7.98,38.0,2786.0,17769.0,0.1568,,,1.188
2022-05-11,사고학습,180.0,153.2,130.82,0.0,22.38,0.8539,0.0,0.1461,0.7054,0.2102,0.0844,126.971,37.84,15.189,1302.33,758.14,176.75,2237.21,11.31,124.02,30.145,12.579,4970.2,1570.9,168.7,6709.8,7156.2,446.4,6.24,2.645,1.1,7.95,38.0,2815.0,17649.0,0.1595,,,1.238
2022-05-12,사고학습,180.0,153.35,53.76,88.5,11.09,0.3506,0.5771,0.0723,0.6048,0.3142,0.081,108.866,56.56,14.573,1307.06,754.08,177.19,2238.33,11.32,120.033,30.128,12.945,4810.4,1570.0,173.6,6554.0,7491.1,937.1,12.51,2.835,1.06,7.98,38.0,3051.0,17889.0,0.1706,,,1.256
2022-05-13,사고학습,180.0,306.43,110.03,180.09,16.31,0.3591,0.5877,0.0532,0.5352,0.3917,0.0731,96.327,70.515,13.158,1298.88,764.3,176.18,2239.37,11.33,112.558,31.229,12.771,4510.8,1627.4,171.2,6309.4,7593.4,1283.9,16.91,2.835,1.08,7.99,38.0,2891.0,17789.0,0.1625,,,1.226
2022-05-14,사고학습,180.0,210.68,133.0,57.19,20.49,0.6313,0.2715,0.0973,0.5624,0.3576,0.0799,101.233,64.377,14.391,1296.26,767.57,176.48,2240.32,11.34,109.91,31.673,13.021,4404.7,1650.5,174.6,6229.8,6997.3,767.4,10.97,,,,,,,,,,
2022-05-15,사고학습,180.0,27.43,27.43,0.0,0.0,1.0,0.0,0.0,0.6864,0.2563,0.0573,123.561,46.128,10.311,1316.18,752.33,172.68,2241.19,11.35,117.209,30.59,11.969,4697.2,1594.1,160.5,6451.8,6833.5,381.7,5.59,,,,,,,,,,
2022-05-16,사고학습,168.0,247.68,186.63,38.98,22.07,0.7535,0.1574,0.0891,0.7055,0.2282,0.0663,118.517,38.343,11.139,1329.46,730.52,170.02,2229.99,11.42,119.692,29.048,11.499,4796.8,1513.7,154.2,6464.7,6668.5,203.8,3.06,2.67,0.975,7.94,38.0,2748.0,18019.0,0.1525,,,1.075
2022-05-17,사고학습,180.0,259.12,158.58,89.61,10.93,0.612,0.3458,0.0422,0.679,0.2616,0.0595,122.214,47.082,10.704,1345.38,719.19,167.13,2231.69,11.42,122.703,28.437,11.049,4917.4,1481.9,148.1,6547.4,7091.2,543.7,7.67,2.64,1.055,7.92,38.0,2895.0,17859.0,0.1621,,,1.186
2022-05-18,사고학습,180.0,360.52,159.12,178.95,22.45,0.4414,0.4964,0.0623,0.6116,0.3281,0.0603,110.09,59.063,10.847,1347.9,720.75,164.61,2233.26,11.42,119.71,28.877,10.785,4797.5,1504.8,144.6,6446.9,7346.4,899.5,12.24,2.7,1.105,7.91,38.0,2941.0,17685.0,0.1663,,,1.285
2022-05-19,사고학습,175.0,167.74,81.93,77.38,8.43,0.4884,0.4613,0.0503,0.5767,0.3659,0.0574,100.922,64.029,10.049,1341.05,727.15,161.5,2229.7,11.44,114.197,29.648,10.366,4576.5,1545.0,139.0,6260.5,7239.6,979.1,13.52,2.67,1.19,7.94,38.0,2846.0,17756.0,0.1603,,,1.223
2022-05-20,사고학습,174.0,200.93,161.82,23.67,15.44,0.8054,0.1178,0.0768,0.6415,0.2956,0.0629,111.623,51.427,10.95,1345.45,720.44,159.54,2225.42,11.47,115.077,29.294,10.35,4611.8,1526.6,138.8,6277.1,6733.0,455.8,6.77,2.805,1.16,7.94,38.0,2879.0,17439.0,0.1651,,,1.116
2022-05-21,사고학습,180.0,251.22,137.05,91.68,22.49,0.5455,0.3649,0.0895,0.6143,0.3152,0.0705,110.575,56.74,12.684,1348.45,719.57,159.46,2227.48,11.46,115.201,29.419,10.86,4616.8,1533.1,145.6,6295.4,6819.6,524.2,7.69,,,,,,,,,,
2022-05-22,사고학습,180.0,26.98,26.98,0.0,0.0,1.0,0.0,0.0,0.7236,0.2259,0.0505,130.255,40.656,9.089,1370.89,702.7,155.8,2229.39,11.46,123.149,28.238,10.128,4935.3,1471.5,135.8,6542.6,6695.6,153.0,2.29,,,,,,,,,,
2022-05-23,사고학습,180.0,370.87,215.44,133.12,22.31,0.5809,0.3589,0.0602,0.6832,0.2636,0.0532,122.972,47.446,9.582,1384.25,693.96,152.93,2231.13,11.45,125.138,27.779,9.778,5015.0,1447.6,131.1,6593.7,6688.5,94.8,1.42,2.785,1.205,7.94,38.0,2698.0,17615.0,0.1532,,,1.136
2022-05-24,사고학습,180.0,274.17,185.47,77.88,10.82,0.6765,0.2841,0.0395,0.6813,0.2694,0.0493,122.63,48.491,8.879,1396.2,686.96,149.58,2232.74,11.45,126.228,27.472,9.328,5058.7,1431.6,125.1,6615.3,6847.8,232.5,3.39,2.66,1.065,7.96,38.0,2765.0,17569.0,0.1574,,,1.148
2022-05-25,사고학습,180.0,152.93,129.84,0.0,23.09,0.849,0.0,0.151,0.7288,0.193,0.0781,131.189,34.745,14.066,1415.75,666.78,151.69,2234.22,11.44,130.323,26.112,10.578,5222.8,1360.7,141.8,6725.3,7159.6,434.3,6.07,2.645,1.1,7.94,38.0,2685.0,17849.0,0.1504,,,1.184
2022-05-26,사고학습,180.0,180.37,79.59,88.95,11.83,0.4413,0.4932,0.0656,0.6473,0.2781,0.0746,116.516,50.059,13.425,1419.07,663.53,152.98,2235.58,11.44,126.98,26.182,11.237,5088.8,1364.4,150.7,6603.8,7303.2,699.4,9.58,,,,,,,,,,
2022-05-27,사고학습,180.0,333.2,162.25,158.03,12.92,0.4869,0.4743,0.0388,0.6019,0.3337,0.0644,108.333,60.068,11.598,1413.94,670.54,152.35,2236.84,11.44,121.645,27.042,11.139,4875.0,1409.2,149.3,6433.5,7167.8,734.3,10.24,2.695,1.2,7.98,,2841.0,17685.0,0.1606,,,1.105
2022-05-28,사고학습,180.0,235.16,135.69,79.12,20.35,0.577,0.3365,0.0865,0.5948,0.3345,0.0707,107.066,60.208,12.726,1407.96,677.14,152.89,2237.99,11.44,117.848,27.783,11.41,4722.8,1447.8,153.0,6323.6,7285.0,961.4,13.2,,,,,,,,,,
2022-05-29,사고학습,180.0,0.0,,,,,,,0.5898,0.335,0.0752,106.158,60.308,13.534,1401.54,683.3,154.2,2239.05,11.44,115.143,28.421,11.837,4614.4,1481.1,158.7,6254.2,7384.3,1130.1,15.3,,,,,,,,,,
2022-05-30,사고학습,180.0,277.09,214.58,37.7,24.81,0.7744,0.1361,0.0895,0.6421,0.2786,0.0793,115.579,50.155,14.266,1405.06,678.83,156.14,2240.02,11.44,117.243,28.151,12.348,4698.6,1467.0,165.6,6331.1,7396.9,1065.8,14.41,2.925,1.2,8.07,38.0,2716.0,17588.0,0.1544,,,1.096
2022-05-31,사고학습,180.0,280.28,157.97,112.49,9.82,0.5636,0.4013,0.035,0.6199,0.3134,0.0667,111.574,56.416,12.01,1404.29,680.97,155.67,2240.92,11.44,116.936,28.422,12.019,4686.3,1481.1,161.2,6328.5,7458.9,1130.3,15.15,2.61,1.015,7.97,38.0,2869.0,17249.0,0.1663,,,1.195
2022-06-01,사고학습,180.0,309.61,105.59,181.16,22.86,0.341,0.5851,0.0738,0.5408,0.3904,0.0687,97.348,70.279,12.373,1389.36,696.8,155.59,2241.75,11.44,111.056,29.761,11.904,4450.7,1550.9,159.6,6161.2,7746.0,1584.8,20.46,,,,,,,,,,
2022-06-02,사고학습,180.0,220.74,133.88,76.01,10.85,0.6065,0.3443,0.0492,0.5594,0.3774,0.0632,100.699,67.927,11.374,1378.97,709.01,154.53,2242.51,11.44,108.771,30.711,11.526,4359.1,1600.4,154.5,6114.0,7379.4,1265.4,17.15,2.545,1.005,7.96,38.0,2665.0,17639.0,0.1511,,,1.168
2022-06-03,사고학습,180.0,152.88,136.68,0.0,16.2,0.894,0.0,0.106,0.6543,0.2704,0.0753,117.772,48.672,13.556,1386.48,701.0,155.73,2243.21,11.45,114.19,29.977,11.923,4576.3,1562.1,159.9,6298.2,6900.2,602.0,8.72,2.585,1.03,7.96,38.0,2721.0,17435.0,0.1561,,,1.179
2022-06-04,사고학습,180.0,246.74,135.02,91.7,20.02,0.5472,0.3716,0.0811,0.6239,0.2991,0.077,112.308,53.838,13.854,1387.94,698.78,157.13,2243.85,11.45,115.347,29.767,12.282,4622.6,1551.2,164.7,6338.5,6915.4,576.9,8.34,,,,,,,,,,
2022-06-05,사고학습,180.0,0.0,,,,,,,0.6022,0.3197,0.0781,108.394,57.54,14.066,1385.36,700.45,158.63,2244.44,11.45,114.495,29.884,12.591,4588.5,1557.3,168.8,6314.6,7095.0,780.4,11.0,,,,,,,,,,
2022-06-06,사고학습,180.0,389.06,186.97,180.04,22.05,0.4806,0.4628,0.0567,0.5677,0.3602,0.0721,102.188,64.841,12.971,1376.78,709.29,158.92,2244.99,11.45,111.487,30.568,12.473,4467.9,1592.9,167.2,6228.1,7100.3,872.2,12.28,2.69,1.125,7.96,,2615.0,18038.0,0.145,,,1.024
2022-06-07,사고학습,180.0,243.44,156.84,76.6,10.0,0.6443,0.3147,0.0411,0.5894,0.3473,0.0633,106.094,62.516,11.39,1372.79,715.09,157.6,2245.49,11.45,111.195,30.963,11.919,4456.2,1613.5,159.8,6229.5,6798.1,568.6,8.36,2.66,1.05,7.99,38.1,2671.0,17885.0,0.1493,,,1.048
2022-06-08,사고학습,180.0,205.6,181.7,0.0,23.9,0.8838,0.0,0.1162,0.6728,0.2489,0.0783,121.113,44.794,14.093,1384.14,702.71,159.09,2245.95,11.45,117.022,29.881,12.351,4689.7,1557.1,165.6,6412.4,7028.0,615.5,8.76,2.9,1.2,8.0,38.05,2853.0,18109.0,0.1575,,,1.078
2022-06-09,사고학습,180.0,235.25,134.02,88.8,12.43,0.5697,0.3775,0.0528,0.6436,0.2853,0.0711,115.849,51.357,12.794,1389.32,697.88,159.17,2246.37,11.46,118.51,29.486,12.257,4749.4,1536.6,164.3,6450.3,7062.4,612.2,8.67,2.785,1.06,7.98,38.05,2725.0,18428.0,0.1479,,,1.078
2022-06-10,사고학습,180.0,361.11,188.03,158.21,14.87,0.5207,0.4381,0.0412,0.6088,0.3286,0.0626,109.578,59.154,11.268,1387.82,701.24,157.71,2246.76,11.46,116.919,29.775,11.734,4685.6,1551.6,157.3,6394.6,7115.3,720.7,10.13,2.765,1.165,7.98,38.05,2789.0,18159.0,0.1536,,,1.127
2022-06-11,사고학습,184.0,208.73,107.76,79.55,21.42,0.5163,0.3811,0.1026,0.5825,0.3435,0.0739,107.188,63.206,13.606,1384.04,708.37,158.71,2251.12,11.44,114.982,30.345,12.08,4608.0,1581.3,162.0,6351.3,7419.6,1068.3,14.4,,,,,,,,,,
2022-06-12,사고학습,188.0,0.0,,,,,,,0.5638,0.3542,0.0821,105.986,66.584,15.43,1379.36,718.32,161.45,2259.13,11.41,113.307,31.099,12.862,4540.8,1620.6,172.5,6333.9,7572.4,1238.5,16.36,,,,,,,,,,
2022-06-13,사고학습,196.0,293.24,188.45,82.13,22.66,0.6426,0.2801,0.0773,0.5861,0.3332,0.0807,114.88,65.301,15.82,1383.96,726.19,164.36,2274.5,11.34,115.831,31.637,13.513,4642.0,1648.6,181.2,6471.8,7532.2,1060.4,14.08,2.705,1.105,8.02,38.05,2885.0,17939.0,0.1608,,,1.117
2022-06-14,사고학습,204.0,341.2,239.92,91.7,9.58,0.7032,0.2688,0.0281,0.6193,0.3149,0.0658,126.337,64.241,13.422,1399.64,732.36,164.64,2296.64,11.24,121.971,32.008,13.237,4888.1,1668.0,177.5,6733.5,7877.2,1143.6,14.52,2.745,1.12,8.01,38.05,2652.0,17749.0,0.1494,,,1.193
2022-06-15,사고학습,204.0,357.41,157.1,180.12,20.19,0.4396,0.504,0.0565,0.5683,0.3685,0.0632,115.943,75.174,12.884,1403.67,748.98,164.36,2317.01,11.16,121.599,33.199,12.887,4873.2,1730.0,172.8,6776.0,8236.7,1460.7,17.73,,,,,,,,,,
2022-06-16,사고학습,204.0,270.83,187.57,75.35,7.91,0.6926,0.2782,0.0292,0.6036,0.3429,0.0535,123.126,69.953,10.921,1414.57,759.05,162.14,2335.75,11.1,124.244,33.792,12.06,4979.2,1761.0,161.7,6901.8,8593.5,1691.6,19.69,2.74,1.105,8.04,,3039.0,18238.0,0.1666,,,1.293
2022-06-17,사고학습,204.0,199.07,137.45,44.9,16.72,0.6905,0.2255,0.084,0.6282,0.3096,0.0622,128.152,63.166,12.682,1429.62,761.53,161.86,2353.0,11.05,127.885,33.753,12.024,5125.1,1758.9,161.2,7045.2,8495.1,1449.9,17.07,2.815,1.275,8.0,38.0,3252.0,17869.0,0.182,,,1.423
2022-06-18,사고학습,208.0,266.4,108.99,136.85,20.56,0.4091,0.5137,0.0772,0.5661,0.3675,0.0664,117.748,76.437,13.816,1433.06,777.07,162.73,2372.86,10.99,125.969,34.782,12.34,5048.3,1812.5,165.5,7026.3,8481.6,1455.4,17.16,,,,,,,,,,
2022-06-19,사고학습,212.0,27.4,27.4,0.0,0.0,1.0,0.0,0.0,0.6891,0.2633,0.0476,146.088,55.823,10.09,1464.56,770.77,159.81,2395.14,10.93,136.123,34.006,11.438,5455.2,1772.1,153.4,7380.7,8472.6,1092.0,12.89,,,,,,,,,,
2022-06-20,사고학습,216.0,347.17,190.32,131.86,24.99,0.5482,0.3798,0.072,0.6492,0.2963,0.0545,140.218,64.009,11.773,1487.68,773.15,158.8,2419.63,10.87,140.037,34.003,11.328,5612.1,1771.9,151.9,7535.9,8333.7,797.8,9.57,2.72,1.105,7.96,38.0,3311.0,17425.0,0.19,,,1.258
2022-06-21,사고학습,216.0,272.69,186.58,75.43,10.68,0.6842,0.2766,0.0392,0.6591,0.2907,0.0502,142.365,62.801,10.834,1511.1,774.13,156.94,2442.17,10.82,143.31,33.903,10.971,5743.3,1766.7,147.1,7657.1,8247.6,590.5,7.16,2.81,1.22,7.98,38.0,3159.0,17755.0,0.1779,,,1.264
2022-06-22,사고학습,216.0,152.52,130.66,0.0,21.86,0.8567,0.0,0.1433,0.7151,0.2083,0.0766,154.462,44.999,16.539,1544.74,757.23,160.93,2462.91,10.78,150.168,32.394,12.439,6018.1,1688.1,166.8,7872.9,9056.5,1183.6,13.07,2.74,1.205,8.0,38.0,3309.0,17629.0,0.1877,,,1.32
2022-06-23,사고학습,216.0,237.31,134.75,88.83,13.73,0.5678,0.3743,0.0579,0.6734,0.2554,0.0713,145.444,55.163,15.393,1566.67,751.85,163.46,2481.98,10.76,150.79,31.925,13.096,6043.0,1663.7,175.6,7882.3,9586.1,1703.8,17.77,2.715,1.21,8.02,38.0,2986.0,17419.0,0.1714,,,1.239
2022-06-24,사고학습,215.0,268.94,165.87,88.17,14.9,0.6168,0.3278,0.0554,0.6573,0.2759,0.0668,141.322,59.323,14.355,1582.73,751.06,164.74,2498.53,10.74,149.524,31.86,13.233,5992.3,1660.3,177.4,7830.0,9296.4,1466.4,15.77,2.885,1.41,8.04,38.0,3548.0,17719.0,0.2002,,,1.18
2022-06-25,사고학습,224.0,212.52,135.56,54.63,22.33,0.6379,0.2571,0.1051,0.6518,0.2706,0.0776,146.003,60.609,17.388,1602.19,751.62,168.96,2522.76,10.7,150.616,31.908,14.236,6036.1,1662.8,190.9,7889.7,8580.8,691.1,8.05,,,,,,,,,,
2022-06-26,사고학습,224.0,28.0,28.0,0.0,0.0,1.0,0.0,0.0,0.7505,0.1939,0.0556,168.113,43.428,12.459,1642.19,734.95,167.91,2545.05,10.67,160.134,30.574,13.441,6417.5,1593.2,180.2,8190.9,8842.4,651.4,7.37,,,,,,,,,,
2022-06-27,사고학습,224.0,281.75,215.98,38.63,27.14,0.7666,0.1371,0.0963,0.7551,0.1778,0.0672,169.133,39.824,15.044,1680.02,716.01,169.53,2565.56,10.65,166.412,29.153,13.674,6669.1,1519.2,183.3,8371.6,9478.3,1106.8,11.68,2.81,1.19,8.08,38.6,3260.0,18036.0,0.1808,,,0.826
2022-06-28,사고학습,215.0,320.89,218.4,90.7,11.79,0.6806,0.2827,0.0367,0.734,0.2075,0.0585,157.8,44.615,12.586,1703.5,703.38,168.56,2575.43,10.68,165.75,28.329,13.096,6642.5,1476.2,175.6,8294.4,9031.8,737.4,8.16,2.735,1.01,8.07,38.6,3421.0,18219.0,0.1878,,,0.801
2022-06-29,사고학습,192.0,327.3,214.93,89.77,22.6,0.6567,0.2743,0.069,0.712,0.2264,0.0615,136.713,43.476,11.811,1704.01,690.61,166.89,2561.51,10.8,156.907,27.538,12.469,6288.2,1435.0,167.2,7890.4,8814.3,923.9,10.48,2.92,1.155,8.07,38.6,2889.0,18095.0,0.1597,,,0.809
2022-06-30,사고학습,199.0,284.09,187.87,82.11,14.11,0.6613,0.289,0.0497,0.6977,0.2442,0.0582,138.835,48.592,11.573,1706.6,683.99,165.12,2555.7,10.89,152.302,27.275,11.971,6103.6,1421.4,160.5,7685.5,7645.3,-40.2,-0.53,2.6,1.055,8.07,38.6,2931.0,18169.0,0.1613,,,0.786
2022-07-01,사고학습,224.0,294.43,192.12,85.22,17.09,0.6525,0.2894,0.058,0.6849,0.257,0.0581,153.41,57.57,13.02,1723.55,686.87,164.94,2575.36,10.85,155.293,27.771,12.065,6223.5,1447.2,161.8,7832.4,7600.1,-232.3,-3.06,2.84,1.205,8.04,38.6,3104.0,18026.0,0.1722,,,0.96
2022-07-02,사고학습,224.0,247.08,136.1,89.15,21.83,0.5508,0.3608,0.0884,0.6469,0.2864,0.0667,144.899,64.161,14.939,1730.65,696.11,166.69,2593.45,10.83,153.732,28.719,12.705,6160.9,1496.6,170.4,7827.9,7735.8,-92.1,-1.19,,,,,,,,,,
2022-07-03,사고학습,224.0,27.95,27.95,0.0,0.0,1.0,0.0,0.0,0.747,0.2052,0.0478,167.322,45.974,10.705,1759.59,686.43,164.07,2610.09,10.81,161.739,28.069,11.871,6481.8,1462.7,159.2,8103.7,7665.1,-438.6,-5.72,,,,,,,,,,
2022-07-04,사고학습,224.0,305.23,187.57,89.47,28.19,0.6145,0.2931,0.0924,0.7094,0.2302,0.0604,158.911,51.554,13.535,1777.81,683.1,164.48,2625.4,10.81,163.313,27.964,12.152,6544.9,1457.2,162.9,8165.0,7635.5,-529.5,-6.93,2.75,1.11,8.02,38.95,2919.0,18140.0,0.1609,,,0.946
2022-07-05,사고학습,224.0,262.71,161.59,82.65,18.47,0.6151,0.3146,0.0703,0.6827,0.2541,0.0632,152.921,56.917,14.162,1788.59,685.4,165.5,2639.48,10.8,161.888,28.303,12.531,6487.8,1474.9,168.0,8130.7,7395.4,-735.2,-9.94,2.89,1.255,8.04,38.95,3105.0,18284.0,0.1698,,,1.036
2022-07-06,사고학습,217.0,293.4,187.78,84.39,21.23,0.64,0.2876,0.0724,0.6706,0.2636,0.0658,145.518,57.201,14.281,1791.1,687.79,166.54,2645.44,10.84,158.047,28.614,12.825,6333.8,1491.1,172.0,7996.9,7216.2,-780.7,-10.82,2.845,1.165,8.04,38.95,2946.0,17943.0,0.1642,,,1.02
2022-07-07,사고학습,219.0,238.57,137.89,87.48,13.2,0.578,0.3667,0.0553,0.6443,0.2928,0.0628,141.11,64.128,13.762,1789.0,696.93,166.99,2652.92,10.86,153.916,29.432,12.87,6168.3,1533.8,172.6,7874.6,7382.4,-492.2,-6.67,2.87,1.295,8.06,38.95,3176.0,18260.0,0.1739,,,1.018
2022-07-08,사고학습,216.0,250.26,192.32,41.63,16.31,0.7685,0.1663,0.0652,0.6795,0.257,0.0635,146.778,55.505,13.716,1792.74,696.71,167.36,2656.81,10.89,153.635,29.438,12.887,6157.0,1534.0,172.8,7863.8,7187.0,-676.9,-9.42,2.915,1.295,8.07,38.95,3349.0,18045.0,0.1856,,,0.921
2022-07-09,사고학습,206.0,309.25,136.62,149.06,23.57,0.4418,0.482,0.0762,0.6121,0.3208,0.0671,126.1,66.076,13.824,1775.5,707.08,167.8,2650.38,10.97,145.19,30.288,12.931,5818.6,1578.3,173.4,7570.3,7068.2,-502.1,-7.1,,,,,,,,,,
2022-07-10,사고학습,224.0,26.53,26.53,0.0,0.0,1.0,0.0,0.0,0.7221,0.2298,0.0481,161.746,51.483,10.771,1795.28,702.03,165.15,2662.47,10.96,154.241,29.842,12.045,6181.3,1555.1,161.5,7897.9,7036.6,-861.3,-12.24,,,,,,,,,,
2022-07-11,사고학습,224.0,254.52,188.02,38.32,28.18,0.7387,0.1506,0.1107,0.7268,0.2074,0.0658,162.803,46.449,14.748,1814.54,692.35,166.7,2673.59,10.96,160.245,29.061,12.634,6421.9,1514.4,169.4,8105.7,7421.8,-683.9,-9.21,2.63,0.955,8.09,38.8,2925.0,18169.0,0.161,,,0.812
2022-07-12,사고학습,208.0,349.36,241.98,91.71,15.67,0.6926,0.2625,0.0449,0.7171,0.223,0.0599,149.16,46.383,12.457,1818.62,683.37,165.82,2667.82,11.03,158.491,28.392,12.348,6351.6,1479.6,165.6,7996.8,6964.5,-1032.3,-14.82,2.655,1.06,8.1,38.8,2719.0,18364.0,0.1481,,,0.814
2022-07-13,사고학습,224.0,411.11,212.17,178.78,20.16,0.5161,0.4349,0.049,0.6601,0.2831,0.0568,147.869,63.404,12.726,1821.08,692.14,165.29,2678.51,11.02,156.893,29.186,12.234,6287.6,1520.9,164.0,7972.6,7422.9,-549.6,-7.4,2.91,1.16,8.1,38.8,2961.0,18195.0,0.1627,,,1.002
2022-07-14,사고학습,224.0,257.09,165.83,77.39,13.87,0.645,0.301,0.0539,0.6558,0.2881,0.056,146.91,64.545,12.544,1822.39,701.34,164.62,2688.35,11.02,155.524,29.952,12.102,6232.7,1560.8,162.3,7955.8,7782.9,-173.0,-2.22,2.58,1.0,8.09,38.8,2844.0,18313.0,0.1553,,,0.927
2022-07-15,사고학습,224.0,154.7,138.09,0.0,16.61,0.8926,0.0,0.1074,0.723,0.2065,0.0706,161.945,46.249,15.806,1838.62,691.52,167.26,2697.4,11.02,160.693,29.138,12.99,6439.9,1518.4,174.2,8132.5,8047.5,-85.0,-1.06,2.605,1.055,8.1,38.8,2762.0,18099.0,0.1526,,,1.0
2022-07-16,사고학습,224.0,223.21,110.08,88.33,24.8,0.4932,0.3957,0.1111,0.6578,0.2601,0.0821,147.354,58.266,18.38,1838.97,694.49,172.27,2705.73,11.03,158.045,29.409,14.368,6333.8,1532.5,192.7,8058.9,8020.0,-39.0,-0.49,,,,,,,,,,
2022-07-17,사고학습,224.0,0.0,,,,,,,0.6112,0.2986,0.0903,136.898,66.877,20.225,1828.83,705.84,178.72,2713.39,11.03,152.229,30.327,15.861,6100.7,1580.4,212.7,7893.7,7962.1,68.3,0.86,,,,,,,,,,
2022-07-18,사고학습,224.0,397.98,187.44,180.58,29.96,0.471,0.4537,0.0753,0.5714,0.3425,0.086,127.997,76.731,19.272,1810.6,726.13,183.7,2720.44,11.04,145.083,31.895,16.592,5814.3,1662.1,222.5,7698.9,7853.7,154.9,1.97,2.6,0.915,8.15,39.05,2719.0,18428.0,0.1475,,,0.865
2022-07-19,사고학습,216.0,334.47,239.39,77.16,17.92,0.7157,0.2307,0.0536,0.6123,0.3108,0.0768,132.262,67.141,16.596,1798.1,735.22,185.61,2718.93,11.09,142.381,32.46,16.288,5706.0,1691.5,218.4,7615.9,7416.5,-199.5,-2.69,2.655,1.105,8.13,39.05,2865.0,18175.0,0.1576,,,0.888
2022-07-20,사고학습,224.0,183.49,161.55,0.0,21.94,0.8804,0.0,0.1196,0.6883,0.2227,0.0889,154.185,49.891,19.925,1808.51,726.32,190.7,2725.53,11.09,149.484,31.56,17.079,5990.7,1644.6,229.0,7864.3,7604.4,-259.9,-3.42,2.68,0.955,8.12,39.05,2659.0,18352.0,0.1449,,,0.907
2022-07-21,사고학습,224.0,241.02,137.46,87.59,15.97,0.5703,0.3634,0.0663,0.6549,0.2626,0.0825,146.692,58.824,18.484,1810.6,727.07,193.93,2731.61,11.1,150.867,31.51,17.186,6046.1,1642.0,230.4,7918.6,7602.4,-316.1,-4.16,2.52,0.76,8.12,39.05,2486.0,18117.0,0.1372,,,0.865
2022-07-22,사고학습,224.0,334.83,137.33,180.32,17.18,0.4101,0.5385,0.0513,0.5855,0.3408,0.0737,131.153,76.345,16.502,1796.99,745.28,194.93,2737.2,11.11,145.504,32.869,16.664,5831.2,1712.9,223.4,7767.5,7455.3,-312.2,-4.19,2.64,1.055,8.14,39.05,2667.0,18394.0,0.145,,,0.949
2022-07-23,사고학습,224.0,187.76,108.14,56.02,23.6,0.5759,0.2984,0.1257,0.5828,0.3288,0.0884,130.546,73.649,19.805,1783.86,759.34,199.15,2742.35,11.12,141.954,33.808,17.3,5688.9,1761.8,232.0,7682.7,6558.7,-1123.9,-17.14,,,,,,,,,,
2022-07-24,사고학습,224.0,0.0,,,,,,,0.5809,0.3202,0.099,130.111,71.716,22.172,1771.34,770.35,205.4,2747.08,11.13,139.591,34.451,18.443,5594.2,1795.3,247.3,7636.8,7882.7,245.9,3.12,,,,,,,,,,
2022-07-25,사고학습,232.0,283.3,215.96,38.57,28.77,0.7623,0.1361,0.1016,0.6323,0.268,0.0997,146.691,62.176,23.133,1776.4,770.93,212.11,2759.44,11.11,144.766,34.233,19.51,5801.6,1783.9,261.6,7847.1,6988.3,-858.9,-12.29,2.545,0.91,8.16,39.65,2518.0,18502.0,0.1361,,,0.818
2022-07-26,사고학습,240.0,295.25,185.71,91.39,18.15,0.629,0.3095,0.0615,0.6314,0.2798,0.0889,151.525,67.146,21.329,1785.89,776.43,216.48,2778.81,11.07,149.891,34.446,19.697,6007.0,1795.0,264.1,8066.1,7285.0,-781.2,-10.72,2.72,1.1,8.14,39.7,2436.0,18137.0,0.1343,,,1.011
2022-07-27,사고학습,230.0,389.21,187.46,179.4,22.35,0.4816,0.4609,0.0574,0.5889,0.3311,0.08,135.451,76.159,18.39,1778.55,790.51,217.56,2786.62,11.07,146.621,35.348,18.942,5875.9,1842.0,254.0,7972.0,7302.1,-669.8,-9.17,2.685,1.105,8.12,39.7,2764.0,18270.0,0.1513,,,0.917
2022-07-28,사고학습,240.0,231.04,138.91,76.79,15.34,0.6012,0.3324,0.0664,0.5924,0.3315,0.0761,142.178,79.555,18.267,1778.52,806.86,218.43,2803.82,11.04,147.296,36.386,18.391,5903.0,1896.1,246.6,8045.7,7442.6,-603.1,-8.1,2.645,1.06,8.12,39.7,2697.0,18430.0,0.1463,,,0.981
2022-07-29,사고학습,240.0,155.63,138.35,0.0,17.28,0.889,0.0,0.111,0.6765,0.2375,0.086,162.354,57.003,20.643,1798.67,799.35,221.61,2819.64,11.01,155.783,35.463,18.728,6243.1,1848.0,251.1,8342.2,7468.2,-874.0,-11.7,2.665,1.11,8.13,39.7,2812.0,18540.0,0.1517,,,0.984
2022-07-30,사고학습,240.0,299.25,138.54,135.88,24.83,0.463,0.4541,0.083,0.6159,0.2989,0.0852,147.828,71.736,20.436,1802.69,807.18,224.33,2834.19,11.0,155.206,35.858,18.895,6220.0,1868.6,253.4,8341.9,7484.8,-857.2,-11.45,,,,,,,,,,
2022-07-31,사고학습,240.0,0.0,,,,,,,0.5726,0.3429,0.0845,137.419,82.293,20.288,1795.97,824.93,226.68,2847.58,10.98,150.687,37.038,18.965,6038.9,1930.1,254.3,8223.3,7423.5,-799.7,-10.77,,,,,,,,,,
2022-08-01,사고학습,240.0,355.14,215.88,109.79,29.47,0.6079,0.3091,0.083,0.5826,0.3333,0.0841,139.82,79.997,20.182,1792.19,838.97,228.74,2859.9,10.98,148.86,37.856,18.981,5965.7,1972.7,254.5,8192.9,7296.1,-896.9,-12.29,2.71,1.065,8.1,39.75,2997.0,18841.0,0.1591,,,0.861
2022-08-02,사고학습,240.0,285.11,183.8,84.24,17.07,0.6447,0.2955,0.0599,0.6002,0.3226,0.0772,144.044,77.422,18.535,1792.94,849.31,228.98,2871.24,10.98,149.423,38.346,18.498,5988.2,1998.2,248.0,8234.5,7088.5,-1146.0,-16.17,2.83,1.23,8.1,39.75,3285.0,18530.0,0.1773,,,0.891
2022-08-03,사고학습,240.0,275.33,214.29,38.76,22.28,0.7783,0.1408,0.0809,0.6507,0.2711,0.0783,156.162,65.052,18.786,1805.75,846.46,229.46,2881.67,10.98,154.618,37.771,18.244,6196.4,1968.3,244.6,8409.3,7158.7,-1250.6,-17.47,2.575,1.0,8.08,39.75,3221.0,18173.0,0.1772,,,0.9
2022-08-04,사고학습,240.0,243.68,138.64,88.31,16.73,0.5689,0.3624,0.0687,0.6275,0.2969,0.0755,150.601,71.267,18.131,1811.97,850.04,229.25,2891.26,10.99,155.597,37.781,17.874,6235.7,1968.8,239.7,8444.1,7175.3,-1268.8,-17.68,,,,,,,,,,
2022-08-05,사고학습,240.0,192.75,110.11,64.61,18.03,0.5713,0.3352,0.0935,0.6116,0.3078,0.0806,146.775,73.87,19.356,1813.87,855.95,230.27,2900.09,10.99,154.67,37.997,17.989,6198.5,1980.1,241.2,8419.8,7151.7,-1268.1,-17.73,2.77,1.145,8.07,39.75,3008.0,18440.0,0.1631,,,0.894
2022-08-06,사고학습,240.0,284.38,109.92,148.88,25.58,0.3865,0.5235,0.09,0.5478,0.3689,0.0833,131.465,88.547,19.988,1800.3,876.06,231.85,2908.21,11.0,147.975,39.355,18.258,5930.2,2050.8,244.8,8225.8,6990.8,-1235.0,-17.67,,,,,,,,,,
2022-08-07,사고학습,240.0,0.0,,,,,,,0.5021,0.4128,0.0852,120.495,99.063,20.442,1776.85,905.07,233.75,2915.68,11.02,139.458,41.35,18.577,5588.9,2154.8,249.1,7992.7,7025.0,-967.7,-13.77,,,,,,,,,,
2022-08-08,사고학습,240.0,349.78,187.59,131.42,30.77,0.5363,0.3757,0.088,0.5118,0.4023,0.086,122.825,96.543,20.632,1757.61,929.25,235.7,2922.56,11.03,135.137,42.842,18.851,5415.7,2232.5,252.8,7901.0,7032.0,-869.0,-12.36,2.605,0.91,8.06,40.0,2461.0,18518.0,0.1329,,,0.87
2022-08-09,사고학습,240.0,294.68,184.8,91.76,18.12,0.6271,0.3114,0.0615,0.5445,0.3765,0.079,130.672,90.361,18.967,1747.75,945.31,235.82,2928.88,11.04,135.611,43.615,18.539,5434.7,2272.8,248.6,7956.1,7025.5,-930.6,-13.25,2.645,1.01,8.05,40.0,2713.0,18395.0,0.1475,,,0.942
2022-08-10,사고학습,240.0,286.61,133.67,130.43,22.51,0.4664,0.4551,0.0785,0.5223,0.3988,0.0789,125.36,95.706,18.934,1733.37,965.44,235.9,2934.7,11.06,133.779,44.699,18.316,5361.3,2329.3,245.6,7936.2,6916.9,-1019.3,-14.74,2.72,1.18,8.04,40.0,3011.0,18164.0,0.1658,,,1.062
2022-08-11,사고학습,240.0,335.97,166.14,155.5,14.33,0.4945,0.4628,0.0427,0.5144,0.4169,0.0686,123.467,100.065,16.468,1718.24,988.31,233.5,2940.06,11.07,131.891,45.968,17.424,5285.6,2395.5,233.6,7914.7,7013.3,-901.4,-12.85,2.63,1.005,8.04,40.0,2637.0,18449.0,0.1429,,,0.915
2022-08-12,사고학습,228.0,128.05,110.14,0.0,17.91,0.8601,0.0,0.1399,0.6124,0.2987,0.0888,139.636,68.115,20.25,1720.5,977.4,235.08,2932.98,11.14,137.195,44.491,17.951,5498.2,2318.5,240.7,8057.3,6986.1,-1071.2,-15.33,2.8,1.23,8.06,40.0,3261.0,18208.0,0.1791,,,1.137
2022-08-13,사고학습,216.0,311.3,109.87,177.54,23.89,0.3529,0.5703,0.0767,0.5389,0.3757,0.0854,116.398,81.158,18.445,1699.33,980.41,234.73,2914.47,11.24,131.17,44.279,17.769,5256.7,2307.4,238.2,7802.4,6849.8,-952.6,-13.91,,,,,,,,,,
2022-08-14,사고학습,192.0,0.0,,,,,,,0.4862,0.4309,0.0829,93.345,82.731,15.925,1656.8,984.75,231.89,2873.45,11.42,118.234,44.225,16.888,4738.3,2304.6,226.4,7269.3,6476.9,-792.4,-12.23,,,,,,,,,,
2022-08-15,사고학습,192.0,327.88,134.05,163.71,30.12,0.4088,0.4993,0.0919,0.4642,0.4503,0.0855,89.136,86.454,16.41,1613.47,992.47,229.76,2835.7,11.58,108.572,44.477,16.434,4351.1,2317.7,220.3,6889.2,6181.3,-707.9,-11.45,,,,,,,,,,
2022-08-16,사고학습,180.0,224.48,209.23,0.0,15.25,0.9321,0.0,0.0679,0.5969,0.3226,0.0805,107.435,58.075,14.49,1591.9,971.19,225.88,2788.97,11.77,109.933,42.421,15.548,4405.6,2210.6,208.5,6824.7,5808.2,-1016.5,-17.5,2.805,1.205,8.12,40.0,2863.0,18639.0,0.1536,,,0.682
2022-08-17,사고학습,168.0,204.39,181.08,0.0,23.31,0.886,0.0,0.114,0.6788,0.2312,0.09,114.04,38.839,15.121,1578.66,932.38,222.94,2733.97,11.98,113.414,39.135,15.134,4545.2,2039.4,202.9,6787.4,5423.0,-1364.5,-25.16,2.495,0.925,8.11,,2569.0,18348.0,0.14,,,0.584
2022-08-18,사고학습,180.0,145.85,129.24,0.0,16.61,0.8861,0.0,0.1139,0.7376,0.1656,0.0968,132.763,29.817,17.42,1585.2,887.65,222.53,2695.38,12.11,123.051,35.623,15.541,4931.3,1856.4,208.4,6996.1,5404.8,-1591.3,-29.44,2.715,1.115,8.1,,2763.0,18218.0,0.1517,,,0.729
2022-08-19,사고학습,192.0,301.76,103.65,180.52,17.59,0.3435,0.5982,0.0583,0.6259,0.2883,0.0859,120.166,55.348,16.487,1578.62,872.02,221.23,2671.87,12.17,123.955,34.683,15.538,4967.6,1807.4,208.3,6983.3,5623.8,-1359.4,-24.17,2.795,1.155,8.14,,2972.0,18493.0,0.1607,,,0.758
2022-08-20,사고학습,204.0,190.43,109.79,56.42,24.22,0.5765,0.2963,0.1272,0.6119,0.2905,0.0976,124.824,59.27,19.906,1577.22,861.57,223.44,2662.24,12.16,126.375,34.198,16.563,5064.6,1782.1,222.1,7068.7,5773.3,-1295.5,-22.44,,,,,,,,,,
2022-08-21,사고학습,204.0,0.0,,,,,,,0.6019,0.2922,0.106,122.78,59.602,21.618,1573.89,852.28,227.2,2653.38,12.15,127.051,33.813,17.774,5091.6,1762.0,238.3,7092.0,5791.1,-1300.9,-22.46,,,,,,,,,,
2022-08-22,사고학습,204.0,200.6,130.3,39.69,30.61,0.6496,0.1979,0.1526,0.6154,0.2654,0.1192,125.538,54.148,24.314,1573.59,838.29,233.35,2645.22,12.14,128.57,33.049,19.409,5152.5,1722.2,260.2,7135.0,5912.3,-1222.7,-20.68,2.58,1.05,8.09,40.25,3095.0,18635.0,0.1661,,,0.813
2022-08-23,사고학습,204.0,440.9,242.47,183.72,14.71,0.5499,0.4167,0.0334,0.5968,0.3083,0.0949,121.753,62.895,19.351,1569.53,834.16,234.04,2637.72,12.12,127.994,33.101,19.034,5129.4,1724.9,255.2,7109.6,5929.3,-1180.2,-19.91,2.73,1.205,8.11,40.25,2912.0,18387.0,0.1584,,,0.829
2022-08-24,사고학습,204.0,215.25,106.43,88.41,20.41,0.4944,0.4107,0.0948,0.5678,0.3373,0.0948,115.833,68.818,19.349,1559.87,836.28,234.68,2630.82,12.1,125.27,33.618,18.778,5020.3,1751.9,251.8,7023.9,5947.4,-1076.5,-18.1,2.62,0.955,8.12,40.25,2662.0,18419.0,0.1445,,,0.76
2022-08-25,사고학습,187.0,221.57,110.12,97.1,14.35,0.497,0.4382,0.0648,0.5477,0.3659,0.0863,102.427,68.431,16.142,1537.57,837.85,232.05,2607.47,12.16,118.228,34.027,17.642,4738.1,1773.2,236.5,6747.8,5920.2,-827.5,-13.98,2.52,1.045,8.11,40.25,2389.0,18118.0,0.1319,,,0.753
2022-08-26,사고학습,204.0,152.54,135.85,0.0,16.69,0.8906,0.0,0.1094,0.6449,0.2622,0.0929,131.564,53.491,18.945,1546.2,824.35,232.45,2602.99,12.13,125.54,33.178,17.708,5031.1,1729.0,237.4,6997.5,6056.5,-941.0,-15.54,2.575,1.07,8.12,40.25,2537.0,18342.0,0.1383,,,0.788
2022-08-27,사고학습,204.0,219.32,82.34,113.25,23.73,0.3754,0.5164,0.1082,0.5685,0.3343,0.0972,115.98,68.188,19.831,1538.55,826.62,233.69,2598.87,12.1,123.815,33.634,18.019,4962.0,1752.7,241.6,6956.3,6185.0,-771.3,-12.47,,,,,,,,,,
2022-08-28,사고학습,204.0,0.0,,,,,,,0.5138,0.3859,0.1003,104.814,78.719,20.467,1520.35,839.25,235.47,2595.07,12.07,118.286,34.863,18.421,4740.4,1816.7,247.0,6804.1,6197.3,-606.8,-9.79,,,,,,,,,,
2022-08-29,사고학습,204.0,364.31,154.99,181.36,27.96,0.4254,0.4978,0.0767,0.4887,0.4176,0.0936,99.704,85.193,19.103,1498.49,857.34,235.75,2591.58,12.04,112.831,36.425,18.287,4521.8,1898.1,245.2,6665.1,6288.9,-376.2,-5.98,,,,,,,,,,
2022-08-30,사고학습,204.0,305.62,212.2,78.05,15.37,0.6943,0.2554,0.0503,0.547,0.3716,0.0814,111.592,75.811,16.596,1490.27,864.6,233.5,2588.37,12.01,114.223,37.001,17.443,4577.6,1928.2,233.9,6739.6,6579.2,-160.4,-2.44,2.685,1.005,8.09,40.45,3294.0,18680.0,0.1763,,,0.913
2022-08-31,사고학습,204.0,96.22,76.81,0.0,19.41,0.7983,0.0,0.2017,0.6182,0.2663,0.1155,126.122,54.321,23.557,1497.24,849.79,238.38,2585.42,11.99,120.893,35.771,18.956,4844.9,1864.1,254.2,6963.1,6435.3,-527.8,-8.2,2.62,1.045,8.09,40.45,3462.0,18592.0,0.1862,,,1.076
2022-09-01,사고학습,204.0,238.59,134.77,88.72,15.1,0.5649,0.3719,0.0633,0.6031,0.2962,0.1007,123.035,60.426,20.539,1500.56,842.27,239.86,2582.7,11.96,123.771,35.214,19.082,4960.2,1835.1,255.9,7051.1,6408.2,-643.0,-10.03,2.575,1.0,8.12,40.45,3145.0,18209.0,0.1727,,,0.979
2022-09-02,사고학습,198.0,249.95,51.95,181.3,16.7,0.2078,0.7253,0.0668,0.4911,0.4179,0.0911,97.231,82.735,18.034,1477.81,857.66,238.72,2574.2,11.96,115.225,36.527,18.416,4617.7,1903.4,246.9,6768.1,6074.8,-693.3,-11.41,2.625,1.07,8.14,40.45,2862.0,18739.0,0.1527,,,0.893
2022-09-03,사고학습,192.0,162.9,83.14,57.59,22.17,0.5104,0.3535,0.1361,0.4965,0.3996,0.1038,95.335,76.727,19.938,1454.99,865.82,239.57,2560.38,11.99,109.196,37.161,18.533,4376.1,1936.5,248.5,6561.1,5885.7,-675.3,-11.47,,,,,,,,,,
2022-09-04,사고학습,192.0,0.0,,,,,,,0.5005,0.3866,0.113,96.088,74.219,21.693,1434.74,870.81,242.11,2547.66,12.01,105.779,37.498,19.14,4239.2,1954.1,256.6,6449.9,5704.1,-745.8,-13.08,,,,,,,,,,
2022-09-05,사고학습,192.0,346.56,182.91,134.95,28.7,0.5278,0.3894,0.0828,0.5082,0.3874,0.1044,97.576,74.373,20.051,1417.6,875.56,242.8,2535.96,12.03,104.267,37.797,19.061,4178.6,1969.7,255.6,6403.8,5732.4,-671.4,-11.71,2.44,1.0,8.18,39.85,2381.0,18924.0,0.1258,,,0.809
2022-09-06,사고학습,192.0,228.93,130.65,88.78,9.5,0.5707,0.3878,0.0415,0.5259,0.3875,0.0866,100.977,74.397,16.626,1405.24,879.95,240.01,2525.2,12.04,104.695,38.053,17.979,4195.7,1983.0,241.1,6419.8,5695.1,-724.7,-12.73,2.57,1.13,8.2,39.85,2674.0,18506.0,0.1445,,,0.847
2022-09-07,사고학습,192.0,328.94,130.65,173.98,24.31,0.3972,0.5289,0.0739,0.4894,0.4276,0.083,93.97,82.095,15.935,1386.85,891.68,236.76,2515.29,12.04,102.156,38.887,17.035,4094.0,2026.4,228.4,6348.8,5420.2,-928.6,-17.13,2.695,1.15,8.19,39.85,2535.0,18710.0,0.1355,,,0.862
2022-09-08,사고학습,192.0,232.73,132.99,84.08,15.66,0.5714,0.3613,0.0673,0.5127,0.4088,0.0785,98.434,78.486,15.08,1374.4,898.88,232.91,2506.18,12.04,102.375,39.306,16.135,4102.8,2048.3,216.3,6367.4,5263.2,-1104.2,-20.98,2.53,1.0,8.06,39.85,2462.0,18710.0,0.1316,,,0.722
2022-09-09,사고학습,192.0,314.9,187.54,84.92,42.44,0.5956,0.2697,0.1348,0.5362,0.3693,0.0945,102.944,70.915,18.141,1367.45,897.92,232.43,2497.8,12.04,104.315,39.056,16.439,4180.5,2035.2,220.4,6436.2,5110.2,-1326.0,-25.95,,,,,,,,,,
2022-09-10,사고학습,192.0,0.0,,,,,,,0.553,0.3411,0.1059,106.176,65.49,20.333,1364.29,891.62,234.18,2490.08,12.04,106.804,38.41,17.305,4280.3,2001.6,232.0,6513.8,5070.1,-1443.8,-28.48,,,,,,,,,,
2022-09-11,사고학습,192.0,0.0,,,,,,,0.5651,0.3208,0.1141,108.492,61.603,21.905,1363.7,881.93,237.36,2482.99,12.03,109.266,37.55,18.366,4378.9,1956.8,246.3,6581.9,5073.5,-1508.4,-29.73,,,,,,,,,,
2022-09-12,사고학습,192.0,328.04,208.65,91.08,28.31,0.6361,0.2776,0.0863,0.5852,0.3086,0.1062,112.356,59.252,20.392,1367.02,870.67,238.77,2476.46,12.02,112.329,36.632,18.636,4501.7,1908.9,249.9,6660.4,5251.7,-1408.7,-26.82,2.73,1.15,7.66,39.8,2633.0,18630.0,0.1413,,,0.694
2022-09-13,사고학습,192.0,246.53,158.35,77.5,10.68,0.6423,0.3144,0.0433,0.6014,0.3102,0.0884,115.465,59.565,16.97,1373.19,860.62,236.65,2470.45,12.01,115.462,35.877,17.793,4627.2,1869.6,238.6,6735.4,5136.5,-1598.9,-31.13,2.775,1.125,7.66,39.8,2496.0,18367.0,0.1359,,,0.749
2022-09-14,사고학습,192.0,232.55,161.17,47.47,23.91,0.6931,0.2041,0.1028,0.6274,0.2802,0.0925,120.455,53.79,17.755,1383.85,845.6,235.48,2464.93,11.99,119.39,34.774,17.454,4784.6,1812.1,234.0,6830.8,5559.3,-1271.4,-22.87,2.74,1.105,7.68,39.65,2357.0,18209.0,0.1294,,,0.73
2022-09-15,사고학습,192.0,264.8,160.19,88.59,16.02,0.6049,0.3346,0.0605,0.621,0.2956,0.0834,119.234,56.751,16.015,1392.43,834.74,232.67,2459.84,11.98,121.325,34.074,16.701,4862.2,1775.6,223.9,6861.7,5836.3,-1025.4,-17.57,2.755,1.07,7.66,39.65,2612.0,17948.0,0.1455,,,0.679
2022-09-16,사고학습,192.0,264.96,109.0,133.22,22.74,0.4114,0.5028,0.0858,0.5616,0.3543,0.0841,107.825,68.029,16.146,1388.93,836.02,230.21,2455.16,11.96,117.954,34.381,16.227,4727.1,1791.6,217.6,6736.3,6112.9,-623.4,-10.2,2.785,1.175,7.68,39.65,2437.0,17825.0,0.1367,,,0.751
2022-09-17,사고학습,192.0,131.01,55.25,57.28,18.48,0.4217,0.4372,0.1411,0.5219,0.3778,0.1002,100.213,72.541,19.246,1378.09,841.72,231.05,2450.86,11.95,112.83,35.004,16.834,4521.7,1824.1,225.7,6571.5,6328.4,-243.2,-3.84,,,,,,,,,,
2022-09-18,사고학습,184.0,0.0,,,,,,,0.4935,0.3947,0.1118,90.81,72.617,20.573,1358.71,847.04,233.15,2438.9,11.97,105.909,35.538,17.646,4244.4,1851.9,236.6,6332.9,6372.1,39.2,0.62,,,,,,,,,,
2022-09-19,사고학습,192.0,210.98,143.57,39.36,28.05,0.6805,0.1866,0.133,0.5465,0.3357,0.1178,104.934,64.448,22.618,1355.01,843.76,237.13,2435.9,11.95,107.29,35.339,18.813,4299.7,1841.5,252.2,6393.5,6763.7,370.2,5.47,2.705,1.14,7.76,39.4,2548.0,17948.0,0.142,,,0.78
2022-09-20,사고학습,192.0,182.55,78.64,91.96,11.95,0.4308,0.5038,0.0655,0.5137,0.3833,0.103,98.634,73.596,19.77,1345.3,849.89,237.94,2433.13,11.93,105.622,35.901,18.753,4232.9,1870.8,251.4,6355.2,6740.8,385.6,5.72,2.575,1.095,7.77,39.4,2607.0,17759.0,0.1468,,,0.739
2022-09-21,사고학습,192.0,256.72,77.99,156.92,21.81,0.3038,0.6112,0.085,0.4542,0.4479,0.0979,87.209,86.002,18.789,1324.95,867.94,237.7,2430.59,11.91,100.023,37.371,18.419,4008.5,1947.5,247.0,6202.9,6568.3,365.4,5.56,2.535,1.0,7.78,39.4,2478.0,17830.0,0.139,,,0.809
2022-09-22,사고학습,192.0,166.56,53.21,100.12,13.23,0.3195,0.6011,0.0794,0.416,0.4913,0.0926,79.875,94.339,17.786,1298.88,892.88,236.48,2428.25,11.89,93.637,39.287,17.89,3752.6,2047.3,239.9,6039.7,6345.8,306.1,4.82,2.72,1.0,7.81,39.3,2417.0,17927.0,0.1348,,,0.766
2022-09-23,사고학습,192.0,219.71,164.12,41.38,14.21,0.747,0.1883,0.0647,0.5098,0.4055,0.0847,97.888,77.847,16.264,1292.92,899.34,233.84,2426.1,11.87,96.903,39.594,17.073,3883.5,2063.3,228.9,6175.7,6018.9,-156.8,-2.61,2.66,1.09,7.8,39.3,2631.0,17748.0,0.1482,,,0.847
2022-09-24,사고학습,192.0,171.25,54.6,95.63,21.02,0.3188,0.5584,0.1227,0.4557,0.4488,0.0955,87.493,86.173,18.335,1277.04,913.6,233.48,2424.12,11.85,94.76,40.522,17.137,3797.6,2111.6,229.8,6139.0,6058.6,-80.3,-1.33,,,,,,,,,,
2022-09-25,사고학습,192.0,0.0,,,,,,,0.4169,0.4799,0.1032,80.044,92.138,19.818,1254.97,932.69,234.63,2422.3,11.83,90.458,41.786,17.626,3625.2,2177.5,236.3,6039.0,6043.3,4.2,0.07,,,,,,,,,,
2022-09-26,사고학습,192.0,344.52,184.79,134.03,25.7,0.5364,0.389,0.0746,0.4508,0.4541,0.0951,86.546,87.193,18.26,1241.18,945.31,234.13,2420.62,11.81,90.406,42.465,17.491,3623.1,2212.9,234.5,6070.5,5924.2,-146.3,-2.47,2.74,1.155,7.79,39.0,2539.0,17683.0,0.1436,,,0.746
2022-09-27,사고학습,192.0,220.72,131.54,78.25,10.93,0.596,0.3545,0.0495,0.4919,0.4259,0.0822,94.449,81.772,15.779,1236.39,951.5,231.19,2419.08,11.79,93.535,42.608,16.656,3748.5,2220.3,223.3,6192.1,5839.2,-353.0,-6.04,2.525,0.93,7.8,39.0,2415.0,17942.0,0.1346,,,0.761
2022-09-28,사고학습,192.0,122.79,103.91,0.0,18.88,0.8462,0.0,0.1538,0.5924,0.3052,0.1025,113.733,58.592,19.675,1251.27,934.02,232.38,2417.66,11.78,103.179,40.874,17.255,4135.0,2130.0,231.4,6496.3,5997.9,-498.4,-8.31,2.595,1.045,7.82,39.0,2674.0,18103.0,0.1477,,,0.806
2022-09-29,사고학습,192.0,215.83,110.51,88.73,16.59,0.512,0.4111,0.0769,0.5696,0.3352,0.0952,109.361,64.358,18.281,1260.58,923.7,232.08,2416.35,11.76,107.377,39.864,17.245,4303.2,2077.3,231.2,6611.8,5947.6,-664.2,-11.17,,,,,,,,,,
2022-09-30,사고학습,192.0,159.78,56.48,89.2,14.1,0.3535,0.5583,0.0882,0.5083,0.3984,0.0932,97.599,76.499,17.902,1257.39,926.34,231.42,2415.15,11.75,105.262,39.976,17.124,4218.4,2083.2,229.6,6531.3,5800.6,-730.7,-12.6,,,,,,,,,,
2022-10-01,사고학습,192.0,251.89,81.4,147.31,23.18,0.3232,0.5848,0.092,0.4558,0.4513,0.0929,87.521,86.643,17.836,1244.37,938.92,230.76,2414.05,11.73,99.926,40.884,17.022,4004.6,2130.5,228.2,6363.3,5678.1,-685.2,-12.07,,,,,,,,,,
2022-10-02,사고학습,192.0,0.0,,,,,,,0.4182,0.4891,0.0926,80.3,93.912,17.788,1225.18,957.76,230.09,2413.03,11.72,93.747,42.236,16.939,3757.0,2201.0,227.1,6185.0,,,,,,,,,,,,,
2022-10-03,사고학습,192.0,197.83,133.05,39.5,25.28,0.6725,0.1997,0.1278,0.4903,0.4071,0.1026,94.141,78.158,19.701,1221.36,959.34,231.4,2412.1,11.71,95.472,42.124,17.455,3826.1,2195.1,234.0,6255.3,,,,,,,,,,,,,
2022-10-04,사고학습,192.0,247.4,148.1,89.32,9.98,0.5986,0.361,0.0403,0.521,0.394,0.085,100.036,75.652,16.312,1223.74,958.29,229.21,2411.24,11.7,98.894,41.828,16.791,3963.3,2179.7,225.1,6368.1,,,,,,,,,,,,,
2022-10-05,사고학습,192.0,305.06,102.26,183.9,18.9,0.3352,0.6028,0.062,0.4683,0.4532,0.0784,89.923,87.017,15.06,1215.82,968.68,225.94,2410.44,11.69,96.96,42.486,15.962,3885.7,2214.0,214.0,6313.8,,,,,,,,,,,,,
2022-10-06,사고학습,192.0,226.99,131.74,77.62,17.63,0.5804,0.342,0.0777,0.5001,0.4217,0.0782,96.02,80.962,15.018,1214.63,972.19,222.89,2409.72,11.67,98.206,42.561,15.385,3935.7,2217.9,206.3,6359.8,5889.9,-469.9,-7.98,2.73,1.26,7.81,38.7,2471.0,17684.0,0.1397,,,0.804
2022-10-07,사고학습,192.0,152.11,137.52,0.0,14.59,0.9041,0.0,0.0959,0.6146,0.3021,0.0832,118.007,58.011,15.981,1235.52,952.47,221.05,2409.05,11.66,107.769,40.788,15.281,4318.9,2125.5,204.9,6649.3,5745.2,-904.1,-15.74,2.68,1.14,7.82,38.7,2397.0,17492.0,0.137,,,0.79
2022-10-08,사고학습,192.0,309.77,107.41,178.87,23.49,0.3467,0.5774,0.0758,0.5387,0.3802,0.0811,103.428,72.994,15.578,1240.16,949.31,218.96,2408.43,11.65,107.835,40.481,15.089,4321.5,2109.5,202.3,6633.4,5741.8,-891.6,-15.53,,,,,,,,,,
2022-10-09,사고학습,192.0,0.0,,,,,,,0.4843,0.4361,0.0796,92.981,83.73,15.289,1233.98,957.14,216.74,2407.86,11.65,103.697,41.08,14.871,4155.7,2140.7,199.4,6495.8,5853.2,-642.6,-10.98,,,,,,,,,,
2022-10-10,사고학습,192.0,316.58,201.18,90.92,24.48,0.6355,0.2872,0.0773,0.5271,0.3939,0.079,101.21,75.626,15.164,1236.53,956.23,214.57,2407.34,11.64,104.436,40.939,14.685,4185.4,2133.4,196.9,6515.6,5913.0,-602.7,-10.19,2.67,1.095,7.84,38.5,2583.0,17637.0,0.1465,,,0.804
2022-10-11,사고학습,192.0,194.22,103.52,76.81,13.89,0.533,0.3955,0.0715,0.5288,0.3943,0.0769,101.53,75.713,14.758,1239.19,955.49,212.18,2406.86,11.63,105.02,40.827,14.436,4208.8,2127.5,193.6,6529.9,6024.4,-505.5,-8.39,2.675,1.12,7.84,38.5,2335.0,17825.0,0.131,,,0.835
2022-10-12,사고학습,192.0,192.16,128.17,47.62,16.37,0.667,0.2478,0.0852,0.568,0.3528,0.0792,109.051,67.738,15.211,1249.16,946.83,210.42,2406.42,11.62,108.389,40.094,14.403,4343.8,2089.3,193.1,6626.2,6262.6,-363.7,-5.81,,,,,,,,,,
2022-10-13,사고학습,192.0,260.5,155.37,89.53,15.6,0.5964,0.3437,0.0599,0.576,0.3502,0.0737,110.6,67.242,14.158,1259.89,938.37,207.76,2406.01,11.61,111.086,39.431,14.064,4451.8,2054.8,188.6,6695.2,6094.9,-600.3,-9.85,2.76,1.3,7.75,38.5,2712.0,17427.0,0.1556,,,0.878
2022-10-14,사고학습,192.0,256.32,106.01,134.13,16.18,0.4136,0.5233,0.0631,0.53,0.3993,0.0707,101.758,76.661,13.581,1260.91,940.0,204.73,2405.64,11.61,109.213,39.622,13.66,4376.8,2064.8,183.2,6624.7,6074.1,-550.6,-9.06,2.71,1.25,7.77,38.4,2593.0,17326.0,0.1497,,,0.821
2022-10-15,사고학습,192.0,253.65,128.15,102.8,22.7,0.5052,0.4053,0.0895,0.523,0.401,0.0761,100.41,76.988,14.602,1260.5,941.83,202.96,2405.29,11.6,107.518,39.811,13.691,4308.9,2074.6,183.6,6567.0,5797.6,-769.4,-13.27,,,,,,,,,,
2022-10-16,사고학습,192.0,0.0,,,,,,,0.5179,0.4022,0.0799,99.444,77.222,15.333,1259.16,943.75,202.06,2404.98,11.59,106.087,39.989,13.932,4251.5,2083.9,186.8,6522.2,5879.1,-643.1,-10.94,,,,,,,,,,
2022-10-17,사고학습,192.0,166.73,103.25,39.37,24.11,0.6193,0.2361,0.1446,0.5467,0.3551,0.0982,104.959,68.184,18.857,1263.44,936.48,204.76,2404.68,11.59,107.41,39.418,15.153,4304.5,2054.1,203.2,6561.8,6116.5,-445.3,-7.28,2.615,1.045,7.76,38.5,2646.0,17512.0,0.1511,,,0.816
2022-10-18,사고학습,192.0,260.08,207.36,41.49,11.23,0.7973,0.1595,0.0432,0.6177,0.2997,0.0826,118.6,57.538,15.862,1281.02,919.14,204.25,2404.42,11.58,113.682,38.081,15.086,4555.9,1984.4,202.3,6742.6,5902.3,-840.3,-14.24,2.7,1.06,7.78,38.5,2486.0,17702.0,0.1404,,,0.756
2022-10-19,사고학습,192.0,307.86,107.47,180.56,19.83,0.3491,0.5865,0.0644,0.5416,0.381,0.0775,103.98,73.149,14.871,1282.58,918.8,202.79,2404.17,11.58,111.703,38.194,14.744,4476.6,1990.4,197.7,6664.6,5931.0,-733.6,-12.37,2.65,1.105,7.79,38.4,2631.0,17589.0,0.1496,,,0.742
2022-10-20,사고학습,192.0,189.5,100.72,77.31,11.47,0.5315,0.408,0.0605,0.5387,0.3886,0.0727,103.433,74.618,13.95,1283.46,919.95,200.53,2403.94,11.57,110.263,38.408,14.234,4418.9,2001.5,190.9,6611.2,5784.0,-827.2,-14.3,2.515,1.015,7.78,38.4,2351.0,17794.0,0.1321,,,0.821
2022-10-21,사고학습,192.0,151.74,135.34,0.0,16.4,0.8919,0.0,0.1081,0.6388,0.2785,0.0827,122.656,53.466,15.878,1303.5,899.86,200.37,2403.73,11.57,117.064,36.898,14.465,4691.4,1922.8,194.0,6808.2,5940.6,-867.6,-14.6,2.56,1.075,7.76,38.4,2608.0,17819.0,0.1464,,,0.802
2022-10-22,사고학습,192.0,190.26,80.48,87.59,22.19,0.423,0.4604,0.1166,0.5777,0.33,0.0923,110.909,63.366,17.725,1310.19,891.28,202.08,2403.54,11.57,116.56,36.407,15.177,4671.2,1897.2,203.5,6771.9,6102.2,-669.7,-10.98,,,,,,,,,,
2022-10-23,사고학습,184.0,0.0,,,,,,,0.5338,0.367,0.0992,98.222,67.524,18.254,1303.65,887.54,204.17,2395.37,11.6,111.174,36.322,15.821,4455.4,1892.8,212.1,6560.3,6036.3,-524.0,-8.68,,,,,,,,,,
2022-10-24,사고학습,184.0,267.91,155.39,88.95,23.57,0.58,0.332,0.088,0.5469,0.3571,0.096,100.631,65.7,17.669,1300.05,882.28,205.52,2387.84,11.63,108.816,36.105,16.084,4360.9,1881.5,215.7,6458.0,5751.8,-706.2,-12.28,,,,,,,,,,
2022-10-25,사고학습,192.0,346.71,203.19,128.43,15.09,0.5861,0.3704,0.0435,0.558,0.3609,0.0811,107.137,69.284,15.579,1303.24,881.02,204.67,2388.92,11.61,109.964,36.207,15.636,4406.9,1886.8,209.7,6503.3,5901.9,-601.5,-10.19,2.845,1.045,8.09,37.9,2842.0,18429.0,0.1542,,,0.806
2022-10-26,사고학습,192.0,157.05,103.2,38.19,15.66,0.6571,0.2432,0.0997,0.5861,0.3275,0.0864,112.531,62.879,16.59,1311.57,873.45,204.89,2389.91,11.6,112.83,35.781,15.634,4521.7,1864.6,209.6,6596.0,5908.1,-687.9,-11.64,2.626,0.99,8.02,37.9,3135.0,18216.0,0.1721,,,0.898
2022-10-27,사고학습,192.0,260.75,156.04,89.26,15.45,0.5984,0.3423,0.0593,0.5896,0.3317,0.0787,113.202,63.686,15.112,1319.9,867.3,203.62,2390.83,11.59,114.866,35.484,15.19,4603.3,1849.1,203.7,6656.1,5837.5,-818.6,-14.02,2.69,1.195,8.0,38.0,3347.0,18082.0,0.1851,,,0.898
2022-10-28,사고학습,192.0,242.07,137.4,89.03,15.64,0.5676,0.3678,0.0646,0.5834,0.3419,0.0747,112.005,65.65,14.345,1326.37,863.61,201.69,2391.67,11.58,115.643,35.389,14.657,4634.5,1844.2,196.5,6675.1,5648.0,-1027.1,-18.19,2.835,1.2,8.03,38.1,3095.0,17768.0,0.1742,,,0.814
2022-10-29,사고학습,192.0,249.52,78.6,149.74,21.18,0.315,0.6001,0.0849,0.5073,0.4151,0.0776,97.4,79.702,14.898,1317.72,874.26,200.46,2392.44,11.57,110.279,36.432,14.459,4419.5,1898.5,193.9,6511.9,5859.5,-652.4,-11.13,,,,,,,,,,
2022-10-30,사고학습,192.0,0.0,,,,,,,0.4528,0.4676,0.0797,86.934,89.771,15.295,1299.3,894.13,199.73,2393.15,11.56,102.786,38.124,14.444,4119.2,1986.7,193.7,6299.6,6087.1,-212.4,-3.49,,,,,,,,,,
2022-10-31,사고학습,192.0,218.4,153.84,39.02,25.54,0.7044,0.1787,0.1169,0.5241,0.3857,0.0902,100.629,74.047,17.324,1296.04,896.68,201.08,2393.81,11.55,103.642,38.303,15.042,4153.5,1996.0,201.7,6351.2,6218.9,-132.3,-2.13,2.665,1.015,8.04,38.1,2572.0,18319.0,0.1404,,,0.768
2022-11-01,사고학습,196.0,228.29,126.24,91.72,10.33,0.553,0.4018,0.0452,0.5323,0.3902,0.0775,104.329,76.485,15.186,1296.74,901.47,200.19,2398.41,11.53,105.65,38.65,14.808,4234.0,2014.1,198.5,6446.6,6300.2,-146.5,-2.32,2.76,1.09,8.04,38.1,2394.0,18067.0,0.1325,,,0.877
2022-11-02,사고학습,200.0,236.35,128.59,89.13,18.63,0.5441,0.3771,0.0788,0.5356,0.3865,0.0779,107.126,77.302,15.572,1300.19,906.7,199.75,2406.64,11.49,108.007,39.01,14.765,4328.5,2032.8,198.0,6559.3,6547.4,-11.8,-0.18,2.66,1.135,8.04,38.0,2678.0,17894.0,0.1497,,,0.99
2022-11-03,사고학습,204.0,252.61,104.39,130.06,18.16,0.4132,0.5149,0.0719,0.5009,0.4229,0.0762,102.191,86.271,15.538,1298.42,920.47,199.32,2418.22,11.43,107.487,40.033,14.725,4307.6,2086.2,197.4,6591.2,6798.6,207.4,3.05,2.695,1.01,8.06,38.0,2455.0,18227.0,0.1347,,,0.936
2022-11-04,사고학습,204.0,217.53,163.52,39.18,14.83,0.7517,0.1801,0.0682,0.572,0.3541,0.0739,116.693,72.231,15.076,1311.3,919.11,198.46,2428.87,11.39,112.967,39.779,14.559,4527.2,2072.9,195.2,6795.4,6649.3,-146.1,-2.2,,,,,,,,,,
2022-11-05,사고학습,204.0,189.9,79.79,89.06,21.05,0.4202,0.469,0.1108,0.529,0.3866,0.0844,107.912,78.876,17.212,1314.37,924.5,199.8,2438.67,11.35,112.834,40.094,15.087,4521.9,2089.4,202.3,6813.6,6654.7,-158.8,-2.39,,,,,,,,,,
2022-11-06,사고학습,204.0,0.0,,,,,,,0.4981,0.41,0.0919,101.619,83.637,18.743,1310.89,934.21,202.57,2447.68,11.32,110.235,40.743,15.906,4417.8,2123.2,213.3,6754.2,6550.2,-204.0,-3.11,,,,,,,,,,
2022-11-07,사고학습,204.0,264.32,155.48,87.19,21.65,0.5882,0.3299,0.0819,0.5237,0.3873,0.0891,106.829,79.004,18.167,1312.91,938.52,204.54,2455.97,11.3,110.716,40.924,16.291,4437.0,2132.6,218.4,6788.1,,,,,,,,,,,,,
2022-11-08,사고학습,204.0,369.81,184.73,168.8,16.28,0.4995,0.4565,0.044,0.5168,0.4069,0.0763,105.433,83.004,15.563,1313.37,946.49,203.75,2463.61,11.28,110.455,41.398,15.773,4426.5,2157.3,211.5,6795.3,,,,,,,,,,,,,
2022-11-09,사고학습,204.0,66.15,49.96,0.0,16.19,0.7553,0.0,0.2447,0.5844,0.2915,0.124,119.22,59.475,25.304,1327.58,930.29,212.76,2470.63,11.27,115.808,39.917,18.342,4641.1,2080.1,245.9,6967.2,,,,,,,,,,,,,
2022-11-10,사고학습,204.0,234.56,128.68,88.78,17.1,0.5486,0.3785,0.0729,0.5743,0.3162,0.1095,117.15,64.503,22.347,1338.58,920.41,218.1,2477.09,11.26,118.282,39.062,19.206,4740.2,2035.6,257.5,7033.3,,,,,,,,,,,,,
2022-11-11,사고학습,204.0,267.64,162.72,88.4,16.52,0.608,0.3303,0.0617,0.5838,0.3202,0.096,119.099,65.319,19.582,1350.65,912.13,220.24,2483.03,11.25,120.587,38.401,18.965,4832.6,2001.1,254.3,7088.0,6107.7,-980.4,-16.05,2.68,1.05,8.06,38.0,2713.0,18096.0,0.1499,,,0.829
2022-11-12,사고학습,204.0,299.84,129.81,148.79,21.24,0.4329,0.4962,0.0708,0.541,0.3701,0.0889,110.374,75.499,18.127,1353.03,914.7,220.76,2488.5,11.25,118.518,38.655,18.364,4749.7,2014.3,246.2,7010.3,6569.0,-441.2,-6.72,,,,,,,,,,
2022-11-13,사고학습,204.0,0.0,,,,,,,0.5104,0.4058,0.0838,104.122,82.793,17.085,1348.97,924.36,220.19,2493.53,11.24,114.742,39.453,17.642,4598.4,2055.9,236.6,6890.9,6635.4,-255.4,-3.85,,,,,,,,,,
2022-11-14,사고학습,204.0,222.27,157.2,39.41,25.66,0.7072,0.1773,0.1154,0.5662,0.3411,0.0927,115.505,69.577,18.918,1356.62,920.03,221.51,2498.16,11.24,116.966,39.074,17.7,4687.5,2036.2,237.3,6961.0,6727.5,-233.5,-3.47,2.8,1.095,8.12,38.0,2968.0,18513.0,0.1603,,,0.806
2022-11-15,사고학습,184.0,286.65,183.67,91.21,11.77,0.6407,0.3182,0.0411,0.5873,0.3346,0.0781,108.069,61.563,14.368,1356.22,908.03,218.16,2482.42,11.34,115.363,38.111,16.375,4623.3,1986.0,219.6,6828.8,6173.0,-655.8,-10.62,2.655,1.11,8.12,38.0,3219.0,18366.0,0.1753,,,0.757
2022-11-16,사고학습,173.0,162.99,51.21,88.72,23.06,0.3142,0.5443,0.1415,0.5099,0.394,0.0961,88.214,68.169,16.618,1336.0,903.6,217.34,2456.93,11.47,106.433,37.821,16.146,4265.4,1970.9,216.5,6452.8,6458.0,5.2,0.08,2.75,1.155,8.09,37.9,3520.0,17936.0,0.1963,,,0.822
2022-11-17,사고학습,193.0,228.31,130.95,83.16,14.2,0.5736,0.3642,0.0622,0.5279,0.3856,0.0865,101.894,74.419,16.687,1331.07,905.77,216.65,2453.49,11.49,106.397,38.076,16.011,4263.9,1984.2,214.7,6462.8,6154.5,-308.3,-5.01,2.74,1.15,8.1,37.7,3183.0,18024.0,0.1766,,,0.888
2022-11-18,사고학습,152.0,210.17,109.42,85.05,15.7,0.5206,0.4047,0.0747,0.5259,0.391,0.0831,79.933,59.432,12.635,1304.58,892.78,211.96,2409.32,11.7,97.591,37.092,14.703,3911.0,1932.9,197.1,6041.1,5726.2,-314.9,-5.5,,,,,,,,,,
2022-11-19,사고학습,198.0,248.22,135.67,88.86,23.69,0.5466,0.358,0.0954,0.5317,0.3816,0.0866,105.285,75.565,17.15,1305.55,896.96,212.16,2414.68,11.66,102.301,37.548,15.167,4099.8,1956.7,203.4,6259.8,6265.3,5.5,0.09,,,,,,,,,,
2022-11-20,사고학습,196.0,0.0,,,,,,,0.5359,0.3749,0.0891,105.045,73.488,17.467,1306.21,898.73,212.67,2417.61,11.63,105.109,37.769,15.577,4212.3,1968.2,208.9,6389.4,6475.3,86.0,1.33,,,,,,,,,,
2022-11-21,사고학습,204.0,392.61,182.84,180.76,29.01,0.4657,0.4604,0.0739,0.516,0.3992,0.0848,105.271,81.43,17.299,1307.04,908.3,212.96,2428.31,11.57,106.932,38.592,15.807,4285.4,2011.1,211.9,6508.4,6683.3,174.9,2.62,2.75,0.92,8.12,37.9,2679.0,18418.0,0.1455,,,0.847
2022-11-22,사고학습,204.0,226.22,132.69,77.26,16.27,0.5866,0.3415,0.0719,0.536,0.3828,0.0811,109.349,78.097,16.555,1311.89,913.78,212.49,2438.15,11.52,109.687,39.024,15.74,4395.8,2033.6,211.0,6640.4,6831.8,191.4,2.8,2.82,1.1,8.12,37.9,2708.0,18268.0,0.1482,,,0.892
2022-11-23,사고학습,204.0,153.62,131.18,0.0,22.44,0.8539,0.0,0.1461,0.6261,0.2743,0.0996,127.732,55.959,20.309,1334.73,896.67,215.81,2447.21,11.48,118.74,37.62,16.821,4758.6,1960.4,225.5,6944.5,7123.0,178.5,2.51,2.66,1.19,8.1,37.9,2603.0,18024.0,0.1444,,,0.921
2022-11-24,사고학습,204.0,158.13,51.15,89.02,17.96,0.3235,0.563,0.1136,0.5403,0.3561,0.1035,110.23,72.65,21.12,1338.24,897.63,219.67,2455.54,11.44,117.321,37.763,17.801,4701.7,1967.9,238.7,6908.3,7061.3,153.0,2.17,2.67,1.1,8.12,38.0,2916.0,18468.0,0.1579,,,0.875
2022-11-25,사고학습,204.0,321.32,216.26,87.97,17.09,0.673,0.2738,0.0532,0.578,0.3328,0.0893,117.903,67.888,18.209,1349.14,893.75,220.32,2463.21,11.41,119.516,37.504,17.596,4789.7,1954.4,235.9,6980.0,7008.5,28.5,0.41,2.85,1.185,8.13,37.9,2792.0,18616.0,0.15,,,0.839
2022-11-26,사고학습,204.0,260.38,133.04,103.23,24.11,0.5109,0.3965,0.0926,0.559,0.3508,0.0902,114.028,71.57,18.402,1355.3,893.86,221.1,2470.26,11.38,119.32,37.578,17.513,4781.8,1958.2,234.8,6974.9,7094.6,119.7,1.69,,,,,,,,,,
2022-11-27,사고학습,204.0,0.0,,,,,,,0.5453,0.3638,0.0909,111.251,74.209,18.54,1358.19,896.6,221.97,2476.75,11.36,118.088,37.852,17.499,4732.5,1972.5,234.6,6939.6,7305.4,365.9,5.01,,,,,,,,,,
2022-11-28,사고학습,204.0,299.66,185.09,85.23,29.34,0.6177,0.2844,0.0979,0.5658,0.3413,0.0929,115.433,69.62,18.946,1365.02,894.53,223.16,2482.72,11.35,119.001,37.717,17.611,4769.0,1965.5,236.1,6970.7,7509.2,538.6,7.17,2.655,1.06,8.1,37.9,2506.0,18166.0,0.138,,,0.77
2022-11-29,사고학습,204.0,326.07,212.86,91.54,21.67,0.6528,0.2807,0.0665,0.5905,0.3241,0.0854,120.462,66.119,17.419,1376.34,889.13,222.74,2488.21,11.34,121.575,37.323,17.229,4872.2,1945.0,231.0,7048.2,7083.6,35.4,0.5,2.9,1.1,8.1,37.9,2790.0,18328.0,0.1522,,,0.732
2022-11-30,사고학습,210.0,211.41,103.0,88.61,19.8,0.4872,0.4191,0.0937,0.5612,0.3511,0.0877,117.856,73.721,18.423,1384.15,891.76,223.35,2499.27,11.3,122.121,37.597,17.27,4894.1,1959.2,231.6,7084.8,6571.9,-512.9,-7.81,,,,,,,,,,
2022-12-01,사고학습,209.0,227.02,132.38,77.05,17.59,0.5831,0.3394,0.0775,0.5674,0.3477,0.0848,118.592,72.679,17.729,1392.08,893.13,223.22,2508.43,11.27,122.752,37.745,17.09,4919.4,1967.0,229.1,7115.5,6798.6,-316.8,-4.66,2.67,1.145,8.12,37.9,2945.0,18168.0,0.1621,,,0.776
2022-12-02,사고학습,204.0,305.63,242.34,47.57,15.72,0.7929,0.1556,0.0514,0.6313,0.2933,0.0754,128.795,59.832,15.374,1409.57,881.56,220.75,2511.87,11.28,127.222,36.844,16.26,5098.5,1920.0,218.0,7236.5,6812.2,-424.3,-6.23,2.63,1.095,8.14,37.9,2765.0,18460.0,0.1498,,,0.785
2022-12-03,사고학습,204.0,199.19,130.84,41.9,26.45,0.6569,0.2104,0.1328,0.6386,0.2698,0.0916,130.27,55.035,18.694,1427.13,866.11,221.79,2515.03,11.28,130.569,35.695,16.691,5232.6,1860.1,223.8,7316.5,6756.5,-560.0,-8.29,,,,,,,,,,
2022-12-04,사고학습,200.0,89.59,0.0,89.59,0.0,0.0,1.0,0.0,0.4576,0.4768,0.0657,91.512,95.355,13.132,1404.54,892.21,217.19,2513.94,11.3,117.13,37.944,15.316,4694.1,1977.3,205.4,6876.7,6766.7,-110.1,-1.63,,,,,,,,,,
2022-12-05,사고학습,199.0,313.18,240.81,42.02,30.35,0.7689,0.1342,0.0969,0.5458,0.3797,0.0745,108.619,75.552,14.829,1400.86,896.43,214.66,2511.94,11.33,115.684,38.271,14.888,4636.1,1994.3,199.6,6830.1,6903.6,73.5,1.07,2.625,1.09,8.22,37.9,2588.0,18698.0,0.1384,,,0.711
2022-12-06,사고학습,204.0,329.07,186.49,129.88,12.7,0.5667,0.3947,0.0386,0.5517,0.3839,0.0643,112.556,78.319,13.125,1401.41,903.07,210.62,2515.1,11.33,116.368,38.769,14.085,4663.5,2020.3,188.9,6872.7,7129.9,257.2,3.61,,,,,,,,,,
2022-12-07,사고학습,208.0,235.21,128.9,87.05,19.26,0.548,0.3701,0.0819,0.5507,0.38,0.0693,114.543,79.04,14.417,1403.9,909.91,208.19,2522.0,11.31,117.584,39.25,13.925,4712.3,2045.4,186.7,6944.3,7110.9,166.6,2.34,2.69,1.15,8.2,38.0,3640.0,18950.0,0.1921,,,0.718
2022-12-08,사고학습,224.0,253.05,105.54,130.03,17.48,0.4171,0.5139,0.0691,0.5128,0.4179,0.0692,114.87,93.619,15.511,1406.52,930.77,207.06,2544.35,11.23,118.465,40.825,14.144,4747.6,2127.4,189.6,7064.6,7300.7,236.0,3.23,2.75,1.14,8.18,38.0,3745.0,18478.0,0.2027,,,0.902
2022-12-09,사고학습,224.0,248.37,161.02,70.16,17.19,0.6483,0.2825,0.0692,0.5512,0.3795,0.0692,123.474,85.018,15.509,1417.53,941.37,206.01,2564.92,11.16,122.45,41.474,14.293,4907.3,2161.3,191.6,7260.2,7347.2,87.0,1.18,2.745,1.17,8.16,37.9,3572.0,18218.0,0.1961,,,0.862
2022-12-10,사고학습,224.0,212.03,131.6,57.07,23.36,0.6207,0.2692,0.1102,0.5709,0.3483,0.0808,127.883,78.009,18.108,1432.08,944.11,207.65,2583.84,11.11,126.671,41.465,15.174,5076.4,2160.8,203.5,7440.7,7408.2,-32.5,-0.44,,,,,,,,,,
2022-12-11,사고학습,224.0,0.0,,,,,,,0.585,0.3258,0.0892,131.043,72.987,19.971,1448.62,941.61,211.02,2601.24,11.06,130.538,41.056,16.334,5231.4,2139.5,219.0,7589.9,7146.2,-443.6,-6.21,,,,,,,,,,
2022-12-12,사고학습,224.0,383.39,182.12,175.09,26.18,0.475,0.4567,0.0683,0.5538,0.3629,0.0832,124.059,81.296,18.646,1456.85,947.62,212.79,2617.26,11.03,130.13,41.373,16.727,5215.0,2156.0,224.3,7595.3,7318.7,-276.6,-3.78,2.905,1.145,8.14,38.0,3735.0,18418.0,0.2028,,,0.913
2022-12-13,사고학습,224.0,280.54,177.73,91.77,11.04,0.6335,0.3271,0.0394,0.5764,0.3528,0.0708,129.119,79.022,15.859,1469.49,950.87,211.64,2632.0,11.01,131.902,41.46,16.158,5286.1,2160.5,216.7,7663.2,7461.7,-201.6,-2.7,2.825,1.1,8.14,37.9,3917.0,18068.0,0.2168,,,0.955
2022-12-14,사고학습,224.0,236.39,127.11,89.73,19.55,0.5377,0.3796,0.0827,0.5655,0.3604,0.0742,126.661,80.724,16.615,1478.65,955.57,211.33,2645.55,10.99,132.011,41.67,15.998,5290.4,2171.5,214.5,7676.4,7684.3,7.9,0.1,,,,,,,,,,
2022-12-15,사고학습,216.0,197.37,105.36,77.78,14.23,0.5338,0.3941,0.0721,0.5565,0.3699,0.0736,120.201,79.905,15.894,1480.63,959.07,210.33,2650.03,11.01,129.495,41.783,15.672,5189.6,2177.4,210.1,7577.1,7559.4,-17.7,-0.23,,,,,,,,,,
2022-12-16,사고학습,210.0,126.43,104.69,0.0,21.74,0.828,0.0,0.172,0.6335,0.2651,0.1015,133.028,55.664,21.309,1495.27,938.05,214.82,2648.14,11.06,133.074,39.94,17.074,5333.0,2081.3,228.9,7643.3,7413.2,-230.1,-3.1,,,,,,,,,,
2022-12-17,사고학습,204.0,260.53,156.27,88.06,16.2,0.5998,0.338,0.0622,0.6239,0.2857,0.0903,127.281,58.291,18.428,1503.0,921.34,216.07,2640.41,11.13,132.982,38.585,17.166,5329.3,2010.7,230.2,7570.2,,,,,,,,,,,,,
2022-12-18,사고학습,204.0,0.0,,,,,,,0.6171,0.3006,0.0824,125.887,61.313,16.8,1508.71,908.99,215.59,2633.29,11.19,132.368,37.675,16.74,5304.7,1963.3,224.5,7492.5,,,,,,,,,,,,,
2022-12-19,사고학습,204.0,364.6,210.14,133.49,20.97,0.5764,0.3661,0.0575,0.6055,0.3191,0.0753,123.531,65.105,15.364,1511.61,901.41,213.72,2626.75,11.24,131.047,37.206,16.019,5251.8,1938.9,214.8,7405.4,6644.2,-761.2,-11.46,2.75,1.06,8.22,37.9,3673.0,18738.0,0.196,,,0.734
2022-12-20,사고학습,204.0,218.46,130.79,76.91,10.76,0.5987,0.3521,0.0493,0.6036,0.3285,0.0679,123.135,67.009,13.857,1513.89,896.35,210.49,2620.72,11.29,130.074,36.96,15.075,5212.8,1926.0,202.1,7341.0,6649.9,-691.0,-10.39,2.57,0.95,8.2,37.9,3090.0,18590.0,0.1662,,,0.931
2022-12-21,사고학습,204.0,194.6,127.79,47.9,18.91,0.6567,0.2461,0.0972,0.6186,0.3051,0.0762,126.204,62.248,15.548,1519.05,886.93,209.21,2615.18,11.33,130.701,36.37,14.939,5237.9,1895.3,200.3,7333.6,6806.3,-527.3,-7.75,,,,,,,,,,
2022-12-22,사고학습,204.0,235.93,131.58,88.04,16.31,0.5577,0.3732,0.0691,0.6014,0.3244,0.0742,122.68,66.181,15.138,1520.27,882.2,207.62,2610.08,11.37,129.679,36.184,14.724,5197.0,1885.6,197.4,7280.0,6590.4,-689.6,-10.46,2.62,0.955,8.19,37.9,3135.0,18818.0,0.1666,,,0.844
2022-12-23,사고학습,204.0,235.4,133.67,88.68,13.05,0.5678,0.3767,0.0554,0.5919,0.3392,0.0689,120.741,69.206,14.053,1519.46,880.87,205.07,2605.39,11.4,128.272,36.268,14.252,5140.6,1890.0,191.1,7221.7,6507.4,-714.2,-10.98,2.585,1.095,8.22,37.5,3324.0,18930.0,0.1756,,,0.994
2022-12-24,사고학습,204.0,292.21,126.35,148.56,17.3,0.4324,0.5084,0.0592,0.5467,0.3872,0.0661,111.519,78.988,13.493,1509.49,889.42,202.17,2601.08,11.43,123.716,37.122,13.762,4958.0,1934.5,184.5,7077.0,6662.9,-414.1,-6.21,,,,,,,,,,
2022-12-25,사고학습,204.0,0.0,,,,,,,0.5143,0.4216,0.0642,104.911,85.997,13.092,1493.71,904.31,199.09,2597.11,11.45,118.263,38.408,13.307,4739.5,2001.5,178.4,6919.4,6742.7,-176.7,-2.62,,,,,,,,,,
2022-12-26,사고학습,204.0,241.48,181.43,38.68,21.37,0.7513,0.1602,0.0885,0.5815,0.3475,0.0711,118.62,70.882,14.498,1492.9,902.88,197.67,2593.45,11.47,120.384,38.29,13.419,4824.5,1995.4,179.9,6999.7,6438.8,-560.9,-8.71,2.555,1.01,8.12,37.8,3505.0,18318.0,0.1913,,,1.102
2022-12-27,사고학습,204.0,244.11,154.17,78.97,10.97,0.6316,0.3235,0.0449,0.5957,0.3407,0.0637,121.516,69.497,12.987,1495.05,900.19,194.86,2590.09,11.49,122.85,38.08,13.043,4923.3,1984.4,174.9,7082.6,6463.4,-619.2,-9.58,2.565,1.045,8.14,37.8,3420.0,18268.0,0.1872,,,1.219
2022-12-28,사고학습,200.0,187.35,76.85,91.81,18.69,0.4102,0.49,0.0998,0.5431,0.383,0.0739,108.618,76.603,14.779,1484.13,904.82,194.05,2583.0,11.52,119.212,38.47,13.323,4777.5,2004.7,178.6,6960.9,6783.5,-177.3,-2.61,2.655,1.255,8.09,38.2,3738.0,18020.0,0.2074,,,1.362
2022-12-29,사고학습,180.0,331.14,185.12,129.75,16.27,0.559,0.3918,0.0491,0.5476,0.3855,0.0669,98.57,69.392,12.038,1464.03,901.86,190.58,2556.47,11.64,112.949,38.224,12.692,4526.5,1991.9,170.2,6688.6,6526.6,-162.0,-2.48,2.605,0.96,8.08,38.0,4090.0,17848.0,0.2292,,,1.15
2022-12-30,사고학습,168.0,185.87,134.55,38.94,12.38,0.7239,0.2095,0.0666,0.5976,0.3356,0.0668,100.394,56.384,11.222,1447.37,886.14,186.56,2520.07,11.8,109.816,36.975,12.018,4400.9,1926.8,161.1,6488.9,6158.9,-330.0,-5.36,2.595,1.195,8.11,38.0,3375.0,18168.0,0.1858,,,1.144
2022-12-31,사고학습,174.0,213.43,104.43,88.41,20.59,0.4893,0.4142,0.0965,0.5669,0.3579,0.0752,98.638,62.275,13.087,1430.28,877.56,184.73,2492.58,11.9,107.181,36.385,12.117,4295.4,1896.1,162.5,6353.9,6463.1,109.2,1.69,,,,,,,,,,
2023-01-01,평가,180.0,0.0,,,,,,,0.5449,0.3739,0.0812,98.08,67.297,14.623,1414.0,874.69,184.58,2473.28,11.97,105.334,36.286,12.646,4221.3,1890.9,169.6,6281.8,6775.9,494.1,7.29,,,,,,,,,,
2023-01-02,평가,186.0,339.54,181.8,134.05,23.69,0.5354,0.3948,0.0698,0.5422,0.3798,0.078,100.851,70.644,14.506,1401.8,875.4,184.33,2461.53,11.99,105.302,36.469,12.971,4220.1,1900.5,173.9,6294.4,6890.6,596.2,8.65,2.69,1.035,8.12,38.1,3640.0,18418.0,0.1976,,,1.272
2023-01-03,평가,192.0,243.97,152.54,77.01,14.42,0.6252,0.3157,0.0591,0.5657,0.3616,0.0726,108.623,69.431,13.946,1398.34,874.84,183.54,2456.72,11.97,108.392,36.528,13.024,4343.9,1903.5,174.6,6422.0,7236.5,814.4,11.25,2.765,1.16,8.14,38.1,4102.0,18260.0,0.2246,,,1.392
2023-01-04,평가,192.0,148.11,131.46,0.0,16.65,0.8876,0.0,0.1124,0.657,0.2591,0.0839,126.14,49.749,16.111,1412.67,854.64,184.97,2452.29,11.95,117.304,35.004,13.711,4701.0,1824.1,183.8,6708.9,7460.0,751.1,10.07,2.77,1.09,8.14,38.0,3564.0,18528.0,0.1924,,,1.274
2023-01-05,평가,192.0,261.58,156.96,88.86,15.76,0.6,0.3397,0.0602,0.6408,0.282,0.0772,123.041,54.136,14.823,1422.76,840.44,185.01,2448.21,11.94,121.56,34.06,13.792,4871.6,1774.9,184.9,6831.4,7534.9,703.4,9.34,2.735,1.055,8.14,38.0,3280.0,18680.0,0.1756,,,1.31
2023-01-06,평가,198.0,329.88,134.22,181.39,14.27,0.4069,0.5499,0.0433,0.5745,0.3579,0.0676,113.754,70.864,13.381,1422.76,844.11,183.6,2450.46,11.89,120.471,34.596,13.415,4828.0,1802.9,179.9,6810.7,7634.7,824.0,10.79,,,,,,,,,,
2023-01-07,평가,204.0,211.31,133.6,56.97,20.74,0.6322,0.2696,0.0981,0.5909,0.3329,0.0762,120.54,67.906,15.554,1429.54,844.52,184.47,2458.54,11.82,122.513,34.815,13.81,4909.8,1814.3,185.2,6909.2,7712.8,803.6,10.42,,,,,,,,,,
2023-01-08,평가,204.0,0.0,,,,,,,0.6026,0.3149,0.0825,122.932,64.247,16.821,1438.17,841.25,186.54,2465.96,11.76,124.73,34.709,14.459,4998.6,1808.7,193.9,7001.2,7694.8,693.6,9.01,,,,,,,,,,
2023-01-09,평가,204.0,323.93,130.55,169.32,24.06,0.403,0.5227,0.0743,0.546,0.3738,0.0801,111.39,76.262,16.348,1434.57,850.25,187.98,2472.8,11.71,121.48,35.579,14.759,4868.4,1854.1,197.9,6920.4,7597.4,677.0,8.91,2.85,1.09,8.17,37.6,3305.0,18868.0,0.1752,,,1.4
2023-01-10,평가,204.0,231.94,129.56,89.12,13.26,0.5586,0.3842,0.0572,0.5496,0.3768,0.0736,112.117,76.864,15.02,1431.99,859.13,187.97,2479.08,11.66,119.766,36.367,14.566,4799.7,1895.1,195.3,6890.1,7333.8,443.7,6.05,2.85,1.135,8.16,37.6,3509.0,18510.0,0.1896,,,1.438
2023-01-11,평가,204.0,261.88,159.45,88.88,13.55,0.6089,0.3394,0.0517,0.5664,0.3662,0.0674,115.544,74.701,13.754,1433.04,865.14,186.69,2484.87,11.62,120.081,36.863,14.054,4812.3,1921.0,188.4,6921.7,7280.3,358.5,4.92,2.735,1.265,8.16,37.6,3661.0,18380.0,0.1992,,,1.367
2023-01-12,평가,204.0,256.61,134.38,107.24,14.99,0.5237,0.4179,0.0584,0.5543,0.3808,0.0649,113.074,77.693,13.233,1431.53,873.66,185.0,2490.19,11.59,119.286,37.523,13.549,4780.5,1955.4,181.7,6917.5,7444.0,526.5,7.07,2.815,1.115,8.16,37.6,3485.0,18468.0,0.1887,,,1.323
2023-01-13,평가,204.0,212.9,135.83,61.78,15.29,0.638,0.2902,0.0718,0.578,0.3551,0.0668,117.915,72.45,13.635,1434.99,876.25,183.84,2495.08,11.56,120.733,37.665,13.325,4838.4,1962.8,178.7,6979.9,7500.3,520.4,6.94,2.86,1.215,8.16,37.5,3765.0,18308.0,0.2056,,,1.374
2023-01-14,평가,196.0,117.47,54.38,41.66,21.43,0.4629,0.3546,0.1824,0.5454,0.355,0.0996,106.897,69.581,19.523,1427.15,875.77,188.66,2491.59,11.57,117.217,37.556,14.939,4697.6,1957.1,200.3,6854.9,7376.6,521.6,7.07,,,,,,,,,,
2023-01-15,평가,204.0,0.0,,,,,,,0.522,0.3549,0.1231,106.491,72.4,25.109,1419.53,878.15,198.69,2496.37,11.55,114.887,37.688,17.715,4604.2,1964.0,237.5,6805.7,7364.2,558.5,7.58,,,,,,,,,,
2023-01-16,평가,204.0,406.26,157.24,226.64,22.38,0.387,0.5579,0.0551,0.4838,0.4124,0.1038,98.686,84.137,21.177,1404.72,892.07,203.98,2500.77,11.52,110.328,38.74,18.427,4421.5,2018.8,247.1,6687.3,7283.7,596.4,8.19,2.795,1.155,8.16,37.5,3682.0,18610.0,0.1979,,,1.247
2023-01-17,평가,204.0,252.26,158.6,77.95,15.71,0.6287,0.309,0.0623,0.5248,0.3831,0.092,107.069,78.156,18.775,1399.47,898.9,206.45,2504.82,11.5,110.869,39.155,18.192,4443.2,2040.4,243.9,6727.5,7353.0,625.5,8.51,2.73,1.1,8.16,37.5,3464.0,18818.0,0.1841,,,1.303
2023-01-18,평가,204.0,173.58,157.73,0.0,15.85,0.9087,0.0,0.0913,0.6337,0.2745,0.0918,129.265,56.001,18.733,1416.84,883.03,208.67,2508.55,11.49,120.082,37.734,18.02,4812.4,1966.4,241.6,7020.4,7437.9,417.6,5.61,2.875,1.215,8.15,37.5,3716.0,18518.0,0.2007,,,1.329
2023-01-19,평가,204.0,207.56,104.12,88.59,14.85,0.5016,0.4268,0.0715,0.5962,0.3177,0.0861,121.631,64.808,17.56,1425.19,877.24,209.55,2511.97,11.47,122.71,37.233,17.55,4917.7,1940.2,235.3,7093.2,7478.9,385.7,5.16,2.785,1.155,8.18,37.4,3364.0,18758.0,0.1793,,,1.272
2023-01-20,평가,204.0,291.32,186.95,88.96,15.41,0.6417,0.3054,0.0529,0.6091,0.3142,0.0767,124.263,64.096,15.642,1435.5,871.19,208.44,2515.13,11.46,125.383,36.75,16.654,5024.8,1915.1,223.3,7163.2,7403.4,240.2,3.24,2.765,1.15,8.2,37.4,3197.0,18940.0,0.1688,,,1.239
2023-01-21,평가,204.0,113.4,53.46,18.05,41.89,0.4714,0.1592,0.3694,0.5701,0.2703,0.1597,116.3,55.131,32.569,1437.02,856.67,224.34,2518.03,11.45,123.847,35.622,21.122,4963.2,1856.3,283.2,7102.8,6754.7,-348.0,-5.15,,,,,,,,,,
2023-01-22,평가,204.0,0.0,,,,,,,0.5421,0.2388,0.2191,110.594,48.708,44.698,1432.72,836.88,251.1,2520.7,11.44,120.617,34.151,27.806,4833.8,1779.6,372.8,6986.3,8052.0,1065.8,13.24,,,,,,,,,,
2023-01-23,평가,204.0,50.71,50.71,0.0,0.0,1.0,0.0,0.0,0.6719,0.1711,0.157,137.072,34.901,32.028,1455.24,804.87,263.05,2523.15,11.44,129.216,31.797,28.561,5178.4,1657.0,382.9,7218.3,7216.0,-2.3,-0.03,,,,,,,,,,
2023-01-24,평가,204.0,322.8,154.17,155.59,13.04,0.4776,0.482,0.0404,0.6168,0.2592,0.1239,125.835,52.88,25.285,1464.72,793.39,267.3,2525.41,11.43,130.024,31.236,27.052,5210.8,1627.7,362.7,7201.3,,,,,,,,,,,,,
2023-01-25,평가,204.0,237.17,185.21,37.37,14.59,0.7809,0.1576,0.0615,0.6633,0.2304,0.1062,135.323,47.002,21.675,1482.93,776.96,267.61,2527.49,11.43,134.318,30.289,24.941,5382.9,1578.4,334.4,7295.7,6531.2,-764.5,-11.71,2.66,1.11,8.04,37.9,2862.0,18258.0,0.1568,,,1.068
2023-01-26,평가,204.0,331.84,155.3,163.49,13.05,0.468,0.4927,0.0393,0.608,0.3047,0.0873,124.026,62.169,17.805,1488.39,777.01,264.01,2529.41,11.43,132.448,30.698,22.341,5307.9,1599.7,299.5,7207.2,7030.4,-176.9,-2.52,,,,,,,,,,
2023-01-27,평가,204.0,130.57,111.01,0.0,19.56,0.8502,0.0,0.1498,0.6766,0.2184,0.105,138.034,44.546,21.421,1507.41,759.43,264.33,2531.17,11.42,136.897,29.636,21.653,5486.3,1544.4,290.3,7320.9,7334.0,13.0,0.18,2.715,1.115,8.06,37.8,2937.0,18418.0,0.1595,,,1.168
2023-01-28,평가,204.0,183.09,76.98,89.08,17.03,0.4204,0.4865,0.093,0.604,0.2944,0.1016,123.219,60.054,20.727,1510.11,758.76,263.92,2532.79,11.42,133.715,29.974,20.977,5358.7,1562.0,281.3,7202.0,7682.8,480.8,6.26,,,,,,,,,,
2023-01-29,평가,204.0,0.0,,,,,,,0.552,0.3489,0.0992,112.604,71.166,20.231,1501.97,769.26,263.05,2534.27,11.42,127.507,31.151,20.367,5109.9,1623.3,273.1,7006.3,7873.8,867.5,11.02,,,,,,,,,,
2023-01-30,평가,204.0,329.83,131.97,174.09,23.77,0.4001,0.5278,0.0721,0.5089,0.3996,0.0915,103.822,81.515,18.663,1485.7,789.27,260.68,2535.65,11.42,120.165,32.978,19.481,4815.7,1718.5,261.2,6795.4,8036.4,1240.9,15.44,2.745,1.155,7.97,38.0,3164.0,18188.0,0.174,,,1.362
2023-01-31,평가,204.0,276.38,183.1,76.45,16.83,0.6625,0.2766,0.0609,0.5525,0.3647,0.0828,112.702,74.404,16.894,1479.61,800.56,256.73,2536.91,11.43,119.19,33.96,18.346,4776.6,1769.7,246.0,6792.3,8031.9,1239.6,15.43,2.8,1.185,7.98,38.0,3406.0,18340.0,0.1857,,,1.4
2023-02-01,평가,204.0,145.29,128.11,0.0,17.18,0.8818,0.0,0.1182,0.6458,0.2613,0.0929,131.744,53.313,18.943,1493.05,789.87,255.15,2538.07,11.43,126.205,33.108,18.187,5057.7,1725.3,243.9,7026.9,8040.2,1013.3,12.6,2.69,1.2,7.98,38.0,3383.0,18428.0,0.1836,,,1.385
2023-02-02,평가,199.0,190.29,131.71,41.62,16.96,0.6922,0.2187,0.0891,0.6589,0.2493,0.0918,131.13,49.602,18.268,1504.81,776.31,253.01,2534.13,11.45,130.286,32.087,17.877,5221.3,1672.1,239.7,7133.1,7968.2,835.2,10.48,2.73,1.175,8.0,38.0,3609.0,18268.0,0.1976,,,1.383
2023-02-03,평가,204.0,288.07,138.07,134.3,15.7,0.4793,0.4662,0.0545,0.608,0.3108,0.0812,124.036,63.394,16.57,1508.52,777.64,249.35,2535.52,11.45,129.965,32.323,17.156,5208.4,1684.4,230.0,7122.8,7853.8,730.9,9.31,2.77,1.205,8.0,38.0,3505.0,18410.0,0.1904,,,1.428
2023-02-04,평가,214.0,176.64,54.68,101.5,20.46,0.3096,0.5746,0.1158,0.5234,0.3856,0.091,112.011,82.508,19.482,1499.92,797.97,248.9,2546.79,11.4,124.956,34.053,17.538,5007.7,1774.5,235.1,7017.4,8175.1,1157.7,14.16,,,,,,,,,,
2023-02-05,평가,204.0,0.0,,,,,,,0.4628,0.4391,0.0981,94.409,89.585,20.005,1474.4,823.75,249.0,2547.16,11.41,114.827,36.088,17.955,4601.8,1880.6,240.7,6723.1,7757.8,1034.6,13.34,,,,,,,,,,
2023-02-06,평가,204.0,219.17,157.28,38.7,23.19,0.7176,0.1766,0.1058,0.535,0.3647,0.1003,109.145,74.402,20.453,1465.66,832.29,249.55,2547.5,11.42,114.475,36.602,18.374,4587.7,1907.4,246.4,6741.4,7392.0,650.5,8.8,2.72,1.19,8.02,38.2,3268.0,18538.0,0.1763,,,1.216
2023-02-07,평가,204.0,259.88,156.52,89.3,14.06,0.6023,0.3436,0.0541,0.5541,0.3587,0.0872,113.034,73.182,17.784,1461.51,838.93,247.38,2547.81,11.42,115.813,36.941,17.858,4641.3,1925.0,239.4,6805.8,7225.0,419.2,5.8,,,,,,,,,,
2023-02-08,평가,204.0,306.66,107.49,184.14,15.03,0.3505,0.6005,0.049,0.4964,0.4273,0.0764,101.262,87.161,15.577,1445.91,859.01,243.18,2548.1,11.43,111.93,38.347,16.845,4485.7,1998.3,225.9,6709.8,7298.5,588.7,8.07,2.83,1.22,7.98,38.1,3642.0,18168.0,0.2005,,,1.334
2023-02-09,평가,204.0,249.45,156.81,77.34,15.3,0.6286,0.31,0.0613,0.5339,0.394,0.0721,108.909,80.382,14.708,1439.21,870.71,238.44,2548.36,11.43,112.594,38.999,15.894,4512.3,2032.3,213.1,6757.7,7596.6,838.9,11.04,2.84,1.235,7.96,38.0,3632.0,18098.0,0.2007,,,1.38
2023-02-10,평가,204.0,166.99,153.73,0.0,13.26,0.9206,0.0,0.0794,0.6435,0.2823,0.0742,131.273,57.597,15.131,1455.41,858.69,234.51,2548.61,11.44,121.948,37.73,15.372,4887.2,1966.2,206.1,7059.4,7377.8,318.4,4.32,,,,,,,,,,
2023-02-11,평가,204.0,184.46,76.84,88.13,19.49,0.4166,0.4778,0.1057,0.5792,0.3377,0.0831,118.15,68.898,16.952,1457.2,858.93,232.71,2548.83,11.44,122.469,37.556,15.563,4908.0,1957.1,208.7,7073.8,7160.3,86.5,1.21,,,,,,,,,,
2023-02-12,평가,204.0,0.0,,,,,,,0.5331,0.3774,0.0895,108.747,76.996,18.256,1449.43,867.25,232.36,2549.04,11.45,119.028,38.057,16.084,4770.1,1983.2,215.7,6969.0,6957.1,-11.9,-0.17,,,,,,,,,,
2023-02-13,평가,204.0,335.42,132.09,180.77,22.56,0.3938,0.5389,0.0673,0.4936,0.4232,0.0832,100.694,86.336,16.971,1434.24,884.24,230.75,2549.23,11.45,113.685,39.229,16.054,4556.0,2044.2,215.3,6815.5,6932.2,116.7,1.68,2.725,1.02,7.99,37.9,4016.0,18008.0,0.223,,,1.26
2023-02-14,평가,204.0,273.42,181.08,77.45,14.89,0.6623,0.2833,0.0545,0.5414,0.3835,0.075,110.448,78.243,15.309,1430.01,891.79,227.61,2549.4,11.45,114.292,39.577,15.535,4580.3,2062.4,208.3,6851.0,6955.8,104.8,1.51,2.635,1.115,7.99,37.9,4531.0,17868.0,0.2536,,,1.285
2023-02-15,평가,204.0,147.08,132.88,0.0,14.2,0.9035,0.0,0.0965,0.644,0.2748,0.0811,131.384,56.063,16.553,1447.06,876.55,225.96,2549.57,11.46,123.04,38.098,15.554,4930.9,1985.3,208.6,7124.8,7149.7,25.0,0.35,2.61,1.205,7.97,37.9,4327.0,17840.0,0.2425,,,1.431
2023-02-16,평가,204.0,213.41,108.92,87.99,16.5,0.5104,0.4123,0.0773,0.6062,0.3138,0.0801,123.655,64.014,16.331,1455.01,870.48,224.23,2549.71,11.46,125.344,37.478,15.501,5023.2,1953.0,207.8,7184.1,6894.8,-289.3,-4.2,2.645,1.205,7.95,38.0,3984.0,17698.0,0.2251,,,1.4
2023-02-17,평가,204.0,327.33,133.62,179.44,14.27,0.4082,0.5482,0.0436,0.55,0.3802,0.0697,112.208,77.569,14.223,1450.88,878.44,220.52,2549.85,11.46,122.186,38.036,14.832,4896.7,1982.1,198.9,7077.6,7137.8,60.1,0.84,2.675,1.145,8.0,38.0,3276.0,18148.0,0.1805,,,1.29
2023-02-18,평가,204.0,159.03,82.57,56.15,20.31,0.5192,0.3531,0.1277,0.5413,0.3725,0.0862,110.426,75.998,17.576,1445.3,884.21,220.47,2549.97,11.47,119.525,38.384,15.382,4790.1,2000.2,206.2,6996.5,7524.0,527.5,7.01,,,,,,,,,,
2023-02-19,평가,204.0,0.0,,,,,,,0.535,0.367,0.0979,109.148,74.873,19.979,1438.89,888.38,222.82,2550.09,11.47,117.373,38.59,16.478,4703.8,2010.9,220.9,6935.7,7626.2,690.5,9.05,,,,,,,,,,
2023-02-20,평가,198.0,192.9,132.03,38.84,22.03,0.6844,0.2013,0.1142,0.5774,0.3201,0.1025,114.324,63.372,20.305,1438.17,880.72,225.31,2544.2,11.5,118.116,37.844,17.323,4733.6,1972.1,232.3,6938.0,7321.5,383.5,5.24,2.67,1.165,8.04,38.0,2948.0,18468.0,0.1596,,,1.277
2023-02-21,평가,192.0,304.35,156.75,133.61,13.99,0.515,0.439,0.046,0.5597,0.3538,0.0865,107.465,67.925,16.61,1430.64,878.23,223.9,2532.77,11.55,115.831,37.575,16.79,4642.0,1958.1,225.1,6825.2,6772.2,-53.1,-0.78,2.665,1.155,8.06,37.9,2862.0,18338.0,0.1561,,,1.19
2023-02-22,평가,192.0,232.11,78.81,138.85,14.45,0.3395,0.5982,0.0623,0.4973,0.4231,0.0796,95.482,81.228,15.29,1411.74,889.24,221.29,2522.26,11.6,109.629,38.411,16.031,4393.4,2001.7,214.9,6610.0,6629.9,19.9,0.3,,,,,,,,,,
2023-02-23,평가,187.0,172.56,82.9,76.74,12.92,0.4804,0.4447,0.0749,0.4925,0.4292,0.0783,92.1,80.261,14.639,1390.96,898.4,218.24,2507.6,11.66,104.451,39.044,15.318,4185.9,2034.6,205.4,6425.9,6873.6,447.7,6.51,2.665,1.115,8.02,38.0,2718.0,18108.0,0.1501,,,1.251
2023-02-24,평가,180.0,93.73,81.08,0.0,12.65,0.865,0.0,0.135,0.5981,0.3075,0.0944,107.66,55.357,16.983,1387.41,881.92,217.77,2487.1,11.74,107.481,37.589,15.535,4307.4,1958.8,208.3,6474.5,6549.9,75.4,1.15,2.655,1.115,8.02,38.0,2826.0,17868.0,0.1582,,,1.168
2023-02-25,평가,180.0,135.37,27.39,88.41,19.57,0.2023,0.6531,0.1446,0.4859,0.4055,0.1086,87.466,72.989,19.545,1363.94,884.4,219.9,2468.24,11.81,101.273,37.764,16.452,4058.6,1967.9,220.6,6247.1,5816.1,-431.0,-7.41,,,,,,,,,,
2023-02-26,평가,180.0,0.0,,,,,,,0.4055,0.4757,0.1188,72.996,85.623,21.381,1327.88,899.31,223.7,2450.89,11.87,91.656,38.923,17.628,3673.2,2028.3,236.4,5937.8,5207.3,-730.5,-14.03,,,,,,,,,,
2023-02-27,평가,180.0,285.81,105.87,157.17,22.77,0.3704,0.5499,0.0797,0.3956,0.4967,0.1077,71.204,89.41,19.385,1292.91,916.81,225.2,2434.93,11.92,85.008,40.21,17.831,3406.8,2095.4,239.1,5741.2,4976.1,-765.2,-15.38,2.61,1.16,7.98,37.7,2906.0,17828.0,0.163,,,0.95
2023-02-28,평가,180.0,189.72,101.21,74.95,13.56,0.5335,0.3951,0.0715,0.4347,0.4679,0.0974,78.24,84.223,17.537,1267.78,927.73,224.73,2420.24,11.96,83.723,40.889,17.414,3355.2,2130.8,233.5,5719.5,5058.2,-661.3,-13.07,2.64,1.195,7.98,37.9,2787.0,17910.0,0.1556,,,1.084
2023-03-01,평가,166.0,119.21,103.41,0.0,15.8,0.8675,0.0,0.1325,0.5574,0.3353,0.1074,92.52,55.654,17.825,1258.93,909.21,224.59,2392.73,12.06,88.642,39.179,17.217,3552.4,2041.7,230.8,5824.9,4800.9,-1024.0,-21.33,,,,,,,,,,
2023-03-02,평가,136.0,104.76,49.75,41.33,13.68,0.4749,0.3945,0.1306,0.534,0.3521,0.114,72.621,47.881,15.498,1230.9,884.39,222.13,2337.42,12.3,83.716,37.106,16.384,3355.0,1933.6,219.7,5508.3,3828.5,-1679.8,-43.88,2.63,1.095,8.02,37.9,2537.0,18118.0,0.14,,,0.683
2023-03-03,평가,180.0,276.64,132.37,130.93,13.34,0.4785,0.4733,0.0482,0.5182,0.3864,0.0953,93.285,69.557,17.158,1225.76,883.24,221.53,2330.53,12.27,88.944,37.079,16.315,3564.5,1932.2,218.8,5715.4,4498.1,-1217.3,-27.06,2.645,1.2,8.02,37.9,2602.0,18058.0,0.1441,,,0.857
2023-03-04,평가,180.0,101.82,26.87,56.57,18.38,0.2639,0.5556,0.1805,0.4461,0.4344,0.1195,80.307,78.188,21.505,1208.06,890.81,225.32,2324.19,12.24,86.976,37.746,17.571,3485.6,1967.0,235.6,5688.2,4638.3,-1050.0,-22.64,,,,,,,,,,
2023-03-05,평가,180.0,0.0,,,,,,,0.3945,0.4687,0.1368,71.007,84.373,24.62,1182.48,903.95,231.93,2318.36,12.22,82.043,38.808,19.362,3287.9,2022.3,259.6,5569.9,4868.3,-701.6,-14.41,,,,,,,,,,
2023-03-06,평가,180.0,138.17,76.97,38.69,22.51,0.5571,0.28,0.1629,0.4406,0.4152,0.1442,79.303,74.744,25.953,1167.24,906.42,239.34,2312.99,12.19,82.319,38.94,20.983,3299.0,2029.2,281.3,5609.5,5257.0,-352.6,-6.71,2.47,1.155,8.03,37.9,2754.0,18408.0,0.1496,,,0.97
2023-03-07,평가,180.0,308.07,181.58,112.88,13.61,0.5894,0.3664,0.0442,0.4828,0.4014,0.1158,86.897,72.252,20.851,1160.81,906.2,241.05,2308.06,12.16,85.527,38.852,20.557,3427.6,2024.6,275.6,5727.8,5985.7,257.9,4.31,2.575,1.065,8.04,37.6,2569.0,18238.0,0.1409,,,1.136
2023-03-08,평가,180.0,148.89,0.0,134.02,14.87,0.0,0.9001,0.0999,0.3459,0.5428,0.1113,62.265,97.699,20.036,1130.26,931.44,241.81,2303.51,12.13,77.653,40.813,20.022,3112.0,2126.8,268.5,5507.3,5242.0,-265.3,-5.06,,,,,,,,,,
2023-03-09,평가,180.0,145.43,54.34,77.07,14.02,0.3737,0.5299,0.0964,0.3538,0.5391,0.1071,63.68,97.045,19.275,1103.57,954.01,241.75,2299.34,12.1,73.362,42.426,19.429,2940.0,2210.9,260.5,5411.4,6444.8,1033.3,16.03,2.585,1.145,8.02,37.5,2708.0,18048.0,0.15,,,1.024
2023-03-10,평가,180.0,96.98,82.49,0.0,14.49,0.8506,0.0,0.1494,0.4946,0.3863,0.1191,89.029,69.536,21.435,1104.36,947.27,243.86,2295.49,12.08,80.856,41.596,19.673,3240.4,2167.6,263.8,5671.8,5065.3,-606.4,-11.97,2.55,1.12,8.04,37.4,2594.0,18110.0,0.1432,,,1.004
2023-03-11,평가,180.0,182.57,51.97,112.54,18.06,0.2847,0.6164,0.0989,0.4351,0.4515,0.1134,78.317,81.277,20.406,1094.38,952.81,244.77,2291.95,12.05,81.193,41.83,19.531,3253.8,2179.8,261.9,5695.5,5226.3,-469.2,-8.98,,,,,,,,,,
2023-03-12,평가,180.0,0.0,,,,,,,0.3924,0.4983,0.1093,70.641,89.69,19.669,1077.52,966.32,244.87,2288.7,12.02,78.33,42.702,19.213,3139.1,2225.2,257.6,5622.0,5799.1,177.1,3.05,,,,,,,,,,
2023-03-13,평가,167.0,313.7,160.09,132.24,21.37,0.5103,0.4215,0.0681,0.4259,0.4765,0.0976,71.119,79.58,16.301,1062.48,968.63,241.59,2272.7,12.07,76.756,42.633,17.985,3076.0,2221.7,241.1,5538.9,5430.8,-108.1,-1.99,2.605,1.06,8.04,37.2,2463.0,18318.0,0.1345,,,0.779
2023-03-14,평가,139.0,191.09,100.72,77.19,13.18,0.5271,0.4039,0.069,0.4546,0.456,0.0895,63.183,63.377,12.439,1040.71,954.56,234.71,2229.99,12.25,72.61,41.279,15.99,2909.9,2151.1,214.4,5275.4,4367.9,-907.5,-20.78,,,,,,,,,,
2023-03-15,평가,174.0,144.15,79.24,49.91,15.0,0.5497,0.3462,0.1041,0.4815,0.4249,0.0936,83.786,73.924,16.29,1041.29,952.16,232.23,2225.69,12.22,78.295,40.973,15.786,3137.7,2135.1,211.7,5484.5,5968.6,484.1,8.11,2.45,0.89,8.04,37.0,2596.0,18220.0,0.1425,,,1.007
2023-03-16,평가,168.0,158.08,53.77,87.78,16.53,0.3401,0.5553,0.1046,0.4415,0.4618,0.0967,74.164,77.587,16.25,1032.2,953.62,229.92,2215.73,12.21,77.952,41.005,15.634,3124.0,2136.8,209.6,5470.4,5779.2,308.8,5.34,,,,,,,,,,
2023-03-17,평가,168.0,248.06,55.01,179.36,13.69,0.2218,0.7231,0.0552,0.3792,0.5359,0.0849,63.701,90.027,14.272,1013.37,967.4,225.8,2206.57,12.21,73.555,42.028,14.937,2947.8,2190.1,200.3,5338.2,5407.6,69.4,1.28,2.49,1.17,8.04,37.0,2702.0,18068.0,0.1495,,,1.025
2023-03-18,평가,168.0,127.98,51.38,57.02,19.58,0.4015,0.4455,0.153,0.3855,0.5103,0.1042,64.763,85.725,17.512,997.11,975.78,225.26,2198.14,12.2,71.269,42.553,15.435,2856.1,2217.5,207.0,5280.6,5316.2,35.6,0.67,,,,,,,,,,
2023-03-19,평가,168.0,0.0,,,,,,,0.39,0.4919,0.1181,65.524,82.642,19.834,982.91,980.4,227.08,2190.39,12.19,70.163,42.752,16.47,2811.8,2227.9,220.8,5260.5,5385.2,124.7,2.32,,,,,,,,,,
2023-03-20,평가,168.0,163.28,103.09,38.74,21.45,0.6314,0.2373,0.1314,0.4584,0.4197,0.1218,77.017,70.515,20.468,981.33,972.53,229.4,2183.26,12.17,74.078,41.951,17.366,2968.7,2186.1,232.8,5387.7,5240.1,-147.5,-2.82,2.5,1.1,8.04,37.0,2492.0,17958.0,0.1388,,,0.609
2023-03-21,평가,168.0,177.75,76.56,88.33,12.86,0.4307,0.4969,0.0723,0.4506,0.4416,0.1078,75.697,74.191,18.111,978.57,968.96,229.17,2176.69,12.15,75.965,41.564,17.27,3044.3,2166.0,231.6,5441.9,5025.0,-416.9,-8.3,2.52,1.125,8.04,37.0,2648.0,17640.0,0.1501,,,0.718
2023-03-22,평가,168.0,194.76,0.0,179.63,15.13,0.0,0.9223,0.0777,0.3229,0.5779,0.0993,54.239,97.084,16.677,954.57,988.57,227.52,2170.65,12.14,68.545,43.068,16.774,2747.0,2244.3,224.9,5216.2,4990.6,-225.6,-4.52,2.525,1.225,8.09,36.8,2597.0,17418.0,0.1491,,,0.657
2023-03-23,평가,168.0,168.59,77.43,77.17,13.99,0.4593,0.4577,0.083,0.3615,0.5438,0.0947,60.736,91.362,15.901,938.98,1000.89,225.23,2165.1,12.12,66.568,43.887,16.203,2667.8,2287.0,217.3,5172.0,4965.0,-207.0,-4.17,,,,,,,,,,
2023-03-24,평가,168.0,167.6,108.51,45.6,13.49,0.6474,0.2721,0.0805,0.4426,0.4668,0.0906,74.352,78.421,15.227,938.26,999.28,222.45,2159.99,12.1,70.795,43.547,15.612,2837.2,2269.3,209.3,5315.8,4651.0,-664.7,-14.29,,,,,,,,,,
2023-03-25,평가,168.0,114.1,54.72,41.49,17.89,0.4796,0.3636,0.1568,0.4531,0.4375,0.1094,76.115,73.508,18.377,939.35,992.89,223.04,2155.28,12.08,74.107,42.865,16.154,2969.9,2233.8,216.6,5420.2,4714.0,-706.3,-14.98,,,,,,,,,,
2023-03-26,평가,168.0,0.0,,,,,,,0.4606,0.4166,0.1228,77.377,69.988,20.635,941.62,983.49,225.84,2150.96,12.05,76.654,42.005,17.201,3072.0,2188.9,230.6,5491.5,,,,,,,,,,,,,
2023-03-27,평가,162.0,303.5,98.49,183.44,21.57,0.3245,0.6044,0.0711,0.422,0.4698,0.1082,68.365,76.113,17.521,934.7,980.97,225.3,2140.98,12.07,74.621,41.764,16.98,2990.5,2176.4,227.7,5394.5,5193.2,-201.3,-3.88,2.5,1.005,8.16,36.7,2218.0,18448.0,0.1202,,,0.646
2023-03-28,평가,168.0,185.54,95.46,76.82,13.26,0.5145,0.414,0.0715,0.4482,0.454,0.0978,75.302,76.275,16.423,935.27,978.81,223.71,2137.79,12.04,76.141,41.573,16.5,3051.4,2166.4,221.2,5439.1,5509.7,70.6,1.28,2.665,1.185,8.02,36.7,2754.0,18168.0,0.1516,,,0.76
2023-03-29,평가,168.0,185.65,75.97,93.83,15.85,0.4092,0.5054,0.0854,0.4372,0.4686,0.0942,73.444,78.723,15.833,933.93,979.27,221.66,2134.86,12.01,76.336,41.606,15.996,3059.2,2168.1,214.5,5441.8,5545.3,103.5,1.87,2.635,1.18,8.02,36.7,2582.0,18200.0,0.1419,,,0.724
2023-03-30,평가,168.0,133.98,53.05,65.39,15.54,0.396,0.4881,0.116,0.4255,0.4741,0.1004,71.481,79.65,16.869,930.74,980.62,220.81,2132.17,11.99,75.671,41.708,15.964,3032.6,2173.5,214.0,5420.1,5623.5,203.4,3.62,2.43,1.135,7.98,36.7,2656.0,18008.0,0.1475,,,0.743
2023-03-31,평가,168.0,128.36,26.53,88.26,13.57,0.2067,0.6876,0.1057,0.3635,0.5346,0.1019,61.062,89.817,17.122,917.38,992.04,220.27,2129.69,11.96,71.093,42.608,16.017,2849.1,2220.4,214.8,5284.2,5106.7,-177.6,-3.48,,,,,,,,,,
2023-04-01,평가,168.0,246.77,80.72,148.23,17.82,0.3271,0.6007,0.0722,0.3532,0.5533,0.0935,59.33,92.963,15.707,903.36,1005.68,218.37,2127.41,11.94,67.577,43.625,15.629,2708.2,2273.3,209.6,5191.1,4713.6,-477.5,-10.13,,,,,,,,,,
2023-04-02,평가,168.0,0.0,,,,,,,0.3458,0.5668,0.0875,58.09,95.217,14.694,889.22,1020.49,215.6,2125.31,11.92,64.912,44.668,15.061,2601.4,2327.7,201.9,5131.0,4776.5,-354.5,-7.42,,,,,,,,,,
2023-04-03,평가,168.0,191.69,131.04,38.3,22.35,0.6836,0.1998,0.1166,0.4415,0.4627,0.0957,74.178,77.741,16.081,892.3,1016.63,214.44,2123.38,11.9,69.704,44.156,15.089,2793.4,2301.0,202.3,5296.8,5175.2,-121.6,-2.35,2.44,1.095,7.94,36.4,2351.0,17728.0,0.1326,,,0.567
2023-04-04,평가,168.0,220.3,76.61,133.05,10.64,0.3478,0.6039,0.0483,0.415,0.5028,0.0823,69.712,84.465,13.823,890.67,1019.81,211.12,2121.61,11.87,70.873,44.26,14.432,2840.3,2306.4,193.5,5340.2,5086.5,-253.7,-4.99,2.46,1.075,7.94,36.4,2178.0,17580.0,0.1239,,,0.68
2023-04-05,평가,168.0,188.71,80.33,87.59,20.79,0.4257,0.4642,0.1102,0.418,0.4918,0.0902,70.223,82.626,15.151,889.68,1020.9,209.39,2119.97,11.85,71.798,44.2,14.382,2877.4,2303.3,192.8,5373.5,5136.2,-237.3,-4.62,,,,,,,,,,
2023-04-06,평가,168.0,196.31,108.34,76.98,10.99,0.5519,0.3921,0.056,0.4559,0.4636,0.0805,76.599,77.879,13.522,895.14,1017.15,206.17,2118.47,11.83,74.919,43.77,13.859,3002.4,2280.9,185.8,5469.2,4901.3,-567.8,-11.59,2.555,1.055,7.94,36.4,2304.0,17418.0,0.1323,,,0.584
2023-04-07,평가,168.0,66.7,53.83,0.0,12.87,0.807,0.0,0.193,0.5555,0.3322,0.1124,93.319,55.803,18.878,916.89,991.63,208.56,2117.08,11.82,83.532,41.638,15.109,3347.6,2169.8,202.6,5720.0,4938.4,-781.6,-15.83,2.525,1.07,7.94,36.2,2249.0,17535.0,0.1283,,,0.598
2023-04-08,평가,168.0,167.46,55.72,91.48,20.26,0.3327,0.5463,0.121,0.4923,0.3929,0.1148,82.712,66.0,19.288,926.29,978.34,211.18,2115.81,11.8,84.601,40.644,16.085,3390.4,2118.0,215.7,5724.1,4879.7,-844.4,-17.3,,,,,,,,,,
2023-04-09,평가,168.0,0.0,,,,,,,0.4471,0.4363,0.1166,75.112,73.306,19.582,927.34,973.42,213.87,2114.64,11.78,82.22,40.383,16.838,3295.0,2104.4,225.8,5625.2,4895.1,-730.1,-14.92,,,,,,,,,,
2023-04-10,평가,168.0,278.64,79.21,178.09,21.34,0.2843,0.6391,0.0766,0.4009,0.4938,0.1052,67.358,82.964,17.679,920.55,978.56,214.45,2113.56,11.77,77.65,40.935,16.78,3111.9,2133.2,225.0,5470.1,5097.2,-372.8,-7.31,2.475,1.065,8.04,36.0,2175.0,17848.0,0.1219,,,0.575
2023-04-11,평가,168.0,195.29,104.33,77.06,13.9,0.5342,0.3946,0.0712,0.4387,0.4657,0.0956,73.705,78.238,16.057,920.66,978.55,213.36,2112.57,11.75,77.371,41.026,16.254,3100.7,2137.9,217.9,5456.5,4985.8,-470.8,-9.44,2.525,1.07,8.04,36.0,2301.0,17928.0,0.1283,,,0.607
2023-04-12,평가,168.0,69.07,54.32,0.0,14.75,0.7864,0.0,0.2136,0.5373,0.3337,0.129,90.265,56.06,21.675,937.31,956.37,217.98,2111.66,11.74,83.823,39.328,17.581,3359.2,2049.4,235.7,5644.4,4749.6,-894.8,-18.84,2.475,1.07,8.06,36.0,2192.0,18110.0,0.121,,,0.59
2023-04-13,평가,168.0,211.41,108.2,89.15,14.06,0.5118,0.4217,0.0665,0.5301,0.3586,0.1113,89.051,60.251,18.698,951.42,940.16,219.25,2110.82,11.72,87.316,38.222,17.592,3499.2,1991.8,235.9,5726.9,4541.8,-1185.1,-26.09,,,,,,,,,,
2023-04-14,평가,168.0,274.42,80.18,179.97,14.27,0.2922,0.6558,0.052,0.4626,0.4429,0.0945,77.722,74.403,15.874,953.07,939.39,217.59,2110.05,11.71,84.939,38.414,16.753,3404.0,2001.8,224.6,5630.4,4634.4,-996.0,-21.49,,,,,,,,,,
2023-04-15,평가,168.0,130.91,55.19,56.48,19.24,0.4216,0.4314,0.147,0.451,0.4396,0.1094,75.768,73.859,18.374,952.63,938.14,218.57,2109.34,11.7,82.691,38.534,16.931,3313.9,2008.1,227.0,5549.0,4874.8,-674.2,-13.83,,,,,,,,,,
2023-04-16,평가,168.0,0.0,,,,,,,0.4427,0.4373,0.12,74.367,73.469,20.164,950.83,936.6,221.26,2108.69,11.69,80.744,38.605,17.589,3235.9,2011.7,235.8,5483.5,,,,,,,,,,,,,
2023-04-17,평가,168.0,138.6,78.63,38.48,21.49,0.5673,0.2776,0.1551,0.478,0.392,0.13,80.303,65.864,21.832,955.11,927.58,225.4,2108.08,11.67,81.918,38.057,18.538,3282.9,1983.2,248.6,5514.7,4966.0,-548.7,-11.05,2.355,0.86,8.0,36.0,2412.0,17868.0,0.135,,,0.586
2023-04-18,평가,168.0,257.77,156.75,89.05,11.97,0.6081,0.3455,0.0464,0.5149,0.3788,0.1063,86.499,63.646,17.855,965.24,917.06,225.23,2107.53,11.66,85.121,37.413,17.992,3411.3,1949.7,241.2,5602.2,4971.6,-630.5,-12.68,2.505,1.135,8.0,36.0,2695.0,17608.0,0.1531,,,0.624
2023-04-19,평가,168.0,275.09,82.04,178.96,14.09,0.2982,0.6506,0.0512,0.4535,0.4559,0.0907,76.182,76.585,15.233,964.25,920.32,222.46,2107.02,11.65,82.969,37.902,16.833,3325.0,1975.1,225.7,5525.9,4969.5,-556.3,-11.2,2.445,1.09,8.01,36.0,2470.0,18008.0,0.1372,,,0.626
2023-04-20,평가,168.0,118.8,26.6,76.54,15.66,0.2239,0.6443,0.1318,0.3884,0.5093,0.1023,65.25,85.558,17.192,952.4,932.29,221.86,2106.55,11.65,77.269,39.035,16.631,3096.6,2034.2,223.0,5353.8,5250.9,-102.9,-1.96,2.55,1.145,8.0,36.0,2735.0,17640.0,0.155,,,0.691
2023-04-21,평가,168.0,146.8,133.33,0.0,13.47,0.9082,0.0,0.0918,0.5358,0.3649,0.0993,90.007,61.305,16.689,966.26,919.05,220.81,2106.12,11.64,83.656,38.057,16.342,3352.6,1983.2,219.1,5554.9,5430.5,-124.4,-2.29,,,,,,,,,,
2023-04-22,평가,168.0,166.63,56.3,91.37,18.96,0.3379,0.5483,0.1138,0.4797,0.4169,0.1034,80.583,70.04,17.377,969.58,915.61,220.53,2105.73,11.63,83.826,37.926,16.351,3359.4,1976.4,219.2,5555.0,5555.0,-0.0,-0.0,,,,,,,,,,
2023-04-23,평가,168.0,0.0,,,,,,,0.4395,0.4542,0.1064,73.831,76.3,17.87,965.89,918.7,220.77,2105.36,11.62,81.23,38.315,16.506,3255.3,1996.6,221.3,5473.3,5653.5,180.2,3.19,,,,,,,,,,
2023-04-24,평가,168.0,308.43,105.42,181.24,21.77,0.3418,0.5876,0.0706,0.4118,0.492,0.0962,69.179,82.655,16.166,957.84,927.9,219.28,2105.03,11.61,77.768,39.153,16.1,3116.6,2040.3,215.9,5372.8,5689.7,316.9,5.57,2.455,0.995,7.96,36.0,2369.0,17428.0,0.1359,,,0.687
2023-04-25,평가,168.0,256.53,130.27,115.25,11.01,0.5078,0.4493,0.0429,0.439,0.4799,0.0811,73.753,80.62,13.627,955.01,934.33,215.38,2104.72,11.61,77.463,39.703,15.061,3104.4,2069.0,201.9,5375.3,5470.8,95.5,1.75,2.615,1.13,7.98,36.0,2752.0,17408.0,0.1581,,,0.699
2023-04-26,평가,168.0,126.53,108.9,0.0,17.63,0.8607,0.0,0.1393,0.5585,0.3439,0.0976,93.833,57.767,16.4,972.48,917.39,214.56,2104.43,11.6,85.306,38.341,15.186,3418.7,1998.0,203.6,5620.3,5488.6,-131.8,-2.4,2.425,1.085,8.0,36.0,2451.0,17378.0,0.141,,,0.687
2023-04-27,평가,168.0,103.77,0.0,88.58,15.19,0.0,0.8536,0.1464,0.4002,0.4884,0.1114,67.235,82.043,18.722,961.96,926.09,216.12,2104.17,11.59,79.504,39.127,15.967,3186.2,2039.0,214.1,5439.2,5535.5,96.3,1.74,2.445,0.895,8.02,36.0,2610.0,17610.0,0.1482,,,0.63
2023-04-28,평가,168.0,374.91,162.26,199.04,13.61,0.4328,0.5309,0.0363,0.4094,0.5004,0.0901,68.787,84.07,15.144,953.84,936.11,213.99,2103.93,11.59,76.547,39.956,15.426,3067.7,2082.2,206.8,5356.7,5511.8,155.2,2.81,,,,,,,,,,
2023-04-29,평가,168.0,103.48,82.19,0.0,21.29,0.7943,0.0,0.2057,0.5185,0.3586,0.1229,87.113,60.239,20.649,964.68,921.5,217.53,2103.71,11.58,82.053,38.754,16.709,3288.3,2019.5,224.0,5531.9,5582.8,50.9,0.91,,,,,,,,,,
2023-04-30,평가,170.0,0.0,,,,,,,0.5967,0.2569,0.1464,101.437,43.677,24.886,988.99,891.5,225.02,2105.51,11.57,91.179,36.409,18.854,3654.1,1897.3,252.8,5804.2,5553.6,-250.6,-4.51,,,,,,,,,,
2023-05-01,평가,166.0,188.61,129.06,38.01,21.54,0.6843,0.2015,0.1142,0.6215,0.2412,0.1373,103.172,40.042,22.786,1013.09,860.26,229.81,2103.16,11.58,97.501,34.125,19.687,3907.4,1778.3,264.0,5949.7,5823.1,-126.6,-2.17,2.41,1.05,7.93,36.0,2483.0,17858.0,0.139,,,0.683
2023-05-02,평가,168.0,204.96,106.07,84.84,14.05,0.5175,0.4139,0.0685,0.592,0.2902,0.1178,99.462,48.75,19.788,1031.55,840.23,231.23,2103.0,11.57,99.916,32.883,19.355,4004.2,1713.6,259.5,5977.3,5608.9,-368.4,-6.57,2.425,1.05,7.96,36.0,2269.0,17528.0,0.1294,,,0.701
2023-05-03,평가,168.0,305.51,108.96,179.94,16.61,0.3566,0.589,0.0544,0.5253,0.3749,0.0998,88.252,62.98,16.768,1037.32,836.03,229.51,2102.85,11.57,96.921,32.966,18.222,3884.2,1717.9,244.3,5846.4,5587.8,-258.6,-4.63,2.43,1.055,7.97,36.0,2035.0,17710.0,0.1149,,,0.668
2023-05-04,평가,168.0,115.39,27.78,73.69,13.92,0.2407,0.6386,0.1206,0.4446,0.4496,0.1057,74.701,75.54,17.76,1029.08,844.72,228.92,2102.72,11.56,89.654,34.042,17.748,3592.9,1773.9,238.0,5604.9,5691.1,86.3,1.52,2.44,1.045,7.98,36.0,2268.0,17638.0,0.1286,,,0.651
2023-05-05,평가,168.0,96.7,83.0,0.0,13.7,0.8583,0.0,0.1417,0.5619,0.3222,0.1159,94.401,54.127,19.472,1041.2,831.31,230.09,2102.6,11.56,93.052,33.242,17.938,3729.1,1732.3,240.5,5701.9,5785.0,83.0,1.44,,,,,,,,,,
2023-05-06,평가,168.0,167.54,56.74,91.98,18.82,0.3387,0.549,0.1123,0.4986,0.3865,0.1149,83.769,64.928,19.302,1041.72,829.77,230.99,2102.48,11.56,90.895,33.427,18.017,3642.7,1741.9,241.6,5626.2,5482.7,-143.4,-2.62,,,,,,,,,,
2023-05-07,평가,168.0,0.0,,,,,,,0.4533,0.4325,0.1142,76.152,72.668,19.18,1034.58,836.09,231.7,2102.38,11.55,86.518,34.203,18.034,3467.3,1782.4,241.8,5491.4,5272.3,-219.2,-4.16,,,,,,,,,,
2023-05-08,평가,168.0,362.88,159.13,180.82,22.93,0.4385,0.4983,0.0632,0.4491,0.4512,0.0997,75.449,75.799,16.752,1027.31,845.04,229.93,2102.28,11.55,83.537,35.113,17.318,3347.8,1829.8,232.2,5409.8,5194.9,-214.9,-4.14,2.435,0.945,8.0,36.0,2310.0,17848.0,0.1294,,,0.605
2023-05-09,평가,168.0,219.85,132.16,72.73,14.96,0.6011,0.3308,0.068,0.4922,0.4171,0.0907,82.689,70.067,15.244,1027.86,847.54,226.79,2102.19,11.55,84.595,35.427,16.377,3390.2,1846.1,219.6,5455.9,5287.0,-168.9,-3.19,2.505,1.03,8.02,36.0,2189.0,17928.0,0.1221,,,0.67
2023-05-10,평가,168.0,96.27,79.71,0.0,16.56,0.828,0.0,0.172,0.5874,0.2988,0.1138,98.68,50.205,19.115,1044.36,829.98,227.77,2102.11,11.54,91.644,34.105,16.897,3672.7,1777.2,226.6,5676.5,5412.8,-263.7,-4.87,2.48,1.035,8.01,36.0,2610.0,17758.0,0.147,,,0.699
2023-05-11,평가,168.0,190.24,109.25,64.72,16.27,0.5743,0.3402,0.0855,0.5837,0.3106,0.1058,98.056,52.175,17.769,1058.91,815.79,227.33,2102.03,11.54,95.741,33.14,16.847,3836.9,1726.9,225.9,5789.7,5478.9,-310.8,-5.67,2.605,1.225,8.03,36.0,2633.0,17910.0,0.147,,,0.666
2023-05-12,평가,168.0,151.61,137.0,0.0,14.61,0.9036,0.0,0.0964,0.6744,0.2225,0.1031,113.294,37.385,17.321,1087.54,787.95,226.47,2101.96,11.54,104.364,31.136,16.679,4182.4,1622.6,223.6,6028.6,5678.8,-349.8,-6.16,,,,,,,,,,
2023-05-13,평가,168.0,287.41,77.54,189.34,20.53,0.2698,0.6588,0.0714,0.5597,0.3462,0.0941,94.027,58.16,15.813,1094.61,783.11,224.18,2101.9,11.54,101.974,31.097,16.112,4086.7,1620.5,216.0,5923.2,5740.3,-182.9,-3.19,,,,,,,,,,
2023-05-14,평가,168.0,0.0,,,,,,,0.4775,0.4348,0.0877,80.221,73.047,14.732,1087.31,793.54,220.99,2101.84,11.53,94.978,32.255,15.402,3806.3,1680.8,206.5,5693.7,5571.5,-122.2,-2.19,,,,,,,,,,
2023-05-15,평가,168.0,238.77,135.58,80.23,22.96,0.5678,0.336,0.0962,0.5031,0.4068,0.0901,84.522,68.342,15.136,1084.9,798.44,218.45,2101.79,11.53,92.384,32.862,15.038,3702.4,1712.5,201.6,5616.5,5738.2,121.7,2.12,2.485,0.94,8.0,36.0,2428.0,18008.0,0.1348,,,0.655
2023-05-16,평가,168.0,258.62,132.75,112.36,13.51,0.5133,0.4345,0.0522,0.506,0.4146,0.0794,85.008,69.659,13.333,1083.16,804.26,214.32,2101.74,11.53,90.979,33.482,14.25,3646.0,1744.8,191.1,5581.9,5531.2,-50.7,-0.92,2.52,1.01,7.99,36.0,2605.0,17768.0,0.1466,,,0.689
2023-05-17,평가,168.0,242.02,136.67,88.81,16.54,0.5647,0.367,0.0683,0.5226,0.4011,0.0762,87.804,67.388,12.808,1084.36,807.34,209.99,2101.69,11.53,91.23,33.828,13.555,3656.1,1762.8,181.7,5600.7,5630.1,29.4,0.52,2.565,1.085,7.98,36.0,2820.0,17780.0,0.1586,,,0.712
2023-05-18,평가,168.0,208.43,111.18,82.95,14.3,0.5334,0.398,0.0686,0.5257,0.4002,0.0741,88.317,67.239,12.445,1085.98,810.03,205.65,2101.65,11.53,91.591,34.11,12.972,3670.6,1777.5,173.9,5622.0,5535.3,-86.7,-1.57,,,,,,,,,,
2023-05-19,평가,168.0,174.17,81.84,78.45,13.88,0.4699,0.4504,0.0797,0.5099,0.4145,0.0757,85.659,69.629,12.712,1084.8,814.89,201.92,2101.61,11.53,90.75,34.54,12.655,3636.9,1799.9,169.7,5606.4,5491.0,-115.4,-2.1,2.51,1.02,7.98,36.0,2676.0,17908.0,0.1494,,,0.697
2023-05-20,평가,162.0,162.25,51.51,91.62,19.12,0.3175,0.5647,0.1178,0.4553,0.457,0.0876,73.764,74.041,14.195,1071.83,823.78,199.97,2095.58,11.56,85.473,35.258,12.884,3425.4,1837.3,172.8,5435.5,5425.5,-10.0,-0.18,,,,,,,,,,
2023-05-21,평가,168.0,0.0,,,,,,,0.4163,0.4876,0.0962,69.931,81.909,16.16,1056.06,839.82,200.14,2096.02,11.55,80.686,36.498,13.63,3233.5,1901.9,182.7,5318.2,5578.0,259.7,4.66,,,,,,,,,,
2023-05-22,평가,168.0,290.48,131.65,135.12,23.71,0.4532,0.4652,0.0816,0.4267,0.4812,0.0921,71.691,80.843,15.466,1043.32,853.51,199.6,2096.43,11.55,78.437,37.465,13.93,3143.4,1952.4,186.8,5282.6,5659.2,376.7,6.66,2.57,1.035,8.02,36.0,2693.0,18108.0,0.1487,,,0.67
2023-05-23,평가,168.0,264.42,133.32,113.56,17.54,0.5042,0.4295,0.0663,0.4487,0.4665,0.0848,75.38,78.379,14.241,1035.28,863.65,197.88,2096.81,11.54,78.526,38.09,13.766,3147.0,1984.9,184.6,5316.5,5414.2,97.7,1.8,2.55,1.025,8.04,36.0,2486.0,18210.0,0.1365,,,0.638
2023-05-24,평가,168.0,177.34,162.99,0.0,14.35,0.9191,0.0,0.0809,0.582,0.3343,0.0837,97.781,56.161,14.058,1050.28,850.76,196.12,2097.16,11.54,87.542,36.843,13.6,3508.3,1919.9,182.4,5610.6,5386.8,-223.8,-4.15,2.475,0.935,8.06,36.0,2269.0,18248.0,0.1243,,,0.63
2023-05-25,평가,168.0,225.57,55.88,156.01,13.68,0.2477,0.6916,0.0606,0.4873,0.4356,0.0771,81.861,73.178,12.961,1048.17,855.91,193.4,2097.48,11.53,86.733,37.145,13.158,3475.9,1935.7,176.4,5588.0,5204.5,-383.5,-7.37,2.505,1.08,8.07,36.0,2409.0,18400.0,0.1309,,,0.682
2023-05-26,평가,168.0,240.55,135.95,89.5,15.1,0.5652,0.3721,0.0628,0.5093,0.4176,0.0731,85.571,70.153,12.276,1049.93,857.63,190.21,2097.78,11.53,87.719,37.16,12.651,3515.4,1936.4,169.6,5621.5,5097.2,-524.3,-10.29,2.655,1.19,8.07,36.0,2836.0,18008.0,0.1575,,,0.592
2023-05-27,평가,168.0,106.08,27.21,57.77,21.1,0.2565,0.5446,0.1989,0.4377,0.4536,0.1087,73.529,76.202,18.269,1039.51,865.26,193.27,2098.05,11.52,83.51,37.656,14.104,3346.7,1962.3,189.1,5498.1,5024.0,-474.2,-9.44,,,,,,,,,,
2023-05-28,평가,168.0,0.0,,,,,,,0.3863,0.4794,0.1343,64.902,80.536,22.563,1021.3,876.61,200.38,2098.3,11.52,77.463,38.425,16.382,3104.4,2002.4,219.6,5326.4,5094.4,-232.0,-4.55,,,,,,,,,,
2023-05-29,평가,172.0,220.98,164.97,34.46,21.55,0.7465,0.1559,0.0975,0.4884,0.3877,0.1239,84.01,66.684,21.307,1023.65,873.21,205.67,2102.53,11.5,81.377,37.969,17.557,3261.3,1978.6,235.4,5475.3,5083.9,-391.4,-7.7,2.465,0.885,8.0,36.8,2650.0,17688.0,0.1498,,,0.57
2023-05-30,평가,180.0,234.25,110.52,111.19,12.54,0.4718,0.4747,0.0535,0.4837,0.4123,0.1039,87.069,74.223,18.708,1028.87,877.61,207.93,2114.42,11.43,85.015,38.185,17.579,3407.0,1989.9,235.7,5632.6,5135.4,-497.3,-9.68,2.48,1.035,8.02,36.8,2743.0,17900.0,0.1532,,,0.61
2023-05-31,평가,180.0,238.19,133.97,87.44,16.78,0.5625,0.3671,0.0704,0.506,0.3995,0.0944,91.086,71.914,17.0,1037.7,879.36,208.31,2125.36,11.38,88.865,38.184,17.082,3561.3,1989.8,229.0,5780.2,5026.0,-754.2,-15.01,2.525,1.06,8.01,36.8,2908.0,18078.0,0.1609,,,0.619
2023-06-01,평가,180.0,152.13,54.84,82.13,15.16,0.3605,0.5399,0.0997,0.4648,0.4393,0.0959,83.66,79.075,17.265,1038.39,888.12,208.92,2135.42,11.34,88.269,38.756,16.822,3537.5,2019.6,225.6,5782.6,4973.9,-808.7,-16.26,2.505,1.055,8.02,36.8,2715.0,17940.0,0.1513,,,0.626
2023-06-02,평가,180.0,253.93,137.72,101.41,14.8,0.5424,0.3994,0.0583,0.4868,0.428,0.0853,87.618,77.037,15.345,1042.98,894.15,207.56,2144.68,11.3,89.485,39.079,16.069,3586.2,2036.4,215.5,5838.1,4716.7,-1121.4,-23.78,2.565,1.17,8.03,36.8,2906.0,17658.0,0.1646,,,0.76
2023-06-03,평가,180.0,166.16,55.46,90.29,20.41,0.3338,0.5434,0.1228,0.4434,0.4607,0.0959,79.812,82.926,17.263,1039.4,905.58,208.22,2153.2,11.27,87.112,39.824,16.131,3491.1,2075.3,216.3,5782.6,4727.7,-1054.9,-22.31,,,,,,,,,,
2023-06-04,평가,180.0,0.0,,,,,,,0.4123,0.4841,0.1035,74.218,87.145,18.637,1030.51,920.32,210.21,2161.04,11.25,83.411,40.794,16.586,3342.8,2125.8,222.4,5691.0,4627.4,-1063.6,-22.98,,,,,,,,,,
2023-06-05,평가,180.0,227.78,161.88,42.1,23.8,0.7107,0.1848,0.1045,0.4969,0.3993,0.1038,89.442,71.873,18.685,1037.56,918.61,212.09,2168.26,11.23,87.219,40.397,16.91,3495.3,2105.1,226.7,5827.2,4623.4,-1203.8,-26.04,2.555,1.045,8.1,36.8,2531.0,18178.0,0.1392,,,0.466
2023-06-06,평가,180.0,234.45,137.14,81.72,15.59,0.5849,0.3486,0.0665,0.5219,0.3849,0.0932,93.934,69.284,16.781,1048.53,914.44,211.91,2174.89,11.22,91.364,39.852,16.56,3661.5,2076.7,222.0,5960.2,4625.7,-1334.6,-28.85,2.44,1.085,8.08,36.8,2396.0,17970.0,0.1333,,,0.675
2023-06-07,평가,186.0,180.59,80.97,82.7,16.92,0.4484,0.4579,0.0937,0.501,0.4056,0.0934,93.191,75.444,17.365,1057.89,916.77,212.34,2187.0,11.18,93.622,39.882,16.497,3752.0,2078.3,221.2,6051.5,4964.6,-1086.9,-21.89,2.5,1.02,8.04,36.8,,,,,,0.602
2023-06-08,평가,192.0,214.45,84.77,112.69,16.99,0.3953,0.5255,0.0792,0.4711,0.4396,0.0894,90.442,84.402,17.156,1063.75,927.87,212.51,2204.13,11.12,93.916,40.625,16.391,3763.7,2117.0,219.8,6100.5,5152.1,-948.4,-18.41,2.48,1.05,8.05,36.8,,,,,,0.65
2023-06-09,평가,196.0,265.59,161.94,88.61,15.04,0.6097,0.3336,0.0566,0.5104,0.4096,0.0801,100.031,80.273,15.695,1078.73,933.96,211.22,2223.9,11.05,97.933,40.925,15.88,3924.7,2132.6,212.9,6270.3,5378.4,-891.9,-16.58,2.51,1.12,8.07,36.8,,,,,,0.662
2023-06-10,평가,192.0,177.14,54.14,101.19,21.81,0.3056,0.5712,0.1231,0.4523,0.4554,0.0923,86.847,87.435,17.718,1079.32,946.72,212.05,2238.09,11.02,95.136,41.752,16.139,3812.7,2175.8,216.4,6204.8,5446.4,-758.4,-13.92,,,,,,,,,,
2023-06-11,평가,192.0,0.0,,,,,,,0.4107,0.4882,0.101,78.863,93.74,19.396,1071.89,964.76,214.49,2251.14,10.99,90.218,42.96,16.819,3615.6,2238.7,225.5,6079.8,5435.2,-644.5,-11.86,,,,,,,,,,
2023-06-12,평가,192.0,242.49,135.06,82.85,24.58,0.557,0.3417,0.1014,0.4522,0.4467,0.1011,86.822,85.763,19.415,1073.01,973.39,216.75,2263.15,10.98,90.368,43.347,17.288,3621.6,2258.9,231.8,6112.3,5305.4,-806.8,-15.21,,,,,,,,,,
2023-06-13,평가,192.0,267.4,164.99,89.07,13.34,0.617,0.3331,0.0499,0.4989,0.4145,0.0866,95.792,79.581,16.627,1083.01,975.14,216.05,2274.2,10.96,94.049,43.182,16.771,3769.1,2250.2,224.9,6244.2,5378.8,-865.4,-16.09,2.51,1.02,8.0,36.8,,,,,,0.761
2023-06-14,평가,192.0,260.16,108.05,135.26,16.85,0.4153,0.5199,0.0648,0.4752,0.4444,0.0804,91.242,85.319,15.439,1087.66,982.49,214.21,2284.36,10.96,94.499,43.5,16.063,3787.1,2266.8,215.4,6269.3,5430.0,-839.3,-15.46,2.39,1.01,8.02,36.8,,,,,,0.629
2023-06-15,평가,193.0,208.6,110.59,83.31,14.7,0.5302,0.3994,0.0705,0.4908,0.4316,0.0776,94.723,83.302,14.975,1095.41,987.24,212.06,2294.72,10.95,96.169,43.609,15.441,3854.0,2272.5,207.0,6333.6,5343.6,-990.0,-18.53,2.46,1.04,8.03,36.5,,,,,,0.63
2023-06-16,평가,192.0,185.81,110.78,60.26,14.77,0.5962,0.3243,0.0795,0.5207,0.4012,0.0781,99.969,77.03,15.001,1107.8,985.33,210.11,2303.24,10.96,99.298,43.2,15.024,3979.4,2251.2,201.4,6432.1,5601.7,-830.4,-14.82,2.525,1.155,8.07,,2708.0,18208.0,0.1487,,,0.758
2023-06-17,평가,192.0,187.78,73.61,92.07,22.1,0.392,0.4903,0.1177,0.4842,0.4265,0.0893,92.966,81.88,17.154,1112.19,988.43,210.46,2311.08,10.96,98.426,43.24,15.387,3944.5,2253.3,206.3,6404.1,5639.9,-764.2,-13.55,,,,,,,,,,
2023-06-18,평가,182.0,0.0,,,,,,,0.4581,0.4446,0.0974,83.367,80.909,17.723,1106.63,990.31,211.36,2308.3,11.02,94.048,43.197,15.804,3769.1,2251.1,211.9,6232.0,5350.8,-881.2,-16.47,,,,,,,,,,
2023-06-19,평가,192.0,279.92,189.27,65.35,25.3,0.6762,0.2335,0.0904,0.5199,0.3847,0.0954,99.818,73.866,18.316,1117.97,984.99,212.77,2315.74,11.02,97.929,42.597,16.267,3924.6,2219.8,218.1,6362.5,5625.9,-736.6,-13.09,2.395,0.795,8.01,,2936.0,17898.0,0.164,,,0.725
2023-06-20,평가,192.0,306.24,165.19,125.53,15.52,0.5394,0.4099,0.0507,0.5254,0.3919,0.0827,100.881,75.237,15.882,1129.46,981.48,211.64,2322.58,11.03,100.748,42.197,15.852,4037.5,2198.9,212.5,6449.0,5871.8,-577.2,-9.83,2.455,1.07,8.04,,3062.0,18068.0,0.1695,,,1.073
2023-06-21,평가,192.0,190.05,134.62,34.94,20.49,0.7083,0.1838,0.1078,0.5773,0.3329,0.0898,110.836,63.916,17.248,1149.99,966.92,211.97,2328.88,11.04,106.468,40.951,15.979,4266.8,2134.0,214.2,6615.1,6401.2,-213.9,-3.34,2.43,0.79,8.04,,2648.0,18210.0,0.1454,,,0.881
2023-06-22,평가,192.0,184.98,82.51,89.02,13.45,0.446,0.4812,0.0727,0.5401,0.3749,0.085,103.694,71.99,16.316,1161.74,961.6,211.34,2334.67,11.05,107.139,40.54,15.786,4293.7,2112.6,211.7,6617.9,6388.1,-229.8,-3.6,2.48,0.825,8.04,,2690.0,18408.0,0.1461,,,0.754
2023-06-23,평가,192.0,293.68,190.07,89.46,14.15,0.6472,0.3046,0.0482,0.5704,0.355,0.0745,109.525,68.162,14.313,1178.37,952.87,208.75,2340.0,11.06,109.885,39.884,15.053,4403.7,2078.4,201.8,6683.9,6184.1,-499.9,-8.08,,,,,,,,,,
2023-06-24,평가,192.0,180.77,56.53,102.63,21.61,0.3127,0.5677,0.1195,0.4974,0.4153,0.0873,95.498,79.74,16.762,1179.66,956.43,208.83,2344.91,11.07,105.968,40.253,15.289,4246.7,2097.6,205.0,6549.3,6173.0,-376.3,-6.1,,,,,,,,,,
2023-06-25,평가,192.0,45.91,0.0,45.91,0.0,0.0,1.0,0.0,0.3564,0.5811,0.0626,68.427,111.562,12.011,1153.76,991.52,204.14,2349.42,11.09,92.724,43.112,14.024,3716.0,2246.6,188.0,6150.6,6132.9,-17.7,-0.29,,,,,,,,,,
2023-06-26,평가,192.0,339.09,187.66,125.07,26.36,0.5534,0.3688,0.0777,0.4122,0.5209,0.0669,79.151,100.012,12.837,1140.66,1012.25,200.65,2353.57,11.1,88.845,44.616,13.41,3560.5,2325.0,179.8,6065.3,6131.8,66.5,1.08,2.585,1.09,8.04,,3029.0,18268.0,0.1658,,,0.646
2023-06-27,평가,192.0,269.8,164.74,89.61,15.45,0.6106,0.3321,0.0573,0.4685,0.4674,0.0641,89.947,89.739,12.315,1139.41,1021.05,196.93,2357.39,11.11,90.772,45.072,12.834,3637.7,2348.8,172.1,6158.6,6188.1,29.6,0.48,2.545,0.94,8.02,,3216.0,18110.0,0.1776,,,0.667
2023-06-28,평가,192.0,291.61,185.36,89.26,16.99,0.6356,0.3061,0.0583,0.5159,0.4217,0.0625,99.045,80.96,11.995,1147.35,1020.38,193.17,2360.9,11.13,95.599,44.757,12.346,3831.2,2332.3,165.5,6329.1,6495.3,166.2,2.56,2.495,0.995,8.01,,3408.0,18198.0,0.1873,,,1.15
2023-06-29,평가,198.0,269.24,184.28,69.86,15.1,0.6844,0.2595,0.0561,0.5636,0.3757,0.0607,111.602,74.386,12.011,1167.22,1013.18,189.74,2370.13,11.12,103.599,43.963,12.018,4151.8,2291.0,161.1,6603.9,6730.8,126.9,1.89,2.7,1.345,7.99,,3397.0,17958.0,0.1892,,,0.817
2023-06-30,평가,212.0,178.64,162.39,0.0,16.25,0.909,0.0,0.091,0.6616,0.2692,0.0693,140.25,57.069,14.681,1214.14,989.24,189.25,2392.63,11.04,119.992,41.904,12.596,4808.8,2183.7,168.9,7161.3,6931.3,-230.0,-3.32,2.665,1.25,7.98,,3506.0,17920.0,0.1956,,,0.843
2023-07-01,평가,216.0,252.65,138.69,91.79,22.17,0.5489,0.3633,0.0877,0.6296,0.2959,0.0745,136.001,63.908,16.091,1253.06,974.05,190.21,2417.32,10.97,128.402,40.702,13.413,5145.8,2121.0,179.8,7446.7,6832.0,-614.7,-9.0,,,,,,,,,,
2023-07-02,평가,216.0,0.0,,,,,,,0.6068,0.315,0.0783,131.06,68.037,16.903,1283.93,964.21,191.9,2440.05,10.91,131.613,40.011,14.213,5274.5,2085.0,190.6,7550.1,6806.3,-743.7,-10.93,,,,,,,,,,
2023-07-03,평가,216.0,371.33,161.51,180.81,29.01,0.435,0.4869,0.0781,0.5581,0.3637,0.0782,120.54,78.565,16.895,1301.82,965.68,193.46,2460.95,10.86,129.385,40.267,14.756,5185.2,2098.4,197.8,7481.4,6764.0,-717.4,-10.61,2.595,1.145,8.02,,3368.0,18558.0,0.1815,,,0.726
2023-07-04,평가,216.0,251.76,163.65,71.76,16.35,0.65,0.285,0.0649,0.5841,0.3414,0.0745,126.171,73.747,16.082,1323.9,962.21,194.07,2480.18,10.83,130.263,40.099,14.882,5220.4,2089.6,199.5,7509.5,7109.2,-400.4,-5.63,2.638,1.038,7.9,,3665.0,18048.0,0.2031,,,0.807
2023-07-05,평가,219.0,185.88,167.19,0.0,18.69,0.8995,0.0,0.1005,0.6735,0.2446,0.0819,147.499,53.576,17.925,1365.55,938.85,196.48,2500.88,10.79,139.336,38.342,15.521,5584.0,1998.1,208.1,7790.2,7570.4,-219.8,-2.9,2.695,1.21,7.93,,4216.0,17640.0,0.239,,,2.729
2023-07-06,평가,220.0,285.53,135.85,131.8,17.88,0.4758,0.4616,0.0626,0.6175,0.3061,0.0764,135.841,67.351,16.808,1392.2,931.14,197.58,2520.92,10.76,140.269,37.953,15.621,5621.4,1977.8,209.5,7808.6,7557.3,-251.2,-3.32,3.1,1.525,7.96,,5168.0,17308.0,0.2986,,,1.194
2023-07-07,평가,216.0,254.33,190.07,47.34,16.92,0.7473,0.1861,0.0665,0.6543,0.2721,0.0736,141.324,58.778,15.898,1422.21,915.47,197.68,2535.36,10.76,143.037,36.936,15.416,5732.3,1924.8,206.7,7863.8,7785.4,-78.4,-1.01,2.915,1.43,7.95,,3925.0,17598.0,0.223,,,1.085
2023-07-08,평가,216.0,289.65,163.57,102.75,23.33,0.5647,0.3547,0.0805,0.6289,0.2955,0.0756,135.84,63.837,16.323,1444.34,906.11,198.19,2548.64,10.76,142.55,36.477,15.405,5712.8,1900.8,206.5,7820.2,7790.7,-29.5,-0.38,,,,,,,,,,
2023-07-09,평가,216.0,45.53,0.0,45.53,0.0,0.0,1.0,0.0,0.4506,0.4952,0.0541,97.334,106.97,11.696,1426.19,940.63,194.04,2560.86,10.77,126.848,39.538,14.008,5083.5,2060.4,187.8,7331.7,7672.5,340.8,4.44,,,,,,,,,,
2023-07-10,평가,216.0,279.6,217.28,35.15,27.17,0.7771,0.1257,0.0972,0.5432,0.3905,0.0663,117.324,84.345,14.33,1429.48,949.77,192.86,2572.11,10.78,125.16,40.327,13.847,5015.9,2101.5,185.7,7303.0,7405.5,102.5,1.38,3.015,1.285,7.94,,3315.0,18218.0,0.182,,,1.115
2023-07-11,평가,216.0,261.1,161.17,83.99,15.94,0.6173,0.3217,0.061,0.5642,0.371,0.0648,121.862,80.132,14.006,1437.05,953.96,191.45,2582.45,10.8,125.934,40.661,13.64,5046.9,2118.9,182.9,7348.6,7385.2,36.6,0.5,3.12,1.37,7.9,,3437.0,18010.0,0.1908,,,1.058
2023-07-12,평가,216.0,367.81,164.57,185.2,18.04,0.4474,0.5035,0.049,0.5311,0.4086,0.0604,114.714,88.247,13.039,1436.86,965.93,189.18,2591.97,10.81,123.552,41.593,13.208,4951.4,2167.5,177.1,7296.0,7244.9,-51.1,-0.71,,,,,,,,,,
2023-07-13,평가,216.0,227.6,138.5,71.52,17.58,0.6085,0.3142,0.0772,0.553,0.3818,0.0651,119.455,82.472,14.072,1441.43,971.17,188.12,2600.73,10.83,123.98,41.923,13.224,4968.6,2184.7,177.3,7330.6,7257.8,-72.8,-1.0,3.105,1.405,7.9,,3608.0,18608.0,0.1939,,,0.953
2023-07-14,평가,224.0,226.31,162.55,45.0,18.76,0.7183,0.1988,0.0829,0.5999,0.3299,0.0702,134.371,73.909,15.72,1460.55,967.43,188.8,2616.79,10.82,130.21,41.519,13.73,5218.2,2163.6,184.1,7565.9,7370.3,-195.6,-2.65,3.005,1.38,7.92,,3396.0,18860.0,0.1801,,,1.106
2023-07-15,평가,228.0,227.45,111.98,91.53,23.94,0.4923,0.4024,0.1053,0.5694,0.3505,0.0801,129.82,79.912,18.268,1473.59,969.99,191.97,2635.56,10.8,132.232,41.655,14.838,5299.3,2170.7,199.0,7668.9,7552.5,-116.4,-1.54,,,,,,,,,,
2023-07-16,평가,228.0,0.0,,,,,,,0.5475,0.3652,0.0872,124.84,83.268,19.892,1480.61,975.7,196.52,2652.83,10.78,131.486,42.039,16.081,5269.4,2190.7,215.6,7675.7,7603.8,-71.9,-0.95,,,,,,,,,,
2023-07-17,평가,224.0,362.54,153.79,178.86,29.89,0.4242,0.4934,0.0824,0.5126,0.4015,0.0859,114.818,89.944,19.238,1477.05,987.63,200.04,2664.72,10.79,127.018,42.9,16.732,5090.3,2235.6,224.3,7550.2,7318.5,-231.7,-3.17,3.46,1.64,7.84,,3639.0,17490.0,0.2081,,,1.151
2023-07-18,평가,220.0,252.34,164.5,69.17,18.67,0.6519,0.2741,0.074,0.5521,0.3654,0.0825,121.456,80.391,18.153,1480.4,989.06,202.2,2671.66,10.82,126.917,42.867,16.85,5086.3,2233.8,225.9,7546.1,7143.5,-402.5,-5.63,3.08,1.445,7.84,,4285.0,17008.0,0.2519,,,1.353
2023-07-19,평가,216.0,156.81,138.83,0.0,17.98,0.8853,0.0,0.1147,0.6465,0.2618,0.0916,139.653,56.556,19.791,1501.69,966.53,205.83,2674.05,10.87,134.134,40.931,17.422,5375.5,2133.0,233.6,7742.1,7139.9,-602.2,-8.43,3.19,1.525,7.88,,3814.0,17458.0,0.2185,,,1.172
2023-07-20,평가,216.0,321.16,214.85,88.91,17.4,0.669,0.2768,0.0542,0.6529,0.2661,0.081,141.027,57.475,17.498,1522.65,946.73,206.87,2676.24,10.91,139.135,39.361,17.124,5575.9,2051.2,229.6,7856.7,7148.0,-708.6,-9.91,3.145,1.475,7.86,,4098.0,17620.0,0.2326,,,1.034
2023-07-21,평가,216.0,243.23,136.45,88.69,18.09,0.561,0.3646,0.0744,0.6268,0.294,0.0791,135.399,63.509,17.092,1536.3,934.54,207.42,2678.26,10.95,139.968,38.511,16.799,5609.3,2006.8,225.2,7841.4,7276.1,-565.3,-7.77,3.28,1.745,7.84,,4656.0,17108.0,0.2722,,,0.483
2023-07-22,평가,216.0,248.82,166.31,57.1,25.41,0.6684,0.2295,0.1021,0.6386,0.2757,0.0856,137.943,59.557,18.5,1551.41,919.38,209.33,2680.12,10.99,141.499,37.472,17.0,5670.7,1952.7,227.9,7851.3,7297.6,-553.7,-7.59,,,,,,,,,,
2023-07-23,평가,216.0,46.48,0.0,46.48,0.0,0.0,1.0,0.0,0.4576,0.481,0.0614,98.841,103.904,13.256,1526.21,949.77,205.85,2681.83,11.02,126.802,40.137,15.564,5081.7,2091.6,208.7,7382.0,7490.4,108.5,1.45,,,,,,,,,,
2023-07-24,평가,216.0,321.62,162.87,126.31,32.44,0.5064,0.3927,0.1009,0.4714,0.456,0.0726,101.829,98.497,15.674,1506.01,972.33,205.07,2683.4,11.05,118.933,41.969,15.31,4766.3,2187.0,205.3,7158.7,7658.9,500.2,6.53,3.16,1.385,7.86,,3158.0,17428.0,0.1812,,,0.888
2023-07-25,평가,216.0,272.36,165.14,89.28,17.94,0.6063,0.3278,0.0659,0.5097,0.4197,0.0707,110.089,90.647,15.264,1495.68,985.23,203.93,2684.85,11.08,117.385,42.896,15.014,4704.3,2235.4,201.3,7141.0,7534.7,393.7,5.23,3.425,1.935,7.86,,3859.0,17298.0,0.2231,,,0.945
2023-07-26,평가,216.0,346.39,191.29,134.81,20.29,0.5522,0.3892,0.0586,0.5217,0.411,0.0672,112.695,88.781,14.524,1488.79,995.24,202.15,2686.18,11.11,117.472,43.535,14.591,4707.8,2268.6,195.6,7172.0,7468.1,296.1,3.96,,,,,,,,,,
2023-07-27,평가,216.0,288.94,193.96,76.49,18.49,0.6713,0.2647,0.064,0.5641,0.3696,0.0663,121.852,79.823,14.325,1491.61,995.49,200.31,2687.41,11.14,121.189,43.36,14.242,4856.7,2259.5,191.0,7307.2,7810.0,502.8,6.44,3.205,1.435,7.92,,3596.0,17768.0,0.2024,,,0.824
2023-07-28,평가,216.0,267.16,164.67,82.85,19.64,0.6164,0.3101,0.0735,0.5789,0.3527,0.0684,125.051,76.184,14.765,1497.39,992.08,199.06,2688.53,11.16,124.76,42.921,14.137,4999.9,2236.7,189.6,7426.1,7992.3,566.3,7.08,3.12,1.335,7.95,,3207.0,18020.0,0.178,,,0.799
2023-07-29,평가,216.0,258.61,137.7,95.32,25.59,0.5325,0.3686,0.099,0.5658,0.3572,0.077,122.205,77.156,16.639,1499.87,989.91,199.79,2689.57,11.19,125.825,42.626,14.627,5042.5,2221.3,196.1,7459.9,8117.3,657.4,8.1,,,,,,,,,,
2023-07-30,평가,216.0,0.0,,,,,,,0.5563,0.3604,0.0832,120.166,77.853,17.981,1500.12,988.61,201.79,2690.52,11.21,125.665,42.43,15.364,5036.1,2211.1,206.0,7453.2,8327.1,873.8,10.49,,,,,,,,,,
2023-07-31,평가,216.0,219.66,188.69,0.0,30.97,0.859,0.0,0.141,0.6421,0.2583,0.0996,138.699,55.784,21.517,1518.87,965.35,207.17,2691.4,11.23,132.981,40.499,16.927,5329.3,2110.5,227.0,7666.7,8402.0,735.3,8.75,3.075,1.31,8.0,,2868.0,18468.0,0.1553,,,0.759
2023-08-01,평가,216.0,374.38,189.04,167.8,17.54,0.5049,0.4482,0.0469,0.6032,0.3121,0.0847,130.299,67.415,18.286,1527.73,955.58,208.9,2692.21,11.25,134.132,39.79,17.023,5375.4,2073.5,228.2,7677.2,8515.5,838.3,9.84,2.925,1.315,8.01,,3176.0,18210.0,0.1744,,,1.021
2023-08-02,평가,216.0,283.6,185.2,79.64,18.76,0.653,0.2808,0.0661,0.6174,0.3032,0.0794,133.348,65.499,17.153,1538.93,944.68,209.35,2692.95,11.26,136.062,39.033,16.748,5452.8,2034.1,224.6,7711.4,8503.1,791.7,9.31,3.065,1.36,8.02,,2948.0,18408.0,0.1601,,,1.083
2023-08-03,평가,216.0,271.36,163.18,88.86,19.32,0.6013,0.3275,0.0712,0.6128,0.3101,0.0771,132.368,66.982,16.65,1548.25,936.13,209.26,2693.64,11.28,136.86,38.51,16.41,5484.7,2006.8,220.0,7711.6,8398.1,686.5,8.17,3.185,1.495,7.98,,3576.0,17868.0,0.2001,,,1.28
2023-08-04,평가,216.0,345.54,190.38,137.31,17.85,0.551,0.3974,0.0517,0.5953,0.3348,0.0699,128.581,72.326,15.093,1553.04,933.6,207.62,2694.26,11.3,135.837,38.493,15.713,5443.8,2005.9,210.7,7660.4,8209.1,548.8,6.68,3.015,1.435,7.99,,3978.0,18108.0,0.2197,,,1.447
2023-08-05,평가,216.0,174.75,129.79,19.24,25.72,0.7427,0.1101,0.1472,0.6371,0.2711,0.0918,137.608,58.565,19.827,1566.47,917.52,210.85,2694.84,11.31,138.817,37.378,16.658,5563.2,1947.8,223.3,7734.3,8253.8,519.4,6.29,,,,,,,,,,
2023-08-06,평가,216.0,0.0,,,,,,,0.667,0.2255,0.1075,144.077,48.705,23.218,1585.3,892.87,217.21,2695.37,11.32,143.243,35.641,18.319,5740.5,1857.3,245.6,7843.5,8303.6,460.1,5.54,,,,,,,,,,
2023-08-07,평가,216.0,233.55,163.97,38.21,31.37,0.7021,0.1636,0.1343,0.677,0.2079,0.1151,146.223,44.916,24.861,1604.77,866.39,224.7,2695.86,11.34,146.831,33.864,19.944,5884.3,1764.7,267.4,7916.4,7441.1,-475.3,-6.39,2.83,1.04,8.02,,3006.0,18438.0,0.163,,,1.301
2023-08-08,평가,216.0,345.54,191.74,137.66,16.14,0.5549,0.3984,0.0467,0.6424,0.2619,0.0957,138.75,56.577,20.673,1615.21,853.7,227.41,2696.32,11.35,146.054,33.287,19.796,5853.2,1734.6,265.4,7853.3,7123.4,-729.8,-10.25,2.96,1.43,8.01,,3804.0,18208.0,0.2089,,,1.331
2023-08-09,평가,216.0,340.42,189.98,132.75,17.69,0.5581,0.39,0.052,0.6185,0.2982,0.0833,133.589,64.416,17.995,1619.65,849.86,227.22,2696.73,11.36,143.51,33.424,18.891,5751.3,1741.8,253.3,7746.3,7391.5,-354.8,-4.8,2.96,1.365,8.0,,3651.0,18028.0,0.2025,,,1.345
2023-08-10,평가,216.0,280.83,190.5,75.77,14.56,0.6783,0.2698,0.0518,0.6354,0.2902,0.0744,137.255,62.676,16.068,1627.41,844.58,225.12,2697.11,11.37,143.408,33.402,17.696,5747.2,1740.6,237.3,7725.1,8020.6,295.6,3.69,,,,,,,,,,
2023-08-11,평가,214.0,223.8,159.87,47.78,16.15,0.7143,0.2135,0.0722,0.6578,0.2684,0.0738,140.771,57.445,15.785,1638.06,834.5,222.91,2695.46,11.39,144.752,32.964,16.797,5801.0,1717.8,225.2,7744.0,8137.4,393.3,4.83,3.08,1.39,7.94,,3496.0,17888.0,0.1954,,,1.533
2023-08-12,평가,218.0,250.17,135.99,89.75,24.43,0.5436,0.3588,0.0977,0.6254,0.294,0.0805,136.344,64.1,17.556,1643.43,831.87,222.64,2697.94,11.39,143.809,33.124,16.715,5763.3,1726.2,224.1,7713.5,8271.7,558.1,6.75,,,,,,,,,,
2023-08-13,평가,216.0,0.0,,,,,,,0.6022,0.3124,0.0854,130.082,67.475,18.443,1642.11,832.84,223.28,2698.23,11.4,140.724,33.531,16.926,5639.6,1747.3,226.9,7613.9,7857.1,243.3,3.1,,,,,,,,,,
2023-08-14,평가,216.0,352.83,188.99,134.31,29.53,0.5356,0.3807,0.0837,0.5834,0.3317,0.0849,126.005,71.656,18.34,1636.82,837.9,223.77,2698.49,11.4,137.189,34.21,17.038,5498.0,1782.7,228.5,7509.2,7350.9,-158.2,-2.15,3.12,1.415,8.0,,3928.0,17468.0,0.2249,,,1.426
2023-08-15,평가,216.0,229.82,137.11,76.6,16.11,0.5966,0.3333,0.0701,0.5871,0.3322,0.0807,126.815,71.751,17.433,1632.76,842.66,223.31,2698.73,11.41,135.334,34.795,16.843,5423.6,1813.2,225.8,7462.7,7100.4,-362.2,-5.1,,,,,,,,,,
2023-08-16,평가,216.0,245.77,138.1,89.88,17.79,0.5619,0.3657,0.0724,0.58,0.3417,0.0783,125.272,73.804,16.923,1627.49,849.09,222.38,2698.95,11.42,133.573,35.456,16.557,5353.0,1847.7,222.0,7422.7,7295.5,-127.2,-1.74,2.825,1.19,8.0,,3386.0,17718.0,0.1911,,,1.223
2023-08-17,평가,216.0,262.15,155.02,89.38,17.75,0.5913,0.3409,0.0677,0.5832,0.3415,0.0753,125.969,73.759,16.272,1623.33,854.96,220.87,2699.16,11.42,132.765,36.014,16.167,5320.7,1876.7,216.8,7414.2,7523.2,109.0,1.45,2.97,1.29,8.0,,3726.0,17608.0,0.2116,,,1.485
2023-08-18,평가,216.0,245.55,135.77,92.53,17.25,0.5529,0.3768,0.0703,0.5746,0.3515,0.0739,124.116,75.924,15.961,1617.65,862.52,219.17,2699.34,11.43,131.526,36.661,15.807,5271.0,1910.4,211.9,7393.4,7481.6,88.3,1.18,3.145,1.34,7.99,,3541.0,17818.0,0.1987,,,1.407
2023-08-19,평가,216.0,244.09,163.24,57.29,23.56,0.6688,0.2347,0.0965,0.6013,0.3184,0.0803,129.881,68.773,17.346,1618.19,862.33,218.99,2699.52,11.43,133.068,36.638,15.978,5332.8,1909.3,214.2,7456.3,7182.1,-274.1,-3.82,,,,,,,,,,
2023-08-20,평가,216.0,0.0,,,,,,,0.6204,0.2947,0.0849,134.012,63.649,18.339,1622.82,857.03,219.82,2699.67,11.44,135.671,36.209,16.392,5437.1,1886.9,219.8,7543.8,7040.6,-503.2,-7.15,,,,,,,,,,
2023-08-21,평가,216.0,227.84,162.83,38.61,26.4,0.7147,0.1695,0.1159,0.6471,0.2592,0.0937,139.782,55.982,20.235,1632.85,844.49,222.48,2699.82,11.44,139.584,35.231,17.243,5593.9,1835.9,231.2,7661.1,7095.9,-565.2,-7.97,2.87,1.035,8.02,,2879.0,18008.0,0.1599,,,1.266
2023-08-22,평가,211.0,337.0,136.97,184.58,15.45,0.4064,0.5477,0.0458,0.5789,0.341,0.0801,122.15,71.944,16.906,1624.44,848.91,221.6,2694.95,11.47,134.945,35.678,16.824,5408.0,1859.2,225.6,7492.8,7383.7,-109.1,-1.48,2.975,1.385,8.0,,3284.0,18268.0,0.1798,,,1.493
2023-08-23,평가,204.0,264.04,156.52,89.04,18.48,0.5928,0.3372,0.07,0.5828,0.3399,0.0772,118.9,69.341,15.759,1613.46,850.38,219.64,2683.48,11.52,130.784,35.849,16.195,5241.3,1868.1,217.1,7326.5,7196.9,-129.6,-1.8,3.1,1.38,7.99,,3613.0,17898.0,0.2019,,,1.423
2023-08-24,평가,204.0,267.03,128.08,123.03,15.92,0.4796,0.4607,0.0596,0.5536,0.3742,0.0723,112.932,76.328,14.739,1597.39,858.71,216.82,2672.92,11.57,125.831,36.553,15.46,5042.7,1904.8,207.3,7154.8,7439.4,284.5,3.82,2.865,1.14,8.02,,3475.0,17968.0,0.1934,,,1.423
2023-08-25,평가,204.0,164.82,108.72,41.79,14.31,0.6596,0.2535,0.0868,0.5836,0.34,0.0764,119.064,69.354,15.582,1588.73,859.41,215.06,2663.2,11.6,125.229,36.593,15.212,5018.6,1906.9,204.0,7129.5,7449.5,320.0,4.3,2.99,1.22,8.02,,3248.0,18128.0,0.1792,,,1.329
2023-08-26,평가,204.0,118.07,48.2,47.72,22.15,0.4082,0.4042,0.1876,0.5339,0.3582,0.1079,108.92,73.066,22.013,1570.62,863.76,219.88,2654.27,11.64,120.8,36.924,16.972,4841.1,1924.1,227.6,6992.8,7084.4,91.5,1.29,,,,,,,,,,
2023-08-27,평가,204.0,0.0,,,,,,,0.4983,0.3712,0.1305,101.652,75.726,26.622,1546.7,870.42,228.92,2646.04,11.66,115.161,37.418,19.555,4615.2,1949.9,262.2,6827.2,6364.4,-462.8,-7.27,,,,,,,,,,
2023-08-28,평가,198.0,292.79,132.82,131.58,28.39,0.4536,0.4494,0.097,0.4856,0.3934,0.121,96.156,77.888,23.957,1519.19,878.72,234.58,2632.48,11.71,109.485,38.01,20.515,4387.7,1980.8,275.1,6643.5,5997.5,-646.0,-10.77,,,,,,,,,,
2023-08-29,평가,192.0,278.47,187.38,75.87,15.22,0.6729,0.2725,0.0547,0.5387,0.3591,0.1022,103.434,68.946,19.62,1501.15,877.4,235.44,2614.0,11.78,108.895,37.798,19.869,4364.1,1969.7,266.4,6600.2,6353.2,-246.9,-3.89,2.935,1.175,8.08,,2736.0,18418.0,0.1485,,,1.147
2023-08-30,평가,192.0,151.82,135.07,0.0,16.75,0.8897,0.0,0.1103,0.6382,0.2573,0.1045,122.535,49.402,20.063,1503.66,856.65,236.68,2596.99,11.83,116.172,36.054,19.561,4655.7,1878.8,262.3,6796.8,6631.1,-165.7,-2.5,2.88,1.19,8.07,,3079.0,18608.0,0.1655,,,1.322
2023-08-31,평가,192.0,239.76,135.73,89.0,15.03,0.5661,0.3712,0.0627,0.6178,0.2896,0.0926,118.611,55.601,17.788,1502.05,843.76,235.54,2581.35,11.88,119.091,35.069,18.669,4772.6,1827.5,250.3,6850.5,6766.8,-83.7,-1.24,2.715,1.085,8.09,,3295.0,18348.0,0.1796,,,1.387
2023-09-01,평가,192.0,358.3,163.97,179.59,14.74,0.4576,0.5012,0.0411,0.5724,0.3496,0.078,109.896,67.12,14.984,1491.84,843.42,231.69,2566.95,11.91,117.404,35.154,17.22,4705.1,1831.9,230.9,6767.9,6679.9,-88.0,-1.32,2.705,1.035,8.05,,2984.0,18058.0,0.1652,,,1.303
2023-09-02,평가,192.0,136.85,57.16,58.02,21.67,0.4177,0.424,0.1583,0.5285,0.3707,0.1008,101.476,71.168,19.355,1474.04,847.15,232.52,2553.71,11.94,112.997,35.55,17.543,4528.4,1852.6,235.2,6616.2,6553.0,-63.2,-0.96,,,,,,,,,,
2023-09-03,평가,192.0,0.0,,,,,,,0.4971,0.3858,0.1171,95.444,74.069,22.487,1451.63,853.48,236.42,2541.53,11.96,107.865,36.119,18.703,4322.8,1882.2,250.8,6455.7,5841.4,-614.4,-10.52,,,,,,,,,,
2023-09-04,평가,176.0,318.48,162.7,129.99,25.79,0.5109,0.4082,0.081,0.501,0.3921,0.1069,88.177,69.013,18.81,1423.74,854.26,236.33,2514.32,12.06,101.794,36.197,18.391,4079.5,1886.3,246.6,6212.3,5853.1,-359.2,-6.14,2.855,1.23,8.07,,2896.0,18208.0,0.1591,,,1.201
2023-09-05,평가,186.0,283.38,136.98,131.41,14.99,0.4834,0.4637,0.0529,0.496,0.4124,0.0916,92.258,76.71,17.033,1402.16,862.66,234.46,2499.29,12.09,99.682,36.879,17.645,3994.8,1921.8,236.6,6153.2,6775.2,622.0,9.18,2.78,1.12,8.07,,3069.0,17868.0,0.1718,,,1.337
2023-09-06,평가,180.0,233.18,165.28,50.01,17.89,0.7088,0.2145,0.0767,0.5563,0.3563,0.0874,100.139,64.135,15.725,1390.19,857.82,231.44,2479.45,12.14,101.532,36.453,16.744,4069.0,1899.6,224.5,6193.1,6409.6,216.5,3.38,3.0,1.295,8.08,,3518.0,18138.0,0.194,,,1.31
2023-09-07,평가,180.0,230.25,136.89,76.85,16.51,0.5945,0.3338,0.0717,0.5672,0.3499,0.0829,102.088,62.985,14.926,1381.12,852.22,227.86,2461.21,12.17,103.453,35.998,15.89,4145.9,1875.9,213.1,6234.9,6373.5,138.6,2.17,,,,,,,,,,
2023-09-08,평가,180.0,237.53,134.6,88.78,14.15,0.5667,0.3738,0.0596,0.567,0.3567,0.0763,102.063,64.202,13.735,1372.76,848.28,223.38,2444.42,12.2,104.627,35.71,14.951,4193.0,1860.9,200.5,6254.3,6406.4,152.0,2.37,3.135,1.245,8.09,,3388.0,18208.0,0.1861,,,1.224
2023-09-09,평가,180.0,126.29,57.35,47.07,21.87,0.4541,0.3727,0.1732,0.535,0.3612,0.1038,96.302,65.02,18.677,1359.3,845.48,224.2,2428.98,12.23,103.047,35.53,15.794,4129.7,1851.5,211.8,6193.0,6401.6,208.6,3.26,,,,,,,,,,
2023-09-10,평가,180.0,0.0,,,,,,,0.5121,0.3645,0.1234,92.175,65.606,22.219,1342.79,843.48,228.49,2414.77,12.24,100.421,35.425,17.431,4024.5,1846.0,233.7,6104.2,5931.6,-172.6,-2.91,,,,,,,,,,
2023-09-11,평가,180.0,344.6,136.62,182.07,25.91,0.3965,0.5284,0.0752,0.4793,0.4109,0.1098,86.275,73.968,19.757,1321.7,850.01,229.98,2401.69,12.25,96.442,36.004,17.808,3865.0,1876.2,238.8,5980.0,5395.5,-584.5,-10.83,,,,,,,,,,
2023-09-12,평가,180.0,283.73,193.0,75.9,14.83,0.6802,0.2675,0.0523,0.5363,0.3703,0.0935,96.527,66.65,16.824,1312.55,848.7,228.41,2389.66,12.25,98.089,35.91,17.184,3931.0,1871.3,230.4,6032.7,5409.5,-623.3,-11.52,2.86,1.165,8.14,,2694.0,18418.0,0.1463,,,1.051
2023-09-13,평가,180.0,193.58,135.68,41.64,16.26,0.7009,0.2151,0.084,0.5829,0.3263,0.0908,104.927,58.732,16.34,1312.53,839.57,226.49,2378.6,12.25,102.465,35.198,16.615,4106.3,1834.2,222.8,6163.3,5606.0,-557.3,-9.94,2.8,1.08,8.14,,2485.0,18608.0,0.1335,,,1.123
2023-09-14,평가,180.0,294.18,190.33,89.12,14.73,0.647,0.3029,0.0501,0.6011,0.3197,0.0792,108.196,57.541,14.263,1315.78,829.98,222.64,2368.41,12.24,106.471,34.497,15.603,4266.9,1797.7,209.2,6273.8,5791.3,-482.5,-8.33,2.94,1.245,8.07,,2654.0,18008.0,0.1474,,,1.102
2023-09-15,평가,180.0,197.06,134.2,47.51,15.35,0.681,0.2411,0.0779,0.6237,0.2974,0.0789,112.274,53.532,14.195,1322.85,817.15,219.04,2359.05,12.23,110.573,33.581,14.893,4431.3,1749.9,199.7,6380.9,5748.9,-632.0,-10.99,2.85,1.13,8.09,,2319.0,18428.0,0.1258,,,1.019
2023-09-16,평가,180.0,249.51,81.81,145.98,21.72,0.3279,0.5851,0.0871,0.5399,0.3789,0.0812,97.178,68.21,14.613,1314.26,820.03,216.14,2350.43,12.22,107.064,33.977,14.535,4290.7,1770.6,194.9,6256.1,6005.1,-251.1,-4.18,,,,,,,,,,
2023-09-17,평가,180.0,0.0,,,,,,,0.4798,0.4374,0.0828,86.361,78.727,14.912,1295.54,833.19,213.77,2342.5,12.2,100.573,35.155,14.38,4030.5,1832.0,192.8,6055.3,6046.3,-9.0,-0.15,,,,,,,,,,
