날짜,소화조_투입량_tpd,산발효조_TS_pct,유입_TS부하_tpd,소화액_TS_A_pct,소화액_TS_B_pct,소화액_TS_평균_pct,소화액_VS_평균_pct,TS제거율_pct,잔여고형물_tpd,역산_배출유량_tpd,탈수기_처리량_tpd,추적자_알칼리도_A_mgL,추적자_NH3N_A_mgL,분뇨_반입비율,분뇨_투입상당톤_t,실측CH4_m3d
2018-01-01,135.0,,,,,,,,,,327.0,,,0.0,0.0,
2018-01-02,187.0,7.3,13.651,2.93,2.7,2.815,1.33,61.44,5.264,187.0,317.0,16068.0,2814.0,0.2206,24.03,8497.3
2018-01-03,199.0,7.91,15.741,2.84,2.82,2.83,1.335,64.22,5.632,199.0,430.0,15778.0,,0.1922,31.256,8679.8
2018-01-04,216.0,7.22,15.595,2.94,2.94,2.94,1.3,59.28,6.35,216.0,492.0,15868.0,,0.3563,50.488,8414.1
2018-01-05,204.0,,,,,,,,,,334.0,,,0.1818,43.978,7410.7
2018-01-06,150.0,,,,,,,,,,360.0,,,0.1931,31.231,5418.2
2018-01-07,138.0,,,,,,,,,,197.0,,,,28.078,5561.0
2018-01-08,111.0,7.45,8.27,2.85,2.61,2.73,1.19,63.36,3.03,111.0,334.0,16248.0,2837.0,0.3569,27.773,3907.5
2018-01-09,211.0,6.88,14.517,2.75,2.58,2.665,1.225,61.26,5.624,211.0,387.0,16028.0,,0.1918,49.117,6659.3
2018-01-10,151.0,6.73,10.162,2.76,2.74,2.75,1.25,59.14,4.152,151.0,200.0,15708.0,,0.1892,33.216,5230.1
2018-01-11,205.0,7.28,14.924,2.81,2.85,2.83,1.365,61.13,5.801,205.0,422.0,16338.0,,0.0,31.976,7031.2
2018-01-12,216.0,,,,,,,,,,432.0,,,0.1102,30.834,7656.5
2018-01-13,167.0,,,,,,,,,,327.0,,,0.2264,27.851,6959.9
2018-01-14,97.0,,,,,,,,,,295.0,,,,17.831,4752.7
2018-01-15,114.0,7.71,8.789,2.72,2.72,2.72,1.38,64.72,3.101,114.0,349.0,15888.0,2568.0,0.2819,24.147,4337.4
2018-01-16,203.0,7.62,15.469,2.59,2.62,2.605,1.16,65.81,5.289,203.0,343.0,15918.0,,0.2501,45.21,7160.5
2018-01-17,172.0,7.14,12.281,2.64,2.69,2.665,1.325,62.68,4.583,172.0,256.0,15728.0,,0.1133,32.951,6300.4
2018-01-18,88.0,7.16,6.301,2.63,2.61,2.62,1.185,63.41,2.306,88.0,200.0,15848.0,,0.2458,18.216,3564.3
2018-01-19,189.0,,,,,,,,,,355.0,,,,38.519,5873.3
2018-01-20,169.0,,,,,,,,,,412.0,,,,34.097,5895.0
2018-01-21,120.0,,,,,,,,,,268.0,,,,24.049,4723.2
2018-01-22,75.0,7.11,5.332,2.47,2.62,2.545,1.24,64.21,1.908,75.0,223.0,15818.0,2889.0,0.4031,18.911,2611.0
2018-01-23,186.0,6.99,13.001,2.62,2.63,2.625,1.235,62.45,4.882,186.0,422.0,15568.0,,0.2275,45.697,5690.7
2018-01-24,152.0,7.52,11.43,2.61,2.79,2.7,1.245,64.1,4.103,152.0,296.0,15958.0,,,34.499,5175.6
2018-01-25,70.0,7.46,5.222,2.75,2.69,2.72,1.185,63.54,1.904,70.0,236.0,15928.0,,,15.008,3259.5
2018-01-26,100.0,,,,,,,,,,346.0,,,,19.243,3185.7
2018-01-27,192.0,,,,,,,,,,436.0,,,,34.328,5977.4
2018-01-28,170.0,,,,,,,,,,550.0,,,,28.885,5714.5
2018-01-29,208.0,6.66,13.853,2.53,2.53,2.53,1.21,62.01,5.263,208.0,454.0,16048.0,2792.0,0.2467,38.9,6074.0
2018-01-30,231.0,6.2,14.322,2.75,2.49,2.62,1.135,57.74,6.052,231.0,469.0,15948.0,,0.3043,49.623,6315.7
2018-01-31,240.0,6.13,14.712,2.66,2.56,2.61,1.18,57.42,6.264,240.0,341.0,15738.0,,0.3094,57.199,6287.4
2018-02-01,244.0,6.09,14.86,2.57,2.53,2.55,1.095,58.13,6.222,244.0,355.0,15218.0,,0.4241,69.83,6284.2
2018-02-02,119.0,,,,,,,,,,404.0,,,0.1027,28.283,6445.2
2018-02-03,78.0,,,,,,,,,,360.0,,,0.1977,17.699,5088.2
2018-02-04,66.0,,,,,,,,,,323.0,,,,14.45,4611.7
2018-02-05,134.0,7.07,9.474,2.53,2.49,2.51,1.08,64.5,3.363,134.0,317.0,15108.0,2786.0,0.247,30.375,4065.9
2018-02-06,135.0,6.84,9.234,2.47,2.5,2.485,1.135,63.67,3.355,135.0,328.0,15248.0,,0.4143,37.648,4549.2
2018-02-07,160.0,7.0,11.2,2.56,2.49,2.525,1.185,63.93,4.04,160.0,333.0,15338.0,,0.2279,42.339,5320.9
2018-02-08,161.0,7.36,11.85,2.56,2.69,2.625,1.185,64.33,4.227,161.0,326.0,15348.0,,0.145,37.197,5763.2
2018-02-09,127.0,,,,,,,,,,281.0,,,0.3633,34.071,4947.2
2018-02-10,117.0,,,,,,,,,,226.0,,,0.2488,30.744,4240.0
2018-02-11,8.0,,,,,,,,,,0.0,,,,2.071,1469.8
2018-02-12,109.0,7.14,7.783,2.57,2.54,2.555,1.145,64.22,2.785,109.0,204.0,15478.0,2545.0,,27.901,3145.2
2018-02-13,190.0,6.92,13.148,2.58,2.59,2.585,1.15,62.64,4.912,190.0,246.0,15708.0,,,45.075,5698.0
2018-02-14,130.0,7.17,9.321,2.62,2.58,2.6,1.17,63.74,3.38,130.0,206.0,15618.0,,,29.282,3986.3
2018-02-15,125.0,,,,,,,,,,230.0,,,0.5042,30.928,3997.2
2018-02-16,26.0,,,,,,,,,,43.0,,,,6.479,1571.5
2018-02-17,124.0,,,,,,,,,,331.0,,,,31.024,2933.4
2018-02-18,219.0,,,,,,,,,,285.0,,,,54.929,
2018-02-19,190.0,6.82,12.958,2.55,2.47,2.51,1.125,63.2,4.769,190.0,371.0,15598.0,2755.0,0.2346,47.086,4333.9
2018-02-20,222.0,5.57,12.365,2.77,2.77,2.77,1.21,50.27,6.149,222.0,332.0,15398.0,,0.4462,64.041,4593.8
2018-02-21,204.0,5.49,11.2,2.45,2.58,2.515,1.125,54.19,5.131,204.0,235.0,15668.0,,0.3008,59.409,4621.8
2018-02-22,104.0,5.7,5.928,2.48,2.51,2.495,1.045,56.23,2.595,104.0,203.0,15178.0,,0.2212,28.562,3521.5
2018-02-23,134.0,,,,,,,,,,319.0,,,0.1448,32.479,3525.3
2018-02-24,188.0,,,,,,,,,,390.0,,,0.1837,42.727,5509.0
2018-02-25,66.0,,,,,,,,,,97.0,,,,14.24,2776.1
2018-02-26,177.0,7.35,13.01,2.45,2.48,2.465,1.125,66.46,4.364,177.0,402.0,15328.0,,0.3395,44.09,5360.9
2018-02-27,191.0,7.14,13.637,2.46,2.58,2.52,1.06,64.71,4.812,191.0,371.0,15338.0,,0.1914,44.566,5993.5
2018-02-28,105.0,7.59,7.969,2.61,2.5,2.555,1.125,66.34,2.682,105.0,348.0,15388.0,,0.1494,22.067,6560.4
2018-03-01,221.0,,,,,,,,,,452.0,,,0.349,54.98,7354.8
2018-03-02,204.0,,,,,,,,,,390.0,,,0.2908,53.151,6596.0
2018-03-03,191.0,,,,,,,,,,338.0,,,0.3595,55.071,6569.3
2018-03-04,159.0,,,,,,,,,,409.0,,,,49.031,
2018-03-05,192.0,7.94,15.245,2.47,2.58,2.525,1.18,68.2,4.848,192.0,454.0,15438.0,2614.0,0.3581,61.902,7971.8
2018-03-06,120.0,6.92,8.304,2.54,2.53,2.535,1.185,63.37,3.042,120.0,381.0,15338.0,,0.4055,41.503,5850.1
2018-03-07,216.0,6.45,13.932,2.48,2.5,2.49,1.09,61.4,5.378,216.0,488.0,15248.0,,0.3584,75.469,7266.7
2018-03-08,218.0,6.84,14.911,2.46,2.52,2.49,1.01,63.6,5.428,218.0,463.0,15418.0,,0.2486,69.952,6855.7
2018-03-09,237.0,,,,,,,,,,354.0,,,0.2203,69.299,6974.9
2018-03-10,240.0,,,,,,,,,,433.0,,,0.3683,75.336,7136.2
2018-03-11,205.0,,,,,,,,,,326.0,,,,67.509,8272.8
2018-03-12,197.0,6.62,13.041,3.47,2.49,2.98,1.515,54.98,5.871,197.0,311.0,15280.0,3032.0,0.3979,68.703,9651.8
2018-03-13,190.0,8.05,15.295,2.57,2.59,2.58,1.23,67.95,4.902,190.0,353.0,15018.0,,0.1951,57.987,10307.7
2018-03-14,216.0,7.07,15.271,2.62,2.59,2.605,1.245,63.15,5.627,216.0,409.0,15128.0,,0.2934,65.201,11406.9
2018-03-15,215.0,7.03,15.114,2.63,2.54,2.585,1.235,63.23,5.557,215.0,405.0,14988.0,,0.3468,67.64,10327.9
2018-03-16,216.0,,,,,,,,,,385.0,,,0.3988,73.109,9098.7
2018-03-17,216.0,,,,,,,,,,380.0,,,0.3661,74.804,8825.9
2018-03-18,153.0,,,,,,,,,,285.0,,,,53.846,9836.1
2018-03-19,39.0,7.17,2.796,2.58,2.46,2.52,1.23,64.85,0.983,39.0,182.0,15198.0,2843.0,0.3582,13.794,
2018-03-20,173.0,7.13,12.335,2.68,2.59,2.635,1.335,63.04,4.559,173.0,372.0,14868.0,,0.4978,68.259,
2018-03-21,216.0,8.43,18.209,2.53,2.54,2.535,1.21,69.93,5.475,216.0,459.0,15048.0,,0.2364,75.543,
2018-03-22,161.0,7.75,12.478,2.53,2.47,2.5,1.165,67.74,4.025,161.0,377.0,15208.0,,0.1934,49.173,
2018-03-23,216.0,,,,,,,,,,435.0,,,0.1756,58.024,
2018-03-24,208.0,,,,,,,,,,278.0,,,0.2439,54.417,
2018-03-25,179.0,,,,,,,,,,422.0,,,,45.93,
2018-03-26,171.0,8.48,14.501,2.56,2.59,2.575,1.23,69.63,4.404,171.0,212.0,14728.0,2773.0,0.311,46.516,
2018-03-27,216.0,10.15,21.924,2.84,2.54,2.69,1.34,73.5,5.81,216.0,472.0,15478.0,,0.4323,68.572,
2018-03-28,205.0,6.58,13.489,2.58,2.65,2.615,1.28,60.26,5.361,205.0,304.0,14888.0,,,63.92,
2018-03-29,216.0,11.38,24.581,2.62,2.63,2.625,1.28,76.93,5.671,216.0,418.0,15368.0,,0.1717,59.466,
2018-03-30,184.0,,,,,,,,,,256.0,,,0.2237,48.122,
2018-03-31,195.0,,,,,,,,,,358.0,,,0.2154,48.56,
2018-04-01,207.0,,,,,,,,,,306.0,,,,49.638,
2018-04-02,198.0,8.07,15.979,2.5,2.53,2.515,1.18,68.84,4.979,198.0,341.0,15368.0,2382.0,0.4201,57.368,7470.9
2018-04-03,195.0,5.85,11.408,2.51,2.54,2.525,1.135,56.84,4.924,195.0,335.0,15048.0,,0.322,58.255,6545.6
2018-04-04,173.0,6.29,10.882,2.57,2.49,2.53,1.185,59.78,4.377,173.0,354.0,15158.0,,0.278,50.677,5553.6
2018-04-05,165.0,5.76,9.504,2.54,2.46,2.5,1.145,56.6,4.125,165.0,296.0,15108.0,,0.2396,45.862,4787.9
2018-04-06,186.0,,,,,,,,,,369.0,,,0.2209,48.709,5041.3
2018-04-07,174.0,,,,,,,,,,378.0,,,,40.998,4901.4
2018-04-08,162.0,,,,,,,,,,358.0,,,1.0,56.408,5035.9
2018-04-09,124.0,6.21,7.7,2.47,2.51,2.49,1.14,59.9,3.088,124.0,217.0,15228.0,2948.0,0.1862,38.576,3751.1
2018-04-10,140.0,6.25,8.75,2.36,2.51,2.435,1.09,61.04,3.409,140.0,356.0,15158.0,,0.3915,46.28,4200.7
2018-04-11,171.0,,,,,,,,,,287.0,,,0.423,60.519,5394.1
2018-04-12,170.0,6.4,10.88,2.54,2.35,2.445,1.14,61.8,4.156,170.0,288.0,15148.0,,0.2455,55.363,4989.7
2018-04-13,190.0,,,,,,,,,,429.0,,,,54.261,5524.0
2018-04-14,222.0,,,,,,,,,,458.0,,,0.2683,62.405,6971.3
2018-04-15,216.0,,,,,,,,,,397.0,,,,59.983,6585.2
2018-04-16,124.0,6.11,7.576,2.44,2.48,2.46,1.125,59.74,3.05,124.0,284.0,15488.0,2973.0,0.3639,37.324,3882.3
2018-04-17,216.0,5.59,12.074,2.45,2.49,2.47,1.08,55.81,5.336,216.0,432.0,15368.0,,0.2793,63.732,5477.4
2018-04-18,195.0,5.84,11.388,2.44,2.38,2.41,1.095,58.73,4.7,195.0,422.0,15758.0,,0.3562,60.835,5070.4
2018-04-19,216.0,5.59,12.074,2.36,2.51,2.435,1.09,56.44,5.259,216.0,365.0,15875.0,,0.1692,58.799,5509.3
2018-04-20,216.0,,,,,,,,,,444.0,,,0.2457,57.196,5408.0
2018-04-21,216.0,,,,,,,,,,465.0,,,0.1865,52.444,5451.3
2018-04-22,218.0,,,,,,,,,,476.0,,,,49.472,5568.6
2018-04-23,193.0,5.22,10.075,2.37,2.41,2.39,1.04,54.21,4.613,193.0,445.0,15688.0,2793.0,0.3472,50.347,4753.5
2018-04-24,219.0,5.96,13.052,2.44,2.53,2.485,1.09,58.31,5.441,219.0,455.0,15628.0,,0.4399,68.208,5691.2
2018-04-25,216.0,6.52,14.083,2.37,2.39,2.38,1.08,63.5,5.14,216.0,397.0,15088.0,,0.3877,71.929,5984.4
2018-04-26,216.0,6.53,14.105,2.4,2.54,2.47,1.085,62.17,5.336,216.0,408.0,15198.0,,0.3415,72.45,6436.0
2018-04-27,216.0,,,,,,,,,,393.0,,,0.3912,75.862,8563.4
2018-04-28,204.0,,,,,,,,,,364.0,,,0.3768,73.128,8082.8
2018-04-29,218.0,,,,,,,,,,412.0,,,,79.281,8389.8
2018-04-30,207.0,6.55,13.558,2.55,2.47,2.51,1.18,61.68,5.195,207.0,498.0,15638.0,2706.0,0.208,66.153,7880.5
2018-05-01,216.0,,,,,,,,,,416.0,,,0.3949,73.638,7172.9
2018-05-02,208.0,7.07,14.706,2.53,2.51,2.52,1.2,64.36,5.241,208.0,361.0,15368.0,,0.3413,70.933,6936.1
2018-05-03,216.0,7.68,16.589,2.71,2.54,2.625,1.085,65.82,5.67,216.0,416.0,15558.0,,0.5053,83.721,7795.6
2018-05-04,216.0,,,,,,,,,,386.0,,,0.3288,80.121,9639.8
2018-05-05,210.0,,,,,,,,,,340.0,,,0.207,68.139,12785.0
2018-05-06,144.0,,,,,,,,,,337.0,,,,41.93,13062.3
2018-05-07,150.0,,,,,,,,,,371.0,,,0.3386,45.691,
2018-05-08,197.0,6.91,13.613,2.7,2.8,2.75,1.42,60.2,5.418,197.0,342.0,15458.0,,0.3935,64.972,12873.4
2018-05-09,191.0,7.06,13.485,2.84,2.88,2.86,1.375,59.49,5.463,191.0,298.0,15638.0,,0.2982,61.282,10531.7
2018-05-10,172.0,6.84,11.765,2.61,2.71,2.66,1.23,61.11,4.575,172.0,363.0,15688.0,,0.4042,59.249,8182.3
2018-05-11,137.0,,,,,,,,,,308.0,,,0.3664,48.043,6378.7
2018-05-12,176.0,,,,,,,,,,245.0,,,0.435,65.926,7389.6
2018-05-13,125.0,,,,,,,,,,195.0,,,,48.963,5965.6
2018-05-14,102.0,6.77,6.905,2.54,2.49,2.515,1.125,62.85,2.565,102.0,310.0,15778.0,,0.3261,38.058,3602.6
2018-05-15,162.0,6.64,10.757,2.71,2.64,2.675,1.285,59.71,4.334,162.0,260.0,15918.0,,0.3571,59.71,5148.2
2018-05-16,136.0,7.0,9.52,2.61,2.66,2.635,1.17,62.36,3.583,136.0,308.0,15818.0,,0.1528,41.809,4651.9
2018-05-17,216.0,8.6,18.576,2.62,2.79,2.705,1.225,68.55,5.842,216.0,466.0,15798.0,,0.3843,69.742,8118.4
2018-05-18,216.0,,,,,,,,,,354.0,,,0.2677,66.411,9103.2
2018-05-19,203.0,,,,,,,,,,381.0,,,0.3441,64.504,8735.4
2018-05-20,209.0,,,,,,,,,,391.0,,,,67.962,9393.3
2018-05-21,169.0,8.42,14.23,2.74,2.58,2.66,1.275,68.41,4.495,169.0,265.0,16378.0,2885.0,0.4312,58.848,8680.0
2018-05-22,144.0,,,,,,,,,,381.0,,,0.3504,50.231,7081.0
2018-05-23,192.0,8.47,16.262,2.63,2.58,2.605,1.175,69.24,5.002,192.0,280.0,16548.0,,0.3121,65.002,8802.8
2018-05-24,165.0,8.02,13.233,2.9,2.7,2.8,1.275,65.09,4.62,165.0,458.0,15918.0,,0.3848,58.006,7586.2
2018-05-25,212.0,,,,,,,,,,330.0,,,,69.034,9565.1
2018-05-26,212.0,,,,,,,,,,357.0,,,0.4247,74.534,9602.5
2018-05-27,160.0,,,,,,,,,,231.0,,,,59.385,8214.3
2018-05-28,165.0,7.66,12.639,2.65,2.85,2.75,1.27,64.1,4.537,165.0,387.0,16798.0,3173.0,0.4276,63.775,6804.7
2018-05-29,216.0,7.07,15.271,2.53,2.78,2.655,1.225,62.45,5.734,216.0,329.0,16978.0,,0.2792,77.111,7825.4
2018-05-30,216.0,7.02,15.163,2.72,2.62,2.67,1.185,61.97,5.766,216.0,372.0,16568.0,,0.3284,75.395,7493.3
2018-05-31,208.0,6.78,14.102,2.81,2.79,2.8,1.325,58.7,5.824,208.0,426.0,16498.0,,0.4886,80.703,6999.3
2018-06-01,216.0,,,,,,,,,,290.0,,,0.377,83.139,7188.4
2018-06-02,216.0,,,,,,,,,,359.0,,,0.1939,71.54,7076.7
2018-06-03,216.0,,,,,,,,,,329.0,,,1.0,91.474,7984.9
2018-06-04,216.0,7.14,15.422,2.81,2.85,2.83,1.27,60.36,6.113,216.0,347.0,17418.0,3014.0,0.1923,79.354,7736.1
2018-06-05,216.0,6.87,14.839,2.73,2.62,2.675,1.23,61.06,5.778,216.0,360.0,17158.0,,0.3268,77.138,7119.5
2018-06-06,226.0,,,,,,,,,,334.0,,,0.3591,80.823,6669.3
2018-06-07,216.0,6.59,14.234,2.73,2.84,2.785,1.29,57.74,6.015,216.0,360.0,17148.0,,0.4717,83.826,6504.6
2018-06-08,208.0,,,,,,,,,,360.0,,,0.3131,76.488,7567.8
2018-06-09,216.0,,,,,,,,,,385.0,,,0.3854,80.481,9562.1
2018-06-10,226.0,,,,,,,,,,366.0,,,,85.012,13063.2
2018-06-11,149.0,7.38,10.996,2.73,2.78,2.755,1.37,62.67,4.105,149.0,383.0,16718.0,3160.0,0.4148,57.656,9375.8
2018-06-12,216.0,5.92,12.787,2.88,2.74,2.81,1.325,52.53,6.07,216.0,383.0,16938.0,,0.4088,84.903,8169.8
2018-06-13,208.0,,,,,,,,,,306.0,,,0.1568,67.942,6238.4
2018-06-14,198.0,5.72,11.326,2.61,2.61,2.61,1.18,54.37,5.168,198.0,378.0,16908.0,,0.3503,65.996,5811.6
2018-06-15,158.0,,,,,,,,,,305.0,,,0.2877,50.628,5132.3
2018-06-16,173.0,,,,,,,,,,328.0,,,0.2292,50.973,5619.5
2018-06-17,208.0,,,,,,,,,,232.0,,,,57.434,5911.8
2018-06-18,126.0,4.51,5.683,2.63,2.59,2.61,1.18,42.13,3.289,126.0,365.0,17368.0,3187.0,0.502,42.845,3331.5
2018-06-19,207.0,4.38,9.067,2.87,2.5,2.685,1.265,38.7,5.558,207.0,381.0,17318.0,,0.3266,69.598,4648.5
2018-06-20,216.0,4.18,9.029,2.67,2.68,2.675,1.23,36.0,5.779,216.0,352.0,17238.0,,0.3669,74.501,4892.6
2018-06-21,209.0,4.73,9.886,2.65,2.61,2.63,1.235,44.4,5.497,209.0,321.0,16838.0,,0.4502,78.322,4985.4
2018-06-22,225.0,,,,,,,,,,352.0,,,0.3347,81.763,5826.1
2018-06-23,222.0,,,,,,,,,,413.0,,,0.3996,82.953,6408.9
2018-06-24,221.0,,,,,,,,,,220.0,,,,84.207,6128.2
2018-06-25,212.0,4.16,8.819,2.48,2.6,2.54,1.19,38.94,5.385,212.0,419.0,17188.0,3305.0,0.3454,78.635,6016.0
2018-06-26,216.0,7.24,15.638,2.57,2.63,2.6,1.145,64.09,5.616,216.0,365.0,17728.0,,0.5402,90.481,6535.1
2018-06-27,215.0,5.73,12.32,2.63,2.5,2.565,1.18,55.24,5.514,215.0,434.0,16698.0,,0.0895,69.992,6660.0
2018-06-28,216.0,5.01,10.822,2.52,2.62,2.57,1.23,48.7,5.552,216.0,376.0,16778.0,,0.3389,71.134,6632.3
2018-06-29,216.0,,,,,,,,,,449.0,,,0.3111,70.015,6475.6
2018-06-30,190.0,,,,,,,,,,339.0,,,0.2668,58.499,5656.6
2018-07-01,208.0,,,,,,,,,,336.0,,,1.0,104.848,6194.8
2018-07-02,140.0,6.26,8.764,2.64,2.73,2.685,1.21,57.11,3.759,140.0,349.0,15558.0,3192.0,0.2413,60.142,5047.2
2018-07-03,214.0,4.57,9.78,2.38,2.51,2.445,1.115,46.5,5.232,214.0,388.0,15868.0,,0.3669,88.13,6616.9
2018-07-04,219.0,5.01,10.972,2.55,2.96,2.755,1.255,45.01,6.034,219.0,397.0,16308.0,,0.2959,82.99,6405.0
2018-07-05,216.0,4.28,9.245,2.58,2.74,2.66,1.275,37.85,5.746,216.0,394.0,15938.0,,0.4895,88.619,6313.9
2018-07-06,216.0,,,,,,,,,,360.0,,,0.2797,80.627,6348.7
2018-07-07,228.0,,,,,,,,,,421.0,,,0.118,68.609,6406.3
2018-07-08,215.0,,,,,,,,,,359.0,,,1.0,107.303,6397.8
2018-07-09,210.0,2.87,6.027,2.53,2.81,2.67,1.235,6.97,5.607,210.0,476.0,15818.0,3231.0,0.5404,107.267,6012.8
2018-07-10,218.0,4.0,8.72,2.6,2.8,2.7,1.415,32.5,5.886,218.0,377.0,15828.0,,0.1804,90.934,5835.7
2018-07-11,224.0,4.27,9.565,2.76,2.88,2.82,1.485,33.96,6.317,224.0,330.0,15848.0,,0.3161,87.023,5891.8
2018-07-12,225.0,4.18,9.405,2.68,2.73,2.705,1.3,35.29,6.086,225.0,362.0,15368.0,,0.3903,87.528,6027.6
2018-07-13,226.0,,,,,,,,,,409.0,,,0.3687,86.618,6255.7
2018-07-14,224.0,,,,,,,,,,351.0,,,0.3133,81.407,6017.8
2018-07-15,216.0,,,,,,,,,,339.0,,,,75.428,6050.9
2018-07-16,216.0,4.06,8.77,2.65,2.63,2.64,1.385,34.98,5.702,216.0,421.0,16168.0,3327.0,0.3805,77.343,5805.0
2018-07-17,216.0,3.82,8.251,2.88,2.61,2.745,1.44,28.14,5.929,216.0,364.0,15808.0,,0.3828,78.86,5560.2
2018-07-18,209.0,4.04,8.444,,,,,,,,346.0,,,0.4191,79.501,5347.7
2018-07-19,209.0,4.04,8.444,2.64,2.75,2.695,1.46,33.29,5.633,209.0,,15768.0,,0.4191,81.792,5340.0
2018-07-20,208.0,4.36,9.069,2.61,2.8,2.705,1.3,37.96,5.626,208.0,,15928.0,,0.3088,76.53,5314.3
2018-07-21,216.0,,,,,,,,,,,,,0.2134,70.012,5783.8
2018-07-22,226.0,,,,,,,,,,,,,1.0,116.552,6422.9
2018-07-23,226.0,3.96,8.95,2.77,2.56,2.665,1.325,32.7,6.023,226.0,,15248.0,2942.9,0.467,113.434,5709.6
2018-07-24,228.0,3.9,8.892,2.35,2.51,2.43,1.135,37.69,5.541,228.0,,15808.0,,0.4613,111.816,5606.1
2018-07-25,226.0,3.91,8.837,2.92,3.23,3.075,1.56,21.36,6.949,226.0,,15788.0,,0.0832,84.749,5762.9
2018-07-26,224.0,5.25,11.76,2.37,2.37,2.37,1.08,54.86,5.308,224.0,,15268.0,,0.32,80.508,6188.2
2018-07-27,216.0,,,,,,,,,,,,,0.4213,81.421,5724.1
2018-07-28,216.0,,,,,,,,,,,,,0.0,58.341,5460.8
2018-07-29,216.0,,,,,,,,,,,,,1.0,103.032,5360.4
2018-07-30,170.0,3.41,5.797,2.45,3.17,2.81,1.325,17.6,4.777,170.0,,15098.0,3029.3,0.1907,67.293,4142.8
2018-07-31,173.0,3.63,6.28,2.63,2.32,2.475,1.18,31.82,4.282,173.0,,15248.0,,0.3192,64.723,4014.7
2018-08-01,218.0,3.72,8.11,2.54,2.54,2.54,1.115,31.72,5.538,218.0,,15888.0,,0.4627,87.035,4742.8
2018-08-02,180.0,4.11,7.398,2.44,2.58,2.51,1.175,38.93,4.518,180.0,,15388.0,,0.1081,57.01,4438.0
2018-08-03,230.0,,,,,,,,,,,,,0.4399,80.877,5839.2
2018-08-04,233.0,,,,,,,,,,,,,0.2083,72.467,5776.8
2018-08-05,230.0,,,,,,,,,,,,,0.5687,88.337,5616.1
2018-08-06,226.0,3.88,8.769,2.41,2.56,2.485,1.21,35.95,5.617,226.0,,14978.0,2625.7,0.4927,93.762,5006.9
2018-08-07,226.0,3.92,8.859,2.75,2.4,2.575,1.305,34.31,5.819,226.0,,14988.0,,0.39,92.171,5135.4
2018-08-08,230.0,3.9,8.97,2.82,2.55,2.685,1.26,31.15,6.176,230.0,,15868.0,,0.0,67.212,5143.3
2018-08-09,226.0,4.36,9.854,2.15,2.17,2.16,0.925,50.46,4.882,226.0,,15470.0,,0.4828,78.253,5339.3
2018-08-10,220.0,,,,,,,,,,,,,0.3899,78.9,5340.0
2018-08-11,187.0,,,,,,,,,,,,,0.138,55.368,5150.7
2018-08-12,208.0,,,,,,,,,,,,,1.0,103.09,6315.6
2018-08-13,224.0,4.11,9.206,2.07,2.26,2.165,1.34,47.32,4.85,224.0,,16938.0,2843.0,0.3857,104.04,6199.1
2018-08-14,226.0,4.58,10.351,2.41,2.48,2.445,1.07,46.62,5.525,226.0,,15528.0,,0.1838,86.986,5254.3
2018-08-15,235.0,,,,,,,,,,,,,0.213,78.998,5276.1
2018-08-16,220.0,3.61,7.942,2.09,2.14,2.115,0.895,41.41,4.653,220.0,,14728.0,,0.1855,64.558,5438.1
2018-08-17,216.0,,,,,,,,,,,,,0.2352,59.817,5175.5
2018-08-18,216.0,,,,,,,,,,,,,0.1677,53.131,5407.2
2018-08-19,216.0,,,,,,,,,,,,,0.0,38.07,6239.8
2018-08-20,187.0,8.27,15.465,2.35,2.09,2.22,1.22,73.16,4.151,187.0,,14878.0,,0.2085,34.666,6661.7
2018-08-21,203.0,4.22,8.567,2.2,2.45,2.325,0.935,44.91,4.72,203.0,,16528.0,,0.2844,43.328,5885.3
2018-08-22,216.0,8.48,18.317,2.19,2.28,2.235,0.89,73.64,4.828,216.0,,15248.0,,0.2064,45.673,5727.0
2018-08-23,184.0,4.42,8.133,2.68,2.3,2.49,0.99,43.67,4.581,184.0,,15408.0,,0.0,27.878,4789.4
2018-08-24,190.0,,,,,,,,,,,,,0.3068,37.153,4139.9
2018-08-25,203.0,,,,,,,,,,,,,0.0,28.442,3825.7
2018-08-26,223.0,,,,,,,,,,,,,0.5417,56.63,3933.8
2018-08-27,222.0,4.33,9.613,2.44,3.35,2.895,1.47,33.14,6.427,222.0,,16778.0,3227.0,0.2666,57.171,3839.2
2018-08-28,220.0,,,,,,,,,,,,,0.3318,61.285,3653.3
2018-08-29,220.0,4.09,8.998,2.27,2.9,2.585,0.935,36.8,5.687,220.0,,14578.0,,0.2935,62.218,3146.3
2018-08-30,216.0,4.44,9.59,2.11,2.21,2.16,1.035,51.35,4.666,216.0,,15278.0,3016.0,0.3391,64.532,3184.6
2018-08-31,216.0,,,,,,,,,,,,,0.2621,62.29,3199.9
2018-09-01,216.0,,,,,,,,,,,,,0.4114,69.824,3265.2
2018-09-02,181.0,,,,,,,,,,,,,0.0,41.924,3723.8
2018-09-03,167.0,4.59,7.665,2.77,2.46,2.615,1.325,43.03,4.367,167.0,,15238.0,3121.7,0.3629,44.896,3580.5
2018-09-04,125.0,4.35,5.438,2.85,2.51,2.68,1.26,38.39,3.35,125.0,,14518.0,,0.3435,36.252,3466.9
2018-09-05,120.0,4.07,4.884,2.17,2.28,2.225,1.205,45.33,2.67,120.0,,14838.0,,0.3866,38.087,3439.4
2018-09-06,120.0,3.85,4.62,2.19,2.28,2.235,0.985,41.95,2.682,120.0,,13859.0,,0.3963,40.772,3778.1
2018-09-07,120.0,,,,,,,,,,,,,0.4718,45.264,3856.4
2018-09-08,122.0,,,,,,,,,,,,,0.2048,40.057,4343.5
2018-09-09,120.0,,,,,,,,,,,,,1.0,62.248,4769.0
2018-09-10,120.0,3.91,4.692,2.23,2.46,2.345,0.97,40.03,2.814,120.0,,15348.0,4557.0,0.3755,57.377,5593.6
2018-09-11,141.0,3.95,5.57,3.54,3.04,3.29,1.575,16.71,4.639,141.0,,15228.0,,0.3632,62.822,5975.0
2018-09-12,157.0,4.29,6.735,2.07,2.96,2.515,1.25,41.38,3.948,157.0,,15108.0,,0.376,66.855,6319.1
2018-09-13,186.0,5.35,9.951,2.54,2.6,2.57,1.23,51.96,4.78,186.0,,16908.0,,0.3691,76.213,6617.9
2018-09-14,203.0,,,,,,,,,,,,,0.3848,81.744,6792.2
2018-09-15,203.0,,,,,,,,,,,,,0.41,82.167,7015.7
2018-09-16,212.0,,,,,,,,,,,,,1.0,121.581,8938.8
2018-09-17,211.0,6.1,12.871,2.48,3.03,2.755,1.3,54.84,5.813,211.0,,15128.0,5028.1,0.3262,106.215,8476.6
2018-09-18,216.0,4.9,10.584,2.5,2.76,2.63,1.235,46.33,5.68,216.0,,14678.0,,0.3363,98.501,8460.0
2018-09-19,216.0,4.54,9.806,2.48,2.43,2.455,1.24,45.93,5.302,216.0,,16428.0,,0.2764,87.501,8510.8
2018-09-20,218.0,4.84,10.551,2.27,2.36,2.315,1.025,52.17,5.047,218.0,,15928.0,,0.4326,90.008,8542.4
2018-09-21,216.0,,,,,,,,,,,,,0.3074,82.725,8811.3
2018-09-22,216.0,,,,,,,,,,,,,0.426,85.358,8186.2
2018-09-23,216.0,,,,,,,,,,,,,0.0,61.162,9269.9
2018-09-24,216.0,,,,,,,,,,,,,,43.824,
2018-09-25,154.0,,,,,,,,,,,,,0.5097,44.637,
2018-09-26,216.0,4.84,10.454,2.8,2.74,2.77,1.43,42.77,5.983,216.0,,16108.0,3484.1,0.272,61.513,9008.6
2018-09-27,216.0,5.64,12.182,2.45,2.63,2.54,1.165,54.96,5.487,216.0,,15778.0,,0.3317,64.387,8420.8
2018-09-28,216.0,,,,,,,,,,,,,0.158,55.808,7948.6
2018-09-29,216.0,,,,,,,,,,,,,0.3312,60.269,7777.7
2018-09-30,216.0,,,,,,,,,,,,,,63.466,8571.8
2018-10-01,210.0,5.27,11.067,2.55,2.69,2.62,1.18,50.28,5.503,210.0,,15378.0,4317.6,0.3604,65.669,8369.9
2018-10-02,216.0,,,,,,,,,,,,,0.3987,72.811,7499.0
2018-10-03,216.0,4.96,10.714,2.57,2.6,2.585,1.265,47.88,5.584,216.0,,15608.0,,0.1547,61.646,7521.6
2018-10-04,216.0,10.47,22.615,2.98,2.62,2.8,1.44,73.26,6.047,216.0,,15278.0,,0.3718,66.937,7941.3
2018-10-05,216.0,,,,,,,,,,,,,0.3409,68.836,7609.1
2018-10-06,204.0,,,,,,,,,,,,,0.2392,60.414,7148.6
2018-10-07,216.0,,,,,,,,,,,,,,60.48,8801.2
2018-10-08,216.0,27.68,59.789,2.74,3.02,2.88,1.365,89.6,6.218,215.9,,15388.0,4320.0,0.2924,61.238,12086.1
2018-10-09,216.0,4.03,8.705,2.83,2.57,2.7,1.365,33.0,5.832,216.0,,15598.0,,0.2581,59.684,10680.6
2018-10-10,216.0,6.05,13.068,2.85,2.73,2.79,1.42,53.88,6.027,216.0,,15938.0,,0.3029,61.31,10418.1
2018-10-11,212.0,22.33,47.34,2.76,2.75,2.755,1.275,87.66,5.842,212.1,,15758.0,,0.3083,61.643,11887.5
2018-10-12,227.0,,,,,,,,,,,,,0.3164,67.654,14510.4
2018-10-13,235.0,,,,,,,,,,,,,0.3098,70.825,16018.7
2018-10-14,194.0,,,,,,,,,,,,,,58.934,17762.7
2018-10-15,177.0,3.78,6.691,3.16,2.94,3.05,1.455,19.31,5.399,177.0,,16078.0,4066.0,0.4197,59.586,17739.6
2018-10-16,165.0,26.15,43.148,3.06,3.24,3.15,1.48,87.95,5.199,165.0,,15508.0,3942.0,0.289,53.318,15618.3
2018-10-17,207.0,20.78,43.015,3.32,3.41,3.365,1.71,83.81,6.964,207.0,,15628.0,4082.0,0.3054,65.846,17397.3
2018-10-18,162.0,14.05,22.761,3.19,3.45,3.32,1.785,76.37,5.378,162.0,,15728.0,,0.3397,52.525,17414.0
2018-10-19,194.0,,,,,,,,,,,,,0.3192,62.623,16956.3
2018-10-20,184.0,,,,,,,,,,,,,0.2816,57.245,16102.8
2018-10-21,118.0,,,,,,,,,,,,,,35.724,13375.5
2018-10-22,186.0,11.14,20.72,3.05,3.04,3.045,1.545,72.67,5.663,186.0,,15928.0,3925.0,0.4427,63.691,14115.2
2018-10-23,132.0,10.75,14.19,3.32,3.17,3.245,1.74,69.81,4.284,132.0,,16078.0,,0.3683,46.169,11483.3
2018-10-24,152.0,10.43,15.854,3.1,3.16,3.13,1.47,69.99,4.758,152.0,,15908.0,,0.3075,51.341,11759.7
2018-10-25,148.0,9.83,14.548,3.16,3.02,3.09,1.58,68.57,4.572,148.0,,15908.0,,0.3457,50.323,11371.1
2018-10-26,118.0,10.02,11.824,3.36,3.33,3.345,1.525,66.62,3.947,118.0,,,,0.1708,34.464,9236.1
2018-10-27,192.0,,,,,,,,,,,,,0.0,40.181,12529.8
2018-10-28,192.0,,,,,,,,,,,,,1.0,83.217,13285.7
2018-10-29,207.0,10.11,20.928,3.23,3.1,3.165,1.605,68.69,6.553,207.0,,15778.0,3680.0,0.4888,92.967,13250.3
2018-10-30,216.0,9.12,19.699,3.17,3.11,3.14,1.615,65.57,6.782,216.0,,15248.0,,0.3533,91.14,12572.9
2018-10-31,216.0,,,,,,,,,,,,,0.37,87.958,11055.5
2018-11-01,216.0,7.88,17.021,2.9,2.97,2.935,1.345,62.75,6.34,216.0,,16508.0,,0.3895,86.876,10319.7
2018-11-02,155.0,,,,,,,,,,,,,0.1796,52.559,8524.8
2018-11-03,205.0,,,,,,,,,,,,,0.0,49.809,9304.0
2018-11-04,240.0,,,,,,,,,,,,,1.0,109.816,11726.3
2018-11-05,226.0,8.0,18.08,3.16,3.2,3.18,1.515,60.25,7.187,226.0,,16050.0,3851.0,0.3251,94.926,11334.7
2018-11-06,220.0,7.79,17.138,3.08,3.0,3.04,1.563,60.98,6.687,220.0,,16248.0,,0.3049,85.223,10174.5
2018-11-07,240.0,7.46,17.904,3.06,3.01,3.035,1.515,59.32,7.283,240.0,,16508.0,,0.3309,89.127,10492.2
2018-11-08,240.0,7.39,17.736,3.03,3.04,3.035,1.445,58.93,7.284,240.0,,16312.0,,0.3214,85.725,10444.8
2018-11-09,240.0,,,,,,,,,,,,,0.4134,89.55,10469.8
2018-11-10,218.0,,,,,,,,,,,,,0.0,58.283,9852.5
2018-11-11,214.0,,,,,,,,,,,,,1.0,101.658,10042.7
2018-11-12,178.0,7.87,14.009,3.03,3.13,3.08,1.49,60.86,5.483,178.0,,16850.0,4896.0,0.4315,82.361,8224.0
2018-11-13,216.0,7.78,16.805,3.09,3.2,3.145,1.455,59.58,6.793,216.0,,16525.0,,0.3159,90.956,9472.6
2018-11-14,220.0,7.44,16.368,2.99,3.06,3.025,1.465,59.34,6.655,220.0,,16408.0,,0.2852,84.165,9354.0
2018-11-15,192.0,7.64,14.669,2.92,2.99,2.955,1.38,61.32,5.674,192.0,,16375.0,,0.3337,70.791,8622.6
2018-11-16,188.0,,,,,,,,,,,,,0.3881,70.351,8890.7
2018-11-17,192.0,,,,,,,,,,,,,0.0,51.481,8623.2
2018-11-18,236.0,,,,,,,,,,,,,1.0,112.24,10468.2
2018-11-19,240.0,7.77,18.648,2.88,2.88,2.88,1.46,62.93,6.913,240.0,,16178.0,3659.0,0.4814,114.54,10208.9
2018-11-20,240.0,7.58,18.192,2.89,2.92,2.905,1.47,61.68,6.971,240.0,,16178.0,,0.308,103.023,9418.2
2018-11-21,240.0,6.93,16.632,2.92,2.89,2.905,1.54,58.08,6.972,240.0,,16200.0,,0.3342,96.556,9008.1
2018-11-22,240.0,6.96,16.704,2.76,2.79,2.775,1.285,60.13,6.66,240.0,,16485.0,,0.3191,90.896,8880.5
2018-11-23,240.0,,,,,,,,,,,,,0.2895,84.823,8619.2
2018-11-24,240.0,,,,,,,,,,,,,0.0,60.778,8574.5
2018-11-25,240.0,,,,,,,,,,,,,1.0,111.582,8643.5
2018-11-26,240.0,6.74,16.176,2.76,2.66,2.71,1.375,59.79,6.504,240.0,,16745.0,3647.8,0.413,108.046,8054.5
2018-11-27,240.0,6.55,15.72,2.72,2.68,2.7,1.275,58.78,6.48,240.0,,16848.0,3647.8,0.3104,98.532,7612.7
2018-11-28,240.0,6.43,15.432,2.77,2.85,2.81,1.305,56.3,6.744,240.0,,16750.0,,0.2943,90.623,7351.9
2018-11-29,240.0,6.45,15.48,2.67,2.64,2.655,1.23,58.84,6.372,240.0,,16938.0,,0.3351,87.732,7457.6
2018-11-30,240.0,,,,,,,,,,,,,0.4506,93.519,7751.6
2018-12-01,240.0,,,,,,,,,,,,,0.0,67.009,7884.0
2018-12-02,240.0,,,,,,,,,,,,,1.0,116.047,8764.2
2018-12-03,240.0,7.05,16.92,2.67,2.85,2.76,1.13,60.85,6.624,240.0,,16778.0,3545.7,0.2116,97.548,7891.6
2018-12-04,240.0,7.14,17.136,2.65,2.82,2.735,1.27,61.69,6.565,240.0,,16678.0,,0.2951,89.974,8173.9
2018-12-05,240.0,7.05,16.92,2.7,2.68,2.69,1.195,61.84,6.457,240.0,,16478.0,,0.3111,85.632,8058.7
2018-12-06,240.0,7.05,16.92,2.77,3.05,2.91,1.33,58.72,6.985,240.0,,16370.0,,0.4085,89.153,8121.9
2018-12-07,240.0,7.1,17.04,2.67,2.46,2.565,1.06,63.87,6.157,240.0,,16425.0,,0.1725,75.614,8253.5
2018-12-08,240.0,,,,,,,,,,,,,0.3795,80.0,8481.1
2018-12-09,240.0,,,,,,,,,,,,,,83.143,8708.0
2018-12-10,240.0,7.09,17.016,2.72,2.71,2.715,1.24,61.71,6.515,240.0,,15398.0,4501.0,0.3313,82.114,8167.4
2018-12-11,240.0,6.33,15.192,2.69,2.74,2.715,1.085,57.11,6.516,240.0,,15288.0,,0.3484,82.539,7707.8
2018-12-12,240.0,7.29,17.496,2.46,2.73,2.595,1.12,64.4,6.229,240.0,,15298.0,,0.2584,76.722,8047.3
2018-12-13,240.0,7.5,18.0,2.67,2.55,2.61,1.275,65.2,6.264,240.0,,15527.0,,0.3401,78.112,8443.5
2018-12-14,240.0,6.96,16.704,2.88,2.75,2.815,1.23,59.55,6.757,240.0,,15690.0,,0.3069,76.846,8270.6
2018-12-15,240.0,,,,,,,,,,,,,0.4566,86.127,8367.4
2018-12-16,240.0,,,,,,,,,,,,,,92.778,8546.2
2018-12-17,240.0,6.8,16.32,2.68,2.5,2.59,1.335,61.91,6.216,240.0,,15893.0,,0.271,84.916,8313.8
2018-12-18,240.0,,,,,,,,,,,,,0.3543,84.948,8272.1
2018-12-19,240.0,6.9,16.56,2.75,2.84,2.795,1.32,59.49,6.708,240.0,,16052.0,,0.3379,83.854,7898.6
2018-12-20,240.0,6.79,16.296,2.64,2.64,2.64,1.22,61.12,6.336,240.0,,15930.0,,0.311,81.241,7593.3
2018-12-21,240.0,6.65,15.96,2.72,2.68,2.7,1.15,59.4,6.48,240.0,,15925.0,,0.3757,83.768,7572.5
2018-12-22,240.0,,,,,,,,,,,,,0.4151,88.26,7998.9
2018-12-23,240.0,,,,,,,,,,,,,,91.478,8152.2
2018-12-24,206.0,6.58,13.555,2.6,2.48,2.54,1.185,61.4,5.232,206.0,,15843.0,4357.0,0.3372,75.953,6832.9
2018-12-25,216.0,,,,,,,,,,,,,0.3503,78.515,6768.2
2018-12-26,209.0,6.53,13.648,2.63,2.66,2.645,1.51,59.49,5.529,209.0,,15975.0,,0.3982,78.026,6559.9
2018-12-27,200.0,6.34,12.68,2.57,2.67,2.62,1.275,58.68,5.239,200.0,,15753.0,,0.2408,67.155,6200.3
2018-12-28,202.0,6.34,12.807,2.37,2.46,2.415,1.025,61.91,4.878,202.0,,15872.0,,0.4457,74.119,6207.9
2018-12-29,202.0,,,,,,,,,,,,,0.0,53.109,6155.7
2018-12-30,211.0,,,,,,,,,,,,,1.0,99.561,6539.4
2018-12-31,187.0,6.03,11.276,2.58,2.4,2.49,1.085,58.71,4.656,187.0,,15652.0,3704.0,0.3088,79.591,5580.8
2019-01-01,192.0,5.84,11.213,2.48,2.6,2.54,1.095,56.51,4.877,192.0,387.0,15825.0,,0.4933,85.404,5432.2
2019-01-02,196.0,5.85,11.466,2.62,2.57,2.595,1.12,55.64,5.086,196.0,377.0,15670.0,,0.3448,81.625,5406.0
2019-01-03,200.0,5.73,11.46,2.47,2.45,2.46,1.03,57.07,4.92,200.0,379.0,15880.0,,0.489,87.403,5365.1
2019-01-04,204.0,,,,,,,,,,348.0,,,0.1994,75.413,5600.3
2019-01-05,208.0,,,,,,,,,,331.0,,,0.3546,76.0,6118.2
2019-01-06,208.0,,,,,,,,,,334.0,,,,67.143,6462.9
2019-01-07,216.0,6.36,13.738,2.47,2.55,2.51,1.125,60.53,5.422,216.0,297.0,15540.0,2914.4,0.5795,84.173,6574.1
2019-01-08,216.0,6.0,12.96,2.52,2.59,2.555,1.095,57.42,5.518,216.0,332.0,15680.0,,0.4488,87.58,6330.9
2019-01-09,216.0,5.91,12.766,2.48,2.39,2.435,1.525,58.8,5.26,216.0,364.0,15842.0,,0.4558,90.53,6180.6
2019-01-10,216.0,6.11,13.198,2.39,2.37,2.38,1.02,61.05,5.141,216.0,361.0,15684.0,,0.4329,91.347,6314.0
2019-01-11,216.0,,,,,,,,,,360.0,,,0.43,91.772,6501.1
2019-01-12,216.0,,,,,,,,,,327.0,,,0.2241,79.679,6843.5
2019-01-13,225.0,,,,,,,,,,319.0,,,1.0,100.857,7282.6
2019-01-14,207.0,6.35,13.144,2.29,2.37,2.33,1.08,63.31,4.823,207.0,334.0,15820.0,3142.8,0.2772,84.181,6510.8
2019-01-15,216.0,6.28,13.565,2.28,2.36,2.32,1.08,63.06,5.011,216.0,283.0,15750.0,,0.5478,95.563,6572.9
2019-01-16,216.0,5.99,12.938,2.31,2.29,2.3,1.01,61.6,4.968,216.0,321.0,15923.0,,0.4776,97.547,6213.2
2019-01-17,216.0,5.94,12.83,2.46,2.34,2.4,1.07,59.6,5.183,216.0,253.0,15840.0,,0.5912,105.602,6097.2
2019-01-18,216.0,6.03,13.025,2.18,2.4,2.29,1.035,62.02,4.947,216.0,258.0,15785.0,,0.2353,90.727,6026.2
2019-01-19,216.0,,,,,,,,,,362.0,,,0.3853,88.664,6412.6
2019-01-20,216.0,,,,,,,,,,333.0,,,1.0,105.915,6676.7
2019-01-21,216.0,6.21,13.414,2.26,2.48,2.37,1.08,61.84,5.119,216.0,314.0,16058.0,3170.0,0.3057,96.006,4843.7
2019-01-22,217.0,6.17,13.389,2.4,2.47,2.435,1.085,60.53,5.285,217.0,306.0,16105.0,3169.5,0.456,97.092,4717.1
2019-01-23,216.0,6.29,13.586,2.37,2.19,2.28,1.005,63.75,4.925,216.0,310.0,16061.0,,0.4582,97.258,6207.1
2019-01-24,216.0,6.23,13.457,2.3,2.24,2.27,1.075,63.56,4.904,216.0,274.0,15890.0,,0.5225,101.463,6226.4
2019-01-25,210.0,,,,,,,,,,354.0,,,0.4459,97.274,5871.5
2019-01-26,212.0,,,,,,,,,,322.0,,,0.2191,83.914,6079.7
2019-01-27,212.0,,,,,,,,,,339.0,,,0.6385,96.039,6759.8
2019-01-28,216.0,7.07,15.271,2.34,2.29,2.315,1.05,67.26,5.0,216.0,93.0,15452.0,2969.9,0.271,87.036,6750.2
2019-01-29,206.0,6.88,14.173,2.29,2.35,2.32,1.0,66.28,4.779,206.0,305.0,15602.0,,0.6975,99.839,6082.1
2019-01-30,192.0,5.64,10.829,2.58,2.52,2.55,1.195,54.79,4.896,192.0,249.0,15423.0,,0.5664,97.436,5122.8
2019-01-31,192.0,5.98,11.482,2.32,2.41,2.365,1.11,60.45,4.541,192.0,375.0,15351.0,,0.2738,84.857,5404.9
2019-02-01,192.0,6.56,12.595,2.35,2.52,2.435,1.085,62.88,4.675,192.0,230.0,15568.0,,0.1977,71.666,5175.2
2019-02-02,192.0,,,,,,,,,,358.0,,,,58.883,5573.4
2019-02-03,192.0,,,,,,,,,,302.0,,,0.845,84.54,6066.2
2019-02-04,192.0,,,,,,,,,,280.0,,,0.2437,74.377,5986.8
2019-02-05,150.0,,,,,,,,,,138.0,,,1.0,68.96,
2019-02-06,160.0,,,,,,,,,,198.0,,,,72.61,
2019-02-07,168.0,6.48,10.886,2.09,2.18,2.135,0.74,67.05,3.587,168.0,233.0,15842.0,2847.9,0.2197,68.175,5047.3
2019-02-08,168.0,7.1,11.928,2.37,2.29,2.33,1.03,67.18,3.915,168.0,325.0,15645.0,,0.4755,70.781,5184.4
2019-02-09,168.0,,,,,,,,,,171.0,,,,65.553,5419.9
2019-02-10,168.0,,,,,,,,,,339.0,,,,60.707,5912.3
2019-02-11,168.0,6.88,11.558,2.23,2.49,2.36,1.07,65.7,3.964,168.0,145.0,15458.0,3205.0,0.4358,63.456,5419.9
2019-02-12,168.0,6.31,10.601,2.35,2.39,2.37,1.005,62.44,3.982,168.0,259.0,15365.0,,0.3785,63.488,4886.0
2019-02-13,192.0,6.52,12.518,2.37,2.55,2.46,1.12,62.27,4.723,192.0,257.0,15654.0,,0.3915,73.202,5447.6
2019-02-14,192.0,6.52,12.518,2.37,2.55,2.46,1.12,62.27,4.723,192.0,228.0,15654.0,,0.4898,78.544,5630.5
2019-02-15,198.0,6.52,12.91,2.37,2.39,2.38,0.94,63.5,4.712,198.0,334.0,15688.0,,0.1893,69.535,5910.0
2019-02-16,216.0,,,,,,,,,,265.0,,,0.3762,77.308,6701.7
2019-02-17,216.0,,,,,,,,,,282.0,,,,69.825,7037.5
2019-02-18,216.0,6.79,14.666,2.27,2.33,2.3,1.09,66.13,4.967,216.0,307.0,15802.0,,0.5214,80.667,6842.7
2019-02-19,216.0,6.48,13.997,2.29,2.18,2.235,0.995,65.51,4.828,216.0,330.0,15715.0,,0.4067,82.542,6601.0
2019-02-20,216.0,6.91,14.926,2.52,2.48,2.5,1.145,63.82,5.4,216.0,312.0,15784.0,,0.1364,68.362,6708.1
2019-02-21,216.0,6.78,14.645,2.37,2.29,2.33,1.13,65.63,5.033,216.0,325.0,15900.0,,0.4789,77.891,6769.4
2019-02-22,216.0,,,,,,,,,,275.0,,,0.423,81.595,7070.8
2019-02-23,216.0,,,,,,,,,,263.0,,,,75.456,7516.2
2019-02-24,216.0,,,,,,,,,,323.0,,,1.0,88.772,7902.9
2019-02-25,216.0,6.85,14.796,2.41,2.33,2.37,0.905,65.4,5.119,216.0,315.0,15685.0,3186.7,0.2024,78.766,6863.7
2019-02-26,216.0,6.07,13.111,2.47,2.5,2.485,0.94,59.06,5.368,216.0,360.0,15425.0,,0.4237,81.783,6113.5
2019-02-27,192.0,6.8,13.056,2.32,2.32,2.32,1.0,65.88,4.455,192.0,362.0,15548.0,,0.4818,77.612,6198.0
2019-02-28,192.0,6.88,13.21,2.24,2.37,2.305,0.925,66.5,4.425,192.0,243.0,15482.0,,0.3825,76.54,6080.7
2019-03-01,192.0,,,,,,,,,,284.0,,,,68.771,5938.2
2019-03-02,192.0,,,,,,,,,,247.0,,,0.4813,74.704,6258.7
2019-03-03,192.0,,,,,,,,,,328.0,,,,79.298,6687.4
2019-03-04,182.0,6.86,12.485,2.28,2.39,2.335,1.18,65.96,4.25,182.0,462.0,15628.0,3226.0,0.573,82.907,5976.4
2019-03-05,168.0,6.75,11.34,2.28,2.57,2.425,1.08,64.07,4.074,168.0,198.0,15544.0,3226.0,0.4497,76.263,5295.4
2019-03-06,168.0,6.65,11.172,2.37,2.56,2.465,1.04,62.93,4.141,168.0,266.0,15500.0,,0.1895,64.085,5311.8
2019-03-07,168.0,6.98,11.726,2.45,2.57,2.51,1.1,64.04,4.217,168.0,236.0,15455.0,,0.3618,63.169,5823.0
2019-03-08,168.0,6.88,11.558,2.5,2.47,2.485,1.015,63.88,4.175,168.0,288.0,15527.0,,0.3893,63.793,5358.6
2019-03-09,160.0,,,,,,,,,,266.0,,,0.135,49.795,5182.9
2019-03-10,144.0,,,,,,,,,,155.0,,,,37.688,5313.3
2019-03-11,114.0,7.96,9.074,2.29,2.41,2.35,1.19,70.48,2.679,114.0,204.0,15580.0,3051.0,0.4572,36.111,4587.9
2019-03-12,144.0,7.31,10.526,2.3,2.4,2.35,0.99,67.85,3.384,144.0,280.0,15430.0,3334.6,0.3138,45.494,5000.0
2019-03-13,120.0,7.36,8.832,2.57,2.61,2.59,1.27,64.81,3.108,120.0,204.0,15550.0,3239.6,0.3894,40.402,4256.1
2019-03-14,120.0,6.749,8.099,2.36,2.29,2.325,1.27,65.55,2.79,120.0,157.0,15485.0,3640.5,0.5311,47.0,4217.1
2019-03-15,120.0,7.23,8.676,2.25,2.33,2.29,0.935,68.33,2.748,120.0,217.0,15505.0,3300.9,0.1968,40.384,4236.9
2019-03-16,120.0,,,,,,,,,,319.0,,,0.3814,41.909,4200.9
2019-03-17,120.0,,,,,,,,,,146.0,,,,43.003,4309.1
2019-03-18,154.0,7.4,11.396,2.49,2.5,2.495,1.09,66.28,3.843,154.0,258.0,15648.0,3358.6,0.5685,64.353,5254.4
2019-03-19,184.0,7.15,13.156,2.4,2.34,2.37,1.15,66.85,4.361,184.0,264.0,15517.0,3718.7,0.2128,66.197,5783.1
2019-03-20,192.0,7.31,14.035,2.58,2.65,2.615,1.135,64.23,5.02,192.0,155.0,15488.0,3150.8,0.4166,72.166,6301.9
2019-03-21,192.0,6.93,13.306,2.39,2.4,2.395,1.04,65.44,4.599,192.0,172.0,15420.0,3104.0,0.4766,77.645,6329.4
2019-03-22,192.0,6.93,13.306,2.4,2.37,2.385,0.94,65.58,4.58,192.0,264.0,15551.0,3489.2,0.5217,84.028,6037.8
2019-03-23,176.0,,,,,,,,,,283.0,,,,70.756,5612.8
2019-03-24,192.0,,,,,,,,,,245.0,,,1.0,84.864,6173.3
2019-03-25,192.0,6.5,12.48,2.39,2.31,2.35,1.48,63.85,4.512,192.0,246.0,15482.0,3338.5,0.2358,76.091,6108.1
2019-03-26,160.0,6.58,10.528,2.39,2.33,2.36,1.045,64.13,3.776,160.0,218.0,15521.0,3473.7,0.4938,67.093,5239.2
2019-03-27,184.0,6.49,11.942,2.39,2.39,2.39,0.99,63.17,4.398,184.0,323.0,15468.0,3117.0,0.3792,75.327,5562.0
2019-03-28,192.0,6.35,12.192,2.19,2.24,2.215,1.195,65.12,4.253,192.0,266.0,15688.0,3590.0,0.3461,75.476,5763.7
2019-03-29,192.0,6.27,12.038,2.29,2.64,2.465,1.2,60.69,4.732,192.0,209.0,15805.0,3298.0,0.0,55.547,5708.1
2019-03-30,192.0,,,,,,,,,,229.0,,,0.1961,50.729,5769.9
2019-03-31,192.0,,,,,,,,,,223.0,,,,47.158,6145.1
2019-04-01,192.0,6.86,13.171,2.6,2.54,2.57,1.055,62.54,4.934,192.0,255.0,15854.0,3137.4,0.5631,63.98,6184.7
2019-04-02,192.0,6.54,12.557,2.48,2.47,2.475,1.085,62.16,4.752,192.0,184.0,15644.0,3201.5,0.3854,66.767,6052.8
2019-04-03,192.0,6.66,12.787,2.33,2.23,2.28,1.13,65.77,4.377,192.0,213.0,15688.0,3500.0,0.2112,59.436,6142.1
2019-04-04,199.0,6.85,13.631,2.18,2.05,2.115,0.85,69.12,4.209,199.0,270.0,15700.0,3065.8,0.4665,70.367,6537.4
2019-04-05,200.0,6.81,13.62,2.37,2.29,2.33,1.155,65.79,4.659,200.0,356.0,15621.0,3587.3,0.3619,71.187,6633.2
2019-04-06,204.0,,,,,,,,,,258.0,,,0.0,52.132,6869.6
2019-04-07,204.0,,,,,,,,,,360.0,,,1.0,95.025,7159.8
2019-04-08,206.0,7.19,14.811,2.19,2.13,2.16,0.945,69.96,4.449,206.0,240.0,15660.0,3297.6,0.2844,85.392,7147.8
2019-04-09,216.0,7.09,15.314,2.4,2.49,2.445,1.14,65.51,5.282,216.0,289.0,15484.0,3550.0,0.3823,87.57,6998.4
2019-04-10,216.0,6.38,13.781,2.23,2.42,2.325,1.125,63.56,5.022,216.0,304.0,15550.0,3356.0,0.4379,89.554,6557.4
2019-04-11,216.0,6.32,13.651,2.17,2.43,2.3,0.945,63.61,4.968,216.0,257.0,15740.0,3219.1,0.4497,91.701,6554.3
2019-04-12,216.0,6.23,13.457,2.58,2.58,2.58,1.545,58.59,5.573,216.0,247.0,15655.0,3446.0,0.0,65.725,6507.0
2019-04-13,216.0,,,,,,,,,,197.0,,,0.3615,69.227,6613.6
2019-04-14,216.0,,,,,,,,,,246.0,,,,71.738,6801.6
2019-04-15,216.0,6.23,13.457,2.58,2.58,2.58,1.545,58.59,5.573,216.0,247.0,15655.0,3446.0,0.0,51.407,6507.0
2019-04-16,216.0,6.52,14.083,2.3,2.41,2.355,1.09,63.88,5.087,216.0,277.0,15420.0,,0.462,65.12,6310.9
2019-04-17,216.0,6.6,14.256,2.45,2.47,2.46,0.98,62.73,5.313,216.0,340.0,15380.0,,0.1791,57.626,6320.2
2019-04-18,216.0,6.6,14.256,2.45,2.47,2.46,0.98,62.73,5.313,216.0,267.0,15380.0,,0.341,62.167,6484.1
2019-04-19,216.0,6.8,14.688,2.36,2.45,2.405,1.43,64.63,5.195,216.0,245.0,15440.0,,0.4422,71.621,6426.4
2019-04-20,216.0,,,,,,,,,,332.0,,,0.0,51.32,6628.2
2019-04-21,216.0,,,,,,,,,,271.0,,,1.0,98.0,6910.6
2019-04-22,216.0,7.06,15.25,2.38,2.29,2.335,0.94,66.93,5.043,216.0,298.0,15511.0,3321.0,0.2883,87.872,6772.9
2019-04-23,216.0,6.78,14.645,2.36,2.3,2.33,0.985,65.63,5.033,216.0,247.0,15398.0,,0.3871,86.666,6769.6
2019-04-24,216.0,7.28,15.725,2.74,2.71,2.725,1.285,62.57,5.886,216.0,226.0,15372.0,,0.4843,91.754,6885.0
2019-04-25,216.0,7.14,15.422,2.26,2.3,2.28,0.935,68.07,4.924,216.0,356.0,15400.0,,0.3456,86.907,6926.7
2019-04-26,216.0,7.15,15.444,2.37,2.41,2.39,0.99,66.57,5.163,216.0,327.0,15368.0,,0.1785,73.201,7127.9
2019-04-27,216.0,,,,,,,,,,291.0,,,0.393,76.51,7281.1
2019-04-28,216.0,,,,,,,,,,324.0,,,,78.882,7693.3
2019-04-29,216.0,7.43,16.049,1.88,2.08,1.98,1.0,73.35,4.277,216.0,313.0,15421.0,3326.9,0.4597,84.669,7623.1
2019-04-30,204.0,7.2,14.688,2.32,2.29,2.305,0.925,67.99,4.702,204.0,330.0,15384.0,,0.2885,73.979,7004.6
2019-05-01,204.0,7.34,14.974,2.43,2.38,2.405,0.95,67.23,4.907,204.0,313.0,15309.0,,0.1786,63.334,6836.3
2019-05-02,216.0,7.29,15.746,2.64,2.39,2.515,1.395,65.5,5.432,216.0,359.0,15402.0,,0.5584,82.244,7105.2
2019-05-03,216.0,7.03,15.185,2.55,2.57,2.56,1.08,63.58,5.53,216.0,360.0,15326.0,,0.3959,83.168,6836.0
2019-05-04,216.0,,,,,,,,,,285.0,,,0.169,69.938,6829.6
2019-05-05,216.0,,,,,,,,,,352.0,,,1.0,111.342,7219.4
2019-05-06,216.0,7.09,15.314,2.27,2.39,2.33,1.23,67.14,5.032,216.0,359.0,15389.0,3473.6,0.1724,90.339,6801.8
2019-05-07,216.0,6.76,14.602,2.25,2.3,2.275,0.88,66.35,4.914,216.0,357.0,15405.0,,0.4967,95.144,6634.5
2019-05-08,216.0,6.87,14.839,2.2,2.26,2.23,0.9,67.54,4.817,216.0,286.0,15328.0,,0.4384,95.019,6579.1
2019-05-09,216.0,6.81,14.71,2.56,2.26,2.41,1.265,64.61,5.206,216.0,161.0,15475.0,,0.5325,100.69,6703.5
2019-05-10,216.0,,,,,,,,,,279.0,,,0.3158,91.484,6365.0
2019-05-11,216.0,,,,,,,,,,316.0,,,0.2164,78.804,6593.3
2019-05-12,216.0,,,,,,,,,,270.0,,,0.0,56.465,7093.9
2019-05-13,216.0,6.92,14.947,2.48,2.5,2.49,0.995,64.02,5.378,216.0,319.0,15388.0,3654.8,0.4323,66.928,6669.6
2019-05-14,216.0,6.84,14.774,2.65,2.4,2.525,1.085,63.08,5.455,216.0,329.0,15254.0,,0.2807,65.143,6583.1
2019-05-15,216.0,6.7,14.472,2.16,2.11,2.135,0.79,68.13,4.612,216.0,337.0,15284.0,,0.154,56.105,6707.6
2019-05-16,216.0,6.79,14.666,2.38,2.28,2.33,0.985,65.68,5.033,216.0,358.0,15443.0,,0.4807,69.632,6948.1
2019-05-17,216.0,,,,,,,,,,357.0,,,0.4231,75.799,6970.5
2019-05-18,220.0,,,,,,,,,,316.0,,,0.213,68.602,7089.9
2019-05-19,226.0,,,,,,,,,,255.0,,,0.0,50.496,7693.5
2019-05-20,226.0,7.1,16.046,2.38,2.78,2.58,1.285,63.66,5.831,226.0,194.0,15305.0,3966.6,0.2857,54.482,7516.7
2019-05-21,228.0,6.87,15.664,2.28,2.41,2.345,0.89,65.87,5.346,228.0,340.0,15384.0,,0.3114,59.508,7319.6
2019-05-22,228.0,6.92,15.778,2.56,2.51,2.535,1.14,63.37,5.779,228.0,364.0,15352.0,,0.343,64.81,7220.4
2019-05-23,228.0,7.24,16.507,2.47,2.38,2.425,0.885,66.51,5.528,228.0,245.0,15410.0,,0.4669,76.617,7348.0
2019-05-24,228.0,,,,,,,,,,358.0,,,0.1809,66.592,7204.1
2019-05-25,228.0,,,,,,,,,,358.0,,,0.3075,67.591,7180.8
2019-05-26,228.0,,,,,,,,,,293.0,,,0.6222,88.644,7331.0
2019-05-27,230.0,7.01,16.123,2.25,2.25,2.25,0.93,67.9,5.175,230.0,256.0,15342.0,3701.4,0.2814,82.422,7517.1
2019-05-28,232.0,7.16,16.611,2.76,2.48,2.62,1.13,63.41,6.078,232.0,217.0,15362.0,,0.247,75.813,7496.6
2019-05-29,236.0,6.9,16.284,2.18,2.29,2.235,1.085,67.61,5.274,236.0,362.0,15315.0,,0.2207,70.024,7688.6
2019-05-30,240.0,7.43,17.832,2.37,2.46,2.415,0.985,67.5,5.795,240.0,272.0,15284.0,,0.3075,71.944,7915.9
2019-05-31,240.0,,,,,,,,,,364.0,,,0.3196,73.292,8194.7
2019-06-01,240.0,,,,,,,,,,320.0,,,0.163,63.608,8331.2
2019-06-02,240.0,,,,,,,,,,308.0,,,1.0,113.61,8824.0
2019-06-03,240.0,7.56,18.144,2.47,2.3,2.385,0.985,68.45,5.724,240.0,365.0,15324.0,3617.0,0.1261,89.984,8728.8
2019-06-04,240.0,7.77,18.648,2.38,2.68,2.53,1.185,67.44,6.072,240.0,358.0,15384.0,,0.3084,85.457,8583.5
2019-06-05,240.0,7.69,18.456,2.35,2.54,2.445,1.125,68.21,5.867,240.0,319.0,15405.0,,0.5369,97.761,8499.6
2019-06-06,240.0,7.32,17.568,2.38,2.29,2.335,0.99,68.1,5.604,240.0,361.0,15421.0,,0.2596,87.708,8630.7
2019-06-07,240.0,,,,,,,,,,362.0,,,0.1783,74.977,8832.8
2019-06-08,240.0,,,,,,,,,,363.0,,,0.2799,72.767,8999.0
2019-06-09,230.0,,,,,,,,,,366.0,,,,68.217,8906.6
2019-06-10,242.0,7.58,18.344,2.46,2.46,2.46,0.88,67.55,5.953,242.0,424.0,15442.0,3541.0,0.4693,83.625,8527.5
2019-06-11,242.0,7.16,17.327,2.78,2.31,2.545,0.96,64.46,6.158,242.0,358.0,15431.0,,0.2054,74.008,8210.4
2019-06-12,246.0,7.3,17.958,2.62,2.58,2.6,1.18,64.38,6.397,246.0,426.0,15467.0,,0.1856,66.845,8211.8
2019-06-13,240.0,7.1,17.04,2.26,2.38,2.32,1.12,67.32,5.569,240.0,278.0,15384.0,,0.3031,67.347,8310.8
2019-06-14,240.0,6.95,16.68,2.37,2.4,2.385,1.05,65.68,5.725,240.0,327.0,15421.0,,0.2897,67.963,8325.4
2019-06-15,240.0,,,,,,,,,,433.0,,,0.2302,64.36,8446.4
2019-06-16,240.0,,,,,,,,,,382.0,,,0.6447,89.979,8718.1
2019-06-17,240.0,7.03,16.872,2.37,2.31,2.34,1.035,66.71,5.617,240.0,364.0,15462.0,3511.6,0.1269,73.106,8515.7
2019-06-18,240.0,7.11,17.064,2.34,2.69,2.515,1.18,64.63,6.036,240.0,326.0,15405.0,,0.3406,75.552,8305.5
2019-06-19,240.0,7.02,16.848,2.48,2.46,2.47,1.13,64.81,5.929,240.0,364.0,15382.0,,0.4305,83.42,8259.2
2019-06-20,240.0,6.94,16.656,2.4,2.4,2.4,0.795,65.42,5.76,240.0,434.0,15362.0,,0.3748,85.27,8069.9
2019-06-21,240.0,7.01,16.824,2.38,2.36,2.37,1.055,66.19,5.688,240.0,331.0,15406.0,,0.1559,71.704,8055.4
2019-06-22,240.0,,,,,,,,,,368.0,,,0.3098,72.452,8168.9
2019-06-23,220.0,,,,,,,,,,369.0,,,,66.905,7961.1
2019-06-24,240.0,7.09,17.016,2.36,2.38,2.37,1.075,66.57,5.688,240.0,358.0,15424.0,3511.6,0.2753,71.028,8079.1
2019-06-25,240.0,,,,,,,,,,359.0,,,0.3763,76.497,7620.2
2019-06-26,240.0,,,,,,,,,,363.0,,,0.1864,67.495,7739.2
2019-06-27,240.0,6.53,15.672,2.54,2.4,2.47,1.03,62.17,5.929,240.0,364.0,15342.0,,0.3055,69.149,8502.3
2019-06-28,230.0,6.72,15.456,2.42,2.4,2.41,1.03,64.14,5.543,230.0,397.0,15421.0,,0.4258,75.243,7855.1
2019-06-29,240.0,,,,,,,,,,399.0,,,0.0789,61.627,8563.6
2019-06-30,240.0,,,,,,,,,,343.0,,,1.0,112.191,8136.3
2019-07-01,240.0,6.01,14.424,2.36,2.46,2.41,1.03,59.9,5.784,240.0,360.0,15388.0,3276.0,0.1918,93.438,8129.7
2019-07-02,240.0,5.67,13.608,2.42,2.26,2.34,0.875,58.73,5.616,240.0,365.0,15245.0,,0.3034,87.591,7765.1
2019-07-03,240.0,5.49,13.176,2.28,2.4,2.34,1.085,57.38,5.616,240.0,385.0,15321.0,,0.4319,92.145,7836.4
2019-07-04,240.0,5.55,13.32,2.38,2.42,2.4,1.065,56.76,5.76,240.0,384.0,15354.0,,0.2808,85.126,7786.7
2019-07-05,240.0,5.23,12.552,2.68,2.69,2.685,1.385,48.66,6.444,240.0,404.0,15257.0,,0.1802,73.253,7834.0
2019-07-06,240.0,,,,,,,,,,358.0,,,0.1719,64.186,7930.8
2019-07-07,240.0,,,,,,,,,,405.0,,,1.0,114.024,8275.2
2019-07-08,240.0,5.07,12.168,2.49,2.63,2.56,1.175,49.51,6.144,240.0,357.0,15324.0,3241.3,0.3594,106.15,7812.0
2019-07-09,240.0,5.33,12.792,2.72,2.66,2.69,1.365,49.53,6.456,240.0,379.0,15362.0,,0.3034,96.699,7299.3
2019-07-10,240.0,4.98,11.952,2.49,2.38,2.435,1.305,51.1,5.845,240.0,348.0,15288.0,,0.2027,83.081,7168.1
2019-07-11,240.0,5.29,12.696,2.36,2.38,2.37,1.03,55.2,5.688,240.0,362.0,15212.0,,0.3041,80.219,7154.0
2019-07-12,240.0,5.29,12.696,2.36,2.38,2.37,1.03,55.2,5.688,240.0,319.0,15212.0,,0.4244,86.353,7106.1
2019-07-13,214.0,,,,,,,,,,285.0,,,0.0777,59.886,6954.0
2019-07-14,240.0,,,,,,,,,,285.0,,,1.0,116.157,7954.1
2019-07-15,236.0,6.42,15.151,2.25,2.48,2.365,0.885,63.16,5.582,236.0,339.0,15398.0,3352.0,0.2012,95.304,7424.1
2019-07-16,250.0,6.38,15.95,2.38,2.34,2.36,1.065,63.01,5.9,250.0,277.0,15405.0,,0.3311,95.807,7788.2
2019-07-17,264.0,7.11,18.77,2.48,2.38,2.43,1.04,65.82,6.416,264.0,224.0,15424.0,,0.3396,97.905,8441.2
2019-07-18,264.0,6.74,17.794,2.4,2.42,2.41,1.05,64.24,6.363,264.0,285.0,15484.0,,0.3731,98.072,8914.8
2019-07-19,248.0,,,,,,,,,,313.0,,,0.1775,78.49,8571.7
2019-07-20,240.0,,,,,,,,,,360.0,,,0.2692,72.744,8632.1
2019-07-21,246.0,,,,,,,,,,369.0,,,,72.202,9104.2
2019-07-22,249.0,7.02,17.48,2.25,2.37,2.31,0.93,67.09,5.753,249.0,361.0,15388.0,3206.0,0.3714,78.579,7753.1
2019-07-23,251.0,6.93,17.394,2.54,2.83,2.685,1.41,61.26,6.738,250.9,338.0,15354.0,,0.3153,79.19,7518.4
2019-07-24,240.0,6.76,16.224,2.24,2.09,2.165,1.31,67.97,5.197,240.0,335.0,15364.0,,0.173,66.023,7285.2
2019-07-25,240.0,7.38,17.712,2.65,2.59,2.62,1.13,64.5,6.288,240.0,295.0,15405.0,,0.2978,67.571,7595.0
2019-07-26,240.0,7.36,17.664,2.55,1.8,2.175,1.315,70.45,5.22,240.0,359.0,15288.0,,0.3229,70.383,7734.1
2019-07-27,240.0,,,,,,,,,,309.0,,,0.0772,55.686,8070.1
2019-07-28,240.0,,,,,,,,,,362.0,,,1.0,107.933,8352.7
2019-07-29,240.0,7.14,17.136,2.48,2.31,2.395,1.27,66.46,5.747,240.0,335.0,15142.0,3489.0,0.1957,90.653,7373.9
2019-07-30,240.0,6.75,16.2,2.27,2.21,2.24,0.84,66.81,5.377,240.0,319.0,15422.0,,0.2666,83.095,7299.9
2019-07-31,240.0,6.83,16.392,2.54,2.56,2.55,1.37,62.66,6.121,240.0,366.0,15438.0,,0.3704,84.741,7284.8
2019-08-01,240.0,6.7,16.08,1.96,2.56,2.26,0.925,66.27,5.424,240.0,346.0,15462.0,,0.4039,88.198,7233.2
2019-08-02,240.0,,,,,,,,,,356.0,,,0.1636,74.326,7226.6
2019-08-03,240.0,,,,,,,,,,359.0,,,0.3889,79.712,7658.3
2019-08-04,240.0,,,,,,,,,,358.0,,,,83.571,7681.2
2019-08-05,243.0,6.23,15.139,2.05,2.35,2.2,1.16,64.69,5.346,243.0,351.0,15486.0,3011.0,0.3502,84.75,7409.7
2019-08-06,246.0,5.69,13.997,2.44,2.5,2.47,0.885,56.59,6.076,246.0,310.0,15421.0,,0.2959,82.11,7369.7
2019-08-07,248.0,5.38,13.342,2.53,2.5,2.515,1.175,53.25,6.237,248.0,333.0,15534.0,,0.2311,75.562,7323.1
2019-08-08,252.0,4.88,12.298,2.28,2.37,2.325,0.785,52.36,5.859,252.0,304.0,15328.0,,0.3531,80.242,7272.6
2019-08-09,252.0,5.05,12.726,2.19,2.36,2.275,1.085,54.95,5.733,252.0,359.0,15369.0,,0.4679,90.919,7092.3
2019-08-10,252.0,,,,,,,,,,359.0,,,0.1299,74.424,7299.9
2019-08-11,266.0,,,,,,,,,,361.0,,,0.599,101.457,7854.2
2019-08-12,252.0,5.12,12.902,2.24,2.47,2.355,1.175,54.0,5.935,252.0,360.0,15384.0,3411.0,0.2207,84.639,7289.6
2019-08-13,252.0,4.89,12.323,2.47,2.55,2.51,0.98,48.67,6.325,252.0,358.0,15524.0,,0.2998,82.062,7028.3
2019-08-14,252.0,4.84,12.197,2.55,2.48,2.515,0.985,48.04,6.338,252.0,264.0,15694.0,,0.4096,88.061,7366.0
2019-08-15,258.0,4.79,12.358,2.27,2.43,2.35,1.29,50.94,6.063,258.0,336.0,15797.0,,0.3514,90.3,7623.3
2019-08-16,264.0,4.84,12.778,2.46,2.45,2.455,1.27,49.28,6.481,264.0,361.0,15769.0,,0.0892,72.881,7904.9
2019-08-17,264.0,,,,,,,,,,292.0,,,0.3637,79.436,7820.2
2019-08-18,264.0,,,,,,,,,,207.0,,,,84.133,7772.0
2019-08-19,264.0,4.9,12.936,2.53,2.5,2.515,1.255,48.67,6.64,264.0,194.0,15723.0,3538.0,0.3879,89.312,7357.9
2019-08-20,264.0,4.63,12.223,2.39,2.66,2.525,1.355,45.46,6.666,264.0,352.0,15744.0,,0.3227,88.144,7041.3
2019-08-21,264.0,4.73,12.487,2.4,2.56,2.48,1.23,47.57,6.547,264.0,260.0,15752.0,,0.1024,70.82,7345.5
2019-08-22,264.0,5.08,13.411,2.29,2.34,2.315,1.245,54.43,6.111,264.0,317.0,15740.0,,0.3601,77.694,8057.1
2019-08-23,264.0,5.1,13.464,2.49,2.51,2.5,1.34,50.98,6.6,264.0,409.0,15705.0,,0.3976,85.428,8250.8
2019-08-24,264.0,,,,,,,,,,278.0,,,0.1433,71.937,8242.1
2019-08-25,264.0,,,,,,,,,,364.0,,,,62.271,8773.5
2019-08-26,272.0,5.02,13.654,2.66,2.45,2.555,1.245,49.1,6.95,272.0,265.0,15782.0,3370.0,0.287,68.098,8951.1
2019-08-27,276.0,4.83,13.331,2.19,2.37,2.28,1.18,52.8,6.292,276.0,363.0,15756.0,,0.3026,73.19,8809.1
2019-08-28,276.0,4.66,12.862,2.28,2.37,2.325,1.18,50.11,6.417,276.0,362.0,15721.0,,0.3971,83.51,8462.1
2019-08-29,276.0,4.87,13.441,2.33,2.33,2.33,1.04,52.16,6.43,276.0,333.0,15776.0,,0.3482,87.077,8771.8
2019-08-30,276.0,5.28,14.573,2.57,2.51,2.54,1.505,51.89,7.011,276.0,359.0,15820.0,,0.1077,70.822,8921.8
2019-08-31,276.0,,,,,,,,,,362.0,,,0.289,73.361,9058.5
2019-09-01,276.0,,,,,,,,,,363.0,,,,75.179,9058.5
2019-09-02,273.0,5.69,15.534,2.36,2.35,2.355,1.165,58.61,6.43,273.0,358.0,15424.0,3206.0,0.2912,75.814,9067.3
2019-09-03,240.0,6.9,16.56,2.5,2.4,2.45,0.765,64.49,5.88,240.0,331.0,15528.0,,0.3556,71.949,9040.4
2019-09-04,137.0,6.11,8.371,2.65,2.68,2.665,1.52,56.38,3.651,137.0,275.0,15484.0,,0.2339,38.51,7722.8
2019-09-05,172.0,5.99,10.303,2.46,2.38,2.42,1.37,59.6,4.162,172.0,292.0,15505.0,,0.2993,49.238,6990.4
2019-09-06,204.0,5.83,11.893,2.59,2.61,2.6,1.22,55.4,5.304,204.0,340.0,15544.0,,0.3075,59.625,7228.3
2019-09-07,204.0,,,,,,,,,,347.0,,,0.3482,62.857,7357.2
2019-09-08,204.0,,,,,,,,,,271.0,,,,65.172,7343.3
2019-09-09,204.0,5.62,11.465,2.56,2.65,2.605,1.47,53.65,5.314,204.0,262.0,15444.0,2164.0,0.1403,54.813,7210.4
2019-09-10,204.0,5.82,11.873,2.54,2.46,2.5,1.22,57.04,5.101,204.0,360.0,16052.0,,0.2694,54.855,7222.9
2019-09-11,205.0,5.57,11.419,2.37,2.54,2.455,1.125,55.92,5.033,205.0,317.0,16444.0,,0.3339,58.903,6930.9
2019-09-12,223.0,,,,,,,,,,341.0,,,0.2558,62.084,7350.3
2019-09-13,240.0,,,,,,,,,,288.0,,,,65.281,8133.6
2019-09-14,245.0,,,,,,,,,,363.0,,,0.0,47.751,8853.4
2019-09-15,252.0,,,,,,,,,,178.0,,,0.7605,89.516,
2019-09-16,252.0,5.27,13.28,2.59,2.47,2.53,0.94,51.99,6.376,252.0,334.0,16186.0,3350.0,0.3482,89.016,9212.5
2019-09-17,257.0,5.02,12.901,2.61,2.49,2.55,1.29,49.2,6.554,257.0,302.0,16284.0,,0.0982,72.2,9320.8
2019-09-18,264.0,5.35,14.124,2.35,2.38,2.365,1.175,55.79,6.244,264.0,323.0,16052.0,,0.0,53.143,9637.9
2019-09-19,264.0,5.49,14.494,2.38,2.4,2.39,1.14,56.47,6.309,264.0,364.0,16422.0,,0.4494,71.709,9868.9
2019-09-20,264.0,5.19,13.702,2.47,2.55,2.51,1.225,51.64,6.626,264.0,348.0,16232.0,,0.3115,74.691,9861.7
2019-09-21,264.0,,,,,,,,,,363.0,,,0.3745,81.548,9643.8
2019-09-22,264.0,,,,,,,,,,363.0,,,,86.461,9958.8
2019-09-23,264.0,5.26,13.886,2.4,2.43,2.415,0.97,54.09,6.375,264.0,363.0,16778.0,3632.0,0.1367,72.179,9645.4
2019-09-24,264.0,5.28,13.939,2.49,2.46,2.475,1.28,53.12,6.535,264.0,280.0,16842.0,,0.3072,74.707,9213.1
2019-09-25,264.0,5.05,13.332,2.45,2.49,2.47,1.32,51.09,6.521,264.0,296.0,16218.0,,0.0,53.53,8996.2
2019-09-26,264.0,4.86,12.83,2.37,2.4,2.385,1.235,50.93,6.296,264.0,371.0,16325.0,,0.0,38.356,8806.8
2019-09-27,264.0,5.46,14.414,2.62,2.9,2.76,1.66,49.45,7.286,264.0,362.0,16330.0,,0.0,27.483,8936.7
2019-09-28,264.0,,,,,,,,,,363.0,,,0.3674,47.19,9126.2
2019-09-29,264.0,,,,,,,,,,211.0,,,0.0,33.813,9380.2
2019-09-30,264.0,5.22,13.781,2.38,2.39,2.385,1.24,54.31,6.297,264.0,301.0,16518.0,3469.0,0.3911,53.496,9166.7
2019-10-01,209.0,5.11,10.68,2.71,2.61,2.66,1.325,47.95,5.559,209.0,363.0,16424.0,0.16,0.3197,49.288,7319.6
2019-10-02,264.0,4.62,12.197,2.27,2.29,2.28,1.13,50.65,6.019,264.0,358.0,17058.0,,0.0879,51.189,8194.5
2019-10-03,264.0,4.85,12.804,2.15,2.46,2.305,0.97,52.47,6.086,264.0,363.0,16921.0,,0.4076,67.184,8402.7
2019-10-04,264.0,4.84,12.778,2.33,2.32,2.325,1.01,51.96,6.139,264.0,363.0,16982.0,,0.1569,59.878,8330.0
2019-10-05,264.0,,,,,,,,,,363.0,,,0.1397,53.362,8307.9
2019-10-06,264.0,,,,,,,,,,363.0,,,,48.693,8371.8
2019-10-07,264.0,4.83,12.751,2.07,2.02,2.045,0.985,57.66,5.399,264.0,363.0,17242.0,3576.0,0.2734,55.351,8384.0
2019-10-08,264.0,5.05,13.332,2.41,2.86,2.635,1.12,47.82,6.957,264.0,358.0,17136.0,,0.3697,67.327,8037.4
2019-10-09,264.0,5.56,14.678,2.33,2.45,2.39,0.905,57.01,6.31,264.0,362.0,17236.0,,0.3343,73.263,7881.9
2019-10-10,264.0,5.37,14.177,2.87,2.66,2.765,1.16,48.51,7.3,264.0,362.0,17352.0,,0.3053,75.342,7918.8
2019-10-11,264.0,4.97,13.121,2.88,2.44,2.66,0.95,46.48,7.022,264.0,362.0,17153.0,,0.0893,60.665,8012.7
2019-10-12,264.0,,,,,,,,,,360.0,,,0.1561,55.152,8396.2
2019-10-13,264.0,,,,,,,,,,363.0,,,0.6472,87.953,9642.5
2019-10-14,255.0,6.47,16.498,2.87,2.4,2.635,1.36,59.27,6.72,255.0,363.0,16668.0,3816.0,0.3692,87.563,9806.9
2019-10-15,252.0,5.98,15.07,2.54,2.47,2.505,1.36,58.11,6.313,252.0,359.0,16755.0,,0.2959,83.142,9171.3
2019-10-16,252.0,6.26,15.775,2.72,2.39,2.555,1.145,59.19,6.438,252.0,342.0,16858.0,,0.1527,70.483,9406.1
2019-10-17,233.0,7.0,16.31,2.13,2.48,2.305,1.215,67.07,5.371,233.0,362.0,16563.0,,0.2888,65.769,9306.6
2019-10-18,249.0,7.59,18.899,3.0,2.45,2.725,1.245,64.1,6.785,249.0,363.0,18098.0,,0.311,72.314,9510.9
2019-10-19,230.0,,,,,,,,,,319.0,,,0.343,70.221,9239.6
2019-10-20,240.0,,,,,,,,,,364.0,,,,75.835,9433.7
2019-10-21,236.0,7.69,18.148,2.45,2.45,2.45,0.815,68.14,5.782,236.0,363.0,16578.0,3573.0,0.3097,74.151,9193.7
2019-10-22,240.0,7.79,18.696,2.37,2.28,2.325,0.885,70.15,5.581,240.0,359.0,16348.0,,0.2843,73.371,8753.5
2019-10-23,221.0,7.73,17.083,2.64,2.56,2.6,1.315,66.36,5.747,221.0,332.0,16285.0,,0.3102,67.841,8161.9
2019-10-24,216.0,7.68,16.589,2.45,,2.45,0.86,68.1,5.292,216.0,343.0,16424.0,,0.2981,65.763,7676.0
2019-10-25,216.0,7.6,16.416,2.54,2.46,2.5,1.015,67.11,5.399,216.0,319.0,16328.0,,0.2627,63.208,7408.5
2019-10-26,216.0,,,,,,,,,,283.0,,,0.3184,64.783,7325.5
2019-10-27,216.0,,,,,,,,,,414.0,,,,65.912,7383.0
2019-10-28,216.0,7.39,15.962,2.46,2.47,2.465,0.98,66.64,5.325,216.0,316.0,16288.0,3384.0,0.3388,67.975,7625.7
2019-10-29,216.0,7.32,15.811,2.38,2.35,2.365,0.935,67.69,5.109,216.0,315.0,16496.0,,0.3107,67.727,7276.9
2019-10-30,216.0,7.22,15.595,2.36,2.27,2.315,1.025,67.94,5.0,216.0,320.0,16428.0,,0.2367,63.019,7510.7
2019-10-31,216.0,7.66,16.546,2.39,2.45,2.42,0.965,68.41,5.227,216.0,316.0,16541.0,,0.317,64.568,7793.2
2019-11-01,216.0,7.77,16.783,2.27,2.36,2.315,0.785,70.21,5.0,216.0,363.0,16487.0,,0.4017,70.86,7958.6
2019-11-02,216.0,,,,,,,,,,326.0,,,0.2004,63.046,7680.2
2019-11-03,216.0,,,,,,,,,,304.0,,,,57.447,7675.5
2019-11-04,218.0,7.39,16.11,2.52,2.46,2.49,1.115,66.31,5.427,218.0,246.0,,,0.2901,59.473,7900.6
2019-11-05,224.0,7.34,16.442,2.7,2.44,2.57,1.14,64.99,5.756,224.0,363.0,,,0.2863,61.967,8202.5
2019-11-06,224.0,7.52,16.845,2.44,2.51,2.475,1.1,67.09,5.544,224.0,432.0,,,0.5127,76.954,8484.6
2019-11-07,224.0,7.61,17.046,2.58,2.44,2.51,1.01,67.02,5.622,224.0,387.0,,,0.317,75.267,8402.5
2019-11-08,224.0,7.31,16.374,2.47,2.45,2.46,1.46,66.35,5.51,224.0,334.0,16951.0,,0.2664,70.844,8238.4
2019-11-09,224.0,,,,,,,,,,362.0,,,0.3412,72.43,8160.7
2019-11-10,236.0,,,,,,,,,,385.0,,,,77.508,8550.5
2019-11-11,240.0,7.53,18.072,2.69,2.29,2.49,0.99,66.93,5.976,240.0,360.0,17245.0,3166.0,0.0,56.478,9623.2
2019-11-12,216.0,6.99,15.098,2.04,2.09,2.065,0.83,70.46,4.46,216.0,363.0,17158.0,,0.0,36.421,8694.2
2019-11-13,216.0,6.85,14.796,2.24,2.13,2.185,0.945,68.1,4.72,216.0,354.0,17320.0,,0.3455,47.255,9109.7
2019-11-14,216.0,7.28,15.725,1.65,2.1,1.875,0.875,74.24,4.051,216.1,243.0,16980.0,,0.3721,56.641,9090.1
2019-11-15,216.0,7.42,16.027,2.02,2.06,2.04,0.93,72.51,4.406,216.0,360.0,16846.0,,0.2475,55.738,8504.5
2019-11-16,216.0,,,,,,,,,,329.0,,,0.2989,58.239,8015.0
2019-11-17,160.0,,,,,,,,,,181.0,,,0.0,30.911,6381.4
2019-11-18,195.0,7.71,15.035,1.87,2.19,2.03,0.93,73.67,3.959,195.0,312.0,16548.0,3533.0,0.292,43.134,7319.4
2019-11-19,194.0,7.62,14.783,2.04,2.15,2.095,0.975,72.51,4.064,194.0,338.0,16674.0,,0.3623,50.674,7064.2
2019-11-20,196.0,7.05,13.818,2.34,2.4,2.37,0.93,66.38,4.646,196.0,355.0,16786.0,,0.2542,50.808,6938.7
2019-11-21,192.0,6.89,13.229,2.12,2.38,2.25,0.94,67.34,4.321,192.0,252.0,16954.0,,0.3073,52.387,6751.2
2019-11-22,192.0,7.07,13.574,2.24,2.42,2.33,0.87,67.04,4.474,192.0,359.0,16884.0,,0.2847,53.033,6854.1
2019-11-23,192.0,,,,,,,,,,272.0,,,0.318,55.305,6967.8
2019-11-24,192.0,,,,,,,,,,327.0,,,,56.933,7363.9
2019-11-25,199.0,7.81,15.542,2.2,2.52,2.36,1.025,69.78,4.697,199.0,348.0,16584.0,3185.0,0.405,65.129,7240.9
2019-11-26,192.0,7.18,13.786,2.36,2.19,2.275,1.125,68.31,4.369,192.0,245.0,16723.0,,0.2606,59.21,6708.9
2019-11-27,204.0,7.26,14.81,2.26,2.28,2.27,0.735,68.73,4.631,204.0,363.0,16845.0,,0.2871,61.683,7296.4
2019-11-28,204.0,7.33,14.953,2.37,2.29,2.33,0.935,68.21,4.754,204.0,358.0,16751.0,,0.3484,64.342,7300.1
2019-11-29,166.0,7.51,12.467,2.11,2.31,2.21,1.19,70.57,3.669,166.0,240.0,16921.0,,0.1512,44.63,6412.5
2019-11-30,215.0,,,,,,,,,,359.0,,,0.0,41.418,8246.5
2019-12-01,216.0,,,,,,,,,,358.0,,,,29.815,8875.0
2019-12-02,204.0,7.71,15.728,2.48,2.43,2.455,0.93,68.16,5.008,204.0,311.0,15958.0,3084.0,0.3105,38.13,7649.4
2019-12-03,192.0,7.46,14.323,2.45,2.15,2.3,0.825,69.17,4.416,192.0,290.0,15884.0,,0.3008,42.085,7213.2
2019-12-04,216.0,7.64,16.502,2.42,2.47,2.445,0.875,68.0,5.281,216.0,358.0,16090.0,,0.3152,53.222,7849.2
2019-12-05,216.0,7.65,16.524,2.46,2.56,2.51,1.195,67.19,5.422,216.0,336.0,,,0.3327,58.508,7842.9
2019-12-06,216.0,,,,,,,,,,359.0,,,0.2665,58.241,7894.8
2019-12-07,216.0,,,,,,,,,,286.0,,,0.0,41.731,8091.4
2019-12-08,216.0,,,,,,,,,,323.0,,,0.7555,76.158,8883.5
2019-12-09,216.0,7.4,15.984,2.1,2.38,2.24,0.94,69.73,4.838,216.0,330.0,16548.0,3583.0,0.3026,73.101,8521.4
2019-12-10,216.0,8.6,18.576,2.51,2.46,2.485,1.26,71.1,5.368,216.0,358.0,15989.0,,0.2879,70.007,8634.3
2019-12-11,216.0,8.12,17.539,2.48,2.43,2.455,1.08,69.77,5.302,216.0,358.0,16214.0,,0.2998,68.516,8792.5
2019-12-12,216.0,8.24,17.798,2.28,2.19,2.235,0.835,72.88,4.827,216.0,318.0,16533.0,,0.2603,65.033,8957.8
2019-12-13,216.0,8.18,17.669,2.25,2.26,2.255,0.98,72.43,4.871,216.0,314.0,16634.0,,0.3049,65.268,9525.9
2019-12-14,216.0,,,,,,,,,,296.0,,,0.3793,69.989,9259.3
2019-12-15,216.0,,,,,,,,,,305.0,,,,73.372,9318.4
2019-12-16,216.0,8.37,18.079,1.98,2.27,2.125,1.03,74.61,4.59,216.0,362.0,15842.0,3371.0,0.1546,62.042,9321.6
2019-12-17,210.0,9.11,19.131,2.55,2.55,2.55,1.415,72.01,5.355,210.0,337.0,16231.0,,0.3131,61.857,9687.4
2019-12-18,192.0,8.27,15.878,2.41,2.46,2.435,1.385,70.56,4.674,192.0,209.0,16112.0,,0.2505,54.155,9291.7
2019-12-19,192.0,8.61,16.531,2.33,2.46,2.395,0.925,72.18,4.599,192.0,319.0,16544.0,,0.3785,59.403,9301.4
2019-12-20,192.0,8.49,16.301,2.47,2.68,2.575,1.21,69.67,4.944,192.0,287.0,16824.0,,0.1359,49.961,8893.7
2019-12-21,192.0,,,,,,,,,,286.0,,,0.3322,53.879,8227.6
2019-12-22,195.0,,,,,,,,,,160.0,,,,57.572,5649.4
2019-12-23,204.0,8.62,17.585,1.92,1.7,1.81,1.105,79.0,3.693,204.0,292.0,17542.0,3311.0,0.4207,67.486,7921.0
2019-12-24,209.0,7.82,16.344,2.42,2.36,2.39,1.115,69.44,4.995,209.0,305.0,16987.0,,0.3068,67.72,8100.9
2019-12-25,216.0,8.0,17.28,2.43,2.55,2.49,1.33,68.88,5.378,216.0,240.0,17124.0,,0.0971,56.094,8631.0
2019-12-26,220.0,8.54,18.788,2.25,2.36,2.305,0.83,73.01,5.071,220.0,288.0,17026.0,,0.3421,62.273,9293.2
2019-12-27,227.0,,,,,,,,,,304.0,,,0.2432,61.688,9669.1
2019-12-28,240.0,,,,,,,,,,261.0,,,0.2873,66.277,9966.3
2019-12-29,240.0,,,,,,,,,,308.0,,,,67.034,9965.6
2019-12-30,240.0,,,,,,,,,,,,,,67.577,
2019-12-31,240.0,,,,,,,,,,,,,,67.966,
2020-01-01,240.0,7.96,19.104,2.66,2.81,2.735,1.22,65.64,6.564,240.0,365.0,16841.0,,0.3468,72.295,9444.5
2020-01-02,240.0,7.05,16.92,2.27,2.16,2.215,1.31,68.58,5.316,240.0,346.0,16942.0,,0.3219,73.704,9478.7
2020-01-03,210.0,7.87,16.527,2.26,2.5,2.38,0.84,69.76,4.998,210.0,277.0,16866.0,,0.2905,63.505,8828.6
2020-01-04,186.0,,,,,,,,,,223.0,,,,51.39,7750.5
2020-01-05,240.0,,,,,,,,,,390.0,,,1.0,88.983,9528.5
2020-01-06,240.0,7.52,18.048,2.39,2.5,2.445,1.025,67.49,5.867,240.0,308.0,16139.0,3235.0,0.2626,83.073,9166.6
2020-01-07,224.0,7.81,17.494,2.26,2.38,2.32,1.1,70.29,5.197,224.0,342.0,16352.0,,0.3187,76.055,8918.9
2020-01-08,240.0,7.1,17.04,2.23,2.5,2.365,0.865,66.69,5.676,240.0,401.0,16424.0,,0.3704,83.352,9114.9
2020-01-09,240.0,7.14,17.136,2.83,2.38,2.605,1.1,63.52,6.251,240.0,267.0,16251.0,,0.3455,83.242,9073.3
2020-01-10,240.0,7.71,18.504,2.51,2.45,2.48,1.115,67.83,5.953,240.0,358.0,16375.0,,0.2788,78.892,9134.0
2020-01-11,240.0,,,,,,,,,,373.0,,,,70.332,9586.8
2020-01-12,230.0,,,,,,,,,,333.0,,,1.0,87.052,9454.0
2020-01-13,216.0,7.26,15.682,2.09,2.08,2.085,1.155,71.28,4.504,216.0,326.0,15949.0,3531.0,0.3223,79.041,8013.9
2020-01-14,216.0,7.04,15.206,2.28,2.25,2.265,1.015,67.83,4.892,216.0,327.0,15895.0,,0.4935,85.595,8370.7
2020-01-15,216.0,7.56,16.33,2.33,2.45,2.39,1.4,68.39,5.162,216.0,339.0,16113.0,,0.291,79.925,8675.0
2020-01-16,216.0,7.33,15.833,2.66,2.6,2.63,1.38,64.12,5.681,216.0,319.0,15926.0,,0.3137,76.786,8754.2
2020-01-17,200.0,7.63,15.26,2.48,2.47,2.475,1.365,67.56,4.95,200.0,358.0,16079.0,,0.3486,70.735,8472.8
2020-01-18,192.0,,,,,,,,,,277.0,,,0.2946,64.844,8124.9
2020-01-19,192.0,,,,,,,,,,357.0,,,,62.578,7766.9
2020-01-20,192.0,,,,,,,,,,177.0,,,0.2959,60.987,7669.6
2020-01-21,192.0,8.13,15.61,2.26,2.35,2.305,0.97,71.65,4.425,192.0,296.0,15849.0,2977.0,0.3301,61.655,8299.7
2020-01-22,192.0,8.62,16.55,2.46,2.31,2.385,0.89,72.33,4.579,192.0,202.0,16024.0,,0.2963,60.322,8572.7
2020-01-23,192.0,7.28,13.978,2.08,2.6,2.34,1.235,67.86,4.493,192.0,281.0,15882.0,,0.3377,61.59,8567.1
2020-01-24,192.0,,,,,,,,,,336.0,,,0.1345,51.523,8893.1
2020-01-25,192.0,,,,,,,,,,252.0,,,,41.243,8893.8
2020-01-26,192.0,,,,,,,,,,265.0,,,,34.682,8694.0
2020-01-27,192.0,,,,,,,,,,290.0,,,0.3984,45.522,
2020-01-28,192.0,6.06,11.635,2.17,2.3,2.235,1.22,63.12,4.291,192.0,193.0,15836.0,3106.0,0.342,50.872,7835.3
2020-01-29,192.0,6.73,12.922,2.18,2.3,2.24,0.84,66.72,4.3,192.0,363.0,15793.0,,0.292,52.275,8088.6
2020-01-30,192.0,7.58,14.554,2.19,2.5,2.345,1.14,69.06,4.503,192.0,230.0,15746.0,,,49.361,8533.5
2020-01-31,192.0,7.55,14.496,2.13,2.21,2.17,0.83,71.26,4.166,192.0,288.0,15849.0,,0.2809,50.558,8599.2
2020-02-01,192.0,,,,,,,,,,304.0,,,0.3347,54.223,7829.4
2020-02-02,192.0,,,,,,,,,,279.0,,,,56.951,7516.1
2020-02-03,192.0,6.31,12.115,2.38,2.36,2.37,1.03,62.44,4.55,192.0,247.0,16069.0,3309.0,0.2962,56.93,7588.6
2020-02-04,192.0,6.6,12.672,2.34,2.39,2.365,0.95,64.17,4.54,192.0,271.0,16038.0,,0.3755,61.136,7426.0
2020-02-05,192.0,6.94,13.325,2.41,2.35,2.38,1.08,65.71,4.569,192.0,230.0,16154.0,,0.1632,52.819,7664.2
2020-02-06,192.0,7.09,13.613,2.18,2.12,2.15,0.94,69.68,4.127,192.0,344.0,15859.0,,0.3842,58.689,7851.0
2020-02-07,192.0,7.24,13.901,2.24,2.3,2.27,0.98,68.65,4.358,192.0,289.0,15776.0,,0.3779,62.589,7886.0
2020-02-08,192.0,,,,,,,,,,359.0,,,0.2802,60.11,8120.4
2020-02-09,192.0,,,,,,,,,,362.0,,,1.0,80.902,8473.2
2020-02-10,192.0,7.48,14.362,2.34,2.35,2.345,1.215,68.65,4.502,192.0,289.0,16527.0,3499.0,0.1535,68.217,7854.4
2020-02-11,192.0,7.73,14.842,2.25,2.29,2.27,0.79,70.63,4.359,192.0,281.0,16551.0,,0.3456,67.741,7712.5
2020-02-12,192.0,7.4,14.208,2.47,2.36,2.415,0.98,67.36,4.637,192.0,253.0,16328.0,,0.3776,68.994,7570.8
2020-02-13,192.0,6.73,12.922,2.22,2.43,2.325,0.82,65.45,4.465,192.0,331.0,16424.0,,0.4201,72.129,7178.7
2020-02-14,192.0,6.56,12.595,2.37,2.4,2.385,1.075,63.64,4.58,192.0,318.0,16579.0,,0.1857,62.178,7439.7
2020-02-15,192.0,,,,,,,,,,362.0,,,0.2932,60.555,7815.2
2020-02-16,192.0,,,,,,,,,,326.0,,,,59.369,7956.0
2020-02-17,192.0,6.25,12.0,2.34,2.05,2.195,0.745,64.88,4.214,192.0,314.0,16752.0,3857.0,0.342,61.13,7648.0
2020-02-18,192.0,7.28,13.978,2.32,2.41,2.365,1.03,67.51,4.541,192.0,263.0,16854.0,,0.4024,65.657,7190.3
2020-02-19,192.0,7.41,14.227,2.38,2.31,2.345,1.045,68.35,4.503,192.0,334.0,16754.0,,0.117,53.504,7254.0
2020-02-20,192.0,6.71,12.883,2.43,2.19,2.31,1.005,65.57,4.436,192.0,281.0,16824.0,,0.3158,55.515,7103.3
2020-02-21,192.0,6.49,12.461,2.46,2.39,2.425,1.155,62.63,4.657,192.0,347.0,16804.0,,0.4699,65.316,7119.5
2020-02-22,192.0,,,,,,,,,,363.0,,,0.2846,62.296,7923.5
2020-02-23,192.0,,,,,,,,,,356.0,,,,60.128,8348.1
2020-02-24,192.0,8.72,16.742,2.35,2.22,2.285,1.205,73.8,4.386,191.9,205.0,17013.0,4224.0,0.2009,54.025,9090.4
2020-02-25,192.0,9.48,18.202,2.41,2.34,2.375,0.995,74.95,4.56,192.0,358.0,16943.0,,0.1165,43.633,9862.5
2020-02-26,192.0,7.67,14.726,2.28,2.33,2.305,1.05,69.95,4.425,192.0,285.0,17024.0,,0.6192,64.462,9218.8
2020-02-27,192.0,6.91,13.267,2.13,2.41,2.27,1.005,67.15,4.358,192.0,298.0,17102.0,,0.3983,67.812,8188.4
2020-02-28,192.0,6.95,13.344,2.32,2.28,2.3,1.21,66.91,4.416,192.0,258.0,17069.0,,0.1847,58.755,7556.2
2020-02-29,192.0,,,,,,,,,,282.0,,,0.2406,55.228,7627.3
2020-03-01,192.0,,,,,,,,,,363.0,,,,52.686,7857.0
2020-03-02,192.0,6.27,12.038,2.4,2.42,2.41,0.955,61.56,4.627,192.0,358.0,17104.0,3387.0,0.4512,62.263,7235.4
2020-03-03,192.0,6.85,13.152,2.21,2.27,2.24,0.76,67.3,4.301,192.0,363.0,17155.0,,0.3598,64.19,7029.1
2020-03-04,192.0,6.36,12.211,2.4,2.37,2.385,1.11,62.5,4.579,192.0,347.0,17104.0,,0.2459,59.39,6806.0
2020-03-05,192.0,6.89,13.229,2.44,2.39,2.415,1.01,64.95,4.637,192.0,284.0,17025.0,,0.3455,61.358,7011.9
2020-03-06,186.0,6.8,12.648,2.34,2.51,2.425,1.015,64.34,4.51,186.0,282.0,17103.0,,0.5691,72.58,6753.6
2020-03-07,168.0,,,,,,,,,,327.0,,,0.3003,61.279,5911.6
2020-03-08,168.0,,,,,,,,,,362.0,,,,58.212,6250.8
2020-03-09,124.0,7.11,8.816,2.35,2.47,2.41,1.13,66.1,2.989,124.0,245.0,17021.0,3836.0,0.2702,40.285,4958.3
2020-03-10,144.0,6.19,8.914,2.26,2.35,2.305,1.02,62.76,3.32,144.0,249.0,17093.0,,0.4241,50.831,4851.2
2020-03-11,144.0,6.27,9.029,2.39,2.33,2.36,1.005,62.36,3.399,144.0,286.0,17123.0,,0.5517,58.941,4280.6
2020-03-12,144.0,5.97,8.597,,2.35,2.35,1.01,60.64,3.384,144.0,200.0,17090.0,,0.4966,62.503,4143.9
2020-03-13,144.0,6.56,9.446,2.35,2.39,2.37,1.2,63.87,3.413,144.0,363.0,17058.0,,,57.029,4518.9
2020-03-14,144.0,,,,,,,,,,183.0,,,0.4678,59.689,5119.2
2020-03-15,144.0,,,,,,,,,,362.0,,,,61.717,5707.3
2020-03-16,144.0,8.45,12.168,2.27,2.33,2.3,1.095,72.78,3.312,144.0,213.0,17107.0,3815.0,0.5297,65.64,6494.6
2020-03-17,144.0,8.57,12.341,2.36,2.47,2.415,0.99,71.82,3.478,144.0,321.0,17096.0,,0.409,63.796,6853.0
2020-03-18,144.0,7.74,11.146,2.54,2.4,2.47,0.92,68.09,3.557,144.0,218.0,17120.0,,,56.106,6932.7
2020-03-19,144.0,6.95,10.008,2.24,2.15,2.195,0.82,68.42,3.161,144.0,263.0,17084.0,,0.2801,52.051,7238.0
2020-03-20,144.0,6.74,9.706,2.5,2.3,2.4,1.095,64.39,3.456,144.0,291.0,17104.0,,0.5255,58.291,6908.0
2020-03-21,144.0,,,,,,,,,,256.0,,,0.2791,53.417,6349.8
2020-03-22,144.0,,,,,,,,,,260.0,,,1.0,65.303,5940.9
2020-03-23,144.0,6.27,9.029,2.17,2.23,2.2,0.855,64.91,3.168,144.0,227.0,17026.0,4010.0,0.2751,59.098,5738.4
2020-03-24,144.0,6.13,8.827,2.16,2.1,2.13,1.145,65.25,3.067,144.0,212.0,17076.0,,0.3585,57.212,5424.2
2020-03-25,144.0,6.36,9.158,2.65,2.42,2.535,1.08,60.14,3.65,144.0,231.0,17101.0,,0.5975,64.717,5603.0
2020-03-26,144.0,5.99,8.626,2.29,2.6,2.445,1.005,59.18,3.521,144.0,223.0,17028.0,,0.3781,61.982,5391.4
2020-03-27,144.0,6.43,9.259,2.51,2.49,2.5,1.145,61.12,3.6,144.0,102.0,17084.0,,0.2472,54.828,5426.0
2020-03-28,144.0,,,,,,,,,,238.0,,,0.2569,49.932,5342.1
2020-03-29,144.0,,,,,,,,,,280.0,,,,46.349,5497.4
2020-03-30,150.0,6.52,9.78,2.57,2.47,2.52,1.04,61.35,3.78,150.0,225.0,17121.0,4078.0,0.526,56.815,5688.9
2020-03-31,168.0,,,,,,,,,,293.0,,,0.3599,62.747,6281.1
2020-04-01,168.0,6.45,10.836,2.36,2.39,2.375,0.945,63.18,3.99,168.0,275.0,17098.0,,0.3187,60.159,6198.6
2020-04-02,168.0,6.15,10.332,2.48,2.5,2.49,1.095,59.51,4.183,168.0,288.0,17124.0,,0.4069,62.471,5942.2
2020-04-03,168.0,6.17,10.366,2.41,2.39,2.4,1.055,61.1,4.032,168.0,225.0,17048.0,,0.5122,69.126,5978.6
2020-04-04,168.0,,,,,,,,,,266.0,,,0.4571,71.291,6106.7
2020-04-05,168.0,,,,,,,,,,281.0,,,,72.846,6197.2
2020-04-06,176.0,6.53,11.493,2.6,2.46,2.53,1.05,61.26,4.452,176.0,313.0,17164.0,4338.0,0.2358,66.461,6501.5
2020-04-07,184.0,6.3,11.592,2.33,2.43,2.38,1.04,62.22,4.379,184.0,226.0,17099.0,,0.2293,61.754,6569.6
2020-04-08,192.0,6.46,12.403,2.49,2.33,2.41,1.1,62.69,4.628,192.0,354.0,17083.0,,0.7868,88.977,6686.8
2020-04-09,192.0,5.86,11.251,2.58,2.49,2.535,1.0,56.74,4.867,192.0,153.0,17106.0,,0.5649,94.498,6184.1
2020-04-10,192.0,5.79,11.117,2.41,2.24,2.325,1.29,59.84,4.465,192.0,280.0,17131.0,,0.0,67.722,5988.0
2020-04-11,192.0,,,,,,,,,,362.0,,,0.2593,62.64,6299.0
2020-04-12,192.0,,,,,,,,,,267.0,,,,58.998,6549.7
2020-04-13,192.0,6.52,12.518,2.32,2.5,2.41,1.005,63.04,4.627,192.0,329.0,16928.0,4219.0,0.4617,67.401,6610.2
2020-04-14,192.0,6.47,12.422,2.6,2.49,2.545,1.005,60.66,4.887,192.0,269.0,17054.0,,0.4106,70.642,6862.2
2020-04-15,192.0,6.7,12.864,2.49,2.39,2.44,1.075,63.58,4.685,192.0,185.0,17215.0,,,65.358,6890.3
2020-04-16,192.0,6.52,12.518,2.57,2.49,2.53,0.97,61.2,4.857,192.0,290.0,17196.0,,0.3487,65.776,6751.4
2020-04-17,192.0,6.74,12.941,2.42,2.65,2.535,1.14,62.39,4.867,192.0,313.0,17084.0,,0.2455,60.791,6809.8
2020-04-18,192.0,,,,,,,,,,275.0,,,0.4185,66.106,6955.7
2020-04-19,192.0,,,,,,,,,,210.0,,,,70.022,7157.3
2020-04-20,192.0,6.75,12.96,2.48,2.49,2.485,1.0,63.19,4.771,192.0,363.0,17114.0,3619.0,0.2076,61.653,7194.8
2020-04-21,192.0,7.02,13.478,2.45,2.56,2.505,0.915,64.32,4.809,192.0,232.0,17283.0,,0.1736,53.748,6985.4
2020-04-22,196.0,7.16,14.034,2.62,2.58,2.6,1.055,63.69,5.096,196.0,306.0,17247.0,,0.4754,65.609,7137.3
2020-04-23,196.0,6.85,13.426,2.55,2.48,2.515,1.11,63.28,4.93,196.0,280.0,17155.0,,0.67,84.085,7224.0
2020-04-24,196.0,6.79,13.308,2.5,2.48,2.49,1.0,63.33,4.88,196.0,334.0,17204.0,,,81.926,7070.5
2020-04-25,200.0,,,,,,,,,,264.0,,,0.2245,73.98,6994.5
2020-04-26,200.0,,,,,,,,,,331.0,,,,66.492,6826.9
2020-04-27,200.0,6.57,13.14,2.55,2.31,2.43,0.92,63.01,4.86,200.0,251.0,17828.0,3737.0,0.5056,75.651,6773.1
2020-04-28,196.0,6.57,12.877,2.54,2.41,2.475,1.01,62.33,4.851,196.0,363.0,17626.0,,0.394,74.969,6588.0
2020-04-29,196.0,7.06,13.838,2.51,2.59,2.55,1.055,63.88,4.998,196.0,247.0,17598.0,,,68.236,6837.7
2020-04-30,196.0,7.04,13.798,2.49,2.74,2.615,1.035,62.86,5.125,196.0,341.0,17469.0,,0.5183,76.78,6738.1
2020-05-01,196.0,6.64,13.014,2.64,2.55,2.595,1.245,60.92,5.086,196.0,301.0,17438.0,,0.4657,80.597,6375.3
2020-05-02,184.0,,,,,,,,,,230.0,,,0.2407,67.232,6325.5
2020-05-03,144.0,,,,,,,,,,314.0,,,1.0,64.24,5391.5
2020-05-04,144.0,7.0,10.08,2.52,2.45,2.485,1.0,64.5,3.578,144.0,287.0,17278.0,3806.0,0.1811,55.09,5334.4
2020-05-05,144.0,,,,,,,,,,171.0,,,0.2546,50.47,5147.9
2020-05-06,144.0,6.93,9.979,2.66,2.57,2.615,1.015,62.27,3.765,144.0,219.0,17231.0,,0.6533,61.773,4941.9
2020-05-07,144.0,6.16,8.87,2.53,2.58,2.555,1.055,58.52,3.679,144.0,363.0,17249.0,,0.5294,65.615,4488.3
2020-05-08,144.0,6.41,9.23,2.58,2.49,2.535,1.1,60.45,3.65,144.0,288.0,17395.0,,,59.909,4451.6
2020-05-09,144.0,,,,,,,,,,127.0,,,0.3759,58.473,4859.3
2020-05-10,144.0,,,,,,,,,,202.0,,,,57.355,4849.9
2020-05-11,144.0,6.23,8.971,2.5,2.46,2.48,0.96,60.19,3.571,144.0,115.0,17128.0,3670.0,0.5769,64.151,4829.7
2020-05-12,144.0,6.2,8.928,2.49,2.36,2.425,0.905,60.89,3.492,144.0,157.0,17094.0,,0.4929,65.991,4643.2
2020-05-13,144.0,6.44,9.274,2.45,2.49,2.47,0.97,61.65,3.557,144.0,137.0,17079.0,,,59.359,4740.8
2020-05-14,144.0,6.42,9.245,2.43,2.51,2.47,1.05,61.53,3.557,144.0,191.0,17102.0,,0.6283,67.186,4830.3
2020-05-15,144.0,,,,,,,,,,174.0,,,0.4579,66.86,4638.6
2020-05-16,144.0,,,,,,,,,,84.0,,,0.3473,62.376,4642.7
2020-05-17,144.0,,,,,,,,,,204.0,,,1.0,71.791,4650.8
2020-05-18,144.0,5.89,8.482,2.55,2.61,2.58,1.025,56.2,3.715,144.0,266.0,17186.0,3914.0,0.227,62.283,4578.6
2020-05-19,144.0,5.7,8.208,2.52,2.5,2.51,0.92,55.96,3.615,144.0,169.0,17143.0,,0.3888,60.688,4438.6
2020-05-20,144.0,5.94,8.554,2.77,2.56,2.665,1.14,55.13,3.838,144.0,264.0,17107.0,,0.3936,59.639,4615.0
2020-05-21,148.0,5.85,8.658,2.45,2.49,2.47,0.92,57.78,3.655,148.0,181.0,17124.0,,0.5769,67.729,4771.7
2020-05-22,152.0,6.17,9.378,2.63,2.5,2.565,1.065,58.43,3.898,152.0,295.0,17095.0,,,64.394,5010.0
2020-05-23,156.0,,,,,,,,,,199.0,,,0.5421,70.651,5288.2
2020-05-24,160.0,,,,,,,,,,253.0,,,,76.121,5354.4
2020-05-25,164.0,5.57,9.135,2.53,2.54,2.535,0.925,54.49,4.157,164.0,288.0,17138.0,3652.0,0.5128,79.626,5342.8
2020-05-26,168.0,5.47,9.19,2.56,2.42,2.49,1.05,54.48,4.183,168.0,233.0,17118.0,,0.2451,70.71,5331.9
2020-05-27,176.0,5.62,9.891,2.62,2.59,2.605,1.185,53.65,4.584,176.0,254.0,17079.0,,0.0881,58.098,5571.9
2020-05-28,184.0,5.69,10.47,2.39,2.44,2.415,0.91,57.56,4.443,184.0,328.0,17140.0,,0.2963,59.026,6005.8
2020-05-29,192.0,6.24,11.981,2.52,2.44,2.48,1.06,60.26,4.761,192.0,257.0,17178.0,,0.4555,68.78,6370.6
2020-05-30,204.0,,,,,,,,,,354.0,,,0.4591,78.828,6639.0
2020-05-31,216.0,,,,,,,,,,244.0,,,1.0,104.753,7233.9
2020-06-01,216.0,5.75,12.42,2.6,2.52,2.56,0.965,55.48,5.529,216.0,363.0,17238.0,3829.0,0.1589,86.881,7638.4
2020-06-02,232.0,6.15,14.268,2.51,2.55,2.53,1.015,58.86,5.87,232.0,282.0,17251.0,,0.3419,89.654,7678.1
2020-06-03,240.0,5.89,14.136,2.65,2.58,2.615,1.065,55.6,6.276,240.0,325.0,17228.0,,0.2905,86.59,8125.1
2020-06-04,240.0,6.33,15.192,2.59,2.64,2.615,0.97,58.69,6.276,240.0,359.0,17668.0,,0.3754,87.542,8347.7
2020-06-05,240.0,6.27,15.048,2.56,2.53,2.545,1.015,59.41,6.108,240.0,359.0,17581.0,,,79.987,8487.5
2020-06-06,240.0,,,,,,,,,,359.0,,,0.2491,74.773,8605.3
2020-06-07,240.0,,,,,,,,,,358.0,,,,70.803,8411.7
2020-06-08,240.0,6.54,15.696,2.47,2.5,2.485,0.97,62.0,5.964,240.0,304.0,17948.0,4192.0,0.414,78.507,8558.5
2020-06-09,240.0,6.38,15.312,2.74,2.64,2.69,1.07,57.84,6.456,240.0,363.0,18021.0,,0.403,83.488,8250.1
2020-06-10,240.0,6.26,15.024,2.44,2.5,2.47,1.11,60.54,5.928,240.0,362.0,17608.0,,,78.412,8385.8
2020-06-11,240.0,6.62,15.888,2.6,2.59,2.595,1.055,60.8,6.228,240.0,383.0,17641.0,,0.3105,77.41,8534.2
2020-06-12,240.0,,,,,,,,,,408.0,,,0.4852,87.733,8590.1
2020-06-13,240.0,,,,,,,,,,399.0,,,0.2823,82.348,8332.7
2020-06-14,240.0,,,,,,,,,,362.0,,,,78.359,7830.5
2020-06-15,160.0,6.14,9.824,2.69,2.64,2.665,1.11,56.6,4.264,160.0,271.0,17848.0,3953.0,,46.65,8519.3
2020-06-16,0.0,,,,,,,,,,255.0,,,0.2934,0.0,4146.6
2020-06-17,0.0,,,,,,,,,,98.0,,,0.5718,0.0,4610.4
2020-06-18,130.0,4.78,6.214,2.64,2.52,2.58,0.855,46.03,3.354,130.0,325.0,17408.0,4443.0,0.3272,46.323,5786.1
2020-06-19,192.0,6.65,12.768,2.48,2.63,2.555,0.91,61.58,4.905,192.0,246.0,17486.0,,0.1282,56.34,6300.3
2020-06-20,192.0,,,,,,,,,,146.0,,,0.2212,52.484,6647.6
2020-06-21,192.0,,,,,,,,,,215.0,,,,49.685,6621.6
2020-06-22,208.0,6.34,13.187,2.56,2.69,2.625,1.005,58.6,5.459,208.0,285.0,17568.0,3832.0,0.2821,55.188,6428.6
2020-06-23,222.0,6.16,13.675,2.6,2.43,2.515,0.92,59.17,5.584,222.0,171.0,17592.0,,0.3965,67.097,6845.9
2020-06-24,240.0,6.32,15.168,2.68,2.59,2.635,1.29,58.31,6.324,240.0,233.0,17488.0,,,70.981,7509.2
2020-06-25,240.0,6.2,14.88,2.55,2.54,2.545,0.98,58.95,6.108,240.0,256.0,17564.0,,0.2441,67.742,7724.0
2020-06-26,240.0,6.28,15.072,2.6,2.58,2.59,1.01,58.76,6.216,240.0,301.0,17593.0,,0.3042,69.152,7725.9
2020-06-27,240.0,,,,,,,,,,250.0,,,0.1974,63.235,7729.2
2020-06-28,248.0,,,,,,,,,,265.0,,,1.0,94.671,7908.4
2020-06-29,256.0,5.82,14.899,2.59,2.63,2.61,1.01,55.15,6.682,256.0,316.0,17852.0,3794.0,0.1534,83.744,7737.5
2020-06-30,264.0,5.98,15.787,2.6,2.59,2.595,1.0,56.61,6.85,264.0,263.0,17877.0,,0.3387,87.125,7886.9
2020-07-01,264.0,5.62,14.837,2.77,2.53,2.65,1.06,52.85,6.996,264.0,325.0,17910.0,,0.2715,83.123,7925.5
2020-07-02,264.0,5.79,15.286,2.41,2.5,2.455,1.05,57.6,6.481,264.0,354.0,17748.0,,0.3968,88.865,8053.9
2020-07-03,264.0,6.1,16.104,2.74,2.8,2.77,1.26,54.59,7.313,264.0,326.0,17693.0,,,84.137,8334.0
2020-07-04,264.0,,,,,,,,,,331.0,,,0.2047,74.288,8376.5
2020-07-05,264.0,,,,,,,,,,292.0,,,1.0,99.619,8106.9
2020-07-06,264.0,5.2,13.728,2.7,2.73,2.715,1.14,47.79,7.167,264.0,235.0,17928.0,3858.0,0.383,99.952,7698.6
2020-07-07,264.0,5.45,14.388,2.68,2.7,2.69,1.1,50.64,7.102,264.0,245.0,18043.0,,0.311,95.693,6719.0
2020-07-08,264.0,4.14,10.93,2.71,2.49,2.6,0.965,37.2,6.864,264.0,315.0,18169.0,,0.1564,82.097,6731.0
2020-07-09,264.0,4.36,11.51,2.49,2.59,2.54,1.05,41.74,6.706,264.0,298.0,17928.0,3874.0,0.2695,79.264,7143.7
2020-07-10,264.0,4.56,12.038,2.63,2.64,2.635,1.07,42.21,6.957,264.0,325.0,17992.0,,0.3437,82.307,7437.0
2020-07-11,264.0,,,,,,,,,,363.0,,,0.1788,72.826,7425.4
2020-07-12,264.0,,,,,,,,,,357.0,,,1.0,102.191,7532.8
2020-07-13,264.0,3.88,10.243,2.64,2.54,2.59,0.97,33.25,6.837,264.0,350.0,17968.0,4064.0,0.1496,87.282,7262.2
2020-07-14,269.0,4.01,10.787,2.49,2.73,2.61,1.185,34.91,7.021,269.0,316.0,17924.0,3782.0,0.1689,78.098,7018.6
2020-07-15,276.0,4.19,11.564,2.49,2.8,2.645,1.15,36.87,7.3,276.0,363.0,17868.0,3650.0,0.3963,87.679,7306.4
2020-07-16,276.0,4.45,12.282,2.5,2.51,2.505,1.15,43.71,6.914,276.0,363.0,17764.0,,0.3567,90.533,7617.4
2020-07-17,276.0,4.67,12.889,2.58,2.56,2.57,1.17,44.97,7.093,276.0,357.0,17739.0,,0.0898,72.795,7952.0
2020-07-18,276.0,,,,,,,,,,363.0,,,0.1892,67.169,8222.9
2020-07-19,276.0,,,,,,,,,,363.0,,,,63.041,8352.4
2020-07-20,276.0,4.43,12.227,2.85,2.59,2.72,1.065,38.6,7.507,276.0,339.0,17866.0,3761.0,0.4146,77.341,8208.8
2020-07-21,276.0,3.93,10.847,2.36,2.58,2.47,1.18,37.15,6.817,276.0,347.0,17824.0,,0.3268,80.936,7881.0
2020-07-22,276.0,4.33,11.951,2.68,2.68,2.68,1.19,38.11,7.396,276.0,347.0,17796.0,,0.0817,64.54,8144.9
2020-07-23,276.0,4.3,11.868,2.52,2.43,2.475,0.915,42.44,6.831,276.0,363.0,17923.0,3763.0,0.2457,65.461,8276.3
2020-07-24,276.0,4.22,11.647,2.62,2.51,2.565,1.115,39.22,7.079,276.0,363.0,17904.0,,0.3455,73.896,8464.7
2020-07-25,276.0,,,,,,,,,,343.0,,,0.2043,68.952,8576.6
2020-07-26,276.0,,,,,,,,,,383.0,,,1.0,104.08,8504.5
2020-07-27,276.0,,,,,,,,,,350.0,,,0.1636,89.725,
2020-07-28,276.0,4.78,13.193,2.69,2.42,2.555,1.155,46.55,7.052,276.0,334.0,17818.0,3779.0,0.1663,78.604,8892.6
2020-07-29,268.0,5.09,13.641,2.69,2.64,2.665,1.205,47.64,7.142,268.0,354.0,17782.0,,0.423,86.01,8803.3
2020-07-30,264.0,4.5,11.88,2.4,2.53,2.465,0.96,45.22,6.508,264.0,362.0,17804.0,,0.3461,86.506,8383.4
2020-07-31,264.0,4.97,13.121,2.71,2.76,2.735,1.25,44.97,7.22,264.0,364.0,17832.0,,,80.28,8269.2
2020-08-01,260.0,,,,,,,,,,363.0,,,0.3359,81.195,8022.9
2020-08-02,260.0,,,,,,,,,,363.0,,,,82.821,8123.5
2020-08-03,256.0,5.8,14.848,2.81,2.62,2.715,1.115,53.19,6.95,256.0,392.0,17668.0,3490.0,0.282,79.026,8268.3
2020-08-04,248.0,6.16,15.277,2.66,2.71,2.685,1.335,56.41,6.659,248.0,363.0,17754.0,,0.3219,77.454,8154.1
2020-08-05,240.0,5.46,13.104,2.73,2.44,2.585,1.07,52.66,6.203,240.0,359.0,17728.0,,0.084,59.827,8244.3
2020-08-06,240.0,5.5,13.2,2.55,2.53,2.54,1.025,53.82,6.096,240.0,331.0,17654.0,,0.2226,58.044,7651.4
2020-08-07,228.0,5.82,13.27,2.69,2.51,2.6,1.11,55.33,5.928,228.0,360.0,17617.0,,0.3766,63.73,7546.1
2020-08-08,216.0,,,,,,,,,,324.0,,,0.1744,54.0,6963.1
2020-08-09,216.0,,,,,,,,,,296.0,,,,49.401,7221.9
2020-08-10,216.0,4.94,10.67,3.07,2.7,2.885,1.3,41.6,6.231,216.0,362.0,17428.0,3887.0,0.2741,52.168,7375.8
2020-08-11,216.0,,,,,,,,,,302.0,,,0.1618,47.305,7000.7
2020-08-12,216.0,5.04,10.886,2.81,2.79,2.8,1.255,44.44,6.048,216.0,362.0,17546.0,,0.3889,57.678,6797.4
2020-08-13,216.0,4.79,10.346,2.45,2.33,2.39,0.99,50.1,5.163,216.0,286.0,17419.0,,0.3375,61.986,6583.2
2020-08-14,216.0,4.24,9.158,2.44,2.52,2.48,1.065,41.51,5.357,216.0,358.0,17421.0,,0.0676,48.571,6727.6
2020-08-15,216.0,,,,,,,,,,362.0,,,0.4671,63.39,6530.0
2020-08-16,216.0,,,,,,,,,,306.0,,,,74.016,6429.2
2020-08-17,216.0,4.12,8.899,2.67,2.68,2.675,1.045,35.07,5.778,216.0,364.0,17214.0,3553.0,0.2862,70.56,6324.2
2020-08-18,216.0,3.9,8.424,2.72,2.52,2.62,1.065,32.82,5.659,216.0,210.0,17189.0,,0.2944,68.583,6127.0
2020-08-19,216.0,3.95,8.532,2.5,2.41,2.455,1.05,37.85,5.303,216.0,363.0,17124.0,,0.0855,54.379,6135.9
2020-08-20,224.0,4.07,9.117,3.05,2.49,2.77,1.055,31.94,6.205,224.0,363.0,17128.0,,0.222,54.505,6522.8
2020-08-21,224.0,4.3,9.632,2.6,2.47,2.535,1.31,41.05,5.678,224.0,359.0,17352.0,,0.2341,53.922,7045.4
2020-08-22,224.0,,,,,,,,,,323.0,,,0.4431,66.772,7178.3
2020-08-23,224.0,,,,,,,,,,358.0,,,,75.98,7042.0
2020-08-24,224.0,4.55,10.192,2.58,2.46,2.52,1.015,44.62,5.644,224.0,363.0,16842.0,3438.0,0.2223,68.559,7186.4
2020-08-25,224.0,4.71,10.55,2.51,2.45,2.48,1.0,47.35,5.555,224.0,322.0,16884.0,,0.0926,55.003,7247.8
2020-08-26,224.0,4.39,9.834,2.41,2.45,2.43,0.915,44.65,5.443,224.0,350.0,16839.0,,0.4203,66.097,7214.9
2020-08-27,224.0,4.84,10.842,2.41,2.42,2.415,0.91,50.1,5.41,224.0,308.0,17021.0,,0.3101,67.053,7350.3
2020-08-28,224.0,4.92,11.021,2.46,2.49,2.475,0.95,49.7,5.544,224.0,319.0,17094.0,,0.0871,53.579,7581.7
2020-08-29,224.0,,,,,,,,,,363.0,,,0.3828,62.695,7609.8
2020-08-30,224.0,,,,,,,,,,360.0,,,1.0,92.275,7490.4
2020-08-31,224.0,5.12,11.469,2.51,2.43,2.47,1.01,51.76,5.533,224.0,364.0,16658.0,,0.3796,90.45,7629.1
2020-09-01,224.0,,,,,,,,,,362.0,,,0.3108,85.033,7609.3
2020-09-02,224.0,4.99,11.178,2.41,2.35,2.38,0.915,52.3,5.332,224.0,363.0,16824.0,,0.0905,67.786,7799.5
2020-09-03,229.0,4.87,11.152,2.43,2.37,2.4,1.07,50.72,5.496,229.0,322.0,16953.0,,0.3512,72.311,7849.8
2020-09-04,224.0,4.71,10.55,2.45,2.4,2.425,1.0,48.51,5.432,224.0,362.0,17022.0,,0.3803,74.702,7565.7
2020-09-05,224.0,,,,,,,,,,363.0,,,0.3652,76.667,7537.0
2020-09-06,224.0,,,,,,,,,,423.0,,,,78.097,7829.1
2020-09-07,220.0,5.0,11.0,2.42,2.36,2.39,0.89,52.2,5.258,220.0,364.0,17128.0,3830.0,0.2058,67.9,8361.8
2020-09-08,216.0,4.88,10.541,2.5,2.37,2.435,0.99,50.1,5.26,216.0,363.0,17141.0,,0.3141,66.996,7216.2
2020-09-09,216.0,4.94,10.67,2.45,2.4,2.425,0.935,50.91,5.238,216.0,403.0,17069.0,,0.4363,74.673,6991.5
2020-09-10,216.0,4.78,10.325,2.41,2.39,2.4,0.955,49.79,5.184,216.0,363.0,17201.0,,0.3332,73.908,6937.0
2020-09-11,211.0,4.97,10.487,2.48,2.4,2.44,0.93,50.91,5.148,211.0,405.0,17153.0,,0.0886,57.079,6908.5
2020-09-12,204.0,,,,,,,,,,363.0,,,0.632,76.043,6407.0
2020-09-13,204.0,,,,,,,,,,366.0,,,,75.562,7635.5
2020-09-14,204.0,5.68,11.587,2.61,2.43,2.52,0.915,55.63,5.141,204.0,355.0,17218.0,3823.0,0.3868,76.387,7703.3
2020-09-15,198.0,5.49,10.87,2.58,2.46,2.52,0.93,54.1,4.989,198.0,363.0,17245.0,,0.1126,60.853,7577.1
2020-09-16,184.0,6.05,11.132,2.64,2.44,2.54,1.145,58.02,4.673,184.0,363.0,17329.0,,0.3539,58.81,7153.8
2020-09-17,176.0,5.89,10.366,2.66,2.53,2.595,1.055,55.94,4.567,176.0,371.0,17213.0,,0.2261,51.827,6252.4
2020-09-18,176.0,5.78,10.173,2.61,2.51,2.56,1.045,55.71,4.506,176.0,361.0,17154.0,,0.3388,53.957,6725.5
2020-09-19,168.0,,,,,,,,,,305.0,,,0.2864,50.568,6775.7
2020-09-20,152.0,,,,,,,,,,119.0,,,1.0,62.82,5467.2
2020-09-21,124.0,6.01,7.452,2.62,2.77,2.695,1.2,55.16,3.341,124.0,272.0,,,0.2282,45.637,4931.9
2020-09-22,96.0,5.84,5.606,2.57,2.64,2.605,1.155,55.39,2.501,96.0,21.0,,,0.4431,37.166,
2020-09-23,96.0,5.98,5.741,2.67,2.46,2.565,0.905,57.11,2.462,96.0,138.0,17728.0,4067.0,0.5676,41.706,4212.8
2020-09-24,108.0,5.41,5.843,2.71,2.55,2.63,0.92,51.39,2.84,108.0,277.0,17806.0,,0.3345,44.029,4326.4
2020-09-25,120.0,5.28,6.336,2.68,2.49,2.585,0.955,51.04,3.102,120.0,291.0,17694.0,,0.099,38.844,4558.9
2020-09-26,132.0,,,,,,,,,,204.0,,,0.5684,51.618,4926.4
2020-09-27,144.0,,,,,,,,,,290.0,,,,63.399,5035.2
2020-09-28,144.0,5.82,8.381,2.39,2.39,2.39,0.84,58.93,3.442,144.0,219.0,17968.0,4290.0,0.5407,67.434,5147.8
2020-09-29,144.0,4.44,6.394,2.77,2.58,2.675,1.11,39.75,3.852,144.0,315.0,17893.0,,0.5005,68.735,4836.2
2020-09-30,144.0,4.73,6.811,2.46,2.31,2.385,1.045,49.58,3.434,144.0,314.0,17843.0,,0.0889,53.006,4763.5
2020-10-01,144.0,,,,,,,,,,314.0,,,,41.676,4749.9
2020-10-02,144.0,,,,,,,,,,315.0,,,0.4878,49.739,5163.0
2020-10-03,144.0,,,,,,,,,,314.0,,,0.2655,46.487,5422.9
2020-10-04,144.0,,,,,,,,,,291.0,,,0.6423,59.5,
2020-10-05,152.0,4.77,7.25,2.53,2.66,2.595,1.005,45.6,3.944,152.0,235.0,18058.0,4577.0,0.1963,53.472,5206.7
2020-10-06,152.0,4.86,7.387,2.39,2.61,2.5,1.105,48.56,3.8,152.0,314.0,17931.0,,0.172,45.733,5117.8
2020-10-07,160.0,4.66,7.456,2.72,2.71,2.715,1.11,41.74,4.344,160.0,198.0,18016.0,,0.4771,56.128,5420.2
2020-10-08,160.0,4.81,7.696,2.56,2.62,2.59,1.07,46.15,4.144,160.0,314.0,17638.0,,0.3994,58.33,5380.6
2020-10-09,168.0,4.92,8.266,2.55,2.64,2.595,1.095,47.26,4.359,168.0,315.0,17754.0,,0.0906,48.206,5731.7
2020-10-10,168.0,,,,,,,,,,315.0,,,0.4278,54.913,5856.0
2020-10-11,168.0,,,,,,,,,,315.0,,,,59.719,5917.0
2020-10-12,168.0,4.56,7.661,2.63,2.64,2.635,1.08,42.21,4.427,168.0,315.0,17549.0,3957.0,0.462,64.79,6011.9
2020-10-13,168.0,4.59,7.711,2.4,2.54,2.47,0.92,46.19,4.149,168.0,182.0,17496.0,,0.3654,63.828,5794.1
2020-10-14,168.0,4.51,7.577,2.47,2.43,2.45,1.05,45.68,4.116,168.0,314.0,17621.0,,0.1015,50.567,5858.3
2020-10-15,168.0,4.7,7.896,2.57,2.4,2.485,0.905,47.13,4.175,168.0,315.0,17827.0,,0.1126,41.597,5924.4
2020-10-16,168.0,5.21,8.753,2.39,2.41,2.4,1.1,53.93,4.033,168.0,315.0,17816.0,,0.388,48.281,6088.9
2020-10-17,168.0,,,,,,,,,,315.0,,,0.4587,56.439,6230.8
2020-10-18,168.0,,,,,,,,,,315.0,,,,62.284,6264.0
2020-10-19,168.0,5.22,8.77,2.59,2.63,2.61,0.95,50.0,4.385,168.0,222.0,17439.0,3874.0,0.3214,59.936,6221.4
2020-10-20,168.0,4.92,8.266,2.41,2.4,2.405,0.815,51.12,4.04,168.0,397.0,17532.0,,0.2377,54.267,6388.9
2020-10-21,168.0,5.12,8.602,2.56,2.48,2.52,1.16,50.78,4.234,168.0,257.0,17284.0,,0.4339,59.548,6166.6
2020-10-22,168.0,5.33,8.954,2.47,2.68,2.575,0.975,51.69,4.326,168.0,325.0,17054.0,,0.4102,62.205,6120.4
2020-10-23,134.0,5.84,7.826,2.52,2.5,2.51,1.0,57.02,3.364,134.0,280.0,17152.0,,0.1145,39.902,6564.8
2020-10-24,168.0,,,,,,,,,,411.0,,,0.3702,53.475,6600.3
2020-10-25,168.0,,,,,,,,,,312.0,,,,55.947,6586.4
2020-10-26,168.0,4.96,8.333,2.48,3.01,2.745,1.28,44.66,4.611,168.0,315.0,17628.0,6077.0,0.4614,62.059,6513.1
2020-10-27,168.0,4.71,7.913,2.59,2.79,2.69,1.18,42.89,4.519,168.0,315.0,17945.0,5704.0,0.4111,64.044,6383.2
2020-10-28,168.0,4.9,8.232,2.3,2.43,2.365,1.015,51.73,3.974,168.0,363.0,17839.0,,0.1779,54.363,6580.1
2020-10-29,168.0,4.89,8.215,2.5,2.54,2.52,1.065,48.47,4.233,168.0,351.0,17862.0,5647.0,0.3054,53.498,6423.6
2020-10-30,168.0,,,,,,,,,,333.0,,,0.3857,56.7,6303.6
2020-10-31,168.0,,,,,,,,,,340.0,,,0.4033,59.834,6158.3
2020-11-01,168.0,,,,,,,,,,342.0,,,,62.079,6139.3
2020-11-02,168.0,4.84,8.131,2.58,2.77,2.675,1.015,44.73,4.494,168.0,338.0,17904.0,,0.2048,54.236,6069.7
2020-11-03,168.0,4.59,7.711,2.57,2.61,2.59,1.04,43.57,4.351,168.0,332.0,17978.0,,0.254,50.957,6042.1
2020-11-04,168.0,,,,,,,,,,338.0,,,0.3355,52.489,5990.9
2020-11-05,168.0,4.97,8.35,2.89,2.39,2.64,1.09,46.88,4.436,168.0,338.0,18185.0,,0.4175,57.494,6005.9
2020-11-06,168.0,4.89,8.215,2.89,2.64,2.765,1.285,43.46,4.645,168.0,339.0,18220.0,,0.1191,46.866,6096.3
2020-11-07,168.0,,,,,,,,,,339.0,,,0.2928,47.525,6123.9
2020-11-08,168.0,,,,,,,,,,339.0,,,,47.997,5929.6
2020-11-09,168.0,4.66,7.829,2.58,2.79,2.685,1.065,42.38,4.511,168.0,339.0,17864.0,,0.361,51.583,6089.9
2020-11-10,168.0,4.59,7.711,2.71,2.8,2.755,1.215,39.98,4.628,168.0,339.0,17788.0,,0.329,52.63,5942.0
2020-11-11,168.0,4.52,7.594,2.4,2.62,2.51,1.02,44.47,4.217,168.0,331.0,17452.0,,0.2494,49.586,5859.9
2020-11-12,168.0,4.69,7.879,2.59,2.49,2.54,0.965,45.84,4.267,168.0,313.0,17361.0,,0.1933,44.736,5879.5
2020-11-13,168.0,4.35,7.308,2.51,2.82,2.665,1.24,38.74,4.477,168.0,187.0,17168.0,,0.4233,52.215,5831.3
2020-11-14,168.0,,,,,,,,,,339.0,,,0.1735,45.676,5675.2
2020-11-15,168.0,,,,,,,,,,338.0,,,1.0,80.351,5783.0
2020-11-16,168.0,4.81,8.081,2.89,2.6,2.745,1.005,42.93,4.612,168.0,338.0,17488.0,,0.3567,74.56,5901.7
2020-11-17,168.0,4.34,7.291,2.48,2.71,2.595,1.2,40.21,4.359,168.0,339.0,17568.0,,0.1724,61.637,5826.0
2020-11-18,168.0,4.49,7.543,2.71,2.61,2.66,1.165,40.76,4.468,168.0,337.0,17721.0,,0.4357,64.914,5950.9
2020-11-19,174.0,4.7,8.178,2.45,2.72,2.585,1.17,45.0,4.498,174.0,311.0,17622.0,,0.2182,58.937,6191.0
2020-11-20,184.0,4.78,8.795,2.52,2.65,2.585,1.115,45.92,4.756,184.0,338.0,17715.0,,0.301,60.359,6338.2
2020-11-21,192.0,,,,,,,,,,352.0,,,0.2484,58.647,6675.0
2020-11-22,200.0,,,,,,,,,,386.0,,,1.0,100.467,6717.9
2020-11-23,208.0,4.49,9.339,2.42,2.62,2.52,0.98,43.88,5.241,208.0,399.0,17368.0,,0.3015,92.646,6777.4
2020-11-24,216.0,4.63,10.001,2.45,2.63,2.54,1.07,45.14,5.487,216.0,312.0,17281.0,,0.3563,90.755,6794.7
2020-11-25,224.0,4.13,9.251,2.11,2.37,2.24,0.74,45.76,5.018,224.0,346.0,17325.0,,0.2308,82.094,7110.7
2020-11-26,232.0,4.33,10.046,2.41,2.44,2.425,0.795,44.0,5.626,232.0,392.0,17628.0,,0.2473,77.189,7212.8
2020-11-27,240.0,4.25,10.2,2.47,2.51,2.49,0.965,41.41,5.976,240.0,363.0,17715.0,,0.0,57.215,7319.6
2020-11-28,240.0,,,,,,,,,,363.0,,,0.1786,53.145,7453.9
2020-11-29,240.0,,,,,,,,,,312.0,,,,50.229,7703.6
2020-11-30,240.0,4.42,10.608,2.33,2.37,2.35,0.84,46.83,5.64,240.0,362.0,17258.0,,0.3161,57.498,7612.4
2020-12-01,240.0,4.63,11.112,2.43,2.42,2.425,1.02,47.62,5.82,240.0,327.0,17196.0,,0.1876,53.959,7559.3
2020-12-02,240.0,5.01,12.024,2.56,2.81,2.685,1.065,46.41,6.444,240.0,339.0,17041.0,,0.3763,64.263,7481.1
2020-12-03,240.0,5.02,12.048,2.45,2.44,2.445,0.89,51.29,5.869,240.0,378.0,16969.0,,0.158,56.792,7636.2
2020-12-04,240.0,4.87,11.688,2.49,2.39,2.44,0.935,49.9,5.856,240.0,385.0,17115.0,,0.1614,51.676,7566.3
2020-12-05,240.0,,,,,,,,,,384.0,,,0.4383,66.845,7344.2
2020-12-06,240.0,,,,,,,,,,404.0,,,1.0,115.929,7374.0
2020-12-07,236.0,4.63,10.927,3.03,2.62,2.825,1.275,38.98,6.668,236.0,397.0,16495.0,,0.4657,112.834,7275.8
2020-12-08,232.0,4.82,11.182,2.53,2.58,2.555,1.055,46.99,5.928,232.0,375.0,16350.0,,0.3714,103.906,7248.3
2020-12-09,228.0,4.95,11.286,2.29,2.29,2.29,0.805,53.74,5.221,228.0,388.0,16169.0,,0.0,73.168,7398.0
2020-12-10,224.0,4.64,10.394,2.45,2.47,2.46,0.985,46.98,5.511,224.0,335.0,16278.0,,0.1893,63.527,7597.1
2020-12-11,220.0,,,,,,,,,,345.0,,,0.3305,65.316,7629.2
2020-12-12,216.0,,,,,,,,,,263.0,,,0.2559,61.618,7576.6
2020-12-13,212.0,,,,,,,,,,339.0,,,1.0,103.429,7927.9
2020-12-14,208.0,4.6,9.568,2.55,2.58,2.565,1.355,44.24,5.335,208.0,338.0,16688.0,,0.1782,83.221,7992.0
2020-12-15,204.0,4.49,9.16,2.49,2.61,2.55,1.15,43.21,5.202,204.0,338.0,16743.0,,0.3453,78.453,7893.9
2020-12-16,204.0,4.56,9.302,2.45,2.52,2.485,1.025,45.5,5.07,204.0,269.0,16715.0,,0.484,84.201,8028.9
2020-12-17,204.0,5.16,10.526,2.66,2.55,2.605,1.165,49.52,5.314,204.0,301.0,16764.0,,0.4539,86.579,8112.2
2020-12-18,204.0,,,,,,,,,,339.0,,,0.0,62.036,8136.5
2020-12-19,204.0,,,,,,,,,,340.0,,,0.4768,72.022,7976.8
2020-12-20,204.0,,,,,,,,,,266.0,,,,79.177,7709.0
2020-12-21,200.0,5.27,10.54,2.64,2.62,2.63,1.03,50.09,5.261,200.0,290.0,16598.0,,0.4773,82.682,7284.7
2020-12-22,143.0,6.17,8.823,2.51,2.76,2.635,0.99,57.29,3.768,143.0,251.0,16634.0,,0.4589,60.962,7495.6
2020-12-23,192.0,5.84,11.213,2.61,2.62,2.615,1.025,55.22,5.021,192.0,357.0,16824.0,,0.174,68.12,8004.9
2020-12-24,184.0,,,,,,,,,,339.0,,,0.2584,60.253,8042.0
2020-12-25,176.0,,,,,,,,,,265.0,,,0.4289,62.694,7529.5
2020-12-26,168.0,,,,,,,,,,300.0,,,0.3022,57.274,7047.9
2020-12-27,160.0,,,,,,,,,,253.0,,,1.0,84.439,
2020-12-28,152.0,,,,,,,,,,265.0,,,0.211,66.57,
2020-12-29,156.0,,,,,,,,,,185.0,,,0.383,65.892,
2020-12-30,160.0,5.65,9.04,2.7,2.82,2.76,1.095,51.15,4.416,160.0,288.0,17418.0,,0.4343,68.123,6526.8
2020-12-31,152.0,6.17,9.378,2.61,2.77,2.69,1.005,56.4,4.089,152.0,234.0,17525.0,,0.5349,69.417,6318.6
2021-01-01,144.0,,,,,,,,,,211.0,,,0.0,47.122,5980.8
2021-01-02,144.0,,,,,,,,,,227.0,,,0.2611,44.421,5111.0
2021-01-03,144.0,,,,,,,,,,235.0,,,,42.486,5157.1
2021-01-04,144.0,5.59,8.05,2.48,2.63,2.555,0.895,54.29,3.68,144.0,241.0,17702.0,,0.4121,47.262,5175.6
2021-01-05,144.0,6.26,9.014,2.6,2.76,2.68,1.085,57.19,3.859,144.0,249.0,17736.0,,0.503,54.396,5067.0
2021-01-06,144.0,6.65,9.576,2.42,2.71,2.565,1.25,61.43,3.693,144.0,249.0,17645.0,,0.1412,44.74,5268.1
2021-01-07,144.0,6.8,9.792,2.44,2.47,2.455,0.99,63.9,3.535,144.0,232.0,17673.0,,0.3114,44.768,5424.8
2021-01-08,118.0,,,,,,,,,,135.0,,,0.5162,43.552,4283.2
2021-01-09,116.0,,,,,,,,,,196.0,,,0.0,30.678,4597.9
2021-01-10,128.0,,,,,,,,,,221.0,,,1.0,60.539,4903.0
2021-01-11,136.0,6.22,8.459,2.6,2.46,2.53,0.94,59.32,3.441,136.0,290.0,17329.0,,0.283,57.0,4594.0
2021-01-12,136.0,5.54,7.534,2.32,2.44,2.38,0.975,57.04,3.237,136.0,188.0,17421.0,,0.3126,52.895,4043.6
2021-01-13,136.0,5.36,7.29,2.35,2.36,2.355,1.12,56.06,3.203,136.0,232.0,17506.0,,0.5442,58.882,3865.1
2021-01-14,136.0,6.34,8.622,2.5,2.7,2.6,1.02,58.99,3.536,136.0,291.0,17458.0,,0.4543,59.703,4147.5
2021-01-15,136.0,6.81,9.262,2.33,2.46,2.395,1.135,64.83,3.257,136.0,299.0,17328.0,,0.5647,64.551,4698.7
2021-01-16,136.0,,,,,,,,,,294.0,,,0.0,46.252,4420.8
2021-01-17,136.0,,,,,,,,,,160.0,,,,33.141,4234.7
2021-01-18,136.0,5.96,8.106,2.55,2.5,2.525,1.145,57.63,3.435,136.0,314.0,17512.0,2026.0,0.6911,50.391,4137.4
2021-01-19,136.0,5.87,7.983,2.53,2.45,2.49,1.07,57.58,3.386,136.0,205.0,17607.0,,0.5823,58.556,3687.8
2021-01-20,136.0,5.72,7.779,2.32,2.45,2.385,0.93,58.3,3.244,136.0,311.0,17762.0,,0.1736,48.65,3715.3
2021-01-21,136.0,5.93,8.065,2.52,2.53,2.525,0.98,57.42,3.434,136.0,302.0,17802.0,,0.2258,43.566,3823.1
2021-01-22,136.0,6.08,8.269,2.64,2.63,2.635,1.13,56.66,3.584,136.0,157.0,17782.0,,0.4091,46.986,3985.1
2021-01-23,136.0,,,,,,,,,,289.0,,,0.3707,47.958,4179.7
2021-01-24,136.0,,,,,,,,,,259.0,,,1.0,72.915,4082.1
2021-01-25,140.0,6.24,8.736,2.63,2.55,2.59,1.035,58.49,3.626,140.0,246.0,17832.0,1971.0,0.3419,67.353,4279.4
2021-01-26,140.0,6.16,8.624,2.59,2.61,2.6,1.07,57.79,3.64,140.0,304.0,17863.0,,0.4364,65.579,4407.3
2021-01-27,140.0,6.22,8.708,2.43,2.54,2.485,0.98,60.05,3.479,140.0,281.0,17657.0,,0.4793,66.012,4239.8
2021-01-28,140.0,6.77,9.478,2.45,2.58,2.515,1.085,62.85,3.521,140.0,236.0,17705.0,,0.6427,72.807,4686.1
2021-01-29,140.0,6.82,9.548,2.48,2.58,2.53,1.045,62.9,3.542,140.0,315.0,17643.0,,0.2272,61.187,4711.5
2021-01-30,144.0,,,,,,,,,,264.0,,,0.0,45.095,5001.2
2021-01-31,144.0,,,,,,,,,,245.0,,,,32.312,4996.9
2021-02-01,148.0,6.62,9.798,2.51,2.38,2.445,0.955,63.07,3.618,148.0,329.0,17308.0,3936.0,0.5178,45.518,5167.4
2021-02-02,148.0,6.24,9.235,2.52,2.53,2.525,1.045,59.54,3.736,148.0,339.0,17362.0,3695.0,0.5189,54.386,5085.6
2021-02-03,152.0,6.42,9.758,2.52,2.57,2.545,0.94,60.36,3.868,152.0,248.0,17405.0,,0.0,40.022,5184.0
2021-02-04,152.0,6.76,10.275,2.43,2.64,2.535,1.17,62.5,3.853,152.0,247.0,17468.0,,0.2598,39.87,5705.4
2021-02-05,152.0,6.94,10.549,2.49,2.55,2.52,1.01,63.69,3.83,152.0,315.0,17492.0,,0.0,28.568,6147.3
2021-02-06,152.0,,,,,,,,,,315.0,,,0.0,20.47,6586.4
2021-02-07,152.0,,,,,,,,,,304.0,,,1.0,57.754,6868.4
2021-02-08,152.0,6.79,10.321,2.55,2.61,2.58,1.03,62.0,3.922,152.0,219.0,17428.0,4451.0,0.3574,56.783,5746.8
2021-02-09,152.0,6.04,9.181,2.43,2.45,2.44,0.935,59.6,3.709,152.0,291.0,17627.0,,0.5281,63.44,5037.2
2021-02-10,152.0,6.35,9.652,2.4,2.55,2.475,0.885,61.02,3.762,152.0,280.0,17395.0,,0.3845,62.022,5157.8
2021-02-11,156.0,,,,,,,,,,257.0,,,0.6334,73.619,5280.5
2021-02-12,156.0,,,,,,,,,,136.0,,,,80.759,4939.5
2021-02-13,156.0,,,,,,,,,,166.0,,,0.4558,78.021,4730.6
2021-02-14,156.0,,,,,,,,,,315.0,,,,76.059,
2021-02-15,156.0,6.43,10.031,2.61,2.56,2.585,1.125,59.8,4.032,156.0,134.0,17712.0,4230.0,0.5,76.609,5185.0
2021-02-16,160.0,6.17,9.872,2.42,2.51,2.465,0.975,60.05,3.944,160.0,206.0,17734.0,,0.3573,72.505,5160.6
2021-02-17,160.0,6.46,10.336,2.4,2.64,2.52,0.98,60.99,4.032,160.0,236.0,17628.0,,0.2118,61.559,5382.9
2021-02-18,164.0,6.37,10.447,2.45,2.58,2.515,1.04,60.52,4.124,164.0,315.0,17569.0,,0.4411,65.716,5681.9
2021-02-19,164.0,,,,,,,,,,208.0,,,0.4821,69.501,5839.5
2021-02-20,164.0,,,,,,,,,,315.0,,,0.381,67.51,5752.3
2021-02-21,164.0,,,,,,,,,,261.0,,,,66.084,5866.1
2021-02-22,164.0,,,,,,,,,,250.0,,,0.2328,58.176,
2021-02-23,160.0,7.05,11.28,2.53,2.65,2.59,0.935,63.26,4.144,160.0,245.0,17128.0,4217.0,0.3302,55.644,6232.3
2021-02-24,152.0,7.64,11.613,2.5,2.34,2.42,0.97,68.32,3.679,152.0,242.0,17105.0,,0.3528,53.081,6454.3
2021-02-25,144.0,7.66,11.03,2.62,2.52,2.57,1.07,66.45,3.701,144.0,146.0,17086.0,,0.3794,51.515,6014.7
2021-02-26,144.0,6.16,8.87,2.59,2.61,2.6,1.07,57.79,3.744,144.0,251.0,17863.0,,0.5117,57.801,5230.3
2021-02-27,144.0,6.22,8.957,2.43,2.54,2.485,0.98,60.05,3.578,144.0,168.0,17657.0,,0.344,55.459,4712.7
2021-02-28,144.0,6.77,9.749,2.45,2.58,2.515,1.085,62.85,3.622,144.0,213.0,17705.0,,,53.781,4676.2
2021-03-01,144.0,,,,,,,,,,111.0,,,0.4416,56.563,4735.5
2021-03-02,144.0,6.22,8.957,2.54,2.7,2.62,0.97,57.88,3.773,144.0,247.0,17619.0,4635.0,0.5908,64.646,4659.7
2021-03-03,144.0,6.24,8.986,2.6,2.77,2.685,1.155,56.97,3.867,144.0,150.0,17139.0,,0.0,46.321,4789.2
2021-03-04,144.0,6.57,9.461,2.62,2.78,2.7,1.12,58.9,3.888,144.0,234.0,17095.0,,0.3313,46.712,4809.6
2021-03-05,152.0,6.38,9.698,2.63,2.7,2.665,1.04,58.23,4.051,152.0,163.0,17260.0,,0.5225,57.844,4913.6
2021-03-06,160.0,,,,,,,,,,243.0,,,0.3792,60.826,5102.6
2021-03-07,168.0,,,,,,,,,,245.0,,,1.0,93.386,5272.2
2021-03-08,167.0,,,,,,,,,,225.0,,,0.2401,77.882,5315.4
2021-03-09,168.0,6.23,10.466,2.75,2.87,2.81,1.29,54.9,4.72,168.0,326.0,17068.0,5236.0,0.501,79.996,5327.8
2021-03-10,168.0,6.2,10.416,2.69,2.74,2.715,1.0,56.21,4.561,168.0,229.0,16927.0,4963.0,0.5351,82.802,5357.4
2021-03-11,168.0,6.63,11.138,2.64,2.59,2.615,1.09,60.56,4.393,168.0,321.0,16529.0,,0.4682,81.625,5534.8
2021-03-12,168.0,6.67,11.206,2.51,2.67,2.59,1.22,61.17,4.351,168.0,233.0,16488.0,,0.3074,73.127,5549.5
2021-03-13,168.0,,,,,,,,,,316.0,,,0.4957,76.002,5635.2
2021-03-14,168.0,,,,,,,,,,329.0,,,,78.063,5736.2
2021-03-15,168.0,6.8,11.424,2.51,2.53,2.52,1.075,62.94,4.234,168.0,267.0,16980.0,4725.0,0.4219,76.026,5800.6
2021-03-16,168.0,6.67,11.206,2.6,2.52,2.56,1.09,61.62,4.301,168.0,286.0,16825.0,,0.287,68.143,5658.7
2021-03-17,168.0,6.72,11.29,2.39,2.53,2.46,0.99,63.39,4.133,168.0,290.0,16914.0,,0.3583,65.89,5642.3
2021-03-18,168.0,,,,,,,,,,315.0,,,0.2235,57.854,5679.0
2021-03-19,168.0,6.34,10.651,2.41,2.27,2.34,0.93,63.09,3.931,168.0,315.0,17069.0,,0.5934,69.715,5486.4
2021-03-20,168.0,,,,,,,,,,260.0,,,0.3748,67.8,5446.5
2021-03-21,168.0,,,,,,,,,,338.0,,,,66.429,5517.9
2021-03-22,168.0,,,,,,,,,,339.0,,,0.327,63.172,5487.0
2021-03-23,165.0,,,,,,,,,,299.0,,,0.2799,57.547,
2021-03-24,160.0,,,,,,,,,,339.0,,,0.1705,47.719,
2021-03-25,160.0,6.85,10.96,2.6,2.66,2.63,1.06,61.61,4.208,160.0,338.0,16848.0,4911.0,0.3261,48.984,5390.4
2021-03-26,160.0,6.57,10.512,2.58,2.62,2.6,1.03,60.43,4.16,160.0,339.0,16912.0,,0.079,38.683,5285.8
2021-03-27,160.0,,,,,,,,,,240.0,,,0.4934,50.093,5391.1
2021-03-28,160.0,,,,,,,,,,339.0,,,,58.27,5445.0
2021-03-29,160.0,6.52,10.432,2.64,2.6,2.62,1.12,59.82,4.192,160.0,339.0,17154.0,4987.0,0.3824,59.096,5660.3
2021-03-30,164.0,,,,,,,,,,230.0,,,0.3155,58.071,5582.6
2021-03-31,168.0,6.65,11.172,2.68,2.51,2.595,1.015,60.98,4.359,168.0,331.0,17283.0,,0.0786,46.365,5822.6
2021-04-01,168.0,,,,,,,,,,362.0,,,0.2708,46.119,5414.0
2021-04-02,170.0,7.2,12.24,2.75,2.75,2.75,1.135,61.81,4.674,170.0,363.0,17064.0,,0.3662,51.087,5501.6
2021-04-03,172.0,,,,,,,,,,313.0,,,0.4649,59.702,5638.0
2021-04-04,172.0,,,,,,,,,,304.0,,,,65.444,5578.0
2021-04-05,175.0,6.61,11.568,2.48,2.42,2.45,0.92,62.93,4.288,175.0,298.0,17458.0,4693.0,0.1435,54.829,5592.7
2021-04-06,180.0,6.85,12.33,2.66,2.42,2.54,1.085,62.92,4.572,180.0,267.0,17118.0,4863.0,0.3803,59.815,6034.9
2021-04-07,184.0,6.67,12.273,2.52,2.69,2.605,1.155,60.94,4.794,184.0,319.0,17261.0,4765.0,0.4131,65.357,6280.6
2021-04-08,180.0,6.65,11.97,2.6,2.66,2.63,1.06,60.45,4.734,180.0,308.0,17490.0,,0.399,66.17,6305.0
2021-04-09,184.0,6.81,12.53,2.62,2.62,2.62,1.095,61.53,4.82,184.0,280.0,17525.0,,0.1129,54.357,6441.6
2021-04-10,184.0,,,,,,,,,,299.0,,,0.4951,64.771,6538.3
2021-04-11,184.0,,,,,,,,,,362.0,,,1.0,98.569,6725.8
2021-04-12,184.0,6.79,12.494,2.61,2.57,2.59,1.1,61.86,4.765,184.0,219.0,17296.0,4661.0,0.3335,88.024,6628.0
2021-04-13,184.0,6.85,12.604,2.68,2.77,2.725,1.205,60.22,5.014,184.0,328.0,17146.0,,0.4146,84.696,6573.0
2021-04-14,184.0,6.88,12.659,2.47,2.53,2.5,1.035,63.66,4.6,184.0,197.0,17224.0,,0.2604,74.268,6563.5
2021-04-15,184.0,6.81,12.53,2.53,2.58,2.555,1.055,62.48,4.701,184.0,311.0,17371.0,,0.4173,74.98,6695.4
2021-04-16,184.0,6.69,12.31,2.59,2.61,2.6,1.095,61.14,4.784,184.0,307.0,14516.0,,0.3336,71.125,6842.1
2021-04-17,184.0,,,,,,,,,,314.0,,,0.3939,71.506,6987.6
2021-04-18,184.0,,,,,,,,,,233.0,,,1.0,103.394,7074.4
2021-04-19,184.0,6.99,12.862,2.7,2.42,2.56,1.275,63.38,4.71,184.0,280.0,17135.0,5209.0,0.1558,82.211,6933.1
2021-04-20,184.0,7.21,13.266,2.62,2.6,2.61,1.07,63.8,4.802,184.0,255.0,17305.0,5481.0,0.1945,69.053,6678.9
2021-04-21,184.0,7.24,13.322,2.73,2.67,2.7,1.255,62.71,4.968,184.0,354.0,17424.0,,0.6552,83.654,6437.5
2021-04-22,184.0,7.16,13.174,2.57,2.61,2.59,1.13,63.83,4.765,184.0,321.0,17269.0,,0.3178,76.519,6427.0
2021-04-23,184.0,7.05,12.972,2.61,2.62,2.615,1.14,62.91,4.811,184.0,281.0,17371.0,,0.0884,59.438,6418.8
2021-04-24,184.0,,,,,,,,,,301.0,,,0.3122,58.874,6437.8
2021-04-25,184.0,,,,,,,,,,338.0,,,,58.469,6341.3
2021-04-26,184.0,6.85,12.604,2.7,2.74,2.72,1.09,60.29,5.005,184.0,258.0,17569.0,5512.0,0.4283,64.235,6156.8
2021-04-27,184.0,6.75,12.42,2.67,2.7,2.685,1.095,60.22,4.941,184.0,250.0,17723.0,,0.3508,64.326,5976.9
2021-04-28,184.0,6.88,12.659,2.79,2.69,2.74,1.3,60.17,5.042,184.0,161.0,17695.0,,0.1135,52.013,5983.4
2021-04-29,184.0,6.91,12.714,2.75,2.71,2.73,1.2,60.49,5.023,184.0,346.0,17718.0,,0.3494,55.494,6006.2
2021-04-30,184.0,6.79,12.494,2.68,2.64,2.66,1.145,60.82,4.895,184.0,264.0,17649.0,,0.3638,58.74,5990.2
2021-05-01,115.0,,,,,,,,,,434.0,,,0.3824,38.772,4136.1
2021-05-02,172.0,,,,,,,,,,186.0,,,,60.196,5071.0
2021-05-03,178.0,,,,,,,,,,353.0,,,0.3085,60.204,5467.8
2021-05-04,184.0,6.65,12.236,2.98,3.12,3.05,1.29,54.14,5.611,184.0,235.0,16351.0,,0.3967,65.282,5683.8
2021-05-05,190.0,6.45,12.255,2.78,2.83,2.805,1.215,56.51,5.33,190.0,339.0,16843.0,4896.0,0.3761,68.557,5971.6
2021-05-06,194.0,6.59,12.785,2.94,2.71,2.825,1.34,57.13,5.481,194.0,329.0,17312.0,,0.576,81.833,6055.3
2021-05-07,198.0,6.71,13.286,2.8,2.78,2.79,1.255,58.42,5.524,198.0,339.0,17596.0,,0.2967,76.497,6234.4
2021-05-08,198.0,,,,,,,,,,238.0,,,0.3738,75.79,6292.2
2021-05-09,198.0,,,,,,,,,,334.0,,,,75.283,6075.7
2021-05-10,196.0,6.1,11.956,2.96,2.79,2.875,1.295,52.87,5.635,196.0,321.0,17750.0,5736.0,0.3769,74.337,6122.3
2021-05-11,194.0,6.22,12.067,2.92,2.81,2.865,1.265,53.94,5.558,194.0,312.0,17619.0,,0.5695,84.041,6181.9
2021-05-12,192.0,,,,,,,,,,357.0,,,0.2339,72.328,6227.1
2021-05-13,188.0,6.43,12.088,2.86,2.76,2.81,1.235,56.3,5.282,188.0,275.0,17472.0,5632.0,0.3091,67.216,6193.5
2021-05-14,184.0,6.57,12.089,2.79,2.71,2.75,1.21,58.14,5.06,184.0,336.0,17637.0,,0.511,73.788,6093.2
2021-05-15,180.0,,,,,,,,,,336.0,,,0.451,74.733,5806.1
2021-05-16,176.0,,,,,,,,,,335.0,,,1.0,102.249,5464.8
2021-05-17,172.0,6.48,11.146,2.72,2.75,2.735,1.175,57.79,4.705,172.0,339.0,17869.0,5547.0,0.1895,80.838,5308.7
2021-05-18,168.0,6.54,10.987,2.78,2.72,2.75,1.18,57.95,4.62,168.0,267.0,17762.0,,0.4285,76.983,5506.8
2021-05-19,168.0,,,,,,,,,,216.0,,,0.5089,79.398,5446.7
2021-05-20,168.0,6.5,10.92,2.88,2.74,2.81,1.105,56.77,4.721,168.0,235.0,17815.0,,0.4495,78.298,5335.7
2021-05-21,168.0,6.41,10.769,2.82,2.76,2.79,1.13,56.47,4.688,168.0,311.0,17852.0,,0.0,56.103,5411.6
2021-05-22,168.0,,,,,,,,,,331.0,,,0.5514,66.457,5374.0
2021-05-23,168.0,,,,,,,,,,339.0,,,,73.876,5058.0
2021-05-24,168.0,6.69,11.239,2.82,2.78,2.8,1.165,58.15,4.704,168.0,391.0,17964.0,5583.0,0.4159,72.74,5375.4
2021-05-25,168.0,6.73,11.306,2.79,2.71,2.75,1.115,59.14,4.62,168.0,308.0,17827.0,,0.4613,74.088,5304.9
2021-05-26,168.0,6.62,11.122,2.84,2.75,2.795,1.155,57.78,4.696,168.0,225.0,17763.0,,0.1246,59.02,5332.7
2021-05-27,168.0,6.35,10.668,2.74,2.89,2.815,1.165,55.67,4.729,168.0,300.0,17792.0,,0.4153,62.065,5364.6
2021-05-28,168.0,6.43,10.802,2.68,2.75,2.715,1.195,57.78,4.561,168.0,315.0,17885.0,,0.216,54.758,5227.0
2021-05-29,168.0,,,,,,,,,,315.0,,,0.6677,71.032,5066.1
2021-05-30,168.0,,,,,,,,,,333.0,,,,82.693,4795.0
2021-05-31,168.0,,,,,,,,,,339.0,,,0.1836,67.995,4728.9
2021-06-01,168.0,5.7,9.576,2.6,2.87,2.735,1.025,52.02,4.595,168.0,338.0,17625.0,5329.0,0.3062,63.301,4845.7
2021-06-02,168.0,5.62,9.442,2.59,2.78,2.685,1.02,52.22,4.511,168.0,323.0,17724.0,,0.6597,76.772,4745.8
2021-06-03,168.0,5.68,9.542,2.58,2.73,2.655,1.04,53.26,4.46,168.0,377.0,17811.0,,0.3821,73.208,4394.4
2021-06-04,168.0,5.51,9.257,2.61,2.81,2.71,1.035,50.82,4.553,168.0,388.0,17724.0,,0.1027,57.349,4410.7
2021-06-05,182.0,,,,,,,,,,399.0,,,0.3632,63.254,4580.6
2021-06-06,168.0,,,,,,,,,,339.0,,,,59.133,4230.2
2021-06-07,172.0,4.58,7.878,2.75,2.72,2.735,1.27,40.28,4.705,172.0,248.0,17439.0,4738.0,0.4056,63.153,4542.6
2021-06-08,176.0,4.63,8.149,2.69,2.75,2.72,1.19,41.25,4.788,176.0,315.0,17620.0,,0.4196,67.239,5046.6
2021-06-09,180.0,4.6,8.28,2.81,2.91,2.86,1.24,37.83,5.148,180.0,273.0,17716.0,,0.4099,70.186,5281.7
2021-06-10,184.0,,,,,,,,,,196.0,,,0.4221,73.425,5526.0
2021-06-11,188.0,,,,,,,,,,242.0,,,0.3612,73.004,5725.4
2021-06-12,188.0,,,,,,,,,,243.0,,,0.4256,74.988,5887.0
2021-06-13,192.0,,,,,,,,,,291.0,,,,78.036,
2021-06-14,192.0,5.13,9.85,2.9,2.94,2.92,1.255,43.08,5.607,192.0,316.0,17938.0,5249.0,0.5851,87.758,6119.0
2021-06-15,192.0,5.37,10.31,2.86,2.92,2.89,1.21,46.18,5.549,192.0,321.0,18027.0,,0.3581,82.371,6199.7
2021-06-16,196.0,,,,,,,,,,360.0,,,0.38,81.366,6660.0
2021-06-17,196.0,,,,,,,,,,395.0,,,0.2784,73.772,7174.2
2021-06-18,200.0,,,,,,,,,,332.0,,,0.0928,59.197,7584.7
2021-06-19,200.0,,,,,,,,,,281.0,,,0.4133,65.85,
2021-06-20,200.0,,,,,,,,,,349.0,,,,70.617,
2021-06-21,200.0,,,,,,,,,,335.0,,,0.3565,70.811,
2021-06-22,200.0,7.2,14.4,2.89,3.16,3.025,1.35,57.99,6.049,200.0,282.0,18260.0,4387.0,0.3623,71.279,6608.4
2021-06-23,200.0,6.86,13.72,2.54,2.79,2.665,1.165,61.15,5.33,200.0,302.0,18415.0,,0.3365,70.151,6612.5
2021-06-24,200.0,6.69,13.38,2.61,2.87,2.74,1.145,59.04,5.48,200.0,271.0,18158.0,,0.3734,71.433,6359.5
2021-06-25,196.0,6.45,12.642,2.67,2.54,2.605,1.115,59.61,5.106,196.0,333.0,18372.0,,0.3324,68.63,5992.9
2021-06-26,192.0,,,,,,,,,,246.0,,,0.0,48.172,5397.1
2021-06-27,192.0,,,,,,,,,,364.0,,,1.0,88.943,5347.5
2021-06-28,192.0,5.62,10.79,2.57,2.64,2.605,1.08,53.65,5.001,192.0,246.0,18517.0,4592.0,0.238,76.682,5260.7
2021-06-29,192.0,5.84,11.213,2.62,2.71,2.665,1.07,54.37,5.116,192.0,238.0,18354.0,,0.4129,77.418,5062.7
2021-06-30,192.0,5.49,10.541,2.63,2.74,2.685,1.085,51.09,5.156,192.0,306.0,18295.0,,0.3766,75.969,4969.9
2021-07-01,196.0,4.55,8.918,2.83,2.76,2.795,1.31,38.57,5.478,196.0,363.0,18162.0,,0.1072,61.526,5038.1
2021-07-02,208.0,5.27,10.962,2.65,2.76,2.705,1.12,48.67,5.627,208.0,278.0,18127.0,,0.2416,61.031,5336.0
2021-07-03,216.0,,,,,,,,,,381.0,,,0.4664,73.969,5672.2
2021-07-04,216.0,,,,,,,,,,363.0,,,1.0,114.231,5463.6
2021-07-05,216.0,4.62,9.979,2.9,2.95,2.925,1.205,36.69,6.318,216.0,347.0,17965.0,6244.0,0.3929,105.907,5330.7
2021-07-06,216.0,4.76,10.282,2.85,2.91,2.88,1.165,39.5,6.221,216.0,374.0,18142.0,,0.2532,91.392,5381.3
2021-07-07,219.0,4.58,10.03,2.84,2.89,2.865,1.145,37.45,6.274,219.0,386.0,18352.0,,0.0916,72.083,5539.3
2021-07-08,224.0,4.27,9.565,2.89,2.78,2.835,1.145,33.61,6.35,224.0,411.0,18217.0,,0.3098,72.499,6066.7
2021-07-09,228.0,4.84,11.035,2.91,2.92,2.915,1.175,39.77,6.646,228.0,437.0,18055.0,,0.4213,80.105,6821.5
2021-07-10,206.0,,,,,,,,,,402.0,,,0.2635,67.246,6939.7
2021-07-11,232.0,,,,,,,,,,394.0,,,1.0,120.03,7512.9
2021-07-12,232.0,5.15,11.948,2.86,2.95,2.905,1.17,43.59,6.74,232.0,362.0,18164.0,5849.0,0.1835,98.071,7700.2
2021-07-13,232.0,6.46,14.987,3.05,3.02,3.035,1.24,53.02,7.041,232.0,341.0,17940.0,,0.2975,89.838,7909.4
2021-07-14,232.0,5.78,13.41,3.24,2.9,3.07,1.415,46.89,7.122,232.0,339.0,17860.0,,0.4612,94.705,7830.6
2021-07-15,232.0,5.42,12.574,3.09,2.9,2.995,1.32,44.74,6.948,232.0,343.0,17956.0,,0.3024,87.744,7764.6
2021-07-16,232.0,5.16,11.971,3.07,2.93,3.0,1.275,41.86,6.96,232.0,364.0,18072.0,,0.0,62.871,7898.3
2021-07-17,232.0,,,,,,,,,,503.0,,,0.4609,75.357,8088.1
2021-07-18,232.0,,,,,,,,,,380.0,,,1.0,119.761,7843.2
2021-07-19,232.0,5.09,11.809,2.92,3.17,3.045,1.41,40.18,7.064,232.0,362.0,18260.0,5740.0,0.1436,95.256,7422.2
2021-07-20,232.0,4.9,11.368,3.21,3.19,3.2,1.495,34.69,7.424,232.0,369.0,18016.0,,0.196,81.142,7336.1
2021-07-21,236.0,5.12,12.083,3.15,3.14,3.145,1.42,38.57,7.423,236.0,366.0,18530.0,,0.2263,74.281,7558.4
2021-07-22,236.0,4.8,11.328,3.16,3.06,3.11,1.485,35.21,7.339,236.0,394.0,18420.0,,0.2366,69.053,7767.3
2021-07-23,232.0,4.86,11.275,3.18,3.11,3.145,1.44,35.29,7.296,232.0,464.0,18696.0,,0.3927,74.466,7845.8
2021-07-24,232.0,,,,,,,,,,438.0,,,0.3516,76.478,7953.4
2021-07-25,227.0,,,,,,,,,,464.0,,,0.0,53.618,7986.0
2021-07-26,223.0,5.21,11.618,2.87,2.74,2.805,1.06,46.16,6.255,223.0,439.0,18305.0,5543.0,0.1349,46.27,8050.6
2021-07-27,218.0,5.46,11.903,3.05,2.95,3.0,1.21,45.05,6.541,218.0,379.0,18472.0,,0.2795,49.681,8233.5
2021-07-28,224.0,5.68,12.723,3.14,3.08,3.11,1.37,45.25,6.966,224.0,429.0,18275.0,,0.3613,59.519,8521.0
2021-07-29,224.0,,,,,,,,,,441.0,,,0.2467,58.314,8596.5
2021-07-30,224.0,,,,,,,,,,481.0,,,0.2625,58.453,8856.5
2021-07-31,224.0,,,,,,,,,,430.0,,,0.3559,64.482,8863.7
2021-08-01,224.0,,,,,,,,,,442.0,,,0.6189,85.499,
2021-08-02,220.0,7.44,16.368,2.91,2.85,2.88,1.165,61.29,6.336,220.0,399.0,17890.0,5739.0,0.2657,76.739,8272.4
2021-08-03,216.0,6.85,14.796,2.98,2.91,2.945,1.18,57.01,6.361,216.0,429.0,17724.0,,0.2823,71.271,7981.5
2021-08-04,216.0,6.58,14.213,2.96,2.98,2.97,1.185,54.86,6.416,216.0,466.0,17938.0,,0.2756,67.942,7934.4
2021-08-05,216.0,7.5,16.2,3.05,2.86,2.955,1.265,60.6,6.383,216.0,404.0,17769.0,,0.2766,65.617,7898.1
2021-08-06,216.0,7.28,15.725,2.8,2.73,2.765,1.06,62.02,5.972,216.0,409.0,17625.0,,0.2567,62.735,7969.7
2021-08-07,216.0,,,,,,,,,,416.0,,,0.3517,66.483,8076.1
2021-08-08,216.0,,,,,,,,,,459.0,,,0.0,47.637,7949.6
2021-08-09,216.0,7.33,15.833,3.01,2.85,2.93,1.13,60.03,6.328,216.0,406.0,17389.0,5334.0,0.1375,42.553,7950.7
2021-08-10,216.0,7.41,16.006,3.06,2.96,3.01,1.195,59.38,6.502,216.0,363.0,17461.0,,0.3055,49.197,7960.5
2021-08-11,216.0,7.38,15.941,2.84,2.87,2.855,1.06,61.31,6.168,216.0,431.0,17829.0,,0.3588,57.218,7967.2
2021-08-12,216.0,7.24,15.638,2.91,2.94,2.925,1.14,59.6,6.318,216.0,485.0,18039.0,,0.3003,59.383,7997.6
2021-08-13,216.0,7.17,15.487,2.95,2.89,2.92,1.06,59.27,6.308,216.0,444.0,18264.0,,0.1606,52.384,8034.3
2021-08-14,216.0,,,,,,,,,,427.0,,,0.3703,60.21,7923.0
2021-08-15,216.0,,,,,,,,,,379.0,,,0.0,43.142,7632.3
2021-08-16,216.0,,,,,,,,,,443.0,,,0.3125,50.047,7658.6
2021-08-17,216.0,6.41,13.846,2.73,2.61,2.67,1.08,58.35,5.767,216.0,477.0,18069.0,5415.0,0.3111,54.907,7753.2
2021-08-18,216.0,6.27,13.543,2.78,2.71,2.745,1.095,56.22,5.929,216.0,399.0,17835.0,,0.0833,44.443,7773.6
2021-08-19,216.0,6.15,13.284,2.82,2.75,2.785,1.145,54.72,6.015,216.0,377.0,18160.0,,0.3341,52.305,7749.5
2021-08-20,216.0,5.94,12.83,2.73,2.65,2.69,1.085,54.71,5.811,216.0,460.0,17869.0,,0.3319,57.799,7765.5
2021-08-21,205.0,,,,,,,,,,444.0,,,0.2632,54.598,7531.8
2021-08-22,216.0,,,,,,,,,,416.0,,,0.6223,79.325,7523.0
2021-08-23,208.0,5.45,11.336,2.78,2.84,2.81,1.285,48.44,5.845,208.0,376.0,18044.0,5384.0,0.2768,71.057,7509.9
2021-08-24,200.0,5.62,11.24,2.72,2.8,2.76,1.21,50.89,5.52,200.0,422.0,17692.0,,0.34,68.23,7230.5
2021-08-25,192.0,5.49,10.541,2.71,2.77,2.74,1.17,50.09,5.261,192.0,288.0,17843.0,,0.498,74.038,6790.9
2021-08-26,192.0,,,,,,,,,,361.0,,,0.4687,78.557,6393.8
2021-08-27,192.0,,,,,,,,,,356.0,,,0.139,63.854,6101.7
2021-08-28,192.0,,,,,,,,,,320.0,,,0.4568,70.616,5785.7
2021-08-29,192.0,,,,,,,,,,358.0,,,1.0,105.025,
2021-08-30,192.0,4.57,8.774,2.85,2.87,2.86,1.2,37.42,5.491,192.0,370.0,18165.0,4813.0,0.4497,99.726,5717.1
2021-08-31,192.0,4.72,9.062,2.79,2.84,2.815,1.195,40.36,5.405,192.0,422.0,18038.0,,0.174,80.927,5661.1
2021-09-01,192.0,4.87,9.35,2.81,2.79,2.8,1.18,42.51,5.375,192.0,319.0,18134.0,,0.184,68.001,5672.3
2021-09-02,192.0,4.65,8.928,2.87,2.76,2.815,1.125,39.46,5.405,192.0,389.0,18084.0,,0.3082,65.499,5525.2
2021-09-03,192.0,4.73,9.082,2.84,2.79,2.815,1.135,40.49,5.405,192.0,373.0,18115.0,,0.5573,77.264,5687.6
2021-09-04,192.0,,,,,,,,,,355.0,,,0.4378,79.189,5770.4
2021-09-05,192.0,,,,,,,,,,382.0,,,0.0,56.742,5231.4
2021-09-06,192.0,5.25,10.08,2.8,2.79,2.795,1.16,46.76,5.367,192.0,346.0,17769.0,4987.0,0.1447,48.532,5982.1
2021-09-07,192.0,5.42,10.406,2.79,2.74,2.765,1.13,48.99,5.308,192.0,390.0,17942.0,,0.2826,50.157,6380.5
2021-09-08,192.0,6.47,12.422,2.69,2.78,2.735,1.065,57.73,5.251,192.0,375.0,17738.0,,0.462,61.085,6693.8
2021-09-09,192.0,6.21,11.923,2.71,2.73,2.72,1.13,56.2,5.222,192.0,383.0,17645.0,,0.3924,65.125,7075.3
2021-09-10,192.0,6.62,12.71,2.76,2.79,2.775,1.16,58.08,5.328,192.0,393.0,17731.0,,0.1606,55.405,7974.5
2021-09-11,192.0,,,,,,,,,,387.0,,,0.3702,59.846,8049.1
2021-09-12,192.0,,,,,,,,,,338.0,,,0.0,42.882,7917.7
2021-09-13,192.0,,,,,,,,,,389.0,,,0.3558,50.093,7887.8
2021-09-14,192.0,7.66,14.707,2.74,2.79,2.765,1.055,63.9,5.309,192.0,419.0,17425.0,5116.0,0.3313,53.926,7706.5
2021-09-15,192.0,7.44,14.285,2.81,2.84,2.825,1.12,62.03,5.424,192.0,371.0,17459.0,,0.263,52.955,7649.6
2021-09-16,192.0,7.99,15.341,2.81,2.78,2.795,1.105,65.02,5.366,192.0,362.0,17279.0,,0.276,52.966,7586.8
2021-09-17,192.0,7.65,14.688,2.79,2.81,2.8,1.1,63.4,5.376,192.0,433.0,17340.0,,0.3046,54.531,7670.4
2021-09-18,192.0,,,,,,,,,,383.0,,,0.2693,53.728,7583.7
2021-09-19,192.0,,,,,,,,,,375.0,,,,53.152,7649.2
2021-09-20,192.0,,,,,,,,,,451.0,,,0.249,51.635,7565.5
2021-09-21,192.0,,,,,,,,,,384.0,,,,50.548,
2021-09-22,192.0,,,,,,,,,,446.0,,,0.7688,78.061,
2021-09-23,192.0,7.35,14.112,2.77,2.9,2.835,1.275,61.43,5.443,192.0,341.0,17690.0,5324.0,0.2419,69.1,7012.4
2021-09-24,192.0,7.49,14.381,2.81,2.92,2.865,1.24,61.75,5.501,192.0,455.0,17384.0,,0.2157,61.25,6952.0
2021-09-25,192.0,,,,,,,,,,450.0,,,0.3585,63.4,7057.5
2021-09-26,192.0,,,,,,,,,,431.0,,,0.0,45.428,7075.6
2021-09-27,192.0,7.72,14.822,2.79,2.72,2.755,1.18,64.31,5.29,192.0,433.0,17416.0,4937.0,0.2537,46.357,7419.2
2021-09-28,192.0,7.48,14.362,2.76,2.81,2.785,1.2,62.77,5.347,192.0,378.0,17825.0,,0.2711,47.973,7520.2
2021-09-29,192.0,7.29,13.997,2.8,2.84,2.82,1.225,61.32,5.414,192.0,398.0,17619.0,,0.0,34.374,7591.0
2021-09-30,192.0,7.08,13.594,2.74,2.82,2.78,1.175,60.73,5.338,192.0,468.0,17662.0,,0.281,39.925,7537.3
2021-10-01,192.0,,,,,,,,,,376.0,,,0.5053,56.106,7541.0
2021-10-02,192.0,,,,,,,,,,437.0,,,0.3398,58.698,7412.7
2021-10-03,192.0,,,,,,,,,,403.0,,,,60.555,7245.2
2021-10-04,192.0,6.78,13.018,2.82,2.81,2.815,1.175,58.48,5.405,192.0,318.0,17825.0,5238.0,0.3324,61.482,7314.8
2021-10-05,192.0,6.75,12.96,2.89,2.81,2.85,1.075,57.78,5.472,192.0,377.0,17739.0,,0.3374,62.418,7220.0
2021-10-06,200.0,6.91,13.82,2.87,2.84,2.855,1.1,58.68,5.71,200.0,397.0,17651.0,,0.2908,63.074,7366.3
2021-10-07,200.0,6.68,13.36,2.94,2.89,2.915,1.13,56.36,5.83,200.0,399.0,17762.0,,0.302,62.318,7548.3
2021-10-08,200.0,6.77,13.54,2.91,2.87,2.89,1.145,57.31,5.78,200.0,418.0,17549.0,,0.0,44.653,7546.0
2021-10-09,200.0,,,,,,,,,,384.0,,,0.3615,52.488,7535.6
2021-10-10,200.0,,,,,,,,,,403.0,,,0.0,37.609,7414.3
2021-10-11,200.0,,,,,,,,,,452.0,,,0.3851,48.779,7421.7
2021-10-12,200.0,5.91,11.82,2.85,,2.85,1.265,51.78,5.7,200.0,448.0,17244.0,5216.0,0.3662,55.715,7422.2
2021-10-13,205.0,5.84,11.972,2.86,2.68,2.77,1.125,52.57,5.678,205.0,430.0,17421.0,,0.236,54.636,7494.2
2021-10-14,210.0,5.56,11.676,2.9,2.86,2.88,1.17,48.2,6.048,210.0,442.0,17562.0,,0.305,58.257,7618.9
2021-10-15,210.0,6.12,12.852,3.06,2.96,3.01,1.21,50.82,6.321,210.0,471.0,17405.0,,0.3956,65.294,7617.0
2021-10-16,212.0,,,,,,,,,,495.0,,,0.4008,71.315,7575.6
2021-10-17,212.0,,,,,,,,,,447.0,,,0.0,51.1,7627.7
2021-10-18,214.0,5.92,12.669,2.86,2.6,2.73,1.175,53.89,5.842,214.0,496.0,17238.0,5038.0,0.1508,46.107,7841.2
2021-10-19,214.0,5.79,12.391,3.03,3.19,3.11,1.2,46.29,6.655,214.0,393.0,17162.0,,0.2851,50.332,8101.9
2021-10-20,216.0,6.27,13.543,2.84,2.55,2.695,1.135,57.02,5.821,216.0,463.0,17075.0,4727.0,0.3935,60.498,8160.4
2021-10-21,216.0,6.22,13.435,2.72,2.83,2.775,1.16,55.39,5.993,216.0,450.0,16834.0,,0.3383,64.061,8269.7
2021-10-22,220.0,6.28,13.816,2.81,2.75,2.78,1.155,55.73,6.116,220.0,486.0,16972.0,,0.0988,52.914,8245.1
2021-10-23,220.0,,,,,,,,,,481.0,,,0.3355,58.839,8206.8
2021-10-24,220.0,,,,,,,,,,428.0,,,0.0,42.16,8332.0
2021-10-25,220.0,6.71,14.762,3.02,2.97,2.995,1.215,55.37,6.588,220.0,442.0,17205.0,4836.0,0.3826,54.071,8444.4
2021-10-26,220.0,6.65,14.63,3.06,3.0,3.03,1.21,54.44,6.665,220.0,479.0,17042.0,,0.3805,62.475,8551.1
2021-10-27,240.0,6.6,15.84,3.0,3.07,3.035,1.265,54.02,7.283,240.0,425.0,16860.0,,0.0,48.835,8549.0
2021-10-28,220.0,6.7,14.74,2.81,2.72,2.765,0.985,58.73,6.083,220.0,452.0,17135.0,,0.3064,51.181,8582.5
2021-10-29,220.0,6.58,14.476,2.91,2.81,2.86,1.085,56.53,6.293,220.0,521.0,17082.0,,0.3051,55.698,8566.5
2021-10-30,220.0,,,,,,,,,,429.0,,,0.3082,59.127,8512.1
2021-10-31,220.0,,,,,,,,,,509.0,,,0.0,42.366,8406.9
2021-11-01,218.0,,,,,,,,,,444.0,,,0.3066,49.025,8385.5
2021-11-02,216.0,7.09,15.314,2.81,2.88,2.845,1.35,59.87,6.146,216.0,446.0,16694.0,5221.0,0.3097,53.77,8435.8
2021-11-03,210.0,,,,,,,,,,433.0,,,0.4596,64.814,8312.8
2021-11-04,187.0,7.3,13.651,2.9,3.05,2.975,1.325,59.25,5.563,187.0,292.0,16971.0,,0.2798,56.188,8491.3
2021-11-05,162.0,7.19,11.648,2.87,2.98,2.925,1.27,59.32,4.738,162.0,355.0,17175.0,,0.0,34.878,6121.0
2021-11-06,168.0,,,,,,,,,,284.0,,,0.5658,52.859,6573.3
2021-11-07,180.0,,,,,,,,,,471.0,,,0.0,40.581,6573.9
2021-11-08,192.0,7.14,13.709,2.88,2.91,2.895,1.225,59.45,5.559,192.0,551.0,16848.0,,0.2702,45.721,7306.2
2021-11-09,192.0,6.81,13.075,2.72,2.85,2.785,1.3,59.1,5.348,192.0,649.0,16952.0,,0.2795,47.973,7438.8
2021-11-10,196.0,,,,,,,,,,424.0,,,0.2084,46.668,7497.6
2021-11-11,200.0,6.84,13.68,2.91,2.72,2.815,1.265,58.85,5.629,200.0,397.0,16715.0,,0.3124,51.831,7605.8
2021-11-12,200.0,6.63,13.26,2.79,2.62,2.705,1.09,59.2,5.41,200.0,468.0,16385.0,,0.3986,59.738,7578.5
2021-11-13,204.0,,,,,,,,,,371.0,,,0.4101,67.378,7723.0
2021-11-14,204.0,,,,,,,,,,466.0,,,0.0,48.278,7904.9
2021-11-15,204.0,7.38,15.055,2.8,2.86,2.83,1.165,61.65,5.774,204.0,399.0,16542.0,,0.1401,42.694,8051.1
2021-11-16,204.0,,,,,,,,,,410.0,,,0.3392,50.206,7887.4
2021-11-17,204.0,6.92,14.117,2.84,2.96,2.9,1.25,58.09,5.916,204.0,502.0,16219.0,,0.3915,58.614,7981.3
2021-11-18,204.0,6.84,13.954,2.79,2.79,2.79,1.255,59.21,5.692,204.0,502.0,16134.0,,0.4313,66.94,7891.7
2021-11-19,204.0,6.76,13.79,2.82,2.75,2.785,1.2,58.8,5.681,204.0,413.0,16471.0,,0.0794,52.554,7783.0
2021-11-20,204.0,,,,,,,,,,428.0,,,0.3664,58.842,7744.0
2021-11-21,204.0,,,,,,,,,,477.0,,,0.0,42.162,7859.8
2021-11-22,204.0,6.81,13.892,2.72,2.7,2.71,1.03,60.21,5.528,204.0,434.0,16118.0,4708.0,0.3985,53.255,7840.7
2021-11-23,210.0,,,,,,,,,,420.0,,,0.2576,54.614,7837.0
2021-11-24,216.0,6.92,14.947,2.7,2.85,2.775,1.065,59.9,5.994,216.0,425.0,16582.0,,0.0,40.251,8260.7
2021-11-25,216.0,7.14,15.422,2.83,2.7,2.765,1.13,61.27,5.973,216.0,330.0,16772.0,,0.3059,47.569,8292.0
2021-11-26,216.0,6.83,14.753,2.79,2.71,2.75,1.13,59.74,5.94,216.0,438.0,17025.0,,0.3067,52.863,8215.5
2021-11-27,220.0,,,,,,,,,,369.0,,,0.3607,61.073,8509.8
2021-11-28,220.0,,,,,,,,,,354.0,,,,66.253,8377.9
2021-11-29,224.0,7.21,16.15,2.66,2.77,2.715,1.03,62.34,6.082,224.0,410.0,16944.0,,0.3499,70.553,8506.0
2021-11-30,224.0,7.07,15.837,2.79,2.69,2.74,1.115,61.24,6.138,224.0,383.0,17165.0,,0.3331,71.704,8646.9
2021-12-01,224.0,7.03,15.747,2.57,2.68,2.625,1.12,62.66,5.88,224.0,416.0,17405.0,,0.3688,74.795,8491.3
2021-12-02,224.0,7.01,15.702,2.68,2.8,2.74,1.065,60.91,6.138,224.0,469.0,17065.0,,0.1633,63.959,8375.1
2021-12-03,224.0,6.95,15.568,2.72,2.78,2.75,1.08,60.43,6.16,224.0,427.0,17208.0,,0.1543,55.625,8494.7
2021-12-04,228.0,,,,,,,,,,442.0,,,0.4617,70.409,8627.9
2021-12-05,228.0,,,,,,,,,,432.0,,,0.0,50.45,8632.8
2021-12-06,228.0,7.29,16.621,2.73,2.73,2.73,1.155,62.55,6.225,228.0,419.0,16836.0,5037.0,0.2723,53.749,8662.2
2021-12-07,228.0,7.16,16.325,2.76,2.76,2.76,1.11,61.45,6.293,228.0,367.0,17180.0,,0.2797,56.589,8647.1
2021-12-08,228.0,,,,,,,,,,425.0,,,0.0,40.548,8747.2
2021-12-09,228.0,7.6,17.328,2.86,2.81,2.835,1.055,62.7,6.463,228.0,395.0,16745.0,,0.399,54.84,9074.8
2021-12-10,228.0,7.61,17.351,2.69,2.83,2.76,1.2,63.73,6.293,228.0,454.0,16593.0,,0.5084,72.153,9166.0
2021-12-11,228.0,,,,,,,,,,369.0,,,0.2559,68.238,9188.4
2021-12-12,224.0,,,,,,,,,,401.0,,,,64.285,9150.5
2021-12-13,224.0,7.54,16.89,2.64,2.87,2.755,1.03,63.46,6.172,224.0,424.0,16372.0,5104.0,0.1404,54.98,9377.3
2021-12-14,220.0,7.91,17.402,2.7,2.86,2.78,1.11,64.85,6.117,220.0,385.0,16296.0,,0.3436,60.122,9480.9
2021-12-15,220.0,7.63,16.786,2.71,2.44,2.575,1.075,66.25,5.665,220.0,336.0,16508.0,,0.4629,71.948,9126.3
2021-12-16,220.0,,,,,,,,,,382.0,,,0.3921,76.006,8840.1
2021-12-17,220.0,7.6,16.72,2.67,2.87,2.77,1.14,63.55,6.094,220.0,408.0,16251.0,,0.0,54.46,8714.6
2021-12-18,220.0,,,,,,,,,,365.0,,,0.6002,76.45,8723.8
2021-12-19,220.0,,,,,,,,,,369.0,,,0.0794,59.728,8720.7
2021-12-20,220.0,7.44,16.368,2.8,3.06,2.93,1.095,60.62,6.446,220.0,398.0,16038.0,4477.0,0.1495,52.123,8283.7
2021-12-21,216.0,7.76,16.762,2.89,2.9,2.895,1.215,62.69,6.254,216.0,336.0,16351.0,,0.2915,54.518,8487.2
2021-12-22,216.0,8.03,17.345,2.65,2.86,2.755,1.03,65.69,5.951,216.0,307.0,16137.0,,0.4256,65.123,8665.7
2021-12-23,216.0,7.84,16.934,2.69,3.1,2.895,1.165,63.07,6.254,216.0,309.0,16388.0,,0.2526,62.132,8658.9
2021-12-24,216.0,,,,,,,,,,339.0,,,0.3186,64.029,8889.8
2021-12-25,216.0,,,,,,,,,,386.0,,,0.4682,74.544,8170.1
2021-12-26,216.0,,,,,,,,,,310.0,,,,82.079,7740.2
2021-12-27,204.0,7.13,14.545,2.71,2.66,2.685,1.495,62.34,5.478,204.0,387.0,16608.0,4416.0,0.4691,82.674,7745.6
2021-12-28,192.0,6.89,13.229,2.75,2.71,2.73,1.31,60.38,5.241,192.0,310.0,16749.0,,0.4883,82.328,7206.6
2021-12-29,184.0,7.03,12.935,2.73,2.69,2.71,1.165,61.45,4.986,184.0,316.0,16943.0,,0.2824,71.262,6779.5
2021-12-30,192.0,7.5,14.4,2.59,2.44,2.515,0.93,66.47,4.828,192.0,316.0,16728.0,,0.3983,74.958,7307.7
2021-12-31,192.0,,,,,,,,,,271.0,,,0.0,53.71,7651.2
2022-01-01,180.0,,,,,,,,,,315.0,,,0.4736,60.244,7420.9
2022-01-02,192.0,,,,,,,,,,252.0,,,,71.819,8333.6
2022-01-03,192.0,6.6,12.672,2.72,2.7,2.71,1.24,58.94,5.203,192.0,215.0,17301.0,4496.0,0.4185,74.238,7135.3
2022-01-04,192.0,7.54,14.477,2.72,2.85,2.785,1.07,63.06,5.348,192.0,289.0,17135.0,,0.3959,74.742,7174.4
2022-01-05,192.0,7.16,13.747,2.76,2.65,2.705,1.225,62.22,5.194,192.0,202.0,17039.0,,0.273,68.413,7170.0
2022-01-06,185.0,6.57,12.154,2.68,2.65,2.665,1.075,59.44,4.93,185.0,311.0,16899.0,,0.3649,66.369,6652.2
2022-01-07,176.0,6.15,10.824,2.71,2.68,2.695,1.15,56.18,4.743,176.0,315.0,17239.0,,0.3183,61.121,5711.9
2022-01-08,168.0,,,,,,,,,,266.0,,,0.3259,57.326,5080.8
2022-01-09,164.0,,,,,,,,,,383.0,,,,55.25,5193.3
2022-01-10,160.0,6.35,10.16,2.67,2.56,2.615,1.085,58.82,4.184,160.0,370.0,17516.0,,0.1461,45.248,5261.6
2022-01-11,160.0,6.33,10.128,2.66,2.75,2.705,1.11,57.27,4.328,160.0,270.0,17849.0,,0.3249,47.16,5325.9
2022-01-12,156.0,6.51,10.156,2.64,2.69,2.665,1.08,59.06,4.158,156.0,315.0,17635.0,,0.4563,53.123,5691.1
2022-01-13,152.0,6.5,9.88,2.71,2.91,2.81,1.15,56.77,4.271,152.0,314.0,17771.0,,0.2807,49.185,5543.2
2022-01-14,152.0,6.71,10.199,2.69,2.86,2.775,1.12,58.64,4.218,152.0,347.0,17819.0,,0.2618,46.524,6087.5
2022-01-15,152.0,,,,,,,,,,326.0,,,0.193,41.653,6167.8
2022-01-16,152.0,,,,,,,,,,361.0,,,,38.162,5869.5
2022-01-17,152.0,6.72,10.214,2.63,2.83,2.73,1.1,59.38,4.149,152.0,446.0,17765.0,,0.4392,46.269,5931.6
2022-01-18,152.0,7.43,11.294,2.64,2.68,2.66,1.09,64.2,4.043,152.0,357.0,17848.0,,0.411,50.863,6317.1
2022-01-19,152.0,7.11,10.807,2.63,2.59,2.61,1.015,63.29,3.967,152.0,406.0,17388.0,,0.0,36.445,5999.8
2022-01-20,152.0,7.11,10.807,2.61,2.63,2.62,1.14,63.15,3.982,152.0,312.0,17619.0,,0.278,38.09,5897.8
2022-01-21,148.0,7.28,10.774,2.64,2.71,2.675,1.125,63.26,3.958,148.0,309.0,17810.0,,0.4768,46.579,5279.2
2022-01-22,148.0,,,,,,,,,,307.0,,,0.2195,42.583,4702.4
2022-01-23,148.0,,,,,,,,,,316.0,,,,39.721,4253.5
2022-01-24,148.0,5.44,8.051,2.52,2.47,2.495,1.1,54.14,3.692,148.0,388.0,17949.0,,0.1748,35.796,4105.6
2022-01-25,156.0,5.41,8.44,2.56,2.53,2.545,1.13,52.96,3.97,156.0,320.0,18162.0,,0.2533,38.235,4140.7
2022-01-26,160.0,5.66,9.056,2.54,2.57,2.555,1.06,54.86,4.088,160.0,302.0,18319.0,,0.4035,46.401,4527.4
2022-01-27,160.0,,,,,,,,,,493.0,,,0.3644,49.773,4688.7
2022-01-28,160.0,,,,,,,,,,315.0,,,0.2818,48.443,4799.4
2022-01-29,160.0,,,,,,,,,,404.0,,,0.3237,49.394,4552.1
2022-01-30,160.0,,,,,,,,,,258.0,,,,50.075,
2022-01-31,164.0,,,,,,,,,,208.0,,,0.0,36.777,
2022-02-01,164.0,,,,,,,,,,215.0,,,,26.352,
2022-02-02,164.0,,,,,,,,,,198.0,,,0.0,18.882,
2022-02-03,164.0,6.24,10.234,2.66,2.75,2.705,1.065,56.65,4.436,164.0,271.0,17969.0,,0.2188,23.7,4774.8
2022-02-04,168.0,6.13,10.298,2.79,2.87,2.83,1.165,53.83,4.755,168.0,226.0,17825.0,,0.4758,40.055,4921.0
2022-02-05,172.0,,,,,,,,,,234.0,,,0.4462,51.137,5225.0
2022-02-06,176.0,,,,,,,,,,273.0,,,,59.752,5406.5
2022-02-07,180.0,6.56,11.808,2.52,2.62,2.57,0.91,60.82,4.626,180.0,208.0,18136.0,3947.0,0.1753,52.731,5639.8
2022-02-08,180.0,6.45,11.61,2.46,2.57,2.515,1.015,61.01,4.527,180.0,511.0,17953.0,,0.3475,55.512,5717.9
2022-02-09,180.0,6.52,11.736,2.51,2.61,2.56,1.11,60.74,4.608,180.0,282.0,18040.0,,0.6691,73.916,5981.3
2022-02-10,180.0,6.47,11.646,2.59,2.74,2.665,1.09,58.81,4.797,180.0,161.0,18209.0,,0.396,73.167,5742.8
2022-02-11,180.0,6.51,11.718,2.61,2.69,2.65,1.085,59.29,4.77,180.0,314.0,18099.0,,0.0,52.427,5615.1
2022-02-12,180.0,,,,,,,,,,278.0,,,0.5434,65.294,5719.2
2022-02-13,180.0,,,,,,,,,,232.0,,,,74.514,5468.9
2022-02-14,180.0,6.23,11.214,2.64,2.5,2.57,0.915,58.75,4.626,180.0,279.0,17869.0,4279.0,0.5049,79.155,5393.2
2022-02-15,180.0,5.97,10.746,2.59,2.32,2.455,1.005,58.88,4.419,180.0,279.0,18163.0,,0.3299,73.552,5126.8
2022-02-16,177.0,5.99,10.602,2.79,2.12,2.455,1.075,59.02,4.345,177.0,321.0,18230.0,,0.3483,69.299,5297.9
2022-02-17,180.0,6.21,11.178,2.29,2.63,2.46,0.935,60.39,4.428,180.0,208.0,18170.0,,0.3633,69.033,5360.6
2022-02-18,180.0,5.9,10.62,2.61,2.68,2.645,1.155,55.17,4.761,180.0,297.0,17903.0,,0.5947,79.807,5183.7
2022-02-19,180.0,,,,,,,,,,346.0,,,0.5222,83.828,5116.6
2022-02-20,180.0,,,,,,,,,,291.0,,,,86.709,4776.4
2022-02-21,180.0,6.11,10.998,2.62,2.57,2.595,0.975,57.53,4.671,180.0,315.0,18136.0,,0.45,85.09,5064.2
2022-02-22,180.0,6.2,11.16,2.52,2.34,2.43,0.965,60.81,4.374,180.0,283.0,18659.0,,0.4059,81.678,5244.3
2022-02-23,180.0,6.34,11.412,2.44,2.61,2.525,1.115,60.17,4.545,180.0,311.0,18349.0,,0.8904,103.959,5325.4
2022-02-24,180.0,5.77,10.386,2.45,2.51,2.48,1.16,57.02,4.464,180.0,432.0,18179.0,,0.508,100.409,5091.5
2022-02-25,180.0,5.88,10.584,2.55,2.54,2.545,1.03,56.72,4.581,180.0,308.0,18420.0,,0.0,71.946,5224.6
2022-02-26,180.0,,,,,,,,,,317.0,,,0.4707,75.568,5261.5
2022-02-27,180.0,,,,,,,,,,374.0,,,,78.164,5317.2
2022-02-28,180.0,5.96,10.728,2.53,2.59,2.56,1.01,57.05,4.608,180.0,391.0,18119.0,,0.3098,71.812,5352.7
2022-03-01,180.0,6.21,11.178,2.43,2.55,2.49,0.925,59.9,4.482,180.0,205.0,18310.0,,0.5077,77.359,5486.9
2022-03-02,180.0,6.14,11.052,2.62,2.44,2.53,1.0,58.79,4.555,180.0,61.0,18189.0,,0.488,80.332,5443.1
2022-03-03,180.0,6.26,11.268,2.58,2.52,2.55,1.02,59.27,4.589,180.0,244.0,18419.0,,0.4904,82.581,5578.7
2022-03-04,180.0,6.39,11.502,2.64,2.62,2.63,1.06,58.84,4.734,180.0,316.0,18439.0,,0.4262,80.918,5530.8
2022-03-05,180.0,,,,,,,,,,285.0,,,0.3675,76.734,5270.8
2022-03-06,180.0,,,,,,,,,,288.0,,,,73.736,5499.7
2022-03-07,180.0,,,,,,,,,,302.0,,,0.2345,64.8,5825.4
2022-03-08,180.0,6.33,11.394,2.48,2.54,2.51,1.125,60.35,4.518,180.0,186.0,17939.0,,0.402,66.946,5653.4
2022-03-09,174.0,6.51,11.327,2.56,2.35,2.455,1.025,62.29,4.271,174.0,316.0,17839.0,,0.7154,81.656,5589.6
2022-03-10,168.0,6.58,11.054,2.65,2.43,2.54,1.115,61.4,4.267,168.0,312.0,17860.0,,0.5306,81.758,5364.6
2022-03-11,162.0,6.64,10.757,2.58,2.49,2.535,1.1,61.82,4.107,162.0,297.0,17919.0,,0.0,56.49,5031.0
2022-03-12,156.0,,,,,,,,,,311.0,,,0.5812,64.679,4854.9
2022-03-13,150.0,,,,,,,,,,227.0,,,,69.274,4646.3
2022-03-14,144.0,6.21,8.942,2.42,2.43,2.425,1.16,60.95,3.492,144.0,249.0,18160.0,,0.5496,70.084,4395.1
2022-03-15,144.0,6.05,8.712,2.31,2.47,2.39,1.065,60.5,3.441,144.0,213.0,17839.0,,0.3107,62.9,4303.8
2022-03-16,144.0,6.53,9.403,2.65,2.47,2.56,1.175,60.8,3.686,144.0,316.0,18269.0,,0.0,45.07,4678.2
2022-03-17,144.0,6.48,9.331,2.72,2.72,2.72,1.215,58.02,3.917,144.0,126.0,18030.0,,0.4812,51.936,4510.1
2022-03-18,144.0,6.39,9.202,2.69,2.58,2.635,1.165,58.76,3.795,144.0,267.0,18279.0,,0.5923,61.39,4242.6
2022-03-19,144.0,,,,,,,,,,254.0,,,0.3235,57.192,4387.8
2022-03-20,144.0,,,,,,,,,,250.0,,,,54.185,4423.3
2022-03-21,144.0,6.44,9.274,2.55,2.41,2.48,0.97,61.49,3.571,144.0,153.0,17969.0,,0.4611,57.649,4556.0
2022-03-22,144.0,,,,,,,,,,237.0,,,,60.131,4676.2
2022-03-23,144.0,6.64,9.562,2.51,2.44,2.475,1.16,62.73,3.564,144.0,198.0,16978.0,,0.4753,62.489,4867.0
2022-03-24,144.0,6.56,9.446,2.47,2.73,2.6,1.18,60.37,3.743,144.0,182.0,17569.0,,0.4418,62.809,4504.2
2022-03-25,144.0,6.92,9.965,2.6,2.75,2.675,1.1,61.34,3.852,144.0,214.0,17328.0,,0.1377,50.624,4610.9
2022-03-26,144.0,,,,,,,,,,198.0,,,0.4156,53.236,4719.7
2022-03-27,144.0,,,,,,,,,,235.0,,,,55.108,4491.6
2022-03-28,144.0,5.88,8.467,2.52,2.33,2.425,0.92,58.76,3.492,144.0,264.0,17619.0,,0.5878,63.482,4375.0
2022-03-29,144.0,5.78,8.323,2.59,2.69,2.64,1.15,54.33,3.801,144.0,246.0,17435.0,,0.2535,55.836,4528.3
2022-03-30,148.0,5.89,8.717,2.52,2.55,2.535,1.065,56.96,3.752,148.0,225.0,17379.0,,0.2167,50.212,4815.2
2022-03-31,159.0,5.81,9.238,2.53,2.61,2.57,1.165,55.77,4.086,159.0,285.0,17538.0,,0.5499,63.436,5113.5
2022-04-01,168.0,5.91,9.929,2.56,2.64,2.6,1.14,56.01,4.368,168.0,313.0,17628.0,,0.4784,70.811,5402.2
2022-04-02,168.0,,,,,,,,,,311.0,,,0.3616,67.961,5491.1
2022-04-03,168.0,,,,,,,,,,260.0,,,1.0,96.319,5266.8
2022-04-04,174.0,,,,,,,,,,274.0,,,0.1757,80.146,5606.4
2022-04-05,180.0,,,,,,,,,,267.0,,,0.3182,75.644,
2022-04-06,180.0,6.18,11.124,2.64,2.61,2.625,1.28,57.52,4.725,180.0,314.0,18019.0,,0.6461,87.169,6279.9
2022-04-07,180.0,6.3,11.34,2.51,2.53,2.52,1.11,60.0,4.536,180.0,326.0,17809.0,,0.3933,82.53,6438.8
2022-04-08,180.0,6.48,11.664,2.62,2.69,2.655,1.06,59.03,4.779,180.0,321.0,17939.0,,0.0,59.135,6501.2
2022-04-09,180.0,,,,,,,,,,311.0,,,0.4132,63.458,6571.9
2022-04-10,180.0,,,,,,,,,,312.0,,,,66.555,6446.9
2022-04-11,180.0,6.48,11.664,2.62,2.69,2.655,1.06,59.03,4.779,180.0,312.0,17939.0,,0.3847,67.319,6382.6
2022-04-12,180.0,6.56,11.808,2.6,2.59,2.595,1.095,60.44,4.671,180.0,316.0,17768.0,,0.2806,62.553,6705.1
2022-04-13,186.0,7.2,13.392,2.67,2.71,2.69,1.01,62.64,5.003,186.0,316.0,17839.0,,0.0,46.315,7044.2
2022-04-14,192.0,7.27,13.958,2.43,2.53,2.48,1.115,65.89,4.761,192.0,315.0,18040.0,,0.4612,59.357,7500.9
2022-04-15,192.0,7.43,14.266,2.49,2.59,2.54,1.05,65.81,4.878,192.0,315.0,17629.0,,0.4003,64.317,7653.2
2022-04-16,192.0,,,,,,,,,,316.0,,,0.2612,60.299,7613.5
2022-04-17,192.0,,,,,,,,,,315.0,,,,57.42,7590.6
2022-04-18,192.0,7.4,14.208,2.73,2.59,2.66,1.28,64.05,5.108,192.0,243.0,17425.0,,0.1572,49.697,7740.8
2022-04-19,184.0,7.35,13.524,2.8,2.95,2.875,1.215,60.88,5.291,184.0,339.0,17290.0,,0.3162,50.618,7516.7
2022-04-20,168.0,7.59,12.751,2.5,2.62,2.56,1.055,66.27,4.301,168.0,339.0,17529.0,,0.6503,64.085,7006.2
2022-04-21,168.0,7.64,12.835,2.52,2.61,2.565,1.015,66.43,4.309,168.0,339.0,17695.0,,0.3109,60.724,6932.2
2022-04-22,168.0,7.58,12.734,2.56,2.59,2.575,1.085,66.03,4.326,168.0,333.0,17583.0,,0.3061,58.088,6812.7
2022-04-23,172.0,,,,,,,,,,336.0,,,0.4904,66.525,6691.5
2022-04-24,176.0,,,,,,,,,,264.0,,,,73.244,6584.7
2022-04-25,180.0,6.57,11.826,2.5,2.59,2.545,1.05,61.26,4.581,180.0,270.0,17915.0,,0.3069,69.335,6363.5
2022-04-26,180.0,6.39,11.502,2.6,2.58,2.59,1.055,59.47,4.662,180.0,428.0,18052.0,,0.4334,71.794,6219.9
2022-04-27,180.0,6.31,11.358,2.58,2.62,2.6,1.085,58.8,4.679,180.0,304.0,17869.0,,0.2302,63.186,6203.2
2022-04-28,180.0,,,,,,,,,,523.0,,,0.3854,64.941,6249.7
2022-04-29,180.0,,,,,,,,,,363.0,,,0.594,76.843,6361.1
2022-04-30,180.0,,,,,,,,,,363.0,,,0.3628,73.573,6576.2
2022-05-01,180.0,,,,,,,,,,308.0,,,,71.229,
2022-05-02,180.0,6.36,11.448,2.61,2.64,2.625,1.145,58.73,4.725,180.0,338.0,18351.0,,0.3673,69.781,6523.1
2022-05-03,180.0,6.99,12.582,2.49,2.39,2.44,1.01,65.09,4.392,180.0,340.0,18119.0,,0.3157,66.109,6579.6
2022-05-04,180.0,7.26,13.068,2.56,2.64,2.6,1.185,64.19,4.68,180.0,338.0,17839.0,,0.5133,73.56,6713.9
2022-05-05,180.0,7.26,13.068,2.78,2.6,2.69,1.245,62.95,4.842,180.0,250.0,17619.0,,0.3194,69.005,6834.7
2022-05-06,180.0,7.14,12.852,2.63,2.57,2.6,1.06,63.59,4.679,180.0,339.0,17689.0,,0.2513,62.265,6907.1
2022-05-07,180.0,,,,,,,,,,338.0,,,0.275,58.646,6956.3
2022-05-08,180.0,,,,,,,,,,339.0,,,0.0,42.022,7060.3
2022-05-09,180.0,7.03,12.654,2.52,2.49,2.505,1.105,64.37,4.509,180.0,331.0,17829.0,,0.4635,53.762,7054.7
2022-05-10,180.0,6.89,12.402,3.07,2.63,2.85,1.115,58.64,5.129,180.0,411.0,17769.0,,0.28,52.81,7117.6
2022-05-11,180.0,7.37,13.266,2.6,2.69,2.645,1.1,64.11,4.761,180.0,413.0,17649.0,,0.0,37.84,7156.2
2022-05-12,180.0,7.79,14.022,2.73,2.94,2.835,1.06,63.61,5.103,180.0,346.0,17889.0,,0.5771,56.56,7491.1
2022-05-13,180.0,7.54,13.572,2.78,2.89,2.835,1.08,62.4,5.103,180.0,315.0,17789.0,,0.5877,70.515,7593.4
2022-05-14,180.0,,,,,,,,,,420.0,,,0.2715,64.377,6997.3
2022-05-15,180.0,,,,,,,,,,365.0,,,0.0,46.128,6833.5
2022-05-16,168.0,7.14,11.995,2.58,2.76,2.67,0.975,62.61,4.485,168.0,291.0,18019.0,,0.1574,38.343,6668.5
2022-05-17,180.0,7.16,12.888,2.69,2.59,2.64,1.055,63.13,4.752,180.0,315.0,17859.0,,0.3458,47.082,7091.2
2022-05-18,180.0,7.56,13.608,2.6,2.8,2.7,1.105,64.29,4.859,180.0,317.0,17685.0,,0.4964,59.063,7346.4
2022-05-19,175.0,7.63,13.352,2.51,2.83,2.67,1.19,65.01,4.672,175.0,243.0,17756.0,,0.4613,64.029,7239.6
2022-05-20,174.0,7.13,12.406,2.63,2.98,2.805,1.16,60.66,4.881,174.0,311.0,17439.0,,0.1178,51.427,6733.0
2022-05-21,180.0,,,,,,,,,,449.0,,,0.3649,56.74,6819.6
2022-05-22,180.0,,,,,,,,,,314.0,,,0.0,40.656,6695.6
2022-05-23,180.0,6.86,12.348,2.78,2.79,2.785,1.205,59.4,5.013,180.0,338.0,17615.0,,0.3589,47.446,6688.5
2022-05-24,180.0,7.02,12.636,2.62,2.7,2.66,1.065,62.11,4.788,180.0,317.0,17569.0,,0.2841,48.491,6847.8
2022-05-25,180.0,7.07,12.726,2.67,2.62,2.645,1.1,62.59,4.761,180.0,321.0,17849.0,,0.0,34.745,7159.6
2022-05-26,180.0,,,,,,,,,,325.0,,,0.4932,50.059,7303.2
2022-05-27,180.0,6.8,12.24,2.71,2.68,2.695,1.2,60.37,4.851,180.0,321.0,17685.0,,0.4743,60.068,7167.8
2022-05-28,180.0,,,,,,,,,,314.0,,,0.3365,60.208,7285.0
2022-05-29,180.0,,,,,,,,,,321.0,,,,60.308,7384.3
2022-05-30,180.0,6.86,12.348,2.78,3.07,2.925,1.2,57.36,5.265,180.0,339.0,17588.0,,0.1361,50.155,7396.9
2022-05-31,180.0,7.41,13.338,2.6,2.62,2.61,1.015,64.78,4.698,180.0,320.0,17249.0,,0.4013,56.416,7458.9
2022-06-01,180.0,,,,,,,,,,365.0,,,0.5851,70.279,7746.0
2022-06-02,180.0,7.18,12.924,2.51,2.58,2.545,1.005,64.55,4.582,180.0,408.0,17639.0,,0.3443,67.927,7379.4
2022-06-03,180.0,7.25,13.05,2.56,2.61,2.585,1.03,64.34,4.654,180.0,417.0,17435.0,,0.0,48.672,6900.2
2022-06-04,180.0,,,,,,,,,,298.0,,,0.3716,53.838,6915.4
2022-06-05,180.0,,,,,,,,,,301.0,,,,57.54,7095.0
2022-06-06,180.0,6.55,11.79,2.68,2.7,2.69,1.125,58.93,4.842,180.0,466.0,18038.0,,0.4628,64.841,7100.3
2022-06-07,180.0,6.57,11.826,2.69,2.63,2.66,1.05,59.51,4.788,180.0,257.0,17885.0,,0.3147,62.516,6798.1
2022-06-08,180.0,6.61,11.898,2.86,2.94,2.9,1.2,56.13,5.22,180.0,398.0,18109.0,,0.0,44.794,7028.0
2022-06-09,180.0,6.59,11.862,2.73,2.84,2.785,1.06,57.74,5.013,180.0,281.0,18428.0,,0.3775,51.357,7062.4
2022-06-10,180.0,6.81,12.258,2.72,2.81,2.765,1.165,59.4,4.977,180.0,444.0,18159.0,,0.4381,59.154,7115.3
2022-06-11,184.0,,,,,,,,,,314.0,,,0.3811,63.206,7419.6
2022-06-12,188.0,,,,,,,,,,348.0,,,,66.584,7572.4
2022-06-13,196.0,6.47,12.681,2.71,2.7,2.705,1.105,58.19,5.302,196.0,343.0,17939.0,,0.2801,65.301,7532.2
2022-06-14,204.0,6.51,13.28,2.68,2.81,2.745,1.12,57.83,5.6,204.0,453.0,17749.0,,0.2688,64.241,7877.2
2022-06-15,204.0,,,,,,,,,,347.0,,,0.504,75.174,8236.7
2022-06-16,204.0,6.98,14.239,2.71,2.77,2.74,1.105,60.74,5.59,204.0,377.0,18238.0,,0.2782,69.953,8593.5
2022-06-17,204.0,7.13,14.545,2.82,2.81,2.815,1.275,60.52,5.742,204.0,315.0,17869.0,,0.2255,63.166,8495.1
2022-06-18,208.0,,,,,,,,,,403.0,,,0.5137,76.437,8481.6
2022-06-19,212.0,,,,,,,,,,339.0,,,0.0,55.823,8472.6
2022-06-20,216.0,6.65,14.364,2.72,2.72,2.72,1.105,59.1,5.875,216.0,385.0,17425.0,,0.3798,64.009,8333.7
2022-06-21,216.0,6.72,14.515,2.83,2.79,2.81,1.22,58.18,6.07,216.0,317.0,17755.0,,0.2766,62.801,8247.6
2022-06-22,216.0,6.63,14.321,2.84,2.64,2.74,1.205,58.67,5.919,216.0,316.0,17629.0,,0.0,44.999,9056.5
2022-06-23,216.0,6.15,13.284,2.69,2.74,2.715,1.21,55.85,5.865,216.0,315.0,17419.0,,0.3743,55.163,9586.1
2022-06-24,215.0,6.04,12.986,2.98,2.79,2.885,1.41,52.24,6.202,215.0,422.0,17719.0,,0.3278,59.323,9296.4
2022-06-25,224.0,,,,,,,,,,391.0,,,0.2571,60.609,8580.8
2022-06-26,224.0,,,,,,,,,,339.0,,,0.0,43.428,8842.4
2022-06-27,224.0,4.77,10.685,2.89,2.73,2.81,1.19,41.09,6.295,224.0,450.0,18036.0,,0.1371,39.824,9478.3
2022-06-28,215.0,5.08,10.922,2.88,2.59,2.735,1.01,46.16,5.88,215.0,327.0,18219.0,,0.2827,44.615,9031.8
2022-06-29,192.0,5.46,10.483,2.89,2.95,2.92,1.155,46.52,5.606,192.0,315.0,18095.0,,0.2743,43.476,8814.3
2022-06-30,199.0,5.08,10.109,2.71,2.49,2.6,1.055,48.82,5.174,199.0,343.0,18169.0,,0.289,48.592,7645.3
2022-07-01,224.0,5.33,11.939,2.88,2.8,2.84,1.205,46.72,6.361,224.0,312.0,18026.0,,0.2894,57.57,7600.1
2022-07-02,224.0,,,,,,,,,,315.0,,,0.3608,64.161,7735.8
2022-07-03,224.0,,,,,,,,,,316.0,,,0.0,45.974,7665.1
2022-07-04,224.0,5.39,12.074,2.83,2.67,2.75,1.11,48.98,6.16,224.0,315.0,18140.0,,0.2931,51.554,7635.5
2022-07-05,224.0,5.45,12.208,2.9,2.88,2.89,1.255,46.97,6.474,224.0,351.0,18284.0,,0.3146,56.917,7395.4
2022-07-06,217.0,5.51,11.957,2.88,2.81,2.845,1.165,48.37,6.173,217.0,321.0,17943.0,,0.2876,57.201,7216.2
2022-07-07,219.0,5.37,11.76,2.88,2.86,2.87,1.295,46.55,6.286,219.0,337.0,18260.0,,0.3667,64.128,7382.4
2022-07-08,216.0,5.44,11.75,2.91,2.92,2.915,1.295,46.42,6.296,216.0,339.0,18045.0,,0.1663,55.505,7187.0
2022-07-09,206.0,,,,,,,,,,332.0,,,0.482,66.076,7068.2
2022-07-10,224.0,,,,,,,,,,364.0,,,0.0,51.483,7036.6
2022-07-11,224.0,4.83,10.819,2.66,2.6,2.63,0.955,45.55,5.891,224.0,337.0,18169.0,,0.1506,46.449,7421.8
2022-07-12,208.0,5.09,10.587,2.69,2.62,2.655,1.06,47.84,5.522,208.0,370.0,18364.0,,0.2625,46.383,6964.5
2022-07-13,224.0,5.32,11.917,2.95,2.87,2.91,1.16,45.3,6.519,224.0,328.0,18195.0,,0.4349,63.404,7422.9
2022-07-14,224.0,5.34,11.962,2.57,2.59,2.58,1.0,51.69,5.779,224.0,386.0,18313.0,,0.301,64.545,7782.9
2022-07-15,224.0,5.31,11.894,2.72,2.49,2.605,1.055,50.94,5.835,224.0,309.0,18099.0,,0.0,46.249,8047.5
2022-07-16,224.0,,,,,,,,,,313.0,,,0.3957,58.266,8020.0
2022-07-17,224.0,,,,,,,,,,363.0,,,,66.877,7962.1
2022-07-18,224.0,5.11,11.446,2.61,2.59,2.6,0.915,49.12,5.824,224.0,334.0,18428.0,,0.4537,76.731,7853.7
2022-07-19,216.0,5.12,11.059,2.7,2.61,2.655,1.105,48.14,5.735,216.0,406.0,18175.0,,0.2307,67.141,7416.5
2022-07-20,224.0,5.19,11.626,2.67,2.69,2.68,0.955,48.36,6.004,224.0,315.0,18352.0,,0.0,49.891,7604.4
2022-07-21,224.0,5.1,11.424,2.56,2.48,2.52,0.76,50.59,5.645,224.0,283.0,18117.0,,0.3634,58.824,7602.4
2022-07-22,224.0,5.31,11.894,2.48,2.8,2.64,1.055,50.28,5.914,224.0,423.0,18394.0,,0.5385,76.345,7455.3
2022-07-23,224.0,,,,,,,,,,384.0,,,0.2984,73.649,6558.7
2022-07-24,224.0,,,,,,,,,,319.0,,,,71.716,7882.7
2022-07-25,232.0,4.67,10.834,2.49,2.6,2.545,0.91,45.5,5.905,232.0,197.0,18502.0,,0.1361,62.176,6988.3
2022-07-26,240.0,5.1,12.24,2.68,2.76,2.72,1.1,46.67,6.528,240.0,291.0,18137.0,,0.3095,67.146,7285.0
2022-07-27,230.0,4.99,11.477,2.75,2.62,2.685,1.105,46.19,6.176,230.0,291.0,18270.0,,0.4609,76.159,7302.1
2022-07-28,240.0,4.91,11.784,2.7,2.59,2.645,1.06,46.13,6.348,240.0,246.0,18430.0,,0.3324,79.555,7442.6
2022-07-29,240.0,5.05,12.12,2.72,2.61,2.665,1.11,47.23,6.396,240.0,197.0,18540.0,,0.0,57.003,7468.2
2022-07-30,240.0,,,,,,,,,,187.0,,,0.4541,71.736,7484.8
2022-07-31,240.0,,,,,,,,,,272.0,,,,82.293,7423.5
2022-08-01,240.0,4.67,11.208,2.68,2.74,2.71,1.065,41.97,6.504,240.0,242.0,18841.0,,0.3091,79.997,7296.1
2022-08-02,240.0,4.96,11.904,2.79,2.87,2.83,1.23,42.94,6.792,240.0,331.0,18530.0,,0.2955,77.422,7088.5
2022-08-03,240.0,4.85,11.64,2.66,2.49,2.575,1.0,46.91,6.18,240.0,241.0,18173.0,,0.1408,65.052,7158.7
2022-08-04,240.0,,,,,,,,,,269.0,,,0.3624,71.267,7175.3
2022-08-05,240.0,4.64,11.136,2.79,2.75,2.77,1.145,40.3,6.648,240.0,352.0,18440.0,,0.3352,73.87,7151.7
2022-08-06,240.0,,,,,,,,,,224.0,,,0.5235,88.547,6990.8
2022-08-07,240.0,,,,,,,,,,362.0,,,,99.063,7025.0
2022-08-08,240.0,4.74,11.376,2.5,2.71,2.605,0.91,45.04,6.252,240.0,320.0,18518.0,,0.3757,96.543,7032.0
2022-08-09,240.0,5.01,12.024,2.61,2.68,2.645,1.01,47.21,6.347,240.0,200.0,18395.0,,0.3114,90.361,7025.5
2022-08-10,240.0,5.12,12.288,2.69,2.75,2.72,1.18,46.88,6.527,240.0,302.0,18164.0,,0.4551,95.706,6916.9
2022-08-11,240.0,5.04,12.096,2.59,2.67,2.63,1.005,47.82,6.312,240.0,147.0,18449.0,,0.4628,100.065,7013.3
2022-08-12,228.0,5.61,12.791,2.72,2.88,2.8,1.23,50.09,6.384,228.0,269.0,18208.0,,0.0,68.115,6986.1
2022-08-13,216.0,,,,,,,,,,256.0,,,0.5703,81.158,6849.8
2022-08-14,192.0,,,,,,,,,,298.0,,,,82.731,6476.9
2022-08-15,192.0,,,,,,,,,,206.0,,,0.4993,86.454,6181.3
2022-08-16,180.0,4.89,8.802,2.77,2.84,2.805,1.205,42.64,5.049,180.0,0.0,18639.0,,0.0,58.075,5808.2
2022-08-17,168.0,4.69,7.879,2.51,2.48,2.495,0.925,46.8,4.192,168.0,0.0,18348.0,,0.0,38.839,5423.0
2022-08-18,180.0,5.05,9.09,2.72,2.71,2.715,1.115,46.24,4.887,180.0,93.0,18218.0,,0.0,29.817,5404.8
2022-08-19,192.0,5.24,10.061,2.83,2.76,2.795,1.155,46.66,5.367,192.0,212.0,18493.0,,0.5982,55.348,5623.8
2022-08-20,204.0,,,,,,,,,,271.0,,,0.2963,59.27,5773.3
2022-08-21,204.0,,,,,,,,,,291.0,,,,59.602,5791.1
2022-08-22,204.0,5.02,10.241,2.58,2.58,2.58,1.05,48.61,5.263,204.0,260.0,18635.0,,0.1979,54.148,5912.3
2022-08-23,204.0,4.89,9.976,2.68,2.78,2.73,1.205,44.17,5.57,204.0,287.0,18387.0,,0.4167,62.895,5929.3
2022-08-24,204.0,5.0,10.2,2.49,2.75,2.62,0.955,47.6,5.345,204.0,347.0,18419.0,,0.4107,68.818,5947.4
2022-08-25,187.0,4.84,9.051,2.58,2.46,2.52,1.045,47.93,4.713,187.0,371.0,18118.0,,0.4382,68.431,5920.2
2022-08-26,204.0,4.79,9.772,2.61,2.54,2.575,1.07,46.24,5.253,204.0,256.0,18342.0,,0.0,53.491,6056.5
2022-08-27,204.0,,,,,,,,,,291.0,,,0.5164,68.188,6185.0
2022-08-28,204.0,,,,,,,,,,203.0,,,,78.719,6197.3
2022-08-29,204.0,,,,,,,,,,303.0,,,0.4978,85.193,6288.9
2022-08-30,204.0,5.5,11.22,2.69,2.68,2.685,1.005,51.18,5.478,204.0,307.0,18680.0,,0.2554,75.811,6579.2
2022-08-31,204.0,6.1,12.444,2.58,2.66,2.62,1.045,57.05,5.345,204.0,311.0,18592.0,,0.0,54.321,6435.3
2022-09-01,204.0,5.83,11.893,2.56,2.59,2.575,1.0,55.83,5.253,204.0,253.0,18209.0,,0.3719,60.426,6408.2
2022-09-02,198.0,5.49,10.87,2.6,2.65,2.625,1.07,52.19,5.197,198.0,216.0,18739.0,,0.7253,82.735,6074.8
2022-09-03,192.0,,,,,,,,,,316.0,,,0.3535,76.727,5885.7
2022-09-04,192.0,,,,,,,,,,315.0,,,,74.219,5704.1
2022-09-05,192.0,4.92,9.446,2.49,2.39,2.44,1.0,50.41,4.684,192.0,316.0,18924.0,,0.3894,74.373,5732.4
2022-09-06,192.0,4.98,9.562,2.57,2.57,2.57,1.13,48.39,4.935,192.0,262.0,18506.0,,0.3878,74.397,5695.1
2022-09-07,192.0,5.15,9.888,2.69,2.7,2.695,1.15,47.67,5.174,192.0,315.0,18710.0,,0.5289,82.095,5420.2
2022-09-08,192.0,4.81,9.235,2.57,2.49,2.53,1.0,47.4,4.858,192.0,315.0,18710.0,,0.3613,78.486,5263.2
2022-09-09,192.0,,,,,,,,,,267.0,,,0.2697,70.915,5110.2
2022-09-10,192.0,,,,,,,,,,221.0,,,,65.49,5070.1
2022-09-11,192.0,,,,,,,,,,288.0,,,,61.603,5073.5
2022-09-12,192.0,4.55,8.736,2.8,2.66,2.73,1.15,40.0,5.242,192.0,351.0,18630.0,,0.2776,59.252,5251.7
2022-09-13,192.0,5.07,9.734,2.82,2.73,2.775,1.125,45.27,5.327,192.0,405.0,18367.0,,0.3144,59.565,5136.5
2022-09-14,192.0,4.86,9.331,2.78,2.7,2.74,1.105,43.62,5.261,192.0,371.0,18209.0,,0.2041,53.79,5559.3
2022-09-15,192.0,4.63,8.89,2.87,2.64,2.755,1.07,40.5,5.29,192.0,355.0,17948.0,,0.3346,56.751,5836.3
2022-09-16,192.0,4.85,9.312,2.81,2.76,2.785,1.175,42.58,5.347,192.0,386.0,17825.0,,0.5028,68.029,6112.9
2022-09-17,192.0,,,,,,,,,,363.0,,,0.4372,72.541,6328.4
2022-09-18,184.0,,,,,,,,,,313.0,,,,72.617,6372.1
2022-09-19,192.0,5.07,9.734,2.67,2.74,2.705,1.14,46.65,5.193,192.0,363.0,17948.0,,0.1866,64.448,6763.7
2022-09-20,192.0,4.91,9.427,2.58,2.57,2.575,1.095,47.56,4.944,192.0,363.0,17759.0,,0.5038,73.596,6740.8
2022-09-21,192.0,5.1,9.792,2.49,2.58,2.535,1.0,50.29,4.868,192.0,341.0,17830.0,,0.6112,86.002,6568.3
2022-09-22,192.0,4.84,9.293,2.76,2.68,2.72,1.0,43.8,5.223,192.0,334.0,17927.0,,0.6011,94.339,6345.8
2022-09-23,192.0,5.15,9.888,2.65,2.67,2.66,1.09,48.35,5.107,192.0,363.0,17748.0,,0.1883,77.847,6018.9
2022-09-24,192.0,,,,,,,,,,338.0,,,0.5584,86.173,6058.6
2022-09-25,192.0,,,,,,,,,,227.0,,,,92.138,6043.3
2022-09-26,192.0,4.96,9.523,2.7,2.78,2.74,1.155,44.76,5.261,192.0,363.0,17683.0,,0.389,87.193,5924.2
2022-09-27,192.0,5.17,9.926,2.47,2.58,2.525,0.93,51.16,4.848,192.0,363.0,17942.0,,0.3545,81.772,5839.2
2022-09-28,192.0,5.38,10.33,2.58,2.61,2.595,1.045,51.77,4.982,192.0,305.0,18103.0,,0.0,58.592,5997.9
2022-09-29,192.0,,,,,,,,,,406.0,,,0.4111,64.358,5947.6
2022-09-30,192.0,,,,,,,,,,305.0,,,0.5583,76.499,5800.6
2022-10-01,192.0,,,,,,,,,,253.0,,,0.5848,86.643,5678.1
2022-10-02,192.0,,,,,,,,,,409.0,,,,93.912,
2022-10-03,192.0,,,,,,,,,,363.0,,,0.1997,78.158,
2022-10-04,192.0,,,,,,,,,,291.0,,,0.361,75.652,
2022-10-05,192.0,,,,,,,,,,230.0,,,0.6028,87.017,
2022-10-06,192.0,5.38,10.33,2.66,2.8,2.73,1.26,49.26,5.241,192.0,378.0,17684.0,,0.342,80.962,5889.9
2022-10-07,192.0,5.27,10.118,2.62,2.74,2.68,1.14,49.15,5.145,192.0,277.0,17492.0,,0.0,58.011,5745.2
2022-10-08,192.0,,,,,,,,,,296.0,,,0.5774,72.994,5741.8
2022-10-09,192.0,,,,,,,,,,363.0,,,,83.73,5853.2
2022-10-10,192.0,5.07,9.734,2.67,2.67,2.67,1.095,47.34,5.126,192.0,319.0,17637.0,,0.2872,75.626,5913.0
2022-10-11,192.0,5.31,10.195,2.64,2.71,2.675,1.12,49.62,5.136,192.0,321.0,17825.0,,0.3955,75.713,6024.4
2022-10-12,192.0,,,,,,,,,,267.0,,,0.2478,67.738,6262.6
2022-10-13,192.0,5.3,10.176,2.67,2.85,2.76,1.3,47.92,5.3,192.0,335.0,17427.0,,0.3437,67.242,6094.9
2022-10-14,192.0,5.12,9.83,2.65,2.77,2.71,1.25,47.07,5.203,192.0,322.0,17326.0,,0.5233,76.661,6074.1
2022-10-15,192.0,,,,,,,,,,267.0,,,0.4053,76.988,5797.6
2022-10-16,192.0,,,,,,,,,,267.0,,,,77.222,5879.1
2022-10-17,192.0,5.33,10.234,2.64,2.59,2.615,1.045,50.94,5.021,192.0,267.0,17512.0,,0.2361,68.184,6116.5
2022-10-18,192.0,5.02,9.638,2.69,2.71,2.7,1.06,46.22,5.183,192.0,267.0,17702.0,,0.1595,57.538,5902.3
2022-10-19,192.0,4.97,9.542,2.62,2.68,2.65,1.105,46.68,5.088,192.0,344.0,17589.0,,0.5865,73.149,5931.0
2022-10-20,192.0,5.28,10.138,2.52,2.51,2.515,1.015,52.37,4.829,192.0,363.0,17794.0,,0.408,74.618,5784.0
2022-10-21,192.0,5.14,9.869,2.58,2.54,2.56,1.075,50.19,4.916,192.0,404.0,17819.0,,0.0,53.466,5940.6
2022-10-22,192.0,,,,,,,,,,362.0,,,0.4604,63.366,6102.2
2022-10-23,184.0,,,,,,,,,,342.0,,,,67.524,6036.3
2022-10-24,184.0,,,,,,,,,,365.0,,,0.332,65.7,5751.8
2022-10-25,192.0,5.36,10.291,2.73,2.96,2.845,1.045,46.92,5.462,192.0,363.0,18429.0,,0.3704,69.284,5901.9
2022-10-26,192.0,5.56,10.675,2.781,2.47,2.626,0.99,52.77,5.042,192.0,363.0,18216.0,,0.2432,62.879,5908.1
2022-10-27,192.0,5.37,10.31,2.69,2.69,2.69,1.195,49.91,5.164,192.0,347.0,18082.0,,0.3423,63.686,5837.5
2022-10-28,192.0,5.14,9.869,2.79,2.88,2.835,1.2,44.84,5.444,192.0,267.0,17768.0,,0.3678,65.65,5648.0
2022-10-29,192.0,,,,,,,,,,257.0,,,0.6001,79.702,5859.5
2022-10-30,192.0,,,,,,,,,,282.0,,,,89.771,6087.1
2022-10-31,192.0,5.31,10.195,2.61,2.72,2.665,1.015,49.81,5.117,192.0,274.0,18319.0,,0.1787,74.047,6218.9
2022-11-01,196.0,5.59,10.956,2.73,2.79,2.76,1.09,50.63,5.409,196.0,277.0,18067.0,,0.4018,76.485,6300.2
2022-11-02,200.0,5.78,11.56,2.64,2.68,2.66,1.135,53.98,5.32,200.0,253.0,17894.0,,0.3771,77.302,6547.4
2022-11-03,204.0,5.68,11.587,2.69,2.7,2.695,1.01,52.55,5.498,204.0,283.0,18227.0,,0.5149,86.271,6798.6
2022-11-04,204.0,,,,,,,,,,285.0,,,0.1801,72.231,6649.3
2022-11-05,204.0,,,,,,,,,,260.0,,,0.469,78.876,6654.7
2022-11-06,204.0,,,,,,,,,,242.0,,,,83.637,6550.2
2022-11-07,204.0,,,,,,,,,,268.0,,,0.3299,79.004,
2022-11-08,204.0,,,,,,,,,,273.0,,,0.4565,83.004,
2022-11-09,204.0,,,,,,,,,,272.0,,,0.0,59.475,
2022-11-10,204.0,,,,,,,,,,265.0,,,0.3785,64.503,
2022-11-11,204.0,5.16,10.526,2.58,2.78,2.68,1.05,48.06,5.467,204.0,266.0,18096.0,,0.3303,65.319,6107.7
2022-11-12,204.0,,,,,,,,,,269.0,,,0.4962,75.499,6569.0
2022-11-13,204.0,,,,,,,,,,263.0,,,,82.793,6635.4
2022-11-14,204.0,5.25,10.71,2.77,2.83,2.8,1.095,46.67,5.712,204.0,184.0,18513.0,,0.1773,69.577,6727.5
2022-11-15,184.0,5.31,9.77,2.72,2.59,2.655,1.11,50.0,4.885,184.0,214.0,18366.0,,0.3182,61.563,6173.0
2022-11-16,173.0,5.6,9.688,2.8,2.7,2.75,1.155,50.89,4.758,173.0,256.0,17936.0,,0.5443,68.169,6458.0
2022-11-17,193.0,5.51,10.634,2.79,2.69,2.74,1.15,50.27,5.288,193.0,248.0,18024.0,,0.3642,74.419,6154.5
2022-11-18,152.0,,,,,,,,,,248.0,,,0.4047,59.432,5726.2
2022-11-19,198.0,,,,,,,,,,248.0,,,0.358,75.565,6265.3
2022-11-20,196.0,,,,,,,,,,250.0,,,,73.488,6475.3
2022-11-21,204.0,5.35,10.914,2.81,2.69,2.75,0.92,48.6,5.61,204.0,247.0,18418.0,,0.4604,81.43,6683.3
2022-11-22,204.0,5.43,11.077,2.86,2.78,2.82,1.1,48.07,5.752,204.0,246.0,18268.0,,0.3415,78.097,6831.8
2022-11-23,204.0,5.36,10.934,2.69,2.63,2.66,1.19,50.37,5.427,204.0,245.0,18024.0,,0.0,55.959,7123.0
2022-11-24,204.0,5.33,10.873,2.68,2.66,2.67,1.1,49.91,5.446,204.0,191.0,18468.0,,0.563,72.65,7061.3
2022-11-25,204.0,5.12,10.445,2.76,2.94,2.85,1.185,44.34,5.814,204.0,246.0,18616.0,,0.2738,67.888,7008.5
2022-11-26,204.0,,,,,,,,,,161.0,,,0.3965,71.57,7094.6
2022-11-27,204.0,,,,,,,,,,243.0,,,,74.209,7305.4
2022-11-28,204.0,4.88,9.955,2.7,2.61,2.655,1.06,45.59,5.417,204.0,243.0,18166.0,,0.2844,69.62,7509.2
2022-11-29,204.0,4.97,10.139,2.85,2.95,2.9,1.1,41.65,5.916,204.0,243.0,18328.0,,0.2807,66.119,7083.6
2022-11-30,210.0,,,,,,,,,,294.0,,,0.4191,73.721,6571.9
2022-12-01,209.0,4.8,10.032,2.67,2.67,2.67,1.145,44.38,5.58,209.0,408.0,18168.0,,0.3394,72.679,6798.6
2022-12-02,204.0,4.91,10.016,2.58,2.68,2.63,1.095,46.44,5.365,204.0,378.0,18460.0,,0.1556,59.832,6812.2
2022-12-03,204.0,,,,,,,,,,330.0,,,0.2104,55.035,6756.5
2022-12-04,200.0,,,,,,,,,,338.0,,,1.0,95.355,6766.7
2022-12-05,199.0,4.77,9.492,2.58,2.67,2.625,1.09,44.97,5.223,199.0,395.0,18698.0,,0.1342,75.552,6903.6
2022-12-06,204.0,,,,,,,,,,360.0,,,0.3947,78.319,7129.9
2022-12-07,208.0,4.67,9.714,2.75,2.63,2.69,1.15,42.4,5.595,208.0,350.0,18950.0,,0.3701,79.04,7110.9
2022-12-08,224.0,4.98,11.155,2.84,2.66,2.75,1.14,44.78,6.16,224.0,382.0,18478.0,,0.5139,93.619,7300.7
2022-12-09,224.0,4.84,10.842,2.81,2.68,2.745,1.17,43.29,6.148,224.0,340.0,18218.0,,0.2825,85.018,7347.2
2022-12-10,224.0,,,,,,,,,,359.0,,,0.2692,78.009,7408.2
2022-12-11,224.0,,,,,,,,,,380.0,,,,72.987,7146.2
2022-12-12,224.0,5.35,11.984,2.88,2.93,2.905,1.145,45.7,6.507,224.0,338.0,18418.0,,0.4567,81.296,7318.7
2022-12-13,224.0,5.25,11.76,2.68,2.97,2.825,1.1,46.19,6.328,224.0,370.0,18068.0,,0.3271,79.022,7461.7
2022-12-14,224.0,,,,,,,,,,386.0,,,0.3796,80.724,7684.3
2022-12-15,216.0,,,,,,,,,,368.0,,,0.3941,79.905,7559.4
2022-12-16,210.0,,,,,,,,,,361.0,,,0.0,55.664,7413.2
2022-12-17,204.0,,,,,,,,,,364.0,,,0.338,58.291,
2022-12-18,204.0,,,,,,,,,,339.0,,,,61.313,
2022-12-19,204.0,4.72,9.629,2.74,2.76,2.75,1.06,41.74,5.61,204.0,373.0,18738.0,,0.3661,65.105,6644.2
2022-12-20,204.0,5.47,11.159,2.65,2.49,2.57,0.95,53.02,5.242,204.0,338.0,18590.0,,0.3521,67.009,6649.9
2022-12-21,204.0,,,,,,,,,,364.0,,,0.2461,62.248,6806.3
2022-12-22,204.0,5.11,10.424,2.66,2.58,2.62,0.955,48.73,5.344,204.0,364.0,18818.0,,0.3732,66.181,6590.4
2022-12-23,204.0,5.65,11.526,2.65,2.52,2.585,1.095,54.25,5.273,204.0,370.0,18930.0,,0.3767,69.206,6507.4
2022-12-24,204.0,,,,,,,,,,338.0,,,0.5084,78.988,6662.9
2022-12-25,204.0,,,,,,,,,,355.0,,,,85.997,6742.7
2022-12-26,204.0,6.09,12.424,2.53,2.58,2.555,1.01,58.05,5.212,204.0,393.0,18318.0,,0.1602,70.882,6438.8
2022-12-27,204.0,6.75,13.77,2.47,2.66,2.565,1.045,62.0,5.233,204.0,382.0,18268.0,,0.3235,69.497,6463.4
2022-12-28,200.0,7.32,14.64,2.62,2.69,2.655,1.255,63.73,5.31,200.0,338.0,18020.0,,0.49,76.603,6783.5
2022-12-29,180.0,7.22,12.996,2.68,2.53,2.605,0.96,63.92,4.689,180.0,338.0,17848.0,,0.3918,69.392,6526.6
2022-12-30,168.0,7.4,12.432,2.6,2.59,2.595,1.195,64.93,4.36,168.0,395.0,18168.0,,0.2095,56.384,6158.9
2022-12-31,174.0,,,,,,,,,,280.0,,,0.4142,62.275,6463.1
2023-01-01,180.0,,,,,,,,,,305.0,,,,67.297,6775.9
2023-01-02,186.0,7.47,13.894,2.65,2.73,2.69,1.035,63.99,5.003,186.0,375.0,18418.0,,0.3948,70.644,6890.6
2023-01-03,192.0,7.41,14.227,2.81,2.72,2.765,1.16,62.69,5.308,192.0,253.0,18260.0,,0.3157,69.431,7236.5
2023-01-04,192.0,7.28,13.978,2.79,2.75,2.77,1.09,61.95,5.319,192.0,317.0,18528.0,,0.0,49.749,7460.0
2023-01-05,192.0,7.24,13.901,2.77,2.7,2.735,1.055,62.22,5.252,192.0,297.0,18680.0,,0.3397,54.136,7534.9
2023-01-06,198.0,,,,,,,,,,245.0,,,0.5499,70.864,7634.7
2023-01-07,204.0,,,,,,,,,,361.0,,,0.2696,67.906,7712.8
2023-01-08,204.0,,,,,,,,,,356.0,,,,64.247,7694.8
2023-01-09,204.0,7.42,15.137,2.86,2.84,2.85,1.09,61.59,5.814,204.0,319.0,18868.0,,0.5227,76.262,7597.4
2023-01-10,204.0,7.51,15.32,2.82,2.88,2.85,1.135,62.05,5.814,204.0,293.0,18510.0,,0.3842,76.864,7333.8
2023-01-11,204.0,6.85,13.974,2.76,2.71,2.735,1.265,60.07,5.58,204.0,357.0,18380.0,,0.3394,74.701,7280.3
2023-01-12,204.0,6.98,14.239,3.02,2.61,2.815,1.115,59.67,5.743,204.0,357.0,18468.0,,0.4179,77.693,7444.0
2023-01-13,204.0,7.01,14.3,2.95,2.77,2.86,1.215,59.2,5.834,204.0,366.0,18308.0,,0.2902,72.45,7500.3
2023-01-14,196.0,,,,,,,,,,308.0,,,0.3546,69.581,7376.6
2023-01-15,204.0,,,,,,,,,,262.0,,,,72.4,7364.2
2023-01-16,204.0,6.81,13.892,2.84,2.75,2.795,1.155,58.96,5.701,204.0,360.0,18610.0,,0.5579,84.137,7283.7
2023-01-17,204.0,6.9,14.076,2.87,2.59,2.73,1.1,60.43,5.57,204.0,324.0,18818.0,,0.309,78.156,7353.0
2023-01-18,204.0,6.95,14.178,2.91,2.84,2.875,1.215,58.63,5.865,204.0,259.0,18518.0,,0.0,56.001,7437.9
2023-01-19,204.0,6.95,14.178,2.8,2.77,2.785,1.155,59.93,5.681,204.0,409.0,18758.0,,0.4268,64.808,7478.9
2023-01-20,204.0,6.82,13.913,2.78,2.75,2.765,1.15,59.46,5.64,204.0,310.0,18940.0,,0.3054,64.096,7403.4
2023-01-21,204.0,,,,,,,,,,277.0,,,0.1592,55.131,6754.7
2023-01-22,204.0,,,,,,,,,,257.0,,,,48.708,8052.0
2023-01-23,204.0,,,,,,,,,,261.0,,,0.0,34.901,7216.0
2023-01-24,204.0,,,,,,,,,,278.0,,,0.482,52.88,
2023-01-25,204.0,5.9,12.036,2.73,2.59,2.66,1.11,54.92,5.426,204.0,334.0,18258.0,,0.1576,47.002,6531.2
2023-01-26,204.0,,,,,,,,,,271.0,,,0.4927,62.169,7030.4
2023-01-27,204.0,6.31,12.872,2.78,2.65,2.715,1.115,56.97,5.539,204.0,370.0,18418.0,,0.0,44.546,7334.0
2023-01-28,204.0,,,,,,,,,,318.0,,,0.4865,60.054,7682.8
2023-01-29,204.0,,,,,,,,,,274.0,,,,71.166,7873.8
2023-01-30,204.0,7.18,14.647,2.8,2.69,2.745,1.155,61.77,5.6,204.0,350.0,18188.0,,0.5278,81.515,8036.4
2023-01-31,204.0,7.39,15.076,2.85,2.75,2.8,1.185,62.11,5.712,204.0,256.0,18340.0,,0.2766,74.404,8031.9
2023-02-01,204.0,7.23,14.749,2.78,2.6,2.69,1.2,62.79,5.488,204.0,215.0,18428.0,,0.0,53.313,8040.2
2023-02-02,199.0,7.47,14.865,2.82,2.64,2.73,1.175,63.45,5.433,199.0,231.0,18268.0,,0.2187,49.602,7968.2
2023-02-03,204.0,7.51,15.32,2.84,2.7,2.77,1.205,63.12,5.65,204.0,294.0,18410.0,,0.4662,63.394,7853.8
2023-02-04,214.0,,,,,,,,,,325.0,,,0.5746,82.508,8175.1
2023-02-05,204.0,,,,,,,,,,341.0,,,,89.585,7757.8
2023-02-06,204.0,6.58,13.423,2.66,2.78,2.72,1.19,58.66,5.549,204.0,286.0,18538.0,,0.1766,74.402,7392.0
2023-02-07,204.0,,,,,,,,,,243.0,,,0.3436,73.182,7225.0
2023-02-08,204.0,7.03,14.341,2.85,2.81,2.83,1.22,59.74,5.774,204.0,279.0,18168.0,,0.6005,87.161,7298.5
2023-02-09,204.0,7.24,14.77,2.87,2.81,2.84,1.235,60.77,5.794,204.0,296.0,18098.0,,0.31,80.382,7596.6
2023-02-10,204.0,,,,,,,,,,182.0,,,0.0,57.597,7377.8
2023-02-11,204.0,,,,,,,,,,221.0,,,0.4778,68.898,7160.3
2023-02-12,204.0,,,,,,,,,,272.0,,,,76.996,6957.1
2023-02-13,204.0,6.78,13.831,2.82,2.63,2.725,1.02,59.81,5.559,204.0,331.0,18008.0,,0.5389,86.336,6932.2
2023-02-14,204.0,6.84,13.954,2.72,2.55,2.635,1.115,61.48,5.375,204.0,255.0,17868.0,,0.2833,78.243,6955.8
2023-02-15,204.0,7.23,14.749,2.63,2.59,2.61,1.205,63.9,5.324,204.0,374.0,17840.0,,0.0,56.063,7149.7
2023-02-16,204.0,7.16,14.606,2.68,2.61,2.645,1.205,63.06,5.395,204.0,261.0,17698.0,,0.4123,64.014,6894.8
2023-02-17,204.0,6.78,13.831,2.73,2.62,2.675,1.145,60.55,5.456,204.0,279.0,18148.0,,0.5482,77.569,7137.8
2023-02-18,204.0,,,,,,,,,,280.0,,,0.3531,75.998,7524.0
2023-02-19,204.0,,,,,,,,,,274.0,,,,74.873,7626.2
2023-02-20,198.0,6.88,13.622,2.75,2.59,2.67,1.165,61.19,5.287,198.0,288.0,18468.0,,0.2013,63.372,7321.5
2023-02-21,192.0,6.75,12.96,2.72,2.61,2.665,1.155,60.52,5.117,192.0,298.0,18338.0,,0.439,67.925,6772.2
2023-02-22,192.0,,,,,,,,,,294.0,,,0.5982,81.228,6629.9
2023-02-23,187.0,7.27,13.595,2.72,2.61,2.665,1.115,63.34,4.984,187.0,287.0,18108.0,,0.4447,80.261,6873.6
2023-02-24,180.0,6.94,12.492,2.69,2.62,2.655,1.115,61.74,4.779,180.0,282.0,17868.0,,0.0,55.357,6549.9
2023-02-25,180.0,,,,,,,,,,274.0,,,0.6531,72.989,5816.1
2023-02-26,180.0,,,,,,,,,,226.0,,,,85.623,5207.3
2023-02-27,180.0,5.93,10.674,2.63,2.59,2.61,1.16,55.99,4.698,180.0,210.0,17828.0,,0.5499,89.41,4976.1
2023-02-28,180.0,6.18,11.124,2.56,2.72,2.64,1.195,57.28,4.752,180.0,261.0,17910.0,,0.3951,84.223,5058.2
2023-03-01,166.0,,,,,,,,,,65.0,,,0.0,55.654,4800.9
2023-03-02,136.0,5.73,7.793,2.59,2.67,2.63,1.095,54.1,3.577,136.0,86.0,18118.0,,0.3945,47.881,3828.5
2023-03-03,180.0,5.34,9.612,2.5,2.79,2.645,1.2,50.47,4.761,180.0,220.0,18058.0,,0.4733,69.557,4498.1
2023-03-04,180.0,,,,,,,,,,228.0,,,0.5556,78.188,4638.3
2023-03-05,180.0,,,,,,,,,,265.0,,,,84.373,4868.3
2023-03-06,180.0,5.75,10.35,2.53,2.41,2.47,1.155,57.04,4.446,180.0,218.0,18408.0,,0.28,74.744,5257.0
2023-03-07,180.0,6.89,12.402,2.62,2.53,2.575,1.065,62.63,4.635,180.0,228.0,18238.0,,0.3664,72.252,5985.7
2023-03-08,180.0,,,,,,,,,,254.0,,,0.9001,97.699,5242.0
2023-03-09,180.0,6.27,11.286,2.56,2.61,2.585,1.145,58.77,4.653,180.0,261.0,18048.0,,0.5299,97.045,6444.8
2023-03-10,180.0,6.18,11.124,2.52,2.58,2.55,1.12,58.74,4.59,180.0,304.0,18110.0,,0.0,69.536,5065.3
2023-03-11,180.0,,,,,,,,,,218.0,,,0.6164,81.277,5226.3
2023-03-12,180.0,,,,,,,,,,296.0,,,,89.69,5799.1
2023-03-13,167.0,5.3,8.851,2.54,2.67,2.605,1.06,50.85,4.35,167.0,219.0,18318.0,,0.4215,79.58,5430.8
2023-03-14,139.0,,,,,,,,,,219.0,,,0.4039,63.377,4367.9
2023-03-15,174.0,6.61,11.501,2.48,2.42,2.45,0.89,62.93,4.263,174.0,222.0,18220.0,,0.3462,73.924,5968.6
2023-03-16,168.0,,,,,,,,,,223.0,,,0.5553,77.587,5779.2
2023-03-17,168.0,5.33,8.954,2.44,2.54,2.49,1.17,53.28,4.183,168.0,287.0,18068.0,,0.7231,90.027,5407.6
2023-03-18,168.0,,,,,,,,,,249.0,,,0.4455,85.725,5316.2
2023-03-19,168.0,,,,,,,,,,220.0,,,,82.642,5385.2
2023-03-20,168.0,4.48,7.526,2.48,2.52,2.5,1.1,44.2,4.2,168.0,220.0,17958.0,,0.2373,70.515,5240.1
2023-03-21,168.0,4.9,8.232,2.51,2.53,2.52,1.125,48.57,4.234,168.0,226.0,17640.0,,0.4969,74.191,5025.0
2023-03-22,168.0,4.49,7.543,2.61,2.44,2.525,1.225,43.76,4.242,168.0,250.0,17418.0,,0.9223,97.084,4990.6
2023-03-23,168.0,,,,,,,,,,222.0,,,0.4577,91.362,4965.0
2023-03-24,168.0,,,,,,,,,,91.0,,,0.2721,78.421,4651.0
2023-03-25,168.0,,,,,,,,,,154.0,,,0.3636,73.508,4714.0
2023-03-26,168.0,,,,,,,,,,0.0,,,,69.988,
2023-03-27,162.0,5.02,8.132,2.5,2.5,2.5,1.005,50.2,4.05,162.0,213.0,18448.0,,0.6044,76.113,5193.2
2023-03-28,168.0,5.2,8.736,2.76,2.57,2.665,1.185,48.75,4.477,168.0,186.0,18168.0,,0.414,76.275,5509.7
2023-03-29,168.0,5.14,8.635,2.69,2.58,2.635,1.18,48.74,4.426,168.0,149.0,18200.0,,0.5054,78.723,5545.3
2023-03-30,168.0,4.91,8.249,2.54,2.32,2.43,1.135,50.51,4.082,168.0,82.0,18008.0,,0.4881,79.65,5623.5
2023-03-31,168.0,,,,,,,,,,228.0,,,0.6876,89.817,5106.7
2023-04-01,168.0,,,,,,,,,,230.0,,,0.6007,92.963,4713.6
2023-04-02,168.0,,,,,,,,,,305.0,,,,95.217,4776.5
2023-04-03,168.0,4.54,7.627,2.42,2.46,2.44,1.095,46.26,4.099,168.0,204.0,17728.0,,0.1998,77.741,5175.2
2023-04-04,168.0,5.12,8.602,2.48,2.44,2.46,1.075,51.95,4.133,168.0,240.0,17580.0,,0.6039,84.465,5086.5
2023-04-05,168.0,,,,,,,,,,237.0,,,0.4642,82.626,5136.2
2023-04-06,168.0,4.43,7.442,2.61,2.5,2.555,1.055,42.33,4.292,168.0,229.0,17418.0,,0.3921,77.879,4901.3
2023-04-07,168.0,4.58,7.694,2.58,2.47,2.525,1.07,44.87,4.242,168.0,239.0,17535.0,,0.0,55.803,4938.4
2023-04-08,168.0,,,,,,,,,,184.0,,,0.5463,66.0,4879.7
2023-04-09,168.0,,,,,,,,,,243.0,,,,73.306,4895.1
2023-04-10,168.0,4.28,7.19,2.54,2.41,2.475,1.065,42.17,4.158,168.0,242.0,17848.0,,0.6391,82.964,5097.2
2023-04-11,168.0,4.46,7.493,2.56,2.49,2.525,1.07,43.39,4.242,168.0,241.0,17928.0,,0.3946,78.238,4985.8
2023-04-12,168.0,4.51,7.577,2.49,2.46,2.475,1.07,45.12,4.158,168.0,242.0,18110.0,,0.0,56.06,4749.6
2023-04-13,168.0,,,,,,,,,,228.0,,,0.4217,60.251,4541.8
2023-04-14,168.0,,,,,,,,,,243.0,,,0.6558,74.403,4634.4
2023-04-15,168.0,,,,,,,,,,242.0,,,0.4314,73.859,4874.8
2023-04-16,168.0,,,,,,,,,,227.0,,,,73.469,
2023-04-17,168.0,4.62,7.762,2.49,2.22,2.355,0.86,49.03,3.956,168.0,149.0,17868.0,,0.2776,65.864,4966.0
2023-04-18,168.0,4.43,7.442,2.54,2.47,2.505,1.135,43.45,4.208,168.0,196.0,17608.0,,0.3455,63.646,4971.6
2023-04-19,168.0,4.59,7.711,2.49,2.4,2.445,1.09,46.73,4.108,168.0,221.0,18008.0,,0.6506,76.585,4969.5
2023-04-20,168.0,4.9,8.232,2.69,2.41,2.55,1.145,47.96,4.284,168.0,230.0,17640.0,,0.6443,85.558,5250.9
2023-04-21,168.0,,,,,,,,,,229.0,,,0.0,61.305,5430.5
2023-04-22,168.0,,,,,,,,,,155.0,,,0.5483,70.04,5555.0
2023-04-23,168.0,,,,,,,,,,49.0,,,,76.3,5653.5
2023-04-24,168.0,5.05,8.484,2.52,2.39,2.455,0.995,51.39,4.124,168.0,232.0,17428.0,,0.5876,82.655,5689.7
2023-04-25,168.0,5.01,8.417,2.64,2.59,2.615,1.13,47.8,4.394,168.0,249.0,17408.0,,0.4493,80.62,5470.8
2023-04-26,168.0,4.78,8.03,2.46,2.39,2.425,1.085,49.27,4.074,168.0,256.0,17378.0,,0.0,57.767,5488.6
2023-04-27,168.0,4.91,8.249,2.49,2.4,2.445,0.895,50.2,4.108,168.0,241.0,17610.0,,0.8536,82.043,5535.5
2023-04-28,168.0,,,,,,,,,,238.0,,,0.5309,84.07,5511.8
2023-04-29,168.0,,,,,,,,,,196.0,,,0.0,60.239,5582.8
2023-04-30,170.0,,,,,,,,,,59.0,,,,43.677,5553.6
2023-05-01,166.0,5.19,8.615,2.53,2.29,2.41,1.05,53.56,4.001,166.0,241.0,17858.0,,0.2015,40.042,5823.1
2023-05-02,168.0,5.26,8.837,2.49,2.36,2.425,1.05,53.9,4.074,168.0,241.0,17528.0,,0.4139,48.75,5608.9
2023-05-03,168.0,4.7,7.896,2.54,2.32,2.43,1.055,48.3,4.082,168.0,253.0,17710.0,,0.589,62.98,5587.8
2023-05-04,168.0,4.62,7.762,2.52,2.36,2.44,1.045,47.19,4.099,168.0,262.0,17638.0,,0.6386,75.54,5691.1
2023-05-05,168.0,,,,,,,,,,227.0,,,0.0,54.127,5785.0
2023-05-06,168.0,,,,,,,,,,118.0,,,0.549,64.928,5482.7
2023-05-07,168.0,,,,,,,,,,170.0,,,,72.668,5272.3
2023-05-08,168.0,4.68,7.862,2.5,2.37,2.435,0.945,47.97,4.091,168.0,250.0,17848.0,,0.4983,75.799,5194.9
2023-05-09,168.0,4.89,8.215,2.63,2.38,2.505,1.03,48.77,4.209,168.0,242.0,17928.0,,0.3308,70.067,5287.0
2023-05-10,168.0,5.15,8.652,2.57,2.39,2.48,1.035,51.84,4.167,168.0,217.0,17758.0,,0.0,50.205,5412.8
2023-05-11,168.0,4.78,8.03,2.66,2.55,2.605,1.225,45.5,4.376,168.0,246.0,17910.0,,0.3402,52.175,5478.9
2023-05-12,168.0,,,,,,,,,,232.0,,,0.0,37.385,5678.8
2023-05-13,168.0,,,,,,,,,,227.0,,,0.6588,58.16,5740.3
2023-05-14,168.0,,,,,,,,,,220.0,,,,73.047,5571.5
2023-05-15,168.0,4.93,8.282,2.59,2.38,2.485,0.94,49.59,4.175,168.0,234.0,18008.0,,0.336,68.342,5738.2
2023-05-16,168.0,5.05,8.484,2.55,2.49,2.52,1.01,50.1,4.234,168.0,226.0,17768.0,,0.4345,69.659,5531.2
2023-05-17,168.0,5.2,8.736,2.61,2.52,2.565,1.085,50.67,4.309,168.0,226.0,17780.0,,0.367,67.388,5630.1
2023-05-18,168.0,,,,,,,,,,239.0,,,0.398,67.239,5535.3
2023-05-19,168.0,5.11,8.585,2.54,2.48,2.51,1.02,50.88,4.217,168.0,248.0,17908.0,,0.4504,69.629,5491.0
2023-05-20,162.0,,,,,,,,,,251.0,,,0.5647,74.041,5425.5
2023-05-21,168.0,,,,,,,,,,244.0,,,,81.909,5578.0
2023-05-22,168.0,4.9,8.232,2.65,2.49,2.57,1.035,47.55,4.318,168.0,253.0,18108.0,,0.4652,80.843,5659.2
2023-05-23,168.0,4.79,8.047,2.59,2.51,2.55,1.025,46.76,4.284,168.0,257.0,18210.0,,0.4295,78.379,5414.2
2023-05-24,168.0,4.71,7.913,2.66,2.29,2.475,0.935,47.45,4.158,168.0,233.0,18248.0,,0.0,56.161,5386.8
2023-05-25,168.0,4.66,7.829,2.55,2.46,2.505,1.08,46.24,4.209,168.0,225.0,18400.0,,0.6916,73.178,5204.5
2023-05-26,168.0,4.37,7.342,2.69,2.62,2.655,1.19,39.24,4.461,168.0,210.0,18008.0,,0.3721,70.153,5097.2
2023-05-27,168.0,,,,,,,,,,211.0,,,0.5446,76.202,5024.0
2023-05-28,168.0,,,,,,,,,,214.0,,,,80.536,5094.4
2023-05-29,172.0,4.43,7.62,2.55,2.38,2.465,0.885,44.36,4.24,172.0,216.0,17688.0,,0.1559,66.684,5083.9
2023-05-30,180.0,4.15,7.47,2.48,2.48,2.48,1.035,40.24,4.464,180.0,205.0,17900.0,,0.4747,74.223,5135.4
2023-05-31,180.0,4.26,7.668,2.56,2.49,2.525,1.06,40.73,4.545,180.0,200.0,18078.0,,0.3671,71.914,5026.0
2023-06-01,180.0,4.2,7.56,2.52,2.49,2.505,1.055,40.36,4.509,180.0,195.0,17940.0,,0.5399,79.075,4973.9
2023-06-02,180.0,4.89,8.802,2.61,2.52,2.565,1.17,47.55,4.617,180.0,198.0,17658.0,,0.3994,77.037,4716.7
2023-06-03,180.0,,,,,,,,,,199.0,,,0.5434,82.926,4727.7
2023-06-04,180.0,,,,,,,,,,195.0,,,,87.145,4627.4
2023-06-05,180.0,3.5,6.3,2.59,2.52,2.555,1.045,27.0,4.599,180.0,206.0,18178.0,,0.1848,71.873,4623.4
2023-06-06,180.0,4.43,7.974,2.55,2.33,2.44,1.085,44.92,4.392,180.0,206.0,17970.0,,0.3486,69.284,4625.7
2023-06-07,186.0,4.02,7.477,,2.5,2.5,1.02,37.81,4.65,186.0,242.0,,,0.4579,75.444,4964.6
2023-06-08,192.0,4.21,8.083,,2.48,2.48,1.05,41.09,4.762,192.0,265.0,,,0.5255,84.402,5152.1
2023-06-09,196.0,4.14,8.114,,2.51,2.51,1.12,39.37,4.92,196.0,206.0,,,0.3336,80.273,5378.4
2023-06-10,192.0,,,,,,,,,,215.0,,,0.5712,87.435,5446.4
2023-06-11,192.0,,,,,,,,,,256.0,,,,93.74,5435.2
2023-06-12,192.0,,,,,,,,,,206.0,,,0.3417,85.763,5305.4
2023-06-13,192.0,5.3,10.176,,2.51,2.51,1.02,52.64,4.819,192.0,217.0,,,0.3331,79.581,5378.8
2023-06-14,192.0,4.16,7.987,,2.39,2.39,1.01,42.55,4.589,192.0,266.0,,,0.5199,85.319,5430.0
2023-06-15,193.0,4.08,7.874,,2.46,2.46,1.04,39.71,4.747,193.0,230.0,,,0.3994,83.302,5343.6
2023-06-16,192.0,4.8,9.216,2.6,2.45,2.525,1.155,47.4,4.848,192.0,196.0,18208.0,,0.3243,77.03,5601.7
2023-06-17,192.0,,,,,,,,,,238.0,,,0.4903,81.88,5639.9
2023-06-18,182.0,,,,,,,,,,151.0,,,,80.909,5350.8
2023-06-19,192.0,4.93,9.466,2.49,2.3,2.395,0.795,51.42,4.599,192.0,202.0,17898.0,,0.2335,73.866,5625.9
2023-06-20,192.0,6.24,11.981,2.44,2.47,2.455,1.07,60.66,4.713,192.0,267.0,18068.0,,0.4099,75.237,5871.8
2023-06-21,192.0,5.55,10.656,2.56,2.3,2.43,0.79,56.22,4.665,192.0,295.0,18210.0,,0.1838,63.916,6401.2
2023-06-22,192.0,4.98,9.562,2.58,2.38,2.48,0.825,50.2,4.762,192.0,267.0,18408.0,,0.4812,71.99,6388.1
2023-06-23,192.0,,,,,,,,,,281.0,,,0.3046,68.162,6184.1
2023-06-24,192.0,,,,,,,,,,249.0,,,0.5677,79.74,6173.0
2023-06-25,192.0,,,,,,,,,,260.0,,,1.0,111.562,6132.9
2023-06-26,192.0,4.21,8.083,2.69,2.48,2.585,1.09,38.6,4.963,192.0,267.0,18268.0,,0.3688,100.012,6131.8
2023-06-27,192.0,4.48,8.602,2.5,2.59,2.545,0.94,43.19,4.887,192.0,259.0,18110.0,,0.3321,89.739,6188.1
2023-06-28,192.0,6.83,13.114,2.51,2.48,2.495,0.995,63.47,4.791,192.0,259.0,18198.0,,0.3061,80.96,6495.3
2023-06-29,198.0,4.54,8.989,2.73,2.67,2.7,1.345,40.53,5.346,198.0,257.0,17958.0,,0.2595,74.386,6730.8
2023-06-30,212.0,4.61,9.773,2.71,2.62,2.665,1.25,42.19,5.65,212.0,253.0,17920.0,,0.0,57.069,6931.3
2023-07-01,216.0,,,,,,,,,,222.0,,,0.3633,63.908,6832.0
2023-07-02,216.0,,,,,,,,,,255.0,,,,68.037,6806.3
2023-07-03,216.0,4.4,9.504,2.7,2.49,2.595,1.145,41.02,5.605,216.0,231.0,18558.0,,0.4869,78.565,6764.0
2023-07-04,216.0,4.73,10.217,2.68,2.595,2.638,1.038,44.23,5.698,216.0,259.0,18048.0,,0.285,73.747,7109.2
2023-07-05,219.0,12.67,27.747,2.79,2.6,2.695,1.21,78.73,5.902,219.0,266.0,17640.0,,0.0,53.576,7570.4
2023-07-06,220.0,6.52,14.344,2.95,3.25,3.1,1.525,52.45,6.821,220.0,267.0,17308.0,,0.4616,67.351,7557.3
2023-07-07,216.0,5.97,12.895,2.89,2.94,2.915,1.43,51.17,6.297,216.0,238.0,17598.0,,0.1861,58.778,7785.4
2023-07-08,216.0,,,,,,,,,,242.0,,,0.3547,63.837,7790.7
2023-07-09,216.0,,,,,,,,,,213.0,,,1.0,106.97,7672.5
2023-07-10,216.0,6.24,13.478,3.17,2.86,3.015,1.285,51.68,6.513,216.0,254.0,18218.0,,0.1257,84.345,7405.5
2023-07-11,216.0,5.71,12.334,3.39,2.85,3.12,1.37,45.36,6.739,216.0,252.0,18010.0,,0.3217,80.132,7385.2
2023-07-12,216.0,,,,,,,,,,202.0,,,0.5035,88.247,7244.9
2023-07-13,216.0,5.63,12.161,3.19,3.02,3.105,1.405,44.85,6.707,216.0,313.0,18608.0,,0.3142,82.472,7257.8
2023-07-14,224.0,6.04,13.53,3.05,2.96,3.005,1.38,50.25,6.731,224.0,318.0,18860.0,,0.1988,73.909,7370.3
2023-07-15,228.0,,,,,,,,,,196.0,,,0.4024,79.912,7552.5
2023-07-16,228.0,,,,,,,,,,278.0,,,,83.268,7603.8
2023-07-17,224.0,6.18,13.843,3.61,3.31,3.46,1.64,44.01,7.751,224.0,256.0,17490.0,,0.4934,89.944,7318.5
2023-07-18,220.0,7.01,15.422,3.38,2.78,3.08,1.445,56.06,6.776,220.0,274.0,17008.0,,0.2741,80.391,7143.5
2023-07-19,216.0,6.33,13.673,3.25,3.13,3.19,1.525,49.61,6.89,216.0,307.0,17458.0,,0.0,56.556,7139.9
2023-07-20,216.0,5.73,12.377,3.15,3.14,3.145,1.475,45.11,6.794,216.0,230.0,17620.0,,0.2768,57.475,7148.0
2023-07-21,216.0,3.32,7.171,3.57,2.99,3.28,1.745,1.2,7.085,216.0,243.0,17108.0,,0.3646,63.509,7276.1
2023-07-22,216.0,,,,,,,,,,302.0,,,0.2295,59.557,7297.6
2023-07-23,216.0,,,,,,,,,,243.0,,,1.0,103.904,7490.4
2023-07-24,216.0,4.91,10.606,3.36,2.96,3.16,1.385,35.64,6.826,216.0,138.0,17428.0,,0.3927,98.497,7658.9
2023-07-25,216.0,5.11,11.038,3.6,3.25,3.425,1.935,32.97,7.399,216.0,297.0,17298.0,,0.3278,90.647,7534.7
2023-07-26,216.0,,,,,,,,,,358.0,,,0.3892,88.781,7468.1
2023-07-27,216.0,4.69,10.13,3.46,2.95,3.205,1.435,31.66,6.923,216.0,344.0,17768.0,,0.2647,79.823,7810.0
2023-07-28,216.0,4.58,9.893,3.32,2.92,3.12,1.335,31.88,6.739,216.0,320.0,18020.0,,0.3101,76.184,7992.3
2023-07-29,216.0,,,,,,,,,,324.0,,,0.3686,77.156,8117.3
2023-07-30,216.0,,,,,,,,,,321.0,,,,77.853,8327.1
2023-07-31,216.0,4.53,9.785,3.21,2.94,3.075,1.31,32.12,6.642,216.0,294.0,18468.0,,0.0,55.784,8402.0
2023-08-01,216.0,5.56,12.01,3.1,2.75,2.925,1.315,47.39,6.318,216.0,350.0,18210.0,,0.4482,67.415,8515.5
2023-08-02,216.0,5.82,12.571,3.24,2.89,3.065,1.36,47.34,6.62,216.0,358.0,18408.0,,0.2808,65.499,8503.1
2023-08-03,216.0,6.64,14.342,3.33,3.04,3.185,1.495,52.03,6.88,216.0,319.0,17868.0,,0.3275,66.982,8398.1
2023-08-04,216.0,7.12,15.379,3.21,2.82,3.015,1.435,57.65,6.513,216.0,320.0,18108.0,,0.3974,72.326,8209.1
2023-08-05,216.0,,,,,,,,,,350.0,,,0.1101,58.565,8253.8
2023-08-06,216.0,,,,,,,,,,259.0,,,,48.705,8303.6
2023-08-07,216.0,6.83,14.753,2.91,2.75,2.83,1.04,58.57,6.112,216.0,232.0,18438.0,,0.1636,44.916,7441.1
2023-08-08,216.0,6.94,14.99,3.17,2.75,2.96,1.43,57.35,6.393,216.0,330.0,18208.0,,0.3984,56.577,7123.4
2023-08-09,216.0,7.05,15.228,3.1,2.82,2.96,1.365,58.01,6.394,216.0,310.0,18028.0,,0.39,64.416,7391.5
2023-08-10,216.0,,,,,,,,,,327.0,,,0.2698,62.676,8020.6
2023-08-11,214.0,7.73,16.542,3.2,2.96,3.08,1.39,60.16,6.59,214.0,351.0,17888.0,,0.2135,57.445,8137.4
2023-08-12,218.0,,,,,,,,,,298.0,,,0.3588,64.1,8271.7
2023-08-13,216.0,,,,,,,,,,326.0,,,,67.475,7857.1
2023-08-14,216.0,7.19,15.53,3.13,3.11,3.12,1.415,56.61,6.738,216.0,283.0,17468.0,,0.3807,71.656,7350.9
2023-08-15,216.0,,,,,,,,,,318.0,,,0.3333,71.751,7100.4
2023-08-16,216.0,7.05,15.228,2.91,2.74,2.825,1.19,59.93,6.102,216.0,219.0,17718.0,,0.3657,73.804,7295.5
2023-08-17,216.0,7.53,16.265,3.02,2.92,2.97,1.29,60.56,6.415,216.0,248.0,17608.0,,0.3409,73.759,7523.2
2023-08-18,216.0,7.39,15.962,3.21,3.08,3.145,1.34,57.44,6.793,216.0,385.0,17818.0,,0.3768,75.924,7481.6
2023-08-19,216.0,,,,,,,,,,332.0,,,0.2347,68.773,7182.1
2023-08-20,216.0,,,,,,,,,,320.0,,,,63.649,7040.6
2023-08-21,216.0,7.63,16.481,2.94,2.8,2.87,1.035,62.39,6.199,216.0,310.0,18008.0,,0.1695,55.982,7095.9
2023-08-22,211.0,7.5,15.825,3.12,2.83,2.975,1.385,60.33,6.278,211.0,325.0,18268.0,,0.5477,71.944,7383.7
2023-08-23,204.0,7.57,15.443,3.29,2.91,3.1,1.38,59.05,6.324,204.0,317.0,17898.0,,0.3372,69.341,7196.9
2023-08-24,204.0,7.43,15.157,2.99,2.74,2.865,1.14,61.44,5.845,204.0,313.0,17968.0,,0.4607,76.328,7439.4
2023-08-25,204.0,7.22,14.729,3.05,2.93,2.99,1.22,58.59,6.099,204.0,306.0,18128.0,,0.2535,69.354,7449.5
2023-08-26,204.0,,,,,,,,,,345.0,,,0.4042,73.066,7084.4
2023-08-27,204.0,,,,,,,,,,268.0,,,,75.726,6364.4
2023-08-28,198.0,,,,,,,,,,331.0,,,0.4494,77.888,5997.5
2023-08-29,192.0,6.82,13.094,2.98,2.89,2.935,1.175,56.96,5.636,192.0,309.0,18418.0,,0.2725,68.946,6353.2
2023-08-30,192.0,7.82,15.014,2.97,2.79,2.88,1.19,63.17,5.53,192.0,303.0,18608.0,,0.0,49.402,6631.1
2023-08-31,192.0,7.89,15.149,2.79,2.64,2.715,1.085,65.59,5.213,192.0,255.0,18348.0,,0.3712,55.601,6766.8
2023-09-01,192.0,7.53,14.458,2.84,2.57,2.705,1.035,64.08,5.193,192.0,267.0,18058.0,,0.5012,67.12,6679.9
2023-09-02,192.0,,,,,,,,,,392.0,,,0.424,71.168,6553.0
2023-09-03,192.0,,,,,,,,,,331.0,,,,74.069,5841.4
2023-09-04,176.0,7.39,13.006,2.97,2.74,2.855,1.23,61.37,5.024,176.0,231.0,18208.0,,0.4082,69.013,5853.1
2023-09-05,186.0,7.76,14.434,2.92,2.64,2.78,1.12,64.18,5.17,186.0,255.0,17868.0,,0.4637,76.71,6775.2
2023-09-06,180.0,7.59,13.662,3.11,2.89,3.0,1.295,60.47,5.401,180.0,217.0,18138.0,,0.2145,64.135,6409.6
2023-09-07,180.0,,,,,,,,,,194.0,,,0.3338,62.985,6373.5
2023-09-08,180.0,7.62,13.716,3.53,2.74,3.135,1.245,58.86,5.643,180.0,203.0,18208.0,,0.3738,64.202,6406.4
2023-09-09,180.0,,,,,,,,,,192.0,,,0.3727,65.02,6401.6
2023-09-10,180.0,,,,,,,,,,192.0,,,,65.606,5931.6
2023-09-11,180.0,,,,,,,,,,198.0,,,0.5284,73.968,5395.5
2023-09-12,180.0,6.8,12.24,3.05,2.67,2.86,1.165,57.94,5.148,180.0,180.0,18418.0,,0.2675,66.65,5409.5
2023-09-13,180.0,6.89,12.402,2.93,2.67,2.8,1.08,59.36,5.04,180.0,166.0,18608.0,,0.2151,58.732,5606.0
2023-09-14,180.0,6.86,12.348,3.14,2.74,2.94,1.245,57.14,5.292,180.0,187.0,18008.0,,0.3029,57.541,5791.3
2023-09-15,180.0,6.51,11.718,2.88,2.82,2.85,1.13,56.22,5.13,180.0,255.0,18428.0,,0.2411,53.532,5748.9
2023-09-16,180.0,,,,,,,,,,257.0,,,0.5851,68.21,6005.1
2023-09-17,180.0,,,,,,,,,,228.0,,,,78.727,6046.3
