date,pH,온도,VFA_ALK,FAN,TAN,알칼리도,VFA,OLR,HRT,온도변화,CH4함량,수율,예측이탈,종합,관측지표수,소화조_pH,소화조_온도,yield
2018-01-01,,0.0,,,,,,,0.0,,,,,0.0,2,,37.95,
2018-01-02,0.0,0.0,0.21058663197670818,232.89389970938433,,,,1.528725,0.0,0.0,0.0,1.0,2.0,2.0,9,7.82,37.95,0.6948012232415903
2018-01-03,0.0,0.0,0.21122571663608175,,,,,1.6641375,0.0,0.0,0.0,1.0,0.0,1.0,9,7.855,37.95,0.651971742118665
2018-01-04,0.0,0.0,0.2132699930787139,,,,,1.5984,0.0,0.0,0.0,1.0,0.0,1.0,9,7.82,37.55,0.6580119181681681
2018-01-05,,,,,,,,,0.0,,,,,0.0,1,,,
2018-01-06,,,,,,,,,0.0,,,,,0.0,1,,,
2018-01-07,,,,,,,,,0.0,,,,,0.0,1,,,
2018-01-08,0.0,0.0,0.204654157468727,268.6666524173682,,,,0.8699624999999999,0.0,,0.0,2.0,2.0,2.0,8,7.890000000000001,38.05,0.5614481946060894
2018-01-09,0.0,0.0,0.21032690380761523,,,,,1.46645,0.0,0.0,0.0,2.0,0.0,2.0,9,7.885,38.1,0.5676399638582972
2018-01-10,0.0,0.0,0.20882296893857588,,,,,1.060775,0.0,0.0,0.0,1.0,0.0,1.0,9,7.85,38.2,0.6163123070396644
2018-01-11,0.0,0.0,0.20637829912023462,,,,,1.5861875,0.0,0.0,0.0,2.0,0.0,2.0,9,7.84,38.05,0.554094645179085
2018-01-12,,,,,,,,,0.0,,,,,0.0,1,,,
2018-01-13,,,,,,,,,0.0,,,,,0.0,1,,,
2018-01-14,,,,,,,,,0.0,,,,,0.0,1,,,
2018-01-15,0.0,0.0,0.20894303837216605,292.2157294246968,,,,0.9191250000000001,0.0,,0.0,2.0,0.0,2.0,8,7.984999999999999,38.15000000000001,0.5898873929008567
2018-01-16,0.0,0.0,0.20960916106547176,,,,,1.6265375,0.0,0.0,0.0,2.0,1.0,2.0,9,7.95,38.05,0.5502895337488377
2018-01-17,0.0,0.0,0.2128190548395249,,,,,1.2728,0.0,0.0,0.0,1.0,0.0,1.0,9,7.965,37.95,0.618754714016342
2018-01-18,0.0,0.0,0.21072736456623312,,,,,0.6545,0.0,0.0,0.0,1.0,1.0,1.0,9,7.845,38.0,0.6807224025974026
2018-01-19,,,,,,,,,0.0,,,,,0.0,1,,,
2018-01-20,,,,,,,,,0.0,,,,,0.0,1,,,
2018-01-21,,,,,,,,,0.0,,,,,0.0,1,,,
2018-01-22,0.0,0.0,0.207342458840598,278.9040193579765,,,,0.5615625,0.0,,0.0,2.0,0.0,2.0,8,7.895,38.25,0.5811836393989984
2018-01-23,0.0,0.0,0.20695491122748755,,,,,1.369425,0.0,0.0,0.0,2.0,1.0,2.0,9,7.96,37.95,0.5194397283531409
2018-01-24,0.0,0.0,0.20371528646484863,,,,,1.1894,0.0,0.0,0.0,2.0,0.0,2.0,9,7.86,38.25,0.5439318143601816
2018-01-25,0.0,0.0,0.20350404312668463,,,,,0.539875,0.0,0.0,0.0,0.0,0.0,0.0,9,8.004999999999999,38.05,0.7546924056494559
2018-01-26,,,,,,,,,0.0,,,,,0.0,1,,,
2018-01-27,,,,,,,,,0.0,,,,,0.0,1,,,
2018-01-28,,,,,,,,,0.0,,,,,0.0,1,,,
2018-01-29,0.0,0.0,0.1945869990224829,256.79037490763807,,,,1.4482000000000002,0.0,,0.0,2.0,0.0,2.0,8,7.885,38.0,0.5242690063527137
2018-01-30,0.0,0.0,0.1993970985367079,,,,,1.4408625,0.0,0.0,0.0,2.0,0.0,2.0,9,7.93,38.1,0.5479103661869195
2018-01-31,0.0,0.0,0.19371274754854836,,,,,1.503,0.0,0.0,0.0,2.0,0.0,2.0,9,7.84,37.84999999999999,0.5229018629407851
2018-02-01,0.0,0.0,0.19940398218496203,,,,,1.47925,0.0,0.0,0.0,2.0,0.0,2.0,9,7.845,38.0,0.5310251816799054
2018-02-02,,,,,,,,,0.0,,,,,0.0,1,,,
2018-02-03,,,,,,,,,0.0,,,,,0.0,1,,,
2018-02-04,,,,,,,,,0.0,,,,,0.0,1,,,
2018-02-05,0.0,0.0,0.20060947934902418,307.8342853648109,,,,0.983225,0.0,,0.0,2.0,0.0,2.0,8,7.96,38.25,0.5169138549162196
2018-02-06,0.0,0.0,0.19764021440711205,,,,,0.9652499999999999,0.0,0.0,0.0,2.0,0.0,2.0,9,7.84,37.95,0.5891240611240612
2018-02-07,0.0,0.0,0.20398891609743525,,,,,1.158,0.0,0.0,0.0,2.0,0.0,2.0,9,7.975,37.95,0.5743675518134714
2018-02-08,0.0,0.0,0.19999355587060189,,,,,1.251775,0.0,0.0,0.0,2.0,0.0,2.0,9,7.83,37.65000000000001,0.5755013880289988
2018-02-09,,,,,,,,,0.0,,,,,0.0,1,,,
2018-02-10,,,,,,,,,0.0,,,,,0.0,1,,,
2018-02-11,,,,,,,,,0.0,,,,,0.0,1,,,
2018-02-12,0.0,0.0,0.2112102404965089,215.6716582861234,,,,0.8079625,0.0,,0.0,3.0,0.0,3.0,8,7.83,38.15000000000001,0.48658786762999523
2018-02-13,0.0,0.0,0.19661416820761335,,,,,1.38225,0.0,0.0,0.0,2.0,0.0,2.0,9,7.88,37.95,0.515280701754386
2018-02-14,0.0,0.0,0.19887237314197848,,,,,0.988,0.0,0.0,0.0,2.0,0.0,2.0,9,7.995,38.1,0.5043453947368421
2018-02-15,,,,,,,,,0.0,,,,,0.0,1,,,
2018-02-16,,,,,,,,,0.0,,,,,0.0,1,,,
2018-02-17,,,,,,,,,0.0,,,,,0.0,1,,,
2018-02-18,,,,,,,,,0.0,,,,,0.0,1,,,
2018-02-19,0.0,0.0,0.2026922829788601,254.88567489400597,,,,1.40125,0.0,,0.0,3.0,0.0,3.0,8,7.875,38.0,0.3866079393398751
2018-02-20,0.0,0.0,0.3007820042479243,,,,,1.257075,0.0,0.0,0.0,3.0,0.0,3.0,9,7.835,37.95,0.4567970288168963
2018-02-21,0.0,0.0,0.2123676489348131,,,,,1.1398499999999998,0.0,0.0,0.0,2.0,0.0,2.0,9,7.92,37.84999999999999,0.506848269509146
2018-02-22,0.0,0.0,0.19871205151793928,,,,,0.6071,0.0,0.0,,0.0,3.0,3.0,8,7.845,38.05,3.99359887168506
2018-02-23,,,,,,,,,0.0,,,,,0.0,1,,,
2018-02-24,,,,,,,,,0.0,,,,,0.0,1,,,
2018-02-25,,,,,,,,,0.0,,,,,0.0,1,,,
2018-02-26,0.0,0.0,0.2035967019411803,,,,,1.3805999999999998,0.0,,0.0,3.0,3.0,3.0,8,7.824999999999999,37.8,0.4853803147182385
2018-02-27,0.0,0.0,0.2064501402204396,,,,,1.3966875,0.0,0.0,0.0,2.0,0.0,2.0,9,8.02,38.05,0.5364019331453888
2018-02-28,0.0,0.0,0.20511159340481358,,,,,0.8386874999999999,0.0,0.0,0.0,0.0,0.0,0.0,9,7.875,38.15000000000001,0.9777785975109922
2018-03-01,,,,,,,,,0.0,,,,,0.0,1,,,
2018-03-02,,,,,,,,,0.0,,,,,0.0,1,,,
2018-03-03,,,,,,,,,0.0,,,,,0.0,1,,,
2018-03-04,,,,,,,,,0.0,,,,,0.0,1,,,
2018-03-05,0.0,0.0,0.20476221371569453,375.6558259571855,,,,1.6272,0.0,,0.0,1.0,0.0,1.0,8,8.05,37.9,0.6123870759587021
2018-03-06,1.0,0.0,0.2057150330216439,,,,,0.8565,0.0,0.0,0.0,0.0,0.0,1.0,9,8.1,38.05,0.8537819614711031
2018-03-07,0.0,0.0,0.2091896845136798,,,,,1.4148,0.0,0.0,0.0,1.0,0.0,1.0,9,8.07,38.0,0.6420211337291489
2018-03-08,0.0,0.0,0.20892323678399793,,,,,1.5205499999999998,0.0,0.0,0.0,2.0,0.0,2.0,9,8.015,38.0,0.5635851336687383
2018-03-09,,,,,,,,,0.0,,,,,0.0,1,,,
2018-03-10,,,,,,,,,0.0,,,,,0.0,1,,,
2018-03-11,,,,,,,,,0.0,,,,,0.0,1,,,
2018-03-12,0.0,0.0,0.2303956952555942,223.63591336089658,,,,1.34945,0.0,,0.0,0.0,2.0,2.0,8,7.79,37.95,0.8940516506724963
2018-03-13,0.0,0.0,0.21289179977277284,,,,,1.5675,0.0,0.0,0.0,0.0,0.0,0.0,9,7.835,38.0,0.8219886363636363
2018-03-14,0.0,0.0,0.20042138530418752,,,,,1.7334,0.0,0.0,0.0,0.0,0.0,0.0,9,7.885,38.15000000000001,0.8225781700703818
2018-03-15,0.0,0.0,0.2083194007891393,,,,,1.564125,0.0,0.0,0.0,0.0,0.0,0.0,9,7.895,37.95,0.8253731719012227
2018-03-16,,,,,,,,,0.0,,,,,0.0,1,,,
2018-03-17,,,,,,,,,0.0,,,,,0.0,1,,,
2018-03-18,,,,,,,,,0.0,,,,,0.0,1,,,
2018-03-19,0.0,0.0,0.19423102397668565,232.4305872567751,,,,0.285675,0.0,,,,,0.0,5,7.81,38.2,
2018-03-20,0.0,0.0,0.19673891162853116,,,,,1.2650625,0.0,0.0,,,,0.0,6,7.9,38.0,
2018-03-21,0.0,0.0,0.20651450625499068,,,,,1.8981,0.0,0.0,,,,0.0,6,7.845000000000001,38.0,
2018-03-22,0.0,0.0,0.2136585687879588,,,,,1.3383125,0.0,0.0,,,,0.0,6,7.915,37.95,
2018-03-23,,,,,,,,,0.0,,,,,0.0,1,,,
2018-03-24,,,,,,,,,0.0,,,,,0.0,1,,,
2018-03-25,,0.0,,,,,,,0.0,,,,,0.0,2,,38.075,
2018-03-26,0.0,0.0,0.20651601001449466,217.10862758309577,,,,1.5112125,0.0,0.0,,,,0.0,6,7.81,37.91666666666666,
2018-03-27,0.0,0.0,0.2116466927100576,,,,,2.4219,0.0,0.0,,,,0.0,6,7.83,38.01666666666667,
2018-03-28,0.0,0.0,0.20966464219698971,,,,,1.327375,0.0,0.0,,,,0.0,6,7.83,38.05,
2018-03-29,0.0,0.0,0.20973561634848784,,,,,2.754,0.0,0.0,,,,1.0,6,7.85,37.95,
2018-03-30,,,,,,,,,0.0,,,,,0.0,1,,,
2018-03-31,,,,,,,,,0.0,,,,,0.0,1,,,
2018-04-01,,0.0,,,,,,,0.0,,,,,0.0,2,,38.0,
2018-04-02,0.0,0.0,0.203670575763599,238.69455913170847,,,,1.660725,0.0,0.0,0.0,2.0,0.0,2.0,9,7.92,38.03333333333333,0.5623232323232322
2018-04-03,0.0,0.0,0.20462209878992263,,,,,1.131,0.0,0.0,0.0,0.0,0.0,0.0,9,7.83,37.98333333333333,0.7234331896551723
2018-04-04,0.0,0.0,0.20193128818235564,,,,,1.1807250000000002,0.0,0.0,0.0,2.0,0.0,2.0,9,7.84,38.0,0.5879396133731394
2018-04-05,0.0,0.0,0.20613627307743393,,,,,0.9569999999999999,0.0,0.0,0.0,1.0,0.0,1.0,9,7.800000000000001,38.1,0.6253845350052248
2018-04-06,,,,,,,,,0.0,,,,,0.0,1,,,
2018-04-07,,,,,,,,,0.0,,,,,0.0,1,,,
2018-04-08,,0.0,,,,,,,0.0,,,,,0.0,2,,37.975,
2018-04-09,0.0,0.0,0.20474180571127085,251.842960071223,,,,0.7595,0.0,0.0,0.0,1.0,0.0,1.0,9,7.845000000000001,38.01666666666667,0.6173638084265964
2018-04-10,0.0,0.0,0.20910952569692165,,,,,0.8994999999999999,0.0,0.0,0.0,2.0,0.0,2.0,9,7.835,38.01666666666667,0.583750972762646
2018-04-11,,0.0,,,,,,,0.0,0.0,,,,0.0,3,,37.975,
2018-04-12,0.0,0.0,0.20375457875457875,,,,,1.102875,0.0,0.0,0.0,2.0,0.0,2.0,9,7.875,37.96666666666666,0.5655367222033323
2018-04-13,,,,,,,,,0.0,,,,,0.0,1,,,
2018-04-14,,,,,,,,,0.0,,,,,0.0,1,,,
2018-04-15,,,,,,,,,0.0,,,,,0.0,1,,,
2018-04-16,0.0,0.0,0.20847468684759918,246.32596233652308,,,,0.75485,0.0,,0.0,1.0,0.0,1.0,8,7.84,38.0,0.6428876597999602
2018-04-17,0.0,0.0,0.2073051312181747,,,,,1.2096000000000002,0.0,0.0,0.0,2.0,0.0,2.0,9,7.85,38.0,0.566032986111111
2018-04-18,0.0,0.0,0.19741779558608408,,,,,1.1236875,0.0,0.0,0.0,2.0,0.0,2.0,9,7.865,37.9,0.5640407697869736
2018-04-19,0.0,0.0,0.1972628145684776,,,,,1.2123,0.0,2.0,0.0,2.0,0.0,2.0,9,7.855,36.65,0.5680616390332427
2018-04-20,,,,,,,,,0.0,,,,,0.0,1,,,
2018-04-21,,,,,,,,,0.0,,,,,0.0,1,,,
2018-04-22,,,,,,,,,0.0,,,,,0.0,1,,,
2018-04-23,0.0,0.0,0.20414068025461327,317.39682414242264,,,,0.9843000000000001,0.0,,0.0,1.0,0.0,1.0,8,7.975,38.25,0.6036635172203597
2018-04-24,0.0,0.0,0.20838984692888976,,,,,1.3222125,0.0,0.0,0.0,2.0,0.0,2.0,9,7.890000000000001,38.0,0.5380359624493037
2018-04-25,0.0,0.0,0.20894196604816423,,,,,1.4067,0.0,0.0,0.0,2.0,0.0,2.0,9,7.875,38.0,0.5317775645126892
2018-04-26,1.0,0.0,0.21022166677629414,,,,,1.4390999999999998,0.0,0.0,0.0,2.0,0.0,2.0,9,8.125,38.05,0.5590329893683552
2018-04-27,,,,,,,,,0.0,,,,,0.0,1,,,
2018-04-28,,,,,,,,,0.0,,,,,0.0,1,,,
2018-04-29,,,,,,,,,0.0,,,,,0.0,1,,,
2018-04-30,0.0,0.0,0.18881659473040005,347.28533969669894,,,,1.3584375,0.0,,0.0,0.0,0.0,0.0,8,8.035,37.95,0.7251482401656315
2018-05-01,,,,,,,,,0.0,,,,,0.0,1,,,
2018-05-02,0.0,0.0,0.1831260748776293,,,,,1.5002,0.0,,0.0,2.0,0.0,2.0,8,7.92,37.95,0.5779289844687375
2018-05-03,0.0,0.0,0.19862253557905732,,,,,1.7253,0.0,0.0,0.0,2.0,0.0,2.0,9,8.065000000000001,37.75,0.5648035124326205
2018-05-04,,,,,,,,,0.0,,,,,0.0,1,,,
2018-05-05,,,,,,,,,0.0,,,,,0.0,1,,,
2018-05-06,,,,,,,,,0.0,,,,,0.0,1,,,
2018-05-07,,,,,,,,,0.0,,,,,0.0,1,,,
2018-05-08,0.0,0.0,0.1988573654482893,,,,,1.4060875000000002,0.0,,0.0,0.0,3.0,3.0,8,7.96,38.09999999999999,1.1444314454114697
2018-05-09,0.0,0.0,0.1978368634520054,,,,,1.3775875000000002,0.0,0.0,0.0,0.0,0.0,0.0,9,7.970000000000001,38.15,0.9556327184298637
2018-05-10,0.0,0.0,0.20081863180606677,,,,,1.19325,0.0,0.0,0.0,0.0,1.0,1.0,9,7.95,38.05,0.8571439346323069
2018-05-11,,,,,,,,,0.0,,,,,0.0,1,,,
2018-05-12,,,,,,,,,0.0,,,,,0.0,1,,,
2018-05-13,,,,,,,,,0.0,,,,,0.0,1,,,
2018-05-14,0.0,0.0,0.20067235583139384,,,,,0.699975,0.0,,0.0,1.0,2.0,2.0,8,8.094999999999999,38.05,0.6433437801350048
2018-05-15,0.0,0.0,0.17855112739215562,,,,,1.083375,0.0,0.0,0.0,2.0,0.0,2.0,9,8.04,38.15000000000001,0.5939996538594672
2018-05-16,0.0,0.0,0.1914987683951241,,,,,0.969,0.0,0.0,0.0,1.0,0.0,1.0,9,7.915,38.15000000000001,0.6000904927760577
2018-05-17,0.0,0.0,0.1803963781422149,,,,,1.9547999999999999,0.0,0.0,0.0,2.0,2.0,2.0,9,8.045,38.05,0.5191295145283404
2018-05-18,,,,,,,,,0.0,,,,,0.0,1,,,
2018-05-19,,,,,,,,,0.0,,,,,0.0,1,,,
2018-05-20,,,,,,,,,0.0,,,,,0.0,1,,,
2018-05-21,0.0,0.0,0.18114789206388057,310.2360864474676,,,,1.4681875,0.0,,0.0,0.0,0.0,0.0,8,7.95,38.05,0.7390086416074241
2018-05-22,,,,,,,,,0.0,,,,,0.0,1,,,
2018-05-23,0.0,0.0,0.18934785253680497,,,,,1.6776,0.0,,0.0,1.0,0.0,1.0,8,8.02,38.0,0.6559040817238913
2018-05-24,0.0,0.0,0.19005238906772706,,,,,1.3674375,0.0,0.0,0.0,1.0,0.0,1.0,9,7.97,37.95,0.6934699026463732
2018-05-25,,,,,,,,,0.0,,,,,0.0,1,,,
2018-05-26,,,,,,,,,0.0,,,,,0.0,1,,,
2018-05-27,,,,,,,,,0.0,,,,,0.0,1,,,
2018-05-28,0.0,0.0,0.18724884543873327,345.68329245332257,,,,1.32,0.0,,0.0,1.0,0.0,1.0,8,7.975,37.95,0.6443818181818181
2018-05-29,0.0,0.0,0.20421537371590506,,,,,1.566,0.0,0.0,0.0,1.0,0.0,1.0,9,7.975,38.0,0.6246309466794381
2018-05-30,0.0,0.0,0.19460588448964766,,,,,1.5471,0.0,0.0,0.0,1.0,0.0,1.0,9,7.970000000000001,38.05,0.605431937172775
2018-05-31,0.0,0.0,0.1962639495390587,,,,,1.43,0.0,0.0,0.0,1.0,0.0,1.0,9,8.08,38.0,0.611829458041958
2018-06-01,,,,,,,,,0.0,,,,,0.0,1,,,
2018-06-02,,,,,,,,,0.0,,,,,0.0,1,,,
2018-06-03,,,,,,,,,0.0,,,,,0.0,1,,,
2018-06-04,0.0,0.0,0.1934308679812641,324.7284412803112,,,,1.5525,0.0,,0.0,1.0,0.0,1.0,8,7.975,37.9,0.6228748792270531
2018-06-05,0.0,0.0,0.19245326966750131,,,,,1.4985,0.0,0.0,0.0,2.0,0.0,2.0,9,7.99,37.95,0.5938847180513847
2018-06-06,,,,,,,,,0.0,,,,,0.0,1,,,
2018-06-07,0.0,0.0,0.1901770583766727,,,,,1.4526,0.0,,0.0,2.0,0.0,2.0,8,8.045,38.0,0.5597356464270964
2018-06-08,,,,,,,,,0.0,,,,,0.0,1,,,
2018-06-09,,,,,,,,,0.0,,,,,0.0,1,,,
2018-06-10,,,,,,,,,0.0,,,,,0.0,1,,,
2018-06-11,0.0,0.0,0.20166587055170768,390.716837392053,,,,1.1473,0.0,,0.0,0.0,3.0,3.0,8,8.04,37.84999999999999,1.0215026584154099
2018-06-12,0.0,0.0,0.20096995505086349,,,,,1.242,0.0,0.0,0.0,0.0,0.0,0.0,9,8.05,37.84999999999999,0.8222441123188405
2018-06-13,,,,,,,,,0.0,,,,,0.0,1,,,
2018-06-14,0.0,0.0,0.19209139880423845,,,,,1.089,0.0,,0.0,1.0,2.0,2.0,8,8.004999999999999,37.95,0.6670798898071626
2018-06-15,,,,,,,,,0.0,,,,,0.0,1,,,
2018-06-16,,,,,,,,,0.0,,,,,0.0,1,,,
2018-06-17,,,,,,,,,0.0,,,,,0.0,1,,,
2018-06-18,0.0,0.0,0.19685519967447537,395.35339724460226,,,,0.515025,0.0,,0.0,0.0,1.0,1.0,8,8.024999999999999,38.1,0.8085679093247901
2018-06-19,0.0,0.0,0.19114670675996068,,,,,0.8331750000000001,0.0,0.0,0.0,1.0,0.0,1.0,9,8.045,38.1,0.6974021064002159
2018-06-20,0.0,0.0,0.19492703266157055,,,,,0.7992,0.0,0.0,0.0,0.0,0.0,0.0,9,8.065000000000001,38.0,0.765233983983984
2018-06-21,0.0,0.0,0.18794474675596484,,,,,0.914375,0.0,0.0,0.0,1.0,0.0,1.0,9,8.07,37.9,0.6815368421052633
2018-06-22,,,,,,,,,0.0,,,,,0.0,1,,,
2018-06-23,,,,,,,,,0.0,,,,,0.0,1,,,
2018-06-24,,,,,,,,,0.0,,,,,0.0,1,,,
2018-06-25,1.0,0.0,0.19615987916109917,526.3637546353483,,,,0.80295,0.0,,0.0,0.0,0.0,1.0,8,8.184999999999999,37.84999999999999,0.9365542686344106
2018-06-26,1.0,0.0,0.21031119630172512,,,,,1.6280999999999999,0.0,0.0,0.0,2.0,0.0,2.0,9,8.135000000000002,37.84999999999999,0.5017419077452246
2018-06-27,0.0,0.0,0.21065024452092013,,,,,1.1583124999999999,0.0,0.0,0.0,0.0,0.0,0.0,9,8.055,37.75,0.7187223870932933
2018-06-28,0.0,0.0,0.21586990129623024,,,,,1.0475999999999999,0.0,0.0,0.0,0.0,0.0,0.0,9,8.07,38.05,0.7913659793814434
2018-06-29,,,,,,,,,0.0,,,,,0.0,1,,,
2018-06-30,,,,,,,,,0.0,,,,,0.0,1,,,
2018-07-01,,,,,,,,,0.0,,,,,0.0,1,,,
2018-07-02,1.0,0.0,0.20931275219368475,157.36175744773846,,,,0.83125,0.0,,0.0,0.0,0.0,1.0,8,7.6,37.84999999999999,0.7589816541353382
2018-07-03,1.0,0.0,0.20012011632317614,,,,,0.896125,0.0,0.0,0.0,0.0,0.0,1.0,9,7.56,37.75,0.9229859813084114
2018-07-04,1.0,0.0,0.19580652991867945,,,,,1.0101375000000001,0.0,0.0,0.0,0.0,0.0,1.0,9,7.425,37.8,0.792596057467424
2018-07-05,0.0,0.0,0.19939728779507784,,,,,0.8775,0.0,0.0,0.0,0.0,0.0,0.0,9,7.625,37.8,0.8994089743589745
2018-07-06,,,,,,,,,0.0,,,,,0.0,1,,,
2018-07-07,,,,,,,,,0.0,,,,,0.0,1,,,
2018-07-08,,,,,,,,,0.0,,,,,0.0,1,,,
2018-07-09,0.0,0.0,0.1998353701006775,188.7558846712171,,,,0.396375,0.0,,0.0,0.0,0.0,0.0,8,7.665,37.7,1.8961967833491014
2018-07-10,0.0,0.0,0.20027746247950562,,,,,0.77935,0.0,0.0,0.0,0.0,0.0,0.0,9,7.755000000000001,37.8,0.935986719702316
2018-07-11,0.0,0.0,0.19284544652978963,,,,,0.8931999999999999,0.0,0.0,0.0,0.0,0.0,0.0,9,7.785,37.8,0.8245320197044337
2018-07-12,0.0,0.0,0.20175776238131896,,,,,0.916875,0.0,0.0,0.0,0.0,0.0,0.0,9,7.85,37.8,0.8217652351738242
2018-07-13,,,,,,,,,0.0,,,,,0.0,1,,,
2018-07-14,,,,,,,,,0.0,,,,,0.0,1,,,
2018-07-15,,,,,,,,,0.0,,,,,0.0,1,,,
2018-07-16,1.0,0.0,0.19600573280159522,169.9775331463551,,,,0.8127,0.0,,0.0,0.0,0.0,1.0,8,7.59,37.95,0.8928622954349699
2018-07-17,0.0,0.0,0.19906697341513294,,,,,0.7749000000000001,0.0,0.0,0.0,0.0,0.0,0.0,9,7.675,37.95,0.8969156504065041
2018-07-18,,0.0,,,,,,0.7628499999999999,0.0,0.0,,,,0.0,4,,38.0,
2018-07-19,0.0,0.0,0.19730697882684065,,,,,0.7628499999999999,0.0,0.0,0.0,0.0,0.0,0.0,9,7.645,38.05,0.8750162220620047
2018-07-20,0.0,0.0,0.1963924690422037,,,,,0.8606,0.0,0.0,0.0,0.0,0.0,0.0,9,7.675,38.1,0.7718910498489425
2018-07-21,,,,,,,,,0.0,,,,,0.0,1,,,
2018-07-22,,,,,,,,,0.0,,,,,0.0,1,,,
2018-07-23,0.0,0.0,0.20253415165313798,262.01534331338075,,,,0.799475,0.0,,0.0,0.0,0.0,0.0,8,7.85,38.45,0.8927085743769347
2018-07-24,1.0,0.0,0.19583175684197252,,,,,0.8150999999999999,0.0,0.0,0.0,0.0,0.0,1.0,9,7.55,38.55,0.859730171144645
2018-07-25,1.0,0.0,0.19596139192278383,,,,,0.810775,0.0,0.0,0.0,0.0,0.0,1.0,9,7.55,38.65000000000001,0.8884883290678671
2018-07-26,0.0,0.0,0.20327685841870238,,,,,1.1312,0.0,0.0,0.0,1.0,0.0,1.0,9,7.645,38.65000000000001,0.6838078478606789
2018-07-27,,,,,,,,,0.0,,,,,0.0,1,,,
2018-07-28,,,,,,,,,0.0,,,,,0.0,1,,,
2018-07-29,,,,,,,,,0.0,,,,,0.0,1,,,
2018-07-30,0.0,0.0,0.2012489261878015,314.21742479940133,,,,0.52275,0.0,,0.0,0.0,1.0,1.0,8,7.895,39.25,0.9906154949784793
2018-07-31,1.0,0.0,0.19898092500653253,,,,,0.5773874999999999,0.0,0.0,0.0,0.0,0.0,1.0,9,7.575,39.3,0.8691458292741009
2018-08-01,0.0,0.0,0.1954151871924251,,,,,0.727575,0.0,0.0,0.0,0.0,0.0,0.0,9,7.63,39.4,0.8148293990310278
2018-08-02,1.0,0.0,0.20130167451596023,,,,,0.66825,0.0,0.0,0.0,0.0,0.0,1.0,9,7.595,39.55,0.8301481481481483
2018-08-03,,,,,,,,,0.0,,,,,0.0,1,,,
2018-08-04,,,,,,,,,0.0,,,,,0.0,1,,,
2018-08-05,,,,,,,,,0.0,,,,,0.0,1,,,
2018-08-06,3.0,0.0,0.22082775153352605,15.411326938529134,,,,0.8022999999999999,0.0,,0.0,0.0,0.0,3.0,8,6.59,39.9,0.7800822634924593
2018-08-07,1.0,1.0,0.20275211061623347,,,,,0.7853499999999999,0.0,0.0,0.0,0.0,0.0,1.0,9,7.535,40.0,0.8173692461959636
2018-08-08,1.0,1.0,0.19067376764924449,,,,,0.784875,0.0,0.0,0.0,0.0,0.0,1.0,9,7.515,40.0,0.8191208791208792
2018-08-09,1.0,1.0,0.198069940760558,,,,,0.9153,0.0,0.0,0.0,0.0,0.0,1.0,9,7.355,40.1,0.7291758849557523
2018-08-10,,,,,,,,,0.0,,,,,0.0,1,,,
2018-08-11,,,,,,,,,0.0,,,,,0.0,1,,,
2018-08-12,,,,,,,,,0.0,,,,,0.0,1,,,
2018-08-13,1.0,1.0,0.2025924583031182,142.06549287350504,,,,1.022,0.0,,0.0,0.0,0.0,1.0,8,7.535,40.1,0.7582127568493151
2018-08-14,0.0,1.0,0.19805278820028463,,,,,0.9802750000000001,0.0,0.0,0.0,1.0,0.0,1.0,9,7.845000000000001,40.15,0.6700051006095228
2018-08-15,,1.0,,,,,,,0.0,0.0,0.0,,0.0,1.0,5,,40.15,
2018-08-16,1.0,1.0,0.19918259812200229,,,,,0.704,0.0,0.0,0.0,0.0,0.0,1.0,9,7.565,40.2,0.965576171875
2018-08-17,,,,,,,,,0.0,,,,,0.0,1,,,
2018-08-18,,,,,,,,,0.0,,,,,0.0,1,,,
2018-08-19,,,,,,,,,0.0,,,,,0.0,1,,,
2018-08-20,1.0,1.0,0.19955474600283343,,,,,1.575475,0.0,,0.0,2.0,0.0,2.0,8,7.529999999999999,40.1,0.528546073406433
2018-08-21,1.0,1.0,0.19341009309162174,,,,,0.7308,0.0,1.0,0.0,0.0,0.0,1.0,9,7.535,41.0,1.0066533251231526
2018-08-22,1.0,1.0,0.19765019852893315,,,,,1.7874,0.0,1.0,0.0,3.0,0.0,3.0,9,7.565,40.15,0.400508769721383
2018-08-23,1.0,1.0,0.20165278500780842,,,,,0.7176,0.0,0.0,0.0,0.0,0.0,1.0,9,7.535,40.15,0.8342820687012261
2018-08-24,,,,,,,,,0.0,,,,,0.0,1,,,
2018-08-25,,,,,,,,,0.0,,,,,0.0,1,,,
2018-08-26,,,,,,,,,0.0,,,,,0.0,1,,,
2018-08-27,0.0,1.0,0.19521864488226814,262.26272309724953,,,,0.9101999999999999,0.0,,0.0,2.0,1.0,2.0,8,7.745,40.1,0.527249436936937
2018-08-28,,,,,,,,,0.0,,,,,0.0,1,,,
2018-08-29,0.0,1.0,0.20002711312953297,,,,,0.7864999999999999,0.0,,1.0,2.0,0.0,2.0,8,7.68,40.05,0.5000499841068023
2018-08-30,0.0,1.0,0.29412730736385734,201.59679731076974,,,,0.8451,0.0,0.0,1.0,3.0,0.0,3.0,9,7.65,40.05,0.4710401135960242
2018-08-31,,,,,,,,,0.0,,,,,0.0,1,,,
2018-09-01,,,,,,,,,0.0,,,,,0.0,1,,,
2018-09-02,,,,,,,,,0.0,,,,,0.0,1,,,
2018-09-03,0.0,1.0,0.5764767586704255,206.39420944226262,,,,0.688875,0.0,,1.0,1.0,0.0,2.0,8,7.665,40.25,0.6496940664126293
2018-09-04,0.0,1.0,0.5464312858426035,,,,,0.475,0.0,0.0,0.0,0.0,0.0,2.0,9,7.609999999999999,40.25,0.9123442105263158
2018-09-05,1.0,1.0,0.47547981580451076,,,,,0.4275,0.0,0.0,0.0,0.0,0.0,2.0,9,7.6,40.35,1.0056739766081872
2018-09-06,0.0,1.0,0.48350213501782124,,,,,0.438,0.0,0.0,0.0,0.0,0.0,2.0,9,7.65,40.35,1.078216752283105
2018-09-07,,,,,,,,,0.0,,,,,0.0,1,,,
2018-09-08,,,,,,,,,0.0,,,,,0.0,1,,,
2018-09-09,,,,,,,,,0.0,,,,,0.0,1,,,
2018-09-10,0.0,1.0,0.40470413802399247,332.565697485452,,,,0.42,0.0,,,0.0,1.0,2.0,7,7.7,40.3,1.6647502976190478
2018-09-11,0.0,1.0,0.25909831613253664,,,,,0.5305124999999999,0.0,0.0,,0.0,0.0,1.0,8,8.025,40.35,1.4078461864706302
2018-09-12,0.0,1.0,0.24139669310391182,,,,,0.6064125,0.0,0.0,,0.0,0.0,1.0,8,7.98,40.25,1.3025674561457752
2018-09-13,0.0,1.0,0.19651770858093653,,,,,0.9509249999999999,0.0,0.0,,0.0,0.0,1.0,8,8.0,40.25,0.8699234955438127
2018-09-14,,,,,,,,,0.0,,,,,0.0,1,,,
2018-09-15,,,,,,,,,0.0,,,,,0.0,1,,,
2018-09-16,,,,,,,,,0.0,,,,,0.0,1,,,
2018-09-17,0.0,0.0,0.19523085064161927,523.7004554714821,,,,1.2211625,0.0,,0.0,0.0,0.0,0.0,8,7.855,39.90000000000001,0.8676750637200209
2018-09-18,0.0,0.0,0.197468943067827,,,,,0.972,0.0,0.0,0.0,0.0,0.0,0.0,9,7.824999999999999,39.7,1.087960905349794
2018-09-19,0.0,0.0,0.16984651134348439,,,,,0.9045,0.0,0.0,0.0,0.0,0.0,0.0,9,7.77,39.59999999999999,1.1761733001658377
2018-09-20,0.0,0.0,0.1791954622506194,,,,,1.0137,0.0,0.0,0.0,0.0,0.0,0.0,9,7.84,39.40000000000001,1.053369833284009
2018-09-21,,,,,,,,,0.0,,,,,0.0,1,,,
2018-09-22,,,,,,,,,0.0,,,,,0.0,1,,,
2018-09-23,,,,,,,,,0.0,,,,,0.0,1,,,
2018-09-24,,,,,,,,,0.0,,,,,0.0,1,,,
2018-09-25,,,,,,,,,0.0,,,,,0.0,1,,,
2018-09-26,0.0,0.0,0.19349777191991463,467.0994272982608,,,,1.0125,0.0,,0.0,0.0,0.0,0.0,8,8.02,38.2,1.1121703703703705
2018-09-27,0.0,0.0,0.19381646819079157,,,,,1.134,0.0,0.0,0.0,0.0,0.0,0.0,9,7.935,38.2,0.9282179232804233
2018-09-28,,,,,,,,,0.0,,,,,0.0,1,,,
2018-09-29,,,,,,,,,0.0,,,,,0.0,1,,,
2018-09-30,,,,,,,,,0.0,,,,,0.0,1,,,
2018-10-01,0.0,,0.1870090242160618,,,,,0.989625,0.0,,0.0,0.0,0.0,0.0,7,7.925,,1.0572041177213591
2018-10-02,,,,,,,,,0.0,,,,,0.0,1,,,
2018-10-03,0.0,0.0,0.19515049080153415,,,,,1.0287,0.0,,0.0,0.0,0.0,0.0,8,7.815,38.35,0.9139749198016917
2018-10-04,0.0,0.0,0.20057893709750862,,,,,2.2302,0.0,0.0,0.0,3.0,0.0,3.0,9,7.87,38.4,0.44509844969061074
2018-10-05,,,,,,,,,0.0,,,,,0.0,1,,,
2018-10-06,,,,,,,,,0.0,,,,,0.0,1,,,
2018-10-07,,,,,,,,,0.0,,,,,0.0,1,,,
2018-10-08,0.0,0.0,0.20419071353620147,335.8471708763048,,,,6.8769,0.0,,0.0,3.0,3.0,3.0,8,7.765000000000001,38.0,0.21968672294202332
2018-10-09,0.0,0.0,0.1938398756315585,,,,,0.8424,0.0,0.0,0.0,0.0,0.0,0.0,9,7.935,38.05,1.5848524305555556
2018-10-10,0.0,0.0,0.19059780552402572,,,,,1.2366,0.0,0.0,0.0,0.0,0.0,0.0,9,7.935,37.95,1.053102407811742
2018-10-11,0.0,0.0,0.18851940826906055,,,,,5.398050000000001,0.0,0.0,0.0,3.0,1.0,3.0,9,7.845,37.9,0.27527278369040664
2018-10-12,,,,,,,,,0.0,,,,,0.0,1,,,
2018-10-13,,,,,,,,,0.0,,,,,0.0,1,,,
2018-10-14,,,,,,,,,0.0,,,,,0.0,1,,,
2018-10-15,0.0,0.0,0.1923342541436464,370.46087873840366,,,,0.632775,0.0,,0.0,0.0,3.0,3.0,8,7.84,38.069,3.5043293429734113
2018-10-16,0.0,0.0,0.20573086451949407,295.3465861425766,,,,5.1624375,0.0,0.0,0.0,3.0,0.0,3.0,9,7.795,38.0,0.37817116429980996
2018-10-17,0.0,,0.19460052961312407,,,,,4.9059,0.0,,0.0,3.0,1.0,3.0,7,7.815,,0.4432745520699566
2018-10-18,0.0,0.0,0.1836702161576229,,,,,2.5029,0.0,,0.0,0.0,1.0,1.0,8,7.845,37.95,0.8696895601102721
2018-10-19,,,,,,,,,0.0,,,,,0.0,1,,,
2018-10-20,,,,,,,,,0.0,,,,,0.0,1,,,
2018-10-21,,,,,,,,,0.0,,,,,0.0,1,,,
2018-10-22,0.0,0.0,0.197543435371985,291.5769553174777,,,,2.232,0.0,,0.0,0.0,0.0,0.0,8,7.77,38.0,0.7905033602150537
2018-10-23,0.0,0.0,0.18569726611487333,,,,,1.64505,0.0,0.0,0.0,0.0,0.0,0.0,9,7.81,38.0,0.8725677031093281
2018-10-24,0.0,0.0,0.19227862451190325,,,,,1.6682000000000001,0.0,0.0,0.0,0.0,0.0,0.0,9,7.805,38.0,0.8811652904328018
2018-10-25,0.0,0.0,0.18970062135191113,,,,,1.5299500000000001,0.0,0.0,0.0,0.0,0.0,0.0,9,7.85,38.05,0.9290380404588385
2018-10-26,0.0,0.0,,,,,,1.22425,0.0,0.0,0.0,0.0,0.0,0.0,8,7.859999999999999,38.0,0.943037727179906
2018-10-27,,,,,,,,,0.0,,,,,0.0,1,,,
2018-10-28,,,,,,,,,0.0,,,,,0.0,1,,,
2018-10-29,0.0,0.0,0.1905394295832543,331.37649866615016,,,,2.261475,0.0,,0.0,0.0,3.0,3.0,8,7.82,38.0,0.7323907792480572
2018-10-30,0.0,0.0,0.19875269378959054,,,,,2.0925,0.0,0.0,0.0,0.0,0.0,0.0,9,7.815,38.0,0.7510691756272401
2018-10-31,,,,,,,,,0.0,,,,,0.0,1,,,
2018-11-01,0.0,0.0,0.19098036794666007,,,,,1.7604000000000002,0.0,,0.0,0.0,1.0,1.0,8,7.779999999999999,38.05,0.7327645705521472
2018-11-02,,,,,,,,,0.0,,,,,0.0,1,,,
2018-11-03,,,,,,,,,0.0,,,,,0.0,1,,,
2018-11-04,,,,,,,,,0.0,,,,,0.0,1,,,
2018-11-05,0.0,0.0,0.196769919878872,354.2155375750168,,,,1.861675,0.0,,0.0,0.0,0.0,0.0,8,7.86,37.9,0.7610560718170465
2018-11-06,0.0,0.0,0.1841201052468658,,,,,1.7655,0.0,0.0,0.0,0.0,0.0,0.0,9,7.915,38.0,0.7203676012461059
2018-11-07,0.0,0.0,0.18967781340662695,,,,,1.752,0.0,0.0,0.0,0.0,0.0,0.0,9,7.895,37.95,0.74858611586758
2018-11-08,0.0,0.0,0.19675712263860687,,,,,1.833,0.0,0.0,0.0,0.0,0.0,0.0,9,7.87,38.0,0.7122771412984179
2018-11-09,,,,,,,,,0.0,,,,,0.0,1,,,
2018-11-10,,,,,,,,,0.0,,,,,0.0,1,,,
2018-11-11,,,,,,,,,0.0,,,,,0.0,1,,,
2018-11-12,0.0,0.0,0.19222707946583628,389.06484901882305,,,,1.497425,0.0,,0.0,1.0,0.0,1.0,8,7.8,38.1,0.6865140157269979
2018-11-13,0.0,0.0,0.18965674778424146,,,,,1.6794,0.0,0.0,0.0,0.0,0.0,0.0,9,7.89,38.1,0.7050613314278908
2018-11-14,0.0,0.0,0.19113405192044938,,,,,1.68575,0.0,0.0,0.0,1.0,0.0,1.0,9,7.86,38.1,0.6936076301349546
2018-11-15,0.0,0.0,0.1996933926107619,,,,,1.5408,0.0,0.0,0.0,1.0,0.0,1.0,9,7.845,38.0,0.6995189187435098
2018-11-16,,,,,,,,,0.0,,,,,0.0,1,,,
2018-11-17,,,,,,,,,0.0,,,,,0.0,1,,,
2018-11-18,,,,,,,,,0.0,,,,,0.0,1,,,
2018-11-19,0.0,0.0,0.1994651076004478,389.5870310126893,,,,1.89,0.0,,0.0,1.0,0.0,1.0,8,7.875,38.0,0.6751898148148149
2018-11-20,0.0,0.0,0.2046887129327744,,,,,1.827,0.0,0.0,0.0,1.0,0.0,1.0,9,7.855,38.0,0.644375478927203
2018-11-21,0.0,0.0,0.19973878160276146,,,,,1.527,0.0,0.0,0.0,0.0,0.0,0.0,9,7.84,38.1,0.7374039783889981
2018-11-22,0.0,0.0,0.19393385154702028,,,,,1.74,0.0,0.0,0.0,1.0,0.0,1.0,9,7.895,38.1,0.6379651939655173
2018-11-23,,,,,,,,,0.0,,,,,0.0,1,,,
2018-11-24,,,,,,,,,0.0,,,,,0.0,1,,,
2018-11-25,,,,,,,,,0.0,,,,,0.0,1,,,
2018-11-26,0.0,0.0,0.1992669811037342,350.0552059015286,,,,1.59,0.0,,0.0,1.0,0.0,1.0,8,7.855,38.05,0.6332149764150944
2018-11-27,0.0,0.0,0.19067922953068162,395.5017265351557,,,,1.605,0.0,0.0,0.0,2.0,0.0,2.0,9,7.915,38.0,0.5928873831775703
2018-11-28,0.0,0.0,0.19725324479323875,,,,,1.551,0.0,0.0,0.0,2.0,0.0,2.0,9,7.825,38.0,0.5925108800773694
2018-11-29,0.0,0.0,0.21355023457015782,,,,,1.611,0.0,0.0,0.0,2.0,0.0,2.0,9,7.765,38.0,0.5786449410304157
2018-11-30,,,,,,,,,0.0,,,,,0.0,1,,,
2018-12-01,,,,,,,,,0.0,,,,,0.0,1,,,
2018-12-02,,,,,,,,,0.0,,,,,0.0,1,,,
2018-12-03,0.0,0.0,0.21875759047850377,356.18579070762524,,,,1.656,0.0,,0.0,2.0,0.0,2.0,8,7.869999999999999,38.15,0.5956804800724638
2018-12-04,0.0,0.0,0.2114091927572216,,,,,1.716,0.0,0.0,0.0,2.0,0.0,2.0,9,7.78,38.09999999999999,0.5954160839160839
2018-12-05,0.0,0.0,0.21676935277252485,,,,,1.656,0.0,0.0,0.0,1.0,0.0,1.0,9,7.795,37.95,0.6082935537439614
2018-12-06,0.0,0.0,0.230010718113612,,,,,1.656,0.0,0.0,0.0,1.0,0.0,1.0,9,7.765,37.9,0.6130643115942029
2018-12-07,0.0,0.0,0.23487642093072866,,,,,1.647,0.0,0.0,0.0,1.0,0.0,1.0,9,7.775,37.8,0.6264025500910748
2018-12-08,,,,,,,,,0.0,,,,,0.0,1,,,
2018-12-09,,,,,,,,,0.0,,,,,0.0,1,,,
2018-12-10,0.0,0.0,0.21784940589509616,362.90655249981415,,,,1.689,0.0,,0.0,1.0,0.0,1.0,8,7.805,38.1,0.6044587033747779
2018-12-11,0.0,0.0,0.21981454688938576,,,,,1.488,0.0,0.0,0.0,1.0,0.0,1.0,9,7.785,38.0,0.6474944976478495
2018-12-12,0.0,0.0,0.2192804246674094,,,,,1.737,0.0,0.0,0.0,2.0,0.0,2.0,9,7.775,37.9,0.5791078367875648
2018-12-13,0.0,0.0,0.21162602938801872,,,,,1.854,0.0,0.0,0.0,2.0,0.0,2.0,9,7.82,38.0,0.5692758899676376
2018-12-14,0.0,0.0,0.2020437490020757,,,,,1.677,0.0,0.0,0.0,1.0,0.0,1.0,9,7.775,38.15,0.6164728682170543
2018-12-15,,,,,,,,,0.0,,,,,0.0,1,,,
2018-12-16,,,,,,,,,0.0,,,,,0.0,1,,,
2018-12-17,0.0,0.0,0.1971153846153846,,,,,1.659,0.0,,0.0,1.0,0.0,1.0,8,7.805,38.0,0.6264158755274261
2018-12-18,,,,,,,,,0.0,,,,,0.0,1,,,
2018-12-19,0.0,0.0,0.19377594656178793,,,,,1.695,0.0,,0.0,2.0,0.0,2.0,8,7.8,38.09999999999999,0.5824908554572271
2018-12-20,0.0,0.0,0.1943089430894309,,,,,1.656,0.0,0.0,0.0,2.0,0.0,2.0,9,7.765,37.9,0.573163043478261
2018-12-21,0.0,0.0,0.19962270083320233,,,,,1.644,0.0,0.0,0.0,2.0,0.0,2.0,9,7.78,38.0,0.5757670316301702
2018-12-22,,,,,,,,,0.0,,,,,0.0,1,,,
2018-12-23,,,,,,,,,0.0,,,,,0.0,1,,,
2018-12-24,0.0,0.0,0.1954203755543673,355.7299125552592,,,,1.393075,0.0,,0.0,1.0,0.0,1.0,8,7.785,38.0,0.6131093534088259
2018-12-25,,,,,,,,,0.0,,,,,0.0,1,,,
2018-12-26,0.0,0.0,0.19226812159002338,,,,,1.3820125,0.0,,0.0,2.0,0.0,2.0,8,7.84,37.95,0.5933315545264606
2018-12-27,0.0,0.0,0.2015276331155509,,,,,1.34,0.0,0.0,0.0,2.0,0.0,2.0,9,7.79,37.9,0.5783885727611942
2018-12-28,0.0,0.0,0.19468582363459547,,,,,1.30795,0.0,0.0,0.0,2.0,0.0,2.0,9,7.795,37.9,0.5932838602393058
2018-12-29,,,,,,,,,0.0,,,,,0.0,1,,,
2018-12-30,,,,,,,,,0.0,,,,,0.0,1,,,
2018-12-31,0.0,0.0,0.1953643435465947,284.63813544117215,,,,1.136025,0.0,,0.0,1.0,0.0,1.0,8,7.775,38.0,0.6140745692216281
2019-01-01,0.0,0.0,0.19685913705583757,,,,,1.1616,0.0,0.0,0.0,2.0,0.0,2.0,9,7.775,38.05,0.5845583677685952
2019-01-02,0.0,0.0,0.20464371497197759,,,,,1.1465999999999998,0.0,0.0,0.0,2.0,0.0,2.0,9,7.765,38.0,0.5893565759637189
2019-01-03,0.0,0.0,0.20060269627279936,,,,,1.1425,0.0,0.0,0.0,2.0,0.0,2.0,9,7.815,38.05,0.5869915207877462
2019-01-04,,,,,,,,,0.0,,,,,0.0,1,,,
2019-01-05,,,,,,,,,0.0,,,,,0.0,1,,,
2019-01-06,,,,,,,,,0.0,,,,,0.0,1,,,
2019-01-07,0.0,0.0,0.21048360921778644,236.18290386911553,,,,1.377,0.0,,0.0,2.0,0.0,2.0,8,7.795,37.95,0.5967754175744372
2019-01-08,0.0,0.0,0.20434083601286174,,,,,1.3014000000000001,0.0,0.0,0.0,1.0,0.0,1.0,9,7.795,38.0,0.6080809128630705
2019-01-09,0.0,0.0,0.20065517460721327,,,,,1.4202000000000001,0.0,0.0,0.0,2.0,0.0,2.0,9,7.805,38.0,0.5439885227432756
2019-01-10,0.0,0.0,0.2042959121610807,,,,,1.3311,0.0,0.0,0.0,2.0,0.0,2.0,9,7.765,38.0,0.5929270434227332
2019-01-11,,,,,,,,,0.0,,,,,0.0,1,,,
2019-01-12,,,,,,,,,0.0,,,,,0.0,1,,,
2019-01-13,,,,,,,,,0.0,,,,,0.0,1,,,
2019-01-14,0.0,0.0,0.2016654483043575,249.45742948178258,,,,1.340325,0.0,,0.0,1.0,0.0,1.0,8,7.785,38.0,0.607205388618432
2019-01-15,0.0,0.0,0.1963963963963964,,,,,1.3662,0.0,0.0,0.0,1.0,0.0,1.0,9,7.779999999999999,38.0,0.6013855035865905
2019-01-16,0.0,0.0,0.1914506308455213,,,,,1.3446,0.0,0.0,0.0,2.0,0.0,2.0,9,7.805,38.0,0.5776037948088651
2019-01-17,0.0,0.0,0.19448732083792722,,,,,1.3337999999999999,0.0,0.0,0.0,2.0,0.0,2.0,9,7.775,38.0,0.5714082883490779
2019-01-18,0.0,0.0,0.19516969218626679,,,,,1.323,0.0,0.0,0.0,2.0,0.0,2.0,9,7.785,38.0,0.5693718820861678
2019-01-19,,,,,,,,,0.0,,,,,0.0,1,,,
2019-01-20,,,,,,,,,0.0,,,,,0.0,1,,,
2019-01-21,0.0,0.0,0.1878672926836852,268.1835757086123,,,,1.3824,0.0,,2.0,3.0,0.0,3.0,8,7.84,37.84999999999999,0.4379765263310185
2019-01-22,0.0,0.0,0.18325911624575716,264.94047277593523,,,,1.361675,0.0,0.0,2.0,3.0,0.0,3.0,9,7.83,38.0,0.43302678686176954
2019-01-23,0.0,0.0,0.19066937119675456,,,,,1.3068,0.0,0.0,0.0,2.0,0.0,2.0,9,7.795,38.0,0.5937322084481175
2019-01-24,0.0,0.0,0.18762443510413046,,,,,1.4121,0.0,0.0,0.0,2.0,0.0,2.0,9,7.685,38.1,0.5511686052687487
2019-01-25,,,,,,,,,0.0,,,,,0.0,1,,,
2019-01-26,,,,,,,,,0.0,,,,,0.0,1,,,
2019-01-27,,,,,,,,,0.0,,,,,0.0,1,,,
2019-01-28,0.0,0.0,0.18117540217955372,180.27643027246634,,,,1.512,0.0,,0.0,2.0,0.0,2.0,8,7.66,38.1,0.5580540674603175
2019-01-29,0.0,0.0,0.17771712955530583,,,,,1.444575,0.0,0.0,0.0,2.0,0.0,2.0,9,7.765000000000001,38.1,0.5262840281743766
2019-01-30,0.0,0.0,0.19050333657489688,,,,,1.1136,0.0,0.0,0.0,2.0,0.0,2.0,9,7.695,38.0,0.5750217762212644
2019-01-31,0.0,0.0,0.18105228651040814,,,,,1.176,0.0,0.0,0.0,2.0,0.0,2.0,9,7.675,38.05,0.5745052083333333
2019-02-01,0.0,0.0,0.1780897063568893,,,,,1.2672,0.0,0.0,0.0,2.0,0.0,2.0,9,7.715,37.95,0.5105005129419192
2019-02-02,,,,,,,,,0.0,,,,,0.0,1,,,
2019-02-03,,,,,,,,,0.0,,,,,0.0,1,,,
2019-02-04,,,,,,,,,0.0,,,,,0.0,1,,,
2019-02-05,,,,,,,,,0.0,,,,,0.0,1,,,
2019-02-06,,,,,,,,,0.0,,,,,0.0,1,,,
2019-02-07,0.0,0.0,0.17019249094720793,226.13534557198312,,,,1.0815,0.0,,0.0,2.0,0.0,2.0,8,7.78,38.05,0.5833651756819233
2019-02-08,0.0,0.0,0.17572202455364297,,,,,1.1529,0.0,0.0,0.0,2.0,0.0,2.0,9,7.7,38.0,0.5621054514702055
2019-02-09,,,,,,,,,0.0,,,,,0.0,1,,,
2019-02-10,,,,,,,,,0.0,,,,,0.0,1,,,
2019-02-11,0.0,0.0,0.18204897486985025,219.4109526008667,,,,1.1214000000000002,0.0,,0.0,1.0,0.0,1.0,8,7.725,38.0,0.6041464909934009
2019-02-12,0.0,0.0,0.18673539294685676,,,,,1.1045999999999998,0.0,0.0,0.0,2.0,0.0,2.0,9,7.695,38.05,0.5529182509505705
2019-02-13,0.0,0.0,0.1822468616580641,,,,,1.2047999999999999,0.0,0.0,0.0,2.0,0.0,2.0,9,7.765,38.0,0.5651971281540507
2019-02-14,0.0,0.0,0.1822468616580641,,,,,1.2047999999999999,0.0,0.0,0.0,2.0,0.0,2.0,9,7.765,38.0,0.5841728917662684
2019-02-15,0.0,0.0,0.18449937959339505,,,,,1.259775,0.0,0.0,0.0,2.0,0.0,2.0,9,7.8,38.0,0.5864098747792265
2019-02-16,,,,,,,,,0.0,,,,,0.0,1,,,
2019-02-17,,,,,,,,,0.0,,,,,0.0,1,,,
2019-02-18,0.0,0.0,0.18156521739130435,,,,,1.404,0.0,,0.0,1.0,0.0,1.0,8,7.84,38.1,0.6092125178062677
2019-02-19,0.0,0.0,0.1797602772390551,,,,,1.3905,0.0,0.0,0.0,2.0,0.0,2.0,9,7.795,38.05,0.5934010248112191
2019-02-20,0.0,0.0,0.1780948144382308,,,,,1.485,0.0,0.0,0.0,2.0,0.0,2.0,9,7.79,38.1,0.5646519360269359
2019-02-21,0.0,0.0,0.17589156550726462,,,,,1.4256,0.0,0.0,0.0,2.0,0.0,2.0,9,7.935,38.1,0.5935534599466891
2019-02-22,,,,,,,,,0.0,,,,,0.0,1,,,
2019-02-23,,,,,,,,,0.0,,,,,0.0,1,,,
2019-02-24,,,,,,,,,0.0,,,,,0.0,1,,,
2019-02-25,0.0,0.0,0.18318739054290717,308.9569861014402,,,,0.9828,0.0,,0.0,0.0,0.0,0.0,8,7.875,38.0,0.872984076109076
2019-02-26,0.0,0.0,0.18912797281993204,,,,,1.242,0.0,0.0,0.0,1.0,0.0,1.0,9,7.815,38.0,0.6152909118357487
2019-02-27,0.0,0.0,0.18506347058444486,,,,,1.3272,0.0,0.0,0.0,2.0,0.0,2.0,9,7.835,38.0,0.5837473157775769
2019-02-28,0.0,0.0,0.183482114186629,,,,,1.2815999999999999,0.0,0.0,0.0,2.0,0.0,2.0,9,7.835,38.05,0.5930743309144819
2019-03-01,,,,,,,,,0.0,,,,,0.0,1,,,
2019-03-02,,,,,,,,,0.0,,,,,0.0,1,,,
2019-03-03,,,,,,,,,0.0,,,,,0.0,1,,,
2019-03-04,0.0,0.0,0.1792809536016406,313.46723456400684,,,,1.2285,0.0,,0.0,1.0,0.0,1.0,8,7.9,37.95,0.608104242979243
2019-03-05,0.0,0.0,0.18199394212798867,276.50601446842023,,,,1.1381999999999999,0.0,0.0,0.0,2.0,0.0,2.0,9,7.84,37.95,0.5815596995255667
2019-03-06,0.0,0.0,0.18040355125100888,,,,,1.1298,0.0,0.0,0.0,2.0,0.0,2.0,9,7.81,37.95,0.5876946694105151
2019-03-07,0.0,0.0,0.18217329545454544,,,,,1.1990999999999998,0.0,0.0,0.0,1.0,0.0,1.0,9,7.825,38.0,0.6070177633224918
2019-03-08,0.0,0.0,0.17560709238083003,,,,,1.1214000000000002,0.0,0.0,0.0,2.0,0.0,2.0,9,7.855,38.0,0.5973080524344568
2019-03-09,,,,,,,,,0.0,,,,,0.0,1,,,
2019-03-10,,,,,,,,,0.0,,,,,0.0,1,,,
2019-03-11,0.0,0.0,0.17980082615517629,334.54205705439557,,,,0.9034500000000001,0.0,,0.0,1.0,0.0,1.0,8,7.925,38.05,0.6347689412806464
2019-03-12,0.0,0.0,0.17790716480672814,302.28437210586276,,,,1.0224,0.0,0.0,0.0,1.0,0.0,1.0,9,7.84,38.0,0.6113105193661972
2019-03-13,0.0,0.0,0.1716915773943165,349.62376236690505,,0.0,0.0,0.867,0.0,0.0,0.0,1.0,0.0,1.0,11,7.925,38.0,0.6136258650519029
2019-03-14,0.0,0.0,0.1703534115826132,353.41024804443015,,0.0,0.0,0.8355000000000001,0.0,0.0,0.0,1.0,0.0,1.0,11,7.905,38.0,0.6309173399162177
2019-03-15,0.0,0.0,0.17041264548398474,344.95102605275605,,0.0,0.0,0.8925,0.0,0.0,0.0,2.0,0.0,2.0,11,7.905,38.0,0.5934093837535014
2019-03-16,,,,,,,,,0.0,,,,,0.0,1,,,
2019-03-17,,,,,,,,,0.0,,,,,0.0,1,,,
2019-03-18,0.0,0.0,0.16713510060683487,399.4557918656578,,0.0,0.0,1.141525,0.0,,0.0,2.0,0.0,2.0,10,7.975,37.9,0.5753702284225051
2019-03-19,0.0,0.0,0.16822309109122047,416.5111437991018,,0.0,0.0,1.3087,0.0,0.0,0.0,2.0,0.0,2.0,11,7.975,37.9,0.5523746848017117
2019-03-20,0.0,0.0,0.1693987300764546,319.0236097023967,,0.0,0.0,1.4064,0.0,0.0,0.0,2.0,0.0,2.0,11,7.905,38.0,0.5601110103811148
2019-03-21,0.0,0.0,0.1670669176348413,326.1661148807712,,0.0,0.0,1.3368,0.0,0.0,0.0,2.0,0.0,2.0,11,7.925,37.95,0.5918410570017953
2019-03-22,0.0,0.0,0.17359878674453874,375.1000756838701,,0.0,0.0,1.3368,0.0,0.0,0.0,2.0,0.0,2.0,11,7.905,37.9,0.5645800605924597
2019-03-23,,,,,,,,,0.0,,,,,0.0,1,,,
2019-03-24,,,,,,,,,0.0,,,,,0.0,1,,,
2019-03-25,0.0,0.0,0.17703921632019656,351.2676024350697,,0.0,0.0,1.296,0.0,,0.0,2.0,0.0,2.0,10,7.915,38.08333333333334,0.589133101851852
2019-03-26,0.0,0.0,0.17885079671656204,445.16651098620275,,0.0,0.0,1.042,0.0,0.0,0.0,1.0,0.0,1.0,11,8.024999999999999,37.925,0.6285086372360844
2019-03-27,0.0,0.0,0.1819826221777189,355.2882821510563,,0.0,0.0,1.1799,0.0,0.0,0.0,2.0,0.0,2.0,11,7.945,38.03333333333334,0.5892402957877786
2019-03-28,0.0,0.0,0.18087450892714554,439.1906505728782,,0.0,0.0,1.2335999999999998,0.0,0.0,0.0,2.0,0.0,2.0,11,8.0,38.0,0.5840294159370947
2019-03-29,0.0,0.0,0.17969170385844965,459.13265114662187,,0.0,0.0,1.2144000000000001,0.0,0.0,0.0,2.0,0.0,2.0,11,8.05,37.95,0.5875470911561265
2019-03-30,,,,,,,,,0.0,,0.0,,0.0,0.0,3,,,
2019-03-31,,,,,,,,,0.0,,,,,0.0,1,,,
2019-04-01,0.0,0.0,0.17142857142857143,336.36213890657274,,0.0,0.0,1.2504000000000002,0.0,,0.0,1.0,0.0,1.0,10,8.04,38.0,0.6182745521433141
2019-04-02,0.0,0.0,0.17581087108902058,347.18421884823925,,0.0,0.0,1.236,0.0,0.0,0.0,1.0,0.0,1.0,11,7.93,38.0,0.6121375404530743
2019-04-03,0.0,0.0,0.1772260546142353,375.4231376419689,,0.0,0.0,1.248,0.0,0.0,0.0,1.0,0.0,1.0,11,7.945,37.98333333333333,0.6151961137820514
2019-04-04,0.0,0.0,0.16905581039755352,399.76920574767695,,0.0,0.0,1.3109125,0.0,0.0,0.0,1.0,0.0,1.0,11,7.995,38.0,0.6233660713434346
2019-04-05,0.0,0.0,0.17704823336863387,394.25484667962843,,0.0,0.0,1.34,0.0,0.0,0.0,1.0,0.0,1.0,11,7.93,38.1,0.6187672574626866
2019-04-06,,,,,,,,,0.0,,,,,0.0,1,,,
2019-04-07,,,,,,,,,0.0,,,,,0.0,1,,,
2019-04-08,0.0,0.0,0.17041294714533428,401.714258166992,,0.0,0.0,1.42655,0.0,,0.0,1.0,0.0,1.0,10,7.995,37.975,0.6263179524026498
2019-04-09,0.0,0.0,0.17144985747603006,403.35284834915484,,0.0,0.0,1.5039,0.0,0.0,0.0,2.0,0.0,2.0,11,7.96,38.0,0.581688609615001
2019-04-10,0.0,0.0,0.16797731081603712,410.0153688352878,,0.0,0.0,1.3149000000000002,0.0,0.0,0.0,1.0,0.0,1.0,11,7.985,38.01666666666667,0.6233701232032853
2019-04-11,0.0,0.0,0.16944043610710277,400.5892588440639,,0.0,0.0,1.3014000000000001,0.0,0.0,0.0,1.0,0.0,1.0,11,7.995,37.96666666666666,0.6295384777931459
2019-04-12,0.0,0.0,0.17673954342016293,395.7365560660234,,0.0,0.0,1.3365,0.0,0.0,0.0,1.0,0.0,1.0,11,7.960000000000001,38.0,0.6085813224841002
2019-04-13,,,,,,,,,0.0,,,,,0.0,1,,,
2019-04-14,,,,,,,,,0.0,,,,,0.0,1,,,
2019-04-15,0.0,0.0,0.17673954342016293,396.1174198641501,,0.0,0.0,1.3365,0.0,,0.0,1.0,0.0,1.0,10,7.960000000000001,38.01666666666667,0.6085813224841002
2019-04-16,0.0,0.0,0.1750825402990872,,,0.0,0.0,1.3716,0.0,0.0,0.0,2.0,0.0,2.0,11,7.915,37.96666666666667,0.5751381598133568
2019-04-17,0.0,0.0,0.17773185223456472,,,0.0,0.0,1.3580999999999999,0.0,0.0,0.0,2.0,0.0,2.0,11,7.94,37.91666666666666,0.5817177950813638
2019-04-18,0.0,0.0,0.17773185223456472,,,0.0,0.0,1.3580999999999999,0.0,0.0,0.0,2.0,0.0,2.0,11,7.94,37.98333333333333,0.5967956151977026
2019-04-19,0.0,0.0,0.17783163677492325,,,0.0,0.0,1.4877,0.0,0.0,0.0,2.0,0.0,2.0,11,7.9,37.91666666666666,0.5399608456005915
2019-04-20,,,,,,,,,0.0,,,,,0.0,1,,,
2019-04-21,,,,,,,,,0.0,,,,,0.0,1,,,
2019-04-22,0.0,0.0,0.1823956150249879,411.9062467402122,,0.0,0.0,1.4418,0.0,,0.0,2.0,0.0,2.0,10,7.99,38.1,0.5871952160493827
2019-04-23,0.0,0.0,0.1854375547551835,,,0.0,0.0,1.4607,0.0,0.0,0.0,2.0,0.0,2.0,11,7.94,38.0,0.5793113746833709
2019-04-24,0.0,0.0,0.18587408949011447,,,0.0,0.0,1.5471,0.0,0.0,0.0,2.0,0.0,2.0,11,7.895,38.01666666666667,0.5562830456984035
2019-04-25,0.0,0.0,0.183989628909415,,,0.0,0.0,1.4795999999999998,0.0,0.0,0.0,2.0,0.0,2.0,11,8.015,38.01666666666667,0.5851851851851853
2019-04-26,0.0,0.0,0.1820694588969823,,,0.0,0.0,1.4877,0.0,0.0,0.0,2.0,0.0,2.0,11,7.945,38.0,0.598904348995093
2019-04-27,,,,,,,,,0.0,,,,,0.0,1,,,
2019-04-28,,,,,,,,,0.0,,,,,0.0,1,,,
2019-04-29,0.0,0.0,0.17925292383451583,429.0436651651648,,0.0,0.0,1.4634,0.0,,0.0,1.0,0.0,1.0,10,8.004999999999999,38.03333333333333,0.6511502323356566
2019-04-30,0.0,0.0,0.17843188330294346,,,0.0,0.0,1.42035,0.0,0.0,0.0,1.0,0.0,1.0,11,8.004999999999999,38.03333333333334,0.6164482345900659
2019-05-01,0.0,0.0,0.17840757491946768,,,0.0,0.0,1.40505,0.0,0.0,0.0,1.0,0.0,1.0,11,7.96,38.0,0.6081905448204691
2019-05-02,0.0,0.0,0.17784559444191936,,,0.0,0.0,1.5714000000000001,0.0,0.0,0.0,2.0,0.0,2.0,11,8.04,38.01666666666667,0.5652005775105001
2019-05-03,0.0,0.0,0.17615414710485133,,,0.0,0.0,1.5039,0.0,0.0,0.0,2.0,0.0,2.0,11,7.955,38.01666666666667,0.5681912028725313
2019-05-04,,,,,,,,,0.0,,,,,0.0,1,,,
2019-05-05,,,,,,,,,0.0,,,,,0.0,1,,,
2019-05-06,0.0,0.0,0.1701885565669701,416.1444150900438,,0.0,0.0,1.4742,0.0,,0.0,2.0,0.0,2.0,10,7.975,38.01666666666667,0.576736111111111
2019-05-07,0.0,0.0,0.17204789564201578,,,0.0,0.0,1.4094,0.0,0.0,0.0,2.0,0.0,2.0,11,7.995,38.01666666666667,0.5884137753654037
2019-05-08,0.0,0.0,0.1725384214639229,,,0.0,0.0,1.458,0.0,0.0,0.0,2.0,0.0,2.0,11,7.975,38.01666666666667,0.5640521262002743
2019-05-09,0.0,0.0,0.17053862806552716,,,0.0,0.0,1.4283,0.0,0.0,0.0,2.0,0.0,2.0,11,8.03,38.01666666666667,0.5866716113561576
2019-05-10,,,,,,,,,0.0,,,,,0.0,1,,,
2019-05-11,,,,,,,,,0.0,,,,,0.0,1,,,
2019-05-12,,,,,,,,,0.0,,,,,0.0,1,,,
2019-05-13,0.0,0.0,0.17113897732441036,406.91705309547046,,0.0,0.0,1.5255,0.0,,0.0,2.0,0.0,2.0,10,7.97,38.0,0.5465070878400524
2019-05-14,0.0,0.0,0.17361635116958105,,,0.0,0.0,1.3851,0.0,0.0,0.0,2.0,0.0,2.0,11,7.98,38.01666666666667,0.5940960038986355
2019-05-15,0.0,0.0,0.1727091438098663,,,0.0,0.0,1.3742999999999999,0.0,0.0,0.0,1.0,0.0,1.0,11,7.995,38.01666666666667,0.6100908644400785
2019-05-16,0.0,0.0,0.17389336178743492,,,0.0,0.0,1.4687999999999999,0.0,0.0,0.0,2.0,0.0,2.0,11,7.955,38.0,0.5913063810593683
2019-05-17,,,,,,,,,0.0,,,,,0.0,1,,,
2019-05-18,,,,,,,,,0.0,,,,,0.0,1,,,
2019-05-19,,,,,,,,,0.0,,,,,0.0,1,,,
2019-05-20,0.0,0.0,0.1794430182302668,471.3550801428021,,0.0,0.0,1.596125,0.0,,0.0,2.0,0.0,2.0,10,8.0,38.1,0.5886713524943222
2019-05-21,0.0,0.0,0.1760753124492777,,,0.0,0.0,1.51335,0.0,0.0,0.0,1.0,0.0,1.0,11,8.04,38.01666666666667,0.6045895694981334
2019-05-22,0.0,0.0,0.1758295380611581,,,0.0,0.0,1.52475,0.0,0.0,0.0,2.0,0.0,2.0,11,7.985,38.01666666666667,0.5919355632070832
2019-05-23,0.0,0.0,0.1776174692922597,,,0.0,0.0,1.52475,0.0,0.0,0.0,1.0,0.0,1.0,11,7.945,38.01666666666667,0.6023934251516642
2019-05-24,,,,,,,,,0.0,,,,,0.0,1,,,
2019-05-25,,,,,,,,,0.0,,,,,0.0,1,,,
2019-05-26,,,,,,,,,0.0,,,,,0.0,1,,,
2019-05-27,0.0,0.0,0.1808694517822783,436.0841600683404,,0.0,0.0,1.46625,0.0,,0.0,1.0,0.0,1.0,10,7.99,38.01666666666667,0.6408449275362319
2019-05-28,0.0,0.0,0.1814592442733146,,,0.0,0.0,1.5602,0.0,0.0,0.0,1.0,0.0,1.0,11,7.984999999999999,38.01666666666667,0.6006135030765286
2019-05-29,0.0,0.0,0.18117194378321974,,,0.0,0.0,1.48385,0.0,0.0,0.0,1.0,0.0,1.0,11,8.015,38.08333333333334,0.6476892880008087
2019-05-30,0.0,0.0,0.18016485673164986,,,0.0,0.0,1.683,0.0,0.0,0.0,2.0,0.0,2.0,11,8.01,38.05,0.5879315210932858
2019-05-31,,,,,,,,,0.0,,,,,0.0,1,,,
2019-06-01,,,,,,,,,0.0,,,,,0.0,1,,,
2019-06-02,,,,,,,,,0.0,,,,,0.0,1,,,
2019-06-03,,0.0,0.18247960848287112,,,0.0,0.0,1.854,0.0,,0.0,2.0,0.0,2.0,9,,38.06666666666666,0.5885120685005395
2019-06-04,,0.0,0.18333441706222772,,,0.0,0.0,1.791,0.0,0.0,0.0,2.0,0.0,2.0,10,,38.25000000000001,0.5990683277498605
2019-06-05,,0.0,0.18037204168425153,,,0.0,0.0,1.815,0.0,0.0,0.0,2.0,0.0,2.0,10,,38.18333333333334,0.5853741391184573
2019-06-06,,0.0,0.17740574914022453,,,0.0,0.0,1.734,0.0,0.0,0.0,1.0,0.0,1.0,10,,38.2,0.6221699106113034
2019-06-07,,,,,,,,,0.0,,,,,0.0,1,,,
2019-06-08,,,,,,,,,0.0,,,,,0.0,1,,,
2019-06-09,,,,,,,,,0.0,,,,,0.0,1,,,
2019-06-10,0.0,0.0,0.18019827642065703,492.64082593360445,,0.0,0.0,1.7182,0.0,,0.0,1.0,0.0,1.0,10,8.059999999999999,38.0,0.6203835045396344
2019-06-11,0.0,0.0,0.1828245880943903,,,0.0,0.0,1.6698,0.0,0.0,0.0,1.0,0.0,1.0,11,8.065000000000001,38.05,0.6146267517067913
2019-06-12,0.0,0.0,0.1830808080808081,,,0.0,0.0,1.694325,0.0,0.0,0.0,1.0,0.0,1.0,11,8.01,38.0,0.605832706239948
2019-06-13,0.0,0.0,0.18418486739469578,,,0.0,0.0,1.674,0.0,0.0,0.0,1.0,0.0,1.0,11,8.004999999999999,38.0,0.6205787037037036
2019-06-14,0.0,0.0,0.18273255248045164,,,0.0,0.0,1.644,0.0,0.0,0.0,1.0,0.0,1.0,11,8.015,38.0,0.6330155109489051
2019-06-15,,,,,,,,,0.0,,,,,0.0,1,,,
2019-06-16,,,,,,,,,0.0,,,,,0.0,1,,,
2019-06-17,0.0,0.0,0.17954781031355274,455.8466739466246,,0.0,0.0,1.677,0.0,,0.0,1.0,0.0,1.0,10,8.015,37.95,0.6347445960047704
2019-06-18,0.0,0.0,0.18037851196670135,,,0.0,0.0,1.641,0.0,0.0,0.0,1.0,0.0,1.0,11,8.035,38.0,0.6326541742839731
2019-06-19,0.0,0.0,0.17882879958449652,,,0.0,0.0,1.623,0.0,0.0,0.0,1.0,0.0,1.0,11,8.015,38.0,0.6361078250154036
2019-06-20,0.0,0.0,0.1829232619364904,,,0.0,0.0,1.587,0.0,0.0,0.0,1.0,0.0,1.0,11,7.824999999999999,37.95,0.6356214949590422
2019-06-21,0.0,0.0,0.18225162985306997,,,0.0,0.0,1.62,0.0,0.0,0.0,1.0,0.0,1.0,11,7.85,38.0,0.6215625
2019-06-22,,,,,,,,,0.0,,,,,0.0,1,,,
2019-06-23,,,,,,,,,0.0,,,,,0.0,1,,,
2019-06-24,0.0,0.0,0.18183292255804903,322.00849755346894,,0.0,0.0,1.626,0.0,,0.0,1.0,0.0,1.0,10,7.845,38.0,0.6210866005535055
2019-06-25,,,,,,,,,0.0,,,,,0.0,1,,,
2019-06-26,,,,,,,,,0.0,,,,,0.0,1,,,
2019-06-27,0.0,0.0,0.17762196903301197,,,0.0,0.0,1.467,0.0,,0.0,0.0,0.0,0.0,10,7.82,37.95,0.7244642552828903
2019-06-28,0.0,0.0,0.17617269923713683,,,0.0,0.0,1.515125,0.0,0.0,0.0,1.0,0.0,1.0,11,7.85,38.0,0.6480587410279679
2019-06-29,,,,,,,,,0.0,,,,,0.0,1,,,
2019-06-30,,,,,,,,,0.0,,,,,0.0,1,,,
2019-07-01,0.0,0.0,0.18597918022121016,314.9080408329011,,0.0,0.0,1.308,0.0,,0.0,0.0,0.0,0.0,10,7.875,38.0,0.7769255064984709
2019-07-02,0.0,0.0,0.17774940248174703,,,0.0,0.0,1.2299999999999998,0.0,0.0,0.0,0.0,0.0,0.0,11,7.77,38.0,0.7891411585365855
2019-07-03,0.0,0.0,0.1724250219805269,,,0.0,0.0,1.26,0.0,0.0,0.0,0.0,0.0,0.0,11,7.82,38.0,0.7774250000000001
2019-07-04,0.0,0.0,0.17327311716160895,,,0.0,0.0,1.281,0.0,0.0,0.0,0.0,0.0,0.0,11,7.795,38.0,0.7598296252927401
2019-07-05,0.0,0.0,0.1793767335617556,,,0.0,0.0,1.206,0.0,0.0,0.0,0.0,0.0,0.0,11,7.795,38.0,0.8119821206467662
2019-07-06,,,,,,,,,0.0,,,,,0.0,1,,,
2019-07-07,,,,,,,,,0.0,,,,,0.0,1,,,
2019-07-08,0.0,0.0,0.1827792097621456,256.09275168991996,,0.0,0.0,1.05,0.0,,0.0,0.0,0.0,0.0,10,7.78,38.0,0.93
2019-07-09,0.0,0.0,0.1855730454013269,,,0.0,0.0,1.095,0.0,0.0,0.0,0.0,0.0,0.0,11,7.795,38.0,0.8332502853881278
2019-07-10,0.0,0.0,0.18377813347270766,,,0.0,0.0,1.0230000000000001,0.0,0.0,0.0,0.0,0.0,0.0,11,7.835,38.0,0.875866202346041
2019-07-11,0.0,0.0,0.18675409836065573,,,0.0,0.0,1.143,0.0,0.0,0.0,0.0,0.0,0.0,11,7.82,38.0,0.7823758202099739
2019-07-12,0.0,0.0,0.18675409836065573,,,0.0,0.0,1.143,0.0,0.0,0.0,0.0,0.0,0.0,11,7.82,38.0,0.7771351706036745
2019-07-13,,,,,,,,,0.0,,,,,0.0,1,,,
2019-07-14,,,,,,,,,0.0,,,,,0.0,1,,,
2019-07-15,0.0,0.0,0.18640108998897034,292.12503589925586,,0.0,0.0,1.3805999999999998,0.0,,0.0,1.0,0.0,1.0,10,7.83,38.0,0.672180166232073
2019-07-16,0.0,0.0,0.18555663745537163,,,0.0,0.0,1.41875,0.0,0.0,0.0,1.0,0.0,1.0,11,7.825,38.0,0.6861886343612335
2019-07-17,0.0,0.0,0.18481933974525605,,,0.0,0.0,1.8909,0.0,0.0,0.0,2.0,0.0,2.0,11,7.81,38.0,0.5580160241155004
2019-07-18,0.0,0.0,0.18465274405050996,,,0.0,0.0,1.6863,0.0,0.0,0.0,1.0,0.0,1.0,11,7.835,38.0,0.6608279962047086
2019-07-19,,,,,,,,,0.0,,,,,0.0,1,,,
2019-07-20,,,,,,,,,0.0,,,,,0.0,1,,,
2019-07-21,,,,,,,,,0.0,,,,,0.0,1,,,
2019-07-22,0.0,0.0,0.18922346514047866,239.87902571880278,,0.0,0.0,1.7336624999999999,0.0,,0.0,2.0,0.0,2.0,10,7.76,38.0,0.5590098274606505
2019-07-23,0.0,0.0,0.18761408083441983,,,0.0,0.0,1.7789625,0.0,0.0,0.0,2.0,0.0,2.0,11,7.75,38.0,0.5282868525896414
2019-07-24,0.0,0.0,0.18597829275447345,,,0.0,0.0,1.65,0.0,0.0,0.0,2.0,0.0,2.0,11,7.73,38.0,0.55191125
2019-07-25,0.0,0.0,0.1840277777777778,,,0.0,0.0,1.89,0.0,0.0,0.0,2.0,0.0,2.0,11,7.74,38.0,0.5023131613756615
2019-07-26,0.0,0.0,0.19127077607642978,,,0.0,0.0,1.809,0.0,0.0,0.0,2.0,0.0,2.0,11,7.71,38.0,0.5344169776119403
2019-07-27,,,,,,,,,0.0,,,,,0.0,1,,,
2019-07-28,,,,,,,,,0.0,,,,,0.0,1,,,
2019-07-29,0.0,0.0,0.18580204329686936,261.5347157848749,,0.0,0.0,1.728,0.0,,0.0,2.0,0.0,2.0,10,7.734999999999999,39.5,0.5334112413194444
2019-07-30,0.0,0.0,0.17778426980880968,,,0.0,0.0,1.539,0.0,0.0,0.0,2.0,0.0,2.0,11,7.79,39.5,0.5929083008447044
2019-07-31,0.0,0.0,0.18390096892316665,,,0.0,0.0,1.617,0.0,0.0,0.0,2.0,0.0,2.0,11,7.785,39.45,0.5631413110698823
2019-08-01,0.0,0.0,0.17925354259217224,,,0.0,0.0,,0.0,0.0,0.0,,0.0,0.0,9,7.805,39.45,
2019-08-02,,,,,,,,,0.0,,,,,0.0,1,,,
2019-08-03,,,,,,,,,0.0,,,,,0.0,1,,,
2019-08-04,,,,,,,,,0.0,,,,,0.0,1,,,
2019-08-05,0.0,0.0,0.18225931677018634,311.2044525038857,,0.0,0.0,1.4185125,0.0,,0.0,1.0,0.0,1.0,10,7.835,39.8,0.6529442814215595
2019-08-06,0.0,0.0,0.18521656943584394,,,0.0,0.0,1.353,0.0,0.0,0.0,1.0,0.0,1.0,11,7.85,39.8,0.6808670546932742
2019-08-07,0.0,0.0,0.18607512953367875,,,0.0,0.0,1.2307000000000001,0.0,0.0,0.0,0.0,0.0,0.0,11,7.955,39.8,0.7437968229462907
2019-08-08,0.0,0.0,0.18480962972654716,,,0.0,0.0,1.01115,0.0,0.0,0.0,0.0,0.0,0.0,11,7.84,39.8,0.8990486080205706
2019-08-09,0.0,0.0,0.1864539238033214,,,0.0,0.0,1.1718000000000002,0.0,0.0,0.0,0.0,0.0,0.0,11,7.925000000000001,39.8,0.7565612732548215
2019-08-10,,,,,,,,,0.0,,,,,0.0,1,,,
2019-08-11,,,,,,,,,0.0,,,,,0.0,1,,,
2019-08-12,0.0,0.0,0.18698367267286803,387.0667277767102,,0.0,0.0,1.1718000000000002,0.0,,0.0,0.0,0.0,0.0,10,7.904999999999999,39.75,0.7776092336576207
2019-08-13,0.0,0.0,0.18011317704122878,,,0.0,0.0,1.0836,0.0,0.0,0.0,0.0,0.0,0.0,11,7.935,39.75,0.8107627353266889
2019-08-14,0.0,0.0,0.17467872441694432,,,0.0,0.0,0.9954000000000001,0.0,0.0,0.0,0.0,0.0,0.0,11,7.98,39.7,0.9250053998392608
2019-08-15,0.0,0.0,0.253796796380926,,,1.0,0.0,1.1513249999999997,0.0,0.0,0.0,0.0,0.0,1.0,11,8.015,39.7,0.8276626929841706
2019-08-16,0.0,0.0,0.17394888705688377,,,0.0,0.0,1.1747999999999998,0.0,0.0,0.0,0.0,0.0,0.0,11,7.949999999999999,39.6,0.8410939096016343
2019-08-17,,,,,,,,,0.0,,,,,0.0,1,,,
2019-08-18,,,,,,,,,0.0,,,,,0.0,1,,,
2019-08-19,0.0,0.0,0.17245768104874634,516.0136052526666,,0.0,0.0,1.2110999999999998,0.0,,0.0,0.0,0.0,0.0,10,8.045,39.5,0.7594234580133762
2019-08-20,0.0,0.0,0.17324010805657078,,,0.0,0.0,1.1285999999999998,0.0,0.0,0.0,0.0,0.0,0.0,11,8.045,39.6,0.7798710792131845
2019-08-21,0.0,0.0,0.17289689868178054,,,0.0,0.0,1.1253,0.0,0.0,0.0,0.0,0.0,0.0,11,8.024999999999999,39.45,0.8159513018750557
2019-08-22,1.0,0.0,0.1733828712965609,,,0.0,0.0,1.2243,0.0,0.0,0.0,0.0,0.0,1.0,11,8.195,39.45,0.8226280323450135
2019-08-23,0.0,0.0,0.17272756196112118,,,0.0,0.0,1.2243,0.0,0.0,0.0,0.0,0.0,0.0,11,8.07,39.75,0.8424019848076453
2019-08-24,,,,,,,,,0.0,,,,,0.0,1,,,
2019-08-25,,,,,,,,,0.0,,,,,0.0,1,,,
2019-08-26,0.0,0.0,0.1736373148999588,528.4137591065454,,0.0,0.0,1.2342,0.0,,0.0,0.0,0.0,0.0,10,8.085,39.5,0.9065669563279857
2019-08-27,1.0,0.0,0.1721007016095749,,,0.0,0.0,1.1626500000000002,0.0,0.0,0.0,0.0,0.0,1.0,11,8.129999999999999,39.5,0.9470884402012644
2019-08-28,1.0,0.0,0.17326339214751232,,,0.0,0.0,1.1971500000000002,0.0,0.0,0.0,0.0,0.0,1.0,11,8.120000000000001,39.5,0.883562627907948
2019-08-29,1.0,0.0,0.17446105978347143,,,0.0,0.0,1.1385,0.0,0.0,0.0,0.0,0.0,1.0,11,8.14,39.59999999999999,0.9630886034255599
2019-08-30,1.0,0.0,0.1768242516296437,,,0.0,0.0,1.43865,0.0,0.0,0.0,0.0,0.0,1.0,11,8.23,39.55,0.7751902825565634
2019-08-31,,,,,,,,,0.0,,,,,0.0,1,,,
2019-09-01,,,,,,,,,0.0,,,,,0.0,1,,,
2019-09-02,1.0,0.0,0.19091428208869995,638.9326632956252,,0.0,0.0,1.3513499999999998,0.0,,0.0,0.0,0.0,1.0,10,8.205,39.45,0.8387279387279387
2019-09-03,1.0,0.0,0.19368014438147105,,,0.0,0.0,1.53,0.0,0.0,0.0,0.0,0.0,1.0,11,8.21,39.55,0.7385976307189542
2019-09-04,1.0,0.0,0.19009781886099592,,,0.0,0.0,0.7603500000000001,0.0,0.0,0.0,0.0,0.0,1.0,11,8.245000000000001,39.4,1.2696092260143355
2019-09-05,2.0,0.0,0.18752180670536367,,,0.0,0.0,0.9438499999999999,0.0,0.0,0.0,0.0,0.0,2.0,11,8.315000000000001,39.4,0.9257804471049427
2019-09-06,2.0,0.0,0.184471853257432,,,0.0,0.0,1.0098,0.0,0.0,0.0,0.0,0.0,2.0,11,8.355,39.4,0.8947702515349574
2019-09-07,,,,,,,,,0.0,,,,,0.0,1,,,
2019-09-08,,,,,,,,,0.0,,,,,0.0,1,,,
2019-09-09,2.0,0.0,0.1834950217002808,788.3993631882173,,0.0,0.0,1.1322,0.0,,0.0,0.0,0.0,2.0,10,8.395,39.5,0.796063416357534
2019-09-10,1.0,0.0,0.17643447026678538,,,0.0,0.0,1.07355,0.0,0.0,0.0,0.0,0.0,1.0,11,8.24,39.5,0.8410050766149689
2019-09-11,0.0,0.0,0.1823219313484694,,,0.0,0.0,0.8686875,0.0,0.0,0.0,0.0,0.0,0.0,11,8.06,39.45,0.9973170731707316
2019-09-12,,,,,,,,,0.0,,,,,0.0,1,,,
2019-09-13,,,,,,,,,0.0,,,,,0.0,1,,,
2019-09-14,,,,,,,,,0.0,,,,,0.0,1,,,
2019-09-15,,,,,,,,,0.0,,,,,0.0,1,,,
2019-09-16,0.0,0.0,0.16824099303663337,384.98586559556804,,0.0,0.0,1.19385,0.0,,0.0,0.0,0.0,0.0,10,7.94,39.4,0.9645753235331072
2019-09-17,0.0,0.0,0.17217860498954196,,,0.0,0.0,1.1950500000000002,0.0,0.0,0.0,0.0,0.0,0.0,11,7.955,39.4,0.9749412158487091
2019-09-18,0.0,0.0,0.17431276725717776,,,0.0,0.0,1.3332,0.0,0.0,0.0,0.0,0.0,0.0,11,7.995,39.4,0.9036453645364536
2019-09-19,0.0,0.0,0.17171747936527273,,,0.0,0.0,1.3893,0.0,0.0,0.0,0.0,0.0,0.0,11,8.015,39.4,0.8879354711005544
2019-09-20,0.0,0.0,0.17038333947659418,,,0.0,0.0,1.1946,0.0,0.0,0.0,0.0,0.0,0.0,11,7.975,39.5,1.0319002176460739
2019-09-21,,,,,,,,,0.0,,,,,0.0,1,,,
2019-09-22,,,,,,,,,0.0,,,,,0.0,1,,,
2019-09-23,0.0,0.0,0.14643737527878858,451.69922742639045,,0.0,0.0,12.276000000000002,0.0,,0.0,3.0,0.0,3.0,10,7.99,39.25,0.09821399478657541
2019-09-24,0.0,0.0,0.14669372867396163,,,0.0,0.0,1.287,0.0,0.0,0.0,0.0,0.0,0.0,11,7.955,39.3,0.8948193473193473
2019-09-25,0.0,0.0,0.1536630919387878,,,0.0,0.0,1.2045,0.0,0.0,0.0,0.0,0.0,0.0,11,8.01,39.2,0.9336025321710253
2019-09-26,0.0,0.0,0.15300130822355412,,,0.0,0.0,1.1715,0.0,0.0,0.0,0.0,0.0,0.0,11,8.004999999999999,39.2,0.939697449850619
2019-09-27,0.0,0.0,0.1539490891396247,,,0.0,0.0,1.3992,0.0,0.0,0.0,0.0,0.0,0.0,11,8.075,39.2,0.7983733562035448
2019-09-28,,,,,,,,,0.0,,,,,0.0,1,,,
2019-09-29,,,,,,,,,0.0,,,,,0.0,1,,,
2019-09-30,0.0,0.0,0.14772727272727273,368.4345531158398,,0.0,0.0,1.2309,0.0,,0.0,0.0,0.0,0.0,10,7.890000000000001,39.09999999999999,0.9308986310829472
2019-10-01,0.0,0.0,0.15039931719807353,0.022394895656705504,,0.0,0.0,0.9692375,0.0,0.0,0.0,0.0,0.0,0.0,11,8.08,39.0,0.9439855427591279
2019-10-02,0.0,0.0,0.14475601935521484,,,0.0,0.0,1.1253,0.0,0.0,0.0,0.0,0.0,0.0,11,8.015,39.4,0.910254321069937
2019-10-03,0.0,0.0,0.1422931887815225,,,0.0,0.0,1.1154,0.0,0.0,0.0,0.0,0.0,0.0,11,8.01,39.25,0.9416735027792721
2019-10-04,0.0,0.0,0.14330911647527536,,,0.0,0.0,0.99,0.0,0.0,0.0,0.0,0.0,0.0,11,7.995,39.15,1.0517631944444443
2019-10-05,,,,,,,,,0.0,,,,,0.0,1,,,
2019-10-06,,,,,,,,,0.0,,,,,0.0,1,,,
2019-10-07,0.0,0.0,0.14051132213294376,493.7054198522594,,0.0,0.0,1.0395,0.0,,0.0,0.0,0.0,0.0,10,8.02,39.15,1.0081830206830207
2019-10-08,0.0,0.0,0.14433533636230397,,,0.0,0.0,1.2045,0.0,0.0,0.0,0.0,0.0,0.0,11,8.055,39.2,0.8341033623910337
2019-10-09,0.0,0.0,0.14329118319395817,,,0.0,0.0,1.3068,0.0,0.0,0.0,0.0,0.0,0.0,11,8.02,39.2,0.7539359504132231
2019-10-10,1.0,0.0,0.1430062630480167,,,0.0,0.0,1.1814,0.0,0.0,0.0,0.0,0.0,1.0,11,8.125,39.35,0.8378671491450822
2019-10-11,0.0,0.0,0.1416604078802935,,,0.0,0.0,1.1451000000000002,0.0,0.0,0.0,0.0,0.0,0.0,11,8.035,39.35,0.874672517684045
2019-10-12,,,,,,,,,0.0,,,,,0.0,1,,,
2019-10-13,,,,,,,,,0.0,,,,,0.0,1,,,
2019-10-14,0.0,0.0,0.14971700385356454,540.674592445361,,0.0,0.0,1.549125,0.0,,0.0,0.0,1.0,1.0,10,8.045,39.35,0.7913247801178085
2019-10-15,0.0,0.0,0.152029164532554,,,0.0,0.0,1.70415,0.0,0.0,0.0,1.0,0.0,1.0,11,7.98,38.9,0.6727160167825602
2019-10-16,1.0,0.0,0.15218545390196425,,,0.0,0.0,1.53405,0.0,0.0,0.0,0.0,0.0,1.0,11,8.114999999999998,38.95,0.7664409976858643
2019-10-17,0.0,0.0,0.1602702056432329,,,0.0,0.0,1.613525,0.0,0.0,0.0,0.0,0.0,0.0,11,8.045,38.95,0.7209836770425
2019-10-18,0.0,0.0,0.10769791842001908,,,0.0,0.0,1.87995,0.0,0.0,0.0,1.0,0.0,1.0,11,8.065000000000001,38.65,0.632390655336578
2019-10-19,,,,,,,,,0.0,,,,,0.0,1,,,
2019-10-20,,,,,,,,,0.0,,,,,0.0,1,,,
2019-10-21,0.0,0.0,0.17848307488083026,417.37828448544417,,0.0,0.0,1.6874,0.0,,0.0,1.0,0.0,1.0,10,7.94,39.34999999999999,0.6810533216783216
2019-10-22,0.0,0.0,0.18020188466347473,,,0.0,0.0,1.848,0.0,0.0,0.0,2.0,0.0,2.0,11,7.92,39.09999999999999,0.5920944264069263
2019-10-23,0.0,0.0,0.18796114117068372,,,0.0,0.0,1.7459,0.0,0.0,0.0,2.0,0.0,2.0,11,7.9,39.1,0.5843601079672376
2019-10-24,0.0,0.0,0.17206527033609353,,,1.0,0.0,1.5795,0.0,0.0,0.0,1.0,0.0,1.0,11,7.96,39.3,0.6074697689142133
2019-10-25,0.0,0.0,0.17863810252486612,,,0.0,0.0,1.6038,0.0,0.0,0.0,2.0,0.0,2.0,11,7.93,39.2,0.5774186307519642
2019-10-26,,,,,,,,,0.0,,,,,0.0,1,,,
2019-10-27,,,,,,,,,0.0,,,,,0.0,1,,,
2019-10-28,0.0,0.0,0.16848765432098767,359.2574078519277,,0.0,0.0,1.5363,0.0,,0.0,1.0,0.0,1.0,10,7.915,38.84999999999999,0.6204621493197942
2019-10-29,0.0,0.0,0.16274665526299714,,,0.0,0.0,1.5147,0.0,0.0,0.0,1.0,0.0,1.0,11,7.915,38.65000000000001,0.6005207301775929
2019-10-30,0.0,0.0,0.16183986371379896,,,0.0,0.0,1.5363,0.0,0.0,0.0,1.0,0.0,1.0,11,7.984999999999999,38.95,0.6111050087873463
2019-10-31,0.0,0.0,0.15584573337382326,,,0.0,0.0,1.5768,0.0,0.0,0.0,1.0,0.0,1.0,11,8.015,38.9,0.6177997368087266
2019-11-01,0.0,0.0,0.155350767446828,,,0.0,0.0,1.5903,0.0,0.0,0.0,1.0,0.0,1.0,11,8.015,38.7,0.6255574419920771
2019-11-02,,,,,,,,,0.0,,,,,0.0,1,,,
2019-11-03,,,,,,,,,0.0,,,,,0.0,1,,,
2019-11-04,1.0,0.0,,,,,,2.324425,0.0,,0.0,3.0,0.0,3.0,7,8.2,38.95,0.42486932252062326
2019-11-05,1.0,0.0,,,,,,1.624,0.0,0.0,0.0,1.0,0.0,1.0,8,8.155000000000001,39.0,0.6313487145935961
2019-11-06,0.0,0.0,,,,,,1.6912,0.0,0.0,0.0,1.0,0.0,1.0,8,8.04,39.1,0.6271119249645223
2019-11-07,0.0,0.0,,,,,,1.6996,0.0,0.0,0.0,1.0,0.0,1.0,8,7.985,38.75,0.6179729053895036
2019-11-08,1.0,0.0,0.15318924926154476,,,0.0,0.0,1.7444000000000002,0.0,0.0,0.0,2.0,0.0,2.0,11,8.11,38.9,0.5903461075441413
2019-11-09,,,,,,,,,0.0,,,,,0.0,1,,,
2019-11-10,,,,,,,,,0.0,,,,,0.0,1,,,
2019-11-11,0.0,0.0,0.1563815885000726,501.93861262381176,,0.0,0.0,1.692,0.0,,0.0,0.0,0.0,0.0,10,8.08,38.75,0.7109358008274234
2019-11-12,1.0,0.0,0.1559369691289321,,,0.0,0.0,1.4229,0.0,0.0,0.0,0.0,0.0,1.0,11,8.145,38.9,0.7637749051233396
2019-11-13,1.0,0.0,0.15971536450769677,,,0.0,0.0,1.377,0.0,0.0,0.0,0.0,0.0,1.0,11,8.155000000000001,38.7,0.826955065359477
2019-11-14,0.0,0.0,0.16260666725721204,,,0.0,0.0,1.4553,0.0,0.0,0.0,0.0,0.0,0.0,11,7.955,38.9,0.7807792207792207
2019-11-15,0.0,0.0,0.16030150753768843,,,0.0,0.0,1.4742,0.0,0.0,0.0,0.0,0.0,0.0,11,7.955,38.75,0.7211092456925788
2019-11-16,,,,,,,,,0.0,,,,,0.0,1,,,
2019-11-17,,,,,,,,,0.0,,,,,0.0,1,,,
2019-11-18,0.0,0.0,0.17118735405065566,389.5604489360416,,0.0,0.0,1.408875,0.0,,0.0,1.0,0.0,1.0,10,7.92,39.0,0.6494016946144973
2019-11-19,0.0,0.0,0.1735896589988903,,,0.0,0.0,1.355575,0.0,0.0,0.0,1.0,0.0,1.0,11,7.93,38.9,0.6514006971211479
2019-11-20,0.0,0.0,0.16907527263055236,,,0.0,0.0,1.3475,0.0,0.0,0.0,1.0,0.0,1.0,11,7.98,38.8,0.6436660482374769
2019-11-21,0.0,0.0,0.1609810283843433,,,0.0,0.0,1.2935999999999999,0.0,0.0,0.0,1.0,0.0,1.0,11,7.985,39.0,0.6523703231292517
2019-11-22,0.0,0.0,0.1583846357771952,,,0.0,0.0,1.3128,0.0,0.0,0.0,1.0,0.0,1.0,11,7.945,38.84999999999999,0.6526241620962827
2019-11-23,,,,,,,,,0.0,,,,,0.0,1,,,
2019-11-24,,,,,,,,,0.0,,,,,0.0,1,,,
2019-11-25,0.0,0.0,0.1650913861474701,399.20473470685295,,0.0,0.0,1.6318,0.0,,0.0,2.0,0.0,2.0,10,7.955,39.0,0.5546686174776321
2019-11-26,0.0,0.0,0.16271666077113547,,,0.0,0.0,1.464,0.0,0.0,0.0,2.0,0.0,2.0,11,7.94,39.0,0.5728193306010929
2019-11-27,0.0,0.0,0.15861640062783192,,,0.0,0.0,1.4076,0.0,0.0,0.0,1.0,0.0,1.0,11,7.95,39.0,0.6479451726342711
2019-11-28,0.0,0.0,0.15711733174508635,,,0.0,0.0,1.428,0.0,0.0,0.0,1.0,0.0,1.0,11,7.925,39.05,0.6390114233193277
2019-11-29,0.0,0.0,0.1551893095768374,,,0.0,0.0,1.2948,0.0,0.0,0.0,1.0,0.0,1.0,11,7.96,38.95,0.6190669891102873
2019-11-30,,,,,,,,,0.0,,,,,0.0,1,,,
2019-12-01,,,,,,,,,0.0,,,,,0.0,1,,,
2019-12-02,0.0,0.0,0.16562119951353774,368.09051191977704,,0.0,0.0,1.4458499999999999,0.0,,0.0,1.0,0.0,1.0,10,7.925,39.0,0.6613217138707334
2019-12-03,0.0,0.0,0.1612035851472471,,,0.0,0.0,1.3464,0.0,0.0,0.0,1.0,0.0,1.0,11,7.96,39.0,0.6696732954545452
2019-12-04,0.0,0.0,0.1623912699667879,,,0.0,0.0,1.5525,0.0,0.0,0.0,1.0,0.0,1.0,11,8.075,38.84999999999999,0.6319805958132046
2019-12-05,1.0,0.0,,,,,,1.6685999999999999,0.0,0.0,0.0,2.0,0.0,2.0,8,8.155000000000001,38.95,0.5875365201366414
2019-12-06,,,,,,,,,0.0,,,,,0.0,1,,,
2019-12-07,,,,,,,,,0.0,,,,,0.0,1,,,
2019-12-08,,,,,,,,,0.0,,,,,0.0,1,,,
2019-12-09,1.0,0.0,0.15133540183731825,550.9042652007253,,0.0,0.0,1.5579,0.0,,0.0,1.0,0.0,1.0,10,8.1,39.05,0.6837224388600037
2019-12-10,0.0,0.0,0.1718951169728372,,,0.0,0.0,1.8954000000000002,0.0,0.0,0.0,2.0,0.0,2.0,11,8.09,39.0,0.5694256489395377
2019-12-11,0.0,0.0,0.1692975655140332,,,0.0,0.0,1.7658,0.0,0.0,0.0,1.0,0.0,1.0,11,8.075,39.0,0.6224192646392571
2019-12-12,0.0,0.0,0.1561836598532177,,,0.0,0.0,1.8279,0.0,0.0,0.0,1.0,0.0,1.0,11,8.094999999999999,39.0,0.612577958312818
2019-12-13,1.0,0.0,0.15590603419679744,,,0.0,0.0,1.7847,0.0,0.0,0.0,1.0,0.0,1.0,11,8.114999999999998,39.0,0.6671918949963579
2019-12-14,,,,,,,,,0.0,,,,,0.0,1,,,
2019-12-15,,,,,,,,,0.0,,,,,0.0,1,,,
2019-12-16,0.0,0.0,0.1570816524376896,295.90644548173606,,0.0,0.0,1.7685,0.0,,0.0,1.0,0.0,1.0,10,7.81,39.0,0.6588616765620583
2019-12-17,0.0,0.0,0.18717837435674872,,,0.0,0.0,1.992375,0.0,0.0,0.0,1.0,0.0,1.0,11,8.004999999999999,39.0,0.6077827969132318
2019-12-18,0.0,0.0,0.18360828578516497,,,0.0,0.0,1.632,0.0,0.0,0.0,0.0,0.0,0.0,11,8.024999999999999,39.0,0.7116814108455882
2019-12-19,0.0,0.0,0.1767082915565278,,,0.0,0.0,1.5624,0.0,0.0,0.0,0.0,0.0,0.0,11,8.094999999999999,39.0,0.7441557459677419
2019-12-20,1.0,0.0,0.1878016940404991,,,0.0,0.0,1.6824000000000001,0.0,0.0,0.0,1.0,0.0,1.0,11,8.145,39.0,0.6607927662862577
2019-12-21,,,,,,,,,0.0,,,,,0.0,1,,,
2019-12-22,,,,,,,,,0.0,,,,,0.0,1,,,
2019-12-23,1.0,0.0,0.14968282604900193,612.5148338866957,,0.0,0.0,1.74675,0.0,,0.0,2.0,0.0,2.0,10,8.175,38.65,0.5668398454272221
2019-12-24,1.0,0.0,0.15038435484346008,,,0.0,0.0,1.6406500000000002,0.0,0.0,0.0,1.0,0.0,1.0,11,8.15,38.6,0.6172046902142444
2019-12-25,1.0,0.0,0.1576235758235935,,,0.0,0.0,1.7199,0.0,0.0,0.0,1.0,0.0,1.0,11,8.129999999999999,38.65,0.6272896316646316
2019-12-26,1.0,0.0,0.15218548530194595,,,0.0,0.0,1.7875,0.0,0.0,0.0,1.0,0.0,1.0,11,8.11,38.65,0.6498765734265735
2019-12-27,,,,,,,,,0.0,,,,,0.0,1,,,
2019-12-28,,,,,,,,,0.0,,,,,0.0,1,,,
2019-12-29,,,,,,,,,0.0,,,,,0.0,1,,,
2019-12-30,,,,,,,,,,,,,,,0,,,
2019-12-31,,,,,,,,,,,,,,,0,,,
2020-01-01,0.0,0.0,0.15504907177486107,,,0.0,0.0,1.887,0.0,,0.0,1.0,2.0,2.0,10,8.004999999999999,39.0,0.6256286764705882
2020-01-02,0.0,0.0,0.15904209937924746,,,0.0,0.0,1.704,0.0,0.0,0.0,1.0,0.0,1.0,11,7.99,38.75,0.695324347124413
2020-01-03,0.0,0.0,0.16166124741353827,,,0.0,0.0,1.635375,0.0,0.0,0.0,1.0,0.0,1.0,11,7.995,38.95,0.6748164029656806
2020-01-04,,,,,,,,,0.0,,,,,0.0,1,,,
2020-01-05,,,,,,,,,0.0,,,,,0.0,1,,,
2020-01-06,0.0,0.0,0.1858550618190721,423.08998647137236,,0.0,0.0,1.731,0.0,,0.0,1.0,0.0,1.0,10,8.004999999999999,38.8,0.6619437463893703
2020-01-07,0.0,0.0,0.17250657556610333,,,0.0,0.0,1.7332,0.0,0.0,0.0,1.0,0.0,1.0,11,7.995,38.95,0.6432367153242557
2020-01-08,0.0,0.0,0.17080112649050272,,,0.0,0.0,1.599,0.0,0.0,0.0,0.0,0.0,0.0,11,7.995,38.9,0.7125440900562852
2020-01-09,0.0,0.0,0.17796891504451487,,,0.0,0.0,1.614,0.0,0.0,0.0,0.0,0.0,0.0,11,8.015,39.0,0.7027035315985131
2020-01-10,0.0,0.0,0.1848970113694623,,,0.0,0.0,1.719,0.0,0.0,0.0,1.0,0.0,1.0,11,7.73,38.9,0.6641931355439209
2020-01-11,,,,,,,,,0.0,,,,,0.0,1,,,
2020-01-12,,,,,,,,,0.0,,,,,0.0,1,,,
2020-01-13,0.0,0.0,0.16777939943483527,261.71007162995977,,0.0,0.0,1.4607,0.0,,0.0,1.0,0.0,1.0,10,7.72,39.55,0.6857902033271719
2020-01-14,0.0,0.0,0.1673517322372284,,,0.0,0.0,1.4877,0.0,0.0,0.0,0.0,0.0,0.0,11,7.775,39.65000000000001,0.7033269476372924
2020-01-15,0.0,0.0,0.16853037590760087,,,0.0,0.0,1.6983,0.0,0.0,0.0,1.0,0.0,1.0,11,7.85,39.6,0.6385071836542424
2020-01-16,0.0,0.0,0.18152110244473904,,,0.0,0.0,1.5309000000000001,0.0,0.0,0.0,0.0,0.0,0.0,11,7.815,39.7,0.714788114834411
2020-01-17,0.0,0.0,0.18039482641252552,,,0.0,0.0,1.5125,0.0,0.0,0.0,0.0,0.0,0.0,11,7.84,39.95,0.7002311157024792
2020-01-18,,,,,,,,,0.0,,,,,0.0,1,,,
2020-01-19,,,,,,,,,0.0,,,,,0.0,1,,,
2020-01-20,,,,,,,,,0.0,,,,,0.0,1,,,
2020-01-21,0.0,0.0,0.17638046401100618,292.2628787607907,,0.0,0.0,1.5215999999999998,0.0,,0.0,1.0,0.0,1.0,10,7.82,39.95,0.6818252579521557
2020-01-22,0.0,1.0,0.17524498438900737,,,0.0,0.0,1.5528,0.0,0.0,0.0,1.0,0.0,1.0,11,7.86,40.0,0.6901003429289027
2020-01-23,0.0,0.0,0.17386303584195964,,,0.0,0.0,1.3896,0.0,0.0,0.0,0.0,0.0,0.0,11,7.87,39.95,0.7706444300518136
2020-01-24,,,,,,,,,0.0,,,,,0.0,1,,,
2020-01-25,,,,,,,,,0.0,,,,,0.0,1,,,
2020-01-26,,,,,,,,,0.0,,,,,0.0,1,,,
2020-01-27,,,,,,,,,0.0,,,,,0.0,1,,,
2020-01-28,0.0,0.0,0.1746629037315773,285.16281859968797,,0.0,0.0,1.2288,0.0,,0.0,0.0,0.0,0.0,10,7.8,39.55,0.7970494079589845
2020-01-29,0.0,0.0,0.17951048293584881,,,0.0,0.0,1.1256,0.0,0.0,0.0,0.0,0.0,0.0,11,7.815,39.75,0.898254708599858
2020-01-30,0.0,0.0,0.1819585355094839,,,0.0,0.0,1.3728,0.0,0.0,0.0,0.0,0.0,0.0,11,7.84,39.75,0.77701171875
2020-01-31,0.0,0.0,0.18303656902163506,,,0.0,0.0,1.3896,0.0,0.0,0.0,0.0,0.0,0.0,11,7.855,39.84999999999999,0.7735304224237192
2020-02-01,,,,,,,,,0.0,,,,,0.0,1,,,
2020-02-02,,,,,,,,,0.0,,,,,0.0,1,,,
2020-02-03,0.0,1.0,0.17124178956500186,314.98832579755924,,0.0,0.0,1.0535999999999999,0.0,,0.0,0.0,0.0,1.0,10,7.825,40.0,0.9003205082574033
2020-02-04,0.0,0.0,0.17122440141062922,,,0.0,0.0,1.164,0.0,0.0,0.0,0.0,0.0,0.0,11,7.83,39.9,0.7974668170103093
2020-02-05,0.0,0.0,0.16864315416602496,,,0.0,0.0,1.2695999999999998,0.0,0.0,0.0,0.0,0.0,0.0,11,7.85,39.95,0.7545903237240075
2020-02-06,0.0,0.0,0.17482146755231234,,,0.0,0.0,1.2408,0.0,0.0,0.0,0.0,0.0,0.0,11,7.88,39.9,0.790920122098646
2020-02-07,0.0,0.0,0.1762805432702864,,,0.0,0.0,1.3224,0.0,0.0,0.0,0.0,0.0,0.0,11,7.9,39.9,0.7454288131427707
2020-02-08,,,,,,,,,0.0,,,,,0.0,1,,,
2020-02-09,,,,,,,,,0.0,,,,,0.0,1,,,
2020-02-10,0.0,0.0,0.1579762365623418,360.82931395660046,,0.0,0.0,1.4712,0.0,,0.0,1.0,0.0,1.0,10,7.85,39.9,0.6673427304241435
2020-02-11,0.0,0.0,0.1576337124699314,,,0.0,0.0,1.3752,0.0,0.0,0.0,0.0,0.0,0.0,11,7.87,39.9,0.7010320317044793
2020-02-12,0.0,0.0,0.16505936953770117,,,0.0,0.0,1.3032000000000001,0.0,0.0,0.0,0.0,0.0,0.0,11,7.82,39.9,0.726172594383057
2020-02-13,0.0,0.0,0.1672263868065967,,,0.0,0.0,1.152,0.0,0.0,0.0,0.0,0.0,0.0,11,7.815,39.95,0.7789360894097223
2020-02-14,0.0,1.0,0.16119154502482386,,,0.0,0.0,1.3344,0.0,0.0,0.0,1.0,0.0,1.0,11,7.81,40.0,0.6969160296762589
2020-02-15,,,,,,,,,0.0,,,,,0.0,1,,,
2020-02-16,,,,,,,,,0.0,,,,,0.0,1,,,
2020-02-17,0.0,1.0,0.15587211702943432,385.44792381222874,,0.0,0.0,1.0728,0.0,,0.0,0.0,0.0,1.0,10,7.88,40.0,0.8911297539149889
2020-02-18,0.0,,0.1589269413115816,,,0.0,0.0,1.3416,0.0,,0.0,1.0,0.0,1.0,9,7.855,,0.6699379472271915
2020-02-19,0.0,0.0,0.16247593662076115,,,0.0,0.0,1.3632,0.0,,0.0,1.0,0.0,1.0,10,7.855,39.9,0.6651661531690141
2020-02-20,0.0,0.0,0.1651923472536515,,,0.0,0.0,1.2888,0.0,0.0,0.0,1.0,0.0,1.0,11,7.845000000000001,39.9,0.6889490223463688
2020-02-21,0.0,0.0,0.16508628305553918,,,0.0,0.0,1.2024,0.0,0.0,0.0,0.0,0.0,0.0,11,7.865,39.9,0.7401294286427147
2020-02-22,,,,,,,,,0.0,,,,,0.0,1,,,
2020-02-23,,,,,,,,,0.0,,,,,0.0,1,,,
2020-02-24,0.0,1.0,0.16840841895729047,437.1379374642946,,0.0,0.0,1.7375999999999998,0.0,,0.0,1.0,1.0,1.0,10,7.865,40.0,0.6539490892610497
2020-02-25,0.0,0.0,0.16924254467308428,,,0.0,0.0,1.812,0.0,0.0,0.0,1.0,0.0,1.0,11,7.85,39.9,0.6803614790286976
2020-02-26,0.0,0.0,0.17038795124238162,,,0.0,0.0,1.4088,0.0,0.0,0.0,0.0,0.0,0.0,11,7.875,39.9,0.817963825596252
2020-02-27,0.0,0.0,0.16506835339726586,,,0.0,0.0,1.3584,0.0,0.0,0.0,0.0,0.0,0.0,11,7.87,39.9,0.753497957155477
2020-02-28,0.0,0.0,0.16302378586873942,,,0.0,0.0,1.3368,0.0,0.0,0.0,0.0,0.0,0.0,11,7.915,39.9,0.70655272853082
2020-02-29,,,,,,,,,0.0,,,,,0.0,1,,,
2020-03-01,,,,,,,,,0.0,,,,,0.0,1,,,
2020-03-02,0.0,0.0,0.16102810023684902,383.1765772123707,,0.0,0.0,1.0848,0.0,,0.0,0.0,0.0,0.0,10,7.895,39.9,0.8337265509771388
2020-03-03,0.0,0.0,0.16011572518191647,,,0.0,0.0,1.1664,0.0,0.0,0.0,0.0,0.0,0.0,11,7.945,39.9,0.7532879479595336
2020-03-04,0.0,1.0,0.16338853876593873,,,0.0,0.0,1.152,0.0,0.0,0.0,0.0,0.0,1.0,11,7.925,40.0,0.7384999999999998
2020-03-05,0.0,0.0,0.16625069736030773,,,0.0,0.0,1.2672,0.0,0.0,0.0,1.0,0.0,1.0,11,7.95,39.95,0.6916702178030304
2020-03-06,0.0,0.0,0.16579749208953476,,,0.0,0.0,1.2020250000000001,0.0,0.0,0.0,0.0,0.0,0.0,11,7.92,39.8,0.7023101640980846
2020-03-07,,,,,,,,,0.0,,,,,0.0,1,,,
2020-03-08,,,,,,,,,0.0,,,,,0.0,1,,,
2020-03-09,0.0,1.0,0.16213352172377252,422.99463895546677,,0.0,0.0,0.77655,0.0,,0.0,0.0,0.0,1.0,10,7.88,40.0,0.7981313984933359
2020-03-10,0.0,1.0,0.16027803032524857,,,0.0,0.0,0.8244,0.0,0.0,0.0,0.0,0.0,1.0,11,7.92,40.0,0.7355624545123728
2020-03-11,0.0,0.0,0.1591349257585539,,,0.0,0.0,0.8639999999999999,0.0,0.0,0.0,1.0,0.0,1.0,11,8.055,39.9,0.6192960069444448
2020-03-12,0.0,0.0,0.15881111501934575,,,0.0,0.0,0.8189999999999998,0.0,0.0,0.0,1.0,0.0,1.0,11,8.024999999999999,39.8,0.6324659645909645
2020-03-13,0.0,0.0,0.15761188770116294,,,0.0,0.0,0.9432,0.0,0.0,0.0,2.0,0.0,2.0,11,8.02,39.95,0.5988821299830365
2020-03-14,,,,,,,,,0.0,,,,,0.0,1,,,
2020-03-15,,,,,,,,,0.0,,,,,0.0,1,,,
2020-03-16,0.0,1.0,0.15396533076091087,619.1308920556937,,0.0,0.0,1.1987999999999999,0.0,,0.0,1.0,1.0,1.0,10,8.075,40.0,0.6772008988154822
2020-03-17,0.0,0.0,0.1555314724231862,,,0.0,0.0,1.2078,0.0,0.0,0.0,0.0,0.0,0.0,11,8.015,39.9,0.7092415962907767
2020-03-18,0.0,0.0,0.1571135831381733,,,0.0,0.0,1.0278,0.0,0.0,0.0,0.0,0.0,0.0,11,8.07,39.9,0.8431425131348511
2020-03-19,0.0,0.0,0.15507853701644858,,,0.0,0.0,0.9144,0.0,0.0,0.0,0.0,0.0,0.0,11,8.02,39.95,0.9894515529308837
2020-03-20,0.0,1.0,0.15691161808691573,,,0.0,0.0,0.9414000000000001,0.0,0.0,0.0,0.0,0.0,1.0,11,8.065000000000001,40.0,0.9172548863394943
2020-03-21,,,,,,,,,0.0,,,,,0.0,1,,,
2020-03-22,,,,,,,,,0.0,,,,,0.0,1,,,
2020-03-23,0.0,1.0,0.15557255051916347,560.7316041370256,,0.0,0.0,0.7992,0.0,,0.0,0.0,0.0,1.0,10,8.01,40.05,0.8975226789289289
2020-03-24,0.0,1.0,0.15821334116955627,,,0.0,0.0,0.837,0.0,0.0,0.0,0.0,0.0,1.0,11,8.06,40.05,0.8100663829151732
2020-03-25,0.0,1.0,0.1587255017016782,,,0.0,0.0,0.8694,0.0,0.0,0.0,0.0,0.0,1.0,11,8.085,40.15000000000001,0.8055868271221532
2020-03-26,1.0,1.0,0.16298236835133784,,,0.0,0.0,0.8208,0.0,0.0,0.0,0.0,0.0,1.0,11,8.129999999999999,40.0,0.8210587231968811
2020-03-27,1.0,1.0,0.16075407529025448,,,0.0,0.0,0.8585999999999999,0.0,0.0,0.0,0.0,0.0,1.0,11,8.11,40.0,0.789951883880736
2020-03-28,,,,,,,,,0.0,,,,,0.0,1,,,
2020-03-29,,,,,,,,,0.0,,,,,0.0,1,,,
2020-03-30,1.0,1.0,0.16211854460093897,725.0059495470252,,0.0,0.0,0.868125,0.0,,0.0,0.0,0.0,1.0,10,8.13,40.0,0.8191360691144708
2020-03-31,,,,,,,,,0.0,,,,,0.0,1,,,
2020-04-01,1.0,0.0,0.1599074697666247,,,0.0,0.0,0.9618000000000001,0.0,,0.0,0.0,0.0,1.0,10,8.17,39.95,0.8055957579538365
2020-04-02,1.0,1.0,0.15922932771140783,,,0.0,0.0,0.9302999999999999,0.0,0.0,0.0,0.0,0.0,1.0,11,8.155000000000001,40.0,0.7984319574330861
2020-04-03,1.0,0.0,0.1542265128325877,,,0.0,0.0,0.9828,0.0,0.0,0.0,0.0,0.0,1.0,11,8.105,39.9,0.7604090354090355
2020-04-04,,,,,,,,,0.0,,,,,0.0,1,,,
2020-04-05,,,,,,,,,0.0,,,,,0.0,1,,,
2020-04-06,0.0,0.0,0.15314128461853738,343.6506504488859,,0.0,0.0,1.0252000000000001,0.0,,0.0,0.0,0.0,0.0,10,7.745,39.8,0.7927153238392509
2020-04-07,0.0,0.0,0.1514048325063856,,,0.0,0.0,1.0626000000000002,0.0,0.0,0.0,0.0,0.0,0.0,11,7.73,39.8,0.7728260869565218
2020-04-08,0.0,0.0,0.15374692154333294,,,0.0,0.0,1.1831999999999998,0.0,0.0,0.0,0.0,0.0,0.0,11,7.725,39.9,0.7064312880324543
2020-04-09,0.0,0.0,0.15639075753144194,,,0.0,0.0,1.0848,0.0,0.0,0.0,0.0,0.0,0.0,11,7.715,39.8,0.7125873432890855
2020-04-10,0.0,0.0,0.15871717732277946,,,0.0,0.0,1.0848,0.0,0.0,0.0,1.0,0.0,1.0,11,7.735,39.8,0.6899944114122418
2020-04-11,,,,,,,,,0.0,,,,,0.0,1,,,
2020-04-12,,,,,,,,,0.0,,,,,0.0,1,,,
2020-04-13,0.0,1.0,0.1624014589951759,338.6146578294084,,0.0,0.0,1.14,0.0,,0.0,0.0,0.0,1.0,10,7.745,40.0,0.7248044407894737
2020-04-14,0.0,0.0,0.1689891355692017,,,0.0,0.0,1.0872,0.0,0.0,0.0,0.0,0.0,0.0,11,7.735,39.95,0.78897500459897
2020-04-15,0.0,0.0,0.1525879977762823,,,0.0,0.0,1.1784000000000001,0.0,0.0,0.0,0.0,0.0,0.0,11,7.855,39.84999999999999,0.730897827562797
2020-04-16,0.0,1.0,0.15725547445255475,,,0.0,0.0,1.1616,0.0,0.0,0.0,0.0,0.0,1.0,11,7.745,40.0,0.7265227918388429
2020-04-17,0.0,0.0,0.1563287061442043,,,0.0,0.0,1.2216,0.0,0.0,0.0,1.0,0.0,1.0,11,7.725,39.9,0.6968140144073348
2020-04-18,,,,,,,,,0.0,,,,,0.0,1,,,
2020-04-19,,,,,,,,,0.0,,,,,0.0,1,,,
2020-04-20,0.0,1.0,0.15402372742680148,321.8815412539231,,0.0,0.0,1.176,0.0,,0.0,0.0,0.0,1.0,10,7.765,40.0,0.7647548894557823
2020-04-21,0.0,0.0,0.15636152618598578,,,0.0,0.0,1.1927999999999999,0.0,0.0,0.0,0.0,0.0,0.0,11,7.725,39.55,0.7320401576123408
2020-04-22,0.0,0.0,0.15420397720665194,,,0.0,0.0,1.3083,0.0,0.0,0.0,1.0,0.0,1.0,11,7.735,39.75,0.6819261637239167
2020-04-23,0.0,1.0,0.15250385993532786,,,0.0,0.0,1.24705,0.0,0.0,0.0,0.0,0.0,1.0,11,7.75,40.0,0.7241074936850969
2020-04-24,0.0,1.0,0.15546353270537458,,,0.0,0.0,1.2152,0.0,0.0,0.0,0.0,0.0,1.0,11,7.76,40.0,0.7273018844634628
2020-04-25,,,,,,,,,0.0,,,,,0.0,1,,,
2020-04-26,,,,,,,,,0.0,,,,,0.0,1,,,
2020-04-27,0.0,1.0,0.14667311467015617,368.0807290943461,,0.0,0.0,1.185,0.0,,0.0,0.0,0.0,1.0,10,7.81,40.05,0.7144607594936709
2020-04-28,0.0,0.0,0.14902407750391794,,,0.0,0.0,1.1784499999999998,0.0,0.0,0.0,1.0,0.0,1.0,11,7.85,39.95,0.6987992702278417
2020-04-29,0.0,0.0,0.14950308430431802,,,0.0,0.0,1.2985,0.0,1.0,0.0,1.0,0.0,1.0,11,7.779999999999999,39.0,0.6582345013477089
2020-04-30,0.0,0.0,0.15118240828114723,,,0.0,0.0,1.26665,0.0,1.0,0.0,1.0,0.0,1.0,11,7.845000000000001,39.75,0.664950459874472
2020-05-01,0.0,0.0,0.15061622241329894,,,0.0,0.0,1.24215,0.0,0.0,0.0,1.0,0.0,1.0,11,7.824999999999999,39.8,0.6415553677092138
2020-05-02,,,,,,,,,0.0,,,,,0.0,1,,,
2020-05-03,,,,,,,,,0.0,,,,,0.0,1,,,
2020-05-04,0.0,0.0,0.14596434546818207,360.1796371664381,,0.0,0.0,0.9089999999999999,0.0,,0.0,0.0,0.0,0.0,10,7.795,39.9,0.7335602310231024
2020-05-05,,,,,,,,,0.0,,,,,0.0,1,,,
2020-05-06,0.0,0.0,0.1454919815561291,,,0.0,0.0,0.8837999999999999,0.0,,0.0,1.0,0.0,1.0,10,7.76,39.9,0.6989566361167686
2020-05-07,0.0,0.0,0.14453757225433525,,,0.0,0.0,0.8244,0.0,0.0,0.0,1.0,0.0,1.0,11,7.78,39.9,0.6805385735080057
2020-05-08,0.0,0.0,0.14434737628599345,,,0.0,0.0,0.8946,0.0,0.0,0.0,1.0,0.0,1.0,11,7.835,39.9,0.6220133299798793
2020-05-09,,,,,,,,,0.0,,,,,0.0,1,,,
2020-05-10,,,,,,,,,0.0,,,,,0.0,1,,,
2020-05-11,0.0,0.0,0.145384927771654,442.02994122850293,,0.0,0.0,0.7739999999999999,0.0,,0.0,0.0,0.0,0.0,10,7.925,39.9,0.7799946705426357
2020-05-12,0.0,1.0,0.14449000959776634,,,0.0,0.0,0.7704000000000001,0.0,0.0,0.0,0.0,0.0,1.0,11,7.88,40.0,0.7533725986500519
2020-05-13,0.0,0.0,0.14583515299735056,,,0.0,0.0,0.8837999999999999,0.0,0.0,0.0,1.0,0.0,1.0,11,7.86,39.9,0.6705105793165875
2020-05-14,0.0,0.0,0.148294497065489,,,0.0,0.0,0.927,0.0,0.0,0.0,1.0,0.0,1.0,11,7.87,39.9,0.6513349514563107
2020-05-15,,,,,,,,,0.0,,,,,0.0,1,,,
2020-05-16,,,,,,,,,0.0,,,,,0.0,1,,,
2020-05-17,,,,,,,,,0.0,,,,,0.0,1,,,
2020-05-18,0.0,0.0,0.14298954441451617,433.3902726720852,,0.0,0.0,0.7326,0.0,,0.0,0.0,0.0,0.0,10,7.9,39.8,0.7812160455910456
2020-05-19,0.0,0.0,0.14291529760693206,,,0.0,0.0,0.6858,0.0,0.0,0.0,0.0,0.0,0.0,11,7.865,39.75,0.8090113735783029
2020-05-20,0.0,0.0,0.1457015421391715,,,0.0,0.0,0.765,0.0,0.0,0.0,0.0,0.0,0.0,11,7.835,39.7,0.7540900326797385
2020-05-21,0.0,0.0,0.14418455623197693,,,0.0,0.0,0.73075,0.0,0.0,0.0,0.0,0.0,0.0,11,7.85,39.7,0.8162350325008553
2020-05-22,0.0,0.0,0.14575737245865297,,,0.0,0.0,0.8663999999999998,0.0,0.0,0.0,0.0,0.0,0.0,11,7.66,39.6,0.7228145198522623
2020-05-23,,,,,,,,,0.0,,,,,0.0,1,,,
2020-05-24,,,,,,,,,0.0,,,,,0.0,1,,,
2020-05-25,0.0,0.0,0.14343186986181564,316.2728281885057,,0.0,0.0,0.7503,0.0,,0.0,0.0,0.0,0.0,10,7.78,39.5,0.8901039584166335
2020-05-26,0.0,0.0,0.1464035087719298,,,0.0,0.0,0.798,0.0,0.0,0.0,0.0,0.0,0.0,11,7.78,39.5,0.8351936090225565
2020-05-27,0.0,0.0,0.14878598834314502,,,0.0,0.0,0.8734000000000001,0.0,0.0,0.0,0.0,0.0,0.0,11,7.76,39.25,0.7974499084039384
2020-05-28,0.0,0.0,0.14988324576765907,,,0.0,0.0,0.897,0.0,0.0,0.0,0.0,0.0,0.0,11,7.755,39.15,0.8369223801560758
2020-05-29,0.0,0.0,0.14927764185016895,,,0.0,0.0,1.0848,0.0,0.0,0.0,0.0,0.0,0.0,11,7.74,39.1,0.7340781710914454
2020-05-30,,,,,,,,,0.0,,,,,0.0,1,,,
2020-05-31,,,,,,,,,0.0,,,,,0.0,1,,,
2020-06-01,0.0,0.0,0.1510891664246297,285.3420184234031,,0.0,0.0,1.0637999999999999,0.0,,0.0,0.0,0.0,0.0,10,7.73,38.8,0.8975371310396691
2020-06-02,0.0,0.0,0.15159952434815394,,,0.0,0.0,1.2325,0.0,0.0,0.0,0.0,0.0,0.0,11,7.735,38.75,0.778709939148073
2020-06-03,0.0,0.0,0.15380833959863513,,,0.0,0.0,1.257,0.0,0.0,0.0,0.0,0.0,0.0,11,7.705,38.65,0.8079901551312649
2020-06-04,0.0,0.0,0.15700647800886464,,,0.0,0.0,1.293,0.0,0.0,0.0,0.0,0.0,0.0,11,7.7,38.65,0.8070087006960556
2020-06-05,0.0,0.0,0.15761411912297207,,,0.0,0.0,1.326,0.0,0.0,0.0,0.0,0.0,0.0,11,7.71,38.59999999999999,0.800108314479638
2020-06-06,,,,,,,,,0.0,,,,,0.0,1,,,
2020-06-07,,,,,,,,,0.0,,,,,0.0,1,,,
2020-06-08,0.0,0.0,0.1644753370739469,290.0858642300402,,0.0,0.0,1.401,0.0,,0.0,0.0,0.0,0.0,10,7.705,38.75,0.763604568165596
2020-06-09,0.0,0.0,0.16642104385062426,,,0.0,0.0,1.341,0.0,0.0,0.0,0.0,0.0,0.0,11,7.7,38.75,0.7690287099179716
2020-06-10,0.0,0.0,0.1615292915531335,,,0.0,0.0,1.389,0.0,0.0,0.0,0.0,0.0,0.0,11,7.615,38.75,0.7546646868250539
2020-06-11,1.0,0.0,0.1576188587295291,,,0.0,0.0,1.419,0.0,0.0,0.0,0.0,0.0,1.0,11,7.595,38.7,0.7517783650458069
2020-06-12,,,,,,,,,0.0,,,,,0.0,1,,,
2020-06-13,,,,,,,,,0.0,,,,,0.0,1,,,
2020-06-14,,,,,,,,,0.0,,,,,0.0,1,,,
2020-06-15,1.0,0.0,0.15074869609107733,213.05915651495422,,0.0,0.0,0.86,0.0,,0.0,0.0,0.0,1.0,10,7.6,38.7,1.2382718023255814
2020-06-16,,,,,,,,,,,,,,,0,,,
2020-06-17,,,,,,,,,,,,,,,0,,,
2020-06-18,0.0,0.0,0.17311608961303462,292.99110866363674,,0.0,0.0,0.459875,0.0,,0.0,0.0,0.0,0.0,10,7.71,38.59999999999999,1.5727491166077738
2020-06-19,0.0,0.0,0.17195048740744975,,,0.0,0.0,1.1616,0.0,0.0,0.0,1.0,0.0,1.0,11,7.685,38.55,0.6779749913911847
2020-06-20,,,,,,,,,0.0,,,,,0.0,1,,,
2020-06-21,,,,,,,,,0.0,,,,,0.0,1,,,
2020-06-22,0.0,0.0,0.17667209043418686,235.99242743056777,,0.0,1.0,1.1882000000000001,0.0,,0.0,1.0,0.0,1.0,10,7.640000000000001,38.95,0.6762913440498233
2020-06-23,0.0,0.0,0.17226651480637814,,,0.0,0.0,1.179375,0.0,0.0,0.0,0.0,0.0,0.0,11,7.61,38.95,0.7255831478537361
2020-06-24,1.0,0.0,0.16723364111946484,,,0.0,0.0,1.446,0.0,0.0,0.0,1.0,0.0,1.0,11,7.58,39.0,0.64913347164592
2020-06-25,0.0,0.0,0.16070209376422395,,,0.0,0.0,1.284,0.0,0.0,0.0,0.0,0.0,0.0,11,7.66,38.95,0.7519446066978194
2020-06-26,0.0,0.0,0.15992594702364,,,0.0,0.0,1.308,0.0,0.0,0.0,0.0,0.0,0.0,11,7.65,38.85,0.7383308486238531
2020-06-27,,,,,,,,,0.0,,,,,0.0,1,,,
2020-06-28,,,,,,,,,0.0,,,,,0.0,1,,,
2020-06-29,0.0,0.0,0.1580809073299458,234.79575373203076,,0.0,0.0,1.2768,0.0,,0.0,0.0,0.0,0.0,10,7.654999999999999,39.05,0.7575114544172932
2020-06-30,0.0,0.0,0.1594722541247654,,,0.0,0.0,1.3662,0.0,0.0,0.0,0.0,0.0,0.0,11,7.65,39.05,0.7216084760649978
2020-07-01,0.0,0.0,0.16195904227083507,,,0.0,0.0,1.3134000000000001,0.0,0.0,0.0,0.0,0.0,0.0,11,7.665,39.05,0.7542943886097153
2020-07-02,0.0,0.0,0.1586765698852127,,,0.0,0.0,1.3794000000000002,0.0,0.0,0.0,0.0,0.0,0.0,11,7.635,39.0,0.7298405103668261
2020-07-03,0.0,0.0,0.16760328711417355,,,0.0,0.0,1.5477,0.0,0.0,0.0,1.0,0.0,1.0,11,7.67,39.0,0.6730963688053242
2020-07-04,,,,,,,,,0.0,,,,,0.0,1,,,
2020-07-05,,,,,,,,,0.0,,,,,0.0,1,,,
2020-07-06,0.0,0.0,0.1768831023692445,250.5269906385164,,0.0,1.0,1.1847,0.0,,0.0,0.0,0.0,1.0,10,7.67,38.90000000000001,0.8122912446188908
2020-07-07,0.0,0.0,0.166597100481398,,,0.0,0.0,1.2672,0.0,0.0,0.0,1.0,0.0,1.0,11,7.68,38.90000000000001,0.6627803424873736
2020-07-08,0.0,0.0,0.16838127809802245,,,0.0,0.0,0.792,0.0,0.0,0.0,0.0,0.0,0.0,11,7.74,38.45,1.0623437500000001
2020-07-09,0.0,0.0,0.16431243369996093,283.6136403079353,,0.0,0.0,0.9537,0.0,0.0,0.0,0.0,0.0,0.0,11,7.74,38.45,0.9363096361539267
2020-07-10,0.0,0.0,0.16095747926663523,,,0.0,0.0,0.99,0.0,0.0,0.0,0.0,0.0,0.0,11,7.755,38.35,0.9390214646464646
2020-07-11,,,,,,,,,0.0,,,,,0.0,1,,,
2020-07-12,,,,,,,,,0.0,,,,,0.0,1,,,
2020-07-13,0.0,0.0,0.15386747990019406,344.34159749320526,,0.0,0.0,0.7623000000000001,0.0,,0.0,0.0,0.0,0.0,10,7.815,38.25,1.1908292338974156
2020-07-14,0.0,0.0,0.15644555694618273,293.67574717519864,,0.0,0.0,0.8910625,0.0,0.0,0.0,0.0,0.0,0.0,11,7.74,38.25,0.9845893245423302
2020-07-15,0.0,0.0,0.15377735543195728,288.0989765287549,,0.0,0.0,0.9004500000000001,0.0,0.0,0.0,0.0,0.0,0.0,11,7.76,37.8,1.0142716141929036
2020-07-16,0.0,0.0,0.15901805297789776,,,0.0,0.0,0.99705,0.0,0.0,0.0,0.0,0.0,0.0,11,7.779999999999999,37.8,0.9549929792889023
2020-07-17,0.0,0.0,0.16428349832191105,,,0.0,0.0,1.05225,0.0,1.0,0.0,0.0,0.0,1.0,11,7.79,38.45,0.9446471846044191
2020-07-18,,,,,,,,,0.0,,,,,0.0,1,,,
2020-07-19,,,,,,,,,0.0,,,,,0.0,1,,,
2020-07-20,0.0,0.0,0.16862996873604288,358.58597423501976,,0.0,0.0,0.89355,0.0,,0.0,0.0,0.0,0.0,10,7.85,38.45,1.1483385093167704
2020-07-21,0.0,0.0,0.17162215129626518,,,0.0,0.0,0.8832000000000001,0.0,0.0,,0.0,0.0,0.0,10,7.825,38.45,1.1154033627717388
2020-07-22,0.0,0.0,0.166531138715195,,,0.0,0.0,0.9591,0.0,0.0,0.0,0.0,0.0,0.0,11,7.8,38.45,1.0615334688770723
2020-07-23,0.0,0.0,0.16310890647642404,354.0531530262268,,0.0,0.0,0.9177000000000001,0.0,0.0,0.0,0.0,0.0,0.0,11,7.865,38.45,1.1273182957393484
2020-07-24,0.0,0.0,0.16087731017590737,,,0.0,0.0,0.9246000000000001,0.0,0.0,,,,0.0,8,7.855,38.4,
2020-07-25,,,,,,,,,0.0,,,,,0.0,1,,,
2020-07-26,,,,,,,,,0.0,,,,,0.0,1,,,
2020-07-27,,,,,,,,,0.0,,,,,0.0,1,,,
2020-07-28,0.0,0.0,0.15687260737139186,345.93783824069095,,0.0,0.0,1.10745,0.0,,0.0,0.0,0.0,0.0,10,7.855,38.1,1.0037238701521514
2020-07-29,0.0,0.0,0.1629281133607774,,,0.0,0.0,1.1792,0.0,0.0,0.0,0.0,0.0,0.0,11,7.845,38.1,0.9331826662143825
2020-07-30,0.0,0.0,0.16717325227963525,,,0.0,0.0,0.9636,0.0,0.0,0.0,0.0,0.0,0.0,11,7.875,38.15000000000001,1.0875062266500621
2020-07-31,0.0,0.0,0.16845817937520993,,,0.0,0.0,1.0593,0.0,0.0,0.0,0.0,0.0,0.0,11,7.845,38.2,0.9757866043613708
2020-08-01,,,,,,,,,0.0,,,,,0.0,1,,,
2020-08-02,,,,,,,,,0.0,,,,,0.0,1,,,
2020-08-03,0.0,0.0,0.17364761743259285,300.7107212442751,,0.0,0.0,1.3024,0.0,,0.0,0.0,0.0,0.0,10,7.81,38.3,0.7935599662162162
2020-08-04,0.0,0.0,0.17706022743226169,,,0.0,1.0,1.3671,0.0,2.0,0.0,0.0,0.0,2.0,11,7.82,36.8,0.7455651561699949
2020-08-05,0.0,0.0,0.1746443161008593,,,0.0,1.0,1.083,0.0,2.0,0.0,0.0,0.0,2.0,11,7.83,38.4,0.951556786703601
2020-08-06,0.0,0.0,0.16876909152619074,,,0.0,0.0,1.092,0.0,0.0,0.0,0.0,0.0,0.0,11,7.845,38.34999999999999,0.8758457532051284
2020-08-07,0.0,0.0,0.16870478081997448,,,0.0,0.0,1.1742000000000001,0.0,0.0,0.0,0.0,0.0,0.0,11,7.855,38.3,0.8033239652529381
2020-08-08,,,,,,,,,0.0,,,,,0.0,1,,,
2020-08-09,,,,,,,,,0.0,,,,,0.0,1,,,
2020-08-10,0.0,0.0,0.16823831357960609,384.63940141006486,,0.0,0.0,0.837,0.0,,0.0,0.0,0.0,0.0,10,7.875,38.2,1.1015286738351253
2020-08-11,,,,,,,,,0.0,,,,,0.0,1,,,
2020-08-12,0.0,0.0,0.1755968627000316,,,0.0,0.0,0.8720999999999999,0.0,,0.0,0.0,0.0,0.0,10,7.904999999999999,38.3,0.9742872807017545
2020-08-13,0.0,0.0,0.17399595492632186,,,0.0,0.0,0.8262,0.0,0.0,0.0,0.0,0.0,0.0,11,7.93,38.3,0.9960098946986201
2020-08-14,0.0,0.0,0.16733469823235964,,,0.0,0.0,0.7398,0.0,0.0,0.0,0.0,0.0,0.0,11,7.835,38.3,1.1367264801297647
2020-08-15,,,,,,,,,0.0,,,,,0.0,1,,,
2020-08-16,,,,,,,,,0.0,,,,,0.0,1,,,
2020-08-17,0.0,0.0,0.1571861522321949,243.43880269773229,,0.0,0.0,0.6939,0.0,,0.0,0.0,0.0,0.0,10,7.695,38.6,1.1392552961521831
2020-08-18,0.0,0.0,0.15467678389026704,,,0.0,0.0,0.5994,0.0,0.0,0.0,0.0,0.0,0.0,11,7.69,38.9,1.2777276234567898
2020-08-19,0.0,0.0,0.15453583397025103,,,0.0,0.0,0.7101,0.0,0.0,0.0,0.0,0.0,0.0,11,7.72,39.0,1.0801184692296864
2020-08-20,0.0,0.0,0.15433688399859535,,,0.0,0.0,0.728,0.0,0.0,0.0,0.0,0.0,0.0,11,7.74,39.0,1.1199799107142858
2020-08-21,0.0,0.0,0.15869936589744332,,,0.0,0.0,0.8931999999999999,0.0,0.0,0.0,0.0,0.0,0.0,11,7.76,39.1,0.9859802535826242
2020-08-22,,,,,,,,,0.0,,,,,0.0,1,,,
2020-08-23,,,,,,,,,0.0,,,,,0.0,1,,,
2020-08-24,0.0,0.0,0.16760968095506118,302.5244635180543,,0.0,0.0,0.8372,0.0,,0.0,0.0,0.0,0.0,10,7.84,37.5,1.0729839793358817
2020-08-25,0.0,0.0,0.17061611374407584,,,0.0,0.0,0.8568000000000001,0.0,0.0,0.0,0.0,0.0,0.0,11,7.84,37.6,1.0573987511671332
2020-08-26,0.0,0.0,0.1691298670465337,,,0.0,0.0,0.7056,0.0,0.0,0.0,0.0,0.0,0.0,11,7.82,37.65000000000001,1.2781552933673466
2020-08-27,0.0,0.0,0.16178754578754578,,,0.0,0.0,0.798,0.0,0.0,0.0,0.0,0.0,0.0,11,7.8,37.75,1.151357142857143
2020-08-28,0.0,0.0,0.15969748291771302,,,0.0,0.0,0.8428,0.0,3.0,0.0,0.0,0.0,3.0,11,7.79,39.8,1.1244767441860466
2020-08-29,,,,,,,,,0.0,,,,,0.0,1,,,
2020-08-30,,,,,,,,,0.0,,,,,0.0,1,,,
2020-08-31,0.0,1.0,0.16312268546171305,,,0.0,0.0,0.8931999999999999,0.0,,0.0,0.0,0.0,1.0,10,7.81,40.0,1.0676654164800718
2020-09-01,,,,,,,,,0.0,,,,,0.0,1,,,
2020-09-02,0.0,0.0,0.15862109990779572,,,0.0,0.0,0.9044,0.0,,0.0,0.0,0.0,0.0,10,7.835,39.95,1.0779927299867313
2020-09-03,0.0,0.0,0.15463826009764758,,,0.0,0.0,0.6726875,0.0,0.0,0.0,0.0,0.0,0.0,11,7.825,39.9,1.4586676577162498
2020-09-04,0.0,0.0,0.15199386955112146,,,0.0,0.0,0.7951999999999999,0.0,0.0,0.0,0.0,0.0,0.0,11,7.82,39.9,1.189280055331992
2020-09-05,,,,,,,,,0.0,,,,,0.0,1,,,
2020-09-06,,,,,,,,,0.0,,,,,0.0,1,,,
2020-09-07,0.0,0.0,0.14623869853995378,508.95960411761644,,0.0,0.0,0.86075,0.0,,0.0,0.0,0.0,0.0,10,7.985,39.8,1.2143238454835896
2020-09-08,0.0,0.0,0.14735858423619425,,,0.0,0.0,0.8424,0.0,0.0,0.0,0.0,0.0,0.0,11,7.995,39.95,1.0707861467236464
2020-09-09,0.0,0.0,0.1459234998245409,,,0.0,0.0,0.8802,0.0,0.0,0.0,0.0,0.0,0.0,11,8.004999999999999,39.9,0.9928894001363326
2020-09-10,0.0,0.0,0.14687390848760043,,,0.0,0.0,0.8342999999999999,0.0,0.0,0.0,0.0,0.0,0.0,11,7.995,39.55,1.0393469075871988
2020-09-11,0.0,0.0,0.14525971561213466,,,0.0,0.0,0.838725,0.0,1.0,0.0,0.0,0.0,1.0,11,8.004999999999999,39.0,1.0296098989537692
2020-09-12,,,,,,,,,0.0,,,,,0.0,1,,,
2020-09-13,,,,,,,,,0.0,,,,,0.0,1,,,
2020-09-14,0.0,0.0,0.15941818181818182,468.3046812318975,,0.0,0.0,0.9129,0.0,,0.0,0.0,0.0,0.0,10,7.98,39.1,1.054784957279001
2020-09-15,0.0,0.0,0.16198327914537855,,,0.0,0.0,0.853875,0.0,0.0,0.0,0.0,0.0,0.0,11,7.97,39.1,1.109216439759918
2020-09-16,0.0,0.0,0.1615962984384037,,,0.0,0.0,0.9775,0.0,0.0,0.0,0.0,0.0,0.0,11,8.0,38.90000000000001,0.9148043478260871
2020-09-17,0.0,0.0,0.15505105867420527,,,0.0,0.0,0.8887999999999999,0.0,0.0,0.0,0.0,0.0,0.0,11,7.98,38.90000000000001,0.879332808280828
2020-09-18,0.0,0.0,0.1562509045647958,,,0.0,0.0,0.8712000000000001,0.0,3.0,0.0,0.0,0.0,3.0,11,7.97,36.8,0.9649707300275482
2020-09-19,,,,,,,,,0.0,,,,,0.0,1,,,
2020-09-20,,,,,,,,,0.0,,,,,0.0,1,,,
2020-09-21,0.0,,,,,,,0.6727,0.0,,,,,0.0,3,7.995,,
2020-09-22,0.0,,,,,,,0.5388000000000001,0.0,,,,,0.0,3,7.975,,
2020-09-23,1.0,0.0,0.12802416509047793,608.3474026408047,,0.0,0.0,0.4692,0.0,,0.0,0.0,0.0,1.0,10,8.125,36.75,1.122328431372549
2020-09-24,0.0,0.0,0.12976437006772262,,,0.0,0.0,0.45089999999999997,0.0,3.0,0.0,0.0,0.0,3.0,11,8.094999999999999,38.75,1.1993806830782878
2020-09-25,0.0,0.0,0.13685069044070083,,,0.0,0.0,0.492,0.0,0.0,0.0,0.0,0.0,0.0,11,8.08,38.65000000000001,1.1582696900406506
2020-09-26,,,,,,,,,0.0,,,,,0.0,1,,,
2020-09-27,,,,,,,,,0.0,,,,,0.0,1,,,
2020-09-28,0.0,0.0,0.1415988404504404,560.5482907530676,,0.0,0.0,0.6948000000000001,0.0,,0.0,0.0,0.0,0.0,10,8.015,38.65000000000001,0.9261269430051814
2020-09-29,0.0,0.0,0.14317223664740208,,,0.0,0.0,0.5022,0.0,0.0,0.0,0.0,0.0,0.0,11,7.98,38.5,1.2037541069295103
2020-09-30,0.0,0.0,0.14899512959749203,,,0.0,0.0,0.5886,0.0,0.0,0.0,0.0,0.0,0.0,11,7.96,38.6,1.011616547740401
2020-10-01,,,,,,,,,0.0,,,,,0.0,1,,,
2020-10-02,,,,,,,,,0.0,,,,,0.0,1,,,
2020-10-03,,,,,,,,,0.0,,,,,0.0,1,,,
2020-10-04,,,,,,,,,0.0,,,,,0.0,1,,,
2020-10-05,0.0,0.0,0.13811863324728677,550.4894118091928,,0.0,0.0,0.5966,0.0,,0.0,0.0,0.0,0.0,10,8.01,38.65,1.0909193764666443
2020-10-06,0.0,0.0,0.14234656838108004,,,0.0,0.0,0.6307999999999999,0.0,0.0,0.0,0.0,0.0,0.0,11,7.985,38.59999999999999,1.014138792010146
2020-10-07,0.0,0.0,0.14181119679296234,,,0.0,0.0,0.582,0.0,0.0,0.0,0.0,0.0,0.0,11,8.01,38.55,1.1641317654639176
2020-10-08,0.0,0.0,0.1395552294406502,,,0.0,0.0,0.632,0.0,0.0,0.0,0.0,0.0,0.0,11,7.98,38.5,1.0641973892405063
2020-10-09,0.0,0.0,0.14145200383292938,,,0.0,0.0,0.6888,0.0,0.0,0.0,0.0,0.0,0.0,11,7.97,38.5,1.0401687717770038
2020-10-10,,,,,,,,,0.0,,,,,0.0,1,,,
2020-10-11,,,,,,,,,0.0,,,,,0.0,1,,,
2020-10-12,0.0,0.0,0.14648622301230038,504.1644488313231,,0.0,0.0,0.609,0.0,,0.0,0.0,0.0,0.0,10,7.99,38.25,1.2339700328407224
2020-10-13,0.0,0.0,0.14447884416924664,,,0.0,0.0,0.6132000000000001,0.0,0.0,0.0,0.0,0.0,0.0,11,7.985,38.25,1.1811108732876712
2020-10-14,0.0,0.0,0.1465745998230947,,,0.0,0.0,0.6551999999999999,0.0,0.0,0.0,0.0,0.0,0.0,11,8.024999999999999,38.15,1.1176475694444448
2020-10-15,0.0,0.0,0.13751922807998881,,,0.0,0.0,0.6614999999999999,0.0,0.0,0.0,0.0,0.0,0.0,11,8.02,38.15,1.1194920634920638
2020-10-16,0.0,0.0,0.14080170193707311,,,0.0,0.0,0.7413,0.0,0.0,0.0,0.0,0.0,0.0,11,8.01,38.15,1.026728045325779
2020-10-17,,,,,,,,,0.0,,,,,0.0,1,,,
2020-10-18,,,,,,,,,0.0,,,,,0.0,1,,,
2020-10-19,0.0,0.0,0.1510900745840505,409.29555564336033,,0.0,0.0,0.7119,0.0,,0.0,0.0,0.0,0.0,10,7.91,38.05,1.092394472538278
2020-10-20,0.0,0.0,0.1466149325268894,,,0.0,0.0,0.6405,0.0,0.0,0.0,0.0,0.0,0.0,11,8.004999999999999,38.05,1.2468507025761122
2020-10-21,0.0,0.0,0.15510416365685226,,,0.0,0.0,0.7287,0.0,0.0,0.0,0.0,0.0,0.0,11,7.955,38.05,1.0578087690407574
2020-10-22,0.0,0.0,0.15734450040998008,,,0.0,0.0,0.693,0.0,0.0,0.0,0.0,0.0,0.0,11,7.75,38.05,1.1039682539682538
2020-10-23,0.0,0.0,0.1624776896743424,,,0.0,0.0,0.6231,0.0,0.0,0.0,0.0,0.0,0.0,11,8.0,38.0,1.3169684841919436
2020-10-24,,,,,,,,,0.0,,,,,0.0,1,,,
2020-10-25,,,,,,,,,0.0,,,,,0.0,1,,,
2020-10-26,0.0,0.0,0.165285061749281,719.6885371376952,,0.0,0.0,0.6825,0.0,,0.0,0.0,0.0,0.0,10,7.995,37.8,1.1928759157509157
2020-10-27,0.0,0.0,0.1789953576293331,651.6696972532555,,0.0,1.0,0.6195,0.0,0.0,0.0,0.0,0.0,1.0,11,7.970000000000001,38.0,1.2879797215496367
2020-10-28,0.0,0.0,0.17044756104375036,,,0.0,0.0,0.6782999999999999,0.0,0.0,0.0,0.0,0.0,0.0,11,7.975,37.95,1.2126050420168069
2020-10-29,0.0,0.0,0.16491766675969857,653.4959849744547,,0.0,0.0,0.6762,0.0,0.0,0.0,0.0,0.0,0.0,11,7.975,37.95,1.1874403837622007
2020-10-30,,,,,,,,,0.0,,,,,0.0,1,,,
2020-10-31,,,,,,,,,0.0,,,,,0.0,1,,,
2020-11-01,,,,,,,,,0.0,,,,,0.0,1,,,
2020-11-02,0.0,0.0,0.17408194064054552,,,0.0,1.0,0.6257999999999999,0.0,,0.0,0.0,0.0,1.0,10,7.94,37.95,1.2123929370405881
2020-11-03,0.0,0.0,0.1656034987046993,,,0.0,0.0,0.5690999999999999,0.0,0.0,0.0,0.0,0.0,0.0,11,7.955,37.95,1.3271204533473906
2020-11-04,,,,,,,,,0.0,,,,,0.0,1,,,
2020-11-05,0.0,0.0,0.16999424862377782,,,0.0,1.0,0.6573000000000001,0.0,,0.0,0.0,0.0,1.0,10,7.92,38.0,1.1421474212688267
2020-11-06,0.0,0.0,0.16902642749554977,,,0.0,0.0,0.7329000000000001,0.0,0.0,0.0,0.0,0.0,0.0,11,7.925,38.0,1.0397503069995906
2020-11-07,,,,,,,,,0.0,,,,,0.0,1,,,
2020-11-08,,,,,,,,,0.0,,,,,0.0,1,,,
2020-11-09,0.0,0.0,0.17265115756349741,,,0.0,0.0,0.6174,0.0,,0.0,0.0,0.0,0.0,10,7.965,37.84999999999999,1.2329673833819244
2020-11-10,0.0,0.0,0.17924554999009537,,,0.0,1.0,0.6153,0.0,0.0,0.0,0.0,0.0,1.0,11,7.970000000000001,37.95,1.207140419307655
2020-11-11,0.0,0.0,0.17739331026528257,,,0.0,0.0,0.6111,0.0,1.0,0.0,0.0,0.0,1.0,11,7.985,37.11666666666667,1.1986448617247587
2020-11-12,0.0,0.0,0.16890477851412627,,,0.0,0.0,0.609,0.0,0.0,0.0,0.0,0.0,0.0,11,7.99,37.11666666666667,1.2067924876847287
2020-11-13,0.0,0.0,0.1574055188088231,,,0.0,0.0,0.6867000000000001,0.0,0.0,0.0,0.0,0.0,0.0,11,8.0,37.18333333333333,1.0614804499781563
2020-11-14,,,,,,,,,0.0,,,,,0.0,1,,,
2020-11-15,,,,,,,,,0.0,,,,,0.0,1,,,
2020-11-16,0.0,0.0,0.16652877236027502,,,0.0,0.0,0.6027,0.0,,0.0,0.0,0.0,0.0,10,8.004999999999999,37.08333333333334,1.22401350174216
2020-11-17,0.0,0.0,0.1623137499291825,,,0.0,0.0,0.5922000000000001,0.0,0.0,0.0,0.0,0.0,0.0,11,8.015,37.05,1.229737103174603
2020-11-18,0.0,0.0,0.16102076416633843,,,0.0,0.0,0.588,0.0,0.0,0.0,0.0,0.0,0.0,11,8.035,37.05,1.265077274659864
2020-11-19,0.0,0.0,0.1594333511701918,,,0.0,0.0,0.6525,0.0,0.0,0.0,0.0,0.0,0.0,11,8.015,37.05,1.1860152298850577
2020-11-20,0.0,0.0,0.1587627705384031,,,0.0,0.0,0.6785000000000001,0.0,0.0,0.0,0.0,0.0,0.0,11,8.02,37.01666666666667,1.1676820191599115
2020-11-21,,,,,,,,,0.0,,,,,0.0,1,,,
2020-11-22,,,,,,,,,0.0,,,,,0.0,1,,,
2020-11-23,0.0,0.0,0.1733035176743786,,,0.0,0.0,0.6812,0.0,,0.0,0.0,0.0,0.0,10,8.0,37.05,1.2436493504110393
2020-11-24,0.0,0.0,0.1679042191906982,,,0.0,0.0,0.7695,0.0,0.0,0.0,0.0,0.0,0.0,11,8.004999999999999,37.01666666666667,1.1037490253411306
2020-11-25,0.0,0.0,0.15941033347645628,,,0.0,0.0,0.7056,0.0,0.0,0.0,0.0,0.0,0.0,11,8.0,37.01666666666667,1.2596956490929705
2020-11-26,0.0,0.0,0.1603635132083992,,,0.0,0.0,0.7076,0.0,0.0,0.0,0.0,0.0,0.0,11,8.0,37.01666666666667,1.274174586630865
2020-11-27,0.0,0.0,0.1697105928631638,,,0.0,0.0,0.753,0.0,0.0,0.0,0.0,0.0,0.0,11,8.015,37.01666666666667,1.2150677290836653
2020-11-28,,,,,,,,,0.0,,,,,0.0,1,,,
2020-11-29,,,,,,,,,0.0,,,,,0.0,1,,,
2020-11-30,0.0,0.0,0.1579571073472455,,,0.0,0.0,0.804,0.0,,0.0,0.0,0.0,0.0,10,7.92,37.0,1.1835221548507464
2020-12-01,0.0,0.0,0.15520833333333334,,,0.0,0.0,0.885,0.0,0.0,0.0,0.0,0.0,0.0,11,7.99,37.0,1.0677033898305084
2020-12-02,0.0,0.0,0.1523853905749403,,,0.0,0.0,0.9660000000000001,0.0,0.0,0.0,0.0,0.0,0.0,11,7.965,37.06666666666666,0.9680520833333333
2020-12-03,0.0,0.0,0.15235197753334895,,,0.0,0.0,0.9660000000000001,0.0,0.0,0.0,0.0,0.0,0.0,11,8.085,37.03333333333333,0.9881262292960661
2020-12-04,0.0,0.0,0.15403900533481035,,,0.0,0.0,0.93,0.0,0.0,0.0,0.0,0.0,0.0,11,8.06,37.0,1.016979569892473
2020-12-05,,,,,,,,,0.0,,,,,0.0,1,,,
2020-12-06,,,,,,,,,0.0,,,,,0.0,1,,,
2020-12-07,0.0,0.0,0.1524337015743054,,,0.0,0.0,0.83485,0.0,,0.0,0.0,0.0,0.0,10,7.92,36.81666666666667,1.0893870904952985
2020-12-08,0.0,0.0,0.15713502649369632,,,0.0,0.0,0.8671000000000001,0.0,0.0,0.0,0.0,0.0,0.0,11,7.92,36.8,1.0449058643755045
2020-12-09,0.0,0.0,0.1591217885375494,,,0.0,0.0,0.9461999999999999,0.0,0.0,0.0,0.0,0.0,0.0,11,7.85,36.81666666666667,0.9773326199534983
2020-12-10,0.0,0.0,0.15661189595586006,,,0.0,0.0,0.8204000000000001,0.0,0.0,0.0,0.0,0.0,0.0,11,7.85,36.85,1.1575302443929787
2020-12-11,,,,,,,,,0.0,,,,,0.0,1,,,
2020-12-12,,,,,,,,,0.0,,,,,0.0,1,,,
2020-12-13,,,,,,,,,0.0,,,,,0.0,1,,,
2020-12-14,0.0,0.0,0.14441171165754824,,,0.0,0.0,0.8164,0.0,,0.0,0.0,0.0,0.0,10,7.890000000000001,36.81666666666667,1.2236634156050954
2020-12-15,0.0,0.0,0.1453785276989697,,,0.0,0.0,0.7497,0.0,0.0,0.0,0.0,0.0,0.0,11,7.895,36.81666666666667,1.3161693844204347
2020-12-16,0.0,0.0,0.14557226399331663,,,0.0,0.0,0.7751999999999999,0.0,0.0,0.0,0.0,0.0,0.0,11,7.88,36.76666666666667,1.2946533958978328
2020-12-17,0.0,0.0,0.1536511912216358,,,0.0,0.0,0.9129,0.0,0.0,0.0,0.0,0.0,0.0,11,7.885,36.68333333333334,1.1107687041296965
2020-12-18,,,,,,,,,0.0,,,,,0.0,1,,,
2020-12-19,,,,,,,,,0.0,,,,,0.0,1,,,
2020-12-20,,,,,,,,,0.0,,,,,0.0,1,,,
2020-12-21,0.0,0.0,0.13889891696750903,,,0.0,0.0,0.8475,0.0,,0.0,0.0,0.0,0.0,10,7.845,36.73333333333333,1.0744385693215341
2020-12-22,0.0,0.0,0.14988178253973006,,,0.0,0.0,0.7668375000000001,0.0,0.0,0.0,0.0,0.0,0.0,11,7.855,36.66666666666666,1.221841491841492
2020-12-23,0.0,0.0,0.14836320545104428,,,0.0,0.0,0.9384000000000001,0.0,0.0,0.0,0.0,0.0,0.0,11,7.885,36.58333333333334,1.0662995524296672
2020-12-24,,,,,,,,,0.0,,,,,0.0,1,,,
2020-12-25,,,,,,,,,0.0,,,,,0.0,1,,,
2020-12-26,,,,,,,,,0.0,,,,,0.0,1,,,
2020-12-27,,,,,,,,,0.0,,,,,0.0,1,,,
2020-12-28,,,,,,,,,0.0,,,,,0.0,1,,,
2020-12-29,,,,,,,,,0.0,,,,,0.0,1,,,
2020-12-30,0.0,0.0,0.1366120218579235,,,0.0,0.0,0.762,0.0,,0.0,0.0,0.0,0.0,10,7.865,36.45,1.0706704396325462
2021-01-01,,,,,,,,,0.0,,,,,0.0,1,,,
2021-01-02,,,,,,,,,0.0,,,,,0.0,1,,,
2021-01-03,,,,,,,,,0.0,,,,,0.0,1,,,
2021-01-04,0.0,0.0,0.13625911942544072,,,0.0,0.0,0.6660000000000001,0.0,,0.0,0.0,0.0,0.0,10,7.995,38.0,0.9713999624624624
2021-01-05,0.0,0.0,0.14321429586067785,,,0.0,0.0,0.7992,0.0,0.0,0.0,0.0,0.0,0.0,11,8.004999999999999,38.0,0.7925100100100101
2021-01-06,0.0,0.0,0.15040823874142983,,,0.0,0.0,0.945,0.0,0.0,0.0,1.0,0.0,1.0,11,7.99,38.0,0.6968402777777778
2021-01-07,0.0,0.0,0.14538058937308,,,0.0,0.0,0.9414000000000001,0.0,0.0,0.0,0.0,0.0,0.0,11,8.004999999999999,38.1,0.7203079190567239
2021-01-08,,,,,,,,,0.0,,,,,0.0,1,,,
2021-01-09,,,,,,,,,0.0,,,,,0.0,1,,,
2021-01-10,,,,,,,,,0.0,,,,,0.0,1,,,
2021-01-11,0.0,0.0,0.14442691149046047,,,0.0,0.0,0.7751999999999999,0.0,,0.0,0.0,0.0,0.0,10,8.004999999999999,38.0,0.7407759287925697
2021-01-12,0.0,0.0,0.14373751783166905,,,0.0,0.0,0.7156999999999999,0.0,0.0,0.0,0.0,0.0,0.0,11,8.004999999999999,38.05,0.7062352417213917
2021-01-13,0.0,0.0,0.14264957264957265,,,0.0,0.0,0.6901999999999999,0.0,0.0,0.0,1.0,0.0,1.0,11,8.024999999999999,38.0,0.6999960156476385
2021-01-14,0.0,0.0,0.14166738215849575,,,0.0,0.0,0.7938999999999999,0.0,0.0,0.0,1.0,0.0,1.0,11,8.03,38.05,0.6530217124322962
2021-01-15,0.0,0.0,0.1456575397508754,,,0.0,0.0,0.8244999999999999,0.0,0.0,0.0,0.0,0.0,0.0,11,8.024999999999999,38.0,0.7123617343844756
2021-01-16,,,,,,,,,0.0,,,,,0.0,1,,,
2021-01-17,,,,,,,,,0.0,,,,,0.0,1,,,
2021-01-18,0.0,0.0,0.144474470203385,268.1915228806735,,0.0,0.0,0.7599,0.0,,0.0,1.0,0.0,1.0,10,8.05,38.25,0.680581490985656
2021-01-19,0.0,0.0,0.14392973508995607,,,0.0,0.0,0.7242000000000001,0.0,0.0,0.0,1.0,0.0,1.0,11,8.07,38.05,0.6365315175365921
2021-01-20,0.0,0.0,0.13629191321499015,,,0.0,0.0,0.7021,0.0,0.0,0.0,1.0,0.0,1.0,11,8.08,38.0,0.6614561672126478
2021-01-21,1.0,0.0,0.13408418977896663,,,0.0,0.0,0.7514,0.0,0.0,0.0,1.0,0.0,1.0,11,8.105,38.05,0.6359958078253927
2021-01-22,1.0,0.0,0.13208764694329883,,,0.0,0.0,0.7497,0.0,0.0,0.0,1.0,0.0,1.0,11,8.114999999999998,38.1,0.664454114979325
2021-01-23,,,,,,,,,0.0,,,,,0.0,1,,,
2021-01-24,,,,,,,,,0.0,,,,,0.0,1,,,
2021-01-25,1.0,0.0,0.1339974743931528,299.7074611044795,,0.0,0.0,0.82075,0.0,,0.0,1.0,0.0,1.0,10,8.11,38.1,0.6517442887602802
2021-01-26,1.0,0.0,0.13408510757665013,,,0.0,0.0,0.78575,0.0,0.0,0.0,0.0,0.0,1.0,11,8.1,37.95,0.7011271078587337
2021-01-27,1.0,0.0,0.13473785966109406,,,0.0,0.0,0.81725,0.0,0.0,0.0,1.0,0.0,1.0,11,8.13,38.05,0.6484873049862344
2021-01-28,1.0,0.0,0.13505298144939065,,,0.0,0.0,0.8960000000000001,0.0,0.0,0.0,1.0,0.0,1.0,11,8.14,38.05,0.6537548828124999
2021-01-29,1.0,0.0,0.139060762453309,,,0.0,0.0,0.90125,0.0,0.0,0.0,1.0,0.0,1.0,11,8.14,38.0,0.6534613730929264
2021-01-30,,,,,,,,,0.0,,,,,0.0,1,,,
2021-01-31,,,,,,,,,0.0,,,,,0.0,1,,,
2021-02-01,1.0,0.0,0.1455876841467985,645.9287602864096,,0.0,0.0,0.8843000000000001,0.0,,0.0,0.0,0.0,1.0,10,8.155000000000001,38.05,0.7304398959629085
2021-02-02,0.0,0.0,0.14670209079357746,476.0470174138142,,0.0,0.0,0.86765,0.0,0.0,0.0,0.0,0.0,0.0,11,8.03,38.0,0.7326712960295048
2021-02-03,0.0,0.0,0.14773119889439135,,,0.0,0.0,0.8815999999999999,0.0,0.0,0.0,0.0,0.0,0.0,11,8.01,38.0,0.7350236076451907
2021-02-04,0.0,0.0,0.14738985351507267,,,0.0,0.0,1.0184000000000002,0.0,0.0,0.0,0.0,0.0,0.0,11,8.015,38.0,0.7002859878240376
2021-02-05,0.0,0.0,0.143748397572857,,,0.0,0.0,1.0659,0.0,0.0,0.0,0.0,0.0,0.0,11,8.024999999999999,38.0,0.7209015268786939
2021-02-06,,,,,,,,,0.0,,,,,0.0,1,,,
2021-02-07,,,,,,,,,0.0,,,,,0.0,1,,,
2021-02-08,0.0,0.0,0.14869612407529062,604.7488525287024,,0.0,0.0,0.9481,0.0,,0.0,0.0,0.0,0.0,10,8.045,38.0,0.75767271384875
2021-02-09,0.0,0.0,0.15102689209122885,,,0.0,0.0,0.8322,0.0,0.0,0.0,0.0,0.0,0.0,11,8.065000000000001,38.0,0.7566071857726507
2021-02-10,0.0,0.0,0.1454555870642491,,,0.0,0.0,0.8911000000000001,0.0,0.0,0.0,0.0,0.0,0.0,11,8.05,38.0,0.7235130737290987
2021-02-11,,,,,,,,,0.0,,,,,0.0,1,,,
2021-02-12,,,,,,,,,0.0,,,,,0.0,1,,,
2021-02-13,,,,,,,,,0.0,,,,,0.0,1,,,
2021-02-14,,,,,,,,,0.0,,,,,0.0,1,,,
2021-02-15,0.0,0.0,0.15475520540236354,657.6946886275309,,0.0,0.0,0.9301499999999998,0.0,,0.0,1.0,0.0,1.0,10,8.085,38.0,0.6967930575713596
2021-02-16,1.0,0.0,0.14997466644147947,,,0.0,0.0,0.9,0.0,0.0,0.0,0.0,0.0,1.0,11,8.1,38.0,0.7167459722222222
2021-02-17,1.0,0.0,0.15847056489328534,,,0.0,0.0,0.958,0.0,0.0,0.0,0.0,0.0,1.0,11,8.129999999999999,38.0,0.7023666492693109
2021-02-18,1.0,0.0,0.16200545702592087,,,0.0,0.0,0.96145,0.0,0.0,0.0,0.0,0.0,1.0,11,8.135000000000002,38.0,0.7387139216807945
2021-02-19,,0.0,,,,,,,0.0,0.0,,,,0.0,3,,38.0,
2021-02-20,,,,,,,,,0.0,,,,,0.0,1,,,
2021-02-21,,,,,,,,,0.0,,,,,0.0,1,,,
2021-02-22,,,,,,,,,0.0,,,,,0.0,1,,,
2021-02-23,0.0,0.0,0.15085292493679348,620.0808034277985,,0.0,0.0,1.046,0.0,,0.0,0.0,0.0,0.0,10,8.08,38.0,0.744777963671128
2021-02-24,1.0,0.0,0.15539929390482304,,,0.0,0.0,1.1266999999999998,0.0,0.0,0.0,0.0,0.0,1.0,11,8.1,38.0,0.716059898375788
2021-02-25,1.0,0.0,0.16262348746127317,,,0.0,0.0,1.0386,0.0,0.0,0.0,0.0,0.0,1.0,11,8.105,38.0,0.7238994800693241
2021-02-26,1.0,0.0,0.13408510757665013,,,0.0,0.0,0.8082,0.0,0.0,0.0,0.0,0.0,1.0,11,8.1,37.95,0.8089434855233854
2021-02-27,1.0,0.0,0.13473785966109406,,,0.0,0.0,0.8406,0.0,0.0,0.0,0.0,0.0,1.0,11,8.13,38.0,0.7008007673090649
2021-02-28,1.0,0.0,0.13505298144939065,,,0.0,0.0,0.9215999999999999,0.0,0.0,0.0,1.0,0.0,1.0,11,8.14,38.1,0.6342560492621528
2021-03-01,,,,,,,,,0.0,,,,,0.0,1,,,
2021-03-02,1.0,0.0,0.14018399681980806,835.1178221851414,,0.0,0.0,0.8118,0.0,,0.0,0.0,0.0,1.0,10,8.19,37.9,0.717501154841094
2021-03-03,0.0,0.0,0.15217391304347827,,,0.0,0.0,0.828,0.0,0.0,0.0,0.0,0.0,0.0,11,7.995,37.95,0.7230042270531402
2021-03-04,0.0,0.0,0.15271748567459628,,,0.0,0.0,0.8748,0.0,0.0,0.0,1.0,0.0,1.0,11,8.01,38.0,0.6872395833333333
2021-03-05,0.0,0.0,0.15031037967374045,,,0.0,0.0,0.8815999999999999,0.0,0.0,0.0,1.0,0.0,1.0,11,7.995,38.0,0.6966807509074411
2021-03-06,,,,,,,,,0.0,,,,,0.0,1,,,
2021-03-07,,,,,,,,,0.0,,,,,0.0,1,,,
2021-03-08,,,,,,,,,0.0,,0.0,,0.0,0.0,3,,,
2021-03-09,0.0,0.0,0.1663071990673273,566.3256294579161,,0.0,0.0,0.9828,0.0,,0.0,1.0,0.0,1.0,10,7.94,38.0,0.67762934981685
2021-03-10,0.0,0.0,0.16439560439560438,614.1928993898048,,0.0,0.0,1.0206,0.0,0.0,0.0,1.0,0.0,1.0,11,8.0,38.0,0.6561522633744856
2021-03-11,0.0,0.0,0.15690094410310204,,,0.0,0.0,0.9575999999999999,0.0,0.0,0.0,0.0,0.0,0.0,11,7.97,38.0,0.7224843358395989
2021-03-12,0.0,0.0,0.15337183420561873,,,0.0,0.0,1.0584,0.0,0.0,0.0,1.0,0.0,1.0,11,7.96,38.0,0.6554166666666666
2021-03-13,,,,,,,,,0.0,,,,,0.0,1,,,
2021-03-14,,,,,,,,,0.0,,,,,0.0,1,,,
2021-03-15,0.0,0.0,0.14410557184750733,609.5217896881073,,0.0,0.0,1.0038,0.0,,0.0,0.0,0.0,0.0,10,8.024999999999999,38.0,0.7223354378362223
2021-03-16,0.0,0.0,0.1545521835677276,,,0.0,0.0,1.0185,0.0,0.0,0.0,1.0,0.0,1.0,11,7.935,37.95,0.6944924521354933
2021-03-17,0.0,0.0,0.1563937713813849,,,0.0,0.0,1.0059,0.0,0.0,0.0,0.0,0.0,0.0,11,7.975,37.95,0.7011520156079134
2021-03-18,,,,,,,,,0.0,,,,,0.0,1,,,
2021-03-19,0.0,0.0,0.15527732272408143,,,0.0,0.0,0.9765,0.0,,0.0,0.0,0.0,0.0,10,7.945,38.0,0.7023086917562723
2021-03-20,,,,,,,,,0.0,,,,,0.0,1,,,
2021-03-21,,,,,,,,,0.0,,,,,0.0,1,,,
2021-03-22,,,,,,,,,0.0,,,,,0.0,1,,,
2021-03-23,,,,,,,,,0.0,,,,,0.0,1,,,
2021-03-24,,,,,,,,,0.0,,,,,0.0,1,,,
2021-03-25,0.0,0.0,0.16741071428571427,489.65204600822955,,0.0,0.0,0.97,0.0,,0.0,1.0,0.0,1.0,10,7.9,37.95,0.6946384020618557
2021-03-26,0.0,0.0,0.1676505664877758,,,0.0,0.0,0.942,0.0,0.0,0.0,0.0,0.0,0.0,11,7.890000000000001,38.0,0.7014124203821656
2021-03-27,,,,,,,,,0.0,,,,,0.0,1,,,
2021-03-28,,,,,,,,,0.0,,,,,0.0,1,,,
2021-03-29,0.0,0.0,0.1568839837231769,541.5709404620621,,0.0,0.0,0.9539999999999998,0.0,,0.0,0.0,0.0,0.0,10,7.94,38.15,0.7416502882599582
2021-03-30,,,,,,,,,0.0,,,,,0.0,1,,,
2021-03-31,0.0,0.0,0.16016486706141878,,,0.0,0.0,1.0101,0.0,,0.0,0.0,0.0,0.0,10,7.92,38.15000000000001,0.7205535343035344
2021-04-01,,,,,,,,,0.0,,,,,0.0,1,,,
2021-04-02,0.0,0.0,0.17045222017597708,,,0.0,0.0,1.10925,0.0,,0.0,1.0,0.0,1.0,10,7.904999999999999,38.0,0.6199641086319585
2021-04-03,,,,,,,,,0.0,,,,,0.0,1,,,
2021-04-04,,,,,,,,,0.0,,,,,0.0,1,,,
2021-04-05,0.0,0.0,0.2022744328349593,536.1279775854404,,0.0,2.0,1.0128125,0.0,,0.0,1.0,0.0,2.0,10,7.935,38.0,0.6902483801295897
2021-04-06,0.0,0.0,0.17128067265343477,566.4189364304997,,0.0,0.0,1.125,0.0,0.0,0.0,1.0,0.0,1.0,11,7.965,38.0,0.6705437222222224
2021-04-07,0.0,0.0,0.1647551324693199,548.6735484319045,,0.0,0.0,1.15,0.0,0.0,0.0,1.0,0.0,1.0,11,7.965,37.9,0.6826782608695653
2021-04-08,0.0,0.0,0.16254447377481923,,,0.0,0.0,1.053,0.0,0.0,0.0,0.0,0.0,0.0,11,7.93,38.0,0.7484520417853752
2021-04-09,0.0,0.0,0.15998410941800745,,,0.0,0.0,1.1408,0.0,0.0,0.0,0.0,0.0,0.0,11,7.925,38.0,0.7058183949859748
2021-04-10,,,,,,,,,0.0,,,,,0.0,1,,,
2021-04-11,,,,,,,,,0.0,,,,,0.0,1,,,
2021-04-12,0.0,0.0,0.1506188438675588,481.1167414127191,,0.0,0.0,1.1223999999999998,0.0,,0.0,0.0,0.0,0.0,10,7.915,38.0,0.7381557933891663
2021-04-13,0.0,0.0,0.1506143708094731,,,0.0,0.0,1.1569,0.0,0.0,0.0,0.0,0.0,0.0,11,7.895,38.05,0.7101971864465381
2021-04-14,0.0,0.0,0.15077160935665818,,,0.0,0.0,1.1822000000000001,0.0,0.0,0.0,1.0,0.0,1.0,11,7.915,38.0,0.6939966799187955
2021-04-15,0.0,0.0,0.144264642703709,,,0.0,0.0,1.1454000000000002,0.0,0.0,0.0,0.0,0.0,0.0,11,7.925,38.0,0.7306792386939059
2021-04-16,0.0,0.0,0.1572669801625611,,,0.0,0.0,1.1178,0.0,0.0,0.0,0.0,0.0,0.0,11,7.94,38.0,0.7651272029880124
2021-04-17,,,,,,,,,0.0,,,,,0.0,1,,,
2021-04-18,,,,,,,,,0.0,,,,,0.0,1,,,
2021-04-19,0.0,0.0,0.16624546114742192,494.7524245553361,,0.0,0.0,1.2328,0.0,,0.0,0.0,0.0,0.0,10,7.865,38.1,0.7029792444029851
2021-04-20,0.0,0.0,0.15680294616911702,515.1866333459034,,0.0,0.0,1.2213,0.0,0.0,0.0,1.0,0.0,1.0,11,7.885,38.05,0.6835820437239007
2021-04-21,0.0,0.0,0.15692835692835694,,,0.0,0.0,1.2328,0.0,0.0,0.0,1.0,0.0,1.0,11,7.9,37.95,0.652731789422453
2021-04-22,0.0,0.0,0.15782799169933134,,,0.0,0.0,1.2213,0.0,0.0,0.0,1.0,0.0,1.0,11,7.87,38.0,0.6578058216654384
2021-04-23,0.0,0.0,0.1578132170720514,,,0.0,0.0,1.2052,0.0,0.0,0.0,1.0,0.0,1.0,11,7.88,38.0,0.665735458845005
2021-04-24,,,,,,,,,0.0,,,,,0.0,1,,,
2021-04-25,,,,,,,,,0.0,,,,,0.0,1,,,
2021-04-26,0.0,0.0,0.15823951450528884,571.3872831021631,,0.0,0.0,1.1293000000000002,0.0,,0.0,1.0,0.0,1.0,10,7.92,38.0,0.6814842158859468
2021-04-27,0.0,0.0,0.1530779676360756,,,0.0,0.0,1.1223999999999998,0.0,0.0,0.0,1.0,0.0,1.0,11,7.905,38.0,0.665637306218817
2021-04-28,0.0,0.0,0.16235848253553897,,,0.0,0.0,1.1477,0.0,0.0,0.0,1.0,0.0,1.0,11,7.915,38.0,0.6516707872266271
2021-04-29,0.0,0.0,0.15983050847457628,,,0.0,0.0,1.1522999999999999,0.0,0.0,0.0,1.0,0.0,1.0,11,7.925,37.9,0.6515414280135383
2021-04-30,0.0,0.0,0.15565345080763582,,,0.0,0.0,1.1178,0.0,0.0,0.0,1.0,0.0,1.0,11,7.915,38.0,0.6698611111111111
2021-05-01,,,,,,,,,0.0,,,,,0.0,1,,,
2021-05-02,,,,,,,,,0.0,,,,,0.0,1,,,
2021-05-03,,,,,,,,,0.0,,,,,0.0,1,,,
2021-05-04,0.0,0.0,0.14800304075785042,,,0.0,0.0,1.0695,0.0,,0.0,1.0,0.0,1.0,10,7.98,37.9,0.6643094904160822
2021-05-05,0.0,0.0,0.15157111117523156,520.2950076657962,,0.0,0.0,1.113875,0.0,0.0,0.0,1.0,0.0,1.0,11,7.9,37.95,0.6701436426888115
2021-05-06,0.0,0.0,0.15285950979832028,,,0.0,0.0,1.1858250000000001,0.0,0.0,0.0,1.0,0.0,1.0,11,7.905,37.84999999999999,0.6382989690721649
2021-05-07,0.0,0.0,0.15325204402070897,,,0.0,0.0,1.2152250000000002,0.0,0.0,0.0,1.0,0.0,1.0,11,7.915,37.95,0.641283712892674
2021-05-08,,,,,,,,,0.0,,,,,0.0,1,,,
2021-05-09,,,,,,,,,0.0,,,,,0.0,1,,,
2021-05-10,0.0,0.0,0.15544318022194129,638.1037451374351,,0.0,0.0,1.15395,0.0,,0.0,1.0,0.0,1.0,10,7.965,37.95,0.6631869881710645
2021-05-11,0.0,0.0,0.15345537107989216,,,0.0,0.0,1.117925,0.0,0.0,0.0,1.0,0.0,1.0,11,7.96,38.0,0.6912273855580651
2021-05-12,,,,,,,,,0.0,,,,,0.0,1,,,
2021-05-13,0.0,0.0,0.15481828036743311,584.772786336495,,0.0,0.0,1.1045,0.0,,0.0,0.0,0.0,0.0,10,7.92,38.0,0.7009444884563151
2021-05-14,0.0,0.0,0.14906283826126587,,,0.0,0.0,1.1086,0.0,0.0,0.0,1.0,0.0,1.0,11,7.93,38.0,0.6870361266462205
2021-05-15,,,,,,,,,0.0,,,,,0.0,1,,,
2021-05-16,,,,,,,,,0.0,,,,,0.0,1,,,
2021-05-17,0.0,0.0,0.13623809255397104,609.223752636958,,0.0,0.0,1.01265,0.0,,0.0,1.0,0.0,1.0,10,7.95,38.0,0.6552964375648053
2021-05-18,0.0,0.0,0.13844590589629965,,,0.0,0.0,1.0143,0.0,0.0,0.0,1.0,0.0,1.0,11,7.935,38.0,0.6786424134871339
2021-05-19,,,,,,,,,0.0,,,,,0.0,1,,,
2021-05-20,0.0,0.0,0.13872393121499535,,,0.0,0.0,0.9618000000000001,0.0,,0.0,1.0,0.0,1.0,10,7.965,38.0,0.6934528358286545
2021-05-21,0.0,0.0,0.14402678521186202,,,0.0,0.0,0.9470999999999999,0.0,0.0,0.0,0.0,0.0,0.0,11,7.955,38.0,0.7142276422764229
2021-05-22,,,,,,,,,0.0,,,,,0.0,1,,,
2021-05-23,,,,,,,,,0.0,,,,,0.0,1,,,
2021-05-24,0.0,0.0,0.1374640493675481,591.8116906360816,,0.0,0.0,0.9765,0.0,,0.0,1.0,0.0,1.0,10,7.945,38.0,0.6880954301075268
2021-05-25,0.0,0.0,0.1382915928830424,,,0.0,0.0,0.9912,0.0,0.0,0.0,1.0,0.0,1.0,11,7.945,38.0,0.669001210653753
2021-05-26,0.0,0.0,0.14088149314144366,,,0.0,0.0,0.9681000000000001,0.0,0.0,0.0,1.0,0.0,1.0,11,7.925,38.0,0.6885561925420927
2021-05-27,0.0,0.0,0.14010463546354635,,,0.0,0.0,0.9261,0.0,0.0,0.0,0.0,0.0,0.0,11,7.925,38.0,0.7240909459021704
2021-05-28,0.0,0.0,0.14667455088134257,,,0.0,0.0,0.9387,0.0,0.0,0.0,1.0,0.0,1.0,11,7.945,38.0,0.6960482582294664
2021-05-29,,,,,,,,,0.0,,0.0,,0.0,0.0,3,,,
2021-05-30,,,,,,,,,0.0,,,,,0.0,1,,,
2021-05-31,,,,,,,,,0.0,,,,,0.0,1,,,
2021-06-01,0.0,0.0,0.13546853779990947,634.5954064593136,,0.0,0.0,0.7895999999999999,0.0,,0.0,0.0,0.0,0.0,10,7.985,38.0,0.7671115121580551
2021-06-02,0.0,0.0,0.1348984377207108,,,0.0,0.0,0.7812,0.0,0.0,0.0,0.0,0.0,0.0,11,7.975,38.0,0.7593739599334356
2021-06-03,0.0,0.0,0.1345268829273768,,,0.0,0.0,0.7748999999999999,0.0,0.0,0.0,0.0,0.0,0.0,11,7.98,38.0,0.708862272551297
2021-06-04,0.0,0.0,0.1261530649665717,,,0.0,0.0,0.7434000000000001,0.0,0.0,0.0,0.0,0.0,0.0,11,7.965,38.0,0.7416374092009684
2021-06-05,,,,,,,,,0.0,,,,,0.0,1,,,
2021-06-06,,,,,,,,,0.0,,,,,0.0,1,,,
2021-06-07,0.0,0.0,0.14154285714285714,588.8633896333764,,0.0,0.0,0.6406999999999999,0.0,,0.0,0.0,0.0,0.0,10,8.004999999999999,38.05,0.8862494147026692
2021-06-08,0.0,0.0,0.1387470207694927,,,0.0,0.0,0.6644,0.0,0.0,0.0,0.0,0.0,0.0,11,8.02,38.05,0.9494566526189042
2021-06-09,0.0,0.0,0.14272049514699675,,,0.0,0.0,0.621,0.0,0.0,0.0,0.0,0.0,0.0,11,8.04,38.05,1.063146235909823
2021-06-10,,,,,,,,,0.0,,,,,0.0,1,,,
2021-06-11,,,,,,,,,0.0,,,,,0.0,1,,,
2021-06-12,,,,,,,,,0.0,,,,,0.0,1,,,
2021-06-13,,,,,,,,,0.0,,,,,0.0,1,,,
2021-06-14,0.0,0.0,0.1400943396226415,762.1982373085865,,0.0,0.0,0.7632000000000001,0.0,,0.0,0.0,0.0,0.0,10,8.085,38.0,1.0021865172955975
2021-06-15,0.0,0.0,0.1425383619383454,,,0.0,0.0,0.8256,0.0,0.0,0.0,0.0,0.0,0.0,11,8.075,38.0,0.9386621850775191
2021-06-16,,,,,,,,,0.0,,,,,0.0,1,,,
2021-06-17,,,,,,,,,0.0,,,,,0.0,1,,,
2021-06-18,,,,,,,,,0.0,,,,,0.0,1,,,
2021-06-19,,,,,,,,,0.0,,,,,0.0,1,,,
2021-06-20,,,,,,,,,0.0,,,,,0.0,1,,,
2021-06-21,,,,,,,,,0.0,,,,,0.0,1,,,
2021-06-22,1.0,0.0,0.156589738699218,698.5346024485622,,0.0,0.0,1.2375,0.0,,0.0,1.0,0.0,1.0,10,8.125,38.05,0.667519595959596
2021-06-23,1.0,0.0,0.1499029444733029,,,0.0,0.0,1.2575,0.0,0.0,0.0,1.0,0.0,1.0,11,8.145,38.05,0.6573104373757456
2021-06-24,1.0,0.0,0.15629586552574007,,,0.0,0.0,1.185,0.0,0.0,0.0,1.0,0.0,1.0,11,8.15,38.05,0.6708338080168775
2021-06-25,1.0,0.0,0.149370339006201,,,0.0,0.0,1.1490500000000001,0.0,0.0,0.0,1.0,0.0,1.0,11,8.16,38.05,0.651942909359906
2021-06-26,,,,,,,,,0.0,,,,,0.0,1,,,
2021-06-27,,,,,,,,,0.0,,,,,0.0,1,,,
2021-06-28,1.0,0.0,0.14582323477136855,691.2141281890908,,0.0,0.0,0.8807999999999999,0.0,,0.0,0.0,0.0,1.0,10,8.105,38.0,0.7465827230926432
2021-06-29,1.0,0.0,0.149475976589084,,,0.0,0.0,0.9336,0.0,0.0,0.0,1.0,0.0,1.0,11,8.114999999999998,38.05,0.6778438303341903
2021-06-30,1.0,0.0,0.1477681143515597,,,0.0,0.0,0.8208,0.0,0.0,0.0,0.0,0.0,1.0,11,8.15,38.05,0.7568722587719297
2021-07-01,0.0,0.0,0.1498159239518655,,,0.0,0.0,0.7546000000000002,0.0,0.0,0.0,0.0,0.0,0.0,11,7.859999999999999,38.1,0.8345692254174395
2021-07-02,0.0,0.0,0.14676940987332648,,,0.0,0.0,0.8736,0.0,0.0,0.0,0.0,0.0,0.0,11,7.87,38.0,0.7635038919413919
2021-07-03,,,,,,,,,0.0,,,,,0.0,1,,,
2021-07-04,,,,,,,,,0.0,,,,,0.0,1,,,
2021-07-05,0.0,0.0,0.1544701940914251,707.6238708533366,,0.0,0.0,0.6129,0.0,,0.0,0.0,0.0,0.0,10,7.98,38.0,1.0871796989721
2021-07-06,0.0,0.0,0.15788600807120348,,,0.0,0.0,0.7938,0.0,0.0,0.0,0.0,0.0,0.0,11,7.98,38.0,0.847391975308642
2021-07-07,0.0,0.0,0.1546781303907341,,,0.0,0.0,0.7637625,0.0,0.0,0.0,0.0,0.0,0.0,11,7.984999999999999,38.0,0.9065889265314806
2021-07-08,0.0,0.0,0.1489652907040403,,,0.0,0.0,0.7139999999999999,0.0,0.0,0.0,0.0,0.0,0.0,11,7.995,38.0,1.062091299019608
2021-07-09,0.0,0.0,0.16193457244951664,,,0.0,0.0,0.8492999999999999,0.0,0.0,0.0,0.0,0.0,0.0,11,8.01,38.0,1.003982250088308
2021-07-10,,,,,,,,,0.0,,,,,0.0,1,,,
2021-07-11,,,,,,,,,0.0,,,,,0.0,1,,,
2021-07-12,0.0,0.0,0.15872405841660261,769.8881698594602,,0.0,0.0,0.9222,0.0,,0.0,0.0,0.0,0.0,10,8.04,38.0,1.0437228231403166
2021-07-13,0.0,0.0,0.17667815070015558,,,0.0,1.0,1.2412,0.0,0.0,0.0,0.0,0.0,1.0,11,8.0,38.0,0.7965489042861745
2021-07-14,0.0,0.0,0.18387293830177154,,,0.0,1.0,1.2006,0.0,0.0,0.0,0.0,0.0,1.0,11,7.98,38.0,0.8152826711644177
2021-07-15,0.0,0.0,0.1728673637864612,,,0.0,0.0,1.0323999999999998,0.0,0.0,0.0,0.0,0.0,0.0,11,7.970000000000001,38.0,0.9401150232468035
2021-07-16,0.0,0.0,0.16961452498551363,,,0.0,0.0,0.9773000000000001,0.0,0.0,0.0,0.0,0.0,0.0,11,7.975,38.0,1.0102199938606362
2021-07-17,,,,,,,,,0.0,,,,,0.0,1,,,
2021-07-18,,,,,,,,,0.0,,,,,0.0,1,,,
2021-07-19,0.0,0.0,0.18601235833633517,785.7678875818481,,0.0,1.0,1.0092,0.0,,0.0,0.0,0.0,1.0,10,8.059999999999999,38.0,0.9193162901307967
2021-07-20,0.0,0.0,0.19935133926075044,,,0.0,2.0,0.8613000000000001,0.0,0.0,0.0,0.0,0.0,2.0,11,8.045,38.0,1.0646834726576107
2021-07-21,0.0,0.0,0.1864290984614544,,,0.0,2.0,0.9912,0.0,0.0,0.0,0.0,0.0,2.0,11,8.065000000000001,38.0,0.9531938559322035
2021-07-22,0.0,0.0,0.18484343861756436,,,0.0,1.0,0.94105,0.0,0.0,0.0,0.0,0.0,1.0,11,8.085,38.0,1.0317385500239091
2021-07-23,0.0,0.0,0.18285992270479176,,,0.0,1.0,0.9048,0.0,0.0,0.0,0.0,0.0,1.0,11,8.085,38.0,1.08390687168435
2021-07-24,,,,,,,,,0.0,,,,,0.0,1,,,
2021-07-25,,,,,,,,,0.0,,,,,0.0,1,,,
2021-07-26,1.0,0.0,0.17045329821095379,869.5215646832855,,0.0,0.0,0.9087249999999999,0.0,,0.0,0.0,0.0,1.0,10,8.125,38.0,1.1074007538034059
2021-07-27,1.0,0.0,0.1779316738010197,,,0.0,1.0,0.9482999999999999,0.0,0.0,0.0,0.0,0.0,1.0,11,8.11,38.0,1.0852973742486556
2021-07-28,1.0,0.0,0.1864699591411413,,,0.0,1.0,0.9968,0.0,0.0,0.0,0.0,0.0,1.0,11,8.135,38.0,1.0685403917536116
2021-07-29,,,,,,,,,0.0,,,,,0.0,1,,,
2021-07-30,,,,,,,,,0.0,,,,,0.0,1,,,
2021-07-31,,,,,,,,,0.0,,,,,0.0,1,,,
2021-08-01,,,,,,,,,0.0,,,,,0.0,1,,,
2021-08-02,0.0,0.0,0.18558788450337005,698.1434279660126,,0.0,1.0,1.518,0.0,,0.0,1.0,0.0,1.0,10,8.0,38.0,0.6811900527009224
2021-08-03,0.0,0.0,0.18403547671840353,,,0.0,1.0,1.377,0.0,0.0,0.0,0.0,0.0,1.0,11,8.02,38.0,0.7245381263616558
2021-08-04,0.0,0.0,0.17377549604551132,,,0.0,0.0,1.2987,0.0,0.0,0.0,0.0,0.0,0.0,11,8.035,38.4,0.7636877743127742
2021-08-05,0.0,0.0,0.1887713588283157,,,0.0,1.0,1.5768,0.0,0.0,0.0,1.0,0.0,1.0,11,8.05,38.4,0.6261204654997463
2021-08-06,0.0,0.0,0.1848035330087193,,,0.0,1.0,1.4661,0.0,0.0,0.0,1.0,0.0,1.0,11,8.08,38.4,0.6794952595320919
2021-08-07,,,,,,,,,0.0,,,,,0.0,1,,,
2021-08-08,,,,,,,,,0.0,,,,,0.0,1,,,
2021-08-09,0.0,0.0,0.1903986748914782,725.0831204912637,,0.0,1.0,1.5012,0.0,,0.0,1.0,0.0,1.0,10,8.030000000000001,38.4,0.6620254629629629
2021-08-10,0.0,0.0,0.18846208362863218,,,0.0,1.0,1.4795999999999998,0.0,0.0,0.0,1.0,0.0,1.0,11,8.035,38.4,0.672521289537713
2021-08-11,0.0,0.0,0.174671758704318,,,0.0,0.0,1.4823,0.0,0.0,0.0,1.0,0.0,1.0,11,8.05,38.4,0.6718641216352965
2021-08-12,0.0,0.0,0.16991130696714454,,,0.0,0.0,1.4364000000000001,0.0,0.0,0.0,1.0,0.0,1.0,11,8.045,38.4,0.6959748329156222
2021-08-13,0.0,0.0,0.17172916551609874,,,0.0,0.0,1.4256,0.0,0.0,0.0,0.0,0.0,0.0,11,8.04,38.4,0.7044696969696971
2021-08-14,,,,,,,,,0.0,,,,,0.0,1,,,
2021-08-15,,,,,,,,,0.0,,,,,0.0,1,,,
2021-08-16,,,,,,,,,0.0,,,,,0.0,1,,,
2021-08-17,0.0,0.0,0.15958386224405322,704.1562338617088,,0.0,0.0,1.242,0.0,,0.0,0.0,0.0,0.0,10,8.02,38.4,0.7803162238325283
2021-08-18,0.0,0.0,0.15858588674826443,,,0.0,0.0,1.2123,0.0,0.0,0.0,0.0,0.0,0.0,11,8.030000000000001,38.4,0.8015367483296213
2021-08-19,0.0,0.0,0.15648112105877773,,,0.0,0.0,1.1853,0.0,0.0,0.0,0.0,0.0,0.0,11,8.015,38.45,0.8172505905677887
2021-08-20,0.0,0.0,0.15504998468435854,,,0.0,0.0,1.1367,0.0,0.0,0.0,0.0,0.0,0.0,11,8.03,38.45,0.8539486561977656
2021-08-21,,,,,,,,,0.0,,,,,0.0,1,,,
2021-08-22,,,,,,,,,0.0,,,,,0.0,1,,,
2021-08-23,0.0,0.0,0.16779782596700327,715.4592603151917,,0.0,0.0,1.0348,0.0,,0.0,0.0,0.0,0.0,10,8.004999999999999,39.2,0.9071678102048705
2021-08-24,0.0,0.0,0.15744514544134888,,,0.0,0.0,1.0225,0.0,0.0,0.0,0.0,0.0,0.0,11,8.024999999999999,39.2,0.8839217603911979
2021-08-25,0.0,0.0,0.15737257197001364,,,0.0,0.0,0.9623999999999999,0.0,0.0,0.0,0.0,0.0,0.0,11,8.035,39.2,0.8820209242518703
2021-08-26,,,,,,,,,0.0,,,,,0.0,1,,,
2021-08-27,,,,,,,,,0.0,,,,,0.0,1,,,
2021-08-28,,,,,,,,,0.0,,,,,0.0,1,,,
2021-08-29,,,,,,,,,0.0,,,,,0.0,1,,,
2021-08-30,0.0,0.0,0.1500814309768957,714.8048665360993,,0.0,0.0,0.7128,0.0,,0.0,0.0,0.0,0.0,10,8.045,39.2,1.0025773358585859
2021-08-31,0.0,0.0,0.1463679376565544,,,0.0,0.0,0.7536,0.0,0.0,0.0,0.0,0.0,0.0,11,8.035,39.2,0.9390122412420384
2021-09-01,0.0,0.0,0.1483863812798048,,,0.0,0.0,0.7727999999999999,0.0,0.0,0.0,0.0,0.0,0.0,11,8.02,39.2,0.9174946622670809
2021-09-02,0.0,0.0,0.14472988393776615,,,0.0,0.0,0.7128,0.0,0.0,0.0,0.0,0.0,0.0,11,8.04,39.2,0.9689299242424244
2021-09-03,0.0,0.0,0.1396716559355576,,,0.0,0.0,0.7248000000000001,0.0,0.0,0.0,0.0,0.0,0.0,11,8.035,39.2,0.9808997309602647
2021-09-04,,,,,,,,,0.0,,,,,0.0,1,,,
2021-09-05,,,,,,,,,0.0,,0.0,,0.0,0.0,3,,,
2021-09-06,0.0,0.0,0.14584912546674528,692.9346736919634,,0.0,0.0,0.8615999999999999,0.0,,0.0,0.0,0.0,0.0,10,8.04,39.15000000000001,0.8678788010677809
2021-09-07,0.0,0.0,0.14557351378558248,,,0.0,0.0,0.8880000000000001,0.0,0.0,0.0,0.0,0.0,0.0,11,8.03,39.15000000000001,0.8981507601351353
2021-09-08,0.0,0.0,0.15375278742202275,,,0.0,0.0,1.1136,0.0,0.0,0.0,0.0,0.0,0.0,11,8.024999999999999,39.15000000000001,0.7513713406968391
2021-09-09,0.0,0.0,0.15784712799638173,,,0.0,0.0,1.0344,0.0,0.0,0.0,0.0,0.0,0.0,11,8.035,39.15000000000001,0.8550035648685226
2021-09-10,0.0,0.0,0.15957025728018095,,,0.0,0.0,1.0896000000000001,0.0,0.0,0.0,0.0,0.0,0.0,11,8.024999999999999,39.15000000000001,0.914841168777533
2021-09-11,,,,,,,,,0.0,,,,,0.0,1,,,
2021-09-12,,,,,,,,,0.0,,,,,0.0,1,,,
2021-09-13,,,,,,,,,0.0,,,,,0.0,1,,,
2021-09-14,0.0,0.0,0.16359447004608296,552.8599172246994,,0.0,0.0,1.3896,0.0,,0.0,1.0,0.0,1.0,10,7.98,36.25,0.6932264680483593
2021-09-15,0.0,0.0,0.16041053203350583,,,0.0,0.0,1.3344,0.0,3.0,0.0,0.0,0.0,3.0,11,7.97,39.05,0.7165792678357312
2021-09-16,0.0,0.0,0.1672385456013379,,,0.0,0.0,1.3896,0.0,0.0,0.0,1.0,0.0,1.0,11,7.97,39.05,0.6824606001727116
2021-09-17,0.0,0.0,0.1740622206844852,,,0.0,0.0,1.3416,0.0,0.0,0.0,0.0,0.0,0.0,11,7.96,39.05,0.7146695643261778
2021-09-18,,,,,,,,,0.0,,,,,0.0,1,,,
2021-09-19,,,,,,,,,0.0,,,,,0.0,1,,,
2021-09-20,,,,,,,,,0.0,,,,,0.0,1,,,
2021-09-21,,,,,,,,,0.0,,,,,0.0,1,,,
2021-09-22,,,,,,,,,0.0,,,,,0.0,1,,,
2021-09-23,0.0,0.0,0.19216597698543167,701.8296276265777,,0.0,1.0,1.296,0.0,,0.0,1.0,0.0,1.0,10,8.02,38.75,0.67634765625
2021-09-24,0.0,0.0,0.19503760698538947,,,0.0,1.0,1.3224,0.0,0.0,0.0,1.0,0.0,1.0,11,8.004999999999999,38.75,0.6571373071687839
2021-09-25,,,,,,,,,0.0,,,,,0.0,1,,,
2021-09-26,,,,,,,,,0.0,,,,,0.0,1,,,
2021-09-27,0.0,0.0,0.1918396770472895,616.8914675192914,,0.0,1.0,1.4112,0.0,,0.0,1.0,0.0,1.0,10,7.99,38.6,0.6571704489087301
2021-09-28,0.0,0.0,0.1899509456432359,,,0.0,1.0,1.3416,0.0,0.0,0.0,0.0,0.0,1.0,11,7.99,38.6,0.7006785275044723
2021-09-29,0.0,0.0,0.18848032913345333,,,0.0,1.0,1.296,0.0,0.0,0.0,0.0,0.0,1.0,11,7.98,38.6,0.7321521990740741
2021-09-30,0.0,0.0,0.178464092509374,,,0.0,0.0,1.26,0.0,0.0,0.0,0.0,0.0,0.0,11,7.99,38.6,0.747747619047619
2021-10-01,,,,,,,,,0.0,,,,,0.0,1,,,
2021-10-02,,,,,,,,,0.0,,,,,0.0,1,,,
2021-10-03,,,,,,,,,0.0,,,,,0.0,1,,,
2021-10-04,0.0,0.0,0.1821676937863968,637.2249223358187,,0.0,0.0,1.1664,0.0,,0.0,0.0,0.0,0.0,10,7.99,38.3,0.7839088220164608
2021-10-05,0.0,0.0,0.18222197074716384,,,0.0,0.0,1.1616,0.0,0.0,0.0,0.0,0.0,0.0,11,7.98,38.3,0.7769483901515152
2021-10-06,0.0,0.0,0.1806784245224545,,,0.0,0.0,1.2450000000000003,0.0,0.0,0.0,0.0,0.0,0.0,11,7.99,38.3,0.7395876506024095
2021-10-07,0.0,0.0,0.18133213270675633,,,0.0,0.0,1.2150000000000003,0.0,0.0,0.0,0.0,0.0,0.0,11,8.004999999999999,38.3,0.7765691358024689
2021-10-08,0.0,0.0,0.18143328029097522,,,0.0,0.0,1.23,0.0,0.0,0.0,0.0,0.0,0.0,11,8.004999999999999,38.3,0.766869918699187
2021-10-09,,,,,,,,,0.0,,,,,0.0,1,,,
2021-10-10,,,,,,,,,0.0,,,,,0.0,1,,,
2021-10-11,,,,,,,,,0.0,,,,,0.0,1,,,
2021-10-12,0.0,0.0,0.19243416349755527,660.2273193205959,,0.0,1.0,1.02,0.0,,0.0,0.0,0.0,1.0,10,8.02,38.3,0.9095823529411766
2021-10-13,0.0,0.0,0.18017966633395124,,,0.0,0.0,1.025,0.0,0.0,0.0,0.0,0.0,0.0,11,8.030000000000001,38.3,0.9139317073170732
2021-10-14,0.0,0.0,0.18338198203304332,,,0.0,0.0,1.04475,0.0,0.0,0.0,0.0,0.0,0.0,11,8.02,38.25,0.9115692749461594
2021-10-15,0.0,0.0,0.1923396453433409,,,0.0,1.0,1.115625,0.0,0.0,0.0,0.0,0.0,1.0,11,8.01,38.25,0.8534467226890756
2021-10-16,,,,,,,,,0.0,,,,,0.0,1,,,
2021-10-17,,,,,,,,,0.0,,,,,0.0,1,,,
2021-10-18,0.0,0.0,0.1813380281690141,598.5790427936317,,0.0,0.0,1.15025,0.0,,0.0,0.0,0.0,0.0,10,8.0,37.95,0.8521214953271029
2021-10-19,0.0,0.0,0.19601521884348408,,,0.0,1.0,1.078025,0.0,0.0,0.0,0.0,0.0,1.0,11,7.994999999999999,37.95,0.9394348461306555
2021-10-20,0.0,0.0,0.19191097422785253,555.3907412701809,,0.0,1.0,1.2177,0.0,0.0,0.0,0.0,0.0,1.0,11,7.99,37.95,0.8376899072021022
2021-10-21,0.0,0.0,0.19831533223761447,,,0.0,1.0,1.2069,0.0,0.0,0.0,0.0,0.0,1.0,11,7.98,37.95,0.8565027653492417
2021-10-22,0.0,0.0,0.20253091077959018,,,0.0,1.0,1.2429999999999999,0.0,0.0,0.0,0.0,0.0,1.0,11,7.984999999999999,38.0,0.8291503419147228
2021-10-23,,,,,,,,,0.0,,,,,0.0,1,,,
2021-10-24,,,,,,,,,0.0,,,,,0.0,1,,,
2021-10-25,0.0,0.0,0.19996577881708777,630.7730160267781,,0.0,1.0,1.33925,0.0,,0.0,0.0,0.0,1.0,10,8.045,38.0,0.7881627776740713
2021-10-26,0.0,0.0,0.20961622013034034,,,0.0,2.0,1.3035,0.0,0.0,0.0,0.0,0.0,2.0,11,8.035,38.0,0.8200146240889911
2021-10-27,0.0,0.0,0.22558714462299134,,,0.0,2.0,1.437,0.0,0.0,0.0,0.0,0.0,2.0,11,7.985,38.0,0.743651356993737
2021-10-28,0.0,0.0,0.21354288385136713,,,0.0,2.0,1.3805,0.0,0.0,0.0,0.0,0.0,2.0,11,7.975,38.0,0.7771213328504164
2021-10-29,0.0,0.0,0.2043026403889261,,,0.0,1.0,1.31175,0.0,0.0,0.0,0.0,0.0,1.0,11,7.965,38.0,0.8163239470173433
2021-10-30,,,,,,,,,0.0,,,,,0.0,1,,,
2021-10-31,,,,,,,,,0.0,,,,,0.0,1,,,
2021-11-01,,,,,,,,,0.0,,,,,0.0,1,,,
2021-11-02,0.0,0.0,0.21878065455842574,720.936186081639,,0.0,2.0,1.4769,0.0,,0.0,0.0,0.0,2.0,10,8.05,38.1,0.7139792809262645
2021-11-03,,,,,,,,,0.0,,,,,0.0,1,,,
2021-11-04,0.0,0.0,0.22194692378876982,,,0.0,2.0,1.2739375,0.0,,0.0,0.0,0.0,2.0,10,7.99,38.05,0.8331766668302016
2021-11-05,0.0,0.0,0.2064265993068202,,,0.0,1.0,1.0752749999999998,0.0,0.0,0.0,0.0,1.0,1.0,11,8.0,38.05,0.7115661691195277
2021-11-06,,,,,,,,,0.0,,,,,0.0,1,,,
2021-11-07,,,,,,,,,0.0,,,,,0.0,1,,,
2021-11-08,0.0,0.0,0.1838669987696186,,,1.0,0.0,1.2575999999999998,0.0,,0.0,0.0,0.0,1.0,10,8.035,38.0,0.7262048743638678
2021-11-09,0.0,0.0,0.19042111506524317,,,0.0,0.0,1.2216,0.0,0.0,0.0,0.0,0.0,0.0,11,8.0,38.0,0.7611751493942371
2021-11-10,,,,,,,,,0.0,,,,,0.0,1,,,
2021-11-11,0.0,0.0,0.19873628993800668,,,0.0,1.0,1.2775,0.0,,0.0,0.0,0.0,1.0,10,7.99,38.0,0.7442110567514677
2021-11-12,0.0,0.0,0.18488023952095808,,,0.0,0.0,1.1975,0.0,0.0,0.0,0.0,0.0,0.0,11,7.995,38.05,0.79107124217119
2021-11-13,,,,,,,,,0.0,,,,,0.0,1,,,
2021-11-14,,,,,,,,,0.0,,,,,0.0,1,,,
2021-11-15,0.0,0.0,0.19816332042855855,,,1.0,0.0,1.35405,0.0,,0.0,0.0,0.0,1.0,10,7.935,38.05,0.7432391252169418
2021-11-16,,,,,,,,,0.0,,,,,0.0,1,,,
2021-11-17,0.0,0.0,0.21581724463964377,,,1.0,1.0,1.2903,0.0,,0.0,0.0,0.0,1.0,10,7.945,38.0,0.7732017747810588
2021-11-18,0.0,0.0,0.21065720437934068,,,1.0,1.0,1.32345,0.0,0.0,0.0,0.0,0.0,1.0,11,7.960000000000001,38.3,0.7453696777362195
2021-11-19,0.0,0.0,0.1976022651966986,,,1.0,0.0,1.2699,0.0,0.0,0.0,0.0,0.0,1.0,11,7.970000000000001,38.65000000000001,0.7661055988660525
2021-11-20,,,,,,,,,0.0,,,,,0.0,1,,,
2021-11-21,,,,,,,,,0.0,,,,,0.0,1,,,
2021-11-22,0.0,0.0,0.1906814387615723,522.2260881243261,,1.0,0.0,1.275,0.0,,0.0,0.0,0.0,1.0,10,7.94,38.1,0.7686913235294117
2021-11-23,,,,,,,,,0.0,,,,,0.0,1,,,
2021-11-24,0.0,0.0,0.17842198741683976,,,1.0,0.0,1.3797000000000001,0.0,,0.0,0.0,0.0,1.0,10,7.975,38.1,0.7484163223889251
2021-11-25,0.0,0.0,0.18540878236318856,,,1.0,0.0,1.4607,0.0,0.0,0.0,0.0,0.0,1.0,11,7.96,38.1,0.7095938163209419
2021-11-26,0.0,0.0,0.1865339888715518,,,0.0,0.0,1.3554000000000002,0.0,0.0,0.0,0.0,0.0,0.0,11,7.970000000000001,38.0,0.7576636509517485
2021-11-27,,,,,,,,,0.0,,,,,0.0,1,,,
2021-11-28,,,,,,,,,0.0,,,,,0.0,1,,,
2021-11-29,0.0,0.0,0.17120314424825483,,,0.0,0.0,1.47,0.0,,0.0,0.0,0.0,0.0,10,7.970000000000001,38.0,0.7232982993197279
2021-11-30,0.0,0.0,0.18806266806968316,,,0.0,0.0,1.4252,0.0,0.0,0.0,0.0,0.0,0.0,11,7.995,38.0,0.7583911030030873
2021-12-01,0.0,0.0,0.1933677739617305,,,0.0,0.0,1.442,0.0,0.0,0.0,0.0,0.0,0.0,11,8.004999999999999,38.0,0.7360714285714286
2021-12-02,0.0,0.0,0.18606076525698276,,,0.0,0.0,1.4616,0.0,0.0,0.0,0.0,0.0,0.0,11,7.98,38.0,0.7162620159414341
2021-12-03,0.0,0.0,0.19425655976676384,,,0.0,0.0,1.4336,0.0,0.0,0.0,0.0,0.0,0.0,11,7.995,38.05,0.740678187779018
2021-12-04,,,,,,,,,0.0,,,,,0.0,1,,,
2021-12-05,,,,,,,,,0.0,,,,,0.0,1,,,
2021-12-06,0.0,0.0,0.18564596109269094,564.6482963255185,,0.0,0.0,1.53045,0.0,,0.0,0.0,0.0,0.0,10,7.970000000000001,38.0,0.707486033519553
2021-12-07,0.0,0.0,0.19871043376318875,,,0.0,1.0,1.48485,0.0,0.0,0.0,0.0,0.0,1.0,11,7.98,38.0,0.7279457520961713
2021-12-08,,,,,,,,,0.0,,,,,0.0,1,,,
2021-12-09,0.0,0.0,0.20219223289527963,,,0.0,1.0,1.6416,0.0,,0.0,1.0,0.0,1.0,10,7.949999999999999,38.0,0.690999177631579
2021-12-10,0.0,0.0,0.2033711217183771,,,0.0,0.0,1.6273499999999999,0.0,0.0,0.0,0.0,0.0,0.0,11,7.925000000000001,37.9,0.7040556733339478
2021-12-11,,,,,,,,,0.0,,0.0,,0.0,0.0,3,,,
2021-12-12,,,,,,,,,0.0,,,,,0.0,1,,,
2021-12-13,0.0,0.0,0.18682746947164794,543.1603535789679,,1.0,0.0,1.6268,0.0,,0.0,0.0,0.0,1.0,10,7.93,38.05,0.7205362905704449
2021-12-14,0.0,0.0,0.2006344171292625,,,1.0,0.0,1.6445,0.0,0.0,0.0,0.0,0.0,1.0,11,7.93,38.0,0.720651185770751
2021-12-15,0.0,0.0,0.18719436260365094,,,1.0,0.0,1.54825,0.0,0.0,0.0,0.0,0.0,1.0,11,7.94,38.0,0.7368273857581139
2021-12-16,,,,,,,,,0.0,,,,,0.0,1,,,
2021-12-17,0.0,0.0,0.21337501532426137,,,1.0,1.0,1.58675,0.0,,0.0,1.0,0.0,1.0,10,7.87,38.05,0.6865093745076414
2021-12-18,,,,,,,,,0.0,,,,,0.0,1,,,
2021-12-19,,,,,,,,,0.0,,,,,0.0,1,,,
2021-12-20,0.0,0.0,0.23131805068709868,341.83706178479133,,1.0,1.0,1.4795,0.0,,0.0,1.0,0.0,1.0,10,7.775,38.0,0.6998744930719838
2021-12-21,0.0,0.0,0.23649334276313766,,,1.0,2.0,1.5606,0.0,0.0,0.0,1.0,0.0,2.0,11,7.78,38.0,0.6798039215686276
2021-12-22,0.0,0.0,0.213944484341337,,,1.0,0.0,1.6254000000000002,0.0,0.0,0.0,1.0,0.0,1.0,11,7.76,37.95,0.6664266488249047
2021-12-23,0.0,0.0,0.2199042827340778,,,1.0,1.0,1.6254000000000002,0.0,0.0,0.0,1.0,0.0,1.0,11,7.79,37.95,0.6659062769164513
2021-12-24,,,,,,,,,0.0,,,,,0.0,1,,,
2021-12-25,,,,,,,,,0.0,,,,,0.0,1,,,
2021-12-26,,,,,,,,,0.0,,,,,0.0,1,,,
2021-12-27,0.0,0.0,0.190901681407915,469.521451292054,,1.0,0.0,1.3617000000000001,0.0,,0.0,0.0,0.0,1.0,10,7.9,38.0,0.7110225269883235
2021-12-28,0.0,0.0,0.1825276263664254,,,0.0,0.0,1.2552,0.0,0.0,0.0,0.0,0.0,0.0,11,7.875,38.0,0.7176714866156787
2021-12-29,0.0,0.0,0.17032773405380008,,,0.0,0.0,1.1983,0.0,0.0,0.0,0.0,0.0,0.0,11,7.875,38.0,0.7072008261704081
2021-12-30,0.0,0.0,0.16265274647051844,,,0.0,0.0,1.3224,0.0,0.0,0.0,1.0,0.0,1.0,11,7.865,38.0,0.6907631957047791
2021-12-31,,,,,,,,,0.0,,,,,0.0,1,,,
2022-01-01,,,,,,,,,0.0,,,,,0.0,1,,,
2022-01-02,,,,,,,,,0.0,,,,,0.0,1,,,
2022-01-03,0.0,0.0,0.14993465950341223,458.3953276583072,,0.0,0.0,,0.0,,0.0,,0.0,0.0,8,7.91,38.0,
2022-01-04,0.0,0.0,0.14976463067356308,,,0.0,0.0,1.356,0.0,0.0,0.0,1.0,0.0,1.0,11,7.895,38.0,0.6613557798672566
2022-01-05,0.0,0.0,0.15820729602433958,,,0.0,0.0,1.3175999999999999,0.0,0.0,0.0,1.0,0.0,1.0,11,7.875,38.0,0.6802159228901034
2022-01-06,0.0,0.0,0.1516056537938376,,,0.0,0.0,1.105375,0.0,0.0,0.0,0.0,0.0,0.0,11,7.85,38.0,0.7522550039579328
2022-01-07,0.0,0.0,0.15665880022142586,,,0.0,0.0,0.979,0.0,0.0,0.0,0.0,0.0,0.0,11,7.855,38.0,0.7292995403472932
2022-01-08,,,,,,,,,0.0,,,,,0.0,1,,,
2022-01-09,,,,,,,,,0.0,,,,,0.0,1,,,
2022-01-10,0.0,0.0,0.14535233888777355,,,0.0,0.0,,0.0,,0.0,,0.0,0.0,8,7.865,38.0,
2022-01-11,0.0,0.0,0.1427162303074712,,,0.0,0.0,0.91,0.0,0.0,0.0,0.0,0.0,0.0,11,7.895,38.0,0.7315769230769231
2022-01-12,0.0,0.0,0.13923979246559892,,,0.0,0.0,0.9145500000000001,0.0,0.0,0.0,0.0,0.0,0.0,11,7.915,38.0,0.7778571428571426
2022-01-13,0.0,0.0,0.14922372389143304,,,0.0,0.0,0.9214999999999999,0.0,0.0,0.0,0.0,0.0,0.0,11,7.965,38.0,0.7519264107433533
2022-01-14,0.0,0.0,0.14282513722415144,,,0.0,0.0,0.9462,0.0,0.0,0.0,0.0,0.0,0.0,11,7.95,38.0,0.804202005389981
2022-01-15,,,,,,,,,0.0,,,,,0.0,1,,,
2022-01-16,,,,,,,,,0.0,,,,,0.0,1,,,
2022-01-17,0.0,0.0,0.1414482002866054,,,0.0,0.0,,0.0,,0.0,,0.0,0.0,8,7.9,38.05,
2022-01-18,0.0,0.0,0.1437798842378995,,,0.0,0.0,1.0791999999999997,0.0,0.0,0.0,0.0,0.0,0.0,11,7.915,38.05,0.7316824383802818
2022-01-19,0.0,0.0,0.15057151860658322,,,0.0,0.0,1.0089,0.0,0.0,0.0,0.0,0.0,0.0,11,7.895,38.0,0.7433586083853703
2022-01-20,0.0,0.0,0.14622816267206246,,,0.0,0.0,1.0146,0.0,0.0,0.0,0.0,0.0,0.0,11,7.89,38.0,0.7266212670017741
2022-01-21,0.0,0.0,0.14605886332882273,,,0.0,0.0,1.00825,0.0,0.0,0.0,1.0,0.0,1.0,11,7.9,38.0,0.6544972105132655
2022-01-22,,,,,,,,,0.0,,,,,0.0,1,,,
2022-01-23,,,,,,,,,0.0,,,,,0.0,1,,,
2022-01-24,0.0,0.0,0.13928012519561817,,,0.0,0.0,,0.0,,0.0,,0.0,0.0,8,7.92,38.0,
2022-01-25,0.0,0.0,0.14316702819956617,,,0.0,0.0,0.741,0.0,0.0,0.0,1.0,0.0,1.0,11,7.9,38.0,0.6985065789473685
2022-01-26,0.0,0.0,0.1349158323247882,,,0.0,0.0,0.8119999999999998,0.0,0.0,0.0,1.0,0.0,1.0,11,7.93,38.0,0.6969573583743844
2022-01-27,,,,,,,,,0.0,,,,,0.0,1,,,
2022-01-28,,,,,,,,,0.0,,,,,0.0,1,,,
2022-01-29,,,,,,,,,0.0,,,,,0.0,1,,,
2022-01-30,,,,,,,,,0.0,,,,,0.0,1,,,
2022-01-31,,,,,,,,,0.0,,,,,0.0,1,,,
2022-02-01,,,,,,,,,0.0,,,,,0.0,1,,,
2022-02-02,,,,,,,,,0.0,,,,,0.0,1,,,
2022-02-03,0.0,0.0,0.14438473045598094,,,0.0,0.0,0.9143,0.0,,0.0,1.0,0.0,1.0,10,7.895,38.0,0.6527903860877174
2022-02-04,0.0,0.0,0.15040241448692154,,,0.0,0.0,0.9470999999999999,0.0,0.0,0.0,1.0,0.0,1.0,11,7.905,38.0,0.6494836870446626
2022-02-05,,,,,,,,,0.0,,,,,0.0,1,,,
2022-02-06,,,,,,,,,0.0,,,,,0.0,1,,,
2022-02-07,0.0,0.0,0.1364050968794052,431.2816458050223,,0.0,0.0,,0.0,,0.0,,0.0,0.0,8,7.905,38.0,
2022-02-08,0.0,0.0,0.14605401807997337,,,0.0,0.0,1.0349999999999997,0.0,0.0,0.0,1.0,0.0,1.0,11,7.895,38.0,0.6905685386473431
2022-02-09,0.0,0.0,0.1465072863551506,,,0.0,0.0,1.05975,0.0,0.0,0.0,0.0,0.0,0.0,11,7.885,38.0,0.705510261854211
2022-02-10,0.0,0.0,0.14315244053689055,,,0.0,0.0,1.08,0.0,0.0,0.0,1.0,0.0,1.0,11,7.905,38.0,0.6646727430555556
2022-02-11,0.0,0.0,0.14588518447610974,,,0.0,0.0,,0.0,0.0,0.0,,0.0,0.0,9,7.915,38.0,
2022-02-12,,,,,,,,,0.0,,,,,0.0,1,,,
2022-02-13,,,,,,,,,0.0,,,,,0.0,1,,,
2022-02-14,0.0,0.0,0.1433738627194569,437.5517479612657,,0.0,0.0,,0.0,,0.0,,0.0,0.0,8,7.895,38.0,
2022-02-15,0.0,0.0,0.13636363636363635,,,0.0,0.0,0.9810000000000001,0.0,0.0,0.0,1.0,0.0,1.0,11,7.915,38.0,0.6532560524974516
2022-02-16,0.0,0.0,0.13700705001101565,,,0.0,0.0,0.9845625,0.0,0.0,0.0,1.0,0.0,1.0,11,7.935,38.0,0.6726184853678663
2022-02-17,0.0,0.0,0.13184884549991774,,,0.0,0.0,1.00575,0.0,0.0,0.0,1.0,0.0,1.0,11,7.985,38.0,0.6662450907283122
2022-02-18,0.0,0.0,0.13333519959688708,,,0.0,0.0,1.00575,0.0,0.0,0.0,1.0,0.0,1.0,11,7.975,38.0,0.6442531692766593
2022-02-19,,,,,,,,,0.0,,,,,0.0,1,,,
2022-02-20,,,,,,,,,0.0,,,,,0.0,1,,,
2022-02-21,0.0,0.0,0.1302711676812396,,,0.0,0.0,,0.0,,0.0,,0.0,0.0,8,8.04,38.0,
2022-02-22,0.0,0.0,0.1311031720255494,,,0.0,0.0,,0.0,0.0,0.0,,0.0,0.0,9,8.02,38.0,
2022-02-23,0.0,0.0,0.13221483881597013,,,0.0,0.0,1.03275,0.0,0.0,0.0,1.0,0.0,1.0,11,8.004999999999999,38.0,0.6445633018639556
2022-02-24,0.0,0.0,0.12844466490299825,,,0.0,0.0,1.01475,0.0,0.0,0.0,1.0,0.0,1.0,11,8.01,38.0,0.6271838507021434
2022-02-25,0.0,0.0,0.12950502601541855,,,0.0,0.0,0.9607499999999999,0.0,0.0,0.0,1.0,0.0,1.0,11,8.02,38.0,0.6797548790007807
2022-02-26,,,,,,,,,0.0,,,,,0.0,1,,,
2022-02-27,,,,,,,,,0.0,,,,,0.0,1,,,
2022-02-28,0.0,0.0,0.13497152965890874,,,0.0,0.0,0.954,0.0,,0.0,0.0,0.0,0.0,10,8.004999999999999,38.0,0.7013459119496854
2022-03-01,0.0,0.0,0.12948043406774087,,,0.0,0.0,,0.0,0.0,0.0,,0.0,0.0,9,8.024999999999999,38.0,
2022-03-02,0.0,0.0,0.1300620913236991,,,0.0,0.0,1.017,0.0,0.0,0.0,1.0,0.0,1.0,11,8.02,38.0,0.669013888888889
2022-03-03,0.0,0.0,0.13291208490617648,,,0.0,0.0,1.026,0.0,0.0,0.0,1.0,0.0,1.0,11,8.03,38.0,0.6796683723196882
2022-03-04,0.0,0.0,0.13214941489215928,,,0.0,0.0,1.05975,0.0,0.0,0.0,1.0,0.0,1.0,11,8.01,38.0,0.6523736730360936
2022-03-05,,,,,,,,,0.0,,,,,0.0,1,,,
2022-03-06,,,,,,,,,0.0,,,,,0.0,1,,,
2022-03-07,,,,,,,,,0.0,,0.0,,0.0,0.0,3,,,
2022-03-08,0.0,0.0,0.13294927009340568,,,0.0,0.0,,0.0,,0.0,,0.0,0.0,8,7.94,38.05,
2022-03-09,0.0,0.0,0.13997590968934703,,,0.0,0.0,1.0592249999999999,0.0,0.0,0.0,1.0,0.0,1.0,11,7.995,38.05,0.6596371167598953
2022-03-10,0.0,0.0,0.1433475676128276,,,0.0,0.0,1.0206,0.0,0.0,0.0,1.0,0.0,1.0,11,8.004999999999999,38.05,0.6570392416225749
2022-03-11,0.0,0.0,0.13714095965465714,,,0.0,0.0,0.9942750000000001,0.0,0.0,0.0,1.0,0.0,1.0,11,8.015,38.05,0.6325016972165648
2022-03-12,,,,,,,,,0.0,,,,,0.0,1,,,
2022-03-13,,,,,,,,,0.0,,,,,0.0,1,,,
2022-03-14,0.0,0.0,0.1326081541144233,,,0.0,0.0,,0.0,,0.0,,0.0,0.0,8,8.015,38.05,
2022-03-15,0.0,0.0,0.13504670283572906,,,0.0,0.0,0.7956,0.0,0.0,0.0,1.0,0.0,1.0,11,8.03,38.05,0.6761858974358973
2022-03-16,0.0,0.0,0.1353253250501663,,,0.0,0.0,0.9,0.0,0.0,0.0,1.0,0.0,1.0,11,8.045,38.05,0.6497472222222223
2022-03-17,0.0,0.0,0.13758687795385044,,,0.0,0.0,0.873,0.0,0.0,0.0,1.0,0.0,1.0,11,7.995,38.05,0.6457816437571592
2022-03-18,0.0,0.0,0.13712291884169459,,,0.0,0.0,,0.0,0.0,0.0,,0.0,0.0,9,8.004999999999999,38.05,
2022-03-19,,,,,,,,,0.0,,,,,0.0,1,,,
2022-03-20,,,,,,,,,0.0,,,,,0.0,1,,,
2022-03-21,0.0,0.0,0.1293846239368503,,,0.0,0.0,,0.0,,0.0,,0.0,0.0,8,8.05,38.05,
2022-03-22,,,,,,,,,0.0,,,,,0.0,1,,,
2022-03-23,1.0,0.0,0.14746247736961982,,,0.0,0.0,,0.0,,0.0,,0.0,1.0,8,8.114999999999998,38.05,
2022-03-24,1.0,0.0,0.16681759012960554,,,0.0,0.0,,0.0,0.0,0.0,,0.0,1.0,9,8.129999999999999,38.07,
2022-03-25,1.0,0.0,0.16456166419019316,,,0.0,0.0,0.9251999999999999,0.0,0.0,0.0,1.0,0.0,1.0,11,8.105,38.05,0.6229610489623865
2022-03-26,,,,,,,,,0.0,,,,,0.0,1,,,
2022-03-27,,,,,,,,,0.0,,,,,0.0,1,,,
2022-03-28,0.0,0.0,0.15084635600644306,,,0.0,0.0,,0.0,,0.0,,0.0,0.0,8,8.045,38.05,
2022-03-29,0.0,0.0,0.14761850501367366,,,0.0,0.0,0.7524,0.0,0.0,0.0,0.0,0.0,0.0,11,8.04,38.0,0.7523059542796384
2022-03-30,0.0,0.0,0.14865209626668935,,,0.0,0.0,,0.0,0.0,0.0,,0.0,0.0,9,8.045,38.05,
2022-03-31,0.0,0.0,0.15983791085096805,,,0.0,0.0,0.846675,0.0,0.0,0.0,0.0,0.0,0.0,11,8.045,38.05,0.7549348923731065
2022-04-01,0.0,0.0,0.14780105007621522,,,0.0,0.0,,0.0,0.0,0.0,,0.0,0.0,9,8.05,38.05,
2022-04-02,,,,,,,,,0.0,,,,,0.0,1,,,
2022-04-03,,,,,,,,,0.0,,,,,0.0,1,,,
2022-04-04,,,,,,,,,0.0,,,,,0.0,1,,,
2022-04-05,,,,,,,,,0.0,,,,,0.0,1,,,
2022-04-06,0.0,0.0,0.16346127238010902,,,0.0,0.0,1.008,0.0,,0.0,0.0,0.0,0.0,10,8.08,38.0,0.7787619047619047
2022-04-07,0.0,0.0,0.15637114092088017,,,0.0,0.0,1.00125,0.0,0.0,0.0,0.0,0.0,0.0,11,8.085,38.0,0.8038423845193509
2022-04-08,0.0,0.0,0.1508741696083609,,,0.0,0.0,1.02825,0.0,0.0,0.0,0.0,0.0,0.0,11,8.075,37.85,0.7903225139800633
2022-04-09,,,,,,,,,0.0,,,,,0.0,1,,,
2022-04-10,,,,,,,,,0.0,,,,,0.0,1,,,
2022-04-11,0.0,0.0,0.1508741696083609,,,0.0,0.0,,0.0,,0.0,,0.0,0.0,8,8.075,37.85,
2022-04-12,0.0,0.0,0.15254004450916284,,,0.0,0.0,1.05975,0.0,0.0,0.0,0.0,0.0,0.0,11,8.06,37.85,0.7908811040339703
2022-04-13,0.0,0.0,0.1623919748798177,,,0.0,0.0,1.21365,0.0,0.0,0.0,0.0,0.0,0.0,11,8.065000000000001,38.0,0.7255190952910642
2022-04-14,0.0,0.0,0.16740505447351556,,,0.0,0.0,1.2935999999999999,0.0,0.0,0.0,0.0,0.0,0.0,11,8.01,38.0,0.7248056779529994
2022-04-15,0.0,0.0,0.17083356690397444,,,0.0,0.0,1.3512,0.0,0.0,0.0,0.0,0.0,0.0,11,7.85,38.1,0.7080046440201302
2022-04-16,,,,,,,,,0.0,,,,,0.0,1,,,
2022-04-17,,,,,,,,,0.0,,,,,0.0,1,,,
2022-04-18,0.0,0.0,0.187553550008568,,,0.0,0.0,,0.0,,0.0,,0.0,0.0,8,7.78,38.0,
2022-04-19,0.0,0.0,0.20055269293877198,,,0.0,0.0,1.3179,0.0,0.0,0.0,0.0,0.0,0.0,11,7.71,38.0,0.712943318916458
2022-04-20,0.0,0.0,0.1832724991445192,,,0.0,0.0,1.1802000000000001,0.0,0.0,0.0,0.0,0.0,0.0,11,7.795,38.0,0.7420555837993561
2022-04-21,0.0,0.0,0.17175234778637286,,,0.0,0.0,1.1885999999999999,0.0,0.0,0.0,0.0,0.0,0.0,11,7.775,38.0,0.7290257445734478
2022-04-22,0.0,0.0,0.16994750656167978,,,0.0,0.0,1.1781,0.0,0.0,0.0,0.0,0.0,0.0,11,7.79,38.0,0.7228451001612767
2022-04-23,,,,,,,,,0.0,,,,,0.0,1,,,
2022-04-24,,,,,,,,,0.0,,,,,0.0,1,,,
2022-04-25,0.0,0.0,0.15619379496402877,,,0.0,0.0,,0.0,,0.0,,0.0,0.0,8,7.91,38.0,
2022-04-26,0.0,0.0,0.15591832186533694,,,0.0,0.0,1.02825,0.0,0.0,0.0,0.0,0.0,0.0,11,7.93,38.0,0.756125942134695
2022-04-27,0.0,0.0,0.1520882804861014,,,0.0,0.0,1.017,0.0,0.0,0.0,0.0,0.0,0.0,11,7.94,38.0,0.7624382989183874
2022-04-28,,,,,,,,,0.0,,,,,0.0,1,,,
2022-04-29,,,,,,,,,0.0,,,,,0.0,1,,,
2022-04-30,,,,,,,,,0.0,,,,,0.0,1,,,
2022-05-01,,,,,,,,,0.0,,,,,0.0,1,,,
2022-05-02,0.0,0.0,0.1562534344433454,,,0.0,0.0,,0.0,,0.0,,0.0,0.0,8,7.98,38.0,
2022-05-03,0.0,0.0,0.1465842297881779,,,0.0,0.0,,0.0,0.0,0.0,,0.0,0.0,9,8.01,38.0,
2022-05-04,0.0,0.0,0.1574291792632404,,,0.0,0.0,1.2195,0.0,0.0,0.0,1.0,0.0,1.0,11,7.995,38.0,0.6881865518655186
2022-05-05,0.0,0.0,0.16205087709402674,,,0.0,0.0,1.25325,0.0,0.0,0.0,1.0,0.0,1.0,11,7.95,38.0,0.6816989826451226
2022-05-06,0.0,0.0,0.1569049507193837,,,0.0,0.0,1.1655,0.0,0.0,0.0,0.0,0.0,0.0,11,7.96,38.0,0.7407901651651652
2022-05-07,,,,,,,,,0.0,,,,,0.0,1,,,
2022-05-08,,,,,,,,,0.0,,,,,0.0,1,,,
2022-05-09,0.0,0.0,0.15756160684145382,,,0.0,0.0,,0.0,,0.0,,0.0,0.0,8,7.95,38.0,
2022-05-10,0.0,0.0,0.1570475068708284,,,0.0,0.0,1.188,0.0,0.0,0.0,0.0,0.0,0.0,11,7.975,38.0,0.7489040404040403
2022-05-11,0.0,0.0,0.1628800723409065,,,0.0,0.0,1.2375,0.0,0.0,0.0,0.0,0.0,0.0,11,7.95,38.0,0.7228442424242425
2022-05-12,0.0,0.0,0.1729778176114721,,,0.0,0.0,,0.0,0.0,0.0,,0.0,0.0,9,7.98,38.0,
2022-05-13,0.0,0.0,0.16418119638952738,,,0.0,0.0,1.22625,0.0,0.0,,,,0.0,8,7.99,38.0,
2022-05-14,,,,,,,,,0.0,,,,,0.0,1,,,
2022-05-15,,,,,,,,,0.0,,,,,0.0,1,,,
2022-05-16,0.0,0.0,0.15738674403035036,,,0.0,0.0,,0.0,,0.0,,0.0,0.0,8,7.945,38.0,
2022-05-17,0.0,0.0,0.15808597462127563,,,0.0,0.0,1.18575,0.0,0.0,,,,0.0,8,7.925,38.0,
2022-05-18,0.0,0.0,0.16512806079369546,,,0.0,0.0,1.28475,0.0,0.0,0.0,0.0,0.0,0.0,11,7.91,38.0,0.7147674644872544
2022-05-19,0.0,0.0,0.16679870975043856,,,0.0,0.0,,0.0,0.0,0.0,,0.0,0.0,9,7.94,38.0,
2022-05-20,0.0,0.0,0.17143429257966702,,,0.0,0.0,1.1157750000000002,0.0,0.0,0.0,0.0,0.0,0.0,11,7.945,38.0,0.7542921399923819
2022-05-21,,,,,,,,,0.0,,,,,0.0,1,,,
2022-05-22,,,,,,,,,0.0,,,,,0.0,1,,,
2022-05-23,0.0,0.0,0.15917073588623318,,,0.0,0.0,,0.0,,0.0,,0.0,0.0,8,7.945,38.0,
2022-05-24,0.0,0.0,0.16161099750056807,,,0.0,0.0,1.1474999999999997,0.0,0.0,0.0,0.0,0.0,0.0,11,7.96,38.0,0.7459490196078433
2022-05-25,0.0,0.0,0.15250888976689056,,,0.0,0.0,1.1835,0.0,0.0,0.0,0.0,0.0,0.0,11,7.935,38.0,0.7561930713983946
2022-05-26,,,,,,,,,0.0,,,,,0.0,1,,,
2022-05-27,0.0,,0.16326646587486504,,,0.0,0.0,1.10475,0.0,,0.0,0.0,0.0,0.0,9,7.985,,0.81102460964019
2022-05-28,,,,,,,,,0.0,,,,,0.0,1,,,
2022-05-29,,,,,,,,,0.0,,,,,0.0,1,,,
2022-05-30,0.0,0.0,0.15954536480807738,,,0.0,0.0,,0.0,,0.0,,0.0,0.0,8,8.07,38.0,
2022-05-31,0.0,0.0,0.1584033853719906,,,0.0,0.0,,0.0,0.0,0.0,,0.0,0.0,9,7.97,38.0,
2022-06-01,,,,,,,,,0.0,,,,,0.0,1,,,
2022-06-02,0.0,0.0,0.15236422358840696,,,0.0,0.0,1.16775,0.0,,0.0,0.0,0.0,0.0,10,7.955,38.0,0.7899192892314278
2022-06-03,0.0,0.0,0.15832836160118186,,,0.0,0.0,1.179,0.0,0.0,0.0,0.0,0.0,0.0,11,7.96,38.0,0.7315720419847328
2022-06-04,,,,,,,,,0.0,,,,,0.0,1,,,
2022-06-05,,,,,,,,,0.0,,,,,0.0,1,,,
2022-06-06,0.0,,0.14799207434487763,,,0.0,0.0,,0.0,,0.0,,0.0,0.0,7,7.965,,
2022-06-07,0.0,0.0,0.14760926306436387,,,0.0,0.0,1.0485,0.0,,0.0,0.0,0.0,0.0,10,7.99,38.1,0.8104530281354315
2022-06-08,0.0,0.0,0.15486529844553854,,,0.0,0.0,1.07775,0.0,0.0,0.0,0.0,0.0,0.0,11,8.004999999999999,38.05,0.8151210855949895
2022-06-09,0.0,0.0,0.14674255068815498,,,0.0,0.0,1.07775,0.0,0.0,0.0,0.0,0.0,0.0,11,7.985,38.05,0.8191174901414985
2022-06-10,0.0,0.0,0.15498226557304368,,,0.0,0.0,,0.0,0.0,0.0,,0.0,0.0,9,7.985,38.05,
2022-06-11,,,,,,,,,0.0,,,,,0.0,1,,,
2022-06-12,,,,,,,,,0.0,,,,,0.0,1,,,
2022-06-13,0.0,0.0,0.15731396251524898,,,0.0,0.0,,0.0,,0.0,,0.0,0.0,8,8.02,38.05,
2022-06-14,0.0,0.0,0.15344880828724627,,,0.0,0.0,1.1933999999999998,0.0,0.0,0.0,0.0,0.0,0.0,11,8.01,38.05,0.8250769335511983
2022-06-15,,,,,,,,,0.0,,,,,0.0,1,,,
2022-06-16,0.0,,0.1699810215364304,,,0.0,0.0,,0.0,,0.0,,0.0,0.0,7,8.045,,
2022-06-17,0.0,0.0,0.17703536241592008,,,0.0,0.0,,0.0,,0.0,,0.0,0.0,8,7.995,38.0,
2022-06-18,,,,,,,,,0.0,,,,,0.0,1,,,
2022-06-19,,,,,,,,,0.0,,,,,0.0,1,,,
2022-06-20,0.0,0.0,0.19205562204365417,,,0.0,0.0,,0.0,,0.0,,0.0,0.0,8,7.955,38.0,
2022-06-21,0.0,0.0,0.17953613747402708,,,0.0,0.0,,0.0,0.0,0.0,,0.0,0.0,9,7.98,38.0,
2022-06-22,0.0,0.0,0.18128376676091035,,,0.0,0.0,1.3203,0.0,0.0,0.0,0.0,0.0,0.0,11,8.0,38.0,0.8574292300992198
2022-06-23,0.0,0.0,0.18013022832608264,,,0.0,0.0,1.2392999999999998,0.0,0.0,0.0,0.0,0.0,0.0,11,8.02,38.0,0.9668887678528203
2022-06-24,0.0,0.0,0.19407100019895973,,,0.0,0.0,1.1798125,0.0,0.0,0.0,0.0,0.0,0.0,11,8.045,38.0,0.9849458600413201
2022-06-25,,,,,,,,,0.0,,,,,0.0,1,,,
2022-06-26,,,,,,,,,0.0,,,,,0.0,1,,,
2022-06-27,0.0,0.0,0.17090990212208249,,,0.0,0.0,,0.0,,0.0,,0.0,0.0,8,8.08,38.6,
2022-06-28,0.0,0.0,0.16993626355434152,,,0.0,0.0,0.800875,0.0,0.0,0.0,0.0,0.0,0.0,11,8.065000000000001,38.6,1.4096707507413764
2022-06-29,0.0,0.0,0.1500646830530401,,,0.0,0.0,0.8088,0.0,0.0,0.0,0.0,0.0,0.0,11,8.07,38.6,1.3622507882047479
2022-06-30,0.0,0.0,0.15512243602131243,,,0.0,0.0,0.78605,0.0,0.0,0.0,0.0,0.0,0.0,11,8.065000000000001,38.6,1.2157714203931047
2022-07-01,0.0,0.0,0.16416258542929082,,,0.0,0.0,0.9604000000000001,0.0,0.0,0.0,0.0,0.0,0.0,11,8.04,38.6,0.9891799640774676
2022-07-02,,,,,,,,,0.0,,,,,0.0,1,,,
2022-07-03,,,,,,,,,0.0,,,,,0.0,1,,,
2022-07-04,0.0,0.0,0.15623370564505062,,,0.0,0.0,,0.0,,0.0,,0.0,0.0,8,8.015,38.95,
2022-07-05,0.0,0.0,0.16616347367843223,,,0.0,0.0,1.036,0.0,0.0,0.0,0.0,0.0,0.0,11,8.035,38.95,0.8923066481660231
2022-07-06,0.0,0.0,0.15671539453114286,,,0.0,0.0,1.0199,0.0,0.0,0.0,0.0,0.0,0.0,11,8.045,38.95,0.8844249436219238
2022-07-07,0.0,0.0,0.17149025716706293,,,0.0,0.0,1.01835,0.0,0.0,0.0,0.0,0.0,0.0,11,8.06,38.95,0.9061686797270092
2022-07-08,0.0,0.0,0.1795331146818069,,,0.0,0.0,0.9207000000000001,0.0,0.0,0.0,0.0,0.0,0.0,11,8.07,38.95,0.9757478684696427
2022-07-09,,,,,,,,,0.0,,,,,0.0,1,,,
2022-07-10,,,,,,,,,0.0,,,,,0.0,1,,,
2022-07-11,0.0,0.0,0.15655196956009965,,,0.0,0.0,,0.0,,0.0,,0.0,0.0,8,8.09,38.8,
2022-07-12,1.0,0.0,0.14302783435166327,,,0.0,0.0,0.8138,0.0,0.0,0.0,0.0,0.0,1.0,11,8.1,38.8,1.0697457145490292
2022-07-13,1.0,0.0,0.15622854946322176,,,0.0,0.0,1.0024000000000002,0.0,0.0,0.0,0.0,0.0,1.0,11,8.1,38.8,0.9256456379688747
2022-07-14,0.0,0.0,0.14911463187325255,,,0.0,0.0,0.9268000000000001,0.0,0.0,0.0,0.0,0.0,0.0,11,8.09,38.8,1.049693906452309
2022-07-15,1.0,0.0,0.14969021065675342,,,0.0,0.0,0.9995999999999999,0.0,0.0,0.0,0.0,0.0,1.0,11,8.1,38.8,1.0063425370148062
2022-07-16,,,,,,,,,0.0,,,,,0.0,1,,,
2022-07-17,,,,,,,,,0.0,,,,,0.0,1,,,
2022-07-18,1.0,0.0,0.14375339489407932,,,0.0,0.0,0.8652,0.0,,0.0,0.0,0.0,1.0,10,8.15,39.05,1.1346682125520111
2022-07-19,1.0,0.0,0.15582438034007276,,,0.0,0.0,0.8883,0.0,0.0,0.0,0.0,0.0,1.0,11,8.129999999999999,39.05,1.0436347517730498
2022-07-20,1.0,0.0,0.15096309729893112,,,0.0,0.0,0.9072,0.0,0.0,0.0,0.0,0.0,1.0,11,8.125,39.05,1.047782600308642
2022-07-21,1.0,0.0,0.14001972494657827,,,0.0,0.0,0.8652,0.0,0.0,0.0,0.0,0.0,1.0,11,8.125,39.05,1.098361650485437
2022-07-22,1.0,0.0,0.15167171607877084,,,0.0,0.0,0.9492,0.0,0.0,0.0,0.0,0.0,1.0,11,8.145,39.05,0.9817826854193005
2022-07-23,,,,,,,,,0.0,,,,,0.0,1,,,
2022-07-24,,,,,,,,,0.0,,,,,0.0,1,,,
2022-07-25,1.0,0.0,0.14045569345246178,,,0.0,0.0,0.8178,0.0,,0.0,0.0,0.0,1.0,10,8.165,39.65000000000001,1.0681481566397653
2022-07-26,1.0,0.0,0.14603693142493288,,,0.0,0.0,1.0110000000000001,0.0,0.0,0.0,0.0,0.0,1.0,11,8.135000000000002,39.7,0.9007112388724036
2022-07-27,1.0,0.0,0.14752926949925796,,,0.0,0.0,0.9171249999999999,0.0,0.0,0.0,0.0,0.0,1.0,11,8.12,39.7,0.9952464222434239
2022-07-28,1.0,0.0,0.14965838255709502,,,0.0,0.0,0.981,0.0,0.0,0.0,0.0,0.0,1.0,11,8.12,39.7,0.9483475407747197
2022-07-29,1.0,0.0,0.14957914743415693,,,0.0,0.0,0.9839999999999999,0.0,0.0,0.0,0.0,0.0,1.0,11,8.13,39.7,0.9487093495934961
2022-07-30,,,,,,,,,0.0,,,,,0.0,1,,,
2022-07-31,,,,,,,,,0.0,,,,,0.0,1,,,
2022-08-01,1.0,0.0,0.16336196516015092,,,0.0,0.0,0.8610000000000001,0.0,,0.0,0.0,0.0,1.0,10,8.1,39.75,1.0592421602787456
2022-08-02,1.0,0.0,0.16993517237637995,,,0.0,0.0,0.8910000000000001,0.0,0.0,0.0,0.0,0.0,1.0,11,8.1,39.75,0.9944534231200899
2022-08-03,0.0,0.0,0.1757008833049871,,,0.0,0.0,0.9,0.0,0.0,0.0,0.0,0.0,0.0,11,8.08,39.75,0.9942694444444443
2022-08-04,,,,,,,,,0.0,,,,,0.0,1,,,
2022-08-05,0.0,0.0,0.17212583103616022,,,0.0,0.0,0.894,0.0,,0.0,0.0,0.0,0.0,10,8.065000000000001,39.75,0.9999519015659953
2022-08-06,,,,,,,,,0.0,,,,,0.0,1,,,
2022-08-07,,,,,,,,,0.0,,,,,0.0,1,,,
2022-08-08,0.0,1.0,0.144423584469295,,,0.0,0.0,0.87,0.0,,0.0,0.0,0.0,1.0,10,8.059999999999999,40.0,1.0103517241379312
2022-08-09,0.0,1.0,0.14370720573850668,,,0.0,0.0,0.942,0.0,0.0,0.0,0.0,0.0,1.0,11,8.05,40.0,0.9322561040339704
2022-08-10,0.0,1.0,0.1718961656484118,,,0.0,0.0,1.062,0.0,0.0,0.0,0.0,0.0,1.0,11,8.04,40.0,0.8141355932203388
2022-08-11,0.0,1.0,0.15588243320688808,,,0.0,0.0,0.915,0.0,0.0,0.0,0.0,0.0,1.0,11,8.035,40.0,0.9581056010928963
2022-08-12,0.0,1.0,0.18466375068343358,,,0.0,0.0,1.13715,0.0,0.0,0.0,0.0,0.0,1.0,11,8.055,40.0,0.7679409048938135
2022-08-13,,,,,,,,,0.0,,,,,0.0,1,,,
2022-08-14,,,,,,,,,0.0,,,,,0.0,1,,,
2022-08-15,,,,,,,,,0.0,,,,,0.0,1,,,
2022-08-16,1.0,1.0,0.16852284457000055,,,0.0,0.0,0.68175,0.0,,0.0,0.0,0.0,1.0,10,8.125,40.0,1.0649490282361571
2022-08-17,1.0,,0.14738678808037298,,,0.0,0.0,0.5838,0.0,,0.0,0.0,0.0,1.0,9,8.11,,1.1611404804727645
2022-08-18,1.0,,0.16102234652341263,,,0.0,0.0,0.729,0.0,,0.0,0.0,0.0,1.0,9,8.105,,0.9267438271604939
2022-08-19,1.0,,0.16837860665340706,,,0.0,0.0,0.7584000000000001,0.0,,0.0,0.0,0.0,1.0,9,8.14,,0.9269254351265821
2022-08-20,,,,,,,,,0.0,,,,,0.0,1,,,
2022-08-21,,,,,,,,,0.0,,,,,0.0,1,,,
2022-08-22,0.0,1.0,0.024751826699178883,,,0.0,0.0,0.81345,0.0,,0.0,0.0,0.0,1.0,10,8.09,40.25,0.9085185014444648
2022-08-23,1.0,1.0,0.17116918237258202,,,0.0,0.0,0.82875,0.0,0.0,0.0,0.0,0.0,1.0,11,8.11,40.25,0.8943162895927603
2022-08-24,1.0,1.0,0.15059531955658959,,,0.0,0.0,0.7599,0.0,0.0,0.0,0.0,0.0,1.0,11,8.115,40.25,0.9783269180155282
2022-08-25,1.0,1.0,0.13601219343217402,,,0.0,0.0,0.752675,0.0,0.0,0.0,0.0,0.0,1.0,11,8.11,40.25,0.9832005845816593
2022-08-26,1.0,1.0,0.13701101664798665,,,0.0,0.0,0.78795,0.0,0.0,0.0,0.0,0.0,1.0,11,8.125,40.25,0.9607991465194491
2022-08-27,,,,,,,,,0.0,,,,,0.0,1,,,
2022-08-28,,,,,,,,,0.0,,,,,0.0,1,,,
2022-08-29,,,,,,,,,0.0,,,,,0.0,1,,,
2022-08-30,0.0,1.0,0.17264598146951088,,,0.0,0.0,0.9129,0.0,,0.0,0.0,0.0,1.0,10,8.094999999999999,40.45,0.9008614716836453
2022-08-31,0.0,1.0,0.1833546178300682,,,0.0,0.0,1.0760999999999998,0.0,0.0,0.0,0.0,0.0,1.0,11,8.09,40.45,0.7475242194034012
2022-09-01,1.0,1.0,0.16512090096058296,,,0.0,0.0,0.9792000000000001,0.0,0.0,0.0,0.0,0.0,1.0,11,8.120000000000001,40.45,0.8180351307189541
2022-09-02,1.0,1.0,0.15975629481856904,,,0.0,0.0,0.8934749999999999,0.0,0.0,0.0,0.0,0.0,1.0,11,8.14,40.45,0.8498827611292986
2022-09-03,,,,,,,,,0.0,,,,,0.0,1,,,
2022-09-04,,,,,,,,,0.0,,,,,0.0,1,,,
2022-09-05,1.0,0.0,0.1299094457869719,,,0.0,0.0,0.8088,0.0,,0.0,0.0,0.0,1.0,10,8.175,39.84999999999999,0.885945072947577
2022-09-06,1.0,0.0,0.1445921112206035,,,0.0,0.0,0.8472000000000001,0.0,0.0,0.0,0.0,0.0,1.0,11,8.195,39.84999999999999,0.8402775318696882
2022-09-07,1.0,0.0,0.13354277042677246,,,0.0,0.0,0.8615999999999999,0.0,0.0,0.0,0.0,0.0,1.0,11,8.190000000000001,39.84999999999999,0.7863640320334263
2022-09-08,0.0,0.0,0.12666560913705585,,,0.0,0.0,0.7223999999999999,0.0,0.0,0.0,0.0,0.0,0.0,11,8.055,39.84999999999999,0.9107142857142857
2022-09-09,,,,,,,,,0.0,,,,,0.0,1,,,
2022-09-10,,,,,,,,,0.0,,,,,0.0,1,,,
2022-09-11,,,,,,,,,0.0,,,,,0.0,1,,,
2022-09-12,0.0,0.0,0.13652742559722408,,,0.0,0.0,0.6936,0.0,,0.0,0.0,0.0,0.0,10,7.655,39.8,0.9464613970588236
2022-09-13,0.0,0.0,0.14278756392564332,,,0.0,0.0,0.7487999999999999,0.0,0.0,0.0,0.0,0.0,0.0,11,7.66,39.8,0.8574532585470086
2022-09-14,0.0,0.0,0.13256919820785576,,,0.0,0.0,0.7296000000000001,0.0,0.0,0.0,0.0,0.0,0.0,11,7.675000000000001,39.65000000000001,0.9524643640350874
2022-09-15,0.0,0.0,0.13885787652115664,,,0.0,0.0,0.6792,0.0,0.0,0.0,0.0,0.0,0.0,11,7.665,39.65000000000001,1.0741215768551238
2022-09-16,0.0,0.0,0.1425577691469446,,,0.0,0.0,0.7512000000000001,0.0,0.0,0.0,0.0,0.0,0.0,11,7.685,39.65000000000001,1.0171904952076678
2022-09-17,,,,,,,,,0.0,,,,,0.0,1,,,
2022-09-18,,,,,,,,,0.0,,,,,0.0,1,,,
2022-09-19,0.0,0.0,0.14785806524058168,,,0.0,0.0,0.78,0.0,,0.0,0.0,0.0,0.0,10,7.755,39.4,1.0839307692307696
2022-09-20,0.0,0.0,0.14589794192275163,,,0.0,0.0,0.7392000000000001,0.0,0.0,0.0,0.0,0.0,0.0,11,7.77,39.4,1.139876217532467
2022-09-21,0.0,0.0,0.14513918030493775,,,0.0,0.0,0.8088,0.0,0.0,0.0,0.0,0.0,0.0,11,7.779999999999999,39.4,1.0151307492581605
2022-09-22,0.0,0.0,0.13856605468530683,,,0.0,0.0,0.7656000000000001,0.0,0.0,0.0,0.0,0.0,0.0,11,7.81,39.3,1.0360829741379312
2022-09-23,0.0,0.0,0.1521271172038747,,,0.0,0.0,0.8472000000000001,0.0,0.0,0.0,0.0,0.0,0.0,11,7.8,39.3,0.8880509324834751
2022-09-24,,,,,,,,,0.0,,,,,0.0,1,,,
2022-09-25,,,,,,,,,0.0,,,,,0.0,1,,,
2022-09-26,0.0,0.0,0.14883019297546535,,,0.0,0.0,0.7464,0.0,,0.0,0.0,0.0,0.0,10,7.79,39.0,0.9921267919346195
2022-09-27,0.0,0.0,0.14048706667040328,,,0.0,0.0,0.7607999999999999,0.0,0.0,0.0,0.0,0.0,0.0,11,7.805,39.0,0.9593796825709779
2022-09-28,0.0,0.0,0.14961832061068703,,,0.0,0.0,0.8064,0.0,0.0,0.0,0.0,0.0,0.0,11,7.815,39.0,0.9297381882440476
2022-09-29,,,,,,,,,0.0,,,,,0.0,1,,,
2022-09-30,,,,,,,,,0.0,,,,,0.0,1,,,
2022-10-01,,,,,,,,,0.0,,,,,0.0,1,,,
2022-10-02,,,,,,,,,0.0,,,,,0.0,1,,,
2022-10-03,,,,,,,,,0.0,,,,,0.0,1,,,
2022-10-04,,,,,,,,,0.0,,,,,0.0,1,,,
2022-10-05,,,,,,,,,0.0,,,,,0.0,1,,,
2022-10-06,0.0,1.0,0.14328705675269002,,,0.0,0.0,0.804,0.0,,0.0,0.0,0.0,1.0,10,7.81,35.7,0.9157182835820894
2022-10-07,0.0,1.0,0.14216174670500156,,,0.0,0.0,0.7896000000000002,0.0,0.0,0.0,0.0,0.0,1.0,11,7.82,35.7,0.9095067914133736
2022-10-08,,,,,,,,,0.0,,,,,0.0,1,,,
2022-10-09,,,,,,,,,0.0,,,,,0.0,1,,,
2022-10-10,0.0,1.0,0.14922061667994083,,,0.0,0.0,0.804,0.0,,0.0,0.0,0.0,1.0,10,7.84,35.55,0.9193032493781094
2022-10-11,0.0,1.0,0.14220826557505747,,,0.0,0.0,0.8351999999999999,0.0,0.0,0.0,0.0,0.0,1.0,11,7.845,35.55,0.9016405501676245
2022-10-12,,,,,,,,,0.0,,,,,0.0,1,,,
2022-10-13,0.0,1.0,0.1624334819502373,,,0.0,0.0,0.8784000000000001,0.0,,0.0,0.0,0.0,1.0,10,7.75,35.55,0.867331369535519
2022-10-14,0.0,1.0,0.1536468827355938,,,0.0,0.0,0.8208,0.0,0.0,0.0,0.0,0.0,1.0,11,7.77,35.5,0.9250310672514623
2022-10-15,,,,,,,,,0.0,,,,,0.0,1,,,
2022-10-16,,,,,,,,,0.0,,,,,0.0,1,,,
2022-10-17,0.0,1.0,0.145906962043502,,,0.0,0.0,0.816,0.0,,0.0,0.0,0.0,1.0,10,7.765,35.25,0.9369592524509804
2022-10-18,0.0,1.0,0.14456158249730772,,,0.0,0.0,0.756,0.0,0.0,0.0,0.0,0.0,1.0,11,7.78,35.25,0.9759046792328041
2022-10-19,0.0,1.0,0.14482154958210977,,,0.0,0.0,0.7415999999999999,0.0,0.0,0.0,0.0,0.0,1.0,11,7.79,35.15,0.9996898597626754
2022-10-20,0.0,1.0,0.14088586030664396,,,0.0,0.0,0.8208,0.0,0.0,0.0,0.0,0.0,1.0,11,7.775,35.15,0.8808543494152045
2022-10-21,0.0,1.0,0.14380300340912291,,,0.0,0.0,0.8015999999999999,0.0,0.0,0.0,0.0,0.0,1.0,11,7.765,35.15,0.9263614957584833
2022-10-22,,,,,,,,,0.0,,,,,0.0,1,,,
2022-10-23,,,,,,,,,0.0,,,,,0.0,1,,,
2022-10-24,,,,,,,,,0.0,,,,,0.0,1,,,
2022-10-25,0.0,1.0,0.15639011929672003,,,0.0,0.0,0.8064,0.0,,0.0,0.0,0.0,1.0,10,8.094999999999999,34.6,0.9148500279017856
2022-10-26,0.0,1.0,0.16636787378988885,,,0.0,0.0,0.8976000000000001,0.0,0.0,0.0,0.0,0.0,1.0,11,8.025,34.6,0.8227579099821747
2022-10-27,0.0,1.0,0.17565236744004897,,,0.0,0.0,0.8976000000000001,0.0,0.0,0.0,0.0,0.0,1.0,11,8.004999999999999,34.75,0.8129303141711229
2022-10-28,0.0,1.0,0.16438928004898004,,,0.0,0.0,0.8136,0.0,0.0,0.0,0.0,0.0,1.0,11,8.030000000000001,34.8,0.8677462051376598
2022-10-29,,,,,,,,,0.0,,,,,0.0,1,,,
2022-10-30,,,,,,,,,0.0,,,,,0.0,1,,,
2022-10-31,0.0,1.0,0.14584249890013198,,,0.0,0.0,0.7680000000000001,0.0,,0.0,0.0,0.0,1.0,10,8.045,34.85,1.0121891276041666
2022-11-01,0.0,1.0,0.140640502700915,,,0.0,0.0,0.8771000000000001,0.0,0.0,0.0,0.0,0.0,1.0,11,8.045,34.85,0.8978682590354574
2022-11-02,0.0,1.0,0.15984361910080983,,,0.0,0.0,0.99,0.0,0.0,0.0,0.0,0.0,1.0,11,8.04,34.75,0.8266977272727274
2022-11-03,0.0,1.0,0.13826384142173617,,,0.0,0.0,0.93585,0.0,0.0,0.0,0.0,0.0,1.0,11,8.059999999999999,34.75,0.9080742106106748
2022-11-04,,,,,,,,,0.0,,,,,0.0,1,,,
2022-11-05,,,,,,,,,0.0,,,,,0.0,1,,,
2022-11-06,,,,,,,,,0.0,,,,,0.0,1,,,
2022-11-07,,,,,,,,,0.0,,,,,0.0,1,,,
2022-11-08,,,,,,,,,0.0,,,,,0.0,1,,,
2022-11-09,,,,,,,,,0.0,,,,,0.0,1,,,
2022-11-10,,,,,,,,,0.0,,,,,0.0,1,,,
2022-11-11,0.0,2.0,0.1666294891813518,,,0.0,0.0,0.82875,0.0,,0.0,0.0,0.0,2.0,10,8.059999999999999,34.0,0.9212160633484163
2022-11-12,,,,,,,,,0.0,,,,,0.0,1,,,
2022-11-13,,,,,,,,,0.0,,,,,0.0,1,,,
2022-11-14,1.0,2.0,0.16502807065589484,,,0.0,0.0,0.8058,0.0,,0.0,0.0,0.0,2.0,10,8.115,33.9,1.0435999937949865
2022-11-15,1.0,2.0,0.16648856007672283,,,0.0,0.0,0.7567,0.0,0.0,0.0,0.0,0.0,2.0,11,8.120000000000001,33.9,1.019727765296683
2022-11-16,0.0,2.0,0.18641163914166947,,,0.0,0.0,0.82175,0.0,0.0,0.0,0.0,0.0,2.0,11,8.09,33.8,0.9823573927593551
2022-11-17,1.0,2.0,0.1693685176431332,,,0.0,0.0,0.8877999999999999,0.0,0.0,0.0,0.0,0.0,2.0,11,8.105,33.7,0.8665353260869565
2022-11-18,,,,,,,,,0.0,,,,,0.0,1,,,
2022-11-19,,,,,,,,,0.0,,,,,0.0,1,,,
2022-11-20,,,,,,,,,0.0,,,,,0.0,1,,,
2022-11-21,1.0,2.0,0.1421910786345294,,,0.0,0.0,0.8465999999999999,0.0,,0.0,0.0,0.0,2.0,10,8.115,33.7,0.9867861150484292
2022-11-22,1.0,2.0,0.14535421084108086,,,0.0,0.0,0.8925,0.0,0.0,0.0,0.0,0.0,2.0,11,8.120000000000001,33.65,0.9568404761904764
2022-11-23,1.0,2.0,0.1530313896397639,,,0.0,0.0,0.92055,0.0,0.0,0.0,0.0,0.0,2.0,11,8.105,33.65,0.9672250285155616
2022-11-24,1.0,2.0,0.15060042770192467,,,0.0,0.0,0.87465,0.0,0.0,0.0,0.0,0.0,2.0,11,8.115,33.7,1.0091665952095121
2022-11-25,1.0,2.0,0.15772102586300185,,,0.0,0.0,0.83895,0.0,0.0,0.0,0.0,0.0,2.0,11,8.129999999999999,33.6,1.0442347577328805
2022-11-26,,,,,,,,,0.0,,,,,0.0,1,,,
2022-11-27,,,,,,,,,0.0,,,,,0.0,1,,,
2022-11-28,1.0,2.0,0.15351238534629538,,,0.0,0.0,0.7701,0.0,,0.0,0.0,0.0,2.0,10,8.105,33.6,1.2188741721854304
2022-11-29,1.0,2.0,0.15898553924274203,,,0.0,0.0,0.73185,0.0,0.0,0.0,0.0,0.0,2.0,11,8.100000000000001,33.6,1.209876511580242
2022-11-30,,,,,,,,,0.0,,,,,0.0,1,,,
2022-12-01,1.0,2.0,0.17330243466607104,,,0.0,0.0,0.7759125,0.0,,0.0,0.0,0.0,2.0,10,8.120000000000001,33.55,1.0952658966056095
2022-12-02,1.0,2.0,0.1674562079982373,,,0.0,0.0,0.7854000000000001,0.0,0.0,0.0,0.0,0.0,2.0,11,8.135,33.5,1.084199134199134
2022-12-03,,,,,,,,,0.0,,,,,0.0,1,,,
2022-12-04,,,,,,,,,0.0,,,,,0.0,1,,,
2022-12-05,1.0,2.0,0.15777789809951812,,,0.0,0.0,0.711425,0.0,,0.0,0.0,0.0,2.0,10,8.215,33.45,1.2129897740450504
2022-12-06,,,,,,,,,0.0,,,,,0.0,1,,,
2022-12-07,1.0,2.0,0.18183761825859213,,,0.0,1.0,0.7175999999999999,0.0,,0.0,0.0,0.0,2.0,10,8.205,33.45,1.2386632525083614
2022-12-08,1.0,2.0,0.18117704280155641,,,0.0,0.0,0.9016000000000002,0.0,0.0,0.0,0.0,0.0,2.0,11,8.184999999999999,33.45,1.0121850737577638
2022-12-09,1.0,2.0,0.18945108186973517,,,0.0,1.0,0.8624,0.0,0.0,0.0,0.0,0.0,2.0,11,8.16,33.35,1.0649379638218923
2022-12-10,,,,,,,,,0.0,,,,,0.0,1,,,
2022-12-11,,,,,,,,,0.0,,,,,0.0,1,,,
2022-12-12,1.0,2.0,0.19598345488189833,,,0.0,1.0,0.9128,0.0,,0.0,0.0,0.0,2.0,10,8.145,33.15,1.0022291986196321
2022-12-13,1.0,2.0,0.20811243649215816,,,0.0,2.0,0.9548000000000001,0.0,0.0,0.0,0.0,0.0,2.0,11,8.145,33.05,0.9768630210515291
2022-12-14,,,,,,,,,0.0,,,,,0.0,1,,,
2022-12-15,,,,,,,,,0.0,,,,,0.0,1,,,
2022-12-16,,,,,,,,,0.0,,,,,0.0,1,,,
2022-12-17,,,,,,,,,0.0,,,,,0.0,1,,,
2022-12-18,,,,,,,,,0.0,,,,,0.0,1,,,
2022-12-19,1.0,2.0,0.18726450640542577,,,0.0,1.0,0.7343999999999999,0.0,,0.0,0.0,0.0,2.0,10,8.22,32.95,1.1308928206699345
2022-12-20,1.0,2.0,0.1668994038347924,,,0.0,0.0,0.93075,0.0,0.0,0.0,0.0,0.0,2.0,11,8.205,32.95,0.8930889067955949
2022-12-21,,,,,,,,,0.0,,,,,0.0,1,,,
2022-12-22,1.0,2.0,0.17806699496726014,,,0.0,0.0,0.84405,0.0,,0.0,0.0,0.0,2.0,10,8.190000000000001,32.95,0.9760014217167231
2022-12-23,1.0,2.0,0.18319588732997752,,,0.0,1.0,0.9945,0.0,0.0,0.0,0.0,0.0,2.0,11,8.225,32.65,0.8179296757164405
2022-12-24,,,,,,,,,0.0,,,,,0.0,1,,,
2022-12-25,,,,,,,,,0.0,,,,,0.0,1,,,
2022-12-26,1.0,2.0,0.19543732498764618,,,0.0,1.0,1.1016000000000001,0.0,,0.0,0.0,0.0,2.0,10,8.120000000000001,32.7,0.7306229575163398
2022-12-27,1.0,2.0,0.1949031263760458,,,0.0,1.0,1.2189,0.0,0.0,0.0,1.0,0.0,2.0,11,8.14,32.7,0.6628314976618263
2022-12-28,0.0,2.0,0.22044719527155124,,,0.0,2.0,1.3625,0.0,0.0,0.0,1.0,0.0,2.0,11,8.094999999999999,32.85,0.622342385321101
2022-12-29,0.0,2.0,0.24500815568929635,,,0.0,3.0,1.14975,0.0,0.0,0.0,0.0,0.0,3.0,11,8.08,32.75,0.7095684931506849
2022-12-30,1.0,2.0,0.2024310554878724,,,0.0,1.0,1.1445,0.0,0.0,0.0,1.0,0.0,2.0,11,8.11,32.75,0.6726620795107033
2022-12-31,,,,,,,,,0.0,,,,,0.0,1,,,
2023-01-01,,,,,,,,,0.0,,,,,0.0,1,,,
2023-01-02,1.0,2.0,0.3366847704115984,,,1.0,2.0,,0.0,,0.0,,0.0,2.0,8,8.115,32.7,
2023-01-03,1.0,2.0,0.3635423690717015,,,1.0,2.0,,0.0,0.0,0.0,,0.0,2.0,9,8.14,32.7,
2023-01-04,1.0,2.0,0.31963262708011275,,,1.0,1.0,1.2744000000000002,0.0,0.0,0.0,0.0,0.0,2.0,11,8.145,32.6,0.73171875
2023-01-05,1.0,2.0,0.3090142235383856,,,1.0,1.0,1.3104,0.0,0.0,0.0,0.0,0.0,2.0,11,8.14,32.6,0.7187557234432234
2023-01-06,,,,,,,,,0.0,,,,,0.0,1,,,
2023-01-07,,,,,,,,,0.0,,,,,0.0,1,,,
2023-01-08,,,,,,,,,0.0,,,,,0.0,1,,,
2023-01-09,1.0,2.0,0.3085569575262129,,,1.0,1.0,1.39995,0.0,,0.0,1.0,0.0,2.0,10,8.17,32.2,0.6783636915604128
2023-01-10,1.0,2.0,0.32824324929470244,,,1.0,1.0,1.4382000000000001,0.0,0.0,0.0,1.0,0.0,2.0,11,8.155000000000001,32.15,0.6374118690029202
2023-01-11,1.0,2.0,0.3280836300556925,,,1.0,1.0,1.3668,0.0,0.0,0.0,1.0,0.0,2.0,11,8.155000000000001,32.15,0.6658116586186714
2023-01-12,1.0,2.0,0.31415362080014647,,,1.0,0.0,1.32345,0.0,0.0,0.0,0.0,0.0,2.0,11,8.16,32.1,0.703090407646681
2023-01-13,1.0,3.0,0.33129483170866286,,,1.0,1.0,1.37445,0.0,0.0,0.0,1.0,0.0,3.0,11,8.155000000000001,32.0,0.6821148459383753
2023-01-14,,,,,,,,,0.0,,,,,0.0,1,,,
2023-01-15,,,,,,,,,0.0,,,,,0.0,1,,,
2023-01-16,1.0,3.0,0.3198159201713218,,,1.0,1.0,1.2469499999999998,0.0,,0.0,0.0,0.0,3.0,10,8.16,32.0,0.7301542764345003
2023-01-17,1.0,3.0,0.3022177785857117,,,1.0,0.0,1.30305,0.0,0.0,0.0,0.0,0.0,3.0,11,8.165,32.0,0.7053611239016155
2023-01-18,1.0,3.0,0.32788448440266993,,,1.0,1.0,1.32855,0.0,0.0,0.0,1.0,0.0,3.0,11,8.15,32.0,0.6998168586052463
2023-01-19,1.0,3.0,0.30450890033432726,,,1.0,0.0,1.27245,0.0,0.0,0.0,0.0,0.0,3.0,11,8.184999999999999,31.95,0.7346976305552282
2023-01-20,1.0,3.0,0.2916535433070866,,,1.0,0.0,1.2393000000000003,0.0,0.0,0.0,0.0,0.0,3.0,11,8.2,31.9,0.746731269668361
2023-01-21,,,,,,,,,0.0,,,,,0.0,1,,,
2023-01-22,,,,,,,,,0.0,,,,,0.0,1,,,
2023-01-23,,,,,,,,,0.0,,,,,0.0,1,,,
2023-01-24,,,,,,,,,0.0,,,,,0.0,1,,,
2023-01-25,0.0,3.0,0.26703165912877885,,,1.0,0.0,1.0684500000000001,0.0,,0.0,0.0,0.0,3.0,10,8.035,31.4,0.7640960620525059
2023-01-26,,,,,,,,,0.0,,,,,0.0,1,,,
2023-01-27,0.0,3.0,0.2716194598663781,,,1.0,0.0,1.1679000000000002,0.0,,0.0,0.0,0.0,3.0,10,8.06,31.2,0.7849523182635497
2023-01-28,,,,,,,,,0.0,,,,,0.0,1,,,
2023-01-29,,,,,,,,,0.0,,,,,0.0,1,,,
2023-01-30,0.0,3.0,0.2887373952563556,,,1.0,0.0,1.3617000000000001,0.0,,0.0,0.0,0.0,3.0,10,7.970000000000001,31.25,0.7377132444738194
2023-01-31,0.0,3.0,0.30851507153771357,,,1.0,0.0,1.39995,0.0,0.0,0.0,0.0,0.0,3.0,11,7.98,31.0,0.7171573091896138
2023-02-01,0.0,3.0,0.3074798619102417,,,1.0,0.0,1.3846500000000002,0.0,0.0,0.0,0.0,0.0,3.0,11,7.975,31.25,0.7258294063481746
2023-02-02,0.0,3.0,0.32465677692803835,,,1.0,1.0,1.38305,0.0,0.0,0.0,0.0,0.0,3.0,11,7.995,31.25,0.7201691912801417
2023-02-03,0.0,3.0,0.313323505021653,,,1.0,0.0,1.428,0.0,0.0,0.0,1.0,0.0,3.0,11,8.004999999999999,31.2,0.6874816176470588
2023-02-04,,,,,,,,,0.0,,,,,0.0,1,,,
2023-02-05,,,,,,,,,0.0,,,,,0.0,1,,,
2023-02-06,0.0,3.0,0.2926953541155218,,,1.0,0.0,1.2163499999999998,0.0,,0.0,0.0,0.0,3.0,10,8.024999999999999,31.15,0.7596446335347556
2023-02-07,,,,,,,,,0.0,,,,,0.0,1,,,
2023-02-08,0.0,3.0,0.3257206517198162,,,1.0,0.0,1.33365,0.0,,0.0,1.0,0.0,3.0,10,7.98,31.0,0.6840748603456679
2023-02-09,0.0,3.0,0.33074253990284525,,,1.0,1.0,1.37955,0.0,0.0,0.0,1.0,0.0,3.0,11,7.965,30.95,0.6883217806531117
2023-02-10,,,,,,,,,0.0,,,,,0.0,1,,,
2023-02-11,,,,,,,,,0.0,,,,,0.0,1,,,
2023-02-12,,,,,,,,,0.0,,,,,0.0,1,,,
2023-02-13,0.0,3.0,0.37009859091522984,,,1.0,2.0,1.2597,0.0,,0.0,1.0,0.0,3.0,10,7.99,30.75,0.6878780662062396
2023-02-14,0.0,3.0,0.39490041286692984,,,1.0,3.0,1.2852000000000001,0.0,0.0,0.0,1.0,0.0,3.0,11,7.99,30.75,0.6765314737005913
2023-02-15,0.0,3.0,0.40363652411845186,,,1.0,3.0,1.43055,0.0,0.0,0.0,1.0,0.0,3.0,11,7.97,30.65,0.6247366397539409
2023-02-16,0.0,3.0,0.3738757247865589,,,1.0,2.0,1.39995,0.0,0.0,0.0,1.0,0.0,3.0,11,7.95,30.7,0.6156300225008036
2023-02-17,0.0,3.0,0.3106517103921387,,,1.0,0.0,1.2903,0.0,0.0,0.0,1.0,0.0,3.0,11,7.995,30.7,0.6914833759590793
2023-02-18,,,,,,,,,0.0,,,,,0.0,1,,,
2023-02-19,,,,,,,,,0.0,,,,,0.0,1,,,
2023-02-20,0.0,3.0,0.2685455745122066,,,1.0,0.0,1.2771,0.0,,0.0,0.0,0.0,3.0,10,8.045,30.5,0.7166116102889359
2023-02-21,0.0,3.0,0.26259112784104444,,,1.0,0.0,1.1904,0.0,0.0,0.0,0.0,0.0,3.0,11,8.055,30.45,0.7111224168346775
2023-02-22,,,,,,,,,0.0,,,,,0.0,1,,,
2023-02-23,0.0,3.0,0.2627191721759126,,,1.0,0.0,1.2505625,0.0,,0.0,1.0,0.0,3.0,10,8.015,30.5,0.687054325553501
2023-02-24,0.0,3.0,0.2766182552659421,,,1.0,0.0,1.16775,0.0,0.0,0.0,0.0,0.0,3.0,11,8.024999999999999,30.5,0.7011258831085422
2023-02-25,,,,,,,,,0.0,,,,,0.0,1,,,
2023-02-26,,,,,,,,,0.0,,,,,0.0,1,,,
2023-02-27,0.0,3.0,0.28311313956281525,,,1.0,0.0,0.9494999999999999,0.0,,0.0,1.0,0.0,3.0,10,7.985,29.95,0.655090047393365
2023-02-28,0.0,3.0,0.27156688020808245,,,1.0,0.0,1.0845,0.0,0.0,0.0,2.0,0.0,3.0,11,7.98,30.05,0.5830102581834947
2023-03-01,,,,,,,,,0.0,,,,,0.0,1,,,
2023-03-02,0.0,3.0,0.2488188217143959,,,1.0,0.0,0.6833999999999999,0.0,,0.0,0.0,0.0,3.0,10,8.015,30.0,0.7002619256657889
2023-03-03,0.0,3.0,0.2623842703063854,,,1.0,0.0,0.85725,0.0,0.0,0.0,1.0,0.0,3.0,11,8.015,30.0,0.6558906386701662
2023-03-04,,,,,,,,,0.0,,,,,0.0,1,,,
2023-03-05,,,,,,,,,0.0,,,,,0.0,1,,,
2023-03-06,0.0,3.0,0.262786097767731,,,1.0,0.0,0.96975,0.0,,0.0,1.0,0.0,3.0,10,8.03,29.95,0.6776194895591648
2023-03-07,0.0,3.0,0.2509680195038004,,,1.0,0.0,1.13625,0.0,0.0,0.0,1.0,0.0,3.0,11,8.04,29.8,0.6584958195819582
2023-03-08,,,,,,,,,0.0,,,,,0.0,1,,,
2023-03-09,0.0,3.0,0.25692695214105793,,,1.0,0.0,1.02375,0.0,,0.0,0.0,0.0,3.0,10,8.02,29.75,0.7869047619047619
2023-03-10,0.0,3.0,0.25224096385542166,,,1.0,0.0,1.0035,0.0,0.0,0.0,1.0,0.0,3.0,11,8.035,29.7,0.630957585949178
2023-03-11,,,,,,,,,0.0,,,,,0.0,1,,,
2023-03-12,,,,,,,,,0.0,,,,,0.0,1,,,
2023-03-13,0.0,3.0,0.24352306884870462,,,1.0,0.0,0.7786375,0.0,,0.0,0.0,0.0,3.0,10,8.035,29.65,0.8718399126679618
2023-03-14,,,,,,,,,0.0,,,,,0.0,1,,,
2023-03-15,0.0,3.0,0.23632631115890318,,,1.0,0.0,1.007025,0.0,,0.0,0.0,0.0,3.0,10,8.035,29.5,0.7408723715895832
2023-03-16,,,,,,,,,0.0,,,,,0.0,1,,,
2023-03-17,0.0,3.0,0.25404145832321956,,,1.0,0.0,1.0248,0.0,,0.0,1.0,0.0,3.0,10,8.045,29.5,0.6595935792349729
2023-03-18,,,,,,,,,0.0,,,,,0.0,1,,,
2023-03-19,,,,,,,,,0.0,,,,,0.0,1,,,
2023-03-20,0.0,3.0,0.2528502415458937,,,1.0,0.0,0.609,0.0,,0.0,0.0,0.0,3.0,10,8.045,29.5,1.0755638341543516
2023-03-21,0.0,3.0,0.2618051110345167,,,1.0,0.0,0.7182,0.0,0.0,0.0,0.0,0.0,3.0,11,8.035,29.5,0.8745822890559733
2023-03-22,0.0,3.0,0.2553009747764044,,,1.0,0.0,0.6573000000000001,0.0,0.0,0.0,0.0,0.0,3.0,11,8.085,29.45,0.9490634984025559
2023-03-23,,,,,,,,,0.0,,,,,0.0,1,,,
2023-03-24,,,,,,,,,0.0,,,,,0.0,1,,,
2023-03-25,,,,,,,,,0.0,,,,,0.0,1,,,
2023-03-26,,,,,,,,,0.0,,,,,0.0,1,,,
2023-03-27,1.0,3.0,0.2127473806752037,,,1.0,0.0,0.6459749999999999,0.0,,0.0,0.0,0.0,3.0,10,8.16,29.35,1.0049159216687955
2023-03-28,0.0,3.0,0.2537038830250799,,,1.0,0.0,0.7602,0.0,0.0,0.0,0.0,0.0,3.0,11,8.024999999999999,29.35,0.90595501183899
2023-03-29,0.0,3.0,0.2474703671581382,,,1.0,0.0,0.7245,0.0,0.0,0.0,0.0,0.0,3.0,11,8.015,29.35,0.9567492236024847
2023-03-30,0.0,3.0,0.2483720930232558,,,1.0,0.0,0.7434000000000001,0.0,0.0,0.0,0.0,0.0,3.0,11,7.985,29.35,0.9455673258003764
2023-03-31,,,,,,,,,0.0,,,,,0.0,1,,,
2023-04-01,,,,,,,,,0.0,,,,,0.0,1,,,
2023-04-02,,,,,,,,,0.0,,,,,0.0,1,,,
2023-04-03,0.0,3.0,0.2438532651455547,,,1.0,0.0,0.567,0.0,,0.0,0.0,0.0,3.0,10,7.945,29.1,1.140914131393298
2023-04-04,0.0,3.0,0.23063090064438782,,,1.0,0.0,0.6804000000000001,0.0,0.0,0.0,0.0,0.0,3.0,11,7.945,29.1,0.9344606114050558
2023-04-05,,,,,,,,,0.0,,,,,0.0,1,,,
2023-04-06,0.0,3.0,0.2393558127830901,,,1.0,0.0,0.5838,0.0,,0.0,0.0,0.0,3.0,10,7.935,29.1,1.049445978931141
2023-04-07,0.0,3.0,0.22421843280552173,,,1.0,0.0,0.5985,0.0,0.0,0.0,0.0,0.0,3.0,11,7.94,28.9,1.0314108187134503
2023-04-08,,,,,,,,,0.0,,,,,0.0,1,,,
2023-04-09,,,,,,,,,0.0,,,,,0.0,1,,,
2023-04-10,0.0,3.0,0.21962756423023302,,,1.0,0.0,0.5754000000000001,0.0,,0.0,0.0,0.0,3.0,10,8.04,28.75,1.1073183872088979
2023-04-11,0.0,3.0,0.23193748156885874,,,1.0,0.0,0.6069000000000001,0.0,0.0,0.0,0.0,0.0,3.0,11,8.04,28.75,1.026892507002801
2023-04-12,0.0,3.0,0.2191700186402433,,,1.0,0.0,0.5901000000000001,0.0,0.0,0.0,0.0,0.0,3.0,11,8.055,28.75,1.006106168446026
2023-04-13,,,,,,,,,0.0,,,,,0.0,1,,,
2023-04-14,,,,,,,,,0.0,,,,,0.0,1,,,
2023-04-15,,,,,,,,,0.0,,,,,0.0,1,,,
2023-04-16,,,,,,,,,0.0,,,,,0.0,1,,,
2023-04-17,0.0,3.0,0.22696809042712815,,,1.0,0.0,0.5859000000000001,0.0,,0.0,0.0,0.0,3.0,10,8.004999999999999,28.6,1.0594786866359447
2023-04-18,0.0,3.0,0.2550576951895699,,,1.0,0.0,0.6237,0.0,0.0,0.0,0.0,0.0,3.0,11,7.995,28.6,0.9963994107744105
2023-04-19,0.0,3.0,0.23465668407053492,,,1.0,0.0,0.6257999999999999,0.0,0.0,0.0,0.0,0.0,3.0,11,8.01,28.6,0.9926336289549379
2023-04-20,0.0,3.0,0.25638595090800237,,,1.0,0.0,0.6909000000000001,0.0,0.0,0.0,0.0,0.0,3.0,11,7.995,28.6,0.9500086843247938
2023-04-21,,,,,,,,,0.0,,,,,0.0,1,,,
2023-04-22,,,,,,,,,0.0,,,,,0.0,1,,,
2023-04-23,,,,,,,,,0.0,,,,,0.0,1,,,
2023-04-24,0.0,3.0,0.23488466619246012,,,1.0,0.0,0.6867000000000001,0.0,,0.0,0.0,0.0,3.0,10,7.965,28.55,1.035703363914373
2023-04-25,0.0,3.0,0.2696830775363763,,,1.0,0.0,0.6993,0.0,0.0,0.0,0.0,0.0,3.0,11,7.98,28.55,0.9778975403975403
2023-04-26,0.0,3.0,0.24804795728174903,,,1.0,0.0,0.6867000000000001,0.0,0.0,0.0,0.0,0.0,3.0,11,8.004999999999999,28.55,0.9990851172273193
2023-04-27,0.0,3.0,0.2618110236220472,,,1.0,0.0,0.63,0.0,0.0,0.0,0.0,0.0,3.0,11,8.024999999999999,28.55,1.0983104166666666
2023-04-28,,,,,,,,,0.0,,,,,0.0,1,,,
2023-04-29,,,,,,,,,0.0,,,,,0.0,1,,,
2023-04-30,,,,,,,,,0.0,,,,,0.0,1,,,
2023-05-01,0.0,3.0,0.23140371925614878,,,1.0,0.0,0.6826749999999999,0.0,,0.0,0.0,0.0,3.0,10,7.925000000000001,28.55,1.0662205661551982
2023-05-02,0.0,3.0,0.2337936228973136,,,1.0,0.0,0.7014,0.0,0.0,0.0,0.0,0.0,3.0,11,7.96,28.55,0.9995926896207586
2023-05-03,0.0,3.0,0.22073079791200598,,,1.0,0.0,0.6678,0.0,0.0,0.0,0.0,0.0,3.0,11,7.970000000000001,28.55,1.0459311358191077
2023-05-04,0.0,3.0,0.22452068617558021,,,1.0,0.0,0.6510000000000001,0.0,0.0,0.0,0.0,0.0,3.0,11,7.985,28.55,1.092764976958525
2023-05-05,,,,,,,,,0.0,,,,,0.0,1,,,
2023-05-06,,,,,,,,,0.0,,,,,0.0,1,,,
2023-05-07,,,,,,,,,0.0,,,,,0.0,1,,,
2023-05-08,0.0,3.0,0.21896049060018097,,,1.0,0.0,0.6048,0.0,,0.0,0.0,0.0,3.0,10,8.0,28.5,1.0736830357142857
2023-05-09,0.0,3.0,0.2203784426391916,,,1.0,0.0,0.6698999999999999,0.0,0.0,0.0,0.0,0.0,3.0,11,8.015,28.5,0.9865302657113004
2023-05-10,0.0,3.0,0.23982536257339288,,,1.0,0.0,0.6993,0.0,0.0,0.0,0.0,0.0,3.0,11,8.01,28.5,0.9675322644072643
2023-05-11,0.0,3.0,0.24688193246241064,,,1.0,0.0,0.6657,0.0,0.0,0.0,0.0,0.0,3.0,11,8.03,28.5,1.0287868972510141
2023-05-12,,,,,,,,,0.0,,,,,0.0,1,,,
2023-05-13,,,,,,,,,0.0,,,,,0.0,1,,,
2023-05-14,,,,,,,,,0.0,,,,,0.0,1,,,
2023-05-15,0.0,3.0,0.2314522494080505,,,1.0,0.0,0.6551999999999999,0.0,,0.0,0.0,0.0,3.0,10,8.004999999999999,32.0,1.0947330013736265
2023-05-16,0.0,3.0,0.25253869663807554,,,1.0,0.0,0.6888,0.0,0.0,0.0,0.0,0.0,3.0,11,7.99,32.0,1.0037701437282232
2023-05-17,0.0,3.0,0.2672772689425479,,,1.0,0.0,0.7119,0.0,0.0,0.0,0.0,0.0,3.0,11,7.984999999999999,32.0,0.9885714285714284
2023-05-18,,,,,,,,,0.0,,,,,0.0,1,,,
2023-05-19,0.0,3.0,0.25135161702545955,,,1.0,0.0,0.6972,0.0,,0.0,0.0,0.0,3.0,10,7.975,32.0,0.9844771944922548
2023-05-20,,,,,,,,,0.0,,,,,0.0,1,,,
2023-05-21,,,,,,,,,0.0,,,,,0.0,1,,,
2023-05-22,0.0,3.0,0.24775522154987312,,,1.0,0.0,0.6698999999999999,0.0,,0.0,0.0,0.0,3.0,10,8.024999999999999,32.0,1.055985221674877
2023-05-23,0.0,3.0,0.24301944925861738,,,1.0,0.0,0.6384000000000001,0.0,0.0,0.0,0.0,0.0,3.0,11,8.04,32.0,1.060112781954887
2023-05-24,0.0,3.0,0.22254658687296258,,,1.0,0.0,0.63,0.0,0.0,0.0,0.0,0.0,3.0,11,8.06,32.0,1.0688035714285715
2023-05-25,0.0,3.0,0.23754350832022122,,,1.0,0.0,0.6825,0.0,0.0,0.0,0.0,0.0,3.0,11,8.07,32.0,0.9532049450549448
2023-05-26,0.0,3.0,0.267831290415983,,,1.0,0.0,0.5922000000000001,0.0,0.0,0.0,0.0,0.0,3.0,11,8.065000000000001,32.0,1.075895178993583
2023-05-27,,,,,,,,,0.0,,,,,0.0,1,,,
2023-05-28,,,,,,,,,0.0,,,,,0.0,1,,,
2023-05-29,0.0,2.0,0.2577492596248766,,,1.0,0.0,0.56975,0.0,,0.0,0.0,0.0,2.0,10,7.995,32.8,1.115383940324704
2023-05-30,0.0,2.0,0.2638302005925494,,,1.0,0.0,0.60975,0.0,0.0,0.0,0.0,0.0,2.0,11,8.024999999999999,32.8,1.0527608651086509
2023-05-31,0.0,2.0,0.2641994470582529,,,1.0,0.0,0.61875,0.0,0.0,0.0,0.0,0.0,2.0,11,8.01,32.8,1.0153527272727272
2023-06-01,0.0,2.0,0.26174659360907726,,,1.0,0.0,0.6255,0.0,0.0,0.0,0.0,0.0,2.0,11,8.024999999999999,32.8,0.993984412470024
2023-06-02,0.0,2.0,0.27922997996775295,,,1.0,0.0,0.7605,0.0,0.0,0.0,0.0,0.0,2.0,11,8.03,32.8,0.7752583826429978
2023-06-03,,,,,,,,,0.0,,,,,0.0,1,,,
2023-06-04,,,,,,,,,0.0,,,,,0.0,1,,,
2023-06-05,1.0,2.0,0.25184087214306206,,,1.0,0.0,0.46575,0.0,,0.0,0.0,0.0,2.0,10,8.1,32.8,1.2408486312399354
2023-06-06,0.0,2.0,0.2409591578126523,,,1.0,0.0,0.675,0.0,0.0,0.0,0.0,0.0,2.0,11,8.08,32.8,0.8566094444444445
2023-06-07,0.0,0.0,1.0,,,3.0,0.0,0.6021749999999999,0.0,3.0,0.0,0.0,0.0,3.0,11,8.04,36.8,1.0305575621704655
2023-06-08,0.0,0.0,1.0,,,3.0,0.0,0.6503999999999999,0.0,0.0,0.0,0.0,0.0,3.0,11,8.05,36.8,0.9901860393603938
2023-06-09,0.0,0.0,1.0,,,3.0,0.0,0.6615,0.0,0.0,0.0,0.0,0.0,3.0,11,8.07,36.8,1.0163266250944825
2023-06-10,,,,,,,,,0.0,,,,,0.0,1,,,
2023-06-11,,,,,,,,,0.0,,,,,0.0,1,,,
2023-06-12,,,,,,,,,0.0,,,,,0.0,1,,,
2023-06-13,0.0,0.0,1.0,,,3.0,0.0,0.7607999999999999,0.0,,0.0,0.0,0.0,3.0,10,8.0,36.8,0.8837381703470033
2023-06-14,0.0,0.0,1.0,,,3.0,0.0,0.6288,0.0,0.0,0.0,0.0,0.0,3.0,11,8.02,36.8,1.0794388120229006
2023-06-15,0.0,0.0,1.0,,,3.0,0.0,0.6296624999999999,0.0,0.0,0.0,0.0,0.0,3.0,11,8.03,36.5,1.0608057888154372
2023-06-16,0.0,2.0,0.2829385640266469,,,1.0,0.0,0.7584000000000001,0.0,3.0,0.0,0.0,0.0,3.0,11,8.07,33.1,0.9232759757383965
2023-06-17,,,,,,,,,0.0,,,,,0.0,1,,,
2023-06-18,,,,,,,,,0.0,,,,,0.0,1,,,
2023-06-19,0.0,2.0,0.289654844988843,,,1.0,0.0,0.7248000000000001,0.0,,0.0,0.0,0.0,2.0,10,8.01,33.1,0.970250155215232
2023-06-20,0.0,2.0,0.2979320669972864,,,1.0,0.0,1.0728,0.0,0.0,0.0,1.0,0.0,2.0,11,8.04,33.1,0.6841680648769576
2023-06-21,0.0,2.0,0.2584226828687157,,,1.0,0.0,0.8807999999999999,0.0,0.0,0.0,0.0,0.0,2.0,11,8.04,33.1,0.9084287011807449
2023-06-22,0.0,2.0,0.2513812154696133,,,1.0,0.0,0.7536,0.0,0.0,0.0,0.0,0.0,2.0,11,8.035,33.1,1.0595934514331211
2023-06-23,,,,,,,,,0.0,,,,,0.0,1,,,
2023-06-24,,,,,,,,,0.0,,,,,0.0,1,,,
2023-06-25,,,,,,,,,0.0,,,,,0.0,1,,,
2023-06-26,0.0,2.0,0.2798884793497779,,,1.0,0.0,0.6456000000000001,0.0,,0.0,0.0,0.0,2.0,10,8.04,33.1,1.1872324194547708
2023-06-27,0.0,2.0,0.29828032979976443,,,1.0,0.0,0.6672,0.0,0.0,0.0,0.0,0.0,2.0,11,8.02,33.1,1.1593502697841727
2023-06-28,0.0,2.0,0.3107786942541591,,,1.0,0.0,1.1496000000000002,0.0,0.0,0.0,0.0,0.0,2.0,11,8.01,33.1,0.7062544037056365
2023-06-29,0.0,2.0,0.3190703329592218,,,1.0,0.0,0.81675,0.0,0.0,0.0,0.0,0.0,2.0,11,7.99,33.1,1.0301232782369145
2023-06-30,0.0,2.0,0.3221725840583118,,,1.0,0.0,0.8427,0.0,0.0,0.0,0.0,0.0,2.0,11,7.98,33.1,1.02813953660852
2023-07-01,,,,,,,,,0.0,,,,,0.0,1,,,
2023-07-02,,,,,,,,,0.0,,,,,0.0,1,,,
2023-07-03,0.0,2.0,0.3034346769385977,,,0.0,0.0,0.7263,0.0,,0.0,0.0,0.0,2.0,10,8.02,33.1,1.1641228658956355
2023-07-04,0.0,2.0,0.3339661958786756,,,0.0,1.0,0.8073,0.0,0.0,0.0,0.0,0.0,2.0,11,7.905,33.1,1.1007644308187783
2023-07-05,0.0,2.0,0.3780866342367385,,,0.0,2.0,2.7292875,0.0,0.0,0.0,3.0,0.0,3.0,11,7.93,33.1,0.34671995438369907
2023-07-06,0.0,2.0,0.4535961832748222,,,0.0,3.0,1.1935,0.0,0.0,0.0,0.0,0.0,3.0,11,7.965,33.1,0.791509426057813
2023-07-07,0.0,2.0,0.35951845606145777,,,0.0,1.0,1.0854,0.0,0.0,0.0,0.0,0.0,2.0,11,7.95,33.1,0.8966049382716051
2023-07-08,,,,,,,,,0.0,,,,,0.0,1,,,
2023-07-09,,,,,,,,,0.0,,,,,0.0,1,,,
2023-07-10,0.0,2.0,0.305771649508548,,,0.0,0.0,1.1151,0.0,,0.0,0.0,0.0,2.0,10,7.94,33.1,0.8301375437180523
2023-07-11,0.0,2.0,0.3113925246893163,,,0.0,0.0,1.0584,0.0,0.0,0.0,0.0,0.0,2.0,11,7.9,33.1,0.8722184429327285
2023-07-12,,,,,,,,,0.0,,,,,0.0,1,,,
2023-07-13,0.0,2.0,0.31985127414527975,,,0.0,0.0,0.9531,0.0,,0.0,0.0,0.0,2.0,10,7.895,33.1,0.9518672620921204
2023-07-14,0.0,2.0,0.30896416122977927,,,0.0,0.0,1.106,0.0,0.0,0.0,0.0,0.0,2.0,11,7.92,33.1,0.832985759493671
2023-07-15,,,,,,,,,0.0,,,,,0.0,1,,,
2023-07-16,,,,,,,,,0.0,,,,,0.0,1,,,
2023-07-17,0.0,2.0,0.3499624554158063,,,0.0,1.0,1.1508000000000003,0.0,,0.0,0.0,0.0,2.0,10,7.835,33.1,0.7949374348279459
2023-07-18,0.0,2.0,0.3903105232892467,,,0.0,1.0,1.353,0.0,0.0,0.0,1.0,0.0,2.0,11,7.835,33.1,0.659971729490022
2023-07-19,0.0,2.0,0.3624299065420561,,,0.0,1.0,1.1718,0.0,0.0,0.0,0.0,0.0,2.0,11,7.875,33.1,0.7616429851510498
2023-07-20,0.0,2.0,0.38046366718592506,,,0.0,2.0,1.0341,0.0,0.0,0.0,0.0,0.0,2.0,11,7.859999999999999,33.1,0.8640424040228218
2023-07-21,0.0,2.0,0.40583098725962685,,,0.0,2.0,0.4833,0.0,0.0,0.0,0.0,0.0,2.0,11,7.845,33.1,1.881871767018415
2023-07-22,,,,,,,,,0.0,,,,,0.0,1,,,
2023-07-23,,,,,,,,,0.0,,,,,0.0,1,,,
2023-07-24,0.0,2.0,0.3155218726016884,,,0.0,0.0,0.8883,0.0,,0.0,0.0,0.0,2.0,10,7.855,33.1,1.0777461161769673
2023-07-25,0.0,2.0,0.3588263358778626,,,0.0,1.0,0.945,0.0,0.0,0.0,0.0,0.0,2.0,11,7.86,33.1,0.9966521164021164
2023-07-26,,,,,,,,,0.0,,,,,0.0,1,,,
2023-07-27,0.0,2.0,0.3155276503260082,,,0.0,0.0,0.8235,0.0,,0.0,0.0,0.0,2.0,10,7.92,33.1,1.1854910443230116
2023-07-28,0.0,2.0,0.28800769045902425,,,0.0,0.0,0.7992,0.0,0.0,0.0,0.0,0.0,2.0,11,7.95,33.1,1.25004786036036
2023-07-29,,,,,,,,,0.0,,,,,0.0,1,,,
2023-07-30,,,,,,,,,0.0,,,,,0.0,1,,,
2023-07-31,0.0,2.0,0.26808670357511494,,,0.0,0.0,0.7587,0.0,,0.0,0.0,0.0,2.0,10,8.004999999999999,33.1,1.384276393831554
2023-08-01,0.0,2.0,0.29215123122557557,,,0.0,0.0,1.0206,0.0,0.0,0.0,0.0,0.0,2.0,11,8.01,33.1,1.0429467960023513
2023-08-02,0.0,2.0,0.26916895149853454,,,0.0,0.0,1.0827,0.0,0.0,0.0,0.0,0.0,2.0,11,8.024999999999999,33.1,0.9816996859702595
2023-08-03,0.0,2.0,0.3224292419286019,,,0.0,0.0,1.2798,0.0,0.0,0.0,0.0,0.0,2.0,11,7.98,33.1,0.8202524808563837
2023-08-04,0.0,2.0,0.3505239933811362,,,0.0,1.0,1.4472,0.0,0.0,0.0,0.0,0.0,2.0,11,7.99,33.1,0.7090533443891651
2023-08-05,,,,,,,,,0.0,,,,,0.0,1,,,
2023-08-06,,,,,,,,,0.0,,,,,0.0,1,,,
2023-08-07,0.0,2.0,0.2720754716981132,,,0.0,0.0,1.3014000000000001,0.0,,0.0,0.0,0.0,2.0,10,8.02,33.1,0.7147198209620408
2023-08-08,0.0,2.0,0.3402647368662117,,,0.0,0.0,1.3311,0.0,0.0,0.0,1.0,0.0,2.0,11,8.01,33.1,0.6689410074374577
2023-08-09,0.0,2.0,0.33139561921592336,,,0.0,0.0,1.3446,0.0,0.0,0.0,1.0,0.0,2.0,11,8.0,33.1,0.6871498958798157
2023-08-10,,,,,,,,,0.0,,,,,0.0,1,,,
2023-08-11,0.0,2.0,0.3219316843345112,,,0.0,0.0,1.532775,0.0,,0.0,1.0,0.0,2.0,10,7.945,33.1,0.6636129324264812
2023-08-12,,,,,,,,,0.0,,,,,0.0,1,,,
2023-08-13,,,,,,,,,0.0,,,,,0.0,1,,,
2023-08-14,0.0,2.0,0.3753748212391014,,,0.0,1.0,1.4256,0.0,,0.0,1.0,0.0,2.0,10,8.004999999999999,33.1,0.6445479973344557
2023-08-15,,,,,,,,,0.0,,,,,0.0,1,,,
2023-08-16,0.0,2.0,0.32596529182147393,,,0.0,0.0,1.2230999999999999,0.0,,0.0,0.0,0.0,2.0,10,7.995,33.1,0.7455974061810154
2023-08-17,0.0,2.0,0.35474574695547084,,,0.0,0.0,1.485,0.0,0.0,0.0,1.0,0.0,2.0,11,8.0,33.1,0.6332624579124579
2023-08-18,0.0,2.0,0.3285519446926586,,,0.0,0.0,1.4067,0.0,0.0,0.0,1.0,0.0,2.0,11,7.99,33.1,0.6648228122556337
2023-08-19,,,,,,,,,0.0,,,,,0.0,1,,,
2023-08-20,,,,,,,,,0.0,,,,,0.0,1,,,
2023-08-21,0.0,2.0,0.2716637781629116,,,0.0,0.0,1.2663,0.0,,0.0,0.0,0.0,2.0,10,8.02,33.1,0.700451561636263
2023-08-22,0.0,2.0,0.30552465702632553,,,0.0,0.0,1.492825,0.0,0.0,0.0,1.0,0.0,2.0,11,8.004999999999999,33.1,0.6182686349706094
2023-08-23,0.0,2.0,0.330191775683406,,,0.0,0.0,1.4229,0.0,0.0,1.0,1.0,0.0,2.0,11,7.99,33.1,0.6322376396795276
2023-08-24,0.0,2.0,0.31941770368631134,,,0.0,0.0,1.4229,0.0,0.0,0.0,1.0,0.0,2.0,11,8.015,33.1,0.6535378452456252
2023-08-25,0.0,2.0,0.30009407337723426,,,0.0,0.0,1.32855,0.0,0.0,0.0,0.0,0.0,2.0,11,8.02,33.1,0.7009019701930675
2023-08-26,,,,,,,,,0.0,,,,,0.0,1,,,
2023-08-27,,,,,,,,,0.0,,,,,0.0,1,,,
2023-08-28,,,,,,,,,0.0,,,,,0.0,1,,,
2023-08-29,0.0,2.0,0.25568370591864825,,,0.0,0.0,1.1472,0.0,,0.0,1.0,0.0,2.0,10,8.08,33.1,0.6922545109832635
2023-08-30,0.0,2.0,0.2861542704789924,,,0.0,0.0,1.3224,0.0,0.0,0.0,1.0,0.0,2.0,11,8.065000000000001,33.1,0.6268025465063521
2023-08-31,0.0,2.0,0.30064114476863035,,,0.0,0.0,1.3872,0.0,0.0,0.0,1.0,0.0,2.0,11,8.085,33.1,0.609751027249135
2023-09-01,0.0,2.0,0.2794110617142311,,,0.0,0.0,1.3032000000000001,0.0,0.0,1.0,1.0,0.0,2.0,11,8.05,33.1,0.640716937154696
2023-09-02,,,,,,,,,0.0,,,,,0.0,1,,,
2023-09-03,,,,,,,,,0.0,,,,,0.0,1,,,
2023-09-04,0.0,2.0,0.2640584446794194,,,0.0,0.0,1.2012,0.0,,0.0,1.0,0.0,2.0,10,8.065000000000001,33.1,0.6090901286213786
2023-09-05,0.0,2.0,0.2882700908959746,,,0.0,0.0,1.336875,0.0,0.0,0.0,1.0,0.0,2.0,11,8.07,33.1,0.633495652173913
2023-09-06,0.0,2.0,0.32280327944786696,,,0.0,0.0,1.3095,0.0,0.0,0.0,1.0,0.0,2.0,11,8.08,33.1,0.6118350515463917
2023-09-07,,,,,,,,,0.0,,,,,0.0,1,,,
2023-09-08,0.0,2.0,0.30741190765492105,,,0.0,0.0,1.224,0.0,,1.0,1.0,0.0,2.0,10,8.085,33.1,0.6542447916666666
2023-09-09,,,,,,,,,0.0,,,,,0.0,1,,,
2023-09-10,,,,,,,,,0.0,,,,,0.0,1,,,
2023-09-11,,,,,,,,,0.0,,,,,0.0,1,,,
2023-09-12,1.0,2.0,0.26112494713594286,,,0.0,0.0,1.05075,0.0,,0.0,1.0,0.0,2.0,10,8.14,33.1,0.6435246252676661
2023-09-13,1.0,2.0,0.23761112161906564,,,0.0,0.0,1.12275,0.0,0.0,0.0,1.0,0.0,2.0,11,8.14,33.1,0.6241382765531063
2023-09-14,0.0,2.0,0.2611520138588133,,,0.0,0.0,1.1025000000000003,0.0,0.0,0.0,1.0,0.0,2.0,11,8.065000000000001,33.1,0.6566096938775509
2023-09-15,0.0,2.0,0.23140417004628083,,,0.0,0.0,1.0192500000000002,0.0,0.0,0.0,0.0,0.0,2.0,11,8.09,33.1,0.7050401030169242
2023-09-16,,,,,,,,,0.0,,,,,0.0,1,,,
2023-09-17,,,,,,,,,0.0,,,,,0.0,1,,,
2023-09-18,,,,,,,,,,,,,,,0,,,
2023-09-19,,,,,,,,,,,,,,,0,,,
2023-09-20,,,,,,,,,,,,,,,0,,,
2023-09-21,,,,,,,,,,,,,,,0,,,
2023-09-22,,,,,,,,,,,,,,,0,,,
2023-09-23,,,,,,,,,,,,,,,0,,,
2023-09-24,,,,,,,,,,,,,,,0,,,
2023-09-25,,,,,,,,,,,,,,,0,,,
2023-09-26,,,,,,,,,,,,,,,0,,,
2023-09-27,,,,,,,,,,,,,,,0,,,
2023-09-28,,,,,,,,,,,,,,,0,,,
2023-09-29,,,,,,,,,,,,,,,0,,,
2023-09-30,,,,,,,,,,,,,,,0,,,
2023-10-01,,,,,,,,,,,,,,,0,,,
2023-10-02,,,,,,,,,,,,,,,0,,,
2023-10-03,,,,,,,,,,,,,,,0,,,
2023-10-04,,,,,,,,,,,,,,,0,,,
2023-10-05,,,,,,,,,,,,,,,0,,,
2023-10-06,,,,,,,,,,,,,,,0,,,
2023-10-07,,,,,,,,,,,,,,,0,,,
2023-10-08,,,,,,,,,,,,,,,0,,,
2023-10-09,,,,,,,,,,,,,,,0,,,
2023-10-10,,,,,,,,,,,,,,,0,,,
2023-10-11,,,,,,,,,,,,,,,0,,,
2023-10-12,,,,,,,,,,,,,,,0,,,
2023-10-13,,,,,,,,,,,,,,,0,,,
2023-10-14,,,,,,,,,,,,,,,0,,,
2023-10-15,,,,,,,,,,,,,,,0,,,
2023-10-16,,,,,,,,,,,,,,,0,,,
2023-10-17,,,,,,,,,,,,,,,0,,,
2023-10-18,,,,,,,,,,,,,,,0,,,
2023-10-19,,,,,,,,,,,,,,,0,,,
2023-10-20,,,,,,,,,,,,,,,0,,,
2023-10-21,,,,,,,,,,,,,,,0,,,
2023-10-22,,,,,,,,,,,,,,,0,,,
2023-10-23,,,,,,,,,,,,,,,0,,,
2023-10-24,,,,,,,,,,,,,,,0,,,
2023-10-25,,,,,,,,,,,,,,,0,,,
2023-10-26,,,,,,,,,,,,,,,0,,,
2023-10-27,,,,,,,,,,,,,,,0,,,
2023-10-28,,,,,,,,,,,,,,,0,,,
2023-10-29,,,,,,,,,,,,,,,0,,,
2023-10-30,,,,,,,,,,,,,,,0,,,
2023-10-31,,,,,,,,,,,,,,,0,,,
2023-11-01,,,,,,,,,,,,,,,0,,,
2023-11-02,,,,,,,,,,,,,,,0,,,
2023-11-03,,,,,,,,,,,,,,,0,,,
2023-11-04,,,,,,,,,,,,,,,0,,,
2023-11-05,,,,,,,,,,,,,,,0,,,
2023-11-06,,,,,,,,,,,,,,,0,,,
2023-11-07,,,,,,,,,,,,,,,0,,,
2023-11-08,,,,,,,,,,,,,,,0,,,
2023-11-09,,,,,,,,,,,,,,,0,,,
2023-11-10,,,,,,,,,,,,,,,0,,,
2023-11-11,,,,,,,,,,,,,,,0,,,
2023-11-12,,,,,,,,,,,,,,,0,,,
2023-11-13,,,,,,,,,,,,,,,0,,,
2023-11-14,,,,,,,,,,,,,,,0,,,
2023-11-15,,,,,,,,,,,,,,,0,,,
2023-11-16,,,,,,,,,,,,,,,0,,,
2023-11-17,,,,,,,,,,,,,,,0,,,
2023-11-18,,,,,,,,,,,,,,,0,,,
2023-11-19,,,,,,,,,,,,,,,0,,,
2023-11-20,,,,,,,,,,,,,,,0,,,
2023-11-21,,,,,,,,,,,,,,,0,,,
2023-11-22,,,,,,,,,,,,,,,0,,,
2023-11-23,,,,,,,,,,,,,,,0,,,
2023-11-24,,,,,,,,,,,,,,,0,,,
2023-11-25,,,,,,,,,,,,,,,0,,,
2023-11-26,,,,,,,,,,,,,,,0,,,
2023-11-27,,,,,,,,,,,,,,,0,,,
2023-11-28,,,,,,,,,,,,,,,0,,,
2023-11-29,,,,,,,,,,,,,,,0,,,
2023-11-30,,,,,,,,,,,,,,,0,,,
2023-12-01,,,,,,,,,,,,,,,0,,,
2023-12-02,,,,,,,,,,,,,,,0,,,
2023-12-03,,,,,,,,,,,,,,,0,,,
2023-12-04,,,,,,,,,,,,,,,0,,,
2023-12-05,,,,,,,,,,,,,,,0,,,
2023-12-06,,,,,,,,,,,,,,,0,,,
2023-12-07,,,,,,,,,,,,,,,0,,,
2023-12-08,,,,,,,,,,,,,,,0,,,
2023-12-09,,,,,,,,,,,,,,,0,,,
2023-12-10,,,,,,,,,,,,,,,0,,,
2023-12-11,,,,,,,,,,,,,,,0,,,
2023-12-12,,,,,,,,,,,,,,,0,,,
2023-12-13,,,,,,,,,,,,,,,0,,,
2023-12-14,,,,,,,,,,,,,,,0,,,
2023-12-15,,,,,,,,,,,,,,,0,,,
2023-12-16,,,,,,,,,,,,,,,0,,,
2023-12-17,,,,,,,,,,,,,,,0,,,
2023-12-18,,,,,,,,,,,,,,,0,,,
2023-12-19,,,,,,,,,,,,,,,0,,,
2023-12-20,,,,,,,,,,,,,,,0,,,
2023-12-21,,,,,,,,,,,,,,,0,,,
2023-12-22,,,,,,,,,,,,,,,0,,,
2023-12-23,,,,,,,,,,,,,,,0,,,
2023-12-24,,,,,,,,,,,,,,,0,,,
2023-12-25,,,,,,,,,,,,,,,0,,,
2023-12-26,,,,,,,,,,,,,,,0,,,
2023-12-27,,,,,,,,,,,,,,,0,,,
2023-12-28,,,,,,,,,,,,,,,0,,,
2023-12-29,,,,,,,,,,,,,,,0,,,
2023-12-30,,,,,,,,,,,,,,,0,,,
2023-12-31,,,,,,,,,,,,,,,0,,,
