date,year,Y_COD,A1_dev_pct,A2,A3_z,FAN_A_mgL,A4_FAN_ratio,n_acute,acute_grade,C1_burden_sm,chronic_phase
2018-01-01,2018,,,False,,,,0,정상,,
2018-01-02,2018,,,False,,241.902635,,0,정상,,
2018-01-03,2018,,,False,,,,0,정상,,
2018-01-04,2018,,,False,,,,0,정상,,
2018-01-05,2018,,,False,,,,0,정상,,
2018-01-06,2018,,,False,,,,0,정상,,
2018-01-07,2018,,,False,,,,0,정상,,
2018-01-08,2018,,,False,,278.115118,,0,정상,,
2018-01-09,2018,,,False,,,,0,정상,,
2018-01-10,2018,,,False,,,,0,정상,,
2018-01-11,2018,,,False,,,,0,정상,,
2018-01-12,2018,,,False,,,,0,정상,,
2018-01-13,2018,,,False,,,,0,정상,,
2018-01-14,2018,,,False,,,,0,정상,,
2018-01-15,2018,,,False,,312.628022,,0,정상,1.9810838445807777,정상
2018-01-16,2018,,,False,,,,0,정상,1.7254601226993849,정상
2018-01-17,2018,,,False,,,,0,정상,1.6296012269938598,정상
2018-01-18,2018,,,False,,,,0,정상,1.5337423312883347,정상
2018-01-19,2018,,,False,,,,0,정상,1.5337423312883347,정상
2018-01-20,2018,,,False,,,,0,정상,1.5337423312883347,정상
2018-01-21,2018,,,False,,,,0,정상,1.5337423312883347,정상
2018-01-22,2018,,,False,,298.653485,,0,정상,1.469836400817992,정상
2018-01-23,2018,,,False,,,,0,정상,1.4059304703476494,정상
2018-01-24,2018,,,False,,,,0,정상,1.469836400817992,정상
2018-01-25,2018,,,False,,,,0,정상,1.5337423312883347,정상
2018-01-26,2018,,,False,,,,0,정상,1.5337423312883347,정상
2018-01-27,2018,,,False,,,,0,정상,1.5337423312883347,정상
2018-01-28,2018,,,False,,,,0,정상,1.5337423312883347,정상
2018-01-29,2018,,,False,,262.543387,,0,정상,1.6296012269938598,정상
2018-01-30,2018,,,False,,,,0,정상,1.7254601226993849,정상
2018-01-31,2018,,,False,,,,0,정상,1.6296012269938598,정상
2018-02-01,2018,,,False,,,,0,정상,1.469836400817992,정상
2018-02-02,2018,,,False,,,,0,정상,1.5337423312883347,정상
2018-02-03,2018,,,False,,,,0,정상,1.6296012269938598,정상
2018-02-04,2018,,,False,,,,0,정상,1.6296012269938598,정상
2018-02-05,2018,,,False,,319.122422,,0,정상,1.5337423312883347,정상
2018-02-06,2018,,,False,,,,0,정상,1.4059304703476383,정상
2018-02-07,2018,,,False,0.5079264092602424,,,0,정상,1.182259713701428,정상
2018-02-08,2018,,,False,0.43204116483589083,,,0,정상,0.8307770961145211,정상
2018-02-09,2018,,,False,-0.3706417843280682,,,0,정상,1.086400817995914,정상
2018-02-10,2018,,,False,-0.512928975291205,,,0,정상,0.8307770961145211,정상
2018-02-11,2018,,,False,-2.10681210839045,,,0,정상,0.8307770961145211,정상
2018-02-12,2018,0.34973862382151927,,False,0.4418078748423705,221.389035,,0,정상,0.5751533742331283,정상
2018-02-13,2018,,,False,1.548315431482052,,,0,정상,0.543200408997957,정상
2018-02-14,2018,,,False,-0.8560450219561164,,,0,정상,0.4473415132924319,정상
2018-02-15,2018,,,False,-0.06730249404447648,,,0,정상,0.3834355828220781,정상
2018-02-16,2018,,,False,-1.7541243433756946,,,0,정상,0.09585889570551953,정상
2018-02-17,2018,,,False,0.3635596100376614,,,0,정상,-0.19171779141103906,정상
2018-02-18,2018,,,False,1.3187178023866095,,,0,정상,-0.19171779141103906,정상
2018-02-19,2018,,,False,-0.2353520226718194,259.064123,0.958328115082551,0,정상,-0.25562372188138727,정상
2018-02-20,2018,,,False,0.31229131711429636,,,0,정상,-0.31952965235173547,정상
2018-02-21,2018,,,False,0.2040690414600409,,,0,정상,-0.31952965235173547,정상
2018-02-22,2018,,,False,-0.6116355029110454,,,0,정상,-0.31952965235173547,정상
2018-02-23,2018,,,False,-0.08506826834523572,,,0,정상,-0.7029652351738247,정상
2018-02-24,2018,,,False,1.402916113990533,,,0,정상,-1.086400817995914,정상
2018-02-25,2018,,,False,-1.5611602791206804,,,0,정상,-1.086400817995914,정상
2018-02-26,2018,,,False,1.5522185895751766,,,0,정상,-1.3420245398773012,정상
2018-02-27,2018,,,False,0.8760133462649417,,,0,정상,-1.5976482617586885,정상
2018-02-28,2018,,,False,0.9494725221108208,,,0,정상,-1.6615541922290422,정상
2018-03-01,2018,,,False,1.2469406801085077,,,0,정상,-1.789366053169733,정상
2018-03-02,2018,,,False,0.31879302513454405,,,0,정상,-1.917177914110424,정상
2018-03-03,2018,,,False,0.6340229910350929,,,0,정상,-1.789366053169733,정상
2018-03-04,2018,,,False,0.3752244790644992,,,0,정상,-1.789366053169733,정상
2018-03-05,2018,,,False,1.7717841149146092,352.914976,1.2689528657697782,1,주의,-1.6615541922290422,정상
2018-03-06,2018,,,False,-0.7179035909034286,,,0,정상,-1.789366053169733,정상
2018-03-07,2018,,,False,1.2583219093147031,,,0,정상,-1.789366053169733,정상
2018-03-08,2018,,,False,0.5364300925396717,,,0,정상,-1.6296012269938653,정상
2018-03-09,2018,,,False,0.651779844274061,,,0,정상,-1.5976482617586885,정상
2018-03-10,2018,,,False,0.6920485695065783,,,0,정상,-1.5337423312883403,정상
2018-03-11,2018,,,False,1.411665939029595,,,0,정상,-1.5337423312883403,정상
2018-03-12,2018,,,False,1.8155706190558696,229.556727,0.8491745709243952,0,정상,-1.5976482617586885,정상
2018-03-13,2018,,,False,1.5688744655407123,,,0,정상,-1.6296012269938653,정상
2018-03-14,2018,,,False,1.6142037416393993,,,0,정상,-1.82131901840491,정상
2018-03-15,2018,,,False,0.5155565591535638,,,0,정상,-1.9810838445807777,정상
2018-03-16,2018,,,False,0.10872702563214501,,,0,정상,-1.9810838445807777,정상
2018-03-17,2018,,,False,0.3963802604226906,,,0,정상,-1.9810838445807777,정상
2018-03-18,2018,,,False,1.1456655707021566,,,0,정상,-1.9810838445807777,정상
2018-03-19,2018,,,False,-2.5676691324390863,239.943272,0.9139185516792316,0,정상,-2.013036809815949,정상
2018-03-20,2018,,,False,2.3048887781900045,,,0,정상,-2.0449897750511203,정상
2018-03-21,2018,,,False,1.4321512152175089,,,0,정상,-2.3517382413087984,정상
2018-03-22,2018,,,False,-0.44229930418631674,,,0,정상,-2.556237218813906,정상
2018-03-23,2018,,,False,1.0498440962661113,,,0,정상,-2.6840490797546024,정상
2018-03-24,2018,,,False,-0.444767339187527,,,0,정상,-2.556237218813906,정상
2018-03-25,2018,,,False,-0.08713849860032227,,,0,정상,-2.556237218813906,정상
2018-03-26,2018,,,False,1.473544540977042,219.060372,0.8399433206013464,0,정상,-2.6840490797546024,정상
2018-03-27,2018,,,False,1.0707710771168943,,,0,정상,-2.556237218813906,정상
2018-03-28,2018,,,False,-0.37455779214429297,,,0,정상,-2.811860940695299,정상
2018-03-29,2018,,,False,0.4001533477227919,,,0,정상,-2.811860940695299,정상
2018-03-30,2018,,,False,-0.3722678306639778,,,0,정상,-2.84381390593047,정상
2018-03-31,2018,,,False,-0.5790814898742017,,,0,정상,-2.84381390593047,정상
2018-04-01,2018,,,False,-0.6325871825598783,,,0,정상,-2.84381390593047,정상
2018-04-02,2018,,,False,-0.7113727200478528,249.917515,0.9582588831974447,0,정상,-2.811860940695299,정상
2018-04-03,2018,,,False,-1.1427548734450348,,,0,정상,-2.84381390593047,정상
2018-04-04,2018,,,False,-1.350911401850452,,,0,정상,-3.003578732106338,정상
2018-04-05,2018,,,False,-1.376945134892639,,,0,정상,-3.2272494887525536,정상
2018-04-06,2018,,,False,-0.9105147172662881,,,0,정상,-3.3231083844580733,정상
2018-04-07,2018,,,False,-1.0669009175352897,,,0,정상,-3.3870143149284218,정상
2018-04-08,2018,,,False,-0.8985808806790264,,,0,정상,-3.3870143149284218,정상
2018-04-09,2018,,,False,-1.662445103792194,265.861276,1.0193920559157592,0,정상,-3.3231083844580733,정상
2018-04-10,2018,,,False,-0.8999671437068824,,,0,정상,-3.2272494887525536,정상
2018-04-11,2018,,,False,-0.2566847795373353,,,0,정상,-3.3231083844580733,정상
2018-04-12,2018,,,False,-0.8908591256691991,,,0,정상,-3.195296523517377,정상
2018-04-13,2018,,,False,-0.36325942627394586,,,0,정상,-3.1633435582822056,정상
2018-04-14,2018,,,False,0.3831304889359751,,,0,정상,-3.1313905930470343,정상
2018-04-15,2018,,,False,-0.4236642934994328,,,0,정상,-3.1313905930470343,정상
2018-04-16,2018,,,False,-1.9429381766558906,262.551778,1.00670244567606,0,정상,-3.1313905930470343,정상
2018-04-17,2018,,,False,0.20457245587122036,,,0,정상,-3.1313905930470343,정상
2018-04-18,2018,,,False,-0.7085467472455301,,,0,정상,-3.1313905930470343,정상
2018-04-19,2018,,,False,-0.2414865156840172,,,0,정상,-2.811860940695299,정상
2018-04-20,2018,,,False,-0.44445336985279665,,,0,정상,-2.747955010224951,정상
2018-04-21,2018,,,False,-0.33545411993805535,,,0,정상,-2.6840490797546024,정상
2018-04-22,2018,,,False,-0.26761123292311384,,,0,정상,-2.6840490797546024,정상
2018-04-23,2018,,,False,-0.8074305512179512,330.260635,1.2663185581818022,1,주의,-2.2367075664621705,정상
2018-04-24,2018,,,False,0.18656858818735025,,,0,정상,-1.7893660531697386,정상
2018-04-25,2018,,,False,0.006553640888617223,,,0,정상,-1.7893660531697386,정상
2018-04-26,2018,,,False,0.22649481853373796,,,0,정상,-2.6840490797546024,정상
2018-04-27,2018,,,False,1.5201323127387223,,,0,정상,-2.2367075664621705,정상
2018-04-28,2018,,,False,0.30687797086113844,,,0,정상,-2.6840490797546024,정상
2018-04-29,2018,,,False,0.7303135486732066,,,0,정상,-2.6840490797546024,정상
2018-04-30,2018,,,False,0.1951675256740887,346.006777,1.326672658316833,1,주의,-2.2367075664621705,정상
2018-05-01,2018,,,False,-0.011708590270166536,,,0,정상,-2.2367075664621705,정상
2018-05-02,2018,,,False,0.037271034280431256,,,0,정상,-2.2367075664621705,정상
2018-05-03,2018,,,False,0.8462680724589913,,,0,정상,-1.7893660531697386,정상
2018-05-04,2018,,,False,1.6090292404316877,,,0,정상,-1.7893660531697386,정상
2018-05-05,2018,,,False,2.7318148014118098,,,0,정상,-1.4059304703476494,정상
2018-05-06,2018,,,False,1.572231531690376,,,0,정상,-1.4059304703476494,정상
2018-05-07,2018,,,False,1.422354459073715,,,0,정상,-1.4059304703476494,정상
2018-05-08,2018,,,False,0.7784639373262836,,,0,정상,-1.2142126789366103,정상
2018-05-09,2018,,,False,-0.30429552359187595,,,0,정상,-1.0224948875255602,정상
2018-05-10,2018,,,False,-0.814728138045862,,,0,정상,-0.5751533742331283,정상
2018-05-11,2018,,,False,-1.0881874531175282,,,0,정상,-0.5751533742331283,정상
2018-05-12,2018,,,False,0.1365015039781704,,,0,정상,-0.35148261758691235,정상
2018-05-13,2018,,,False,-1.099157255648104,,,0,정상,-0.35148261758691235,정상
2018-05-14,2018,,,False,-1.8324352154426602,,,0,정상,-0.1278118609406964,정상
2018-05-15,2018,,,False,-0.014842071974552857,,,0,정상,-0.09585889570551953,정상
2018-05-16,2018,,,False,-0.9162681780762055,,,0,정상,-0.06390593047034265,정상
2018-05-17,2018,,,False,1.5277543508705762,,,0,정상,0.09585889570552508,정상
2018-05-18,2018,,,False,0.7024543823347245,,,0,정상,-0.06390593047034265,정상
2018-05-19,2018,,,False,0.044505847039809095,,,0,정상,-0.06390593047034265,정상
2018-05-20,2018,,,False,0.5793632145953107,,,0,정상,-0.06390593047034265,정상
2018-05-21,2018,,,False,-0.4554167648608581,320.07288,1.2114495566568648,1,주의,-0.06390593047034265,정상
2018-05-22,2018,,,False,-0.9925624409837284,,,0,정상,-0.06390593047034265,정상
2018-05-23,2018,,,False,0.672888298719241,,,0,정상,-0.06390593047034265,정상
2018-05-24,2018,,,False,-0.797650225561049,,,0,정상,0.2556237218813928,정상
2018-05-25,2018,,,False,0.8800349296663668,,,0,정상,0.543200408997957,정상
2018-05-26,2018,,,False,0.1044622266926747,,,0,정상,0.8307770961145211,정상
2018-05-27,2018,,,False,-0.7822144723494597,,,0,정상,0.8307770961145211,정상
2018-05-28,2018,,,False,-1.0455238433972205,366.697786,1.379282426975187,1,주의,0.8946830265848638,정상
2018-05-29,2018,,,False,0.16583814807453945,,,0,정상,0.9585889570552064,정상
2018-05-30,2018,,,False,-0.35150850214652063,,,0,정상,1.086400817995914,정상
2018-05-31,2018,,,False,-0.654638604898512,,,0,정상,1.4059304703476494,정상
2018-06-01,2018,,,False,-0.28986028929708524,,,0,정상,1.7254601226993849,정상
2018-06-02,2018,,,False,-0.4348423651270611,,,0,정상,1.7254601226993849,정상
2018-06-03,2018,,,False,0.21410347132446747,,,0,정상,1.7254601226993849,정상
2018-06-04,2018,,,False,-0.28643663900506294,339.330793,1.2763453110034726,1,주의,1.7254601226993849,정상
2018-06-05,2018,,,False,-0.5988541251168711,,,0,정상,3.195296523517377,정상
2018-06-06,2018,,,False,-0.5520269448287403,,,0,정상,3.195296523517377,정상
2018-06-07,2018,,,False,-0.3296188420055434,,,0,정상,5.048568507157459,경계
2018-06-08,2018,,,False,0.43506900837915613,,,0,정상,5.432004089979547,경계
2018-06-09,2018,,,False,1.3372839527442753,,,0,정상,5.591768916155415,경계
2018-06-10,2018,,,False,2.7332863655325026,,,0,정상,5.591768916155415,경계
2018-06-11,2018,,,False,-1.0880954373161047,415.851552,1.2992401980448953,1,주의,5.751533742331283,경계
2018-06-12,2018,,,False,-0.7321906410029069,,,0,정상,5.815439672801636,경계
2018-06-13,2018,,,False,-1.1984708874318843,,,0,정상,5.87934560327199,경계
2018-06-14,2018,,,False,-0.728890730491414,,,0,정상,6.837934560327197,경계
2018-06-15,2018,,,False,-0.9690413040189221,,,0,정상,7.09355828220859,경계
2018-06-16,2018,,,False,-0.4058603909537278,,,0,정상,7.3491820040899825,경계
2018-06-17,2018,,,False,-0.42363615602134824,,,0,정상,7.3491820040899825,경계
2018-06-18,2018,,,False,-2.071339933038728,409.822936,1.2409076122559992,1,주의,7.700664621676889,경계
2018-06-19,2018,,,False,-0.14991584779131173,,,0,정상,8.052147239263796,경계
2018-06-20,2018,,,False,-0.462938920216795,,,0,정상,8.243865030674847,경계
2018-06-21,2018,,,False,-0.5268609253287004,,,0,정상,8.148006134969322,경계
2018-06-22,2018,,,False,0.04098223887844991,,,0,정상,8.243865030674847,경계
2018-06-23,2018,,,False,0.10842280156564932,,,0,정상,8.371676891615543,경계
2018-06-24,2018,,,False,-0.28394535515538616,,,0,정상,8.371676891615543,경계
2018-06-25,2018,,,False,-0.18662277428604396,571.754256,1.6849465707051232,1,주의,8.499488752556239,경계
2018-06-26,2018,,,False,0.16466454701927427,,,0,정상,9.042689161554197,경계
2018-06-27,2018,,,False,0.1083911221574578,,,0,정상,9.042689161554197,경계
2018-06-28,2018,,,False,0.10787840562561922,,,0,정상,8.914877300613501,경계
2018-06-29,2018,,,False,-0.024179208426828046,,,0,정상,9.585889570552153,경계
2018-06-30,2018,,,False,-0.5036123066714163,,,0,정상,9.617842535787325,경계
2018-07-01,2018,,,False,0.21810809857299085,,,0,정상,9.617842535787325,경계
2018-07-02,2018,,,False,-0.9036084992701569,166.468623,0.49057918242038234,0,정상,9.585889570552153,경계
2018-07-03,2018,,,False,0.7232837000761101,,,0,정상,8.914877300613501,경계
2018-07-04,2018,,,False,-0.02667344348325821,,,0,정상,8.148006134969322,경계
2018-07-05,2018,,,False,-0.08291254011175492,,,0,정상,7.828476482617585,경계
2018-07-06,2018,,,False,0.014961705015564064,,,0,정상,7.828476482617585,경계
2018-07-07,2018,,,False,0.036405148362169806,,,0,정상,7.604805725971375,경계
2018-07-08,2018,,,False,-0.007940855922337942,,,0,정상,7.604805725971375,경계
2018-07-09,2018,0.28969633109804,,False,-0.26766110127717746,194.98886,0.5746276613334056,0,정상,7.413087934560325,경계
2018-07-10,2018,,,False,-0.1524718999917144,,,0,정상,7.221370143149275,경계
2018-07-11,2018,,,False,0.022029550462560513,,,0,정상,7.221370143149275,경계
2018-07-12,2018,,,False,0.1173798386081565,,,0,정상,6.7101226993865115,경계
2018-07-13,2018,,,False,0.24298618462103447,,,0,정상,6.7101226993865115,경계
2018-07-14,2018,,,False,-0.031304624899371615,,,0,정상,5.463957055214729,경계
2018-07-15,2018,,,False,0.07208306037402921,,,0,정상,5.463957055214729,경계
2018-07-16,2018,0.3308729466616509,,False,-0.044937128568748964,170.811135,0.5033764648644781,0,정상,4.217791411042948,정상
2018-07-17,2018,,,False,-0.21384321941058684,,,0,정상,3.7704498977505163,정상
2018-07-18,2018,,,False,-0.23301901738634742,,,0,정상,3.3231083844580844,정상
2018-07-19,2018,,,False,-0.15779257548072495,,,0,정상,1.8532719836400924,정상
2018-07-20,2018,,,False,-0.18543538772945775,,,0,정상,1.7893660531697275,정상
2018-07-21,2018,,,False,0.16974703105613054,,,0,정상,1.5976482617586885,정상
2018-07-22,2018,,,False,0.40938653367297256,,,0,정상,1.5976482617586885,정상
2018-07-23,2018,,,False,-0.4110422459589672,271.731306,0.8007858750384613,0,정상,1.4059304703476494,정상
2018-07-24,2018,,,False,-0.17373982698919693,,,0,정상,1.3420245398772956,정상
2018-07-25,2018,,,False,0.017867455129932076,,,0,정상,1.2142126789365992,정상
2018-07-26,2018,,,False,0.339659854155904,,,0,정상,1.1183537832310853,정상
2018-07-27,2018,,,False,-0.24611950160840926,,,0,정상,1.086400817995914,정상
2018-07-28,2018,,,False,-0.20764483023452823,,,0,정상,1.0544478527607426,정상
2018-07-29,2018,,,False,-0.14248522902749663,,,0,정상,1.0544478527607426,정상
2018-07-30,2018,,,False,-1.0376074525191783,316.582157,0.989093974472314,0,정상,1.0224948875255713,정상
2018-07-31,2018,,,False,-0.5155046679065967,,,0,정상,1.0224948875255713,정상
2018-08-01,2018,,,False,0.13477854100851447,,,0,정상,1.0544478527607426,정상
2018-08-02,2018,,,False,-0.4219820396518759,,,0,정상,1.0224948875255713,정상
2018-08-03,2018,,,False,0.9580861177494601,,,0,정상,1.0224948875255713,정상
2018-08-04,2018,,,False,0.19902305964333494,,,0,정상,0.9585889570552175,정상
2018-08-05,2018,,,False,0.12561319528889683,,,0,정상,0.9585889570552175,정상
2018-08-06,2018,,,False,-0.25966486848803716,148.136531,0.46535885963625856,0,정상,0.8946830265848638,정상
2018-08-07,2018,,,False,0.12309679681627905,,,0,정상,0.8307770961145211,정상
2018-08-08,2018,,,False,0.12350809255681205,,,0,정상,0.8307770961145211,정상
2018-08-09,2018,,,False,0.29285724694560084,,,0,정상,-0.1853271983640048,정상
2018-08-10,2018,,,False,0.18098072090223458,,,0,정상,-1.137525562372188,정상
2018-08-11,2018,,,False,-0.00979034108982463,,,0,정상,-0.1853271983640048,정상
2018-08-12,2018,,,False,1.2317090206101609,,,0,정상,-0.1853271983640048,정상
2018-08-13,2018,,,False,0.44765147958596047,139.365907,0.44022034697299756,0,정상,0.7668711656441785,정상
2018-08-14,2018,,,False,-0.526457986474111,,,0,정상,5.551115123125783e-15,정상
2018-08-15,2018,,,False,0.14539079199797308,,,0,정상,-0.7668711656441674,정상
2018-08-16,2018,,,False,0.3745046721416459,,,0,정상,-1.137525562372188,정상
2018-08-17,2018,,,False,-0.02723554527965507,,,0,정상,-1.137525562372188,정상
2018-08-18,2018,,,False,0.41535338663086646,,,0,정상,-1.3995398773006151,정상
2018-08-19,2018,,,False,1.1382055575336105,,,0,정상,-1.6615541922290422,정상
2018-08-20,2018,0.1955010473528753,,False,1.021611822990569,,,0,정상,-2.0449897750511257,정상
2018-08-21,2018,,,False,-0.14021821697669531,,,0,정상,-1.6615541922290422,정상
2018-08-22,2018,,,False,0.27968551869167235,,,0,정상,-1.6615541922290422,정상
2018-08-23,2018,,,False,-0.6844263542329203,,,0,정상,-1.6615541922290422,정상
2018-08-24,2018,,,False,-0.7262425581395964,,,0,정상,-2.0449897750511257,정상
2018-08-25,2018,,,False,-0.6074583551251358,,,0,정상,-1.6615541922290422,정상
2018-08-26,2018,,,False,-0.2438685616085852,,,0,정상,-1.6615541922290422,정상
2018-08-27,2018,0.20586119646614606,,False,-0.3853283700006102,254.307204,0.9668767558481601,0,정상,-1.597648261758694,정상
2018-08-28,2018,,,False,-0.5084861155558121,,,0,정상,-1.597648261758694,정상
2018-08-29,2018,,,False,-0.42425904526097874,,,0,정상,-1.597648261758694,정상
2018-08-30,2018,,,False,-0.24575609874820786,182.691271,0.718388107479645,0,정상,-1.597648261758694,정상
2018-08-31,2018,,,False,-0.2997764069724424,,,0,정상,-1.6615541922290422,정상
2018-09-01,2018,,,False,-0.1997714598300141,,,0,정상,-1.9491308793456064,정상
2018-09-02,2018,,,False,0.3686007886862615,,,0,정상,-1.9491308793456064,정상
2018-09-03,2018,0.2999951613197155,,False,-0.1438242640150091,208.614647,1.0,0,정상,-2.364519427402867,정상
2018-09-04,2018,,,True,-0.5800340852032987,,,1,주의,-2.4603783231083867,정상
2018-09-05,2018,,,True,-0.3813407319531916,,,1,주의,-2.4603783231083867,정상
2018-09-06,2018,,,True,0.029752854629091465,,,1,주의,-2.4603783231083867,정상
2018-09-07,2018,,,True,0.003869375168309111,,,1,주의,-2.556237218813906,정상
2018-09-08,2018,,,False,0.8138420120638836,,,0,정상,-2.5881901840490773,정상
2018-09-09,2018,,,False,1.0173689220666606,,,0,정상,-2.5881901840490773,정상
2018-09-10,2018,,,False,0.943534483144435,324.759544,1.5567437314216965,1,주의,-2.556237218813906,정상
2018-09-11,2018,,,False,1.1415844365971504,,,0,정상,-2.5881901840490773,정상
2018-09-12,2018,,,False,1.2974454004176772,,,0,정상,-2.6520961145194253,정상
2018-09-13,2018,,,False,1.5543731563871945,,,0,정상,-2.6520961145194253,정상
2018-09-14,2018,,,False,1.435186165653007,,,0,정상,-2.6520961145194253,정상
2018-09-15,2018,,,False,1.5512654946350808,,,0,정상,-2.6201431492842486,정상
2018-09-16,2018,,,False,4.413670328076644,,,0,정상,-2.6201431492842486,정상
2018-09-17,2018,,,False,3.006405604136722,487.700373,2.337805039163909,2,경보,-2.6520961145194253,정상
2018-09-18,2018,,,False,1.9490426464394377,,,0,정상,-2.6840490797546024,정상
2018-09-19,2018,,,False,2.1096759763566904,,,0,정상,-2.6201431492842486,정상
2018-09-20,2018,,,False,1.9914245840290934,,,0,정상,-2.6201431492842486,정상
2018-09-21,2018,,,False,2.2822293003345004,,,0,정상,-2.6520961145194253,정상
2018-09-22,2018,,,False,1.010409556319424,,,0,정상,-2.6840490797546024,정상
2018-09-23,2018,,,False,2.976178245799128,,,0,정상,-2.6840490797546024,정상
2018-09-24,2018,,,False,3.613003544949237,,,0,정상,-2.6840490797546024,정상
2018-09-25,2018,,,False,1.6727648095047876,,,0,정상,-2.6840490797546024,정상
2018-09-26,2018,,,False,0.3223823240728397,425.479628,2.0395482010426624,1,주의,-2.6840490797546024,정상
2018-09-27,2018,,,False,0.6822515377509096,,,0,정상,-2.6520961145194253,정상
2018-09-28,2018,,,False,0.3025915122815388,,,0,정상,-2.6201431492842486,정상
2018-09-29,2018,,,False,0.3896083468672543,,,0,정상,-2.6520961145194253,정상
2018-09-30,2018,,,False,1.509781605587892,,,0,정상,-2.6520961145194253,정상
2018-10-01,2018,,,False,0.7193653851826728,450.374084,1.7709843721139726,1,주의,-2.6201431492842486,정상
2018-10-02,2018,,,False,-0.5429261381454941,,,0,정상,-2.6201431492842486,정상
2018-10-03,2018,,,False,0.13262178445955713,,,0,정상,-1.917177914110424,정상
2018-10-04,2018,,,False,0.7243654108423925,,,0,정상,-1.917177914110424,정상
2018-10-05,2018,,,False,-0.21705317819666356,,,0,정상,-1.8213190184049044,정상
2018-10-06,2018,,,False,-0.6374233891855197,,,0,정상,-1.7254601226993849,정상
2018-10-07,2018,,,False,1.935280274575304,,,0,정상,-1.7254601226993849,정상
2018-10-08,2018,,,False,4.957026522377068,343.316645,1.2634416330373062,1,주의,-1.6935071574642135,정상
2018-10-09,2018,,,False,-0.7443240563875387,,,0,정상,-1.6615541922290422,정상
2018-10-10,2018,,,False,0.6273496249640697,,,0,정상,-0.31952965235173547,정상
2018-10-11,2018,,,False,2.592399158311919,,,0,정상,-0.2556237218813928,정상
2018-10-12,2018,,,False,3.823795152228079,,,0,정상,0.2236707566462104,정상
2018-10-13,2018,,,False,3.3161069108323424,,,1,주의,-0.2556237218813928,정상
2018-10-14,2018,,,False,3.622066788520823,,,1,주의,-0.2556237218813928,정상
2018-10-15,2018,,,False,1.7698941148797278,362.019578,1.1435248954981376,0,정상,0.2236707566462104,정상
2018-10-16,2018,,,False,0.5711762438618334,313.276439,0.9947516505752347,0,정상,-0.2556237218813928,정상
2018-10-17,2018,,,False,2.7027483576154294,338.423535,1.0689911844905398,0,정상,-0.1278118609406964,정상
2018-10-18,2018,,,False,1.6338346290961108,,,0,정상,0.5112474437627856,정상
2018-10-19,2018,,,False,1.1979277276990836,,,0,정상,0.1917177914110446,정상
2018-10-20,2018,,,False,0.6514509146405676,,,0,정상,-0.1278118609406964,정상
2018-10-21,2018,,,False,-1.1585008742762457,,,0,정상,-0.1278118609406964,정상
2018-10-22,2018,,,False,1.1437412455012386,292.658113,0.924430219862328,0,정상,0.1917177914110446,정상
2018-10-23,2018,,,False,-1.719331122641822,,,0,정상,0.5112474437627856,정상
2018-10-24,2018,,,False,-0.2971941411466108,,,0,정상,0.6071063394682996,정상
2018-10-25,2018,,,False,-0.42825540140144985,,,0,정상,0.7029652351738136,정상
2018-10-26,2018,,,False,-2.1053648350475527,,,0,정상,0.6071063394682996,정상
2018-10-27,2018,,,False,1.520435259684695,,,0,정상,0.5112474437627856,정상
2018-10-28,2018,,,False,0.4503889130244467,,,0,정상,0.5112474437627856,정상
2018-10-29,2018,,,False,0.02828754975161333,318.230487,1.0,0,정상,0.6071063394682996,정상
2018-10-30,2018,,,False,-0.5980090751570448,,,0,정상,0.5112474437627856,정상
2018-10-31,2018,,,False,-1.4932383144523638,,,0,정상,0.6071063394682996,정상
2018-11-01,2018,,,False,-1.2402401872252973,,,0,정상,0.7029652351738136,정상
2018-11-02,2018,,,False,-2.305047056760015,,,0,정상,0.7668711656441674,정상
2018-11-03,2018,,,False,-0.8502100678074987,,,0,정상,0.8307770961145211,정상
2018-11-04,2018,,,False,0.6116276630300468,,,0,정상,0.8307770961145211,정상
2018-11-05,2018,0.3380146190632198,,False,-0.8385965707062669,345.250325,1.0630952388577068,0,정상,1.2461656441717817,정상
2018-11-06,2018,,,False,-1.60413585170248,,,0,정상,1.6615541922290422,정상
2018-11-07,2018,,,False,-0.7223287489374483,,,0,정상,1.6615541922290422,정상
2018-11-08,2018,,,False,-0.9328059460589235,,,0,정상,1.7893660531697275,정상
2018-11-09,2018,,,False,-0.8934935025430689,,,0,정상,1.7254601226993849,정상
2018-11-10,2018,,,False,-1.3504498835091387,,,0,정상,1.7893660531697275,정상
2018-11-11,2018,,,False,-0.890306541855149,,,0,정상,1.7893660531697275,정상
2018-11-12,2018,,,False,-2.2866816237611767,391.423302,1.1566078050688762,0,정상,2.179192229038851,정상
2018-11-13,2018,,,False,-0.39093933334430575,,,0,정상,2.5690184049079745,정상
2018-11-14,2018,,,False,-1.0191726469139417,,,0,정상,2.5690184049079745,정상
2018-11-15,2018,,,False,-1.422888949012316,,,0,정상,2.747955010224956,정상
2018-11-16,2018,,,False,-0.8199842509182093,,,0,정상,3.291155419222902,정상
2018-11-17,2018,,,False,-1.0400965122606574,,,0,정상,3.834355828220848,정상
2018-11-18,2018,,,False,0.4477698485594197,,,0,정상,3.834355828220848,정상
2018-11-19,2018,0.2864798532701605,,False,-0.45220853044361603,336.960251,0.9978334037175124,0,정상,3.6106850715746375,정상
2018-11-20,2018,,,False,-0.8542108218869563,,,0,정상,3.387014314928427,정상
2018-11-21,2018,,,False,-0.7941505032380874,,,0,정상,3.527607361963181,정상
2018-11-22,2018,,,False,-0.6548750130832682,,,0,정상,3.834355828220848,정상
2018-11-23,2018,,,False,-0.7680687199470658,,,0,정상,4.038854805725967,정상
2018-11-24,2018,,,False,-0.660010010403693,,,0,정상,4.243353783231085,정상
2018-11-25,2018,,,False,-0.5696813578518183,,,0,정상,4.243353783231085,정상
2018-11-26,2018,0.2770586699523656,,False,-0.9660293777431768,324.056129,0.9596206948326117,0,정상,4.444657464212676,정상
2018-11-27,2018,,,False,-1.018001078375786,365.094864,1.0788105029397554,0,정상,4.645961145194266,정상
2018-11-28,2018,,,False,-0.9493739179555325,,,0,정상,4.856850715746419,정상
2018-11-29,2018,,,False,-0.6939998834027844,,,0,정상,5.348926380368102,경계
2018-11-30,2018,,,False,-0.4974806166941646,,,0,정상,5.348926380368102,경계
2018-12-01,2018,,,False,-0.50198897437859,,,0,정상,5.10288854805726,경계
2018-12-02,2018,,,False,0.07610421443137219,,,0,정상,5.10288854805726,경계
2018-12-03,2018,0.2841979654190381,,False,-0.8678485208161588,346.473435,1.006360891809841,0,정상,5.348926380368102,경계
2018-12-04,2018,,,False,-0.3416901100216089,,,0,정상,5.4224182004089965,경계
2018-12-05,2018,,,False,-0.5444936382491383,,,0,정상,5.4224182004089965,경계
2018-12-06,2018,,,False,-0.37676740379585294,,,0,정상,5.4224182004089965,경계
2018-12-07,2018,,,False,-0.32953739453293385,,,0,정상,5.326559304703482,경계
2018-12-08,2018,,,False,-0.1885647144803928,,,0,정상,5.348926380368102,경계
2018-12-09,2018,,,False,-0.10987051699870887,,,0,정상,5.348926380368102,경계
2018-12-10,2018,0.2345931795621243,,False,-0.5401426988218182,359.844012,1.0404269241814104,0,정상,5.326559304703482,경계
2018-12-11,2018,,,False,-0.6172168571554894,,,0,정상,5.304192229038862,경계
2018-12-12,2018,,,False,-0.17183824738683162,,,0,정상,4.965490797546002,정상
2018-12-13,2018,,,False,-0.0048302289246677545,,,0,정상,4.856850715746419,정상
2018-12-14,2018,,,False,-0.2989264515948341,,,0,정상,4.645961145194266,정상
2018-12-15,2018,,,False,-0.13078625472976882,,,0,정상,4.789749488752548,정상
2018-12-16,2018,,,False,-0.03433735303617151,,,0,정상,4.789749488752548,정상
2018-12-17,2018,0.22750634045478324,,False,-0.28355703630701645,,,0,정상,4.614008179959095,정상
2018-12-18,2018,,,False,-0.19062468853602996,,,0,정상,4.614008179959095,정상
2018-12-19,2018,,,False,-0.3715506935620724,,,0,정상,4.614008179959095,정상
2018-12-20,2018,,,False,-0.42661840152454805,,,0,정상,4.614008179959095,정상
2018-12-21,2018,,,False,-0.2681368159873619,,,0,정상,4.614008179959095,정상
2018-12-22,2018,,,False,0.0717775437680166,,,0,정상,3.597903885480569,정상
2018-12-23,2018,,,False,0.016836477160169328,,,0,정상,3.597903885480569,정상
2018-12-24,2018,0.2339740627549032,,False,-1.0089547238803604,338.988542,0.9846203979258547,0,정상,2.581799591002043,정상
2018-12-25,2018,,,False,-0.42824279177343433,,,0,정상,2.581799591002043,정상
2018-12-26,2018,,,False,-0.5304670046918105,,,0,정상,2.08972392638036,정상
2018-12-27,2018,,,False,-0.7059262162656913,,,0,정상,1.802147239263796,정상
2018-12-28,2018,,,False,-0.5006135664807879,,,0,정상,1.7701942740286247,정상
2018-12-29,2018,,,False,-0.5138145356661856,,,0,정상,1.6679447852760765,정상
2018-12-30,2018,,,False,-0.18864093594903752,,,0,정상,1.6679447852760765,정상
2018-12-31,2018,0.2169433149482512,,False,-1.042657160352683,276.179783,0.8147171623281592,0,정상,1.5656952965235282,정상
2019-01-01,2019,,,False,-0.6566366426829415,,,0,정상,1.4985940695296573,정상
2019-01-02,2019,,,False,-0.5949403013830226,,,0,정상,1.3388292433537785,정상
2019-01-03,2019,,,False,-0.5830468160993951,,,0,정상,1.3388292433537785,정상
2019-01-04,2019,,,False,-0.3588243515301249,,,0,정상,1.2461656441717706,정상
2019-01-05,2019,,,False,-0.05221224053222024,,,0,정상,1.1886503067484622,정상
2019-01-06,2019,,,False,0.01988217209744879,,,0,정상,1.1311349693251538,정상
2019-01-07,2019,0.2362017965782692,,False,-0.09477834496930303,231.611581,0.6843837884974519,0,정상,0.901073619631898,정상
2019-01-08,2019,,,False,-0.26856427488900814,,,0,정상,0.6710122699386423,정상
2019-01-09,2019,,,False,-0.21481200622062654,,,0,정상,1.1311349693251538,정상
2019-01-10,2019,,,False,0.01623919966092052,,,0,정상,1.1311349693251538,정상
2019-01-11,2019,,,False,0.1613891132071309,,,0,정상,1.185455010224945,정상
2019-01-12,2019,,,False,0.4678393101621009,,,0,정상,1.2397750511247363,정상
2019-01-13,2019,,,False,0.7619865173211738,,,0,정상,1.2429703476482534,정상
2019-01-14,2019,0.3261583040522918,,False,-0.273844860291887,249.762859,0.739617575006457,0,정상,1.2397750511247363,정상
2019-01-15,2019,,,False,0.384819782699811,,,0,정상,1.185455010224945,정상
2019-01-16,2019,,,False,-0.02089325942926705,,,0,정상,1.185455010224945,정상
2019-01-17,2019,,,False,0.1993624459178715,,,0,정상,1.2269938650306678,정상
2019-01-18,2019,,,False,0.2925076125203748,,,0,정상,1.1311349693251538,정상
2019-01-19,2019,,,False,0.8505092961876803,,,0,정상,1.1151584867075681,정상
2019-01-20,2019,,,False,0.9712466001715852,,,0,정상,1.0991820040899825,정상
2019-01-21,2019,0.2614404167786662,,False,0.16775177561901589,265.241098,0.7871584176852955,0,정상,1.1151584867075681,정상
2019-01-22,2019,,,False,0.3480968383769517,262.771532,0.795053012150773,0,정상,1.1311349693251538,정상
2019-01-23,2019,0.33503324362574116,,False,0.6242284276782103,,,0,정상,1.1311349693251538,정상
2019-01-24,2019,0.3133069371079664,,False,0.6863141466517508,,,0,정상,1.1790644171779108,정상
2019-01-25,2019,,,False,0.15863989029826142,,,0,정상,1.1311349693251538,정상
2019-01-26,2019,,,False,0.9019129021803342,,,0,정상,1.1790644171779108,정상
2019-01-27,2019,,,False,1.806340069201375,,,0,정상,1.1311349693251538,정상
2019-01-28,2019,0.32950794512716247,,False,1.205490962519266,179.731081,0.5438022004840485,0,정상,1.1151584867075681,정상
2019-01-29,2019,0.28839452779798413,,False,0.0014959706939881566,,,0,정상,1.0991820040899825,정상
2019-01-30,2019,,,False,-0.8972252131682009,,,0,정상,1.0991820040899825,정상
2019-01-31,2019,0.27178183897559177,,False,0.5624225282893742,,,0,정상,0.875511247443761,정상
2019-02-01,2019,0.3165355569386625,,False,-0.13570011530244933,,,0,정상,0.875511247443761,정상
2019-02-02,2019,,,False,0.8816905477474631,,,0,정상,0.7636758691206502,정상
2019-02-03,2019,,,False,1.3056774251917833,,,0,정상,0.7636758691206502,정상
2019-02-04,2019,,,False,0.5578658995849634,,,0,정상,0.7636758691206502,정상
2019-02-05,2019,,,False,-2.227181837327104,,,0,정상,0.7636758691206502,정상
2019-02-06,2019,,,False,-0.9018689224655875,,,0,정상,0.875511247443761,정상
2019-02-07,2019,0.30580919105493626,,False,0.8993494441002094,218.220484,0.7271157211266627,0,정상,1.0991820040899825,정상
2019-02-08,2019,0.31303472526134873,,False,0.2809917298276861,,,0,정상,0.875511247443761,정상
2019-02-09,2019,,,False,0.5530089662287105,,,0,정상,0.9873466257668717,정상
2019-02-10,2019,,,False,1.2792022111077925,,,0,정상,0.9873466257668717,정상
2019-02-11,2019,0.22186751544130925,,False,-0.33511463223590326,210.158831,0.776323331349313,0,정상,0.875511247443761,정상
2019-02-12,2019,0.309967759985079,,False,-0.7348959320885663,,,0,정상,0.7636758691206502,정상
2019-02-13,2019,0.2516387293703761,,False,1.140438843048898,,,0,정상,0.34509202453987253,정상
2019-02-14,2019,0.2600871747115733,,False,0.7941336963579935,,,0,정상,0.03834355828220559,정상
2019-02-15,2019,,,False,1.2592827543715823,,,0,정상,0.03834355828220559,정상
2019-02-16,2019,,,False,2.5604355022680774,,,0,정상,0.03834355828220559,정상
2019-02-17,2019,,,False,2.1195780846940275,,,0,정상,0.009585889570551398,정상
2019-02-18,2019,0.3259396348083291,,False,1.1463911341842274,,,0,정상,0.03834355828220559,정상
2019-02-19,2019,0.31701074447129984,,False,0.901985830013305,,,0,정상,0.03834355828220559,정상
2019-02-20,2019,0.29460147587409447,,False,1.3956981732432174,,,0,정상,0.03834355828220559,정상
2019-02-21,2019,0.21768464301223317,,False,1.248178205026876,,,0,정상,0.03834355828220559,정상
2019-02-22,2019,,,False,1.7852134919661014,,,0,정상,0.03834355828220559,정상
2019-02-23,2019,,,False,2.2020250654892903,,,0,정상,0.009585889570551398,정상
2019-02-24,2019,,,False,2.3085925549345534,,,0,정상,0.009585889570551398,정상
2019-02-25,2019,0.2228452636513929,,False,-0.29888896525404185,299.658671,1.1350435727266601,0,정상,0.03834355828220559,정상
2019-02-26,2019,0.2905578140389839,,False,-0.5354390136756658,,,0,정상,0.009585889570551398,정상
2019-02-27,2019,0.29208493089486065,,False,0.5603663437219819,,,0,정상,0.009585889570551398,정상
2019-02-28,2019,0.32326395091184373,,False,0.21538329841583947,,,0,정상,0.009585889570551398,정상
2019-03-01,2019,,,False,0.08115957224931329,,,0,정상,0.03834355828220559,정상
2019-03-02,2019,,,False,0.9047597629100304,,,0,정상,0.03834355828220559,정상
2019-03-03,2019,,,False,1.3293190583022017,,,0,정상,0.03834355828220559,정상
2019-03-04,2019,0.29789561217141236,,False,-0.6536073384141425,322.878456,1.2229951999443651,1,주의,0.03834355828220559,정상
2019-03-05,2019,0.2755412012263273,,False,-1.1925782828010663,273.158077,1.029848236414705,0,정상,0.03834355828220559,정상
2019-03-06,2019,0.3002271618955377,3.0570326348529964,False,-0.2715814586907699,,,0,정상,0.009585889570551398,정상
2019-03-07,2019,0.3183796069086242,9.002407598777706,False,0.741660307920405,,,0,정상,-0.019171779141102796,정상
2019-03-08,2019,0.3017749100008988,2.8743487216132957,False,-0.8351482694184492,,,0,정상,-0.0734918200408996,정상
2019-03-09,2019,,,False,-0.6331723968089342,,,0,정상,-0.1278118609406964,정상
2019-03-10,2019,,,False,-0.15573722702354403,,,0,정상,-0.3834355828220837,정상
2019-03-11,2019,,,False,-1.740686876495498,320.108454,1.2068584258386683,1,주의,-0.43456032719836335,정상
2019-03-12,2019,0.32346430451206615,9.18679974583181,False,-0.004814560503694242,288.361788,1.0711821317333927,0,정상,-0.5368098159509171,정상
2019-03-13,2019,0.30719426797105404,3.121447721858739,False,-1.9164979875151629,331.02043,1.2118273551911114,1,주의,-0.5304192229038829,정상
2019-03-14,2019,0.32639616440815966,9.14018945937174,False,-1.0652286116009604,356.883358,1.2993219072867106,1,주의,-0.5304192229038829,정상
2019-03-15,2019,,,False,-0.9135578293090874,330.374921,1.1962313729531753,0,정상,-0.6326687116564367,정상
2019-03-16,2019,,,False,-0.9651377205997842,,,0,정상,-0.6390593047034709,정상
2019-03-17,2019,,,False,-0.663902244725887,,,0,정상,-0.651840490797545,정상
2019-03-18,2019,0.26848377067920354,-10.224528367765796,False,1.0855067086588028,393.858343,1.3953209585694089,1,주의,-0.6390593047034709,정상
2019-03-19,2019,0.2823161836280356,-5.229828136713932,False,1.004995150190067,427.300841,1.4818219985513477,1,주의,-0.651840490797545,정상
2019-03-20,2019,,,False,1.3361715435636443,315.351965,1.0725884114178414,0,정상,-0.7189417177914104,정상
2019-03-21,2019,0.3215256916369595,7.511603161584324,False,0.7814964220550893,315.320234,1.052264674830651,0,정상,-0.8052147239263785,정상
2019-03-22,2019,0.30904731339983293,2.937825961051499,False,0.21388692911543097,340.052659,1.1059002389683594,0,정상,-0.8052147239263785,정상
2019-03-23,2019,,,False,-0.22716558635113432,,,0,정상,-0.8371676891615554,정상
2019-03-24,2019,,,False,1.36051167395742,,,0,정상,-0.8371676891615554,정상
2019-03-25,2019,0.3497895810312316,15.910756474151476,False,0.5399419452967035,341.125974,1.1093908139824729,0,정상,-0.875511247443761,정상
2019-03-26,2019,,,False,-1.0826972201624736,435.326415,1.3805850943266773,1,주의,-0.8371676891615554,정상
2019-03-27,2019,0.3398813449285792,11.87960459727211,False,0.8400750630785885,338.795796,1.0743958479133784,0,정상,-0.9138548057259666,정상
2019-03-28,2019,0.30150417045399386,-0.08971572451272891,False,0.6803980670599805,440.917991,1.3981774015582873,1,주의,-0.8371676891615554,정상
2019-03-29,2019,0.3423622606880668,12.696253931965472,False,0.2830498568781288,438.932955,1.381464342628081,1,주의,-0.8371676891615554,정상
2019-03-30,2019,,,False,0.7645528375505922,,,0,정상,-0.8243865030674868,정상
2019-03-31,2019,,,False,1.288429306618005,,,0,정상,-0.8243865030674868,정상
2019-04-01,2019,0.3117054055405299,1.697764001463531,False,0.5476209724214515,417.558597,1.2988090130792864,1,주의,-0.8116053169734183,정상
2019-04-02,2019,0.33387080831294635,8.68393167557604,False,0.39858971735764465,340.902793,1.0558239073095665,0,정상,-0.79243353783231,정상
2019-04-03,2019,0.329940416333617,7.081516829693202,False,0.7902887488468966,380.42518,1.1647094171853014,0,정상,-0.79243353783231,정상
2019-04-04,2019,0.30428661899371073,-0.9465179791757317,False,1.369551540147932,368.997176,1.1169043185333067,0,정상,-0.79243353783231,정상
2019-04-05,2019,0.3294682858987732,6.928287820448653,False,1.084896282570751,366.548212,1.108408794968987,0,정상,-0.699769938650302,정상
2019-04-06,2019,,,False,1.3648165976688245,,,0,정상,-0.6262781186094024,정상
2019-04-07,2019,,,False,1.5860326295152223,,,0,정상,-0.6230828220858853,정상
2019-04-08,2019,0.3149197413617364,1.7486503647432095,False,1.4341627666847394,405.005896,1.209304523476862,1,주의,-0.6198875255623681,정상
2019-04-09,2019,0.3330135677671741,7.434904773065565,False,0.8406349295929988,401.985652,1.1865131053751328,0,정상,-0.6230828220858853,정상
2019-04-10,2019,0.2291239768597661,-25.971438592968255,False,0.12712121757562378,395.815365,1.1661376322937935,1,주의,-0.6262781186094024,정상
2019-04-11,2019,0.3153859427368831,1.7479826779613683,False,0.4759243562720375,393.117726,1.1560495576068999,0,정상,-0.6230828220858853,정상
2019-04-12,2019,0.34925656158512025,12.360185690123092,False,0.3986799734660117,398.247895,1.1696738570205325,0,정상,-0.3962167689161522,정상
2019-04-13,2019,,,False,0.6364735890464289,,,0,정상,-0.17254601226993627,정상
2019-04-14,2019,,,False,0.8011618433079365,,,0,정상,-0.09905419222903666,정상
2019-04-15,2019,0.34925656158512025,12.360185690123092,False,-0.0869701944946638,398.247895,1.167833130416917,0,정상,-0.02556237218813706,정상
2019-04-16,2019,0.28169126994329463,-9.122397130316251,False,-0.1503890656197127,,,0,정상,-0.09905419222903666,정상
2019-04-17,2019,0.3303125292670527,6.26565455428072,False,0.0672554822427571,,,0,정상,-0.3962167689161522,정상
2019-04-18,2019,0.3388740567647029,8.716130917607835,False,0.3335786600865195,,,0,정상,-0.3962167689161522,정상
2019-04-19,2019,0.3481335649312855,11.449080271005595,False,-0.030996091172871595,,,0,정상,-0.3962167689161522,정상
2019-04-20,2019,,,False,0.4669552139841939,,,0,정상,-0.17254601226993627,정상
2019-04-21,2019,,,False,0.7617919214561146,,,0,정상,-0.09905419222903666,정상
2019-04-22,2019,0.29602288918609426,-5.233272334806727,False,0.3038769371407405,391.687374,1.0975221041268055,0,정상,-0.17254601226993627,정상
2019-04-23,2019,0.33929571690343585,8.619792510507175,False,0.2760325404248985,,,0,정상,-0.39941206543966934,정상
2019-04-24,2019,0.2694183400333742,-13.324764531025613,False,0.4499532809623807,,,0,정상,-0.39941206543966934,정상
2019-04-25,2019,0.317256695454055,1.7809411754982518,False,0.4838249138682562,,,0,정상,-0.39941206543966934,정상
2019-04-26,2019,,,False,0.7116692632871097,,,0,정상,-0.39941206543966934,정상
2019-04-27,2019,,,False,0.7528215222525128,,,0,정상,-0.6262781186094024,정상
2019-04-28,2019,,,False,1.3428672922642093,,,0,정상,-0.7508946830265817,정상
2019-04-29,2019,0.33832147122773676,8.307904214025053,False,0.5273797402296652,416.929341,1.1374474826247414,0,정상,-0.875511247443761,정상
2019-04-30,2019,,,False,-0.6982850775879929,,,0,정상,-0.9617842535787291,정상
2019-05-01,2019,0.29067843172971547,-6.944210112893423,False,-0.28250069787206317,,,0,정상,-1.1886503067484622,정상
2019-05-02,2019,0.2756475297572494,-11.320756615191396,False,0.7280667814799194,,,0,정상,-1.3899539877300582,정상
2019-05-03,2019,0.29463117863642924,-4.94779887733745,False,-0.42887664239759105,,,0,정상,-1.4538599182004064,정상
2019-05-04,2019,,,False,-0.07066885239360532,,,0,정상,-1.4570552147239235,정상
2019-05-05,2019,,,False,0.7320885918414413,,,0,정상,-1.5145705521472375,정상
2019-05-06,2019,0.32007350524650263,2.9716330045832295,False,-0.8613726889410639,393.334467,1.069504271026712,0,정상,-1.5720858895705514,정상
2019-05-07,2019,,,False,-0.6439562909289714,,,0,정상,-1.5625,정상
2019-05-08,2019,0.2721237810668705,-12.454390455538888,False,-0.4879669392400531,,,0,정상,-1.5784764826175857,정상
2019-05-09,2019,0.34132823281796604,9.80954358207875,False,-0.22675467547704026,,,0,정상,-1.5784764826175857,정상
2019-05-10,2019,,,False,-1.0852387007700643,,,0,정상,-1.58486707566462,정상
2019-05-11,2019,,,False,-0.07847038645352263,,,0,정상,-1.5912576687116542,정상
2019-05-12,2019,,,False,0.7177841644650992,,,0,정상,-1.5976482617586885,정상
2019-05-13,2019,0.2836585408383902,-8.997875623460382,False,-0.692318585978958,411.475176,1.0816191925045548,0,정상,-1.6264059304703482,정상
2019-05-14,2019,0.31554391940860993,0.19820226073301583,False,-0.5999873805872997,,,0,정상,-1.655163599182008,정상
2019-05-15,2019,0.3205055759396013,1.623291500658075,False,-0.06463452530214753,,,0,정상,-1.6615541922290422,정상
2019-05-16,2019,0.29846917033992243,-5.293835080432785,False,0.22701250695266978,,,0,정상,-1.6615541922290422,정상
2019-05-17,2019,,,False,-0.032906353981253016,,,0,정상,-1.658358895705525,정상
2019-05-18,2019,,,False,0.21534366301859492,,,0,정상,-1.655163599182008,정상
2019-05-19,2019,,,False,1.452668970822659,,,0,정상,-1.658358895705525,정상
2019-05-20,2019,0.29914987129989434,-4.028012994790043,False,0.37291011656745604,480.149221,1.2437285691381208,1,주의,-1.6615541922290422,정상
2019-05-21,2019,0.28315764715530756,-9.158570200512727,False,-0.142750964913671,,,0,정상,-1.6743353783231107,정상
2019-05-22,2019,0.3017072689488251,-3.2075595783675803,False,0.10459229889554843,,,0,정상,-1.6871165644171793,정상
2019-05-23,2019,0.27045461655817926,-12.862365864510217,False,0.44996159740292846,,,0,정상,-1.6871165644171793,정상
2019-05-24,2019,,,False,-0.08465977384918237,,,0,정상,-1.6871165644171793,정상
2019-05-25,2019,,,False,0.09467867502337987,,,0,정상,-1.6871165644171793,정상
2019-05-26,2019,,,False,0.4981763671780789,,,0,정상,-1.6871165644171793,정상
2019-05-27,2019,0.3357966845201667,6.62929007503843,False,0.6368200357866711,427.764004,1.0901152502704174,0,정상,-1.6871165644171793,정상
2019-05-28,2019,0.3214568815865146,1.9249237289869603,False,0.2831330475393048,,,0,정상,-1.6871165644171793,정상
2019-05-29,2019,0.311305767557626,-1.1475856637260362,False,0.749982733145484,,,0,정상,-1.8277096114519442,정상
2019-05-30,2019,0.3141159337476092,-0.12778410604253887,False,1.1151787071386159,,,0,정상,-1.8916155419222869,정상
2019-05-31,2019,,,False,1.3775730720033117,,,0,정상,-1.8596625766871155,정상
2019-06-01,2019,,,False,1.2304986121726982,,,0,정상,-1.8916155419222869,정상
2019-06-02,2019,,,False,2.1625956119428236,,,0,정상,-1.8596625766871155,정상
2019-06-03,2019,0.2969322684497276,-5.711764157505539,False,1.0006820275163892,,,0,정상,-1.8916155419222869,정상
2019-06-04,2019,0.2925643212305393,-7.098767461998589,False,0.489462869375639,,,0,정상,-1.8596625766871155,정상
2019-06-05,2019,0.2847722828869251,-9.34166265002705,False,0.6867516371756729,,,0,정상,-1.8596625766871155,정상
2019-06-06,2019,0.3138748027086197,-0.07676498167814572,False,1.071161446357601,,,0,정상,-1.8596625766871155,정상
2019-06-07,2019,,,False,1.2700843869539011,,,0,정상,-1.8277096114519442,정상
2019-06-08,2019,,,False,1.2710987742302933,,,0,정상,-1.8596625766871155,정상
2019-06-09,2019,,,False,0.6818155276846304,,,0,정상,-1.8596625766871155,정상
2019-06-10,2019,0.2908691795293404,-7.329554007123096,False,-0.0029572267003145324,517.451992,1.3138022875397108,1,주의,-1.8277096114519442,정상
2019-06-11,2019,,,False,-0.6118625690505324,,,0,정상,-1.7574130879345617,정상
2019-06-12,2019,0.2818552205127825,-9.889981557559723,False,-0.09426434057105788,,,0,정상,-1.7574130879345617,정상
2019-06-13,2019,0.3267960671806826,4.116693777441616,False,-0.31809966532522954,,,0,정상,-1.6871165644171793,정상
2019-06-14,2019,0.30626087033293015,-2.087416994830582,False,0.11701782613631928,,,0,정상,-1.6871165644171793,정상
2019-06-15,2019,,,False,0.14413138646857349,,,0,정상,-1.6871165644171793,정상
2019-06-16,2019,,,False,0.7694099494839249,,,0,정상,-1.6871165644171793,정상
2019-06-17,2019,0.3065895596435443,-2.3210665533539454,False,-0.6177521252467522,437.582133,1.098768225755468,0,정상,-1.6871165644171793,정상
2019-06-18,2019,0.30489492108802785,-2.524115351616929,False,-1.0309871935799586,,,0,정상,-1.6871165644171793,정상
2019-06-19,2019,0.2954868549660051,-5.1423577215842675,False,-0.6409549437254441,,,0,정상,-1.6871165644171793,정상
2019-06-20,2019,,,False,-1.4046575226799434,,,0,정상,-1.6871165644171793,정상
2019-06-21,2019,0.30971731367247696,-0.57407409491812,False,-0.9254155926606087,,,0,정상,-1.5529141104294486,정상
2019-06-22,2019,,,False,-0.5630444938301082,,,0,정상,-1.620015337423314,정상
2019-06-23,2019,,,False,-1.5585806812641791,,,0,정상,-1.620015337423314,정상
2019-06-24,2019,0.28735477709724916,-7.457617669196493,False,-0.7446945041444647,310.116658,0.7787025666513565,0,정상,-1.5529141104294486,정상
2019-06-25,2019,,,False,-2.667854654817023,,,0,정상,-1.5529141104294486,정상
2019-06-26,2019,,,False,-1.198687692323155,,,0,정상,-1.5529141104294486,정상
2019-06-27,2019,0.3220821798351085,3.726315355989107,False,-0.9912308112104332,,,0,정상,-1.5529141104294486,정상
2019-06-28,2019,0.3116221380443163,0.10162692749717817,False,-2.8245125433601386,,,0,정상,-1.5497188139059315,정상
2019-06-29,2019,,,False,0.47182570706448385,,,0,정상,-1.5465235173824143,정상
2019-06-30,2019,,,False,-2.2358776769375135,,,0,정상,-1.5465235173824143,정상
2019-07-01,2019,0.2807691205196427,-8.886584694740607,False,-1.3222320722481518,314.542512,0.7898158808849447,0,정상,-1.5497188139059315,정상
2019-07-02,2019,0.2824425923258565,-7.82658263397199,False,-2.8049095240208404,,,0,정상,-1.5529141104294486,정상
2019-07-03,2019,0.3124175345768728,1.3837580281781836,False,-1.622516025983853,,,0,정상,-1.5529141104294486,정상
2019-07-04,2019,0.3075883334439378,0.16261962725043766,False,-1.7570880740750991,,,0,정상,-1.5529141104294486,정상
2019-07-05,2019,0.29108752017621303,-5.056284201378114,False,-1.3286316200880783,,,0,정상,-1.5529141104294486,정상
2019-07-06,2019,,,False,-1.1292185760350735,,,0,정상,-1.6072341513292454,정상
2019-07-07,2019,,,False,-0.24016767246564122,,,0,정상,-1.6072341513292454,정상
2019-07-08,2019,0.33743332970501794,10.119309116898556,False,-2.282134948951791,246.880344,0.6199162559289861,0,정상,-1.6615541922290422,정상
2019-07-09,2019,0.29867948006586337,-2.5277733500721156,False,-2.5395130420714294,,,0,정상,-1.6743353783231107,정상
2019-07-10,2019,0.3154907651436328,2.9584870017121734,False,-1.8123987919722413,,,0,정상,-1.6935071574642135,정상
2019-07-11,2019,0.32566404734981946,6.278475602055389,False,-1.6628255720234693,,,0,정상,-1.763803680981596,정상
2019-07-12,2019,0.32348262619972357,5.509994070189461,False,-1.6082662571126871,,,0,정상,-1.8277096114519442,정상
2019-07-13,2019,,,False,-1.809897132517348,,,0,정상,-1.8277096114519442,정상
2019-07-14,2019,,,False,1.059836409444597,,,0,정상,-1.8532719836400813,정상
2019-07-15,2019,0.26921030508126464,-12.144858871487173,False,-1.650539992292061,289.866465,0.7203354669546373,0,정상,-1.8277096114519442,정상
2019-07-16,2019,0.26010982854423326,-14.879370466417718,False,0.17707606324676717,,,0,정상,-1.8277096114519442,정상
2019-07-17,2019,0.34801221395798926,13.886579770061246,False,1.604808031657794,,,0,정상,-1.8277096114519442,정상
2019-07-18,2019,0.32403165253913246,6.038969797127458,False,1.5738207068856347,,,0,정상,-1.8277096114519442,정상
2019-07-19,2019,,,False,-0.06497382944351711,,,0,정상,-1.8277096114519442,정상
2019-07-20,2019,,,False,0.6383334859253675,,,0,정상,-1.8532719836400813,정상
2019-07-21,2019,,,False,1.6970349181823197,,,0,정상,-1.8788343558282183,정상
2019-07-22,2019,0.3446304851719534,12.528409129547757,False,-2.1822460482525425,244.191646,0.6068308155199378,0,정상,-1.8532719836400813,정상
2019-07-23,2019,0.2633711959363653,-14.004294557754083,False,-0.7132194154635109,,,0,정상,-1.8788343558282183,정상
2019-07-24,2019,0.3210992621780293,4.845017200195589,False,-0.9966649995132911,,,0,정상,-1.8788343558282183,정상
2019-07-25,2019,0.25751893338324366,-15.727237801509375,False,0.38423847264839267,,,1,주의,-1.8532719836400813,정상
2019-07-26,2019,0.295869293272431,-2.9602421002582147,False,0.3511404593652349,,,0,정상,-1.8788343558282183,정상
2019-07-27,2019,,,False,0.8872970455343255,,,0,정상,-1.8532719836400813,정상
2019-07-28,2019,,,False,1.0669701746630686,,,0,정상,-1.8788343558282183,정상
2019-07-29,2019,0.28750345056682874,-4.707814442616421,False,-1.799315024273689,272.664437,0.7703723813287054,0,정상,-1.8788343558282183,정상
2019-07-30,2019,0.3363098133958418,10.303514468430253,False,-0.5218649380753208,,,0,정상,-1.8788343558282183,정상
2019-07-31,2019,0.2975144493561909,-2.4206607658466273,False,-0.3518229006621425,,,0,정상,-1.8788343558282183,정상
2019-08-01,2019,0.29636733961373557,-2.7968919402990733,False,-0.5388760266807288,,,0,정상,-1.8277096114519442,정상
2019-08-02,2019,,,False,-0.4144325808111705,,,0,정상,-1.82131901840491,정상
2019-08-03,2019,,,False,0.6812762432857912,,,0,정상,-1.8149284253578757,정상
2019-08-04,2019,,,False,0.050180348614954066,,,0,정상,-1.738241308793459,정상
2019-08-05,2019,0.31977199306172416,4.879409575143789,False,-0.9606425837687059,299.911291,0.9602397768370231,0,정상,-1.6615541922290422,정상
2019-08-06,2019,0.31007923662083914,1.2467692277365217,False,-0.7139176332833833,,,0,정상,-1.6296012269938653,정상
2019-08-07,2019,0.3196182802973102,4.361448444216687,False,-0.76269378058432,,,0,정상,-1.5752811860940685,정상
2019-08-08,2019,0.33870022025855206,10.532751122179619,False,-0.6906643599632684,,,0,정상,-1.5752811860940685,정상
2019-08-09,2019,0.23405904988693246,-23.575267832129033,False,-1.245869415229717,,,1,주의,-1.5752811860940685,정상
2019-08-10,2019,,,False,-0.34328108064625357,,,0,정상,-1.5529141104294486,정상
2019-08-11,2019,,,False,0.6389599138951865,,,0,정상,-1.5529141104294486,정상
2019-08-12,2019,0.335923721340388,9.626657634321356,False,-1.4201124953885922,384.416286,1.2308033067056394,1,주의,-1.5529141104294486,정상
2019-08-13,2019,0.30318112548089066,-0.7843401840358144,False,-1.2701517660591635,,,0,정상,-1.5529141104294486,정상
2019-08-14,2019,0.34667406702073905,13.134967379902761,False,-0.6110127725347652,,,0,정상,-1.501789366053169,정상
2019-08-15,2019,0.3234366826066979,5.495008695906312,False,-0.09545437088611325,,,0,정상,-1.4474693251533721,정상
2019-08-16,2019,0.314186785115035,2.3113298772813096,False,-0.05658274811214165,,,0,정상,-1.4474693251533721,정상
2019-08-17,2019,,,False,-0.4585964035262647,,,0,정상,-1.4506646216768893,정상
2019-08-18,2019,,,False,-0.3890106731745319,,,0,정상,-1.4506646216768893,정상
2019-08-19,2019,,,False,-1.269882060544093,489.312592,1.5666546350388166,1,주의,-1.4474693251533721,정상
2019-08-20,2019,0.32116260562200816,3.6348477480293573,False,-1.1941591044998499,,,0,정상,-1.444274028629855,정상
2019-08-21,2019,,,False,-0.25965985371433287,,,0,정상,-1.3420245398772956,정상
2019-08-22,2019,0.2834804012632361,-8.524692133546008,False,1.077000240571584,,,0,정상,-1.1886503067484622,정상
2019-08-23,2019,0.30889391056671334,-0.2658563371869982,False,0.4367012777415558,,,0,정상,-1.0352760736196287,정상
2019-08-24,2019,,,False,0.19938206583444484,,,0,정상,-0.9138548057259721,정상
2019-08-25,2019,,,False,1.3585953184386923,,,0,정상,-0.7924335378323155,정상
2019-08-26,2019,0.32989534770240675,6.65676107255706,False,1.0278718763532637,543.393502,1.7398079724019744,1,주의,-0.7604805725971386,정상
2019-08-27,2019,0.32701219176736634,5.724622817682601,False,0.5229424629141867,,,0,정상,-0.7285276073619618,정상
2019-08-28,2019,0.34909904000462055,12.865407650488736,False,-0.13516951408557648,,,0,정상,0.2939672801635984,정상
2019-08-29,2019,0.23446815478567515,-24.094277431527445,False,1.0302517066340287,,,1,주의,0.36426380368097533,정상
2019-08-30,2019,0.2844271918646443,-7.725747293467822,False,1.2309271450020922,,,0,정상,0.4665132924335458,정상
2019-08-31,2019,,,False,1.1864473127010595,,,0,정상,0.47290388548058004,정상
2019-09-01,2019,,,False,0.971099680695403,,,0,정상,0.47290388548058004,정상
2019-09-02,2019,0.3174145757146197,2.4852540372613863,False,1.2717279573308362,592.508503,1.8837151748823067,1,주의,0.4665132924335458,정상
2019-09-03,2019,0.27438060950840887,-11.40934090673288,False,1.1086663172741809,,,0,정상,0.41538854805726055,정상
2019-09-04,2019,,,False,-2.249221054853271,,,0,정상,0.41538854805726055,정상
2019-09-05,2019,,,False,-1.9553684773811606,,,0,정상,0.41538854805726055,정상
2019-09-06,2019,0.3139127526979784,1.3546026780853815,False,-0.2901237430779508,,,0,정상,0.41538854805726055,정상
2019-09-07,2019,,,False,-0.2807003893952743,,,0,정상,0.4665132924335458,정상
2019-09-08,2019,,,False,-0.47135394471025804,,,0,정상,0.47290388548058004,정상
2019-09-09,2019,,,False,-0.3754701510474199,584.50222,1.8582614358977332,1,주의,0.4665132924335458,정상
2019-09-10,2019,,,False,-0.5986941745457395,,,0,정상,0.47290388548058004,정상
2019-09-11,2019,0.3058908839100831,-1.2354587856332255,False,-0.7165212828751376,,,0,정상,0.5336145194274056,정상
2019-09-12,2019,,,False,0.4726230770219294,,,0,정상,0.5879345603271968,정상
2019-09-13,2019,,,False,1.6774969345724697,,,0,정상,0.6007157464212654,정상
2019-09-14,2019,,,False,2.1556923863469337,,,0,정상,0.5879345603271968,정상
2019-09-15,2019,,,False,1.6515404599444707,,,0,정상,0.5336145194274056,정상
2019-09-16,2019,0.3141439679122875,0.8092588940560308,False,0.9337047591380798,386.601514,1.229091455847469,1,주의,0.5879345603271968,정상
2019-09-17,2019,0.33421319451857295,6.97645219280647,False,1.0241007609739443,,,0,정상,0.6007157464212654,정상
2019-09-18,2019,0.34966307553394627,11.654532005891749,False,1.7960621715457805,,,0,정상,0.6390593047034709,정상
2019-09-19,2019,0.3007807418791178,-3.954591374526084,False,1.6029513271016285,,,0,정상,0.6774028629856765,정상
2019-09-20,2019,0.3381028649417142,7.705998573116135,False,1.0743783773829003,,,0,정상,0.7540899795500988,정상
2019-09-21,2019,,,False,0.6604907904062468,,,0,정상,0.8179959100204526,정상
2019-09-22,2019,,,False,1.5149420050429356,,,0,정상,0.8371676891615554,정상
2019-09-23,2019,0.3358252658532546,6.901707546719726,False,0.7174586153662782,467.879337,1.2171163242547949,1,주의,0.8563394683026582,정상
2019-09-24,2019,0.33931253143399104,8.004432315040999,False,-0.07425532984512381,,,0,정상,0.9777607361963203,정상
2019-09-25,2019,0.3460842389957895,10.15989184942545,False,0.010031172734080164,,,0,정상,1.8404907975460127,정상
2019-09-26,2019,0.31432154101720483,0.021440591407762,False,0.012363284614480184,,,0,정상,2.581799591002043,정상
2019-09-27,2019,0.29865745256061466,-4.942707106135769,False,0.5238615886767833,,,0,정상,3.009969325153372,정상
2019-09-28,2019,,,False,0.6901720814940832,,,0,정상,3.438139059304701,정상
2019-09-29,2019,,,False,0.9471983509358112,,,0,정상,3.5403885480572606,정상
2019-09-30,2019,0.3306245316593247,4.99144853955642,False,0.13271326240023912,358.366373,0.9322351472902998,0,정상,3.64263803680982,정상
2019-10-01,2019,0.3295446525837922,4.13710591758083,False,-3.349041164072682,0.024435,6.579313532412446e-05,0,정상,3.6873721881390598,정상
2019-10-02,2019,0.33084986195063687,3.8721500243751983,False,0.6838250406934638,,,0,정상,3.8982617586912016,정상
2019-10-03,2019,0.341032512524798,6.6742885321620316,False,0.17573215671665326,,,0,정상,4.195424335378317,정상
2019-10-04,2019,,,False,-0.47343730893272606,,,0,정상,4.342407975460116,정상
2019-10-05,2019,,,False,-0.3047253765749429,,,0,정상,4.358384458077702,정상
2019-10-06,2019,,,False,-0.1975149759071558,,,0,정상,4.6523517382413,정상
2019-10-07,2019,,,False,-0.19704128989365904,478.312362,1.2407297522832805,1,주의,4.946319018404899,정상
2019-10-08,2019,0.30627465559334155,-4.197899669530858,False,-0.971550732487771,,,0,정상,4.952709611451933,정상
2019-10-09,2019,0.28528435531101487,-10.433393625250531,False,-0.9429410191851805,,,0,정상,5.023006134969322,경계
2019-10-10,2019,0.29732658574304216,-5.870005570930825,False,-0.6103505906956119,,,0,정상,5.323364008179965,경계
2019-10-11,2019,0.315922374103,0.0,False,-0.49436234855608835,,,0,정상,6.3905930470347645,경계
2019-10-12,2019,,,False,0.16428779330982907,,,0,정상,6.3905930470347645,경계
2019-10-13,2019,,,False,2.2218116491091506,,,0,정상,6.3905930470347645,경계
2019-10-14,2019,0.2950574973049784,-6.824480273906241,False,1.3467915771013252,553.841928,1.296323790876854,1,주의,6.518404907975461,경계
2019-10-15,2019,,,False,-0.5954725720558368,,,0,정상,6.7963957055214745,경계
2019-10-16,2019,0.3028919394251575,-3.6362769013726925,False,0.7826353159054901,,,0,정상,7.147878323108381,경계
2019-10-17,2019,0.2829469965016683,-9.96237130448594,False,0.5498513386261413,,,0,정상,7.147878323108381,경계
2019-10-18,2019,0.2655478002108545,-15.480913650258088,False,1.525717068391295,,,1,주의,7.425869120654394,경계
2019-10-19,2019,,,False,0.28042960433216907,,,0,정상,7.630368098159512,경계
2019-10-20,2019,,,False,1.0827417685510936,,,0,정상,7.6814928425357865,경계
2019-10-21,2019,0.33183343697028034,5.593966912846171,False,0.39175564926518475,409.994478,0.9340624381193099,0,정상,7.630368098159512,경계
2019-10-22,2019,,,False,-0.32453697059933434,,,0,정상,7.425869120654394,경계
2019-10-23,2019,0.32010573378112217,1.8402151965781766,False,-0.9033359595199499,,,0,정상,7.352377300613499,경계
2019-10-24,2019,0.30101800401065154,-4.232461117205166,False,-1.2157022435540266,,,0,정상,6.7963957055214745,경계
2019-10-25,2019,0.28664393483541706,-8.785954642991822,False,-0.7520770227480719,,,0,정상,6.7963957055214745,경계
2019-10-26,2019,,,False,-0.7547445487582322,,,0,정상,7.074386503067487,경계
2019-10-27,2019,,,False,-0.4949024130436079,,,0,정상,7.403502044989773,경계
2019-10-28,2019,0.31015612480548455,-1.282886645940473,False,-0.5978400893215348,364.287287,0.8299308642666372,0,정상,7.074386503067487,경계
2019-10-29,2019,0.2981346279908227,-5.109112758620659,False,-1.168054644722371,,,0,정상,6.7963957055214745,경계
2019-10-30,2019,0.3092826488181272,-1.5608983347635719,False,-0.3139495117970528,,,0,정상,6.7963957055214745,경계
2019-10-31,2019,0.28446128324414593,-9.45492262678529,False,0.12544311805656141,,,0,정상,6.7963957055214745,경계
2019-11-01,2019,0.33108091917667076,5.377098866666286,False,0.08631454570296646,,,0,정상,6.230828220858897,경계
2019-11-02,2019,,,False,-0.8155085046278443,,,0,정상,5.943251533742333,경계
2019-11-03,2019,,,False,-0.42492123073511134,,,0,정상,5.8953220858895765,경계
2019-11-04,2019,,,False,0.2947057622614783,,,0,정상,5.8953220858895765,경계
2019-11-05,2019,,,False,0.38148223050105634,,,0,정상,5.8953220858895765,경계
2019-11-06,2019,,,False,0.7586278226265155,,,0,정상,5.847392638036819,경계
2019-11-07,2019,,,False,-0.19151617639207036,,,0,정상,5.777096114519431,경계
2019-11-08,2019,0.2980531176051087,-5.122126143027361,False,-0.25748409591262716,,,0,정상,5.777096114519431,경계
2019-11-09,2019,,,False,-0.2646658700715971,,,0,정상,5.706799591002043,경계
2019-11-10,2019,,,False,0.7335425658702366,,,0,정상,5.563011247443761,경계
2019-11-11,2019,0.3272111306963928,4.152511752727861,False,2.6474934345287338,483.510406,1.0108674673978006,0,정상,5.706799591002043,경계
2019-11-12,2019,0.2987448370301372,-4.866924522404636,False,-1.343758228528305,,,0,정상,5.777096114519431,경계
2019-11-13,2019,0.33128219730442693,5.494356300344627,False,1.0046465492743644,,,0,정상,5.777096114519431,경계
2019-11-14,2019,0.31991364368899566,1.8741248013855127,False,0.6759989855177386,,,0,정상,5.777096114519431,경계
2019-11-15,2019,0.2909159510478411,-7.325857727182861,False,-0.9629707048535394,,,0,정상,5.777096114519431,경계
2019-11-16,2019,,,False,-1.1293990627433415,,,0,정상,5.706799591002043,경계
2019-11-17,2019,,,False,-3.774437414464528,,,0,정상,5.563011247443761,경계
2019-11-18,2019,0.3416363772358839,8.83163372613247,False,0.565390835635828,384.728206,0.822280822373654,0,정상,5.706799591002043,경계
2019-11-19,2019,0.3106247672792057,-0.5264672359304945,False,-1.32271507064142,,,0,정상,5.7291666666666625,경계
2019-11-20,2019,0.29094522142919205,-6.8285852738452,False,-1.3029827422344826,,,0,정상,5.7291666666666625,경계
2019-11-21,2019,0.29542579997871576,-5.393738397171588,False,-1.4700027802744802,,,0,정상,6.1541411042944745,경계
2019-11-22,2019,0.31102657483602186,0.0,False,-0.5606704425495488,,,0,정상,6.914621676891619,경계
2019-11-23,2019,,,False,-0.5948462406469773,,,0,정상,7.272494887525571,경계
2019-11-24,2019,,,False,0.10762834149646543,,,0,정상,7.46421267893661,경계
2019-11-25,2019,0.2986752470257267,-3.774342659702934,False,-0.32355192170964575,374.205443,0.9127084950641701,0,정상,7.272494887525571,경계
2019-11-26,2019,0.3098407360443601,-0.05086941257931299,False,-1.7373200657127497,,,0,정상,7.07119120654397,경계
2019-11-27,2019,0.30719247559197776,-0.9051513032173553,False,0.40485383352275306,,,0,정상,7.461017382413093,경계
2019-11-28,2019,0.32453749160767026,4.557822492833785,False,-0.40780475296233065,,,0,정상,7.461017382413093,경계
2019-11-29,2019,,,False,-2.1688376396610187,,,0,정상,7.652735173824132,경계
2019-11-30,2019,,,False,2.558615701080031,,,0,정상,7.655930470347649,경계
2019-12-01,2019,,,False,1.5458749346023373,,,0,정상,7.777351738241311,경계
2019-12-02,2019,0.3316229729680518,6.759990799436766,False,-1.4353456760026249,340.827141,0.8815980503376921,0,정상,7.655930470347649,경계
2019-12-03,2019,0.3266060018256504,5.076907166111022,False,-0.9397557840243883,,,0,정상,7.652735173824132,경계
2019-12-04,2019,0.30309682263419796,-2.4234850011947695,False,0.8406030115542475,,,0,정상,7.649539877300615,경계
2019-12-05,2019,0.30159609396342324,-2.7599103024097182,False,0.03548143975676404,,,0,정상,7.649539877300615,경계
2019-12-06,2019,,,False,0.15528947384510952,,,0,정상,7.649539877300615,경계
2019-12-07,2019,,,False,0.48271360719496814,,,0,정상,7.649539877300615,경계
2019-12-08,2019,,,False,1.750365490877134,,,0,정상,7.461017382413093,경계
2019-12-09,2019,,,False,0.19977320798212686,559.27358,1.446640946160392,1,주의,7.272494887525571,경계
2019-12-10,2019,0.2697743576361355,-13.01981935538904,False,0.7873873775338308,,,0,정상,7.1606595092024605,경계
2019-12-11,2019,0.3133404913952868,0.9504304628433102,False,0.8557518491970603,,,0,정상,6.959355828220859,경계
2019-12-12,2019,0.29787521433208797,-3.959589861750623,False,1.0953800879775686,,,0,정상,6.7133179959100175,경계
2019-12-13,2019,0.3347887273057509,7.860512968262312,False,1.8314318834680205,,,0,정상,6.42893660531697,경계
2019-12-14,2019,,,False,0.701239715369198,,,0,정상,6.301124744376274,경계
2019-12-15,2019,,,False,1.1164581431139275,,,0,정상,6.141359918200406,경계
2019-12-16,2019,0.31791667297617815,2.502142485678993,False,1.5098252088203514,296.519176,0.7707237768784752,0,정상,5.981595092024539,경계
2019-12-17,2019,0.31159295826836086,0.4632613538673169,False,1.7885647923160632,,,0,정상,5.86656441717791,경계
2019-12-18,2019,,,False,0.5343004767321522,,,0,정상,5.86656441717791,경계
2019-12-19,2019,0.313733552631579,1.0770649135179111,False,0.8190792530702056,,,0,정상,5.738752556237214,경계
2019-12-20,2019,0.31145787807474645,0.2682048836086359,False,-0.026490347171284942,,,0,정상,5.738752556237214,경계
2019-12-21,2019,,,False,-0.779673749101132,,,0,정상,5.725971370143146,경계
2019-12-22,2019,,,False,-4.345990096800973,,,0,정상,5.690823108384457,경계
2019-12-23,2019,0.2711300147459305,-12.53826208917056,False,1.882709428186676,577.271729,1.5004663552014172,1,주의,5.725971370143146,경계
2019-12-24,2019,0.24904075807127102,-19.550524447857786,False,0.15116603194135755,,,1,주의,5.738752556237214,경계
2019-12-25,2019,0.2977722018394456,-3.3952255172083556,False,0.8010987445097271,,,0,정상,5.738752556237214,경계
2019-12-26,2019,0.3022087050686074,-1.9559125413905365,False,1.4310207736584009,,,0,정상,5.738752556237214,경계
2019-12-27,2019,,,False,1.1939998397795968,,,0,정상,5.725971370143146,경계
2019-12-28,2019,,,False,1.2320158428193073,,,0,정상,5.690823108384457,경계
2019-12-29,2019,,,False,0.8603275963478895,,,0,정상,5.655674846625769,경계
2019-12-30,2019,,,False,-8.06775478343638,,,0,정상,5.655674846625769,경계
2019-12-31,2019,,,False,-2.542687559855233,,,0,정상,5.655674846625769,경계
2020-01-01,2020,0.3108437666620589,1.4918345299795188,False,4.516812008047742,,,0,정상,5.725971370143146,경계
2020-01-02,2020,0.34962264561552603,13.98251930466028,False,0.4053168003425374,,,0,정상,5.751533742331283,경계
2020-01-03,2020,0.34001012487018967,10.683090207522294,False,-0.036921071759470896,,,0,정상,6.301124744376274,경계
2020-01-04,2020,,,False,-0.5911853630974698,,,0,정상,6.301124744376274,경계
2020-01-05,2020,,,False,1.1584877409162644,,,0,정상,6.301124744376274,경계
2020-01-06,2020,0.30420136247847895,-0.9736934824769894,False,0.020972411705090035,424.143366,1.0345099477169055,0,정상,6.0263292433537785,경계
2020-01-07,2020,0.31683890169352796,2.443154475130016,False,-0.024586458606750045,,,0,정상,5.751533742331283,경계
2020-01-08,2020,0.24937604444021286,-19.369532887421137,False,0.25774605089667474,,,1,주의,5.725971370143146,경계
2020-01-09,2020,0.3331184823265589,7.70681239297335,False,0.12656180529034874,,,0,정상,5.725971370143146,경계
2020-01-10,2020,0.2978689322224701,-3.3638437536320676,False,0.2575176955558718,,,0,정상,5.725971370143146,경계
2020-01-11,2020,,,False,0.5080999124024157,,,0,정상,6.01354805725971,경계
2020-01-12,2020,,,False,0.20888558362077086,,,0,정상,5.725971370143146,경계
2020-01-13,2020,0.3033775164766873,-1.5767207908074732,False,-0.8046425998520013,258.878822,0.6728875553252261,0,정상,5.342535787321056,경계
2020-01-14,2020,0.324413613447697,4.797725745653136,False,0.18560224940330497,,,0,정상,4.959100204498967,정상
2020-01-15,2020,0.32210206998978924,3.90441962827881,False,0.06461228994512734,,,0,정상,4.959100204498967,정상
2020-01-16,2020,0.30737745671194033,-0.8454796720710367,False,0.1572883525945089,,,0,정상,4.959100204498967,정상
2020-01-17,2020,0.3485886818069613,12.391358392673958,False,-0.11880734078377665,,,0,정상,4.959100204498967,정상
2020-01-18,2020,,,False,-0.21322310034403813,,,0,정상,4.802530674846617,정상
2020-01-19,2020,,,False,-0.2958451357780287,,,0,정상,4.645961145194266,정상
2020-01-20,2020,,,False,-0.19552182126149292,,,0,정상,4.645961145194266,정상
2020-01-21,2020,0.27231261444074173,-12.032844793538288,False,0.2977028320282439,277.632699,0.7419258703834514,0,정상,4.572469325153373,정상
2020-01-22,2020,0.31628733375245716,2.02868876429938,False,0.24378823264150776,,,0,정상,4.176252556237225,정상
2020-01-23,2020,,,False,0.004308626262329516,,,0,정상,3.4956543967280207,정상
2020-01-24,2020,,,False,0.26835709535700947,,,0,정상,3.1377811860940685,정상
2020-01-25,2020,,,False,0.12221497871399443,,,0,정상,3.054703476482612,정상
2020-01-26,2020,,,False,-0.014954849768771886,,,0,정상,3.054703476482612,정상
2020-01-27,2020,,,False,-0.24974719506889145,,,0,정상,3.054703476482612,정상
2020-01-28,2020,0.3218141432193299,3.5292252037331995,False,-0.33304560922569404,262.609262,0.7017783063086017,0,정상,2.9716257668711554,정상
2020-01-29,2020,0.3393298953156506,9.099968545951654,False,0.09767927004311246,,,0,정상,2.862985685071573,정상
2020-01-30,2020,0.3343758463769424,7.50716286967783,False,0.23616256825901874,,,0,정상,2.7543456032719904,정상
2020-01-31,2020,0.3434920369383292,10.361643678695387,False,0.02351580504540038,,,0,정상,2.4028629856850614,정상
2020-02-01,2020,,,False,-0.5632854484137261,,,0,정상,2.1632157464212654,정상
2020-02-02,2020,,,False,-0.42603129424640085,,,0,정상,1.9235685071574693,정상
2020-02-03,2020,0.2924946462600137,-5.958310342381024,False,-0.2598204297857741,316.929992,0.8864770615824131,0,정상,2.1632157464212654,정상
2020-02-04,2020,0.33439221041119105,7.4379316134102424,False,-0.3868999626554732,,,0,정상,2.4028629856850614,정상
2020-02-05,2020,0.3251127256549236,4.384171517697211,False,-0.1333897939041625,,,0,정상,2.4028629856850614,정상
2020-02-06,2020,0.33028472676569415,5.998777572256597,False,-0.06548083374356004,,,0,정상,1.9235685071574693,정상
2020-02-07,2020,0.3194773602474005,2.2436422372174025,False,-0.08884611871436718,,,0,정상,1.776584867075659,정상
2020-02-08,2020,,,False,0.053762095350661766,,,0,정상,1.6775306748466279,정상
2020-02-09,2020,,,False,0.2164508904446594,,,0,정상,1.5784764826175968,정상
2020-02-10,2020,0.2653080230039367,-14.854294372262755,False,-0.40305899425961816,352.567529,1.0169317540326637,0,정상,1.6775306748466279,정상
2020-02-11,2020,0.3220745302811631,3.3638667802546873,False,-0.16784713768330314,,,0,정상,1.776584867075659,정상
2020-02-12,2020,0.2659533322429323,-14.610176539150999,False,-0.16914899030134267,,,0,정상,1.776584867075659,정상
2020-02-13,2020,0.30233678717895845,-2.928515069893023,False,-0.3785307590928169,,,0,정상,2.4028629856850614,정상
2020-02-14,2020,0.3080426526061396,-1.0280012084745715,False,-0.0390329666165306,,,0,정상,2.4028629856850614,정상
2020-02-15,2020,,,False,0.1182366384474536,,,0,정상,2.4475971370143124,정상
2020-02-16,2020,,,False,0.061893608373460626,,,0,정상,2.4028629856850614,정상
2020-02-17,2020,0.26069385724944044,-16.182770752987143,False,-0.26071644428405305,415.829096,1.199400901077016,1,주의,2.4475971370143124,정상
2020-02-18,2020,0.24200489347127896,-22.191570415207195,False,-0.3863860075586105,,,1,주의,2.4923312883435633,정상
2020-02-19,2020,0.2487109881573837,-20.035454112399208,False,-0.08862422612884287,,,1,주의,2.5913854805725944,정상
2020-02-20,2020,0.2350047481721919,-24.3977929183689,False,-0.35553473216186826,,,1,주의,2.962039877300604,정상
2020-02-21,2020,0.241444771369504,-22.200483396407165,False,-0.1686172105637829,,,1,주의,3.789621676891608,정상
2020-02-22,2020,,,False,0.3871691882939382,,,0,정상,4.3456032719836335,정상
2020-02-23,2020,,,False,0.3334487107797011,,,0,정상,4.3456032719836335,정상
2020-02-24,2020,0.2998626533484914,-3.5326792721263933,False,0.46997817673872916,437.020298,1.2605239610509267,1,주의,4.6523517382413,정상
2020-02-25,2020,0.34105483369076156,9.502715358804359,False,0.8162718814346086,,,0,정상,4.959100204498967,정상
2020-02-26,2020,0.32379642422413446,3.961545691397439,False,0.048015556137761206,,,0,정상,5.288215746421265,경계
2020-02-27,2020,0.27168041722274067,-12.685296746196284,False,-0.3961681937920324,,,0,정상,5.6940184049079745,경계
2020-02-28,2020,0.2618794840208324,-15.752055499462259,False,-0.4434824394237307,,,1,주의,5.860173824130877,경계
2020-02-29,2020,,,False,-0.08151123321085516,,,0,정상,5.949642126789367,경계
2020-03-01,2020,,,False,0.052462335956980605,,,0,정상,6.502428425357875,경계
2020-03-02,2020,0.2738286818037042,-11.010811100364693,False,-0.43658692253753323,378.274034,1.035173841091465,0,정상,7.055214723926384,경계
2020-03-03,2020,0.2436243350923717,-20.826657626667057,False,-0.31125206006941736,,,1,주의,7.061605316973418,경계
2020-03-04,2020,0.28292647886312206,-8.054197586549305,False,-0.3980126534792442,,,0,정상,7.22776073619632,경계
2020-03-05,2020,0.3066166346226502,-0.2475204582108037,False,-0.17441422368246803,,,0,정상,7.451431492842531,경계
2020-03-06,2020,0.344310495743427,11.894457308176797,False,-0.3755361269433873,,,0,정상,7.611196319018399,경계
2020-03-07,2020,,,False,-0.8594320279654589,,,0,정상,7.7070552147239235,경계
2020-03-08,2020,,,False,-0.22329948079986886,,,0,정상,7.99143660531697,경계
2020-03-09,2020,0.26337500289492455,-14.408060800366496,False,-1.2849371221154606,413.565053,1.1317502286059777,0,정상,8.275817995910018,경계
2020-03-10,2020,0.30699965295338943,-0.06149378819739759,False,-0.7141784053527888,,,0,정상,8.499488752556239,경계
2020-03-11,2020,0.18863722416827425,-38.5923657634215,False,-1.0122446961321148,,,1,주의,8.748721881390598,경계
2020-03-12,2020,0.19999722971261602,-34.81358504916404,False,-0.830280449309716,,,1,주의,8.783870143149286,경계
2020-03-13,2020,0.227706053463588,-25.735910008984554,False,-0.4615662728317582,,,1,주의,8.796651329243355,경계
2020-03-14,2020,,,False,-0.16807481381728862,,,0,정상,8.799846625766872,경계
2020-03-15,2020,,,False,0.009961151634243605,,,0,정상,8.905291411042949,경계
2020-03-16,2020,0.2915657687991021,-4.023731272391052,False,0.2251008959686314,589.869481,1.4898720982183593,1,주의,9.010736196319025,경계
2020-03-17,2020,0.30507165937127506,0.28609237174526125,False,0.1594663806281789,,,0,정상,9.045884458077712,경계
2020-03-18,2020,0.3133491764920285,3.0071574758961495,False,0.34330758722060606,,,0,정상,9.14813394683026,경계
2020-03-19,2020,,,False,0.08858066404629635,,,0,정상,9.19606339468302,경계
2020-03-20,2020,0.33070978398827755,8.714103478637103,False,-0.07411778565181923,,,0,정상,9.224821063394684,경계
2020-03-21,2020,,,False,-0.3300829041614356,,,0,정상,9.234406952965246,경계
2020-03-22,2020,,,False,-0.3501238702048604,,,0,정상,9.243992842535796,경계
2020-03-23,2020,0.3075392002009959,0.5542212334866514,False,-0.23620923401443533,565.147957,1.4274313210305065,1,주의,9.234406952965246,경계
2020-03-24,2020,0.31275266048842004,1.9375354992230642,False,-0.3657343611894884,,,0,정상,9.224821063394684,경계
2020-03-25,2020,0.25492836457981854,-16.90951829624382,False,-0.08157573755809022,,,1,주의,9.243992842535796,경계
2020-03-26,2020,0.24702130264356867,-19.436431442287816,False,-0.27155357140469405,,,1,주의,9.243992842535796,경계
2020-03-27,2020,0.2972824948312717,-2.7993513198655062,False,-0.09290656163495115,,,0,정상,9.243992842535796,경계
2020-03-28,2020,,,False,-0.12443845316403257,,,0,정상,9.234406952965246,경계
2020-03-29,2020,,,False,-0.03939828873103117,,,0,정상,9.243992842535796,경계
2020-03-30,2020,0.28934579439252334,-5.1548101882558655,False,0.050528729292282575,707.737705,1.711309260456299,1,주의,9.253578732106348,경계
2020-03-31,2020,,,False,1.095663811625314,,,0,정상,9.253578732106348,경계
2020-04-01,2020,0.26411557625788373,-13.059658455516187,False,0.4175130226142657,,,0,정상,9.253578732106348,경계
2020-04-02,2020,0.3110112832365585,2.3772530642916845,False,0.05509951313189115,,,0,정상,9.253578732106348,경계
2020-04-03,2020,0.2703573870481111,-10.884171580036528,False,0.39775680532793456,,,0,정상,9.234406952965246,경계
2020-04-04,2020,,,False,0.701428294193462,,,0,정상,9.243992842535796,경계
2020-04-05,2020,,,False,0.7453141735131629,,,0,정상,9.234406952965246,경계
2020-04-06,2020,0.29129122859335405,-3.257555889384378,False,1.235531669711681,337.842638,0.8931161212085735,0,정상,9.243992842535796,경계
2020-04-07,2020,0.25752879855017063,-14.470595215230253,False,1.0365121185481516,,,0,정상,9.253578732106348,경계
2020-04-08,2020,0.2276226524229838,-23.83783694296313,False,1.1598459818162632,,,1,주의,9.253578732106348,경계
2020-04-09,2020,0.2163169702322187,-27.54961808143197,False,0.0360952285492185,,,1,주의,9.266359918200418,경계
2020-04-10,2020,0.25213935683920474,-15.185266127993447,False,0.20274161488713918,,,1,주의,9.266359918200418,경계
2020-04-11,2020,,,False,1.0434531525173492,,,0,정상,9.269555214723935,경계
2020-04-12,2020,,,False,1.0884675684987222,,,0,정상,9.272750511247452,경계
2020-04-13,2020,0.27264687059489684,-6.637442440847208,False,1.0026825193821036,339.603963,0.8977723355973201,0,정상,9.269555214723935,경계
2020-04-14,2020,0.28274423451682146,-2.979895315062764,False,1.1717504162098198,,,0,정상,9.266359918200418,경계
2020-04-15,2020,0.24713324403952341,-14.875133945589159,False,1.006922423374267,,,0,정상,9.266359918200418,경계
2020-04-16,2020,0.3166261002183553,9.061629790719184,False,0.6323034758417196,,,0,정상,9.272750511247452,경계
2020-04-17,2020,0.3118969835805123,7.073935966648737,False,0.9199567056648035,,,0,정상,9.266359918200418,경계
2020-04-18,2020,,,False,1.1164809191841696,,,0,정상,9.269555214723935,경계
2020-04-19,2020,,,False,1.3087516762101274,,,0,정상,9.266359918200418,경계
2020-04-20,2020,0.32188312445956235,10.398119019709018,False,1.318595293701503,303.883697,0.8033427348597763,0,정상,9.269555214723935,경계
2020-04-21,2020,0.2934383649295152,0.6422551378805208,False,0.8847163843939961,,,0,정상,9.272750511247452,경계
2020-04-22,2020,0.2600030498113758,-10.7832449556036,False,1.2420111876657591,,,0,정상,9.28553169734152,경계
2020-04-23,2020,0.24396296861902037,-16.247746354355385,False,1.2295304128566567,,,1,주의,9.317484662576693,경계
2020-04-24,2020,0.253223174711412,-12.77746175769745,False,0.7105211727406948,,,0,정상,9.368609406952967,경계
2020-04-25,2020,,,False,0.7262874778012747,,,0,정상,9.390976482617585,경계
2020-04-26,2020,,,False,0.4329535794635383,,,0,정상,9.413343558282206,경계
2020-04-27,2020,0.24871341228311758,-13.078643189126726,False,0.49958456203844964,352.579521,0.9320743411111322,0,정상,9.422929447852756,경계
2020-04-28,2020,0.2833296376047068,0.07119724270698846,False,0.09196261060966994,,,0,정상,9.432515337423307,경계
2020-04-29,2020,0.3058710508121324,8.032758293220166,False,0.802281066032553,,,0,정상,9.477249488752548,경계
2020-04-30,2020,,,False,0.3364755076521682,,,0,정상,9.55393660531697,경계
2020-05-01,2020,0.2698965875307606,-4.574664677936235,False,-0.3126382877699488,,,0,정상,9.659381390593047,경계
2020-05-02,2020,,,False,0.006858487113492841,,,0,정상,9.688139059304701,경계
2020-05-03,2020,,,False,-1.7877598600039553,,,0,정상,9.790388548057262,경계
2020-05-04,2020,0.3301601271510587,16.769888417093902,False,-0.7269161714964665,338.416,0.8946318530549734,0,정상,9.89263803680982,경계
2020-05-05,2020,,,False,-1.008261202977901,,,0,정상,9.89263803680982,경계
2020-05-06,2020,0.29201251506771614,4.932348127248298,False,-1.1157933945253182,,,0,정상,9.943762781186095,경계
2020-05-07,2020,0.2643686447806093,-3.2459389554620133,False,-1.733628463976945,,,0,정상,10.014059304703471,만성부하
2020-05-08,2020,0.22177310879156353,-18.659213543265775,False,-1.20023701944341,,,1,주의,10.116308793456042,만성부하
2020-05-09,2020,,,False,-0.29363061091804704,,,0,정상,10.167433537832316,만성부하
2020-05-10,2020,,,False,-0.7676603311215063,,,0,정상,10.21855828220859,만성부하
2020-05-11,2020,,,False,-0.8155140653078291,418.339687,1.0115450615697938,0,정상,10.167433537832316,만성부하
2020-05-12,2020,0.30532829466478756,11.503401562464543,False,-0.9995742138298801,,,0,정상,10.116308793456042,만성부하
2020-05-13,2020,0.3038198369742152,10.952525123723312,False,-0.6623383678874732,,,0,정상,10.116308793456042,만성부하
2020-05-14,2020,0.34371061449079343,25.520311541792594,False,-0.4621535460481021,,,0,정상,10.116308793456042,만성부하
2020-05-15,2020,,,False,-0.8995307766634788,,,0,정상,10.167433537832316,만성부하
2020-05-16,2020,,,False,-0.6032253270650799,,,0,정상,10.21855828220859,만성부하
2020-05-17,2020,,,False,-0.5425250929108122,,,0,정상,10.224948875255624,만성부하
2020-05-18,2020,0.33776125027147486,19.419740949046126,False,-0.6655916464488977,417.168998,1.0087143364117859,0,정상,10.21855828220859,만성부하
2020-05-19,2020,0.32967189678100195,16.43914730225502,False,-0.7013742658360393,,,0,정상,10.167433537832316,만성부하
2020-05-20,2020,0.2774369804478879,-2.0100719870457584,False,-0.32538644749016465,,,0,정상,10.167433537832316,만성부하
2020-05-21,2020,0.32226781732004384,12.548155312380338,False,-0.1167257011324421,,,0,정상,10.030035787321069,만성부하
2020-05-22,2020,0.33160131899960416,14.603815028932976,False,0.2738271341809963,,,0,정상,9.886247443762786,경계
2020-05-23,2020,,,False,0.5620929991465842,,,0,정상,9.943762781186095,경계
2020-05-24,2020,,,False,0.4306438839664298,,,0,정상,9.97252044989776,경계
2020-05-25,2020,0.314551698655474,9.853393765631413,False,0.44885925712805375,304.114894,0.8039539240486171,0,정상,9.828732106339476,경계
2020-05-26,2020,0.2989380611946946,4.400518860093339,False,0.4377897185394808,,,0,정상,9.691334355828229,경계
2020-05-27,2020,0.324595381702976,11.80664299833014,False,0.9929257004889749,,,0,정상,9.537960122699396,경계
2020-05-28,2020,0.3310342071611253,13.590197472821753,False,1.5831243041851348,,,0,정상,9.528374233128844,경계
2020-05-29,2020,0.3189726581588919,9.399899539878431,False,1.7771986685354755,,,0,정상,9.528374233128844,경계
2020-05-30,2020,,,False,1.7956324007340732,,,0,정상,9.52198364008181,경계
2020-05-31,2020,,,False,2.50775668051939,,,0,정상,9.490030674846627,경계
2020-06-01,2020,0.3363304718119804,14.896222143716287,False,2.3249653758109585,268.502909,0.7615385835185816,0,정상,9.52198364008181,경계
2020-06-02,2020,,,False,1.808725630443376,,,0,정상,9.528374233128844,경계
2020-06-03,2020,0.2962830919354133,0.9694461753770423,False,2.4777227061132394,,,0,정상,9.528374233128844,경계
2020-06-04,2020,0.2974263212577014,1.3590439440814617,False,2.336542852825672,,,0,정상,9.534764826175879,경계
2020-06-05,2020,0.30211208498314945,2.459247994548064,False,2.2200484974267485,,,0,정상,9.534764826175879,경계
2020-06-06,2020,,,False,2.0690174942036377,,,0,정상,9.528374233128844,경계
2020-06-07,2020,,,False,1.5605045314194224,,,0,정상,9.52198364008181,경계
2020-06-08,2020,0.29929820291266074,1.0176453058970747,False,1.8216088110950333,285.035676,0.8393178733311778,0,정상,9.528374233128844,경계
2020-06-09,2020,0.3011545155619411,1.3024718232625965,False,1.0033648475456196,,,0,정상,9.534764826175879,경계
2020-06-10,2020,0.28541651350666963,-3.9914833637738623,False,1.6306158269925366,,,0,정상,9.55393660531698,경계
2020-06-11,2020,0.27703077849971697,-6.812280132084137,False,1.7251217832333172,,,0,정상,9.777607361963181,경계
2020-06-12,2020,,,False,1.441035642315923,,,0,정상,9.803169734151329,경계
2020-06-13,2020,,,False,0.8227004995131558,,,0,정상,9.828732106339476,경계
2020-06-14,2020,,,False,0.1417236743908485,,,0,정상,9.828732106339476,경계
2020-06-15,2020,,,False,1.6308245828472514,206.029875,0.6088065428348541,0,정상,9.962934560327207,경계
2020-06-16,2020,,,False,-5.354587818274794,,,0,정상,9.962934560327207,경계
2020-06-17,2020,,,False,-0.8612808366799738,,,0,정상,10.097137014314939,만성부하
2020-06-18,2020,,,False,-0.14315071389875966,304.953568,0.901884429607833,0,정상,10.161042944785281,만성부하
2020-06-19,2020,0.29896127535835765,0.7340324383972252,False,0.10064414707996433,,,0,정상,10.244120654396728,만성부하
2020-06-20,2020,,,False,-0.06680973868657432,,,0,정상,10.745782208588961,만성부하
2020-06-21,2020,,,False,-0.43484584638415114,,,0,정상,11.247443762781195,만성부하
2020-06-22,2020,0.30682684241534924,3.558674378298443,False,-0.20911939675619232,221.917288,0.6904747910102009,0,정상,11.496676891615543,만성부하
2020-06-23,2020,0.31370424142078407,5.523953436556295,False,0.1616693018579395,,,0,정상,11.745910020449891,만성부하
2020-06-24,2020,0.3189357335562306,7.231845590388297,False,0.822341342762362,,,0,정상,11.758691206543958,만성부하
2020-06-25,2020,0.31252377114316743,4.544657142077546,False,0.41423749446427005,,,0,정상,12.244376278118608,만성부하
2020-06-26,2020,0.30694411998874865,2.674179823751377,False,0.07267772647426511,,,0,정상,12.269938650306745,만성부하
2020-06-27,2020,,,False,0.09197555334935625,,,0,정상,12.311477505112467,만성부하
2020-06-28,2020,,,False,0.3121298599968042,,,0,정상,12.35301635991819,만성부하
2020-06-29,2020,0.33219074397434767,11.052396506741658,False,-0.19170925175861897,224.531626,0.7372951975306842,0,정상,12.38816462167689,만성부하
2020-06-30,2020,0.3038305127213,1.2004786965259084,False,0.1831706809968741,,,0,정상,12.423312883435589,만성부하
2020-07-01,2020,0.34387826790834775,14.539665598297468,False,-0.0033186282534680006,,,0,정상,12.429703476482622,만성부하
2020-07-02,2020,0.2809948819030601,-6.405659177660716,False,0.18490657310742079,,,0,정상,12.525562372188137,만성부하
2020-07-03,2020,0.28952505580316046,-3.2653544239128696,False,0.6299032294336536,,,0,정상,12.73645194274029,만성부하
2020-07-04,2020,,,False,0.33251133339843847,,,0,정상,12.631007157464214,만성부하
2020-07-05,2020,,,False,-0.09551415460909081,,,0,정상,12.73645194274029,만성부하
2020-07-06,2020,0.3368536919101783,11.67655945341879,False,-0.602944824846061,247.425305,0.8139009157670893,0,정상,12.902607361963192,만성부하
2020-07-07,2020,0.2754411812934541,-8.683430826578153,False,-1.755391163044769,,,0,정상,13.068762781186095,만성부하
2020-07-08,2020,0.3064950442680002,1.164844815542243,False,-0.7756342573134735,,,0,정상,13.068762781186095,만성부하
2020-07-09,2020,0.2912269115304147,-3.8747090301321507,False,-0.19966416789094435,273.462666,0.8998925203940771,0,정상,13.068762781186095,만성부하
2020-07-10,2020,0.266256883716301,-11.868178417572505,False,-0.12650238220653964,,,0,정상,13.420245398773002,만성부하
2020-07-11,2020,,,False,-0.3186729301661616,,,0,정상,13.739775051124736,만성부하
2020-07-12,2020,,,False,-0.13170337757962533,,,0,정상,13.739775051124736,만성부하
2020-07-13,2020,0.30990215969346024,2.000158429513843,False,-0.7208726990437574,328.982627,1.082593868140284,0,정상,14.05930470347647,만성부하
2020-07-14,2020,0.3298164834864555,8.285878653451451,False,-0.7309731352375934,258.164191,0.8767386601153636,0,정상,14.072085889570552,만성부하
2020-07-15,2020,0.28545460469747874,-6.046427903640339,False,-0.11346982033812426,249.242576,0.8744258946729181,0,정상,14.135991820040905,만성부하
2020-07-16,2020,0.30036291622217925,-0.8591871998076539,False,0.12090421667937289,,,0,정상,14.084867075664631,만성부하
2020-07-17,2020,0.29548683291730543,-2.192978167759674,False,0.3307289767040647,,,0,정상,13.8036809815951,만성부하
2020-07-18,2020,,,False,0.3193047640706119,,,0,정상,14.084867075664631,만성부하
2020-07-19,2020,,,False,0.2356772977646102,,,0,정상,14.135991820040905,만성부하
2020-07-20,2020,0.33720286831709423,11.300578859689425,False,-0.17990241937987983,345.233636,1.2111944751786088,1,주의,14.17433537832311,만성부하
2020-07-21,2020,0.31086474899930344,2.316981848220201,False,-0.4866665213258916,,,0,정상,14.12960122699387,만성부하
2020-07-22,2020,0.29763771309772225,-2.0365204276228344,False,0.269015629376821,,,0,정상,14.12960122699387,만성부하
2020-07-23,2020,0.3195544141206393,4.916619523849142,False,0.2227814192474005,347.454859,1.1795112376790198,0,정상,14.180725971370144,만성부하
2020-07-24,2020,,,False,0.29711443865727394,,,0,정상,14.215874233128833,만성부하
2020-07-25,2020,,,False,0.28560535006075133,,,0,정상,14.244631901840489,만성부하
2020-07-26,2020,,,False,0.09906030127053825,,,0,정상,14.330904907975462,만성부하
2020-07-27,2020,,,False,0.6229056965805788,,,0,정상,14.330904907975462,만성부하
2020-07-28,2020,0.3416180569465359,11.672123375491083,False,0.6289152213082112,350.067378,1.1883800027554925,0,정상,14.244631901840489,만성부하
2020-07-29,2020,,,False,0.48641678087777174,,,0,정상,14.244631901840489,만성부하
2020-07-30,2020,0.34328627368890713,11.943265401888926,False,-0.2980666696584004,,,0,정상,14.18711656441718,만성부하
2020-07-31,2020,0.33144188901057625,8.022455402355511,False,-0.0009137962315467321,,,0,정상,14.17433537832311,만성부하
2020-08-01,2020,,,False,-0.2537591708317894,,,0,정상,14.180725971370144,만성부하
2020-08-02,2020,,,False,0.08915385156352182,,,0,정상,14.18711656441718,만성부하
2020-08-03,2020,0.2697346374838712,-11.993801358819233,False,0.24943541104753683,288.398026,1.005863537473073,0,정상,14.180725971370144,만성부하
2020-08-04,2020,0.28862486788330827,-5.830494397510133,False,0.12810945085425907,,,0,정상,14.17433537832311,만성부하
2020-08-05,2020,,,False,0.23847074676943927,,,0,정상,13.957055214723923,만성부하
2020-08-06,2020,0.3213691664230584,4.719573296292112,False,-0.2957745764089168,,,0,정상,13.905930470347649,만성부하
2020-08-07,2020,0.3071186400944737,0.05685728911550836,False,-0.1945679013325824,,,0,정상,13.867586912065445,만성부하
2020-08-08,2020,,,False,-1.0214036165255662,,,0,정상,13.822852760736193,만성부하
2020-08-09,2020,,,False,-0.0954879191883207,,,0,정상,13.778118609406942,만성부하
2020-08-10,2020,0.3240620357101809,5.51688937229442,False,-0.1588481791664229,377.608328,1.3170077959596451,1,주의,13.752556237218805,만성부하
2020-08-11,2020,,,False,-0.8752393443750652,,,0,정상,13.752556237218805,만성부하
2020-08-12,2020,0.25869825983424516,-15.742078285553596,False,-0.942966729692556,,,1,주의,13.682259713701427,만성부하
2020-08-13,2020,0.32130875676980014,4.620402288497161,False,-0.974922134111131,,,0,정상,13.580010224948879,만성부하
2020-08-14,2020,0.3320183090700845,7.61981093155919,False,-0.657773172442953,,,0,정상,13.490541922290388,만성부하
2020-08-15,2020,,,False,-1.049565897820743,,,0,정상,13.458588957055206,만성부하
2020-08-16,2020,,,False,-1.0087603301561416,,,0,정상,13.548057259713698,만성부하
2020-08-17,2020,0.3341229628446189,8.792798360216203,False,-1.0567490560610708,236.453561,0.8467475844359802,0,정상,13.458588957055206,만성부하
2020-08-18,2020,0.3322835717091886,7.222089719499514,False,-1.2031561942032751,,,0,정상,13.375511247443761,만성부하
2020-08-19,2020,,,False,-1.0042508645709036,,,0,정상,13.100715746421265,만성부하
2020-08-20,2020,,,False,-0.416571389116831,,,0,정상,12.864263803680975,만성부하
2020-08-21,2020,0.3016430193224967,-1.7549869718151312,False,0.05133739806149409,,,0,정상,12.70130368098159,만성부하
2020-08-22,2020,,,False,-0.23200146261057847,,,0,정상,12.583077709611445,만성부하
2020-08-23,2020,,,False,-0.5474583310147257,,,0,정상,12.356211656441717,만성부하
2020-08-24,2020,0.3329464549795073,8.409719083507472,False,-0.07548827367338917,261.269956,0.9641570167994526,0,정상,12.12934560327199,만성부하
2020-08-25,2020,0.3175169083378485,3.385749637396218,False,-0.1994400354509904,,,0,정상,11.752300613496935,만성부하
2020-08-26,2020,0.34250682836498253,11.522644232737855,False,-0.20098088379261916,,,0,정상,11.37525562372188,만성부하
2020-08-27,2020,0.313799295885287,2.1752687459016595,False,-0.04759398119719479,,,0,정상,11.33052147239264,만성부하
2020-08-28,2020,0.3150865058345474,2.1315670210276805,False,0.22030057548268325,,,0,정상,11.317740286298573,만성부하
2020-08-29,2020,,,False,0.1009467358039804,,,0,정상,11.103655419222903,만성부하
2020-08-30,2020,,,False,-0.08643056319781438,,,0,정상,10.889570552147232,만성부하
2020-08-31,2020,0.2670649560940201,-13.01704859684849,False,0.32361865398977085,,,0,정상,10.448619631901835,만성부하
2020-09-01,2020,,,False,0.1457780836739409,,,0,정상,10.448619631901835,만성부하
2020-09-02,2020,0.31388977695957226,1.2867342615670685,False,0.5451138998365582,,,0,정상,9.927786298568508,경계
2020-09-03,2020,0.2956843781275932,-4.587829132888455,False,0.4182461351142379,,,0,정상,9.652990797546012,경계
2020-09-04,2020,0.3025100856367482,-1.9449309518515645,False,-0.12507144694890054,,,0,정상,9.445296523517376,경계
2020-09-05,2020,,,False,0.1850667992189233,,,0,정상,9.432515337423307,경계
2020-09-06,2020,,,False,0.7635424517638565,,,0,정상,9.336656441717794,경계
2020-09-07,2020,0.29377288888264314,-5.204633238687773,False,1.4991314673730813,490.18478,1.7925107919484702,1,주의,9.432515337423307,경계
2020-09-08,2020,0.30607904514684176,-1.233652114719086,False,-1.3041195279259206,,,0,정상,9.445296523517376,경계
2020-09-09,2020,0.28483224974101823,-8.089620923339137,False,-0.36853496724295304,,,0,정상,9.336656441717794,경계
2020-09-10,2020,0.29918876353785945,-3.0214982572099203,False,-0.1402223426498747,,,0,정상,9.432515337423307,경계
2020-09-11,2020,0.29223912445647293,-4.844875463574483,False,-0.11981253683995811,,,0,정상,9.432515337423307,경계
2020-09-12,2020,,,False,-1.0286093548960074,,,0,정상,9.336656441717794,경계
2020-09-13,2020,,,False,1.8780540390862004,,,0,정상,9.240797546012281,경계
2020-09-14,2020,0.32844482448106666,6.461508135204186,False,0.7856227883083848,486.556093,1.6870992487306413,1,주의,9.336656441717794,경계
2020-09-15,2020,0.3467023670847837,11.874782488681056,False,0.314832495108377,,,0,정상,9.432515337423307,경계
2020-09-16,2020,,,False,-0.5108602264668878,,,0,정상,9.432515337423307,경계
2020-09-17,2020,,,False,-2.565053145643071,,,0,정상,9.432515337423307,경계
2020-09-18,2020,,,False,0.2625501825349126,,,0,정상,9.458077709611445,경계
2020-09-19,2020,,,False,-0.38042722652947125,,,0,정상,9.349437627811863,경계
2020-09-20,2020,,,False,-3.754403739516186,,,0,정상,9.240797546012281,경계
2020-09-21,2020,,,False,-2.829629787982695,,,0,정상,9.240797546012281,경계
2020-09-22,2020,,,False,-3.4737723349944027,,,0,정상,9.240797546012281,경계
2020-09-23,2020,,,False,-2.19509269584589,555.701947,1.8001922940076325,1,주의,9.458077709611445,경계
2020-09-24,2020,,,False,-1.9331253583064614,,,0,정상,9.541155419222914,경계
2020-09-25,2020,,,False,-1.4235799123234505,,,0,정상,9.617842535787325,경계
2020-09-26,2020,,,False,-0.8346379297327318,,,0,정상,9.621037832310842,경계
2020-09-27,2020,,,False,-1.0102298246304473,,,0,정상,9.624233128834359,경계
2020-09-28,2020,,,False,-0.9630434153481049,586.762552,1.7405766790291737,1,주의,9.774412065439675,경계
2020-09-29,2020,,,False,-1.603081190678255,,,0,정상,9.924591002044991,경계
2020-09-30,2020,0.312413100166323,0.6539155974712996,False,-1.1650324769599856,,,0,정상,10.001278118609402,만성부하
2020-10-01,2020,,,False,-1.0473908390209596,,,0,정상,10.001278118609402,만성부하
2020-10-02,2020,,,False,-0.0671495926341126,,,0,정상,10.017254601226988,만성부하
2020-10-03,2020,,,False,0.01689548156105476,,,0,정상,10.033231083844573,만성부하
2020-10-04,2020,,,False,-0.5486335297467874,,,0,정상,10.119504089979547,만성부하
2020-10-05,2020,0.3467179677729966,11.256309922498687,False,-0.6628528001348136,600.094029,1.7326519303601253,1,주의,10.20577709611452,만성부하
2020-10-06,2020,,,False,-0.5455468410566995,,,0,정상,10.474182004089982,만성부하
2020-10-07,2020,,,False,0.19239355950958228,,,0,정상,11.908870143149286,만성부하
2020-10-08,2020,0.3256979351289576,3.7768376794597325,False,-0.17969185042202965,,,0,정상,12.896216768916158,만성부하
2020-10-09,2020,0.33800319713771965,7.682129826500561,False,0.6838442951855755,,,0,정상,13.183793456032722,만성부하
2020-10-10,2020,,,False,0.5185991301806041,,,0,정상,13.292433537832316,만성부하
2020-10-11,2020,,,False,0.5052040228399971,,,0,정상,13.375511247443761,만성부하
2020-10-12,2020,0.32472306267019607,3.25446970040566,False,0.6156858089273195,487.234945,1.339154079166139,1,주의,13.292433537832316,만성부하
2020-10-13,2020,0.33517437340252876,5.966665969079843,False,0.007872306108948852,,,0,정상,13.183793456032722,만성부하
2020-10-14,2020,0.3427911798582132,7.614694861908444,False,0.5565669831185237,,,0,정상,13.183793456032722,만성부하
2020-10-15,2020,0.33246753246753247,3.756167484422468,False,0.660406583857293,,,0,정상,13.375511247443761,만성부하
2020-10-16,2020,0.34322471282328104,6.82083995276308,False,1.0429534214789615,,,0,정상,13.62474437627812,만성부하
2020-10-17,2020,,,False,1.1127809680116933,,,0,정상,13.790899795501034,만성부하
2020-10-18,2020,,,False,0.9878762979897281,,,0,정상,13.822852760736204,만성부하
2020-10-19,2020,,,False,0.8833700059516044,398.155755,1.0,0,정상,13.790899795501034,만성부하
2020-10-20,2020,,,False,1.1893088651389843,,,0,정상,13.62474437627812,만성부하
2020-10-21,2020,,,False,0.5839695922762229,,,0,정상,13.458588957055206,만성부하
2020-10-22,2020,,,False,0.6892562627300453,,,0,정상,13.375511247443761,만성부하
2020-10-23,2020,,,False,1.6301047219110545,,,0,정상,13.266871165644167,만성부하
2020-10-24,2020,,,False,1.062739120253699,,,0,정상,13.075153374233128,만성부하
2020-10-25,2020,,,False,0.9404275299563628,,,0,정상,13.087934560327197,만성부하
2020-10-26,2020,,,False,0.5965030870419633,708.563167,1.4552673815016155,1,주의,12.717280163599188,만성부하
2020-10-27,2020,,,False,0.46803240689979014,659.20081,1.3529423879890226,1,주의,13.087934560327197,만성부하
2020-10-28,2020,0.26569035933659296,-16.8191342807677,False,1.0838675621716651,,,1,주의,13.087934560327197,만성부하
2020-10-29,2020,,,False,0.38716347651615085,639.440275,1.3084251496970762,1,주의,13.087934560327197,만성부하
2020-10-30,2020,,,False,0.32853593256542607,,,0,정상,12.717280163599188,만성부하
2020-10-31,2020,,,False,0.1516176711246851,,,0,정상,12.717280163599188,만성부하
2020-11-01,2020,,,False,0.27264729407355504,,,0,정상,12.717280163599188,만성부하
2020-11-02,2020,,,False,0.34468295005592675,,,0,정상,13.087934560327197,만성부하
2020-11-03,2020,,,False,0.09626227234013124,,,0,정상,13.458588957055206,만성부하
2020-11-04,2020,,,False,0.10007601928458135,,,0,정상,13.087934560327197,만성부하
2020-11-05,2020,,,False,0.3594549379005446,,,0,정상,13.087934560327197,만성부하
2020-11-06,2020,,,False,0.3923516688040343,,,0,정상,13.087934560327197,만성부하
2020-11-07,2020,,,False,0.30894690202624225,,,0,정상,13.458588957055206,만성부하
2020-11-08,2020,,,False,-0.15643603947833548,,,0,정상,13.254089979550109,만성부하
2020-11-09,2020,,,False,0.3136854112189521,,,0,정상,13.854805725971374,만성부하
2020-11-10,2020,,,False,-0.09204769892271014,,,0,정상,13.765337423312884,만성부하
2020-11-11,2020,,,False,-0.094245969728467,,,0,정상,13.765337423312884,만성부하
2020-11-12,2020,,,False,0.02067769591274952,,,0,정상,13.765337423312884,만성부하
2020-11-13,2020,0.29846825696760115,-5.638113775256004,False,-0.06574319125362312,,,0,정상,13.765337423312884,만성부하
2020-11-14,2020,,,False,-0.3753845727078349,,,0,정상,13.675869120654394,만성부하
2020-11-15,2020,,,False,0.06353731891573773,,,0,정상,13.164621676891619,만성부하
2020-11-16,2020,0.26756635044919125,,False,0.1802621463503503,,,0,정상,12.653374233128844,만성부하
2020-11-17,2020,,,False,-0.19242958518237743,,,0,정상,12.461656441717794,만성부하
2020-11-18,2020,0.3091586692717165,-1.4930536003997963,False,0.20041921430480222,,,0,정상,12.95053680981596,만성부하
2020-11-19,2020,0.28798077640944647,-8.24094639588402,False,0.6176297896903438,,,0,정상,12.95053680981596,만성부하
2020-11-20,2020,0.28700374153978575,-8.539074082338495,False,0.5591192800407978,,,0,정상,13.228527607361961,만성부하
2020-11-21,2020,,,False,1.0906335961009472,,,0,정상,13.247699386503076,만성부하
2020-11-22,2020,,,False,0.7062152806914567,,,0,정상,13.461784253578735,만성부하
2020-11-23,2020,0.22650552805993063,-27.118463483400046,False,0.7952615479694661,,,1,주의,13.247699386503076,만성부하
2020-11-24,2020,0.23711399890870064,-22.919550166787282,False,0.7184409168987181,,,1,주의,13.228527607361961,만성부하
2020-11-25,2020,0.24685605027542276,-18.875958248684853,False,1.2018951200017118,,,1,주의,13.228527607361961,만성부하
2020-11-26,2020,0.2284171619557204,-24.075918619736036,False,1.088159257045203,,,1,주의,12.931365030674845,만성부하
2020-11-27,2020,0.2364183223385865,-20.98021344686294,False,1.0855499057347182,,,1,주의,12.931365030674845,만성부하
2020-11-28,2020,,,False,1.214557139013392,,,0,정상,12.653374233128844,만성부하
2020-11-29,2020,,,False,1.5104874208964456,,,0,정상,12.653374233128844,만성부하
2020-11-30,2020,0.2507372994573144,-16.19427932640726,False,1.0626560706412715,,,1,주의,12.63420245398773,만성부하
2020-12-01,2020,0.25385346943216486,-14.947917071221163,False,0.8798866026085279,,,0,정상,12.615030674846617,만성부하
2020-12-02,2020,0.2375732779755145,-20.402497609217065,False,0.8276979354992624,,,1,주의,12.269938650306745,만성부하
2020-12-03,2020,0.2714470382061454,-7.599697426611918,False,1.3026308047425956,,,0,정상,11.758691206543958,만성부하
2020-12-04,2020,0.24728695547589727,-15.603451858658001,False,0.7905422134586166,,,1,주의,11.643660531697341,만성부하
2020-12-05,2020,,,False,0.4087433792474305,,,0,정상,11.528629856850724,만성부하
2020-12-06,2020,,,False,0.7462125873515507,,,0,정상,11.260224948875264,만성부하
2020-12-07,2020,0.28642379361106085,-0.5406551151775241,False,0.4834762010793916,,,0,정상,10.991820040899803,만성부하
2020-12-08,2020,0.2765255422924474,-3.9777773571636588,False,0.47005470914506453,,,0,정상,10.969452965235183,만성부하
2020-12-09,2020,0.3148953143616791,9.34594950670109,False,0.8125883081141726,,,0,정상,10.832055214723935,만성부하
2020-12-10,2020,0.319503689656379,10.946186630913779,False,1.13045569811099,,,0,정상,10.576431492842541,만성부하
2020-12-11,2020,,,False,0.771328853405485,,,0,정상,10.435838445807777,만성부하
2020-12-12,2020,,,False,0.5965121611243561,,,0,정상,10.362346625766872,만성부하
2020-12-13,2020,,,False,1.3693426888749782,,,0,정상,10.435838445807777,만성부하
2020-12-14,2020,0.3329278027372097,15.804092925717782,False,0.6703444348111957,,,0,정상,10.362346625766872,만성부하
2020-12-15,2020,0.34262649608819734,18.97547480775468,False,0.394307659409182,,,0,정상,10.288854805725967,만성부하
2020-12-16,2020,,,False,0.8483243685225323,,,0,정상,9.89263803680982,경계
2020-12-17,2020,0.32048420253017734,9.296523411311487,False,0.8385092238514481,,,0,정상,9.375,경계
2020-12-18,2020,,,False,0.6504440292073631,,,0,정상,9.13854805725971,경계
2020-12-19,2020,,,False,0.18483940001052745,,,0,정상,8.90209611451942,경계
2020-12-20,2020,,,False,-0.30292621277039733,,,0,정상,8.672034764826176,경계
2020-12-21,2020,,,False,-1.177787073967109,,,0,정상,8.441973415132932,경계
2020-12-22,2020,,,False,0.3113097034154913,,,0,정상,7.786937627811863,경계
2020-12-23,2020,,,False,1.2978081304139506,,,0,정상,7.323619631901835,경계
2020-12-24,2020,,,False,0.3566847210816901,,,0,정상,7.131901840490795,경계
2020-12-25,2020,,,False,-1.3732894595888079,,,0,정상,7.064800613496935,경계
2020-12-26,2020,,,False,-1.920376605037462,,,0,정상,6.997699386503076,경계
2020-12-27,2020,,,False,-2.5270415420181562,,,0,정상,6.908231083844585,경계
2020-12-28,2020,,,False,-2.930678902719371,,,0,정상,6.908231083844585,경계
2020-12-29,2020,,,False,-2.0362021667098165,,,0,정상,6.908231083844585,경계
2020-12-30,2020,,,False,-0.7749969830678002,,,0,정상,6.908231083844585,경계
2020-12-31,2020,,,False,-1.516347236626396,,,0,정상,6.908231083844585,경계
2021-01-01,2021,,,False,-2.502094319693293,,,0,정상,6.818762781186094,경계
2021-01-02,2021,,,False,-4.148222733983352,,,0,정상,6.73248977505112,경계
2021-01-03,2021,,,False,-2.294616316059721,,,0,정상,6.646216768916147,경계
2021-01-04,2021,,,False,-1.720345769043178,,,0,정상,6.73248977505112,경계
2021-01-05,2021,,,False,-2.2103789129877174,,,0,정상,6.818762781186094,경계
2021-01-06,2021,,,False,-1.2920033416217702,,,0,정상,6.997699386503076,경계
2021-01-07,2021,,,False,-1.1814858657264562,,,0,정상,7.131901840490795,경계
2021-01-08,2021,,,False,-4.157667950929833,,,0,정상,7.323619631901835,경계
2021-01-09,2021,,,False,-1.403396225679821,,,0,정상,7.515337423312873,경계
2021-01-10,2021,,,False,-1.0212953164934846,,,0,정상,7.515337423312873,경계
2021-01-11,2021,0.2796051878797558,,False,-2.1943644210972546,,,0,정상,9.12896216768916,경계
2021-01-12,2021,0.2537920810945566,,False,-2.707897758695925,,,0,정상,10.742586912065445,만성부하
2021-01-13,2021,0.23708883152827329,,False,-2.120890484095163,,,0,정상,11.311349693251538,만성부하
2021-01-14,2021,0.2784689921387613,,False,-1.0606840495644427,,,0,정상,11.33052147239264,만성부하
2021-01-15,2021,0.3082180135300756,,False,-0.052345191996667935,,,0,정상,11.33052147239264,만성부하
2021-01-16,2021,,,False,-1.4446615503673224,,,0,정상,11.448747443762786,만성부하
2021-01-17,2021,,,False,-1.3576908633236744,,,0,정상,11.448747443762786,만성부하
2021-01-18,2021,0.2659613817114029,,False,-1.0602264707533002,271.162483,,0,정상,11.566973415132932,만성부하
2021-01-19,2021,0.23683445621456772,-12.122978315847488,False,-1.933096476294229,,,0,정상,11.720347648261765,만성부하
2021-01-20,2021,0.2466626911349094,-7.8125142713905245,False,-1.0631400852448896,,,0,정상,11.892893660531701,만성부하
2021-01-21,2021,0.24479909700070843,-8.233787207513753,False,-0.735420418405062,,,0,정상,11.953604294478527,만성부하
2021-01-22,2021,0.24528658879466472,-7.773607124350312,False,-0.4191427937600126,,,0,정상,12.257157464212677,만성부하
2021-01-23,2021,,,False,-0.10812133502741214,,,0,정상,12.257157464212677,만성부하
2021-01-24,2021,,,False,-0.5230530244553471,,,0,정상,12.257157464212677,만성부하
2021-01-25,2021,0.2527749195191825,-4.909586481966288,False,0.11697443636060527,296.995176,,0,정상,12.519171779141104,만성부하
2021-01-26,2021,0.2729753316123022,2.328450859283704,False,-0.2815854831330061,,,0,정상,12.640593047034766,만성부하
2021-01-27,2021,0.25475157003698873,-4.214826830226814,False,-0.006774168313659631,,,0,정상,12.762014314928427,만성부하
2021-01-28,2021,0.2520282505656513,-3.1987778604626205,False,0.9788522689035386,,,0,정상,12.800357873210633,만성부하
2021-01-29,2021,0.2640403335631063,0.0,False,0.3693261851004304,,,0,정상,12.800357873210633,만성부하
2021-01-30,2021,,,False,1.0625536184407072,,,0,정상,12.838701431492838,만성부하
2021-01-31,2021,,,False,0.6574848845573938,,,0,정상,12.838701431492838,만성부하
2021-02-01,2021,0.24346298742784342,-6.1423334719139415,False,1.1767665885263459,653.439558,,0,정상,12.800357873210633,만성부하
2021-02-02,2021,0.2548837765967844,0.0,False,0.5250399610633392,472.466755,,0,정상,12.762014314928427,만성부하
2021-02-03,2021,0.26639818934673337,2.6732750053378274,False,0.8486878415218955,,,0,정상,12.749233128834359,만성부하
2021-02-04,2021,0.23691834608249257,-7.048479410563823,False,1.932030028330375,,,0,정상,12.519171779141104,만성부하
2021-02-05,2021,0.24043193937205562,-5.645500862470043,False,2.12602177231824,,,0,정상,11.912065439672803,만성부하
2021-02-06,2021,,,False,2.3161899982891203,,,0,정상,11.892893660531701,만성부하
2021-02-07,2021,,,False,2.2126267423510932,,,0,정상,11.892893660531701,만성부하
2021-02-08,2021,0.2595366273510644,1.8254793680496206,False,-0.5225175189652057,592.386471,,0,정상,11.873721881390598,만성부하
2021-02-09,2021,0.25260128998869685,-0.8697918395296877,False,-0.540651355022824,,,0,정상,11.892893660531701,만성부하
2021-02-10,2021,0.2400585995096973,-5.7675681940480565,False,0.5176049651593136,,,0,정상,11.892893660531701,만성부하
2021-02-11,2021,,,False,0.6169623500077456,,,0,정상,11.912065439672803,만성부하
2021-02-12,2021,,,False,-0.2682905870780663,,,0,정상,12.215618609406953,만성부하
2021-02-13,2021,,,False,-0.29046495593003685,,,0,정상,12.519171779141104,만성부하
2021-02-14,2021,,,False,0.4656041950377867,,,0,정상,12.583077709611457,만성부하
2021-02-15,2021,0.24207683819790926,-4.627613520206819,False,0.6992821027778279,597.549105,,0,정상,12.64698364008181,만성부하
2021-02-16,2021,0.2553463915036457,0.6002677414207902,False,0.2011442615444289,,,0,정상,12.698108384458084,만성부하
2021-02-17,2021,0.24077925168364026,-4.936858740533657,False,0.7078820904259073,,,0,정상,12.701303680981601,만성부하
2021-02-18,2021,0.25789743058106185,1.821646600983584,False,0.9136271604824808,,,0,정상,12.701303680981601,만성부하
2021-02-19,2021,,,False,0.8493112472865323,,,0,정상,12.653374233128844,만성부하
2021-02-20,2021,,,False,0.42295111399592394,,,0,정상,12.650178936605327,만성부하
2021-02-21,2021,,,False,0.7107823156534642,,,0,정상,12.64698364008181,만성부하
2021-02-22,2021,,,False,0.7726820738091891,,,0,정상,12.64698364008181,만성부하
2021-02-23,2021,0.2528276214584753,-0.3920663950872205,False,0.9993189051050119,595.712666,,0,정상,12.461656441717794,만성부하
2021-02-24,2021,0.26337651559445124,3.5681895206328473,False,1.0963858904645907,,,0,정상,12.030291411042937,만성부하
2021-02-25,2021,0.24349280929923459,-4.250728796012182,False,-0.1330962255612314,,,0,정상,11.707566462167684,만성부하
2021-02-26,2021,0.31495232995733763,23.631163455286284,False,-1.4669549922706153,,,0,정상,11.707566462167684,만성부하
2021-02-27,2021,0.27530237582507555,8.03896458261535,False,-0.845971448545266,,,0,정상,11.707566462167684,만성부하
2021-02-28,2021,0.24451127893459698,-4.044615213746461,False,-0.5929346649071033,,,0,정상,11.707566462167684,만성부하
2021-03-01,2021,,,False,-0.3964010662194826,,,0,정상,11.707566462167684,만성부하
2021-03-02,2021,0.2728831458415905,6.867829317922602,False,-0.4421964865799374,806.158722,1.3570563211342521,1,주의,11.784253578732095,만성부하
2021-03-03,2021,0.2703061179336994,5.858601072042213,False,-0.13757766594410883,,,0,정상,11.784253578732095,만성부하
2021-03-04,2021,0.25897474790551256,0.4177309258271533,False,-0.29918381618778994,,,0,정상,11.784253578732095,만성부하
2021-03-05,2021,0.25056865016494984,-2.3588246431556215,False,-0.1150972641723825,,,0,정상,11.784253578732095,만성부하
2021-03-06,2021,,,False,0.17920367837180362,,,0,정상,12.030291411042937,만성부하
2021-03-07,2021,,,False,0.30372076187162583,,,0,정상,12.276329243353779,만성부하
2021-03-08,2021,,,False,0.11924788860103044,,,0,정상,12.276329243353779,만성부하
2021-03-09,2021,0.3451272589612199,35.28296856538968,False,0.14393108133856716,557.540847,0.9411775492759353,0,정상,11.82579243353783,만성부하
2021-03-10,2021,0.19159917325578601,-24.809307470005493,False,0.27176978160921794,597.342614,1.0055433850550806,1,주의,11.720347648261754,만성부하
2021-03-11,2021,0.2337390525245707,-8.248238670076546,False,0.5745919076633729,,,0,정상,10.733001022494882,만성부하
2021-03-12,2021,0.25041314796003455,-1.517540371274828,False,0.4265868348442643,,,0,정상,9.91500511247444,경계
2021-03-13,2021,,,False,0.5660641826889818,,,0,정상,9.91500511247444,경계
2021-03-14,2021,,,False,0.6587740431142474,,,0,정상,9.91500511247444,경계
2021-03-15,2021,0.2506588789529496,-0.8577949248642192,False,0.6879796647096946,616.40627,1.0347375591977088,0,정상,9.528374233128844,경계
2021-03-16,2021,0.2629451861541816,3.8037742429320787,False,0.30928694898791564,,,0,정상,9.493225971370144,경계
2021-03-17,2021,0.2496213635460316,-1.2578682601746882,False,0.39282695229879266,,,0,정상,9.384585889570552,경계
2021-03-18,2021,,,False,0.49833241575784315,,,0,정상,9.311094069529657,경계
2021-03-19,2021,0.20434217990993864,-19.160421335063837,False,0.1407700163657286,,,1,주의,9.247188139059315,경계
2021-03-20,2021,,,False,0.2317046639264061,,,0,정상,9.218430470347649,경계
2021-03-21,2021,,,False,0.4339528431162044,,,0,정상,9.218430470347649,경계
2021-03-22,2021,,,False,0.27965001210545776,,,0,정상,9.218430470347649,경계
2021-03-23,2021,,,False,0.22385763005409218,,,0,정상,9.218430470347649,경계
2021-03-24,2021,,,False,0.010986619823492548,,,0,정상,9.218430470347649,경계
2021-03-25,2021,0.2253260509709631,-10.828390125297327,False,0.23727847017888695,468.764556,0.7891000698538508,0,정상,9.135352760736193,경계
2021-03-26,2021,0.23185234701504323,-8.21410808099281,False,0.05085055147393545,,,0,정상,9.077837423312884,경계
2021-03-27,2021,,,False,0.40778221549935595,,,0,정상,9.074642126789367,경계
2021-03-28,2021,,,False,0.38069722551747165,,,0,정상,8.793456032719838,경계
2021-03-29,2021,0.2378170880502299,-5.745871401431668,False,0.8563538632793573,543.459854,0.9174076056844991,0,정상,8.793456032719838,경계
2021-03-30,2021,,,False,0.2876443946260756,,,0,정상,8.512269938650308,경계
2021-03-31,2021,0.24467099411241477,-2.9192189513373767,False,0.8456813542269844,,,0,정상,8.793456032719838,경계
2021-04-01,2021,,,False,-0.41688345070027316,,,0,정상,8.512269938650308,경계
2021-04-02,2021,0.22297870934807978,-11.285292081531617,False,0.3599890236677697,,,0,정상,8.512269938650308,경계
2021-04-03,2021,,,False,0.4832305596654581,,,0,정상,8.342919222903888,경계
2021-04-04,2021,,,False,0.1038439815617947,,,0,정상,8.17356850715747,경계
2021-04-05,2021,0.23814704556378147,-4.9915779729936,False,0.05996395467664481,489.532513,0.8514147030638679,0,정상,8.342919222903888,경계
2021-04-06,2021,0.2144943708006699,-14.412374285125795,False,1.1576173387187738,528.573614,0.9480446443415473,0,정상,8.512269938650308,경계
2021-04-07,2021,0.2315474390144812,-7.5912174719171555,False,1.1146834916297121,525.602404,0.9547721514120998,0,정상,8.780674846625768,경계
2021-04-08,2021,0.25499993124462594,1.7501699052306252,False,0.6793478080179047,,,0,정상,8.780674846625768,경계
2021-04-09,2021,0.2376073544591643,-5.17275233643677,False,1.0078047866793145,,,0,정상,9.065056237218815,경계
2021-04-10,2021,,,False,0.9551713903822712,,,0,정상,9.0810327198364,경계
2021-04-11,2021,,,False,1.2323393699061733,,,0,정상,9.237602249488752,경계
2021-04-12,2021,0.24613431214949885,-1.5530702438274036,False,0.5326932224562677,466.502319,0.8583933395749965,0,정상,9.394171779141104,경계
2021-04-13,2021,0.23777868472443936,-4.895090537543922,False,0.6442899385279275,,,0,정상,9.483640081799594,경계
2021-04-14,2021,0.2246757344676437,-9.45679904542297,False,0.668707492250038,,,0,정상,9.598670756646221,경계
2021-04-15,2021,0.23471171169149932,-4.743044244512173,False,0.8700593043658219,,,0,정상,9.84790388548057,경계
2021-04-16,2021,0.25818919245688116,4.67298125587523,False,1.0216626327112075,,,0,정상,9.84790388548057,경계
2021-04-17,2021,,,False,1.1490523792974605,,,0,정상,9.84790388548057,경계
2021-04-18,2021,,,False,1.0703701044977063,,,0,정상,10.07157464212678,만성부하
2021-04-19,2021,0.2288485657368098,-7.1225822350489025,False,0.48236964083923256,492.711865,0.9066205376046048,0,정상,9.84790388548057,경계
2021-04-20,2021,0.2185223817211091,-11.065084410832515,False,-0.20779123059749002,518.439956,0.9672085274860095,0,정상,10.07157464212678,만성부하
2021-04-21,2021,0.24388431154747817,-0.7432076743561722,False,-0.6577290543564938,,,0,정상,10.189800613496924,만성부하
2021-04-22,2021,0.21998809118608117,-10.356270244280285,False,-0.1321172244496129,,,0,정상,10.308026584867068,만성부하
2021-04-23,2021,0.2243638366079563,-8.299781336208689,False,-0.2576381353777304,,,0,정상,10.333588957055206,만성부하
2021-04-24,2021,,,False,-0.20637431109604465,,,0,정상,10.359151329243343,만성부하
2021-04-25,2021,,,False,-0.6131243970247471,,,0,정상,10.403885480572594,만성부하
2021-04-26,2021,0.21995428146969792,-9.927818450371294,False,-0.810575456796958,563.21293,1.0230927727629122,0,정상,10.448619631901845,만성부하
2021-04-27,2021,0.21948263356370684,-9.933140405769125,False,-1.1837398289701777,,,0,정상,10.490158486707568,만성부하
2021-04-28,2021,0.2340495205243252,-3.87237523511732,False,-0.9207300906379287,,,0,정상,10.560455010224945,만성부하
2021-04-29,2021,0.2280329000501461,-6.070362093876658,False,-0.7347871054528163,,,0,정상,10.5892126789366,만성부하
2021-04-30,2021,0.2571585990078675,5.6253362060149525,False,-0.9738407138430684,,,0,정상,11.010991820040905,만성부하
2021-05-01,2021,,,False,-5.619001202516095,,,0,정상,11.010991820040905,만성부하
2021-05-02,2021,,,False,0.026320643512472493,,,0,정상,11.010991820040905,만성부하
2021-05-03,2021,,,False,-0.4441023003031927,,,0,정상,11.010991820040905,만성부하
2021-05-04,2021,0.13006261496373883,-45.98263178646803,False,-0.6656510347381325,,,1,주의,11.010991820040905,만성부하
2021-05-05,2021,0.21411725686523214,-11.073211097706748,False,-0.11538733789547048,467.332777,0.8599214340494782,0,정상,10.5892126789366,만성부하
2021-05-06,2021,0.21709490236570245,-9.836540795075098,False,-0.21743085498077575,,,0,정상,10.633946830265838,만성부하
2021-05-07,2021,0.20977438501147772,-12.74630959652524,False,0.10054804338657318,,,0,정상,11.010991820040905,만성부하
2021-05-08,2021,,,False,-0.04309287358529887,,,0,정상,10.82246932515337,만성부하
2021-05-09,2021,,,False,-0.8287242780797547,,,0,정상,10.633946830265838,만성부하
2021-05-10,2021,0.2336772633225892,-1.8769001440310351,False,-0.2963699331660083,645.786804,1.1882879650573048,0,정상,10.82246932515337,만성부하
2021-05-11,2021,0.2335184871167923,-1.8075239961435008,False,-0.20442427052944173,,,0,정상,11.010991820040905,만성부하
2021-05-12,2021,,,False,-0.11922930408510185,,,0,정상,11.010991820040905,만성부하
2021-05-13,2021,0.2220645812911382,-6.6162510252800955,False,-0.4252250240107692,575.47446,1.045366200906715,0,정상,11.180342535787325,만성부하
2021-05-14,2021,0.22852606872900177,-3.891272258554379,False,-0.7880716948795835,,,0,정상,11.503067484662576,만성부하
2021-05-15,2021,,,False,-1.2888396550138383,,,0,정상,11.65644171779141,만성부하
2021-05-16,2021,,,False,-1.6957168506473188,,,0,정상,11.966385480572594,만성부하
2021-05-17,2021,0.20959304497044207,-11.249382042271993,False,-1.2893902180370451,602.919564,1.0952210356494587,0,정상,12.276329243353779,만성부하
2021-05-18,2021,0.21677206145980016,-7.512803294281333,False,-0.3697792786447686,,,0,정상,12.362602249488752,만성부하
2021-05-19,2021,,,False,-0.8744745257813284,,,0,정상,12.448875255623726,만성부하
2021-05-20,2021,0.22092473484246228,-5.545048523718432,False,-1.0423192828725099,,,0,정상,12.595858895705515,만성부하
2021-05-21,2021,0.22885162121486619,-2.0909776337827646,False,-0.5611542185761396,,,0,정상,12.710889570552153,만성부하
2021-05-22,2021,,,False,-0.7353568423296033,,,0,정상,12.749233128834359,만성부하
2021-05-23,2021,,,False,-1.5412318781880245,,,0,정상,12.787576687116564,만성부하
2021-05-24,2021,0.21452306882599234,-8.196858446666532,False,-0.018037307371102936,594.490174,1.0799088019835876,0,정상,12.934560327198362,만성부하
2021-05-25,2021,0.2146858743497399,-8.064720271005111,False,-0.6753573632073449,,,0,정상,13.081543967280162,만성부하
2021-05-26,2021,0.22132814902027972,-4.5391811341382144,False,-0.422485607937271,,,0,정상,13.228527607361972,만성부하
2021-05-27,2021,0.2255806742486973,-2.5769081235274327,False,-0.3141194218831386,,,0,정상,13.228527607361972,만성부하
2021-05-28,2021,0.21871538534924706,-4.429173720426616,False,-0.923355464112781,,,0,정상,13.433026584867068,만성부하
2021-05-29,2021,,,False,-0.7779715417111491,,,0,정상,13.471370143149286,만성부하
2021-05-30,2021,,,False,-1.4746849188296027,,,0,정상,13.509713701431503,만성부하
2021-05-31,2021,,,False,-1.0916942039525734,,,0,정상,13.509713701431503,만성부하
2021-06-01,2021,0.24426268578711555,6.73551088278741,False,-0.8533913714207445,615.862748,1.1187327082364864,0,정상,13.471370143149286,만성부하
2021-06-02,2021,0.22767998669743217,-0.3702343615655246,False,-1.1739036927307713,,,0,정상,13.433026584867068,만성부하
2021-06-03,2021,,,False,-1.9389974643032497,,,0,정상,13.509713701431503,만성부하
2021-06-04,2021,0.20759947879218504,-8.960733847382373,False,-1.3565976998545746,,,0,정상,13.509713701431503,만성부하
2021-06-05,2021,,,False,-0.694204471297197,,,0,정상,13.51290899795502,만성부하
2021-06-06,2021,,,False,-1.9525928686543412,,,0,정상,13.516104294478538,만성부하
2021-06-07,2021,0.2414638795538264,5.889930576125968,False,-0.7122916761111626,585.234711,1.0576472458005257,0,정상,13.51290899795502,만성부하
2021-06-08,2021,0.2550429917242902,11.603456508383548,False,0.31619343586028525,,,0,정상,13.509713701431503,만성부하
2021-06-09,2021,0.22083453017826196,-3.1567242579036425,False,0.12738959919412887,,,0,정상,13.509713701431503,만성부하
2021-06-10,2021,,,False,0.523635286781524,,,0,정상,13.51290899795502,만성부하
2021-06-11,2021,,,False,0.6950686972385581,,,0,정상,13.51290899795502,만성부하
2021-06-12,2021,,,False,0.8326909634720931,,,0,정상,13.516104294478538,만성부하
2021-06-13,2021,,,False,0.34501000464787496,,,0,정상,13.608767893660534,만성부하
2021-06-14,2021,0.26484228272973553,16.322161895454144,False,0.7218309297501975,741.497696,1.364401971079174,1,주의,13.70143149284253,만성부하
2021-06-15,2021,0.254596612472535,11.822130774661721,False,0.9268883980399503,,,0,정상,13.762142126789367,만성부하
2021-06-16,2021,,,False,1.8984432574639611,,,0,정상,13.70143149284253,만성부하
2021-06-17,2021,,,False,2.3697384324035675,,,0,정상,13.762142126789367,만성부하
2021-06-18,2021,,,False,2.452253779795694,,,0,정상,13.762142126789367,만성부하
2021-06-19,2021,,,False,1.3874519525321152,,,0,정상,13.70143149284253,만성부하
2021-06-20,2021,,,False,1.1389579024954797,,,0,정상,13.608767893660534,만성부하
2021-06-21,2021,,,False,1.6635504098886236,,,0,정상,13.608767893660534,만성부하
2021-06-22,2021,0.18598360932557328,-18.313589163754617,False,0.7858174411227054,674.07585,1.2182026335979723,2,경보,13.70143149284253,만성부하
2021-06-23,2021,0.220420304203042,-3.188546608638765,False,1.0776080346404202,,,0,정상,13.70143149284253,만성부하
2021-06-24,2021,0.22718844892505768,0.0,False,0.35287636155520336,,,0,정상,13.70143149284253,만성부하
2021-06-25,2021,0.2164903473204654,-4.370534013917315,False,-0.18725158290322355,,,0,정상,13.822852760736204,만성부하
2021-06-26,2021,,,False,-1.142779841675961,,,0,정상,14.059304703476483,만성부하
2021-06-27,2021,,,False,-0.3132331074697675,,,0,정상,13.822852760736204,만성부하
2021-06-28,2021,0.20517041710503162,-8.865076372832782,False,-0.5912948274048521,674.766229,1.1725389672375728,0,정상,14.228655419222914,만성부하
2021-06-29,2021,0.19318510676489015,-13.956310664493476,False,-0.9203801410648312,,,0,정상,14.634458077709622,만성부하
2021-06-30,2021,0.20596638379642893,-8.199829834285765,False,-0.876293989192636,,,0,정상,14.918839468302668,만성부하
2021-07-01,2021,0.24097998118318267,7.256790215539288,False,-0.7246529635636836,,,0,정상,15.621804703476483,고부하
2021-07-02,2021,0.21785312779054128,-2.969296327844717,False,0.31784822280458397,,,0,정상,15.94133435582822,고부하
2021-07-03,2021,,,False,0.5126540996350645,,,0,정상,16.04038854805725,고부하
2021-07-04,2021,,,False,-0.5557567555725683,,,0,정상,16.053169734151332,고부하
2021-07-05,2021,0.25298670090534303,12.60081178983594,False,-0.8331376136527141,692.733125,1.1743977495227624,0,정상,16.04038854805725,고부하
2021-07-06,2021,0.23057858222879005,2.6272742693521423,False,-0.2213230981617801,,,0,정상,15.989263803680977,고부하
2021-07-07,2021,0.24455023736080744,8.845860876011047,False,-0.026652202904054463,,,0,정상,16.053169734151332,고부하
2021-07-08,2021,0.2450425525899118,9.064983439589568,False,0.984954942130102,,,0,정상,16.24169222903886,고부하
2021-07-09,2021,0.2844101796429655,26.332540364635793,False,2.152126006291186,,,0,정상,16.24169222903886,고부하
2021-07-10,2021,,,False,1.1547290419333294,,,0,정상,16.24169222903886,고부하
2021-07-11,2021,,,False,2.2645079893408417,,,0,정상,16.24169222903886,고부하
2021-07-12,2021,0.2691065084737328,19.77551074278907,False,1.4901363161299,778.447196,1.2911294349705327,1,주의,16.078732106339476,고부하
2021-07-13,2021,0.23883939221213368,5.877594792902774,False,1.6126779088825138,,,0,정상,16.072341513292443,고부하
2021-07-14,2021,0.24144082195044886,7.030809600412025,False,0.871229129165373,,,0,정상,16.072341513292443,고부하
2021-07-15,2021,0.24913627217908912,10.442205658283621,False,1.0174549853703356,,,0,정상,16.072341513292443,고부하
2021-07-16,2021,0.2814460166837115,24.322089240923606,False,1.2989739574089183,,,0,정상,16.06595092024541,고부하
2021-07-17,2021,,,False,1.5158717328413243,,,0,정상,16.06595092024541,고부하
2021-07-18,2021,,,False,0.6704202885647145,,,0,정상,16.06595092024541,고부하
2021-07-19,2021,0.27774388290722596,22.252642782399956,False,0.04199728057749767,748.819469,1.1870482858143163,0,정상,16.072341513292443,고부하
2021-07-20,2021,0.29434279353372245,29.558872788826008,False,0.45993660687171833,,,0,정상,16.06595092024541,고부하
2021-07-21,2021,0.2657162708602034,16.706028805824857,False,1.171582201338438,,,0,정상,16.072341513292443,고부하
2021-07-22,2021,0.2978772716604463,30.62907659155365,False,1.0580046913581893,,,0,정상,16.072341513292443,고부하
2021-07-23,2021,0.2816550085705387,23.381656185045486,False,1.0135206666739516,,,0,정상,16.072341513292443,고부하
2021-07-24,2021,,,False,1.101554642151296,,,0,정상,16.078732106339476,고부하
2021-07-25,2021,,,False,0.9761889910881709,,,0,정상,16.072341513292443,고부하
2021-07-26,2021,0.23185532075829468,1.3125096197629027,False,1.0727674380077301,830.639136,1.2586751105998033,1,주의,16.078732106339476,고부하
2021-07-27,2021,0.2857806998706342,24.87597787315561,False,1.3037622207343194,,,0,정상,16.248082822085898,고부하
2021-07-28,2021,0.27741949042399466,20.314509588200625,False,1.7642977764632481,,,0,정상,16.248082822085898,고부하
2021-07-29,2021,,,False,1.2878379188082922,,,0,정상,16.078732106339476,고부하
2021-07-30,2021,,,False,1.7876844278118673,,,0,정상,16.072341513292443,고부하
2021-07-31,2021,,,False,1.2759875249303048,,,0,정상,16.078732106339476,고부하
2021-08-01,2021,,,False,1.4814685516217123,,,0,정상,16.248082822085898,고부하
2021-08-02,2021,0.25566772108375735,10.574817041862893,False,0.6520699522114116,663.245696,1.0,0,정상,16.078732106339476,고부하
2021-08-03,2021,0.2779714851104466,19.461594273933947,False,-0.04916155685190212,,,0,정상,16.008435582822088,고부하
2021-08-04,2021,0.26418625785775274,13.094460987410383,False,0.3560504149105659,,,0,정상,16.008435582822088,고부하
2021-08-05,2021,0.23247810627925133,-0.47935750245429176,False,0.34338125893319227,,,0,정상,15.784764826175879,고부하
2021-08-06,2021,0.31770296414612753,35.95801304277586,False,0.5191546857078825,,,0,정상,15.436477505112478,고부하
2021-08-07,2021,,,False,0.5051232795429458,,,0,정상,15.382157464212675,고부하
2021-08-08,2021,,,False,-0.059952555220450385,,,0,정상,15.311860940695299,고부하
2021-08-09,2021,0.24485698338116732,2.0621496162194886,False,0.07495220167145164,655.113248,0.9797393154391009,0,정상,15.132924335378316,고부하
2021-08-10,2021,0.2640862942646846,9.588478249542852,False,0.014156777568234878,,,0,정상,14.941206543967278,만성부하
2021-08-11,2021,0.22926739086219391,-4.860399715976971,False,-0.03206575219962253,,,0,정상,14.698364008179965,만성부하
2021-08-12,2021,0.24107811081919797,0.0,False,-0.03129626834346358,,,0,정상,14.941206543967278,만성부하
2021-08-13,2021,0.24733109691833538,2.516639294819356,False,0.07269218858903828,,,0,정상,15.206416155419221,고부하
2021-08-14,2021,,,False,-0.3465900952242127,,,0,정상,15.279907975460127,고부하
2021-08-15,2021,,,False,-0.9547845824116947,,,0,정상,15.206416155419221,고부하
2021-08-16,2021,,,False,-0.43039327223514595,,,0,정상,15.206416155419221,고부하
2021-08-17,2021,0.26186063320296404,8.447124135844453,False,-0.40572072072454374,651.744964,0.9668718498074067,0,정상,15.279907975460127,고부하
2021-08-18,2021,0.28037769069562707,14.785313930424548,False,-0.5446930636927106,,,0,정상,15.132924335378316,고부하
2021-08-19,2021,0.302855317679504,23.84175985594066,False,-0.6803840770418496,,,0,정상,15.279907975460127,고부하
2021-08-20,2021,0.2749942702647421,12.378509596908692,False,-0.6957732060177585,,,0,정상,14.634458077709622,만성부하
2021-08-21,2021,,,False,-1.2899236049465295,,,0,정상,14.481083844580777,만성부하
2021-08-22,2021,,,False,-0.9324353940945821,,,0,정상,14.327709611451933,만성부하
2021-08-23,2021,0.29291254347333623,19.53537880563001,False,-1.2995352800346895,685.820692,1.016382655984996,0,정상,14.481083844580777,만성부하
2021-08-24,2021,0.31097501182744824,25.732273742402477,False,-1.812785924709964,,,0,정상,14.327709611451933,만성부하
2021-08-25,2021,0.28698153322650005,15.19058654783365,False,-2.3773305766703436,,,0,정상,14.193507157464214,만성부하
2021-08-26,2021,,,False,-2.5082739234871707,,,0,정상,14.110429447852757,만성부하
2021-08-27,2021,,,False,-2.470403983444361,,,0,정상,14.0273517382413,만성부하
2021-08-28,2021,,,False,-2.616122480402356,,,0,정상,14.0273517382413,만성부하
2021-08-29,2021,,,False,-2.701811250997697,,,0,정상,14.0273517382413,만성부하
2021-08-30,2021,0.27005266433585456,6.407227037745367,False,-1.8797685748576882,681.127912,1.0,0,정상,14.110429447852757,만성부하
2021-08-31,2021,0.2564870723400924,0.6542938295807543,False,-2.072963248267688,,,0,정상,14.193507157464214,만성부하
2021-09-01,2021,0.271556661764368,6.474857406758172,False,-1.7996096303880722,,,0,정상,14.193507157464214,만성부하
2021-09-02,2021,0.2717960175862785,6.30830377575804,False,-2.006763652547527,,,0,정상,14.634458077709622,만성부하
2021-09-03,2021,0.26874452838661683,4.946602799520772,False,-1.4045186379278287,,,0,정상,15.273517382413093,고부하
2021-09-04,2021,,,False,-1.388440713831939,,,0,정상,15.27671267893661,고부하
2021-09-05,2021,,,False,-1.6808689698382406,,,0,정상,15.279907975460127,고부하
2021-09-06,2021,0.2560819360826296,-0.1579558196701636,False,-0.6881290657918961,678.308433,0.9958605733955005,0,정상,15.27671267893661,고부하
2021-09-07,2021,0.26088843976809273,0.0,False,-0.267380714660196,,,0,정상,15.273517382413093,고부하
2021-09-08,2021,0.25327921167849626,-2.0907616417938812,False,-0.01678354268169791,,,0,정상,15.273517382413093,고부하
2021-09-09,2021,0.27527193281417295,5.513273435521282,False,0.4004378471774537,,,0,정상,15.273517382413093,고부하
2021-09-10,2021,0.3084654191716829,18.016629821459993,False,1.8344703040647639,,,0,정상,15.273517382413093,고부하
2021-09-11,2021,,,False,0.7878215568905578,,,0,정상,14.966768916155427,만성부하
2021-09-12,2021,,,False,0.44801009854483403,,,0,정상,14.66002044989776,만성부하
2021-09-13,2021,,,False,0.5560599254042118,,,0,정상,14.66002044989776,만성부하
2021-09-14,2021,0.17940892176692108,-31.231555554397083,False,0.7268050663900274,450.237532,0.6637651989799159,1,주의,14.426763803680988,만성부하
2021-09-15,2021,0.2397610158790337,-7.316442209619389,False,0.6794746175788391,,,0,정상,14.193507157464214,만성부하
2021-09-16,2021,0.19905079351886135,-22.393440065888647,False,0.6791410142117528,,,1,주의,14.0273517382413,만성부하
2021-09-17,2021,0.22448628721768318,-12.407389627994592,False,0.9152416203651303,,,0,정상,14.0273517382413,만성부하
2021-09-18,2021,,,False,0.594279514672331,,,0,정상,13.790899795501021,만성부하
2021-09-19,2021,,,False,0.848720712527119,,,0,정상,13.554447852760742,만성부하
2021-09-20,2021,,,False,0.583592425863881,,,0,정상,13.554447852760742,만성부하
2021-09-21,2021,,,False,0.531903035636184,,,0,정상,13.554447852760742,만성부하
2021-09-22,2021,,,False,0.418064648789829,,,0,정상,13.4553936605317,만성부하
2021-09-23,2021,0.21836776771487595,-16.29841172380577,False,-0.28748625973496245,649.783396,0.9579468047097094,1,주의,13.4553936605317,만성부하
2021-09-24,2021,0.20297193866825866,-21.537864116840343,False,0.1887897464796446,,,1,주의,13.333972392638039,만성부하
2021-09-25,2021,,,False,0.39864663553371826,,,0,정상,13.333972392638039,만성부하
2021-09-26,2021,,,False,0.2600952947991799,,,0,정상,13.333972392638039,만성부하
2021-09-27,2021,0.2603839045557409,-0.19339117241082837,False,0.8449538919672016,578.609917,0.853018905339188,0,정상,13.311605316973418,만성부하
2021-09-28,2021,0.2552987204243254,-2.1425707282147544,False,0.5265774341880984,,,0,정상,13.333972392638039,만성부하
2021-09-29,2021,0.278562376038808,6.378103738448804,False,0.5249024509890428,,,0,정상,13.180598159509206,만성부하
2021-09-30,2021,0.2725254776185716,3.195615803305829,False,0.1195199962957413,,,0,정상,12.9601226993865,만성부하
2021-10-01,2021,,,False,0.2088514737689559,,,0,정상,12.87065439672801,만성부하
2021-10-02,2021,,,False,-0.1343098113183448,,,0,정상,12.816334355828218,만성부하
2021-10-03,2021,,,False,-0.3895446934933319,,,0,정상,12.762014314928427,만성부하
2021-10-04,2021,,,False,-0.17865398960298193,628.466229,0.9475617147465063,0,정상,12.816334355828218,만성부하
2021-10-05,2021,0.2634129231520008,-0.29272329000863406,False,-0.43311381183663766,,,0,정상,12.87065439672801,만성부하
2021-10-06,2021,0.24975903246806086,-5.461005241786654,False,0.026791359156759342,,,0,정상,12.800357873210633,만성부하
2021-10-07,2021,0.22083180714431996,-16.378921609999253,False,-0.060099458317280086,,,1,주의,12.800357873210633,만성부하
2021-10-08,2021,0.24291002736198294,-7.9012747918062125,False,-0.07392669435457366,,,0,정상,12.762014314928427,만성부하
2021-10-09,2021,,,False,-0.19867385490575837,,,0,정상,12.698108384458074,만성부하
2021-10-10,2021,,,False,-0.45831760845234226,,,0,정상,12.595858895705515,만성부하
2021-10-11,2021,,,False,-0.255115285788613,,,0,정상,12.595858895705515,만성부하
2021-10-12,2021,0.23798535315317626,-9.76845261736744,False,-0.4694129831425419,625.826623,0.95529532475582,0,정상,12.372188139059304,만성부하
2021-10-13,2021,0.2719599788179936,2.96199479807977,False,-0.23308489634041366,,,0,정상,12.148517382413093,만성부하
2021-10-14,2021,0.25416182746816635,-3.6351831144434743,False,-0.09771759397349261,,,0,정상,12.231595092024538,만성부하
2021-10-15,2021,0.2470919060740817,-6.195981914107218,False,-0.18553889865497275,,,0,정상,12.231595092024538,만성부하
2021-10-16,2021,,,False,-0.2602662441970617,,,0,정상,12.413726993865026,만성부하
2021-10-17,2021,,,False,-0.08192835731671896,,,0,정상,12.595858895705515,만성부하
2021-10-18,2021,0.2558914474009478,-2.097790074850747,False,0.4215236143860375,570.479919,0.8753115873711608,0,정상,12.413726993865026,만성부하
2021-10-19,2021,0.28345699054049917,8.448586596037222,False,0.7371222349437538,,,0,정상,12.231595092024538,만성부하
2021-10-20,2021,0.2538070560777603,-2.620172030424861,False,0.4972909224550801,535.263711,0.8225156323139973,0,정상,12.190056237218815,만성부하
2021-10-21,2021,0.2651913389977912,1.7477109175178196,False,0.6400706690205338,,,0,정상,12.148517382413093,만성부하
2021-10-22,2021,0.2562483023113429,-1.5882710766835006,False,0.5027235459259426,,,0,정상,11.739519427402866,만성부하
2021-10-23,2021,,,False,0.3800923425943215,,,0,정상,11.33052147239264,만성부하
2021-10-24,2021,,,False,0.6927343972984855,,,0,정상,11.739519427402866,만성부하
2021-10-25,2021,0.23037741856190763,-10.8568951015656,False,0.8864874708404219,618.362443,0.9675143741974499,0,정상,11.33052147239264,만성부하
2021-10-26,2021,0.2516106873845279,-1.8555380324299264,False,0.8535335034332922,,,0,정상,11.314544989775055,만성부하
2021-10-27,2021,0.23650535974530837,-7.704613996640941,False,0.95428245841375,,,0,정상,11.279396728016366,만성부하
2021-10-28,2021,0.2696463552068989,5.179540378000369,False,0.7142735041859954,,,0,정상,10.71382924335379,만성부하
2021-10-29,2021,0.2759434223606046,7.585703966675483,False,0.5732029467849727,,,0,정상,10.180214723926383,만성부하
2021-10-30,2021,,,False,0.5303243616672627,,,0,정상,10.161042944785281,만성부하
2021-10-31,2021,,,False,0.33246366757722245,,,0,정상,10.161042944785281,만성부하
2021-11-01,2021,,,False,0.4096515810384057,,,0,정상,10.161042944785281,만성부하
2021-11-02,2021,0.23687224478119484,-7.561438399933684,False,0.5186004218377103,681.112621,1.0656957884888878,0,정상,10.055598159509206,만성부하
2021-11-03,2021,,,False,0.1203115357748617,,,0,정상,9.950153374233128,경계
2021-11-04,2021,0.2950303966100058,15.080960353309592,False,0.5131418145280028,,,0,정상,9.675357873210633,경계
2021-11-05,2021,0.24326500331730358,-5.066686833407596,False,-4.606794624625281,,,0,정상,9.675357873210633,경계
2021-11-06,2021,,,False,-0.5270700660675582,,,0,정상,9.589084867075659,경계
2021-11-07,2021,,,False,-1.0755951651459497,,,0,정상,9.502811860940685,경계
2021-11-08,2021,0.2584850520097453,0.8259093437690268,False,0.5729076464827,,,0,정상,9.333461145194267,경계
2021-11-09,2021,0.26068168278665543,1.2410848900884064,False,-0.16756665865019815,,,0,정상,9.164110429447847,경계
2021-11-10,2021,,,False,-0.19698782040826188,,,0,정상,9.164110429447847,경계
2021-11-11,2021,0.25799027173341565,-0.1914154309824445,False,-0.015938252362432397,,,0,정상,9.119376278118608,경계
2021-11-12,2021,0.26053659769182375,0.42481609089732864,False,-0.26382325113158805,,,0,정상,8.908486707566453,경계
2021-11-13,2021,,,False,0.08371294637987521,,,0,정상,8.684815950920242,경계
2021-11-14,2021,,,False,0.2686864389071257,,,0,정상,8.461145194274033,경계
2021-11-15,2021,0.22346917742896394,-13.463754353501944,False,0.4339178069439678,,,0,정상,8.457949897750517,경계
2021-11-16,2021,,,False,-0.1958444277487822,,,0,정상,8.457949897750517,경계
2021-11-17,2021,0.25328803578765063,-1.2472506014649887,False,0.12079751382744791,,,0,정상,8.394043967280162,경계
2021-11-18,2021,0.2759870175860468,7.602701012586799,False,-0.1376409708698513,,,0,정상,8.039366053169728,경계
2021-11-19,2021,,,False,-0.2087173239931891,,,0,정상,7.7070552147239235,경계
2021-11-20,2021,,,False,-0.1787166559031554,,,0,정상,7.745398773006129,경계
2021-11-21,2021,,,False,0.12223349169605655,,,0,정상,7.7070552147239235,경계
2021-11-22,2021,0.24858962474392482,-2.95727009079485,False,-0.11933550658442647,493.959555,0.7940265165455168,0,정상,7.668711656441718,경계
2021-11-23,2021,,,False,-0.08805421472126178,,,0,정상,7.668711656441718,경계
2021-11-24,2021,0.2629823315471195,2.6612570718072215,False,0.8289941682862592,,,0,정상,6.818762781186094,경계
2021-11-25,2021,0.2552207257451914,-0.33630265008629534,False,0.3826435182426989,,,0,정상,6.818762781186094,경계
2021-11-26,2021,0.26361372366461355,2.9077356398001353,False,0.030609145777677007,,,0,정상,6.818762781186094,경계
2021-11-27,2021,,,False,0.890904427515663,,,0,정상,6.751661554192234,경계
2021-11-28,2021,,,False,0.09437292238892593,,,0,정상,6.6845603271983745,경계
2021-11-29,2021,0.22015085608936155,-13.967090996826293,False,0.5283532245737348,,,0,정상,6.751661554192234,경계
2021-11-30,2021,0.24869767578845836,-2.585616028507942,False,0.8048647076449854,,,0,정상,6.818762781186094,경계
2021-12-01,2021,0.2431514678911272,-4.728948959307466,False,-0.1936073127836225,,,0,정상,7.000894683026582,경계
2021-12-02,2021,0.2554722670830796,0.09855835068006691,False,-0.007487472226576535,,,0,정상,7.425869120654394,경계
2021-12-03,2021,0.26334218633514495,3.1663684159458194,False,0.5204690652403476,,,0,정상,7.668711656441718,경계
2021-12-04,2021,,,False,0.6361308585279974,,,0,정상,7.425869120654394,경계
2021-12-05,2021,,,False,0.38063132527169863,,,0,정상,7.183026584867069,경계
2021-12-06,2021,0.2427161826759983,-4.50329024865137,False,0.6086115853915558,558.823951,0.9658043088812112,0,정상,7.387525562372188,경계
2021-12-07,2021,0.2469010317445089,-2.8567609054380383,False,0.1509990130595928,,,0,정상,7.592024539877307,경계
2021-12-08,2021,,,False,0.46818567516271337,,,0,정상,7.387525562372188,경계
2021-12-09,2021,0.25611006274824305,0.8369099148127557,False,1.5422353513534384,,,0,정상,7.096753578732107,경계
2021-12-10,2021,0.22434229800844555,-11.609116990146816,False,0.8150006390672259,,,0,정상,7.010480572597144,경계
2021-12-11,2021,,,False,0.5377072348524712,,,0,정상,7.096753578732107,경계
2021-12-12,2021,,,False,0.4337003741923805,,,0,정상,7.183026584867069,경계
2021-12-13,2021,0.26994556668908215,6.2101139963249175,False,1.0545652610765675,535.507554,0.9255070441525115,0,정상,7.096753578732107,경계
2021-12-14,2021,0.269577576201143,5.625268251249027,False,1.0479888398995543,,,0,정상,7.010480572597144,경계
2021-12-15,2021,0.28619097494433815,12.100434529662962,False,-0.4720584349151037,,,0,정상,7.010480572597144,경계
2021-12-16,2021,,,False,-0.6421456992639756,,,0,정상,7.010480572597144,경계
2021-12-17,2021,0.2735153766578116,7.062649022825029,False,-0.5896089256934322,,,0,정상,7.010480572597144,경계
2021-12-18,2021,,,False,-0.27565597584642704,,,0,정상,7.096753578732107,경계
2021-12-19,2021,,,False,-0.32335603940124047,,,0,정상,7.183026584867069,경계
2021-12-20,2021,0.23484622627040055,-8.042456594308478,False,-1.4541890921989236,333.816655,0.5810105433740865,0,정상,7.096753578732107,경계
2021-12-21,2021,0.2710773830056341,6.108340486711117,False,-0.23592056096794542,,,0,정상,7.010480572597144,경계
2021-12-22,2021,0.2521154802660688,-1.313953508667598,False,-0.14463602107759374,,,0,정상,7.010480572597144,경계
2021-12-23,2021,0.29320059294908263,14.580067418070586,False,-0.38044022210490425,,,0,정상,6.524795501022496,경계
2021-12-24,2021,,,False,0.27372177158565375,,,0,정상,7.010480572597144,경계
2021-12-25,2021,,,False,-2.3534306135287433,,,0,정상,6.524795501022496,경계
2021-12-26,2021,,,False,-2.2132940035877007,,,0,정상,6.039110429447847,경계
2021-12-27,2021,0.2546886569235435,-0.38845162076952544,False,-2.038869216089911,432.906719,0.7746745969375962,0,정상,6.087039877300615,경계
2021-12-28,2021,0.3011917825532222,17.799434735852792,False,-2.840038173106737,,,0,정상,6.134969325153383,경계
2021-12-29,2021,0.2716994546381407,6.264659357885405,False,-2.8450821829661965,,,0,정상,6.134969325153383,경계
2021-12-30,2021,0.2872022855065957,12.235984603497885,False,-0.7941772840762298,,,0,정상,6.134969325153383,경계
2021-12-31,2021,,,False,-0.665144836550512,,,0,정상,6.087039877300615,경계
2022-01-01,2022,,,False,-1.7308943435339756,,,0,정상,6.039110429447847,경계
2022-01-02,2022,,,False,0.9694390134188,,,0,정상,5.767510224948868,경계
2022-01-03,2022,0.31434096017779584,22.841526502941466,False,-3.28871366220398,468.983204,0.8757732743392822,0,정상,6.039110429447847,경계
2022-01-04,2022,0.23762544713831477,-7.138183182032131,False,-1.3658120243622165,,,0,정상,6.087039877300615,경계
2022-01-05,2022,0.30167710121512,17.791975050847352,False,-1.293561537637398,,,0,정상,6.087039877300615,경계
2022-01-06,2022,0.31526571878768833,23.03133950313514,False,-2.436652903136203,,,0,정상,6.087039877300615,경계
2022-01-07,2022,0.2903639145335225,12.929651406605537,False,-3.3610179867083003,,,0,정상,6.134969325153383,경계
2022-01-08,2022,,,False,-3.160841022689201,,,1,주의,6.087039877300615,경계
2022-01-09,2022,,,False,-1.9983150785062749,,,0,정상,6.134969325153383,경계
2022-01-10,2022,0.32426384670755515,25.567992041691024,False,-1.9269331097164062,,,0,정상,6.518404907975461,경계
2022-01-11,2022,0.3359786624139532,30.104439445022813,False,-1.716313374713832,,,0,정상,6.9018404907975395,경계
2022-01-12,2022,0.32649289629712497,25.810896899909388,False,-0.9795311079501626,,,0,정상,7.036042944785281,경계
2022-01-13,2022,0.2987734027064663,14.644253241537065,False,-1.4953381124119989,,,0,정상,7.994631901840488,경계
2022-01-14,2022,0.32579577286141065,24.97839103181072,False,-0.20961770251798145,,,0,정상,8.275817995910018,경계
2022-01-15,2022,,,False,-0.6216954871595588,,,0,정상,8.275817995910018,경계
2022-01-16,2022,,,False,-1.1504348496947503,,,0,정상,8.582566462167684,경계
2022-01-17,2022,0.34245634588524804,30.792392263552372,False,-0.5407296734451544,,,0,정상,8.889314928425351,경계
2022-01-18,2022,0.2870571668347401,9.079914418485458,False,0.18094064845634197,,,0,정상,9.19606339468302,경계
2022-01-19,2022,,,False,-0.7430413418308106,,,0,정상,9.8351226993865,경계
2022-01-20,2022,0.31830791478139564,20.872359727543998,False,-0.5326876156419131,,,0,정상,10.36554192229039,만성부하
2022-01-21,2022,0.27496597024465486,4.360142860825245,False,-1.4175470794942802,,,0,정상,10.841641104294474,만성부하
2022-01-22,2022,,,False,-1.6614735494641197,,,0,정상,11.119631901840489,만성부하
2022-01-23,2022,,,False,-1.6844033854307108,,,0,정상,11.119631901840489,만성부하
2022-01-24,2022,0.30084432346844503,11.598422876230853,False,-1.4129277182348396,,,0,정상,11.528629856850714,만성부하
2022-01-25,2022,0.3237692420287381,20.071803596347838,False,-1.0286553572671993,,,0,정상,11.93762781186094,만성부하
2022-01-26,2022,0.2821633436041642,4.526015027746033,False,-0.2549213902195102,,,0,정상,12.595858895705515,만성부하
2022-01-27,2022,,,False,-0.323225169169078,,,0,정상,12.6469836400818,만성부하
2022-01-28,2022,,,False,-0.23614747481729037,,,0,정상,12.698108384458084,만성부하
2022-01-29,2022,,,False,-0.7340280158811038,,,0,정상,13.113496932515345,만성부하
2022-01-30,2022,,,False,-0.6233028551269318,,,0,정상,13.113496932515345,만성부하
2022-01-31,2022,,,False,-0.047881320396540535,,,0,정상,13.113496932515345,만성부하
2022-02-01,2022,,,False,-0.2580979328797246,,,0,정상,13.113496932515345,만성부하
2022-02-02,2022,,,False,0.17943066281502454,,,0,정상,13.528885480572605,만성부하
2022-02-03,2022,0.12845725387722845,-52.38118862183261,False,0.11285580203886823,,,1,주의,13.567229038854812,만성부하
2022-02-04,2022,0.2694457256921037,-0.048910043222927246,False,0.4144917680949608,,,0,정상,13.81646216768917,만성부하
2022-02-05,2022,,,False,0.8474216232473982,,,0,정상,13.845219836400824,만성부하
2022-02-06,2022,,,False,0.8685491618292268,,,0,정상,13.873977505112478,만성부하
2022-02-07,2022,0.243410268561174,-9.768367949065048,False,1.1864385699845108,395.04069,,0,정상,13.893149284253582,만성부하
2022-02-08,2022,0.2660648933373351,-1.3030322897431779,False,1.0047493468721502,,,0,정상,13.912321063394684,만성부하
2022-02-09,2022,0.26364066719030577,-2.202300760508147,False,1.3416970066026934,,,0,정상,14.05930470347647,만성부하
2022-02-10,2022,0.27253600935097033,0.9596166714868959,False,0.6067693467088621,,,0,정상,14.05930470347647,만성부하
2022-02-11,2022,0.26041519708713684,-3.4646796828426085,False,0.5766318661216299,,,0,정상,14.704754601226998,만성부하
2022-02-12,2022,,,False,0.9299282470938034,,,0,정상,14.717535787321067,만성부하
2022-02-13,2022,,,False,0.3241386213894984,,,0,정상,14.730316973415135,만성부하
2022-02-14,2022,0.2874801243682841,6.272802116989995,False,0.5167909123740854,419.476415,0.9302164361803165,0,정상,14.717535787321067,만성부하
2022-02-15,2022,0.27623695664590076,1.7865676969787803,False,0.029218187554139578,,,0,정상,14.730316973415135,만성부하
2022-02-16,2022,0.30350203658336816,11.833083335275617,False,0.689698796028681,,,0,정상,14.832566462167684,만성부하
2022-02-17,2022,,,False,0.561653617640843,,,0,정상,15.286298568507162,고부하
2022-02-18,2022,,,False,0.2449691543118639,,,0,정상,15.286298568507162,고부하
2022-02-19,2022,,,False,0.3324838390741836,,,0,정상,15.474821063394684,고부하
2022-02-20,2022,,,False,-0.20810412951782176,,,0,정상,15.663343558282206,고부하
2022-02-21,2022,0.3316734648967691,21.886016933069662,False,0.6601955899142077,,,0,정상,15.781569529652351,고부하
2022-02-22,2022,,,False,0.7134557423901763,,,0,정상,15.899795501022496,고부하
2022-02-23,2022,,,False,0.7308164558131067,,,0,정상,15.899795501022496,고부하
2022-02-24,2022,,,False,0.06831667315232066,,,0,정상,15.899795501022496,고부하
2022-02-25,2022,0.339624908099169,23.84191732943752,False,0.6473588185886812,,,0,정상,15.899795501022496,고부하
2022-02-26,2022,,,False,0.519635421250486,,,0,정상,15.899795501022496,고부하
2022-02-27,2022,,,False,0.5742984187784825,,,0,정상,15.899795501022496,고부하
2022-02-28,2022,,,False,0.6059662216084098,,,0,정상,15.899795501022496,고부하
2022-03-01,2022,0.3430338069114268,22.86304529485681,False,0.8538742870429146,,,0,정상,15.899795501022496,고부하
2022-03-02,2022,0.3038909406605309,6.93714492629387,False,0.49860889622980603,,,0,정상,15.98606850715747,고부하
2022-03-03,2022,0.319529027406197,11.48017904237324,False,0.8104870300760066,,,0,정상,16.072341513292443,고부하
2022-03-04,2022,0.312026402640264,8.698349559026619,False,0.5412791803564789,,,0,정상,16.09470858895706,고부하
2022-03-05,2022,,,False,0.078364699083487,,,0,정상,16.117075664621684,고부하
2022-03-06,2022,,,False,0.8410566163076226,,,0,정상,16.145833333333336,고부하
2022-03-07,2022,,,False,1.1724191886354094,,,0,정상,16.145833333333336,고부하
2022-03-08,2022,0.3400961750172354,18.359695432919686,False,0.3282581603322547,,,0,정상,16.117075664621684,고부하
2022-03-09,2022,0.30294394675814335,4.853187491174515,False,0.5328231216231093,,,0,정상,16.117075664621684,고부하
2022-03-10,2022,,,False,0.20727437383880926,,,0,정상,16.117075664621684,고부하
2022-03-11,2022,0.3171114412671183,8.680852656746186,False,-0.18107120254004205,,,0,정상,16.117075664621684,고부하
2022-03-12,2022,,,False,-0.09111616738455149,,,0,정상,16.09470858895706,고부하
2022-03-13,2022,,,False,-0.255314503055179,,,0,정상,16.117075664621684,고부하
2022-03-14,2022,,,False,-0.4603679477065325,,,0,정상,16.09470858895706,고부하
2022-03-15,2022,,,False,-0.26035454745990466,,,0,정상,16.072341513292443,고부하
2022-03-16,2022,0.3495087342443222,16.577185425758678,False,0.7226840228890676,,,0,정상,16.117075664621684,고부하
2022-03-17,2022,0.2864811367830951,-4.445407706466908,False,-0.24351861564567184,,,0,정상,16.117075664621684,고부하
2022-03-18,2022,0.30253846417141583,0.5631286917562539,False,-0.4688568297348352,,,0,정상,16.117075664621684,고부하
2022-03-19,2022,,,False,0.2135171632252401,,,0,정상,16.113880368098165,고부하
2022-03-20,2022,,,False,0.11974778110367428,,,0,정상,16.17459100204499,고부하
2022-03-21,2022,0.27947498284883127,-7.156736928740626,False,0.3345168963116919,,,0,정상,16.113880368098165,고부하
2022-03-22,2022,,,False,0.4633117112561614,,,0,정상,16.113880368098165,고부하
2022-03-23,2022,0.3085220201854236,2.2689554304032633,False,0.753903594886047,,,0,정상,16.113880368098165,고부하
2022-03-24,2022,0.28219626913025564,-6.3822078969024805,False,-0.28439364201874967,,,0,정상,15.922162576687127,고부하
2022-03-25,2022,0.2839853300281736,-5.712789498833071,False,0.4677591795221365,,,0,정상,15.506774028629867,고부하
2022-03-26,2022,,,False,0.5453190590664353,,,0,정상,15.222392638036819,고부하
2022-03-27,2022,,,False,-0.09495142870003638,,,0,정상,15.027479550102251,고부하
2022-03-28,2022,0.343571717337344,13.724881323621752,False,-0.17418440321506634,,,0,정상,14.832566462167684,만성부하
2022-03-29,2022,0.3368961168278728,11.281883914895996,False,0.3883655040717222,,,0,정상,14.73670756646217,만성부하
2022-03-30,2022,,,False,0.8276910732067068,,,0,정상,14.576942740286302,만성부하
2022-03-31,2022,0.32916314151146164,8.55480967909985,False,1.1636482604731273,,,0,정상,14.324514314928427,만성부하
2022-04-01,2022,0.3175957293405367,4.643689681896812,False,1.3022279074406686,,,0,정상,14.068890593047033,만성부하
2022-04-02,2022,,,False,1.136353940359901,,,0,정상,14.001789366053163,만성부하
2022-04-03,2022,,,False,0.5156189692022339,,,0,정상,14.001789366053163,만성부하
2022-04-04,2022,,,False,1.55968214267031,,,0,정상,14.001789366053163,만성부하
2022-04-05,2022,,,False,2.1945809846070774,,,0,정상,14.001789366053163,만성부하
2022-04-06,2022,,,False,1.7312017458644875,,,0,정상,14.001789366053163,만성부하
2022-04-07,2022,,,False,1.918782167022204,,,0,정상,14.001789366053163,만성부하
2022-04-08,2022,0.3295895284794212,8.456516592114394,False,1.738591234341083,,,0,정상,14.001789366053163,만성부하
2022-04-09,2022,,,False,1.8132793612726708,,,0,정상,13.905930470347649,만성부하
2022-04-10,2022,,,False,1.3609428089480649,,,0,정상,13.810071574642135,만성부하
2022-04-11,2022,0.3235754712772343,6.545674184606964,False,1.3345004139237062,,,0,정상,13.905930470347649,만성부하
2022-04-12,2022,,,False,2.137275979392944,,,0,정상,13.810071574642135,만성부하
2022-04-13,2022,0.3369958291550971,10.893674034049884,False,2.520024474521039,,,0,정상,13.810071574642135,만성부하
2022-04-14,2022,0.28519408136473356,-6.032234717346164,False,2.8961236776596984,,,0,정상,13.810071574642135,만성부하
2022-04-15,2022,0.29577464407706144,-2.4563927532849528,False,2.214066400850619,,,0,정상,13.548057259713708,만성부하
2022-04-16,2022,,,False,1.8365512440417464,,,0,정상,13.103911042944794,만성부하
2022-04-17,2022,,,False,1.7004482506866405,,,0,정상,12.659764826175879,만성부하
2022-04-18,2022,0.31249192609730797,2.962052451160546,False,1.8704962887425867,,,0,정상,12.656569529652362,만성부하
2022-04-19,2022,0.3397071416601573,11.857447941400112,False,1.0351733305307325,,,0,정상,12.653374233128844,만성부하
2022-04-20,2022,0.34230212635810486,12.711914421971727,False,0.11437351856131701,,,0,정상,12.595858895705515,만성부하
2022-04-21,2022,0.3328804112947001,8.711092866119907,False,0.6776141762798631,,,0,정상,12.62461656441718,만성부하
2022-04-22,2022,0.3228091650205588,4.630834721796706,False,0.3240898826200858,,,0,정상,12.62461656441718,만성부하
2022-04-23,2022,,,False,0.16462371415089944,,,0,정상,12.653374233128844,만성부하
2022-04-24,2022,,,False,-0.008190496398513282,,,0,정상,12.656569529652362,만성부하
2022-04-25,2022,0.2641154624524565,-13.74595923390599,False,-0.5836728044036029,,,0,정상,12.659764826175879,만성부하
2022-04-26,2022,,,False,-0.5649450685242591,,,0,정상,12.870654396728021,만성부하
2022-04-27,2022,0.3102076719814852,0.27243751470180655,False,-0.5337878752324222,,,0,정상,13.314800613496935,만성부하
2022-04-28,2022,,,False,-0.41783289840819365,,,0,정상,13.548057259713708,만성부하
2022-04-29,2022,,,False,-0.28451909056934016,,,0,정상,13.679064417177923,만성부하
2022-04-30,2022,,,False,0.032775317867800746,,,0,정상,13.810071574642135,만성부하
2022-05-01,2022,,,False,-0.6208362794015444,,,0,정상,13.905930470347649,만성부하
2022-05-02,2022,0.2817073028532783,-8.691346347346451,False,-0.5583019572843472,,,0,정상,14.001789366053163,만성부하
2022-05-03,2022,0.29818758412530083,-2.618787259694688,False,-0.3826789430987597,,,0,정상,14.097648261758689,만성부하
2022-05-04,2022,0.2530646921889323,-17.35488685955887,False,-0.08492798697639672,,,1,주의,14.001789366053163,만성부하
2022-05-05,2022,0.28696715715541715,-6.28312086699927,False,-0.11700949401004636,,,0,정상,14.001789366053163,만성부하
2022-05-06,2022,0.3271447191992562,6.03610043867866,False,-0.1714743013878346,,,0,정상,13.905930470347649,만성부하
2022-05-07,2022,,,False,-0.1483393954276265,,,0,정상,14.001789366053163,만성부하
2022-05-08,2022,,,False,0.04774327584313452,,,0,정상,13.774923312883436,만성부하
2022-05-09,2022,0.26985640661954813,-12.770823823094767,False,-0.14542123211921196,,,0,정상,13.93788343558282,만성부하
2022-05-10,2022,,,False,-0.037725799291546326,,,0,정상,13.746165644171782,만성부하
2022-05-11,2022,0.30676970403121473,-1.1082794723644485,False,-0.007288818248064696,,,0,정상,13.551252556237225,만성부하
2022-05-12,2022,0.3082150129377896,-0.6423629148071264,False,0.9497150325522615,,,0,정상,13.746165644171782,만성부하
2022-05-13,2022,,,False,0.5434033423573628,,,0,정상,13.618353783231084,만성부하
2022-05-14,2022,,,False,-1.3115402143977855,,,0,정상,13.554447852760742,만성부하
2022-05-15,2022,,,False,-0.7057342313844667,,,0,정상,13.618353783231084,만성부하
2022-05-16,2022,0.24771151279899067,-20.379958956901422,False,-1.1627723304494004,,,1,주의,13.682259713701427,만성부하
2022-05-17,2022,,,False,0.5075346442601649,,,0,정상,13.810071574642123,만성부하
2022-05-18,2022,0.29972807183962563,-3.6606691712189554,False,0.5996266040006343,,,0,정상,13.810071574642123,만성부하
2022-05-19,2022,0.2974044973649576,-4.12729141569772,False,-0.07263052826590774,,,0,정상,13.810071574642123,만성부하
2022-05-20,2022,0.28799525739788995,-6.907568508866635,False,-1.307220336744792,,,0,정상,13.810071574642123,만성부하
2022-05-21,2022,,,False,-0.21586782502508634,,,0,정상,13.93788343558282,만성부하
2022-05-22,2022,,,False,-0.685551493403828,,,0,정상,13.969836400817993,만성부하
2022-05-23,2022,0.27022178912398204,-12.370500031251897,False,-0.6071959458021291,,,0,정상,13.93788343558282,만성부하
2022-05-24,2022,0.26884655067629637,-12.773051476710307,False,-0.04618253196078236,,,0,정상,13.810071574642123,만성부하
2022-05-25,2022,0.25726093010303536,-16.335829816726488,False,0.43675850160958024,,,1,주의,13.810071574642123,만성부하
2022-05-26,2022,,,False,0.31053880898646136,,,0,정상,13.682259713701427,만성부하
2022-05-27,2022,,,False,-0.4048338122841167,,,0,정상,13.554447852760742,만성부하
2022-05-28,2022,,,False,0.15472210803574107,,,0,정상,13.554447852760742,만성부하
2022-05-29,2022,,,False,0.19218185665550494,,,0,정상,13.554447852760742,만성부하
2022-05-30,2022,0.31624846726488226,3.089862887080619,False,0.12487936364612169,,,0,정상,13.512908997955009,만성부하
2022-05-31,2022,0.3032592348647017,-1.1443337201759163,False,0.1683430039241836,,,0,정상,13.471370143149276,만성부하
2022-06-01,2022,,,False,0.8133727600293593,,,0,정상,13.257285276073617,만성부하
2022-06-02,2022,0.3339726374576279,9.494030910100992,False,-0.6146462392873155,,,0,정상,13.03041922290389,만성부하
2022-06-03,2022,0.3080649892314121,0.4222337418513744,False,-1.331245795817985,,,0,정상,13.01763803680982,만성부하
2022-06-04,2022,,,False,-0.5034540693781951,,,0,정상,13.01763803680982,만성부하
2022-06-05,2022,,,False,-0.037701135619752434,,,0,정상,13.01763803680982,만성부하
2022-06-06,2022,0.34465219771898553,12.348837968665949,False,-0.3756823068285745,,,0,정상,13.01763803680982,만성부하
2022-06-07,2022,0.32600853808135827,5.824598535105618,False,-1.2659358377760053,,,0,정상,13.244504089979548,만성부하
2022-06-08,2022,,,False,-0.13633190770337902,,,0,정상,13.244504089979548,만성부하
2022-06-09,2022,0.32213505675562015,4.567240035718201,False,-0.46763243537131727,,,0,정상,13.244504089979548,만성부하
2022-06-10,2022,0.3189112364294493,3.4955654270576897,False,-0.2698747058329455,,,0,정상,13.576814928425351,만성부하
2022-06-11,2022,,,False,0.4050730334192472,,,0,정상,13.471370143149276,만성부하
2022-06-12,2022,,,False,0.29805743793652595,,,0,정상,13.244504089979548,만성부하
2022-06-13,2022,0.2512849723902665,-18.43118135001497,False,-0.020794694240672047,,,1,주의,13.471370143149276,만성부하
2022-06-14,2022,0.25204041989893267,-17.840511436785555,False,0.998078168777932,,,1,주의,13.449003067484655,만성부하
2022-06-15,2022,,,False,1.316161645532288,,,0,정상,13.426635991820035,만성부하
2022-06-16,2022,,,False,1.86591885072346,,,0,정상,13.426635991820035,만성부하
2022-06-17,2022,0.3220760170729802,4.522624761253646,False,0.3090745003102546,,,0,정상,13.471370143149276,만성부하
2022-06-18,2022,,,False,0.6495883358393528,,,0,정상,13.746165644171782,만성부하
2022-06-19,2022,,,False,0.5919019251762947,,,0,정상,14.06569529652353,만성부하
2022-06-20,2022,0.2784260759353942,-9.642995081657235,False,0.3651179564241803,,,0,정상,13.746165644171782,만성부하
2022-06-21,2022,0.26659597370105315,-13.278812460513977,False,0.07203371735149665,,,0,정상,13.46497955010224,만성부하
2022-06-22,2022,0.28383912205886097,-7.669776878508383,False,2.593349974059996,,,0,정상,13.46497955010224,만성부하
2022-06-23,2022,,,False,2.4750078802123086,,,0,정상,13.46497955010224,만성부하
2022-06-24,2022,0.34376377492567634,11.560905340327722,False,0.37878180578622944,,,0,정상,13.426635991820035,만성부하
2022-06-25,2022,,,False,-1.01895583123495,,,0,정상,13.426635991820035,만성부하
2022-06-26,2022,,,False,0.8604780521801721,,,0,정상,13.445807770961139,만성부하
2022-06-27,2022,,,False,0.5515339352898203,,,0,정상,13.46497955010224,만성부하
2022-06-28,2022,,,False,-1.1458022286310925,,,0,정상,13.829243353783227,만성부하
2022-06-29,2022,,,False,-1.0465614152057687,,,0,정상,14.244631901840489,만성부하
2022-06-30,2022,0.34602265980736574,12.795577679390702,False,-3.331596846003465,,,0,정상,14.46830265848671,만성부하
2022-07-01,2022,0.2953380027929401,-3.1724615138853607,False,-1.5900637045692974,,,0,정상,14.640848670756657,만성부하
2022-07-02,2022,,,False,-1.1847886345035972,,,0,정상,14.918839468302659,만성부하
2022-07-03,2022,,,False,-1.4915320551431372,,,0,정상,15.19683026584866,고부하
2022-07-04,2022,0.29603352172769476,-2.3826852759259443,False,-1.258052279496828,,,0,정상,15.228783231083842,고부하
2022-07-05,2022,0.27649769886766407,-8.29070668870855,False,-1.7109972040522212,,,0,정상,15.260736196319025,고부하
2022-07-06,2022,0.26749770046763166,-10.753204120713578,False,-1.7189098218733208,,,0,정상,15.19683026584866,고부하
2022-07-07,2022,0.3181699974123603,6.152885667179797,False,-1.1807375702949567,,,0,정상,15.260736196319025,고부하
2022-07-08,2022,0.29567591720412695,-1.0977838581730626,False,-1.740301397097851,,,0,정상,15.260736196319025,고부하
2022-07-09,2022,,,False,-1.690256562421114,,,0,정상,15.228783231083842,고부하
2022-07-10,2022,,,False,-1.540971068900736,,,0,정상,15.19683026584866,고부하
2022-07-11,2022,0.2768899140316654,-7.020283634783597,False,-0.7754927345291054,,,0,정상,15.228783231083842,고부하
2022-07-12,2022,0.2924653415968364,-1.4335677232117705,False,-2.1368077007380872,,,0,정상,15.260736196319025,고부하
2022-07-13,2022,0.2823148222805053,-4.854487512560935,False,-0.3258173937865262,,,0,정상,15.318251533742334,고부하
2022-07-14,2022,0.26258213651429435,-11.504781269061937,False,-0.15246837122385082,,,0,정상,15.637781186094069,고부하
2022-07-15,2022,0.28301897409349747,-4.396308755252609,False,-0.09673478886482982,,,0,정상,15.650562372188137,고부하
2022-07-16,2022,,,False,-0.48236804187131016,,,0,정상,15.637781186094069,고부하
2022-07-17,2022,,,False,-0.5254333241630091,,,0,정상,15.650562372188137,고부하
2022-07-18,2022,0.2697963346237117,-8.700514321202235,False,-0.6436759123686955,,,0,정상,15.663343558282206,고부하
2022-07-19,2022,0.27388055336199585,-6.812182687962487,False,-1.6580734422666812,,,0,정상,15.794350715746418,고부하
2022-07-20,2022,0.2576592811712559,-11.222473457290826,False,-0.43203221967487676,,,0,정상,16.01802147239264,고부하
2022-07-21,2022,0.2669879522811213,-7.128554659161013,False,-0.4328799348922924,,,0,정상,16.01802147239264,고부하
2022-07-22,2022,0.2535080113164946,-11.6595732315115,False,-0.9979045692532191,,,0,정상,16.11068507157465,고부하
2022-07-23,2022,,,False,-2.726181972730625,,,0,정상,16.11068507157465,고부하
2022-07-24,2022,,,False,1.9123504912116684,,,0,정상,16.129856850715754,고부하
2022-07-25,2022,0.27191978313818954,-5.243587512378001,False,-2.102342956443803,,,0,정상,16.149028629856854,고부하
2022-07-26,2022,0.27390334551525,-3.5004957990077856,False,0.12558319321840256,,,0,정상,16.129856850715754,고부하
2022-07-27,2022,0.27745757843117136,-2.1068657872367558,False,-0.17235515218314018,,,0,정상,16.2129345603272,고부하
2022-07-28,2022,0.22223391225103076,-21.477380460854157,False,0.21985539780333957,,,1,주의,16.2129345603272,고부하
2022-07-29,2022,0.19676108155047387,-30.391183823616874,False,-0.04653019813246824,,,1,주의,16.484534764826176,고부하
2022-07-30,2022,,,False,0.05933171882953807,,,0,정상,16.692229038854812,고부하
2022-07-31,2022,,,False,-0.1093068773149848,,,0,정상,16.724182004089982,고부하
2022-08-01,2022,0.2725917523739498,-3.4440522208553315,False,-0.3643758431107164,,,0,정상,16.756134969325153,고부하
2022-08-02,2022,0.24887417088334718,-11.84516318591725,False,-0.5663421268352925,,,0,정상,16.800869120654394,고부하
2022-08-03,2022,0.26386259627519665,-5.230645014577173,False,-0.20841954223300985,,,0,정상,16.800869120654394,고부하
2022-08-04,2022,,,False,-0.19351322656341846,,,0,정상,16.756134969325153,고부하
2022-08-05,2022,0.2684410452287864,-3.249697937020546,False,-0.07871023623236852,,,0,정상,17.03093047034765,고부하
2022-08-06,2022,,,False,-0.5252675834504924,,,0,정상,17.15554703476483,고부하
2022-08-07,2022,,,False,-0.19376352347656411,,,0,정상,17.280163599182007,고부하
2022-08-08,2022,0.30203122342426847,8.478066362703608,False,-0.30075816416504525,,,0,정상,17.31850715746421,고부하
2022-08-09,2022,0.2525469363575057,-8.978180453573458,False,-0.08601431391504248,,,0,정상,17.35685071574642,고부하
2022-08-10,2022,0.22656122256461858,-18.176426412300152,False,-0.22650410979932192,,,1,주의,17.35685071574642,고부하
2022-08-11,2022,0.24588411705393418,-11.13494002307398,False,0.03162577623007317,,,0,정상,17.54856850715747,고부하
2022-08-12,2022,0.23198260257992662,-16.099626315169825,False,-0.3046703462893702,,,1,주의,17.54856850715747,고부하
2022-08-13,2022,,,False,-0.502719827712063,,,0,정상,17.551763803680984,고부하
2022-08-14,2022,,,False,-1.165005872088001,,,0,정상,17.554959100204503,고부하
2022-08-15,2022,,,False,-1.246618468334047,,,0,정상,17.554959100204503,고부하
2022-08-16,2022,,,False,-1.7022180508374791,,,0,정상,17.66040388548058,고부하
2022-08-17,2022,,,False,-1.916549958854524,,,0,정상,17.551763803680984,고부하
2022-08-18,2022,0.26269559017160754,-4.08787453956343,False,-1.3730384779807725,,,0,정상,17.551763803680984,고부하
2022-08-19,2022,0.27159250012749364,-0.8354201152346974,False,-0.6491264674575178,,,0,정상,17.666794478527613,고부하
2022-08-20,2022,,,False,-0.6080418269259927,,,0,정상,17.778629856850724,고부하
2022-08-21,2022,,,False,-0.7177287632031055,,,0,정상,17.810582822085898,고부하
2022-08-22,2022,0.23798342260114244,-13.110471816013458,False,-0.37551850823240185,,,0,정상,17.84253578732107,고부하
2022-08-23,2022,0.2518338632647085,-8.053572300728561,False,-0.42339986774509897,,,0,정상,17.810582822085898,고부하
2022-08-24,2022,0.2621268563799512,-4.291541271464228,False,-0.3416822158453792,,,0,정상,17.743481595092025,고부하
2022-08-25,2022,0.2731572238560611,-0.13222660957955545,False,-0.5485581186542756,,,0,정상,17.743481595092025,고부하
2022-08-26,2022,0.24471392703141262,-10.41279319767745,False,-0.08935554443714835,,,0,정상,17.743481595092025,고부하
2022-08-27,2022,,,False,0.05988134821809439,,,0,정상,17.708333333333325,고부하
2022-08-28,2022,,,False,-0.050379703759870456,,,0,정상,17.631646216768914,고부하
2022-08-29,2022,,,False,0.18454516773378674,,,0,정상,17.631646216768914,고부하
2022-08-30,2022,0.3415027921628424,25.15013569861939,False,0.44414167998072684,,,0,정상,17.708333333333325,고부하
2022-08-31,2022,0.24011997852561034,-11.803529267836,False,0.6922880239916186,,,0,정상,17.708333333333325,고부하
2022-09-01,2022,0.2902763826015362,6.6190020486957435,False,0.3932577828663949,,,0,정상,17.554959100204503,고부하
2022-09-02,2022,0.27713234523943775,1.6657117561132306,False,-0.49881191045626966,,,0,정상,17.708333333333325,고부하
2022-09-03,2022,,,False,-0.33718546776141856,,,0,정상,17.708333333333325,고부하
2022-09-04,2022,,,False,-0.45131760749101696,,,0,정상,17.631646216768914,고부하
2022-09-05,2022,0.3003913710763328,10.334254275733667,False,-0.3805536257785759,,,0,정상,17.708333333333325,고부하
2022-09-06,2022,0.28950059658300675,6.20299185936517,False,-0.17308491072726992,,,0,정상,17.80419222903885,고부하
2022-09-07,2022,0.20068934721950699,-26.195385674635997,False,-0.7340548279976888,,,1,주의,17.80419222903885,고부하
2022-09-08,2022,0.2476041224449242,-8.832488994102782,False,-0.7657610045995946,,,0,정상,18.040644171779142,고부하
2022-09-09,2022,,,False,-0.7674909155409534,,,0,정상,18.181237218813905,고부하
2022-09-10,2022,,,False,-0.5693389026501271,,,0,정상,18.222776073619627,고부하
2022-09-11,2022,,,False,-0.43198740185174045,,,0,정상,18.26431492842535,고부하
2022-09-12,2022,0.2455626672083169,-9.638595200513844,False,-0.06139586580638195,,,0,정상,18.539110429447845,고부하
2022-09-13,2022,0.2785997570077237,2.4565972333610686,False,-0.4181577369797491,,,0,정상,18.26431492842535,고부하
2022-09-14,2022,0.28691812743805967,5.385509296216973,False,0.810263163551974,,,0,정상,18.222776073619627,고부하
2022-09-15,2022,0.2435171787066151,-10.391287849670372,False,0.903757141209746,,,0,정상,17.944785276073617,고부하
2022-09-16,2022,0.23523981661408422,-13.385010078092874,False,1.203340021670249,,,0,정상,17.944785276073617,고부하
2022-09-17,2022,,,False,1.2797085335620688,,,0,정상,18.181237218813905,고부하
2022-09-18,2022,,,False,1.0292372588405097,,,0,정상,17.98632413087934,고부하
2022-09-19,2022,0.25716314075890967,-4.998727623524523,False,1.7994570646446209,,,0,정상,17.708333333333325,고부하
2022-09-20,2022,0.18700280705118472,-30.512887416911816,False,1.1696555547542624,,,1,주의,17.606083844580777,고부하
2022-09-21,2022,0.2203373421614502,-17.919652721638933,False,0.7958241131220714,,,1,주의,17.439928425357877,고부하
2022-09-22,2022,0.3485753882458407,29.851747503351266,False,0.5928517067708137,,,0,정상,17.296140081799592,고부하
2022-09-23,2022,0.28750450923475995,6.831862667564792,False,-0.13646688412527366,,,0,정상,16.791283231083852,고부하
2022-09-24,2022,,,False,0.6944637233753725,,,0,정상,17.216257668711666,고부하
2022-09-25,2022,,,False,0.6060153867101683,,,0,정상,16.871165644171782,고부하
2022-09-26,2022,0.31680743402228745,17.42466200074315,False,0.5474916408132333,,,0,정상,16.366308793456042,고부하
2022-09-27,2022,0.2774088838593451,2.480459903399379,False,0.32169096393966,,,0,정상,16.366308793456042,고부하
2022-09-28,2022,0.27579171301568806,1.883044242102927,False,1.2326870928131037,,,0,정상,16.366308793456042,고부하
2022-09-29,2022,,,False,0.6050197858161587,,,0,정상,16.02760736196319,고부하
2022-09-30,2022,,,False,0.24002724624920438,,,0,정상,15.688905930470343,고부하
2022-10-01,2022,,,False,0.16125207542010675,,,0,정상,15.193634969325153,고부하
2022-10-02,2022,,,False,0.42312705676454976,,,0,정상,14.698364008179965,만성부하
2022-10-03,2022,,,False,0.9357399796347147,,,0,정상,14.698364008179965,만성부하
2022-10-04,2022,,,False,0.6869669078558125,,,0,정상,14.698364008179965,만성부하
2022-10-05,2022,,,False,0.8204188235033897,,,0,정상,14.698364008179965,만성부하
2022-10-06,2022,0.2667735953248515,-0.08028712698021634,False,0.7100455478366526,,,0,정상,14.679192229038861,만성부하
2022-10-07,2022,0.2635821960871538,-1.23597427751303,False,0.10595187841307947,,,0,정상,14.612091002044991,만성부하
2022-10-08,2022,,,False,0.4149364333489279,,,0,정상,14.564161554192223,만성부하
2022-10-09,2022,,,False,0.7675813990771037,,,0,정상,14.564161554192223,만성부하
2022-10-10,2022,0.2814716610838444,5.509565420481355,False,0.5706252753019412,,,0,정상,14.25421779141104,만성부하
2022-10-11,2022,0.2722878565178404,2.0670191089467105,False,1.0095353655796429,,,0,정상,13.944274028629856,만성부하
2022-10-12,2022,,,False,1.438070013182421,,,0,정상,13.92829754601227,만성부하
2022-10-13,2022,0.2904476265960318,8.830479789616707,False,0.7741428766451259,,,0,정상,13.912321063394684,만성부하
2022-10-14,2022,0.2787981502207574,4.423494707806386,False,0.563090812610582,,,0,정상,13.70143149284253,만성부하
2022-10-15,2022,,,False,-0.29609049035577584,,,0,정상,13.490541922290378,만성부하
2022-10-16,2022,,,False,0.572900761488654,,,0,정상,13.45539366053169,만성부하
2022-10-17,2022,0.2792737285894418,4.6436296664831955,False,0.9110724309661796,,,0,정상,13.420245398773002,만성부하
2022-10-18,2022,0.2724239306629447,1.7591247130404497,False,-0.18825601287030325,,,0,정상,13.273261758691202,만성부하
2022-10-19,2022,0.27598101185716606,2.208840258281053,False,0.35970740519049743,,,0,정상,13.068762781186095,만성부하
2022-10-20,2022,0.30680380230266674,12.896731775496217,False,-0.21670124184923928,,,0,정상,13.068762781186095,만성부하
2022-10-21,2022,0.2975946941461436,9.442090131009717,False,0.814047069884439,,,0,정상,13.068762781186095,만성부하
2022-10-22,2022,,,False,1.108450279527637,,,0,정상,13.011247443762786,만성부하
2022-10-23,2022,,,False,0.44203893336137684,,,0,정상,13.008052147239269,만성부하
2022-10-24,2022,,,False,-0.572282670160838,,,0,정상,13.008052147239269,만성부하
2022-10-25,2022,0.3176349238435745,16.952759628659543,False,0.9864967935826549,,,0,정상,13.011247443762786,만성부하
2022-10-26,2022,0.29292741185691484,7.580049879206485,False,0.6299725462615422,,,0,정상,13.126278118609402,만성부하
2022-10-27,2022,0.32809515523325455,20.43551182703873,False,0.37611615737629633,,,0,정상,13.126278118609402,만성부하
2022-10-28,2022,0.3326465120563446,22.0686018438212,False,-0.5299840697708244,,,0,정상,13.126278118609402,만성부하
2022-10-29,2022,,,False,0.9822635646375378,,,0,정상,13.126278118609402,만성부하
2022-10-30,2022,,,False,1.355240442351786,,,0,정상,13.126278118609402,만성부하
2022-10-31,2022,0.3094610674271811,13.290457070339134,False,1.156300839610092,,,0,정상,13.337167689161555,만성부하
2022-11-01,2022,0.30215056610049906,9.557521796643552,False,1.0783004127448723,,,0,정상,13.548057259713708,만성부하
2022-11-02,2022,0.25628920699414026,-6.62548380013821,False,1.8079544298219272,,,0,정상,13.631134969325153,만성부하
2022-11-03,2022,0.2995395725217558,8.573533637705344,False,2.0874280084513575,,,0,정상,13.7142126789366,만성부하
2022-11-04,2022,,,False,0.8509605211453009,,,0,정상,13.7142126789366,만성부하
2022-11-05,2022,,,False,1.1696534495816506,,,0,정상,13.794095092024538,만성부하
2022-11-06,2022,,,False,0.7062831256262189,,,0,정상,13.873977505112478,만성부하
2022-11-07,2022,,,False,0.11902025061225034,,,0,정상,13.873977505112478,만성부하
2022-11-08,2022,,,False,0.03162770666291754,,,0,정상,13.873977505112478,만성부하
2022-11-09,2022,,,False,0.7895409228639539,,,0,정상,13.893149284253582,만성부하
2022-11-10,2022,,,False,-0.13832831243781551,,,0,정상,13.873977505112478,만성부하
2022-11-11,2022,,,False,0.10819768172692375,,,0,정상,14.113624744376285,만성부하
2022-11-12,2022,,,False,1.915925888441312,,,0,정상,14.353271983640091,만성부하
2022-11-13,2022,,,False,1.0432099749344512,,,0,정상,14.906058282208589,만성부하
2022-11-14,2022,0.24333699670108813,-12.01188921619617,False,1.3354317554554462,,,0,정상,15.458844580777086,고부하
2022-11-15,2022,0.259290223809479,-6.0478030482493335,False,-1.3598599391810342,,,0,정상,15.506774028629854,고부하
2022-11-16,2022,0.2812402504660179,1.4822900672352146,False,1.411538509898509,,,0,정상,15.506774028629854,고부하
2022-11-17,2022,0.2853582582394473,2.865580319386174,False,-0.9346586674256014,,,0,정상,15.506774028629854,고부하
2022-11-18,2022,,,False,-1.9194596230684362,,,0,정상,15.554703476482622,고부하
2022-11-19,2022,,,False,1.6152815507990783,,,0,정상,15.599437627811863,고부하
2022-11-20,2022,,,False,1.0126991804847245,,,0,정상,15.644171779141104,고부하
2022-11-21,2022,0.301397440795671,8.144446502963332,False,1.4229022721404931,,,0,정상,16.02760736196319,고부하
2022-11-22,2022,0.29598409724309005,6.07382614373031,False,1.405334497242686,,,0,정상,16.41104294478528,고부하
2022-11-23,2022,0.34303982875343747,22.401881691338012,False,2.0742227613904713,,,0,정상,16.02760736196319,고부하
2022-11-24,2022,0.28395745870128203,0.9246304806968197,False,0.893468690534894,,,0,정상,16.02760736196319,고부하
2022-11-25,2022,0.2915990351936627,3.5980084356703967,False,0.6396453468197867,,,0,정상,16.06275562372188,고부하
2022-11-26,2022,,,False,1.1671319721886537,,,0,정상,16.481339468302657,고부하
2022-11-27,2022,,,False,1.7279510782729404,,,0,정상,16.61234662576687,고부하
2022-11-28,2022,,,False,1.8045150611286387,,,0,정상,16.481339468302657,고부하
2022-11-29,2022,,,False,-0.6993387428865828,,,0,정상,16.61234662576687,고부하
2022-11-30,2022,,,False,-1.577187347850867,,,0,정상,16.481339468302657,고부하
2022-12-01,2022,0.2851167451491706,0.8496857245414935,False,0.7286095823741786,,,0,정상,16.481339468302657,고부하
2022-12-02,2022,0.3031692351922044,6.765723492099851,False,0.14738494710294162,,,0,정상,16.743353783231086,고부하
2022-12-03,2022,,,False,-0.18580347736647415,,,0,정상,16.935071574642123,고부하
2022-12-04,2022,,,False,-0.010518025647874272,,,0,정상,16.935071574642123,고부하
2022-12-05,2022,0.30201719862873644,6.827606877943815,False,0.7136960705773158,,,0,정상,17.126789366053163,고부하
2022-12-06,2022,,,False,1.1677670517890364,,,0,정상,17.126789366053163,고부하
2022-12-07,2022,0.33736887012054895,18.326571785196432,False,0.5405557592111759,,,0,정상,17.248210633946826,고부하
2022-12-08,2022,0.2980676788253746,4.498068120374943,False,1.530580383083013,,,0,정상,17.36963190184049,고부하
2022-12-09,2022,0.292311161583594,2.4365523489817464,False,0.9076554325658881,,,0,정상,17.248210633946826,고부하
2022-12-10,2022,,,False,1.0228494432302584,,,0,정상,17.248210633946826,고부하
2022-12-11,2022,,,False,-0.49876051641143465,,,0,정상,17.36963190184049,고부하
2022-12-12,2022,0.241416251039069,-15.62949054650895,False,0.9485307804565435,,,1,주의,17.53578732106339,고부하
2022-12-13,2022,0.25781332924057043,-9.614504506188393,False,1.474862281994667,,,0,정상,17.36963190184049,고부하
2022-12-14,2022,,,False,1.7901708334014343,,,0,정상,17.248210633946826,고부하
2022-12-15,2022,,,False,0.4722178149278333,,,0,정상,17.126789366053163,고부하
2022-12-16,2022,,,False,0.06291770503616059,,,0,정상,17.41436605316973,고부하
2022-12-17,2022,,,False,-0.6058979626372036,,,0,정상,17.70194274028629,고부하
2022-12-18,2022,,,False,-2.259506759842169,,,0,정상,17.70194274028629,고부하
2022-12-19,2022,0.32825588699204417,13.017238542836452,False,-1.4204154199064303,,,0,정상,17.70194274028629,고부하
2022-12-20,2022,0.25016879962885896,-13.867845104892018,False,-1.041268420213084,,,0,정상,17.70194274028629,고부하
2022-12-21,2022,,,False,-0.3515080972722909,,,0,정상,17.836145194274025,고부하
2022-12-22,2022,0.3205911248382293,10.159939360348247,False,-1.7570441754146193,,,0,정상,17.99591002044989,고부하
2022-12-23,2022,0.29512165820546293,1.208036579908689,False,-1.4297213617182896,,,0,정상,18.05342535787321,고부하
2022-12-24,2022,,,False,-0.49009097905804033,,,0,정상,18.085378323108394,고부하
2022-12-25,2022,,,False,-0.5507562689804121,,,0,정상,18.027862985685076,고부하
2022-12-26,2022,0.2829777320360762,-2.7645889537557644,False,-0.870713283694576,,,0,정상,17.970347648261754,고부하
2022-12-27,2022,0.23888070863653552,-17.916990400041822,False,-0.41868879727204966,,,1,주의,17.836145194274025,고부하
2022-12-28,2022,0.2274635593930757,-21.685171933099422,False,1.4197614828347072,,,1,주의,17.836145194274025,고부하
2022-12-29,2022,0.3170749730006252,8.951736627325936,False,-0.6522989525444087,,,0,정상,17.836145194274025,고부하
2022-12-30,2022,0.3250223492992294,11.462079798504444,False,-2.157876255631189,,,0,정상,17.70194274028629,고부하
2022-12-31,2022,,,False,0.5430407655956724,,,0,정상,17.836145194274025,고부하
2023-01-01,2023,,,False,1.1115866385741282,,,0,정상,17.70194274028629,고부하
2023-01-02,2023,0.2225881459324452,-23.51536034996764,False,0.7051363287428362,,,1,주의,17.70194274028629,고부하
2023-01-03,2023,0.2954107800681898,1.3071870666497842,False,1.909527358578442,,,0,정상,17.70194274028629,고부하
2023-01-04,2023,0.29218896289945967,0.0,False,1.6672846204616885,,,0,정상,17.70194274028629,고부하
2023-01-05,2023,0.2783641944659209,-4.731447860436733,False,1.344922538434301,,,0,정상,17.70194274028629,고부하
2023-01-06,2023,,,False,1.5102732143445192,,,0,정상,17.70194274028629,고부하
2023-01-07,2023,,,False,1.4843943556805912,,,0,정상,17.382413087934555,고부하
2023-01-08,2023,,,False,1.1072410823516674,,,0,정상,17.70194274028629,고부하
2023-01-09,2023,0.31781067015976366,8.608927908293463,False,0.6349729161292782,,,0,정상,17.70194274028629,고부하
2023-01-10,2023,0.3027842603838468,3.364945760605953,False,-0.15652737693602983,,,0,정상,17.70194274028629,고부하
2023-01-11,2023,0.21949789898307237,-25.067477436939335,False,0.02404354927159635,,,1,주의,17.70194274028629,고부하
2023-01-12,2023,0.2981850227322798,1.0380005809957016,False,0.8160864642354481,,,0,정상,18.021472392638028,고부하
2023-01-13,2023,0.23621848703501858,-19.660280387838537,False,0.8291188463716775,,,1,주의,17.861707566462158,고부하
2023-01-14,2023,,,False,-0.0048112770743390584,,,0,정상,17.861707566462158,고부하
2023-01-15,2023,,,False,0.2640403829403526,,,0,정상,17.861707566462158,고부하
2023-01-16,2023,0.2354753861776199,-20.210740340282808,False,-0.2060984188755311,,,1,주의,18.021472392638028,고부하
2023-01-17,2023,0.22924275780699388,-22.32262477754321,False,0.4633967995301725,,,1,주의,18.155674846625757,고부하
2023-01-18,2023,0.22057410454653614,-24.7000807646233,False,0.564901151538661,,,1,주의,18.155674846625757,고부하
2023-01-19,2023,0.28785543213716874,-1.5243104034366572,False,0.31618617276550026,,,0,정상,18.155674846625757,고부하
2023-01-20,2023,0.2729868114869179,-6.591358991290496,False,-0.19262522203267066,,,0,정상,18.28987730061349,고부하
2023-01-21,2023,,,False,-2.826459026397109,,,0,정상,18.155674846625757,고부하
2023-01-22,2023,,,False,4.091648075614325,,,0,정상,18.021472392638028,고부하
2023-01-23,2023,,,False,-2.4201706337601134,,,0,정상,18.021472392638028,고부하
2023-01-24,2023,,,False,-2.27035620905516,,,0,정상,18.021472392638028,고부하
2023-01-25,2023,0.3295704293133354,12.907572745530915,False,-2.3574433295785497,,,0,정상,18.021472392638028,고부하
2023-01-26,2023,,,False,0.1685047709875473,,,0,정상,18.155674846625757,고부하
2023-01-27,2023,0.2547769860919061,-12.063155793587255,False,0.49248861625669765,,,0,정상,18.155674846625757,고부하
2023-01-28,2023,,,False,0.8193821100844838,,,0,정상,18.28987730061349,고부하
2023-01-29,2023,,,False,0.6760991677423053,,,0,정상,18.315439672801638,고부하
2023-01-30,2023,0.3216392040635863,11.73636768831896,False,0.6620443734340009,,,0,정상,18.28987730061349,고부하
2023-01-31,2023,0.28921457001564493,0.0,False,0.5326470024963031,,,0,정상,18.155674846625757,고부하
2023-02-01,2023,0.3292884682488586,13.856113207244668,False,0.25738153218670795,,,0,정상,18.155674846625757,고부하
2023-02-02,2023,,,False,-0.10872314964439021,,,0,정상,18.155674846625757,고부하
2023-02-03,2023,0.32466253663712547,11.795775348660076,False,-0.19658422876191656,,,0,정상,17.893660531697343,고부하
2023-02-04,2023,,,False,1.1140370549742633,,,0,정상,17.765848670756657,고부하
2023-02-05,2023,,,False,-1.110265030396447,,,0,정상,17.765848670756657,고부하
2023-02-06,2023,,,False,-1.4701148845152205,,,0,정상,17.893660531697343,고부하
2023-02-07,2023,,,False,-1.2158309732677783,,,0,정상,17.893660531697343,고부하
2023-02-08,2023,,,False,-0.4526164328263191,,,0,정상,17.733895705521476,고부하
2023-02-09,2023,,,False,0.4958559248895932,,,0,정상,17.676380368098155,고부하
2023-02-10,2023,,,False,-0.9999065821606948,,,0,정상,17.70194274028629,고부하
2023-02-11,2023,,,False,-1.2659816991537958,,,0,정상,17.676380368098155,고부하
2023-02-12,2023,,,False,-1.4571996582519615,,,0,정상,17.70194274028629,고부하
2023-02-13,2023,0.22592890912685445,-22.52069387787723,False,-1.130413753536421,,,1,주의,17.676380368098155,고부하
2023-02-14,2023,0.23930956843175996,-17.93197523001926,False,-0.9105258375947898,,,1,주의,17.650817995910018,고부하
2023-02-15,2023,,,False,-0.2705052980995671,,,0,정상,17.203476482617596,고부하
2023-02-16,2023,0.31480054427523435,7.738684292313658,False,-1.642429195000329,,,0,정상,16.743353783231086,고부하
2023-02-17,2023,,,False,-0.35385610365154363,,,0,정상,16.67944785276074,고부하
2023-02-18,2023,,,False,0.5930482539480247,,,0,정상,16.45577709611452,고부하
2023-02-19,2023,,,False,0.12010824624983857,,,0,정상,16.2321063394683,고부하
2023-02-20,2023,,,False,-1.0922763439054626,,,0,정상,16.45577709611452,고부하
2023-02-21,2023,0.33247717096736185,14.018611463014729,False,-2.45965439843999,,,0,정상,16.67944785276074,고부하
2023-02-22,2023,,,False,-1.5861517920644057,,,0,정상,16.67944785276074,고부하
2023-02-23,2023,0.30546278814388594,4.521034418613601,False,-0.36764233871519014,,,0,정상,16.45577709611452,고부하
2023-02-24,2023,0.31669241335694776,8.34085555996853,False,-2.0683927209337822,,,0,정상,16.168200408997954,고부하
2023-02-25,2023,,,False,-3.4360592244023827,,,0,정상,16.168200408997954,고부하
2023-02-26,2023,,,False,-3.5507689612236355,,,1,주의,16.104294478527613,고부하
2023-02-27,2023,0.2189262281775022,-25.08941606432472,False,-2.9693096003755026,,,1,주의,16.04038854805726,고부하
2023-02-28,2023,0.21589737548503526,-26.1103590831649,False,-2.194366585686045,,,1,주의,15.976482617586907,고부하
2023-03-01,2023,,,False,-2.7163760156170618,,,0,정상,15.84867075664621,고부하
2023-03-02,2023,0.32773950626668885,12.14351974913599,False,-4.158981602397257,,,0,정상,15.752811860940696,고부하
2023-03-03,2023,0.29712361803867016,1.6463471422044629,False,-1.2020405173254827,,,0,정상,15.688905930470343,고부하
2023-03-04,2023,,,False,-1.6210278187579175,,,0,정상,15.65695296523517,고부하
2023-03-05,2023,,,False,-1.186395649765002,,,0,정상,15.529141104294474,고부하
2023-03-06,2023,0.30984860540861686,5.999580628400869,False,-0.5191103245206363,,,0,정상,15.65695296523517,고부하
2023-03-07,2023,0.31778864021032555,8.715876085164687,False,0.5034792791023792,,,0,정상,15.688905930470343,고부하
2023-03-08,2023,,,False,-1.8950477046247667,,,0,정상,15.65695296523517,고부하
2023-03-09,2023,0.3426203258023049,16.674316278402877,False,1.6389671063468747,,,0,정상,15.529141104294474,고부하
2023-03-10,2023,0.28088043252235395,-3.8702797891092544,False,-2.568974710801475,,,0,정상,15.529141104294474,고부하
2023-03-11,2023,,,False,-0.483902713764734,,,0,정상,15.401329243353779,고부하
2023-03-12,2023,,,False,0.5438828164084437,,,0,정상,15.401329243353779,고부하
2023-03-13,2023,0.3457787686277144,17.107459715017548,False,-0.7945925123526966,,,0,정상,15.561094069529647,고부하
2023-03-14,2023,,,False,-2.381968279373673,,,0,정상,15.561094069529647,고부하
2023-03-15,2023,0.29091024648979513,-1.4270086923731773,False,2.238027096527303,,,0,정상,15.727249488752548,고부하
2023-03-16,2023,,,False,-0.1026418247240723,,,0,정상,15.733640081799582,고부하
2023-03-17,2023,0.295458787316915,0.06521849355187737,False,-0.6236727561351687,,,0,정상,15.733640081799582,고부하
2023-03-18,2023,,,False,-0.2650604181784198,,,0,정상,15.75920245398773,고부하
2023-03-19,2023,,,False,0.020500460808341652,,,0,정상,15.733640081799582,고부하
2023-03-20,2023,0.3490781132297693,18.167019209384105,False,-0.6871994044250403,,,0,정상,15.727249488752548,고부하
2023-03-21,2023,0.3217710895495666,8.914422847521376,False,-0.6543120091248124,,,0,정상,15.720858895705515,고부하
2023-03-22,2023,,,False,-0.6397710808232195,,,0,정상,15.465235173824121,고부하
2023-03-23,2023,,,False,-0.3960554954865485,,,0,정상,15.433282208588949,고부하
2023-03-24,2023,,,False,-0.8570853498015188,,,0,정상,15.433282208588949,고부하
2023-03-25,2023,,,False,-0.3341312308433659,,,0,정상,15.401329243353779,고부하
2023-03-26,2023,,,False,-0.15860639097249435,,,0,정상,15.433282208588949,고부하
2023-03-27,2023,0.20851997203782202,-29.425022714196913,False,0.32456315835684885,,,1,주의,15.465235173824121,고부하
2023-03-28,2023,0.30922590143575085,4.073147559580947,False,0.48958491756622596,,,0,정상,15.599437627811852,고부하
2023-03-29,2023,0.2891911862718164,-2.1213114363648478,False,0.2879352406624914,,,0,정상,15.75920245398773,고부하
2023-03-30,2023,0.21481891498737862,-27.281287792614794,False,0.3565034071232471,,,1,주의,15.75920245398773,고부하
2023-03-31,2023,,,False,-0.6121469311085589,,,0,정상,15.75920245398773,고부하
2023-04-01,2023,,,False,-0.7174723602658947,,,0,정상,15.733640081799582,고부하
2023-04-02,2023,,,False,-0.18306456763158435,,,0,정상,15.918967280163598,고부하
2023-04-03,2023,,,False,0.5725171131435179,,,0,정상,15.733640081799582,고부하
2023-04-04,2023,,,False,-0.11327588696392356,,,0,정상,15.599437627811852,고부하
2023-04-05,2023,,,False,0.11157753967120111,,,0,정상,15.465235173824121,고부하
2023-04-06,2023,0.2660459439566452,-10.207950302877588,False,-0.2961045998970754,,,0,정상,15.337423312883436,고부하
2023-04-07,2023,0.23593837579979965,-20.145080827558047,False,0.04538660907623611,,,1,주의,15.209611451942738,고부하
2023-04-08,2023,,,False,-0.0680372592414701,,,0,정상,15.081799591002042,고부하
2023-04-09,2023,,,False,0.08561514701228305,,,0,정상,14.922034764826176,만성부하
2023-04-10,2023,0.2771178398107868,-4.462683916853893,False,0.28133130952585117,,,0,정상,14.762269938650308,만성부하
2023-04-11,2023,0.25870030424900475,-10.812191828866935,False,0.06110901521432436,,,0,정상,14.666411042944784,만성부하
2023-04-12,2023,0.28082308573547626,-2.897548068000122,False,-0.2758809096274872,,,0,정상,14.666411042944784,만성부하
2023-04-13,2023,,,False,-0.3354504086051504,,,0,정상,14.666411042944784,만성부하
2023-04-14,2023,,,False,0.09143714095853116,,,0,정상,14.570552147239258,만성부하
2023-04-15,2023,,,False,0.48668707848922804,,,0,정상,14.570552147239258,만성부하
2023-04-16,2023,,,False,0.2574065200183608,,,0,정상,14.314928425357865,만성부하
2023-04-17,2023,0.32648672775125204,11.358789065547636,False,0.45380852309725483,,,0,정상,14.18711656441718,만성부하
2023-04-18,2023,0.26380568741503424,-10.020593788042776,False,0.42948327405826814,,,0,정상,14.123210633946826,만성부하
2023-04-19,2023,0.2856996256686705,-2.5529626576944575,False,0.38375932052479167,,,0,정상,14.123210633946826,만성부하
2023-04-20,2023,0.27344717644015115,-6.73205415881839,False,1.0603170756216134,,,0,정상,14.123210633946826,만성부하
2023-04-21,2023,,,False,0.9857559017981886,,,0,정상,14.18711656441718,만성부하
2023-04-22,2023,,,False,1.070633268548595,,,0,정상,14.18711656441718,만성부하
2023-04-23,2023,,,False,1.0759768108966927,,,0,정상,14.18711656441718,만성부하
2023-04-24,2023,,,False,1.124912836083802,,,0,정상,14.123210633946826,만성부하
2023-04-25,2023,0.34153670697870475,16.492068062137278,False,0.47181142071019766,,,0,정상,14.05930470347647,만성부하
2023-04-26,2023,0.3497530573427971,18.376258333330586,False,0.844177752102602,,,0,정상,13.292433537832316,만성부하
2023-04-27,2023,0.34953548999639317,17.63975287582211,False,0.7723862553914775,,,0,정상,12.730061349693255,만성부하
2023-04-28,2023,,,False,0.737538822264893,,,0,정상,12.63420245398773,만성부하
2023-04-29,2023,,,False,0.9136878568328868,,,0,정상,12.538343558282206,만성부하
2023-04-30,2023,,,False,0.7723157153419429,,,0,정상,12.538343558282206,만성부하
2023-05-01,2023,0.3307201228133596,9.766871413015753,False,1.407796373629302,,,0,정상,12.63420245398773,만성부하
2023-05-02,2023,0.2943425801029149,-0.6576714250259852,False,0.47400590080944577,,,0,정상,12.538343558282206,만성부하
2023-05-03,2023,0.34733302129331267,16.898489452328835,False,0.7974265028232085,,,0,정상,12.538343558282206,만성부하
2023-05-04,2023,,,False,1.0149627235236625,,,0,정상,12.717280163599188,만성부하
2023-05-05,2023,,,False,1.0425718566574829,,,0,정상,12.717280163599188,만성부하
2023-05-06,2023,,,False,0.28540498823229293,,,0,정상,12.723670756646221,만성부하
2023-05-07,2023,,,False,0.21725159011642003,,,0,정상,12.730061349693255,만성부하
2023-05-08,2023,0.3320758335282995,11.763526481116138,False,0.15413118272740942,,,0,정상,12.953732106339466,만성부하
2023-05-09,2023,0.31964486436498746,6.090964245266983,False,0.40084894563321966,,,0,정상,13.177402862985677,만성부하
2023-05-10,2023,0.27674409603732925,-6.858937076718197,False,0.7122246745825392,,,0,정상,13.177402862985677,만성부하
2023-05-11,2023,0.32394368570534593,7.517754261189169,False,0.5497014231192695,,,0,정상,13.177402862985677,만성부하
2023-05-12,2023,,,False,0.8776622688430388,,,0,정상,12.953732106339466,만성부하
2023-05-13,2023,,,False,0.7170738774175264,,,0,정상,12.953732106339466,만성부하
2023-05-14,2023,,,False,0.27282912719379737,,,0,정상,12.953732106339466,만성부하
2023-05-15,2023,0.2891607656862271,-5.336827623658003,False,0.8076785392955121,,,0,정상,13.177402862985677,만성부하
2023-05-16,2023,0.29358510046757696,-2.558339366642093,False,0.26441478706375654,,,0,정상,13.33077709611451,만성부하
2023-05-17,2023,0.2929689475744839,-1.1212803732554733,False,0.7059674208599734,,,0,정상,13.33077709611451,만성부하
2023-05-18,2023,,,False,0.31872665217422086,,,0,정상,13.484151329243343,만성부하
2023-05-19,2023,,,False,0.37247044127959616,,,0,정상,13.484151329243343,만성부하
2023-05-20,2023,,,False,0.26431820924117755,,,0,정상,13.516104294478525,만성부하
2023-05-21,2023,,,False,0.6414776873334366,,,0,정상,13.516104294478525,만성부하
2023-05-22,2023,0.3219405601566276,8.656806967950349,False,0.5685291182161398,,,0,정상,13.548057259713708,만성부하
2023-05-23,2023,0.31837577435728076,7.152631103140594,False,-0.03446761518309921,,,0,정상,13.586400817995914,만성부하
2023-05-24,2023,0.3244780240631178,9.206405806786977,False,0.06758712732937364,,,0,정상,13.842024539877295,만성부하
2023-05-25,2023,0.25430796654245663,-13.927770146270579,False,-0.07843372936374625,,,0,정상,14.091257668711654,만성부하
2023-05-26,2023,0.30320838710844106,2.334589879190818,False,-0.13683015693846512,,,0,정상,14.282975460122705,만성부하
2023-05-27,2023,,,False,-0.16976521031786204,,,0,정상,14.442740286298573,만성부하
2023-05-28,2023,,,False,0.07012167400822432,,,0,정상,14.442740286298573,만성부하
2023-05-29,2023,0.3344347135538708,10.298635451090533,False,0.058253114610733,,,0,정상,14.282975460122705,만성부하
2023-05-30,2023,0.33066358498669396,7.983367741446767,False,0.04671295282108319,,,0,정상,14.391615541922299,만성부하
2023-05-31,2023,0.3117151915691703,1.7954733756477603,False,-0.2898450819502759,,,0,정상,14.442740286298573,만성부하
2023-06-01,2023,0.29314075464959416,-4.2702996442558705,False,-0.2919775723049882,,,0,정상,14.45552147239264,만성부하
2023-06-02,2023,0.2514476169456666,-17.071021898963,False,-0.8400092319977073,,,1,주의,14.45552147239264,만성부하
2023-06-03,2023,,,False,-0.3851818101136763,,,0,정상,14.513036809815949,만성부하
2023-06-04,2023,,,False,-0.646239521605161,,,0,정상,14.513036809815949,만성부하
2023-06-05,2023,0.3377591051148194,12.8370218190182,False,-0.6378119434329299,,,0,정상,14.570552147239258,만성부하
2023-06-06,2023,0.2541691805051414,-13.974743207581607,False,-0.46669111125013735,,,0,정상,14.608895705521475,만성부하
2023-06-07,2023,,,False,0.4812643862982792,,,0,정상,14.64723926380369,만성부하
2023-06-08,2023,0.33890779846253594,13.220772055138696,False,0.5760624942165355,,,0,정상,14.743098159509206,만성부하
2023-06-09,2023,0.3436072535724699,13.323795838662079,False,0.7651964528012292,,,0,정상,14.838957055214719,만성부하
2023-06-10,2023,,,False,0.5822352313545597,,,0,정상,14.96037832310838,만성부하
2023-06-11,2023,,,False,0.3924366735394266,,,0,정상,14.96037832310838,만성부하
2023-06-12,2023,,,False,-0.058440353407312504,,,0,정상,14.96037832310838,만성부하
2023-06-13,2023,,,False,1.0944185341407873,,,0,정상,14.96037832310838,만성부하
2023-06-14,2023,,,False,0.7994706110824964,,,0,정상,14.838957055214719,만성부하
2023-06-15,2023,,,False,1.2523993304612557,,,0,정상,14.96037832310838,만성부하
2023-06-16,2023,,,False,0.8112397579373054,,,0,정상,15.305470347648264,고부하
2023-06-17,2023,,,False,0.9921668336398031,,,0,정상,15.305470347648264,고부하
2023-06-18,2023,,,False,-0.3711415860499844,,,0,정상,15.529141104294485,고부하
2023-06-19,2023,,,False,1.914347153737295,,,0,정상,15.305470347648264,고부하
2023-06-20,2023,0.2824125376883262,-4.053114710898253,False,2.1312248586768776,,,0,정상,15.465235173824121,고부하
2023-06-21,2023,,,False,3.2018788245601892,,,0,정상,15.465235173824121,고부하
2023-06-22,2023,,,False,1.735014817010745,,,0,정상,15.465235173824121,고부하
2023-06-23,2023,,,False,0.9193936260024237,,,0,정상,15.273517382413083,고부하
2023-06-24,2023,,,False,1.3306777160034158,,,0,정상,15.081799591002042,고부하
2023-06-25,2023,,,False,1.1167946026008353,,,0,정상,15.15209611451942,고부하
2023-06-26,2023,0.24976090345419968,-15.036861944705237,False,1.3263660232186356,,,1,주의,15.465235173824121,고부하
2023-06-27,2023,0.3111238078229979,4.132977735755983,False,1.448550899867272,,,0,정상,15.497188139059304,고부하
2023-06-28,2023,0.27726327988935556,-7.200123469539443,False,2.5536610629283905,,,0,정상,15.631390593047033,고부하
2023-06-29,2023,0.29120466849830545,-1.0660746411587207,False,2.382645352374712,,,0,정상,15.631390593047033,고부하
2023-06-30,2023,0.24788440291102384,-15.675205946931836,False,2.680967999205563,,,1,주의,15.599437627811852,고부하
2023-07-01,2023,,,False,1.5289991597040495,,,0,정상,15.733640081799582,고부하
2023-07-02,2023,,,False,1.5378835574165557,,,0,정상,15.95092024539877,고부하
2023-07-03,2023,0.33823418959741847,14.911743139289314,False,1.4473093813013023,,,0,정상,16.168200408997958,고부하
2023-07-04,2023,,,False,2.3619695513325554,,,0,정상,15.95092024539877,고부하
2023-07-05,2023,0.17168701892817131,-41.67102195402986,False,3.615639278424051,,,1,주의,15.599437627811852,고부하
2023-07-06,2023,0.22375334860288354,-23.981997941089706,False,2.382985460681835,,,1,주의,15.599437627811852,고부하
2023-07-07,2023,0.3334198424506234,11.595449006341108,False,2.2248136310672924,,,0,정상,15.465235173824121,고부하
2023-07-08,2023,,,False,1.8597675023005988,,,0,정상,15.465235173824121,고부하
2023-07-09,2023,,,False,1.295678130782053,,,0,정상,15.465235173824121,고부하
2023-07-10,2023,0.31757424698082176,2.0732708316213433,False,0.7277786839109083,,,0,정상,15.599437627811852,고부하
2023-07-11,2023,0.30773836192182963,-1.0881346319515095,False,1.0621408332876714,,,0,정상,15.465235173824121,고부하
2023-07-12,2023,,,False,0.44740222909073746,,,0,정상,15.465235173824121,고부하
2023-07-13,2023,,,False,0.5450508686812258,,,0,정상,15.599437627811852,고부하
2023-07-14,2023,,,False,0.9390509925301589,,,0,정상,15.733640081799582,고부하
2023-07-15,2023,,,False,1.1717795951051224,,,0,정상,15.733640081799582,고부하
2023-07-16,2023,,,False,0.8415441666188943,,,0,정상,15.599437627811852,고부하
2023-07-17,2023,0.2625748705802391,-15.142697868087385,False,0.0257339818561455,,,1,주의,15.465235173824121,고부하
2023-07-18,2023,0.24845234074832018,-19.706728607837398,False,-0.08455321311310689,,,1,주의,15.401329243353779,고부하
2023-07-19,2023,0.17595759360349386,-43.13512694561841,False,-0.13118252827968616,,,1,주의,15.401329243353779,고부하
2023-07-20,2023,0.24777589070095407,-19.484886722087303,False,-0.1977269001121185,,,1,주의,15.216002044989775,고부하
2023-07-21,2023,,,False,0.11689750917018821,,,0,정상,14.92842535787321,만성부하
2023-07-22,2023,,,False,-0.05061007700976008,,,0,정상,14.762269938650308,만성부하
2023-07-23,2023,,,False,0.5240715041116197,,,0,정상,14.762269938650308,만성부하
2023-07-24,2023,,,False,0.051501832015309904,,,0,정상,14.640848670756647,만성부하
2023-07-25,2023,,,False,-0.6516082018811515,,,0,정상,14.519427402862984,만성부하
2023-07-26,2023,,,False,-0.5557681844777806,,,0,정상,13.62474437627812,만성부하
2023-07-27,2023,,,False,-0.08200139306518427,,,0,정상,13.139059304703482,만성부하
2023-07-28,2023,,,False,0.13491272407417643,,,0,정상,13.139059304703482,만성부하
2023-07-29,2023,,,False,0.16174967320957742,,,0,정상,12.730061349693255,만성부하
2023-07-30,2023,,,False,0.5527019577043487,,,0,정상,12.666155419222902,만성부하
2023-07-31,2023,,,False,0.4697179163427411,,,0,정상,12.730061349693255,만성부하
2023-08-01,2023,,,False,0.8736090385212161,,,0,정상,13.139059304703482,만성부하
2023-08-02,2023,0.33089841685676685,10.892100448605468,False,0.7078580222642091,,,0,정상,13.139059304703482,만성부하
2023-08-03,2023,0.31102356751522997,2.577494798649438,False,0.6112229910557583,,,0,정상,13.139059304703482,만성부하
2023-08-04,2023,0.3130645957228053,2.485068042253835,False,0.30207213063050087,,,0,정상,13.867586912065445,만성부하
2023-08-05,2023,,,False,0.4745014843665455,,,0,정상,14.18711656441718,만성부하
2023-08-06,2023,,,False,0.5039138930049646,,,0,정상,14.640848670756647,만성부하
2023-08-07,2023,,,False,-2.0959270007511903,,,0,정상,15.094580777096112,고부하
2023-08-08,2023,,,False,-1.469541990339492,,,0,정상,15.126533742331283,고부하
2023-08-09,2023,0.3035658255326125,0.11788540138357728,False,-0.046172157842431956,,,0,정상,15.126533742331283,고부하
2023-08-10,2023,,,False,1.6048376268902815,,,0,정상,15.158486707566453,고부하
2023-08-11,2023,,,False,1.5243886838355742,,,0,정상,14.736707566462158,만성부하
2023-08-12,2023,,,False,1.0814365254112306,,,0,정상,14.314928425357865,만성부하
2023-08-13,2023,,,False,-0.7500248018850301,,,0,정상,14.251022494887522,만성부하
2023-08-14,2023,0.3388642264189909,10.865992209237074,False,-1.6724081369339574,,,0,정상,14.18711656441718,만성부하
2023-08-15,2023,,,False,-1.4208407108846914,,,0,정상,14.18711656441718,만성부하
2023-08-16,2023,,,False,-0.3982644559880481,,,0,정상,14.18711656441718,만성부하
2023-08-17,2023,,,False,0.41752127504150033,,,0,정상,14.18711656441718,만성부하
2023-08-18,2023,,,False,-0.6073238733594548,,,0,정상,14.18711656441718,만성부하
2023-08-19,2023,,,False,-1.483287796854022,,,0,정상,14.251022494887522,만성부하
2023-08-20,2023,,,False,-1.3279312674702828,,,0,정상,14.314928425357865,만성부하
2023-08-21,2023,,,False,-0.6803552973755292,,,0,정상,14.698364008179954,만성부하
2023-08-22,2023,0.31794810869633927,4.737780723008833,False,0.16435570213471054,,,0,정상,15.081799591002042,고부하
2023-08-23,2023,0.2764638465146457,-8.927875517745075,False,-0.974439389093671,,,0,정상,15.081799591002042,고부하
2023-08-24,2023,0.29755227536926093,-1.9809707343706018,False,-0.05807623575333181,,,0,정상,15.081799591002042,고부하
2023-08-25,2023,,,False,-0.6718318020284878,,,0,정상,15.120143149284248,고부하
2023-08-26,2023,,,False,-1.8832835559402763,,,0,정상,15.158486707566453,고부하
2023-08-27,2023,,,False,-3.3793168419888193,,,0,정상,15.145705521472397,고부하
2023-08-28,2023,,,False,-2.92798078454533,,,0,정상,15.145705521472397,고부하
2023-08-29,2023,,,False,-1.578192389479845,,,0,정상,15.20961145194275,고부하
2023-08-30,2023,0.3287170413932261,9.368538694823258,False,-0.787312015648338,,,0,정상,15.20961145194275,고부하
2023-08-31,2023,0.33868709127950836,10.808039018953796,False,-0.6974135215752235,,,0,정상,15.20961145194275,고부하
2023-09-01,2023,,,False,-1.210477243174417,,,0,정상,15.20961145194275,고부하
2023-09-02,2023,,,False,-1.5403969080435234,,,0,정상,15.305470347648264,고부하
2023-09-03,2023,,,False,-3.3219223203599384,,,0,정상,15.20961145194275,고부하
2023-09-04,2023,0.28912129069403975,,False,-2.275197693490914,,,0,정상,15.305470347648264,고부하
2023-09-05,2023,0.3306960086064848,8.193601612169598,False,1.0332738955615999,,,0,정상,15.20961145194275,고부하
2023-09-06,2023,,,False,-1.7105613219285727,,,0,정상,15.20961145194275,고부하
2023-09-07,2023,,,False,-1.1731647033345352,,,0,정상,15.145705521472397,고부하
2023-09-08,2023,,,False,-0.7879766938205306,,,0,정상,15.24156441717791,고부하
2023-09-09,2023,,,False,-0.9523055136517695,,,0,정상,15.24156441717791,고부하
2023-09-10,2023,,,False,-2.181163174489915,,,0,정상,15.401329243353779,고부하
2023-09-11,2023,,,False,-2.6528204809959375,,,0,정상,15.401329243353779,고부하
2023-09-12,2023,0.29677623230482847,,False,-1.9669605908434675,,,0,정상,15.625,고부하
2023-09-13,2023,0.288989101841413,-2.751054977196099,False,-1.0344970086337646,,,0,정상,15.880623721881392,고부하
2023-09-14,2023,,,False,-0.8662877527747516,,,0,정상,15.848670756646221,고부하
2023-09-15,2023,,,False,-1.1905638542285801,,,0,정상,15.912576687116564,고부하
2023-09-16,2023,,,False,-0.4372555508171098,,,0,정상,16.136247443762784,고부하
2023-09-17,2023,,,False,-0.672044579717688,,,0,정상,16.359918200409005,고부하
